config,d1,entry,exit,Pair,Side,EntryTime,ExitTime,EntryPrice,ExitPrice,SL,TP,R,IS,Year,H4Bar,PB,Stair,Bucket
n2_h4w18_fixed,n2,h4w18,fixed,USDJPY,S,2021-01-04 02:46:00-05:00,2021-01-04 10:20:00-05:00,102.874,103.156,103.156,102.404,-1.0093,True,2021,2021-01-04 01:00:00,0.0,1.0,0
n2_h4w18_trail,n2,h4w18,trail,USDJPY,S,2021-01-04 02:46:00-05:00,2021-01-04 10:20:00-05:00,102.874,103.156,103.156,,-1.0093,True,2021,2021-01-04 01:00:00,0.0,1.0,0
n3_h4w18_fixed,n3,h4w18,fixed,USDJPY,S,2021-01-04 02:46:00-05:00,2021-01-04 10:20:00-05:00,102.874,103.156,103.156,102.404,-1.0093,True,2021,2021-01-04 01:00:00,0.0,1.0,0
n3_h4w18_trail,n3,h4w18,trail,USDJPY,S,2021-01-04 02:46:00-05:00,2021-01-04 10:20:00-05:00,102.874,103.156,103.156,,-1.0093,True,2021,2021-01-04 01:00:00,0.0,1.0,0
n2_h4dow_fixed,n2,h4dow,fixed,USDJPY,S,2021-01-03 22:35:00-05:00,2021-01-04 10:45:00-05:00,102.962,103.252,103.252,102.479,-1.0084,True,2021,2021-01-03 21:00:00,0.0,1.0,0
n2_h4dow_trail,n2,h4dow,trail,USDJPY,S,2021-01-03 22:35:00-05:00,2021-01-04 10:45:00-05:00,102.962,103.252,103.252,,-1.0084,True,2021,2021-01-03 21:00:00,0.0,1.0,0
n3_h4dow_fixed,n3,h4dow,fixed,USDJPY,S,2021-01-03 22:35:00-05:00,2021-01-04 10:45:00-05:00,102.962,103.252,103.252,102.479,-1.0084,True,2021,2021-01-03 21:00:00,0.0,1.0,0
n3_h4dow_trail,n3,h4dow,trail,USDJPY,S,2021-01-03 22:35:00-05:00,2021-01-04 10:45:00-05:00,102.962,103.252,103.252,,-1.0084,True,2021,2021-01-03 21:00:00,0.0,1.0,0
n2_h4dow_fixed,n2,h4dow,fixed,EURUSD,L,2021-01-04 09:26:00-05:00,2021-01-04 10:45:00-05:00,1.23099,1.22635,1.22635,1.23871,-1.0126,True,2021,2021-01-04 09:00:00,3.0,1.0,2-3
n2_h4dow_trail,n2,h4dow,trail,EURUSD,L,2021-01-04 09:26:00-05:00,2021-01-04 10:45:00-05:00,1.23099,1.22636,1.22636,,-1.0126,True,2021,2021-01-04 09:00:00,3.0,1.0,2-3
n3_h4dow_fixed,n3,h4dow,fixed,EURUSD,L,2021-01-04 09:26:00-05:00,2021-01-04 10:45:00-05:00,1.23099,1.22635,1.22635,1.23871,-1.0126,True,2021,2021-01-04 09:00:00,7.0,1.0,4+
n3_h4dow_trail,n3,h4dow,trail,EURUSD,L,2021-01-04 09:26:00-05:00,2021-01-04 10:45:00-05:00,1.23099,1.22636,1.22636,,-1.0126,True,2021,2021-01-04 09:00:00,7.0,1.0,4+
n2_h4dow_trail,n2,h4dow,trail,USDJPY,S,2021-01-05 11:37:00-05:00,2021-01-06 04:50:00-05:00,102.714,102.871,102.871,,-0.5502,True,2021,2021-01-05 09:00:00,2.0,1.0,2-3
n3_h4dow_trail,n3,h4dow,trail,USDJPY,S,2021-01-05 11:37:00-05:00,2021-01-06 04:50:00-05:00,102.714,102.871,102.871,,-0.5502,True,2021,2021-01-05 09:00:00,2.0,1.0,2-3
n2_h4dow_fixed,n2,h4dow,fixed,AUDUSD,L,2021-01-05 11:33:00-05:00,2021-01-06 05:43:00-05:00,0.77404,0.78179,0.76939,0.78179,1.645,True,2021,2021-01-05 09:00:00,5.0,0.0,4+
n3_h4dow_fixed,n3,h4dow,fixed,AUDUSD,L,2021-01-05 11:33:00-05:00,2021-01-06 05:43:00-05:00,0.77404,0.78179,0.76939,0.78179,1.645,True,2021,2021-01-05 09:00:00,5.0,0.0,4+
n2_h4dow_fixed,n2,h4dow,fixed,USDJPY,S,2021-01-05 11:37:00-05:00,2021-01-06 08:46:00-05:00,102.714,103.004,103.004,102.231,-1.0084,True,2021,2021-01-05 09:00:00,2.0,1.0,2-3
n3_h4dow_fixed,n3,h4dow,fixed,USDJPY,S,2021-01-05 11:37:00-05:00,2021-01-06 08:46:00-05:00,102.714,103.004,103.004,102.231,-1.0084,True,2021,2021-01-05 09:00:00,2.0,1.0,2-3
n2_h4dow_trail,n2,h4dow,trail,USDCHF,S,2021-01-04 04:27:00-05:00,2021-01-06 09:07:00-05:00,0.8794,0.87984,0.87984,,-0.1918,True,2021,2021-01-04 01:00:00,3.0,0.0,2-3
n3_h4dow_trail,n3,h4dow,trail,USDCHF,S,2021-01-04 04:27:00-05:00,2021-01-06 09:07:00-05:00,0.8794,0.87984,0.87984,,-0.1918,True,2021,2021-01-04 01:00:00,3.0,0.0,2-3
n2_h4dow_trail,n2,h4dow,trail,EURUSD,L,2021-01-05 19:50:00-05:00,2021-01-06 10:54:00-05:00,1.23103,1.22757,1.22757,,-0.7819,True,2021,2021-01-05 17:00:00,4.0,1.0,4+
n3_h4dow_trail,n3,h4dow,trail,EURUSD,L,2021-01-05 19:50:00-05:00,2021-01-06 10:54:00-05:00,1.23103,1.22757,1.22757,,-0.7819,True,2021,2021-01-05 17:00:00,8.0,1.0,4+
n2_h4dow_trail,n2,h4dow,trail,AUDUSD,L,2021-01-05 11:33:00-05:00,2021-01-07 04:40:00-05:00,0.77404,0.7762,0.7762,,0.4429,True,2021,2021-01-05 09:00:00,5.0,0.0,4+
n3_h4dow_trail,n3,h4dow,trail,AUDUSD,L,2021-01-05 11:33:00-05:00,2021-01-07 04:40:00-05:00,0.77404,0.7762,0.7762,,0.4429,True,2021,2021-01-05 09:00:00,5.0,0.0,4+
n2_h4dow_fixed,n2,h4dow,fixed,USDCHF,S,2021-01-04 04:27:00-05:00,2021-01-07 04:45:00-05:00,0.8794,0.88268,0.88268,0.87392,-1.0578,True,2021,2021-01-04 01:00:00,3.0,0.0,2-3
n3_h4dow_fixed,n3,h4dow,fixed,USDCHF,S,2021-01-04 04:27:00-05:00,2021-01-07 04:45:00-05:00,0.8794,0.88268,0.88268,0.87392,-1.0578,True,2021,2021-01-04 01:00:00,3.0,0.0,2-3
n2_h4dow_fixed,n2,h4dow,fixed,EURUSD,L,2021-01-05 19:50:00-05:00,2021-01-07 04:51:00-05:00,1.23103,1.22653,1.22653,1.23853,-1.013,True,2021,2021-01-05 17:00:00,4.0,1.0,4+
n3_h4dow_fixed,n3,h4dow,fixed,EURUSD,L,2021-01-05 19:50:00-05:00,2021-01-07 04:51:00-05:00,1.23103,1.22653,1.22653,1.23853,-1.013,True,2021,2021-01-05 17:00:00,8.0,1.0,4+
n2_h4dow_trail,n2,h4dow,trail,AUDUSD,L,2021-01-14 11:29:00-05:00,2021-01-15 03:22:00-05:00,0.77818,0.77408,0.77408,,-0.9334,True,2021,2021-01-14 09:00:00,1.0,1.0,1
n3_h4dow_trail,n3,h4dow,trail,AUDUSD,L,2021-01-14 11:29:00-05:00,2021-01-15 03:22:00-05:00,0.77818,0.77408,0.77408,,-0.9334,True,2021,2021-01-14 09:00:00,8.0,0.0,4+
n2_h4dow_fixed,n2,h4dow,fixed,AUDUSD,L,2021-01-14 11:29:00-05:00,2021-01-15 03:24:00-05:00,0.77818,0.77368,0.77368,0.78568,-1.0223,True,2021,2021-01-14 09:00:00,1.0,1.0,1
n3_h4dow_fixed,n3,h4dow,fixed,AUDUSD,L,2021-01-14 11:29:00-05:00,2021-01-15 03:24:00-05:00,0.77818,0.77368,0.77368,0.78568,-1.0223,True,2021,2021-01-14 09:00:00,8.0,0.0,4+
n2_h4w18_fixed,n2,h4w18,fixed,GBPUSD,L,2021-01-14 12:56:00-05:00,2021-01-15 04:32:00-05:00,1.37044,1.36434,1.36434,1.38062,-1.023,True,2021,2021-01-14 09:00:00,1.0,1.0,1
n2_h4w18_trail,n2,h4w18,trail,GBPUSD,L,2021-01-14 12:56:00-05:00,2021-01-15 04:32:00-05:00,1.37044,1.36434,1.36434,,-1.023,True,2021,2021-01-14 09:00:00,1.0,1.0,1
n3_h4w18_fixed,n3,h4w18,fixed,GBPUSD,L,2021-01-14 12:56:00-05:00,2021-01-15 04:32:00-05:00,1.37044,1.36434,1.36434,1.38062,-1.023,True,2021,2021-01-14 09:00:00,7.0,0.0,4+
n3_h4w18_trail,n3,h4w18,trail,GBPUSD,L,2021-01-14 12:56:00-05:00,2021-01-15 04:32:00-05:00,1.37044,1.36434,1.36434,,-1.023,True,2021,2021-01-14 09:00:00,7.0,0.0,4+
n2_h4dow_trail,n2,h4dow,trail,GBPUSD,L,2021-01-12 11:58:00-05:00,2021-01-15 07:12:00-05:00,1.36357,1.36207,1.36207,,-0.2462,True,2021,2021-01-12 09:00:00,3.0,0.0,2-3
n3_h4dow_trail,n3,h4dow,trail,GBPUSD,L,2021-01-12 11:58:00-05:00,2021-01-15 07:12:00-05:00,1.36357,1.36207,1.36207,,-0.2462,True,2021,2021-01-12 09:00:00,6.0,0.0,4+
n2_h4dow_fixed,n2,h4dow,fixed,GBPUSD,L,2021-01-12 11:58:00-05:00,2021-01-17 19:01:00-05:00,1.36357,1.35691,1.35691,1.37467,-1.021,True,2021,2021-01-12 09:00:00,3.0,0.0,2-3
n3_h4dow_fixed,n3,h4dow,fixed,GBPUSD,L,2021-01-12 11:58:00-05:00,2021-01-17 19:01:00-05:00,1.36357,1.35691,1.35691,1.37467,-1.021,True,2021,2021-01-12 09:00:00,6.0,0.0,4+
n2_h4dow_trail,n2,h4dow,trail,USDCHF,L,2021-01-17 18:50:00-05:00,2021-01-19 03:01:00-05:00,0.89175,0.88984,0.88984,,-0.6163,True,2021,2021-01-17 17:00:00,1.0,1.0,1
n2_h4w18_trail,n2,h4w18,trail,USDCHF,L,2021-01-17 18:50:00-05:00,2021-01-19 03:01:00-05:00,0.89204,0.88984,0.88984,,-0.7034,True,2021,2021-01-17 17:00:00,1.0,1.0,1
n2_h4w18_fixed,n2,h4w18,fixed,USDCHF,L,2021-01-17 18:50:00-05:00,2021-01-19 04:31:00-05:00,0.89204,0.88864,0.88864,0.89772,-1.0563,True,2021,2021-01-17 17:00:00,1.0,1.0,1
n2_h4dow_fixed,n2,h4dow,fixed,USDCHF,L,2021-01-17 18:50:00-05:00,2021-01-19 04:41:00-05:00,0.89175,0.88835,0.88835,0.89743,-1.0563,True,2021,2021-01-17 17:00:00,1.0,1.0,1
n2_h4dow_trail,n2,h4dow,trail,USDJPY,L,2021-01-18 21:32:00-05:00,2021-01-19 19:30:00-05:00,103.932,103.838,103.838,,-0.413,True,2021,2021-01-18 21:00:00,1.0,1.0,1
n3_h4dow_trail,n3,h4dow,trail,USDJPY,L,2021-01-18 21:32:00-05:00,2021-01-19 19:30:00-05:00,103.932,103.838,103.838,,-0.413,True,2021,2021-01-18 21:00:00,1.0,1.0,1
n2_h4dow_fixed,n2,h4dow,fixed,GBPUSD,L,2021-01-20 05:45:00-05:00,2021-01-20 07:50:00-05:00,1.37102,1.36652,1.36652,1.37852,-1.0312,True,2021,2021-01-20 05:00:00,2.0,0.0,2-3
n2_h4dow_trail,n2,h4dow,trail,GBPUSD,L,2021-01-20 05:45:00-05:00,2021-01-20 07:50:00-05:00,1.37102,1.36652,1.36652,,-1.0312,True,2021,2021-01-20 05:00:00,2.0,0.0,2-3
n2_h4w18_fixed,n2,h4w18,fixed,GBPUSD,L,2021-01-20 05:45:00-05:00,2021-01-20 07:50:00-05:00,1.37102,1.36652,1.36652,1.37852,-1.0312,True,2021,2021-01-20 05:00:00,2.0,0.0,2-3
n2_h4w18_trail,n2,h4w18,trail,GBPUSD,L,2021-01-20 05:45:00-05:00,2021-01-20 07:50:00-05:00,1.37102,1.36652,1.36652,,-1.0312,True,2021,2021-01-20 05:00:00,2.0,0.0,2-3
n3_h4dow_fixed,n3,h4dow,fixed,GBPUSD,L,2021-01-20 05:45:00-05:00,2021-01-20 07:50:00-05:00,1.37102,1.36652,1.36652,1.37852,-1.0312,True,2021,2021-01-20 05:00:00,2.0,0.0,2-3
n3_h4dow_trail,n3,h4dow,trail,GBPUSD,L,2021-01-20 05:45:00-05:00,2021-01-20 07:50:00-05:00,1.37102,1.36652,1.36652,,-1.0312,True,2021,2021-01-20 05:00:00,2.0,0.0,2-3
n3_h4w18_fixed,n3,h4w18,fixed,GBPUSD,L,2021-01-20 05:45:00-05:00,2021-01-20 07:50:00-05:00,1.37102,1.36652,1.36652,1.37852,-1.0312,True,2021,2021-01-20 05:00:00,2.0,0.0,2-3
n3_h4w18_trail,n3,h4w18,trail,GBPUSD,L,2021-01-20 05:45:00-05:00,2021-01-20 07:50:00-05:00,1.37102,1.36652,1.36652,,-1.0312,True,2021,2021-01-20 05:00:00,2.0,0.0,2-3
n2_h4dow_fixed,n2,h4dow,fixed,USDJPY,L,2021-01-18 21:32:00-05:00,2021-01-20 09:42:00-05:00,103.932,103.698,103.698,104.322,-1.0108,True,2021,2021-01-18 21:00:00,1.0,1.0,1
n3_h4dow_fixed,n3,h4dow,fixed,USDJPY,L,2021-01-18 21:32:00-05:00,2021-01-20 09:42:00-05:00,103.932,103.698,103.698,104.322,-1.0108,True,2021,2021-01-18 21:00:00,1.0,1.0,1
n2_h4dow_trail,n2,h4dow,trail,GBPUSD,L,2021-01-21 03:41:00-05:00,2021-01-22 01:03:00-05:00,1.37189,1.37034,1.37034,,-0.3402,True,2021,2021-01-21 01:00:00,1.0,1.0,1
n3_h4dow_trail,n3,h4dow,trail,GBPUSD,L,2021-01-21 03:41:00-05:00,2021-01-22 01:03:00-05:00,1.37189,1.37034,1.37034,,-0.3402,True,2021,2021-01-21 01:00:00,3.0,0.0,2-3
n2_h4dow_fixed,n2,h4dow,fixed,GBPUSD,L,2021-01-21 03:41:00-05:00,2021-01-22 02:30:00-05:00,1.37189,1.36693,1.36693,1.38016,-1.0283,True,2021,2021-01-21 01:00:00,1.0,1.0,1
n3_h4dow_fixed,n3,h4dow,fixed,GBPUSD,L,2021-01-21 03:41:00-05:00,2021-01-22 02:30:00-05:00,1.37189,1.36693,1.36693,1.38016,-1.0283,True,2021,2021-01-21 01:00:00,3.0,0.0,2-3
n2_h4dow_trail,n2,h4dow,trail,AUDUSD,S,2021-01-25 11:02:00-05:00,2021-01-26 07:04:00-05:00,0.77018,0.7719,0.7719,,-0.5353,True,2021,2021-01-25 09:00:00,2.0,0.0,2-3
n3_h4dow_trail,n3,h4dow,trail,AUDUSD,S,2021-01-25 11:02:00-05:00,2021-01-26 07:04:00-05:00,0.77018,0.7719,0.7719,,-0.5353,True,2021,2021-01-25 09:00:00,2.0,0.0,2-3
n2_h4dow_fixed,n2,h4dow,fixed,AUDUSD,S,2021-01-25 11:02:00-05:00,2021-01-26 08:37:00-05:00,0.77018,0.77358,0.77358,0.7645,-1.0294,True,2021,2021-01-25 09:00:00,2.0,0.0,2-3
n3_h4dow_fixed,n3,h4dow,fixed,AUDUSD,S,2021-01-25 11:02:00-05:00,2021-01-26 08:37:00-05:00,0.77018,0.77358,0.77358,0.7645,-1.0294,True,2021,2021-01-25 09:00:00,2.0,0.0,2-3
n2_h4dow_trail,n2,h4dow,trail,USDJPY,S,2021-01-25 21:04:00-05:00,2021-01-27 06:38:00-05:00,103.674,103.829,103.829,,-0.7334,True,2021,2021-01-25 21:00:00,1.0,1.0,1
n2_h4dow_fixed,n2,h4dow,fixed,USDJPY,S,2021-01-25 21:04:00-05:00,2021-01-27 07:20:00-05:00,103.674,103.888,103.888,103.316,-1.0121,True,2021,2021-01-25 21:00:00,1.0,1.0,1
n2_h4w18_fixed,n2,h4w18,fixed,GBPUSD,L,2021-01-26 19:16:00-05:00,2021-01-27 08:32:00-05:00,1.3746,1.36922,1.36922,1.38358,-1.0262,True,2021,2021-01-26 17:00:00,3.0,0.0,2-3
n2_h4w18_trail,n2,h4w18,trail,GBPUSD,L,2021-01-26 19:16:00-05:00,2021-01-27 08:32:00-05:00,1.3746,1.36922,1.36922,,-1.0262,True,2021,2021-01-26 17:00:00,3.0,0.0,2-3
n3_h4w18_fixed,n3,h4w18,fixed,GBPUSD,L,2021-01-26 19:16:00-05:00,2021-01-27 08:32:00-05:00,1.3746,1.36922,1.36922,1.38358,-1.0262,True,2021,2021-01-26 17:00:00,3.0,0.0,2-3
n3_h4w18_trail,n3,h4w18,trail,GBPUSD,L,2021-01-26 19:16:00-05:00,2021-01-27 08:32:00-05:00,1.3746,1.36922,1.36922,,-1.0262,True,2021,2021-01-26 17:00:00,3.0,0.0,2-3
n2_h4dow_fixed,n2,h4dow,fixed,GBPUSD,L,2021-01-26 09:53:00-05:00,2021-01-27 09:41:00-05:00,1.37238,1.36664,1.36664,1.38196,-1.0245,True,2021,2021-01-26 09:00:00,2.0,1.0,2-3
n2_h4dow_trail,n2,h4dow,trail,GBPUSD,L,2021-01-26 09:53:00-05:00,2021-01-27 09:41:00-05:00,1.37238,1.36664,1.36664,,-1.0245,True,2021,2021-01-26 09:00:00,2.0,1.0,2-3
n3_h4dow_fixed,n3,h4dow,fixed,GBPUSD,L,2021-01-26 09:53:00-05:00,2021-01-27 09:41:00-05:00,1.37238,1.36664,1.36664,1.38196,-1.0245,True,2021,2021-01-26 09:00:00,2.0,1.0,2-3
n3_h4dow_trail,n3,h4dow,trail,GBPUSD,L,2021-01-26 09:53:00-05:00,2021-01-27 09:41:00-05:00,1.37238,1.36664,1.36664,,-1.0245,True,2021,2021-01-26 09:00:00,2.0,1.0,2-3
n2_h4w18_fixed,n2,h4w18,fixed,AUDUSD,S,2021-01-27 09:41:00-05:00,2021-01-27 13:01:00-05:00,0.76592,0.77001,0.77001,0.7591,-1.0243,True,2021,2021-01-27 09:00:00,2.0,0.0,2-3
n2_h4w18_trail,n2,h4w18,trail,AUDUSD,S,2021-01-27 09:41:00-05:00,2021-01-27 13:01:00-05:00,0.76592,0.77002,0.77002,,-1.0243,True,2021,2021-01-27 09:00:00,2.0,0.0,2-3
n3_h4w18_fixed,n3,h4w18,fixed,AUDUSD,S,2021-01-27 09:41:00-05:00,2021-01-27 13:01:00-05:00,0.76592,0.77001,0.77001,0.7591,-1.0243,True,2021,2021-01-27 09:00:00,2.0,0.0,2-3
n3_h4w18_trail,n3,h4w18,trail,AUDUSD,S,2021-01-27 09:41:00-05:00,2021-01-27 13:01:00-05:00,0.76592,0.77002,0.77002,,-1.0243,True,2021,2021-01-27 09:00:00,2.0,0.0,2-3
n3_h4dow_fixed,n3,h4dow,fixed,USDJPY,L,2021-01-27 08:19:00-05:00,2021-01-27 19:12:00-05:00,103.938,104.276,103.736,104.276,1.6596,True,2021,2021-01-27 05:00:00,2.0,0.0,2-3
n2_h4dow_fixed,n2,h4dow,fixed,AUDUSD,S,2021-01-27 09:37:00-05:00,2021-01-28 03:49:00-05:00,0.76694,0.76012,0.77103,0.76012,1.6433,True,2021,2021-01-27 09:00:00,2.0,0.0,2-3
n3_h4dow_fixed,n3,h4dow,fixed,AUDUSD,S,2021-01-27 09:37:00-05:00,2021-01-28 03:49:00-05:00,0.76694,0.76012,0.77103,0.76012,1.6433,True,2021,2021-01-27 09:00:00,2.0,0.0,2-3
n2_h4dow_trail,n2,h4dow,trail,EURUSD,S,2021-01-27 07:45:00-05:00,2021-01-28 08:59:00-05:00,1.2108,1.21291,1.21291,,-0.5796,True,2021,2021-01-27 05:00:00,1.0,1.0,1
n3_h4dow_fixed,n3,h4dow,fixed,USDCHF,L,2021-01-28 08:14:00-05:00,2021-01-28 09:00:00-05:00,0.89175,0.88891,0.88891,0.89647,-1.0674,True,2021,2021-01-28 05:00:00,1.0,1.0,1
n3_h4dow_trail,n3,h4dow,trail,USDCHF,L,2021-01-28 08:14:00-05:00,2021-01-28 09:00:00-05:00,0.89175,0.88892,0.88892,,-1.0677,True,2021,2021-01-28 05:00:00,1.0,1.0,1
n3_h4w18_fixed,n3,h4w18,fixed,USDJPY,L,2021-01-28 08:33:00-05:00,2021-01-29 04:34:00-05:00,104.399,104.814,104.15,104.814,1.6552,True,2021,2021-01-28 05:00:00,2.0,0.0,2-3
n2_h4dow_fixed,n2,h4dow,fixed,EURUSD,S,2021-01-27 07:45:00-05:00,2021-01-29 07:46:00-05:00,1.2108,1.21454,1.21454,1.20458,-1.0154,True,2021,2021-01-27 05:00:00,1.0,1.0,1
n2_h4dow_trail,n2,h4dow,trail,AUDUSD,S,2021-01-27 09:37:00-05:00,2021-01-29 08:46:00-05:00,0.76694,0.76974,0.76974,,-0.7089,True,2021,2021-01-27 09:00:00,2.0,0.0,2-3
n3_h4dow_trail,n3,h4dow,trail,AUDUSD,S,2021-01-27 09:37:00-05:00,2021-01-29 08:46:00-05:00,0.76694,0.76974,0.76974,,-0.7089,True,2021,2021-01-27 09:00:00,2.0,0.0,2-3
n2_h4dow_trail,n2,h4dow,trail,GBPUSD,L,2021-01-29 08:38:00-05:00,2021-02-01 08:25:00-05:00,1.37458,1.36911,1.36911,,-0.9382,True,2021,2021-01-29 05:00:00,1.0,1.0,1
n3_h4dow_trail,n3,h4dow,trail,GBPUSD,L,2021-01-29 08:38:00-05:00,2021-02-01 08:25:00-05:00,1.37458,1.36911,1.36911,,-0.9382,True,2021,2021-01-29 05:00:00,4.0,0.0,4+
n2_h4dow_fixed,n2,h4dow,fixed,GBPUSD,L,2021-01-29 08:38:00-05:00,2021-02-01 08:26:00-05:00,1.37458,1.3686,1.3686,1.38456,-1.0235,True,2021,2021-01-29 05:00:00,1.0,1.0,1
n3_h4dow_fixed,n3,h4dow,fixed,GBPUSD,L,2021-01-29 08:38:00-05:00,2021-02-01 08:26:00-05:00,1.37458,1.3686,1.3686,1.38456,-1.0235,True,2021,2021-01-29 05:00:00,4.0,0.0,4+
n3_h4dow_fixed,n3,h4dow,fixed,USDCHF,L,2021-01-31 18:19:00-05:00,2021-02-01 12:00:00-05:00,0.89188,0.89676,0.88896,0.89676,1.6054,True,2021,2021-01-31 17:00:00,2.0,1.0,2-3
n3_h4w18_fixed,n3,h4w18,fixed,USDCHF,L,2021-02-01 03:26:00-05:00,2021-02-01 15:59:00-05:00,0.89262,0.89727,0.88983,0.89727,1.5977,True,2021,2021-02-01 01:00:00,2.0,1.0,2-3
n3_h4dow_trail,n3,h4dow,trail,USDCHF,L,2021-01-31 18:19:00-05:00,2021-02-02 03:19:00-05:00,0.89188,0.8957,0.8957,,1.2424,True,2021,2021-01-31 17:00:00,2.0,1.0,2-3
n3_h4w18_trail,n3,h4w18,trail,USDCHF,L,2021-02-01 03:26:00-05:00,2021-02-02 03:19:00-05:00,0.89262,0.8957,0.8957,,1.035,True,2021,2021-02-01 01:00:00,2.0,1.0,2-3
n3_h4dow_fixed,n3,h4dow,fixed,EURUSD,S,2021-02-01 03:58:00-05:00,2021-02-02 05:33:00-05:00,1.20946,1.20336,1.21312,1.20336,1.651,True,2021,2021-02-01 01:00:00,3.0,0.0,2-3
n3_h4dow_trail,n3,h4dow,trail,EURUSD,S,2021-02-01 03:58:00-05:00,2021-02-03 15:43:00-05:00,1.20946,1.20327,1.20327,,1.6755,True,2021,2021-02-01 01:00:00,3.0,0.0,2-3
n3_h4w18_trail,n3,h4w18,trail,EURUSD,S,2021-02-01 15:36:00-05:00,2021-02-03 15:43:00-05:00,1.20586,1.20327,1.20327,,0.6073,True,2021,2021-02-01 13:00:00,3.0,0.0,2-3
n2_h4dow_trail,n2,h4dow,trail,AUDUSD,S,2021-02-02 01:34:00-05:00,2021-02-03 18:06:00-05:00,0.76127,0.76256,0.76256,,-0.275,True,2021,2021-02-02 01:00:00,4.0,0.0,4+
n3_h4dow_trail,n3,h4dow,trail,AUDUSD,S,2021-02-02 01:34:00-05:00,2021-02-03 18:06:00-05:00,0.76127,0.76256,0.76256,,-0.275,True,2021,2021-02-02 01:00:00,4.0,0.0,4+
n2_h4w18_trail,n2,h4w18,trail,AUDUSD,S,2021-02-02 07:47:00-05:00,2021-02-03 18:06:00-05:00,0.7592,0.76256,0.76256,,-0.6808,True,2021,2021-02-02 05:00:00,4.0,0.0,4+
n3_h4w18_trail,n3,h4w18,trail,AUDUSD,S,2021-02-02 07:47:00-05:00,2021-02-03 18:06:00-05:00,0.7592,0.76256,0.76256,,-0.6808,True,2021,2021-02-02 05:00:00,4.0,0.0,4+
n2_h4w18_fixed,n2,h4w18,fixed,AUDUSD,S,2021-02-02 07:47:00-05:00,2021-02-03 20:47:00-05:00,0.7592,0.76428,0.76428,0.75072,-1.0194,True,2021,2021-02-02 05:00:00,4.0,0.0,4+
n3_h4w18_fixed,n3,h4w18,fixed,AUDUSD,S,2021-02-02 07:47:00-05:00,2021-02-03 20:47:00-05:00,0.7592,0.76428,0.76428,0.75072,-1.0194,True,2021,2021-02-02 05:00:00,4.0,0.0,4+
n3_h4w18_fixed,n3,h4w18,fixed,EURUSD,S,2021-02-01 15:36:00-05:00,2021-02-04 04:00:00-05:00,1.20586,1.19891,1.21003,1.19891,1.6529,True,2021,2021-02-01 13:00:00,3.0,0.0,2-3
n3_h4dow_fixed,n3,h4dow,fixed,USDJPY,L,2021-02-01 05:31:00-05:00,2021-02-04 10:15:00-05:00,104.939,105.427,104.647,105.427,1.6595,True,2021,2021-02-01 05:00:00,2.0,0.0,2-3
n3_h4dow_fixed,n3,h4dow,fixed,USDCHF,L,2021-02-03 04:02:00-05:00,2021-02-04 16:11:00-05:00,0.89954,0.90419,0.89675,0.90419,1.5971,True,2021,2021-02-03 01:00:00,2.0,1.0,2-3
n3_h4dow_trail,n3,h4dow,trail,EURUSD,S,2021-02-04 02:02:00-05:00,2021-02-05 03:06:00-05:00,1.20041,1.19721,1.19721,,0.8658,True,2021,2021-02-04 01:00:00,3.0,0.0,2-3
n3_h4dow_trail,n3,h4dow,trail,USDJPY,L,2021-01-27 08:19:00-05:00,2021-02-05 03:11:00-05:00,103.938,105.462,105.462,,7.5302,True,2021,2021-01-27 05:00:00,2.0,0.0,2-3
n3_h4w18_trail,n3,h4w18,trail,USDJPY,L,2021-01-28 08:33:00-05:00,2021-02-05 03:11:00-05:00,104.399,105.462,105.462,,4.2569,True,2021,2021-01-28 05:00:00,2.0,0.0,2-3
n2_h4dow_fixed,n2,h4dow,fixed,AUDUSD,S,2021-02-02 01:34:00-05:00,2021-02-05 12:08:00-05:00,0.76127,0.76633,0.76633,0.75285,-1.0195,True,2021,2021-02-02 01:00:00,4.0,0.0,4+
n3_h4dow_fixed,n3,h4dow,fixed,AUDUSD,S,2021-02-02 01:34:00-05:00,2021-02-05 12:08:00-05:00,0.76127,0.76633,0.76633,0.75285,-1.0195,True,2021,2021-02-02 01:00:00,4.0,0.0,4+
n3_h4dow_fixed,n3,h4dow,fixed,EURUSD,S,2021-02-03 04:07:00-05:00,2021-02-05 15:46:00-05:00,1.20117,1.20493,1.20493,1.19489,-1.0152,True,2021,2021-02-03 01:00:00,3.0,0.0,2-3
n3_h4dow_trail,n3,h4dow,trail,USDCHF,L,2021-02-03 04:02:00-05:00,2021-02-08 09:31:00-05:00,0.89954,0.89919,0.89919,,-0.1948,True,2021,2021-02-03 01:00:00,2.0,1.0,2-3
n2_h4dow_fixed,n2,h4dow,fixed,GBPUSD,L,2021-02-04 08:36:00-05:00,2021-02-08 21:25:00-05:00,1.36837,1.37715,1.3631,1.37715,1.6393,True,2021,2021-02-04 05:00:00,5.0,0.0,4+
n3_h4dow_fixed,n3,h4dow,fixed,GBPUSD,L,2021-02-04 08:36:00-05:00,2021-02-08 21:25:00-05:00,1.36837,1.37715,1.3631,1.37715,1.6393,True,2021,2021-02-04 05:00:00,5.0,0.0,4+
n2_h4dow_trail,n2,h4dow,trail,GBPUSD,L,2021-02-04 08:36:00-05:00,2021-02-11 03:20:00-05:00,1.36837,1.38209,1.38209,,2.5766,True,2021,2021-02-04 05:00:00,5.0,0.0,4+
n3_h4dow_trail,n3,h4dow,trail,GBPUSD,L,2021-02-04 08:36:00-05:00,2021-02-11 03:20:00-05:00,1.36837,1.38209,1.38209,,2.5766,True,2021,2021-02-04 05:00:00,5.0,0.0,4+
n3_h4dow_trail,n3,h4dow,trail,USDCHF,L,2021-02-12 03:20:00-05:00,2021-02-14 22:21:00-05:00,0.89103,0.89088,0.89088,,-0.1734,True,2021,2021-02-12 01:00:00,4.0,0.0,4+
n3_h4dow_fixed,n3,h4dow,fixed,USDJPY,L,2021-02-11 21:22:00-05:00,2021-02-15 03:30:00-05:00,104.842,105.224,104.613,105.224,1.6554,True,2021,2021-02-11 21:00:00,9.0,0.0,4+
n3_h4dow_fixed,n3,h4dow,fixed,USDCHF,L,2021-02-12 03:20:00-05:00,2021-02-15 19:41:00-05:00,0.89103,0.88907,0.88907,0.89431,-1.0977,True,2021,2021-02-12 01:00:00,4.0,0.0,4+
n2_h4dow_fixed,n2,h4dow,fixed,USDJPY,L,2021-02-15 02:33:00-05:00,2021-02-15 23:07:00-05:00,105.181,105.601,104.929,105.601,1.6543,True,2021,2021-02-15 01:00:00,0.0,1.0,0
n3_h4dow_trail,n3,h4dow,trail,USDJPY,L,2021-02-11 21:22:00-05:00,2021-02-16 04:38:00-05:00,104.842,105.288,105.288,,1.9259,True,2021,2021-02-11 21:00:00,9.0,0.0,4+
n2_h4dow_trail,n2,h4dow,trail,USDJPY,L,2021-02-15 02:33:00-05:00,2021-02-16 04:38:00-05:00,105.181,105.288,105.288,,0.4133,True,2021,2021-02-15 01:00:00,0.0,1.0,0
n2_h4dow_fixed,n2,h4dow,fixed,EURUSD,S,2021-02-16 08:33:00-05:00,2021-02-17 02:54:00-05:00,1.21207,1.20715,1.21503,1.20715,1.6427,True,2021,2021-02-16 05:00:00,1.0,1.0,1
n3_h4dow_fixed,n3,h4dow,fixed,EURUSD,S,2021-02-16 08:33:00-05:00,2021-02-17 02:54:00-05:00,1.21207,1.20715,1.21503,1.20715,1.6427,True,2021,2021-02-16 05:00:00,7.0,0.0,4+
n2_h4w18_trail,n2,h4w18,trail,USDJPY,L,2021-02-16 09:29:00-05:00,2021-02-17 09:36:00-05:00,105.768,105.839,105.839,,0.1975,True,2021,2021-02-16 09:00:00,0.0,1.0,0
n3_h4w18_trail,n3,h4w18,trail,USDJPY,L,2021-02-16 09:29:00-05:00,2021-02-17 09:36:00-05:00,105.768,105.839,105.839,,0.1975,True,2021,2021-02-16 09:00:00,0.0,1.0,0
n2_h4dow_trail,n2,h4dow,trail,EURUSD,S,2021-02-16 08:33:00-05:00,2021-02-18 02:47:00-05:00,1.21207,1.20503,1.20503,,2.3669,True,2021,2021-02-16 05:00:00,1.0,1.0,1
n3_h4dow_trail,n3,h4dow,trail,EURUSD,S,2021-02-16 08:33:00-05:00,2021-02-18 02:47:00-05:00,1.21207,1.20503,1.20503,,2.3669,True,2021,2021-02-16 05:00:00,7.0,0.0,4+
n2_h4w18_fixed,n2,h4w18,fixed,USDJPY,L,2021-02-16 09:29:00-05:00,2021-02-19 03:36:00-05:00,105.768,105.423,105.423,106.343,-1.0068,True,2021,2021-02-16 09:00:00,0.0,1.0,0
n3_h4w18_fixed,n3,h4w18,fixed,USDJPY,L,2021-02-16 09:29:00-05:00,2021-02-19 03:36:00-05:00,105.768,105.423,105.423,106.343,-1.0068,True,2021,2021-02-16 09:00:00,0.0,1.0,0
n3_h4dow_fixed,n3,h4dow,fixed,USDCHF,L,2021-02-22 02:27:00-05:00,2021-02-22 08:06:00-05:00,0.89956,0.8969,0.8969,0.90398,-1.0726,True,2021,2021-02-22 01:00:00,1.0,1.0,1
n3_h4dow_trail,n3,h4dow,trail,USDCHF,L,2021-02-22 02:27:00-05:00,2021-02-22 08:06:00-05:00,0.89956,0.8969,0.8969,,-1.0726,True,2021,2021-02-22 01:00:00,1.0,1.0,1
n3_h4dow_fixed,n3,h4dow,fixed,USDCHF,L,2021-02-23 12:02:00-05:00,2021-02-24 03:38:00-05:00,0.90239,0.90821,0.89889,0.90821,1.6072,True,2021,2021-02-23 09:00:00,2.0,1.0,2-3
n2_h4dow_trail,n2,h4dow,trail,AUDUSD,L,2021-02-22 10:11:00-05:00,2021-02-24 08:46:00-05:00,0.7908,0.7904,0.7904,,-0.1179,True,2021,2021-02-22 09:00:00,1.0,1.0,1
n3_h4dow_trail,n3,h4dow,trail,USDCHF,L,2021-02-23 12:02:00-05:00,2021-02-24 23:20:00-05:00,0.90239,0.90627,0.90627,,1.056,True,2021,2021-02-23 09:00:00,2.0,1.0,2-3
n3_h4w18_trail,n3,h4w18,trail,USDCHF,L,2021-02-23 14:28:00-05:00,2021-02-24 23:20:00-05:00,0.90466,0.90627,0.90627,,0.3705,True,2021,2021-02-23 13:00:00,2.0,1.0,2-3
n2_h4dow_fixed,n2,h4dow,fixed,AUDUSD,L,2021-02-22 10:11:00-05:00,2021-02-25 00:40:00-05:00,0.7908,0.7979,0.78654,0.7979,1.6425,True,2021,2021-02-22 09:00:00,1.0,1.0,1
n2_h4dow_trail,n2,h4dow,trail,AUDUSD,L,2021-02-24 13:37:00-05:00,2021-02-25 10:51:00-05:00,0.79454,0.79523,0.79523,,0.1268,True,2021,2021-02-24 13:00:00,3.0,1.0,2-3
n2_h4dow_trail,n2,h4dow,trail,USDJPY,L,2021-02-24 06:05:00-05:00,2021-02-25 21:23:00-05:00,105.844,106.011,106.011,,0.4557,True,2021,2021-02-24 05:00:00,2.0,0.0,2-3
n3_h4dow_trail,n3,h4dow,trail,USDJPY,L,2021-02-24 06:05:00-05:00,2021-02-25 21:23:00-05:00,105.844,106.011,106.011,,0.4557,True,2021,2021-02-24 05:00:00,2.0,0.0,2-3
n2_h4w18_trail,n2,h4w18,trail,USDJPY,L,2021-02-25 10:45:00-05:00,2021-02-25 21:23:00-05:00,106.223,106.011,106.011,,-0.5831,True,2021,2021-02-25 09:00:00,2.0,0.0,2-3
n3_h4w18_trail,n3,h4w18,trail,USDJPY,L,2021-02-25 10:45:00-05:00,2021-02-25 21:23:00-05:00,106.223,106.011,106.011,,-0.5831,True,2021,2021-02-25 09:00:00,2.0,0.0,2-3
n2_h4w18_fixed,n2,h4w18,fixed,USDJPY,L,2021-02-25 10:45:00-05:00,2021-02-25 21:37:00-05:00,106.223,105.855,105.855,106.835,-1.0067,True,2021,2021-02-25 09:00:00,2.0,0.0,2-3
n3_h4w18_fixed,n3,h4w18,fixed,USDJPY,L,2021-02-25 10:45:00-05:00,2021-02-25 21:37:00-05:00,106.223,105.855,105.855,106.835,-1.0067,True,2021,2021-02-25 09:00:00,2.0,0.0,2-3
n2_h4dow_fixed,n2,h4dow,fixed,USDJPY,L,2021-02-24 06:05:00-05:00,2021-02-26 04:58:00-05:00,105.844,106.444,105.484,106.444,1.6573,True,2021,2021-02-24 05:00:00,2.0,0.0,2-3
n3_h4dow_fixed,n3,h4dow,fixed,USDJPY,L,2021-02-24 06:05:00-05:00,2021-02-26 04:58:00-05:00,105.844,106.444,105.484,106.444,1.6573,True,2021,2021-02-24 05:00:00,2.0,0.0,2-3
n3_h4w18_fixed,n3,h4w18,fixed,USDCHF,L,2021-02-23 14:28:00-05:00,2021-03-01 04:31:00-05:00,0.90466,0.91104,0.90084,0.91104,1.619,True,2021,2021-02-23 13:00:00,2.0,1.0,2-3
n3_h4dow_fixed,n3,h4dow,fixed,USDCHF,L,2021-02-26 11:59:00-05:00,2021-03-01 20:26:00-05:00,0.90947,0.91619,0.90543,0.91619,1.6147,True,2021,2021-02-26 09:00:00,3.0,1.0,2-3
n2_h4dow_fixed,n2,h4dow,fixed,USDJPY,L,2021-03-03 05:34:00-05:00,2021-03-04 08:25:00-05:00,106.957,107.412,106.684,107.412,1.655,True,2021,2021-03-03 05:00:00,1.0,1.0,1
n3_h4dow_fixed,n3,h4dow,fixed,USDJPY,L,2021-03-03 05:34:00-05:00,2021-03-04 08:25:00-05:00,106.957,107.412,106.684,107.412,1.655,True,2021,2021-03-03 05:00:00,1.0,1.0,1
n3_h4dow_fixed,n3,h4dow,fixed,USDCHF,L,2021-03-03 14:46:00-05:00,2021-03-04 10:19:00-05:00,0.91938,0.9255,0.9157,0.9255,1.6091,True,2021,2021-03-03 13:00:00,4.0,1.0,4+
n2_h4dow_fixed,n2,h4dow,fixed,AUDUSD,S,2021-03-08 19:40:00-05:00,2021-03-09 03:53:00-05:00,0.76362,0.76998,0.76998,0.75302,-1.0156,True,2021,2021-03-08 17:00:00,2.0,1.0,2-3
n2_h4dow_trail,n2,h4dow,trail,AUDUSD,S,2021-03-08 19:40:00-05:00,2021-03-09 03:53:00-05:00,0.76362,0.76998,0.76998,,-1.0156,True,2021,2021-03-08 17:00:00,2.0,1.0,2-3
n2_h4dow_trail,n2,h4dow,trail,USDJPY,L,2021-03-03 05:34:00-05:00,2021-03-09 11:27:00-05:00,106.957,108.563,108.563,,5.8676,True,2021,2021-03-03 05:00:00,1.0,1.0,1
n3_h4dow_trail,n3,h4dow,trail,USDJPY,L,2021-03-03 05:34:00-05:00,2021-03-09 11:27:00-05:00,106.957,108.563,108.563,,5.8676,True,2021,2021-03-03 05:00:00,1.0,1.0,1
n3_h4dow_trail,n3,h4dow,trail,USDCHF,L,2021-02-26 11:59:00-05:00,2021-03-09 12:46:00-05:00,0.90947,0.92833,0.92833,,4.6308,True,2021,2021-02-26 09:00:00,3.0,1.0,2-3
n3_h4dow_fixed,n3,h4dow,fixed,USDCHF,L,2021-03-12 10:27:00-05:00,2021-03-12 11:48:00-05:00,0.93232,0.92826,0.92826,0.9391,-1.0493,True,2021,2021-03-12 09:00:00,6.0,0.0,4+
n3_h4dow_trail,n3,h4dow,trail,USDCHF,L,2021-03-12 10:27:00-05:00,2021-03-12 11:48:00-05:00,0.93232,0.92826,0.92826,,-1.0493,True,2021,2021-03-12 09:00:00,6.0,0.0,4+
n2_h4dow_fixed,n2,h4dow,fixed,USDJPY,L,2021-03-08 07:50:00-05:00,2021-03-15 01:24:00-04:00,108.643,109.245,108.281,109.245,1.6536,True,2021,2021-03-08 05:00:00,1.0,1.0,1
n3_h4dow_fixed,n3,h4dow,fixed,USDJPY,L,2021-03-08 07:50:00-05:00,2021-03-15 01:24:00-04:00,108.643,109.245,108.281,109.245,1.6536,True,2021,2021-03-08 05:00:00,1.0,1.0,1
n2_h4dow_trail,n2,h4dow,trail,AUDUSD,S,2021-03-15 02:16:00-04:00,2021-03-15 16:01:00-04:00,0.77242,0.77594,0.77594,,-0.7974,True,2021,2021-03-15 01:00:00,4.0,0.0,4+
n2_h4dow_trail,n2,h4dow,trail,USDJPY,L,2021-03-12 01:04:00-05:00,2021-03-16 06:56:00-04:00,108.812,109.119,109.119,,0.7999,True,2021,2021-03-12 01:00:00,3.0,0.0,2-3
n3_h4dow_trail,n3,h4dow,trail,USDJPY,L,2021-03-12 01:04:00-05:00,2021-03-16 06:56:00-04:00,108.812,109.119,109.119,,0.7999,True,2021,2021-03-12 01:00:00,3.0,0.0,2-3
n2_h4w18_trail,n2,h4w18,trail,USDJPY,L,2021-03-15 01:24:00-04:00,2021-03-16 06:56:00-04:00,109.233,109.119,109.119,,-0.3179,True,2021,2021-03-15 01:00:00,4.0,0.0,4+
n3_h4w18_trail,n3,h4w18,trail,USDJPY,L,2021-03-15 01:24:00-04:00,2021-03-16 06:56:00-04:00,109.233,109.119,109.119,,-0.3179,True,2021,2021-03-15 01:00:00,4.0,0.0,4+
n2_h4w18_fixed,n2,h4w18,fixed,USDJPY,L,2021-03-15 01:24:00-04:00,2021-03-16 09:18:00-04:00,109.233,108.865,108.865,109.845,-1.0069,True,2021,2021-03-15 01:00:00,4.0,0.0,4+
n3_h4w18_fixed,n3,h4w18,fixed,USDJPY,L,2021-03-15 01:24:00-04:00,2021-03-16 09:18:00-04:00,109.233,108.865,108.865,109.845,-1.0069,True,2021,2021-03-15 01:00:00,4.0,0.0,4+
n2_h4dow_trail,n2,h4dow,trail,GBPUSD,S,2021-03-15 11:34:00-04:00,2021-03-17 02:59:00-04:00,1.38633,1.39056,1.39056,,-0.7361,True,2021,2021-03-15 09:00:00,2.0,0.0,2-3
n2_h4dow_fixed,n2,h4dow,fixed,GBPUSD,S,2021-03-15 11:34:00-04:00,2021-03-17 03:46:00-04:00,1.38633,1.39227,1.39227,1.37643,-1.024,True,2021,2021-03-15 09:00:00,2.0,0.0,2-3
n2_h4dow_trail,n2,h4dow,trail,EURUSD,S,2021-03-16 09:47:00-04:00,2021-03-17 14:00:00-04:00,1.19111,1.19167,1.19167,,-0.168,True,2021,2021-03-16 09:00:00,1.0,1.0,1
n2_h4dow_fixed,n2,h4dow,fixed,EURUSD,S,2021-03-16 09:47:00-04:00,2021-03-17 14:01:00-04:00,1.19111,1.19479,1.19479,1.18499,-1.0154,True,2021,2021-03-16 09:00:00,1.0,1.0,1
n2_h4dow_trail,n2,h4dow,trail,AUDUSD,S,2021-03-17 11:16:00-04:00,2021-03-17 14:01:00-04:00,0.77103,0.77478,0.77478,,-1.0267,True,2021,2021-03-17 09:00:00,3.0,1.0,2-3
n2_h4dow_fixed,n2,h4dow,fixed,AUDUSD,S,2021-03-15 02:16:00-04:00,2021-03-17 14:15:00-04:00,0.77242,0.77697,0.77697,0.76484,-1.0221,True,2021,2021-03-15 01:00:00,4.0,0.0,4+
n3_h4dow_fixed,n3,h4dow,fixed,AUDUSD,L,2021-03-17 14:01:00-04:00,2021-03-17 20:17:00-04:00,0.77574,0.78219,0.77187,0.78219,1.6406,True,2021,2021-03-17 13:00:00,4.0,0.0,4+
n3_h4dow_trail,n3,h4dow,trail,GBPUSD,L,2021-03-17 15:29:00-04:00,2021-03-18 08:21:00-04:00,1.39498,1.39358,1.39358,,-0.2679,True,2021,2021-03-17 13:00:00,3.0,0.0,2-3
n3_h4w18_fixed,n3,h4w18,fixed,AUDUSD,L,2021-03-17 14:46:00-04:00,2021-03-18 09:14:00-04:00,0.78006,0.77619,0.77619,0.78651,-1.026,True,2021,2021-03-17 13:00:00,4.0,0.0,4+
n3_h4w18_trail,n3,h4w18,trail,AUDUSD,L,2021-03-17 14:46:00-04:00,2021-03-18 09:14:00-04:00,0.78006,0.77619,0.77619,,-1.026,True,2021,2021-03-17 13:00:00,4.0,0.0,4+
n3_h4dow_fixed,n3,h4dow,fixed,GBPUSD,L,2021-03-17 15:29:00-04:00,2021-03-19 08:47:00-04:00,1.39498,1.38922,1.38922,1.40458,-1.0248,True,2021,2021-03-17 13:00:00,3.0,0.0,2-3
n3_h4dow_trail,n3,h4dow,trail,AUDUSD,L,2021-03-17 14:01:00-04:00,2021-03-19 09:40:00-04:00,0.77574,0.77242,0.77242,,-0.8838,True,2021,2021-03-17 13:00:00,4.0,0.0,4+
n3_h4dow_trail,n3,h4dow,trail,EURUSD,S,2021-03-19 09:29:00-04:00,2021-03-22 07:01:00-04:00,1.18821,1.19126,1.19126,,-0.7486,True,2021,2021-03-19 09:00:00,3.0,0.0,2-3
n3_h4dow_fixed,n3,h4dow,fixed,EURUSD,S,2021-03-19 09:29:00-04:00,2021-03-22 07:20:00-04:00,1.18821,1.19237,1.19237,1.18129,-1.0136,True,2021,2021-03-19 09:00:00,3.0,0.0,2-3
n2_h4dow_fixed,n2,h4dow,fixed,USDCHF,S,2021-03-22 07:47:00-04:00,2021-03-23 05:39:00-04:00,0.92515,0.92911,0.92911,0.91855,-1.0504,True,2021,2021-03-22 05:00:00,3.0,0.0,2-3
n2_h4dow_trail,n2,h4dow,trail,USDCHF,S,2021-03-22 07:47:00-04:00,2021-03-23 05:39:00-04:00,0.92515,0.92911,0.92911,,-1.0504,True,2021,2021-03-22 05:00:00,3.0,0.0,2-3
n3_h4dow_fixed,n3,h4dow,fixed,EURUSD,S,2021-03-23 09:29:00-04:00,2021-03-24 21:33:00-04:00,1.1874,1.18085,1.19133,1.18085,1.6523,True,2021,2021-03-23 09:00:00,4.0,0.0,4+
n3_h4dow_trail,n3,h4dow,trail,USDCHF,L,2021-03-23 09:49:00-04:00,2021-03-25 06:26:00-04:00,0.93201,0.93512,0.93512,,0.7237,True,2021,2021-03-23 09:00:00,2.0,0.0,2-3
n3_h4w18_trail,n3,h4w18,trail,USDCHF,L,2021-03-23 10:00:00-04:00,2021-03-25 06:26:00-04:00,0.93251,0.93512,0.93512,,0.5993,True,2021,2021-03-23 09:00:00,2.0,0.0,2-3
n3_h4dow_fixed,n3,h4dow,fixed,USDCHF,L,2021-03-23 09:49:00-04:00,2021-03-25 10:36:00-04:00,0.93201,0.93871,0.92799,0.93871,1.6166,True,2021,2021-03-23 09:00:00,2.0,0.0,2-3
n3_h4w18_fixed,n3,h4w18,fixed,USDCHF,L,2021-03-23 10:00:00-04:00,2021-03-25 11:54:00-04:00,0.93251,0.93921,0.92849,0.93921,1.6166,True,2021,2021-03-23 09:00:00,2.0,0.0,2-3
n3_h4w18_fixed,n3,h4w18,fixed,EURUSD,S,2021-03-24 02:16:00-04:00,2021-03-25 11:57:00-04:00,1.18356,1.17751,1.18719,1.17751,1.6512,True,2021,2021-03-24 01:00:00,4.0,0.0,4+
n2_h4dow_fixed,n2,h4dow,fixed,USDJPY,L,2021-03-24 09:25:00-04:00,2021-03-26 04:03:00-04:00,108.872,109.37,108.574,109.37,1.6612,True,2021,2021-03-24 09:00:00,8.0,0.0,4+
n3_h4dow_fixed,n3,h4dow,fixed,USDJPY,L,2021-03-24 09:25:00-04:00,2021-03-26 04:03:00-04:00,108.872,109.37,108.574,109.37,1.6612,True,2021,2021-03-24 09:00:00,8.0,0.0,4+
n2_h4w18_fixed,n2,h4w18,fixed,USDJPY,L,2021-03-26 04:03:00-04:00,2021-03-26 08:01:00-04:00,109.364,109.802,109.102,109.802,1.66,True,2021,2021-03-26 01:00:00,0.0,1.0,0
n3_h4w18_fixed,n3,h4w18,fixed,USDJPY,L,2021-03-26 04:03:00-04:00,2021-03-26 08:01:00-04:00,109.364,109.802,109.102,109.802,1.66,True,2021,2021-03-26 01:00:00,8.0,0.0,4+
n3_h4dow_trail,n3,h4dow,trail,EURUSD,S,2021-03-23 09:29:00-04:00,2021-03-26 11:39:00-04:00,1.1874,1.17973,1.17973,,1.9373,True,2021,2021-03-23 09:00:00,4.0,0.0,4+
n3_h4w18_trail,n3,h4w18,trail,EURUSD,S,2021-03-24 02:16:00-04:00,2021-03-26 11:39:00-04:00,1.18356,1.17973,1.17973,,1.0396,True,2021,2021-03-24 01:00:00,4.0,0.0,4+
n2_h4dow_trail,n2,h4dow,trail,USDJPY,L,2021-03-24 09:25:00-04:00,2021-03-28 22:27:00-04:00,108.872,109.531,109.531,,2.2013,True,2021,2021-03-24 09:00:00,8.0,0.0,4+
n3_h4dow_trail,n3,h4dow,trail,USDJPY,L,2021-03-24 09:25:00-04:00,2021-03-28 22:27:00-04:00,108.872,109.531,109.531,,2.2013,True,2021,2021-03-24 09:00:00,8.0,0.0,4+
n2_h4w18_trail,n2,h4w18,trail,USDJPY,L,2021-03-26 04:03:00-04:00,2021-03-28 22:27:00-04:00,109.364,109.531,109.531,,0.6261,True,2021,2021-03-26 01:00:00,0.0,1.0,0
n3_h4w18_trail,n3,h4w18,trail,USDJPY,L,2021-03-26 04:03:00-04:00,2021-03-28 22:27:00-04:00,109.364,109.531,109.531,,0.6261,True,2021,2021-03-26 01:00:00,8.0,0.0,4+
n2_h4dow_fixed,n2,h4dow,fixed,USDJPY,L,2021-03-29 19:04:00-04:00,2021-03-30 06:42:00-04:00,109.847,110.342,109.55,110.342,1.656,True,2021,2021-03-29 17:00:00,1.0,1.0,1
n3_h4dow_fixed,n3,h4dow,fixed,USDJPY,L,2021-03-29 19:04:00-04:00,2021-03-30 06:42:00-04:00,109.847,110.342,109.55,110.342,1.656,True,2021,2021-03-29 17:00:00,1.0,1.0,1
n3_h4dow_fixed,n3,h4dow,fixed,EURUSD,S,2021-03-29 11:01:00-04:00,2021-03-30 23:06:00-04:00,1.17616,1.17048,1.17956,1.17048,1.6541,True,2021,2021-03-29 09:00:00,5.0,0.0,4+
n3_h4dow_trail,n3,h4dow,trail,EURUSD,S,2021-03-29 11:01:00-04:00,2021-03-31 02:56:00-04:00,1.17616,1.17261,1.17261,,1.0247,True,2021,2021-03-29 09:00:00,5.0,0.0,4+
n3_h4dow_trail,n3,h4dow,trail,USDCHF,L,2021-03-30 02:28:00-04:00,2021-03-31 03:43:00-04:00,0.94047,0.9417,0.9417,,0.3683,True,2021,2021-03-30 01:00:00,3.0,0.0,2-3
n2_h4dow_trail,n2,h4dow,trail,USDJPY,L,2021-03-29 19:04:00-04:00,2021-03-31 10:56:00-04:00,109.847,110.513,110.513,,2.2314,True,2021,2021-03-29 17:00:00,1.0,1.0,1
n3_h4dow_trail,n3,h4dow,trail,USDJPY,L,2021-03-29 19:04:00-04:00,2021-03-31 10:56:00-04:00,109.847,110.513,110.513,,2.2314,True,2021,2021-03-29 17:00:00,1.0,1.0,1
n3_h4dow_fixed,n3,h4dow,fixed,USDCHF,L,2021-03-30 02:28:00-04:00,2021-03-31 14:58:00-04:00,0.94047,0.94512,0.93768,0.94512,1.594,True,2021,2021-03-30 01:00:00,3.0,0.0,2-3
n3_h4w18_fixed,n3,h4w18,fixed,AUDUSD,S,2021-04-01 00:48:00-04:00,2021-04-01 09:41:00-04:00,0.7563,0.7602,0.7602,0.7498,-1.0252,True,2021,2021-03-31 21:00:00,2.0,1.0,2-3
n3_h4w18_trail,n3,h4w18,trail,AUDUSD,S,2021-04-01 00:48:00-04:00,2021-04-01 09:41:00-04:00,0.7563,0.7602,0.7602,,-1.0252,True,2021,2021-03-31 21:00:00,2.0,1.0,2-3
n3_h4dow_fixed,n3,h4dow,fixed,AUDUSD,S,2021-03-31 20:22:00-04:00,2021-04-01 20:07:00-04:00,0.75849,0.76247,0.76247,0.75187,-1.0248,True,2021,2021-03-31 17:00:00,2.0,1.0,2-3
n3_h4dow_trail,n3,h4dow,trail,AUDUSD,S,2021-03-31 20:22:00-04:00,2021-04-01 20:07:00-04:00,0.75849,0.76246,0.76246,,-1.0248,True,2021,2021-03-31 17:00:00,2.0,1.0,2-3
n3_h4dow_trail,n3,h4dow,trail,USDCHF,L,2021-04-05 01:56:00-04:00,2021-04-05 08:36:00-04:00,0.94346,0.94165,0.94165,,-0.724,True,2021,2021-04-05 01:00:00,4.0,0.0,4+
n2_h4dow_trail,n2,h4dow,trail,EURUSD,S,2021-04-05 01:55:00-04:00,2021-04-05 08:37:00-04:00,1.17493,1.17718,1.17718,,-0.7952,True,2021,2021-04-05 01:00:00,4.0,0.0,4+
n3_h4dow_trail,n3,h4dow,trail,EURUSD,S,2021-04-05 01:55:00-04:00,2021-04-05 08:37:00-04:00,1.17493,1.17718,1.17718,,-0.7952,True,2021,2021-04-05 01:00:00,7.0,0.0,4+
n2_h4dow_fixed,n2,h4dow,fixed,EURUSD,S,2021-04-05 01:55:00-04:00,2021-04-05 08:39:00-04:00,1.17493,1.17783,1.17783,1.1701,-1.0193,True,2021,2021-04-05 01:00:00,4.0,0.0,4+
n3_h4dow_fixed,n3,h4dow,fixed,EURUSD,S,2021-04-05 01:55:00-04:00,2021-04-05 08:39:00-04:00,1.17493,1.17783,1.17783,1.1701,-1.0193,True,2021,2021-04-05 01:00:00,7.0,0.0,4+
n3_h4dow_fixed,n3,h4dow,fixed,USDCHF,L,2021-04-05 01:56:00-04:00,2021-04-05 08:44:00-04:00,0.94346,0.94068,0.94068,0.94809,-1.0729,True,2021,2021-04-05 01:00:00,4.0,0.0,4+
n2_h4dow_fixed,n2,h4dow,fixed,USDJPY,L,2021-04-09 08:51:00-04:00,2021-04-09 10:36:00-04:00,109.942,109.567,109.567,110.567,-1.007,True,2021,2021-04-09 05:00:00,6.0,0.0,4+
n2_h4dow_trail,n2,h4dow,trail,USDJPY,L,2021-04-09 08:51:00-04:00,2021-04-09 10:36:00-04:00,109.942,109.567,109.567,,-1.007,True,2021,2021-04-09 05:00:00,6.0,0.0,4+
n3_h4dow_fixed,n3,h4dow,fixed,USDJPY,L,2021-04-09 08:51:00-04:00,2021-04-09 10:36:00-04:00,109.942,109.567,109.567,110.567,-1.007,True,2021,2021-04-09 05:00:00,6.0,0.0,4+
n3_h4dow_trail,n3,h4dow,trail,USDJPY,L,2021-04-09 08:51:00-04:00,2021-04-09 10:36:00-04:00,109.942,109.567,109.567,,-1.007,True,2021,2021-04-09 05:00:00,6.0,0.0,4+
n3_h4dow_fixed,n3,h4dow,fixed,GBPUSD,S,2021-04-12 01:06:00-04:00,2021-04-12 03:07:00-04:00,1.36706,1.3721,1.3721,1.35866,-1.0279,True,2021,2021-04-12 01:00:00,0.0,1.0,0
n3_h4dow_trail,n3,h4dow,trail,GBPUSD,S,2021-04-12 01:06:00-04:00,2021-04-12 03:07:00-04:00,1.36706,1.3721,1.3721,,-1.0279,True,2021,2021-04-12 01:00:00,0.0,1.0,0
n3_h4w18_fixed,n3,h4w18,fixed,GBPUSD,S,2021-04-12 01:06:00-04:00,2021-04-12 03:07:00-04:00,1.36701,1.37205,1.37205,1.35861,-1.0279,True,2021,2021-04-12 01:00:00,0.0,1.0,0
n3_h4w18_trail,n3,h4w18,trail,GBPUSD,S,2021-04-12 01:06:00-04:00,2021-04-12 03:07:00-04:00,1.36701,1.37205,1.37205,,-1.0279,True,2021,2021-04-12 01:00:00,0.0,1.0,0
n3_h4dow_fixed,n3,h4dow,fixed,GBPUSD,S,2021-04-15 21:05:00-04:00,2021-04-16 08:08:00-04:00,1.37619,1.38085,1.38085,1.36841,-1.0304,True,2021,2021-04-15 21:00:00,2.0,0.0,2-3
n3_h4dow_trail,n3,h4dow,trail,GBPUSD,S,2021-04-15 21:05:00-04:00,2021-04-16 08:08:00-04:00,1.37619,1.38086,1.38086,,-1.0303,True,2021,2021-04-15 21:00:00,2.0,0.0,2-3
n2_h4dow_fixed,n2,h4dow,fixed,AUDUSD,L,2021-04-19 03:50:00-04:00,2021-04-20 03:37:00-04:00,0.77586,0.78161,0.77241,0.78161,1.6374,True,2021,2021-04-19 01:00:00,1.0,1.0,1
n3_h4dow_fixed,n3,h4dow,fixed,AUDUSD,L,2021-04-19 03:50:00-04:00,2021-04-20 03:37:00-04:00,0.77586,0.78161,0.77241,0.78161,1.6374,True,2021,2021-04-19 01:00:00,1.0,1.0,1
n2_h4dow_trail,n2,h4dow,trail,AUDUSD,L,2021-04-19 03:50:00-04:00,2021-04-20 10:51:00-04:00,0.77586,0.77502,0.77502,,-0.2726,True,2021,2021-04-19 01:00:00,1.0,1.0,1
n3_h4dow_trail,n3,h4dow,trail,AUDUSD,L,2021-04-19 03:50:00-04:00,2021-04-20 10:51:00-04:00,0.77586,0.77502,0.77502,,-0.2726,True,2021,2021-04-19 01:00:00,1.0,1.0,1
n2_h4dow_trail,n2,h4dow,trail,AUDUSD,L,2021-04-25 21:10:00-04:00,2021-04-27 04:10:00-04:00,0.7765,0.77804,0.77804,,0.4066,True,2021,2021-04-25 21:00:00,4.0,0.0,4+
n3_h4dow_trail,n3,h4dow,trail,AUDUSD,L,2021-04-25 21:10:00-04:00,2021-04-27 04:10:00-04:00,0.7765,0.77804,0.77804,,0.4066,True,2021,2021-04-25 21:00:00,4.0,0.0,4+
n2_h4dow_fixed,n2,h4dow,fixed,AUDUSD,L,2021-04-25 21:10:00-04:00,2021-04-27 21:32:00-04:00,0.7765,0.77296,0.77296,0.7824,-1.0284,True,2021,2021-04-25 21:00:00,4.0,0.0,4+
n3_h4dow_fixed,n3,h4dow,fixed,AUDUSD,L,2021-04-25 21:10:00-04:00,2021-04-27 21:32:00-04:00,0.7765,0.77296,0.77296,0.7824,-1.0284,True,2021,2021-04-25 21:00:00,4.0,0.0,4+
n2_h4dow_fixed,n2,h4dow,fixed,EURUSD,L,2021-04-28 10:21:00-04:00,2021-04-28 21:32:00-04:00,1.20946,1.21481,1.20625,1.21481,1.6487,True,2021,2021-04-28 09:00:00,1.0,1.0,1
n3_h4dow_fixed,n3,h4dow,fixed,AUDUSD,L,2021-04-28 21:47:00-04:00,2021-04-29 04:28:00-04:00,0.78146,0.77774,0.77774,0.78766,-1.0271,True,2021,2021-04-28 21:00:00,1.0,1.0,1
n3_h4dow_trail,n3,h4dow,trail,AUDUSD,L,2021-04-28 21:47:00-04:00,2021-04-29 04:28:00-04:00,0.78146,0.77774,0.77774,,-1.0271,True,2021,2021-04-28 21:00:00,1.0,1.0,1
n3_h4w18_fixed,n3,h4w18,fixed,AUDUSD,L,2021-04-28 21:49:00-04:00,2021-04-29 04:28:00-04:00,0.78162,0.7779,0.7779,0.78782,-1.0272,True,2021,2021-04-28 21:00:00,1.0,1.0,1
n3_h4w18_trail,n3,h4w18,trail,AUDUSD,L,2021-04-28 21:49:00-04:00,2021-04-29 04:28:00-04:00,0.78162,0.7779,0.7779,,-1.0272,True,2021,2021-04-28 21:00:00,1.0,1.0,1
n2_h4dow_trail,n2,h4dow,trail,GBPUSD,L,2021-04-28 14:23:00-04:00,2021-04-30 02:00:00-04:00,1.39239,1.39347,1.39347,,0.1834,True,2021,2021-04-28 13:00:00,2.0,1.0,2-3
n2_h4dow_trail,n2,h4dow,trail,EURUSD,L,2021-04-28 10:21:00-04:00,2021-04-30 03:47:00-04:00,1.20946,1.21018,1.21018,,0.2064,True,2021,2021-04-28 09:00:00,1.0,1.0,1
n2_h4dow_fixed,n2,h4dow,fixed,GBPUSD,L,2021-04-28 14:23:00-04:00,2021-04-30 08:57:00-04:00,1.39239,1.38727,1.38727,1.40091,-1.0279,True,2021,2021-04-28 13:00:00,2.0,1.0,2-3
n2_h4dow_fixed,n2,h4dow,fixed,GBPUSD,S,2021-05-06 07:00:00-04:00,2021-05-06 07:05:00-04:00,1.38762,1.39184,1.39184,1.3806,-1.0338,True,2021,2021-05-06 05:00:00,2.0,1.0,2-3
n2_h4dow_trail,n2,h4dow,trail,GBPUSD,S,2021-05-06 07:00:00-04:00,2021-05-06 07:05:00-04:00,1.38762,1.39184,1.39184,,-1.0338,True,2021,2021-05-06 05:00:00,2.0,1.0,2-3
n2_h4dow_fixed,n2,h4dow,fixed,USDJPY,S,2021-05-06 05:30:00-04:00,2021-05-07 08:32:00-04:00,109.144,108.644,109.444,108.644,1.6555,True,2021,2021-05-06 05:00:00,2.0,1.0,2-3
n3_h4dow_fixed,n3,h4dow,fixed,GBPUSD,L,2021-05-07 08:31:00-04:00,2021-05-09 18:10:00-04:00,1.39406,1.40171,1.38947,1.40171,1.6354,True,2021,2021-05-07 05:00:00,3.0,0.0,2-3
n3_h4w18_fixed,n3,h4w18,fixed,GBPUSD,L,2021-05-07 10:43:00-04:00,2021-05-10 02:32:00-04:00,1.39766,1.40661,1.39229,1.40661,1.6398,True,2021,2021-05-07 09:00:00,3.0,0.0,2-3
n2_h4dow_trail,n2,h4dow,trail,USDJPY,S,2021-05-06 05:30:00-04:00,2021-05-10 20:04:00-04:00,109.144,108.872,108.872,,0.8962,True,2021,2021-05-06 05:00:00,2.0,1.0,2-3
n3_h4dow_trail,n3,h4dow,trail,GBPUSD,L,2021-05-07 08:31:00-04:00,2021-05-11 02:29:00-04:00,1.39406,1.41129,1.41129,,3.7224,True,2021,2021-05-07 05:00:00,3.0,0.0,2-3
n3_h4w18_trail,n3,h4w18,trail,GBPUSD,L,2021-05-07 10:43:00-04:00,2021-05-11 02:29:00-04:00,1.39766,1.41129,1.41129,,2.5113,True,2021,2021-05-07 09:00:00,3.0,0.0,2-3
n3_h4dow_fixed,n3,h4dow,fixed,EURUSD,L,2021-05-11 09:03:00-04:00,2021-05-11 20:56:00-04:00,1.21784,1.21376,1.21376,1.22464,-1.0142,True,2021,2021-05-11 09:00:00,0.0,1.0,0
n3_h4dow_trail,n3,h4dow,trail,EURUSD,L,2021-05-11 09:03:00-04:00,2021-05-11 20:56:00-04:00,1.21784,1.21376,1.21376,,-1.0142,True,2021,2021-05-11 09:00:00,0.0,1.0,0
n3_h4dow_fixed,n3,h4dow,fixed,GBPUSD,L,2021-05-11 12:38:00-04:00,2021-05-12 08:30:00-04:00,1.41581,1.40978,1.40978,1.42586,-1.024,True,2021,2021-05-11 09:00:00,3.0,0.0,2-3
n3_h4dow_trail,n3,h4dow,trail,GBPUSD,L,2021-05-11 12:38:00-04:00,2021-05-12 08:30:00-04:00,1.41581,1.41077,1.41077,,-0.8599,True,2021,2021-05-11 09:00:00,3.0,0.0,2-3
n2_h4dow_trail,n2,h4dow,trail,USDCHF,S,2021-05-14 01:21:00-04:00,2021-05-17 04:21:00-04:00,0.90511,0.90287,0.90287,,0.6494,True,2021,2021-05-14 01:00:00,2.0,1.0,2-3
n3_h4dow_trail,n3,h4dow,trail,USDCHF,S,2021-05-14 01:21:00-04:00,2021-05-17 04:21:00-04:00,0.90511,0.90287,0.90287,,0.6494,True,2021,2021-05-14 01:00:00,2.0,1.0,2-3
n3_h4dow_trail,n3,h4dow,trail,GBPUSD,L,2021-05-17 02:36:00-04:00,2021-05-17 08:26:00-04:00,1.41107,1.40784,1.40784,,-0.7289,True,2021,2021-05-17 01:00:00,5.0,0.0,4+
n2_h4dow_trail,n2,h4dow,trail,USDCHF,S,2021-05-17 05:36:00-04:00,2021-05-17 16:24:00-04:00,0.90105,0.9029,0.9029,,-0.6836,True,2021,2021-05-17 05:00:00,0.0,1.0,0
n3_h4dow_trail,n3,h4dow,trail,USDCHF,S,2021-05-17 05:36:00-04:00,2021-05-17 16:24:00-04:00,0.90105,0.9029,0.9029,,-0.6836,True,2021,2021-05-17 05:00:00,2.0,1.0,2-3
n3_h4dow_fixed,n3,h4dow,fixed,EURUSD,L,2021-05-14 02:34:00-04:00,2021-05-18 02:15:00-04:00,1.21063,1.2179,1.20627,1.2179,1.6542,True,2021,2021-05-14 01:00:00,3.0,0.0,2-3
n2_h4dow_fixed,n2,h4dow,fixed,USDCHF,S,2021-05-14 01:21:00-04:00,2021-05-18 02:23:00-04:00,0.90511,0.89986,0.90826,0.89986,1.605,True,2021,2021-05-14 01:00:00,2.0,1.0,2-3
n3_h4dow_fixed,n3,h4dow,fixed,USDCHF,S,2021-05-14 01:21:00-04:00,2021-05-18 02:23:00-04:00,0.90511,0.89986,0.90826,0.89986,1.605,True,2021,2021-05-14 01:00:00,2.0,1.0,2-3
n3_h4dow_fixed,n3,h4dow,fixed,GBPUSD,L,2021-05-17 02:36:00-04:00,2021-05-18 02:49:00-04:00,1.41107,1.41879,1.40643,1.41879,1.6325,True,2021,2021-05-17 01:00:00,5.0,0.0,4+
n2_h4dow_fixed,n2,h4dow,fixed,EURUSD,L,2021-05-17 22:05:00-04:00,2021-05-18 08:40:00-04:00,1.21689,1.22267,1.21343,1.22267,1.6537,True,2021,2021-05-17 21:00:00,0.0,1.0,0
n2_h4dow_trail,n2,h4dow,trail,AUDUSD,L,2021-05-17 21:17:00-04:00,2021-05-18 22:06:00-04:00,0.77876,0.77786,0.77786,,-0.2634,True,2021,2021-05-17 21:00:00,1.0,1.0,1
n2_h4w18_fixed,n2,h4w18,fixed,EURUSD,L,2021-05-18 02:23:00-04:00,2021-05-19 01:45:00-04:00,1.21817,1.22369,1.21485,1.22369,1.6451,True,2021,2021-05-18 01:00:00,0.0,1.0,0
n3_h4w18_fixed,n3,h4w18,fixed,EURUSD,L,2021-05-18 02:23:00-04:00,2021-05-19 01:45:00-04:00,1.21817,1.22369,1.21485,1.22369,1.6451,True,2021,2021-05-18 01:00:00,3.0,0.0,2-3
n2_h4dow_trail,n2,h4dow,trail,USDCHF,S,2021-05-18 02:17:00-04:00,2021-05-19 03:35:00-04:00,0.90022,0.89872,0.89872,,0.47,True,2021,2021-05-18 01:00:00,0.0,1.0,0
n3_h4dow_trail,n3,h4dow,trail,USDCHF,S,2021-05-18 02:17:00-04:00,2021-05-19 03:35:00-04:00,0.90022,0.89872,0.89872,,0.47,True,2021,2021-05-18 01:00:00,0.0,1.0,0
n2_h4w18_trail,n2,h4w18,trail,USDCHF,S,2021-05-18 03:14:00-04:00,2021-05-19 03:35:00-04:00,0.89858,0.89872,0.89872,,-0.1199,True,2021,2021-05-18 01:00:00,0.0,1.0,0
n3_h4w18_trail,n3,h4w18,trail,USDCHF,S,2021-05-18 03:14:00-04:00,2021-05-19 03:35:00-04:00,0.89858,0.89872,0.89872,,-0.1199,True,2021,2021-05-18 01:00:00,0.0,1.0,0
n2_h4dow_fixed,n2,h4dow,fixed,AUDUSD,L,2021-05-17 21:17:00-04:00,2021-05-19 04:26:00-04:00,0.77876,0.77496,0.77496,0.78509,-1.0265,True,2021,2021-05-17 21:00:00,1.0,1.0,1
n2_h4w18_fixed,n2,h4w18,fixed,USDCHF,S,2021-05-18 03:14:00-04:00,2021-05-19 04:45:00-04:00,0.89858,0.90136,0.90136,0.89395,-1.0696,True,2021,2021-05-18 01:00:00,0.0,1.0,0
n3_h4w18_fixed,n3,h4w18,fixed,USDCHF,S,2021-05-18 03:14:00-04:00,2021-05-19 04:45:00-04:00,0.89858,0.90136,0.90136,0.89395,-1.0696,True,2021,2021-05-18 01:00:00,0.0,1.0,0
n2_h4dow_fixed,n2,h4dow,fixed,EURUSD,L,2021-05-19 00:16:00-04:00,2021-05-19 07:16:00-04:00,1.22339,1.21988,1.21988,1.22924,-1.0166,True,2021,2021-05-18 21:00:00,0.0,1.0,0
n3_h4dow_fixed,n3,h4dow,fixed,EURUSD,L,2021-05-19 00:16:00-04:00,2021-05-19 07:16:00-04:00,1.22339,1.21988,1.21988,1.22924,-1.0166,True,2021,2021-05-18 21:00:00,0.0,1.0,0
n3_h4dow_trail,n3,h4dow,trail,EURUSD,L,2021-05-14 02:34:00-04:00,2021-05-19 07:18:00-04:00,1.21063,1.21983,1.21983,,2.0968,True,2021,2021-05-14 01:00:00,3.0,0.0,2-3
n2_h4dow_trail,n2,h4dow,trail,EURUSD,L,2021-05-17 22:05:00-04:00,2021-05-19 07:18:00-04:00,1.21689,1.21983,1.21983,,0.8305,True,2021,2021-05-17 21:00:00,0.0,1.0,0
n2_h4w18_trail,n2,h4w18,trail,EURUSD,L,2021-05-18 02:23:00-04:00,2021-05-19 07:18:00-04:00,1.21817,1.21983,1.21983,,0.484,True,2021,2021-05-18 01:00:00,0.0,1.0,0
n3_h4w18_trail,n3,h4w18,trail,EURUSD,L,2021-05-18 02:23:00-04:00,2021-05-19 07:18:00-04:00,1.21817,1.21983,1.21983,,0.484,True,2021,2021-05-18 01:00:00,3.0,0.0,2-3
n2_h4w18_fixed,n2,h4w18,fixed,GBPUSD,L,2021-05-17 21:31:00-04:00,2021-05-19 14:08:00-04:00,1.41664,1.4118,1.4118,1.42471,-1.03,True,2021,2021-05-17 21:00:00,1.0,1.0,1
n2_h4w18_trail,n2,h4w18,trail,GBPUSD,L,2021-05-17 21:31:00-04:00,2021-05-19 14:08:00-04:00,1.41664,1.4118,1.4118,,-1.03,True,2021,2021-05-17 21:00:00,1.0,1.0,1
n3_h4w18_fixed,n3,h4w18,fixed,GBPUSD,L,2021-05-17 21:31:00-04:00,2021-05-19 14:08:00-04:00,1.41664,1.4118,1.4118,1.42471,-1.03,True,2021,2021-05-17 21:00:00,6.0,0.0,4+
n3_h4w18_trail,n3,h4w18,trail,GBPUSD,L,2021-05-17 21:31:00-04:00,2021-05-19 14:08:00-04:00,1.41664,1.4118,1.4118,,-1.03,True,2021,2021-05-17 21:00:00,6.0,0.0,4+
n2_h4dow_trail,n2,h4dow,trail,USDCHF,S,2021-05-21 03:02:00-04:00,2021-05-21 07:58:00-04:00,0.89605,0.89776,0.89776,,-0.5749,True,2021,2021-05-21 01:00:00,2.0,0.0,2-3
n3_h4dow_trail,n3,h4dow,trail,USDCHF,S,2021-05-21 03:02:00-04:00,2021-05-21 07:58:00-04:00,0.89605,0.89776,0.89776,,-0.5749,True,2021,2021-05-21 01:00:00,2.0,0.0,2-3
n2_h4dow_fixed,n2,h4dow,fixed,USDCHF,S,2021-05-21 03:02:00-04:00,2021-05-21 09:49:00-04:00,0.89605,0.89937,0.89937,0.89053,-1.0581,True,2021,2021-05-21 01:00:00,2.0,0.0,2-3
n3_h4dow_fixed,n3,h4dow,fixed,USDCHF,S,2021-05-21 03:02:00-04:00,2021-05-21 09:49:00-04:00,0.89605,0.89937,0.89937,0.89053,-1.0581,True,2021,2021-05-21 01:00:00,2.0,0.0,2-3
n2_h4dow_fixed,n2,h4dow,fixed,GBPUSD,L,2021-05-21 06:10:00-04:00,2021-05-21 09:53:00-04:00,1.42202,1.41724,1.41724,1.43,-1.0305,True,2021,2021-05-21 05:00:00,2.0,1.0,2-3
n2_h4dow_trail,n2,h4dow,trail,GBPUSD,L,2021-05-21 06:10:00-04:00,2021-05-21 09:53:00-04:00,1.42202,1.41724,1.41724,,-1.0305,True,2021,2021-05-21 05:00:00,2.0,1.0,2-3
n3_h4dow_fixed,n3,h4dow,fixed,GBPUSD,L,2021-05-21 06:10:00-04:00,2021-05-21 09:53:00-04:00,1.42202,1.41724,1.41724,1.43,-1.0305,True,2021,2021-05-21 05:00:00,7.0,0.0,4+
n3_h4dow_trail,n3,h4dow,trail,GBPUSD,L,2021-05-21 06:10:00-04:00,2021-05-21 09:53:00-04:00,1.42202,1.41724,1.41724,,-1.0305,True,2021,2021-05-21 05:00:00,7.0,0.0,4+
n3_h4dow_fixed,n3,h4dow,fixed,AUDUSD,L,2021-05-21 07:17:00-04:00,2021-05-21 10:12:00-04:00,0.77816,0.77447,0.77447,0.78431,-1.0272,True,2021,2021-05-21 05:00:00,2.0,0.0,2-3
n3_h4dow_trail,n3,h4dow,trail,AUDUSD,L,2021-05-21 07:17:00-04:00,2021-05-21 10:12:00-04:00,0.77816,0.77447,0.77447,,-1.0272,True,2021,2021-05-21 05:00:00,2.0,0.0,2-3
n2_h4dow_trail,n2,h4dow,trail,USDCHF,S,2021-05-25 02:23:00-04:00,2021-05-25 11:20:00-04:00,0.89571,0.89681,0.89681,,-0.4701,True,2021,2021-05-25 01:00:00,1.0,1.0,1
n3_h4dow_trail,n3,h4dow,trail,USDCHF,S,2021-05-25 02:23:00-04:00,2021-05-25 11:20:00-04:00,0.89571,0.89681,0.89681,,-0.4701,True,2021,2021-05-25 01:00:00,3.0,0.0,2-3
n2_h4dow_fixed,n2,h4dow,fixed,USDJPY,L,2021-05-25 08:54:00-04:00,2021-05-25 14:14:00-04:00,109.005,108.728,108.728,109.467,-1.0103,True,2021,2021-05-25 05:00:00,1.0,1.0,1
n3_h4dow_fixed,n3,h4dow,fixed,USDJPY,L,2021-05-25 08:54:00-04:00,2021-05-25 14:14:00-04:00,109.005,108.728,108.728,109.467,-1.0103,True,2021,2021-05-25 05:00:00,1.0,1.0,1
n2_h4dow_trail,n2,h4dow,trail,USDJPY,L,2021-05-25 08:54:00-04:00,2021-05-25 14:27:00-04:00,109.005,108.727,108.727,,-1.0097,True,2021,2021-05-25 05:00:00,1.0,1.0,1
n3_h4dow_trail,n3,h4dow,trail,USDJPY,L,2021-05-25 08:54:00-04:00,2021-05-25 14:27:00-04:00,109.005,108.727,108.727,,-1.0097,True,2021,2021-05-25 05:00:00,1.0,1.0,1
n2_h4dow_trail,n2,h4dow,trail,EURUSD,L,2021-05-25 02:40:00-04:00,2021-05-26 07:58:00-04:00,1.22398,1.22267,1.22267,,-0.4096,True,2021,2021-05-25 01:00:00,2.0,1.0,2-3
n3_h4dow_trail,n3,h4dow,trail,EURUSD,L,2021-05-25 02:40:00-04:00,2021-05-26 07:58:00-04:00,1.22398,1.22267,1.22267,,-0.4096,True,2021,2021-05-25 01:00:00,2.0,1.0,2-3
n2_h4w18_trail,n2,h4w18,trail,EURUSD,L,2021-05-25 02:43:00-04:00,2021-05-26 07:58:00-04:00,1.22454,1.22267,1.22267,,-0.5773,True,2021,2021-05-25 01:00:00,2.0,1.0,2-3
n3_h4w18_trail,n3,h4w18,trail,EURUSD,L,2021-05-25 02:43:00-04:00,2021-05-26 07:58:00-04:00,1.22454,1.22267,1.22267,,-0.5773,True,2021,2021-05-25 01:00:00,2.0,1.0,2-3
n2_h4w18_fixed,n2,h4w18,fixed,EURUSD,L,2021-05-25 02:43:00-04:00,2021-05-26 11:16:00-04:00,1.22454,1.22119,1.22119,1.23012,-1.0174,True,2021,2021-05-25 01:00:00,2.0,1.0,2-3
n3_h4w18_fixed,n3,h4w18,fixed,EURUSD,L,2021-05-25 02:43:00-04:00,2021-05-26 11:16:00-04:00,1.22454,1.22119,1.22119,1.23012,-1.0174,True,2021,2021-05-25 01:00:00,2.0,1.0,2-3
n2_h4dow_fixed,n2,h4dow,fixed,EURUSD,L,2021-05-25 02:40:00-04:00,2021-05-26 11:29:00-04:00,1.22398,1.22063,1.22063,1.22956,-1.0174,True,2021,2021-05-25 01:00:00,2.0,1.0,2-3
n3_h4dow_fixed,n3,h4dow,fixed,EURUSD,L,2021-05-25 02:40:00-04:00,2021-05-26 11:29:00-04:00,1.22398,1.22063,1.22063,1.22956,-1.0174,True,2021,2021-05-25 01:00:00,2.0,1.0,2-3
n2_h4dow_fixed,n2,h4dow,fixed,USDCHF,S,2021-05-25 02:23:00-04:00,2021-05-26 13:44:00-04:00,0.89571,0.89845,0.89845,0.89113,-1.0704,True,2021,2021-05-25 01:00:00,1.0,1.0,1
n3_h4dow_fixed,n3,h4dow,fixed,USDCHF,S,2021-05-25 02:23:00-04:00,2021-05-26 13:44:00-04:00,0.89571,0.89845,0.89845,0.89113,-1.0704,True,2021,2021-05-25 01:00:00,3.0,0.0,2-3
n2_h4dow_trail,n2,h4dow,trail,GBPUSD,L,2021-05-27 07:13:00-04:00,2021-05-31 04:09:00-04:00,1.41763,1.41732,1.41732,,-0.0986,True,2021,2021-05-27 05:00:00,4.0,1.0,4+
n3_h4dow_trail,n3,h4dow,trail,GBPUSD,L,2021-05-27 07:13:00-04:00,2021-05-31 04:09:00-04:00,1.41763,1.41732,1.41732,,-0.0986,True,2021,2021-05-27 05:00:00,9.0,0.0,4+
n2_h4dow_trail,n2,h4dow,trail,EURUSD,L,2021-05-31 09:59:00-04:00,2021-06-01 00:31:00-04:00,1.2205,1.2224,1.2224,,0.4822,True,2021,2021-05-31 09:00:00,4.0,0.0,4+
n3_h4dow_trail,n3,h4dow,trail,EURUSD,L,2021-05-31 09:59:00-04:00,2021-06-01 00:31:00-04:00,1.2205,1.2224,1.2224,,0.4822,True,2021,2021-05-31 09:00:00,4.0,0.0,4+
n2_h4w18_fixed,n2,h4w18,fixed,GBPUSD,L,2021-05-31 21:12:00-04:00,2021-06-01 04:20:00-04:00,1.42339,1.41862,1.41862,1.43134,-1.0306,True,2021,2021-05-31 21:00:00,1.0,1.0,1
n2_h4w18_trail,n2,h4w18,trail,GBPUSD,L,2021-05-31 21:12:00-04:00,2021-06-01 04:20:00-04:00,1.42339,1.41862,1.41862,,-1.0306,True,2021,2021-05-31 21:00:00,1.0,1.0,1
n3_h4w18_fixed,n3,h4w18,fixed,GBPUSD,L,2021-05-31 21:12:00-04:00,2021-06-01 04:20:00-04:00,1.42339,1.41862,1.41862,1.43134,-1.0306,True,2021,2021-05-31 21:00:00,11.0,0.0,4+
n3_h4w18_trail,n3,h4w18,trail,GBPUSD,L,2021-05-31 21:12:00-04:00,2021-06-01 04:20:00-04:00,1.42339,1.41862,1.41862,,-1.0306,True,2021,2021-05-31 21:00:00,11.0,0.0,4+
n2_h4dow_trail,n2,h4dow,trail,GBPUSD,L,2021-05-31 19:23:00-04:00,2021-06-01 06:25:00-04:00,1.42189,1.41703,1.41703,,-1.03,True,2021,2021-05-31 17:00:00,1.0,1.0,1
n3_h4dow_trail,n3,h4dow,trail,GBPUSD,L,2021-05-31 19:23:00-04:00,2021-06-01 06:25:00-04:00,1.42189,1.41703,1.41703,,-1.03,True,2021,2021-05-31 17:00:00,11.0,0.0,4+
n2_h4dow_fixed,n2,h4dow,fixed,GBPUSD,L,2021-05-27 07:13:00-04:00,2021-06-02 03:30:00-04:00,1.41763,1.41301,1.41301,1.42533,-1.0314,True,2021,2021-05-27 05:00:00,4.0,1.0,4+
n3_h4dow_fixed,n3,h4dow,fixed,GBPUSD,L,2021-05-27 07:13:00-04:00,2021-06-02 03:30:00-04:00,1.41763,1.41301,1.41301,1.42533,-1.0314,True,2021,2021-05-27 05:00:00,9.0,0.0,4+
n2_h4dow_fixed,n2,h4dow,fixed,EURUSD,L,2021-05-31 09:59:00-04:00,2021-06-02 07:18:00-04:00,1.2205,1.21668,1.21668,1.22688,-1.0152,True,2021,2021-05-31 09:00:00,4.0,0.0,4+
n3_h4dow_fixed,n3,h4dow,fixed,EURUSD,L,2021-05-31 09:59:00-04:00,2021-06-02 07:18:00-04:00,1.2205,1.21668,1.21668,1.22688,-1.0152,True,2021,2021-05-31 09:00:00,4.0,0.0,4+
n2_h4dow_trail,n2,h4dow,trail,GBPUSD,L,2021-06-03 04:36:00-04:00,2021-06-03 09:09:00-04:00,1.41832,1.41435,1.41435,,-0.9799,True,2021,2021-06-03 01:00:00,2.0,0.0,2-3
n3_h4dow_trail,n3,h4dow,trail,GBPUSD,L,2021-06-03 04:36:00-04:00,2021-06-03 09:09:00-04:00,1.41832,1.41435,1.41435,,-0.9799,True,2021,2021-06-03 01:00:00,2.0,0.0,2-3
n2_h4dow_fixed,n2,h4dow,fixed,GBPUSD,L,2021-06-03 04:36:00-04:00,2021-06-03 09:10:00-04:00,1.41832,1.41412,1.41412,1.42532,-1.0346,True,2021,2021-06-03 01:00:00,2.0,0.0,2-3
n3_h4dow_fixed,n3,h4dow,fixed,GBPUSD,L,2021-06-03 04:36:00-04:00,2021-06-03 09:10:00-04:00,1.41832,1.41412,1.41412,1.42532,-1.0346,True,2021,2021-06-03 01:00:00,2.0,0.0,2-3
n2_h4dow_fixed,n2,h4dow,fixed,AUDUSD,S,2021-06-03 08:03:00-04:00,2021-06-03 10:40:00-04:00,0.7715,0.76625,0.77465,0.76625,1.635,True,2021,2021-06-03 05:00:00,3.0,0.0,2-3
n3_h4dow_fixed,n3,h4dow,fixed,AUDUSD,S,2021-06-03 08:03:00-04:00,2021-06-03 10:40:00-04:00,0.7715,0.76625,0.77465,0.76625,1.635,True,2021,2021-06-03 05:00:00,3.0,0.0,2-3
n2_h4dow_fixed,n2,h4dow,fixed,USDJPY,L,2021-06-02 01:14:00-04:00,2021-06-03 10:53:00-04:00,109.708,110.206,109.41,110.206,1.6611,True,2021,2021-06-02 01:00:00,1.0,1.0,1
n3_h4dow_fixed,n3,h4dow,fixed,USDJPY,L,2021-06-02 01:14:00-04:00,2021-06-03 10:53:00-04:00,109.708,110.206,109.41,110.206,1.6611,True,2021,2021-06-02 01:00:00,1.0,1.0,1
n2_h4dow_trail,n2,h4dow,trail,AUDUSD,S,2021-06-03 08:03:00-04:00,2021-06-04 02:41:00-04:00,0.7715,0.76666,0.76666,,1.5049,True,2021,2021-06-03 05:00:00,3.0,0.0,2-3
n3_h4dow_trail,n3,h4dow,trail,AUDUSD,S,2021-06-03 08:03:00-04:00,2021-06-04 02:41:00-04:00,0.7715,0.76666,0.76666,,1.5049,True,2021,2021-06-03 05:00:00,3.0,0.0,2-3
n2_h4w18_trail,n2,h4w18,trail,AUDUSD,S,2021-06-03 09:45:00-04:00,2021-06-04 02:41:00-04:00,0.76774,0.76666,0.76666,,0.277,True,2021,2021-06-03 09:00:00,3.0,0.0,2-3
n3_h4w18_trail,n3,h4w18,trail,AUDUSD,S,2021-06-03 09:45:00-04:00,2021-06-04 02:41:00-04:00,0.76774,0.76666,0.76666,,0.277,True,2021,2021-06-03 09:00:00,3.0,0.0,2-3
n2_h4dow_trail,n2,h4dow,trail,USDJPY,L,2021-06-02 01:14:00-04:00,2021-06-04 04:59:00-04:00,109.708,110.142,110.142,,1.4464,True,2021,2021-06-02 01:00:00,1.0,1.0,1
n3_h4dow_trail,n3,h4dow,trail,USDJPY,L,2021-06-02 01:14:00-04:00,2021-06-04 04:59:00-04:00,109.708,110.142,110.142,,1.4464,True,2021,2021-06-02 01:00:00,1.0,1.0,1
n2_h4w18_trail,n2,h4w18,trail,USDJPY,L,2021-06-03 10:53:00-04:00,2021-06-04 04:59:00-04:00,110.2,110.142,110.142,,-0.2128,True,2021,2021-06-03 09:00:00,2.0,1.0,2-3
n3_h4w18_trail,n3,h4w18,trail,USDJPY,L,2021-06-03 10:53:00-04:00,2021-06-04 04:59:00-04:00,110.2,110.142,110.142,,-0.2128,True,2021,2021-06-03 09:00:00,2.0,1.0,2-3
n2_h4w18_fixed,n2,h4w18,fixed,USDJPY,L,2021-06-03 10:53:00-04:00,2021-06-04 08:30:00-04:00,110.2,109.914,109.914,110.678,-1.0097,True,2021,2021-06-03 09:00:00,2.0,1.0,2-3
n3_h4w18_fixed,n3,h4w18,fixed,USDJPY,L,2021-06-03 10:53:00-04:00,2021-06-04 08:30:00-04:00,110.2,109.914,109.914,110.678,-1.0097,True,2021,2021-06-03 09:00:00,2.0,1.0,2-3
n2_h4w18_fixed,n2,h4w18,fixed,AUDUSD,S,2021-06-03 09:45:00-04:00,2021-06-04 08:55:00-04:00,0.76774,0.77128,0.77128,0.76184,-1.0282,True,2021,2021-06-03 09:00:00,3.0,0.0,2-3
n3_h4w18_fixed,n3,h4w18,fixed,AUDUSD,S,2021-06-03 09:45:00-04:00,2021-06-04 08:55:00-04:00,0.76774,0.77128,0.77128,0.76184,-1.0282,True,2021,2021-06-03 09:00:00,3.0,0.0,2-3
n2_h4dow_fixed,n2,h4dow,fixed,EURUSD,S,2021-06-10 00:35:00-04:00,2021-06-10 08:54:00-04:00,1.21644,1.21918,1.21918,1.21186,-1.0211,True,2021,2021-06-09 21:00:00,3.0,0.0,2-3
n2_h4dow_trail,n2,h4dow,trail,EURUSD,S,2021-06-10 00:35:00-04:00,2021-06-10 08:54:00-04:00,1.21644,1.21918,1.21918,,-1.0211,True,2021,2021-06-09 21:00:00,3.0,0.0,2-3
n3_h4dow_fixed,n3,h4dow,fixed,EURUSD,S,2021-06-10 00:35:00-04:00,2021-06-10 08:54:00-04:00,1.21644,1.21918,1.21918,1.21186,-1.0211,True,2021,2021-06-09 21:00:00,3.0,0.0,2-3
n3_h4dow_trail,n3,h4dow,trail,EURUSD,S,2021-06-10 00:35:00-04:00,2021-06-10 08:54:00-04:00,1.21644,1.21918,1.21918,,-1.0211,True,2021,2021-06-09 21:00:00,3.0,0.0,2-3
n2_h4dow_fixed,n2,h4dow,fixed,AUDUSD,S,2021-06-09 10:38:00-04:00,2021-06-10 09:00:00-04:00,0.77316,0.7756,0.7756,0.76909,-1.0411,True,2021,2021-06-09 09:00:00,1.0,1.0,1
n2_h4dow_trail,n2,h4dow,trail,AUDUSD,S,2021-06-09 10:38:00-04:00,2021-06-10 09:00:00-04:00,0.77316,0.7756,0.7756,,-1.0411,True,2021,2021-06-09 09:00:00,1.0,1.0,1
n3_h4dow_fixed,n3,h4dow,fixed,AUDUSD,S,2021-06-09 10:38:00-04:00,2021-06-10 09:00:00-04:00,0.77316,0.7756,0.7756,0.76909,-1.0411,True,2021,2021-06-09 09:00:00,1.0,1.0,1
n3_h4dow_trail,n3,h4dow,trail,AUDUSD,S,2021-06-09 10:38:00-04:00,2021-06-10 09:00:00-04:00,0.77316,0.7756,0.7756,,-1.0411,True,2021,2021-06-09 09:00:00,1.0,1.0,1
n3_h4dow_trail,n3,h4dow,trail,USDJPY,L,2021-06-09 10:34:00-04:00,2021-06-10 10:20:00-04:00,109.558,109.451,109.451,,-0.4411,True,2021,2021-06-09 09:00:00,3.0,0.0,2-3
n3_h4dow_fixed,n3,h4dow,fixed,USDJPY,L,2021-06-09 10:34:00-04:00,2021-06-10 16:29:00-04:00,109.558,109.309,109.309,109.973,-1.0113,True,2021,2021-06-09 09:00:00,3.0,0.0,2-3
n3_h4dow_trail,n3,h4dow,trail,USDJPY,L,2021-06-11 10:31:00-04:00,2021-06-14 03:04:00-04:00,109.797,109.646,109.646,,-0.5455,True,2021,2021-06-11 09:00:00,2.0,1.0,2-3
n2_h4dow_trail,n2,h4dow,trail,EURUSD,S,2021-06-11 07:16:00-04:00,2021-06-14 03:27:00-04:00,1.21434,1.21123,1.21123,,0.9598,True,2021,2021-06-11 05:00:00,3.0,0.0,2-3
n3_h4dow_trail,n3,h4dow,trail,EURUSD,S,2021-06-11 07:16:00-04:00,2021-06-14 03:27:00-04:00,1.21434,1.21123,1.21123,,0.9598,True,2021,2021-06-11 05:00:00,3.0,0.0,2-3
n2_h4w18_trail,n2,h4w18,trail,EURUSD,S,2021-06-11 10:39:00-04:00,2021-06-14 03:27:00-04:00,1.2104,1.21123,1.21123,,-0.2507,True,2021,2021-06-11 09:00:00,3.0,0.0,2-3
n3_h4w18_trail,n3,h4w18,trail,EURUSD,S,2021-06-11 10:39:00-04:00,2021-06-14 03:27:00-04:00,1.2104,1.21123,1.21123,,-0.2507,True,2021,2021-06-11 09:00:00,3.0,0.0,2-3
n2_h4w18_fixed,n2,h4w18,fixed,EURUSD,S,2021-06-11 10:39:00-04:00,2021-06-15 03:07:00-04:00,1.2104,1.21394,1.21394,1.2045,-1.0163,True,2021,2021-06-11 09:00:00,3.0,0.0,2-3
n3_h4w18_fixed,n3,h4w18,fixed,EURUSD,S,2021-06-11 10:39:00-04:00,2021-06-15 03:07:00-04:00,1.2104,1.21394,1.21394,1.2045,-1.0163,True,2021,2021-06-11 09:00:00,3.0,0.0,2-3
n3_h4dow_trail,n3,h4dow,trail,USDJPY,L,2021-06-14 09:31:00-04:00,2021-06-15 03:14:00-04:00,109.841,110.026,110.026,,0.6893,True,2021,2021-06-14 09:00:00,2.0,1.0,2-3
n2_h4dow_fixed,n2,h4dow,fixed,EURUSD,S,2021-06-11 07:16:00-04:00,2021-06-16 14:00:00-04:00,1.21434,1.20904,1.21752,1.20904,1.6485,True,2021,2021-06-11 05:00:00,3.0,0.0,2-3
n3_h4dow_fixed,n3,h4dow,fixed,EURUSD,S,2021-06-11 07:16:00-04:00,2021-06-16 14:00:00-04:00,1.21434,1.20904,1.21752,1.20904,1.6485,True,2021,2021-06-11 05:00:00,3.0,0.0,2-3
n2_h4dow_fixed,n2,h4dow,fixed,AUDUSD,S,2021-06-11 09:49:00-04:00,2021-06-16 14:00:00-04:00,0.77172,0.76642,0.7749,0.76642,1.6353,True,2021,2021-06-11 09:00:00,2.0,0.0,2-3
n3_h4dow_fixed,n3,h4dow,fixed,AUDUSD,S,2021-06-11 09:49:00-04:00,2021-06-16 14:00:00-04:00,0.77172,0.76642,0.7749,0.76642,1.6353,True,2021,2021-06-11 09:00:00,3.0,0.0,2-3
n3_h4dow_fixed,n3,h4dow,fixed,USDJPY,L,2021-06-11 10:31:00-04:00,2021-06-16 14:01:00-04:00,109.797,110.267,109.515,110.267,1.6559,True,2021,2021-06-11 09:00:00,2.0,1.0,2-3
n3_h4w18_fixed,n3,h4w18,fixed,USDJPY,L,2021-06-16 14:04:00-04:00,2021-06-16 16:41:00-04:00,110.331,110.709,110.105,110.709,1.6579,True,2021,2021-06-16 13:00:00,3.0,1.0,2-3
n3_h4dow_trail,n3,h4dow,trail,USDJPY,L,2021-06-16 14:00:00-04:00,2021-06-17 22:01:00-04:00,110.169,110.168,110.168,,-0.0171,True,2021,2021-06-16 13:00:00,3.0,1.0,2-3
n3_h4w18_trail,n3,h4w18,trail,USDJPY,L,2021-06-16 14:04:00-04:00,2021-06-17 22:01:00-04:00,110.331,110.168,110.168,,-0.7308,True,2021,2021-06-16 13:00:00,3.0,1.0,2-3
n2_h4dow_trail,n2,h4dow,trail,AUDUSD,S,2021-06-11 09:49:00-04:00,2021-06-21 09:20:00-04:00,0.77172,0.7522,0.7522,,6.1073,True,2021,2021-06-11 09:00:00,2.0,0.0,2-3
n3_h4dow_trail,n3,h4dow,trail,AUDUSD,S,2021-06-11 09:49:00-04:00,2021-06-21 09:20:00-04:00,0.77172,0.7522,0.7522,,6.1073,True,2021,2021-06-11 09:00:00,3.0,0.0,2-3
n2_h4dow_trail,n2,h4dow,trail,EURUSD,S,2021-06-16 14:00:00-04:00,2021-06-22 12:22:00-04:00,1.21013,1.19213,1.19213,,7.2059,True,2021,2021-06-16 13:00:00,2.0,1.0,2-3
n3_h4dow_trail,n3,h4dow,trail,EURUSD,S,2021-06-16 14:00:00-04:00,2021-06-22 12:22:00-04:00,1.21013,1.19213,1.19213,,7.2059,True,2021,2021-06-16 13:00:00,2.0,1.0,2-3
n2_h4dow_fixed,n2,h4dow,fixed,EURUSD,S,2021-06-18 02:53:00-04:00,2021-06-22 12:38:00-04:00,1.18919,1.19357,1.19357,1.18189,-1.0129,True,2021,2021-06-18 01:00:00,3.0,1.0,2-3
n3_h4dow_fixed,n3,h4dow,fixed,EURUSD,S,2021-06-18 02:53:00-04:00,2021-06-22 12:38:00-04:00,1.18919,1.19357,1.19357,1.18189,-1.0129,True,2021,2021-06-18 01:00:00,3.0,1.0,2-3
n3_h4dow_fixed,n3,h4dow,fixed,USDJPY,L,2021-06-22 01:59:00-04:00,2021-06-23 06:10:00-04:00,110.485,111.077,110.129,111.077,1.6524,True,2021,2021-06-22 01:00:00,6.0,0.0,4+
n3_h4dow_trail,n3,h4dow,trail,USDJPY,L,2021-06-22 01:59:00-04:00,2021-06-25 00:25:00-04:00,110.485,110.833,110.833,,0.9714,True,2021,2021-06-22 01:00:00,6.0,0.0,4+
n3_h4w18_trail,n3,h4w18,trail,USDJPY,L,2021-06-22 21:51:00-04:00,2021-06-25 00:25:00-04:00,110.824,110.833,110.833,,0.0189,True,2021,2021-06-22 21:00:00,6.0,0.0,4+
n3_h4w18_fixed,n3,h4w18,fixed,USDJPY,L,2021-06-22 21:51:00-04:00,2021-06-25 08:34:00-04:00,110.824,110.502,110.502,111.362,-1.0088,True,2021,2021-06-22 21:00:00,6.0,0.0,4+
n2_h4dow_trail,n2,h4dow,trail,GBPUSD,S,2021-06-28 16:02:00-04:00,2021-06-30 06:31:00-04:00,1.38716,1.3861,1.3861,,0.1768,True,2021,2021-06-28 13:00:00,0.0,1.0,0
n2_h4dow_fixed,n2,h4dow,fixed,EURUSD,S,2021-06-28 07:33:00-04:00,2021-06-30 10:12:00-04:00,1.19177,1.18649,1.19493,1.18649,1.653,True,2021,2021-06-28 05:00:00,6.0,0.0,4+
n3_h4dow_fixed,n3,h4dow,fixed,EURUSD,S,2021-06-28 07:33:00-04:00,2021-06-30 10:12:00-04:00,1.19177,1.18649,1.19493,1.18649,1.653,True,2021,2021-06-28 05:00:00,6.0,0.0,4+
n2_h4w18_fixed,n2,h4w18,fixed,AUDUSD,S,2021-07-01 02:35:00-04:00,2021-07-01 03:24:00-04:00,0.74762,0.75028,0.75028,0.7432,-1.0365,True,2021,2021-07-01 01:00:00,0.0,1.0,0
n2_h4w18_trail,n2,h4w18,trail,AUDUSD,S,2021-07-01 02:35:00-04:00,2021-07-01 03:24:00-04:00,0.74762,0.75027,0.75027,,-1.0366,True,2021,2021-07-01 01:00:00,0.0,1.0,0
n3_h4w18_fixed,n3,h4w18,fixed,AUDUSD,S,2021-07-01 02:35:00-04:00,2021-07-01 03:24:00-04:00,0.74762,0.75028,0.75028,0.7432,-1.0365,True,2021,2021-07-01 01:00:00,0.0,1.0,0
n3_h4w18_trail,n3,h4w18,trail,AUDUSD,S,2021-07-01 02:35:00-04:00,2021-07-01 03:24:00-04:00,0.74762,0.75027,0.75027,,-1.0366,True,2021,2021-07-01 01:00:00,0.0,1.0,0
n2_h4dow_fixed,n2,h4dow,fixed,GBPUSD,S,2021-06-28 16:02:00-04:00,2021-07-01 04:57:00-04:00,1.38716,1.37851,1.39235,1.37851,1.6393,True,2021,2021-06-28 13:00:00,0.0,1.0,0
n2_h4dow_fixed,n2,h4dow,fixed,USDJPY,L,2021-06-30 10:56:00-04:00,2021-07-01 05:17:00-04:00,110.976,111.431,110.703,111.431,1.6546,True,2021,2021-06-30 09:00:00,3.0,0.0,2-3
n3_h4dow_fixed,n3,h4dow,fixed,USDJPY,L,2021-06-30 10:56:00-04:00,2021-07-01 05:17:00-04:00,110.976,111.431,110.703,111.431,1.6546,True,2021,2021-06-30 09:00:00,3.0,0.0,2-3
n2_h4dow_fixed,n2,h4dow,fixed,EURUSD,S,2021-07-01 01:17:00-04:00,2021-07-01 07:43:00-04:00,1.18451,1.18745,1.18745,1.17961,-1.0192,True,2021,2021-07-01 01:00:00,0.0,1.0,0
n3_h4dow_fixed,n3,h4dow,fixed,EURUSD,S,2021-07-01 01:17:00-04:00,2021-07-01 07:43:00-04:00,1.18451,1.18745,1.18745,1.17961,-1.0192,True,2021,2021-07-01 01:00:00,0.0,1.0,0
n2_h4w18_fixed,n2,h4w18,fixed,EURUSD,S,2021-06-30 11:42:00-04:00,2021-07-01 08:04:00-04:00,1.18475,1.18787,1.18787,1.17955,-1.0181,True,2021,2021-06-30 09:00:00,0.0,1.0,0
n2_h4w18_trail,n2,h4w18,trail,EURUSD,S,2021-06-30 11:42:00-04:00,2021-07-01 08:04:00-04:00,1.18475,1.18787,1.18787,,-1.0181,True,2021,2021-06-30 09:00:00,0.0,1.0,0
n3_h4w18_fixed,n3,h4w18,fixed,EURUSD,S,2021-06-30 11:42:00-04:00,2021-07-01 08:04:00-04:00,1.18475,1.18787,1.18787,1.17955,-1.0181,True,2021,2021-06-30 09:00:00,6.0,0.0,4+
n3_h4w18_trail,n3,h4w18,trail,EURUSD,S,2021-06-30 11:42:00-04:00,2021-07-01 08:04:00-04:00,1.18475,1.18787,1.18787,,-1.0181,True,2021,2021-06-30 09:00:00,6.0,0.0,4+
n2_h4dow_fixed,n2,h4dow,fixed,AUDUSD,S,2021-06-30 04:13:00-04:00,2021-07-01 14:59:00-04:00,0.75078,0.74603,0.75363,0.74603,1.6326,True,2021,2021-06-30 01:00:00,0.0,1.0,0
n2_h4w18_fixed,n2,h4w18,fixed,USDJPY,L,2021-06-30 14:03:00-04:00,2021-07-01 21:00:00-04:00,111.117,111.655,110.795,111.655,1.6614,True,2021,2021-06-30 13:00:00,3.0,0.0,2-3
n3_h4w18_fixed,n3,h4w18,fixed,USDJPY,L,2021-06-30 14:03:00-04:00,2021-07-01 21:00:00-04:00,111.117,111.655,110.795,111.655,1.6614,True,2021,2021-06-30 13:00:00,3.0,0.0,2-3
n2_h4dow_trail,n2,h4dow,trail,USDJPY,L,2021-06-30 10:56:00-04:00,2021-07-02 04:12:00-04:00,110.976,111.51,111.51,,1.9438,True,2021,2021-06-30 09:00:00,3.0,0.0,2-3
n3_h4dow_trail,n3,h4dow,trail,USDJPY,L,2021-06-30 10:56:00-04:00,2021-07-02 04:12:00-04:00,110.976,111.51,111.51,,1.9438,True,2021,2021-06-30 09:00:00,3.0,0.0,2-3
n2_h4w18_trail,n2,h4w18,trail,USDJPY,L,2021-06-30 14:03:00-04:00,2021-07-02 04:12:00-04:00,111.117,111.51,111.51,,1.2073,True,2021,2021-06-30 13:00:00,3.0,0.0,2-3
n3_h4w18_trail,n3,h4w18,trail,USDJPY,L,2021-06-30 14:03:00-04:00,2021-07-02 04:12:00-04:00,111.117,111.51,111.51,,1.2073,True,2021,2021-06-30 13:00:00,3.0,0.0,2-3
n2_h4dow_trail,n2,h4dow,trail,USDCHF,L,2021-06-30 07:01:00-04:00,2021-07-02 06:55:00-04:00,0.92331,0.92494,0.92494,,0.5243,True,2021,2021-06-30 05:00:00,1.0,1.0,1
n2_h4w18_trail,n2,h4w18,trail,USDCHF,L,2021-06-30 08:14:00-04:00,2021-07-02 06:55:00-04:00,0.92413,0.92494,0.92494,,0.2239,True,2021,2021-06-30 05:00:00,1.0,1.0,1
n3_h4dow_fixed,n3,h4dow,fixed,GBPUSD,S,2021-06-30 10:57:00-04:00,2021-07-02 08:30:00-04:00,1.38142,1.37342,1.38622,1.37342,1.6372,True,2021,2021-06-30 09:00:00,1.0,1.0,1
n2_h4dow_trail,n2,h4dow,trail,AUDUSD,S,2021-06-30 04:13:00-04:00,2021-07-02 08:32:00-04:00,0.75078,0.7471,0.7471,,1.2572,True,2021,2021-06-30 01:00:00,0.0,1.0,0
n2_h4w18_trail,n2,h4w18,trail,AUDUSD,S,2021-07-01 10:57:00-04:00,2021-07-02 08:32:00-04:00,0.74762,0.7471,0.7471,,0.142,True,2021,2021-07-01 09:00:00,0.0,1.0,0
n3_h4w18_trail,n3,h4w18,trail,AUDUSD,S,2021-07-01 10:57:00-04:00,2021-07-02 08:32:00-04:00,0.74762,0.7471,0.7471,,0.142,True,2021,2021-07-01 09:00:00,0.0,1.0,0
n2_h4dow_trail,n2,h4dow,trail,GBPUSD,S,2021-06-30 10:57:00-04:00,2021-07-02 08:33:00-04:00,1.38142,1.37763,1.37763,,0.7601,True,2021,2021-06-30 09:00:00,1.0,1.0,1
n3_h4dow_trail,n3,h4dow,trail,GBPUSD,S,2021-06-30 10:57:00-04:00,2021-07-02 08:33:00-04:00,1.38142,1.37763,1.37763,,0.7601,True,2021,2021-06-30 09:00:00,1.0,1.0,1
n2_h4w18_trail,n2,h4w18,trail,GBPUSD,S,2021-07-01 04:57:00-04:00,2021-07-02 08:33:00-04:00,1.37863,1.37763,1.37763,,0.1862,True,2021,2021-07-01 01:00:00,2.0,1.0,2-3
n3_h4w18_trail,n3,h4w18,trail,GBPUSD,S,2021-07-01 04:57:00-04:00,2021-07-02 08:33:00-04:00,1.37863,1.37763,1.37763,,0.1862,True,2021,2021-07-01 01:00:00,2.0,1.0,2-3
n2_h4dow_trail,n2,h4dow,trail,EURUSD,S,2021-06-28 07:33:00-04:00,2021-07-02 08:34:00-04:00,1.19177,1.18478,1.18478,,2.1872,True,2021,2021-06-28 05:00:00,6.0,0.0,4+
n3_h4dow_trail,n3,h4dow,trail,EURUSD,S,2021-06-28 07:33:00-04:00,2021-07-02 08:34:00-04:00,1.19177,1.18478,1.18478,,2.1872,True,2021,2021-06-28 05:00:00,6.0,0.0,4+
n2_h4w18_fixed,n2,h4w18,fixed,AUDUSD,S,2021-07-01 10:57:00-04:00,2021-07-02 13:18:00-04:00,0.74762,0.7506,0.7506,0.74264,-1.0326,True,2021,2021-07-01 09:00:00,0.0,1.0,0
n3_h4w18_fixed,n3,h4w18,fixed,AUDUSD,S,2021-07-01 10:57:00-04:00,2021-07-02 13:18:00-04:00,0.74762,0.7506,0.7506,0.74264,-1.0326,True,2021,2021-07-01 09:00:00,0.0,1.0,0
n2_h4w18_fixed,n2,h4w18,fixed,USDCHF,L,2021-06-30 08:14:00-04:00,2021-07-02 13:32:00-04:00,0.92413,0.9214,0.9214,0.92868,-1.0727,True,2021,2021-06-30 05:00:00,1.0,1.0,1
n2_h4dow_fixed,n2,h4dow,fixed,USDCHF,L,2021-06-30 07:01:00-04:00,2021-07-02 13:51:00-04:00,0.92331,0.92058,0.92058,0.92786,-1.0726,True,2021,2021-06-30 05:00:00,1.0,1.0,1
n2_h4dow_fixed,n2,h4dow,fixed,EURUSD,S,2021-07-02 02:27:00-04:00,2021-07-02 13:53:00-04:00,1.18374,1.18672,1.18672,1.17876,-1.0189,True,2021,2021-07-02 01:00:00,1.0,1.0,1
n3_h4dow_fixed,n3,h4dow,fixed,EURUSD,S,2021-07-02 02:27:00-04:00,2021-07-02 13:53:00-04:00,1.18374,1.18672,1.18672,1.17876,-1.0189,True,2021,2021-07-02 01:00:00,1.0,1.0,1
n2_h4w18_fixed,n2,h4w18,fixed,GBPUSD,S,2021-07-01 04:57:00-04:00,2021-07-02 14:00:00-04:00,1.37863,1.38323,1.38323,1.37095,-1.0308,True,2021,2021-07-01 01:00:00,2.0,1.0,2-3
n3_h4w18_fixed,n3,h4w18,fixed,GBPUSD,S,2021-07-01 04:57:00-04:00,2021-07-02 14:00:00-04:00,1.37863,1.38323,1.38323,1.37095,-1.0308,True,2021,2021-07-01 01:00:00,2.0,1.0,2-3
n2_h4dow_trail,n2,h4dow,trail,USDCHF,L,2021-07-06 04:38:00-04:00,2021-07-07 01:12:00-04:00,0.92326,0.92361,0.92361,,0.0561,True,2021,2021-07-06 01:00:00,3.0,1.0,2-3
n3_h4dow_trail,n3,h4dow,trail,USDCHF,L,2021-07-06 04:38:00-04:00,2021-07-07 01:12:00-04:00,0.92326,0.92361,0.92361,,0.0561,True,2021,2021-07-06 01:00:00,3.0,1.0,2-3
n2_h4dow_trail,n2,h4dow,trail,EURUSD,S,2021-07-06 12:21:00-04:00,2021-07-07 08:16:00-04:00,1.18067,1.18346,1.18346,,-0.8496,True,2021,2021-07-06 09:00:00,2.0,1.0,2-3
n3_h4dow_trail,n3,h4dow,trail,EURUSD,S,2021-07-06 12:21:00-04:00,2021-07-07 08:16:00-04:00,1.18067,1.18346,1.18346,,-0.8496,True,2021,2021-07-06 09:00:00,2.0,1.0,2-3
n2_h4dow_trail,n2,h4dow,trail,USDCHF,L,2021-07-07 09:31:00-04:00,2021-07-08 03:49:00-04:00,0.92515,0.92233,0.92233,,-1.0704,True,2021,2021-07-07 09:00:00,3.0,0.0,2-3
n3_h4dow_trail,n3,h4dow,trail,USDCHF,L,2021-07-07 09:31:00-04:00,2021-07-08 03:49:00-04:00,0.92515,0.92233,0.92233,,-1.0704,True,2021,2021-07-07 09:00:00,3.0,0.0,2-3
n2_h4dow_fixed,n2,h4dow,fixed,USDCHF,L,2021-07-06 04:38:00-04:00,2021-07-08 03:56:00-04:00,0.92326,0.92056,0.92056,0.92776,-1.0734,True,2021,2021-07-06 01:00:00,3.0,1.0,2-3
n3_h4dow_fixed,n3,h4dow,fixed,USDCHF,L,2021-07-06 04:38:00-04:00,2021-07-08 03:56:00-04:00,0.92326,0.92056,0.92056,0.92776,-1.0734,True,2021,2021-07-06 01:00:00,3.0,1.0,2-3
n2_h4dow_trail,n2,h4dow,trail,EURUSD,S,2021-07-07 09:09:00-04:00,2021-07-08 04:57:00-04:00,1.18067,1.1822,1.1822,,-0.5084,True,2021,2021-07-07 09:00:00,2.0,0.0,2-3
n2_h4w18_trail,n2,h4w18,trail,EURUSD,S,2021-07-07 09:09:00-04:00,2021-07-08 04:57:00-04:00,1.18067,1.1822,1.1822,,-0.5084,True,2021,2021-07-07 09:00:00,2.0,0.0,2-3
n3_h4dow_trail,n3,h4dow,trail,EURUSD,S,2021-07-07 09:09:00-04:00,2021-07-08 04:57:00-04:00,1.18067,1.1822,1.1822,,-0.5084,True,2021,2021-07-07 09:00:00,2.0,0.0,2-3
n3_h4w18_trail,n3,h4w18,trail,EURUSD,S,2021-07-07 09:09:00-04:00,2021-07-08 04:57:00-04:00,1.18067,1.1822,1.1822,,-0.5084,True,2021,2021-07-07 09:00:00,2.0,0.0,2-3
n2_h4w18_fixed,n2,h4w18,fixed,EURUSD,S,2021-07-07 09:09:00-04:00,2021-07-08 06:04:00-04:00,1.18067,1.18379,1.18379,1.17547,-1.018,True,2021,2021-07-07 09:00:00,2.0,0.0,2-3
n3_h4w18_fixed,n3,h4w18,fixed,EURUSD,S,2021-07-07 09:09:00-04:00,2021-07-08 06:04:00-04:00,1.18067,1.18379,1.18379,1.17547,-1.018,True,2021,2021-07-07 09:00:00,2.0,0.0,2-3
n2_h4dow_fixed,n2,h4dow,fixed,EURUSD,S,2021-07-06 12:21:00-04:00,2021-07-08 06:52:00-04:00,1.18067,1.18402,1.18402,1.17509,-1.0168,True,2021,2021-07-06 09:00:00,2.0,1.0,2-3
n3_h4dow_fixed,n3,h4dow,fixed,EURUSD,S,2021-07-06 12:21:00-04:00,2021-07-08 06:52:00-04:00,1.18067,1.18402,1.18402,1.17509,-1.0168,True,2021,2021-07-06 09:00:00,2.0,1.0,2-3
n2_h4dow_fixed,n2,h4dow,fixed,AUDUSD,S,2021-07-07 10:20:00-04:00,2021-07-08 08:11:00-04:00,0.74806,0.74166,0.7519,0.74166,1.6415,True,2021,2021-07-07 09:00:00,1.0,1.0,1
n3_h4dow_fixed,n3,h4dow,fixed,AUDUSD,S,2021-07-07 10:20:00-04:00,2021-07-08 08:11:00-04:00,0.74806,0.74166,0.7519,0.74166,1.6415,True,2021,2021-07-07 09:00:00,1.0,1.0,1
n2_h4dow_trail,n2,h4dow,trail,AUDUSD,S,2021-07-07 10:20:00-04:00,2021-07-09 03:20:00-04:00,0.74806,0.74395,0.74395,,1.0451,True,2021,2021-07-07 09:00:00,1.0,1.0,1
n3_h4dow_trail,n3,h4dow,trail,AUDUSD,S,2021-07-07 10:20:00-04:00,2021-07-09 03:20:00-04:00,0.74806,0.74395,0.74395,,1.0451,True,2021,2021-07-07 09:00:00,1.0,1.0,1
n2_h4w18_trail,n2,h4w18,trail,AUDUSD,S,2021-07-08 02:33:00-04:00,2021-07-09 03:20:00-04:00,0.74446,0.74395,0.74395,,0.1029,True,2021,2021-07-08 01:00:00,2.0,1.0,2-3
n3_h4w18_trail,n3,h4w18,trail,AUDUSD,S,2021-07-08 02:33:00-04:00,2021-07-09 03:20:00-04:00,0.74446,0.74395,0.74395,,0.1029,True,2021,2021-07-08 01:00:00,2.0,1.0,2-3
n2_h4dow_fixed,n2,h4dow,fixed,AUDUSD,S,2021-07-08 21:27:00-04:00,2021-07-09 05:54:00-04:00,0.74162,0.74561,0.74561,0.73497,-1.0241,True,2021,2021-07-08 21:00:00,1.0,1.0,1
n3_h4dow_fixed,n3,h4dow,fixed,AUDUSD,S,2021-07-08 21:27:00-04:00,2021-07-09 05:54:00-04:00,0.74162,0.74561,0.74561,0.73497,-1.0241,True,2021,2021-07-08 21:00:00,2.0,1.0,2-3
n2_h4dow_trail,n2,h4dow,trail,GBPUSD,S,2021-07-07 10:20:00-04:00,2021-07-09 05:58:00-04:00,1.37733,1.37951,1.37951,,-0.4275,True,2021,2021-07-07 09:00:00,3.0,0.0,2-3
n3_h4dow_trail,n3,h4dow,trail,GBPUSD,S,2021-07-07 10:20:00-04:00,2021-07-09 05:58:00-04:00,1.37733,1.37951,1.37951,,-0.4275,True,2021,2021-07-07 09:00:00,3.0,0.0,2-3
n2_h4dow_fixed,n2,h4dow,fixed,GBPUSD,S,2021-07-07 10:20:00-04:00,2021-07-09 08:09:00-04:00,1.37733,1.38276,1.38276,1.36828,-1.0261,True,2021,2021-07-07 09:00:00,3.0,0.0,2-3
n3_h4dow_fixed,n3,h4dow,fixed,GBPUSD,S,2021-07-07 10:20:00-04:00,2021-07-09 08:09:00-04:00,1.37733,1.38276,1.38276,1.36828,-1.0261,True,2021,2021-07-07 09:00:00,3.0,0.0,2-3
n2_h4w18_fixed,n2,h4w18,fixed,AUDUSD,S,2021-07-08 02:33:00-04:00,2021-07-09 10:41:00-04:00,0.74446,0.74848,0.74848,0.73776,-1.0241,True,2021,2021-07-08 01:00:00,2.0,1.0,2-3
n3_h4w18_fixed,n3,h4w18,fixed,AUDUSD,S,2021-07-08 02:33:00-04:00,2021-07-09 10:41:00-04:00,0.74446,0.74848,0.74848,0.73776,-1.0241,True,2021,2021-07-08 01:00:00,2.0,1.0,2-3
n2_h4dow_fixed,n2,h4dow,fixed,EURUSD,S,2021-07-13 05:50:00-04:00,2021-07-13 14:00:00-04:00,1.18362,1.17874,1.18654,1.17874,1.652,True,2021,2021-07-13 05:00:00,5.0,0.0,4+
n3_h4dow_fixed,n3,h4dow,fixed,EURUSD,S,2021-07-13 05:50:00-04:00,2021-07-13 14:00:00-04:00,1.18362,1.17874,1.18654,1.17874,1.652,True,2021,2021-07-13 05:00:00,5.0,0.0,4+
n2_h4dow_trail,n2,h4dow,trail,AUDUSD,S,2021-07-13 08:30:00-04:00,2021-07-14 08:31:00-04:00,0.74482,0.74717,0.74717,,-0.7217,True,2021,2021-07-13 05:00:00,2.0,1.0,2-3
n3_h4dow_trail,n3,h4dow,trail,AUDUSD,S,2021-07-13 08:30:00-04:00,2021-07-14 08:31:00-04:00,0.74482,0.74717,0.74717,,-0.7217,True,2021,2021-07-13 05:00:00,2.0,1.0,2-3
n2_h4w18_fixed,n2,h4w18,fixed,EURUSD,S,2021-07-13 15:22:00-04:00,2021-07-14 08:33:00-04:00,1.17816,1.18196,1.18196,1.17183,-1.0148,True,2021,2021-07-13 13:00:00,6.0,0.0,4+
n2_h4w18_trail,n2,h4w18,trail,EURUSD,S,2021-07-13 15:22:00-04:00,2021-07-14 08:33:00-04:00,1.17816,1.18196,1.18196,,-1.0148,True,2021,2021-07-13 13:00:00,6.0,0.0,4+
n3_h4w18_fixed,n3,h4w18,fixed,EURUSD,S,2021-07-13 15:22:00-04:00,2021-07-14 08:33:00-04:00,1.17816,1.18196,1.18196,1.17183,-1.0148,True,2021,2021-07-13 13:00:00,6.0,0.0,4+
n3_h4w18_trail,n3,h4w18,trail,EURUSD,S,2021-07-13 15:22:00-04:00,2021-07-14 08:33:00-04:00,1.17816,1.18196,1.18196,,-1.0148,True,2021,2021-07-13 13:00:00,6.0,0.0,4+
n2_h4dow_fixed,n2,h4dow,fixed,AUDUSD,S,2021-07-13 08:30:00-04:00,2021-07-14 08:35:00-04:00,0.74482,0.74821,0.74821,0.73917,-1.0285,True,2021,2021-07-13 05:00:00,2.0,1.0,2-3
n3_h4dow_fixed,n3,h4dow,fixed,AUDUSD,S,2021-07-13 08:30:00-04:00,2021-07-14 08:35:00-04:00,0.74482,0.74821,0.74821,0.73917,-1.0285,True,2021,2021-07-13 05:00:00,2.0,1.0,2-3
n3_h4dow_fixed,n3,h4dow,fixed,GBPUSD,S,2021-07-13 08:30:00-04:00,2021-07-14 08:55:00-04:00,1.38391,1.38905,1.38905,1.37534,-1.0277,True,2021,2021-07-13 05:00:00,6.0,0.0,4+
n3_h4dow_trail,n3,h4dow,trail,GBPUSD,S,2021-07-13 08:30:00-04:00,2021-07-14 08:55:00-04:00,1.38391,1.38906,1.38906,,-1.0276,True,2021,2021-07-13 05:00:00,6.0,0.0,4+
n2_h4dow_trail,n2,h4dow,trail,EURUSD,S,2021-07-13 05:50:00-04:00,2021-07-15 01:42:00-04:00,1.18362,1.18394,1.18394,,-0.1289,True,2021,2021-07-13 05:00:00,5.0,0.0,4+
n3_h4dow_trail,n3,h4dow,trail,EURUSD,S,2021-07-13 05:50:00-04:00,2021-07-15 01:42:00-04:00,1.18362,1.18394,1.18394,,-0.1289,True,2021,2021-07-13 05:00:00,5.0,0.0,4+
n2_h4dow_fixed,n2,h4dow,fixed,GBPUSD,L,2021-07-15 06:24:00-04:00,2021-07-15 12:08:00-04:00,1.38921,1.38378,1.38378,1.39826,-1.0262,True,2021,2021-07-15 05:00:00,2.0,1.0,2-3
n2_h4dow_trail,n2,h4dow,trail,GBPUSD,L,2021-07-15 06:24:00-04:00,2021-07-15 12:08:00-04:00,1.38921,1.38378,1.38378,,-1.0262,True,2021,2021-07-15 05:00:00,2.0,1.0,2-3
n2_h4dow_trail,n2,h4dow,trail,AUDUSD,S,2021-07-15 12:09:00-04:00,2021-07-16 00:12:00-04:00,0.7427,0.74394,0.74394,,-0.3259,True,2021,2021-07-15 09:00:00,4.0,0.0,4+
n3_h4dow_trail,n3,h4dow,trail,AUDUSD,S,2021-07-15 12:09:00-04:00,2021-07-16 00:12:00-04:00,0.7427,0.74394,0.74394,,-0.3259,True,2021,2021-07-15 09:00:00,4.0,0.0,4+
n3_h4dow_fixed,n3,h4dow,fixed,GBPUSD,S,2021-07-16 03:31:00-04:00,2021-07-16 04:32:00-04:00,1.38004,1.38518,1.38518,1.37147,-1.0276,True,2021,2021-07-16 01:00:00,1.0,1.0,1
n3_h4dow_trail,n3,h4dow,trail,GBPUSD,S,2021-07-16 03:31:00-04:00,2021-07-16 04:32:00-04:00,1.38004,1.38518,1.38518,,-1.0276,True,2021,2021-07-16 01:00:00,1.0,1.0,1
n2_h4dow_fixed,n2,h4dow,fixed,AUDUSD,S,2021-07-15 12:09:00-04:00,2021-07-19 04:38:00-04:00,0.7427,0.73588,0.74679,0.73588,1.644,True,2021,2021-07-15 09:00:00,4.0,0.0,4+
n3_h4dow_fixed,n3,h4dow,fixed,AUDUSD,S,2021-07-15 12:09:00-04:00,2021-07-19 04:38:00-04:00,0.7427,0.73588,0.74679,0.73588,1.644,True,2021,2021-07-15 09:00:00,4.0,0.0,4+
n2_h4w18_fixed,n2,h4w18,fixed,AUDUSD,S,2021-07-16 08:41:00-04:00,2021-07-19 07:08:00-04:00,0.74098,0.7346,0.7448,0.7346,1.6451,True,2021,2021-07-16 05:00:00,1.0,1.0,1
n3_h4w18_fixed,n3,h4w18,fixed,AUDUSD,S,2021-07-16 08:41:00-04:00,2021-07-19 07:08:00-04:00,0.74098,0.7346,0.7448,0.7346,1.6451,True,2021,2021-07-16 05:00:00,4.0,0.0,4+
n2_h4w18_fixed,n2,h4w18,fixed,EURUSD,S,2021-07-19 04:43:00-04:00,2021-07-19 09:22:00-04:00,1.17719,1.18007,1.18007,1.17239,-1.0195,True,2021,2021-07-19 01:00:00,3.0,1.0,2-3
n2_h4w18_trail,n2,h4w18,trail,EURUSD,S,2021-07-19 04:43:00-04:00,2021-07-19 09:22:00-04:00,1.17719,1.18007,1.18007,,-1.0195,True,2021,2021-07-19 01:00:00,3.0,1.0,2-3
n3_h4w18_fixed,n3,h4w18,fixed,EURUSD,S,2021-07-19 04:43:00-04:00,2021-07-19 09:22:00-04:00,1.17719,1.18007,1.18007,1.17239,-1.0195,True,2021,2021-07-19 01:00:00,8.0,0.0,4+
n3_h4w18_trail,n3,h4w18,trail,EURUSD,S,2021-07-19 04:43:00-04:00,2021-07-19 09:22:00-04:00,1.17719,1.18007,1.18007,,-1.0195,True,2021,2021-07-19 01:00:00,8.0,0.0,4+
n2_h4dow_trail,n2,h4dow,trail,EURUSD,S,2021-07-16 07:49:00-04:00,2021-07-19 09:32:00-04:00,1.17963,1.18187,1.18187,,-0.729,True,2021,2021-07-16 05:00:00,2.0,1.0,2-3
n3_h4dow_trail,n3,h4dow,trail,EURUSD,S,2021-07-16 07:49:00-04:00,2021-07-19 09:32:00-04:00,1.17963,1.18187,1.18187,,-0.729,True,2021,2021-07-16 05:00:00,7.0,0.0,4+
n2_h4dow_fixed,n2,h4dow,fixed,USDJPY,S,2021-07-19 04:39:00-04:00,2021-07-19 09:34:00-04:00,109.715,109.197,110.025,109.197,1.6613,True,2021,2021-07-19 01:00:00,1.0,1.0,1
n3_h4w18_fixed,n3,h4w18,fixed,GBPUSD,S,2021-07-19 03:00:00-04:00,2021-07-20 02:36:00-04:00,1.37418,1.3654,1.37945,1.3654,1.6393,True,2021,2021-07-19 01:00:00,1.0,1.0,1
n2_h4dow_trail,n2,h4dow,trail,USDJPY,S,2021-07-19 04:39:00-04:00,2021-07-20 10:26:00-04:00,109.715,109.747,109.747,,-0.1121,True,2021,2021-07-19 01:00:00,1.0,1.0,1
n2_h4w18_trail,n2,h4w18,trail,USDJPY,S,2021-07-19 08:30:00-04:00,2021-07-20 10:26:00-04:00,109.534,109.747,109.747,,-0.6541,True,2021,2021-07-19 05:00:00,1.0,1.0,1
n2_h4w18_fixed,n2,h4w18,fixed,USDJPY,S,2021-07-19 08:30:00-04:00,2021-07-20 10:44:00-04:00,109.534,109.864,109.864,108.984,-1.0086,True,2021,2021-07-19 05:00:00,1.0,1.0,1
n2_h4dow_trail,n2,h4dow,trail,AUDUSD,S,2021-07-16 08:41:00-04:00,2021-07-20 15:14:00-04:00,0.74108,0.73352,0.73352,,1.954,True,2021,2021-07-16 05:00:00,1.0,1.0,1
n2_h4w18_trail,n2,h4w18,trail,AUDUSD,S,2021-07-16 08:41:00-04:00,2021-07-20 15:14:00-04:00,0.74098,0.73352,0.73352,,1.9279,True,2021,2021-07-16 05:00:00,1.0,1.0,1
n3_h4dow_trail,n3,h4dow,trail,AUDUSD,S,2021-07-16 08:41:00-04:00,2021-07-20 15:14:00-04:00,0.74108,0.73352,0.73352,,1.954,True,2021,2021-07-16 05:00:00,4.0,0.0,4+
n3_h4w18_trail,n3,h4w18,trail,AUDUSD,S,2021-07-16 08:41:00-04:00,2021-07-20 15:14:00-04:00,0.74098,0.73352,0.73352,,1.9279,True,2021,2021-07-16 05:00:00,4.0,0.0,4+
n3_h4w18_trail,n3,h4w18,trail,GBPUSD,S,2021-07-19 03:00:00-04:00,2021-07-21 09:01:00-04:00,1.37418,1.36427,1.36427,,1.8573,True,2021,2021-07-19 01:00:00,1.0,1.0,1
n2_h4dow_trail,n2,h4dow,trail,EURUSD,S,2021-07-20 09:15:00-04:00,2021-07-21 09:50:00-04:00,1.17637,1.17861,1.17861,,-0.6694,True,2021,2021-07-20 09:00:00,4.0,0.0,4+
n3_h4dow_trail,n3,h4dow,trail,EURUSD,S,2021-07-20 09:15:00-04:00,2021-07-21 09:50:00-04:00,1.17637,1.17861,1.17861,,-0.6694,True,2021,2021-07-20 09:00:00,9.0,0.0,4+
n2_h4dow_fixed,n2,h4dow,fixed,AUDUSD,S,2021-07-21 01:54:00-04:00,2021-07-21 09:50:00-04:00,0.72994,0.73386,0.73386,0.72342,-1.0242,True,2021,2021-07-21 01:00:00,2.0,1.0,2-3
n2_h4dow_trail,n2,h4dow,trail,AUDUSD,S,2021-07-21 01:54:00-04:00,2021-07-21 09:50:00-04:00,0.72994,0.73386,0.73386,,-1.0242,True,2021,2021-07-21 01:00:00,2.0,1.0,2-3
n3_h4dow_fixed,n3,h4dow,fixed,AUDUSD,S,2021-07-21 01:54:00-04:00,2021-07-21 09:50:00-04:00,0.72994,0.73386,0.73386,0.72342,-1.0242,True,2021,2021-07-21 01:00:00,2.0,1.0,2-3
n3_h4dow_trail,n3,h4dow,trail,AUDUSD,S,2021-07-21 01:54:00-04:00,2021-07-21 09:50:00-04:00,0.72994,0.73386,0.73386,,-1.0242,True,2021,2021-07-21 01:00:00,2.0,1.0,2-3
n2_h4dow_fixed,n2,h4dow,fixed,EURUSD,S,2021-07-16 07:49:00-04:00,2021-07-22 09:16:00-04:00,1.17963,1.18278,1.18278,1.17438,-1.0178,True,2021,2021-07-16 05:00:00,2.0,1.0,2-3
n3_h4dow_fixed,n3,h4dow,fixed,EURUSD,S,2021-07-16 07:49:00-04:00,2021-07-22 09:16:00-04:00,1.17963,1.18278,1.18278,1.17438,-1.0178,True,2021,2021-07-16 05:00:00,7.0,0.0,4+
n2_h4dow_trail,n2,h4dow,trail,EURUSD,S,2021-07-23 07:31:00-04:00,2021-07-25 23:14:00-04:00,1.17575,1.17765,1.17765,,-0.5359,True,2021,2021-07-23 05:00:00,5.0,0.0,4+
n3_h4dow_trail,n3,h4dow,trail,EURUSD,S,2021-07-23 07:31:00-04:00,2021-07-25 23:14:00-04:00,1.17575,1.17765,1.17765,,-0.5359,True,2021,2021-07-23 05:00:00,10.0,0.0,4+
n2_h4dow_fixed,n2,h4dow,fixed,EURUSD,S,2021-07-23 07:31:00-04:00,2021-07-26 03:24:00-04:00,1.17575,1.17939,1.17939,1.16967,-1.0154,True,2021,2021-07-23 05:00:00,5.0,0.0,4+
n3_h4dow_fixed,n3,h4dow,fixed,EURUSD,S,2021-07-23 07:31:00-04:00,2021-07-26 03:24:00-04:00,1.17575,1.17939,1.17939,1.16967,-1.0154,True,2021,2021-07-23 05:00:00,10.0,0.0,4+
n3_h4dow_trail,n3,h4dow,trail,USDCHF,S,2021-07-26 11:07:00-04:00,2021-07-27 02:13:00-04:00,0.91549,0.91634,0.91634,,-0.37,True,2021,2021-07-26 09:00:00,1.0,1.0,1
n3_h4dow_fixed,n3,h4dow,fixed,USDCHF,S,2021-07-26 11:07:00-04:00,2021-07-27 05:47:00-04:00,0.91549,0.91833,0.91833,0.91077,-1.0694,True,2021,2021-07-26 09:00:00,1.0,1.0,1
n2_h4dow_fixed,n2,h4dow,fixed,USDJPY,S,2021-07-27 03:13:00-04:00,2021-07-27 11:27:00-04:00,110.118,109.673,110.385,109.673,1.6557,True,2021,2021-07-27 01:00:00,3.0,0.0,2-3
n3_h4dow_fixed,n3,h4dow,fixed,USDJPY,S,2021-07-27 03:13:00-04:00,2021-07-27 11:27:00-04:00,110.118,109.673,110.385,109.673,1.6557,True,2021,2021-07-27 01:00:00,3.0,0.0,2-3
n2_h4dow_trail,n2,h4dow,trail,USDJPY,S,2021-07-27 03:13:00-04:00,2021-07-28 03:51:00-04:00,110.118,109.913,109.913,,0.7569,True,2021,2021-07-27 01:00:00,3.0,0.0,2-3
n3_h4dow_trail,n3,h4dow,trail,USDJPY,S,2021-07-27 03:13:00-04:00,2021-07-28 03:51:00-04:00,110.118,109.913,109.913,,0.7569,True,2021,2021-07-27 01:00:00,3.0,0.0,2-3
n2_h4dow_fixed,n2,h4dow,fixed,AUDUSD,S,2021-07-28 07:23:00-04:00,2021-07-28 14:45:00-04:00,0.73375,0.73718,0.73718,0.72803,-1.0278,True,2021,2021-07-28 05:00:00,2.0,1.0,2-3
n2_h4dow_trail,n2,h4dow,trail,AUDUSD,S,2021-07-28 07:23:00-04:00,2021-07-28 14:45:00-04:00,0.73375,0.73718,0.73718,,-1.0278,True,2021,2021-07-28 05:00:00,2.0,1.0,2-3
n3_h4dow_fixed,n3,h4dow,fixed,AUDUSD,S,2021-07-28 07:23:00-04:00,2021-07-28 14:45:00-04:00,0.73375,0.73718,0.73718,0.72803,-1.0278,True,2021,2021-07-28 05:00:00,6.0,0.0,4+
n3_h4dow_trail,n3,h4dow,trail,AUDUSD,S,2021-07-28 07:23:00-04:00,2021-07-28 14:45:00-04:00,0.73375,0.73718,0.73718,,-1.0278,True,2021,2021-07-28 05:00:00,6.0,0.0,4+
n3_h4dow_fixed,n3,h4dow,fixed,USDCHF,S,2021-07-28 12:55:00-04:00,2021-07-29 08:33:00-04:00,0.91294,0.90752,0.9162,0.90752,1.6025,True,2021,2021-07-28 09:00:00,1.0,1.0,1
n3_h4w18_fixed,n3,h4w18,fixed,USDCHF,S,2021-07-28 14:40:00-04:00,2021-07-29 10:59:00-04:00,0.91179,0.90591,0.91532,0.90591,1.6103,True,2021,2021-07-28 13:00:00,1.0,1.0,1
n3_h4dow_trail,n3,h4dow,trail,USDCHF,S,2021-07-28 12:55:00-04:00,2021-08-02 08:57:00-04:00,0.91294,0.90658,0.90658,,1.8909,True,2021,2021-07-28 09:00:00,1.0,1.0,1
n3_h4w18_trail,n3,h4w18,trail,USDCHF,S,2021-07-28 14:40:00-04:00,2021-08-02 08:57:00-04:00,0.91179,0.90658,0.90658,,1.4205,True,2021,2021-07-28 13:00:00,1.0,1.0,1
n2_h4dow_fixed,n2,h4dow,fixed,USDJPY,S,2021-07-29 11:02:00-04:00,2021-08-03 09:02:00-04:00,109.585,109.005,109.933,109.005,1.6564,True,2021,2021-07-29 09:00:00,1.0,1.0,1
n3_h4dow_fixed,n3,h4dow,fixed,USDJPY,S,2021-07-29 11:02:00-04:00,2021-08-03 09:02:00-04:00,109.585,109.005,109.933,109.005,1.6564,True,2021,2021-07-29 09:00:00,1.0,1.0,1
n2_h4dow_trail,n2,h4dow,trail,USDJPY,S,2021-07-29 11:02:00-04:00,2021-08-04 04:16:00-04:00,109.585,109.156,109.156,,1.223,True,2021,2021-07-29 09:00:00,1.0,1.0,1
n3_h4dow_trail,n3,h4dow,trail,USDJPY,S,2021-07-29 11:02:00-04:00,2021-08-04 04:16:00-04:00,109.585,109.156,109.156,,1.223,True,2021,2021-07-29 09:00:00,1.0,1.0,1
n3_h4dow_trail,n3,h4dow,trail,USDCHF,S,2021-08-02 11:15:00-04:00,2021-08-04 04:16:00-04:00,0.90395,0.90483,0.90483,,-0.381,True,2021,2021-08-02 09:00:00,2.0,1.0,2-3
n2_h4w18_trail,n2,h4w18,trail,USDJPY,S,2021-08-03 08:47:00-04:00,2021-08-04 04:16:00-04:00,109.066,109.156,109.156,,-0.3255,True,2021,2021-08-03 05:00:00,2.0,1.0,2-3
n3_h4w18_trail,n3,h4w18,trail,USDJPY,S,2021-08-03 08:47:00-04:00,2021-08-04 04:16:00-04:00,109.066,109.156,109.156,,-0.3255,True,2021,2021-08-03 05:00:00,2.0,1.0,2-3
n3_h4dow_fixed,n3,h4dow,fixed,EURUSD,S,2021-08-04 04:21:00-04:00,2021-08-04 08:38:00-04:00,1.18536,1.18797,1.18797,1.18101,-1.0216,True,2021,2021-08-04 01:00:00,15.0,0.0,4+
n3_h4dow_trail,n3,h4dow,trail,EURUSD,S,2021-08-04 04:21:00-04:00,2021-08-04 08:38:00-04:00,1.18536,1.18797,1.18797,,-1.0216,True,2021,2021-08-04 01:00:00,15.0,0.0,4+
n2_h4dow_fixed,n2,h4dow,fixed,USDJPY,S,2021-08-04 08:15:00-04:00,2021-08-04 10:03:00-04:00,108.878,109.158,109.158,108.41,-1.0098,True,2021,2021-08-04 05:00:00,2.0,1.0,2-3
n2_h4dow_trail,n2,h4dow,trail,USDJPY,S,2021-08-04 08:15:00-04:00,2021-08-04 10:03:00-04:00,108.878,109.158,109.158,,-1.0098,True,2021,2021-08-04 05:00:00,2.0,1.0,2-3
n3_h4dow_fixed,n3,h4dow,fixed,USDJPY,S,2021-08-04 08:15:00-04:00,2021-08-04 10:03:00-04:00,108.878,109.158,109.158,108.41,-1.0098,True,2021,2021-08-04 05:00:00,2.0,1.0,2-3
n3_h4dow_trail,n3,h4dow,trail,USDJPY,S,2021-08-04 08:15:00-04:00,2021-08-04 10:03:00-04:00,108.878,109.158,109.158,,-1.0098,True,2021,2021-08-04 05:00:00,2.0,1.0,2-3
n3_h4dow_trail,n3,h4dow,trail,USDCHF,S,2021-08-04 09:07:00-04:00,2021-08-04 10:06:00-04:00,0.90231,0.90502,0.90502,,-1.0717,True,2021,2021-08-04 09:00:00,3.0,1.0,2-3
n2_h4w18_fixed,n2,h4w18,fixed,USDJPY,S,2021-08-03 08:47:00-04:00,2021-08-04 10:13:00-04:00,109.066,109.351,109.351,108.591,-1.009,True,2021,2021-08-03 05:00:00,2.0,1.0,2-3
n3_h4w18_fixed,n3,h4w18,fixed,USDJPY,S,2021-08-03 08:47:00-04:00,2021-08-04 10:13:00-04:00,109.066,109.351,109.351,108.591,-1.009,True,2021,2021-08-03 05:00:00,2.0,1.0,2-3
n3_h4dow_fixed,n3,h4dow,fixed,USDCHF,S,2021-08-02 11:15:00-04:00,2021-08-04 10:25:00-04:00,0.90395,0.90677,0.90677,0.89925,-1.069,True,2021,2021-08-02 09:00:00,2.0,1.0,2-3
n2_h4dow_trail,n2,h4dow,trail,AUDUSD,L,2021-08-03 23:11:00-04:00,2021-08-04 10:27:00-04:00,0.74088,0.7388,0.7388,,-0.6418,True,2021,2021-08-03 21:00:00,1.0,1.0,1
n3_h4dow_trail,n3,h4dow,trail,AUDUSD,L,2021-08-03 23:11:00-04:00,2021-08-04 10:27:00-04:00,0.74088,0.7388,0.7388,,-0.6418,True,2021,2021-08-03 21:00:00,1.0,1.0,1
n2_h4w18_fixed,n2,h4w18,fixed,AUDUSD,L,2021-08-04 03:21:00-04:00,2021-08-04 10:52:00-04:00,0.74136,0.73796,0.73796,0.74704,-1.0282,True,2021,2021-08-04 01:00:00,1.0,1.0,1
n2_h4w18_trail,n2,h4w18,trail,AUDUSD,L,2021-08-04 03:21:00-04:00,2021-08-04 10:52:00-04:00,0.74136,0.73796,0.73796,,-1.0282,True,2021,2021-08-04 01:00:00,1.0,1.0,1
n3_h4w18_fixed,n3,h4w18,fixed,AUDUSD,L,2021-08-04 03:21:00-04:00,2021-08-04 10:52:00-04:00,0.74136,0.73796,0.73796,0.74704,-1.0282,True,2021,2021-08-04 01:00:00,1.0,1.0,1
n3_h4w18_trail,n3,h4w18,trail,AUDUSD,L,2021-08-04 03:21:00-04:00,2021-08-04 10:52:00-04:00,0.74136,0.73796,0.73796,,-1.0282,True,2021,2021-08-04 01:00:00,1.0,1.0,1
n2_h4dow_fixed,n2,h4dow,fixed,AUDUSD,L,2021-08-03 23:11:00-04:00,2021-08-04 11:05:00-04:00,0.74088,0.73749,0.73749,0.74653,-1.0283,True,2021,2021-08-03 21:00:00,1.0,1.0,1
n3_h4dow_fixed,n3,h4dow,fixed,AUDUSD,L,2021-08-03 23:11:00-04:00,2021-08-04 11:05:00-04:00,0.74088,0.73749,0.73749,0.74653,-1.0283,True,2021,2021-08-03 21:00:00,1.0,1.0,1
n3_h4w18_trail,n3,h4w18,trail,EURUSD,S,2021-08-08 18:51:00-04:00,2021-08-09 08:38:00-04:00,1.17521,1.17669,1.17669,,-0.4939,True,2021,2021-08-08 17:00:00,2.0,0.0,2-3
n3_h4dow_trail,n3,h4dow,trail,EURUSD,S,2021-08-09 11:00:00-04:00,2021-08-11 08:30:00-04:00,1.17425,1.17256,1.17256,,0.5674,True,2021,2021-08-09 09:00:00,2.0,0.0,2-3
n3_h4dow_fixed,n3,h4dow,fixed,EURUSD,S,2021-08-09 11:00:00-04:00,2021-08-13 09:16:00-04:00,1.17425,1.17713,1.17713,1.16945,-1.0194,True,2021,2021-08-09 09:00:00,2.0,0.0,2-3
n3_h4w18_fixed,n3,h4w18,fixed,EURUSD,S,2021-08-08 18:51:00-04:00,2021-08-13 10:15:00-04:00,1.17521,1.17831,1.17831,1.17004,-1.0181,True,2021,2021-08-08 17:00:00,2.0,0.0,2-3
n2_h4dow_fixed,n2,h4dow,fixed,AUDUSD,S,2021-08-16 02:55:00-04:00,2021-08-17 02:53:00-04:00,0.73322,0.7287,0.73594,0.7287,1.6269,True,2021,2021-08-16 01:00:00,1.0,1.0,1
n3_h4dow_trail,n3,h4dow,trail,EURUSD,S,2021-08-16 23:25:00-04:00,2021-08-17 04:12:00-04:00,1.17674,1.17805,1.17805,,-0.6071,True,2021,2021-08-16 21:00:00,5.0,0.0,4+
n2_h4w18_fixed,n2,h4w18,fixed,AUDUSD,S,2021-08-16 21:32:00-04:00,2021-08-17 09:08:00-04:00,0.73158,0.72728,0.73416,0.72728,1.63,True,2021,2021-08-16 21:00:00,1.0,1.0,1
n3_h4dow_fixed,n3,h4dow,fixed,EURUSD,S,2021-08-16 23:25:00-04:00,2021-08-17 10:12:00-04:00,1.17674,1.17299,1.17899,1.17299,1.6418,True,2021,2021-08-16 21:00:00,5.0,0.0,4+
n3_h4w18_fixed,n3,h4w18,fixed,EURUSD,S,2021-08-17 16:59:00-04:00,2021-08-18 14:04:00-04:00,1.17061,1.17357,1.17357,1.16569,-1.0188,True,2021,2021-08-17 13:00:00,5.0,0.0,4+
n3_h4w18_trail,n3,h4w18,trail,EURUSD,S,2021-08-17 16:59:00-04:00,2021-08-18 14:04:00-04:00,1.17061,1.17297,1.17297,,-0.8189,True,2021,2021-08-17 13:00:00,5.0,0.0,4+
n2_h4dow_fixed,n2,h4dow,fixed,EURUSD,S,2021-08-18 11:26:00-04:00,2021-08-18 14:04:00-04:00,1.17019,1.17287,1.17287,1.16571,-1.0208,True,2021,2021-08-18 09:00:00,0.0,1.0,0
n2_h4dow_trail,n2,h4dow,trail,EURUSD,S,2021-08-18 11:26:00-04:00,2021-08-18 14:04:00-04:00,1.17019,1.17288,1.17288,,-1.0207,True,2021,2021-08-18 09:00:00,0.0,1.0,0
n3_h4dow_fixed,n3,h4dow,fixed,EURUSD,S,2021-08-18 11:26:00-04:00,2021-08-18 14:04:00-04:00,1.17019,1.17287,1.17287,1.16571,-1.0208,True,2021,2021-08-18 09:00:00,5.0,0.0,4+
n3_h4dow_trail,n3,h4dow,trail,EURUSD,S,2021-08-18 11:26:00-04:00,2021-08-18 14:04:00-04:00,1.17019,1.17288,1.17288,,-1.0207,True,2021,2021-08-18 09:00:00,5.0,0.0,4+
n2_h4dow_fixed,n2,h4dow,fixed,EURUSD,S,2021-08-20 08:20:00-04:00,2021-08-20 12:16:00-04:00,1.16659,1.16965,1.16965,1.16149,-1.0182,True,2021,2021-08-20 05:00:00,1.0,1.0,1
n2_h4dow_trail,n2,h4dow,trail,EURUSD,S,2021-08-20 08:20:00-04:00,2021-08-20 12:16:00-04:00,1.16659,1.16965,1.16965,,-1.0182,True,2021,2021-08-20 05:00:00,1.0,1.0,1
n3_h4dow_fixed,n3,h4dow,fixed,EURUSD,S,2021-08-20 08:20:00-04:00,2021-08-20 12:16:00-04:00,1.16659,1.16965,1.16965,1.16149,-1.0182,True,2021,2021-08-20 05:00:00,1.0,1.0,1
n3_h4dow_trail,n3,h4dow,trail,EURUSD,S,2021-08-20 08:20:00-04:00,2021-08-20 12:16:00-04:00,1.16659,1.16965,1.16965,,-1.0182,True,2021,2021-08-20 05:00:00,1.0,1.0,1
n2_h4dow_trail,n2,h4dow,trail,AUDUSD,S,2021-08-16 02:55:00-04:00,2021-08-22 20:38:00-04:00,0.73322,0.7149,0.7149,,6.7008,True,2021,2021-08-16 01:00:00,1.0,1.0,1
n2_h4w18_trail,n2,h4w18,trail,AUDUSD,S,2021-08-16 21:32:00-04:00,2021-08-22 20:38:00-04:00,0.73158,0.7149,0.7149,,6.4288,True,2021,2021-08-16 21:00:00,1.0,1.0,1
n2_h4dow_trail,n2,h4dow,trail,USDJPY,L,2021-08-22 20:07:00-04:00,2021-08-24 08:15:00-04:00,109.887,109.642,109.642,,-0.8118,True,2021,2021-08-22 17:00:00,2.0,1.0,2-3
n3_h4dow_trail,n3,h4dow,trail,USDJPY,L,2021-08-22 20:07:00-04:00,2021-08-24 08:15:00-04:00,109.887,109.642,109.642,,-0.8118,True,2021,2021-08-22 17:00:00,2.0,1.0,2-3
n2_h4dow_fixed,n2,h4dow,fixed,USDJPY,L,2021-08-22 20:07:00-04:00,2021-08-24 08:42:00-04:00,109.887,109.583,109.583,110.395,-1.0081,True,2021,2021-08-22 17:00:00,2.0,1.0,2-3
n3_h4dow_fixed,n3,h4dow,fixed,USDJPY,L,2021-08-22 20:07:00-04:00,2021-08-24 08:42:00-04:00,109.887,109.583,109.583,110.395,-1.0081,True,2021,2021-08-22 17:00:00,2.0,1.0,2-3
n2_h4dow_fixed,n2,h4dow,fixed,EURUSD,S,2021-08-25 08:38:00-04:00,2021-08-25 11:51:00-04:00,1.17272,1.17563,1.17563,1.16787,-1.0192,True,2021,2021-08-25 05:00:00,3.0,0.0,2-3
n2_h4dow_trail,n2,h4dow,trail,EURUSD,S,2021-08-25 08:38:00-04:00,2021-08-25 11:51:00-04:00,1.17272,1.17563,1.17563,,-1.0192,True,2021,2021-08-25 05:00:00,3.0,0.0,2-3
n3_h4dow_fixed,n3,h4dow,fixed,EURUSD,S,2021-08-25 08:38:00-04:00,2021-08-25 11:51:00-04:00,1.17272,1.17563,1.17563,1.16787,-1.0192,True,2021,2021-08-25 05:00:00,3.0,0.0,2-3
n3_h4dow_trail,n3,h4dow,trail,EURUSD,S,2021-08-25 08:38:00-04:00,2021-08-25 11:51:00-04:00,1.17272,1.17563,1.17563,,-1.0192,True,2021,2021-08-25 05:00:00,3.0,0.0,2-3
n2_h4dow_fixed,n2,h4dow,fixed,GBPUSD,L,2021-08-25 13:44:00-04:00,2021-08-26 12:50:00-04:00,1.3748,1.37054,1.37054,1.3819,-1.0331,True,2021,2021-08-25 13:00:00,1.0,1.0,1
n2_h4dow_trail,n2,h4dow,trail,GBPUSD,L,2021-08-25 13:44:00-04:00,2021-08-26 12:50:00-04:00,1.3748,1.37054,1.37054,,-1.0331,True,2021,2021-08-25 13:00:00,1.0,1.0,1
n2_h4dow_trail,n2,h4dow,trail,AUDUSD,S,2021-08-26 15:06:00-04:00,2021-08-27 01:33:00-04:00,0.7237,0.72446,0.72446,,-0.2904,True,2021,2021-08-26 13:00:00,3.0,0.0,2-3
n2_h4dow_fixed,n2,h4dow,fixed,EURUSD,S,2021-08-27 09:10:00-04:00,2021-08-27 09:52:00-04:00,1.17422,1.17701,1.17701,1.16957,-1.02,True,2021,2021-08-27 09:00:00,4.0,0.0,4+
n2_h4dow_trail,n2,h4dow,trail,EURUSD,S,2021-08-27 09:10:00-04:00,2021-08-27 09:52:00-04:00,1.17422,1.17701,1.17701,,-1.02,True,2021,2021-08-27 09:00:00,4.0,0.0,4+
n3_h4dow_fixed,n3,h4dow,fixed,EURUSD,S,2021-08-27 09:10:00-04:00,2021-08-27 09:52:00-04:00,1.17422,1.17701,1.17701,1.16957,-1.02,True,2021,2021-08-27 09:00:00,4.0,0.0,4+
n3_h4dow_trail,n3,h4dow,trail,EURUSD,S,2021-08-27 09:10:00-04:00,2021-08-27 09:52:00-04:00,1.17422,1.17701,1.17701,,-1.02,True,2021,2021-08-27 09:00:00,4.0,0.0,4+
n2_h4dow_fixed,n2,h4dow,fixed,AUDUSD,S,2021-08-26 15:06:00-04:00,2021-08-27 10:00:00-04:00,0.7237,0.72664,0.72664,0.7188,-1.032,True,2021,2021-08-26 13:00:00,3.0,0.0,2-3
n2_h4dow_trail,n2,h4dow,trail,GBPUSD,L,2021-08-27 10:10:00-04:00,2021-08-31 11:05:00-04:00,1.37683,1.37529,1.37529,,-0.4193,True,2021,2021-08-27 09:00:00,2.0,0.0,2-3
n3_h4dow_trail,n3,h4dow,trail,GBPUSD,L,2021-08-27 10:10:00-04:00,2021-08-31 11:05:00-04:00,1.37683,1.37529,1.37529,,-0.4193,True,2021,2021-08-27 09:00:00,2.0,0.0,2-3
n2_h4dow_fixed,n2,h4dow,fixed,GBPUSD,L,2021-08-27 10:10:00-04:00,2021-09-02 10:59:00-04:00,1.37683,1.38351,1.37283,1.38351,1.6346,True,2021,2021-08-27 09:00:00,2.0,0.0,2-3
n3_h4dow_fixed,n3,h4dow,fixed,GBPUSD,L,2021-08-27 10:10:00-04:00,2021-09-02 10:59:00-04:00,1.37683,1.38351,1.37283,1.38351,1.6346,True,2021,2021-08-27 09:00:00,2.0,0.0,2-3
n2_h4dow_trail,n2,h4dow,trail,GBPUSD,L,2021-09-02 05:39:00-04:00,2021-09-05 23:31:00-04:00,1.37981,1.38509,1.38509,,1.4312,True,2021,2021-09-02 05:00:00,4.0,0.0,4+
n3_h4dow_trail,n3,h4dow,trail,GBPUSD,L,2021-09-02 05:39:00-04:00,2021-09-05 23:31:00-04:00,1.37981,1.38509,1.38509,,1.4312,True,2021,2021-09-02 05:00:00,4.0,0.0,4+
n2_h4dow_trail,n2,h4dow,trail,USDCHF,S,2021-09-02 21:00:00-04:00,2021-09-06 03:17:00-04:00,0.91393,0.91597,0.91597,,-0.7608,True,2021,2021-09-02 21:00:00,3.0,0.0,2-3
n2_h4dow_fixed,n2,h4dow,fixed,USDCHF,S,2021-09-02 21:00:00-04:00,2021-09-07 10:05:00-04:00,0.91393,0.91687,0.91687,0.90903,-1.067,True,2021,2021-09-02 21:00:00,3.0,0.0,2-3
n2_h4dow_fixed,n2,h4dow,fixed,USDJPY,L,2021-09-07 02:34:00-04:00,2021-09-07 15:40:00-04:00,109.947,110.305,109.733,110.305,1.6584,True,2021,2021-09-07 01:00:00,2.0,0.0,2-3
n3_h4dow_fixed,n3,h4dow,fixed,USDJPY,L,2021-09-07 02:34:00-04:00,2021-09-07 15:40:00-04:00,109.947,110.305,109.733,110.305,1.6584,True,2021,2021-09-07 01:00:00,4.0,0.0,4+
n2_h4dow_trail,n2,h4dow,trail,USDJPY,L,2021-09-07 02:34:00-04:00,2021-09-08 03:12:00-04:00,109.947,110.256,110.256,,1.4234,True,2021,2021-09-07 01:00:00,2.0,0.0,2-3
n3_h4dow_trail,n3,h4dow,trail,USDJPY,L,2021-09-07 02:34:00-04:00,2021-09-08 03:12:00-04:00,109.947,110.256,110.256,,1.4234,True,2021,2021-09-07 01:00:00,4.0,0.0,4+
n2_h4w18_fixed,n2,h4w18,fixed,USDJPY,L,2021-09-08 02:02:00-04:00,2021-09-08 03:22:00-04:00,110.42,110.214,110.214,110.762,-1.0131,True,2021,2021-09-08 01:00:00,1.0,1.0,1
n2_h4w18_trail,n2,h4w18,trail,USDJPY,L,2021-09-08 02:02:00-04:00,2021-09-08 03:22:00-04:00,110.42,110.214,110.214,,-1.0131,True,2021,2021-09-08 01:00:00,1.0,1.0,1
n3_h4w18_fixed,n3,h4w18,fixed,USDJPY,L,2021-09-08 02:02:00-04:00,2021-09-08 03:22:00-04:00,110.42,110.214,110.214,110.762,-1.0131,True,2021,2021-09-08 01:00:00,5.0,0.0,4+
n3_h4w18_trail,n3,h4w18,trail,USDJPY,L,2021-09-08 02:02:00-04:00,2021-09-08 03:22:00-04:00,110.42,110.214,110.214,,-1.0131,True,2021,2021-09-08 01:00:00,5.0,0.0,4+
n2_h4dow_fixed,n2,h4dow,fixed,USDCHF,L,2021-09-13 06:53:00-04:00,2021-09-13 10:01:00-04:00,0.92348,0.92088,0.92088,0.9278,-1.0763,True,2021,2021-09-13 05:00:00,2.0,1.0,2-3
n2_h4dow_trail,n2,h4dow,trail,USDCHF,L,2021-09-13 06:53:00-04:00,2021-09-13 10:01:00-04:00,0.92348,0.92088,0.92088,,-1.0763,True,2021,2021-09-13 05:00:00,2.0,1.0,2-3
n2_h4dow_trail,n2,h4dow,trail,USDJPY,L,2021-09-13 01:16:00-04:00,2021-09-14 03:21:00-04:00,109.992,109.964,109.964,,-0.1456,True,2021,2021-09-13 01:00:00,2.0,0.0,2-3
n3_h4dow_trail,n3,h4dow,trail,USDJPY,L,2021-09-13 01:16:00-04:00,2021-09-14 03:21:00-04:00,109.992,109.964,109.964,,-0.1456,True,2021,2021-09-13 01:00:00,6.0,0.0,4+
n2_h4dow_trail,n2,h4dow,trail,USDJPY,L,2021-09-14 07:02:00-04:00,2021-09-14 08:30:00-04:00,110.159,109.966,109.966,,-1.0147,True,2021,2021-09-14 05:00:00,0.0,1.0,0
n3_h4dow_trail,n3,h4dow,trail,USDJPY,L,2021-09-14 07:02:00-04:00,2021-09-14 08:30:00-04:00,110.159,109.966,109.966,,-1.0147,True,2021,2021-09-14 05:00:00,6.0,0.0,4+
n2_h4dow_fixed,n2,h4dow,fixed,USDJPY,L,2021-09-13 01:16:00-04:00,2021-09-14 10:01:00-04:00,109.992,109.781,109.781,110.344,-1.0127,True,2021,2021-09-13 01:00:00,2.0,0.0,2-3
n3_h4dow_fixed,n3,h4dow,fixed,USDJPY,L,2021-09-13 01:16:00-04:00,2021-09-14 10:01:00-04:00,109.992,109.781,109.781,110.344,-1.0127,True,2021,2021-09-13 01:00:00,6.0,0.0,4+
n2_h4dow_fixed,n2,h4dow,fixed,EURUSD,S,2021-09-16 02:53:00-04:00,2021-09-16 08:40:00-04:00,1.17991,1.17541,1.18261,1.17541,1.6459,True,2021,2021-09-16 01:00:00,2.0,1.0,2-3
n2_h4dow_trail,n2,h4dow,trail,EURUSD,S,2021-09-16 02:53:00-04:00,2021-09-17 00:10:00-04:00,1.17991,1.17713,1.17713,,1.0089,True,2021,2021-09-16 01:00:00,2.0,1.0,2-3
n2_h4dow_fixed,n2,h4dow,fixed,USDCHF,L,2021-09-16 05:06:00-04:00,2021-09-17 09:16:00-04:00,0.92411,0.92931,0.92099,0.92931,1.6028,True,2021,2021-09-16 05:00:00,1.0,1.0,1
n2_h4dow_fixed,n2,h4dow,fixed,EURUSD,S,2021-09-17 10:13:00-04:00,2021-09-20 05:24:00-04:00,1.17505,1.17045,1.17781,1.17045,1.6464,True,2021,2021-09-17 09:00:00,2.0,1.0,2-3
n2_h4dow_trail,n2,h4dow,trail,EURUSD,S,2021-09-17 10:13:00-04:00,2021-09-20 21:57:00-04:00,1.17505,1.17365,1.17365,,0.487,True,2021,2021-09-17 09:00:00,2.0,1.0,2-3
n2_h4dow_trail,n2,h4dow,trail,USDCHF,L,2021-09-16 05:06:00-04:00,2021-09-20 21:59:00-04:00,0.92411,0.92709,0.92709,,0.8913,True,2021,2021-09-16 05:00:00,1.0,1.0,1
n2_h4dow_fixed,n2,h4dow,fixed,USDJPY,S,2021-09-21 08:53:00-04:00,2021-09-22 08:55:00-04:00,109.323,109.609,109.609,108.845,-1.0096,True,2021,2021-09-21 05:00:00,1.0,1.0,1
n2_h4dow_trail,n2,h4dow,trail,USDJPY,S,2021-09-21 08:53:00-04:00,2021-09-22 08:55:00-04:00,109.323,109.61,109.61,,-1.0088,True,2021,2021-09-21 05:00:00,1.0,1.0,1
n2_h4dow_fixed,n2,h4dow,fixed,EURUSD,S,2021-09-22 14:00:00-04:00,2021-09-22 14:04:00-04:00,1.17149,1.17404,1.17404,1.16724,-1.0219,True,2021,2021-09-22 13:00:00,4.0,1.0,4+
n2_h4dow_trail,n2,h4dow,trail,EURUSD,S,2021-09-22 14:00:00-04:00,2021-09-22 14:04:00-04:00,1.17149,1.17404,1.17404,,-1.0219,True,2021,2021-09-22 13:00:00,4.0,1.0,4+
n2_h4dow_fixed,n2,h4dow,fixed,EURUSD,S,2021-09-22 14:40:00-04:00,2021-09-23 10:02:00-04:00,1.17149,1.17404,1.17404,1.16724,-1.0219,True,2021,2021-09-22 13:00:00,4.0,1.0,4+
n2_h4dow_trail,n2,h4dow,trail,EURUSD,S,2021-09-22 14:40:00-04:00,2021-09-23 10:02:00-04:00,1.17149,1.17404,1.17404,,-1.0219,True,2021,2021-09-22 13:00:00,4.0,1.0,4+
n2_h4dow_fixed,n2,h4dow,fixed,GBPUSD,S,2021-09-28 05:34:00-04:00,2021-09-28 08:20:00-04:00,1.36574,1.35732,1.3708,1.35732,1.6364,True,2021,2021-09-28 05:00:00,1.0,1.0,1
n2_h4w18_fixed,n2,h4w18,fixed,GBPUSD,S,2021-09-28 06:53:00-04:00,2021-09-28 10:08:00-04:00,1.36096,1.35254,1.36602,1.35254,1.6365,True,2021,2021-09-28 05:00:00,1.0,1.0,1
n2_h4dow_fixed,n2,h4dow,fixed,EURUSD,S,2021-09-27 03:45:00-04:00,2021-09-29 03:07:00-04:00,1.17008,1.16578,1.17266,1.16578,1.6451,True,2021,2021-09-27 01:00:00,6.0,0.0,4+
n2_h4dow_trail,n2,h4dow,trail,USDCHF,L,2021-09-27 01:35:00-04:00,2021-09-29 06:19:00-04:00,0.92609,0.92806,0.92806,,0.6256,True,2021,2021-09-27 01:00:00,2.0,1.0,2-3
n3_h4dow_trail,n3,h4dow,trail,USDCHF,L,2021-09-27 01:35:00-04:00,2021-09-29 06:19:00-04:00,0.92609,0.92806,0.92806,,0.6256,True,2021,2021-09-27 01:00:00,9.0,0.0,4+
n2_h4dow_fixed,n2,h4dow,fixed,USDCHF,L,2021-09-27 01:35:00-04:00,2021-09-29 09:28:00-04:00,0.92609,0.93081,0.92325,0.93081,1.5916,True,2021,2021-09-27 01:00:00,2.0,1.0,2-3
n3_h4dow_fixed,n3,h4dow,fixed,USDCHF,L,2021-09-27 01:35:00-04:00,2021-09-29 09:28:00-04:00,0.92609,0.93081,0.92325,0.93081,1.5916,True,2021,2021-09-27 01:00:00,9.0,0.0,4+
n2_h4w18_fixed,n2,h4w18,fixed,EURUSD,S,2021-09-28 02:26:00-04:00,2021-09-29 09:32:00-04:00,1.16835,1.16383,1.17107,1.16383,1.6414,True,2021,2021-09-28 01:00:00,6.0,0.0,4+
n2_h4dow_fixed,n2,h4dow,fixed,EURUSD,S,2021-09-29 03:33:00-04:00,2021-09-29 10:14:00-04:00,1.16683,1.16231,1.16955,1.16231,1.6414,True,2021,2021-09-29 01:00:00,6.0,0.0,4+
n2_h4w18_trail,n2,h4w18,trail,USDCHF,L,2021-09-29 10:57:00-04:00,2021-09-30 10:55:00-04:00,0.9333,0.93287,0.93287,,-0.1983,True,2021,2021-09-29 09:00:00,2.0,1.0,2-3
n3_h4w18_trail,n3,h4w18,trail,USDCHF,L,2021-09-29 10:57:00-04:00,2021-09-30 10:55:00-04:00,0.9333,0.93287,0.93287,,-0.1983,True,2021,2021-09-29 09:00:00,2.0,1.0,2-3
n2_h4dow_trail,n2,h4dow,trail,USDCHF,L,2021-09-30 06:17:00-04:00,2021-09-30 10:55:00-04:00,0.93553,0.93287,0.93287,,-0.8857,True,2021,2021-09-30 05:00:00,2.0,1.0,2-3
n3_h4dow_trail,n3,h4dow,trail,USDCHF,L,2021-09-30 06:17:00-04:00,2021-09-30 10:55:00-04:00,0.93553,0.93287,0.93287,,-0.8857,True,2021,2021-09-30 05:00:00,2.0,1.0,2-3
n2_h4dow_fixed,n2,h4dow,fixed,USDCHF,L,2021-09-30 06:17:00-04:00,2021-09-30 11:18:00-04:00,0.93553,0.93231,0.93231,0.94091,-1.0624,True,2021,2021-09-30 05:00:00,2.0,1.0,2-3
n3_h4dow_fixed,n3,h4dow,fixed,USDCHF,L,2021-09-30 06:17:00-04:00,2021-09-30 11:18:00-04:00,0.93553,0.93231,0.93231,0.94091,-1.0624,True,2021,2021-09-30 05:00:00,2.0,1.0,2-3
n2_h4w18_fixed,n2,h4w18,fixed,USDCHF,L,2021-09-29 10:57:00-04:00,2021-10-01 02:57:00-04:00,0.9333,0.93012,0.93012,0.9386,-1.063,True,2021,2021-09-29 09:00:00,2.0,1.0,2-3
n3_h4w18_fixed,n3,h4w18,fixed,USDCHF,L,2021-09-29 10:57:00-04:00,2021-10-01 02:57:00-04:00,0.9333,0.93012,0.93012,0.9386,-1.063,True,2021,2021-09-29 09:00:00,2.0,1.0,2-3
n2_h4dow_trail,n2,h4dow,trail,AUDUSD,S,2021-09-28 08:37:00-04:00,2021-10-01 05:27:00-04:00,0.72358,0.72404,0.72404,,-0.1291,True,2021,2021-09-28 05:00:00,6.0,0.0,4+
n2_h4w18_trail,n2,h4w18,trail,AUDUSD,S,2021-09-29 08:36:00-04:00,2021-10-01 05:27:00-04:00,0.722,0.72404,0.72404,,-0.5255,True,2021,2021-09-29 05:00:00,1.0,1.0,1
n2_h4dow_trail,n2,h4dow,trail,GBPUSD,S,2021-09-28 05:34:00-04:00,2021-10-01 06:29:00-04:00,1.36574,1.35172,1.35172,,2.7431,True,2021,2021-09-28 05:00:00,1.0,1.0,1
n2_h4w18_trail,n2,h4w18,trail,GBPUSD,S,2021-09-28 06:53:00-04:00,2021-10-01 06:29:00-04:00,1.36096,1.35172,1.35172,,1.7985,True,2021,2021-09-28 05:00:00,1.0,1.0,1
n2_h4w18_fixed,n2,h4w18,fixed,AUDUSD,S,2021-09-29 08:36:00-04:00,2021-10-01 08:01:00-04:00,0.722,0.72606,0.72606,0.71522,-1.0231,True,2021,2021-09-29 05:00:00,1.0,1.0,1
n2_h4dow_fixed,n2,h4dow,fixed,AUDUSD,S,2021-09-28 08:37:00-04:00,2021-10-03 18:20:00-04:00,0.72358,0.72787,0.72787,0.71643,-1.0219,True,2021,2021-09-28 05:00:00,6.0,0.0,4+
n2_h4dow_trail,n2,h4dow,trail,EURUSD,S,2021-09-27 03:45:00-04:00,2021-10-03 18:21:00-04:00,1.17008,1.16074,1.16074,,3.5986,True,2021,2021-09-27 01:00:00,6.0,0.0,4+
n2_h4w18_trail,n2,h4w18,trail,EURUSD,S,2021-09-28 02:26:00-04:00,2021-10-03 18:21:00-04:00,1.16835,1.16074,1.16074,,2.7876,True,2021,2021-09-28 01:00:00,6.0,0.0,4+
n2_h4dow_fixed,n2,h4dow,fixed,EURUSD,S,2021-09-30 06:20:00-04:00,2021-10-04 06:56:00-04:00,1.15895,1.16189,1.16189,1.15405,-1.0188,True,2021,2021-09-30 05:00:00,6.0,0.0,4+
n2_h4dow_fixed,n2,h4dow,fixed,EURUSD,S,2021-10-06 02:03:00-04:00,2021-10-06 06:03:00-04:00,1.15806,1.15339,1.16086,1.15339,1.6482,True,2021,2021-10-06 01:00:00,7.0,0.0,4+
n2_h4dow_trail,n2,h4dow,trail,GBPUSD,S,2021-10-06 03:10:00-04:00,2021-10-06 19:45:00-04:00,1.35846,1.35915,1.35915,,-0.1714,True,2021,2021-10-06 01:00:00,4.0,0.0,4+
n3_h4dow_trail,n3,h4dow,trail,GBPUSD,S,2021-10-06 03:10:00-04:00,2021-10-06 19:45:00-04:00,1.35846,1.35915,1.35915,,-0.1714,True,2021,2021-10-06 01:00:00,4.0,0.0,4+
n2_h4dow_fixed,n2,h4dow,fixed,AUDUSD,S,2021-10-06 03:04:00-04:00,2021-10-06 21:01:00-04:00,0.7249,0.72862,0.72862,0.7187,-1.0253,True,2021,2021-10-06 01:00:00,4.0,0.0,4+
n2_h4dow_trail,n2,h4dow,trail,AUDUSD,S,2021-10-06 03:04:00-04:00,2021-10-06 21:01:00-04:00,0.7249,0.72862,0.72862,,-1.0253,True,2021,2021-10-06 01:00:00,4.0,0.0,4+
n3_h4dow_fixed,n3,h4dow,fixed,AUDUSD,S,2021-10-06 03:04:00-04:00,2021-10-06 21:01:00-04:00,0.7249,0.72862,0.72862,0.7187,-1.0253,True,2021,2021-10-06 01:00:00,4.0,0.0,4+
n3_h4dow_trail,n3,h4dow,trail,AUDUSD,S,2021-10-06 03:04:00-04:00,2021-10-06 21:01:00-04:00,0.7249,0.72862,0.72862,,-1.0253,True,2021,2021-10-06 01:00:00,4.0,0.0,4+
n2_h4dow_trail,n2,h4dow,trail,EURUSD,S,2021-10-06 02:03:00-04:00,2021-10-07 02:35:00-04:00,1.15806,1.15612,1.15612,,0.6732,True,2021,2021-10-06 01:00:00,7.0,0.0,4+
n2_h4w18_trail,n2,h4w18,trail,EURUSD,S,2021-10-06 03:53:00-04:00,2021-10-07 02:35:00-04:00,1.15627,1.15612,1.15612,,0.0339,True,2021,2021-10-06 01:00:00,7.0,0.0,4+
n2_h4dow_trail,n2,h4dow,trail,USDJPY,L,2021-10-05 07:21:00-04:00,2021-10-07 03:15:00-04:00,111.303,111.313,111.313,,0.0192,True,2021,2021-10-05 05:00:00,2.0,0.0,2-3
n2_h4dow_fixed,n2,h4dow,fixed,GBPUSD,S,2021-10-06 03:10:00-04:00,2021-10-07 10:45:00-04:00,1.35846,1.3633,1.3633,1.35039,-1.0289,True,2021,2021-10-06 01:00:00,4.0,0.0,4+
n3_h4dow_fixed,n3,h4dow,fixed,GBPUSD,S,2021-10-06 03:10:00-04:00,2021-10-07 10:45:00-04:00,1.35846,1.3633,1.3633,1.35039,-1.0289,True,2021,2021-10-06 01:00:00,4.0,0.0,4+
n2_h4dow_fixed,n2,h4dow,fixed,USDJPY,L,2021-10-05 07:21:00-04:00,2021-10-08 00:55:00-04:00,111.303,111.915,110.935,111.915,1.6536,True,2021,2021-10-05 05:00:00,2.0,0.0,2-3
n3_h4dow_fixed,n3,h4dow,fixed,USDJPY,L,2021-10-07 21:12:00-04:00,2021-10-10 18:26:00-04:00,111.788,112.303,111.479,112.303,1.6565,True,2021,2021-10-07 21:00:00,1.0,1.0,1
n2_h4w18_fixed,n2,h4w18,fixed,USDJPY,L,2021-10-08 11:24:00-04:00,2021-10-10 23:13:00-04:00,112.079,112.641,111.741,112.641,1.652,True,2021,2021-10-08 09:00:00,1.0,1.0,1
n3_h4w18_fixed,n3,h4w18,fixed,USDJPY,L,2021-10-08 11:24:00-04:00,2021-10-10 23:13:00-04:00,112.079,112.641,111.741,112.641,1.652,True,2021,2021-10-08 09:00:00,1.0,1.0,1
n2_h4dow_trail,n2,h4dow,trail,USDJPY,L,2021-10-07 21:12:00-04:00,2021-10-11 23:13:00-04:00,111.788,113.218,113.218,,4.6165,True,2021,2021-10-07 21:00:00,1.0,1.0,1
n3_h4dow_trail,n3,h4dow,trail,USDJPY,L,2021-10-07 21:12:00-04:00,2021-10-11 23:13:00-04:00,111.788,113.218,113.218,,4.6165,True,2021,2021-10-07 21:00:00,1.0,1.0,1
n2_h4w18_trail,n2,h4w18,trail,USDJPY,L,2021-10-08 11:24:00-04:00,2021-10-11 23:13:00-04:00,112.079,113.218,113.218,,3.357,True,2021,2021-10-08 09:00:00,1.0,1.0,1
n3_h4w18_trail,n3,h4w18,trail,USDJPY,L,2021-10-08 11:24:00-04:00,2021-10-11 23:13:00-04:00,112.079,113.218,113.218,,3.357,True,2021,2021-10-08 09:00:00,1.0,1.0,1
n3_h4dow_fixed,n3,h4dow,fixed,GBPUSD,S,2021-10-11 20:46:00-04:00,2021-10-12 08:03:00-04:00,1.35836,1.36322,1.36322,1.35026,-1.0287,True,2021,2021-10-11 17:00:00,6.0,0.0,4+
n3_h4dow_trail,n3,h4dow,trail,GBPUSD,S,2021-10-11 20:46:00-04:00,2021-10-12 08:03:00-04:00,1.35836,1.36322,1.36322,,-1.0287,True,2021,2021-10-11 17:00:00,6.0,0.0,4+
n2_h4w18_trail,n2,h4w18,trail,EURUSD,S,2021-10-12 12:54:00-04:00,2021-10-13 04:19:00-04:00,1.15293,1.15576,1.15576,,-1.0194,True,2021,2021-10-12 09:00:00,2.0,0.0,2-3
n2_h4dow_fixed,n2,h4dow,fixed,USDCHF,L,2021-10-12 08:45:00-04:00,2021-10-13 05:48:00-04:00,0.93057,0.92799,0.92799,0.93487,-1.0775,True,2021,2021-10-12 05:00:00,2.0,0.0,2-3
n2_h4dow_trail,n2,h4dow,trail,USDCHF,L,2021-10-12 08:45:00-04:00,2021-10-13 05:48:00-04:00,0.93057,0.92799,0.92799,,-1.0775,True,2021,2021-10-12 05:00:00,2.0,0.0,2-3
n3_h4dow_fixed,n3,h4dow,fixed,USDCHF,L,2021-10-12 08:45:00-04:00,2021-10-13 05:48:00-04:00,0.93057,0.92799,0.92799,0.93487,-1.0775,True,2021,2021-10-12 05:00:00,2.0,0.0,2-3
n3_h4dow_trail,n3,h4dow,trail,USDCHF,L,2021-10-12 08:45:00-04:00,2021-10-13 05:48:00-04:00,0.93057,0.92799,0.92799,,-1.0775,True,2021,2021-10-12 05:00:00,2.0,0.0,2-3
n2_h4dow_fixed,n2,h4dow,fixed,EURUSD,S,2021-10-12 08:34:00-04:00,2021-10-13 09:30:00-04:00,1.15415,1.15673,1.15673,1.14985,-1.0213,True,2021,2021-10-12 05:00:00,2.0,0.0,2-3
n2_h4dow_trail,n2,h4dow,trail,EURUSD,S,2021-10-12 08:34:00-04:00,2021-10-13 09:30:00-04:00,1.15415,1.15673,1.15673,,-1.0213,True,2021,2021-10-12 05:00:00,2.0,0.0,2-3
n2_h4dow_fixed,n2,h4dow,fixed,USDJPY,L,2021-10-13 08:40:00-04:00,2021-10-13 09:31:00-04:00,113.789,113.399,113.399,114.439,-1.006,True,2021,2021-10-13 05:00:00,1.0,1.0,1
n2_h4dow_trail,n2,h4dow,trail,USDJPY,L,2021-10-13 08:40:00-04:00,2021-10-13 09:31:00-04:00,113.789,113.399,113.399,,-1.006,True,2021,2021-10-13 05:00:00,1.0,1.0,1
n3_h4dow_fixed,n3,h4dow,fixed,USDJPY,L,2021-10-13 08:40:00-04:00,2021-10-13 09:31:00-04:00,113.789,113.399,113.399,114.439,-1.006,True,2021,2021-10-13 05:00:00,1.0,1.0,1
n3_h4dow_trail,n3,h4dow,trail,USDJPY,L,2021-10-13 08:40:00-04:00,2021-10-13 09:31:00-04:00,113.789,113.399,113.399,,-1.006,True,2021,2021-10-13 05:00:00,1.0,1.0,1
n2_h4w18_fixed,n2,h4w18,fixed,EURUSD,S,2021-10-06 03:53:00-04:00,2021-10-13 13:38:00-04:00,1.15627,1.15907,1.15907,1.1516,-1.0197,True,2021,2021-10-06 01:00:00,7.0,0.0,4+
n2_h4dow_fixed,n2,h4dow,fixed,USDJPY,L,2021-10-14 19:21:00-04:00,2021-10-15 08:54:00-04:00,113.804,114.429,113.429,114.429,1.6576,True,2021,2021-10-14 17:00:00,2.0,1.0,2-3
n3_h4dow_fixed,n3,h4dow,fixed,USDJPY,L,2021-10-14 19:21:00-04:00,2021-10-15 08:54:00-04:00,113.804,114.429,113.429,114.429,1.6576,True,2021,2021-10-14 17:00:00,2.0,1.0,2-3
n2_h4dow_trail,n2,h4dow,trail,EURUSD,S,2021-10-17 20:55:00-04:00,2021-10-18 08:23:00-04:00,1.1584,1.16064,1.16064,,-0.7887,True,2021,2021-10-17 17:00:00,4.0,0.0,4+
n2_h4dow_fixed,n2,h4dow,fixed,EURUSD,S,2021-10-17 20:55:00-04:00,2021-10-18 09:42:00-04:00,1.1584,1.16131,1.16131,1.15355,-1.019,True,2021,2021-10-17 17:00:00,4.0,0.0,4+
n2_h4dow_trail,n2,h4dow,trail,USDJPY,L,2021-10-14 19:21:00-04:00,2021-10-18 20:56:00-04:00,113.804,114.121,114.121,,0.8368,True,2021,2021-10-14 17:00:00,2.0,1.0,2-3
n3_h4dow_trail,n3,h4dow,trail,USDJPY,L,2021-10-14 19:21:00-04:00,2021-10-18 20:56:00-04:00,113.804,114.121,114.121,,0.8368,True,2021,2021-10-14 17:00:00,2.0,1.0,2-3
n2_h4dow_trail,n2,h4dow,trail,USDCHF,S,2021-10-18 21:38:00-04:00,2021-10-19 22:13:00-04:00,0.9222,0.9242,0.9242,,-0.6602,True,2021,2021-10-18 21:00:00,2.0,0.0,2-3
n2_h4dow_fixed,n2,h4dow,fixed,USDJPY,L,2021-10-19 19:13:00-04:00,2021-10-20 12:58:00-04:00,114.464,114.1,114.1,115.071,-1.0074,True,2021,2021-10-19 17:00:00,3.0,1.0,2-3
n2_h4dow_trail,n2,h4dow,trail,USDJPY,L,2021-10-19 19:13:00-04:00,2021-10-20 12:58:00-04:00,114.464,114.099,114.099,,-1.0065,True,2021,2021-10-19 17:00:00,3.0,1.0,2-3
n3_h4dow_fixed,n3,h4dow,fixed,USDJPY,L,2021-10-19 19:13:00-04:00,2021-10-20 12:58:00-04:00,114.464,114.1,114.1,115.071,-1.0074,True,2021,2021-10-19 17:00:00,3.0,1.0,2-3
n3_h4dow_trail,n3,h4dow,trail,USDJPY,L,2021-10-19 19:13:00-04:00,2021-10-20 12:58:00-04:00,114.464,114.099,114.099,,-1.0065,True,2021,2021-10-19 17:00:00,3.0,1.0,2-3
n2_h4dow_fixed,n2,h4dow,fixed,USDCHF,S,2021-10-18 21:38:00-04:00,2021-10-22 04:06:00-04:00,0.9222,0.91665,0.92553,0.91665,1.6073,True,2021,2021-10-18 21:00:00,2.0,0.0,2-3
n2_h4dow_trail,n2,h4dow,trail,USDCHF,S,2021-10-21 00:00:00-04:00,2021-10-25 03:13:00-04:00,0.91852,0.91777,0.91777,,0.176,True,2021,2021-10-20 21:00:00,1.0,1.0,1
n3_h4dow_trail,n3,h4dow,trail,EURUSD,S,2021-10-25 06:19:00-04:00,2021-10-26 05:48:00-04:00,1.16197,1.16171,1.16171,,0.0676,True,2021,2021-10-25 05:00:00,1.0,1.0,1
n2_h4dow_trail,n2,h4dow,trail,GBPUSD,L,2021-10-26 05:21:00-04:00,2021-10-27 02:03:00-04:00,1.37922,1.37586,1.37586,,-0.8775,True,2021,2021-10-26 05:00:00,4.0,0.0,4+
n2_h4dow_fixed,n2,h4dow,fixed,GBPUSD,L,2021-10-26 05:21:00-04:00,2021-10-27 03:57:00-04:00,1.37922,1.37523,1.37523,1.38587,-1.0354,True,2021,2021-10-26 05:00:00,4.0,0.0,4+
n2_h4dow_trail,n2,h4dow,trail,AUDUSD,L,2021-10-25 21:16:00-04:00,2021-10-27 04:42:00-04:00,0.75054,0.74904,0.74904,,-0.4884,True,2021,2021-10-25 21:00:00,8.0,0.0,4+
n2_h4dow_fixed,n2,h4dow,fixed,USDJPY,L,2021-10-25 22:47:00-04:00,2021-10-27 05:10:00-04:00,113.924,113.542,113.542,114.562,-1.0067,True,2021,2021-10-25 21:00:00,5.0,0.0,4+
n2_h4dow_trail,n2,h4dow,trail,USDJPY,L,2021-10-25 22:47:00-04:00,2021-10-27 05:10:00-04:00,113.924,113.542,113.542,,-1.0067,True,2021,2021-10-25 21:00:00,5.0,0.0,4+
n3_h4dow_fixed,n3,h4dow,fixed,USDJPY,L,2021-10-25 22:47:00-04:00,2021-10-27 05:10:00-04:00,113.924,113.542,113.542,114.562,-1.0067,True,2021,2021-10-25 21:00:00,5.0,0.0,4+
n3_h4dow_trail,n3,h4dow,trail,USDJPY,L,2021-10-25 22:47:00-04:00,2021-10-27 05:10:00-04:00,113.924,113.542,113.542,,-1.0067,True,2021,2021-10-25 21:00:00,5.0,0.0,4+
n3_h4dow_trail,n3,h4dow,trail,EURUSD,S,2021-10-26 10:58:00-04:00,2021-10-27 08:28:00-04:00,1.15907,1.16216,1.16216,,-1.0179,True,2021,2021-10-26 09:00:00,2.0,1.0,2-3
n2_h4dow_fixed,n2,h4dow,fixed,EURUSD,L,2021-10-27 08:32:00-04:00,2021-10-27 10:56:00-04:00,1.16259,1.15963,1.15963,1.16751,-1.0187,True,2021,2021-10-27 05:00:00,4.0,0.0,4+
n2_h4dow_trail,n2,h4dow,trail,EURUSD,L,2021-10-27 08:32:00-04:00,2021-10-27 10:56:00-04:00,1.16259,1.15964,1.15964,,-1.0187,True,2021,2021-10-27 05:00:00,4.0,0.0,4+
n2_h4dow_trail,n2,h4dow,trail,USDCHF,S,2021-10-27 02:31:00-04:00,2021-10-28 04:51:00-04:00,0.91873,0.91901,0.91901,,-0.1859,True,2021,2021-10-27 01:00:00,2.0,1.0,2-3
n3_h4dow_trail,n3,h4dow,trail,EURUSD,S,2021-10-28 04:51:00-04:00,2021-10-28 07:48:00-04:00,1.15848,1.16175,1.16175,,-1.0169,True,2021,2021-10-28 01:00:00,4.0,0.0,4+
n3_h4dow_fixed,n3,h4dow,fixed,EURUSD,S,2021-10-25 06:19:00-04:00,2021-10-28 09:52:00-04:00,1.16197,1.165,1.165,1.15692,-1.0183,True,2021,2021-10-25 05:00:00,1.0,1.0,1
n2_h4dow_fixed,n2,h4dow,fixed,USDCHF,S,2021-10-27 02:31:00-04:00,2021-10-28 10:01:00-04:00,0.91873,0.91445,0.92129,0.91445,1.5949,True,2021,2021-10-27 01:00:00,2.0,1.0,2-3
n2_h4dow_fixed,n2,h4dow,fixed,EURUSD,L,2021-10-28 08:45:00-04:00,2021-10-28 10:20:00-04:00,1.1626,1.1683,1.15918,1.1683,1.6504,True,2021,2021-10-28 05:00:00,5.0,0.0,4+
n2_h4dow_trail,n2,h4dow,trail,AUDUSD,L,2021-10-28 10:06:00-04:00,2021-10-29 08:47:00-04:00,0.75352,0.75236,0.75236,,-0.3224,True,2021,2021-10-28 09:00:00,1.0,1.0,1
n2_h4w18_trail,n2,h4w18,trail,AUDUSD,L,2021-10-28 10:28:00-04:00,2021-10-29 08:47:00-04:00,0.75462,0.75236,0.75236,,-0.6045,True,2021,2021-10-28 09:00:00,1.0,1.0,1
n2_h4w18_fixed,n2,h4w18,fixed,EURUSD,L,2021-10-28 10:06:00-04:00,2021-10-29 08:48:00-04:00,1.16694,1.16302,1.16302,1.17346,-1.0141,True,2021,2021-10-28 09:00:00,5.0,0.0,4+
n2_h4w18_trail,n2,h4w18,trail,EURUSD,L,2021-10-28 10:06:00-04:00,2021-10-29 08:48:00-04:00,1.16694,1.16303,1.16303,,-1.0142,True,2021,2021-10-28 09:00:00,5.0,0.0,4+
n2_h4w18_fixed,n2,h4w18,fixed,AUDUSD,L,2021-10-28 10:28:00-04:00,2021-10-29 10:26:00-04:00,0.75462,0.75072,0.75072,0.76112,-1.025,True,2021,2021-10-28 09:00:00,1.0,1.0,1
n2_h4dow_trail,n2,h4dow,trail,EURUSD,L,2021-10-28 08:45:00-04:00,2021-10-29 10:50:00-04:00,1.1626,1.15918,1.15918,,-1.0161,True,2021,2021-10-28 05:00:00,5.0,0.0,4+
n2_h4w18_fixed,n2,h4w18,fixed,USDCHF,S,2021-10-28 09:54:00-04:00,2021-11-01 14:12:00-04:00,0.91502,0.90985,0.91812,0.90985,1.6044,True,2021,2021-10-28 09:00:00,2.0,1.0,2-3
n3_h4dow_trail,n3,h4dow,trail,USDJPY,L,2021-11-01 01:40:00-04:00,2021-11-01 21:58:00-04:00,114.311,113.94,113.94,,-0.9574,True,2021,2021-11-01 01:00:00,6.0,0.0,4+
n3_h4w18_trail,n3,h4w18,trail,USDJPY,L,2021-11-01 01:40:00-04:00,2021-11-01 21:58:00-04:00,114.311,113.94,113.94,,-0.9574,True,2021,2021-11-01 01:00:00,6.0,0.0,4+
n3_h4dow_fixed,n3,h4dow,fixed,USDJPY,L,2021-11-01 01:40:00-04:00,2021-11-01 23:33:00-04:00,114.311,113.921,113.921,114.961,-1.0061,True,2021,2021-11-01 01:00:00,6.0,0.0,4+
n3_h4w18_fixed,n3,h4w18,fixed,USDJPY,L,2021-11-01 01:40:00-04:00,2021-11-01 23:33:00-04:00,114.311,113.921,113.921,114.961,-1.0061,True,2021,2021-11-01 01:00:00,6.0,0.0,4+
n2_h4dow_fixed,n2,h4dow,fixed,AUDUSD,L,2021-10-25 21:16:00-04:00,2021-11-02 02:05:00-04:00,0.75054,0.74727,0.74727,0.75599,-1.0297,True,2021,2021-10-25 21:00:00,8.0,0.0,4+
n2_h4dow_trail,n2,h4dow,trail,USDCHF,S,2021-10-28 09:01:00-04:00,2021-11-02 04:08:00-04:00,0.91645,0.9109,0.9109,,1.7214,True,2021,2021-10-28 09:00:00,2.0,1.0,2-3
n2_h4w18_trail,n2,h4w18,trail,USDCHF,S,2021-10-28 09:54:00-04:00,2021-11-02 04:08:00-04:00,0.91502,0.9109,0.9109,,1.2657,True,2021,2021-10-28 09:00:00,2.0,1.0,2-3
n2_h4dow_fixed,n2,h4dow,fixed,USDCHF,S,2021-11-01 14:07:00-04:00,2021-11-02 10:11:00-04:00,0.91026,0.91388,0.91388,0.90424,-1.0542,True,2021,2021-11-01 13:00:00,2.0,1.0,2-3
n3_h4dow_fixed,n3,h4dow,fixed,EURUSD,S,2021-11-03 09:15:00-04:00,2021-11-03 14:00:00-04:00,1.15747,1.16044,1.16044,1.15252,-1.0186,True,2021,2021-11-03 09:00:00,1.0,1.0,1
n3_h4dow_trail,n3,h4dow,trail,EURUSD,S,2021-11-03 09:15:00-04:00,2021-11-03 14:00:00-04:00,1.15747,1.15979,1.15979,,-0.7997,True,2021,2021-11-03 09:00:00,1.0,1.0,1
n3_h4dow_trail,n3,h4dow,trail,USDJPY,L,2021-11-03 10:00:00-04:00,2021-11-04 08:00:00-04:00,114.01,113.785,113.785,,-0.6817,True,2021,2021-11-03 09:00:00,1.0,1.0,1
n3_h4dow_fixed,n3,h4dow,fixed,USDJPY,L,2021-11-03 10:00:00-04:00,2021-11-04 10:33:00-04:00,114.01,113.676,113.676,114.568,-1.0076,True,2021,2021-11-03 09:00:00,1.0,1.0,1
n2_h4dow_fixed,n2,h4dow,fixed,USDCHF,S,2021-11-09 12:49:00-05:00,2021-11-10 06:44:00-05:00,0.91126,0.91432,0.91432,0.90616,-1.0642,True,2021,2021-11-09 09:00:00,5.0,0.0,4+
n2_h4dow_trail,n2,h4dow,trail,USDCHF,S,2021-11-09 12:49:00-05:00,2021-11-10 06:44:00-05:00,0.91126,0.91432,0.91432,,-1.0642,True,2021,2021-11-09 09:00:00,5.0,0.0,4+
n3_h4dow_fixed,n3,h4dow,fixed,USDCHF,S,2021-11-09 12:49:00-05:00,2021-11-10 06:44:00-05:00,0.91126,0.91432,0.91432,0.90616,-1.0642,True,2021,2021-11-09 09:00:00,9.0,0.0,4+
n3_h4dow_trail,n3,h4dow,trail,USDCHF,S,2021-11-09 12:49:00-05:00,2021-11-10 06:44:00-05:00,0.91126,0.91432,0.91432,,-1.0642,True,2021,2021-11-09 09:00:00,9.0,0.0,4+
n2_h4dow_fixed,n2,h4dow,fixed,GBPUSD,S,2021-11-10 04:19:00-05:00,2021-11-10 13:06:00-05:00,1.35244,1.34389,1.35757,1.34389,1.6397,True,2021,2021-11-10 01:00:00,4.0,0.0,4+
n2_h4dow_fixed,n2,h4dow,fixed,EURUSD,S,2021-11-10 10:49:00-05:00,2021-11-11 12:52:00-05:00,1.15133,1.14525,1.15497,1.14525,1.6553,True,2021,2021-11-10 09:00:00,1.0,1.0,1
n2_h4w18_fixed,n2,h4w18,fixed,EURUSD,S,2021-11-10 10:49:00-05:00,2021-11-11 12:52:00-05:00,1.15133,1.14525,1.15497,1.14525,1.6553,True,2021,2021-11-10 09:00:00,1.0,1.0,1
n2_h4dow_trail,n2,h4dow,trail,AUDUSD,S,2021-11-11 18:19:00-05:00,2021-11-12 02:23:00-05:00,0.7287,0.73014,0.73014,,-0.3975,True,2021,2021-11-11 17:00:00,0.0,1.0,0
n2_h4dow_trail,n2,h4dow,trail,GBPUSD,S,2021-11-10 04:19:00-05:00,2021-11-12 10:08:00-05:00,1.35244,1.34115,1.34115,,2.1738,True,2021,2021-11-10 01:00:00,4.0,0.0,4+
n2_h4w18_trail,n2,h4w18,trail,GBPUSD,S,2021-11-10 13:07:00-05:00,2021-11-12 10:08:00-05:00,1.34245,1.34115,1.34115,,0.181,True,2021,2021-11-10 13:00:00,4.0,0.0,4+
n2_h4dow_trail,n2,h4dow,trail,EURUSD,S,2021-11-10 10:49:00-05:00,2021-11-12 10:16:00-05:00,1.15133,1.14562,1.14562,,1.5537,True,2021,2021-11-10 09:00:00,1.0,1.0,1
n2_h4w18_trail,n2,h4w18,trail,EURUSD,S,2021-11-10 10:49:00-05:00,2021-11-12 10:16:00-05:00,1.15133,1.14562,1.14562,,1.5537,True,2021,2021-11-10 09:00:00,1.0,1.0,1
n2_h4dow_fixed,n2,h4dow,fixed,AUDUSD,S,2021-11-11 18:19:00-05:00,2021-11-12 12:11:00-05:00,0.7287,0.73256,0.73256,0.72228,-1.0245,True,2021,2021-11-11 17:00:00,0.0,1.0,0
n2_h4dow_fixed,n2,h4dow,fixed,EURUSD,S,2021-11-12 09:31:00-05:00,2021-11-15 12:25:00-05:00,1.14362,1.13812,1.14692,1.13812,1.6502,True,2021,2021-11-12 09:00:00,0.0,1.0,0
n2_h4dow_fixed,n2,h4dow,fixed,EURUSD,S,2021-11-16 05:27:00-05:00,2021-11-16 22:41:00-05:00,1.13564,1.12969,1.13921,1.12969,1.6516,True,2021,2021-11-16 05:00:00,1.0,1.0,1
n2_h4dow_fixed,n2,h4dow,fixed,GBPUSD,S,2021-11-16 22:41:00-05:00,2021-11-17 02:00:00-05:00,1.34054,1.34523,1.34523,1.33272,-1.0294,True,2021,2021-11-16 21:00:00,2.0,0.0,2-3
n2_h4dow_trail,n2,h4dow,trail,GBPUSD,S,2021-11-16 22:41:00-05:00,2021-11-17 02:00:00-05:00,1.34054,1.34524,1.34524,,-1.0293,True,2021,2021-11-16 21:00:00,2.0,0.0,2-3
n2_h4dow_trail,n2,h4dow,trail,EURUSD,S,2021-11-15 10:05:00-05:00,2021-11-17 07:01:00-05:00,1.1433,1.13268,1.13268,,3.487,True,2021,2021-11-15 09:00:00,0.0,1.0,0
n2_h4w18_fixed,n2,h4w18,fixed,GBPUSD,S,2021-11-10 13:07:00-05:00,2021-11-17 09:41:00-05:00,1.34245,1.34887,1.34887,1.33175,-1.0215,True,2021,2021-11-10 13:00:00,4.0,0.0,4+
n2_h4dow_fixed,n2,h4dow,fixed,EURUSD,S,2021-11-19 07:56:00-05:00,2021-11-19 09:14:00-05:00,1.12638,1.13067,1.13067,1.11923,-1.0125,True,2021,2021-11-19 05:00:00,2.0,1.0,2-3
n2_h4dow_trail,n2,h4dow,trail,EURUSD,S,2021-11-19 07:56:00-05:00,2021-11-19 09:14:00-05:00,1.12638,1.13067,1.13067,,-1.0125,True,2021,2021-11-19 05:00:00,2.0,1.0,2-3
n2_h4dow_fixed,n2,h4dow,fixed,GBPUSD,S,2021-11-19 03:53:00-05:00,2021-11-22 09:33:00-05:00,1.34639,1.33961,1.35045,1.33961,1.636,True,2021,2021-11-19 01:00:00,3.0,0.0,2-3
n2_h4dow_fixed,n2,h4dow,fixed,AUDUSD,S,2021-11-16 22:21:00-05:00,2021-11-22 15:54:00-05:00,0.72764,0.72224,0.73088,0.72224,1.6377,True,2021,2021-11-16 21:00:00,1.0,1.0,1
n2_h4dow_trail,n2,h4dow,trail,EURUSD,S,2021-11-22 09:09:00-05:00,2021-11-23 02:21:00-05:00,1.12501,1.1244,1.1244,,0.1309,True,2021,2021-11-22 09:00:00,2.0,1.0,2-3
n2_h4dow_trail,n2,h4dow,trail,GBPUSD,S,2021-11-19 03:53:00-05:00,2021-11-23 02:28:00-05:00,1.34639,1.34058,1.34058,,1.3936,True,2021,2021-11-19 01:00:00,3.0,0.0,2-3
n2_h4w18_trail,n2,h4w18,trail,GBPUSD,S,2021-11-23 07:16:00-05:00,2021-11-24 02:05:00-05:00,1.33532,1.33879,1.33879,,-0.8236,True,2021,2021-11-23 05:00:00,1.0,1.0,1
n2_h4dow_fixed,n2,h4dow,fixed,GBPUSD,S,2021-11-22 10:06:00-05:00,2021-11-24 09:35:00-05:00,1.34075,1.3331,1.34534,1.3331,1.6367,True,2021,2021-11-22 09:00:00,4.0,0.0,4+
n2_h4dow_trail,n2,h4dow,trail,USDCHF,L,2021-11-22 14:55:00-05:00,2021-11-25 02:03:00-05:00,0.93298,0.93338,0.93338,,0.0533,True,2021,2021-11-22 13:00:00,2.0,1.0,2-3
n2_h4w18_trail,n2,h4w18,trail,USDCHF,L,2021-11-22 14:55:00-05:00,2021-11-25 02:03:00-05:00,0.93298,0.93338,0.93338,,0.0533,True,2021,2021-11-22 13:00:00,2.0,1.0,2-3
n2_h4dow_trail,n2,h4dow,trail,AUDUSD,S,2021-11-16 22:21:00-05:00,2021-11-25 17:17:00-05:00,0.72764,0.71931,0.71931,,2.542,True,2021,2021-11-16 21:00:00,1.0,1.0,1
n2_h4w18_trail,n2,h4w18,trail,AUDUSD,S,2021-11-22 14:18:00-05:00,2021-11-25 17:17:00-05:00,0.72262,0.71931,0.71931,,0.9164,True,2021,2021-11-22 13:00:00,2.0,1.0,2-3
n2_h4w18_fixed,n2,h4w18,fixed,AUDUSD,S,2021-11-22 14:18:00-05:00,2021-11-25 19:13:00-05:00,0.72262,0.71677,0.72613,0.71677,1.6401,True,2021,2021-11-22 13:00:00,2.0,1.0,2-3
n2_h4dow_fixed,n2,h4dow,fixed,AUDUSD,S,2021-11-25 18:36:00-05:00,2021-11-25 22:10:00-05:00,0.71798,0.71356,0.72064,0.71356,1.6268,True,2021,2021-11-25 17:00:00,3.0,1.0,2-3
n2_h4dow_trail,n2,h4dow,trail,EURUSD,S,2021-11-24 03:59:00-05:00,2021-11-26 01:51:00-05:00,1.12261,1.12298,1.12298,,-0.1179,True,2021,2021-11-24 01:00:00,3.0,1.0,2-3
n2_h4dow_fixed,n2,h4dow,fixed,USDCHF,L,2021-11-22 14:55:00-05:00,2021-11-26 02:47:00-05:00,0.93298,0.92924,0.92924,0.9392,-1.0535,True,2021,2021-11-22 13:00:00,2.0,1.0,2-3
n2_h4w18_fixed,n2,h4w18,fixed,USDCHF,L,2021-11-22 14:55:00-05:00,2021-11-26 02:47:00-05:00,0.93298,0.92924,0.92924,0.9392,-1.0535,True,2021,2021-11-22 13:00:00,2.0,1.0,2-3
n2_h4w18_fixed,n2,h4w18,fixed,GBPUSD,S,2021-11-23 07:16:00-05:00,2021-11-26 03:05:00-05:00,1.33532,1.32802,1.3397,1.32802,1.6355,True,2021,2021-11-23 05:00:00,1.0,1.0,1
n2_h4dow_trail,n2,h4dow,trail,GBPUSD,S,2021-11-24 08:38:00-05:00,2021-11-26 04:17:00-05:00,1.33426,1.33342,1.33342,,0.1674,True,2021,2021-11-24 05:00:00,1.0,1.0,1
n3_h4dow_trail,n3,h4dow,trail,GBPUSD,S,2021-11-24 08:38:00-05:00,2021-11-26 04:17:00-05:00,1.33426,1.33342,1.33342,,0.1674,True,2021,2021-11-24 05:00:00,1.0,1.0,1
n2_h4dow_fixed,n2,h4dow,fixed,EURUSD,S,2021-11-22 09:09:00-05:00,2021-11-26 06:31:00-05:00,1.12501,1.12926,1.12926,1.11793,-1.0126,True,2021,2021-11-22 09:00:00,2.0,1.0,2-3
n2_h4dow_fixed,n2,h4dow,fixed,GBPUSD,S,2021-11-25 06:09:00-05:00,2021-11-26 15:45:00-05:00,1.33157,1.33562,1.33562,1.32482,-1.0338,True,2021,2021-11-25 05:00:00,2.0,1.0,2-3
n2_h4dow_trail,n2,h4dow,trail,AUDUSD,S,2021-11-25 18:36:00-05:00,2021-11-29 05:35:00-05:00,0.71798,0.71564,0.71564,,0.848,True,2021,2021-11-25 17:00:00,3.0,1.0,2-3
n2_h4dow_fixed,n2,h4dow,fixed,AUDUSD,S,2021-11-30 00:21:00-05:00,2021-11-30 08:16:00-05:00,0.71124,0.71483,0.71483,0.70526,-1.0257,True,2021,2021-11-29 21:00:00,4.0,1.0,4+
n2_h4dow_trail,n2,h4dow,trail,AUDUSD,S,2021-11-30 00:21:00-05:00,2021-11-30 08:16:00-05:00,0.71124,0.71482,0.71482,,-1.0258,True,2021,2021-11-29 21:00:00,4.0,1.0,4+
n3_h4dow_fixed,n3,h4dow,fixed,GBPUSD,S,2021-11-24 08:38:00-05:00,2021-11-30 10:54:00-05:00,1.33426,1.32726,1.33846,1.32726,1.6341,True,2021,2021-11-24 05:00:00,1.0,1.0,1
n2_h4dow_fixed,n2,h4dow,fixed,GBPUSD,S,2021-11-30 10:52:00-05:00,2021-11-30 11:01:00-05:00,1.32878,1.32045,1.33378,1.32045,1.6388,True,2021,2021-11-30 09:00:00,4.0,0.0,4+
n2_h4dow_fixed,n2,h4dow,fixed,EURUSD,S,2021-11-30 10:57:00-05:00,2021-11-30 12:34:00-05:00,1.12586,1.1302,1.1302,1.11864,-1.0124,True,2021,2021-11-30 09:00:00,4.0,0.0,4+
n2_h4dow_trail,n2,h4dow,trail,EURUSD,S,2021-11-30 10:57:00-05:00,2021-11-30 12:34:00-05:00,1.12586,1.1302,1.1302,,-1.0124,True,2021,2021-11-30 09:00:00,4.0,0.0,4+
n3_h4dow_fixed,n3,h4dow,fixed,EURUSD,S,2021-11-30 10:57:00-05:00,2021-11-30 12:34:00-05:00,1.12586,1.1302,1.1302,1.11864,-1.0124,True,2021,2021-11-30 09:00:00,7.0,0.0,4+
n3_h4dow_trail,n3,h4dow,trail,EURUSD,S,2021-11-30 10:57:00-05:00,2021-11-30 12:34:00-05:00,1.12586,1.1302,1.1302,,-1.0124,True,2021,2021-11-30 09:00:00,7.0,0.0,4+
n2_h4dow_trail,n2,h4dow,trail,GBPUSD,S,2021-11-30 10:52:00-05:00,2021-12-01 08:55:00-05:00,1.32878,1.33322,1.33322,,-0.9153,True,2021,2021-11-30 09:00:00,4.0,0.0,4+
n3_h4dow_trail,n3,h4dow,trail,GBPUSD,S,2021-11-30 10:52:00-05:00,2021-12-01 08:55:00-05:00,1.32878,1.33322,1.33322,,-0.9153,True,2021,2021-11-30 09:00:00,4.0,0.0,4+
n2_h4dow_trail,n2,h4dow,trail,AUDUSD,S,2021-12-02 22:18:00-05:00,2021-12-03 08:30:00-05:00,0.70628,0.70828,0.70828,,-0.4808,True,2021,2021-12-02 21:00:00,5.0,0.0,4+
n2_h4dow_fixed,n2,h4dow,fixed,GBPUSD,S,2021-12-03 06:04:00-05:00,2021-12-03 08:30:00-05:00,1.32621,1.33109,1.33109,1.31809,-1.0279,True,2021,2021-12-03 05:00:00,7.0,0.0,4+
n2_h4dow_trail,n2,h4dow,trail,GBPUSD,S,2021-12-03 06:04:00-05:00,2021-12-03 08:30:00-05:00,1.32621,1.33108,1.33108,,-1.028,True,2021,2021-12-03 05:00:00,7.0,0.0,4+
n3_h4dow_fixed,n3,h4dow,fixed,GBPUSD,S,2021-12-03 06:04:00-05:00,2021-12-03 08:30:00-05:00,1.32621,1.33109,1.33109,1.31809,-1.0279,True,2021,2021-12-03 05:00:00,7.0,0.0,4+
n3_h4dow_trail,n3,h4dow,trail,GBPUSD,S,2021-12-03 06:04:00-05:00,2021-12-03 08:30:00-05:00,1.32621,1.33108,1.33108,,-1.028,True,2021,2021-12-03 05:00:00,7.0,0.0,4+
n2_h4dow_fixed,n2,h4dow,fixed,AUDUSD,S,2021-12-02 22:18:00-05:00,2021-12-07 07:13:00-05:00,0.70628,0.71063,0.71063,0.69903,-1.0211,True,2021,2021-12-02 21:00:00,5.0,0.0,4+
n3_h4dow_trail,n3,h4dow,trail,USDCHF,L,2021-12-06 02:48:00-05:00,2021-12-08 02:49:00-05:00,0.92178,0.9231,0.9231,,0.3205,True,2021,2021-12-06 01:00:00,1.0,1.0,1
n2_h4dow_trail,n2,h4dow,trail,EURUSD,S,2021-12-02 12:00:00-05:00,2021-12-08 05:35:00-05:00,1.13027,1.12984,1.12984,,0.0809,True,2021,2021-12-02 09:00:00,6.0,0.0,4+
n3_h4dow_trail,n3,h4dow,trail,EURUSD,S,2021-12-02 12:00:00-05:00,2021-12-08 05:35:00-05:00,1.13027,1.12984,1.12984,,0.0809,True,2021,2021-12-02 09:00:00,9.0,0.0,4+
n2_h4w18_fixed,n2,h4w18,fixed,GBPUSD,S,2021-12-08 06:17:00-05:00,2021-12-08 12:16:00-05:00,1.31945,1.32398,1.32398,1.3119,-1.0299,True,2021,2021-12-08 05:00:00,8.0,0.0,4+
n2_h4w18_trail,n2,h4w18,trail,GBPUSD,S,2021-12-08 06:17:00-05:00,2021-12-08 12:16:00-05:00,1.31945,1.32398,1.32398,,-1.0299,True,2021,2021-12-08 05:00:00,8.0,0.0,4+
n3_h4w18_fixed,n3,h4w18,fixed,GBPUSD,S,2021-12-08 06:17:00-05:00,2021-12-08 12:16:00-05:00,1.31945,1.32398,1.32398,1.3119,-1.0299,True,2021,2021-12-08 05:00:00,8.0,0.0,4+
n3_h4w18_trail,n3,h4w18,trail,GBPUSD,S,2021-12-08 06:17:00-05:00,2021-12-08 12:16:00-05:00,1.31945,1.32398,1.32398,,-1.0299,True,2021,2021-12-08 05:00:00,8.0,0.0,4+
n2_h4dow_fixed,n2,h4dow,fixed,EURUSD,S,2021-12-02 12:00:00-05:00,2021-12-08 12:24:00-05:00,1.13027,1.13492,1.13492,1.12252,-1.0116,True,2021,2021-12-02 09:00:00,6.0,0.0,4+
n3_h4dow_fixed,n3,h4dow,fixed,EURUSD,S,2021-12-02 12:00:00-05:00,2021-12-08 12:24:00-05:00,1.13027,1.13492,1.13492,1.12252,-1.0116,True,2021,2021-12-02 09:00:00,9.0,0.0,4+
n2_h4dow_trail,n2,h4dow,trail,GBPUSD,S,2021-12-08 05:25:00-05:00,2021-12-09 12:58:00-05:00,1.32093,1.3216,1.3216,,-0.1778,True,2021,2021-12-08 05:00:00,8.0,0.0,4+
n3_h4dow_trail,n3,h4dow,trail,GBPUSD,S,2021-12-08 05:25:00-05:00,2021-12-09 12:58:00-05:00,1.32093,1.3216,1.3216,,-0.1778,True,2021,2021-12-08 05:00:00,8.0,0.0,4+
n3_h4dow_trail,n3,h4dow,trail,EURUSD,S,2021-12-10 05:13:00-05:00,2021-12-10 08:33:00-05:00,1.12786,1.1303,1.1303,,-0.7842,True,2021,2021-12-10 05:00:00,4.0,0.0,4+
n3_h4dow_fixed,n3,h4dow,fixed,EURUSD,S,2021-12-10 05:13:00-05:00,2021-12-10 11:12:00-05:00,1.12786,1.13104,1.13104,1.12256,-1.0169,True,2021,2021-12-10 05:00:00,4.0,0.0,4+
n3_h4dow_trail,n3,h4dow,trail,EURUSD,S,2021-12-10 08:45:00-05:00,2021-12-10 11:12:00-05:00,1.12786,1.13104,1.13104,,-1.0169,True,2021,2021-12-10 05:00:00,4.0,0.0,4+
n2_h4dow_fixed,n2,h4dow,fixed,GBPUSD,S,2021-12-08 05:25:00-05:00,2021-12-10 11:42:00-05:00,1.32093,1.32546,1.32546,1.31338,-1.03,True,2021,2021-12-08 05:00:00,8.0,0.0,4+
n3_h4dow_fixed,n3,h4dow,fixed,GBPUSD,S,2021-12-08 05:25:00-05:00,2021-12-10 11:42:00-05:00,1.32093,1.32546,1.32546,1.31338,-1.03,True,2021,2021-12-08 05:00:00,8.0,0.0,4+
n2_h4dow_fixed,n2,h4dow,fixed,USDCHF,S,2021-12-14 04:56:00-05:00,2021-12-14 10:45:00-05:00,0.92061,0.92357,0.92357,0.91569,-1.067,True,2021,2021-12-14 01:00:00,2.0,1.0,2-3
n2_h4dow_trail,n2,h4dow,trail,USDCHF,S,2021-12-14 04:56:00-05:00,2021-12-14 10:45:00-05:00,0.92061,0.92357,0.92357,,-1.067,True,2021,2021-12-14 01:00:00,2.0,1.0,2-3
n3_h4dow_fixed,n3,h4dow,fixed,USDCHF,L,2021-12-06 02:48:00-05:00,2021-12-15 14:00:00-05:00,0.92178,0.9276,0.91828,0.9276,1.606,True,2021,2021-12-06 01:00:00,1.0,1.0,1
n2_h4dow_fixed,n2,h4dow,fixed,GBPUSD,S,2021-12-15 14:00:00-05:00,2021-12-15 14:54:00-05:00,1.3191,1.32352,1.32352,1.31172,-1.0307,True,2021,2021-12-15 13:00:00,1.0,1.0,1
n2_h4dow_trail,n2,h4dow,trail,GBPUSD,S,2021-12-15 14:00:00-05:00,2021-12-15 14:54:00-05:00,1.3191,1.32352,1.32352,,-1.0307,True,2021,2021-12-15 13:00:00,1.0,1.0,1
n3_h4dow_fixed,n3,h4dow,fixed,GBPUSD,S,2021-12-15 14:00:00-05:00,2021-12-15 14:54:00-05:00,1.3191,1.32352,1.32352,1.31172,-1.0307,True,2021,2021-12-15 13:00:00,11.0,0.0,4+
n3_h4dow_trail,n3,h4dow,trail,GBPUSD,S,2021-12-15 14:00:00-05:00,2021-12-15 14:54:00-05:00,1.3191,1.32352,1.32352,,-1.0307,True,2021,2021-12-15 13:00:00,11.0,0.0,4+
n2_h4dow_trail,n2,h4dow,trail,GBPUSD,L,2021-12-23 03:16:00-05:00,2021-12-24 11:37:00-05:00,1.3375,1.33904,1.33904,,0.334,True,2021,2021-12-23 01:00:00,0.0,1.0,0
n2_h4w18_trail,n2,h4w18,trail,GBPUSD,L,2021-12-23 03:16:00-05:00,2021-12-24 11:37:00-05:00,1.3375,1.33904,1.33904,,0.334,True,2021,2021-12-23 01:00:00,0.0,1.0,0
n2_h4w18_trail,n2,h4w18,trail,USDCHF,S,2021-12-23 19:55:00-05:00,2021-12-24 15:05:00-05:00,0.91748,0.91982,0.91982,,-0.7832,True,2021,2021-12-23 17:00:00,0.0,1.0,0
n2_h4dow_fixed,n2,h4dow,fixed,GBPUSD,L,2021-12-23 03:16:00-05:00,2021-12-27 15:52:00-05:00,1.3375,1.3445,1.3333,1.3445,1.6339,True,2021,2021-12-23 01:00:00,0.0,1.0,0
n2_h4w18_fixed,n2,h4w18,fixed,GBPUSD,L,2021-12-23 03:16:00-05:00,2021-12-27 15:52:00-05:00,1.3375,1.3445,1.3333,1.3445,1.6339,True,2021,2021-12-23 01:00:00,0.0,1.0,0
n2_h4dow_trail,n2,h4dow,trail,USDCHF,S,2021-12-28 04:19:00-05:00,2021-12-28 09:45:00-05:00,0.91678,0.91816,0.91816,,-0.6412,True,2021,2021-12-28 01:00:00,1.0,1.0,1
n2_h4dow_trail,n2,h4dow,trail,GBPUSD,L,2021-12-27 09:45:00-05:00,2021-12-28 10:33:00-05:00,1.34381,1.34282,1.34282,,-0.2771,True,2021,2021-12-27 09:00:00,1.0,1.0,1
n2_h4dow_fixed,n2,h4dow,fixed,USDCHF,S,2021-12-28 04:19:00-05:00,2021-12-29 04:03:00-05:00,0.91678,0.91924,0.91924,0.91268,-1.0803,True,2021,2021-12-28 01:00:00,1.0,1.0,1
n2_h4dow_fixed,n2,h4dow,fixed,GBPUSD,L,2021-12-29 08:53:00-05:00,2021-12-30 10:08:00-05:00,1.34615,1.3518,1.34276,1.3518,1.6258,True,2021,2021-12-29 05:00:00,2.0,1.0,2-3
n2_h4w18_fixed,n2,h4w18,fixed,USDCHF,S,2021-12-23 19:55:00-05:00,2021-12-31 05:17:00-05:00,0.91748,0.91208,0.92072,0.91208,1.6059,True,2021,2021-12-23 17:00:00,0.0,1.0,0
n2_h4dow_fixed,n2,h4dow,fixed,USDCHF,S,2021-12-29 09:22:00-05:00,2021-12-31 07:39:00-05:00,0.91597,0.91152,0.91864,0.91152,1.593,True,2021,2021-12-29 09:00:00,2.0,1.0,2-3
n2_h4dow_trail,n2,h4dow,trail,USDCHF,S,2021-12-29 09:22:00-05:00,2022-01-02 21:57:00-05:00,0.91597,0.91431,0.91431,,0.548,True,2022,2021-12-29 09:00:00,2.0,1.0,2-3
n2_h4dow_trail,n2,h4dow,trail,GBPUSD,L,2021-12-29 08:53:00-05:00,2022-01-03 08:11:00-05:00,1.34615,1.34957,1.34957,,0.968,True,2022,2021-12-29 05:00:00,2.0,1.0,2-3
n2_h4dow_fixed,n2,h4dow,fixed,GBPUSD,L,2021-12-31 09:45:00-05:00,2022-01-03 09:18:00-05:00,1.35224,1.34778,1.34778,1.35966,-1.0311,True,2022,2021-12-31 09:00:00,2.0,1.0,2-3
n2_h4dow_trail,n2,h4dow,trail,GBPUSD,L,2022-01-04 10:43:00-05:00,2022-01-06 01:50:00-05:00,1.35501,1.35226,1.35226,,-0.6006,True,2022,2022-01-04 09:00:00,4.0,0.0,4+
n2_h4dow_fixed,n2,h4dow,fixed,GBPUSD,L,2022-01-04 10:43:00-05:00,2022-01-06 02:55:00-05:00,1.35501,1.35019,1.35019,1.36304,-1.0288,True,2022,2022-01-04 09:00:00,4.0,0.0,4+
n2_h4dow_fixed,n2,h4dow,fixed,GBPUSD,L,2022-01-07 08:30:00-05:00,2022-01-11 15:30:00-05:00,1.3559,1.3631,1.35158,1.3631,1.6344,True,2022,2022-01-07 05:00:00,5.0,0.0,4+
n3_h4dow_fixed,n3,h4dow,fixed,USDCHF,S,2022-01-12 10:00:00-05:00,2022-01-13 02:34:00-05:00,0.91818,0.91283,0.92139,0.91283,1.6053,True,2022,2022-01-12 09:00:00,8.0,0.0,4+
n2_h4dow_trail,n2,h4dow,trail,GBPUSD,L,2022-01-07 08:30:00-05:00,2022-01-13 15:46:00-05:00,1.3559,1.37052,1.37052,,3.3518,True,2022,2022-01-07 05:00:00,5.0,0.0,4+
n2_h4w18_trail,n2,h4w18,trail,AUDUSD,L,2022-01-12 10:25:00-05:00,2022-01-13 19:03:00-05:00,0.72778,0.72732,0.72732,,-0.1459,True,2022,2022-01-12 09:00:00,1.0,1.0,1
n3_h4dow_trail,n3,h4dow,trail,USDCHF,S,2022-01-12 10:00:00-05:00,2022-01-14 05:28:00-05:00,0.91818,0.91169,0.91169,,1.9605,True,2022,2022-01-12 09:00:00,8.0,0.0,4+
n3_h4w18_trail,n3,h4w18,trail,USDCHF,S,2022-01-13 09:01:00-05:00,2022-01-14 05:28:00-05:00,0.91023,0.91169,0.91169,,-0.4587,True,2022,2022-01-13 09:00:00,8.0,0.0,4+
n2_h4w18_fixed,n2,h4w18,fixed,AUDUSD,L,2022-01-12 10:25:00-05:00,2022-01-14 08:32:00-05:00,0.72778,0.72398,0.72398,0.73411,-1.0247,True,2022,2022-01-12 09:00:00,1.0,1.0,1
n3_h4w18_fixed,n3,h4w18,fixed,USDCHF,S,2022-01-13 09:01:00-05:00,2022-01-14 12:14:00-05:00,0.91023,0.91385,0.91385,0.90421,-1.0542,True,2022,2022-01-13 09:00:00,8.0,0.0,4+
n3_h4dow_fixed,n3,h4dow,fixed,USDCHF,S,2022-01-13 03:43:00-05:00,2022-01-17 22:50:00-05:00,0.91304,0.91639,0.91639,0.90746,-1.0587,True,2022,2022-01-13 01:00:00,8.0,0.0,4+
n2_h4dow_fixed,n2,h4dow,fixed,GBPUSD,L,2022-01-20 09:57:00-05:00,2022-01-20 15:13:00-05:00,1.36488,1.3609,1.3609,1.3715,-1.0351,True,2022,2022-01-20 09:00:00,9.0,0.0,4+
n2_h4dow_trail,n2,h4dow,trail,GBPUSD,L,2022-01-20 09:57:00-05:00,2022-01-20 15:13:00-05:00,1.36488,1.3609,1.3609,,-1.0351,True,2022,2022-01-20 09:00:00,9.0,0.0,4+
n2_h4dow_trail,n2,h4dow,trail,AUDUSD,L,2022-01-19 09:29:00-05:00,2022-01-20 18:30:00-05:00,0.72294,0.72078,0.72078,,-0.642,True,2022,2022-01-19 09:00:00,3.0,0.0,2-3
n3_h4dow_trail,n3,h4dow,trail,AUDUSD,L,2022-01-19 09:29:00-05:00,2022-01-20 18:30:00-05:00,0.72294,0.72078,0.72078,,-0.642,True,2022,2022-01-19 09:00:00,3.0,0.0,2-3
n2_h4dow_fixed,n2,h4dow,fixed,AUDUSD,L,2022-01-19 09:29:00-05:00,2022-01-20 19:45:00-05:00,0.72294,0.71943,0.71943,0.72879,-1.0266,True,2022,2022-01-19 09:00:00,3.0,0.0,2-3
n3_h4dow_fixed,n3,h4dow,fixed,AUDUSD,L,2022-01-19 09:29:00-05:00,2022-01-20 19:45:00-05:00,0.72294,0.71943,0.71943,0.72879,-1.0266,True,2022,2022-01-19 09:00:00,3.0,0.0,2-3
n3_h4dow_trail,n3,h4dow,trail,USDCHF,S,2022-01-21 03:45:00-05:00,2022-01-24 09:22:00-05:00,0.91393,0.91432,0.91432,,-0.2149,True,2022,2022-01-21 01:00:00,2.0,0.0,2-3
n3_h4dow_fixed,n3,h4dow,fixed,USDCHF,S,2022-01-21 03:45:00-05:00,2022-01-25 02:00:00-05:00,0.91393,0.91666,0.91666,0.90938,-1.0721,True,2022,2022-01-21 01:00:00,2.0,0.0,2-3
n3_h4dow_fixed,n3,h4dow,fixed,GBPUSD,L,2022-02-03 07:00:00-05:00,2022-02-04 08:18:00-05:00,1.35871,1.35475,1.35475,1.36531,-1.0352,True,2022,2022-02-03 05:00:00,0.0,1.0,0
n3_h4dow_trail,n3,h4dow,trail,GBPUSD,L,2022-02-03 07:00:00-05:00,2022-02-04 08:18:00-05:00,1.35871,1.35475,1.35475,,-1.0352,True,2022,2022-02-03 05:00:00,0.0,1.0,0
n2_h4dow_trail,n2,h4dow,trail,AUDUSD,S,2022-02-04 03:05:00-05:00,2022-02-06 23:21:00-05:00,0.71098,0.7087,0.7087,,0.6181,True,2022,2022-02-04 01:00:00,6.0,0.0,4+
n3_h4dow_trail,n3,h4dow,trail,AUDUSD,S,2022-02-04 03:05:00-05:00,2022-02-06 23:21:00-05:00,0.71098,0.7087,0.7087,,0.6181,True,2022,2022-02-04 01:00:00,6.0,0.0,4+
n2_h4dow_trail,n2,h4dow,trail,USDCHF,L,2022-02-04 08:30:00-05:00,2022-02-07 02:39:00-05:00,0.92358,0.92464,0.92464,,0.2533,True,2022,2022-02-04 05:00:00,4.0,0.0,4+
n2_h4dow_trail,n2,h4dow,trail,GBPUSD,S,2022-02-04 08:30:00-05:00,2022-02-08 03:52:00-05:00,1.35381,1.354,1.354,,-0.0707,True,2022,2022-02-04 05:00:00,2.0,0.0,2-3
n2_h4dow_trail,n2,h4dow,trail,USDCHF,L,2022-02-08 02:15:00-05:00,2022-02-08 05:19:00-05:00,0.9262,0.92322,0.92322,,-1.0667,True,2022,2022-02-08 01:00:00,1.0,1.0,1
n2_h4dow_fixed,n2,h4dow,fixed,AUDUSD,S,2022-02-04 03:05:00-05:00,2022-02-08 15:33:00-05:00,0.71098,0.71452,0.71452,0.70508,-1.0261,True,2022,2022-02-04 01:00:00,6.0,0.0,4+
n3_h4dow_fixed,n3,h4dow,fixed,AUDUSD,S,2022-02-04 03:05:00-05:00,2022-02-08 15:33:00-05:00,0.71098,0.71452,0.71452,0.70508,-1.0261,True,2022,2022-02-04 01:00:00,6.0,0.0,4+
n2_h4w18_fixed,n2,h4w18,fixed,USDJPY,L,2022-02-08 18:00:00-05:00,2022-02-08 21:37:00-05:00,115.685,115.358,115.358,116.23,-1.0082,True,2022,2022-02-08 17:00:00,1.0,1.0,1
n2_h4w18_trail,n2,h4w18,trail,USDJPY,L,2022-02-08 18:00:00-05:00,2022-02-08 21:37:00-05:00,115.685,115.358,115.358,,-1.0082,True,2022,2022-02-08 17:00:00,1.0,1.0,1
n3_h4w18_fixed,n3,h4w18,fixed,USDJPY,L,2022-02-08 18:00:00-05:00,2022-02-08 21:37:00-05:00,115.685,115.358,115.358,116.23,-1.0082,True,2022,2022-02-08 17:00:00,1.0,1.0,1
n3_h4w18_trail,n3,h4w18,trail,USDJPY,L,2022-02-08 18:00:00-05:00,2022-02-08 21:37:00-05:00,115.685,115.358,115.358,,-1.0082,True,2022,2022-02-08 17:00:00,1.0,1.0,1
n2_h4dow_fixed,n2,h4dow,fixed,GBPUSD,S,2022-02-04 08:30:00-05:00,2022-02-09 05:28:00-05:00,1.35381,1.35846,1.35846,1.34606,-1.0299,True,2022,2022-02-04 05:00:00,2.0,0.0,2-3
n2_h4dow_fixed,n2,h4dow,fixed,USDJPY,L,2022-02-08 00:04:00-05:00,2022-02-10 08:30:00-05:00,115.429,116.001,115.085,116.001,1.6528,True,2022,2022-02-07 21:00:00,1.0,1.0,1
n3_h4dow_fixed,n3,h4dow,fixed,USDJPY,L,2022-02-08 00:04:00-05:00,2022-02-10 08:30:00-05:00,115.429,116.001,115.085,116.001,1.6528,True,2022,2022-02-07 21:00:00,1.0,1.0,1
n2_h4dow_fixed,n2,h4dow,fixed,USDCHF,L,2022-02-04 08:30:00-05:00,2022-02-10 09:10:00-05:00,0.92358,0.92926,0.92018,0.92926,1.612,True,2022,2022-02-04 05:00:00,4.0,0.0,4+
n2_h4dow_trail,n2,h4dow,trail,USDCHF,L,2022-02-10 08:30:00-05:00,2022-02-10 10:31:00-05:00,0.9263,0.92393,0.92393,,-1.084,True,2022,2022-02-10 05:00:00,2.0,1.0,2-3
n3_h4dow_fixed,n3,h4dow,fixed,USDCHF,L,2022-02-10 08:30:00-05:00,2022-02-10 10:31:00-05:00,0.9263,0.92393,0.92393,0.93025,-1.084,True,2022,2022-02-10 05:00:00,2.0,1.0,2-3
n3_h4dow_trail,n3,h4dow,trail,USDCHF,L,2022-02-10 08:30:00-05:00,2022-02-10 10:31:00-05:00,0.9263,0.92393,0.92393,,-1.084,True,2022,2022-02-10 05:00:00,2.0,1.0,2-3
n2_h4dow_trail,n2,h4dow,trail,USDJPY,L,2022-02-08 00:04:00-05:00,2022-02-11 13:35:00-05:00,115.429,115.732,115.732,,0.8744,True,2022,2022-02-07 21:00:00,1.0,1.0,1
n3_h4dow_trail,n3,h4dow,trail,USDJPY,L,2022-02-08 00:04:00-05:00,2022-02-11 13:35:00-05:00,115.429,115.732,115.732,,0.8744,True,2022,2022-02-07 21:00:00,1.0,1.0,1
n3_h4dow_trail,n3,h4dow,trail,USDCHF,L,2022-02-15 09:58:00-05:00,2022-02-16 02:09:00-05:00,0.92724,0.92486,0.92486,,-0.7286,True,2022,2022-02-15 09:00:00,4.0,1.0,4+
n2_h4dow_trail,n2,h4dow,trail,USDJPY,L,2022-02-15 09:34:00-05:00,2022-02-16 08:49:00-05:00,115.747,115.578,115.578,,-0.3707,True,2022,2022-02-15 09:00:00,3.0,0.0,2-3
n3_h4dow_trail,n3,h4dow,trail,USDJPY,L,2022-02-15 09:34:00-05:00,2022-02-16 08:49:00-05:00,115.747,115.578,115.578,,-0.3707,True,2022,2022-02-15 09:00:00,3.0,0.0,2-3
n3_h4dow_fixed,n3,h4dow,fixed,USDCHF,L,2022-02-15 09:58:00-05:00,2022-02-16 08:58:00-05:00,0.92724,0.9237,0.9237,0.93314,-1.0562,True,2022,2022-02-15 09:00:00,4.0,1.0,4+
n2_h4dow_fixed,n2,h4dow,fixed,USDJPY,L,2022-02-15 09:34:00-05:00,2022-02-16 22:54:00-05:00,115.747,115.283,115.283,116.519,-1.0065,True,2022,2022-02-15 09:00:00,3.0,0.0,2-3
n3_h4dow_fixed,n3,h4dow,fixed,USDJPY,L,2022-02-15 09:34:00-05:00,2022-02-16 22:54:00-05:00,115.747,115.283,115.283,116.519,-1.0065,True,2022,2022-02-15 09:00:00,3.0,0.0,2-3
n2_h4dow_trail,n2,h4dow,trail,AUDUSD,L,2022-02-15 21:07:00-05:00,2022-02-16 22:59:00-05:00,0.71566,0.7157,0.7157,,-0.0117,True,2022,2022-02-15 21:00:00,3.0,0.0,2-3
n2_h4dow_trail,n2,h4dow,trail,AUDUSD,L,2022-02-18 03:01:00-05:00,2022-02-18 11:01:00-05:00,0.72178,0.71761,0.71761,,-1.0223,True,2022,2022-02-18 01:00:00,1.0,1.0,1
n3_h4dow_fixed,n3,h4dow,fixed,EURUSD,L,2022-02-21 02:31:00-05:00,2022-02-21 07:45:00-05:00,1.13771,1.13381,1.13381,1.14421,-1.0139,True,2022,2022-02-21 01:00:00,1.0,1.0,1
n3_h4dow_trail,n3,h4dow,trail,EURUSD,L,2022-02-21 02:31:00-05:00,2022-02-21 07:45:00-05:00,1.13771,1.13381,1.13381,,-1.0139,True,2022,2022-02-21 01:00:00,1.0,1.0,1
n2_h4dow_fixed,n2,h4dow,fixed,AUDUSD,L,2022-02-15 21:07:00-05:00,2022-02-22 05:52:00-05:00,0.71566,0.72318,0.71114,0.72318,1.6431,True,2022,2022-02-15 21:00:00,3.0,0.0,2-3
n2_h4w18_fixed,n2,h4w18,fixed,AUDUSD,L,2022-02-23 03:13:00-05:00,2022-02-23 19:50:00-05:00,0.72487,0.72109,0.72109,0.73117,-1.0248,True,2022,2022-02-23 01:00:00,4.0,0.0,4+
n2_h4w18_trail,n2,h4w18,trail,AUDUSD,L,2022-02-23 03:13:00-05:00,2022-02-23 19:50:00-05:00,0.72487,0.72109,0.72109,,-1.0248,True,2022,2022-02-23 01:00:00,4.0,0.0,4+
n2_h4dow_trail,n2,h4dow,trail,AUDUSD,L,2022-02-22 05:38:00-05:00,2022-02-23 19:59:00-05:00,0.72228,0.72034,0.72034,,-0.5033,True,2022,2022-02-22 05:00:00,3.0,0.0,2-3
n2_h4dow_fixed,n2,h4dow,fixed,AUDUSD,L,2022-02-22 06:37:00-05:00,2022-02-23 22:37:00-05:00,0.72228,0.71824,0.71824,0.729,-1.0231,True,2022,2022-02-22 05:00:00,3.0,0.0,2-3
n2_h4dow_fixed,n2,h4dow,fixed,GBPUSD,S,2022-02-23 14:33:00-05:00,2022-02-24 04:20:00-05:00,1.35387,1.3456,1.35883,1.3456,1.6394,True,2022,2022-02-23 13:00:00,1.0,1.0,1
n2_h4w18_fixed,n2,h4w18,fixed,GBPUSD,S,2022-02-24 02:27:00-05:00,2022-02-24 06:06:00-05:00,1.34863,1.34045,1.35353,1.34045,1.6412,True,2022,2022-02-24 01:00:00,2.0,1.0,2-3
n3_h4w18_fixed,n3,h4w18,fixed,GBPUSD,S,2022-02-24 02:27:00-05:00,2022-02-24 06:06:00-05:00,1.34863,1.34045,1.35353,1.34045,1.6412,True,2022,2022-02-24 01:00:00,2.0,1.0,2-3
n2_h4dow_trail,n2,h4dow,trail,GBPUSD,S,2022-02-23 14:33:00-05:00,2022-02-24 22:21:00-05:00,1.35387,1.34047,1.34047,,2.6683,True,2022,2022-02-23 13:00:00,1.0,1.0,1
n2_h4w18_trail,n2,h4w18,trail,GBPUSD,S,2022-02-24 02:27:00-05:00,2022-02-24 22:21:00-05:00,1.34863,1.34047,1.34047,,1.6338,True,2022,2022-02-24 01:00:00,2.0,1.0,2-3
n3_h4w18_trail,n3,h4w18,trail,GBPUSD,S,2022-02-24 02:27:00-05:00,2022-02-24 22:21:00-05:00,1.34863,1.34047,1.34047,,1.6338,True,2022,2022-02-24 01:00:00,2.0,1.0,2-3
n3_h4dow_trail,n3,h4dow,trail,USDJPY,L,2022-02-24 10:03:00-05:00,2022-02-28 08:43:00-05:00,115.242,115.378,115.378,,0.3138,True,2022,2022-02-24 09:00:00,6.0,0.0,4+
n3_h4dow_fixed,n3,h4dow,fixed,USDJPY,L,2022-02-24 10:03:00-05:00,2022-03-01 04:25:00-05:00,115.242,114.819,114.819,115.947,-1.0054,True,2022,2022-02-24 09:00:00,6.0,0.0,4+
n2_h4w18_fixed,n2,h4w18,fixed,USDCHF,S,2022-03-01 04:44:00-05:00,2022-03-01 05:35:00-05:00,0.91504,0.919,0.919,0.90844,-1.0498,True,2022,2022-03-01 01:00:00,0.0,1.0,0
n2_h4w18_trail,n2,h4w18,trail,USDCHF,S,2022-03-01 04:44:00-05:00,2022-03-01 05:35:00-05:00,0.91504,0.919,0.919,,-1.0498,True,2022,2022-03-01 01:00:00,0.0,1.0,0
n3_h4w18_fixed,n3,h4w18,fixed,USDCHF,S,2022-03-01 04:44:00-05:00,2022-03-01 05:35:00-05:00,0.91504,0.919,0.919,0.90844,-1.0498,True,2022,2022-03-01 01:00:00,5.0,0.0,4+
n3_h4w18_trail,n3,h4w18,trail,USDCHF,S,2022-03-01 04:44:00-05:00,2022-03-01 05:35:00-05:00,0.91504,0.919,0.919,,-1.0498,True,2022,2022-03-01 01:00:00,5.0,0.0,4+
n2_h4dow_trail,n2,h4dow,trail,USDCHF,S,2022-02-28 14:59:00-05:00,2022-03-01 05:39:00-05:00,0.91683,0.91949,0.91949,,-0.6661,True,2022,2022-02-28 13:00:00,5.0,0.0,4+
n3_h4dow_trail,n3,h4dow,trail,USDCHF,S,2022-02-28 14:59:00-05:00,2022-03-01 05:39:00-05:00,0.91683,0.91949,0.91949,,-0.6661,True,2022,2022-02-28 13:00:00,5.0,0.0,4+
n2_h4dow_trail,n2,h4dow,trail,AUDUSD,L,2022-02-28 09:40:00-05:00,2022-03-01 11:56:00-05:00,0.72378,0.72466,0.72466,,0.156,True,2022,2022-02-28 09:00:00,5.0,0.0,4+
n2_h4w18_trail,n2,h4w18,trail,AUDUSD,L,2022-03-01 02:06:00-05:00,2022-03-01 11:56:00-05:00,0.7284,0.72466,0.72466,,-0.8597,True,2022,2022-03-01 01:00:00,1.0,1.0,1
n3_h4w18_trail,n3,h4w18,trail,AUDUSD,L,2022-03-01 02:06:00-05:00,2022-03-01 11:56:00-05:00,0.7284,0.72466,0.72466,,-0.8597,True,2022,2022-03-01 01:00:00,6.0,0.0,4+
n2_h4w18_fixed,n2,h4w18,fixed,AUDUSD,L,2022-03-01 02:06:00-05:00,2022-03-01 14:17:00-05:00,0.7284,0.72394,0.72394,0.73582,-1.0211,True,2022,2022-03-01 01:00:00,1.0,1.0,1
n3_h4w18_fixed,n3,h4w18,fixed,AUDUSD,L,2022-03-01 02:06:00-05:00,2022-03-01 14:17:00-05:00,0.7284,0.72394,0.72394,0.73582,-1.0211,True,2022,2022-03-01 01:00:00,6.0,0.0,4+
n2_h4w18_fixed,n2,h4w18,fixed,GBPUSD,S,2022-03-02 02:21:00-05:00,2022-03-02 06:55:00-05:00,1.32727,1.33336,1.33336,1.31712,-1.0224,True,2022,2022-03-02 01:00:00,4.0,1.0,4+
n2_h4w18_trail,n2,h4w18,trail,GBPUSD,S,2022-03-02 02:21:00-05:00,2022-03-02 06:55:00-05:00,1.32727,1.33336,1.33336,,-1.0224,True,2022,2022-03-02 01:00:00,4.0,1.0,4+
n3_h4w18_fixed,n3,h4w18,fixed,GBPUSD,S,2022-03-02 02:21:00-05:00,2022-03-02 06:55:00-05:00,1.32727,1.33336,1.33336,1.31712,-1.0224,True,2022,2022-03-02 01:00:00,4.0,1.0,4+
n3_h4w18_trail,n3,h4w18,trail,GBPUSD,S,2022-03-02 02:21:00-05:00,2022-03-02 06:55:00-05:00,1.32727,1.33336,1.33336,,-1.0224,True,2022,2022-03-02 01:00:00,4.0,1.0,4+
n2_h4dow_trail,n2,h4dow,trail,GBPUSD,S,2022-03-01 11:41:00-05:00,2022-03-02 08:50:00-05:00,1.33248,1.33392,1.33392,,-0.2714,True,2022,2022-03-01 09:00:00,4.0,1.0,4+
n3_h4dow_trail,n3,h4dow,trail,GBPUSD,S,2022-03-01 11:41:00-05:00,2022-03-02 08:50:00-05:00,1.33248,1.33392,1.33392,,-0.2714,True,2022,2022-03-01 09:00:00,4.0,1.0,4+
n2_h4dow_fixed,n2,h4dow,fixed,USDCHF,S,2022-02-28 14:59:00-05:00,2022-03-02 09:36:00-05:00,0.91683,0.92112,0.92112,0.90968,-1.0461,True,2022,2022-02-28 13:00:00,5.0,0.0,4+
n3_h4dow_fixed,n3,h4dow,fixed,USDCHF,S,2022-02-28 14:59:00-05:00,2022-03-02 09:36:00-05:00,0.91683,0.92112,0.92112,0.90968,-1.0461,True,2022,2022-02-28 13:00:00,5.0,0.0,4+
n2_h4dow_fixed,n2,h4dow,fixed,GBPUSD,S,2022-03-01 11:41:00-05:00,2022-03-02 13:42:00-05:00,1.33248,1.33828,1.33828,1.3228,-1.0236,True,2022,2022-03-01 09:00:00,4.0,1.0,4+
n3_h4dow_fixed,n3,h4dow,fixed,GBPUSD,S,2022-03-01 11:41:00-05:00,2022-03-02 13:42:00-05:00,1.33248,1.33828,1.33828,1.3228,-1.0236,True,2022,2022-03-01 09:00:00,4.0,1.0,4+
n2_h4dow_fixed,n2,h4dow,fixed,AUDUSD,L,2022-02-28 09:40:00-05:00,2022-03-03 01:57:00-05:00,0.72378,0.73218,0.71874,0.73218,1.6479,True,2022,2022-02-28 09:00:00,5.0,0.0,4+
n3_h4dow_fixed,n3,h4dow,fixed,USDJPY,L,2022-03-03 03:15:00-05:00,2022-03-03 15:00:00-05:00,115.784,115.418,115.418,116.394,-1.0075,True,2022,2022-03-03 01:00:00,1.0,1.0,1
n3_h4dow_trail,n3,h4dow,trail,USDJPY,L,2022-03-03 03:15:00-05:00,2022-03-03 15:00:00-05:00,115.784,115.418,115.418,,-1.0075,True,2022,2022-03-03 01:00:00,1.0,1.0,1
n3_h4w18_fixed,n3,h4w18,fixed,USDJPY,L,2022-03-03 03:15:00-05:00,2022-03-03 15:00:00-05:00,115.784,115.418,115.418,116.394,-1.0075,True,2022,2022-03-03 01:00:00,1.0,1.0,1
n3_h4w18_trail,n3,h4w18,trail,USDJPY,L,2022-03-03 03:15:00-05:00,2022-03-03 15:00:00-05:00,115.784,115.418,115.418,,-1.0075,True,2022,2022-03-03 01:00:00,1.0,1.0,1
n2_h4dow_fixed,n2,h4dow,fixed,EURUSD,S,2022-03-01 10:10:00-05:00,2022-03-03 19:25:00-05:00,1.11316,1.10216,1.11976,1.10216,1.6587,True,2022,2022-03-01 09:00:00,5.0,0.0,4+
n3_h4dow_fixed,n3,h4dow,fixed,AUDUSD,L,2022-03-02 11:33:00-05:00,2022-03-03 23:39:00-05:00,0.72897,0.73572,0.72492,0.73572,1.6432,True,2022,2022-03-02 09:00:00,2.0,1.0,2-3
n2_h4dow_fixed,n2,h4dow,fixed,USDCHF,S,2022-03-04 06:11:00-05:00,2022-03-04 08:42:00-05:00,0.91696,0.92058,0.92058,0.91094,-1.0546,True,2022,2022-03-04 05:00:00,2.0,0.0,2-3
n2_h4dow_trail,n2,h4dow,trail,USDCHF,S,2022-03-04 06:11:00-05:00,2022-03-04 08:42:00-05:00,0.91696,0.92058,0.92058,,-1.0546,True,2022,2022-03-04 05:00:00,2.0,0.0,2-3
n3_h4dow_fixed,n3,h4dow,fixed,USDCHF,S,2022-03-04 06:11:00-05:00,2022-03-04 08:42:00-05:00,0.91696,0.92058,0.92058,0.91094,-1.0546,True,2022,2022-03-04 05:00:00,2.0,0.0,2-3
n3_h4dow_trail,n3,h4dow,trail,USDCHF,S,2022-03-04 06:11:00-05:00,2022-03-04 08:42:00-05:00,0.91696,0.92058,0.92058,,-1.0546,True,2022,2022-03-04 05:00:00,2.0,0.0,2-3
n2_h4dow_fixed,n2,h4dow,fixed,GBPUSD,S,2022-03-04 07:41:00-05:00,2022-03-07 03:45:00-05:00,1.3272,1.31715,1.33323,1.31715,1.6441,True,2022,2022-03-04 05:00:00,5.0,1.0,4+
n3_h4dow_fixed,n3,h4dow,fixed,GBPUSD,S,2022-03-04 07:41:00-05:00,2022-03-07 03:45:00-05:00,1.3272,1.31715,1.33323,1.31715,1.6441,True,2022,2022-03-04 05:00:00,5.0,1.0,4+
n2_h4dow_trail,n2,h4dow,trail,AUDUSD,L,2022-03-02 11:33:00-05:00,2022-03-07 09:42:00-05:00,0.72897,0.73558,0.73558,,1.6086,True,2022,2022-03-02 09:00:00,2.0,1.0,2-3
n3_h4dow_trail,n3,h4dow,trail,AUDUSD,L,2022-03-02 11:33:00-05:00,2022-03-07 09:42:00-05:00,0.72897,0.73558,0.73558,,1.6086,True,2022,2022-03-02 09:00:00,2.0,1.0,2-3
n2_h4dow_trail,n2,h4dow,trail,EURUSD,S,2022-03-01 10:10:00-05:00,2022-03-08 03:10:00-05:00,1.11316,1.08851,1.08851,,3.7269,True,2022,2022-03-01 09:00:00,5.0,0.0,4+
n2_h4dow_trail,n2,h4dow,trail,GBPUSD,S,2022-03-04 07:41:00-05:00,2022-03-08 03:23:00-05:00,1.3272,1.31312,1.31312,,2.3125,True,2022,2022-03-04 05:00:00,5.0,1.0,4+
n3_h4dow_trail,n3,h4dow,trail,GBPUSD,S,2022-03-04 07:41:00-05:00,2022-03-08 03:23:00-05:00,1.3272,1.31312,1.31312,,2.3125,True,2022,2022-03-04 05:00:00,5.0,1.0,4+
n2_h4dow_fixed,n2,h4dow,fixed,AUDUSD,L,2022-03-10 02:13:00-05:00,2022-03-11 15:17:00-05:00,0.73374,0.72888,0.72888,0.74184,-1.0195,True,2022,2022-03-10 01:00:00,3.0,1.0,2-3
n2_h4dow_trail,n2,h4dow,trail,AUDUSD,L,2022-03-10 02:13:00-05:00,2022-03-11 15:17:00-05:00,0.73374,0.72888,0.72888,,-1.0195,True,2022,2022-03-10 01:00:00,3.0,1.0,2-3
n3_h4dow_fixed,n3,h4dow,fixed,AUDUSD,L,2022-03-10 02:13:00-05:00,2022-03-11 15:17:00-05:00,0.73374,0.72888,0.72888,0.74184,-1.0195,True,2022,2022-03-10 01:00:00,3.0,1.0,2-3
n3_h4dow_trail,n3,h4dow,trail,AUDUSD,L,2022-03-10 02:13:00-05:00,2022-03-11 15:17:00-05:00,0.73374,0.72888,0.72888,,-1.0195,True,2022,2022-03-10 01:00:00,3.0,1.0,2-3
n2_h4dow_trail,n2,h4dow,trail,GBPUSD,S,2022-03-10 16:06:00-05:00,2022-03-14 05:22:00-04:00,1.30823,1.30529,1.30529,,0.3969,True,2022,2022-03-10 13:00:00,6.0,1.0,4+
n3_h4dow_trail,n3,h4dow,trail,GBPUSD,S,2022-03-10 16:06:00-05:00,2022-03-14 05:22:00-04:00,1.30823,1.30529,1.30529,,0.3969,True,2022,2022-03-10 13:00:00,6.0,1.0,4+
n2_h4dow_trail,n2,h4dow,trail,GBPUSD,S,2022-03-14 15:30:00-04:00,2022-03-15 08:32:00-04:00,1.30095,1.30725,1.30725,,-1.0212,True,2022,2022-03-14 13:00:00,6.0,1.0,4+
n3_h4dow_trail,n3,h4dow,trail,GBPUSD,S,2022-03-14 15:30:00-04:00,2022-03-15 08:32:00-04:00,1.30095,1.30725,1.30725,,-1.0212,True,2022,2022-03-14 13:00:00,6.0,1.0,4+
n2_h4dow_fixed,n2,h4dow,fixed,EURUSD,S,2022-03-15 14:21:00-04:00,2022-03-16 04:33:00-04:00,1.09306,1.10017,1.10017,1.08121,-1.0073,True,2022,2022-03-15 13:00:00,1.0,1.0,1
n2_h4dow_trail,n2,h4dow,trail,EURUSD,S,2022-03-15 14:21:00-04:00,2022-03-16 04:33:00-04:00,1.09306,1.10017,1.10017,,-1.0073,True,2022,2022-03-15 13:00:00,1.0,1.0,1
n2_h4dow_fixed,n2,h4dow,fixed,GBPUSD,S,2022-03-10 16:06:00-05:00,2022-03-16 15:55:00-04:00,1.30823,1.31529,1.31529,1.29645,-1.019,True,2022,2022-03-10 13:00:00,6.0,1.0,4+
n3_h4dow_fixed,n3,h4dow,fixed,GBPUSD,S,2022-03-10 16:06:00-05:00,2022-03-16 15:55:00-04:00,1.30823,1.31529,1.31529,1.29645,-1.019,True,2022,2022-03-10 13:00:00,6.0,1.0,4+
n2_h4dow_fixed,n2,h4dow,fixed,GBPUSD,S,2022-03-22 00:36:00-04:00,2022-03-22 04:44:00-04:00,1.31273,1.31883,1.31883,1.30255,-1.0221,True,2022,2022-03-21 21:00:00,1.0,1.0,1
n2_h4dow_trail,n2,h4dow,trail,GBPUSD,S,2022-03-22 00:36:00-04:00,2022-03-22 04:44:00-04:00,1.31273,1.31884,1.31884,,-1.0221,True,2022,2022-03-21 21:00:00,1.0,1.0,1
n3_h4dow_fixed,n3,h4dow,fixed,GBPUSD,S,2022-03-22 00:36:00-04:00,2022-03-22 04:44:00-04:00,1.31273,1.31883,1.31883,1.30255,-1.0221,True,2022,2022-03-21 21:00:00,9.0,0.0,4+
n3_h4dow_trail,n3,h4dow,trail,GBPUSD,S,2022-03-22 00:36:00-04:00,2022-03-22 04:44:00-04:00,1.31273,1.31884,1.31884,,-1.0221,True,2022,2022-03-21 21:00:00,9.0,0.0,4+
n3_h4dow_trail,n3,h4dow,trail,GBPUSD,S,2022-03-24 04:29:00-04:00,2022-03-25 00:17:00-04:00,1.31753,1.32144,1.32144,,-0.7409,True,2022,2022-03-24 01:00:00,11.0,0.0,4+
n3_h4dow_fixed,n3,h4dow,fixed,GBPUSD,S,2022-03-24 04:29:00-04:00,2022-03-28 09:49:00-04:00,1.31753,1.30843,1.32299,1.30843,1.642,True,2022,2022-03-24 01:00:00,11.0,0.0,4+
n2_h4dow_trail,n2,h4dow,trail,GBPUSD,S,2022-03-27 20:55:00-04:00,2022-03-29 02:45:00-04:00,1.31569,1.31066,1.31066,,0.8513,True,2022,2022-03-27 17:00:00,2.0,0.0,2-3
n3_h4dow_trail,n3,h4dow,trail,GBPUSD,S,2022-03-27 20:55:00-04:00,2022-03-29 02:45:00-04:00,1.31569,1.31066,1.31066,,0.8513,True,2022,2022-03-27 17:00:00,13.0,0.0,4+
n2_h4dow_fixed,n2,h4dow,fixed,GBPUSD,S,2022-03-27 20:55:00-04:00,2022-03-29 04:54:00-04:00,1.31569,1.30611,1.32143,1.30611,1.6455,True,2022,2022-03-27 17:00:00,2.0,0.0,2-3
n2_h4dow_trail,n2,h4dow,trail,GBPUSD,S,2022-03-29 04:54:00-04:00,2022-03-29 07:46:00-04:00,1.3067,1.3119,1.3119,,-1.0258,True,2022,2022-03-29 01:00:00,2.0,0.0,2-3
n3_h4dow_fixed,n3,h4dow,fixed,GBPUSD,S,2022-03-29 04:54:00-04:00,2022-03-29 07:46:00-04:00,1.3067,1.3119,1.3119,1.29802,-1.0258,True,2022,2022-03-29 01:00:00,2.0,0.0,2-3
n3_h4dow_trail,n3,h4dow,trail,GBPUSD,S,2022-03-29 04:54:00-04:00,2022-03-29 07:46:00-04:00,1.3067,1.3119,1.3119,,-1.0258,True,2022,2022-03-29 01:00:00,2.0,0.0,2-3
n3_h4dow_trail,n3,h4dow,trail,GBPUSD,S,2022-04-01 09:19:00-04:00,2022-04-03 23:20:00-04:00,1.31059,1.31186,1.31186,,-0.2804,True,2022,2022-04-01 09:00:00,4.0,0.0,4+
n3_h4dow_trail,n3,h4dow,trail,USDJPY,L,2022-03-31 22:42:00-04:00,2022-04-04 20:45:00-04:00,122.466,122.503,122.503,,0.0363,True,2022,2022-03-31 21:00:00,6.0,1.0,4+
n2_h4dow_fixed,n2,h4dow,fixed,AUDUSD,L,2022-04-01 04:35:00-04:00,2022-04-05 00:31:00-04:00,0.75142,0.75772,0.74764,0.75772,1.6408,True,2022,2022-04-01 01:00:00,1.0,1.0,1
n3_h4dow_fixed,n3,h4dow,fixed,AUDUSD,L,2022-04-04 10:44:00-04:00,2022-04-05 00:35:00-04:00,0.75246,0.75834,0.74893,0.75834,1.638,True,2022,2022-04-04 09:00:00,2.0,1.0,2-3
n2_h4w18_fixed,n2,h4w18,fixed,AUDUSD,L,2022-04-04 10:51:00-04:00,2022-04-05 00:46:00-04:00,0.75402,0.7599,0.75049,0.7599,1.6379,True,2022,2022-04-04 09:00:00,2.0,1.0,2-3
n3_h4w18_fixed,n3,h4w18,fixed,AUDUSD,L,2022-04-04 10:51:00-04:00,2022-04-05 00:46:00-04:00,0.75402,0.7599,0.75049,0.7599,1.6379,True,2022,2022-04-04 09:00:00,2.0,1.0,2-3
n3_h4dow_fixed,n3,h4dow,fixed,GBPUSD,S,2022-04-01 09:19:00-04:00,2022-04-05 09:34:00-04:00,1.31059,1.3156,1.3156,1.30224,-1.0269,True,2022,2022-04-01 09:00:00,4.0,0.0,4+
n2_h4dow_fixed,n2,h4dow,fixed,USDCHF,S,2022-04-05 08:12:00-04:00,2022-04-05 10:23:00-04:00,0.92451,0.92751,0.92751,0.91951,-1.0664,True,2022,2022-04-05 05:00:00,2.0,0.0,2-3
n2_h4dow_trail,n2,h4dow,trail,USDCHF,S,2022-04-05 08:12:00-04:00,2022-04-05 10:23:00-04:00,0.92451,0.92751,0.92751,,-1.0664,True,2022,2022-04-05 05:00:00,2.0,0.0,2-3
n2_h4dow_fixed,n2,h4dow,fixed,USDJPY,L,2022-04-05 03:47:00-04:00,2022-04-05 21:09:00-04:00,122.958,123.98,122.345,123.98,1.6606,True,2022,2022-04-05 01:00:00,1.0,1.0,1
n2_h4dow_trail,n2,h4dow,trail,AUDUSD,L,2022-04-01 04:35:00-04:00,2022-04-05 21:14:00-04:00,0.75142,0.75722,0.75722,,1.5085,True,2022,2022-04-01 01:00:00,1.0,1.0,1
n3_h4dow_trail,n3,h4dow,trail,AUDUSD,L,2022-04-04 10:44:00-04:00,2022-04-05 21:14:00-04:00,0.75246,0.75722,0.75722,,1.3245,True,2022,2022-04-04 09:00:00,2.0,1.0,2-3
n2_h4w18_trail,n2,h4w18,trail,AUDUSD,L,2022-04-04 10:51:00-04:00,2022-04-05 21:14:00-04:00,0.75402,0.75722,0.75722,,0.8813,True,2022,2022-04-04 09:00:00,2.0,1.0,2-3
n3_h4w18_trail,n3,h4w18,trail,AUDUSD,L,2022-04-04 10:51:00-04:00,2022-04-05 21:14:00-04:00,0.75402,0.75722,0.75722,,0.8813,True,2022,2022-04-04 09:00:00,2.0,1.0,2-3
n3_h4dow_fixed,n3,h4dow,fixed,USDJPY,L,2022-03-31 22:42:00-04:00,2022-04-05 22:08:00-04:00,122.466,124.011,121.539,124.011,1.6574,True,2022,2022-03-31 21:00:00,6.0,1.0,4+
n2_h4dow_trail,n2,h4dow,trail,USDJPY,L,2022-04-05 03:47:00-04:00,2022-04-06 14:02:00-04:00,122.958,123.613,123.613,,1.0591,True,2022,2022-04-05 01:00:00,1.0,1.0,1
n3_h4dow_trail,n3,h4dow,trail,USDJPY,L,2022-04-05 03:47:00-04:00,2022-04-06 14:02:00-04:00,122.958,123.613,123.613,,1.0591,True,2022,2022-04-05 01:00:00,8.0,0.0,4+
n2_h4dow_fixed,n2,h4dow,fixed,USDJPY,L,2022-04-07 18:41:00-04:00,2022-04-10 21:36:00-04:00,124.053,124.873,123.561,124.873,1.658,True,2022,2022-04-07 17:00:00,3.0,1.0,2-3
n3_h4dow_fixed,n3,h4dow,fixed,USDJPY,L,2022-04-07 18:41:00-04:00,2022-04-10 21:36:00-04:00,124.053,124.873,123.561,124.873,1.658,True,2022,2022-04-07 17:00:00,3.0,1.0,2-3
n2_h4dow_trail,n2,h4dow,trail,USDCHF,S,2022-04-11 10:30:00-04:00,2022-04-12 02:28:00-04:00,0.93265,0.93226,0.93226,,0.0576,True,2022,2022-04-11 09:00:00,4.0,0.0,4+
n3_h4dow_trail,n3,h4dow,trail,USDCHF,S,2022-04-11 10:30:00-04:00,2022-04-12 02:28:00-04:00,0.93265,0.93226,0.93226,,0.0576,True,2022,2022-04-11 09:00:00,4.0,0.0,4+
n2_h4dow_trail,n2,h4dow,trail,USDJPY,L,2022-04-07 18:41:00-04:00,2022-04-12 08:54:00-04:00,124.053,125.108,125.108,,2.135,True,2022,2022-04-07 17:00:00,3.0,1.0,2-3
n3_h4dow_trail,n3,h4dow,trail,USDJPY,L,2022-04-07 18:41:00-04:00,2022-04-12 08:54:00-04:00,124.053,125.108,125.108,,2.135,True,2022,2022-04-07 17:00:00,3.0,1.0,2-3
n2_h4w18_trail,n2,h4w18,trail,USDJPY,L,2022-04-11 02:16:00-04:00,2022-04-12 08:54:00-04:00,125.102,125.108,125.108,,0.0052,True,2022,2022-04-11 01:00:00,3.0,1.0,2-3
n3_h4w18_trail,n3,h4w18,trail,USDJPY,L,2022-04-11 02:16:00-04:00,2022-04-12 08:54:00-04:00,125.102,125.108,125.108,,0.0052,True,2022,2022-04-11 01:00:00,3.0,1.0,2-3
n2_h4w18_fixed,n2,h4w18,fixed,USDJPY,L,2022-04-11 02:16:00-04:00,2022-04-13 02:21:00-04:00,125.102,125.964,124.584,125.964,1.6573,True,2022,2022-04-11 01:00:00,3.0,1.0,2-3
n3_h4w18_fixed,n3,h4w18,fixed,USDJPY,L,2022-04-11 02:16:00-04:00,2022-04-13 02:21:00-04:00,125.102,125.964,124.584,125.964,1.6573,True,2022,2022-04-11 01:00:00,3.0,1.0,2-3
n2_h4dow_trail,n2,h4dow,trail,USDCHF,S,2022-04-12 08:43:00-04:00,2022-04-13 02:53:00-04:00,0.93039,0.93382,0.93382,,-1.0462,True,2022,2022-04-12 05:00:00,5.0,0.0,4+
n3_h4dow_trail,n3,h4dow,trail,USDCHF,S,2022-04-12 08:43:00-04:00,2022-04-13 02:53:00-04:00,0.93039,0.93382,0.93382,,-1.0462,True,2022,2022-04-12 05:00:00,5.0,0.0,4+
n2_h4dow_fixed,n2,h4dow,fixed,GBPUSD,S,2022-04-13 02:54:00-04:00,2022-04-13 10:19:00-04:00,1.29824,1.30276,1.30276,1.29072,-1.0295,True,2022,2022-04-13 01:00:00,2.0,1.0,2-3
n2_h4dow_trail,n2,h4dow,trail,GBPUSD,S,2022-04-13 02:54:00-04:00,2022-04-13 10:19:00-04:00,1.29824,1.30276,1.30276,,-1.0295,True,2022,2022-04-13 01:00:00,2.0,1.0,2-3
n2_h4dow_trail,n2,h4dow,trail,USDJPY,L,2022-04-13 02:20:00-04:00,2022-04-13 19:58:00-04:00,125.773,125.372,125.372,,-0.7156,True,2022,2022-04-13 01:00:00,4.0,1.0,4+
n3_h4dow_trail,n3,h4dow,trail,USDJPY,L,2022-04-13 02:20:00-04:00,2022-04-13 19:58:00-04:00,125.773,125.372,125.372,,-0.7156,True,2022,2022-04-13 01:00:00,4.0,1.0,4+
n2_h4dow_fixed,n2,h4dow,fixed,USDJPY,L,2022-04-13 02:20:00-04:00,2022-04-13 23:25:00-04:00,125.773,125.209,125.209,126.713,-1.0041,True,2022,2022-04-13 01:00:00,4.0,1.0,4+
n3_h4dow_fixed,n3,h4dow,fixed,USDJPY,L,2022-04-13 02:20:00-04:00,2022-04-13 23:25:00-04:00,125.773,125.209,125.209,126.713,-1.0041,True,2022,2022-04-13 01:00:00,4.0,1.0,4+
n2_h4dow_fixed,n2,h4dow,fixed,USDCHF,S,2022-04-11 10:30:00-04:00,2022-04-14 07:46:00-04:00,0.93265,0.93593,0.93593,0.92717,-1.0613,True,2022,2022-04-11 09:00:00,4.0,0.0,4+
n3_h4dow_fixed,n3,h4dow,fixed,USDCHF,S,2022-04-11 10:30:00-04:00,2022-04-14 07:46:00-04:00,0.93265,0.93593,0.93593,0.92717,-1.0613,True,2022,2022-04-11 09:00:00,4.0,0.0,4+
n2_h4dow_trail,n2,h4dow,trail,USDJPY,L,2022-04-14 20:54:00-04:00,2022-04-17 21:24:00-04:00,126.318,126.313,126.313,,-0.0137,True,2022,2022-04-14 17:00:00,5.0,1.0,4+
n3_h4dow_trail,n3,h4dow,trail,USDJPY,L,2022-04-14 20:54:00-04:00,2022-04-17 21:24:00-04:00,126.318,126.313,126.313,,-0.0137,True,2022,2022-04-14 17:00:00,5.0,1.0,4+
n2_h4dow_fixed,n2,h4dow,fixed,USDJPY,L,2022-04-14 20:54:00-04:00,2022-04-18 20:50:00-04:00,126.318,127.328,125.712,127.328,1.661,True,2022,2022-04-14 17:00:00,5.0,1.0,4+
n3_h4dow_fixed,n3,h4dow,fixed,USDJPY,L,2022-04-14 20:54:00-04:00,2022-04-18 20:50:00-04:00,126.318,127.328,125.712,127.328,1.661,True,2022,2022-04-14 17:00:00,5.0,1.0,4+
n2_h4dow_trail,n2,h4dow,trail,GBPUSD,S,2022-04-17 23:09:00-04:00,2022-04-19 04:19:00-04:00,1.30338,1.3025,1.3025,,0.1716,True,2022,2022-04-17 21:00:00,3.0,0.0,2-3
n2_h4dow_trail,n2,h4dow,trail,USDJPY,L,2022-04-18 11:13:00-04:00,2022-04-20 05:34:00-04:00,126.791,128.06,128.06,,2.544,True,2022,2022-04-18 09:00:00,5.0,1.0,4+
n3_h4dow_trail,n3,h4dow,trail,USDJPY,L,2022-04-18 11:13:00-04:00,2022-04-20 05:34:00-04:00,126.791,128.06,128.06,,2.544,True,2022,2022-04-18 09:00:00,5.0,1.0,4+
n2_h4dow_fixed,n2,h4dow,fixed,GBPUSD,S,2022-04-17 23:09:00-04:00,2022-04-21 02:42:00-04:00,1.30338,1.30773,1.30773,1.29613,-1.0308,True,2022,2022-04-17 21:00:00,3.0,0.0,2-3
n3_h4dow_fixed,n3,h4dow,fixed,GBPUSD,S,2022-04-22 02:42:00-04:00,2022-04-22 04:28:00-04:00,1.29809,1.29006,1.30291,1.29006,1.6384,True,2022,2022-04-22 01:00:00,1.0,1.0,1
n3_h4w18_fixed,n3,h4w18,fixed,GBPUSD,S,2022-04-22 02:47:00-04:00,2022-04-22 04:41:00-04:00,1.29728,1.28925,1.3021,1.28925,1.6384,True,2022,2022-04-22 01:00:00,1.0,1.0,1
n2_h4dow_trail,n2,h4dow,trail,USDJPY,L,2022-04-22 11:10:00-04:00,2022-04-25 02:47:00-04:00,128.705,128.138,128.138,,-0.7215,True,2022,2022-04-22 09:00:00,7.0,1.0,4+
n3_h4dow_trail,n3,h4dow,trail,USDJPY,L,2022-04-22 11:10:00-04:00,2022-04-25 02:47:00-04:00,128.705,128.138,128.138,,-0.7215,True,2022,2022-04-22 09:00:00,7.0,1.0,4+
n2_h4dow_fixed,n2,h4dow,fixed,USDJPY,L,2022-04-22 11:10:00-04:00,2022-04-25 04:32:00-04:00,128.705,127.916,127.916,130.02,-1.0023,True,2022,2022-04-22 09:00:00,7.0,1.0,4+
n3_h4dow_fixed,n3,h4dow,fixed,USDJPY,L,2022-04-22 11:10:00-04:00,2022-04-25 04:32:00-04:00,128.705,127.916,127.916,130.02,-1.0023,True,2022,2022-04-22 09:00:00,7.0,1.0,4+
n3_h4dow_fixed,n3,h4dow,fixed,GBPUSD,S,2022-04-26 07:27:00-04:00,2022-04-26 13:57:00-04:00,1.26974,1.25924,1.27604,1.25924,1.6461,True,2022,2022-04-26 05:00:00,1.0,1.0,1
n2_h4dow_fixed,n2,h4dow,fixed,EURUSD,S,2022-04-26 03:18:00-04:00,2022-04-27 03:19:00-04:00,1.06968,1.061,1.07488,1.061,1.6595,True,2022,2022-04-26 01:00:00,0.0,1.0,0
n2_h4dow_fixed,n2,h4dow,fixed,USDJPY,L,2022-04-27 23:10:00-04:00,2022-04-28 02:55:00-04:00,129.11,130.472,128.292,130.472,1.6575,True,2022,2022-04-27 21:00:00,9.0,0.0,4+
n3_h4dow_fixed,n3,h4dow,fixed,USDJPY,L,2022-04-27 23:10:00-04:00,2022-04-28 02:55:00-04:00,129.11,130.472,128.292,130.472,1.6575,True,2022,2022-04-27 21:00:00,9.0,0.0,4+
n2_h4w18_fixed,n2,h4w18,fixed,USDJPY,L,2022-04-27 23:13:00-04:00,2022-04-28 04:51:00-04:00,129.406,130.768,128.588,130.768,1.6575,True,2022,2022-04-27 21:00:00,9.0,0.0,4+
n3_h4w18_fixed,n3,h4w18,fixed,USDJPY,L,2022-04-27 23:13:00-04:00,2022-04-28 04:51:00-04:00,129.406,130.768,128.588,130.768,1.6575,True,2022,2022-04-27 21:00:00,9.0,0.0,4+
n2_h4dow_trail,n2,h4dow,trail,AUDUSD,S,2022-04-26 15:31:00-04:00,2022-04-28 20:00:00-04:00,0.71346,0.71112,0.71112,,0.3882,True,2022,2022-04-26 13:00:00,1.0,1.0,1
n3_h4dow_trail,n3,h4dow,trail,AUDUSD,S,2022-04-27 09:28:00-04:00,2022-04-28 20:00:00-04:00,0.71188,0.71112,0.71112,,0.1095,True,2022,2022-04-27 09:00:00,1.0,1.0,1
n2_h4dow_trail,n2,h4dow,trail,EURUSD,S,2022-04-26 03:18:00-04:00,2022-04-29 01:18:00-04:00,1.06968,1.05313,1.05313,,3.1729,True,2022,2022-04-26 01:00:00,0.0,1.0,0
n3_h4dow_trail,n3,h4dow,trail,GBPUSD,S,2022-04-22 02:42:00-04:00,2022-04-29 03:54:00-04:00,1.29809,1.25704,1.25704,,8.507,True,2022,2022-04-22 01:00:00,1.0,1.0,1
n3_h4w18_trail,n3,h4w18,trail,GBPUSD,S,2022-04-22 02:47:00-04:00,2022-04-29 03:54:00-04:00,1.29728,1.25704,1.25704,,8.3212,True,2022,2022-04-22 01:00:00,1.0,1.0,1
n3_h4dow_fixed,n3,h4dow,fixed,GBPUSD,S,2022-04-28 01:40:00-04:00,2022-04-29 04:42:00-04:00,1.25025,1.25717,1.25717,1.23873,-1.0186,True,2022,2022-04-28 01:00:00,2.0,1.0,2-3
n3_h4dow_fixed,n3,h4dow,fixed,AUDUSD,S,2022-04-27 09:28:00-04:00,2022-04-29 07:36:00-04:00,0.71188,0.71798,0.71798,0.7017,-1.0152,True,2022,2022-04-27 09:00:00,1.0,1.0,1
n2_h4dow_trail,n2,h4dow,trail,USDJPY,L,2022-04-27 23:10:00-04:00,2022-04-29 10:54:00-04:00,129.11,129.769,129.769,,0.7998,True,2022,2022-04-27 21:00:00,9.0,0.0,4+
n3_h4dow_trail,n3,h4dow,trail,USDJPY,L,2022-04-27 23:10:00-04:00,2022-04-29 10:54:00-04:00,129.11,129.769,129.769,,0.7998,True,2022,2022-04-27 21:00:00,9.0,0.0,4+
n2_h4w18_trail,n2,h4w18,trail,USDJPY,L,2022-04-27 23:13:00-04:00,2022-04-29 10:54:00-04:00,129.406,129.769,129.769,,0.4387,True,2022,2022-04-27 21:00:00,9.0,0.0,4+
n3_h4w18_trail,n3,h4w18,trail,USDJPY,L,2022-04-27 23:13:00-04:00,2022-04-29 10:54:00-04:00,129.406,129.769,129.769,,0.4387,True,2022,2022-04-27 21:00:00,9.0,0.0,4+
n2_h4dow_fixed,n2,h4dow,fixed,AUDUSD,S,2022-04-26 15:31:00-04:00,2022-05-01 22:07:00-04:00,0.71346,0.70381,0.71925,0.70381,1.6508,True,2022,2022-04-26 13:00:00,1.0,1.0,1
n2_h4dow_trail,n2,h4dow,trail,AUDUSD,S,2022-05-01 21:14:00-04:00,2022-05-02 20:35:00-04:00,0.7055,0.70768,0.70768,,-0.3489,True,2022,2022-05-01 21:00:00,3.0,1.0,2-3
n3_h4dow_trail,n3,h4dow,trail,AUDUSD,S,2022-05-01 21:14:00-04:00,2022-05-02 20:35:00-04:00,0.7055,0.70768,0.70768,,-0.3489,True,2022,2022-05-01 21:00:00,3.0,1.0,2-3
n2_h4dow_fixed,n2,h4dow,fixed,AUDUSD,S,2022-05-02 14:15:00-04:00,2022-05-02 20:56:00-04:00,0.70324,0.70917,0.70917,0.69336,-1.0154,True,2022,2022-05-02 13:00:00,3.0,1.0,2-3
n3_h4dow_fixed,n3,h4dow,fixed,AUDUSD,S,2022-05-01 21:14:00-04:00,2022-05-03 00:30:00-04:00,0.7055,0.71201,0.71201,0.69465,-1.0141,True,2022,2022-05-01 21:00:00,3.0,1.0,2-3
n2_h4dow_trail,n2,h4dow,trail,GBPUSD,S,2022-05-03 14:41:00-04:00,2022-05-04 03:41:00-04:00,1.24733,1.25061,1.25061,,-0.4455,True,2022,2022-05-03 13:00:00,3.0,0.0,2-3
n3_h4dow_trail,n3,h4dow,trail,GBPUSD,S,2022-05-03 14:41:00-04:00,2022-05-04 03:41:00-04:00,1.24733,1.25061,1.25061,,-0.4455,True,2022,2022-05-03 13:00:00,4.0,0.0,4+
n2_h4dow_fixed,n2,h4dow,fixed,GBPUSD,S,2022-05-03 14:41:00-04:00,2022-05-04 14:46:00-04:00,1.24733,1.25498,1.25498,1.23458,-1.0168,True,2022,2022-05-03 13:00:00,3.0,0.0,2-3
n3_h4dow_fixed,n3,h4dow,fixed,GBPUSD,S,2022-05-03 14:41:00-04:00,2022-05-04 14:46:00-04:00,1.24733,1.25498,1.25498,1.23458,-1.0168,True,2022,2022-05-03 13:00:00,4.0,0.0,4+
n2_h4dow_fixed,n2,h4dow,fixed,USDJPY,L,2022-05-04 14:31:00-04:00,2022-05-04 14:46:00-04:00,130.206,129.678,129.678,131.086,-1.0044,True,2022,2022-05-04 13:00:00,2.0,1.0,2-3
n2_h4dow_trail,n2,h4dow,trail,USDJPY,L,2022-05-04 14:31:00-04:00,2022-05-04 14:46:00-04:00,130.206,129.678,129.678,,-1.0044,True,2022,2022-05-04 13:00:00,2.0,1.0,2-3
n3_h4dow_fixed,n3,h4dow,fixed,USDJPY,L,2022-05-04 14:31:00-04:00,2022-05-04 14:46:00-04:00,130.206,129.678,129.678,131.086,-1.0044,True,2022,2022-05-04 13:00:00,2.0,1.0,2-3
n3_h4dow_trail,n3,h4dow,trail,USDJPY,L,2022-05-04 14:31:00-04:00,2022-05-04 14:46:00-04:00,130.206,129.678,129.678,,-1.0044,True,2022,2022-05-04 13:00:00,2.0,1.0,2-3
n3_h4dow_fixed,n3,h4dow,fixed,GBPUSD,S,2022-05-05 07:21:00-04:00,2022-05-06 02:54:00-04:00,1.24515,1.22985,1.25433,1.22985,1.6528,True,2022,2022-05-05 05:00:00,5.0,0.0,4+
n2_h4dow_fixed,n2,h4dow,fixed,EURUSD,S,2022-05-06 02:56:00-04:00,2022-05-06 04:31:00-04:00,1.04927,1.05561,1.05561,1.03869,-1.0079,True,2022,2022-05-06 01:00:00,3.0,0.0,2-3
n2_h4dow_trail,n2,h4dow,trail,EURUSD,S,2022-05-06 02:56:00-04:00,2022-05-06 04:31:00-04:00,1.04927,1.05562,1.05562,,-1.0079,True,2022,2022-05-06 01:00:00,3.0,0.0,2-3
n3_h4dow_fixed,n3,h4dow,fixed,EURUSD,S,2022-05-06 02:56:00-04:00,2022-05-06 04:31:00-04:00,1.04927,1.05561,1.05561,1.03869,-1.0079,True,2022,2022-05-06 01:00:00,3.0,0.0,2-3
n3_h4dow_trail,n3,h4dow,trail,EURUSD,S,2022-05-06 02:56:00-04:00,2022-05-06 04:31:00-04:00,1.04927,1.05562,1.05562,,-1.0079,True,2022,2022-05-06 01:00:00,3.0,0.0,2-3
n2_h4dow_trail,n2,h4dow,trail,AUDUSD,S,2022-05-05 12:49:00-04:00,2022-05-06 08:37:00-04:00,0.70794,0.71328,0.71328,,-0.8193,True,2022,2022-05-05 09:00:00,4.0,1.0,4+
n3_h4dow_trail,n3,h4dow,trail,AUDUSD,S,2022-05-05 12:49:00-04:00,2022-05-06 08:37:00-04:00,0.70794,0.71328,0.71328,,-0.8193,True,2022,2022-05-05 09:00:00,4.0,1.0,4+
n2_h4dow_fixed,n2,h4dow,fixed,GBPUSD,S,2022-05-09 01:21:00-04:00,2022-05-09 07:56:00-04:00,1.22763,1.23653,1.23653,1.2128,-1.0142,True,2022,2022-05-09 01:00:00,0.0,1.0,0
n2_h4dow_trail,n2,h4dow,trail,GBPUSD,S,2022-05-09 01:21:00-04:00,2022-05-09 07:56:00-04:00,1.22763,1.23653,1.23653,,-1.0142,True,2022,2022-05-09 01:00:00,0.0,1.0,0
n3_h4dow_fixed,n3,h4dow,fixed,GBPUSD,S,2022-05-09 01:21:00-04:00,2022-05-09 07:56:00-04:00,1.22763,1.23653,1.23653,1.2128,-1.0142,True,2022,2022-05-09 01:00:00,5.0,0.0,4+
n3_h4dow_trail,n3,h4dow,trail,GBPUSD,S,2022-05-05 07:21:00-04:00,2022-05-09 08:05:00-04:00,1.24515,1.23799,1.23799,,0.7661,True,2022,2022-05-05 05:00:00,5.0,0.0,4+
n3_h4w18_trail,n3,h4w18,trail,GBPUSD,S,2022-05-05 07:40:00-04:00,2022-05-09 08:05:00-04:00,1.24113,1.23799,1.23799,,0.3282,True,2022,2022-05-05 05:00:00,5.0,0.0,4+
n2_h4w18_fixed,n2,h4w18,fixed,USDJPY,L,2022-05-09 02:53:00-04:00,2022-05-09 08:34:00-04:00,131.252,130.565,130.565,132.397,-1.0046,True,2022,2022-05-09 01:00:00,0.0,1.0,0
n2_h4w18_trail,n2,h4w18,trail,USDJPY,L,2022-05-09 02:53:00-04:00,2022-05-09 08:34:00-04:00,131.252,130.565,130.565,,-1.0046,True,2022,2022-05-09 01:00:00,0.0,1.0,0
n3_h4w18_fixed,n3,h4w18,fixed,USDJPY,L,2022-05-09 02:53:00-04:00,2022-05-09 08:34:00-04:00,131.252,130.565,130.565,132.397,-1.0046,True,2022,2022-05-09 01:00:00,3.0,0.0,2-3
n3_h4w18_trail,n3,h4w18,trail,USDJPY,L,2022-05-09 02:53:00-04:00,2022-05-09 08:34:00-04:00,131.252,130.565,130.565,,-1.0046,True,2022,2022-05-09 01:00:00,3.0,0.0,2-3
n2_h4dow_fixed,n2,h4dow,fixed,AUDUSD,S,2022-05-05 12:49:00-04:00,2022-05-09 11:30:00-04:00,0.70794,0.69689,0.71457,0.69689,1.6529,True,2022,2022-05-05 09:00:00,4.0,1.0,4+
n3_h4dow_fixed,n3,h4dow,fixed,AUDUSD,S,2022-05-05 12:49:00-04:00,2022-05-09 11:30:00-04:00,0.70794,0.69689,0.71457,0.69689,1.6529,True,2022,2022-05-05 09:00:00,4.0,1.0,4+
n2_h4dow_trail,n2,h4dow,trail,USDJPY,L,2022-05-05 11:08:00-04:00,2022-05-09 11:31:00-04:00,130.384,130.151,130.151,,-0.3097,True,2022,2022-05-05 09:00:00,3.0,0.0,2-3
n3_h4dow_trail,n3,h4dow,trail,USDJPY,L,2022-05-05 11:08:00-04:00,2022-05-09 11:31:00-04:00,130.384,130.151,130.151,,-0.3097,True,2022,2022-05-05 09:00:00,3.0,0.0,2-3
n2_h4w18_trail,n2,h4w18,trail,AUDUSD,S,2022-05-08 20:19:00-04:00,2022-05-11 03:22:00-04:00,0.70298,0.69818,0.69818,,0.6398,True,2022,2022-05-08 17:00:00,5.0,0.0,4+
n3_h4w18_trail,n3,h4w18,trail,AUDUSD,S,2022-05-08 20:19:00-04:00,2022-05-11 03:22:00-04:00,0.70298,0.69818,0.69818,,0.6398,True,2022,2022-05-08 17:00:00,5.0,0.0,4+
n2_h4dow_fixed,n2,h4dow,fixed,USDJPY,L,2022-05-05 11:08:00-04:00,2022-05-11 05:13:00-04:00,130.384,129.622,129.622,131.654,-1.0027,True,2022,2022-05-05 09:00:00,3.0,0.0,2-3
n3_h4dow_fixed,n3,h4dow,fixed,USDJPY,L,2022-05-05 11:08:00-04:00,2022-05-11 05:13:00-04:00,130.384,129.622,129.622,131.654,-1.0027,True,2022,2022-05-05 09:00:00,3.0,0.0,2-3
n2_h4dow_fixed,n2,h4dow,fixed,GBPUSD,S,2022-05-11 08:38:00-04:00,2022-05-11 09:29:00-04:00,1.22918,1.2365,1.2365,1.21698,-1.0173,True,2022,2022-05-11 05:00:00,1.0,1.0,1
n2_h4dow_trail,n2,h4dow,trail,GBPUSD,S,2022-05-11 08:38:00-04:00,2022-05-11 09:29:00-04:00,1.22918,1.2365,1.2365,,-1.0173,True,2022,2022-05-11 05:00:00,1.0,1.0,1
n3_h4dow_fixed,n3,h4dow,fixed,GBPUSD,S,2022-05-11 08:38:00-04:00,2022-05-11 09:29:00-04:00,1.22918,1.2365,1.2365,1.21698,-1.0173,True,2022,2022-05-11 05:00:00,1.0,1.0,1
n3_h4dow_trail,n3,h4dow,trail,GBPUSD,S,2022-05-11 08:38:00-04:00,2022-05-11 09:29:00-04:00,1.22918,1.2365,1.2365,,-1.0173,True,2022,2022-05-11 05:00:00,1.0,1.0,1
n3_h4dow_fixed,n3,h4dow,fixed,EURUSD,S,2022-05-11 08:30:00-04:00,2022-05-11 09:49:00-04:00,1.05256,1.05763,1.05763,1.04411,-1.0099,True,2022,2022-05-11 05:00:00,2.0,1.0,2-3
n3_h4dow_trail,n3,h4dow,trail,EURUSD,S,2022-05-11 08:30:00-04:00,2022-05-11 09:49:00-04:00,1.05256,1.05763,1.05763,,-1.0099,True,2022,2022-05-11 05:00:00,2.0,1.0,2-3
n3_h4w18_fixed,n3,h4w18,fixed,GBPUSD,S,2022-05-05 07:40:00-04:00,2022-05-11 15:05:00-04:00,1.24113,1.22583,1.25031,1.22583,1.6528,True,2022,2022-05-05 05:00:00,5.0,0.0,4+
n2_h4w18_fixed,n2,h4w18,fixed,AUDUSD,S,2022-05-08 20:19:00-04:00,2022-05-11 22:52:00-04:00,0.70298,0.6907,0.71034,0.6907,1.6562,True,2022,2022-05-08 17:00:00,5.0,0.0,4+
n3_h4w18_fixed,n3,h4w18,fixed,AUDUSD,S,2022-05-08 20:19:00-04:00,2022-05-11 22:52:00-04:00,0.70298,0.6907,0.71034,0.6907,1.6562,True,2022,2022-05-08 17:00:00,5.0,0.0,4+
n2_h4dow_trail,n2,h4dow,trail,AUDUSD,S,2022-05-11 22:50:00-04:00,2022-05-13 01:32:00-04:00,0.69106,0.68932,0.68932,,0.21,True,2022,2022-05-11 21:00:00,1.0,1.0,1
n3_h4dow_trail,n3,h4dow,trail,AUDUSD,S,2022-05-11 22:50:00-04:00,2022-05-13 01:32:00-04:00,0.69106,0.68932,0.68932,,0.21,True,2022,2022-05-11 21:00:00,1.0,1.0,1
n2_h4dow_fixed,n2,h4dow,fixed,GBPUSD,S,2022-05-13 09:23:00-04:00,2022-05-13 11:07:00-04:00,1.21655,1.22355,1.22355,1.20487,-1.0179,True,2022,2022-05-13 09:00:00,2.0,1.0,2-3
n2_h4dow_trail,n2,h4dow,trail,GBPUSD,S,2022-05-13 09:23:00-04:00,2022-05-13 11:07:00-04:00,1.21655,1.22356,1.22356,,-1.0178,True,2022,2022-05-13 09:00:00,2.0,1.0,2-3
n3_h4dow_fixed,n3,h4dow,fixed,GBPUSD,S,2022-05-13 09:23:00-04:00,2022-05-13 11:07:00-04:00,1.21655,1.22355,1.22355,1.20487,-1.0179,True,2022,2022-05-13 09:00:00,2.0,1.0,2-3
n3_h4dow_trail,n3,h4dow,trail,GBPUSD,S,2022-05-13 09:23:00-04:00,2022-05-13 11:07:00-04:00,1.21655,1.22356,1.22356,,-1.0178,True,2022,2022-05-13 09:00:00,2.0,1.0,2-3
n2_h4dow_fixed,n2,h4dow,fixed,AUDUSD,S,2022-05-11 22:50:00-04:00,2022-05-16 20:28:00-04:00,0.69106,0.69892,0.69892,0.67796,-1.0114,True,2022,2022-05-11 21:00:00,1.0,1.0,1
n3_h4dow_fixed,n3,h4dow,fixed,AUDUSD,S,2022-05-11 22:50:00-04:00,2022-05-16 20:28:00-04:00,0.69106,0.69892,0.69892,0.67796,-1.0114,True,2022,2022-05-11 21:00:00,1.0,1.0,1
n2_h4dow_trail,n2,h4dow,trail,USDJPY,S,2022-05-24 05:32:00-04:00,2022-05-25 10:31:00-04:00,127.156,127.299,127.299,,-0.1998,True,2022,2022-05-24 05:00:00,1.0,1.0,1
n2_h4dow_fixed,n2,h4dow,fixed,AUDUSD,S,2022-05-25 07:26:00-04:00,2022-05-25 20:49:00-04:00,0.70565,0.71095,0.71095,0.69683,-1.0173,True,2022,2022-05-25 05:00:00,6.0,0.0,4+
n2_h4dow_trail,n2,h4dow,trail,AUDUSD,S,2022-05-25 07:26:00-04:00,2022-05-25 20:49:00-04:00,0.70565,0.71094,0.71094,,-1.0173,True,2022,2022-05-25 05:00:00,6.0,0.0,4+
n3_h4dow_fixed,n3,h4dow,fixed,AUDUSD,S,2022-05-25 07:26:00-04:00,2022-05-25 20:49:00-04:00,0.70565,0.71095,0.71095,0.69683,-1.0173,True,2022,2022-05-25 05:00:00,6.0,0.0,4+
n3_h4dow_trail,n3,h4dow,trail,AUDUSD,S,2022-05-25 07:26:00-04:00,2022-05-25 20:49:00-04:00,0.70565,0.71094,0.71094,,-1.0173,True,2022,2022-05-25 05:00:00,6.0,0.0,4+
n2_h4dow_fixed,n2,h4dow,fixed,USDJPY,S,2022-05-24 05:32:00-04:00,2022-05-30 20:02:00-04:00,127.156,127.886,127.886,125.938,-1.001,True,2022,2022-05-24 05:00:00,1.0,1.0,1
n2_h4dow_trail,n2,h4dow,trail,USDCHF,L,2022-06-01 05:08:00-04:00,2022-06-02 02:30:00-04:00,0.96204,0.962,0.962,,-0.058,True,2022,2022-06-01 05:00:00,1.0,1.0,1
n3_h4dow_trail,n3,h4dow,trail,USDCHF,L,2022-06-01 05:08:00-04:00,2022-06-02 02:30:00-04:00,0.96204,0.962,0.962,,-0.058,True,2022,2022-06-01 05:00:00,14.0,0.0,4+
n2_h4dow_fixed,n2,h4dow,fixed,USDCHF,L,2022-06-01 05:08:00-04:00,2022-06-02 02:34:00-04:00,0.96204,0.95778,0.95778,0.96914,-1.0485,True,2022,2022-06-01 05:00:00,1.0,1.0,1
n3_h4dow_fixed,n3,h4dow,fixed,USDCHF,L,2022-06-01 05:08:00-04:00,2022-06-02 02:34:00-04:00,0.96204,0.95778,0.95778,0.96914,-1.0485,True,2022,2022-06-01 05:00:00,14.0,0.0,4+
n3_h4dow_fixed,n3,h4dow,fixed,USDCHF,L,2022-06-06 10:04:00-04:00,2022-06-06 13:54:00-04:00,0.96428,0.97061,0.96048,0.97061,1.611,True,2022,2022-06-06 09:00:00,2.0,0.0,2-3
n3_h4dow_fixed,n3,h4dow,fixed,USDCHF,L,2022-06-08 04:39:00-04:00,2022-06-08 09:47:00-04:00,0.97792,0.97384,0.97384,0.98472,-1.0514,True,2022,2022-06-08 01:00:00,2.0,0.0,2-3
n3_h4dow_trail,n3,h4dow,trail,USDCHF,L,2022-06-06 10:04:00-04:00,2022-06-08 09:53:00-04:00,0.96428,0.97368,0.97368,,2.4188,True,2022,2022-06-06 09:00:00,2.0,0.0,2-3
n3_h4dow_trail,n3,h4dow,trail,EURUSD,L,2022-06-08 06:04:00-04:00,2022-06-08 20:02:00-04:00,1.07145,1.07127,1.07127,,-0.0546,True,2022,2022-06-08 05:00:00,2.0,0.0,2-3
n2_h4dow_fixed,n2,h4dow,fixed,GBPUSD,L,2022-06-07 10:50:00-04:00,2022-06-09 02:07:00-04:00,1.25773,1.25128,1.25128,1.26848,-1.0199,True,2022,2022-06-07 09:00:00,1.0,1.0,1
n2_h4dow_trail,n2,h4dow,trail,GBPUSD,L,2022-06-07 10:50:00-04:00,2022-06-09 02:07:00-04:00,1.25773,1.25138,1.25138,,-1.0044,True,2022,2022-06-07 09:00:00,1.0,1.0,1
n3_h4dow_fixed,n3,h4dow,fixed,GBPUSD,L,2022-06-07 10:50:00-04:00,2022-06-09 02:07:00-04:00,1.25773,1.25128,1.25128,1.26848,-1.0199,True,2022,2022-06-07 09:00:00,1.0,1.0,1
n3_h4dow_trail,n3,h4dow,trail,GBPUSD,L,2022-06-07 10:50:00-04:00,2022-06-09 02:07:00-04:00,1.25773,1.25138,1.25138,,-1.0044,True,2022,2022-06-07 09:00:00,1.0,1.0,1
n3_h4dow_trail,n3,h4dow,trail,EURUSD,L,2022-06-09 07:44:00-04:00,2022-06-09 07:45:00-04:00,1.07486,1.07058,1.07058,,-1.0119,True,2022,2022-06-09 05:00:00,3.0,0.0,2-3
n3_h4w18_fixed,n3,h4w18,fixed,EURUSD,L,2022-06-09 08:26:00-04:00,2022-06-09 09:06:00-04:00,1.07646,1.07218,1.07218,1.08358,-1.0119,True,2022,2022-06-09 05:00:00,3.0,0.0,2-3
n3_h4w18_trail,n3,h4w18,trail,EURUSD,L,2022-06-09 08:26:00-04:00,2022-06-09 09:06:00-04:00,1.07646,1.07218,1.07218,,-1.0119,True,2022,2022-06-09 05:00:00,3.0,0.0,2-3
n3_h4dow_trail,n3,h4dow,trail,EURUSD,L,2022-06-09 08:13:00-04:00,2022-06-09 09:10:00-04:00,1.07486,1.07058,1.07058,,-1.0119,True,2022,2022-06-09 05:00:00,3.0,0.0,2-3
n3_h4dow_fixed,n3,h4dow,fixed,EURUSD,L,2022-06-08 06:04:00-04:00,2022-06-09 10:05:00-04:00,1.07145,1.06722,1.06722,1.0785,-1.012,True,2022,2022-06-08 05:00:00,2.0,0.0,2-3
n3_h4dow_fixed,n3,h4dow,fixed,USDCHF,L,2022-06-10 06:25:00-04:00,2022-06-10 10:04:00-04:00,0.98176,0.98951,0.97711,0.98951,1.621,True,2022,2022-06-10 05:00:00,3.0,0.0,2-3
n2_h4dow_fixed,n2,h4dow,fixed,GBPUSD,S,2022-06-10 07:34:00-04:00,2022-06-10 10:42:00-04:00,1.24306,1.23371,1.24867,1.23371,1.644,True,2022,2022-06-10 05:00:00,1.0,1.0,1
n2_h4w18_fixed,n2,h4w18,fixed,GBPUSD,S,2022-06-10 07:34:00-04:00,2022-06-10 10:42:00-04:00,1.24306,1.23371,1.24867,1.23371,1.644,True,2022,2022-06-10 05:00:00,1.0,1.0,1
n3_h4dow_trail,n3,h4dow,trail,USDCHF,L,2022-06-10 06:25:00-04:00,2022-06-14 04:32:00-04:00,0.98176,0.98818,0.98818,,1.3351,True,2022,2022-06-10 05:00:00,3.0,0.0,2-3
n2_h4dow_fixed,n2,h4dow,fixed,GBPUSD,S,2022-06-14 05:58:00-04:00,2022-06-14 15:00:00-04:00,1.21074,1.19684,1.21908,1.19684,1.6518,True,2022,2022-06-14 05:00:00,1.0,1.0,1
n2_h4dow_trail,n2,h4dow,trail,GBPUSD,S,2022-06-10 07:34:00-04:00,2022-06-15 04:05:00-04:00,1.24306,1.20415,1.20415,,6.9133,True,2022,2022-06-10 05:00:00,1.0,1.0,1
n2_h4w18_trail,n2,h4w18,trail,GBPUSD,S,2022-06-10 07:34:00-04:00,2022-06-15 04:05:00-04:00,1.24306,1.20415,1.20415,,6.9133,True,2022,2022-06-10 05:00:00,1.0,1.0,1
n3_h4dow_trail,n3,h4dow,trail,USDCHF,L,2022-06-14 10:44:00-04:00,2022-06-15 14:41:00-04:00,0.99946,0.99614,0.99614,,-0.5213,True,2022,2022-06-14 09:00:00,4.0,0.0,4+
n3_h4dow_fixed,n3,h4dow,fixed,USDCHF,L,2022-06-14 10:44:00-04:00,2022-06-16 03:30:00-04:00,0.99946,0.99268,0.99268,1.01076,-1.0316,True,2022,2022-06-14 09:00:00,4.0,0.0,4+
n2_h4dow_trail,n2,h4dow,trail,AUDUSD,S,2022-06-21 07:16:00-04:00,2022-06-21 10:40:00-04:00,0.6942,0.69872,0.69872,,-0.8682,True,2022,2022-06-21 05:00:00,1.0,1.0,1
n2_h4dow_trail,n2,h4dow,trail,USDJPY,L,2022-06-21 04:30:00-04:00,2022-06-22 05:44:00-04:00,135.443,136.054,136.054,,0.732,True,2022,2022-06-21 01:00:00,1.0,1.0,1
n2_h4w18_trail,n2,h4w18,trail,USDJPY,L,2022-06-21 06:56:00-04:00,2022-06-22 05:44:00-04:00,135.597,136.054,136.054,,0.5509,True,2022,2022-06-21 05:00:00,1.0,1.0,1
n2_h4dow_fixed,n2,h4dow,fixed,GBPUSD,S,2022-06-22 03:20:00-04:00,2022-06-22 05:57:00-04:00,1.21726,1.22452,1.22452,1.20516,-1.0173,True,2022,2022-06-22 01:00:00,1.0,1.0,1
n2_h4dow_trail,n2,h4dow,trail,GBPUSD,S,2022-06-22 03:20:00-04:00,2022-06-22 05:57:00-04:00,1.21726,1.22452,1.22452,,-1.0173,True,2022,2022-06-22 01:00:00,1.0,1.0,1
n3_h4dow_fixed,n3,h4dow,fixed,GBPUSD,S,2022-06-22 03:20:00-04:00,2022-06-22 05:57:00-04:00,1.21726,1.22452,1.22452,1.20516,-1.0173,True,2022,2022-06-22 01:00:00,1.0,1.0,1
n3_h4dow_trail,n3,h4dow,trail,GBPUSD,S,2022-06-22 03:20:00-04:00,2022-06-22 05:57:00-04:00,1.21726,1.22452,1.22452,,-1.0173,True,2022,2022-06-22 01:00:00,1.0,1.0,1
n2_h4dow_fixed,n2,h4dow,fixed,EURUSD,S,2022-06-22 00:53:00-04:00,2022-06-22 09:41:00-04:00,1.04983,1.05544,1.05544,1.04048,-1.0089,True,2022,2022-06-21 21:00:00,2.0,0.0,2-3
n2_h4dow_trail,n2,h4dow,trail,EURUSD,S,2022-06-22 00:53:00-04:00,2022-06-22 09:41:00-04:00,1.04983,1.05544,1.05544,,-1.0089,True,2022,2022-06-21 21:00:00,2.0,0.0,2-3
n3_h4dow_fixed,n3,h4dow,fixed,EURUSD,S,2022-06-22 00:53:00-04:00,2022-06-22 09:41:00-04:00,1.04983,1.05544,1.05544,1.04048,-1.0089,True,2022,2022-06-21 21:00:00,2.0,0.0,2-3
n3_h4dow_trail,n3,h4dow,trail,EURUSD,S,2022-06-22 00:53:00-04:00,2022-06-22 09:41:00-04:00,1.04983,1.05544,1.05544,,-1.0089,True,2022,2022-06-21 21:00:00,2.0,0.0,2-3
n2_h4w18_fixed,n2,h4w18,fixed,USDJPY,L,2022-06-21 06:56:00-04:00,2022-06-23 09:24:00-04:00,135.597,134.777,134.777,136.965,-1.0006,True,2022,2022-06-21 05:00:00,1.0,1.0,1
n2_h4dow_fixed,n2,h4dow,fixed,USDJPY,L,2022-06-21 04:30:00-04:00,2022-06-23 09:45:00-04:00,135.443,134.613,134.613,136.825,-1.0003,True,2022,2022-06-21 01:00:00,1.0,1.0,1
n2_h4dow_trail,n2,h4dow,trail,AUDUSD,S,2022-06-21 21:43:00-04:00,2022-06-24 10:01:00-04:00,0.69348,0.69264,0.69264,,0.1426,True,2022,2022-06-21 21:00:00,1.0,1.0,1
n2_h4dow_fixed,n2,h4dow,fixed,USDJPY,L,2022-06-27 07:49:00-04:00,2022-06-29 09:04:00-04:00,135.399,136.709,134.613,136.709,1.6592,True,2022,2022-06-27 05:00:00,2.0,0.0,2-3
n3_h4dow_fixed,n3,h4dow,fixed,USDJPY,L,2022-06-27 07:49:00-04:00,2022-06-29 09:04:00-04:00,135.399,136.709,134.613,136.709,1.6592,True,2022,2022-06-27 05:00:00,2.0,0.0,2-3
n2_h4dow_trail,n2,h4dow,trail,USDJPY,L,2022-06-27 07:49:00-04:00,2022-06-30 01:26:00-04:00,135.399,136.338,136.338,,1.188,True,2022,2022-06-27 05:00:00,2.0,0.0,2-3
n3_h4dow_trail,n3,h4dow,trail,USDJPY,L,2022-06-27 07:49:00-04:00,2022-06-30 01:26:00-04:00,135.399,136.338,136.338,,1.188,True,2022,2022-06-27 05:00:00,2.0,0.0,2-3
n2_h4w18_trail,n2,h4w18,trail,USDJPY,L,2022-06-29 09:15:00-04:00,2022-06-30 01:26:00-04:00,136.718,136.338,136.338,,-0.5907,True,2022,2022-06-29 09:00:00,1.0,1.0,1
n3_h4w18_trail,n3,h4w18,trail,USDJPY,L,2022-06-29 09:15:00-04:00,2022-06-30 01:26:00-04:00,136.718,136.338,136.338,,-0.5907,True,2022,2022-06-29 09:00:00,1.0,1.0,1
n2_h4w18_fixed,n2,h4w18,fixed,USDJPY,L,2022-06-29 09:15:00-04:00,2022-06-30 03:16:00-04:00,136.718,136.07,136.07,137.798,-1.0034,True,2022,2022-06-29 09:00:00,1.0,1.0,1
n3_h4w18_fixed,n3,h4w18,fixed,USDJPY,L,2022-06-29 09:15:00-04:00,2022-06-30 03:16:00-04:00,136.718,136.07,136.07,137.798,-1.0034,True,2022,2022-06-29 09:00:00,1.0,1.0,1
n2_h4dow_fixed,n2,h4dow,fixed,AUDUSD,S,2022-06-21 07:16:00-04:00,2022-06-30 23:25:00-04:00,0.6942,0.68535,0.69951,0.68535,1.6498,True,2022,2022-06-21 05:00:00,1.0,1.0,1
n3_h4dow_fixed,n3,h4dow,fixed,EURUSD,S,2022-07-01 10:05:00-04:00,2022-07-03 20:08:00-04:00,1.03827,1.04415,1.04415,1.02847,-1.0084,True,2022,2022-07-01 09:00:00,1.0,1.0,1
n3_h4dow_trail,n3,h4dow,trail,EURUSD,S,2022-07-01 10:05:00-04:00,2022-07-03 20:08:00-04:00,1.03827,1.04415,1.04415,,-1.0084,True,2022,2022-07-01 09:00:00,1.0,1.0,1
n3_h4dow_fixed,n3,h4dow,fixed,EURUSD,S,2022-07-05 03:07:00-04:00,2022-07-05 04:24:00-04:00,1.04171,1.03461,1.04597,1.03461,1.6551,True,2022,2022-07-05 01:00:00,2.0,1.0,2-3
n3_h4w18_fixed,n3,h4w18,fixed,EURUSD,S,2022-07-05 04:06:00-04:00,2022-07-05 05:46:00-04:00,1.03595,1.02885,1.04021,1.02885,1.6551,True,2022,2022-07-05 01:00:00,2.0,1.0,2-3
n3_h4dow_trail,n3,h4dow,trail,EURUSD,S,2022-07-05 03:07:00-04:00,2022-07-06 02:55:00-04:00,1.04171,1.02718,1.02718,,3.3992,True,2022,2022-07-05 01:00:00,2.0,1.0,2-3
n3_h4w18_trail,n3,h4w18,trail,EURUSD,S,2022-07-05 04:06:00-04:00,2022-07-06 02:55:00-04:00,1.03595,1.02718,1.02718,,2.0471,True,2022,2022-07-05 01:00:00,2.0,1.0,2-3
n3_h4dow_fixed,n3,h4dow,fixed,EURUSD,S,2022-07-06 04:50:00-04:00,2022-07-08 03:19:00-04:00,1.0235,1.0139,1.02926,1.0139,1.6582,True,2022,2022-07-06 01:00:00,2.0,1.0,2-3
n3_h4dow_fixed,n3,h4dow,fixed,USDJPY,L,2022-07-08 08:30:00-04:00,2022-07-11 08:05:00-04:00,136.222,137.41,135.51,137.41,1.6582,True,2022,2022-07-08 05:00:00,1.0,1.0,1
n3_h4dow_trail,n3,h4dow,trail,USDJPY,L,2022-07-08 08:30:00-04:00,2022-07-12 05:53:00-04:00,136.222,137.033,137.033,,1.1304,True,2022,2022-07-08 05:00:00,1.0,1.0,1
n3_h4w18_trail,n3,h4w18,trail,USDJPY,L,2022-07-10 21:40:00-04:00,2022-07-12 05:53:00-04:00,137.008,137.033,137.033,,0.0295,True,2022,2022-07-10 21:00:00,2.0,1.0,2-3
n2_h4dow_trail,n2,h4dow,trail,GBPUSD,S,2022-07-11 08:32:00-04:00,2022-07-12 11:29:00-04:00,1.19193,1.19099,1.19099,,0.1051,True,2022,2022-07-11 05:00:00,4.0,0.0,4+
n2_h4w18_trail,n2,h4w18,trail,GBPUSD,S,2022-07-11 10:20:00-04:00,2022-07-12 11:29:00-04:00,1.1876,1.19099,1.19099,,-0.4352,True,2022,2022-07-11 09:00:00,4.0,0.0,4+
n3_h4dow_trail,n3,h4dow,trail,EURUSD,S,2022-07-06 04:50:00-04:00,2022-07-13 08:07:00-04:00,1.0235,1.0074,1.0074,,2.7867,True,2022,2022-07-06 01:00:00,2.0,1.0,2-3
n3_h4dow_trail,n3,h4dow,trail,EURUSD,S,2022-07-13 08:45:00-04:00,2022-07-13 10:39:00-04:00,0.99999,1.00572,1.00572,,-1.0083,True,2022,2022-07-13 05:00:00,5.0,1.0,4+
n2_h4w18_fixed,n2,h4w18,fixed,GBPUSD,S,2022-07-11 10:20:00-04:00,2022-07-13 10:51:00-04:00,1.1876,1.19567,1.19567,1.17415,-1.0152,True,2022,2022-07-11 09:00:00,4.0,0.0,4+
n3_h4dow_fixed,n3,h4dow,fixed,USDJPY,L,2022-07-13 10:09:00-04:00,2022-07-13 10:55:00-04:00,137.753,137.101,137.101,138.841,-1.0031,True,2022,2022-07-13 09:00:00,3.0,1.0,2-3
n3_h4dow_trail,n3,h4dow,trail,USDJPY,L,2022-07-13 10:09:00-04:00,2022-07-13 10:55:00-04:00,137.753,137.1,137.1,,-1.0046,True,2022,2022-07-13 09:00:00,3.0,1.0,2-3
n3_h4w18_fixed,n3,h4w18,fixed,USDJPY,L,2022-07-10 21:40:00-04:00,2022-07-14 00:45:00-04:00,137.008,138.213,136.285,138.213,1.6579,True,2022,2022-07-10 21:00:00,2.0,1.0,2-3
n3_h4dow_trail,n3,h4dow,trail,USDCHF,S,2022-07-13 03:35:00-04:00,2022-07-14 02:03:00-04:00,0.98038,0.98272,0.98272,,-0.6284,True,2022,2022-07-13 01:00:00,11.0,0.0,4+
n3_h4dow_fixed,n3,h4dow,fixed,USDCHF,S,2022-07-13 03:35:00-04:00,2022-07-14 03:18:00-04:00,0.98038,0.98444,0.98444,0.9736,-1.052,True,2022,2022-07-13 01:00:00,11.0,0.0,4+
n2_h4dow_fixed,n2,h4dow,fixed,GBPUSD,S,2022-07-11 08:32:00-04:00,2022-07-14 09:26:00-04:00,1.19193,1.17895,1.19971,1.17895,1.6527,True,2022,2022-07-11 05:00:00,4.0,0.0,4+
n3_h4dow_fixed,n3,h4dow,fixed,EURUSD,S,2022-07-11 09:03:00-04:00,2022-07-14 09:32:00-04:00,1.00719,0.99644,1.01364,0.99644,1.6592,True,2022,2022-07-11 09:00:00,4.0,1.0,4+
n3_h4dow_trail,n3,h4dow,trail,EURUSD,S,2022-07-14 09:24:00-04:00,2022-07-15 05:16:00-04:00,0.99977,1.00415,1.00415,,-0.6316,True,2022,2022-07-14 09:00:00,6.0,0.0,4+
n2_h4dow_trail,n2,h4dow,trail,GBPUSD,S,2022-07-14 09:07:00-04:00,2022-07-15 06:48:00-04:00,1.18078,1.18518,1.18518,,-0.5233,True,2022,2022-07-14 09:00:00,1.0,1.0,1
n3_h4dow_fixed,n3,h4dow,fixed,EURUSD,S,2022-07-14 10:54:00-04:00,2022-07-15 08:19:00-04:00,0.99977,1.00677,1.00677,0.98809,-1.0068,True,2022,2022-07-14 09:00:00,6.0,0.0,4+
n2_h4dow_fixed,n2,h4dow,fixed,GBPUSD,S,2022-07-14 11:10:00-04:00,2022-07-17 21:14:00-04:00,1.18078,1.18942,1.18942,1.16638,-1.0141,True,2022,2022-07-14 09:00:00,1.0,1.0,1
n3_h4dow_fixed,n3,h4dow,fixed,USDCHF,S,2022-07-17 19:20:00-04:00,2022-07-19 09:10:00-04:00,0.97568,0.967,0.98088,0.967,1.629,True,2022,2022-07-17 17:00:00,12.0,0.0,4+
n3_h4dow_trail,n3,h4dow,trail,USDCHF,S,2022-07-17 19:20:00-04:00,2022-07-20 01:55:00-04:00,0.97568,0.96948,0.96948,,1.1521,True,2022,2022-07-17 17:00:00,12.0,0.0,4+
n2_h4dow_trail,n2,h4dow,trail,USDCHF,S,2022-07-19 03:13:00-04:00,2022-07-20 01:55:00-04:00,0.97312,0.96948,0.96948,,0.7104,True,2022,2022-07-19 01:00:00,0.0,1.0,0
n2_h4dow_trail,n2,h4dow,trail,USDJPY,L,2022-07-20 19:19:00-04:00,2022-07-20 23:05:00-04:00,138.373,138.149,138.149,,-0.4496,True,2022,2022-07-20 17:00:00,5.0,1.0,4+
n3_h4dow_trail,n3,h4dow,trail,USDJPY,L,2022-07-20 19:19:00-04:00,2022-07-20 23:05:00-04:00,138.373,138.149,138.149,,-0.4496,True,2022,2022-07-20 17:00:00,5.0,1.0,4+
n2_h4dow_fixed,n2,h4dow,fixed,GBPUSD,S,2022-07-21 04:08:00-04:00,2022-07-21 08:44:00-04:00,1.19249,1.19861,1.19861,1.18229,-1.02,True,2022,2022-07-21 01:00:00,3.0,0.0,2-3
n2_h4dow_trail,n2,h4dow,trail,GBPUSD,S,2022-07-21 04:08:00-04:00,2022-07-21 08:44:00-04:00,1.19249,1.19861,1.19861,,-1.02,True,2022,2022-07-21 01:00:00,3.0,0.0,2-3
n3_h4dow_fixed,n3,h4dow,fixed,GBPUSD,S,2022-07-21 04:08:00-04:00,2022-07-21 08:44:00-04:00,1.19249,1.19861,1.19861,1.18229,-1.02,True,2022,2022-07-21 01:00:00,7.0,0.0,4+
n3_h4dow_trail,n3,h4dow,trail,GBPUSD,S,2022-07-21 04:08:00-04:00,2022-07-21 08:44:00-04:00,1.19249,1.19861,1.19861,,-1.02,True,2022,2022-07-21 01:00:00,7.0,0.0,4+
n2_h4dow_fixed,n2,h4dow,fixed,USDJPY,L,2022-07-20 19:19:00-04:00,2022-07-21 10:55:00-04:00,138.373,137.867,137.867,139.215,-1.0065,True,2022,2022-07-20 17:00:00,5.0,1.0,4+
n3_h4dow_fixed,n3,h4dow,fixed,USDJPY,L,2022-07-20 19:19:00-04:00,2022-07-21 10:55:00-04:00,138.373,137.867,137.867,139.215,-1.0065,True,2022,2022-07-20 17:00:00,5.0,1.0,4+
n3_h4dow_fixed,n3,h4dow,fixed,EURUSD,S,2022-07-21 09:27:00-04:00,2022-07-21 16:58:00-04:00,1.01555,1.02338,1.02338,1.0025,-1.0062,True,2022,2022-07-21 09:00:00,8.0,0.0,4+
n3_h4dow_trail,n3,h4dow,trail,EURUSD,S,2022-07-21 09:27:00-04:00,2022-07-21 16:58:00-04:00,1.01555,1.02338,1.02338,,-1.0062,True,2022,2022-07-21 09:00:00,8.0,0.0,4+
n2_h4dow_fixed,n2,h4dow,fixed,USDCHF,S,2022-07-19 03:13:00-04:00,2022-07-22 07:49:00-04:00,0.97312,0.96507,0.97795,0.96507,1.6235,True,2022,2022-07-19 01:00:00,0.0,1.0,0
n3_h4dow_trail,n3,h4dow,trail,EURUSD,S,2022-07-22 03:33:00-04:00,2022-07-22 09:45:00-04:00,1.01524,1.02136,1.02136,,-0.772,True,2022,2022-07-22 01:00:00,9.0,0.0,4+
n3_h4dow_fixed,n3,h4dow,fixed,EURUSD,S,2022-07-22 03:33:00-04:00,2022-07-22 09:50:00-04:00,1.01524,1.02323,1.02323,1.00192,-1.0061,True,2022,2022-07-22 01:00:00,9.0,0.0,4+
n3_h4dow_trail,n3,h4dow,trail,USDCHF,S,2022-07-22 06:52:00-04:00,2022-07-25 02:20:00-04:00,0.96542,0.96457,0.96457,,0.129,True,2022,2022-07-22 05:00:00,2.0,1.0,2-3
n2_h4dow_trail,n2,h4dow,trail,EURUSD,S,2022-07-26 05:26:00-04:00,2022-07-27 14:40:00-04:00,1.01788,1.01719,1.01719,,0.1026,True,2022,2022-07-26 05:00:00,2.0,0.0,2-3
n3_h4dow_trail,n3,h4dow,trail,EURUSD,S,2022-07-26 05:26:00-04:00,2022-07-27 14:40:00-04:00,1.01788,1.01719,1.01719,,0.1026,True,2022,2022-07-26 05:00:00,11.0,0.0,4+
n2_h4dow_trail,n2,h4dow,trail,USDJPY,L,2022-07-26 06:16:00-04:00,2022-07-27 14:47:00-04:00,136.792,136.532,136.532,,-0.3901,True,2022,2022-07-26 05:00:00,6.0,0.0,4+
n3_h4dow_trail,n3,h4dow,trail,USDJPY,L,2022-07-26 06:16:00-04:00,2022-07-27 14:47:00-04:00,136.792,136.532,136.532,,-0.3901,True,2022,2022-07-26 05:00:00,6.0,0.0,4+
n2_h4dow_fixed,n2,h4dow,fixed,USDJPY,L,2022-07-26 06:16:00-04:00,2022-07-27 19:57:00-04:00,136.792,136.118,136.118,137.914,-1.0028,True,2022,2022-07-26 05:00:00,6.0,0.0,4+
n3_h4dow_fixed,n3,h4dow,fixed,USDJPY,L,2022-07-26 06:16:00-04:00,2022-07-27 19:57:00-04:00,136.792,136.118,136.118,137.914,-1.0028,True,2022,2022-07-26 05:00:00,6.0,0.0,4+
n3_h4dow_fixed,n3,h4dow,fixed,USDCHF,S,2022-07-22 06:52:00-04:00,2022-07-28 05:16:00-04:00,0.96542,0.95712,0.9704,0.95712,1.6251,True,2022,2022-07-22 05:00:00,2.0,1.0,2-3
n3_h4w18_fixed,n3,h4w18,fixed,USDCHF,S,2022-07-27 14:53:00-04:00,2022-07-28 23:12:00-04:00,0.96,0.95295,0.96423,0.95295,1.618,True,2022,2022-07-27 13:00:00,3.0,1.0,2-3
n2_h4dow_fixed,n2,h4dow,fixed,EURUSD,S,2022-07-26 05:26:00-04:00,2022-07-29 02:24:00-04:00,1.01788,1.02414,1.02414,1.00746,-1.0077,True,2022,2022-07-26 05:00:00,2.0,0.0,2-3
n3_h4dow_fixed,n3,h4dow,fixed,EURUSD,S,2022-07-26 05:26:00-04:00,2022-07-29 02:24:00-04:00,1.01788,1.02414,1.02414,1.00746,-1.0077,True,2022,2022-07-26 05:00:00,11.0,0.0,4+
n3_h4dow_fixed,n3,h4dow,fixed,GBPUSD,S,2022-07-29 09:02:00-04:00,2022-07-29 16:16:00-04:00,1.21031,1.21873,1.21873,1.19629,-1.0148,True,2022,2022-07-29 09:00:00,10.0,0.0,4+
n3_h4dow_trail,n3,h4dow,trail,GBPUSD,S,2022-07-29 09:02:00-04:00,2022-07-29 16:16:00-04:00,1.21031,1.21872,1.21872,,-1.0148,True,2022,2022-07-29 09:00:00,10.0,0.0,4+
n3_h4dow_trail,n3,h4dow,trail,USDCHF,S,2022-07-27 14:53:00-04:00,2022-08-02 02:33:00-04:00,0.96,0.95164,0.95164,,1.9277,True,2022,2022-07-27 13:00:00,3.0,1.0,2-3
n3_h4w18_trail,n3,h4w18,trail,USDCHF,S,2022-07-27 14:53:00-04:00,2022-08-02 02:33:00-04:00,0.96,0.95164,0.95164,,1.9277,True,2022,2022-07-27 13:00:00,3.0,1.0,2-3
n3_h4dow_fixed,n3,h4dow,fixed,USDCHF,S,2022-07-31 22:25:00-04:00,2022-08-02 10:05:00-04:00,0.95018,0.9557,0.9557,0.94098,-1.0371,True,2022,2022-07-31 21:00:00,3.0,1.0,2-3
n3_h4dow_trail,n3,h4dow,trail,GBPUSD,S,2022-08-03 10:00:00-04:00,2022-08-04 03:24:00-04:00,1.21352,1.21679,1.21679,,-0.4669,True,2022,2022-08-03 09:00:00,12.0,0.0,4+
n3_h4dow_fixed,n3,h4dow,fixed,GBPUSD,S,2022-08-03 10:00:00-04:00,2022-08-04 07:00:00-04:00,1.21352,1.2208,1.2208,1.2014,-1.0171,True,2022,2022-08-03 09:00:00,12.0,0.0,4+
n3_h4dow_fixed,n3,h4dow,fixed,GBPUSD,S,2022-08-04 07:09:00-04:00,2022-08-04 14:03:00-04:00,1.21,1.21657,1.21657,1.19905,-1.0189,True,2022,2022-08-04 05:00:00,12.0,0.0,4+
n3_h4dow_trail,n3,h4dow,trail,GBPUSD,S,2022-08-04 07:09:00-04:00,2022-08-04 14:03:00-04:00,1.21,1.21657,1.21657,,-1.0189,True,2022,2022-08-04 05:00:00,12.0,0.0,4+
n3_h4dow_trail,n3,h4dow,trail,GBPUSD,S,2022-08-05 08:45:00-04:00,2022-08-08 09:42:00-04:00,1.20658,1.21227,1.21227,,-0.839,True,2022,2022-08-05 05:00:00,1.0,1.0,1
n3_h4dow_fixed,n3,h4dow,fixed,GBPUSD,S,2022-08-05 08:45:00-04:00,2022-08-08 09:45:00-04:00,1.20658,1.21351,1.21351,1.19503,-1.0179,True,2022,2022-08-05 05:00:00,1.0,1.0,1
n2_h4dow_trail,n2,h4dow,trail,EURUSD,L,2022-08-09 04:06:00-04:00,2022-08-10 04:07:00-04:00,1.02219,1.02028,1.02028,,-0.4663,True,2022,2022-08-09 01:00:00,1.0,1.0,1
n3_h4dow_trail,n3,h4dow,trail,EURUSD,L,2022-08-09 04:06:00-04:00,2022-08-10 04:07:00-04:00,1.02219,1.02028,1.02028,,-0.4663,True,2022,2022-08-09 01:00:00,1.0,1.0,1
n2_h4dow_fixed,n2,h4dow,fixed,USDCHF,S,2022-08-08 10:00:00-04:00,2022-08-10 08:30:00-04:00,0.9538,0.94628,0.95832,0.94628,1.6185,True,2022,2022-08-08 09:00:00,1.0,1.0,1
n3_h4dow_fixed,n3,h4dow,fixed,USDCHF,S,2022-08-08 10:00:00-04:00,2022-08-10 08:30:00-04:00,0.9538,0.94628,0.95832,0.94628,1.6185,True,2022,2022-08-08 09:00:00,6.0,0.0,4+
n2_h4dow_fixed,n2,h4dow,fixed,EURUSD,L,2022-08-09 04:06:00-04:00,2022-08-10 08:30:00-04:00,1.02219,1.02919,1.01799,1.02919,1.655,True,2022,2022-08-09 01:00:00,1.0,1.0,1
n3_h4dow_fixed,n3,h4dow,fixed,EURUSD,L,2022-08-09 04:06:00-04:00,2022-08-10 08:30:00-04:00,1.02219,1.02919,1.01799,1.02919,1.655,True,2022,2022-08-09 01:00:00,1.0,1.0,1
n2_h4dow_fixed,n2,h4dow,fixed,USDJPY,S,2022-08-10 08:30:00-04:00,2022-08-10 08:31:00-04:00,134.352,133.133,134.99,133.29,1.9022,True,2022,2022-08-10 05:00:00,3.0,0.0,2-3
n2_h4dow_fixed,n2,h4dow,fixed,GBPUSD,L,2022-08-10 08:30:00-04:00,2022-08-10 08:37:00-04:00,1.21379,1.22311,1.2082,1.22311,1.6449,True,2022,2022-08-10 05:00:00,1.0,1.0,1
n2_h4w18_fixed,n2,h4w18,fixed,USDCHF,S,2022-08-10 08:30:00-04:00,2022-08-10 08:42:00-04:00,0.94706,0.94096,0.95072,0.94096,1.6112,True,2022,2022-08-10 05:00:00,1.0,1.0,1
n3_h4w18_fixed,n3,h4w18,fixed,USDCHF,S,2022-08-10 08:30:00-04:00,2022-08-10 08:42:00-04:00,0.94706,0.94096,0.95072,0.94096,1.6112,True,2022,2022-08-10 05:00:00,1.0,1.0,1
n2_h4dow_fixed,n2,h4dow,fixed,AUDUSD,L,2022-08-10 08:30:00-04:00,2022-08-10 10:01:00-04:00,0.70096,0.70706,0.6973,0.70706,1.6417,True,2022,2022-08-10 05:00:00,0.0,1.0,0
n2_h4w18_fixed,n2,h4w18,fixed,EURUSD,L,2022-08-10 08:30:00-04:00,2022-08-10 11:01:00-04:00,1.0294,1.03585,1.02553,1.03585,1.6539,True,2022,2022-08-10 05:00:00,1.0,1.0,1
n3_h4w18_fixed,n3,h4w18,fixed,EURUSD,L,2022-08-10 08:30:00-04:00,2022-08-10 11:01:00-04:00,1.0294,1.03585,1.02553,1.03585,1.6539,True,2022,2022-08-10 05:00:00,1.0,1.0,1
n2_h4w18_fixed,n2,h4w18,fixed,AUDUSD,L,2022-08-10 08:30:00-04:00,2022-08-10 12:13:00-04:00,0.70468,0.71078,0.70102,0.71078,1.6416,True,2022,2022-08-10 05:00:00,0.0,1.0,0
n2_h4dow_fixed,n2,h4dow,fixed,USDJPY,S,2022-08-11 08:23:00-04:00,2022-08-11 13:55:00-04:00,132.031,133.03,133.03,130.366,-1.0025,True,2022,2022-08-11 05:00:00,1.0,1.0,1
n2_h4dow_trail,n2,h4dow,trail,EURUSD,L,2022-08-10 07:28:00-04:00,2022-08-11 20:26:00-04:00,1.02476,1.03096,1.03096,,1.5894,True,2022,2022-08-10 05:00:00,1.0,1.0,1
n3_h4dow_trail,n3,h4dow,trail,EURUSD,L,2022-08-10 07:28:00-04:00,2022-08-11 20:26:00-04:00,1.02476,1.03096,1.03096,,1.5894,True,2022,2022-08-10 05:00:00,1.0,1.0,1
n2_h4w18_trail,n2,h4w18,trail,EURUSD,L,2022-08-10 08:30:00-04:00,2022-08-11 20:26:00-04:00,1.0294,1.03096,1.03096,,0.3904,True,2022,2022-08-10 05:00:00,1.0,1.0,1
n3_h4w18_trail,n3,h4w18,trail,EURUSD,L,2022-08-10 08:30:00-04:00,2022-08-11 20:26:00-04:00,1.0294,1.03096,1.03096,,0.3904,True,2022,2022-08-10 05:00:00,1.0,1.0,1
n2_h4dow_trail,n2,h4dow,trail,USDJPY,S,2022-08-10 08:30:00-04:00,2022-08-11 20:26:00-04:00,134.352,133.313,133.313,,1.6205,True,2022,2022-08-10 05:00:00,3.0,0.0,2-3
n2_h4dow_trail,n2,h4dow,trail,USDCHF,S,2022-08-08 10:00:00-04:00,2022-08-11 20:31:00-04:00,0.9538,0.94238,0.94238,,2.4814,True,2022,2022-08-08 09:00:00,1.0,1.0,1
n3_h4dow_trail,n3,h4dow,trail,USDCHF,S,2022-08-08 10:00:00-04:00,2022-08-11 20:31:00-04:00,0.9538,0.94238,0.94238,,2.4814,True,2022,2022-08-08 09:00:00,6.0,0.0,4+
n2_h4dow_trail,n2,h4dow,trail,GBPUSD,L,2022-08-10 08:30:00-04:00,2022-08-11 20:31:00-04:00,1.21379,1.21823,1.21823,,0.7706,True,2022,2022-08-10 05:00:00,1.0,1.0,1
n2_h4w18_trail,n2,h4w18,trail,USDCHF,S,2022-08-10 08:30:00-04:00,2022-08-11 20:31:00-04:00,0.94706,0.94238,0.94238,,1.2232,True,2022,2022-08-10 05:00:00,1.0,1.0,1
n3_h4w18_trail,n3,h4w18,trail,USDCHF,S,2022-08-10 08:30:00-04:00,2022-08-11 20:31:00-04:00,0.94706,0.94238,0.94238,,1.2232,True,2022,2022-08-10 05:00:00,1.0,1.0,1
n2_h4dow_trail,n2,h4dow,trail,AUDUSD,L,2022-08-10 08:30:00-04:00,2022-08-12 06:46:00-04:00,0.70096,0.70896,0.70896,,2.1608,True,2022,2022-08-10 05:00:00,0.0,1.0,0
n2_h4w18_trail,n2,h4w18,trail,AUDUSD,L,2022-08-10 08:30:00-04:00,2022-08-12 06:46:00-04:00,0.70468,0.70896,0.70896,,1.1444,True,2022,2022-08-10 05:00:00,0.0,1.0,0
n2_h4dow_fixed,n2,h4dow,fixed,USDCHF,S,2022-08-11 04:58:00-04:00,2022-08-12 10:46:00-04:00,0.93934,0.94386,0.94386,0.93182,-1.0448,True,2022,2022-08-11 01:00:00,1.0,1.0,1
n3_h4dow_fixed,n3,h4dow,fixed,USDCHF,S,2022-08-11 04:58:00-04:00,2022-08-12 10:46:00-04:00,0.93934,0.94386,0.94386,0.93182,-1.0448,True,2022,2022-08-11 01:00:00,1.0,1.0,1
n2_h4dow_fixed,n2,h4dow,fixed,GBPUSD,S,2022-08-26 02:48:00-04:00,2022-08-26 08:38:00-04:00,1.1793,1.18525,1.18525,1.16938,-1.0204,True,2022,2022-08-26 01:00:00,5.0,1.0,4+
n2_h4dow_trail,n2,h4dow,trail,GBPUSD,S,2022-08-26 02:48:00-04:00,2022-08-26 08:38:00-04:00,1.1793,1.18526,1.18526,,-1.0204,True,2022,2022-08-26 01:00:00,5.0,1.0,4+
n2_h4dow_fixed,n2,h4dow,fixed,USDJPY,L,2022-08-26 10:02:00-04:00,2022-08-26 10:10:00-04:00,137.246,136.594,136.594,138.334,-1.0031,True,2022,2022-08-26 09:00:00,5.0,1.0,4+
n2_h4dow_trail,n2,h4dow,trail,USDJPY,L,2022-08-26 10:02:00-04:00,2022-08-26 10:10:00-04:00,137.246,136.594,136.594,,-1.0031,True,2022,2022-08-26 09:00:00,5.0,1.0,4+
n2_h4dow_fixed,n2,h4dow,fixed,USDJPY,L,2022-08-26 10:28:00-04:00,2022-08-28 20:08:00-04:00,137.246,138.334,136.594,138.334,1.6591,True,2022,2022-08-26 09:00:00,5.0,1.0,4+
n2_h4w18_trail,n2,h4w18,trail,GBPUSD,S,2022-08-28 18:09:00-04:00,2022-08-30 03:38:00-04:00,1.17177,1.17267,1.17267,,-0.137,True,2022,2022-08-28 17:00:00,5.0,1.0,4+
n3_h4w18_trail,n3,h4w18,trail,GBPUSD,S,2022-08-28 18:09:00-04:00,2022-08-30 03:38:00-04:00,1.17177,1.17267,1.17267,,-0.137,True,2022,2022-08-28 17:00:00,5.0,1.0,4+
n2_h4dow_trail,n2,h4dow,trail,USDJPY,L,2022-08-26 10:28:00-04:00,2022-08-30 04:16:00-04:00,137.246,138.265,138.265,,1.5535,True,2022,2022-08-26 09:00:00,5.0,1.0,4+
n2_h4w18_trail,n2,h4w18,trail,USDJPY,L,2022-08-28 18:01:00-04:00,2022-08-30 04:16:00-04:00,137.739,138.265,138.265,,0.666,True,2022,2022-08-28 17:00:00,5.0,1.0,4+
n2_h4w18_fixed,n2,h4w18,fixed,USDJPY,L,2022-08-28 18:01:00-04:00,2022-08-30 10:55:00-04:00,137.739,139.012,136.928,139.012,1.6184,True,2022,2022-08-28 17:00:00,5.0,1.0,4+
n2_h4dow_fixed,n2,h4dow,fixed,USDJPY,L,2022-08-30 10:44:00-04:00,2022-08-31 02:57:00-04:00,138.998,138.3,138.3,140.16,-1.0033,True,2022,2022-08-30 09:00:00,5.0,1.0,4+
n2_h4dow_trail,n2,h4dow,trail,USDJPY,L,2022-08-30 10:44:00-04:00,2022-08-31 02:57:00-04:00,138.998,138.3,138.3,,-1.0033,True,2022,2022-08-30 09:00:00,5.0,1.0,4+
n3_h4dow_fixed,n3,h4dow,fixed,USDJPY,L,2022-08-30 10:44:00-04:00,2022-08-31 02:57:00-04:00,138.998,138.3,138.3,140.16,-1.0033,True,2022,2022-08-30 09:00:00,5.0,1.0,4+
n3_h4dow_trail,n3,h4dow,trail,USDJPY,L,2022-08-30 10:44:00-04:00,2022-08-31 02:57:00-04:00,138.998,138.3,138.3,,-1.0033,True,2022,2022-08-30 09:00:00,5.0,1.0,4+
n2_h4w18_fixed,n2,h4w18,fixed,GBPUSD,S,2022-08-28 18:09:00-04:00,2022-08-31 20:01:00-04:00,1.17177,1.15935,1.17923,1.15935,1.6488,True,2022,2022-08-28 17:00:00,5.0,1.0,4+
n3_h4w18_fixed,n3,h4w18,fixed,GBPUSD,S,2022-08-28 18:09:00-04:00,2022-08-31 20:01:00-04:00,1.17177,1.15935,1.17923,1.15935,1.6488,True,2022,2022-08-28 17:00:00,5.0,1.0,4+
n2_h4dow_fixed,n2,h4dow,fixed,GBPUSD,S,2022-08-30 10:32:00-04:00,2022-09-01 10:03:00-04:00,1.16486,1.15248,1.17229,1.15248,1.6502,True,2022,2022-08-30 09:00:00,7.0,0.0,4+
n3_h4dow_fixed,n3,h4dow,fixed,GBPUSD,S,2022-08-30 10:32:00-04:00,2022-09-01 10:03:00-04:00,1.16486,1.15248,1.17229,1.15248,1.6502,True,2022,2022-08-30 09:00:00,7.0,0.0,4+
n2_h4dow_fixed,n2,h4dow,fixed,USDCHF,L,2022-08-31 03:44:00-04:00,2022-09-01 10:03:00-04:00,0.97622,0.98312,0.97208,0.98312,1.6158,True,2022,2022-08-31 01:00:00,1.0,1.0,1
n2_h4dow_fixed,n2,h4dow,fixed,USDJPY,L,2022-08-31 17:57:00-04:00,2022-09-01 10:49:00-04:00,139.08,140.19,138.414,140.19,1.6595,True,2022,2022-08-31 17:00:00,7.0,1.0,4+
n3_h4dow_fixed,n3,h4dow,fixed,USDJPY,L,2022-08-31 17:57:00-04:00,2022-09-01 10:49:00-04:00,139.08,140.19,138.414,140.19,1.6595,True,2022,2022-08-31 17:00:00,7.0,1.0,4+
n2_h4dow_trail,n2,h4dow,trail,GBPUSD,S,2022-08-30 10:32:00-04:00,2022-09-02 03:12:00-04:00,1.16486,1.15603,1.15603,,1.174,True,2022,2022-08-30 09:00:00,7.0,0.0,4+
n3_h4dow_trail,n3,h4dow,trail,GBPUSD,S,2022-08-30 10:32:00-04:00,2022-09-02 03:12:00-04:00,1.16486,1.15603,1.15603,,1.174,True,2022,2022-08-30 09:00:00,7.0,0.0,4+
n2_h4dow_trail,n2,h4dow,trail,AUDUSD,S,2022-08-31 07:14:00-04:00,2022-09-02 03:49:00-04:00,0.68454,0.68006,0.68006,,0.7927,True,2022,2022-08-31 05:00:00,1.0,1.0,1
n2_h4dow_trail,n2,h4dow,trail,USDCHF,L,2022-08-31 03:44:00-04:00,2022-09-02 10:51:00-04:00,0.97622,0.97872,0.97872,,0.5531,True,2022,2022-08-31 01:00:00,1.0,1.0,1
n3_h4dow_trail,n3,h4dow,trail,EURUSD,S,2022-09-01 10:00:00-04:00,2022-09-05 18:15:00-04:00,0.99713,0.99439,0.99439,,0.4155,True,2022,2022-09-01 09:00:00,2.0,0.0,2-3
n3_h4w18_trail,n3,h4w18,trail,EURUSD,S,2022-09-05 01:04:00-04:00,2022-09-05 18:15:00-04:00,0.98995,0.99439,0.99439,,-0.7226,True,2022,2022-09-05 01:00:00,3.0,0.0,2-3
n2_h4dow_fixed,n2,h4dow,fixed,GBPUSD,S,2022-09-02 15:37:00-04:00,2022-09-05 20:00:00-04:00,1.14988,1.15674,1.15674,1.13846,-1.0172,True,2022,2022-09-02 13:00:00,2.0,1.0,2-3
n2_h4dow_trail,n2,h4dow,trail,GBPUSD,S,2022-09-02 15:37:00-04:00,2022-09-05 20:00:00-04:00,1.14988,1.15674,1.15674,,-1.0172,True,2022,2022-09-02 13:00:00,2.0,1.0,2-3
n3_h4dow_fixed,n3,h4dow,fixed,GBPUSD,S,2022-09-02 15:37:00-04:00,2022-09-05 20:00:00-04:00,1.14988,1.15674,1.15674,1.13846,-1.0172,True,2022,2022-09-02 13:00:00,2.0,1.0,2-3
n3_h4dow_trail,n3,h4dow,trail,GBPUSD,S,2022-09-02 15:37:00-04:00,2022-09-05 20:00:00-04:00,1.14988,1.15674,1.15674,,-1.0172,True,2022,2022-09-02 13:00:00,2.0,1.0,2-3
n3_h4w18_fixed,n3,h4w18,fixed,EURUSD,S,2022-09-05 01:04:00-04:00,2022-09-05 20:05:00-04:00,0.98995,0.99616,0.99616,0.9796,-1.0076,True,2022,2022-09-05 01:00:00,3.0,0.0,2-3
n2_h4dow_fixed,n2,h4dow,fixed,USDJPY,L,2022-09-06 00:53:00-04:00,2022-09-06 04:21:00-04:00,140.802,141.742,140.238,141.742,1.6572,True,2022,2022-09-05 21:00:00,8.0,1.0,4+
n3_h4dow_fixed,n3,h4dow,fixed,USDJPY,L,2022-09-06 00:53:00-04:00,2022-09-06 04:21:00-04:00,140.802,141.742,140.238,141.742,1.6572,True,2022,2022-09-05 21:00:00,8.0,1.0,4+
n2_h4dow_fixed,n2,h4dow,fixed,AUDUSD,S,2022-08-31 07:14:00-04:00,2022-09-06 09:41:00-04:00,0.68454,0.67532,0.69008,0.67532,1.6484,True,2022,2022-08-31 05:00:00,1.0,1.0,1
n2_h4dow_trail,n2,h4dow,trail,USDCHF,L,2022-09-06 09:06:00-04:00,2022-09-07 03:57:00-04:00,0.98376,0.98256,0.98256,,-0.2904,True,2022,2022-09-06 09:00:00,3.0,1.0,2-3
n3_h4dow_trail,n3,h4dow,trail,USDCHF,L,2022-09-06 09:06:00-04:00,2022-09-07 03:57:00-04:00,0.98376,0.98256,0.98256,,-0.2904,True,2022,2022-09-06 09:00:00,3.0,1.0,2-3
n3_h4dow_trail,n3,h4dow,trail,EURUSD,S,2022-09-06 10:00:00-04:00,2022-09-07 10:24:00-04:00,0.98781,0.993,0.993,,-0.8817,True,2022,2022-09-06 09:00:00,3.0,0.0,2-3
n2_h4dow_trail,n2,h4dow,trail,AUDUSD,S,2022-09-06 04:35:00-04:00,2022-09-07 12:42:00-04:00,0.67728,0.67376,0.67376,,0.7594,True,2022,2022-09-06 01:00:00,3.0,1.0,2-3
n3_h4dow_trail,n3,h4dow,trail,AUDUSD,S,2022-09-06 04:35:00-04:00,2022-09-07 12:42:00-04:00,0.67728,0.67376,0.67376,,0.7594,True,2022,2022-09-06 01:00:00,3.0,1.0,2-3
n2_h4dow_fixed,n2,h4dow,fixed,USDCHF,L,2022-09-06 09:06:00-04:00,2022-09-07 13:02:00-04:00,0.98376,0.9789,0.9789,0.99186,-1.0434,True,2022,2022-09-06 09:00:00,3.0,1.0,2-3
n3_h4dow_fixed,n3,h4dow,fixed,USDCHF,L,2022-09-06 09:06:00-04:00,2022-09-07 13:02:00-04:00,0.98376,0.9789,0.9789,0.99186,-1.0434,True,2022,2022-09-06 09:00:00,3.0,1.0,2-3
n2_h4dow_fixed,n2,h4dow,fixed,GBPUSD,S,2022-09-07 06:58:00-04:00,2022-09-07 13:05:00-04:00,1.14436,1.15102,1.15102,1.13326,-1.0177,True,2022,2022-09-07 05:00:00,4.0,0.0,4+
n2_h4dow_trail,n2,h4dow,trail,GBPUSD,S,2022-09-07 06:58:00-04:00,2022-09-07 13:05:00-04:00,1.14436,1.15102,1.15102,,-1.0177,True,2022,2022-09-07 05:00:00,4.0,0.0,4+
n3_h4dow_fixed,n3,h4dow,fixed,GBPUSD,S,2022-09-07 06:58:00-04:00,2022-09-07 13:05:00-04:00,1.14436,1.15102,1.15102,1.13326,-1.0177,True,2022,2022-09-07 05:00:00,4.0,0.0,4+
n3_h4dow_trail,n3,h4dow,trail,GBPUSD,S,2022-09-07 06:58:00-04:00,2022-09-07 13:05:00-04:00,1.14436,1.15102,1.15102,,-1.0177,True,2022,2022-09-07 05:00:00,4.0,0.0,4+
n2_h4dow_trail,n2,h4dow,trail,USDJPY,L,2022-08-31 17:57:00-04:00,2022-09-08 01:46:00-04:00,139.08,143.673,143.673,,6.8839,True,2022,2022-08-31 17:00:00,7.0,1.0,4+
n3_h4dow_trail,n3,h4dow,trail,USDJPY,L,2022-08-31 17:57:00-04:00,2022-09-08 01:46:00-04:00,139.08,143.673,143.673,,6.8839,True,2022,2022-08-31 17:00:00,7.0,1.0,4+
n3_h4dow_fixed,n3,h4dow,fixed,EURUSD,S,2022-09-01 10:00:00-04:00,2022-09-08 20:32:00-04:00,0.99713,1.00361,1.00361,0.98633,-1.0073,True,2022,2022-09-01 09:00:00,2.0,0.0,2-3
n3_h4dow_fixed,n3,h4dow,fixed,AUDUSD,S,2022-09-06 04:35:00-04:00,2022-09-08 23:17:00-04:00,0.67728,0.6818,0.6818,0.66976,-1.0195,True,2022,2022-09-06 01:00:00,3.0,1.0,2-3
n2_h4dow_fixed,n2,h4dow,fixed,AUDUSD,S,2022-09-13 08:33:00-04:00,2022-09-13 14:39:00-04:00,0.68242,0.67439,0.68724,0.67439,1.6477,True,2022,2022-09-13 05:00:00,4.0,0.0,4+
n3_h4dow_fixed,n3,h4dow,fixed,AUDUSD,S,2022-09-13 08:33:00-04:00,2022-09-13 14:39:00-04:00,0.68242,0.67439,0.68724,0.67439,1.6477,True,2022,2022-09-13 05:00:00,4.0,0.0,4+
n2_h4dow_trail,n2,h4dow,trail,AUDUSD,S,2022-09-13 08:33:00-04:00,2022-09-14 10:45:00-04:00,0.68242,0.67482,0.67482,,1.5585,True,2022,2022-09-13 05:00:00,4.0,0.0,4+
n3_h4dow_trail,n3,h4dow,trail,AUDUSD,S,2022-09-13 08:33:00-04:00,2022-09-14 10:45:00-04:00,0.68242,0.67482,0.67482,,1.5585,True,2022,2022-09-13 05:00:00,4.0,0.0,4+
n2_h4dow_trail,n2,h4dow,trail,USDJPY,L,2022-09-13 08:32:01-04:00,2022-09-15 20:22:00-04:00,143.496,143.154,143.154,,-0.3492,True,2022,2022-09-13 05:00:00,11.0,0.0,4+
n3_h4dow_trail,n3,h4dow,trail,USDJPY,L,2022-09-13 08:32:01-04:00,2022-09-15 20:22:00-04:00,143.496,143.154,143.154,,-0.3492,True,2022,2022-09-13 05:00:00,11.0,0.0,4+
n2_h4dow_fixed,n2,h4dow,fixed,GBPUSD,S,2022-09-15 08:27:00-04:00,2022-09-16 03:47:00-04:00,1.14798,1.13646,1.1549,1.13646,1.6478,True,2022,2022-09-15 05:00:00,7.0,0.0,4+
n3_h4dow_fixed,n3,h4dow,fixed,GBPUSD,S,2022-09-15 08:27:00-04:00,2022-09-16 03:47:00-04:00,1.14798,1.13646,1.1549,1.13646,1.6478,True,2022,2022-09-15 05:00:00,7.0,0.0,4+
n2_h4dow_trail,n2,h4dow,trail,AUDUSD,S,2022-09-15 11:57:00-04:00,2022-09-18 18:46:00-04:00,0.67054,0.67242,0.67242,,-0.3887,True,2022,2022-09-15 09:00:00,5.0,0.0,4+
n3_h4dow_trail,n3,h4dow,trail,AUDUSD,S,2022-09-15 11:57:00-04:00,2022-09-18 18:46:00-04:00,0.67054,0.67242,0.67242,,-0.3887,True,2022,2022-09-15 09:00:00,5.0,0.0,4+
n2_h4w18_trail,n2,h4w18,trail,AUDUSD,S,2022-09-15 15:11:00-04:00,2022-09-18 18:46:00-04:00,0.66988,0.67242,0.67242,,-0.4975,True,2022,2022-09-15 13:00:00,6.0,0.0,4+
n3_h4w18_trail,n3,h4w18,trail,AUDUSD,S,2022-09-15 15:11:00-04:00,2022-09-18 18:46:00-04:00,0.66988,0.67242,0.67242,,-0.4975,True,2022,2022-09-15 13:00:00,6.0,0.0,4+
n2_h4dow_trail,n2,h4dow,trail,GBPUSD,S,2022-09-15 08:27:00-04:00,2022-09-19 19:58:00-04:00,1.14798,1.14422,1.14422,,0.5263,True,2022,2022-09-15 05:00:00,7.0,0.0,4+
n3_h4dow_trail,n3,h4dow,trail,GBPUSD,S,2022-09-15 08:27:00-04:00,2022-09-19 19:58:00-04:00,1.14798,1.14422,1.14422,,0.5263,True,2022,2022-09-15 05:00:00,7.0,0.0,4+
n2_h4w18_trail,n2,h4w18,trail,GBPUSD,S,2022-09-16 03:39:00-04:00,2022-09-19 19:58:00-04:00,1.14052,1.14422,1.14422,,-0.5964,True,2022,2022-09-16 01:00:00,1.0,1.0,1
n3_h4w18_trail,n3,h4w18,trail,GBPUSD,S,2022-09-16 03:39:00-04:00,2022-09-19 19:58:00-04:00,1.14052,1.14422,1.14422,,-0.5964,True,2022,2022-09-16 01:00:00,7.0,0.0,4+
n3_h4dow_trail,n3,h4dow,trail,USDJPY,L,2022-09-20 04:16:00-04:00,2022-09-21 02:44:00-04:00,143.644,143.483,143.483,,-0.2513,True,2022,2022-09-20 01:00:00,14.0,0.0,4+
n2_h4w18_fixed,n2,h4w18,fixed,GBPUSD,S,2022-09-16 03:39:00-04:00,2022-09-21 14:00:00-04:00,1.14052,1.12984,1.14693,1.12984,1.648,True,2022,2022-09-16 01:00:00,1.0,1.0,1
n3_h4w18_fixed,n3,h4w18,fixed,GBPUSD,S,2022-09-16 03:39:00-04:00,2022-09-21 14:00:00-04:00,1.14052,1.12984,1.14693,1.12984,1.648,True,2022,2022-09-16 01:00:00,7.0,0.0,4+
n2_h4dow_fixed,n2,h4dow,fixed,GBPUSD,S,2022-09-21 02:02:00-04:00,2022-09-21 14:01:00-04:00,1.13509,1.12554,1.14082,1.12554,1.6464,True,2022,2022-09-21 01:00:00,2.0,1.0,2-3
n3_h4dow_fixed,n3,h4dow,fixed,GBPUSD,S,2022-09-21 02:02:00-04:00,2022-09-21 14:01:00-04:00,1.13509,1.12554,1.14082,1.12554,1.6464,True,2022,2022-09-21 01:00:00,2.0,1.0,2-3
n2_h4dow_trail,n2,h4dow,trail,AUDUSD,S,2022-09-21 00:18:00-04:00,2022-09-21 14:45:00-04:00,0.66724,0.67032,0.67032,,-0.7612,True,2022,2022-09-20 21:00:00,3.0,0.0,2-3
n3_h4dow_trail,n3,h4dow,trail,AUDUSD,S,2022-09-21 00:18:00-04:00,2022-09-21 14:45:00-04:00,0.66724,0.67032,0.67032,,-0.7612,True,2022,2022-09-20 21:00:00,3.0,0.0,2-3
n2_h4dow_fixed,n2,h4dow,fixed,AUDUSD,S,2022-09-15 11:57:00-04:00,2022-09-21 19:13:00-04:00,0.67054,0.66212,0.6756,0.66212,1.6469,True,2022,2022-09-15 09:00:00,5.0,0.0,4+
n3_h4dow_fixed,n3,h4dow,fixed,AUDUSD,S,2022-09-15 11:57:00-04:00,2022-09-21 19:13:00-04:00,0.67054,0.66212,0.6756,0.66212,1.6469,True,2022,2022-09-15 09:00:00,5.0,0.0,4+
n2_h4w18_fixed,n2,h4w18,fixed,AUDUSD,S,2022-09-15 15:11:00-04:00,2022-09-21 19:28:00-04:00,0.66988,0.66108,0.67516,0.66108,1.6503,True,2022,2022-09-15 13:00:00,6.0,0.0,4+
n3_h4w18_fixed,n3,h4w18,fixed,AUDUSD,S,2022-09-15 15:11:00-04:00,2022-09-21 19:28:00-04:00,0.66988,0.66108,0.67516,0.66108,1.6503,True,2022,2022-09-15 13:00:00,6.0,0.0,4+
n2_h4dow_fixed,n2,h4dow,fixed,USDJPY,L,2022-09-13 08:32:01-04:00,2022-09-21 22:53:00-04:00,143.496,145.144,142.508,145.144,1.6607,True,2022,2022-09-13 05:00:00,11.0,0.0,4+
n3_h4dow_fixed,n3,h4dow,fixed,USDJPY,L,2022-09-13 08:32:01-04:00,2022-09-21 22:53:00-04:00,143.496,145.144,142.508,145.144,1.6607,True,2022,2022-09-13 05:00:00,11.0,0.0,4+
n3_h4w18_fixed,n3,h4w18,fixed,USDJPY,L,2022-09-21 22:52:00-04:00,2022-09-21 22:56:00-04:00,144.964,144.162,144.162,146.302,-1.0032,True,2022,2022-09-21 21:00:00,15.0,0.0,4+
n3_h4w18_trail,n3,h4w18,trail,USDJPY,L,2022-09-21 22:52:00-04:00,2022-09-21 22:56:00-04:00,144.964,144.162,144.162,,-1.0032,True,2022,2022-09-21 21:00:00,15.0,0.0,4+
n2_h4dow_trail,n2,h4dow,trail,GBPUSD,S,2022-09-21 02:02:00-04:00,2022-09-22 06:53:00-04:00,1.13509,1.13573,1.13573,,-0.132,True,2022,2022-09-21 01:00:00,2.0,1.0,2-3
n3_h4dow_trail,n3,h4dow,trail,GBPUSD,S,2022-09-21 02:02:00-04:00,2022-09-22 06:53:00-04:00,1.13509,1.13573,1.13573,,-0.132,True,2022,2022-09-21 01:00:00,2.0,1.0,2-3
n2_h4dow_fixed,n2,h4dow,fixed,GBPUSD,S,2022-09-23 03:00:00-04:00,2022-09-23 06:37:00-04:00,1.12123,1.10725,1.12961,1.10725,1.6546,True,2022,2022-09-23 01:00:00,3.0,1.0,2-3
n3_h4dow_fixed,n3,h4dow,fixed,GBPUSD,S,2022-09-23 03:00:00-04:00,2022-09-23 06:37:00-04:00,1.12123,1.10725,1.12961,1.10725,1.6546,True,2022,2022-09-23 01:00:00,3.0,1.0,2-3
n2_h4dow_fixed,n2,h4dow,fixed,AUDUSD,S,2022-09-23 05:36:00-04:00,2022-09-26 11:32:00-04:00,0.65738,0.6477,0.66318,0.6477,1.6544,True,2022,2022-09-23 05:00:00,4.0,0.0,4+
n3_h4dow_fixed,n3,h4dow,fixed,AUDUSD,S,2022-09-23 05:36:00-04:00,2022-09-26 11:32:00-04:00,0.65738,0.6477,0.66318,0.6477,1.6544,True,2022,2022-09-23 05:00:00,4.0,0.0,4+
n2_h4dow_trail,n2,h4dow,trail,GBPUSD,S,2022-09-23 03:00:00-04:00,2022-09-28 06:02:00-04:00,1.12123,1.07403,1.07403,,5.6121,True,2022,2022-09-23 01:00:00,3.0,1.0,2-3
n3_h4dow_trail,n3,h4dow,trail,GBPUSD,S,2022-09-23 03:00:00-04:00,2022-09-28 06:02:00-04:00,1.12123,1.07403,1.07403,,5.6121,True,2022,2022-09-23 01:00:00,3.0,1.0,2-3
n2_h4dow_trail,n2,h4dow,trail,AUDUSD,S,2022-09-23 05:36:00-04:00,2022-09-28 09:29:00-04:00,0.65738,0.64448,0.64448,,2.2095,True,2022,2022-09-23 05:00:00,4.0,0.0,4+
n3_h4dow_trail,n3,h4dow,trail,AUDUSD,S,2022-09-23 05:36:00-04:00,2022-09-28 09:29:00-04:00,0.65738,0.64448,0.64448,,2.2095,True,2022,2022-09-23 05:00:00,4.0,0.0,4+
n3_h4dow_trail,n3,h4dow,trail,USDJPY,L,2022-09-27 10:00:00-04:00,2022-09-28 09:29:00-04:00,144.788,144.392,144.392,,-0.3978,True,2022,2022-09-27 09:00:00,16.0,0.0,4+
n2_h4dow_fixed,n2,h4dow,fixed,AUDUSD,S,2022-09-27 12:10:00-04:00,2022-09-28 11:50:00-04:00,0.6438,0.64989,0.64989,0.63365,-1.0137,True,2022,2022-09-27 09:00:00,4.0,0.0,4+
n3_h4dow_fixed,n3,h4dow,fixed,AUDUSD,S,2022-09-27 12:10:00-04:00,2022-09-28 11:50:00-04:00,0.6438,0.64989,0.64989,0.63365,-1.0137,True,2022,2022-09-27 09:00:00,4.0,0.0,4+
n2_h4dow_trail,n2,h4dow,trail,AUDUSD,S,2022-09-30 10:56:00-04:00,2022-10-03 08:22:00-04:00,0.64358,0.64604,0.64604,,-0.367,True,2022,2022-09-30 09:00:00,6.0,0.0,4+
n3_h4dow_trail,n3,h4dow,trail,AUDUSD,S,2022-09-30 10:56:00-04:00,2022-10-03 08:22:00-04:00,0.64358,0.64604,0.64604,,-0.367,True,2022,2022-09-30 09:00:00,6.0,0.0,4+
n2_h4dow_fixed,n2,h4dow,fixed,AUDUSD,S,2022-09-30 10:56:00-04:00,2022-10-03 10:09:00-04:00,0.64358,0.65051,0.65051,0.63203,-1.0121,True,2022,2022-09-30 09:00:00,6.0,0.0,4+
n3_h4dow_fixed,n3,h4dow,fixed,AUDUSD,S,2022-09-30 10:56:00-04:00,2022-10-03 10:09:00-04:00,0.64358,0.65051,0.65051,0.63203,-1.0121,True,2022,2022-09-30 09:00:00,6.0,0.0,4+
n3_h4dow_trail,n3,h4dow,trail,USDJPY,L,2022-09-30 16:49:00-04:00,2022-10-03 10:25:00-04:00,144.812,144.498,144.498,,-0.5164,True,2022,2022-09-30 13:00:00,2.0,0.0,2-3
n3_h4w18_trail,n3,h4w18,trail,USDJPY,L,2022-10-03 00:02:00-04:00,2022-10-03 10:25:00-04:00,144.904,144.498,144.498,,-0.7131,True,2022,2022-10-02 21:00:00,3.0,0.0,2-3
n3_h4w18_fixed,n3,h4w18,fixed,USDJPY,L,2022-10-03 00:02:00-04:00,2022-10-03 11:09:00-04:00,144.904,144.33,144.33,145.862,-1.0054,True,2022,2022-10-02 21:00:00,3.0,0.0,2-3
n2_h4dow_fixed,n2,h4dow,fixed,USDJPY,S,2022-10-03 11:15:00-04:00,2022-10-03 22:05:00-04:00,144.208,144.829,144.829,143.173,-1.0059,True,2022,2022-10-03 09:00:00,1.0,1.0,1
n2_h4dow_trail,n2,h4dow,trail,USDJPY,S,2022-10-03 11:15:00-04:00,2022-10-03 22:05:00-04:00,144.208,144.829,144.829,,-1.0059,True,2022,2022-10-03 09:00:00,1.0,1.0,1
n3_h4dow_fixed,n3,h4dow,fixed,USDJPY,L,2022-09-27 10:00:00-04:00,2022-10-04 19:58:00-04:00,144.788,143.783,143.783,146.463,-1.0037,True,2022,2022-09-27 09:00:00,16.0,0.0,4+
n3_h4dow_trail,n3,h4dow,trail,USDCHF,L,2022-10-06 10:05:00-04:00,2022-10-07 03:43:00-04:00,0.9889,0.98869,0.98869,,-0.0667,True,2022,2022-10-06 09:00:00,1.0,1.0,1
n3_h4dow_trail,n3,h4dow,trail,USDJPY,L,2022-10-06 09:50:00-04:00,2022-10-07 03:55:00-04:00,144.846,144.852,144.852,,0.004,True,2022,2022-10-06 09:00:00,5.0,0.0,4+
n2_h4dow_fixed,n2,h4dow,fixed,AUDUSD,S,2022-10-06 10:55:00-04:00,2022-10-10 04:17:00-04:00,0.64166,0.62986,0.64874,0.62986,1.655,True,2022,2022-10-06 09:00:00,8.0,0.0,4+
n3_h4dow_fixed,n3,h4dow,fixed,AUDUSD,S,2022-10-06 10:55:00-04:00,2022-10-10 04:17:00-04:00,0.64166,0.62986,0.64874,0.62986,1.655,True,2022,2022-10-06 09:00:00,8.0,0.0,4+
n3_h4dow_fixed,n3,h4dow,fixed,USDCHF,L,2022-10-06 10:05:00-04:00,2022-10-10 09:34:00-04:00,0.9889,0.99948,0.98256,0.99948,1.635,True,2022,2022-10-06 09:00:00,1.0,1.0,1
n3_h4dow_fixed,n3,h4dow,fixed,USDJPY,L,2022-10-06 09:50:00-04:00,2022-10-10 11:08:00-04:00,144.846,145.774,144.29,145.774,1.6589,True,2022,2022-10-06 09:00:00,5.0,0.0,4+
n2_h4dow_trail,n2,h4dow,trail,GBPUSD,S,2022-10-06 09:24:00-04:00,2022-10-10 20:20:00-04:00,1.12269,1.10814,1.10814,,1.1164,True,2022,2022-10-06 09:00:00,7.0,0.0,4+
n3_h4dow_trail,n3,h4dow,trail,GBPUSD,S,2022-10-06 09:24:00-04:00,2022-10-10 20:20:00-04:00,1.12269,1.10814,1.10814,,1.1164,True,2022,2022-10-06 09:00:00,7.0,0.0,4+
n2_h4w18_fixed,n2,h4w18,fixed,AUDUSD,S,2022-10-07 15:13:00-04:00,2022-10-11 00:23:00-04:00,0.6363,0.62535,0.64287,0.62535,1.6542,True,2022,2022-10-07 13:00:00,1.0,1.0,1
n3_h4w18_fixed,n3,h4w18,fixed,AUDUSD,S,2022-10-07 15:13:00-04:00,2022-10-11 00:23:00-04:00,0.6363,0.62535,0.64287,0.62535,1.6542,True,2022,2022-10-07 13:00:00,9.0,0.0,4+
n2_h4dow_fixed,n2,h4dow,fixed,GBPUSD,S,2022-10-06 09:24:00-04:00,2022-10-11 02:10:00-04:00,1.12269,1.10114,1.13562,1.10114,1.6577,True,2022,2022-10-06 09:00:00,7.0,0.0,4+
n3_h4dow_fixed,n3,h4dow,fixed,GBPUSD,S,2022-10-06 09:24:00-04:00,2022-10-11 02:10:00-04:00,1.12269,1.10114,1.13562,1.10114,1.6577,True,2022,2022-10-06 09:00:00,7.0,0.0,4+
n2_h4dow_trail,n2,h4dow,trail,EURUSD,S,2022-10-10 22:23:00-04:00,2022-10-11 03:35:00-04:00,0.96818,0.97227,0.97227,,-0.6483,True,2022,2022-10-10 21:00:00,1.0,1.0,1
n3_h4dow_trail,n3,h4dow,trail,EURUSD,S,2022-10-10 22:23:00-04:00,2022-10-11 03:35:00-04:00,0.96818,0.97227,0.97227,,-0.6483,True,2022,2022-10-10 21:00:00,1.0,1.0,1
n3_h4dow_trail,n3,h4dow,trail,USDCHF,L,2022-10-07 07:36:00-04:00,2022-10-11 03:37:00-04:00,0.9914,0.99859,0.99859,,1.2569,True,2022,2022-10-07 05:00:00,2.0,0.0,2-3
n3_h4w18_trail,n3,h4w18,trail,USDCHF,L,2022-10-07 08:49:00-04:00,2022-10-11 03:37:00-04:00,0.99502,0.99859,0.99859,,0.6046,True,2022,2022-10-07 05:00:00,2.0,0.0,2-3
n2_h4dow_fixed,n2,h4dow,fixed,EURUSD,S,2022-10-10 22:23:00-04:00,2022-10-11 11:56:00-04:00,0.96818,0.97456,0.97456,0.95756,-1.0072,True,2022,2022-10-10 21:00:00,1.0,1.0,1
n3_h4dow_fixed,n3,h4dow,fixed,EURUSD,S,2022-10-10 22:23:00-04:00,2022-10-11 11:56:00-04:00,0.96818,0.97456,0.97456,0.95756,-1.0072,True,2022,2022-10-10 21:00:00,1.0,1.0,1
n2_h4dow_trail,n2,h4dow,trail,AUDUSD,S,2022-10-06 10:55:00-04:00,2022-10-11 11:57:00-04:00,0.64166,0.63292,0.63292,,1.2228,True,2022,2022-10-06 09:00:00,8.0,0.0,4+
n3_h4dow_trail,n3,h4dow,trail,AUDUSD,S,2022-10-06 10:55:00-04:00,2022-10-11 11:57:00-04:00,0.64166,0.63292,0.63292,,1.2228,True,2022,2022-10-06 09:00:00,8.0,0.0,4+
n2_h4w18_trail,n2,h4w18,trail,AUDUSD,S,2022-10-07 15:13:00-04:00,2022-10-11 11:57:00-04:00,0.6363,0.63292,0.63292,,0.5019,True,2022,2022-10-07 13:00:00,1.0,1.0,1
n3_h4w18_trail,n3,h4w18,trail,AUDUSD,S,2022-10-07 15:13:00-04:00,2022-10-11 11:57:00-04:00,0.6363,0.63292,0.63292,,0.5019,True,2022,2022-10-07 13:00:00,9.0,0.0,4+
n2_h4dow_trail,n2,h4dow,trail,AUDUSD,S,2022-10-11 21:40:00-04:00,2022-10-12 14:11:00-04:00,0.62471,0.62888,0.62888,,-0.5904,True,2022,2022-10-11 21:00:00,1.0,1.0,1
n3_h4dow_trail,n3,h4dow,trail,AUDUSD,S,2022-10-11 21:40:00-04:00,2022-10-12 14:11:00-04:00,0.62471,0.62888,0.62888,,-0.5904,True,2022,2022-10-11 21:00:00,1.0,1.0,1
n2_h4dow_trail,n2,h4dow,trail,EURUSD,S,2022-10-12 10:46:00-04:00,2022-10-12 20:36:00-04:00,0.96697,0.97202,0.97202,,-0.7332,True,2022,2022-10-12 09:00:00,2.0,1.0,2-3
n3_h4dow_trail,n3,h4dow,trail,EURUSD,S,2022-10-12 10:46:00-04:00,2022-10-12 20:36:00-04:00,0.96697,0.97202,0.97202,,-0.7332,True,2022,2022-10-12 09:00:00,2.0,1.0,2-3
n2_h4dow_fixed,n2,h4dow,fixed,EURUSD,S,2022-10-12 10:46:00-04:00,2022-10-13 05:27:00-04:00,0.96697,0.97391,0.97391,0.9554,-1.0066,True,2022,2022-10-12 09:00:00,2.0,1.0,2-3
n3_h4dow_fixed,n3,h4dow,fixed,EURUSD,S,2022-10-12 10:46:00-04:00,2022-10-13 05:27:00-04:00,0.96697,0.97391,0.97391,0.9554,-1.0066,True,2022,2022-10-12 09:00:00,2.0,1.0,2-3
n3_h4w18_fixed,n3,h4w18,fixed,USDCHF,L,2022-10-07 08:49:00-04:00,2022-10-13 08:30:00-04:00,0.99502,1.00427,0.98947,1.00427,1.6279,True,2022,2022-10-07 05:00:00,2.0,0.0,2-3
n2_h4dow_fixed,n2,h4dow,fixed,EURUSD,S,2022-10-13 08:30:00-04:00,2022-10-13 11:07:00-04:00,0.96679,0.9727,0.9727,0.95694,-1.0078,True,2022,2022-10-13 05:00:00,2.0,1.0,2-3
n2_h4dow_trail,n2,h4dow,trail,EURUSD,S,2022-10-13 08:30:00-04:00,2022-10-13 11:07:00-04:00,0.96679,0.9727,0.9727,,-1.0078,True,2022,2022-10-13 05:00:00,2.0,1.0,2-3
n3_h4dow_fixed,n3,h4dow,fixed,EURUSD,S,2022-10-13 08:30:00-04:00,2022-10-13 11:07:00-04:00,0.96679,0.9727,0.9727,0.95694,-1.0078,True,2022,2022-10-13 05:00:00,2.0,1.0,2-3
n3_h4dow_trail,n3,h4dow,trail,EURUSD,S,2022-10-13 08:30:00-04:00,2022-10-13 11:07:00-04:00,0.96679,0.9727,0.9727,,-1.0078,True,2022,2022-10-13 05:00:00,2.0,1.0,2-3
n2_h4dow_trail,n2,h4dow,trail,AUDUSD,S,2022-10-13 08:30:00-04:00,2022-10-13 11:39:00-04:00,0.62359,0.62917,0.62917,,-1.0145,True,2022,2022-10-13 05:00:00,3.0,1.0,2-3
n3_h4dow_trail,n3,h4dow,trail,AUDUSD,S,2022-10-13 08:30:00-04:00,2022-10-13 11:39:00-04:00,0.62359,0.62917,0.62917,,-1.0145,True,2022,2022-10-13 05:00:00,3.0,1.0,2-3
n2_h4dow_fixed,n2,h4dow,fixed,AUDUSD,S,2022-10-11 21:40:00-04:00,2022-10-13 21:42:00-04:00,0.62471,0.63191,0.63191,0.61271,-1.0113,True,2022,2022-10-11 21:00:00,1.0,1.0,1
n3_h4dow_fixed,n3,h4dow,fixed,AUDUSD,S,2022-10-11 21:40:00-04:00,2022-10-13 21:42:00-04:00,0.62471,0.63191,0.63191,0.61271,-1.0113,True,2022,2022-10-11 21:00:00,1.0,1.0,1
n3_h4dow_trail,n3,h4dow,trail,USDCHF,L,2022-10-13 04:25:00-04:00,2022-10-17 09:40:00-04:00,1.00044,0.9965,0.9965,,-0.8052,True,2022,2022-10-13 01:00:00,3.0,0.0,2-3
n3_h4dow_fixed,n3,h4dow,fixed,USDCHF,L,2022-10-13 04:25:00-04:00,2022-10-17 11:46:00-04:00,1.00044,0.99528,0.99528,1.00904,-1.0416,True,2022,2022-10-13 01:00:00,3.0,0.0,2-3
n2_h4dow_fixed,n2,h4dow,fixed,USDCHF,L,2022-10-19 02:55:00-04:00,2022-10-20 03:37:00-04:00,0.9979,1.0068,0.99256,1.0068,1.6263,True,2022,2022-10-19 01:00:00,4.0,0.0,4+
n3_h4dow_fixed,n3,h4dow,fixed,USDCHF,L,2022-10-19 02:55:00-04:00,2022-10-20 03:37:00-04:00,0.9979,1.0068,0.99256,1.0068,1.6263,True,2022,2022-10-19 01:00:00,6.0,0.0,4+
n2_h4dow_trail,n2,h4dow,trail,AUDUSD,S,2022-10-19 12:00:00-04:00,2022-10-20 03:53:00-04:00,0.62658,0.62757,0.62757,,-0.1788,True,2022,2022-10-19 09:00:00,1.0,1.0,1
n3_h4dow_trail,n3,h4dow,trail,AUDUSD,S,2022-10-19 12:00:00-04:00,2022-10-20 03:53:00-04:00,0.62658,0.62757,0.62757,,-0.1788,True,2022,2022-10-19 09:00:00,5.0,0.0,4+
n2_h4dow_trail,n2,h4dow,trail,USDCHF,L,2022-10-19 02:55:00-04:00,2022-10-20 04:01:00-04:00,0.9979,1.00377,1.00377,,1.0589,True,2022,2022-10-19 01:00:00,4.0,0.0,4+
n3_h4dow_trail,n3,h4dow,trail,USDCHF,L,2022-10-19 02:55:00-04:00,2022-10-20 04:01:00-04:00,0.9979,1.00377,1.00377,,1.0589,True,2022,2022-10-19 01:00:00,6.0,0.0,4+
n2_h4dow_fixed,n2,h4dow,fixed,AUDUSD,S,2022-10-19 12:00:00-04:00,2022-10-20 08:31:00-04:00,0.62658,0.63256,0.63256,0.6166,-1.0136,True,2022,2022-10-19 09:00:00,1.0,1.0,1
n3_h4dow_fixed,n3,h4dow,fixed,AUDUSD,S,2022-10-19 12:00:00-04:00,2022-10-20 08:31:00-04:00,0.62658,0.63256,0.63256,0.6166,-1.0136,True,2022,2022-10-19 09:00:00,5.0,0.0,4+
n2_h4dow_trail,n2,h4dow,trail,USDCHF,L,2022-10-21 03:00:00-04:00,2022-10-21 10:53:00-04:00,1.00688,1.00361,1.00361,,-0.6972,True,2022,2022-10-21 01:00:00,2.0,1.0,2-3
n2_h4w18_trail,n2,h4w18,trail,USDCHF,L,2022-10-21 03:00:00-04:00,2022-10-21 10:53:00-04:00,1.00737,1.00361,1.00361,,-0.7968,True,2022,2022-10-21 01:00:00,2.0,1.0,2-3
n3_h4dow_trail,n3,h4dow,trail,USDCHF,L,2022-10-21 03:00:00-04:00,2022-10-21 10:53:00-04:00,1.00688,1.00361,1.00361,,-0.6972,True,2022,2022-10-21 01:00:00,8.0,0.0,4+
n3_h4w18_trail,n3,h4w18,trail,USDCHF,L,2022-10-21 03:00:00-04:00,2022-10-21 10:53:00-04:00,1.00737,1.00361,1.00361,,-0.7968,True,2022,2022-10-21 01:00:00,8.0,0.0,4+
n2_h4dow_fixed,n2,h4dow,fixed,USDCHF,L,2022-10-21 03:00:00-04:00,2022-10-21 11:25:00-04:00,1.00688,1.00188,1.00188,1.01521,-1.0432,True,2022,2022-10-21 01:00:00,2.0,1.0,2-3
n2_h4w18_fixed,n2,h4w18,fixed,USDCHF,L,2022-10-21 03:00:00-04:00,2022-10-21 11:25:00-04:00,1.00737,1.00237,1.00237,1.0157,-1.0432,True,2022,2022-10-21 01:00:00,2.0,1.0,2-3
n3_h4dow_fixed,n3,h4dow,fixed,USDCHF,L,2022-10-21 03:00:00-04:00,2022-10-21 11:25:00-04:00,1.00688,1.00188,1.00188,1.01521,-1.0432,True,2022,2022-10-21 01:00:00,8.0,0.0,4+
n3_h4w18_fixed,n3,h4w18,fixed,USDCHF,L,2022-10-21 03:00:00-04:00,2022-10-21 11:25:00-04:00,1.00737,1.00237,1.00237,1.0157,-1.0432,True,2022,2022-10-21 01:00:00,8.0,0.0,4+
n2_h4dow_fixed,n2,h4dow,fixed,USDCHF,L,2022-10-25 08:51:00-04:00,2022-10-25 09:30:00-04:00,1.00316,0.99704,0.99704,1.01336,-1.0351,True,2022,2022-10-25 05:00:00,3.0,0.0,2-3
n2_h4dow_trail,n2,h4dow,trail,USDCHF,L,2022-10-25 08:51:00-04:00,2022-10-25 09:30:00-04:00,1.00316,0.99704,0.99704,,-1.0351,True,2022,2022-10-25 05:00:00,3.0,0.0,2-3
n3_h4dow_fixed,n3,h4dow,fixed,USDCHF,L,2022-10-25 08:51:00-04:00,2022-10-25 09:30:00-04:00,1.00316,0.99704,0.99704,1.01336,-1.0351,True,2022,2022-10-25 05:00:00,3.0,0.0,2-3
n3_h4dow_trail,n3,h4dow,trail,USDCHF,L,2022-10-25 08:51:00-04:00,2022-10-25 09:30:00-04:00,1.00316,0.99704,0.99704,,-1.0351,True,2022,2022-10-25 05:00:00,3.0,0.0,2-3
n3_h4dow_fixed,n3,h4dow,fixed,USDJPY,L,2022-10-28 03:11:00-04:00,2022-10-31 11:03:00-04:00,146.943,148.801,145.829,148.801,1.6594,True,2022,2022-10-28 01:00:00,4.0,0.0,4+
n3_h4dow_trail,n3,h4dow,trail,USDJPY,L,2022-10-28 03:11:00-04:00,2022-11-01 02:19:00-04:00,146.943,147.738,147.738,,0.7081,True,2022,2022-10-28 01:00:00,4.0,0.0,4+
n2_h4dow_fixed,n2,h4dow,fixed,AUDUSD,L,2022-11-02 14:01:00-04:00,2022-11-02 14:50:00-04:00,0.6464,0.64128,0.64128,0.65492,-1.0163,True,2022,2022-11-02 13:00:00,3.0,1.0,2-3
n2_h4dow_trail,n2,h4dow,trail,AUDUSD,L,2022-11-02 14:01:00-04:00,2022-11-02 14:50:00-04:00,0.6464,0.64128,0.64128,,-1.0163,True,2022,2022-11-02 13:00:00,3.0,1.0,2-3
n3_h4dow_fixed,n3,h4dow,fixed,AUDUSD,L,2022-11-02 14:01:00-04:00,2022-11-02 14:50:00-04:00,0.6464,0.64128,0.64128,0.65492,-1.0163,True,2022,2022-11-02 13:00:00,3.0,1.0,2-3
n3_h4dow_trail,n3,h4dow,trail,AUDUSD,L,2022-11-02 14:01:00-04:00,2022-11-02 14:50:00-04:00,0.6464,0.64128,0.64128,,-1.0163,True,2022,2022-11-02 13:00:00,3.0,1.0,2-3
n2_h4dow_fixed,n2,h4dow,fixed,EURUSD,L,2022-11-02 14:06:00-04:00,2022-11-02 14:50:00-04:00,0.99551,0.98985,0.98985,1.00493,-1.0083,True,2022,2022-11-02 13:00:00,3.0,0.0,2-3
n2_h4dow_trail,n2,h4dow,trail,EURUSD,L,2022-11-02 14:06:00-04:00,2022-11-02 14:50:00-04:00,0.99551,0.98986,0.98986,,-1.0084,True,2022,2022-11-02 13:00:00,3.0,0.0,2-3
n3_h4dow_fixed,n3,h4dow,fixed,EURUSD,L,2022-11-02 14:06:00-04:00,2022-11-02 14:50:00-04:00,0.99551,0.98985,0.98985,1.00493,-1.0083,True,2022,2022-11-02 13:00:00,3.0,0.0,2-3
n3_h4dow_trail,n3,h4dow,trail,EURUSD,L,2022-11-02 14:06:00-04:00,2022-11-02 14:50:00-04:00,0.99551,0.98986,0.98986,,-1.0084,True,2022,2022-11-02 13:00:00,3.0,0.0,2-3
n3_h4dow_trail,n3,h4dow,trail,USDJPY,L,2022-11-03 06:24:00-04:00,2022-11-04 00:13:00-04:00,148.38,147.98,147.98,,-0.3473,True,2022,2022-11-03 05:00:00,2.0,0.0,2-3
n3_h4dow_fixed,n3,h4dow,fixed,USDJPY,L,2022-11-03 06:24:00-04:00,2022-11-04 08:55:00-04:00,148.38,147.222,147.222,150.31,-0.9992,True,2022,2022-11-03 05:00:00,2.0,0.0,2-3
n2_h4dow_trail,n2,h4dow,trail,GBPUSD,L,2022-11-08 10:18:00-05:00,2022-11-09 02:59:00-05:00,1.15416,1.15232,1.15232,,-0.2011,True,2022,2022-11-08 09:00:00,5.0,0.0,4+
n3_h4dow_trail,n3,h4dow,trail,GBPUSD,L,2022-11-08 10:18:00-05:00,2022-11-09 02:59:00-05:00,1.15416,1.15232,1.15232,,-0.2011,True,2022,2022-11-08 09:00:00,5.0,0.0,4+
n2_h4dow_fixed,n2,h4dow,fixed,GBPUSD,L,2022-11-08 10:18:00-05:00,2022-11-09 04:58:00-05:00,1.15416,1.14442,1.14442,1.17038,-1.0121,True,2022,2022-11-08 09:00:00,5.0,0.0,4+
n3_h4dow_fixed,n3,h4dow,fixed,GBPUSD,L,2022-11-08 10:18:00-05:00,2022-11-09 04:58:00-05:00,1.15416,1.14442,1.14442,1.17038,-1.0121,True,2022,2022-11-08 09:00:00,5.0,0.0,4+
n2_h4w18_fixed,n2,h4w18,fixed,EURUSD,L,2022-11-08 11:47:00-05:00,2022-11-09 05:29:00-05:00,1.00937,1.0034,1.0034,1.01932,-1.008,True,2022,2022-11-08 09:00:00,0.0,1.0,0
n2_h4w18_trail,n2,h4w18,trail,EURUSD,L,2022-11-08 11:47:00-05:00,2022-11-09 05:29:00-05:00,1.00937,1.0034,1.0034,,-1.008,True,2022,2022-11-08 09:00:00,0.0,1.0,0
n3_h4w18_fixed,n3,h4w18,fixed,EURUSD,L,2022-11-08 11:47:00-05:00,2022-11-09 05:29:00-05:00,1.00937,1.0034,1.0034,1.01932,-1.008,True,2022,2022-11-08 09:00:00,4.0,0.0,4+
n3_h4w18_trail,n3,h4w18,trail,EURUSD,L,2022-11-08 11:47:00-05:00,2022-11-09 05:29:00-05:00,1.00937,1.0034,1.0034,,-1.008,True,2022,2022-11-08 09:00:00,4.0,0.0,4+
n2_h4dow_trail,n2,h4dow,trail,AUDUSD,L,2022-11-07 08:17:00-05:00,2022-11-09 10:37:00-05:00,0.6483,0.64441,0.64441,,-0.5235,True,2022,2022-11-07 05:00:00,4.0,0.0,4+
n3_h4dow_trail,n3,h4dow,trail,AUDUSD,L,2022-11-07 08:17:00-05:00,2022-11-09 10:37:00-05:00,0.6483,0.64441,0.64441,,-0.5235,True,2022,2022-11-07 05:00:00,4.0,0.0,4+
n2_h4w18_fixed,n2,h4w18,fixed,AUDUSD,L,2022-11-08 10:07:00-05:00,2022-11-09 10:41:00-05:00,0.64926,0.6435,0.6435,0.65886,-1.0145,True,2022,2022-11-08 09:00:00,1.0,1.0,1
n2_h4w18_trail,n2,h4w18,trail,AUDUSD,L,2022-11-08 10:07:00-05:00,2022-11-09 10:41:00-05:00,0.64926,0.6435,0.6435,,-1.0145,True,2022,2022-11-08 09:00:00,1.0,1.0,1
n3_h4w18_fixed,n3,h4w18,fixed,AUDUSD,L,2022-11-08 10:07:00-05:00,2022-11-09 10:41:00-05:00,0.64926,0.6435,0.6435,0.65886,-1.0145,True,2022,2022-11-08 09:00:00,5.0,0.0,4+
n3_h4w18_trail,n3,h4w18,trail,AUDUSD,L,2022-11-08 10:07:00-05:00,2022-11-09 10:41:00-05:00,0.64926,0.6435,0.6435,,-1.0145,True,2022,2022-11-08 09:00:00,5.0,0.0,4+
n2_h4dow_fixed,n2,h4dow,fixed,AUDUSD,L,2022-11-07 08:17:00-05:00,2022-11-10 02:20:00-05:00,0.6483,0.64071,0.64071,0.66095,-1.011,True,2022,2022-11-07 05:00:00,4.0,0.0,4+
n3_h4dow_fixed,n3,h4dow,fixed,AUDUSD,L,2022-11-07 08:17:00-05:00,2022-11-10 02:20:00-05:00,0.6483,0.64071,0.64071,0.66095,-1.011,True,2022,2022-11-07 05:00:00,4.0,0.0,4+
n2_h4dow_trail,n2,h4dow,trail,EURUSD,L,2022-11-07 03:39:00-05:00,2022-11-10 03:31:00-05:00,0.9976,0.99928,0.99928,,0.2131,True,2022,2022-11-07 01:00:00,4.0,0.0,4+
n3_h4dow_trail,n3,h4dow,trail,EURUSD,L,2022-11-07 03:39:00-05:00,2022-11-10 03:31:00-05:00,0.9976,0.99928,0.99928,,0.2131,True,2022,2022-11-07 01:00:00,4.0,0.0,4+
n2_h4dow_trail,n2,h4dow,trail,USDCHF,S,2022-11-08 10:08:00-05:00,2022-11-10 04:07:00-05:00,0.98754,0.98662,0.98662,,0.1174,True,2022,2022-11-08 09:00:00,0.0,1.0,0
n2_h4w18_trail,n2,h4w18,trail,USDCHF,S,2022-11-08 11:38:00-05:00,2022-11-10 04:07:00-05:00,0.98417,0.98662,0.98662,,-0.4414,True,2022,2022-11-08 09:00:00,0.0,1.0,0
n3_h4dow_trail,n3,h4dow,trail,USDCHF,S,2022-11-09 03:07:00-05:00,2022-11-10 04:07:00-05:00,0.98372,0.98662,0.98662,,-0.5256,True,2022,2022-11-09 01:00:00,1.0,1.0,1
n3_h4dow_fixed,n3,h4dow,fixed,USDCHF,S,2022-11-09 03:07:00-05:00,2022-11-10 06:08:00-05:00,0.98372,0.98965,0.98965,0.97384,-1.0358,True,2022,2022-11-09 01:00:00,1.0,1.0,1
n2_h4dow_fixed,n2,h4dow,fixed,USDCHF,S,2022-11-08 10:08:00-05:00,2022-11-10 08:31:00-05:00,0.98754,0.97749,0.99357,0.97749,1.6316,True,2022,2022-11-08 09:00:00,0.0,1.0,0
n2_h4dow_fixed,n2,h4dow,fixed,EURUSD,L,2022-11-07 03:39:00-05:00,2022-11-10 08:35:00-05:00,0.9976,1.01038,0.98994,1.01038,1.6621,True,2022,2022-11-07 01:00:00,4.0,0.0,4+
n3_h4dow_fixed,n3,h4dow,fixed,EURUSD,L,2022-11-07 03:39:00-05:00,2022-11-10 08:35:00-05:00,0.9976,1.01038,0.98994,1.01038,1.6621,True,2022,2022-11-07 01:00:00,4.0,0.0,4+
n2_h4w18_fixed,n2,h4w18,fixed,USDCHF,S,2022-11-08 11:38:00-05:00,2022-11-10 08:48:00-05:00,0.98417,0.97412,0.9902,0.97412,1.6317,True,2022,2022-11-08 09:00:00,0.0,1.0,0
n3_h4dow_fixed,n3,h4dow,fixed,USDCHF,S,2022-11-10 08:30:00-05:00,2022-11-10 09:43:00-05:00,0.98004,0.97004,0.98604,0.97004,1.6317,True,2022,2022-11-10 05:00:00,1.0,1.0,1
n2_h4dow_fixed,n2,h4dow,fixed,EURUSD,L,2022-11-10 08:37:00-05:00,2022-11-10 16:09:00-05:00,1.00965,1.02097,1.00285,1.02097,1.6576,True,2022,2022-11-10 05:00:00,1.0,1.0,1
n3_h4dow_fixed,n3,h4dow,fixed,EURUSD,L,2022-11-10 08:37:00-05:00,2022-11-10 16:09:00-05:00,1.00965,1.02097,1.00285,1.02097,1.6576,True,2022,2022-11-10 05:00:00,1.0,1.0,1
n2_h4dow_fixed,n2,h4dow,fixed,AUDUSD,L,2022-11-10 08:47:00-05:00,2022-11-11 00:29:00-05:00,0.65511,0.66469,0.64937,0.66469,1.6541,True,2022,2022-11-10 05:00:00,2.0,1.0,2-3
n3_h4dow_fixed,n3,h4dow,fixed,AUDUSD,L,2022-11-10 08:47:00-05:00,2022-11-11 00:29:00-05:00,0.65511,0.66469,0.64937,0.66469,1.6541,True,2022,2022-11-10 05:00:00,2.0,1.0,2-3
n2_h4dow_fixed,n2,h4dow,fixed,GBPUSD,L,2022-11-10 08:46:00-05:00,2022-11-11 02:50:00-05:00,1.15993,1.17575,1.15043,1.17575,1.6526,True,2022,2022-11-10 05:00:00,2.0,0.0,2-3
n3_h4dow_fixed,n3,h4dow,fixed,GBPUSD,L,2022-11-10 08:46:00-05:00,2022-11-11 02:50:00-05:00,1.15993,1.17575,1.15043,1.17575,1.6526,True,2022,2022-11-10 05:00:00,2.0,0.0,2-3
n2_h4w18_fixed,n2,h4w18,fixed,GBPUSD,L,2022-11-10 08:48:00-05:00,2022-11-11 12:55:00-05:00,1.16458,1.1804,1.15508,1.1804,1.6525,True,2022,2022-11-10 05:00:00,2.0,0.0,2-3
n3_h4w18_fixed,n3,h4w18,fixed,GBPUSD,L,2022-11-10 08:48:00-05:00,2022-11-11 12:55:00-05:00,1.16458,1.1804,1.15508,1.1804,1.6525,True,2022,2022-11-10 05:00:00,2.0,0.0,2-3
n2_h4dow_trail,n2,h4dow,trail,GBPUSD,L,2022-11-10 08:46:00-05:00,2022-11-13 23:11:00-05:00,1.15993,1.17672,1.17672,,1.7547,True,2022,2022-11-10 05:00:00,2.0,0.0,2-3
n3_h4dow_trail,n3,h4dow,trail,GBPUSD,L,2022-11-10 08:46:00-05:00,2022-11-13 23:11:00-05:00,1.15993,1.17672,1.17672,,1.7547,True,2022,2022-11-10 05:00:00,2.0,0.0,2-3
n2_h4w18_trail,n2,h4w18,trail,GBPUSD,L,2022-11-10 08:48:00-05:00,2022-11-13 23:11:00-05:00,1.16458,1.17672,1.17672,,1.2652,True,2022,2022-11-10 05:00:00,2.0,0.0,2-3
n3_h4w18_trail,n3,h4w18,trail,GBPUSD,L,2022-11-10 08:48:00-05:00,2022-11-13 23:11:00-05:00,1.16458,1.17672,1.17672,,1.2652,True,2022,2022-11-10 05:00:00,2.0,0.0,2-3
n2_h4dow_trail,n2,h4dow,trail,EURUSD,L,2022-11-10 08:35:00-05:00,2022-11-13 23:18:00-05:00,1.00965,1.03147,1.03147,,3.2016,True,2022,2022-11-10 05:00:00,1.0,1.0,1
n3_h4dow_trail,n3,h4dow,trail,EURUSD,L,2022-11-10 08:35:00-05:00,2022-11-13 23:18:00-05:00,1.00965,1.03147,1.03147,,3.2016,True,2022,2022-11-10 05:00:00,1.0,1.0,1
n2_h4dow_trail,n2,h4dow,trail,AUDUSD,L,2022-11-10 08:47:00-05:00,2022-11-14 00:28:00-05:00,0.65511,0.66716,0.66716,,2.0807,True,2022,2022-11-10 05:00:00,2.0,1.0,2-3
n3_h4dow_trail,n3,h4dow,trail,AUDUSD,L,2022-11-10 08:47:00-05:00,2022-11-14 00:28:00-05:00,0.65511,0.66716,0.66716,,2.0807,True,2022,2022-11-10 05:00:00,2.0,1.0,2-3
n2_h4dow_fixed,n2,h4dow,fixed,GBPUSD,L,2022-11-15 05:31:00-05:00,2022-11-15 08:38:00-05:00,1.18546,1.20196,1.17556,1.20196,1.6543,True,2022,2022-11-15 05:00:00,3.0,0.0,2-3
n3_h4dow_fixed,n3,h4dow,fixed,GBPUSD,L,2022-11-15 05:31:00-05:00,2022-11-15 08:38:00-05:00,1.18546,1.20196,1.17556,1.20196,1.6543,True,2022,2022-11-15 05:00:00,3.0,0.0,2-3
n2_h4dow_trail,n2,h4dow,trail,USDCHF,S,2022-11-10 08:30:00-05:00,2022-11-15 09:49:00-05:00,0.98004,0.9454,0.9454,,5.7388,True,2022,2022-11-10 05:00:00,1.0,1.0,1
n3_h4dow_trail,n3,h4dow,trail,USDCHF,S,2022-11-10 08:30:00-05:00,2022-11-15 09:49:00-05:00,0.98004,0.9454,0.9454,,5.7388,True,2022,2022-11-10 05:00:00,1.0,1.0,1
n2_h4dow_fixed,n2,h4dow,fixed,EURUSD,L,2022-11-15 02:23:00-05:00,2022-11-15 14:02:00-05:00,1.03642,1.0292,1.0292,1.04844,-1.0068,True,2022,2022-11-15 01:00:00,3.0,0.0,2-3
n2_h4dow_trail,n2,h4dow,trail,EURUSD,L,2022-11-15 02:23:00-05:00,2022-11-15 14:02:00-05:00,1.03642,1.0292,1.0292,,-1.0068,True,2022,2022-11-15 01:00:00,3.0,0.0,2-3
n3_h4dow_fixed,n3,h4dow,fixed,EURUSD,L,2022-11-15 02:23:00-05:00,2022-11-15 14:02:00-05:00,1.03642,1.0292,1.0292,1.04844,-1.0068,True,2022,2022-11-15 01:00:00,3.0,0.0,2-3
n3_h4dow_trail,n3,h4dow,trail,EURUSD,L,2022-11-15 02:23:00-05:00,2022-11-15 14:02:00-05:00,1.03642,1.0292,1.0292,,-1.0068,True,2022,2022-11-15 01:00:00,3.0,0.0,2-3
n2_h4dow_trail,n2,h4dow,trail,AUDUSD,L,2022-11-14 13:28:00-05:00,2022-11-16 12:10:00-05:00,0.67168,0.67302,0.67302,,0.1826,True,2022,2022-11-14 13:00:00,3.0,0.0,2-3
n3_h4dow_trail,n3,h4dow,trail,AUDUSD,L,2022-11-14 13:28:00-05:00,2022-11-16 12:10:00-05:00,0.67168,0.67302,0.67302,,0.1826,True,2022,2022-11-14 13:00:00,3.0,0.0,2-3
n2_h4dow_fixed,n2,h4dow,fixed,USDCHF,S,2022-11-15 02:47:00-05:00,2022-11-17 04:35:00-05:00,0.93976,0.94759,0.94759,0.92671,-1.0259,True,2022,2022-11-15 01:00:00,3.0,1.0,2-3
n3_h4dow_fixed,n3,h4dow,fixed,USDCHF,S,2022-11-15 02:47:00-05:00,2022-11-17 04:35:00-05:00,0.93976,0.94759,0.94759,0.92671,-1.0259,True,2022,2022-11-15 01:00:00,3.0,1.0,2-3
n2_h4dow_trail,n2,h4dow,trail,GBPUSD,L,2022-11-15 05:31:00-05:00,2022-11-17 05:12:00-05:00,1.18546,1.18665,1.18665,,0.1079,True,2022,2022-11-15 05:00:00,3.0,0.0,2-3
n3_h4dow_trail,n3,h4dow,trail,GBPUSD,L,2022-11-15 05:31:00-05:00,2022-11-17 05:12:00-05:00,1.18546,1.18665,1.18665,,0.1079,True,2022,2022-11-15 05:00:00,3.0,0.0,2-3
n2_h4dow_fixed,n2,h4dow,fixed,AUDUSD,L,2022-11-14 13:28:00-05:00,2022-11-17 07:46:00-05:00,0.67168,0.66482,0.66482,0.6831,-1.0126,True,2022,2022-11-14 13:00:00,3.0,0.0,2-3
n3_h4dow_fixed,n3,h4dow,fixed,AUDUSD,L,2022-11-14 13:28:00-05:00,2022-11-17 07:46:00-05:00,0.67168,0.66482,0.66482,0.6831,-1.0126,True,2022,2022-11-14 13:00:00,3.0,0.0,2-3
n2_h4dow_fixed,n2,h4dow,fixed,USDCHF,S,2022-11-23 02:42:00-05:00,2022-11-23 10:40:00-05:00,0.94984,0.94304,0.95392,0.94304,1.6168,True,2022,2022-11-23 01:00:00,6.0,0.0,4+
n3_h4dow_fixed,n3,h4dow,fixed,USDCHF,S,2022-11-23 02:42:00-05:00,2022-11-23 10:40:00-05:00,0.94984,0.94304,0.95392,0.94304,1.6168,True,2022,2022-11-23 01:00:00,6.0,0.0,4+
n2_h4dow_fixed,n2,h4dow,fixed,GBPUSD,L,2022-11-23 08:10:00-05:00,2022-11-23 10:43:00-05:00,1.19508,1.20623,1.18839,1.20623,1.6482,True,2022,2022-11-23 05:00:00,5.0,0.0,4+
n3_h4dow_fixed,n3,h4dow,fixed,GBPUSD,L,2022-11-23 08:10:00-05:00,2022-11-23 10:43:00-05:00,1.19508,1.20623,1.18839,1.20623,1.6482,True,2022,2022-11-23 05:00:00,5.0,0.0,4+
n2_h4dow_fixed,n2,h4dow,fixed,USDJPY,S,2022-11-23 09:07:00-05:00,2022-11-23 11:11:00-05:00,140.91,139.662,141.658,139.662,1.6612,True,2022,2022-11-23 09:00:00,9.0,0.0,4+
n3_h4dow_fixed,n3,h4dow,fixed,USDJPY,S,2022-11-23 09:07:00-05:00,2022-11-23 11:11:00-05:00,140.91,139.662,141.658,139.662,1.6612,True,2022,2022-11-23 09:00:00,9.0,0.0,4+
n2_h4w18_fixed,n2,h4w18,fixed,GBPUSD,L,2022-11-23 09:52:00-05:00,2022-11-24 10:35:00-05:00,1.20292,1.21492,1.19572,1.21492,1.6494,True,2022,2022-11-23 09:00:00,5.0,0.0,4+
n3_h4w18_fixed,n3,h4w18,fixed,GBPUSD,L,2022-11-23 09:52:00-05:00,2022-11-24 10:35:00-05:00,1.20292,1.21492,1.19572,1.21492,1.6494,True,2022,2022-11-23 09:00:00,5.0,0.0,4+
n2_h4dow_trail,n2,h4dow,trail,EURUSD,L,2022-11-23 14:02:00-05:00,2022-11-24 19:13:00-05:00,1.0396,1.04013,1.04013,,0.0858,True,2022,2022-11-23 13:00:00,7.0,0.0,4+
n3_h4dow_trail,n3,h4dow,trail,EURUSD,L,2022-11-23 14:02:00-05:00,2022-11-24 19:13:00-05:00,1.0396,1.04013,1.04013,,0.0858,True,2022,2022-11-23 13:00:00,7.0,0.0,4+
n2_h4dow_trail,n2,h4dow,trail,USDCHF,S,2022-11-23 02:42:00-05:00,2022-11-24 19:31:00-05:00,0.94984,0.94458,0.94458,,1.2393,True,2022,2022-11-23 01:00:00,6.0,0.0,4+
n3_h4dow_trail,n3,h4dow,trail,USDCHF,S,2022-11-23 02:42:00-05:00,2022-11-24 19:31:00-05:00,0.94984,0.94458,0.94458,,1.2393,True,2022,2022-11-23 01:00:00,6.0,0.0,4+
n2_h4dow_trail,n2,h4dow,trail,AUDUSD,L,2022-11-23 14:03:00-05:00,2022-11-25 03:00:00-05:00,0.67306,0.67516,0.67516,,0.4264,True,2022,2022-11-23 13:00:00,6.0,0.0,4+
n3_h4dow_trail,n3,h4dow,trail,AUDUSD,L,2022-11-23 14:03:00-05:00,2022-11-25 03:00:00-05:00,0.67306,0.67516,0.67516,,0.4264,True,2022,2022-11-23 13:00:00,6.0,0.0,4+
n2_h4dow_trail,n2,h4dow,trail,USDJPY,S,2022-11-23 09:07:00-05:00,2022-11-25 04:24:00-05:00,140.91,139.05,139.05,,2.4782,True,2022,2022-11-23 09:00:00,9.0,0.0,4+
n3_h4dow_trail,n3,h4dow,trail,USDJPY,S,2022-11-23 09:07:00-05:00,2022-11-25 04:24:00-05:00,140.91,139.05,139.05,,2.4782,True,2022,2022-11-23 09:00:00,9.0,0.0,4+
n2_h4dow_trail,n2,h4dow,trail,GBPUSD,L,2022-11-23 08:10:00-05:00,2022-11-25 08:34:00-05:00,1.19508,1.20597,1.20597,,1.6094,True,2022,2022-11-23 05:00:00,5.0,0.0,4+
n3_h4dow_trail,n3,h4dow,trail,GBPUSD,L,2022-11-23 08:10:00-05:00,2022-11-25 08:34:00-05:00,1.19508,1.20597,1.20597,,1.6094,True,2022,2022-11-23 05:00:00,5.0,0.0,4+
n2_h4w18_trail,n2,h4w18,trail,GBPUSD,L,2022-11-23 09:52:00-05:00,2022-11-25 08:34:00-05:00,1.20292,1.20597,1.20597,,0.4064,True,2022,2022-11-23 09:00:00,5.0,0.0,4+
n3_h4w18_trail,n3,h4w18,trail,GBPUSD,L,2022-11-23 09:52:00-05:00,2022-11-25 08:34:00-05:00,1.20292,1.20597,1.20597,,0.4064,True,2022,2022-11-23 09:00:00,5.0,0.0,4+
n2_h4dow_fixed,n2,h4dow,fixed,AUDUSD,L,2022-11-23 14:03:00-05:00,2022-11-27 20:28:00-05:00,0.67306,0.66834,0.66834,0.68094,-1.0184,True,2022,2022-11-23 13:00:00,6.0,0.0,4+
n3_h4dow_fixed,n3,h4dow,fixed,AUDUSD,L,2022-11-23 14:03:00-05:00,2022-11-27 20:28:00-05:00,0.67306,0.66834,0.66834,0.68094,-1.0184,True,2022,2022-11-23 13:00:00,6.0,0.0,4+
n2_h4dow_fixed,n2,h4dow,fixed,EURUSD,L,2022-11-23 14:02:00-05:00,2022-11-28 06:04:00-05:00,1.0396,1.04892,1.03401,1.04892,1.6584,True,2022,2022-11-23 13:00:00,7.0,0.0,4+
n3_h4dow_fixed,n3,h4dow,fixed,EURUSD,L,2022-11-23 14:02:00-05:00,2022-11-28 06:04:00-05:00,1.0396,1.04892,1.03401,1.04892,1.6584,True,2022,2022-11-23 13:00:00,7.0,0.0,4+
n2_h4w18_fixed,n2,h4w18,fixed,USDJPY,S,2022-11-28 03:34:00-05:00,2022-11-28 08:15:00-05:00,137.67,138.507,138.507,136.275,-1.0003,True,2022,2022-11-28 01:00:00,2.0,1.0,2-3
n2_h4w18_trail,n2,h4w18,trail,USDJPY,S,2022-11-28 03:34:00-05:00,2022-11-28 08:15:00-05:00,137.67,138.507,138.507,,-1.0003,True,2022,2022-11-28 01:00:00,2.0,1.0,2-3
n3_h4w18_fixed,n3,h4w18,fixed,USDJPY,S,2022-11-28 03:34:00-05:00,2022-11-28 08:15:00-05:00,137.67,138.507,138.507,136.275,-1.0003,True,2022,2022-11-28 01:00:00,2.0,1.0,2-3
n3_h4w18_trail,n3,h4w18,trail,USDJPY,S,2022-11-28 03:34:00-05:00,2022-11-28 08:15:00-05:00,137.67,138.507,138.507,,-1.0003,True,2022,2022-11-28 01:00:00,2.0,1.0,2-3
n2_h4w18_fixed,n2,h4w18,fixed,EURUSD,L,2022-11-28 06:02:00-05:00,2022-11-28 10:25:00-05:00,1.04825,1.04151,1.04151,1.05947,-1.0074,True,2022,2022-11-28 05:00:00,1.0,1.0,1
n2_h4w18_trail,n2,h4w18,trail,EURUSD,L,2022-11-28 06:02:00-05:00,2022-11-28 10:25:00-05:00,1.04825,1.04152,1.04152,,-1.0074,True,2022,2022-11-28 05:00:00,1.0,1.0,1
n3_h4w18_fixed,n3,h4w18,fixed,EURUSD,L,2022-11-28 06:02:00-05:00,2022-11-28 10:25:00-05:00,1.04825,1.04151,1.04151,1.05947,-1.0074,True,2022,2022-11-28 05:00:00,1.0,1.0,1
n3_h4w18_trail,n3,h4w18,trail,EURUSD,L,2022-11-28 06:02:00-05:00,2022-11-28 10:25:00-05:00,1.04825,1.04152,1.04152,,-1.0074,True,2022,2022-11-28 05:00:00,1.0,1.0,1
n2_h4dow_fixed,n2,h4dow,fixed,USDJPY,S,2022-11-28 02:02:00-05:00,2022-11-28 11:28:00-05:00,138.051,138.888,138.888,136.656,-1.0004,True,2022,2022-11-28 01:00:00,2.0,1.0,2-3
n2_h4dow_trail,n2,h4dow,trail,USDJPY,S,2022-11-28 02:02:00-05:00,2022-11-28 11:28:00-05:00,138.051,138.888,138.888,,-1.0004,True,2022,2022-11-28 01:00:00,2.0,1.0,2-3
n3_h4dow_fixed,n3,h4dow,fixed,USDJPY,S,2022-11-28 02:02:00-05:00,2022-11-28 11:28:00-05:00,138.051,138.888,138.888,136.656,-1.0004,True,2022,2022-11-28 01:00:00,2.0,1.0,2-3
n3_h4dow_trail,n3,h4dow,trail,USDJPY,S,2022-11-28 02:02:00-05:00,2022-11-28 11:28:00-05:00,138.051,138.888,138.888,,-1.0004,True,2022,2022-11-28 01:00:00,2.0,1.0,2-3
n2_h4dow_trail,n2,h4dow,trail,EURUSD,L,2022-11-28 03:39:00-05:00,2022-11-28 12:03:00-05:00,1.04294,1.03733,1.03733,,-1.0088,True,2022,2022-11-28 01:00:00,1.0,1.0,1
n3_h4dow_trail,n3,h4dow,trail,EURUSD,L,2022-11-28 03:39:00-05:00,2022-11-28 12:03:00-05:00,1.04294,1.03733,1.03733,,-1.0088,True,2022,2022-11-28 01:00:00,1.0,1.0,1
n2_h4dow_fixed,n2,h4dow,fixed,USDJPY,S,2022-11-30 15:11:00-05:00,2022-12-01 00:23:00-05:00,137.868,136.248,138.84,136.248,1.6568,True,2022,2022-11-30 13:00:00,3.0,1.0,2-3
n3_h4dow_fixed,n3,h4dow,fixed,USDJPY,S,2022-11-30 15:11:00-05:00,2022-12-01 00:23:00-05:00,137.868,136.248,138.84,136.248,1.6568,True,2022,2022-11-30 13:00:00,3.0,1.0,2-3
n2_h4dow_fixed,n2,h4dow,fixed,GBPUSD,L,2022-11-30 15:11:00-05:00,2022-12-01 08:20:00-05:00,1.20643,1.22088,1.19776,1.22088,1.6523,True,2022,2022-11-30 13:00:00,7.0,0.0,4+
n3_h4dow_fixed,n3,h4dow,fixed,GBPUSD,L,2022-11-30 15:11:00-05:00,2022-12-01 08:20:00-05:00,1.20643,1.22088,1.19776,1.22088,1.6523,True,2022,2022-11-30 13:00:00,7.0,0.0,4+
n3_h4dow_fixed,n3,h4dow,fixed,AUDUSD,L,2022-11-30 13:37:00-05:00,2022-12-01 10:00:00-05:00,0.67488,0.6841,0.66934,0.6841,1.6484,True,2022,2022-11-30 13:00:00,2.0,1.0,2-3
n3_h4dow_trail,n3,h4dow,trail,AUDUSD,L,2022-11-30 13:37:00-05:00,2022-12-01 10:41:00-05:00,0.67488,0.67922,0.67922,,0.7689,True,2022,2022-11-30 13:00:00,2.0,1.0,2-3
n3_h4w18_trail,n3,h4w18,trail,AUDUSD,L,2022-11-30 14:18:00-05:00,2022-12-01 10:41:00-05:00,0.67808,0.67922,0.67922,,0.1899,True,2022,2022-11-30 13:00:00,2.0,1.0,2-3
n2_h4dow_trail,n2,h4dow,trail,GBPUSD,L,2022-11-30 15:11:00-05:00,2022-12-02 08:30:00-05:00,1.20643,1.22249,1.22249,,1.838,True,2022,2022-11-30 13:00:00,7.0,0.0,4+
n3_h4dow_trail,n3,h4dow,trail,GBPUSD,L,2022-11-30 15:11:00-05:00,2022-12-02 08:30:00-05:00,1.20643,1.22249,1.22249,,1.838,True,2022,2022-11-30 13:00:00,7.0,0.0,4+
n2_h4w18_trail,n2,h4w18,trail,GBPUSD,L,2022-12-01 05:02:00-05:00,2022-12-02 08:30:00-05:00,1.21535,1.22249,1.22249,,0.7136,True,2022,2022-12-01 05:00:00,7.0,0.0,4+
n3_h4w18_trail,n3,h4w18,trail,GBPUSD,L,2022-12-01 05:02:00-05:00,2022-12-02 08:30:00-05:00,1.21535,1.22249,1.22249,,0.7136,True,2022,2022-12-01 05:00:00,7.0,0.0,4+
n2_h4dow_trail,n2,h4dow,trail,EURUSD,L,2022-12-01 08:39:00-05:00,2022-12-02 08:30:00-05:00,1.04971,1.05052,1.05052,,0.0903,True,2022,2022-12-01 05:00:00,3.0,0.0,2-3
n3_h4dow_trail,n3,h4dow,trail,EURUSD,L,2022-12-01 08:39:00-05:00,2022-12-02 08:30:00-05:00,1.04971,1.05052,1.05052,,0.0903,True,2022,2022-12-01 05:00:00,3.0,0.0,2-3
n2_h4dow_trail,n2,h4dow,trail,USDJPY,S,2022-11-30 15:11:00-05:00,2022-12-02 08:31:00-05:00,137.868,135.598,135.598,,2.3231,True,2022,2022-11-30 13:00:00,3.0,1.0,2-3
n3_h4dow_trail,n3,h4dow,trail,USDJPY,S,2022-11-30 15:11:00-05:00,2022-12-02 08:31:00-05:00,137.868,135.598,135.598,,2.3231,True,2022,2022-11-30 13:00:00,3.0,1.0,2-3
n2_h4w18_fixed,n2,h4w18,fixed,GBPUSD,L,2022-12-01 05:02:00-05:00,2022-12-04 20:25:00-05:00,1.21535,1.23173,1.20553,1.23173,1.6552,True,2022,2022-12-01 05:00:00,7.0,0.0,4+
n3_h4w18_fixed,n3,h4w18,fixed,GBPUSD,L,2022-12-01 05:02:00-05:00,2022-12-04 20:25:00-05:00,1.21535,1.23173,1.20553,1.23173,1.6552,True,2022,2022-12-01 05:00:00,7.0,0.0,4+
n3_h4dow_trail,n3,h4dow,trail,AUDUSD,L,2022-12-04 20:40:00-05:00,2022-12-05 09:23:00-05:00,0.68362,0.67808,0.67808,,-0.9078,True,2022,2022-12-04 17:00:00,3.0,1.0,2-3
n3_h4dow_fixed,n3,h4dow,fixed,AUDUSD,L,2022-12-04 20:40:00-05:00,2022-12-05 09:53:00-05:00,0.68362,0.67742,0.67742,0.69394,-1.0142,True,2022,2022-12-04 17:00:00,3.0,1.0,2-3
n2_h4dow_fixed,n2,h4dow,fixed,GBPUSD,L,2022-12-04 20:25:00-05:00,2022-12-05 10:02:00-05:00,1.23107,1.21964,1.21964,1.25012,-1.011,True,2022,2022-12-04 17:00:00,0.0,1.0,0
n2_h4dow_trail,n2,h4dow,trail,GBPUSD,L,2022-12-04 20:25:00-05:00,2022-12-05 10:02:00-05:00,1.23107,1.21964,1.21964,,-1.011,True,2022,2022-12-04 17:00:00,0.0,1.0,0
n3_h4dow_fixed,n3,h4dow,fixed,GBPUSD,L,2022-12-04 20:25:00-05:00,2022-12-05 10:02:00-05:00,1.23107,1.21964,1.21964,1.25012,-1.011,True,2022,2022-12-04 17:00:00,7.0,0.0,4+
n3_h4dow_trail,n3,h4dow,trail,GBPUSD,L,2022-12-04 20:25:00-05:00,2022-12-05 10:02:00-05:00,1.23107,1.21964,1.21964,,-1.011,True,2022,2022-12-04 17:00:00,7.0,0.0,4+
n3_h4w18_fixed,n3,h4w18,fixed,AUDUSD,L,2022-11-30 14:18:00-05:00,2022-12-05 11:23:00-05:00,0.67808,0.67254,0.67254,0.6873,-1.0158,True,2022,2022-11-30 13:00:00,2.0,1.0,2-3
n2_h4dow_trail,n2,h4dow,trail,EURUSD,L,2022-12-04 19:00:00-05:00,2022-12-06 01:20:00-05:00,1.0545,1.04804,1.04804,,-0.7561,True,2022,2022-12-04 17:00:00,0.0,1.0,0
n3_h4dow_trail,n3,h4dow,trail,EURUSD,L,2022-12-04 19:00:00-05:00,2022-12-06 01:20:00-05:00,1.0545,1.04804,1.04804,,-0.7561,True,2022,2022-12-04 17:00:00,3.0,0.0,2-3
n2_h4dow_trail,n2,h4dow,trail,GBPUSD,L,2022-12-08 10:08:00-05:00,2022-12-09 08:30:00-05:00,1.22349,1.22266,1.22266,,-0.1133,True,2022,2022-12-08 09:00:00,3.0,0.0,2-3
n3_h4dow_trail,n3,h4dow,trail,GBPUSD,L,2022-12-08 10:08:00-05:00,2022-12-09 08:30:00-05:00,1.22349,1.22266,1.22266,,-0.1133,True,2022,2022-12-08 09:00:00,3.0,0.0,2-3
n2_h4w18_fixed,n2,h4w18,fixed,USDCHF,S,2022-12-09 02:07:00-05:00,2022-12-09 08:30:00-05:00,0.93266,0.93749,0.93749,0.92461,-1.0416,True,2022,2022-12-09 01:00:00,2.0,1.0,2-3
n2_h4w18_trail,n2,h4w18,trail,USDCHF,S,2022-12-09 02:07:00-05:00,2022-12-09 08:30:00-05:00,0.93266,0.93749,0.93749,,-1.0416,True,2022,2022-12-09 01:00:00,2.0,1.0,2-3
n3_h4w18_fixed,n3,h4w18,fixed,USDCHF,S,2022-12-09 02:07:00-05:00,2022-12-09 08:30:00-05:00,0.93266,0.93749,0.93749,0.92461,-1.0416,True,2022,2022-12-09 01:00:00,3.0,1.0,2-3
n3_h4w18_trail,n3,h4w18,trail,USDCHF,S,2022-12-09 02:07:00-05:00,2022-12-09 08:30:00-05:00,0.93266,0.93749,0.93749,,-1.0416,True,2022,2022-12-09 01:00:00,3.0,1.0,2-3
n2_h4dow_trail,n2,h4dow,trail,USDJPY,S,2022-12-08 20:14:00-05:00,2022-12-09 10:29:00-05:00,136.219,136.879,136.879,,-0.7299,True,2022,2022-12-08 17:00:00,3.0,0.0,2-3
n3_h4dow_trail,n3,h4dow,trail,USDJPY,S,2022-12-08 20:14:00-05:00,2022-12-09 10:29:00-05:00,136.219,136.879,136.879,,-0.7299,True,2022,2022-12-08 17:00:00,7.0,0.0,4+
n2_h4dow_fixed,n2,h4dow,fixed,USDJPY,S,2022-12-08 20:14:00-05:00,2022-12-12 00:14:00-05:00,136.219,137.127,137.127,134.707,-1.0027,True,2022,2022-12-08 17:00:00,3.0,0.0,2-3
n3_h4dow_fixed,n3,h4dow,fixed,USDJPY,S,2022-12-08 20:14:00-05:00,2022-12-12 00:14:00-05:00,136.219,137.127,137.127,134.707,-1.0027,True,2022,2022-12-08 17:00:00,7.0,0.0,4+
n2_h4dow_trail,n2,h4dow,trail,AUDUSD,L,2022-12-08 07:49:00-05:00,2022-12-12 08:03:00-05:00,0.67422,0.67572,0.67572,,0.3018,True,2022,2022-12-08 05:00:00,5.0,0.0,4+
n3_h4dow_trail,n3,h4dow,trail,AUDUSD,L,2022-12-08 07:49:00-05:00,2022-12-12 08:03:00-05:00,0.67422,0.67572,0.67572,,0.3018,True,2022,2022-12-08 05:00:00,6.0,0.0,4+
n2_h4dow_trail,n2,h4dow,trail,USDCHF,S,2022-12-07 08:52:00-05:00,2022-12-12 13:01:00-05:00,0.93806,0.93692,0.93692,,0.1939,True,2022,2022-12-07 05:00:00,1.0,1.0,1
n3_h4dow_trail,n3,h4dow,trail,USDCHF,S,2022-12-08 10:08:00-05:00,2022-12-12 13:01:00-05:00,0.93638,0.93692,0.93692,,-0.1516,True,2022,2022-12-08 09:00:00,2.0,1.0,2-3
n2_h4dow_trail,n2,h4dow,trail,EURUSD,L,2022-12-08 11:32:00-05:00,2022-12-13 05:10:00-05:00,1.055,1.05313,1.05313,,-0.3299,True,2022,2022-12-08 09:00:00,2.0,1.0,2-3
n3_h4dow_trail,n3,h4dow,trail,EURUSD,L,2022-12-08 11:32:00-05:00,2022-12-13 05:10:00-05:00,1.055,1.05313,1.05313,,-0.3299,True,2022,2022-12-08 09:00:00,5.0,0.0,4+
n2_h4dow_fixed,n2,h4dow,fixed,AUDUSD,L,2022-12-08 07:49:00-05:00,2022-12-13 08:30:00-05:00,0.67422,0.68202,0.66954,0.68202,1.6479,True,2022,2022-12-08 05:00:00,5.0,0.0,4+
n3_h4dow_fixed,n3,h4dow,fixed,AUDUSD,L,2022-12-08 07:49:00-05:00,2022-12-13 08:30:00-05:00,0.67422,0.68202,0.66954,0.68202,1.6479,True,2022,2022-12-08 05:00:00,6.0,0.0,4+
n2_h4dow_fixed,n2,h4dow,fixed,GBPUSD,L,2022-12-08 10:08:00-05:00,2022-12-13 08:30:00-05:00,1.22349,1.23754,1.21506,1.23754,1.6516,True,2022,2022-12-08 09:00:00,3.0,0.0,2-3
n3_h4dow_fixed,n3,h4dow,fixed,GBPUSD,L,2022-12-08 10:08:00-05:00,2022-12-13 08:30:00-05:00,1.22349,1.23754,1.21506,1.23754,1.6516,True,2022,2022-12-08 09:00:00,3.0,0.0,2-3
n2_h4dow_fixed,n2,h4dow,fixed,EURUSD,L,2022-12-01 08:39:00-05:00,2022-12-13 08:31:00-05:00,1.04971,1.06373,1.04129,1.06373,1.659,True,2022,2022-12-01 05:00:00,3.0,0.0,2-3
n3_h4dow_fixed,n3,h4dow,fixed,EURUSD,L,2022-12-01 08:39:00-05:00,2022-12-13 08:31:00-05:00,1.04971,1.06373,1.04129,1.06373,1.659,True,2022,2022-12-01 05:00:00,3.0,0.0,2-3
n2_h4dow_fixed,n2,h4dow,fixed,USDCHF,S,2022-12-07 08:52:00-05:00,2022-12-13 08:32:00-05:00,0.93806,0.92999,0.9429,0.92999,1.6258,True,2022,2022-12-07 05:00:00,1.0,1.0,1
n3_h4dow_fixed,n3,h4dow,fixed,USDCHF,S,2022-12-08 10:08:00-05:00,2022-12-13 08:41:00-05:00,0.93638,0.92823,0.94127,0.92823,1.6256,True,2022,2022-12-08 09:00:00,2.0,1.0,2-3
n2_h4dow_fixed,n2,h4dow,fixed,USDCHF,S,2022-12-13 08:35:00-05:00,2022-12-13 09:13:00-05:00,0.93122,0.9239,0.93561,0.9239,1.622,True,2022,2022-12-13 05:00:00,3.0,1.0,2-3
n2_h4w18_fixed,n2,h4w18,fixed,EURUSD,L,2022-12-13 08:30:00-05:00,2022-12-14 13:39:00-05:00,1.05948,1.06796,1.0544,1.06796,1.6593,True,2022,2022-12-13 05:00:00,2.0,1.0,2-3
n3_h4w18_fixed,n3,h4w18,fixed,EURUSD,L,2022-12-13 08:30:00-05:00,2022-12-14 13:39:00-05:00,1.05948,1.06796,1.0544,1.06796,1.6593,True,2022,2022-12-13 05:00:00,7.0,0.0,4+
n2_h4dow_trail,n2,h4dow,trail,USDJPY,S,2022-12-13 08:30:00-05:00,2022-12-14 14:03:00-05:00,135.606,135.735,135.735,,-0.1604,True,2022,2022-12-13 05:00:00,1.0,1.0,1
n3_h4dow_trail,n3,h4dow,trail,USDJPY,S,2022-12-13 08:30:00-05:00,2022-12-14 14:03:00-05:00,135.606,135.735,135.735,,-0.1604,True,2022,2022-12-13 05:00:00,1.0,1.0,1
n2_h4dow_trail,n2,h4dow,trail,AUDUSD,L,2022-12-13 08:30:00-05:00,2022-12-14 14:08:00-05:00,0.68138,0.6821,0.6821,,0.1356,True,2022,2022-12-13 05:00:00,2.0,0.0,2-3
n3_h4dow_trail,n3,h4dow,trail,AUDUSD,L,2022-12-13 08:30:00-05:00,2022-12-14 14:08:00-05:00,0.68138,0.6821,0.6821,,0.1356,True,2022,2022-12-13 05:00:00,2.0,0.0,2-3
n2_h4w18_trail,n2,h4w18,trail,AUDUSD,L,2022-12-13 08:31:00-05:00,2022-12-14 14:08:00-05:00,0.68508,0.6821,0.6821,,-0.6585,True,2022,2022-12-13 05:00:00,2.0,0.0,2-3
n3_h4w18_trail,n3,h4w18,trail,AUDUSD,L,2022-12-13 08:31:00-05:00,2022-12-14 14:08:00-05:00,0.68508,0.6821,0.6821,,-0.6585,True,2022,2022-12-13 05:00:00,2.0,0.0,2-3
n2_h4dow_fixed,n2,h4dow,fixed,GBPUSD,L,2022-12-14 13:39:00-05:00,2022-12-14 14:34:00-05:00,1.24444,1.23614,1.23614,1.25826,-1.0153,True,2022,2022-12-14 13:00:00,2.0,1.0,2-3
n3_h4dow_fixed,n3,h4dow,fixed,GBPUSD,L,2022-12-14 13:39:00-05:00,2022-12-14 14:34:00-05:00,1.24444,1.23614,1.23614,1.25826,-1.0153,True,2022,2022-12-14 13:00:00,2.0,1.0,2-3
n2_h4w18_fixed,n2,h4w18,fixed,AUDUSD,L,2022-12-13 08:31:00-05:00,2022-12-15 03:19:00-05:00,0.68508,0.68042,0.68042,0.69286,-1.019,True,2022,2022-12-13 05:00:00,2.0,0.0,2-3
n3_h4w18_fixed,n3,h4w18,fixed,AUDUSD,L,2022-12-13 08:31:00-05:00,2022-12-15 03:19:00-05:00,0.68508,0.68042,0.68042,0.69286,-1.019,True,2022,2022-12-13 05:00:00,2.0,0.0,2-3
n2_h4dow_fixed,n2,h4dow,fixed,GBPUSD,L,2022-12-14 15:12:00-05:00,2022-12-15 03:21:00-05:00,1.24444,1.23614,1.23614,1.25826,-1.0153,True,2022,2022-12-14 13:00:00,2.0,1.0,2-3
n3_h4dow_fixed,n3,h4dow,fixed,GBPUSD,L,2022-12-14 15:12:00-05:00,2022-12-15 03:21:00-05:00,1.24444,1.23614,1.23614,1.25826,-1.0153,True,2022,2022-12-14 13:00:00,2.0,1.0,2-3
n2_h4dow_fixed,n2,h4dow,fixed,USDCHF,S,2022-12-14 10:56:00-05:00,2022-12-15 03:30:00-05:00,0.9232,0.92816,0.92816,0.91493,-1.0401,True,2022,2022-12-14 09:00:00,3.0,1.0,2-3
n3_h4dow_fixed,n3,h4dow,fixed,USDCHF,S,2022-12-14 10:56:00-05:00,2022-12-15 03:30:00-05:00,0.9232,0.92816,0.92816,0.91493,-1.0401,True,2022,2022-12-14 09:00:00,4.0,1.0,4+
n2_h4dow_trail,n2,h4dow,trail,USDCHF,S,2022-12-13 08:30:00-05:00,2022-12-15 03:32:00-05:00,0.93122,0.92974,0.92974,,0.2909,True,2022,2022-12-13 05:00:00,3.0,1.0,2-3
n3_h4dow_trail,n3,h4dow,trail,USDCHF,S,2022-12-13 08:30:00-05:00,2022-12-15 03:32:00-05:00,0.93122,0.92974,0.92974,,0.2909,True,2022,2022-12-13 05:00:00,4.0,1.0,4+
n2_h4dow_trail,n2,h4dow,trail,GBPUSD,L,2022-12-13 02:02:00-05:00,2022-12-15 03:38:00-05:00,1.2299,1.23449,1.23449,,0.6431,True,2022,2022-12-13 01:00:00,2.0,1.0,2-3
n3_h4dow_trail,n3,h4dow,trail,GBPUSD,L,2022-12-13 02:02:00-05:00,2022-12-15 03:38:00-05:00,1.2299,1.23449,1.23449,,0.6431,True,2022,2022-12-13 01:00:00,2.0,1.0,2-3
n2_h4w18_trail,n2,h4w18,trail,GBPUSD,L,2022-12-13 08:30:00-05:00,2022-12-15 03:38:00-05:00,1.23447,1.23449,1.23449,,-0.015,True,2022,2022-12-13 05:00:00,2.0,1.0,2-3
n3_h4w18_trail,n3,h4w18,trail,GBPUSD,L,2022-12-13 08:30:00-05:00,2022-12-15 03:38:00-05:00,1.23447,1.23449,1.23449,,-0.015,True,2022,2022-12-13 05:00:00,2.0,1.0,2-3
n2_h4dow_fixed,n2,h4dow,fixed,USDJPY,S,2022-12-13 08:30:00-05:00,2022-12-15 03:43:00-05:00,135.606,136.431,136.431,134.231,-1.0026,True,2022,2022-12-13 05:00:00,1.0,1.0,1
n3_h4dow_fixed,n3,h4dow,fixed,USDJPY,S,2022-12-13 08:30:00-05:00,2022-12-15 03:43:00-05:00,135.606,136.431,136.431,134.231,-1.0026,True,2022,2022-12-13 05:00:00,1.0,1.0,1
n2_h4dow_trail,n2,h4dow,trail,EURUSD,L,2022-12-13 08:30:00-05:00,2022-12-15 04:00:00-05:00,1.05802,1.06202,1.06202,,0.7775,True,2022,2022-12-13 05:00:00,2.0,1.0,2-3
n2_h4w18_trail,n2,h4w18,trail,EURUSD,L,2022-12-13 08:30:00-05:00,2022-12-15 04:00:00-05:00,1.05948,1.06202,1.06202,,0.4901,True,2022,2022-12-13 05:00:00,2.0,1.0,2-3
n3_h4dow_trail,n3,h4dow,trail,EURUSD,L,2022-12-13 08:30:00-05:00,2022-12-15 04:00:00-05:00,1.05802,1.06202,1.06202,,0.7775,True,2022,2022-12-13 05:00:00,7.0,0.0,4+
n3_h4w18_trail,n3,h4w18,trail,EURUSD,L,2022-12-13 08:30:00-05:00,2022-12-15 04:00:00-05:00,1.05948,1.06202,1.06202,,0.4901,True,2022,2022-12-13 05:00:00,7.0,0.0,4+
n2_h4dow_fixed,n2,h4dow,fixed,EURUSD,L,2022-12-14 13:35:00-05:00,2022-12-15 04:02:00-05:00,1.06733,1.06143,1.06143,1.07715,-1.0086,True,2022,2022-12-14 13:00:00,3.0,1.0,2-3
n3_h4dow_fixed,n3,h4dow,fixed,EURUSD,L,2022-12-14 13:35:00-05:00,2022-12-15 04:02:00-05:00,1.06733,1.06143,1.06143,1.07715,-1.0086,True,2022,2022-12-14 13:00:00,8.0,0.0,4+
n2_h4w18_fixed,n2,h4w18,fixed,GBPUSD,L,2022-12-13 08:30:00-05:00,2022-12-15 10:07:00-05:00,1.23447,1.22737,1.22737,1.24629,-1.0178,True,2022,2022-12-13 05:00:00,2.0,1.0,2-3
n3_h4w18_fixed,n3,h4w18,fixed,GBPUSD,L,2022-12-13 08:30:00-05:00,2022-12-15 10:07:00-05:00,1.23447,1.22737,1.22737,1.24629,-1.0178,True,2022,2022-12-13 05:00:00,2.0,1.0,2-3
n2_h4dow_fixed,n2,h4dow,fixed,EURUSD,L,2022-12-15 09:08:00-05:00,2022-12-15 10:31:00-05:00,1.06951,1.0631,1.0631,1.08019,-1.0079,True,2022,2022-12-15 09:00:00,3.0,1.0,2-3
n2_h4dow_trail,n2,h4dow,trail,EURUSD,L,2022-12-15 09:08:00-05:00,2022-12-15 10:31:00-05:00,1.06951,1.0631,1.0631,,-1.0079,True,2022,2022-12-15 09:00:00,3.0,1.0,2-3
n3_h4dow_fixed,n3,h4dow,fixed,EURUSD,L,2022-12-15 09:08:00-05:00,2022-12-15 10:31:00-05:00,1.06951,1.0631,1.0631,1.08019,-1.0079,True,2022,2022-12-15 09:00:00,8.0,0.0,4+
n3_h4dow_trail,n3,h4dow,trail,EURUSD,L,2022-12-15 09:08:00-05:00,2022-12-15 10:31:00-05:00,1.06951,1.0631,1.0631,,-1.0079,True,2022,2022-12-15 09:00:00,8.0,0.0,4+
n2_h4dow_fixed,n2,h4dow,fixed,AUDUSD,L,2022-12-19 22:05:00-05:00,2022-12-19 22:33:00-05:00,0.67325,0.66845,0.66845,0.68125,-1.0181,True,2022,2022-12-19 21:00:00,4.0,0.0,4+
n2_h4dow_trail,n2,h4dow,trail,AUDUSD,L,2022-12-19 22:05:00-05:00,2022-12-19 22:33:00-05:00,0.67325,0.66845,0.66845,,-1.0181,True,2022,2022-12-19 21:00:00,4.0,0.0,4+
n3_h4dow_fixed,n3,h4dow,fixed,AUDUSD,L,2022-12-19 22:05:00-05:00,2022-12-19 22:33:00-05:00,0.67325,0.66845,0.66845,0.68125,-1.0181,True,2022,2022-12-19 21:00:00,4.0,0.0,4+
n3_h4dow_trail,n3,h4dow,trail,AUDUSD,L,2022-12-19 22:05:00-05:00,2022-12-19 22:33:00-05:00,0.67325,0.66845,0.66845,,-1.0181,True,2022,2022-12-19 21:00:00,4.0,0.0,4+
n2_h4dow_trail,n2,h4dow,trail,EURUSD,L,2022-12-20 10:13:00-05:00,2022-12-21 06:59:00-05:00,1.06581,1.06071,1.06071,,-0.7804,True,2022,2022-12-20 09:00:00,6.0,0.0,4+
n3_h4dow_trail,n3,h4dow,trail,EURUSD,L,2022-12-20 10:13:00-05:00,2022-12-21 06:59:00-05:00,1.06581,1.06071,1.06071,,-0.7804,True,2022,2022-12-20 09:00:00,11.0,0.0,4+
n2_h4dow_fixed,n2,h4dow,fixed,EURUSD,L,2022-12-20 10:13:00-05:00,2022-12-21 12:11:00-05:00,1.06581,1.05921,1.05921,1.07681,-1.0077,True,2022,2022-12-20 09:00:00,6.0,0.0,4+
n3_h4dow_fixed,n3,h4dow,fixed,EURUSD,L,2022-12-20 10:13:00-05:00,2022-12-21 12:11:00-05:00,1.06581,1.05921,1.05921,1.07681,-1.0077,True,2022,2022-12-20 09:00:00,11.0,0.0,4+
n2_h4dow_trail,n2,h4dow,trail,USDCHF,S,2022-12-21 08:38:00-05:00,2022-12-22 08:31:00-05:00,0.92418,0.92816,0.92816,,-0.8243,True,2022,2022-12-21 05:00:00,5.0,1.0,4+
n3_h4dow_trail,n3,h4dow,trail,USDCHF,S,2022-12-21 08:38:00-05:00,2022-12-22 08:31:00-05:00,0.92418,0.92816,0.92816,,-0.8243,True,2022,2022-12-21 05:00:00,6.0,1.0,4+
n2_h4dow_fixed,n2,h4dow,fixed,EURUSD,L,2022-12-22 03:26:00-05:00,2022-12-22 08:36:00-05:00,1.06585,1.06065,1.06065,1.07453,-1.0097,True,2022,2022-12-22 01:00:00,1.0,1.0,1
n2_h4dow_trail,n2,h4dow,trail,EURUSD,L,2022-12-22 03:26:00-05:00,2022-12-22 08:36:00-05:00,1.06585,1.06064,1.06064,,-1.0097,True,2022,2022-12-22 01:00:00,1.0,1.0,1
n3_h4dow_fixed,n3,h4dow,fixed,EURUSD,L,2022-12-22 03:26:00-05:00,2022-12-22 08:36:00-05:00,1.06585,1.06065,1.06065,1.07453,-1.0097,True,2022,2022-12-22 01:00:00,12.0,0.0,4+
n3_h4dow_trail,n3,h4dow,trail,EURUSD,L,2022-12-22 03:26:00-05:00,2022-12-22 08:36:00-05:00,1.06585,1.06064,1.06064,,-1.0097,True,2022,2022-12-22 01:00:00,12.0,0.0,4+
n2_h4dow_fixed,n2,h4dow,fixed,USDCHF,S,2022-12-21 08:38:00-05:00,2022-12-22 09:00:00-05:00,0.92418,0.92925,0.92925,0.91573,-1.0393,True,2022,2022-12-21 05:00:00,5.0,1.0,4+
n3_h4dow_fixed,n3,h4dow,fixed,USDCHF,S,2022-12-21 08:38:00-05:00,2022-12-22 09:00:00-05:00,0.92418,0.92925,0.92925,0.91573,-1.0393,True,2022,2022-12-21 05:00:00,6.0,1.0,4+
n2_h4dow_fixed,n2,h4dow,fixed,EURUSD,L,2022-12-26 21:06:00-05:00,2022-12-27 09:10:00-05:00,1.06595,1.06189,1.06189,1.07273,-1.0125,True,2022,2022-12-26 21:00:00,0.0,1.0,0
n2_h4dow_trail,n2,h4dow,trail,EURUSD,L,2022-12-26 21:06:00-05:00,2022-12-27 09:10:00-05:00,1.06595,1.06188,1.06188,,-1.0124,True,2022,2022-12-26 21:00:00,0.0,1.0,0
n3_h4dow_fixed,n3,h4dow,fixed,EURUSD,L,2022-12-26 21:06:00-05:00,2022-12-27 09:10:00-05:00,1.06595,1.06189,1.06189,1.07273,-1.0125,True,2022,2022-12-26 21:00:00,13.0,0.0,4+
n3_h4dow_trail,n3,h4dow,trail,EURUSD,L,2022-12-26 21:06:00-05:00,2022-12-27 09:10:00-05:00,1.06595,1.06188,1.06188,,-1.0124,True,2022,2022-12-26 21:00:00,13.0,0.0,4+
n2_h4dow_fixed,n2,h4dow,fixed,EURUSD,L,2022-12-28 09:36:00-05:00,2022-12-28 10:48:00-05:00,1.06693,1.06276,1.06276,1.07388,-1.0121,True,2022,2022-12-28 09:00:00,1.0,1.0,1
n2_h4dow_trail,n2,h4dow,trail,EURUSD,L,2022-12-28 09:36:00-05:00,2022-12-28 10:48:00-05:00,1.06693,1.0628,1.0628,,-1.0025,True,2022,2022-12-28 09:00:00,1.0,1.0,1
n3_h4dow_fixed,n3,h4dow,fixed,EURUSD,L,2022-12-28 09:36:00-05:00,2022-12-28 10:48:00-05:00,1.06693,1.06276,1.06276,1.07388,-1.0121,True,2022,2022-12-28 09:00:00,1.0,1.0,1
n3_h4dow_trail,n3,h4dow,trail,EURUSD,L,2022-12-28 09:36:00-05:00,2022-12-28 10:48:00-05:00,1.06693,1.0628,1.0628,,-1.0025,True,2022,2022-12-28 09:00:00,1.0,1.0,1
n2_h4dow_trail,n2,h4dow,trail,EURUSD,L,2022-12-29 12:51:00-05:00,2023-01-02 10:49:00-05:00,1.06745,1.06636,1.06636,,-0.2432,True,2023,2022-12-29 09:00:00,2.0,0.0,2-3
n3_h4dow_trail,n3,h4dow,trail,EURUSD,L,2022-12-29 12:51:00-05:00,2023-01-02 10:49:00-05:00,1.06745,1.06636,1.06636,,-0.2432,True,2023,2022-12-29 09:00:00,2.0,0.0,2-3
n2_h4w18_fixed,n2,h4w18,fixed,USDJPY,S,2023-01-02 18:09:00-05:00,2023-01-02 18:16:00-05:00,130.569,131.193,131.193,129.529,-1.0039,True,2023,2023-01-02 17:00:00,0.0,1.0,0
n2_h4w18_trail,n2,h4w18,trail,USDJPY,S,2023-01-02 18:09:00-05:00,2023-01-02 18:16:00-05:00,130.569,131.193,131.193,,-1.0039,True,2023,2023-01-02 17:00:00,0.0,1.0,0
n3_h4w18_fixed,n3,h4w18,fixed,USDJPY,S,2023-01-02 18:09:00-05:00,2023-01-02 18:16:00-05:00,130.569,131.193,131.193,129.529,-1.0039,True,2023,2023-01-02 17:00:00,0.0,1.0,0
n3_h4w18_trail,n3,h4w18,trail,USDJPY,S,2023-01-02 18:09:00-05:00,2023-01-02 18:16:00-05:00,130.569,131.193,131.193,,-1.0039,True,2023,2023-01-02 17:00:00,0.0,1.0,0
n2_h4w18_fixed,n2,h4w18,fixed,USDJPY,S,2023-01-02 20:11:00-05:00,2023-01-02 23:12:00-05:00,130.569,129.529,131.193,129.529,1.6585,True,2023,2023-01-02 17:00:00,0.0,1.0,0
n3_h4w18_fixed,n3,h4w18,fixed,USDJPY,S,2023-01-02 20:11:00-05:00,2023-01-02 23:12:00-05:00,130.569,129.529,131.193,129.529,1.6585,True,2023,2023-01-02 17:00:00,0.0,1.0,0
n2_h4dow_fixed,n2,h4dow,fixed,EURUSD,L,2022-12-29 12:51:00-05:00,2023-01-03 02:50:00-05:00,1.06745,1.06276,1.06276,1.07527,-1.0108,True,2023,2022-12-29 09:00:00,2.0,0.0,2-3
n3_h4dow_fixed,n3,h4dow,fixed,EURUSD,L,2022-12-29 12:51:00-05:00,2023-01-03 02:50:00-05:00,1.06745,1.06276,1.06276,1.07527,-1.0108,True,2023,2022-12-29 09:00:00,2.0,0.0,2-3
n2_h4dow_fixed,n2,h4dow,fixed,GBPUSD,S,2023-01-03 02:54:00-05:00,2023-01-03 03:19:00-05:00,1.20341,1.19506,1.20842,1.19506,1.6421,True,2023,2023-01-03 01:00:00,2.0,0.0,2-3
n3_h4dow_fixed,n3,h4dow,fixed,GBPUSD,S,2023-01-03 02:54:00-05:00,2023-01-03 03:19:00-05:00,1.20341,1.19506,1.20842,1.19506,1.6421,True,2023,2023-01-03 01:00:00,2.0,0.0,2-3
n2_h4w18_fixed,n2,h4w18,fixed,GBPUSD,S,2023-01-03 03:05:00-05:00,2023-01-03 04:04:00-05:00,1.19925,1.1909,1.20426,1.1909,1.6422,True,2023,2023-01-03 01:00:00,2.0,0.0,2-3
n3_h4w18_fixed,n3,h4w18,fixed,GBPUSD,S,2023-01-03 03:05:00-05:00,2023-01-03 04:04:00-05:00,1.19925,1.1909,1.20426,1.1909,1.6422,True,2023,2023-01-03 01:00:00,2.0,0.0,2-3
n2_h4w18_trail,n2,h4w18,trail,USDJPY,S,2023-01-02 20:11:00-05:00,2023-01-03 07:12:00-05:00,130.569,131.193,131.193,,-1.0039,True,2023,2023-01-02 17:00:00,0.0,1.0,0
n3_h4w18_trail,n3,h4w18,trail,USDJPY,S,2023-01-02 20:11:00-05:00,2023-01-03 07:12:00-05:00,130.569,131.193,131.193,,-1.0039,True,2023,2023-01-02 17:00:00,0.0,1.0,0
n2_h4w18_trail,n2,h4w18,trail,GBPUSD,S,2023-01-03 03:05:00-05:00,2023-01-03 09:41:00-05:00,1.19925,1.20426,1.20426,,-1.0246,True,2023,2023-01-03 01:00:00,2.0,0.0,2-3
n3_h4w18_trail,n3,h4w18,trail,GBPUSD,S,2023-01-03 03:05:00-05:00,2023-01-03 09:41:00-05:00,1.19925,1.20426,1.20426,,-1.0246,True,2023,2023-01-03 01:00:00,2.0,0.0,2-3
n2_h4dow_trail,n2,h4dow,trail,GBPUSD,S,2023-01-03 02:54:00-05:00,2023-01-04 03:09:00-05:00,1.20341,1.20576,1.20576,,-0.4937,True,2023,2023-01-03 01:00:00,2.0,0.0,2-3
n3_h4dow_trail,n3,h4dow,trail,GBPUSD,S,2023-01-03 02:54:00-05:00,2023-01-04 03:09:00-05:00,1.20341,1.20576,1.20576,,-0.4937,True,2023,2023-01-03 01:00:00,2.0,0.0,2-3
n2_h4dow_trail,n2,h4dow,trail,GBPUSD,S,2023-01-05 10:04:00-05:00,2023-01-06 10:00:00-05:00,1.19003,1.19359,1.19359,,-0.4232,True,2023,2023-01-05 09:00:00,3.0,0.0,2-3
n3_h4dow_trail,n3,h4dow,trail,GBPUSD,S,2023-01-05 10:04:00-05:00,2023-01-06 10:00:00-05:00,1.19003,1.19359,1.19359,,-0.4232,True,2023,2023-01-05 09:00:00,3.0,0.0,2-3
n2_h4dow_fixed,n2,h4dow,fixed,GBPUSD,S,2023-01-05 10:04:00-05:00,2023-01-06 10:13:00-05:00,1.19003,1.19873,1.19873,1.17553,-1.0141,True,2023,2023-01-05 09:00:00,3.0,0.0,2-3
n3_h4dow_fixed,n3,h4dow,fixed,GBPUSD,S,2023-01-05 10:04:00-05:00,2023-01-06 10:13:00-05:00,1.19003,1.19873,1.19873,1.17553,-1.0141,True,2023,2023-01-05 09:00:00,3.0,0.0,2-3
n2_h4dow_fixed,n2,h4dow,fixed,USDCHF,S,2023-01-17 06:12:00-05:00,2023-01-18 04:46:00-05:00,0.9219,0.91365,0.92685,0.91365,1.6268,True,2023,2023-01-17 05:00:00,2.0,1.0,2-3
n3_h4dow_fixed,n3,h4dow,fixed,USDCHF,S,2023-01-18 02:52:00-05:00,2023-01-18 09:07:00-05:00,0.91877,0.91119,0.92332,0.91119,1.6227,True,2023,2023-01-18 01:00:00,2.0,1.0,2-3
n2_h4w18_fixed,n2,h4w18,fixed,USDCHF,S,2023-01-18 03:14:00-05:00,2023-01-18 09:24:00-05:00,0.91672,0.90914,0.92127,0.90914,1.6228,True,2023,2023-01-18 01:00:00,2.0,1.0,2-3
n3_h4w18_fixed,n3,h4w18,fixed,USDCHF,S,2023-01-18 03:14:00-05:00,2023-01-18 09:24:00-05:00,0.91672,0.90914,0.92127,0.90914,1.6228,True,2023,2023-01-18 01:00:00,2.0,1.0,2-3
n2_h4dow_trail,n2,h4dow,trail,USDCHF,S,2023-01-17 06:12:00-05:00,2023-01-18 20:46:00-05:00,0.9219,0.91724,0.91724,,0.9015,True,2023,2023-01-17 05:00:00,2.0,1.0,2-3
n3_h4dow_trail,n3,h4dow,trail,USDCHF,S,2023-01-18 02:52:00-05:00,2023-01-18 20:46:00-05:00,0.91877,0.91724,0.91724,,0.2929,True,2023,2023-01-18 01:00:00,2.0,1.0,2-3
n2_h4w18_trail,n2,h4w18,trail,USDCHF,S,2023-01-18 03:14:00-05:00,2023-01-18 20:46:00-05:00,0.91672,0.91724,0.91724,,-0.158,True,2023,2023-01-18 01:00:00,2.0,1.0,2-3
n3_h4w18_trail,n3,h4w18,trail,USDCHF,S,2023-01-18 03:14:00-05:00,2023-01-18 20:46:00-05:00,0.91672,0.91724,0.91724,,-0.158,True,2023,2023-01-18 01:00:00,2.0,1.0,2-3
n2_h4dow_trail,n2,h4dow,trail,EURUSD,L,2023-01-22 20:14:00-05:00,2023-01-24 09:45:00-05:00,1.08875,1.08462,1.08462,,-0.7744,True,2023,2023-01-22 17:00:00,1.0,1.0,1
n2_h4dow_trail,n2,h4dow,trail,AUDUSD,L,2023-01-24 19:30:00-05:00,2023-01-26 10:38:00-05:00,0.70636,0.70958,0.70958,,0.6282,True,2023,2023-01-24 17:00:00,0.0,1.0,0
n2_h4w18_trail,n2,h4w18,trail,AUDUSD,L,2023-01-24 19:30:00-05:00,2023-01-26 10:38:00-05:00,0.70636,0.70958,0.70958,,0.6282,True,2023,2023-01-24 17:00:00,0.0,1.0,0
n3_h4dow_trail,n3,h4dow,trail,AUDUSD,L,2023-01-24 19:30:00-05:00,2023-01-26 10:38:00-05:00,0.70636,0.70958,0.70958,,0.6282,True,2023,2023-01-24 17:00:00,0.0,1.0,0
n3_h4w18_trail,n3,h4w18,trail,AUDUSD,L,2023-01-24 19:30:00-05:00,2023-01-26 10:38:00-05:00,0.70636,0.70958,0.70958,,0.6282,True,2023,2023-01-24 17:00:00,0.0,1.0,0
n2_h4dow_trail,n2,h4dow,trail,EURUSD,L,2023-01-24 21:12:00-05:00,2023-01-26 10:54:00-05:00,1.08979,1.08574,1.08574,,-0.8897,True,2023,2023-01-24 21:00:00,2.0,1.0,2-3
n2_h4dow_trail,n2,h4dow,trail,USDCHF,S,2023-01-25 10:03:00-05:00,2023-01-27 02:01:00-05:00,0.91924,0.92255,0.92255,,-0.8046,True,2023,2023-01-25 09:00:00,7.0,0.0,4+
n3_h4dow_trail,n3,h4dow,trail,USDCHF,S,2023-01-25 10:03:00-05:00,2023-01-27 02:01:00-05:00,0.91924,0.92255,0.92255,,-0.8046,True,2023,2023-01-25 09:00:00,7.0,0.0,4+
n2_h4dow_fixed,n2,h4dow,fixed,USDCHF,S,2023-01-25 10:03:00-05:00,2023-01-27 10:46:00-05:00,0.91924,0.9236,0.9236,0.91197,-1.0454,True,2023,2023-01-25 09:00:00,7.0,0.0,4+
n3_h4dow_fixed,n3,h4dow,fixed,USDCHF,S,2023-01-25 10:03:00-05:00,2023-01-27 10:46:00-05:00,0.91924,0.9236,0.9236,0.91197,-1.0454,True,2023,2023-01-25 09:00:00,7.0,0.0,4+
n2_h4dow_trail,n2,h4dow,trail,USDJPY,S,2023-01-25 06:15:00-05:00,2023-01-29 19:13:00-05:00,129.73,130.068,130.068,,-0.3738,True,2023,2023-01-25 05:00:00,3.0,0.0,2-3
n3_h4dow_trail,n3,h4dow,trail,USDJPY,S,2023-01-25 06:15:00-05:00,2023-01-29 19:13:00-05:00,129.73,130.068,130.068,,-0.3738,True,2023,2023-01-25 05:00:00,3.0,0.0,2-3
n2_h4dow_trail,n2,h4dow,trail,USDJPY,S,2023-01-29 23:00:00-05:00,2023-01-30 09:20:00-05:00,129.498,130.292,130.292,,-0.9888,True,2023,2023-01-29 21:00:00,4.0,0.0,4+
n3_h4dow_trail,n3,h4dow,trail,USDJPY,S,2023-01-29 23:00:00-05:00,2023-01-30 09:20:00-05:00,129.498,130.292,130.292,,-0.9888,True,2023,2023-01-29 21:00:00,4.0,0.0,4+
n2_h4dow_fixed,n2,h4dow,fixed,EURUSD,L,2023-01-22 20:14:00-05:00,2023-01-31 00:59:00-05:00,1.08875,1.08335,1.08335,1.09775,-1.0096,True,2023,2023-01-22 17:00:00,1.0,1.0,1
n2_h4dow_fixed,n2,h4dow,fixed,AUDUSD,L,2023-01-24 19:30:00-05:00,2023-01-31 03:39:00-05:00,0.70636,0.70138,0.70138,0.71466,-1.0183,True,2023,2023-01-24 17:00:00,0.0,1.0,0
n2_h4w18_fixed,n2,h4w18,fixed,AUDUSD,L,2023-01-24 19:30:00-05:00,2023-01-31 03:39:00-05:00,0.70636,0.70138,0.70138,0.71466,-1.0183,True,2023,2023-01-24 17:00:00,0.0,1.0,0
n3_h4dow_fixed,n3,h4dow,fixed,AUDUSD,L,2023-01-24 19:30:00-05:00,2023-01-31 03:39:00-05:00,0.70636,0.70138,0.70138,0.71466,-1.0183,True,2023,2023-01-24 17:00:00,0.0,1.0,0
n3_h4w18_fixed,n3,h4w18,fixed,AUDUSD,L,2023-01-24 19:30:00-05:00,2023-01-31 03:39:00-05:00,0.70636,0.70138,0.70138,0.71466,-1.0183,True,2023,2023-01-24 17:00:00,0.0,1.0,0
n3_h4dow_trail,n3,h4dow,trail,USDCHF,S,2023-01-31 11:11:00-05:00,2023-02-01 10:03:00-05:00,0.91823,0.91704,0.91704,,0.2211,True,2023,2023-01-31 09:00:00,1.0,1.0,1
n3_h4w18_trail,n3,h4w18,trail,USDCHF,S,2023-01-31 13:51:00-05:00,2023-02-01 10:03:00-05:00,0.91585,0.91704,0.91704,,-0.2662,True,2023,2023-01-31 13:00:00,1.0,1.0,1
n3_h4dow_fixed,n3,h4dow,fixed,USDCHF,S,2023-01-31 11:11:00-05:00,2023-02-01 14:45:00-05:00,0.91823,0.91075,0.92271,0.91075,1.6257,True,2023,2023-01-31 09:00:00,1.0,1.0,1
n2_h4dow_fixed,n2,h4dow,fixed,EURUSD,L,2023-02-01 10:53:00-05:00,2023-02-01 14:46:00-05:00,1.09137,1.09819,1.08728,1.09819,1.6547,True,2023,2023-02-01 09:00:00,5.0,0.0,4+
n2_h4w18_fixed,n2,h4w18,fixed,EURUSD,L,2023-02-01 14:38:00-05:00,2023-02-01 15:07:00-05:00,1.09296,1.09998,1.08874,1.09998,1.6511,True,2023,2023-02-01 13:00:00,5.0,0.0,4+
n3_h4w18_fixed,n3,h4w18,fixed,USDCHF,S,2023-01-31 13:51:00-05:00,2023-02-01 15:43:00-05:00,0.91585,0.90717,0.92105,0.90717,1.6315,True,2023,2023-01-31 13:00:00,1.0,1.0,1
n2_h4dow_fixed,n2,h4dow,fixed,USDJPY,S,2023-01-25 06:15:00-05:00,2023-02-01 19:26:00-05:00,129.73,128.21,130.642,128.21,1.6607,True,2023,2023-01-25 05:00:00,3.0,0.0,2-3
n3_h4dow_fixed,n3,h4dow,fixed,USDJPY,S,2023-01-25 06:15:00-05:00,2023-02-01 19:26:00-05:00,129.73,128.21,130.642,128.21,1.6607,True,2023,2023-01-25 05:00:00,3.0,0.0,2-3
n2_h4dow_fixed,n2,h4dow,fixed,AUDUSD,L,2023-02-01 15:33:00-05:00,2023-02-02 09:51:00-05:00,0.71422,0.71011,0.71011,0.72107,-1.0224,True,2023,2023-02-01 13:00:00,1.0,1.0,1
n2_h4dow_trail,n2,h4dow,trail,AUDUSD,L,2023-02-01 15:33:00-05:00,2023-02-02 09:51:00-05:00,0.71422,0.71011,0.71011,,-1.0224,True,2023,2023-02-01 13:00:00,1.0,1.0,1
n2_h4w18_fixed,n2,h4w18,fixed,AUDUSD,L,2023-02-01 15:33:00-05:00,2023-02-02 09:51:00-05:00,0.71422,0.71011,0.71011,0.72107,-1.0224,True,2023,2023-02-01 13:00:00,1.0,1.0,1
n2_h4w18_trail,n2,h4w18,trail,AUDUSD,L,2023-02-01 15:33:00-05:00,2023-02-02 09:51:00-05:00,0.71422,0.71011,0.71011,,-1.0224,True,2023,2023-02-01 13:00:00,1.0,1.0,1
n3_h4dow_fixed,n3,h4dow,fixed,AUDUSD,L,2023-02-01 15:33:00-05:00,2023-02-02 09:51:00-05:00,0.71422,0.71011,0.71011,0.72107,-1.0224,True,2023,2023-02-01 13:00:00,1.0,1.0,1
n3_h4dow_trail,n3,h4dow,trail,AUDUSD,L,2023-02-01 15:33:00-05:00,2023-02-02 09:51:00-05:00,0.71422,0.71011,0.71011,,-1.0224,True,2023,2023-02-01 13:00:00,1.0,1.0,1
n3_h4w18_fixed,n3,h4w18,fixed,AUDUSD,L,2023-02-01 15:33:00-05:00,2023-02-02 09:51:00-05:00,0.71422,0.71011,0.71011,0.72107,-1.0224,True,2023,2023-02-01 13:00:00,1.0,1.0,1
n3_h4w18_trail,n3,h4w18,trail,AUDUSD,L,2023-02-01 15:33:00-05:00,2023-02-02 09:51:00-05:00,0.71422,0.71011,0.71011,,-1.0224,True,2023,2023-02-01 13:00:00,1.0,1.0,1
n2_h4dow_trail,n2,h4dow,trail,EURUSD,L,2023-02-01 10:53:00-05:00,2023-02-02 10:09:00-05:00,1.09137,1.08891,1.08891,,-0.6141,True,2023,2023-02-01 09:00:00,5.0,0.0,4+
n2_h4w18_trail,n2,h4w18,trail,EURUSD,L,2023-02-01 14:38:00-05:00,2023-02-02 10:09:00-05:00,1.09296,1.08891,1.08891,,-0.972,True,2023,2023-02-01 13:00:00,5.0,0.0,4+
n2_h4dow_fixed,n2,h4dow,fixed,USDJPY,L,2023-02-09 20:34:00-05:00,2023-02-10 02:20:00-05:00,131.826,130.816,130.816,133.508,-1.0033,True,2023,2023-02-09 17:00:00,1.0,1.0,1
n2_h4dow_trail,n2,h4dow,trail,USDJPY,L,2023-02-09 20:34:00-05:00,2023-02-10 02:20:00-05:00,131.826,130.816,130.816,,-1.0033,True,2023,2023-02-09 17:00:00,1.0,1.0,1
n3_h4dow_fixed,n3,h4dow,fixed,USDJPY,L,2023-02-09 20:34:00-05:00,2023-02-10 02:20:00-05:00,131.826,130.816,130.816,133.508,-1.0033,True,2023,2023-02-09 17:00:00,1.0,1.0,1
n3_h4dow_trail,n3,h4dow,trail,USDJPY,L,2023-02-09 20:34:00-05:00,2023-02-10 02:20:00-05:00,131.826,130.816,130.816,,-1.0033,True,2023,2023-02-09 17:00:00,1.0,1.0,1
n2_h4w18_fixed,n2,h4w18,fixed,USDJPY,L,2023-02-13 11:09:00-05:00,2023-02-14 00:01:00-05:00,132.901,131.9,131.9,134.569,-0.9995,True,2023,2023-02-13 09:00:00,3.0,0.0,2-3
n2_h4w18_trail,n2,h4w18,trail,USDJPY,L,2023-02-13 11:09:00-05:00,2023-02-14 00:01:00-05:00,132.901,131.901,131.901,,-1.0035,True,2023,2023-02-13 09:00:00,3.0,0.0,2-3
n3_h4w18_fixed,n3,h4w18,fixed,USDJPY,L,2023-02-13 11:09:00-05:00,2023-02-14 00:01:00-05:00,132.901,131.9,131.9,134.569,-0.9995,True,2023,2023-02-13 09:00:00,3.0,0.0,2-3
n3_h4w18_trail,n3,h4w18,trail,USDJPY,L,2023-02-13 11:09:00-05:00,2023-02-14 00:01:00-05:00,132.901,131.901,131.901,,-1.0035,True,2023,2023-02-13 09:00:00,3.0,0.0,2-3
n2_h4dow_trail,n2,h4dow,trail,USDJPY,L,2023-02-12 20:31:00-05:00,2023-02-14 08:32:00-05:00,131.889,131.791,131.791,,-0.0959,True,2023,2023-02-12 17:00:00,3.0,0.0,2-3
n3_h4dow_trail,n3,h4dow,trail,USDJPY,L,2023-02-12 20:31:00-05:00,2023-02-14 08:32:00-05:00,131.889,131.791,131.791,,-0.0959,True,2023,2023-02-12 17:00:00,3.0,0.0,2-3
n3_h4dow_fixed,n3,h4dow,fixed,GBPUSD,L,2023-02-14 05:00:00-05:00,2023-02-14 09:29:00-05:00,1.21941,1.2135,1.2135,1.22926,-1.0211,True,2023,2023-02-14 05:00:00,1.0,1.0,1
n3_h4dow_trail,n3,h4dow,trail,GBPUSD,L,2023-02-14 05:00:00-05:00,2023-02-14 09:29:00-05:00,1.21941,1.2135,1.2135,,-1.0211,True,2023,2023-02-14 05:00:00,1.0,1.0,1
n2_h4dow_fixed,n2,h4dow,fixed,USDJPY,L,2023-02-12 20:31:00-05:00,2023-02-15 07:49:00-05:00,131.889,133.644,130.836,133.644,1.6552,True,2023,2023-02-12 17:00:00,3.0,0.0,2-3
n3_h4dow_fixed,n3,h4dow,fixed,USDJPY,L,2023-02-12 20:31:00-05:00,2023-02-15 07:49:00-05:00,131.889,133.644,130.836,133.644,1.6552,True,2023,2023-02-12 17:00:00,3.0,0.0,2-3
n2_h4dow_trail,n2,h4dow,trail,USDJPY,L,2023-02-15 01:59:00-05:00,2023-02-16 03:19:00-05:00,133.314,133.639,133.639,,0.3295,True,2023,2023-02-15 01:00:00,1.0,1.0,1
n3_h4dow_trail,n3,h4dow,trail,USDJPY,L,2023-02-15 01:59:00-05:00,2023-02-16 03:19:00-05:00,133.314,133.639,133.639,,0.3295,True,2023,2023-02-15 01:00:00,4.0,0.0,4+
n2_h4w18_trail,n2,h4w18,trail,GBPUSD,S,2023-02-16 19:27:00-05:00,2023-02-17 08:15:00-05:00,1.19616,1.1959,1.1959,,0.0177,True,2023,2023-02-16 17:00:00,1.0,1.0,1
n2_h4w18_fixed,n2,h4w18,fixed,GBPUSD,S,2023-02-16 19:27:00-05:00,2023-02-17 14:16:00-05:00,1.19616,1.2039,1.2039,1.18326,-1.0159,True,2023,2023-02-16 17:00:00,1.0,1.0,1
n2_h4w18_fixed,n2,h4w18,fixed,USDCHF,L,2023-02-16 23:42:00-05:00,2023-02-17 14:23:00-05:00,0.92911,0.92485,0.92485,0.93621,-1.0468,True,2023,2023-02-16 21:00:00,1.0,1.0,1
n2_h4w18_trail,n2,h4w18,trail,USDCHF,L,2023-02-16 23:42:00-05:00,2023-02-17 14:23:00-05:00,0.92911,0.92485,0.92485,,-1.0468,True,2023,2023-02-16 21:00:00,1.0,1.0,1
n2_h4dow_trail,n2,h4dow,trail,USDJPY,L,2023-02-16 09:28:00-05:00,2023-02-19 23:37:00-05:00,134.359,134.057,134.057,,-0.3712,True,2023,2023-02-16 09:00:00,1.0,1.0,1
n3_h4dow_trail,n3,h4dow,trail,USDJPY,L,2023-02-16 09:28:00-05:00,2023-02-19 23:37:00-05:00,134.359,134.057,134.057,,-0.3712,True,2023,2023-02-16 09:00:00,1.0,1.0,1
n2_h4dow_trail,n2,h4dow,trail,USDJPY,L,2023-02-21 09:47:00-05:00,2023-02-22 07:25:00-05:00,135.116,134.555,134.555,,-0.9202,True,2023,2023-02-21 09:00:00,3.0,1.0,2-3
n3_h4dow_trail,n3,h4dow,trail,USDJPY,L,2023-02-21 09:47:00-05:00,2023-02-22 07:25:00-05:00,135.116,134.555,134.555,,-0.9202,True,2023,2023-02-21 09:00:00,3.0,1.0,2-3
n2_h4dow_trail,n2,h4dow,trail,USDJPY,L,2023-02-23 08:30:00-05:00,2023-02-23 10:16:00-05:00,135.229,134.698,134.698,,-1.0049,True,2023,2023-02-23 05:00:00,4.0,1.0,4+
n3_h4dow_trail,n3,h4dow,trail,USDJPY,L,2023-02-23 08:30:00-05:00,2023-02-23 10:16:00-05:00,135.229,134.698,134.698,,-1.0049,True,2023,2023-02-23 05:00:00,4.0,1.0,4+
n2_h4dow_fixed,n2,h4dow,fixed,USDJPY,L,2023-02-16 09:28:00-05:00,2023-02-24 08:00:00-05:00,134.359,135.731,133.535,135.731,1.6558,True,2023,2023-02-16 09:00:00,1.0,1.0,1
n3_h4dow_fixed,n3,h4dow,fixed,USDJPY,L,2023-02-16 09:28:00-05:00,2023-02-24 08:00:00-05:00,134.359,135.731,133.535,135.731,1.6558,True,2023,2023-02-16 09:00:00,1.0,1.0,1
n2_h4dow_fixed,n2,h4dow,fixed,AUDUSD,S,2023-02-22 04:03:00-05:00,2023-02-24 08:02:00-05:00,0.68116,0.67451,0.68515,0.67451,1.6446,True,2023,2023-02-22 01:00:00,2.0,1.0,2-3
n3_h4dow_fixed,n3,h4dow,fixed,AUDUSD,S,2023-02-22 04:03:00-05:00,2023-02-24 08:02:00-05:00,0.68116,0.67451,0.68515,0.67451,1.6446,True,2023,2023-02-22 01:00:00,2.0,1.0,2-3
n2_h4dow_fixed,n2,h4dow,fixed,USDCHF,L,2023-02-23 04:57:00-05:00,2023-02-24 10:00:00-05:00,0.9332,0.93905,0.92969,0.93905,1.6093,True,2023,2023-02-23 01:00:00,2.0,1.0,2-3
n2_h4w18_fixed,n2,h4w18,fixed,USDCHF,L,2023-02-23 04:57:00-05:00,2023-02-24 10:00:00-05:00,0.9332,0.93905,0.92969,0.93905,1.6093,True,2023,2023-02-23 01:00:00,2.0,1.0,2-3
n3_h4dow_fixed,n3,h4dow,fixed,USDCHF,L,2023-02-23 04:57:00-05:00,2023-02-24 10:00:00-05:00,0.9332,0.93905,0.92969,0.93905,1.6093,True,2023,2023-02-23 01:00:00,2.0,1.0,2-3
n3_h4w18_fixed,n3,h4w18,fixed,USDCHF,L,2023-02-23 04:57:00-05:00,2023-02-24 10:00:00-05:00,0.9332,0.93905,0.92969,0.93905,1.6093,True,2023,2023-02-23 01:00:00,2.0,1.0,2-3
n2_h4dow_trail,n2,h4dow,trail,GBPUSD,S,2023-02-24 06:19:00-05:00,2023-02-27 03:02:00-05:00,1.19924,1.19647,1.19647,,0.4269,True,2023,2023-02-24 05:00:00,0.0,1.0,0
n3_h4dow_trail,n3,h4dow,trail,GBPUSD,S,2023-02-24 06:19:00-05:00,2023-02-27 03:02:00-05:00,1.19924,1.19647,1.19647,,0.4269,True,2023,2023-02-24 05:00:00,3.0,0.0,2-3
n2_h4dow_trail,n2,h4dow,trail,USDJPY,L,2023-02-24 06:40:00-05:00,2023-02-27 03:10:00-05:00,135.365,136.005,136.005,,0.9133,True,2023,2023-02-24 05:00:00,4.0,1.0,4+
n3_h4dow_trail,n3,h4dow,trail,USDJPY,L,2023-02-24 06:40:00-05:00,2023-02-27 03:10:00-05:00,135.365,136.005,136.005,,0.9133,True,2023,2023-02-24 05:00:00,4.0,1.0,4+
n2_h4dow_trail,n2,h4dow,trail,USDCHF,L,2023-02-23 04:57:00-05:00,2023-02-27 06:32:00-05:00,0.9332,0.94007,0.94007,,1.8999,True,2023,2023-02-23 01:00:00,2.0,1.0,2-3
n2_h4w18_trail,n2,h4w18,trail,USDCHF,L,2023-02-23 04:57:00-05:00,2023-02-27 06:32:00-05:00,0.9332,0.94007,0.94007,,1.8999,True,2023,2023-02-23 01:00:00,2.0,1.0,2-3
n3_h4dow_trail,n3,h4dow,trail,USDCHF,L,2023-02-23 04:57:00-05:00,2023-02-27 06:32:00-05:00,0.9332,0.94007,0.94007,,1.8999,True,2023,2023-02-23 01:00:00,2.0,1.0,2-3
n3_h4w18_trail,n3,h4w18,trail,USDCHF,L,2023-02-23 04:57:00-05:00,2023-02-27 06:32:00-05:00,0.9332,0.94007,0.94007,,1.8999,True,2023,2023-02-23 01:00:00,2.0,1.0,2-3
n2_h4dow_fixed,n2,h4dow,fixed,GBPUSD,S,2023-02-24 06:19:00-05:00,2023-02-27 10:19:00-05:00,1.19924,1.20544,1.20544,1.18892,-1.0199,True,2023,2023-02-24 05:00:00,0.0,1.0,0
n3_h4dow_fixed,n3,h4dow,fixed,GBPUSD,S,2023-02-24 06:19:00-05:00,2023-02-27 10:19:00-05:00,1.19924,1.20544,1.20544,1.18892,-1.0199,True,2023,2023-02-24 05:00:00,3.0,0.0,2-3
n2_h4dow_trail,n2,h4dow,trail,AUDUSD,S,2023-02-22 04:03:00-05:00,2023-02-27 10:21:00-05:00,0.68116,0.6742,0.6742,,1.7223,True,2023,2023-02-22 01:00:00,2.0,1.0,2-3
n3_h4dow_trail,n3,h4dow,trail,AUDUSD,S,2023-02-22 04:03:00-05:00,2023-02-27 10:21:00-05:00,0.68116,0.6742,0.6742,,1.7223,True,2023,2023-02-22 01:00:00,2.0,1.0,2-3
n2_h4dow_fixed,n2,h4dow,fixed,USDJPY,L,2023-02-28 02:47:00-05:00,2023-02-28 12:29:00-05:00,136.556,135.962,135.962,137.546,-1.0039,True,2023,2023-02-28 01:00:00,6.0,0.0,4+
n2_h4dow_trail,n2,h4dow,trail,USDJPY,L,2023-02-28 02:47:00-05:00,2023-02-28 12:29:00-05:00,136.556,135.962,135.962,,-1.0039,True,2023,2023-02-28 01:00:00,6.0,0.0,4+
n3_h4dow_fixed,n3,h4dow,fixed,USDJPY,L,2023-02-28 02:47:00-05:00,2023-02-28 12:29:00-05:00,136.556,135.962,135.962,137.546,-1.0039,True,2023,2023-02-28 01:00:00,6.0,0.0,4+
n3_h4dow_trail,n3,h4dow,trail,USDJPY,L,2023-02-28 02:47:00-05:00,2023-02-28 12:29:00-05:00,136.556,135.962,135.962,,-1.0039,True,2023,2023-02-28 01:00:00,6.0,0.0,4+
n2_h4dow_fixed,n2,h4dow,fixed,AUDUSD,S,2023-02-28 19:30:00-05:00,2023-02-28 22:25:00-05:00,0.67038,0.67455,0.67455,0.66343,-1.0209,True,2023,2023-02-28 17:00:00,4.0,1.0,4+
n2_h4dow_trail,n2,h4dow,trail,AUDUSD,S,2023-02-28 19:30:00-05:00,2023-02-28 22:25:00-05:00,0.67038,0.67455,0.67455,,-1.0209,True,2023,2023-02-28 17:00:00,4.0,1.0,4+
n3_h4dow_fixed,n3,h4dow,fixed,AUDUSD,S,2023-02-28 19:30:00-05:00,2023-02-28 22:25:00-05:00,0.67038,0.67455,0.67455,0.66343,-1.0209,True,2023,2023-02-28 17:00:00,4.0,1.0,4+
n3_h4dow_trail,n3,h4dow,trail,AUDUSD,S,2023-02-28 19:30:00-05:00,2023-02-28 22:25:00-05:00,0.67038,0.67455,0.67455,,-1.0209,True,2023,2023-02-28 17:00:00,4.0,1.0,4+
n2_h4dow_trail,n2,h4dow,trail,USDCHF,L,2023-03-02 00:39:00-05:00,2023-03-03 01:49:00-05:00,0.94287,0.9396,0.9396,,-0.8038,True,2023,2023-03-01 21:00:00,4.0,1.0,4+
n3_h4dow_trail,n3,h4dow,trail,USDCHF,L,2023-03-02 00:39:00-05:00,2023-03-03 01:49:00-05:00,0.94287,0.9396,0.9396,,-0.8038,True,2023,2023-03-01 21:00:00,4.0,1.0,4+
n2_h4dow_fixed,n2,h4dow,fixed,USDCHF,L,2023-03-02 00:39:00-05:00,2023-03-03 03:10:00-05:00,0.94287,0.93855,0.93855,0.95007,-1.0468,True,2023,2023-03-01 21:00:00,4.0,1.0,4+
n3_h4dow_fixed,n3,h4dow,fixed,USDCHF,L,2023-03-02 00:39:00-05:00,2023-03-03 03:10:00-05:00,0.94287,0.93855,0.93855,0.95007,-1.0468,True,2023,2023-03-01 21:00:00,4.0,1.0,4+
n2_h4dow_trail,n2,h4dow,trail,USDJPY,L,2023-03-02 08:30:00-05:00,2023-03-03 03:22:00-05:00,136.919,136.24,136.24,,-0.9078,True,2023,2023-03-02 05:00:00,7.0,0.0,4+
n3_h4dow_trail,n3,h4dow,trail,USDJPY,L,2023-03-02 08:30:00-05:00,2023-03-03 03:22:00-05:00,136.919,136.24,136.24,,-0.9078,True,2023,2023-03-02 05:00:00,7.0,0.0,4+
n2_h4dow_fixed,n2,h4dow,fixed,USDJPY,L,2023-03-02 08:30:00-05:00,2023-03-03 04:29:00-05:00,136.919,136.169,136.169,138.169,-1.0023,True,2023,2023-03-02 05:00:00,7.0,0.0,4+
n3_h4dow_fixed,n3,h4dow,fixed,USDJPY,L,2023-03-02 08:30:00-05:00,2023-03-03 04:29:00-05:00,136.919,136.169,136.169,138.169,-1.0023,True,2023,2023-03-02 05:00:00,7.0,0.0,4+
n2_h4dow_trail,n2,h4dow,trail,AUDUSD,S,2023-03-02 03:10:00-05:00,2023-03-03 14:33:00-05:00,0.67252,0.67666,0.67666,,-0.9436,True,2023,2023-03-02 01:00:00,5.0,0.0,4+
n3_h4dow_trail,n3,h4dow,trail,AUDUSD,S,2023-03-02 03:10:00-05:00,2023-03-03 14:33:00-05:00,0.67252,0.67666,0.67666,,-0.9436,True,2023,2023-03-02 01:00:00,5.0,0.0,4+
n3_h4dow_fixed,n3,h4dow,fixed,GBPUSD,S,2023-03-02 02:26:00-05:00,2023-03-03 14:48:00-05:00,1.19654,1.20364,1.20364,1.18472,-1.0173,True,2023,2023-03-02 01:00:00,2.0,0.0,2-3
n3_h4dow_trail,n3,h4dow,trail,GBPUSD,S,2023-03-02 02:26:00-05:00,2023-03-03 14:48:00-05:00,1.19654,1.20364,1.20364,,-1.0173,True,2023,2023-03-02 01:00:00,2.0,0.0,2-3
n2_h4dow_fixed,n2,h4dow,fixed,AUDUSD,S,2023-03-02 03:10:00-05:00,2023-03-03 14:50:00-05:00,0.67252,0.677,0.677,0.66504,-1.0195,True,2023,2023-03-02 01:00:00,5.0,0.0,4+
n3_h4dow_fixed,n3,h4dow,fixed,AUDUSD,S,2023-03-02 03:10:00-05:00,2023-03-03 14:50:00-05:00,0.67252,0.677,0.677,0.66504,-1.0195,True,2023,2023-03-02 01:00:00,5.0,0.0,4+
n2_h4dow_fixed,n2,h4dow,fixed,AUDUSD,S,2023-03-06 22:30:00-05:00,2023-03-07 08:56:00-05:00,0.67166,0.66588,0.67512,0.66588,1.6455,True,2023,2023-03-06 21:00:00,6.0,0.0,4+
n3_h4dow_fixed,n3,h4dow,fixed,AUDUSD,S,2023-03-06 22:30:00-05:00,2023-03-07 08:56:00-05:00,0.67166,0.66588,0.67512,0.66588,1.6455,True,2023,2023-03-06 21:00:00,6.0,0.0,4+
n3_h4dow_fixed,n3,h4dow,fixed,EURUSD,L,2023-03-06 11:55:00-05:00,2023-03-07 09:15:00-05:00,1.06917,1.06497,1.06497,1.07617,-1.0121,True,2023,2023-03-06 09:00:00,2.0,1.0,2-3
n3_h4dow_trail,n3,h4dow,trail,EURUSD,L,2023-03-06 11:55:00-05:00,2023-03-07 09:15:00-05:00,1.06917,1.06497,1.06497,,-1.0121,True,2023,2023-03-06 09:00:00,2.0,1.0,2-3
n3_h4w18_fixed,n3,h4w18,fixed,EURUSD,L,2023-03-06 11:55:00-05:00,2023-03-07 09:15:00-05:00,1.06917,1.06497,1.06497,1.07617,-1.0121,True,2023,2023-03-06 09:00:00,2.0,1.0,2-3
n3_h4w18_trail,n3,h4w18,trail,EURUSD,L,2023-03-06 11:55:00-05:00,2023-03-07 09:15:00-05:00,1.06917,1.06497,1.06497,,-1.0121,True,2023,2023-03-06 09:00:00,2.0,1.0,2-3
n2_h4w18_fixed,n2,h4w18,fixed,AUDUSD,S,2023-03-06 22:49:00-05:00,2023-03-07 10:00:00-05:00,0.66948,0.6637,0.67294,0.6637,1.6455,True,2023,2023-03-06 21:00:00,6.0,0.0,4+
n3_h4w18_fixed,n3,h4w18,fixed,AUDUSD,S,2023-03-06 22:49:00-05:00,2023-03-07 10:00:00-05:00,0.66948,0.6637,0.67294,0.6637,1.6455,True,2023,2023-03-06 21:00:00,6.0,0.0,4+
n2_h4dow_fixed,n2,h4dow,fixed,USDJPY,L,2023-03-07 07:28:00-05:00,2023-03-07 18:07:00-05:00,136.191,137.221,135.573,137.221,1.6577,True,2023,2023-03-07 05:00:00,8.0,0.0,4+
n3_h4dow_fixed,n3,h4dow,fixed,USDJPY,L,2023-03-07 07:28:00-05:00,2023-03-07 18:07:00-05:00,136.191,137.221,135.573,137.221,1.6577,True,2023,2023-03-07 05:00:00,8.0,0.0,4+
n2_h4dow_trail,n2,h4dow,trail,USDJPY,L,2023-03-07 07:28:00-05:00,2023-03-09 03:26:00-05:00,136.191,136.48,136.48,,0.461,True,2023,2023-03-07 05:00:00,8.0,0.0,4+
n3_h4dow_trail,n3,h4dow,trail,USDJPY,L,2023-03-07 07:28:00-05:00,2023-03-09 03:26:00-05:00,136.191,136.48,136.48,,0.461,True,2023,2023-03-07 05:00:00,8.0,0.0,4+
n2_h4w18_trail,n2,h4w18,trail,USDJPY,L,2023-03-07 14:15:00-05:00,2023-03-09 03:26:00-05:00,137.099,136.48,136.48,,-0.9059,True,2023,2023-03-07 13:00:00,8.0,0.0,4+
n3_h4w18_trail,n3,h4w18,trail,USDJPY,L,2023-03-07 14:15:00-05:00,2023-03-09 03:26:00-05:00,137.099,136.48,136.48,,-0.9059,True,2023,2023-03-07 13:00:00,8.0,0.0,4+
n2_h4w18_fixed,n2,h4w18,fixed,USDJPY,L,2023-03-07 14:15:00-05:00,2023-03-09 03:35:00-05:00,137.099,136.413,136.413,138.241,-1.0034,True,2023,2023-03-07 13:00:00,8.0,0.0,4+
n3_h4w18_fixed,n3,h4w18,fixed,USDJPY,L,2023-03-07 14:15:00-05:00,2023-03-09 03:35:00-05:00,137.099,136.413,136.413,138.241,-1.0034,True,2023,2023-03-07 13:00:00,8.0,0.0,4+
n2_h4dow_trail,n2,h4dow,trail,AUDUSD,S,2023-03-06 22:30:00-05:00,2023-03-09 08:59:00-05:00,0.67166,0.66288,0.66288,,2.5053,True,2023,2023-03-06 21:00:00,6.0,0.0,4+
n3_h4dow_trail,n3,h4dow,trail,AUDUSD,S,2023-03-06 22:30:00-05:00,2023-03-09 08:59:00-05:00,0.67166,0.66288,0.66288,,2.5053,True,2023,2023-03-06 21:00:00,6.0,0.0,4+
n2_h4w18_trail,n2,h4w18,trail,AUDUSD,S,2023-03-06 22:49:00-05:00,2023-03-09 08:59:00-05:00,0.66948,0.66288,0.66288,,1.8826,True,2023,2023-03-06 21:00:00,6.0,0.0,4+
n3_h4w18_trail,n3,h4w18,trail,AUDUSD,S,2023-03-06 22:49:00-05:00,2023-03-09 08:59:00-05:00,0.66948,0.66288,0.66288,,1.8826,True,2023,2023-03-06 21:00:00,6.0,0.0,4+
n2_h4dow_fixed,n2,h4dow,fixed,AUDUSD,S,2023-03-09 20:13:00-05:00,2023-03-10 08:30:00-05:00,0.65759,0.6617,0.6617,0.65074,-1.0208,True,2023,2023-03-09 17:00:00,8.0,0.0,4+
n2_h4dow_trail,n2,h4dow,trail,AUDUSD,S,2023-03-09 20:13:00-05:00,2023-03-10 08:30:00-05:00,0.65759,0.6617,0.6617,,-1.0208,True,2023,2023-03-09 17:00:00,8.0,0.0,4+
n3_h4dow_fixed,n3,h4dow,fixed,AUDUSD,S,2023-03-09 20:13:00-05:00,2023-03-10 08:30:00-05:00,0.65759,0.6617,0.6617,0.65074,-1.0208,True,2023,2023-03-09 17:00:00,8.0,0.0,4+
n3_h4dow_trail,n3,h4dow,trail,AUDUSD,S,2023-03-09 20:13:00-05:00,2023-03-10 08:30:00-05:00,0.65759,0.6617,0.6617,,-1.0208,True,2023,2023-03-09 17:00:00,8.0,0.0,4+
n3_h4dow_trail,n3,h4dow,trail,EURUSD,L,2023-03-14 08:31:00-04:00,2023-03-15 05:05:00-04:00,1.07488,1.07253,1.07253,,-0.4154,True,2023,2023-03-14 05:00:00,1.0,1.0,1
n3_h4dow_fixed,n3,h4dow,fixed,EURUSD,L,2023-03-14 08:31:00-04:00,2023-03-15 05:36:00-04:00,1.07488,1.0691,1.0691,1.0845,-1.0088,True,2023,2023-03-14 05:00:00,1.0,1.0,1
n3_h4dow_trail,n3,h4dow,trail,USDJPY,L,2023-03-15 03:34:00-04:00,2023-03-15 05:40:00-04:00,134.9,134.034,134.034,,-0.7521,True,2023,2023-03-15 01:00:00,11.0,0.0,4+
n3_h4dow_fixed,n3,h4dow,fixed,USDJPY,L,2023-03-15 03:34:00-04:00,2023-03-15 06:27:00-04:00,134.9,133.745,133.745,136.825,-1.0021,True,2023,2023-03-15 01:00:00,11.0,0.0,4+
n2_h4dow_trail,n2,h4dow,trail,AUDUSD,S,2023-03-15 09:57:00-04:00,2023-03-16 10:54:00-04:00,0.6632,0.66624,0.66624,,-0.5854,True,2023,2023-03-15 09:00:00,10.0,0.0,4+
n3_h4dow_trail,n3,h4dow,trail,AUDUSD,S,2023-03-15 09:57:00-04:00,2023-03-16 10:54:00-04:00,0.6632,0.66624,0.66624,,-0.5854,True,2023,2023-03-15 09:00:00,10.0,0.0,4+
n2_h4dow_fixed,n2,h4dow,fixed,AUDUSD,S,2023-03-15 09:57:00-04:00,2023-03-16 21:29:00-04:00,0.6632,0.66854,0.66854,0.6543,-1.0162,True,2023,2023-03-15 09:00:00,10.0,0.0,4+
n3_h4dow_fixed,n3,h4dow,fixed,AUDUSD,S,2023-03-15 09:57:00-04:00,2023-03-16 21:29:00-04:00,0.6632,0.66854,0.66854,0.6543,-1.0162,True,2023,2023-03-15 09:00:00,10.0,0.0,4+
n2_h4dow_trail,n2,h4dow,trail,GBPUSD,L,2023-03-19 18:03:00-04:00,2023-03-20 03:04:00-04:00,1.22042,1.21693,1.21693,,-0.5404,True,2023,2023-03-19 17:00:00,0.0,1.0,0
n2_h4w18_trail,n2,h4w18,trail,GBPUSD,L,2023-03-19 18:03:00-04:00,2023-03-20 03:04:00-04:00,1.22042,1.21693,1.21693,,-0.5404,True,2023,2023-03-19 17:00:00,0.0,1.0,0
n2_h4dow_trail,n2,h4dow,trail,GBPUSD,L,2023-03-22 04:46:00-04:00,2023-03-22 09:56:00-04:00,1.22853,1.22308,1.22308,,-1.0231,True,2023,2023-03-22 01:00:00,1.0,1.0,1
n2_h4dow_trail,n2,h4dow,trail,USDCHF,S,2023-03-21 07:46:00-04:00,2023-03-22 10:03:00-04:00,0.92405,0.92457,0.92457,,-0.1344,True,2023,2023-03-21 05:00:00,1.0,1.0,1
n3_h4dow_trail,n3,h4dow,trail,USDCHF,S,2023-03-22 05:19:00-04:00,2023-03-22 10:03:00-04:00,0.92098,0.92457,0.92457,,-0.8095,True,2023,2023-03-22 05:00:00,2.0,0.0,2-3
n2_h4dow_fixed,n2,h4dow,fixed,GBPUSD,L,2023-03-19 18:03:00-04:00,2023-03-22 14:41:00-04:00,1.22042,1.23157,1.21373,1.23157,1.6478,True,2023,2023-03-19 17:00:00,0.0,1.0,0
n2_h4w18_fixed,n2,h4w18,fixed,GBPUSD,L,2023-03-19 18:03:00-04:00,2023-03-22 14:41:00-04:00,1.22042,1.23157,1.21373,1.23157,1.6478,True,2023,2023-03-19 17:00:00,0.0,1.0,0
n2_h4dow_fixed,n2,h4dow,fixed,USDCHF,S,2023-03-21 07:46:00-04:00,2023-03-22 14:47:00-04:00,0.92405,0.91513,0.92941,0.91513,1.6273,True,2023,2023-03-21 05:00:00,1.0,1.0,1
n3_h4dow_fixed,n3,h4dow,fixed,USDCHF,S,2023-03-22 05:19:00-04:00,2023-03-23 04:31:00-04:00,0.92098,0.91318,0.92566,0.91318,1.6245,True,2023,2023-03-22 05:00:00,2.0,0.0,2-3
n2_h4dow_trail,n2,h4dow,trail,AUDUSD,L,2023-03-27 20:35:00-04:00,2023-03-29 04:01:00-04:00,0.66657,0.66686,0.66686,,0.0526,True,2023,2023-03-27 17:00:00,2.0,0.0,2-3
n2_h4dow_trail,n2,h4dow,trail,GBPUSD,L,2023-03-28 11:29:00-04:00,2023-03-29 20:46:00-04:00,1.23435,1.23029,1.23029,,-0.7462,True,2023,2023-03-28 09:00:00,2.0,1.0,2-3
n2_h4w18_trail,n2,h4w18,trail,GBPUSD,L,2023-03-28 11:29:00-04:00,2023-03-29 20:46:00-04:00,1.23435,1.23029,1.23029,,-0.7462,True,2023,2023-03-28 09:00:00,2.0,1.0,2-3
n2_h4dow_fixed,n2,h4dow,fixed,AUDUSD,L,2023-03-27 20:35:00-04:00,2023-03-30 21:30:00-04:00,0.66657,0.67302,0.6627,0.67302,1.6442,True,2023,2023-03-27 17:00:00,2.0,0.0,2-3
n2_h4dow_trail,n2,h4dow,trail,AUDUSD,L,2023-03-30 03:15:00-04:00,2023-03-31 03:21:00-04:00,0.67132,0.6688,0.6688,,-0.7181,True,2023,2023-03-30 01:00:00,2.0,1.0,2-3
n2_h4dow_trail,n2,h4dow,trail,GBPUSD,L,2023-03-30 04:42:00-04:00,2023-03-31 10:50:00-04:00,1.23615,1.23535,1.23535,,-0.2102,True,2023,2023-03-30 01:00:00,0.0,1.0,0
n2_h4dow_fixed,n2,h4dow,fixed,EURUSD,L,2023-03-30 04:38:00-04:00,2023-04-02 18:01:00-04:00,1.08717,1.08358,1.08358,1.09315,-1.0144,True,2023,2023-03-30 01:00:00,0.0,1.0,0
n2_h4dow_trail,n2,h4dow,trail,EURUSD,L,2023-03-30 04:38:00-04:00,2023-04-02 18:01:00-04:00,1.08717,1.08358,1.08358,,-1.0144,True,2023,2023-03-30 01:00:00,0.0,1.0,0
n2_h4dow_fixed,n2,h4dow,fixed,GBPUSD,L,2023-03-28 11:29:00-04:00,2023-04-02 19:50:00-04:00,1.23435,1.22874,1.22874,1.2437,-1.0225,True,2023,2023-03-28 09:00:00,2.0,1.0,2-3
n2_h4w18_fixed,n2,h4w18,fixed,GBPUSD,L,2023-03-28 11:29:00-04:00,2023-04-02 19:50:00-04:00,1.23435,1.22874,1.22874,1.2437,-1.0225,True,2023,2023-03-28 09:00:00,2.0,1.0,2-3
n2_h4dow_fixed,n2,h4dow,fixed,GBPUSD,L,2023-04-03 16:03:00-04:00,2023-04-04 10:55:00-04:00,1.24233,1.25248,1.23624,1.25248,1.6456,True,2023,2023-04-03 13:00:00,1.0,1.0,1
n2_h4dow_trail,n2,h4dow,trail,AUDUSD,L,2023-04-03 07:30:00-04:00,2023-04-05 03:00:00-04:00,0.67376,0.6721,0.6721,,-0.4121,True,2023,2023-04-03 05:00:00,3.0,1.0,2-3
n2_h4w18_trail,n2,h4w18,trail,AUDUSD,L,2023-04-03 07:54:00-04:00,2023-04-05 03:00:00-04:00,0.67588,0.6721,0.6721,,-0.9121,True,2023,2023-04-03 05:00:00,3.0,1.0,2-3
n2_h4w18_fixed,n2,h4w18,fixed,AUDUSD,L,2023-04-03 07:54:00-04:00,2023-04-05 03:40:00-04:00,0.67588,0.67163,0.67163,0.68296,-1.0205,True,2023,2023-04-03 05:00:00,3.0,1.0,2-3
n2_h4dow_fixed,n2,h4dow,fixed,AUDUSD,L,2023-04-03 07:30:00-04:00,2023-04-05 04:45:00-04:00,0.67376,0.66951,0.66951,0.68084,-1.0205,True,2023,2023-04-03 05:00:00,3.0,1.0,2-3
n2_h4dow_trail,n2,h4dow,trail,GBPUSD,L,2023-04-03 16:03:00-04:00,2023-04-06 08:50:00-04:00,1.24233,1.24378,1.24378,,0.2171,True,2023,2023-04-03 13:00:00,1.0,1.0,1
n2_h4dow_trail,n2,h4dow,trail,GBPUSD,L,2023-04-11 04:25:00-04:00,2023-04-12 07:00:00-04:00,1.24427,1.24052,1.24052,,-0.7929,True,2023,2023-04-11 01:00:00,5.0,0.0,4+
n2_h4dow_trail,n2,h4dow,trail,USDJPY,L,2023-04-10 08:19:00-04:00,2023-04-12 08:30:00-04:00,133.168,133.555,133.555,,0.5312,True,2023,2023-04-10 05:00:00,0.0,1.0,0
n2_h4w18_trail,n2,h4w18,trail,USDJPY,L,2023-04-10 10:28:00-04:00,2023-04-12 08:30:00-04:00,133.756,133.555,133.555,,-0.2393,True,2023,2023-04-10 09:00:00,0.0,1.0,0
n2_h4dow_fixed,n2,h4dow,fixed,USDCHF,S,2023-04-11 11:35:00-04:00,2023-04-12 08:30:00-04:00,0.90341,0.89759,0.90691,0.89759,1.6075,True,2023,2023-04-11 09:00:00,3.0,0.0,2-3
n3_h4dow_fixed,n3,h4dow,fixed,USDCHF,S,2023-04-11 11:35:00-04:00,2023-04-12 08:30:00-04:00,0.90341,0.89759,0.90691,0.89759,1.6075,True,2023,2023-04-11 09:00:00,3.0,0.0,2-3
n2_h4w18_fixed,n2,h4w18,fixed,USDJPY,L,2023-04-10 10:28:00-04:00,2023-04-12 08:31:00-04:00,133.756,132.904,132.904,135.176,-1.0009,True,2023,2023-04-10 09:00:00,0.0,1.0,0
n2_h4dow_fixed,n2,h4dow,fixed,EURUSD,L,2023-04-11 05:31:00-04:00,2023-04-12 08:32:00-04:00,1.09173,1.09813,1.08789,1.09813,1.6531,True,2023,2023-04-11 05:00:00,3.0,0.0,2-3
n3_h4dow_fixed,n3,h4dow,fixed,EURUSD,L,2023-04-11 05:31:00-04:00,2023-04-12 08:32:00-04:00,1.09173,1.09813,1.08789,1.09813,1.6531,True,2023,2023-04-11 05:00:00,3.0,0.0,2-3
n2_h4w18_fixed,n2,h4w18,fixed,USDCHF,S,2023-04-12 08:30:00-04:00,2023-04-12 10:04:00-04:00,0.90081,0.89559,0.90395,0.89559,1.6009,True,2023,2023-04-12 05:00:00,3.0,0.0,2-3
n3_h4w18_fixed,n3,h4w18,fixed,USDCHF,S,2023-04-12 08:30:00-04:00,2023-04-12 10:04:00-04:00,0.90081,0.89559,0.90395,0.89559,1.6009,True,2023,2023-04-12 05:00:00,3.0,0.0,2-3
n2_h4dow_fixed,n2,h4dow,fixed,GBPUSD,L,2023-04-11 04:25:00-04:00,2023-04-13 05:33:00-04:00,1.24427,1.25242,1.23938,1.25242,1.6404,True,2023,2023-04-11 01:00:00,5.0,0.0,4+
n2_h4w18_fixed,n2,h4w18,fixed,EURUSD,L,2023-04-12 08:31:00-04:00,2023-04-13 05:33:00-04:00,1.09733,1.10311,1.09387,1.10311,1.6554,True,2023,2023-04-12 05:00:00,3.0,0.0,2-3
n3_h4w18_fixed,n3,h4w18,fixed,EURUSD,L,2023-04-12 08:31:00-04:00,2023-04-13 05:33:00-04:00,1.09733,1.10311,1.09387,1.10311,1.6554,True,2023,2023-04-12 05:00:00,3.0,0.0,2-3
n2_h4dow_fixed,n2,h4dow,fixed,USDCHF,S,2023-04-13 03:30:00-04:00,2023-04-13 08:30:00-04:00,0.89439,0.88859,0.89787,0.88859,1.6116,True,2023,2023-04-13 01:00:00,0.0,1.0,0
n3_h4dow_fixed,n3,h4dow,fixed,USDCHF,S,2023-04-13 03:30:00-04:00,2023-04-13 08:30:00-04:00,0.89439,0.88859,0.89787,0.88859,1.6116,True,2023,2023-04-13 01:00:00,3.0,0.0,2-3
n2_h4dow_fixed,n2,h4dow,fixed,USDJPY,L,2023-04-10 08:19:00-04:00,2023-04-13 09:01:00-04:00,133.168,132.446,132.446,134.37,-1.0048,True,2023,2023-04-10 05:00:00,0.0,1.0,0
n2_h4dow_trail,n2,h4dow,trail,GBPUSD,L,2023-04-12 08:30:00-04:00,2023-04-14 04:06:00-04:00,1.24567,1.25166,1.25166,,1.3172,True,2023,2023-04-12 05:00:00,5.0,0.0,4+
n2_h4w18_trail,n2,h4w18,trail,GBPUSD,L,2023-04-13 06:09:00-04:00,2023-04-14 04:06:00-04:00,1.25255,1.25166,1.25166,,-0.2205,True,2023,2023-04-13 05:00:00,1.0,1.0,1
n2_h4dow_trail,n2,h4dow,trail,USDCHF,S,2023-04-11 11:35:00-04:00,2023-04-14 08:30:00-04:00,0.90341,0.88986,0.88986,,3.8272,True,2023,2023-04-11 09:00:00,3.0,0.0,2-3
n3_h4dow_trail,n3,h4dow,trail,USDCHF,S,2023-04-11 11:35:00-04:00,2023-04-14 08:30:00-04:00,0.90341,0.88986,0.88986,,3.8272,True,2023,2023-04-11 09:00:00,3.0,0.0,2-3
n2_h4w18_trail,n2,h4w18,trail,USDCHF,S,2023-04-12 08:30:00-04:00,2023-04-14 08:30:00-04:00,0.90081,0.88986,0.88986,,3.4368,True,2023,2023-04-12 05:00:00,3.0,0.0,2-3
n3_h4w18_trail,n3,h4w18,trail,USDCHF,S,2023-04-12 08:30:00-04:00,2023-04-14 08:30:00-04:00,0.90081,0.88986,0.88986,,3.4368,True,2023,2023-04-12 05:00:00,3.0,0.0,2-3
n2_h4w18_fixed,n2,h4w18,fixed,GBPUSD,L,2023-04-13 06:09:00-04:00,2023-04-14 08:34:00-04:00,1.25255,1.24793,1.24793,1.26025,-1.0278,True,2023,2023-04-13 05:00:00,1.0,1.0,1
n2_h4dow_trail,n2,h4dow,trail,EURUSD,L,2023-04-11 05:31:00-04:00,2023-04-14 11:50:00-04:00,1.09173,1.09769,1.09769,,1.5385,True,2023,2023-04-11 05:00:00,3.0,0.0,2-3
n3_h4dow_trail,n3,h4dow,trail,EURUSD,L,2023-04-11 05:31:00-04:00,2023-04-14 11:50:00-04:00,1.09173,1.09769,1.09769,,1.5385,True,2023,2023-04-11 05:00:00,3.0,0.0,2-3
n2_h4w18_trail,n2,h4w18,trail,EURUSD,L,2023-04-12 08:31:00-04:00,2023-04-14 11:50:00-04:00,1.09733,1.09769,1.09769,,0.0887,True,2023,2023-04-12 05:00:00,3.0,0.0,2-3
n3_h4w18_trail,n3,h4w18,trail,EURUSD,L,2023-04-12 08:31:00-04:00,2023-04-14 11:50:00-04:00,1.09733,1.09769,1.09769,,0.0887,True,2023,2023-04-12 05:00:00,3.0,0.0,2-3
n2_h4dow_fixed,n2,h4dow,fixed,USDJPY,L,2023-04-14 10:00:00-04:00,2023-04-17 21:27:00-04:00,133.392,134.664,132.628,134.664,1.6554,True,2023,2023-04-14 09:00:00,3.0,0.0,2-3
n2_h4dow_trail,n2,h4dow,trail,USDJPY,L,2023-04-14 10:00:00-04:00,2023-04-18 02:53:00-04:00,133.392,134.275,134.275,,1.1477,True,2023,2023-04-14 09:00:00,3.0,0.0,2-3
n2_h4dow_trail,n2,h4dow,trail,GBPUSD,L,2023-04-19 02:48:00-04:00,2023-04-19 05:49:00-04:00,1.24503,1.24046,1.24046,,-1.0279,True,2023,2023-04-19 01:00:00,2.0,0.0,2-3
n3_h4dow_trail,n3,h4dow,trail,GBPUSD,L,2023-04-19 02:48:00-04:00,2023-04-19 05:49:00-04:00,1.24503,1.24046,1.24046,,-1.0279,True,2023,2023-04-19 01:00:00,2.0,0.0,2-3
n2_h4dow_fixed,n2,h4dow,fixed,GBPUSD,L,2023-04-19 02:48:00-04:00,2023-04-19 05:50:00-04:00,1.24503,1.24045,1.24045,1.25266,-1.0278,True,2023,2023-04-19 01:00:00,2.0,0.0,2-3
n3_h4dow_fixed,n3,h4dow,fixed,GBPUSD,L,2023-04-19 02:48:00-04:00,2023-04-19 05:50:00-04:00,1.24503,1.24045,1.24045,1.25266,-1.0278,True,2023,2023-04-19 01:00:00,2.0,0.0,2-3
n2_h4dow_trail,n2,h4dow,trail,USDJPY,L,2023-04-19 02:19:00-04:00,2023-04-20 02:06:00-04:00,134.705,134.6,134.6,,-0.204,True,2023,2023-04-19 01:00:00,1.0,1.0,1
n2_h4dow_fixed,n2,h4dow,fixed,USDJPY,L,2023-04-19 02:19:00-04:00,2023-04-20 09:42:00-04:00,134.705,134.174,134.174,135.59,-1.0049,True,2023,2023-04-19 01:00:00,1.0,1.0,1
n2_h4dow_trail,n2,h4dow,trail,AUDUSD,L,2023-04-20 08:57:00-04:00,2023-04-20 21:22:00-04:00,0.67476,0.67334,0.67334,,-0.4696,True,2023,2023-04-20 05:00:00,1.0,1.0,1
n2_h4dow_fixed,n2,h4dow,fixed,AUDUSD,L,2023-04-20 08:57:00-04:00,2023-04-20 23:47:00-04:00,0.67476,0.67155,0.67155,0.68011,-1.0272,True,2023,2023-04-20 05:00:00,1.0,1.0,1
n2_h4dow_trail,n2,h4dow,trail,EURUSD,L,2023-04-20 08:57:00-04:00,2023-04-21 01:35:00-04:00,1.09842,1.09563,1.09563,,-0.7808,True,2023,2023-04-20 05:00:00,1.0,1.0,1
n3_h4dow_trail,n3,h4dow,trail,EURUSD,L,2023-04-20 08:57:00-04:00,2023-04-21 01:35:00-04:00,1.09842,1.09563,1.09563,,-0.7808,True,2023,2023-04-20 05:00:00,2.0,1.0,2-3
n2_h4dow_fixed,n2,h4dow,fixed,EURUSD,L,2023-04-20 08:57:00-04:00,2023-04-21 02:36:00-04:00,1.09842,1.09478,1.09478,1.1045,-1.0143,True,2023,2023-04-20 05:00:00,1.0,1.0,1
n3_h4dow_fixed,n3,h4dow,fixed,EURUSD,L,2023-04-20 08:57:00-04:00,2023-04-21 02:36:00-04:00,1.09842,1.09478,1.09478,1.1045,-1.0143,True,2023,2023-04-20 05:00:00,2.0,1.0,2-3
n2_h4dow_fixed,n2,h4dow,fixed,USDCHF,S,2023-04-20 02:06:00-04:00,2023-04-21 09:15:00-04:00,0.89588,0.891,0.8988,0.891,1.6054,True,2023,2023-04-20 01:00:00,3.0,0.0,2-3
n3_h4dow_fixed,n3,h4dow,fixed,USDCHF,S,2023-04-20 02:06:00-04:00,2023-04-21 09:15:00-04:00,0.89588,0.891,0.8988,0.891,1.6054,True,2023,2023-04-20 01:00:00,3.0,0.0,2-3
n2_h4dow_fixed,n2,h4dow,fixed,EURUSD,L,2023-04-21 08:32:00-04:00,2023-04-21 10:00:00-04:00,1.09897,1.09529,1.09529,1.10509,-1.0142,True,2023,2023-04-21 05:00:00,1.0,1.0,1
n2_h4dow_trail,n2,h4dow,trail,EURUSD,L,2023-04-21 08:32:00-04:00,2023-04-21 10:00:00-04:00,1.09897,1.09529,1.09529,,-1.0142,True,2023,2023-04-21 05:00:00,1.0,1.0,1
n3_h4dow_fixed,n3,h4dow,fixed,EURUSD,L,2023-04-21 08:32:00-04:00,2023-04-21 10:00:00-04:00,1.09897,1.09529,1.09529,1.10509,-1.0142,True,2023,2023-04-21 05:00:00,1.0,1.0,1
n3_h4dow_trail,n3,h4dow,trail,EURUSD,L,2023-04-21 08:32:00-04:00,2023-04-21 10:00:00-04:00,1.09897,1.09529,1.09529,,-1.0142,True,2023,2023-04-21 05:00:00,1.0,1.0,1
n2_h4dow_trail,n2,h4dow,trail,USDCHF,S,2023-04-20 02:06:00-04:00,2023-04-21 10:05:00-04:00,0.89588,0.89536,0.89536,,0.1121,True,2023,2023-04-20 01:00:00,3.0,0.0,2-3
n3_h4dow_trail,n3,h4dow,trail,USDCHF,S,2023-04-20 02:06:00-04:00,2023-04-21 10:05:00-04:00,0.89588,0.89536,0.89536,,0.1121,True,2023,2023-04-20 01:00:00,3.0,0.0,2-3
n3_h4dow_fixed,n3,h4dow,fixed,GBPUSD,L,2023-04-24 10:40:00-04:00,2023-04-25 09:06:00-04:00,1.2468,1.24194,1.24194,1.2549,-1.0263,True,2023,2023-04-24 09:00:00,3.0,0.0,2-3
n3_h4dow_trail,n3,h4dow,trail,GBPUSD,L,2023-04-24 10:40:00-04:00,2023-04-25 09:06:00-04:00,1.2468,1.24194,1.24194,,-1.0263,True,2023,2023-04-24 09:00:00,3.0,0.0,2-3
n2_h4dow_trail,n2,h4dow,trail,USDCHF,S,2023-04-24 03:31:00-04:00,2023-04-25 09:14:00-04:00,0.89079,0.88927,0.88927,,0.4245,True,2023,2023-04-24 01:00:00,1.0,1.0,1
n3_h4dow_trail,n3,h4dow,trail,USDCHF,S,2023-04-24 03:31:00-04:00,2023-04-25 09:14:00-04:00,0.89079,0.88927,0.88927,,0.4245,True,2023,2023-04-24 01:00:00,4.0,0.0,4+
n2_h4dow_fixed,n2,h4dow,fixed,USDCHF,S,2023-04-24 03:31:00-04:00,2023-04-26 09:27:00-04:00,0.89079,0.88557,0.89393,0.88557,1.6016,True,2023,2023-04-24 01:00:00,1.0,1.0,1
n3_h4dow_fixed,n3,h4dow,fixed,USDCHF,S,2023-04-24 03:31:00-04:00,2023-04-26 09:27:00-04:00,0.89079,0.88557,0.89393,0.88557,1.6016,True,2023,2023-04-24 01:00:00,4.0,0.0,4+
n2_h4dow_trail,n2,h4dow,trail,USDCHF,S,2023-04-26 09:24:00-04:00,2023-04-26 10:37:00-04:00,0.88609,0.88939,0.88939,,-1.0579,True,2023,2023-04-26 09:00:00,2.0,1.0,2-3
n2_h4w18_fixed,n2,h4w18,fixed,USDCHF,S,2023-04-26 09:24:00-04:00,2023-04-26 10:37:00-04:00,0.88599,0.88929,0.88929,0.88049,-1.0579,True,2023,2023-04-26 09:00:00,2.0,1.0,2-3
n2_h4w18_trail,n2,h4w18,trail,USDCHF,S,2023-04-26 09:24:00-04:00,2023-04-26 10:37:00-04:00,0.88599,0.88929,0.88929,,-1.0579,True,2023,2023-04-26 09:00:00,2.0,1.0,2-3
n3_h4dow_trail,n3,h4dow,trail,USDCHF,S,2023-04-26 09:24:00-04:00,2023-04-26 10:37:00-04:00,0.88609,0.88939,0.88939,,-1.0579,True,2023,2023-04-26 09:00:00,2.0,1.0,2-3
n3_h4w18_fixed,n3,h4w18,fixed,USDCHF,S,2023-04-26 09:24:00-04:00,2023-04-26 10:37:00-04:00,0.88599,0.88929,0.88929,0.88049,-1.0579,True,2023,2023-04-26 09:00:00,2.0,1.0,2-3
n3_h4w18_trail,n3,h4w18,trail,USDCHF,S,2023-04-26 09:24:00-04:00,2023-04-26 10:37:00-04:00,0.88599,0.88929,0.88929,,-1.0579,True,2023,2023-04-26 09:00:00,2.0,1.0,2-3
n2_h4dow_fixed,n2,h4dow,fixed,USDCHF,S,2023-04-26 09:35:00-04:00,2023-04-26 10:37:00-04:00,0.88609,0.88939,0.88939,0.88059,-1.0579,True,2023,2023-04-26 09:00:00,2.0,1.0,2-3
n3_h4dow_fixed,n3,h4dow,fixed,USDCHF,S,2023-04-26 09:35:00-04:00,2023-04-26 10:37:00-04:00,0.88609,0.88939,0.88939,0.88059,-1.0579,True,2023,2023-04-26 09:00:00,2.0,1.0,2-3
n3_h4dow_fixed,n3,h4dow,fixed,GBPUSD,L,2023-04-26 09:24:00-04:00,2023-04-26 14:19:00-04:00,1.2507,1.24575,1.24575,1.25895,-1.0259,True,2023,2023-04-26 09:00:00,4.0,0.0,4+
n3_h4dow_trail,n3,h4dow,trail,GBPUSD,L,2023-04-26 09:24:00-04:00,2023-04-26 14:19:00-04:00,1.2507,1.24575,1.24575,,-1.0259,True,2023,2023-04-26 09:00:00,4.0,0.0,4+
n2_h4w18_fixed,n2,h4w18,fixed,EURUSD,L,2023-04-26 09:24:00-04:00,2023-04-26 14:21:00-04:00,1.1076,1.10326,1.10326,1.11482,-1.0121,True,2023,2023-04-26 09:00:00,3.0,1.0,2-3
n2_h4w18_trail,n2,h4w18,trail,EURUSD,L,2023-04-26 09:24:00-04:00,2023-04-26 14:21:00-04:00,1.1076,1.10326,1.10326,,-1.0121,True,2023,2023-04-26 09:00:00,3.0,1.0,2-3
n3_h4w18_fixed,n3,h4w18,fixed,EURUSD,L,2023-04-26 09:24:00-04:00,2023-04-26 14:21:00-04:00,1.1076,1.10326,1.10326,1.11482,-1.0121,True,2023,2023-04-26 09:00:00,3.0,1.0,2-3
n3_h4w18_trail,n3,h4w18,trail,EURUSD,L,2023-04-26 09:24:00-04:00,2023-04-26 14:21:00-04:00,1.1076,1.10326,1.10326,,-1.0121,True,2023,2023-04-26 09:00:00,3.0,1.0,2-3
n2_h4dow_trail,n2,h4dow,trail,EURUSD,L,2023-04-26 09:22:00-04:00,2023-04-27 07:46:00-04:00,1.1067,1.10325,1.10325,,-0.807,True,2023,2023-04-26 09:00:00,3.0,1.0,2-3
n3_h4dow_trail,n3,h4dow,trail,EURUSD,L,2023-04-26 09:22:00-04:00,2023-04-27 07:46:00-04:00,1.1067,1.10325,1.10325,,-0.807,True,2023,2023-04-26 09:00:00,3.0,1.0,2-3
n2_h4dow_fixed,n2,h4dow,fixed,EURUSD,L,2023-04-26 09:22:00-04:00,2023-04-27 08:34:00-04:00,1.1067,1.10236,1.10236,1.11392,-1.0121,True,2023,2023-04-26 09:00:00,3.0,1.0,2-3
n3_h4dow_fixed,n3,h4dow,fixed,EURUSD,L,2023-04-26 09:22:00-04:00,2023-04-27 08:34:00-04:00,1.1067,1.10236,1.10236,1.11392,-1.0121,True,2023,2023-04-26 09:00:00,3.0,1.0,2-3
n2_h4dow_fixed,n2,h4dow,fixed,USDJPY,L,2023-04-27 08:43:00-04:00,2023-04-28 01:44:00-04:00,133.944,134.969,133.329,134.969,1.6599,True,2023,2023-04-27 05:00:00,4.0,0.0,4+
n3_h4dow_fixed,n3,h4dow,fixed,USDJPY,L,2023-04-27 08:43:00-04:00,2023-04-28 01:44:00-04:00,133.944,134.969,133.329,134.969,1.6599,True,2023,2023-04-27 05:00:00,7.0,0.0,4+
n2_h4w18_fixed,n2,h4w18,fixed,USDJPY,L,2023-04-28 02:18:00-04:00,2023-04-28 10:25:00-04:00,135.135,136.483,134.327,136.483,1.6604,True,2023,2023-04-28 01:00:00,4.0,0.0,4+
n3_h4w18_fixed,n3,h4w18,fixed,USDJPY,L,2023-04-28 02:18:00-04:00,2023-04-28 10:25:00-04:00,135.135,136.483,134.327,136.483,1.6604,True,2023,2023-04-28 01:00:00,7.0,0.0,4+
n3_h4w18_fixed,n3,h4w18,fixed,GBPUSD,L,2023-04-28 10:51:00-04:00,2023-05-01 11:25:00-04:00,1.25469,1.24939,1.24939,1.26351,-1.0242,True,2023,2023-04-28 09:00:00,5.0,0.0,4+
n3_h4w18_trail,n3,h4w18,trail,GBPUSD,L,2023-04-28 10:51:00-04:00,2023-05-01 11:25:00-04:00,1.25469,1.2494,1.2494,,-1.0243,True,2023,2023-04-28 09:00:00,5.0,0.0,4+
n3_h4dow_trail,n3,h4dow,trail,GBPUSD,L,2023-04-28 09:06:00-04:00,2023-05-02 04:01:00-04:00,1.25153,1.24837,1.24837,,-0.6216,True,2023,2023-04-28 09:00:00,5.0,0.0,4+
n3_h4dow_fixed,n3,h4dow,fixed,GBPUSD,L,2023-04-28 09:06:00-04:00,2023-05-02 05:22:00-04:00,1.25153,1.24623,1.24623,1.26035,-1.0242,True,2023,2023-04-28 09:00:00,5.0,0.0,4+
n2_h4dow_trail,n2,h4dow,trail,USDJPY,L,2023-04-27 08:43:00-04:00,2023-05-02 07:11:00-04:00,133.944,137.294,137.294,,5.438,True,2023,2023-04-27 05:00:00,4.0,0.0,4+
n3_h4dow_trail,n3,h4dow,trail,USDJPY,L,2023-04-27 08:43:00-04:00,2023-05-02 07:11:00-04:00,133.944,137.294,137.294,,5.438,True,2023,2023-04-27 05:00:00,7.0,0.0,4+
n2_h4w18_trail,n2,h4w18,trail,USDJPY,L,2023-04-28 02:18:00-04:00,2023-05-02 07:11:00-04:00,135.135,137.294,137.294,,2.662,True,2023,2023-04-28 01:00:00,4.0,0.0,4+
n3_h4w18_trail,n3,h4w18,trail,USDJPY,L,2023-04-28 02:18:00-04:00,2023-05-02 07:11:00-04:00,135.135,137.294,137.294,,2.662,True,2023,2023-04-28 01:00:00,7.0,0.0,4+
n3_h4dow_fixed,n3,h4dow,fixed,USDCHF,S,2023-05-03 02:57:00-04:00,2023-05-03 14:02:00-04:00,0.88961,0.88328,0.89341,0.88328,1.6156,True,2023,2023-05-03 01:00:00,4.0,0.0,4+
n2_h4dow_trail,n2,h4dow,trail,EURUSD,L,2023-05-03 04:44:00-04:00,2023-05-04 08:30:00-04:00,1.10452,1.10226,1.10226,,-0.5304,True,2023,2023-05-03 01:00:00,5.0,0.0,4+
n3_h4dow_trail,n3,h4dow,trail,EURUSD,L,2023-05-03 04:44:00-04:00,2023-05-04 08:30:00-04:00,1.10452,1.10226,1.10226,,-0.5304,True,2023,2023-05-03 01:00:00,5.0,0.0,4+
n2_h4dow_fixed,n2,h4dow,fixed,EURUSD,L,2023-05-03 04:44:00-04:00,2023-05-04 08:55:00-04:00,1.10452,1.10016,1.10016,1.11179,-1.012,True,2023,2023-05-03 01:00:00,5.0,0.0,4+
n3_h4dow_fixed,n3,h4dow,fixed,EURUSD,L,2023-05-03 04:44:00-04:00,2023-05-04 08:55:00-04:00,1.10452,1.10016,1.10016,1.11179,-1.012,True,2023,2023-05-03 01:00:00,5.0,0.0,4+
n3_h4dow_trail,n3,h4dow,trail,USDCHF,S,2023-05-03 02:57:00-04:00,2023-05-05 03:57:00-04:00,0.88961,0.88916,0.88916,,0.0683,True,2023,2023-05-03 01:00:00,4.0,0.0,4+
n3_h4w18_trail,n3,h4w18,trail,USDCHF,S,2023-05-03 14:02:00-04:00,2023-05-05 03:57:00-04:00,0.8852,0.88916,0.88916,,-0.9813,True,2023,2023-05-03 13:00:00,4.0,0.0,4+
n3_h4w18_fixed,n3,h4w18,fixed,USDCHF,S,2023-05-03 14:02:00-04:00,2023-05-05 04:04:00-04:00,0.8852,0.88943,0.88943,0.87815,-1.0451,True,2023,2023-05-03 13:00:00,4.0,0.0,4+
n2_h4dow_trail,n2,h4dow,trail,GBPUSD,L,2023-05-03 14:02:00-04:00,2023-05-05 08:30:00-04:00,1.25842,1.2569,1.2569,,-0.2966,True,2023,2023-05-03 13:00:00,3.0,0.0,2-3
n2_h4w18_trail,n2,h4w18,trail,GBPUSD,L,2023-05-03 14:02:00-04:00,2023-05-05 08:30:00-04:00,1.25842,1.2569,1.2569,,-0.2966,True,2023,2023-05-03 13:00:00,3.0,0.0,2-3
n3_h4dow_trail,n3,h4dow,trail,GBPUSD,L,2023-05-03 14:02:00-04:00,2023-05-05 08:30:00-04:00,1.25842,1.2569,1.2569,,-0.2966,True,2023,2023-05-03 13:00:00,6.0,0.0,4+
n3_h4w18_trail,n3,h4w18,trail,GBPUSD,L,2023-05-03 14:02:00-04:00,2023-05-05 08:30:00-04:00,1.25842,1.2569,1.2569,,-0.2966,True,2023,2023-05-03 13:00:00,6.0,0.0,4+
n2_h4dow_fixed,n2,h4dow,fixed,EURUSD,L,2023-05-08 02:51:00-04:00,2023-05-08 19:57:00-04:00,1.1048,1.09964,1.09964,1.1134,-1.0101,True,2023,2023-05-08 01:00:00,2.0,0.0,2-3
n2_h4dow_trail,n2,h4dow,trail,EURUSD,L,2023-05-08 02:51:00-04:00,2023-05-08 19:57:00-04:00,1.1048,1.09964,1.09964,,-1.0101,True,2023,2023-05-08 01:00:00,2.0,0.0,2-3
n3_h4dow_fixed,n3,h4dow,fixed,EURUSD,L,2023-05-08 02:51:00-04:00,2023-05-08 19:57:00-04:00,1.1048,1.09964,1.09964,1.1134,-1.0101,True,2023,2023-05-08 01:00:00,2.0,0.0,2-3
n3_h4dow_trail,n3,h4dow,trail,EURUSD,L,2023-05-08 02:51:00-04:00,2023-05-08 19:57:00-04:00,1.1048,1.09964,1.09964,,-1.0101,True,2023,2023-05-08 01:00:00,2.0,0.0,2-3
n2_h4dow_trail,n2,h4dow,trail,USDJPY,L,2023-05-08 20:14:00-04:00,2023-05-10 08:30:00-04:00,135.3,135.067,135.067,,-0.3383,True,2023,2023-05-08 17:00:00,1.0,1.0,1
n3_h4dow_trail,n3,h4dow,trail,USDJPY,L,2023-05-08 20:14:00-04:00,2023-05-10 08:30:00-04:00,135.3,135.067,135.067,,-0.3383,True,2023,2023-05-08 17:00:00,2.0,1.0,2-3
n2_h4dow_fixed,n2,h4dow,fixed,USDJPY,L,2023-05-08 20:14:00-04:00,2023-05-10 08:32:00-04:00,135.3,134.602,134.602,136.462,-1.0032,True,2023,2023-05-08 17:00:00,1.0,1.0,1
n3_h4dow_fixed,n3,h4dow,fixed,USDJPY,L,2023-05-08 20:14:00-04:00,2023-05-10 08:32:00-04:00,135.3,134.602,134.602,136.462,-1.0032,True,2023,2023-05-08 17:00:00,2.0,1.0,2-3
n2_h4dow_fixed,n2,h4dow,fixed,GBPUSD,L,2023-05-03 14:02:00-04:00,2023-05-10 08:57:00-04:00,1.25842,1.2677,1.25286,1.2677,1.6457,True,2023,2023-05-03 13:00:00,3.0,0.0,2-3
n2_h4w18_fixed,n2,h4w18,fixed,GBPUSD,L,2023-05-03 14:02:00-04:00,2023-05-10 08:57:00-04:00,1.25842,1.2677,1.25286,1.2677,1.6457,True,2023,2023-05-03 13:00:00,3.0,0.0,2-3
n3_h4dow_fixed,n3,h4dow,fixed,GBPUSD,L,2023-05-03 14:02:00-04:00,2023-05-10 08:57:00-04:00,1.25842,1.2677,1.25286,1.2677,1.6457,True,2023,2023-05-03 13:00:00,6.0,0.0,4+
n3_h4w18_fixed,n3,h4w18,fixed,GBPUSD,L,2023-05-03 14:02:00-04:00,2023-05-10 08:57:00-04:00,1.25842,1.2677,1.25286,1.2677,1.6457,True,2023,2023-05-03 13:00:00,6.0,0.0,4+
n2_h4dow_trail,n2,h4dow,trail,GBPUSD,L,2023-05-10 08:49:00-04:00,2023-05-10 09:42:00-04:00,1.26686,1.26244,1.26244,,-1.0293,True,2023,2023-05-10 05:00:00,1.0,1.0,1
n3_h4dow_trail,n3,h4dow,trail,GBPUSD,L,2023-05-10 08:49:00-04:00,2023-05-10 09:42:00-04:00,1.26686,1.26244,1.26244,,-1.0293,True,2023,2023-05-10 05:00:00,7.0,0.0,4+
n2_h4dow_trail,n2,h4dow,trail,USDJPY,L,2023-05-12 11:41:00-04:00,2023-05-16 05:33:00-04:00,135.47,135.713,135.713,,0.3711,True,2023,2023-05-12 09:00:00,2.0,0.0,2-3
n3_h4dow_trail,n3,h4dow,trail,USDJPY,L,2023-05-12 11:41:00-04:00,2023-05-16 05:33:00-04:00,135.47,135.713,135.713,,0.3711,True,2023,2023-05-12 09:00:00,2.0,0.0,2-3
n2_h4dow_fixed,n2,h4dow,fixed,USDJPY,L,2023-05-12 11:41:00-04:00,2023-05-16 11:05:00-04:00,135.47,136.542,134.826,136.542,1.6561,True,2023,2023-05-12 09:00:00,2.0,0.0,2-3
n3_h4dow_fixed,n3,h4dow,fixed,USDJPY,L,2023-05-12 11:41:00-04:00,2023-05-16 11:05:00-04:00,135.47,136.542,134.826,136.542,1.6561,True,2023,2023-05-12 09:00:00,2.0,0.0,2-3
n2_h4dow_fixed,n2,h4dow,fixed,GBPUSD,L,2023-05-16 05:05:00-04:00,2023-05-16 11:07:00-04:00,1.25345,1.24871,1.24871,1.26135,-1.0271,True,2023,2023-05-16 05:00:00,3.0,0.0,2-3
n2_h4dow_trail,n2,h4dow,trail,GBPUSD,L,2023-05-16 05:05:00-04:00,2023-05-16 11:07:00-04:00,1.25345,1.24871,1.24871,,-1.0271,True,2023,2023-05-16 05:00:00,3.0,0.0,2-3
n3_h4dow_fixed,n3,h4dow,fixed,GBPUSD,L,2023-05-16 05:05:00-04:00,2023-05-16 11:07:00-04:00,1.25345,1.24871,1.24871,1.26135,-1.0271,True,2023,2023-05-16 05:00:00,9.0,0.0,4+
n3_h4dow_trail,n3,h4dow,trail,GBPUSD,L,2023-05-16 05:05:00-04:00,2023-05-16 11:07:00-04:00,1.25345,1.24871,1.24871,,-1.0271,True,2023,2023-05-16 05:00:00,9.0,0.0,4+
n2_h4dow_fixed,n2,h4dow,fixed,USDJPY,L,2023-05-17 01:18:00-04:00,2023-05-17 14:25:00-04:00,136.683,137.583,136.143,137.583,1.6583,True,2023,2023-05-17 01:00:00,3.0,0.0,2-3
n3_h4dow_fixed,n3,h4dow,fixed,USDJPY,L,2023-05-17 01:18:00-04:00,2023-05-17 14:25:00-04:00,136.683,137.583,136.143,137.583,1.6583,True,2023,2023-05-17 01:00:00,3.0,0.0,2-3
n2_h4w18_fixed,n2,h4w18,fixed,USDJPY,L,2023-05-18 03:55:00-04:00,2023-05-18 15:16:00-04:00,137.774,138.719,137.207,138.719,1.6568,True,2023,2023-05-18 01:00:00,3.0,0.0,2-3
n3_h4w18_fixed,n3,h4w18,fixed,USDJPY,L,2023-05-18 03:55:00-04:00,2023-05-18 15:16:00-04:00,137.774,138.719,137.207,138.719,1.6568,True,2023,2023-05-18 01:00:00,3.0,0.0,2-3
n2_h4dow_trail,n2,h4dow,trail,USDJPY,L,2023-05-16 10:00:00-04:00,2023-05-19 11:14:00-04:00,136.325,137.969,137.969,,2.8461,True,2023,2023-05-16 09:00:00,3.0,0.0,2-3
n3_h4dow_trail,n3,h4dow,trail,USDJPY,L,2023-05-16 10:00:00-04:00,2023-05-19 11:14:00-04:00,136.325,137.969,137.969,,2.8461,True,2023,2023-05-16 09:00:00,3.0,0.0,2-3
n2_h4w18_trail,n2,h4w18,trail,USDJPY,L,2023-05-18 03:55:00-04:00,2023-05-19 11:14:00-04:00,137.774,137.969,137.969,,0.3368,True,2023,2023-05-18 01:00:00,3.0,0.0,2-3
n3_h4w18_trail,n3,h4w18,trail,USDJPY,L,2023-05-18 03:55:00-04:00,2023-05-19 11:14:00-04:00,137.774,137.969,137.969,,0.3368,True,2023,2023-05-18 01:00:00,3.0,0.0,2-3
n2_h4dow_trail,n2,h4dow,trail,USDJPY,L,2023-05-22 19:31:00-04:00,2023-05-24 01:49:00-04:00,138.747,138.244,138.244,,-0.7017,True,2023,2023-05-22 17:00:00,4.0,0.0,4+
n3_h4dow_trail,n3,h4dow,trail,USDJPY,L,2023-05-22 19:31:00-04:00,2023-05-24 01:49:00-04:00,138.747,138.244,138.244,,-0.7017,True,2023,2023-05-22 17:00:00,4.0,0.0,4+
n2_h4dow_fixed,n2,h4dow,fixed,AUDUSD,S,2023-05-23 03:30:00-04:00,2023-05-24 03:18:00-04:00,0.66272,0.65767,0.66575,0.65767,1.6384,True,2023,2023-05-23 01:00:00,2.0,0.0,2-3
n2_h4dow_fixed,n2,h4dow,fixed,EURUSD,S,2023-05-24 06:09:00-04:00,2023-05-24 08:21:00-04:00,1.07603,1.07931,1.07931,1.07055,-1.0156,True,2023,2023-05-24 05:00:00,6.0,0.0,4+
n2_h4dow_trail,n2,h4dow,trail,EURUSD,S,2023-05-24 06:09:00-04:00,2023-05-24 08:21:00-04:00,1.07603,1.07932,1.07932,,-1.0156,True,2023,2023-05-24 05:00:00,6.0,0.0,4+
n2_h4w18_fixed,n2,h4w18,fixed,EURUSD,S,2023-05-24 06:09:00-04:00,2023-05-24 08:21:00-04:00,1.076,1.07928,1.07928,1.07052,-1.0156,True,2023,2023-05-24 05:00:00,6.0,0.0,4+
n2_h4w18_trail,n2,h4w18,trail,EURUSD,S,2023-05-24 06:09:00-04:00,2023-05-24 08:21:00-04:00,1.076,1.07928,1.07928,,-1.0156,True,2023,2023-05-24 05:00:00,6.0,0.0,4+
n2_h4w18_fixed,n2,h4w18,fixed,AUDUSD,S,2023-05-23 21:16:00-04:00,2023-05-24 09:42:00-04:00,0.66047,0.65567,0.66335,0.65567,1.6371,True,2023,2023-05-23 21:00:00,1.0,1.0,1
n2_h4dow_trail,n2,h4dow,trail,USDCHF,L,2023-05-25 02:03:00-04:00,2023-05-25 08:11:00-04:00,0.90671,0.90392,0.90392,,-0.8727,True,2023,2023-05-25 01:00:00,1.0,1.0,1
n2_h4dow_fixed,n2,h4dow,fixed,USDJPY,L,2023-05-22 19:31:00-04:00,2023-05-25 12:16:00-04:00,138.747,139.949,138.025,139.949,1.6597,True,2023,2023-05-22 17:00:00,4.0,0.0,4+
n3_h4dow_fixed,n3,h4dow,fixed,USDJPY,L,2023-05-22 19:31:00-04:00,2023-05-25 12:16:00-04:00,138.747,139.949,138.025,139.949,1.6597,True,2023,2023-05-22 17:00:00,4.0,0.0,4+
n2_h4dow_fixed,n2,h4dow,fixed,USDCHF,L,2023-05-25 02:03:00-04:00,2023-05-26 03:40:00-04:00,0.90671,0.90329,0.90329,0.91241,-1.0569,True,2023,2023-05-25 01:00:00,1.0,1.0,1
n2_h4dow_trail,n2,h4dow,trail,AUDUSD,S,2023-05-23 03:30:00-04:00,2023-05-28 21:22:00-04:00,0.66272,0.65442,0.65442,,2.7111,True,2023,2023-05-23 01:00:00,2.0,0.0,2-3
n2_h4w18_trail,n2,h4w18,trail,AUDUSD,S,2023-05-23 21:16:00-04:00,2023-05-28 21:22:00-04:00,0.66047,0.65442,0.65442,,2.0711,True,2023,2023-05-23 21:00:00,1.0,1.0,1
n2_h4dow_fixed,n2,h4dow,fixed,EURUSD,S,2023-05-26 10:53:00-04:00,2023-05-29 02:25:00-04:00,1.07072,1.07418,1.07418,1.06494,-1.0147,True,2023,2023-05-26 09:00:00,7.0,0.0,4+
n2_h4dow_trail,n2,h4dow,trail,EURUSD,S,2023-05-26 10:53:00-04:00,2023-05-29 02:25:00-04:00,1.07072,1.07418,1.07418,,-1.0147,True,2023,2023-05-26 09:00:00,7.0,0.0,4+
n2_h4dow_fixed,n2,h4dow,fixed,USDCHF,L,2023-05-26 11:10:00-04:00,2023-05-29 04:11:00-04:00,0.90735,0.90402,0.90402,0.9129,-1.0585,True,2023,2023-05-26 09:00:00,2.0,1.0,2-3
n2_h4dow_trail,n2,h4dow,trail,USDCHF,L,2023-05-26 11:10:00-04:00,2023-05-29 04:11:00-04:00,0.90735,0.90402,0.90402,,-1.0585,True,2023,2023-05-26 09:00:00,2.0,1.0,2-3
n3_h4dow_fixed,n3,h4dow,fixed,USDCHF,L,2023-05-26 11:10:00-04:00,2023-05-29 04:11:00-04:00,0.90735,0.90402,0.90402,0.9129,-1.0585,True,2023,2023-05-26 09:00:00,2.0,1.0,2-3
n3_h4dow_trail,n3,h4dow,trail,USDCHF,L,2023-05-26 11:10:00-04:00,2023-05-29 04:11:00-04:00,0.90735,0.90402,0.90402,,-1.0585,True,2023,2023-05-26 09:00:00,2.0,1.0,2-3
n2_h4dow_trail,n2,h4dow,trail,USDJPY,L,2023-05-24 10:17:00-04:00,2023-05-29 21:03:00-04:00,138.91,140.117,140.117,,1.8892,True,2023,2023-05-24 09:00:00,4.0,0.0,4+
n3_h4dow_trail,n3,h4dow,trail,USDJPY,L,2023-05-24 10:17:00-04:00,2023-05-29 21:03:00-04:00,138.91,140.117,140.117,,1.8892,True,2023,2023-05-24 09:00:00,4.0,0.0,4+
n2_h4dow_trail,n2,h4dow,trail,USDJPY,L,2023-05-30 02:23:00-04:00,2023-05-30 02:33:00-04:00,140.92,140.38,140.38,,-1.0058,True,2023,2023-05-30 01:00:00,6.0,0.0,4+
n3_h4dow_trail,n3,h4dow,trail,USDJPY,L,2023-05-30 02:23:00-04:00,2023-05-30 02:33:00-04:00,140.92,140.38,140.38,,-1.0058,True,2023,2023-05-30 01:00:00,6.0,0.0,4+
n2_h4dow_fixed,n2,h4dow,fixed,USDCHF,L,2023-05-30 03:24:00-04:00,2023-05-30 04:45:00-04:00,0.90746,0.90488,0.90488,0.91176,-1.0755,True,2023,2023-05-30 01:00:00,4.0,0.0,4+
n2_h4dow_trail,n2,h4dow,trail,USDCHF,L,2023-05-30 03:24:00-04:00,2023-05-30 04:45:00-04:00,0.90746,0.90488,0.90488,,-1.0755,True,2023,2023-05-30 01:00:00,4.0,0.0,4+
n3_h4dow_fixed,n3,h4dow,fixed,USDCHF,L,2023-05-30 03:24:00-04:00,2023-05-30 04:45:00-04:00,0.90746,0.90488,0.90488,0.91176,-1.0755,True,2023,2023-05-30 01:00:00,4.0,0.0,4+
n3_h4dow_trail,n3,h4dow,trail,USDCHF,L,2023-05-30 03:24:00-04:00,2023-05-30 04:45:00-04:00,0.90746,0.90488,0.90488,,-1.0755,True,2023,2023-05-30 01:00:00,4.0,0.0,4+
n2_h4dow_trail,n2,h4dow,trail,EURUSD,S,2023-05-29 23:37:00-04:00,2023-05-30 06:02:00-04:00,1.07017,1.07263,1.07263,,-0.8659,True,2023,2023-05-29 21:00:00,9.0,0.0,4+
n2_h4dow_fixed,n2,h4dow,fixed,EURUSD,S,2023-05-29 23:37:00-04:00,2023-05-30 06:03:00-04:00,1.07017,1.07307,1.07307,1.06534,-1.0176,True,2023,2023-05-29 21:00:00,9.0,0.0,4+
n2_h4dow_fixed,n2,h4dow,fixed,USDJPY,L,2023-05-26 08:38:00-04:00,2023-05-30 08:08:00-04:00,140.229,139.593,139.593,141.289,-1.0043,True,2023,2023-05-26 05:00:00,5.0,0.0,4+
n3_h4dow_fixed,n3,h4dow,fixed,USDJPY,L,2023-05-26 08:38:00-04:00,2023-05-30 08:08:00-04:00,140.229,139.593,139.593,141.289,-1.0043,True,2023,2023-05-26 05:00:00,5.0,0.0,4+
n2_h4dow_fixed,n2,h4dow,fixed,USDCHF,L,2023-05-31 00:50:00-04:00,2023-05-31 10:53:00-04:00,0.90842,0.91387,0.90515,0.91387,1.6067,True,2023,2023-05-30 21:00:00,5.0,0.0,4+
n3_h4dow_fixed,n3,h4dow,fixed,USDCHF,L,2023-05-31 00:50:00-04:00,2023-05-31 10:53:00-04:00,0.90842,0.91387,0.90515,0.91387,1.6067,True,2023,2023-05-30 21:00:00,5.0,0.0,4+
n2_h4dow_trail,n2,h4dow,trail,USDCHF,L,2023-05-31 00:50:00-04:00,2023-06-01 05:17:00-04:00,0.90842,0.90998,0.90998,,0.4173,True,2023,2023-05-30 21:00:00,5.0,0.0,4+
n3_h4dow_trail,n3,h4dow,trail,USDCHF,L,2023-05-31 00:50:00-04:00,2023-06-01 05:17:00-04:00,0.90842,0.90998,0.90998,,0.4173,True,2023,2023-05-30 21:00:00,5.0,0.0,4+
n2_h4dow_trail,n2,h4dow,trail,EURUSD,S,2023-05-31 03:21:00-04:00,2023-06-01 05:45:00-04:00,1.06725,1.06972,1.06972,,-0.6832,True,2023,2023-05-31 01:00:00,10.0,0.0,4+
n2_h4dow_fixed,n2,h4dow,fixed,EURUSD,S,2023-05-31 03:21:00-04:00,2023-06-01 05:58:00-04:00,1.06725,1.07094,1.07094,1.0611,-1.0138,True,2023,2023-05-31 01:00:00,10.0,0.0,4+
n2_h4dow_trail,n2,h4dow,trail,AUDUSD,S,2023-05-30 21:33:00-04:00,2023-06-01 06:20:00-04:00,0.65028,0.65198,0.65198,,-0.5407,True,2023,2023-05-30 21:00:00,2.0,1.0,2-3
n2_h4w18_trail,n2,h4w18,trail,AUDUSD,S,2023-05-30 23:34:00-04:00,2023-06-01 06:20:00-04:00,0.64904,0.65198,0.65198,,-0.9164,True,2023,2023-05-30 21:00:00,2.0,1.0,2-3
n2_h4w18_fixed,n2,h4w18,fixed,AUDUSD,S,2023-05-30 23:34:00-04:00,2023-06-01 07:00:00-04:00,0.64904,0.65234,0.65234,0.64354,-1.0255,True,2023,2023-05-30 21:00:00,2.0,1.0,2-3
n2_h4dow_fixed,n2,h4dow,fixed,AUDUSD,S,2023-05-30 21:33:00-04:00,2023-06-01 09:37:00-04:00,0.65028,0.65358,0.65358,0.64478,-1.0256,True,2023,2023-05-30 21:00:00,2.0,1.0,2-3
n2_h4dow_trail,n2,h4dow,trail,USDJPY,L,2023-06-02 13:40:00-04:00,2023-06-05 09:55:00-04:00,139.949,139.989,139.989,,0.0449,True,2023,2023-06-02 13:00:00,9.0,0.0,4+
n3_h4dow_trail,n3,h4dow,trail,USDJPY,L,2023-06-02 13:40:00-04:00,2023-06-05 09:55:00-04:00,139.949,139.989,139.989,,0.0449,True,2023,2023-06-02 13:00:00,9.0,0.0,4+
n2_h4dow_fixed,n2,h4dow,fixed,USDJPY,L,2023-06-02 13:40:00-04:00,2023-06-06 03:36:00-04:00,139.949,139.142,139.142,141.294,-1.0012,True,2023,2023-06-02 13:00:00,9.0,0.0,4+
n3_h4dow_fixed,n3,h4dow,fixed,USDJPY,L,2023-06-02 13:40:00-04:00,2023-06-06 03:36:00-04:00,139.949,139.142,139.142,141.294,-1.0012,True,2023,2023-06-02 13:00:00,9.0,0.0,4+
n2_h4dow_trail,n2,h4dow,trail,EURUSD,S,2023-06-06 08:23:00-04:00,2023-06-07 06:07:00-04:00,1.06746,1.07046,1.07046,,-0.8336,True,2023,2023-06-06 05:00:00,11.0,0.0,4+
n3_h4dow_trail,n3,h4dow,trail,EURUSD,S,2023-06-06 08:23:00-04:00,2023-06-07 06:07:00-04:00,1.06746,1.07046,1.07046,,-0.8336,True,2023,2023-06-06 05:00:00,11.0,0.0,4+
n2_h4dow_fixed,n2,h4dow,fixed,EURUSD,S,2023-06-06 08:23:00-04:00,2023-06-07 06:38:00-04:00,1.06746,1.07112,1.07112,1.06136,-1.0139,True,2023,2023-06-06 05:00:00,11.0,0.0,4+
n3_h4dow_fixed,n3,h4dow,fixed,EURUSD,S,2023-06-06 08:23:00-04:00,2023-06-07 06:38:00-04:00,1.06746,1.07112,1.07112,1.06136,-1.0139,True,2023,2023-06-06 05:00:00,11.0,0.0,4+
n2_h4dow_fixed,n2,h4dow,fixed,USDCHF,L,2023-06-07 12:56:00-04:00,2023-06-08 08:21:00-04:00,0.90983,0.90656,0.90656,0.91528,-1.0597,True,2023,2023-06-07 09:00:00,7.0,0.0,4+
n2_h4dow_trail,n2,h4dow,trail,USDCHF,L,2023-06-07 12:56:00-04:00,2023-06-08 08:21:00-04:00,0.90983,0.90656,0.90656,,-1.0597,True,2023,2023-06-07 09:00:00,7.0,0.0,4+
n3_h4dow_fixed,n3,h4dow,fixed,USDCHF,L,2023-06-07 12:56:00-04:00,2023-06-08 08:21:00-04:00,0.90983,0.90656,0.90656,0.91528,-1.0597,True,2023,2023-06-07 09:00:00,7.0,0.0,4+
n3_h4dow_trail,n3,h4dow,trail,USDCHF,L,2023-06-07 12:56:00-04:00,2023-06-08 08:21:00-04:00,0.90983,0.90656,0.90656,,-1.0597,True,2023,2023-06-07 09:00:00,7.0,0.0,4+
n2_h4dow_fixed,n2,h4dow,fixed,USDJPY,L,2023-06-07 11:50:00-04:00,2023-06-08 08:30:00-04:00,139.994,139.412,139.412,140.964,-1.0044,True,2023,2023-06-07 09:00:00,1.0,1.0,1
n2_h4dow_trail,n2,h4dow,trail,USDJPY,L,2023-06-07 11:50:00-04:00,2023-06-08 08:30:00-04:00,139.994,139.412,139.412,,-1.0044,True,2023,2023-06-07 09:00:00,1.0,1.0,1
n3_h4dow_fixed,n3,h4dow,fixed,USDJPY,L,2023-06-07 11:50:00-04:00,2023-06-08 08:30:00-04:00,139.994,139.412,139.412,140.964,-1.0044,True,2023,2023-06-07 09:00:00,1.0,1.0,1
n3_h4dow_trail,n3,h4dow,trail,USDJPY,L,2023-06-07 11:50:00-04:00,2023-06-08 08:30:00-04:00,139.994,139.412,139.412,,-1.0044,True,2023,2023-06-07 09:00:00,1.0,1.0,1
n2_h4dow_fixed,n2,h4dow,fixed,USDCHF,L,2023-06-12 12:34:00-04:00,2023-06-12 23:45:00-04:00,0.91077,0.90723,0.90723,0.91667,-1.0552,True,2023,2023-06-12 09:00:00,9.0,0.0,4+
n2_h4dow_trail,n2,h4dow,trail,USDCHF,L,2023-06-12 12:34:00-04:00,2023-06-12 23:45:00-04:00,0.91077,0.90723,0.90723,,-1.0552,True,2023,2023-06-12 09:00:00,9.0,0.0,4+
n3_h4dow_fixed,n3,h4dow,fixed,USDCHF,L,2023-06-12 12:34:00-04:00,2023-06-12 23:45:00-04:00,0.91077,0.90723,0.90723,0.91667,-1.0552,True,2023,2023-06-12 09:00:00,9.0,0.0,4+
n3_h4dow_trail,n3,h4dow,trail,USDCHF,L,2023-06-12 12:34:00-04:00,2023-06-12 23:45:00-04:00,0.91077,0.90723,0.90723,,-1.0552,True,2023,2023-06-12 09:00:00,9.0,0.0,4+
n2_h4dow_fixed,n2,h4dow,fixed,EURUSD,L,2023-06-21 10:30:00-04:00,2023-06-22 03:44:00-04:00,1.09462,1.09974,1.09154,1.09974,1.6454,True,2023,2023-06-21 09:00:00,4.0,0.0,4+
n2_h4dow_fixed,n2,h4dow,fixed,GBPUSD,L,2023-06-22 07:00:00-04:00,2023-06-22 07:10:00-04:00,1.28023,1.27501,1.27501,1.28893,-1.0251,True,2023,2023-06-22 05:00:00,5.0,0.0,4+
n2_h4dow_trail,n2,h4dow,trail,GBPUSD,L,2023-06-22 07:00:00-04:00,2023-06-22 07:10:00-04:00,1.28023,1.27501,1.27501,,-1.0251,True,2023,2023-06-22 05:00:00,5.0,0.0,4+
n2_h4dow_trail,n2,h4dow,trail,EURUSD,L,2023-06-21 10:30:00-04:00,2023-06-22 09:05:00-04:00,1.09462,1.098,1.098,,1.0805,True,2023,2023-06-21 09:00:00,4.0,0.0,4+
n2_h4w18_trail,n2,h4w18,trail,EURUSD,L,2023-06-21 12:51:00-04:00,2023-06-22 09:05:00-04:00,1.09707,1.098,1.098,,0.2859,True,2023,2023-06-21 09:00:00,4.0,0.0,4+
n2_h4w18_fixed,n2,h4w18,fixed,EURUSD,L,2023-06-21 12:51:00-04:00,2023-06-22 22:05:00-04:00,1.09707,1.09399,1.09399,1.10219,-1.0169,True,2023,2023-06-21 09:00:00,4.0,0.0,4+
n2_h4dow_trail,n2,h4dow,trail,GBPUSD,L,2023-06-27 02:55:00-04:00,2023-06-28 04:30:00-04:00,1.2749,1.27118,1.27118,,-0.8039,True,2023,2023-06-27 01:00:00,7.0,0.0,4+
n2_h4dow_fixed,n2,h4dow,fixed,GBPUSD,L,2023-06-27 02:55:00-04:00,2023-06-28 05:53:00-04:00,1.2749,1.27012,1.27012,1.28288,-1.0273,True,2023,2023-06-27 01:00:00,7.0,0.0,4+
n2_h4dow_trail,n2,h4dow,trail,USDCHF,L,2023-06-28 07:57:00-04:00,2023-06-29 06:17:00-04:00,0.89705,0.89574,0.89574,,-0.4711,True,2023,2023-06-28 05:00:00,2.0,1.0,2-3
n2_h4dow_trail,n2,h4dow,trail,EURUSD,S,2023-06-30 02:11:00-04:00,2023-06-30 08:26:00-04:00,1.08603,1.08756,1.08756,,-0.3964,True,2023,2023-06-30 01:00:00,0.0,1.0,0
n2_h4w18_trail,n2,h4w18,trail,EURUSD,S,2023-06-30 04:25:00-04:00,2023-06-30 08:26:00-04:00,1.08445,1.08756,1.08756,,-0.7924,True,2023,2023-06-30 01:00:00,0.0,1.0,0
n2_h4w18_fixed,n2,h4w18,fixed,EURUSD,S,2023-06-30 04:25:00-04:00,2023-06-30 08:34:00-04:00,1.08445,1.08844,1.08844,1.0778,-1.013,True,2023,2023-06-30 01:00:00,0.0,1.0,0
n2_h4dow_trail,n2,h4dow,trail,USDCHF,L,2023-06-30 04:04:00-04:00,2023-06-30 08:43:00-04:00,0.90019,0.8981,0.8981,,-0.7249,True,2023,2023-06-30 01:00:00,3.0,1.0,2-3
n2_h4w18_fixed,n2,h4w18,fixed,USDCHF,L,2023-06-30 04:33:00-04:00,2023-06-30 08:43:00-04:00,0.90132,0.89817,0.89817,0.90657,-1.0614,True,2023,2023-06-30 01:00:00,3.0,1.0,2-3
n2_h4w18_trail,n2,h4w18,trail,USDCHF,L,2023-06-30 04:33:00-04:00,2023-06-30 08:43:00-04:00,0.90132,0.89817,0.89817,,-1.0614,True,2023,2023-06-30 01:00:00,3.0,1.0,2-3
n2_h4dow_fixed,n2,h4dow,fixed,EURUSD,S,2023-06-30 02:11:00-04:00,2023-06-30 09:01:00-04:00,1.08603,1.09002,1.09002,1.07938,-1.013,True,2023,2023-06-30 01:00:00,0.0,1.0,0
n2_h4dow_fixed,n2,h4dow,fixed,USDCHF,L,2023-06-28 07:57:00-04:00,2023-06-30 10:23:00-04:00,0.89705,0.89385,0.89385,0.90237,-1.0602,True,2023,2023-06-28 05:00:00,2.0,1.0,2-3
n3_h4dow_fixed,n3,h4dow,fixed,USDCHF,S,2023-06-30 10:19:00-04:00,2023-07-03 02:41:00-04:00,0.89435,0.89798,0.89798,0.8883,-1.0531,True,2023,2023-06-30 09:00:00,3.0,0.0,2-3
n3_h4dow_trail,n3,h4dow,trail,USDCHF,S,2023-06-30 10:19:00-04:00,2023-07-03 02:41:00-04:00,0.89435,0.89798,0.89798,,-1.0531,True,2023,2023-06-30 09:00:00,3.0,0.0,2-3
n2_h4dow_trail,n2,h4dow,trail,EURUSD,S,2023-07-05 01:03:00-04:00,2023-07-05 03:07:00-04:00,1.08703,1.08909,1.08909,,-0.6947,True,2023,2023-07-05 01:00:00,2.0,0.0,2-3
n2_h4dow_fixed,n2,h4dow,fixed,EURUSD,S,2023-07-05 01:03:00-04:00,2023-07-05 03:14:00-04:00,1.08703,1.09007,1.09007,1.08195,-1.017,True,2023,2023-07-05 01:00:00,2.0,0.0,2-3
n2_h4dow_fixed,n2,h4dow,fixed,EURUSD,S,2023-07-05 04:06:00-04:00,2023-07-05 08:51:00-04:00,1.08703,1.09007,1.09007,1.08195,-1.017,True,2023,2023-07-05 01:00:00,2.0,0.0,2-3
n2_h4dow_trail,n2,h4dow,trail,EURUSD,S,2023-07-05 04:06:00-04:00,2023-07-05 08:51:00-04:00,1.08703,1.09007,1.09007,,-1.017,True,2023,2023-07-05 01:00:00,2.0,0.0,2-3
n2_h4dow_trail,n2,h4dow,trail,AUDUSD,L,2023-07-04 07:47:00-04:00,2023-07-05 14:18:00-04:00,0.6692,0.66576,0.66576,,-0.8239,True,2023,2023-07-04 05:00:00,0.0,1.0,0
n2_h4dow_trail,n2,h4dow,trail,GBPUSD,L,2023-07-04 07:45:00-04:00,2023-07-05 21:21:00-04:00,1.2723,1.26918,1.26918,,-0.7081,True,2023,2023-07-04 05:00:00,1.0,1.0,1
n2_h4dow_fixed,n2,h4dow,fixed,AUDUSD,L,2023-07-04 07:47:00-04:00,2023-07-06 00:01:00-04:00,0.6692,0.66492,0.66492,0.67632,-1.0202,True,2023,2023-07-04 05:00:00,0.0,1.0,0
n2_h4w18_fixed,n2,h4w18,fixed,EURUSD,S,2023-07-06 00:05:00-04:00,2023-07-06 02:52:00-04:00,1.08354,1.08694,1.08694,1.07786,-1.0152,True,2023,2023-07-05 21:00:00,2.0,0.0,2-3
n2_h4w18_trail,n2,h4w18,trail,EURUSD,S,2023-07-06 00:05:00-04:00,2023-07-06 02:52:00-04:00,1.08354,1.08694,1.08694,,-1.0152,True,2023,2023-07-05 21:00:00,2.0,0.0,2-3
n2_h4dow_trail,n2,h4dow,trail,GBPUSD,L,2023-07-06 06:03:00-04:00,2023-07-06 10:20:00-04:00,1.27352,1.26956,1.26956,,-1.033,True,2023,2023-07-06 05:00:00,2.0,1.0,2-3
n3_h4dow_fixed,n3,h4dow,fixed,GBPUSD,L,2023-07-06 06:03:00-04:00,2023-07-06 10:20:00-04:00,1.27352,1.26956,1.26956,1.28012,-1.033,True,2023,2023-07-06 05:00:00,2.0,1.0,2-3
n3_h4dow_trail,n3,h4dow,trail,GBPUSD,L,2023-07-06 06:03:00-04:00,2023-07-06 10:20:00-04:00,1.27352,1.26956,1.26956,,-1.033,True,2023,2023-07-06 05:00:00,2.0,1.0,2-3
n2_h4dow_fixed,n2,h4dow,fixed,GBPUSD,L,2023-07-04 07:45:00-04:00,2023-07-06 10:33:00-04:00,1.2723,1.26771,1.26771,1.27995,-1.0284,True,2023,2023-07-04 05:00:00,1.0,1.0,1
n2_h4dow_fixed,n2,h4dow,fixed,USDCHF,L,2023-07-06 10:36:00-04:00,2023-07-06 10:56:00-04:00,0.89949,0.89647,0.89647,0.90451,-1.064,True,2023,2023-07-06 09:00:00,5.0,0.0,4+
n2_h4dow_trail,n2,h4dow,trail,USDCHF,L,2023-07-06 10:36:00-04:00,2023-07-06 10:56:00-04:00,0.89949,0.89648,0.89648,,-1.0642,True,2023,2023-07-06 09:00:00,5.0,0.0,4+
n3_h4dow_fixed,n3,h4dow,fixed,USDCHF,S,2023-07-07 08:30:00-04:00,2023-07-07 10:46:00-04:00,0.8946,0.88977,0.8975,0.88977,1.5993,True,2023,2023-07-07 05:00:00,2.0,1.0,2-3
n2_h4w18_fixed,n2,h4w18,fixed,GBPUSD,L,2023-07-07 12:43:00-04:00,2023-07-10 06:58:00-04:00,1.28422,1.2789,1.2789,1.2931,-1.0247,True,2023,2023-07-07 09:00:00,3.0,0.0,2-3
n2_h4w18_trail,n2,h4w18,trail,GBPUSD,L,2023-07-07 12:43:00-04:00,2023-07-10 06:58:00-04:00,1.28422,1.27889,1.27889,,-1.0247,True,2023,2023-07-07 09:00:00,3.0,0.0,2-3
n3_h4w18_fixed,n3,h4w18,fixed,GBPUSD,L,2023-07-07 12:43:00-04:00,2023-07-10 06:58:00-04:00,1.28422,1.2789,1.2789,1.2931,-1.0247,True,2023,2023-07-07 09:00:00,3.0,0.0,2-3
n3_h4w18_trail,n3,h4w18,trail,GBPUSD,L,2023-07-07 12:43:00-04:00,2023-07-10 06:58:00-04:00,1.28422,1.27889,1.27889,,-1.0247,True,2023,2023-07-07 09:00:00,3.0,0.0,2-3
n3_h4dow_trail,n3,h4dow,trail,USDCHF,S,2023-07-07 08:30:00-04:00,2023-07-10 08:45:00-04:00,0.8946,0.89159,0.89159,,0.9717,True,2023,2023-07-07 05:00:00,2.0,1.0,2-3
n3_h4w18_trail,n3,h4w18,trail,USDCHF,S,2023-07-07 10:34:00-04:00,2023-07-10 08:45:00-04:00,0.89074,0.89159,0.89159,,-0.3082,True,2023,2023-07-07 09:00:00,2.0,1.0,2-3
n2_h4dow_fixed,n2,h4dow,fixed,GBPUSD,L,2023-07-07 08:30:00-04:00,2023-07-10 15:08:00-04:00,1.2781,1.28582,1.27346,1.28582,1.6354,True,2023,2023-07-07 05:00:00,3.0,0.0,2-3
n3_h4dow_fixed,n3,h4dow,fixed,GBPUSD,L,2023-07-07 08:30:00-04:00,2023-07-10 15:08:00-04:00,1.2781,1.28582,1.27346,1.28582,1.6354,True,2023,2023-07-07 05:00:00,3.0,0.0,2-3
n3_h4w18_fixed,n3,h4w18,fixed,USDCHF,S,2023-07-07 10:34:00-04:00,2023-07-10 20:09:00-04:00,0.89074,0.88512,0.89411,0.88512,1.611,True,2023,2023-07-07 09:00:00,2.0,1.0,2-3
n3_h4dow_fixed,n3,h4dow,fixed,USDCHF,S,2023-07-10 10:10:00-04:00,2023-07-11 04:09:00-04:00,0.88762,0.88142,0.89134,0.88142,1.6155,True,2023,2023-07-10 09:00:00,2.0,1.0,2-3
n3_h4dow_trail,n3,h4dow,trail,USDCHF,S,2023-07-10 10:10:00-04:00,2023-07-14 08:15:00-04:00,0.88762,0.86088,0.86088,,7.1376,True,2023,2023-07-10 09:00:00,2.0,1.0,2-3
n2_h4dow_trail,n2,h4dow,trail,GBPUSD,L,2023-07-07 08:30:00-04:00,2023-07-14 15:59:00-04:00,1.2781,1.30937,1.30937,,6.7105,True,2023,2023-07-07 05:00:00,3.0,0.0,2-3
n3_h4dow_trail,n3,h4dow,trail,GBPUSD,L,2023-07-07 08:30:00-04:00,2023-07-14 15:59:00-04:00,1.2781,1.30937,1.30937,,6.7105,True,2023,2023-07-07 05:00:00,3.0,0.0,2-3
n3_h4dow_trail,n3,h4dow,trail,USDCHF,S,2023-07-18 03:08:00-04:00,2023-07-19 02:42:00-04:00,0.85784,0.85984,0.85984,,-0.6137,True,2023,2023-07-18 01:00:00,5.0,1.0,4+
n3_h4dow_fixed,n3,h4dow,fixed,USDCHF,S,2023-07-18 03:08:00-04:00,2023-07-20 08:22:00-04:00,0.85784,0.8614,0.8614,0.85191,-1.0519,True,2023,2023-07-18 01:00:00,5.0,1.0,4+
n2_h4dow_fixed,n2,h4dow,fixed,AUDUSD,L,2023-07-19 22:59:00-04:00,2023-07-20 10:20:00-04:00,0.68374,0.67996,0.67996,0.69004,-1.0234,True,2023,2023-07-19 21:00:00,3.0,1.0,2-3
n2_h4dow_trail,n2,h4dow,trail,AUDUSD,L,2023-07-19 22:59:00-04:00,2023-07-20 10:20:00-04:00,0.68374,0.67996,0.67996,,-1.0234,True,2023,2023-07-19 21:00:00,3.0,1.0,2-3
n3_h4dow_fixed,n3,h4dow,fixed,AUDUSD,L,2023-07-19 22:59:00-04:00,2023-07-20 10:20:00-04:00,0.68374,0.67996,0.67996,0.69004,-1.0234,True,2023,2023-07-19 21:00:00,3.0,1.0,2-3
n3_h4dow_trail,n3,h4dow,trail,AUDUSD,L,2023-07-19 22:59:00-04:00,2023-07-20 10:20:00-04:00,0.68374,0.67996,0.67996,,-1.0234,True,2023,2023-07-19 21:00:00,3.0,1.0,2-3
n3_h4dow_fixed,n3,h4dow,fixed,EURUSD,L,2023-07-24 03:11:00-04:00,2023-07-24 03:30:00-04:00,1.11451,1.11129,1.11129,1.11989,-1.0164,True,2023,2023-07-24 01:00:00,7.0,0.0,4+
n3_h4dow_trail,n3,h4dow,trail,EURUSD,L,2023-07-24 03:11:00-04:00,2023-07-24 03:30:00-04:00,1.11451,1.11128,1.11128,,-1.0164,True,2023,2023-07-24 01:00:00,7.0,0.0,4+
n3_h4dow_fixed,n3,h4dow,fixed,USDCHF,S,2023-07-24 07:38:00-04:00,2023-07-24 12:42:00-04:00,0.86411,0.86753,0.86753,0.85841,-1.0544,True,2023,2023-07-24 05:00:00,7.0,0.0,4+
n3_h4dow_trail,n3,h4dow,trail,USDCHF,S,2023-07-24 07:38:00-04:00,2023-07-24 12:42:00-04:00,0.86411,0.86753,0.86753,,-1.0544,True,2023,2023-07-24 05:00:00,7.0,0.0,4+
n2_h4dow_trail,n2,h4dow,trail,AUDUSD,L,2023-07-24 21:37:00-04:00,2023-07-25 21:30:00-04:00,0.6756,0.67532,0.67532,,-0.1027,True,2023,2023-07-24 21:00:00,4.0,0.0,4+
n3_h4dow_trail,n3,h4dow,trail,AUDUSD,L,2023-07-24 21:37:00-04:00,2023-07-25 21:30:00-04:00,0.6756,0.67532,0.67532,,-0.1027,True,2023,2023-07-24 21:00:00,4.0,0.0,4+
n3_h4dow_trail,n3,h4dow,trail,USDCHF,S,2023-07-25 12:08:00-04:00,2023-07-26 14:31:00-04:00,0.86377,0.86401,0.86401,,-0.1256,True,2023,2023-07-25 09:00:00,8.0,0.0,4+
n2_h4dow_fixed,n2,h4dow,fixed,USDJPY,S,2023-07-26 02:28:00-04:00,2023-07-26 22:00:00-04:00,140.745,139.673,141.389,139.673,1.6559,True,2023,2023-07-26 01:00:00,1.0,1.0,1
n2_h4dow_fixed,n2,h4dow,fixed,AUDUSD,L,2023-07-24 21:37:00-04:00,2023-07-26 22:12:00-04:00,0.6756,0.68158,0.67201,0.68158,1.6412,True,2023,2023-07-24 21:00:00,4.0,0.0,4+
n3_h4dow_fixed,n3,h4dow,fixed,AUDUSD,L,2023-07-24 21:37:00-04:00,2023-07-26 22:12:00-04:00,0.6756,0.68158,0.67201,0.68158,1.6412,True,2023,2023-07-24 21:00:00,4.0,0.0,4+
n3_h4dow_fixed,n3,h4dow,fixed,USDCHF,S,2023-07-25 12:08:00-04:00,2023-07-26 22:13:00-04:00,0.86377,0.85812,0.86716,0.85812,1.612,True,2023,2023-07-25 09:00:00,8.0,0.0,4+
n2_h4dow_fixed,n2,h4dow,fixed,GBPUSD,L,2023-07-25 14:34:00-04:00,2023-07-27 03:53:00-04:00,1.28843,1.29808,1.28264,1.29808,1.6437,True,2023,2023-07-25 13:00:00,9.0,0.0,4+
n3_h4dow_fixed,n3,h4dow,fixed,GBPUSD,L,2023-07-25 14:34:00-04:00,2023-07-27 03:53:00-04:00,1.28843,1.29808,1.28264,1.29808,1.6437,True,2023,2023-07-25 13:00:00,9.0,0.0,4+
n3_h4dow_fixed,n3,h4dow,fixed,EURUSD,L,2023-07-27 06:06:00-04:00,2023-07-27 08:20:00-04:00,1.11473,1.11031,1.11031,1.12211,-1.012,True,2023,2023-07-27 05:00:00,8.0,0.0,4+
n3_h4dow_trail,n3,h4dow,trail,EURUSD,L,2023-07-27 06:06:00-04:00,2023-07-27 08:20:00-04:00,1.11473,1.11031,1.11031,,-1.012,True,2023,2023-07-27 05:00:00,8.0,0.0,4+
n2_h4dow_trail,n2,h4dow,trail,GBPUSD,L,2023-07-25 14:34:00-04:00,2023-07-27 08:25:00-04:00,1.28843,1.29394,1.29394,,0.9287,True,2023,2023-07-25 13:00:00,9.0,0.0,4+
n3_h4dow_trail,n3,h4dow,trail,GBPUSD,L,2023-07-25 14:34:00-04:00,2023-07-27 08:25:00-04:00,1.28843,1.29394,1.29394,,0.9287,True,2023,2023-07-25 13:00:00,9.0,0.0,4+
n3_h4w18_fixed,n3,h4w18,fixed,USDCHF,S,2023-07-27 06:12:00-04:00,2023-07-27 08:30:00-04:00,0.85552,0.85991,0.85991,0.8482,-1.042,True,2023,2023-07-27 05:00:00,8.0,0.0,4+
n3_h4w18_trail,n3,h4w18,trail,USDCHF,S,2023-07-27 06:12:00-04:00,2023-07-27 08:30:00-04:00,0.85552,0.85992,0.85992,,-1.0419,True,2023,2023-07-27 05:00:00,8.0,0.0,4+
n2_h4dow_trail,n2,h4dow,trail,USDJPY,S,2023-07-26 02:28:00-04:00,2023-07-27 08:53:00-04:00,140.745,140.698,140.698,,0.0673,True,2023,2023-07-26 01:00:00,1.0,1.0,1
n2_h4dow_trail,n2,h4dow,trail,AUDUSD,L,2023-07-26 22:04:00-04:00,2023-07-27 09:35:00-04:00,0.67946,0.67521,0.67521,,-1.0206,True,2023,2023-07-26 21:00:00,1.0,1.0,1
n3_h4dow_trail,n3,h4dow,trail,AUDUSD,L,2023-07-26 22:04:00-04:00,2023-07-27 09:35:00-04:00,0.67946,0.67521,0.67521,,-1.0206,True,2023,2023-07-26 21:00:00,5.0,0.0,4+
n2_h4dow_fixed,n2,h4dow,fixed,USDJPY,S,2023-07-27 13:38:00-04:00,2023-07-27 23:28:00-04:00,139.383,140.235,140.235,137.963,-1.0011,True,2023,2023-07-27 13:00:00,1.0,1.0,1
n2_h4dow_trail,n2,h4dow,trail,USDJPY,S,2023-07-27 13:38:00-04:00,2023-07-27 23:28:00-04:00,139.383,140.235,140.235,,-1.0011,True,2023,2023-07-27 13:00:00,1.0,1.0,1
n3_h4dow_fixed,n3,h4dow,fixed,USDJPY,S,2023-07-27 13:38:00-04:00,2023-07-27 23:28:00-04:00,139.383,140.235,140.235,137.963,-1.0011,True,2023,2023-07-27 13:00:00,1.0,1.0,1
n3_h4dow_trail,n3,h4dow,trail,USDJPY,S,2023-07-27 13:38:00-04:00,2023-07-27 23:28:00-04:00,139.383,140.235,140.235,,-1.0011,True,2023,2023-07-27 13:00:00,1.0,1.0,1
n3_h4dow_fixed,n3,h4dow,fixed,EURUSD,L,2023-08-04 08:30:00-04:00,2023-08-04 09:31:00-04:00,1.0963,1.1027,1.09246,1.1027,1.653,True,2023,2023-08-04 05:00:00,11.0,0.0,4+
n3_h4dow_fixed,n3,h4dow,fixed,USDCHF,S,2023-08-04 09:05:00-04:00,2023-08-07 02:34:00-04:00,0.87173,0.8765,0.8765,0.86378,-1.0394,True,2023,2023-08-04 09:00:00,12.0,0.0,4+
n3_h4dow_trail,n3,h4dow,trail,USDCHF,S,2023-08-04 09:05:00-04:00,2023-08-07 02:34:00-04:00,0.87173,0.8765,0.8765,,-1.0394,True,2023,2023-08-04 09:00:00,12.0,0.0,4+
n3_h4dow_trail,n3,h4dow,trail,EURUSD,L,2023-08-04 08:30:00-04:00,2023-08-08 06:09:00-04:00,1.0963,1.09654,1.09654,,0.0489,True,2023,2023-08-04 05:00:00,11.0,0.0,4+
n2_h4w18_fixed,n2,h4w18,fixed,AUDUSD,S,2023-08-08 05:22:00-04:00,2023-08-08 22:52:00-04:00,0.65142,0.65547,0.65547,0.64467,-1.0209,True,2023,2023-08-08 05:00:00,2.0,1.0,2-3
n2_h4w18_trail,n2,h4w18,trail,AUDUSD,S,2023-08-08 05:22:00-04:00,2023-08-08 22:52:00-04:00,0.65142,0.65547,0.65547,,-1.0209,True,2023,2023-08-08 05:00:00,2.0,1.0,2-3
n2_h4dow_fixed,n2,h4dow,fixed,GBPUSD,S,2023-08-08 07:31:00-04:00,2023-08-09 01:05:00-04:00,1.27128,1.27626,1.27626,1.26298,-1.0262,True,2023,2023-08-08 05:00:00,3.0,1.0,2-3
n2_h4dow_trail,n2,h4dow,trail,GBPUSD,S,2023-08-08 07:31:00-04:00,2023-08-09 01:05:00-04:00,1.27128,1.27626,1.27626,,-1.0262,True,2023,2023-08-08 05:00:00,3.0,1.0,2-3
n2_h4dow_trail,n2,h4dow,trail,AUDUSD,S,2023-08-07 21:17:00-04:00,2023-08-10 08:01:00-04:00,0.6555,0.65716,0.65716,,-0.458,True,2023,2023-08-07 21:00:00,2.0,1.0,2-3
n2_h4dow_fixed,n2,h4dow,fixed,AUDUSD,S,2023-08-07 21:17:00-04:00,2023-08-10 08:30:00-04:00,0.6555,0.65931,0.65931,0.64915,-1.0223,True,2023,2023-08-07 21:00:00,2.0,1.0,2-3
n2_h4w18_fixed,n2,h4w18,fixed,USDJPY,L,2023-08-10 00:02:00-04:00,2023-08-10 08:30:00-04:00,143.891,143.317,143.317,144.849,-1.0053,True,2023,2023-08-09 21:00:00,1.0,1.0,1
n2_h4w18_trail,n2,h4w18,trail,USDJPY,L,2023-08-10 00:02:00-04:00,2023-08-10 08:30:00-04:00,143.891,143.316,143.316,,-1.0042,True,2023,2023-08-09 21:00:00,1.0,1.0,1
n3_h4w18_fixed,n3,h4w18,fixed,USDJPY,L,2023-08-10 00:02:00-04:00,2023-08-10 08:30:00-04:00,143.891,143.317,143.317,144.849,-1.0053,True,2023,2023-08-09 21:00:00,4.0,0.0,4+
n3_h4w18_trail,n3,h4w18,trail,USDJPY,L,2023-08-10 00:02:00-04:00,2023-08-10 08:30:00-04:00,143.891,143.316,143.316,,-1.0042,True,2023,2023-08-09 21:00:00,4.0,0.0,4+
n2_h4dow_fixed,n2,h4dow,fixed,USDJPY,L,2023-08-07 20:39:00-04:00,2023-08-10 09:12:00-04:00,142.91,144.16,142.16,144.16,1.6575,True,2023,2023-08-07 17:00:00,3.0,0.0,2-3
n3_h4dow_fixed,n3,h4dow,fixed,GBPUSD,L,2023-08-10 08:29:00-04:00,2023-08-10 10:52:00-04:00,1.2782,1.27328,1.27328,1.2864,-1.0266,True,2023,2023-08-10 05:00:00,2.0,0.0,2-3
n3_h4dow_trail,n3,h4dow,trail,GBPUSD,L,2023-08-10 08:29:00-04:00,2023-08-10 10:52:00-04:00,1.2782,1.27328,1.27328,,-1.0266,True,2023,2023-08-10 05:00:00,2.0,0.0,2-3
n3_h4dow_fixed,n3,h4dow,fixed,USDJPY,L,2023-08-09 08:19:00-04:00,2023-08-10 13:27:00-04:00,143.494,144.549,142.861,144.549,1.6557,True,2023,2023-08-09 05:00:00,3.0,0.0,2-3
n2_h4dow_trail,n2,h4dow,trail,USDJPY,L,2023-08-07 20:39:00-04:00,2023-08-11 03:17:00-04:00,142.91,144.635,144.635,,2.2892,True,2023,2023-08-07 17:00:00,3.0,0.0,2-3
n3_h4dow_trail,n3,h4dow,trail,USDJPY,L,2023-08-09 08:19:00-04:00,2023-08-11 03:17:00-04:00,143.494,144.635,144.635,,1.7911,True,2023,2023-08-09 05:00:00,3.0,0.0,2-3
n2_h4dow_trail,n2,h4dow,trail,AUDUSD,S,2023-08-10 16:27:00-04:00,2023-08-14 06:11:00-04:00,0.652,0.6499,0.6499,,0.4499,True,2023,2023-08-10 13:00:00,3.0,1.0,2-3
n2_h4w18_fixed,n2,h4w18,fixed,GBPUSD,S,2023-08-14 09:47:00-04:00,2023-08-14 11:16:00-04:00,1.26204,1.26777,1.26777,1.25249,-1.0227,True,2023,2023-08-14 09:00:00,5.0,0.0,4+
n2_h4w18_trail,n2,h4w18,trail,GBPUSD,S,2023-08-14 09:47:00-04:00,2023-08-14 11:16:00-04:00,1.26204,1.26777,1.26777,,-1.0227,True,2023,2023-08-14 09:00:00,5.0,0.0,4+
n2_h4dow_trail,n2,h4dow,trail,GBPUSD,S,2023-08-10 13:31:00-04:00,2023-08-15 02:00:00-04:00,1.26845,1.27063,1.27063,,-0.3775,True,2023,2023-08-10 13:00:00,4.0,1.0,4+
n2_h4dow_fixed,n2,h4dow,fixed,USDJPY,L,2023-08-11 11:34:00-04:00,2023-08-15 04:01:00-04:00,144.895,145.853,144.321,145.853,1.6603,True,2023,2023-08-11 09:00:00,1.0,1.0,1
n3_h4dow_fixed,n3,h4dow,fixed,USDJPY,L,2023-08-11 11:34:00-04:00,2023-08-15 04:01:00-04:00,144.895,145.853,144.321,145.853,1.6603,True,2023,2023-08-11 09:00:00,1.0,1.0,1
n2_h4dow_trail,n2,h4dow,trail,USDJPY,L,2023-08-11 11:34:00-04:00,2023-08-15 09:18:00-04:00,144.895,145.326,145.326,,0.7412,True,2023,2023-08-11 09:00:00,1.0,1.0,1
n3_h4dow_trail,n3,h4dow,trail,USDJPY,L,2023-08-11 11:34:00-04:00,2023-08-15 09:18:00-04:00,144.895,145.326,145.326,,0.7412,True,2023,2023-08-11 09:00:00,1.0,1.0,1
n2_h4dow_fixed,n2,h4dow,fixed,GBPUSD,S,2023-08-10 13:31:00-04:00,2023-08-15 10:48:00-04:00,1.26845,1.27457,1.27457,1.25825,-1.0213,True,2023,2023-08-10 13:00:00,4.0,1.0,4+
n2_h4dow_fixed,n2,h4dow,fixed,AUDUSD,S,2023-08-10 16:27:00-04:00,2023-08-15 20:36:00-04:00,0.652,0.64452,0.65648,0.64452,1.6509,True,2023,2023-08-10 13:00:00,3.0,1.0,2-3
n2_h4dow_trail,n2,h4dow,trail,USDJPY,L,2023-08-16 08:59:00-04:00,2023-08-17 19:18:00-04:00,145.867,145.622,145.622,,-0.5176,True,2023,2023-08-16 05:00:00,3.0,1.0,2-3
n3_h4dow_trail,n3,h4dow,trail,USDJPY,L,2023-08-16 08:59:00-04:00,2023-08-17 19:18:00-04:00,145.867,145.622,145.622,,-0.5176,True,2023,2023-08-16 05:00:00,3.0,1.0,2-3
n2_h4dow_fixed,n2,h4dow,fixed,USDJPY,L,2023-08-16 08:59:00-04:00,2023-08-17 21:37:00-04:00,145.867,145.387,145.387,146.667,-1.0063,True,2023,2023-08-16 05:00:00,3.0,1.0,2-3
n3_h4dow_fixed,n3,h4dow,fixed,USDJPY,L,2023-08-16 08:59:00-04:00,2023-08-17 21:37:00-04:00,145.867,145.387,145.387,146.667,-1.0063,True,2023,2023-08-16 05:00:00,3.0,1.0,2-3
n2_h4dow_trail,n2,h4dow,trail,AUDUSD,S,2023-08-15 15:43:00-04:00,2023-08-20 20:11:00-04:00,0.64536,0.64182,0.64182,,0.7354,True,2023,2023-08-15 13:00:00,0.0,1.0,0
n3_h4w18_fixed,n3,h4w18,fixed,USDCHF,L,2023-08-18 16:51:00-04:00,2023-08-21 05:23:00-04:00,0.8828,0.87916,0.87916,0.88888,-1.0521,True,2023,2023-08-18 13:00:00,2.0,1.0,2-3
n3_h4w18_trail,n3,h4w18,trail,USDCHF,L,2023-08-18 16:51:00-04:00,2023-08-21 05:23:00-04:00,0.8828,0.87916,0.87916,,-1.0521,True,2023,2023-08-18 13:00:00,2.0,1.0,2-3
n2_h4dow_fixed,n2,h4dow,fixed,GBPUSD,S,2023-08-18 07:23:00-04:00,2023-08-21 07:13:00-04:00,1.27024,1.27574,1.27574,1.26106,-1.0237,True,2023,2023-08-18 05:00:00,4.0,0.0,4+
n2_h4dow_trail,n2,h4dow,trail,GBPUSD,S,2023-08-18 07:23:00-04:00,2023-08-21 07:13:00-04:00,1.27024,1.27561,1.27561,,-0.9983,True,2023,2023-08-18 05:00:00,4.0,0.0,4+
n3_h4dow_fixed,n3,h4dow,fixed,GBPUSD,S,2023-08-18 07:23:00-04:00,2023-08-21 07:13:00-04:00,1.27024,1.27574,1.27574,1.26106,-1.0237,True,2023,2023-08-18 05:00:00,4.0,0.0,4+
n3_h4dow_trail,n3,h4dow,trail,GBPUSD,S,2023-08-18 07:23:00-04:00,2023-08-21 07:13:00-04:00,1.27024,1.27561,1.27561,,-0.9983,True,2023,2023-08-18 05:00:00,4.0,0.0,4+
n3_h4dow_trail,n3,h4dow,trail,USDCHF,L,2023-08-18 08:20:00-04:00,2023-08-21 21:03:00-04:00,0.88144,0.87802,0.87802,,-1.0371,True,2023,2023-08-18 05:00:00,2.0,1.0,2-3
n3_h4dow_fixed,n3,h4dow,fixed,USDCHF,L,2023-08-18 08:20:00-04:00,2023-08-21 21:24:00-04:00,0.88144,0.87796,0.87796,0.88724,-1.0544,True,2023,2023-08-18 05:00:00,2.0,1.0,2-3
n3_h4dow_fixed,n3,h4dow,fixed,GBPUSD,S,2023-08-23 03:35:00-04:00,2023-08-23 05:46:00-04:00,1.27187,1.26495,1.27603,1.26495,1.6321,True,2023,2023-08-23 01:00:00,6.0,0.0,4+
n3_h4dow_fixed,n3,h4dow,fixed,USDCHF,L,2023-08-23 03:32:00-04:00,2023-08-23 09:45:00-04:00,0.88095,0.87831,0.87831,0.88535,-1.0717,True,2023,2023-08-23 01:00:00,2.0,1.0,2-3
n3_h4dow_trail,n3,h4dow,trail,USDCHF,L,2023-08-23 03:32:00-04:00,2023-08-23 09:45:00-04:00,0.88095,0.87831,0.87831,,-1.0717,True,2023,2023-08-23 01:00:00,2.0,1.0,2-3
n3_h4w18_fixed,n3,h4w18,fixed,GBPUSD,S,2023-08-23 08:08:00-04:00,2023-08-23 09:45:00-04:00,1.26168,1.26687,1.26687,1.25303,-1.025,True,2023,2023-08-23 05:00:00,6.0,0.0,4+
n3_h4w18_trail,n3,h4w18,trail,GBPUSD,S,2023-08-23 08:08:00-04:00,2023-08-23 09:45:00-04:00,1.26168,1.26687,1.26687,,-1.025,True,2023,2023-08-23 05:00:00,6.0,0.0,4+
n2_h4dow_fixed,n2,h4dow,fixed,AUDUSD,S,2023-08-16 13:08:00-04:00,2023-08-23 13:19:00-04:00,0.64278,0.64754,0.64754,0.63486,-1.0175,True,2023,2023-08-16 13:00:00,1.0,1.0,1
n3_h4dow_fixed,n3,h4dow,fixed,USDCHF,L,2023-08-24 07:58:00-04:00,2023-08-25 10:48:00-04:00,0.88174,0.88719,0.87847,0.88719,1.6085,True,2023,2023-08-24 05:00:00,2.0,1.0,2-3
n3_h4dow_trail,n3,h4dow,trail,USDCHF,L,2023-08-24 07:58:00-04:00,2023-08-28 03:16:00-04:00,0.88174,0.8822,0.8822,,0.0827,True,2023,2023-08-24 05:00:00,2.0,1.0,2-3
n3_h4w18_trail,n3,h4w18,trail,USDCHF,L,2023-08-24 08:33:00-04:00,2023-08-28 03:16:00-04:00,0.88281,0.8822,0.8822,,-0.2446,True,2023,2023-08-24 05:00:00,2.0,1.0,2-3
n3_h4dow_trail,n3,h4dow,trail,GBPUSD,S,2023-08-23 03:35:00-04:00,2023-08-28 19:06:00-04:00,1.27187,1.26106,1.26106,,2.5735,True,2023,2023-08-23 01:00:00,6.0,0.0,4+
n3_h4dow_trail,n3,h4dow,trail,USDJPY,L,2023-08-25 10:30:00-04:00,2023-08-28 20:11:00-04:00,146.402,146.367,146.367,,-0.0686,True,2023,2023-08-25 09:00:00,5.0,0.0,4+
n3_h4w18_trail,n3,h4w18,trail,USDJPY,L,2023-08-25 10:44:00-04:00,2023-08-28 20:11:00-04:00,146.561,146.367,146.367,,-0.3492,True,2023,2023-08-25 09:00:00,5.0,0.0,4+
n2_h4dow_trail,n2,h4dow,trail,USDJPY,L,2023-08-28 09:36:00-04:00,2023-08-28 20:11:00-04:00,146.634,146.367,146.367,,-0.5214,True,2023,2023-08-28 09:00:00,1.0,1.0,1
n2_h4dow_trail,n2,h4dow,trail,AUDUSD,S,2023-08-24 23:37:00-04:00,2023-08-28 22:07:00-04:00,0.64108,0.64405,0.64405,,-0.8601,True,2023,2023-08-24 21:00:00,6.0,0.0,4+
n2_h4dow_fixed,n2,h4dow,fixed,AUDUSD,S,2023-08-24 23:37:00-04:00,2023-08-28 23:07:00-04:00,0.64108,0.64464,0.64464,0.63515,-1.0234,True,2023,2023-08-24 21:00:00,6.0,0.0,4+
n3_h4dow_fixed,n3,h4dow,fixed,USDJPY,L,2023-08-25 10:30:00-04:00,2023-08-29 08:27:00-04:00,146.402,147.344,145.836,147.344,1.6558,True,2023,2023-08-25 09:00:00,5.0,0.0,4+
n2_h4dow_fixed,n2,h4dow,fixed,USDCHF,L,2023-08-29 07:00:00-04:00,2023-08-29 10:00:00-04:00,0.88538,0.8825,0.8825,0.89018,-1.066,True,2023,2023-08-29 05:00:00,1.0,1.0,1
n2_h4dow_trail,n2,h4dow,trail,USDCHF,L,2023-08-29 07:00:00-04:00,2023-08-29 10:00:00-04:00,0.88538,0.8825,0.8825,,-1.066,True,2023,2023-08-29 05:00:00,1.0,1.0,1
n3_h4dow_fixed,n3,h4dow,fixed,USDCHF,L,2023-08-29 07:00:00-04:00,2023-08-29 10:00:00-04:00,0.88538,0.8825,0.8825,0.89018,-1.066,True,2023,2023-08-29 05:00:00,4.0,0.0,4+
n3_h4dow_trail,n3,h4dow,trail,USDCHF,L,2023-08-29 07:00:00-04:00,2023-08-29 10:00:00-04:00,0.88538,0.8825,0.8825,,-1.066,True,2023,2023-08-29 05:00:00,4.0,0.0,4+
n2_h4dow_fixed,n2,h4dow,fixed,GBPUSD,S,2023-08-29 08:27:00-04:00,2023-08-29 10:02:00-04:00,1.25659,1.26124,1.26124,1.24884,-1.0278,True,2023,2023-08-29 05:00:00,3.0,1.0,2-3
n2_h4dow_trail,n2,h4dow,trail,GBPUSD,S,2023-08-29 08:27:00-04:00,2023-08-29 10:02:00-04:00,1.25659,1.26124,1.26124,,-1.0278,True,2023,2023-08-29 05:00:00,3.0,1.0,2-3
n3_h4dow_trail,n3,h4dow,trail,GBPUSD,S,2023-08-29 08:27:00-04:00,2023-08-29 10:02:00-04:00,1.25659,1.26124,1.26124,,-1.0278,True,2023,2023-08-29 05:00:00,3.0,1.0,2-3
n2_h4dow_trail,n2,h4dow,trail,USDJPY,L,2023-08-29 06:56:00-04:00,2023-08-29 10:22:00-04:00,146.745,146.301,146.301,,-1.0077,True,2023,2023-08-29 05:00:00,1.0,1.0,1
n3_h4dow_trail,n3,h4dow,trail,USDJPY,L,2023-08-29 06:56:00-04:00,2023-08-29 10:22:00-04:00,146.745,146.301,146.301,,-1.0077,True,2023,2023-08-29 05:00:00,1.0,1.0,1
n2_h4dow_fixed,n2,h4dow,fixed,USDJPY,L,2023-08-28 09:36:00-04:00,2023-08-29 11:19:00-04:00,146.634,146.115,146.115,147.499,-1.0065,True,2023,2023-08-28 09:00:00,1.0,1.0,1
n3_h4w18_fixed,n3,h4w18,fixed,USDJPY,L,2023-08-25 10:44:00-04:00,2023-08-29 11:33:00-04:00,146.561,145.995,145.995,147.503,-1.0058,True,2023,2023-08-25 09:00:00,5.0,0.0,4+
n3_h4w18_fixed,n3,h4w18,fixed,USDCHF,L,2023-08-24 08:33:00-04:00,2023-08-29 11:34:00-04:00,0.88281,0.87954,0.87954,0.88826,-1.058,True,2023,2023-08-24 05:00:00,2.0,1.0,2-3
n3_h4dow_fixed,n3,h4dow,fixed,GBPUSD,S,2023-08-24 13:37:00-04:00,2023-08-30 08:11:00-04:00,1.2615,1.26765,1.26765,1.25125,-1.0211,True,2023,2023-08-24 13:00:00,7.0,0.0,4+
n3_h4dow_trail,n3,h4dow,trail,EURUSD,S,2023-08-31 09:12:00-04:00,2023-09-01 03:30:00-04:00,1.08552,1.08542,1.08542,,0.0114,True,2023,2023-08-31 09:00:00,8.0,0.0,4+
n2_h4dow_trail,n2,h4dow,trail,GBPUSD,S,2023-09-01 02:22:00-04:00,2023-09-01 03:33:00-04:00,1.2653,1.26835,1.26835,,-0.7294,True,2023,2023-09-01 01:00:00,4.0,0.0,4+
n3_h4dow_trail,n3,h4dow,trail,GBPUSD,S,2023-09-01 02:22:00-04:00,2023-09-01 03:33:00-04:00,1.2653,1.26835,1.26835,,-0.7294,True,2023,2023-09-01 01:00:00,4.0,0.0,4+
n2_h4dow_fixed,n2,h4dow,fixed,GBPUSD,S,2023-09-01 02:22:00-04:00,2023-09-01 08:30:00-04:00,1.2653,1.26966,1.26966,1.25803,-1.0298,True,2023,2023-09-01 01:00:00,4.0,0.0,4+
n3_h4dow_fixed,n3,h4dow,fixed,GBPUSD,S,2023-09-01 02:22:00-04:00,2023-09-01 08:30:00-04:00,1.2653,1.26966,1.26966,1.25803,-1.0298,True,2023,2023-09-01 01:00:00,4.0,0.0,4+
n3_h4dow_fixed,n3,h4dow,fixed,EURUSD,S,2023-08-31 09:12:00-04:00,2023-09-01 12:00:00-04:00,1.08552,1.07844,1.08977,1.07844,1.6537,True,2023,2023-08-31 09:00:00,8.0,0.0,4+
n2_h4dow_fixed,n2,h4dow,fixed,USDJPY,L,2023-09-01 12:00:00-04:00,2023-09-05 08:04:00-04:00,146.229,147.371,145.543,147.371,1.656,True,2023,2023-09-01 09:00:00,4.0,0.0,4+
n3_h4dow_fixed,n3,h4dow,fixed,USDJPY,L,2023-09-01 12:00:00-04:00,2023-09-05 08:04:00-04:00,146.229,147.371,145.543,147.371,1.656,True,2023,2023-09-01 09:00:00,4.0,0.0,4+
n2_h4dow_fixed,n2,h4dow,fixed,EURUSD,S,2023-09-05 02:27:00-04:00,2023-09-05 10:44:00-04:00,1.07716,1.07156,1.08052,1.07156,1.6514,True,2023,2023-09-05 01:00:00,2.0,1.0,2-3
n3_h4dow_fixed,n3,h4dow,fixed,EURUSD,S,2023-09-05 02:27:00-04:00,2023-09-05 10:44:00-04:00,1.07716,1.07156,1.08052,1.07156,1.6514,True,2023,2023-09-05 01:00:00,2.0,1.0,2-3
n2_h4w18_fixed,n2,h4w18,fixed,EURUSD,S,2023-09-05 02:28:00-04:00,2023-09-05 10:48:00-04:00,1.07659,1.07099,1.07995,1.07099,1.6514,True,2023,2023-09-05 01:00:00,2.0,1.0,2-3
n3_h4w18_fixed,n3,h4w18,fixed,EURUSD,S,2023-09-05 02:28:00-04:00,2023-09-05 10:48:00-04:00,1.07659,1.07099,1.07995,1.07099,1.6514,True,2023,2023-09-05 01:00:00,2.0,1.0,2-3
n2_h4dow_trail,n2,h4dow,trail,USDJPY,L,2023-09-01 12:00:00-04:00,2023-09-06 01:01:00-04:00,146.229,147.365,147.365,,1.6473,True,2023,2023-09-01 09:00:00,4.0,0.0,4+
n3_h4dow_trail,n3,h4dow,trail,USDJPY,L,2023-09-01 12:00:00-04:00,2023-09-06 01:01:00-04:00,146.229,147.365,147.365,,1.6473,True,2023,2023-09-01 09:00:00,4.0,0.0,4+
n2_h4dow_trail,n2,h4dow,trail,GBPUSD,S,2023-09-05 03:30:00-04:00,2023-09-06 01:58:00-04:00,1.25777,1.25867,1.25867,,-0.2599,True,2023,2023-09-05 01:00:00,2.0,1.0,2-3
n3_h4dow_trail,n3,h4dow,trail,GBPUSD,S,2023-09-05 03:30:00-04:00,2023-09-06 01:58:00-04:00,1.25777,1.25867,1.25867,,-0.2599,True,2023,2023-09-05 01:00:00,2.0,1.0,2-3
n2_h4w18_trail,n2,h4w18,trail,GBPUSD,S,2023-09-05 04:11:00-04:00,2023-09-06 01:58:00-04:00,1.2548,1.25867,1.25867,,-1.0098,True,2023,2023-09-05 01:00:00,2.0,1.0,2-3
n3_h4w18_trail,n3,h4w18,trail,GBPUSD,S,2023-09-05 04:11:00-04:00,2023-09-06 01:58:00-04:00,1.2548,1.25867,1.25867,,-1.0098,True,2023,2023-09-05 01:00:00,2.0,1.0,2-3
n2_h4w18_fixed,n2,h4w18,fixed,GBPUSD,S,2023-09-05 04:11:00-04:00,2023-09-06 01:59:00-04:00,1.2548,1.25876,1.25876,1.2482,-1.0326,True,2023,2023-09-05 01:00:00,2.0,1.0,2-3
n3_h4w18_fixed,n3,h4w18,fixed,GBPUSD,S,2023-09-05 04:11:00-04:00,2023-09-06 01:59:00-04:00,1.2548,1.25876,1.25876,1.2482,-1.0326,True,2023,2023-09-05 01:00:00,2.0,1.0,2-3
n2_h4dow_fixed,n2,h4dow,fixed,GBPUSD,S,2023-09-05 03:30:00-04:00,2023-09-06 10:00:00-04:00,1.25777,1.25117,1.26173,1.25117,1.6341,True,2023,2023-09-05 01:00:00,2.0,1.0,2-3
n3_h4dow_fixed,n3,h4dow,fixed,GBPUSD,S,2023-09-05 03:30:00-04:00,2023-09-06 10:00:00-04:00,1.25777,1.25117,1.26173,1.25117,1.6341,True,2023,2023-09-05 01:00:00,2.0,1.0,2-3
n2_h4dow_trail,n2,h4dow,trail,GBPUSD,S,2023-09-06 09:31:00-04:00,2023-09-07 20:37:00-04:00,1.25286,1.24898,1.24898,,0.7783,True,2023,2023-09-06 09:00:00,2.0,1.0,2-3
n3_h4dow_trail,n3,h4dow,trail,GBPUSD,S,2023-09-06 09:31:00-04:00,2023-09-07 20:37:00-04:00,1.25286,1.24898,1.24898,,0.7783,True,2023,2023-09-06 09:00:00,2.0,1.0,2-3
n2_h4dow_trail,n2,h4dow,trail,EURUSD,S,2023-09-05 02:27:00-04:00,2023-09-08 10:00:00-04:00,1.07716,1.07282,1.07282,,1.2764,True,2023,2023-09-05 01:00:00,2.0,1.0,2-3
n3_h4dow_trail,n3,h4dow,trail,EURUSD,S,2023-09-05 02:27:00-04:00,2023-09-08 10:00:00-04:00,1.07716,1.07282,1.07282,,1.2764,True,2023,2023-09-05 01:00:00,2.0,1.0,2-3
n2_h4w18_trail,n2,h4w18,trail,EURUSD,S,2023-09-05 02:28:00-04:00,2023-09-08 10:00:00-04:00,1.07659,1.07282,1.07282,,1.1068,True,2023,2023-09-05 01:00:00,2.0,1.0,2-3
n3_h4w18_trail,n3,h4w18,trail,EURUSD,S,2023-09-05 02:28:00-04:00,2023-09-08 10:00:00-04:00,1.07659,1.07282,1.07282,,1.1068,True,2023,2023-09-05 01:00:00,2.0,1.0,2-3
n2_h4dow_fixed,n2,h4dow,fixed,GBPUSD,S,2023-09-07 02:59:00-04:00,2023-09-11 04:21:00-04:00,1.24822,1.25278,1.25278,1.24062,-1.0281,True,2023,2023-09-07 01:00:00,3.0,1.0,2-3
n3_h4dow_fixed,n3,h4dow,fixed,GBPUSD,S,2023-09-07 02:59:00-04:00,2023-09-11 04:21:00-04:00,1.24822,1.25278,1.25278,1.24062,-1.0281,True,2023,2023-09-07 01:00:00,3.0,1.0,2-3
n2_h4dow_fixed,n2,h4dow,fixed,EURUSD,S,2023-09-06 10:00:00-04:00,2023-09-11 10:03:00-04:00,1.07065,1.07441,1.07441,1.06437,-1.0136,True,2023,2023-09-06 09:00:00,2.0,1.0,2-3
n3_h4dow_fixed,n3,h4dow,fixed,EURUSD,S,2023-09-06 10:00:00-04:00,2023-09-11 10:03:00-04:00,1.07065,1.07441,1.07441,1.06437,-1.0136,True,2023,2023-09-06 09:00:00,2.0,1.0,2-3
n2_h4w18_fixed,n2,h4w18,fixed,GBPUSD,S,2023-09-13 03:00:00-04:00,2023-09-13 08:35:00-04:00,1.24456,1.24868,1.24868,1.23769,-1.031,True,2023,2023-09-13 01:00:00,4.0,1.0,4+
n2_h4w18_trail,n2,h4w18,trail,GBPUSD,S,2023-09-13 03:00:00-04:00,2023-09-13 08:35:00-04:00,1.24456,1.24868,1.24868,,-1.031,True,2023,2023-09-13 01:00:00,4.0,1.0,4+
n3_h4w18_fixed,n3,h4w18,fixed,GBPUSD,S,2023-09-13 03:00:00-04:00,2023-09-13 08:35:00-04:00,1.24456,1.24868,1.24868,1.23769,-1.031,True,2023,2023-09-13 01:00:00,4.0,1.0,4+
n3_h4w18_trail,n3,h4w18,trail,GBPUSD,S,2023-09-13 03:00:00-04:00,2023-09-13 08:35:00-04:00,1.24456,1.24868,1.24868,,-1.031,True,2023,2023-09-13 01:00:00,4.0,1.0,4+
n2_h4dow_fixed,n2,h4dow,fixed,GBPUSD,S,2023-09-13 02:03:00-04:00,2023-09-13 09:31:00-04:00,1.246,1.25012,1.25012,1.23913,-1.0311,True,2023,2023-09-13 01:00:00,4.0,1.0,4+
n2_h4dow_trail,n2,h4dow,trail,GBPUSD,S,2023-09-13 02:03:00-04:00,2023-09-13 09:31:00-04:00,1.246,1.25012,1.25012,,-1.0311,True,2023,2023-09-13 01:00:00,4.0,1.0,4+
n3_h4dow_fixed,n3,h4dow,fixed,GBPUSD,S,2023-09-13 02:03:00-04:00,2023-09-13 09:31:00-04:00,1.246,1.25012,1.25012,1.23913,-1.0311,True,2023,2023-09-13 01:00:00,4.0,1.0,4+
n3_h4dow_trail,n3,h4dow,trail,GBPUSD,S,2023-09-13 02:03:00-04:00,2023-09-13 09:31:00-04:00,1.246,1.25012,1.25012,,-1.0311,True,2023,2023-09-13 01:00:00,4.0,1.0,4+
n2_h4dow_fixed,n2,h4dow,fixed,EURUSD,S,2023-09-14 08:15:00-04:00,2023-09-14 12:21:00-04:00,1.0711,1.0652,1.07464,1.0652,1.6523,True,2023,2023-09-14 05:00:00,5.0,0.0,4+
n3_h4dow_fixed,n3,h4dow,fixed,EURUSD,S,2023-09-14 08:15:00-04:00,2023-09-14 12:21:00-04:00,1.0711,1.0652,1.07464,1.0652,1.6523,True,2023,2023-09-14 05:00:00,5.0,0.0,4+
n2_h4dow_trail,n2,h4dow,trail,USDJPY,L,2023-09-15 03:14:00-04:00,2023-09-18 02:16:00-04:00,147.744,147.61,147.61,,-0.3006,True,2023,2023-09-15 01:00:00,1.0,1.0,1
n3_h4dow_trail,n3,h4dow,trail,USDJPY,L,2023-09-15 03:14:00-04:00,2023-09-18 02:16:00-04:00,147.744,147.61,147.61,,-0.3006,True,2023,2023-09-15 01:00:00,1.0,1.0,1
n2_h4w18_trail,n2,h4w18,trail,USDJPY,L,2023-09-15 06:29:00-04:00,2023-09-18 02:16:00-04:00,147.873,147.61,147.61,,-0.5564,True,2023,2023-09-15 05:00:00,1.0,1.0,1
n3_h4w18_trail,n3,h4w18,trail,USDJPY,L,2023-09-15 06:29:00-04:00,2023-09-18 02:16:00-04:00,147.873,147.61,147.61,,-0.5564,True,2023,2023-09-15 05:00:00,1.0,1.0,1
n2_h4dow_trail,n2,h4dow,trail,EURUSD,S,2023-09-14 08:15:00-04:00,2023-09-18 11:05:00-04:00,1.0711,1.06778,1.06778,,0.9235,True,2023,2023-09-14 05:00:00,5.0,0.0,4+
n3_h4dow_trail,n3,h4dow,trail,EURUSD,S,2023-09-14 08:15:00-04:00,2023-09-18 11:05:00-04:00,1.0711,1.06778,1.06778,,0.9235,True,2023,2023-09-14 05:00:00,5.0,0.0,4+
n2_h4w18_trail,n2,h4w18,trail,EURUSD,S,2023-09-14 08:30:00-04:00,2023-09-18 11:05:00-04:00,1.06861,1.06778,1.06778,,0.2201,True,2023,2023-09-14 05:00:00,5.0,0.0,4+
n3_h4w18_trail,n3,h4w18,trail,EURUSD,S,2023-09-14 08:30:00-04:00,2023-09-18 11:05:00-04:00,1.06861,1.06778,1.06778,,0.2201,True,2023,2023-09-14 05:00:00,5.0,0.0,4+
n2_h4dow_trail,n2,h4dow,trail,GBPUSD,S,2023-09-14 08:30:00-04:00,2023-09-19 03:56:00-04:00,1.24346,1.2392,1.2392,,0.9003,True,2023,2023-09-14 05:00:00,1.0,1.0,1
n3_h4dow_trail,n3,h4dow,trail,GBPUSD,S,2023-09-14 08:30:00-04:00,2023-09-19 03:56:00-04:00,1.24346,1.2392,1.2392,,0.9003,True,2023,2023-09-14 05:00:00,5.0,1.0,4+
n2_h4dow_fixed,n2,h4dow,fixed,GBPUSD,S,2023-09-14 08:30:00-04:00,2023-09-20 02:00:00-04:00,1.24346,1.23581,1.24805,1.23581,1.6389,True,2023,2023-09-14 05:00:00,1.0,1.0,1
n3_h4dow_fixed,n3,h4dow,fixed,GBPUSD,S,2023-09-14 08:30:00-04:00,2023-09-20 02:00:00-04:00,1.24346,1.23581,1.24805,1.23581,1.6389,True,2023,2023-09-14 05:00:00,5.0,1.0,4+
n2_h4dow_trail,n2,h4dow,trail,GBPUSD,S,2023-09-20 02:00:00-04:00,2023-09-20 09:35:00-04:00,1.23699,1.23958,1.23958,,-0.7741,True,2023,2023-09-20 01:00:00,4.0,0.0,4+
n3_h4dow_trail,n3,h4dow,trail,GBPUSD,S,2023-09-20 02:00:00-04:00,2023-09-20 09:35:00-04:00,1.23699,1.23958,1.23958,,-0.7741,True,2023,2023-09-20 01:00:00,8.0,0.0,4+
n2_h4dow_fixed,n2,h4dow,fixed,AUDUSD,L,2023-09-19 03:53:00-04:00,2023-09-20 09:44:00-04:00,0.64488,0.64955,0.64208,0.64955,1.6379,True,2023,2023-09-19 01:00:00,2.0,0.0,2-3
n2_h4w18_fixed,n2,h4w18,fixed,EURUSD,S,2023-09-14 08:30:00-04:00,2023-09-20 10:01:00-04:00,1.06861,1.07215,1.07215,1.06271,-1.0144,True,2023,2023-09-14 05:00:00,5.0,0.0,4+
n3_h4w18_fixed,n3,h4w18,fixed,EURUSD,S,2023-09-14 08:30:00-04:00,2023-09-20 10:01:00-04:00,1.06861,1.07215,1.07215,1.06271,-1.0144,True,2023,2023-09-14 05:00:00,5.0,0.0,4+
n2_h4dow_trail,n2,h4dow,trail,USDJPY,L,2023-09-20 02:01:00-04:00,2023-09-20 10:02:00-04:00,147.95,147.641,147.641,,-1.0122,True,2023,2023-09-20 01:00:00,2.0,1.0,2-3
n3_h4dow_trail,n3,h4dow,trail,USDJPY,L,2023-09-20 02:01:00-04:00,2023-09-20 10:02:00-04:00,147.95,147.641,147.641,,-1.0122,True,2023,2023-09-20 01:00:00,2.0,1.0,2-3
n2_h4dow_fixed,n2,h4dow,fixed,GBPUSD,S,2023-09-20 04:42:00-04:00,2023-09-20 10:02:00-04:00,1.23699,1.2405,1.2405,1.23114,-1.0362,True,2023,2023-09-20 01:00:00,4.0,0.0,4+
n3_h4dow_fixed,n3,h4dow,fixed,GBPUSD,S,2023-09-20 04:42:00-04:00,2023-09-20 10:02:00-04:00,1.23699,1.2405,1.2405,1.23114,-1.0362,True,2023,2023-09-20 01:00:00,8.0,0.0,4+
n2_h4dow_trail,n2,h4dow,trail,AUDUSD,L,2023-09-19 03:53:00-04:00,2023-09-20 15:47:00-04:00,0.64488,0.64484,0.64484,,-0.0441,True,2023,2023-09-19 01:00:00,2.0,0.0,2-3
n2_h4w18_fixed,n2,h4w18,fixed,AUDUSD,L,2023-09-20 06:10:00-04:00,2023-09-20 15:52:00-04:00,0.64735,0.64471,0.64471,0.65175,-1.0317,True,2023,2023-09-20 05:00:00,2.0,0.0,2-3
n2_h4w18_trail,n2,h4w18,trail,AUDUSD,L,2023-09-20 06:10:00-04:00,2023-09-20 15:52:00-04:00,0.64735,0.64471,0.64471,,-1.0317,True,2023,2023-09-20 05:00:00,2.0,0.0,2-3
n2_h4w18_fixed,n2,h4w18,fixed,USDJPY,L,2023-09-15 06:29:00-04:00,2023-09-21 10:34:00-04:00,147.873,147.394,147.394,148.671,-1.0068,True,2023,2023-09-15 05:00:00,1.0,1.0,1
n3_h4w18_fixed,n3,h4w18,fixed,USDJPY,L,2023-09-15 06:29:00-04:00,2023-09-21 10:34:00-04:00,147.873,147.394,147.394,148.671,-1.0068,True,2023,2023-09-15 05:00:00,1.0,1.0,1
n2_h4dow_trail,n2,h4dow,trail,EURUSD,S,2023-09-20 16:04:00-04:00,2023-09-22 10:30:00-04:00,1.06548,1.06679,1.06679,,-0.4161,True,2023,2023-09-20 13:00:00,3.0,0.0,2-3
n3_h4dow_trail,n3,h4dow,trail,EURUSD,S,2023-09-20 16:04:00-04:00,2023-09-22 10:30:00-04:00,1.06548,1.06679,1.06679,,-0.4161,True,2023,2023-09-20 13:00:00,3.0,0.0,2-3
n2_h4w18_trail,n2,h4w18,trail,EURUSD,S,2023-09-20 20:49:00-04:00,2023-09-22 10:30:00-04:00,1.0632,1.06679,1.06679,,-0.8506,True,2023,2023-09-20 17:00:00,3.0,0.0,2-3
n3_h4w18_trail,n3,h4w18,trail,EURUSD,S,2023-09-20 20:49:00-04:00,2023-09-22 10:30:00-04:00,1.0632,1.06679,1.06679,,-0.8506,True,2023,2023-09-20 17:00:00,3.0,0.0,2-3
n2_h4dow_trail,n2,h4dow,trail,GBPUSD,S,2023-09-22 05:25:00-04:00,2023-09-25 03:13:00-04:00,1.22366,1.22501,1.22501,,-0.286,True,2023,2023-09-22 05:00:00,4.0,0.0,4+
n3_h4dow_trail,n3,h4dow,trail,GBPUSD,S,2023-09-22 05:25:00-04:00,2023-09-25 03:13:00-04:00,1.22366,1.22501,1.22501,,-0.286,True,2023,2023-09-22 05:00:00,8.0,0.0,4+
n2_h4dow_fixed,n2,h4dow,fixed,USDJPY,L,2023-09-15 03:14:00-04:00,2023-09-25 04:23:00-04:00,147.744,148.506,147.286,148.506,1.6527,True,2023,2023-09-15 01:00:00,1.0,1.0,1
n3_h4dow_fixed,n3,h4dow,fixed,USDJPY,L,2023-09-15 03:14:00-04:00,2023-09-25 04:23:00-04:00,147.744,148.506,147.286,148.506,1.6527,True,2023,2023-09-15 01:00:00,1.0,1.0,1
n2_h4dow_fixed,n2,h4dow,fixed,EURUSD,S,2023-09-20 16:04:00-04:00,2023-09-25 09:36:00-04:00,1.06548,1.06003,1.06875,1.06003,1.6512,True,2023,2023-09-20 13:00:00,3.0,0.0,2-3
n3_h4dow_fixed,n3,h4dow,fixed,EURUSD,S,2023-09-20 16:04:00-04:00,2023-09-25 09:36:00-04:00,1.06548,1.06003,1.06875,1.06003,1.6512,True,2023,2023-09-20 13:00:00,3.0,0.0,2-3
n2_h4dow_fixed,n2,h4dow,fixed,GBPUSD,S,2023-09-22 05:25:00-04:00,2023-09-26 19:22:00-04:00,1.22366,1.21506,1.22882,1.21506,1.6424,True,2023,2023-09-22 05:00:00,4.0,0.0,4+
n3_h4dow_fixed,n3,h4dow,fixed,GBPUSD,S,2023-09-22 05:25:00-04:00,2023-09-26 19:22:00-04:00,1.22366,1.21506,1.22882,1.21506,1.6424,True,2023,2023-09-22 05:00:00,8.0,0.0,4+
n2_h4w18_fixed,n2,h4w18,fixed,EURUSD,S,2023-09-20 20:49:00-04:00,2023-09-26 20:44:00-04:00,1.0632,1.05608,1.06748,1.05608,1.6517,True,2023,2023-09-20 17:00:00,3.0,0.0,2-3
n3_h4w18_fixed,n3,h4w18,fixed,EURUSD,S,2023-09-20 20:49:00-04:00,2023-09-26 20:44:00-04:00,1.0632,1.05608,1.06748,1.05608,1.6517,True,2023,2023-09-20 17:00:00,3.0,0.0,2-3
n2_h4dow_fixed,n2,h4dow,fixed,EURUSD,S,2023-09-26 02:56:00-04:00,2023-09-27 09:53:00-04:00,1.05755,1.05157,1.06114,1.05157,1.6517,True,2023,2023-09-26 01:00:00,2.0,1.0,2-3
n3_h4dow_fixed,n3,h4dow,fixed,EURUSD,S,2023-09-26 02:56:00-04:00,2023-09-27 09:53:00-04:00,1.05755,1.05157,1.06114,1.05157,1.6517,True,2023,2023-09-26 01:00:00,2.0,1.0,2-3
n2_h4dow_fixed,n2,h4dow,fixed,USDJPY,L,2023-09-26 01:54:00-04:00,2023-09-27 12:32:00-04:00,148.962,149.592,148.584,149.592,1.656,True,2023,2023-09-26 01:00:00,3.0,0.0,2-3
n3_h4dow_fixed,n3,h4dow,fixed,USDJPY,L,2023-09-26 01:54:00-04:00,2023-09-27 12:32:00-04:00,148.962,149.592,148.584,149.592,1.656,True,2023,2023-09-26 01:00:00,3.0,0.0,2-3
n2_h4dow_trail,n2,h4dow,trail,USDJPY,L,2023-09-24 20:10:00-04:00,2023-09-28 00:51:00-04:00,148.457,149.356,149.356,,1.7678,True,2023,2023-09-24 17:00:00,3.0,0.0,2-3
n3_h4dow_trail,n3,h4dow,trail,USDJPY,L,2023-09-24 20:10:00-04:00,2023-09-28 00:51:00-04:00,148.457,149.356,149.356,,1.7678,True,2023,2023-09-24 17:00:00,3.0,0.0,2-3
n2_h4dow_trail,n2,h4dow,trail,EURUSD,S,2023-09-25 09:07:00-04:00,2023-09-28 03:19:00-04:00,1.0615,1.05162,1.05162,,2.6212,True,2023,2023-09-25 09:00:00,2.0,1.0,2-3
n3_h4dow_trail,n3,h4dow,trail,EURUSD,S,2023-09-25 09:07:00-04:00,2023-09-28 03:19:00-04:00,1.0615,1.05162,1.05162,,2.6212,True,2023,2023-09-25 09:00:00,5.0,0.0,4+
n2_h4dow_fixed,n2,h4dow,fixed,USDJPY,L,2023-10-01 18:01:00-04:00,2023-10-03 10:12:00-04:00,149.502,149.022,149.022,150.302,-1.0066,True,2023,2023-10-01 17:00:00,5.0,0.0,4+
n2_h4dow_trail,n2,h4dow,trail,USDJPY,L,2023-10-01 18:01:00-04:00,2023-10-03 10:12:00-04:00,149.502,149.655,149.655,,0.3101,True,2023,2023-10-01 17:00:00,5.0,0.0,4+
n3_h4dow_fixed,n3,h4dow,fixed,USDJPY,L,2023-10-01 18:01:00-04:00,2023-10-03 10:12:00-04:00,149.502,149.022,149.022,150.302,-1.0066,True,2023,2023-10-01 17:00:00,5.0,0.0,4+
n3_h4dow_trail,n3,h4dow,trail,USDJPY,L,2023-10-01 18:01:00-04:00,2023-10-03 10:12:00-04:00,149.502,149.655,149.655,,0.3101,True,2023,2023-10-01 17:00:00,5.0,0.0,4+
n2_h4dow_trail,n2,h4dow,trail,GBPUSD,S,2023-10-02 12:49:00-04:00,2023-10-04 04:34:00-04:00,1.21108,1.21019,1.21019,,0.151,True,2023,2023-10-02 09:00:00,5.0,0.0,4+
n3_h4dow_trail,n3,h4dow,trail,GBPUSD,S,2023-10-02 12:49:00-04:00,2023-10-04 04:34:00-04:00,1.21108,1.21019,1.21019,,0.151,True,2023,2023-10-02 09:00:00,9.0,0.0,4+
n2_h4dow_trail,n2,h4dow,trail,EURUSD,S,2023-10-02 15:20:00-04:00,2023-10-04 05:08:00-04:00,1.04881,1.04935,1.04935,,-0.1385,True,2023,2023-10-02 13:00:00,4.0,0.0,4+
n3_h4dow_trail,n3,h4dow,trail,EURUSD,S,2023-10-02 15:20:00-04:00,2023-10-04 05:08:00-04:00,1.04881,1.04935,1.04935,,-0.1385,True,2023,2023-10-02 13:00:00,4.0,0.0,4+
n2_h4dow_fixed,n2,h4dow,fixed,GBPUSD,S,2023-10-02 12:49:00-04:00,2023-10-04 08:40:00-04:00,1.21108,1.21615,1.21615,1.20263,-1.0246,True,2023,2023-10-02 09:00:00,5.0,0.0,4+
n3_h4dow_fixed,n3,h4dow,fixed,GBPUSD,S,2023-10-02 12:49:00-04:00,2023-10-04 08:40:00-04:00,1.21108,1.21615,1.21615,1.20263,-1.0246,True,2023,2023-10-02 09:00:00,9.0,0.0,4+
n2_h4dow_fixed,n2,h4dow,fixed,EURUSD,S,2023-10-02 15:20:00-04:00,2023-10-04 08:47:00-04:00,1.04881,1.05307,1.05307,1.04171,-1.0117,True,2023,2023-10-02 13:00:00,4.0,0.0,4+
n3_h4dow_fixed,n3,h4dow,fixed,EURUSD,S,2023-10-02 15:20:00-04:00,2023-10-04 08:47:00-04:00,1.04881,1.05307,1.05307,1.04171,-1.0117,True,2023,2023-10-02 13:00:00,4.0,0.0,4+
n2_h4dow_trail,n2,h4dow,trail,AUDUSD,S,2023-10-03 00:16:00-04:00,2023-10-04 20:56:00-04:00,0.63318,0.63424,0.63424,,-0.3155,True,2023,2023-10-02 21:00:00,3.0,0.0,2-3
n2_h4w18_trail,n2,h4w18,trail,AUDUSD,S,2023-10-03 00:16:00-04:00,2023-10-04 20:56:00-04:00,0.63318,0.63424,0.63424,,-0.3155,True,2023,2023-10-02 21:00:00,3.0,0.0,2-3
n2_h4dow_fixed,n2,h4dow,fixed,AUDUSD,S,2023-10-03 00:16:00-04:00,2023-10-04 23:18:00-04:00,0.63318,0.6368,0.6368,0.62716,-1.0227,True,2023,2023-10-02 21:00:00,3.0,0.0,2-3
n2_h4w18_fixed,n2,h4w18,fixed,AUDUSD,S,2023-10-03 00:16:00-04:00,2023-10-04 23:18:00-04:00,0.63318,0.6368,0.6368,0.62716,-1.0227,True,2023,2023-10-02 21:00:00,3.0,0.0,2-3
n2_h4dow_fixed,n2,h4dow,fixed,GBPUSD,S,2023-10-06 08:53:00-04:00,2023-10-06 09:23:00-04:00,1.2108,1.216,1.216,1.20212,-1.0239,True,2023,2023-10-06 05:00:00,2.0,0.0,2-3
n2_h4dow_trail,n2,h4dow,trail,GBPUSD,S,2023-10-06 08:53:00-04:00,2023-10-06 09:23:00-04:00,1.2108,1.216,1.216,,-1.0239,True,2023,2023-10-06 05:00:00,2.0,0.0,2-3
n3_h4dow_fixed,n3,h4dow,fixed,GBPUSD,S,2023-10-06 08:53:00-04:00,2023-10-06 09:23:00-04:00,1.2108,1.216,1.216,1.20212,-1.0239,True,2023,2023-10-06 05:00:00,2.0,0.0,2-3
n3_h4dow_trail,n3,h4dow,trail,GBPUSD,S,2023-10-06 08:53:00-04:00,2023-10-06 09:23:00-04:00,1.2108,1.216,1.216,,-1.0239,True,2023,2023-10-06 05:00:00,2.0,0.0,2-3
n2_h4dow_fixed,n2,h4dow,fixed,EURUSD,S,2023-10-06 08:46:00-04:00,2023-10-06 10:26:00-04:00,1.05,1.05345,1.05345,1.04425,-1.0145,True,2023,2023-10-06 05:00:00,1.0,1.0,1
n2_h4dow_trail,n2,h4dow,trail,EURUSD,S,2023-10-06 08:46:00-04:00,2023-10-06 10:26:00-04:00,1.05,1.05345,1.05345,,-1.0145,True,2023,2023-10-06 05:00:00,1.0,1.0,1
n3_h4dow_fixed,n3,h4dow,fixed,EURUSD,S,2023-10-06 08:46:00-04:00,2023-10-06 10:26:00-04:00,1.05,1.05345,1.05345,1.04425,-1.0145,True,2023,2023-10-06 05:00:00,5.0,0.0,4+
n3_h4dow_trail,n3,h4dow,trail,EURUSD,S,2023-10-06 08:46:00-04:00,2023-10-06 10:26:00-04:00,1.05,1.05345,1.05345,,-1.0145,True,2023,2023-10-06 05:00:00,5.0,0.0,4+
n2_h4dow_trail,n2,h4dow,trail,USDJPY,L,2023-10-06 08:30:00-04:00,2023-10-09 09:01:00-04:00,149.117,148.999,148.999,,-0.2127,True,2023,2023-10-06 05:00:00,1.0,1.0,1
n3_h4dow_trail,n3,h4dow,trail,USDJPY,L,2023-10-06 08:30:00-04:00,2023-10-09 09:01:00-04:00,149.117,148.999,148.999,,-0.2127,True,2023,2023-10-06 05:00:00,7.0,0.0,4+
n2_h4dow_fixed,n2,h4dow,fixed,USDJPY,L,2023-10-06 08:30:00-04:00,2023-10-09 10:38:00-04:00,149.117,148.544,148.544,150.072,-1.0067,True,2023,2023-10-06 05:00:00,1.0,1.0,1
n3_h4dow_fixed,n3,h4dow,fixed,USDJPY,L,2023-10-06 08:30:00-04:00,2023-10-09 10:38:00-04:00,149.117,148.544,148.544,150.072,-1.0067,True,2023,2023-10-06 05:00:00,7.0,0.0,4+
n2_h4dow_trail,n2,h4dow,trail,AUDUSD,S,2023-10-11 13:35:00-04:00,2023-10-12 02:43:00-04:00,0.63902,0.64276,0.64276,,-0.9234,True,2023,2023-10-11 13:00:00,4.0,0.0,4+
n3_h4dow_trail,n3,h4dow,trail,AUDUSD,S,2023-10-11 13:35:00-04:00,2023-10-12 02:43:00-04:00,0.63902,0.64276,0.64276,,-0.9234,True,2023,2023-10-11 13:00:00,4.0,0.0,4+
n3_h4dow_trail,n3,h4dow,trail,USDJPY,L,2023-10-11 10:50:00-04:00,2023-10-12 02:45:00-04:00,149.098,148.983,148.983,,-0.2123,True,2023,2023-10-11 09:00:00,3.0,0.0,2-3
n2_h4dow_fixed,n2,h4dow,fixed,AUDUSD,S,2023-10-11 13:35:00-04:00,2023-10-12 13:07:00-04:00,0.63902,0.63212,0.64316,0.63212,1.6468,True,2023,2023-10-11 13:00:00,4.0,0.0,4+
n3_h4dow_fixed,n3,h4dow,fixed,AUDUSD,S,2023-10-11 13:35:00-04:00,2023-10-12 13:07:00-04:00,0.63902,0.63212,0.64316,0.63212,1.6468,True,2023,2023-10-11 13:00:00,4.0,0.0,4+
n3_h4dow_fixed,n3,h4dow,fixed,EURUSD,S,2023-10-12 08:36:00-04:00,2023-10-13 10:00:00-04:00,1.05809,1.05134,1.06214,1.05134,1.6542,True,2023,2023-10-12 05:00:00,8.0,0.0,4+
n3_h4dow_trail,n3,h4dow,trail,USDJPY,L,2023-10-12 08:30:00-04:00,2023-10-15 20:06:00-04:00,149.324,149.455,149.455,,0.2631,True,2023,2023-10-12 05:00:00,3.0,0.0,2-3
n2_h4dow_trail,n2,h4dow,trail,AUDUSD,S,2023-10-12 08:30:00-04:00,2023-10-16 02:44:00-04:00,0.63881,0.63318,0.63318,,1.4715,True,2023,2023-10-12 05:00:00,4.0,0.0,4+
n3_h4dow_trail,n3,h4dow,trail,AUDUSD,S,2023-10-12 08:30:00-04:00,2023-10-16 02:44:00-04:00,0.63881,0.63318,0.63318,,1.4715,True,2023,2023-10-12 05:00:00,4.0,0.0,4+
n3_h4dow_trail,n3,h4dow,trail,EURUSD,S,2023-10-12 08:36:00-04:00,2023-10-16 15:12:00-04:00,1.05809,1.05587,1.05587,,0.5357,True,2023,2023-10-12 05:00:00,8.0,0.0,4+
n2_h4dow_fixed,n2,h4dow,fixed,AUDUSD,S,2023-10-13 06:23:00-04:00,2023-10-16 20:32:00-04:00,0.63075,0.63467,0.63467,0.62423,-1.0209,True,2023,2023-10-13 05:00:00,5.0,0.0,4+
n3_h4dow_fixed,n3,h4dow,fixed,AUDUSD,S,2023-10-13 06:23:00-04:00,2023-10-16 20:32:00-04:00,0.63075,0.63467,0.63467,0.62423,-1.0209,True,2023,2023-10-13 05:00:00,5.0,0.0,4+
n3_h4dow_fixed,n3,h4dow,fixed,EURUSD,S,2023-10-18 10:47:00-04:00,2023-10-19 08:31:00-04:00,1.0533,1.05716,1.05716,1.04688,-1.013,True,2023,2023-10-18 09:00:00,3.0,0.0,2-3
n3_h4dow_trail,n3,h4dow,trail,EURUSD,S,2023-10-18 10:47:00-04:00,2023-10-19 08:31:00-04:00,1.0533,1.05715,1.05715,,-1.013,True,2023,2023-10-18 09:00:00,3.0,0.0,2-3
n2_h4dow_trail,n2,h4dow,trail,USDJPY,L,2023-10-17 08:41:00-04:00,2023-10-19 12:03:00-04:00,149.763,149.725,149.725,,-0.1384,True,2023,2023-10-17 05:00:00,3.0,1.0,2-3
n3_h4dow_trail,n3,h4dow,trail,USDJPY,L,2023-10-17 08:41:00-04:00,2023-10-19 12:03:00-04:00,149.763,149.725,149.725,,-0.1384,True,2023,2023-10-17 05:00:00,5.0,0.0,4+
n2_h4dow_fixed,n2,h4dow,fixed,EURUSD,L,2023-10-19 12:02:00-04:00,2023-10-19 12:38:00-04:00,1.05949,1.05571,1.05571,1.06579,-1.0133,True,2023,2023-10-19 09:00:00,2.0,0.0,2-3
n2_h4dow_trail,n2,h4dow,trail,EURUSD,L,2023-10-19 12:02:00-04:00,2023-10-19 12:38:00-04:00,1.05949,1.05571,1.05571,,-1.0133,True,2023,2023-10-19 09:00:00,2.0,0.0,2-3
n2_h4dow_trail,n2,h4dow,trail,USDJPY,L,2023-10-20 03:58:00-04:00,2023-10-20 04:23:00-04:00,149.964,149.682,149.682,,-1.0136,True,2023,2023-10-20 01:00:00,2.0,1.0,2-3
n3_h4dow_trail,n3,h4dow,trail,USDJPY,L,2023-10-20 03:58:00-04:00,2023-10-20 04:23:00-04:00,149.964,149.682,149.682,,-1.0136,True,2023,2023-10-20 01:00:00,8.0,0.0,4+
n2_h4dow_trail,n2,h4dow,trail,USDJPY,L,2023-10-20 04:35:00-04:00,2023-10-23 11:34:00-04:00,149.964,149.784,149.784,,-0.652,True,2023,2023-10-20 01:00:00,2.0,1.0,2-3
n3_h4dow_trail,n3,h4dow,trail,USDJPY,L,2023-10-20 04:35:00-04:00,2023-10-23 11:34:00-04:00,149.964,149.784,149.784,,-0.652,True,2023,2023-10-20 01:00:00,8.0,0.0,4+
n2_h4dow_fixed,n2,h4dow,fixed,EURUSD,L,2023-10-19 12:56:00-04:00,2023-10-23 12:53:00-04:00,1.05949,1.06579,1.05571,1.06579,1.6533,True,2023,2023-10-19 09:00:00,2.0,0.0,2-3
n2_h4dow_fixed,n2,h4dow,fixed,USDJPY,L,2023-10-17 08:41:00-04:00,2023-10-24 02:58:00-04:00,149.763,149.46,149.46,150.268,-1.0129,True,2023,2023-10-17 05:00:00,3.0,1.0,2-3
n2_h4w18_fixed,n2,h4w18,fixed,EURUSD,L,2023-10-23 11:34:00-04:00,2023-10-24 09:45:00-04:00,1.06398,1.06014,1.06014,1.07038,-1.0132,True,2023,2023-10-23 09:00:00,3.0,0.0,2-3
n2_h4w18_trail,n2,h4w18,trail,EURUSD,L,2023-10-23 11:34:00-04:00,2023-10-24 09:45:00-04:00,1.06398,1.06014,1.06014,,-1.0132,True,2023,2023-10-23 09:00:00,3.0,0.0,2-3
n2_h4dow_trail,n2,h4dow,trail,EURUSD,L,2023-10-19 12:56:00-04:00,2023-10-25 03:22:00-04:00,1.05949,1.05831,1.05831,,-0.3255,True,2023,2023-10-19 09:00:00,2.0,0.0,2-3
n3_h4dow_fixed,n3,h4dow,fixed,USDJPY,L,2023-10-11 10:50:00-04:00,2023-10-25 13:34:00-04:00,149.098,150.03,148.538,150.03,1.6566,True,2023,2023-10-11 09:00:00,3.0,0.0,2-3
n2_h4dow_fixed,n2,h4dow,fixed,USDJPY,L,2023-10-25 05:44:00-04:00,2023-10-25 22:16:00-04:00,149.932,150.364,149.673,150.364,1.6523,True,2023,2023-10-25 05:00:00,4.0,0.0,4+
n2_h4w18_fixed,n2,h4w18,fixed,USDJPY,L,2023-10-25 13:04:00-04:00,2023-10-25 22:16:00-04:00,149.992,150.374,149.763,150.374,1.6502,True,2023,2023-10-25 13:00:00,4.0,0.0,4+
n3_h4w18_fixed,n3,h4w18,fixed,USDJPY,L,2023-10-25 13:04:00-04:00,2023-10-25 22:16:00-04:00,149.992,150.374,149.763,150.374,1.6502,True,2023,2023-10-25 13:00:00,10.0,0.0,4+
n2_h4dow_trail,n2,h4dow,trail,USDJPY,L,2023-10-25 05:44:00-04:00,2023-10-26 02:47:00-04:00,149.932,149.864,149.864,,-0.2766,True,2023,2023-10-25 05:00:00,4.0,0.0,4+
n3_h4dow_trail,n3,h4dow,trail,USDJPY,L,2023-10-25 05:44:00-04:00,2023-10-26 02:47:00-04:00,149.932,149.864,149.864,,-0.2766,True,2023,2023-10-25 05:00:00,10.0,0.0,4+
n2_h4w18_trail,n2,h4w18,trail,USDJPY,L,2023-10-25 13:04:00-04:00,2023-10-26 02:47:00-04:00,149.992,149.864,149.864,,-0.5733,True,2023,2023-10-25 13:00:00,4.0,0.0,4+
n3_h4w18_trail,n3,h4w18,trail,USDJPY,L,2023-10-25 13:04:00-04:00,2023-10-26 02:47:00-04:00,149.992,149.864,149.864,,-0.5733,True,2023,2023-10-25 13:00:00,10.0,0.0,4+
n2_h4dow_fixed,n2,h4dow,fixed,EURUSD,L,2023-10-30 08:54:00-04:00,2023-10-31 05:57:00-04:00,1.05971,1.06536,1.05632,1.06536,1.6517,True,2023,2023-10-30 05:00:00,4.0,0.0,4+
n3_h4dow_fixed,n3,h4dow,fixed,EURUSD,L,2023-10-30 08:54:00-04:00,2023-10-31 05:57:00-04:00,1.05971,1.06536,1.05632,1.06536,1.6517,True,2023,2023-10-30 05:00:00,4.0,0.0,4+
n2_h4dow_trail,n2,h4dow,trail,EURUSD,L,2023-10-30 08:54:00-04:00,2023-10-31 11:06:00-04:00,1.05971,1.05907,1.05907,,-0.2037,True,2023,2023-10-30 05:00:00,4.0,0.0,4+
n3_h4dow_trail,n3,h4dow,trail,EURUSD,L,2023-10-30 08:54:00-04:00,2023-10-31 11:06:00-04:00,1.05971,1.05907,1.05907,,-0.2037,True,2023,2023-10-30 05:00:00,4.0,0.0,4+
n2_h4dow_trail,n2,h4dow,trail,USDJPY,L,2023-10-31 08:35:00-04:00,2023-11-01 06:53:00-04:00,150.778,151.144,151.144,,0.601,True,2023,2023-10-31 05:00:00,5.0,0.0,4+
n2_h4w18_trail,n2,h4w18,trail,USDJPY,L,2023-10-31 08:35:00-04:00,2023-11-01 06:53:00-04:00,150.778,151.144,151.144,,0.601,True,2023,2023-10-31 05:00:00,5.0,0.0,4+
n3_h4dow_trail,n3,h4dow,trail,USDJPY,L,2023-10-31 08:35:00-04:00,2023-11-01 06:53:00-04:00,150.778,151.144,151.144,,0.601,True,2023,2023-10-31 05:00:00,11.0,0.0,4+
n3_h4w18_trail,n3,h4w18,trail,USDJPY,L,2023-10-31 08:35:00-04:00,2023-11-01 06:53:00-04:00,150.778,151.144,151.144,,0.601,True,2023,2023-10-31 05:00:00,11.0,0.0,4+
n2_h4dow_fixed,n2,h4dow,fixed,GBPUSD,S,2023-11-01 08:58:00-04:00,2023-11-01 10:45:00-04:00,1.21198,1.21628,1.21628,1.2048,-1.029,True,2023,2023-11-01 05:00:00,2.0,0.0,2-3
n2_h4dow_trail,n2,h4dow,trail,GBPUSD,S,2023-11-01 08:58:00-04:00,2023-11-01 10:45:00-04:00,1.21198,1.21613,1.21613,,-0.9941,True,2023,2023-11-01 05:00:00,2.0,0.0,2-3
n3_h4dow_fixed,n3,h4dow,fixed,GBPUSD,S,2023-11-01 08:58:00-04:00,2023-11-01 10:45:00-04:00,1.21198,1.21628,1.21628,1.2048,-1.029,True,2023,2023-11-01 05:00:00,2.0,0.0,2-3
n3_h4dow_trail,n3,h4dow,trail,GBPUSD,S,2023-11-01 08:58:00-04:00,2023-11-01 10:45:00-04:00,1.21198,1.21613,1.21613,,-0.9941,True,2023,2023-11-01 05:00:00,2.0,0.0,2-3
n2_h4dow_fixed,n2,h4dow,fixed,GBPUSD,S,2023-11-01 12:01:00-04:00,2023-11-01 18:15:00-04:00,1.21198,1.21637,1.21637,1.20466,-1.0284,True,2023,2023-11-01 09:00:00,2.0,0.0,2-3
n3_h4dow_fixed,n3,h4dow,fixed,GBPUSD,S,2023-11-01 12:01:00-04:00,2023-11-01 18:15:00-04:00,1.21198,1.21637,1.21637,1.20466,-1.0284,True,2023,2023-11-01 09:00:00,2.0,0.0,2-3
n2_h4dow_trail,n2,h4dow,trail,GBPUSD,S,2023-11-01 12:01:00-04:00,2023-11-01 18:23:00-04:00,1.21198,1.21638,1.21638,,-1.0283,True,2023,2023-11-01 09:00:00,2.0,0.0,2-3
n3_h4dow_trail,n3,h4dow,trail,GBPUSD,S,2023-11-01 12:01:00-04:00,2023-11-01 18:23:00-04:00,1.21198,1.21638,1.21638,,-1.0283,True,2023,2023-11-01 09:00:00,2.0,0.0,2-3
n2_h4dow_fixed,n2,h4dow,fixed,USDJPY,L,2023-10-31 08:35:00-04:00,2023-11-01 22:22:00-04:00,150.778,150.176,150.176,151.78,-1.0059,True,2023,2023-10-31 05:00:00,5.0,0.0,4+
n2_h4w18_fixed,n2,h4w18,fixed,USDJPY,L,2023-10-31 08:35:00-04:00,2023-11-01 22:22:00-04:00,150.778,150.176,150.176,151.78,-1.0059,True,2023,2023-10-31 05:00:00,5.0,0.0,4+
n3_h4dow_fixed,n3,h4dow,fixed,USDJPY,L,2023-10-31 08:35:00-04:00,2023-11-01 22:22:00-04:00,150.778,150.176,150.176,151.78,-1.0059,True,2023,2023-10-31 05:00:00,11.0,0.0,4+
n3_h4w18_fixed,n3,h4w18,fixed,USDJPY,L,2023-10-31 08:35:00-04:00,2023-11-01 22:22:00-04:00,150.778,150.176,150.176,151.78,-1.0059,True,2023,2023-10-31 05:00:00,11.0,0.0,4+
n3_h4dow_fixed,n3,h4dow,fixed,EURUSD,L,2023-11-09 09:52:00-05:00,2023-11-09 13:04:00-05:00,1.0716,1.06821,1.06821,1.07725,-1.015,True,2023,2023-11-09 09:00:00,1.0,1.0,1
n3_h4dow_trail,n3,h4dow,trail,EURUSD,L,2023-11-09 09:52:00-05:00,2023-11-09 13:04:00-05:00,1.0716,1.06821,1.06821,,-1.015,True,2023,2023-11-09 09:00:00,1.0,1.0,1
n2_h4dow_fixed,n2,h4dow,fixed,USDJPY,L,2023-11-07 07:51:00-05:00,2023-11-09 14:35:00-05:00,150.551,151.353,150.069,151.353,1.6519,True,2023,2023-11-07 05:00:00,2.0,0.0,2-3
n3_h4dow_fixed,n3,h4dow,fixed,USDJPY,L,2023-11-07 07:51:00-05:00,2023-11-09 14:35:00-05:00,150.551,151.353,150.069,151.353,1.6519,True,2023,2023-11-07 05:00:00,13.0,0.0,4+
n2_h4dow_trail,n2,h4dow,trail,USDJPY,L,2023-11-07 07:51:00-05:00,2023-11-13 10:03:00-05:00,150.551,151.449,151.449,,1.8507,True,2023,2023-11-07 05:00:00,2.0,0.0,2-3
n3_h4dow_trail,n3,h4dow,trail,USDJPY,L,2023-11-07 07:51:00-05:00,2023-11-13 10:03:00-05:00,150.551,151.449,151.449,,1.8507,True,2023,2023-11-07 05:00:00,13.0,0.0,4+
n2_h4w18_fixed,n2,h4w18,fixed,USDJPY,L,2023-11-12 23:44:00-05:00,2023-11-13 10:03:00-05:00,151.736,151.416,151.416,152.268,-1.0124,True,2023,2023-11-12 21:00:00,0.0,1.0,0
n2_h4w18_trail,n2,h4w18,trail,USDJPY,L,2023-11-12 23:44:00-05:00,2023-11-13 10:03:00-05:00,151.736,151.449,151.449,,-0.9093,True,2023,2023-11-12 21:00:00,0.0,1.0,0
n3_h4w18_fixed,n3,h4w18,fixed,USDJPY,L,2023-11-12 23:44:00-05:00,2023-11-13 10:03:00-05:00,151.736,151.416,151.416,152.268,-1.0124,True,2023,2023-11-12 21:00:00,13.0,0.0,4+
n3_h4w18_trail,n3,h4w18,trail,USDJPY,L,2023-11-12 23:44:00-05:00,2023-11-13 10:03:00-05:00,151.736,151.449,151.449,,-0.9093,True,2023,2023-11-12 21:00:00,13.0,0.0,4+
n3_h4dow_fixed,n3,h4dow,fixed,EURUSD,L,2023-11-13 02:05:00-05:00,2023-11-14 08:30:00-05:00,1.06928,1.07418,1.06634,1.07418,1.6493,True,2023,2023-11-13 01:00:00,2.0,0.0,2-3
n3_h4w18_fixed,n3,h4w18,fixed,EURUSD,L,2023-11-14 08:30:00-05:00,2023-11-14 09:04:00-05:00,1.07564,1.08059,1.07267,1.08059,1.6494,True,2023,2023-11-14 05:00:00,3.0,0.0,2-3
n3_h4dow_trail,n3,h4dow,trail,EURUSD,L,2023-11-13 02:05:00-05:00,2023-11-15 02:19:00-05:00,1.06928,1.08656,1.08656,,5.8601,True,2023,2023-11-13 01:00:00,2.0,0.0,2-3
n3_h4w18_trail,n3,h4w18,trail,EURUSD,L,2023-11-14 08:30:00-05:00,2023-11-15 02:19:00-05:00,1.07564,1.08656,1.08656,,3.6594,True,2023,2023-11-14 05:00:00,3.0,0.0,2-3
n2_h4w18_trail,n2,h4w18,trail,AUDUSD,L,2023-11-15 06:46:00-05:00,2023-11-15 20:47:00-05:00,0.6523,0.6485,0.6485,,-1.0195,True,2023,2023-11-15 05:00:00,1.0,1.0,1
n2_h4w18_fixed,n2,h4w18,fixed,AUDUSD,L,2023-11-15 06:46:00-05:00,2023-11-15 20:48:00-05:00,0.6523,0.64849,0.64849,0.65865,-1.0221,True,2023,2023-11-15 05:00:00,1.0,1.0,1
n2_h4dow_fixed,n2,h4dow,fixed,EURUSD,L,2023-11-16 10:06:00-05:00,2023-11-16 15:43:00-05:00,1.08876,1.08451,1.08451,1.09584,-1.0122,True,2023,2023-11-16 09:00:00,1.0,1.0,1
n2_h4dow_trail,n2,h4dow,trail,EURUSD,L,2023-11-16 10:06:00-05:00,2023-11-16 15:43:00-05:00,1.08876,1.08451,1.08451,,-1.0122,True,2023,2023-11-16 09:00:00,1.0,1.0,1
n3_h4dow_fixed,n3,h4dow,fixed,EURUSD,L,2023-11-16 10:06:00-05:00,2023-11-16 15:43:00-05:00,1.08876,1.08451,1.08451,1.09584,-1.0122,True,2023,2023-11-16 09:00:00,1.0,1.0,1
n3_h4dow_trail,n3,h4dow,trail,EURUSD,L,2023-11-16 10:06:00-05:00,2023-11-16 15:43:00-05:00,1.08876,1.08451,1.08451,,-1.0122,True,2023,2023-11-16 09:00:00,1.0,1.0,1
n2_h4dow_fixed,n2,h4dow,fixed,EURUSD,L,2023-11-17 13:23:00-05:00,2023-11-20 22:56:00-05:00,1.08956,1.09634,1.0855,1.09634,1.6571,True,2023,2023-11-17 13:00:00,2.0,1.0,2-3
n3_h4dow_fixed,n3,h4dow,fixed,EURUSD,L,2023-11-17 13:23:00-05:00,2023-11-20 22:56:00-05:00,1.08956,1.09634,1.0855,1.09634,1.6571,True,2023,2023-11-17 13:00:00,2.0,1.0,2-3
n2_h4dow_fixed,n2,h4dow,fixed,GBPUSD,L,2023-11-17 13:55:00-05:00,2023-11-20 23:09:00-05:00,1.2456,1.25393,1.2406,1.25393,1.6403,True,2023,2023-11-17 13:00:00,1.0,1.0,1
n3_h4dow_fixed,n3,h4dow,fixed,GBPUSD,L,2023-11-17 13:55:00-05:00,2023-11-20 23:09:00-05:00,1.2456,1.25393,1.2406,1.25393,1.6403,True,2023,2023-11-17 13:00:00,1.0,1.0,1
n2_h4dow_trail,n2,h4dow,trail,AUDUSD,L,2023-11-19 21:53:00-05:00,2023-11-21 13:03:00-05:00,0.65424,0.65569,0.65569,,0.3518,True,2023,2023-11-19 21:00:00,2.0,1.0,2-3
n3_h4dow_trail,n3,h4dow,trail,AUDUSD,L,2023-11-19 21:53:00-05:00,2023-11-21 13:03:00-05:00,0.65424,0.65569,0.65569,,0.3518,True,2023,2023-11-19 21:00:00,2.0,1.0,2-3
n2_h4dow_trail,n2,h4dow,trail,GBPUSD,L,2023-11-17 13:55:00-05:00,2023-11-21 14:08:00-05:00,1.2456,1.25199,1.25199,,1.2523,True,2023,2023-11-17 13:00:00,1.0,1.0,1
n3_h4dow_trail,n3,h4dow,trail,GBPUSD,L,2023-11-17 13:55:00-05:00,2023-11-21 14:08:00-05:00,1.2456,1.25199,1.25199,,1.2523,True,2023,2023-11-17 13:00:00,1.0,1.0,1
n2_h4w18_trail,n2,h4w18,trail,GBPUSD,L,2023-11-20 04:59:00-05:00,2023-11-21 14:08:00-05:00,1.25058,1.25199,1.25199,,0.2681,True,2023,2023-11-20 01:00:00,2.0,0.0,2-3
n3_h4w18_trail,n3,h4w18,trail,GBPUSD,L,2023-11-20 04:59:00-05:00,2023-11-21 14:08:00-05:00,1.25058,1.25199,1.25199,,0.2681,True,2023,2023-11-20 01:00:00,2.0,0.0,2-3
n2_h4dow_trail,n2,h4dow,trail,EURUSD,L,2023-11-17 13:23:00-05:00,2023-11-22 01:27:00-05:00,1.08956,1.09001,1.09001,,0.0981,True,2023,2023-11-17 13:00:00,2.0,1.0,2-3
n3_h4dow_trail,n3,h4dow,trail,EURUSD,L,2023-11-17 13:23:00-05:00,2023-11-22 01:27:00-05:00,1.08956,1.09001,1.09001,,0.0981,True,2023,2023-11-17 13:00:00,2.0,1.0,2-3
n2_h4w18_fixed,n2,h4w18,fixed,GBPUSD,L,2023-11-20 04:59:00-05:00,2023-11-22 10:15:00-05:00,1.25058,1.2458,1.2458,1.25856,-1.0268,True,2023,2023-11-20 01:00:00,2.0,0.0,2-3
n3_h4w18_fixed,n3,h4w18,fixed,GBPUSD,L,2023-11-20 04:59:00-05:00,2023-11-22 10:15:00-05:00,1.25058,1.2458,1.2458,1.25856,-1.0268,True,2023,2023-11-20 01:00:00,2.0,0.0,2-3
n2_h4dow_fixed,n2,h4dow,fixed,AUDUSD,L,2023-11-19 21:53:00-05:00,2023-11-27 06:02:00-05:00,0.65424,0.66072,0.65036,0.66072,1.6481,True,2023,2023-11-19 21:00:00,2.0,1.0,2-3
n3_h4dow_fixed,n3,h4dow,fixed,AUDUSD,L,2023-11-19 21:53:00-05:00,2023-11-27 06:02:00-05:00,0.65424,0.66072,0.65036,0.66072,1.6481,True,2023,2023-11-19 21:00:00,2.0,1.0,2-3
n2_h4dow_fixed,n2,h4dow,fixed,GBPUSD,L,2023-11-23 04:30:00-05:00,2023-11-27 06:53:00-05:00,1.25593,1.26308,1.25164,1.26308,1.6365,True,2023,2023-11-23 01:00:00,1.0,1.0,1
n3_h4dow_fixed,n3,h4dow,fixed,GBPUSD,L,2023-11-23 04:30:00-05:00,2023-11-27 06:53:00-05:00,1.25593,1.26308,1.25164,1.26308,1.6365,True,2023,2023-11-23 01:00:00,3.0,0.0,2-3
n2_h4dow_trail,n2,h4dow,trail,EURUSD,L,2023-11-24 09:40:00-05:00,2023-11-27 09:03:00-05:00,1.09309,1.09393,1.09393,,0.2462,True,2023,2023-11-24 09:00:00,5.0,0.0,4+
n3_h4dow_trail,n3,h4dow,trail,EURUSD,L,2023-11-24 09:40:00-05:00,2023-11-27 09:03:00-05:00,1.09309,1.09393,1.09393,,0.2462,True,2023,2023-11-24 09:00:00,5.0,0.0,4+
n2_h4dow_trail,n2,h4dow,trail,GBPUSD,L,2023-11-23 04:30:00-05:00,2023-11-27 11:33:00-05:00,1.25593,1.2602,1.2602,,0.9652,True,2023,2023-11-23 01:00:00,1.0,1.0,1
n3_h4dow_trail,n3,h4dow,trail,GBPUSD,L,2023-11-23 04:30:00-05:00,2023-11-27 11:33:00-05:00,1.25593,1.2602,1.2602,,0.9652,True,2023,2023-11-23 01:00:00,3.0,0.0,2-3
n2_h4dow_fixed,n2,h4dow,fixed,EURUSD,L,2023-11-24 09:40:00-05:00,2023-11-28 09:50:00-05:00,1.09309,1.09841,1.08989,1.09841,1.6462,True,2023,2023-11-24 09:00:00,5.0,0.0,4+
n3_h4dow_fixed,n3,h4dow,fixed,EURUSD,L,2023-11-24 09:40:00-05:00,2023-11-28 09:50:00-05:00,1.09309,1.09841,1.08989,1.09841,1.6462,True,2023,2023-11-24 09:00:00,5.0,0.0,4+
n2_h4dow_fixed,n2,h4dow,fixed,GBPUSD,L,2023-11-28 08:44:00-05:00,2023-11-28 11:59:00-05:00,1.26442,1.271,1.26048,1.271,1.637,True,2023,2023-11-28 05:00:00,2.0,1.0,2-3
n3_h4dow_fixed,n3,h4dow,fixed,GBPUSD,L,2023-11-28 08:44:00-05:00,2023-11-28 11:59:00-05:00,1.26442,1.271,1.26048,1.271,1.637,True,2023,2023-11-28 05:00:00,4.0,0.0,4+
n2_h4w18_fixed,n2,h4w18,fixed,EURUSD,L,2023-11-28 08:43:00-05:00,2023-11-28 20:00:00-05:00,1.09652,1.10127,1.09367,1.10127,1.6483,True,2023,2023-11-28 05:00:00,2.0,1.0,2-3
n3_h4w18_fixed,n3,h4w18,fixed,EURUSD,L,2023-11-28 08:43:00-05:00,2023-11-28 20:00:00-05:00,1.09652,1.10127,1.09367,1.10127,1.6483,True,2023,2023-11-28 05:00:00,6.0,0.0,4+
n2_h4dow_trail,n2,h4dow,trail,AUDUSD,L,2023-11-24 07:09:00-05:00,2023-11-29 01:16:00-05:00,0.65746,0.6637,0.6637,,2.2544,True,2023,2023-11-24 05:00:00,1.0,1.0,1
n3_h4dow_trail,n3,h4dow,trail,AUDUSD,L,2023-11-24 07:09:00-05:00,2023-11-29 01:16:00-05:00,0.65746,0.6637,0.6637,,2.2544,True,2023,2023-11-24 05:00:00,3.0,1.0,2-3
n2_h4dow_trail,n2,h4dow,trail,GBPUSD,L,2023-11-28 08:44:00-05:00,2023-11-29 10:16:00-05:00,1.26442,1.26736,1.26736,,0.7132,True,2023,2023-11-28 05:00:00,2.0,1.0,2-3
n3_h4dow_trail,n3,h4dow,trail,GBPUSD,L,2023-11-28 08:44:00-05:00,2023-11-29 10:16:00-05:00,1.26442,1.26736,1.26736,,0.7132,True,2023,2023-11-28 05:00:00,4.0,0.0,4+
n2_h4dow_trail,n2,h4dow,trail,EURUSD,L,2023-11-27 18:41:00-05:00,2023-11-30 02:40:00-05:00,1.09594,1.09601,1.09601,,0.0059,True,2023,2023-11-27 17:00:00,1.0,1.0,1
n3_h4dow_trail,n3,h4dow,trail,EURUSD,L,2023-11-27 18:41:00-05:00,2023-11-30 02:40:00-05:00,1.09594,1.09601,1.09601,,0.0059,True,2023,2023-11-27 17:00:00,5.0,0.0,4+
n2_h4w18_trail,n2,h4w18,trail,EURUSD,L,2023-11-28 08:43:00-05:00,2023-11-30 02:40:00-05:00,1.09652,1.09601,1.09601,,-0.1973,True,2023,2023-11-28 05:00:00,2.0,1.0,2-3
n3_h4w18_trail,n3,h4w18,trail,EURUSD,L,2023-11-28 08:43:00-05:00,2023-11-30 02:40:00-05:00,1.09652,1.09601,1.09601,,-0.1973,True,2023,2023-11-28 05:00:00,6.0,0.0,4+
n2_h4dow_trail,n2,h4dow,trail,AUDUSD,L,2023-12-01 11:13:00-05:00,2023-12-04 09:13:00-05:00,0.66502,0.66344,0.66344,,-0.3911,True,2023,2023-12-01 09:00:00,4.0,0.0,4+
n3_h4dow_trail,n3,h4dow,trail,AUDUSD,L,2023-12-01 11:13:00-05:00,2023-12-04 09:13:00-05:00,0.66502,0.66344,0.66344,,-0.3911,True,2023,2023-12-01 09:00:00,6.0,0.0,4+
n2_h4dow_fixed,n2,h4dow,fixed,AUDUSD,L,2023-12-01 11:13:00-05:00,2023-12-04 13:18:00-05:00,0.66502,0.66076,0.66076,0.67212,-1.0202,True,2023,2023-12-01 09:00:00,4.0,0.0,4+
n3_h4dow_fixed,n3,h4dow,fixed,AUDUSD,L,2023-12-01 11:13:00-05:00,2023-12-04 13:18:00-05:00,0.66502,0.66076,0.66076,0.67212,-1.0202,True,2023,2023-12-01 09:00:00,6.0,0.0,4+
n2_h4dow_trail,n2,h4dow,trail,AUDUSD,L,2023-12-07 11:03:00-05:00,2023-12-08 08:30:00-05:00,0.65976,0.65925,0.65925,,-0.1459,True,2023,2023-12-07 09:00:00,5.0,0.0,4+
n3_h4dow_trail,n3,h4dow,trail,AUDUSD,L,2023-12-07 11:03:00-05:00,2023-12-08 08:30:00-05:00,0.65976,0.65925,0.65925,,-0.1459,True,2023,2023-12-07 09:00:00,7.0,0.0,4+
n2_h4dow_fixed,n2,h4dow,fixed,USDCHF,S,2023-12-07 12:47:00-05:00,2023-12-08 08:30:00-05:00,0.87291,0.8766,0.8766,0.86676,-1.051,True,2023,2023-12-07 09:00:00,6.0,1.0,4+
n2_h4dow_trail,n2,h4dow,trail,USDCHF,S,2023-12-07 12:47:00-05:00,2023-12-08 08:30:00-05:00,0.87291,0.87642,0.87642,,-1.0022,True,2023,2023-12-07 09:00:00,6.0,1.0,4+
n2_h4dow_fixed,n2,h4dow,fixed,AUDUSD,L,2023-12-07 11:03:00-05:00,2023-12-10 20:31:00-05:00,0.65976,0.65568,0.65568,0.66656,-1.0209,True,2023,2023-12-07 09:00:00,5.0,0.0,4+
n3_h4dow_fixed,n3,h4dow,fixed,AUDUSD,L,2023-12-07 11:03:00-05:00,2023-12-10 20:31:00-05:00,0.65976,0.65568,0.65568,0.66656,-1.0209,True,2023,2023-12-07 09:00:00,7.0,0.0,4+
n2_h4dow_fixed,n2,h4dow,fixed,USDCHF,S,2023-12-12 08:30:00-05:00,2023-12-12 08:45:00-05:00,0.87284,0.87644,0.87644,0.86684,-1.0522,True,2023,2023-12-12 05:00:00,8.0,0.0,4+
n2_h4dow_trail,n2,h4dow,trail,USDCHF,S,2023-12-12 08:30:00-05:00,2023-12-12 08:45:00-05:00,0.87284,0.87644,0.87644,,-1.0522,True,2023,2023-12-12 05:00:00,8.0,0.0,4+
n3_h4dow_fixed,n3,h4dow,fixed,USDCHF,S,2023-12-12 08:30:00-05:00,2023-12-12 08:45:00-05:00,0.87284,0.87644,0.87644,0.86684,-1.0522,True,2023,2023-12-12 05:00:00,8.0,0.0,4+
n3_h4dow_trail,n3,h4dow,trail,USDCHF,S,2023-12-12 08:30:00-05:00,2023-12-12 08:45:00-05:00,0.87284,0.87644,0.87644,,-1.0522,True,2023,2023-12-12 05:00:00,8.0,0.0,4+
n3_h4dow_fixed,n3,h4dow,fixed,GBPUSD,L,2023-12-12 08:28:00-05:00,2023-12-12 08:58:00-05:00,1.25907,1.25445,1.25445,1.26677,-1.0279,True,2023,2023-12-12 05:00:00,9.0,0.0,4+
n3_h4dow_trail,n3,h4dow,trail,GBPUSD,L,2023-12-12 08:28:00-05:00,2023-12-12 08:58:00-05:00,1.25907,1.25445,1.25445,,-1.0279,True,2023,2023-12-12 05:00:00,9.0,0.0,4+
n2_h4dow_fixed,n2,h4dow,fixed,GBPUSD,S,2023-12-13 05:19:00-05:00,2023-12-13 14:00:00-05:00,1.25143,1.25643,1.25643,1.2431,-1.0257,True,2023,2023-12-13 05:00:00,3.0,0.0,2-3
n2_h4dow_trail,n2,h4dow,trail,GBPUSD,S,2023-12-13 05:19:00-05:00,2023-12-13 14:00:00-05:00,1.25143,1.25643,1.25643,,-1.0257,True,2023,2023-12-13 05:00:00,3.0,0.0,2-3
n2_h4w18_fixed,n2,h4w18,fixed,GBPUSD,S,2023-12-13 13:06:00-05:00,2023-12-13 14:00:00-05:00,1.25026,1.2555,1.2555,1.24154,-1.0245,True,2023,2023-12-13 13:00:00,3.0,0.0,2-3
n2_h4w18_trail,n2,h4w18,trail,GBPUSD,S,2023-12-13 13:06:00-05:00,2023-12-13 14:00:00-05:00,1.25026,1.2555,1.2555,,-1.0245,True,2023,2023-12-13 13:00:00,3.0,0.0,2-3
n3_h4dow_fixed,n3,h4dow,fixed,EURUSD,L,2023-12-12 01:56:00-05:00,2023-12-13 14:01:00-05:00,1.07791,1.08353,1.07454,1.08353,1.6524,True,2023,2023-12-12 01:00:00,9.0,0.0,4+
n2_h4dow_fixed,n2,h4dow,fixed,AUDUSD,L,2023-12-13 14:00:00-05:00,2023-12-13 14:51:00-05:00,0.66126,0.66684,0.65791,0.66684,1.64,True,2023,2023-12-13 13:00:00,2.0,0.0,2-3
n3_h4dow_fixed,n3,h4dow,fixed,AUDUSD,L,2023-12-13 14:00:00-05:00,2023-12-13 14:51:00-05:00,0.66126,0.66684,0.65791,0.66684,1.64,True,2023,2023-12-13 13:00:00,2.0,0.0,2-3
n2_h4w18_fixed,n2,h4w18,fixed,USDCHF,S,2023-12-13 22:43:00-05:00,2023-12-14 02:30:00-05:00,0.86662,0.87114,0.87114,0.8591,-1.0413,True,2023,2023-12-13 21:00:00,0.0,1.0,0
n2_h4w18_trail,n2,h4w18,trail,USDCHF,S,2023-12-13 22:43:00-05:00,2023-12-14 02:30:00-05:00,0.86662,0.87114,0.87114,,-1.0413,True,2023,2023-12-13 21:00:00,0.0,1.0,0
n3_h4w18_fixed,n3,h4w18,fixed,USDCHF,S,2023-12-13 22:43:00-05:00,2023-12-14 02:30:00-05:00,0.86662,0.87114,0.87114,0.8591,-1.0413,True,2023,2023-12-13 21:00:00,0.0,1.0,0
n3_h4w18_trail,n3,h4w18,trail,USDCHF,S,2023-12-13 22:43:00-05:00,2023-12-14 02:30:00-05:00,0.86662,0.87114,0.87114,,-1.0413,True,2023,2023-12-13 21:00:00,0.0,1.0,0
n3_h4dow_fixed,n3,h4dow,fixed,GBPUSD,L,2023-12-13 14:42:00-05:00,2023-12-14 07:00:00-05:00,1.26155,1.27027,1.25631,1.27027,1.6393,True,2023,2023-12-13 13:00:00,10.0,0.0,4+
n2_h4dow_fixed,n2,h4dow,fixed,USDCHF,S,2023-12-13 14:15:00-05:00,2023-12-14 10:00:00-05:00,0.87232,0.86647,0.87583,0.86647,1.6134,True,2023,2023-12-13 13:00:00,0.0,1.0,0
n3_h4dow_fixed,n3,h4dow,fixed,USDCHF,S,2023-12-13 14:15:00-05:00,2023-12-14 10:00:00-05:00,0.87232,0.86647,0.87583,0.86647,1.6134,True,2023,2023-12-13 13:00:00,8.0,0.0,4+
n3_h4dow_trail,n3,h4dow,trail,EURUSD,L,2023-12-12 01:56:00-05:00,2023-12-15 03:15:00-05:00,1.07791,1.09769,1.09769,,5.8541,True,2023,2023-12-12 01:00:00,9.0,0.0,4+
n2_h4dow_trail,n2,h4dow,trail,USDCHF,S,2023-12-13 14:15:00-05:00,2023-12-15 03:15:00-05:00,0.87232,0.86814,0.86814,,1.1376,True,2023,2023-12-13 13:00:00,0.0,1.0,0
n3_h4dow_trail,n3,h4dow,trail,USDCHF,S,2023-12-13 14:15:00-05:00,2023-12-15 03:15:00-05:00,0.87232,0.86814,0.86814,,1.1376,True,2023,2023-12-13 13:00:00,8.0,0.0,4+
n3_h4dow_trail,n3,h4dow,trail,GBPUSD,L,2023-12-13 14:42:00-05:00,2023-12-15 03:30:00-05:00,1.26155,1.27477,1.27477,,2.498,True,2023,2023-12-13 13:00:00,10.0,0.0,4+
n3_h4w18_trail,n3,h4w18,trail,GBPUSD,L,2023-12-14 09:01:00-05:00,2023-12-15 03:30:00-05:00,1.27333,1.27477,1.27477,,0.1852,True,2023,2023-12-14 09:00:00,10.0,0.0,4+
n2_h4dow_trail,n2,h4dow,trail,AUDUSD,L,2023-12-13 14:00:00-05:00,2023-12-15 08:33:00-05:00,0.66126,0.66944,0.66944,,2.416,True,2023,2023-12-13 13:00:00,2.0,0.0,2-3
n3_h4dow_trail,n3,h4dow,trail,AUDUSD,L,2023-12-13 14:00:00-05:00,2023-12-15 08:33:00-05:00,0.66126,0.66944,0.66944,,2.416,True,2023,2023-12-13 13:00:00,2.0,0.0,2-3
n2_h4w18_trail,n2,h4w18,trail,AUDUSD,L,2023-12-13 19:52:00-05:00,2023-12-15 08:33:00-05:00,0.6691,0.66944,0.66944,,0.0541,True,2023,2023-12-13 17:00:00,2.0,0.0,2-3
n3_h4w18_trail,n3,h4w18,trail,AUDUSD,L,2023-12-13 19:52:00-05:00,2023-12-15 08:33:00-05:00,0.6691,0.66944,0.66944,,0.0541,True,2023,2023-12-13 17:00:00,2.0,0.0,2-3
n3_h4w18_fixed,n3,h4w18,fixed,GBPUSD,L,2023-12-14 09:01:00-05:00,2023-12-18 06:01:00-05:00,1.27333,1.26627,1.26627,1.28511,-1.0184,True,2023,2023-12-14 09:00:00,10.0,0.0,4+
n2_h4dow_trail,n2,h4dow,trail,AUDUSD,L,2023-12-15 11:30:00-05:00,2023-12-18 10:52:00-05:00,0.67284,0.66931,0.66931,,-0.7205,True,2023,2023-12-15 09:00:00,3.0,0.0,2-3
n3_h4dow_trail,n3,h4dow,trail,AUDUSD,L,2023-12-15 11:30:00-05:00,2023-12-18 10:52:00-05:00,0.67284,0.66931,0.66931,,-0.7205,True,2023,2023-12-15 09:00:00,3.0,0.0,2-3
n2_h4w18_fixed,n2,h4w18,fixed,AUDUSD,L,2023-12-13 19:52:00-05:00,2023-12-19 10:20:00-05:00,0.6691,0.6769,0.66442,0.6769,1.648,True,2023,2023-12-13 17:00:00,2.0,0.0,2-3
n3_h4w18_fixed,n3,h4w18,fixed,AUDUSD,L,2023-12-13 19:52:00-05:00,2023-12-19 10:20:00-05:00,0.6691,0.6769,0.66442,0.6769,1.648,True,2023,2023-12-13 17:00:00,2.0,0.0,2-3
n2_h4dow_fixed,n2,h4dow,fixed,USDCHF,S,2023-12-18 22:17:00-05:00,2023-12-19 10:25:00-05:00,0.86666,0.86041,0.87041,0.86041,1.6171,True,2023,2023-12-18 21:00:00,2.0,1.0,2-3
n3_h4dow_fixed,n3,h4dow,fixed,USDCHF,S,2023-12-18 22:17:00-05:00,2023-12-19 10:25:00-05:00,0.86666,0.86041,0.87041,0.86041,1.6171,True,2023,2023-12-18 21:00:00,2.0,1.0,2-3
n2_h4dow_trail,n2,h4dow,trail,AUDUSD,L,2023-12-19 07:13:00-05:00,2023-12-20 14:39:00-05:00,0.67355,0.6757,0.6757,,0.5131,True,2023,2023-12-19 05:00:00,4.0,0.0,4+
n3_h4dow_trail,n3,h4dow,trail,AUDUSD,L,2023-12-19 07:13:00-05:00,2023-12-20 14:39:00-05:00,0.67355,0.6757,0.6757,,0.5131,True,2023,2023-12-19 05:00:00,4.0,0.0,4+
n3_h4dow_trail,n3,h4dow,trail,EURUSD,L,2023-12-19 02:13:00-05:00,2023-12-20 15:57:00-05:00,1.09313,1.0934,1.0934,,0.0605,True,2023,2023-12-19 01:00:00,3.0,1.0,2-3
n3_h4dow_fixed,n3,h4dow,fixed,EURUSD,L,2023-12-19 02:13:00-05:00,2023-12-21 08:34:00-05:00,1.09313,1.09913,1.08953,1.09913,1.6522,True,2023,2023-12-19 01:00:00,3.0,1.0,2-3
n2_h4dow_fixed,n2,h4dow,fixed,USDCHF,S,2023-12-21 06:57:00-05:00,2023-12-22 05:28:00-05:00,0.85932,0.85382,0.86262,0.85382,1.6108,True,2023,2023-12-21 05:00:00,3.0,1.0,2-3
n3_h4dow_fixed,n3,h4dow,fixed,USDCHF,S,2023-12-21 06:57:00-05:00,2023-12-22 05:28:00-05:00,0.85932,0.85382,0.86262,0.85382,1.6108,True,2023,2023-12-21 05:00:00,3.0,1.0,2-3
n2_h4dow_fixed,n2,h4dow,fixed,AUDUSD,L,2023-12-15 11:30:00-05:00,2023-12-22 07:06:00-05:00,0.67284,0.68122,0.66782,0.68122,1.6518,True,2023,2023-12-15 09:00:00,3.0,0.0,2-3
n3_h4dow_fixed,n3,h4dow,fixed,AUDUSD,L,2023-12-15 11:30:00-05:00,2023-12-22 07:06:00-05:00,0.67284,0.68122,0.66782,0.68122,1.6518,True,2023,2023-12-15 09:00:00,3.0,0.0,2-3
n2_h4dow_trail,n2,h4dow,trail,USDCHF,S,2023-12-18 22:17:00-05:00,2023-12-22 14:31:00-05:00,0.86666,0.85735,0.85735,,2.4332,True,2023,2023-12-18 21:00:00,2.0,1.0,2-3
n3_h4dow_trail,n3,h4dow,trail,USDCHF,S,2023-12-18 22:17:00-05:00,2023-12-22 14:31:00-05:00,0.86666,0.85735,0.85735,,2.4332,True,2023,2023-12-18 21:00:00,2.0,1.0,2-3
n3_h4dow_trail,n3,h4dow,trail,GBPUSD,L,2023-12-22 02:00:00-05:00,2023-12-26 07:48:00-05:00,1.26964,1.26848,1.26848,,-0.2525,True,2023,2023-12-22 01:00:00,2.0,0.0,2-3
n3_h4dow_fixed,n3,h4dow,fixed,GBPUSD,L,2023-12-22 02:00:00-05:00,2023-12-27 10:36:00-05:00,1.26964,1.27816,1.26452,1.27816,1.6385,True,2023,2023-12-22 01:00:00,2.0,0.0,2-3
n2_h4dow_fixed,n2,h4dow,fixed,USDCHF,S,2023-12-27 09:00:00-05:00,2023-12-27 11:00:00-05:00,0.85141,0.84586,0.85474,0.84586,1.6119,True,2023,2023-12-27 09:00:00,4.0,1.0,4+
n3_h4dow_fixed,n3,h4dow,fixed,USDCHF,S,2023-12-27 09:00:00-05:00,2023-12-27 11:00:00-05:00,0.85141,0.84586,0.85474,0.84586,1.6119,True,2023,2023-12-27 09:00:00,4.0,1.0,4+
n2_h4dow_fixed,n2,h4dow,fixed,AUDUSD,L,2023-12-22 08:00:00-05:00,2023-12-27 20:09:00-05:00,0.68048,0.6865,0.67686,0.6865,1.6385,True,2023,2023-12-22 05:00:00,5.0,0.0,4+
n3_h4dow_fixed,n3,h4dow,fixed,AUDUSD,L,2023-12-22 08:00:00-05:00,2023-12-27 20:09:00-05:00,0.68048,0.6865,0.67686,0.6865,1.6385,True,2023,2023-12-22 05:00:00,5.0,0.0,4+
n3_h4dow_fixed,n3,h4dow,fixed,USDJPY,S,2023-12-27 11:24:00-05:00,2023-12-28 02:03:00-05:00,141.893,141.035,142.408,141.035,1.6573,True,2023,2023-12-27 09:00:00,2.0,0.0,2-3
n3_h4w18_fixed,n3,h4w18,fixed,USDJPY,S,2023-12-27 11:24:00-05:00,2023-12-28 02:03:00-05:00,141.867,141.009,142.382,141.009,1.6573,True,2023,2023-12-27 09:00:00,2.0,0.0,2-3
n2_h4dow_trail,n2,h4dow,trail,AUDUSD,L,2023-12-21 08:33:00-05:00,2023-12-28 04:20:00-05:00,0.67792,0.68244,0.68244,,1.343,True,2023,2023-12-21 05:00:00,4.0,0.0,4+
n3_h4dow_trail,n3,h4dow,trail,AUDUSD,L,2023-12-21 08:33:00-05:00,2023-12-28 04:20:00-05:00,0.67792,0.68244,0.68244,,1.343,True,2023,2023-12-21 05:00:00,4.0,0.0,4+
n3_h4w18_fixed,n3,h4w18,fixed,GBPUSD,L,2023-12-27 11:05:00-05:00,2023-12-28 08:55:00-05:00,1.27939,1.27528,1.27528,1.28624,-1.0319,True,2023,2023-12-27 09:00:00,1.0,1.0,1
n3_h4w18_trail,n3,h4w18,trail,GBPUSD,L,2023-12-27 11:05:00-05:00,2023-12-28 08:55:00-05:00,1.27939,1.27528,1.27528,,-1.0319,True,2023,2023-12-27 09:00:00,1.0,1.0,1
n3_h4dow_trail,n3,h4dow,trail,USDJPY,S,2023-12-27 11:24:00-05:00,2023-12-28 19:53:00-05:00,141.893,141.586,141.586,,0.5884,True,2023,2023-12-27 09:00:00,2.0,0.0,2-3
n3_h4w18_trail,n3,h4w18,trail,USDJPY,S,2023-12-27 11:24:00-05:00,2023-12-28 19:53:00-05:00,141.867,141.586,141.586,,0.5379,True,2023,2023-12-27 09:00:00,2.0,0.0,2-3
n3_h4dow_trail,n3,h4dow,trail,GBPUSD,L,2023-12-27 07:13:00-05:00,2023-12-29 04:50:00-05:00,1.27441,1.27128,1.27128,,-0.8742,True,2023,2023-12-27 05:00:00,1.0,1.0,1
n2_h4dow_trail,n2,h4dow,trail,USDCHF,S,2023-12-27 09:00:00-05:00,2024-01-01 21:29:00-05:00,0.85141,0.84322,0.84322,,2.4047,True,2024,2023-12-27 09:00:00,4.0,1.0,4+
n3_h4dow_trail,n3,h4dow,trail,USDCHF,S,2023-12-27 09:00:00-05:00,2024-01-01 21:29:00-05:00,0.85141,0.84322,0.84322,,2.4047,True,2024,2023-12-27 09:00:00,4.0,1.0,4+
n3_h4dow_fixed,n3,h4dow,fixed,EURUSD,L,2024-01-05 10:00:00-05:00,2024-01-08 03:26:00-05:00,1.09722,1.09292,1.09292,1.1044,-1.0121,False,2024,2024-01-05 09:00:00,6.0,0.0,4+
n3_h4dow_trail,n3,h4dow,trail,EURUSD,L,2024-01-05 10:00:00-05:00,2024-01-08 03:26:00-05:00,1.09722,1.09292,1.09292,,-1.0121,False,2024,2024-01-05 09:00:00,6.0,0.0,4+
n2_h4dow_trail,n2,h4dow,trail,USDCHF,S,2024-01-05 10:00:00-05:00,2024-01-09 01:48:00-05:00,0.84775,0.84842,0.84842,,-0.1765,False,2024,2024-01-05 09:00:00,7.0,0.0,4+
n3_h4dow_trail,n3,h4dow,trail,USDCHF,S,2024-01-05 10:00:00-05:00,2024-01-09 01:48:00-05:00,0.84775,0.84842,0.84842,,-0.1765,False,2024,2024-01-05 09:00:00,7.0,0.0,4+
n2_h4dow_fixed,n2,h4dow,fixed,USDCHF,S,2024-01-05 10:00:00-05:00,2024-01-09 11:05:00-05:00,0.84775,0.85258,0.85258,0.8397,-1.0378,False,2024,2024-01-05 09:00:00,7.0,0.0,4+
n3_h4dow_fixed,n3,h4dow,fixed,USDCHF,S,2024-01-05 10:00:00-05:00,2024-01-09 11:05:00-05:00,0.84775,0.85258,0.85258,0.8397,-1.0378,False,2024,2024-01-05 09:00:00,7.0,0.0,4+
n2_h4dow_fixed,n2,h4dow,fixed,EURUSD,L,2024-01-10 19:56:00-05:00,2024-01-11 08:32:00-05:00,1.09788,1.09446,1.09446,1.10358,-1.0152,False,2024,2024-01-10 17:00:00,2.0,0.0,2-3
n2_h4dow_trail,n2,h4dow,trail,EURUSD,L,2024-01-10 19:56:00-05:00,2024-01-11 08:32:00-05:00,1.09788,1.09446,1.09446,,-1.0152,False,2024,2024-01-10 17:00:00,2.0,0.0,2-3
n3_h4dow_fixed,n3,h4dow,fixed,EURUSD,L,2024-01-10 19:56:00-05:00,2024-01-11 08:32:00-05:00,1.09788,1.09446,1.09446,1.10358,-1.0152,False,2024,2024-01-10 17:00:00,2.0,0.0,2-3
n3_h4dow_trail,n3,h4dow,trail,EURUSD,L,2024-01-10 19:56:00-05:00,2024-01-11 08:32:00-05:00,1.09788,1.09446,1.09446,,-1.0152,False,2024,2024-01-10 17:00:00,2.0,0.0,2-3
n3_h4dow_fixed,n3,h4dow,fixed,USDCHF,S,2024-01-12 10:15:00-05:00,2024-01-12 12:09:00-05:00,0.84909,0.85307,0.85307,0.84247,-1.046,False,2024,2024-01-12 09:00:00,2.0,0.0,2-3
n3_h4dow_trail,n3,h4dow,trail,USDCHF,S,2024-01-12 10:15:00-05:00,2024-01-12 12:09:00-05:00,0.84909,0.85306,0.85306,,-1.0461,False,2024,2024-01-12 09:00:00,2.0,0.0,2-3
n2_h4dow_fixed,n2,h4dow,fixed,AUDUSD,L,2024-01-12 09:46:00-05:00,2024-01-12 12:11:00-05:00,0.67258,0.66856,0.66856,0.67928,-1.0216,False,2024,2024-01-12 09:00:00,3.0,0.0,2-3
n2_h4dow_trail,n2,h4dow,trail,AUDUSD,L,2024-01-12 09:46:00-05:00,2024-01-12 12:11:00-05:00,0.67258,0.66856,0.66856,,-1.0216,False,2024,2024-01-12 09:00:00,3.0,0.0,2-3
n3_h4dow_fixed,n3,h4dow,fixed,AUDUSD,L,2024-01-12 09:46:00-05:00,2024-01-12 12:11:00-05:00,0.67258,0.66856,0.66856,0.67928,-1.0216,False,2024,2024-01-12 09:00:00,3.0,0.0,2-3
n3_h4dow_trail,n3,h4dow,trail,AUDUSD,L,2024-01-12 09:46:00-05:00,2024-01-12 12:11:00-05:00,0.67258,0.66856,0.66856,,-1.0216,False,2024,2024-01-12 09:00:00,3.0,0.0,2-3
n2_h4dow_fixed,n2,h4dow,fixed,USDJPY,L,2024-01-16 03:38:00-05:00,2024-01-16 19:26:00-05:00,146.416,147.486,145.774,147.486,1.6578,False,2024,2024-01-16 01:00:00,1.0,1.0,1
n2_h4dow_trail,n2,h4dow,trail,USDJPY,L,2024-01-16 03:38:00-05:00,2024-01-19 04:14:00-05:00,146.416,147.94,147.94,,2.3638,False,2024,2024-01-16 01:00:00,1.0,1.0,1
n2_h4dow_fixed,n2,h4dow,fixed,USDJPY,L,2024-01-19 00:31:00-05:00,2024-01-19 05:04:00-05:00,148.529,147.913,147.913,149.556,-1.0042,False,2024,2024-01-18 21:00:00,2.0,1.0,2-3
n3_h4dow_fixed,n3,h4dow,fixed,GBPUSD,S,2024-01-23 10:42:00-05:00,2024-01-23 23:39:00-05:00,1.26611,1.27015,1.27015,1.25939,-1.0322,False,2024,2024-01-23 09:00:00,2.0,0.0,2-3
n3_h4dow_trail,n3,h4dow,trail,GBPUSD,S,2024-01-23 10:42:00-05:00,2024-01-23 23:39:00-05:00,1.26611,1.27015,1.27015,,-1.0322,False,2024,2024-01-23 09:00:00,2.0,0.0,2-3
n2_h4w18_fixed,n2,h4w18,fixed,EURUSD,S,2024-01-23 10:23:00-05:00,2024-01-24 02:43:00-05:00,1.08446,1.08772,1.08772,1.07904,-1.0158,False,2024,2024-01-23 09:00:00,3.0,0.0,2-3
n2_h4w18_trail,n2,h4w18,trail,EURUSD,S,2024-01-23 10:23:00-05:00,2024-01-24 02:43:00-05:00,1.08446,1.08772,1.08772,,-1.0158,False,2024,2024-01-23 09:00:00,3.0,0.0,2-3
n3_h4w18_fixed,n3,h4w18,fixed,EURUSD,S,2024-01-23 10:23:00-05:00,2024-01-24 02:43:00-05:00,1.08446,1.08772,1.08772,1.07904,-1.0158,False,2024,2024-01-23 09:00:00,3.0,0.0,2-3
n3_h4w18_trail,n3,h4w18,trail,EURUSD,S,2024-01-23 10:23:00-05:00,2024-01-24 02:43:00-05:00,1.08446,1.08772,1.08772,,-1.0158,False,2024,2024-01-23 09:00:00,3.0,0.0,2-3
n2_h4dow_trail,n2,h4dow,trail,AUDUSD,S,2024-01-23 10:43:00-05:00,2024-01-24 02:43:00-05:00,0.65651,0.65867,0.65867,,-0.6623,False,2024,2024-01-23 09:00:00,1.0,1.0,1
n2_h4dow_fixed,n2,h4dow,fixed,EURUSD,S,2024-01-23 10:11:00-05:00,2024-01-24 02:45:00-05:00,1.08467,1.08793,1.08793,1.07925,-1.0158,False,2024,2024-01-23 09:00:00,3.0,0.0,2-3
n2_h4dow_trail,n2,h4dow,trail,EURUSD,S,2024-01-23 10:11:00-05:00,2024-01-24 02:45:00-05:00,1.08467,1.08792,1.08792,,-1.0159,False,2024,2024-01-23 09:00:00,3.0,0.0,2-3
n3_h4dow_fixed,n3,h4dow,fixed,EURUSD,S,2024-01-23 10:11:00-05:00,2024-01-24 02:45:00-05:00,1.08467,1.08793,1.08793,1.07925,-1.0158,False,2024,2024-01-23 09:00:00,3.0,0.0,2-3
n3_h4dow_trail,n3,h4dow,trail,EURUSD,S,2024-01-23 10:11:00-05:00,2024-01-24 02:45:00-05:00,1.08467,1.08792,1.08792,,-1.0159,False,2024,2024-01-23 09:00:00,3.0,0.0,2-3
n2_h4dow_fixed,n2,h4dow,fixed,AUDUSD,S,2024-01-23 10:43:00-05:00,2024-01-24 04:23:00-05:00,0.65651,0.6599,0.6599,0.65086,-1.0252,False,2024,2024-01-23 09:00:00,1.0,1.0,1
n2_h4dow_trail,n2,h4dow,trail,USDCHF,L,2024-01-26 02:17:00-05:00,2024-01-26 03:36:00-05:00,0.86851,0.8664,0.8664,,-0.6775,False,2024,2024-01-26 01:00:00,3.0,0.0,2-3
n2_h4dow_fixed,n2,h4dow,fixed,USDCHF,L,2024-01-26 02:17:00-05:00,2024-01-26 04:29:00-05:00,0.86851,0.86512,0.86512,0.87416,-1.055,False,2024,2024-01-26 01:00:00,3.0,0.0,2-3
n3_h4dow_trail,n3,h4dow,trail,GBPUSD,S,2024-01-26 02:45:00-05:00,2024-01-26 04:31:00-05:00,1.26815,1.2716,1.2716,,-0.8028,False,2024,2024-01-26 01:00:00,4.0,0.0,4+
n2_h4dow_trail,n2,h4dow,trail,EURUSD,S,2024-01-25 14:23:00-05:00,2024-01-26 04:49:00-05:00,1.08216,1.0849,1.0849,,-0.6344,False,2024,2024-01-25 13:00:00,4.0,0.0,4+
n3_h4dow_trail,n3,h4dow,trail,EURUSD,S,2024-01-25 14:23:00-05:00,2024-01-26 04:49:00-05:00,1.08216,1.0849,1.0849,,-0.6344,False,2024,2024-01-25 13:00:00,4.0,0.0,4+
n3_h4dow_fixed,n3,h4dow,fixed,GBPUSD,S,2024-01-26 02:45:00-05:00,2024-01-26 05:09:00-05:00,1.26815,1.27261,1.27261,1.26073,-1.0292,False,2024,2024-01-26 01:00:00,4.0,0.0,4+
n2_h4dow_fixed,n2,h4dow,fixed,EURUSD,S,2024-01-25 14:23:00-05:00,2024-01-26 05:52:00-05:00,1.08216,1.08655,1.08655,1.07484,-1.0118,False,2024,2024-01-25 13:00:00,4.0,0.0,4+
n3_h4dow_fixed,n3,h4dow,fixed,EURUSD,S,2024-01-25 14:23:00-05:00,2024-01-26 05:52:00-05:00,1.08216,1.08655,1.08655,1.07484,-1.0118,False,2024,2024-01-25 13:00:00,4.0,0.0,4+
n2_h4dow_trail,n2,h4dow,trail,USDJPY,L,2024-01-26 04:06:00-05:00,2024-01-29 10:53:00-05:00,147.946,147.713,147.713,,-0.3281,False,2024,2024-01-26 01:00:00,5.0,0.0,4+
n2_h4dow_fixed,n2,h4dow,fixed,GBPUSD,S,2024-01-29 09:47:00-05:00,2024-01-29 19:25:00-05:00,1.26753,1.27175,1.27175,1.26051,-1.0309,False,2024,2024-01-29 09:00:00,1.0,1.0,1
n2_h4dow_trail,n2,h4dow,trail,GBPUSD,S,2024-01-29 09:47:00-05:00,2024-01-29 19:25:00-05:00,1.26753,1.27175,1.27175,,-1.0309,False,2024,2024-01-29 09:00:00,1.0,1.0,1
n3_h4dow_fixed,n3,h4dow,fixed,GBPUSD,S,2024-01-29 09:47:00-05:00,2024-01-29 19:25:00-05:00,1.26753,1.27175,1.27175,1.26051,-1.0309,False,2024,2024-01-29 09:00:00,5.0,0.0,4+
n3_h4dow_trail,n3,h4dow,trail,GBPUSD,S,2024-01-29 09:47:00-05:00,2024-01-29 19:25:00-05:00,1.26753,1.27175,1.27175,,-1.0309,False,2024,2024-01-29 09:00:00,5.0,0.0,4+
n2_h4dow_fixed,n2,h4dow,fixed,USDJPY,L,2024-01-26 04:06:00-05:00,2024-01-29 19:30:00-05:00,147.946,147.226,147.226,149.146,-1.0026,False,2024,2024-01-26 01:00:00,5.0,0.0,4+
n2_h4dow_trail,n2,h4dow,trail,EURUSD,S,2024-01-29 09:14:00-05:00,2024-01-30 06:24:00-05:00,1.08129,1.08422,1.08422,,-0.8422,False,2024,2024-01-29 09:00:00,1.0,1.0,1
n3_h4dow_trail,n3,h4dow,trail,EURUSD,S,2024-01-29 09:14:00-05:00,2024-01-30 06:24:00-05:00,1.08129,1.08422,1.08422,,-0.8422,False,2024,2024-01-29 09:00:00,5.0,0.0,4+
n2_h4dow_fixed,n2,h4dow,fixed,EURUSD,S,2024-01-29 09:14:00-05:00,2024-01-30 07:58:00-05:00,1.08129,1.08483,1.08483,1.07539,-1.0146,False,2024,2024-01-29 09:00:00,1.0,1.0,1
n3_h4dow_fixed,n3,h4dow,fixed,EURUSD,S,2024-01-29 09:14:00-05:00,2024-01-30 07:58:00-05:00,1.08129,1.08483,1.08483,1.07539,-1.0146,False,2024,2024-01-29 09:00:00,5.0,0.0,4+
n3_h4dow_trail,n3,h4dow,trail,USDCHF,S,2024-01-29 03:34:00-05:00,2024-01-30 10:22:00-05:00,0.86164,0.86395,0.86395,,-0.7427,False,2024,2024-01-29 01:00:00,1.0,1.0,1
n2_h4dow_fixed,n2,h4dow,fixed,GBPUSD,S,2024-01-30 10:00:00-05:00,2024-01-31 08:15:00-05:00,1.26623,1.27028,1.27028,1.25948,-1.0321,False,2024,2024-01-30 09:00:00,2.0,1.0,2-3
n2_h4dow_trail,n2,h4dow,trail,GBPUSD,S,2024-01-30 10:00:00-05:00,2024-01-31 08:15:00-05:00,1.26623,1.27021,1.27021,,-1.0148,False,2024,2024-01-30 09:00:00,2.0,1.0,2-3
n3_h4dow_fixed,n3,h4dow,fixed,GBPUSD,S,2024-01-30 10:00:00-05:00,2024-01-31 08:15:00-05:00,1.26623,1.27028,1.27028,1.25948,-1.0321,False,2024,2024-01-30 09:00:00,2.0,1.0,2-3
n3_h4dow_trail,n3,h4dow,trail,GBPUSD,S,2024-01-30 10:00:00-05:00,2024-01-31 08:15:00-05:00,1.26623,1.27021,1.27021,,-1.0148,False,2024,2024-01-30 09:00:00,2.0,1.0,2-3
n2_h4dow_fixed,n2,h4dow,fixed,USDCHF,L,2024-01-31 05:59:00-05:00,2024-01-31 08:40:00-05:00,0.86432,0.86124,0.86124,0.86944,-1.0603,False,2024,2024-01-31 05:00:00,2.0,0.0,2-3
n2_h4dow_trail,n2,h4dow,trail,USDCHF,L,2024-01-31 05:59:00-05:00,2024-01-31 08:40:00-05:00,0.86432,0.86124,0.86124,,-1.0603,False,2024,2024-01-31 05:00:00,2.0,0.0,2-3
n3_h4dow_fixed,n3,h4dow,fixed,USDCHF,S,2024-01-29 03:34:00-05:00,2024-01-31 09:53:00-05:00,0.86164,0.85604,0.865,0.85604,1.6117,False,2024,2024-01-29 01:00:00,1.0,1.0,1
n2_h4dow_trail,n2,h4dow,trail,EURUSD,S,2024-01-31 15:32:00-05:00,2024-02-01 08:30:00-05:00,1.07958,1.08218,1.08218,,-0.6645,False,2024,2024-01-31 13:00:00,2.0,1.0,2-3
n3_h4dow_trail,n3,h4dow,trail,EURUSD,S,2024-01-31 15:32:00-05:00,2024-02-01 08:30:00-05:00,1.07958,1.08218,1.08218,,-0.6645,False,2024,2024-01-31 13:00:00,2.0,1.0,2-3
n2_h4dow_fixed,n2,h4dow,fixed,GBPUSD,S,2024-02-01 05:41:00-05:00,2024-02-01 11:03:00-05:00,1.26405,1.26907,1.26907,1.25567,-1.0259,False,2024,2024-02-01 05:00:00,3.0,0.0,2-3
n2_h4dow_trail,n2,h4dow,trail,GBPUSD,S,2024-02-01 05:41:00-05:00,2024-02-01 11:03:00-05:00,1.26405,1.26908,1.26908,,-1.0258,False,2024,2024-02-01 05:00:00,3.0,0.0,2-3
n3_h4dow_fixed,n3,h4dow,fixed,GBPUSD,S,2024-02-01 05:41:00-05:00,2024-02-01 11:03:00-05:00,1.26405,1.26907,1.26907,1.25567,-1.0259,False,2024,2024-02-01 05:00:00,3.0,0.0,2-3
n3_h4dow_trail,n3,h4dow,trail,GBPUSD,S,2024-02-01 05:41:00-05:00,2024-02-01 11:03:00-05:00,1.26405,1.26908,1.26908,,-1.0258,False,2024,2024-02-01 05:00:00,3.0,0.0,2-3
n2_h4dow_fixed,n2,h4dow,fixed,EURUSD,S,2024-01-31 15:32:00-05:00,2024-02-01 11:05:00-05:00,1.07958,1.08357,1.08357,1.07293,-1.0129,False,2024,2024-01-31 13:00:00,2.0,1.0,2-3
n3_h4dow_fixed,n3,h4dow,fixed,EURUSD,S,2024-01-31 15:32:00-05:00,2024-02-01 11:05:00-05:00,1.07958,1.08357,1.08357,1.07293,-1.0129,False,2024,2024-01-31 13:00:00,2.0,1.0,2-3
n2_h4dow_trail,n2,h4dow,trail,AUDUSD,S,2024-02-02 10:26:00-05:00,2024-02-05 02:43:00-05:00,0.65079,0.65202,0.65202,,-0.2954,False,2024,2024-02-02 09:00:00,1.0,1.0,1
n2_h4dow_trail,n2,h4dow,trail,SP500,L,2024-02-01 20:33:00-05:00,2024-02-05 04:52:00-05:00,4957.1,4964.35,4964.35,,0.175,False,2024,2024-02-01 17:00:00,4.0,0.0,4+
n2_h4dow_fixed,n2,h4dow,fixed,GBPUSD,S,2024-02-02 11:56:00-05:00,2024-02-05 10:44:00-05:00,1.26252,1.25212,1.26876,1.25212,1.646,False,2024,2024-02-02 09:00:00,3.0,0.0,2-3
n3_h4dow_fixed,n3,h4dow,fixed,GBPUSD,S,2024-02-02 11:56:00-05:00,2024-02-05 10:44:00-05:00,1.26252,1.25212,1.26876,1.25212,1.646,False,2024,2024-02-02 09:00:00,3.0,0.0,2-3
n2_h4dow_trail,n2,h4dow,trail,GBPUSD,S,2024-02-02 11:56:00-05:00,2024-02-06 08:06:00-05:00,1.26252,1.25657,1.25657,,0.9328,False,2024,2024-02-02 09:00:00,3.0,0.0,2-3
n3_h4dow_trail,n3,h4dow,trail,GBPUSD,S,2024-02-02 11:56:00-05:00,2024-02-06 08:06:00-05:00,1.26252,1.25657,1.25657,,0.9328,False,2024,2024-02-02 09:00:00,3.0,0.0,2-3
n2_h4w18_trail,n2,h4w18,trail,GBPUSD,S,2024-02-05 05:01:00-05:00,2024-02-06 08:06:00-05:00,1.25965,1.25657,1.25657,,0.5168,False,2024,2024-02-05 05:00:00,4.0,0.0,4+
n3_h4w18_trail,n3,h4w18,trail,GBPUSD,S,2024-02-05 05:01:00-05:00,2024-02-06 08:06:00-05:00,1.25965,1.25657,1.25657,,0.5168,False,2024,2024-02-05 05:00:00,4.0,0.0,4+
n2_h4dow_trail,n2,h4dow,trail,EURUSD,S,2024-02-04 18:01:00-05:00,2024-02-06 20:24:00-05:00,1.078,1.07626,1.07626,,0.3504,False,2024,2024-02-04 17:00:00,3.0,0.0,2-3
n3_h4dow_trail,n3,h4dow,trail,EURUSD,S,2024-02-04 18:01:00-05:00,2024-02-06 20:24:00-05:00,1.078,1.07626,1.07626,,0.3504,False,2024,2024-02-04 17:00:00,3.0,0.0,2-3
n2_h4w18_fixed,n2,h4w18,fixed,USDCHF,L,2024-02-06 05:00:00-05:00,2024-02-06 20:49:00-05:00,0.87285,0.86923,0.86923,0.87887,-1.0517,False,2024,2024-02-06 05:00:00,1.0,1.0,1
n2_h4w18_trail,n2,h4w18,trail,USDCHF,L,2024-02-06 05:00:00-05:00,2024-02-06 20:49:00-05:00,0.87285,0.86924,0.86924,,-1.0519,False,2024,2024-02-06 05:00:00,1.0,1.0,1
n2_h4dow_trail,n2,h4dow,trail,USDCHF,L,2024-02-06 04:55:00-05:00,2024-02-07 02:15:00-05:00,0.87186,0.86917,0.86917,,-0.7948,False,2024,2024-02-06 01:00:00,1.0,1.0,1
n2_h4dow_fixed,n2,h4dow,fixed,SP500,L,2024-02-01 20:33:00-05:00,2024-02-07 10:29:00-05:00,4957.1,5012.92,4923.61,5012.92,1.3891,False,2024,2024-02-01 17:00:00,4.0,0.0,4+
n2_h4dow_trail,n2,h4dow,trail,USDCHF,L,2024-02-07 12:51:00-05:00,2024-02-08 04:33:00-05:00,0.87414,0.87246,0.87246,,-0.5461,False,2024,2024-02-07 09:00:00,2.0,1.0,2-3
n3_h4dow_trail,n3,h4dow,trail,USDJPY,L,2024-02-08 05:32:00-05:00,2024-02-09 02:19:00-05:00,148.893,149.238,149.238,,0.5986,False,2024,2024-02-08 05:00:00,1.0,1.0,1
n2_h4dow_trail,n2,h4dow,trail,EURUSD,S,2024-02-08 07:30:00-05:00,2024-02-09 02:57:00-05:00,1.07558,1.07829,1.07829,,-1.0152,False,2024,2024-02-08 05:00:00,5.0,0.0,4+
n3_h4dow_trail,n3,h4dow,trail,EURUSD,S,2024-02-08 07:30:00-05:00,2024-02-09 02:57:00-05:00,1.07558,1.07829,1.07829,,-1.0152,False,2024,2024-02-08 05:00:00,5.0,0.0,4+
n2_h4dow_trail,n2,h4dow,trail,USDCHF,L,2024-02-08 08:31:00-05:00,2024-02-09 08:33:00-05:00,0.87535,0.87329,0.87329,,-0.7047,False,2024,2024-02-08 05:00:00,3.0,0.0,2-3
n2_h4w18_fixed,n2,h4w18,fixed,GBPUSD,S,2024-02-05 05:01:00-05:00,2024-02-12 02:57:00-05:00,1.25965,1.26537,1.26537,1.25013,-1.0227,False,2024,2024-02-05 05:00:00,4.0,0.0,4+
n3_h4w18_fixed,n3,h4w18,fixed,GBPUSD,S,2024-02-05 05:01:00-05:00,2024-02-12 02:57:00-05:00,1.25965,1.26537,1.26537,1.25013,-1.0227,False,2024,2024-02-05 05:00:00,4.0,0.0,4+
n2_h4dow_trail,n2,h4dow,trail,SP500,L,2024-02-06 09:45:00-05:00,2024-02-12 09:14:00-05:00,4977.35,5040.55,5040.55,,2.203,False,2024,2024-02-06 09:00:00,1.0,1.0,1
n2_h4dow_fixed,n2,h4dow,fixed,SP500,L,2024-02-08 15:59:00-05:00,2024-02-12 10:53:00-05:00,5019.85,5051.27,5000.99,5051.27,1.5582,False,2024,2024-02-08 13:00:00,2.0,1.0,2-3
n2_h4dow_trail,n2,h4dow,trail,SP500,L,2024-02-12 10:45:00-05:00,2024-02-12 16:11:00-05:00,5048.35,5033.54,5033.54,,-0.9794,False,2024,2024-02-12 09:00:00,3.0,1.0,2-3
n2_h4dow_fixed,n2,h4dow,fixed,USDCHF,L,2024-02-06 04:55:00-05:00,2024-02-13 02:30:00-05:00,0.87186,0.87788,0.86824,0.87788,1.611,False,2024,2024-02-06 01:00:00,1.0,1.0,1
n3_h4dow_fixed,n3,h4dow,fixed,USDJPY,L,2024-02-08 05:32:00-05:00,2024-02-13 08:30:00-05:00,148.893,149.841,148.325,149.841,1.6616,False,2024,2024-02-08 05:00:00,1.0,1.0,1
n2_h4dow_fixed,n2,h4dow,fixed,USDJPY,L,2024-02-12 23:03:00-05:00,2024-02-13 08:34:00-05:00,149.575,150.255,149.167,150.255,1.6564,False,2024,2024-02-12 21:00:00,1.0,1.0,1
n3_h4dow_fixed,n3,h4dow,fixed,AUDUSD,S,2024-02-13 04:06:00-05:00,2024-02-13 08:43:00-05:00,0.65123,0.64718,0.65366,0.64718,1.632,False,2024,2024-02-13 01:00:00,4.0,1.0,4+
n2_h4dow_fixed,n2,h4dow,fixed,EURUSD,S,2024-02-04 18:01:00-05:00,2024-02-14 03:06:00-05:00,1.078,1.06997,1.08282,1.06997,1.6553,False,2024,2024-02-04 17:00:00,3.0,0.0,2-3
n3_h4dow_fixed,n3,h4dow,fixed,EURUSD,S,2024-02-04 18:01:00-05:00,2024-02-14 03:06:00-05:00,1.078,1.06997,1.08282,1.06997,1.6553,False,2024,2024-02-04 17:00:00,3.0,0.0,2-3
n2_h4dow_fixed,n2,h4dow,fixed,GBPUSD,S,2024-02-13 08:30:00-05:00,2024-02-14 03:22:00-05:00,1.26061,1.25471,1.26415,1.25471,1.6302,False,2024,2024-02-13 05:00:00,6.0,0.0,4+
n3_h4dow_fixed,n3,h4dow,fixed,GBPUSD,S,2024-02-13 08:30:00-05:00,2024-02-14 03:22:00-05:00,1.26061,1.25471,1.26415,1.25471,1.6302,False,2024,2024-02-13 05:00:00,6.0,0.0,4+
n3_h4dow_trail,n3,h4dow,trail,AUDUSD,S,2024-02-13 04:06:00-05:00,2024-02-14 08:01:00-05:00,0.65123,0.64808,0.64808,,1.2616,False,2024,2024-02-13 01:00:00,4.0,1.0,4+
n3_h4w18_trail,n3,h4w18,trail,AUDUSD,S,2024-02-13 08:48:00-05:00,2024-02-14 08:01:00-05:00,0.64689,0.64808,0.64808,,-0.5308,False,2024,2024-02-13 05:00:00,5.0,0.0,4+
n2_h4dow_trail,n2,h4dow,trail,EURUSD,S,2024-02-13 08:30:00-05:00,2024-02-14 09:30:00-05:00,1.07559,1.07188,1.07188,,1.3305,False,2024,2024-02-13 05:00:00,7.0,0.0,4+
n3_h4dow_trail,n3,h4dow,trail,EURUSD,S,2024-02-13 08:30:00-05:00,2024-02-14 09:30:00-05:00,1.07559,1.07188,1.07188,,1.3305,False,2024,2024-02-13 05:00:00,7.0,0.0,4+
n2_h4w18_trail,n2,h4w18,trail,EURUSD,S,2024-02-13 08:40:00-05:00,2024-02-14 09:30:00-05:00,1.07226,1.07188,1.07188,,0.1201,False,2024,2024-02-13 05:00:00,7.0,0.0,4+
n3_h4w18_trail,n3,h4w18,trail,EURUSD,S,2024-02-13 08:40:00-05:00,2024-02-14 09:30:00-05:00,1.07226,1.07188,1.07188,,0.1201,False,2024,2024-02-13 05:00:00,7.0,0.0,4+
n2_h4dow_trail,n2,h4dow,trail,USDCHF,L,2024-02-12 08:32:00-05:00,2024-02-14 09:31:00-05:00,0.87622,0.88574,0.88574,,3.4053,False,2024,2024-02-12 05:00:00,5.0,0.0,4+
n3_h4w18_fixed,n3,h4w18,fixed,AUDUSD,S,2024-02-13 08:48:00-05:00,2024-02-14 13:02:00-05:00,0.64689,0.64929,0.64929,0.64289,-1.035,False,2024,2024-02-13 05:00:00,5.0,0.0,4+
n2_h4dow_trail,n2,h4dow,trail,USDJPY,L,2024-02-12 23:03:00-05:00,2024-02-14 19:43:00-05:00,149.575,150.353,150.353,,1.8965,False,2024,2024-02-12 21:00:00,1.0,1.0,1
n3_h4dow_trail,n3,h4dow,trail,USDJPY,L,2024-02-12 23:03:00-05:00,2024-02-14 19:43:00-05:00,149.575,150.353,150.353,,1.8965,False,2024,2024-02-12 21:00:00,2.0,1.0,2-3
n2_h4dow_trail,n2,h4dow,trail,GBPUSD,S,2024-02-13 08:30:00-05:00,2024-02-14 19:56:00-05:00,1.26061,1.25704,1.25704,,0.972,False,2024,2024-02-13 05:00:00,6.0,0.0,4+
n3_h4dow_trail,n3,h4dow,trail,GBPUSD,S,2024-02-13 08:30:00-05:00,2024-02-14 19:56:00-05:00,1.26061,1.25704,1.25704,,0.972,False,2024,2024-02-13 05:00:00,6.0,0.0,4+
n2_h4w18_fixed,n2,h4w18,fixed,EURUSD,S,2024-02-13 08:40:00-05:00,2024-02-15 08:21:00-05:00,1.07226,1.075,1.075,1.06768,-1.0186,False,2024,2024-02-13 05:00:00,7.0,0.0,4+
n3_h4w18_fixed,n3,h4w18,fixed,EURUSD,S,2024-02-13 08:40:00-05:00,2024-02-15 08:21:00-05:00,1.07226,1.075,1.075,1.06768,-1.0186,False,2024,2024-02-13 05:00:00,7.0,0.0,4+
n2_h4dow_fixed,n2,h4dow,fixed,AUDUSD,S,2024-02-02 10:26:00-05:00,2024-02-20 04:58:00-05:00,0.65079,0.65525,0.65525,0.64337,-1.019,False,2024,2024-02-02 09:00:00,1.0,1.0,1
n2_h4dow_fixed,n2,h4dow,fixed,USDJPY,L,2024-02-21 20:05:00-05:00,2024-02-22 03:10:00-05:00,150.439,150.061,150.061,151.069,-1.0102,False,2024,2024-02-21 17:00:00,5.0,0.0,4+
n2_h4dow_trail,n2,h4dow,trail,USDJPY,L,2024-02-21 20:05:00-05:00,2024-02-22 03:10:00-05:00,150.439,150.061,150.061,,-1.0102,False,2024,2024-02-21 17:00:00,5.0,0.0,4+
n3_h4dow_fixed,n3,h4dow,fixed,USDJPY,L,2024-02-21 20:05:00-05:00,2024-02-22 03:10:00-05:00,150.439,150.061,150.061,151.069,-1.0102,False,2024,2024-02-21 17:00:00,6.0,0.0,4+
n3_h4dow_trail,n3,h4dow,trail,USDJPY,L,2024-02-21 20:05:00-05:00,2024-02-22 03:10:00-05:00,150.439,150.061,150.061,,-1.0102,False,2024,2024-02-21 17:00:00,6.0,0.0,4+
n2_h4dow_fixed,n2,h4dow,fixed,USDJPY,L,2024-02-23 04:03:00-05:00,2024-02-23 11:47:00-05:00,150.689,150.32,150.32,151.304,-1.0107,False,2024,2024-02-23 01:00:00,0.0,1.0,0
n2_h4dow_trail,n2,h4dow,trail,USDJPY,L,2024-02-23 04:03:00-05:00,2024-02-23 11:47:00-05:00,150.689,150.32,150.32,,-1.0107,False,2024,2024-02-23 01:00:00,0.0,1.0,0
n3_h4dow_fixed,n3,h4dow,fixed,USDJPY,L,2024-02-23 04:03:00-05:00,2024-02-23 11:47:00-05:00,150.689,150.32,150.32,151.304,-1.0107,False,2024,2024-02-23 01:00:00,6.0,0.0,4+
n3_h4dow_trail,n3,h4dow,trail,USDJPY,L,2024-02-23 04:03:00-05:00,2024-02-23 11:47:00-05:00,150.689,150.32,150.32,,-1.0107,False,2024,2024-02-23 01:00:00,6.0,0.0,4+
n2_h4dow_trail,n2,h4dow,trail,USDCHF,L,2024-02-25 21:31:00-05:00,2024-02-26 04:56:00-05:00,0.88215,0.88012,0.88012,,-0.7707,False,2024,2024-02-25 21:00:00,9.0,0.0,4+
n3_h4dow_trail,n3,h4dow,trail,USDCHF,L,2024-02-25 21:31:00-05:00,2024-02-26 04:56:00-05:00,0.88215,0.88012,0.88012,,-0.7707,False,2024,2024-02-25 21:00:00,9.0,0.0,4+
n2_h4dow_fixed,n2,h4dow,fixed,USDCHF,L,2024-02-25 21:31:00-05:00,2024-02-26 05:28:00-05:00,0.88215,0.87927,0.87927,0.88695,-1.0658,False,2024,2024-02-25 21:00:00,9.0,0.0,4+
n3_h4dow_fixed,n3,h4dow,fixed,USDCHF,L,2024-02-25 21:31:00-05:00,2024-02-26 05:28:00-05:00,0.88215,0.87927,0.87927,0.88695,-1.0658,False,2024,2024-02-25 21:00:00,9.0,0.0,4+
n2_h4dow_fixed,n2,h4dow,fixed,USDJPY,L,2024-02-26 10:07:00-05:00,2024-02-27 02:26:00-05:00,150.769,150.401,150.401,151.381,-1.0098,False,2024,2024-02-26 09:00:00,0.0,1.0,0
n2_h4dow_trail,n2,h4dow,trail,USDJPY,L,2024-02-26 10:07:00-05:00,2024-02-27 02:26:00-05:00,150.769,150.402,150.402,,-1.009,False,2024,2024-02-26 09:00:00,0.0,1.0,0
n3_h4dow_fixed,n3,h4dow,fixed,USDJPY,L,2024-02-26 10:07:00-05:00,2024-02-27 02:26:00-05:00,150.769,150.401,150.401,151.381,-1.0098,False,2024,2024-02-26 09:00:00,6.0,0.0,4+
n3_h4dow_trail,n3,h4dow,trail,USDJPY,L,2024-02-26 10:07:00-05:00,2024-02-27 02:26:00-05:00,150.769,150.402,150.402,,-1.009,False,2024,2024-02-26 09:00:00,6.0,0.0,4+
n2_h4dow_fixed,n2,h4dow,fixed,USDCHF,L,2024-02-28 02:27:00-05:00,2024-02-28 12:01:00-05:00,0.88107,0.87849,0.87849,0.88537,-1.0733,False,2024,2024-02-28 01:00:00,2.0,1.0,2-3
n2_h4dow_trail,n2,h4dow,trail,USDCHF,L,2024-02-28 02:27:00-05:00,2024-02-28 12:01:00-05:00,0.88107,0.87849,0.87849,,-1.0733,False,2024,2024-02-28 01:00:00,2.0,1.0,2-3
n3_h4dow_fixed,n3,h4dow,fixed,USDCHF,L,2024-02-28 02:27:00-05:00,2024-02-28 12:01:00-05:00,0.88107,0.87849,0.87849,0.88537,-1.0733,False,2024,2024-02-28 01:00:00,2.0,1.0,2-3
n3_h4dow_trail,n3,h4dow,trail,USDCHF,L,2024-02-28 02:27:00-05:00,2024-02-28 12:01:00-05:00,0.88107,0.87849,0.87849,,-1.0733,False,2024,2024-02-28 01:00:00,2.0,1.0,2-3
n2_h4dow_trail,n2,h4dow,trail,USDJPY,L,2024-02-28 10:57:00-05:00,2024-02-28 20:01:00-05:00,150.837,150.532,150.532,,-0.8604,False,2024,2024-02-28 09:00:00,1.0,1.0,1
n3_h4dow_trail,n3,h4dow,trail,USDJPY,L,2024-02-28 10:57:00-05:00,2024-02-28 20:01:00-05:00,150.837,150.532,150.532,,-0.8604,False,2024,2024-02-28 09:00:00,7.0,0.0,4+
n2_h4dow_fixed,n2,h4dow,fixed,USDJPY,L,2024-02-28 10:57:00-05:00,2024-02-28 20:04:00-05:00,150.837,150.479,150.479,151.434,-1.0099,False,2024,2024-02-28 09:00:00,1.0,1.0,1
n3_h4dow_fixed,n3,h4dow,fixed,USDJPY,L,2024-02-28 10:57:00-05:00,2024-02-28 20:04:00-05:00,150.837,150.479,150.479,151.434,-1.0099,False,2024,2024-02-28 09:00:00,7.0,0.0,4+
n3_h4dow_fixed,n3,h4dow,fixed,USDCHF,L,2024-02-29 11:07:00-05:00,2024-03-01 02:25:00-05:00,0.88158,0.88578,0.87906,0.88578,1.5912,False,2024,2024-02-29 09:00:00,3.0,0.0,2-3
n3_h4w18_fixed,n3,h4w18,fixed,USDCHF,L,2024-02-29 11:19:00-05:00,2024-03-01 03:10:00-05:00,0.88224,0.88644,0.87972,0.88644,1.5912,False,2024,2024-02-29 09:00:00,3.0,0.0,2-3
n3_h4dow_trail,n3,h4dow,trail,USDCHF,L,2024-02-29 11:07:00-05:00,2024-03-01 12:09:00-05:00,0.88158,0.88397,0.88397,,0.8731,False,2024,2024-02-29 09:00:00,3.0,0.0,2-3
n3_h4w18_trail,n3,h4w18,trail,USDCHF,L,2024-02-29 11:19:00-05:00,2024-03-01 12:09:00-05:00,0.88224,0.88397,0.88397,,0.6111,False,2024,2024-02-29 09:00:00,3.0,0.0,2-3
n2_h4dow_fixed,n2,h4dow,fixed,SP500,L,2024-02-29 15:55:00-05:00,2024-03-04 14:39:00-05:00,5108.05,5155.0,5079.88,5155.0,1.6341,False,2024,2024-02-29 13:00:00,2.0,0.0,2-3
n3_h4dow_fixed,n3,h4dow,fixed,SP500,L,2024-02-29 15:55:00-05:00,2024-03-04 14:39:00-05:00,5108.05,5155.0,5079.88,5155.0,1.6341,False,2024,2024-02-29 13:00:00,2.0,0.0,2-3
n2_h4dow_trail,n2,h4dow,trail,SP500,L,2024-02-29 15:55:00-05:00,2024-03-04 18:09:00-05:00,5108.05,5132.15,5132.15,,0.8343,False,2024,2024-02-29 13:00:00,2.0,0.0,2-3
n3_h4dow_trail,n3,h4dow,trail,SP500,L,2024-02-29 15:55:00-05:00,2024-03-04 18:09:00-05:00,5108.05,5132.15,5132.15,,0.8343,False,2024,2024-02-29 13:00:00,2.0,0.0,2-3
n2_h4w18_trail,n2,h4w18,trail,SP500,L,2024-03-01 10:56:00-05:00,2024-03-04 18:09:00-05:00,5123.15,5132.15,5132.15,,0.3058,False,2024,2024-03-01 09:00:00,2.0,0.0,2-3
n3_h4w18_trail,n3,h4w18,trail,SP500,L,2024-03-01 10:56:00-05:00,2024-03-04 18:09:00-05:00,5123.15,5132.15,5132.15,,0.3058,False,2024,2024-03-01 09:00:00,2.0,0.0,2-3
n2_h4dow_fixed,n2,h4dow,fixed,SP500,L,2024-03-04 15:40:00-05:00,2024-03-04 20:52:00-05:00,5149.05,5127.85,5127.85,5184.38,-0.9658,False,2024,2024-03-04 13:00:00,2.0,0.0,2-3
n3_h4dow_fixed,n3,h4dow,fixed,SP500,L,2024-03-04 15:40:00-05:00,2024-03-04 20:52:00-05:00,5149.05,5127.85,5127.85,5184.38,-0.9658,False,2024,2024-03-04 13:00:00,2.0,0.0,2-3
n3_h4dow_fixed,n3,h4dow,fixed,USDCHF,L,2024-03-05 02:24:00-05:00,2024-03-05 10:00:00-05:00,0.88642,0.88338,0.88338,0.8915,-1.0626,False,2024,2024-03-05 01:00:00,5.0,0.0,4+
n3_h4dow_trail,n3,h4dow,trail,USDCHF,L,2024-03-05 02:24:00-05:00,2024-03-05 10:00:00-05:00,0.88642,0.88338,0.88338,,-1.0626,False,2024,2024-03-05 01:00:00,5.0,0.0,4+
n2_h4w18_fixed,n2,h4w18,fixed,SP500,L,2024-03-01 10:56:00-05:00,2024-03-05 10:24:00-05:00,5123.15,5097.68,5097.68,5165.6,-0.9006,False,2024,2024-03-01 09:00:00,2.0,0.0,2-3
n3_h4w18_fixed,n3,h4w18,fixed,SP500,L,2024-03-01 10:56:00-05:00,2024-03-05 10:24:00-05:00,5123.15,5097.68,5097.68,5165.6,-0.9006,False,2024,2024-03-01 09:00:00,2.0,0.0,2-3
n2_h4dow_fixed,n2,h4dow,fixed,EURUSD,L,2024-03-05 10:00:00-05:00,2024-03-05 20:38:00-05:00,1.08668,1.08432,1.08432,1.0906,-1.0219,False,2024,2024-03-05 09:00:00,0.0,1.0,0
n2_h4dow_trail,n2,h4dow,trail,EURUSD,L,2024-03-05 10:00:00-05:00,2024-03-05 20:38:00-05:00,1.08668,1.08432,1.08432,,-1.0219,False,2024,2024-03-05 09:00:00,0.0,1.0,0
n2_h4dow_fixed,n2,h4dow,fixed,GBPUSD,L,2024-03-04 07:03:00-05:00,2024-03-06 10:53:00-05:00,1.26816,1.27396,1.26468,1.27396,1.6292,False,2024,2024-03-04 05:00:00,6.0,0.0,4+
n3_h4dow_fixed,n3,h4dow,fixed,GBPUSD,L,2024-03-04 07:03:00-05:00,2024-03-06 10:53:00-05:00,1.26816,1.27396,1.26468,1.27396,1.6292,False,2024,2024-03-04 05:00:00,6.0,0.0,4+
n2_h4w18_fixed,n2,h4w18,fixed,GBPUSD,L,2024-03-05 10:00:00-05:00,2024-03-06 11:53:00-05:00,1.27096,1.27579,1.26806,1.27579,1.6204,False,2024,2024-03-05 09:00:00,6.0,0.0,4+
n3_h4w18_fixed,n3,h4w18,fixed,GBPUSD,L,2024-03-05 10:00:00-05:00,2024-03-06 11:53:00-05:00,1.27096,1.27579,1.26806,1.27579,1.6204,False,2024,2024-03-05 09:00:00,6.0,0.0,4+
n2_h4dow_fixed,n2,h4dow,fixed,USDJPY,S,2024-03-05 10:00:00-05:00,2024-03-06 11:55:00-05:00,149.843,149.178,150.242,149.178,1.656,False,2024,2024-03-05 09:00:00,2.0,1.0,2-3
n2_h4w18_fixed,n2,h4w18,fixed,USDJPY,S,2024-03-06 11:55:00-05:00,2024-03-07 01:23:00-05:00,149.211,148.381,149.709,148.381,1.6563,False,2024,2024-03-06 09:00:00,2.0,1.0,2-3
n2_h4dow_fixed,n2,h4dow,fixed,EURUSD,L,2024-03-06 04:54:00-05:00,2024-03-07 09:56:00-05:00,1.08762,1.0918,1.08511,1.0918,1.6447,False,2024,2024-03-06 01:00:00,1.0,1.0,1
n3_h4dow_fixed,n3,h4dow,fixed,EURUSD,L,2024-03-06 04:54:00-05:00,2024-03-07 09:56:00-05:00,1.08762,1.0918,1.08511,1.0918,1.6447,False,2024,2024-03-06 01:00:00,1.0,1.0,1
n2_h4w18_fixed,n2,h4w18,fixed,EURUSD,L,2024-03-06 09:46:00-05:00,2024-03-07 11:28:00-05:00,1.08892,1.09324,1.08632,1.09324,1.6416,False,2024,2024-03-06 09:00:00,1.0,1.0,1
n3_h4w18_fixed,n3,h4w18,fixed,EURUSD,L,2024-03-06 09:46:00-05:00,2024-03-07 11:28:00-05:00,1.08892,1.09324,1.08632,1.09324,1.6416,False,2024,2024-03-06 09:00:00,1.0,1.0,1
n2_h4dow_fixed,n2,h4dow,fixed,GBPUSD,L,2024-03-07 06:01:00-05:00,2024-03-07 19:09:00-05:00,1.27612,1.28177,1.27273,1.28177,1.6279,False,2024,2024-03-07 05:00:00,1.0,1.0,1
n3_h4dow_fixed,n3,h4dow,fixed,GBPUSD,L,2024-03-07 06:01:00-05:00,2024-03-07 19:09:00-05:00,1.27612,1.28177,1.27273,1.28177,1.6279,False,2024,2024-03-07 05:00:00,1.0,1.0,1
n2_h4dow_fixed,n2,h4dow,fixed,EURUSD,L,2024-03-07 09:58:00-05:00,2024-03-08 08:30:00-05:00,1.09153,1.09628,1.08868,1.09628,1.6484,False,2024,2024-03-07 09:00:00,1.0,1.0,1
n3_h4dow_fixed,n3,h4dow,fixed,EURUSD,L,2024-03-07 09:58:00-05:00,2024-03-08 08:30:00-05:00,1.09153,1.09628,1.08868,1.09628,1.6484,False,2024,2024-03-07 09:00:00,1.0,1.0,1
n2_h4dow_fixed,n2,h4dow,fixed,SP500,L,2024-03-07 08:32:00-05:00,2024-03-08 09:47:00-05:00,5134.35,5183.03,5105.15,5183.03,1.4525,False,2024,2024-03-07 05:00:00,1.0,1.0,1
n3_h4dow_fixed,n3,h4dow,fixed,SP500,L,2024-03-07 08:32:00-05:00,2024-03-08 09:47:00-05:00,5134.35,5183.03,5105.15,5183.03,1.4525,False,2024,2024-03-07 05:00:00,1.0,1.0,1
n2_h4dow_trail,n2,h4dow,trail,GBPUSD,L,2024-03-04 07:03:00-05:00,2024-03-11 04:26:00-04:00,1.26816,1.28398,1.28398,,4.5083,False,2024,2024-03-04 05:00:00,6.0,0.0,4+
n3_h4dow_trail,n3,h4dow,trail,GBPUSD,L,2024-03-04 07:03:00-05:00,2024-03-11 04:26:00-04:00,1.26816,1.28398,1.28398,,4.5083,False,2024,2024-03-04 05:00:00,6.0,0.0,4+
n2_h4w18_trail,n2,h4w18,trail,GBPUSD,L,2024-03-05 10:00:00-05:00,2024-03-11 04:26:00-04:00,1.27096,1.28398,1.28398,,4.4444,False,2024,2024-03-05 09:00:00,6.0,0.0,4+
n3_h4w18_trail,n3,h4w18,trail,GBPUSD,L,2024-03-05 10:00:00-05:00,2024-03-11 04:26:00-04:00,1.27096,1.28398,1.28398,,4.4444,False,2024,2024-03-05 09:00:00,6.0,0.0,4+
n2_h4dow_trail,n2,h4dow,trail,EURUSD,L,2024-03-06 04:54:00-05:00,2024-03-11 09:58:00-04:00,1.08762,1.09185,1.09185,,1.6713,False,2024,2024-03-06 01:00:00,1.0,1.0,1
n3_h4dow_trail,n3,h4dow,trail,EURUSD,L,2024-03-06 04:54:00-05:00,2024-03-11 09:58:00-04:00,1.08762,1.09185,1.09185,,1.6713,False,2024,2024-03-06 01:00:00,1.0,1.0,1
n2_h4w18_trail,n2,h4w18,trail,EURUSD,L,2024-03-06 09:46:00-05:00,2024-03-11 09:58:00-04:00,1.08892,1.09185,1.09185,,1.1112,False,2024,2024-03-06 09:00:00,1.0,1.0,1
n3_h4w18_trail,n3,h4w18,trail,EURUSD,L,2024-03-06 09:46:00-05:00,2024-03-11 09:58:00-04:00,1.08892,1.09185,1.09185,,1.1112,False,2024,2024-03-06 09:00:00,1.0,1.0,1
n2_h4dow_trail,n2,h4dow,trail,USDJPY,S,2024-03-05 10:00:00-05:00,2024-03-11 22:07:00-04:00,149.843,147.148,147.148,,6.7412,False,2024,2024-03-05 09:00:00,2.0,1.0,2-3
n2_h4w18_trail,n2,h4w18,trail,USDJPY,S,2024-03-06 11:55:00-05:00,2024-03-11 22:07:00-04:00,149.211,147.148,147.148,,4.1285,False,2024,2024-03-06 09:00:00,2.0,1.0,2-3
n2_h4dow_trail,n2,h4dow,trail,SP500,L,2024-03-07 08:32:00-05:00,2024-03-13 09:40:00-04:00,5134.35,5235.15,5235.15,,3.016,False,2024,2024-03-07 05:00:00,1.0,1.0,1
n3_h4dow_trail,n3,h4dow,trail,SP500,L,2024-03-07 08:32:00-05:00,2024-03-13 09:40:00-04:00,5134.35,5235.15,5235.15,,3.016,False,2024,2024-03-07 05:00:00,1.0,1.0,1
n2_h4dow_trail,n2,h4dow,trail,EURUSD,L,2024-03-13 07:50:00-04:00,2024-03-14 09:29:00-04:00,1.09437,1.09202,1.09202,,-0.9764,False,2024,2024-03-13 05:00:00,5.0,0.0,4+
n3_h4dow_trail,n3,h4dow,trail,EURUSD,L,2024-03-13 07:50:00-04:00,2024-03-14 09:29:00-04:00,1.09437,1.09202,1.09202,,-0.9764,False,2024,2024-03-13 05:00:00,5.0,0.0,4+
n2_h4dow_fixed,n2,h4dow,fixed,EURUSD,L,2024-03-13 07:50:00-04:00,2024-03-14 09:30:00-04:00,1.09437,1.09191,1.09191,1.09847,-1.0211,False,2024,2024-03-13 05:00:00,5.0,0.0,4+
n3_h4dow_fixed,n3,h4dow,fixed,EURUSD,L,2024-03-13 07:50:00-04:00,2024-03-14 09:30:00-04:00,1.09437,1.09191,1.09191,1.09847,-1.0211,False,2024,2024-03-13 05:00:00,5.0,0.0,4+
n2_h4dow_fixed,n2,h4dow,fixed,USDJPY,S,2024-03-14 09:22:00-04:00,2024-03-14 09:47:00-04:00,147.462,148.034,148.034,146.51,-1.0049,False,2024,2024-03-14 09:00:00,4.0,1.0,4+
n2_h4dow_trail,n2,h4dow,trail,USDJPY,S,2024-03-14 09:22:00-04:00,2024-03-14 09:47:00-04:00,147.462,148.033,148.033,,-1.006,False,2024,2024-03-14 09:00:00,4.0,1.0,4+
n2_h4dow_trail,n2,h4dow,trail,SP500,L,2024-03-14 04:10:00-04:00,2024-03-14 09:49:00-04:00,5247.65,5220.36,5220.36,,-0.9645,False,2024,2024-03-14 01:00:00,2.0,1.0,2-3
n3_h4dow_trail,n3,h4dow,trail,SP500,L,2024-03-14 04:10:00-04:00,2024-03-14 09:49:00-04:00,5247.65,5220.36,5220.36,,-0.9645,False,2024,2024-03-14 01:00:00,3.0,1.0,2-3
n3_h4dow_fixed,n3,h4dow,fixed,USDJPY,L,2024-03-14 09:47:00-04:00,2024-03-15 10:44:00-04:00,148.047,148.999,147.475,148.999,1.6544,False,2024,2024-03-14 09:00:00,2.0,1.0,2-3
n2_h4dow_fixed,n2,h4dow,fixed,EURUSD,L,2024-03-18 05:37:00-04:00,2024-03-18 12:08:00-04:00,1.08997,1.08782,1.08782,1.09355,-1.0241,False,2024,2024-03-18 05:00:00,6.0,0.0,4+
n2_h4dow_trail,n2,h4dow,trail,EURUSD,L,2024-03-18 05:37:00-04:00,2024-03-18 12:08:00-04:00,1.08997,1.08782,1.08782,,-1.0241,False,2024,2024-03-18 05:00:00,6.0,0.0,4+
n3_h4dow_fixed,n3,h4dow,fixed,EURUSD,L,2024-03-18 05:37:00-04:00,2024-03-18 12:08:00-04:00,1.08997,1.08782,1.08782,1.09355,-1.0241,False,2024,2024-03-18 05:00:00,6.0,0.0,4+
n3_h4dow_trail,n3,h4dow,trail,EURUSD,L,2024-03-18 05:37:00-04:00,2024-03-18 12:08:00-04:00,1.08997,1.08782,1.08782,,-1.0241,False,2024,2024-03-18 05:00:00,6.0,0.0,4+
n3_h4dow_fixed,n3,h4dow,fixed,USDJPY,L,2024-03-18 21:12:00-04:00,2024-03-19 01:06:00-04:00,149.331,150.139,148.846,150.139,1.6564,False,2024,2024-03-18 21:00:00,2.0,1.0,2-3
n2_h4dow_trail,n2,h4dow,trail,SP500,L,2024-03-18 09:31:00-04:00,2024-03-19 05:57:00-04:00,5230.1,5202.4,5202.4,,-0.839,False,2024,2024-03-18 09:00:00,5.0,0.0,4+
n3_h4dow_trail,n3,h4dow,trail,SP500,L,2024-03-18 09:31:00-04:00,2024-03-19 05:57:00-04:00,5230.1,5202.4,5202.4,,-0.839,False,2024,2024-03-18 09:00:00,6.0,0.0,4+
n2_h4dow_trail,n2,h4dow,trail,SP500,L,2024-03-19 15:47:00-04:00,2024-03-20 13:41:00-04:00,5240.15,5233.45,5233.45,,-0.209,False,2024,2024-03-19 13:00:00,5.0,0.0,4+
n3_h4dow_trail,n3,h4dow,trail,SP500,L,2024-03-19 15:47:00-04:00,2024-03-20 13:41:00-04:00,5240.15,5233.45,5233.45,,-0.209,False,2024,2024-03-19 13:00:00,6.0,0.0,4+
n2_h4dow_fixed,n2,h4dow,fixed,SP500,L,2024-03-11 18:08:00-04:00,2024-03-20 14:02:00-04:00,5196.05,5259.53,5157.97,5259.53,1.5803,False,2024,2024-03-11 17:00:00,1.0,1.0,1
n3_h4dow_fixed,n3,h4dow,fixed,SP500,L,2024-03-11 18:08:00-04:00,2024-03-20 14:02:00-04:00,5196.05,5259.53,5157.97,5259.53,1.5803,False,2024,2024-03-11 17:00:00,2.0,1.0,2-3
n2_h4dow_fixed,n2,h4dow,fixed,AUDUSD,L,2024-03-20 14:00:00-04:00,2024-03-20 15:28:00-04:00,0.65411,0.65813,0.65169,0.65813,1.626,False,2024,2024-03-20 13:00:00,4.0,0.0,4+
n3_h4dow_fixed,n3,h4dow,fixed,AUDUSD,L,2024-03-20 14:00:00-04:00,2024-03-20 15:28:00-04:00,0.65411,0.65813,0.65169,0.65813,1.626,False,2024,2024-03-20 13:00:00,4.0,0.0,4+
n2_h4w18_fixed,n2,h4w18,fixed,SP500,L,2024-03-20 14:01:00-04:00,2024-03-20 16:07:00-04:00,5253.45,5292.37,5230.09,5292.37,1.5461,False,2024,2024-03-20 13:00:00,1.0,1.0,1
n3_h4w18_fixed,n3,h4w18,fixed,SP500,L,2024-03-20 14:01:00-04:00,2024-03-20 16:07:00-04:00,5253.45,5292.37,5230.09,5292.37,1.5461,False,2024,2024-03-20 13:00:00,7.0,0.0,4+
n2_h4dow_fixed,n2,h4dow,fixed,GBPUSD,L,2024-03-20 14:00:00-04:00,2024-03-20 18:16:00-04:00,1.27328,1.27903,1.26983,1.27903,1.6287,False,2024,2024-03-20 13:00:00,4.0,0.0,4+
n3_h4dow_fixed,n3,h4dow,fixed,GBPUSD,L,2024-03-20 14:00:00-04:00,2024-03-20 18:16:00-04:00,1.27328,1.27903,1.26983,1.27903,1.6287,False,2024,2024-03-20 13:00:00,4.0,0.0,4+
n2_h4dow_fixed,n2,h4dow,fixed,EURUSD,L,2024-03-20 14:46:00-04:00,2024-03-21 10:01:00-04:00,1.09063,1.08825,1.08825,1.09461,-1.0218,False,2024,2024-03-20 13:00:00,8.0,0.0,4+
n2_h4dow_trail,n2,h4dow,trail,EURUSD,L,2024-03-20 14:46:00-04:00,2024-03-21 10:01:00-04:00,1.09063,1.08824,1.08824,,-1.0217,False,2024,2024-03-20 13:00:00,8.0,0.0,4+
n3_h4dow_fixed,n3,h4dow,fixed,EURUSD,L,2024-03-20 14:46:00-04:00,2024-03-21 10:01:00-04:00,1.09063,1.08825,1.08825,1.09461,-1.0218,False,2024,2024-03-20 13:00:00,8.0,0.0,4+
n3_h4dow_trail,n3,h4dow,trail,EURUSD,L,2024-03-20 14:46:00-04:00,2024-03-21 10:01:00-04:00,1.09063,1.08824,1.08824,,-1.0217,False,2024,2024-03-20 13:00:00,8.0,0.0,4+
n2_h4dow_trail,n2,h4dow,trail,GBPUSD,L,2024-03-20 14:00:00-04:00,2024-03-21 10:10:00-04:00,1.27328,1.26983,1.26983,,-1.0378,False,2024,2024-03-20 13:00:00,4.0,0.0,4+
n3_h4dow_trail,n3,h4dow,trail,GBPUSD,L,2024-03-20 14:00:00-04:00,2024-03-21 10:10:00-04:00,1.27328,1.26983,1.26983,,-1.0378,False,2024,2024-03-20 13:00:00,4.0,0.0,4+
n2_h4w18_trail,n2,h4w18,trail,SP500,L,2024-03-20 14:01:00-04:00,2024-03-21 14:43:00-04:00,5253.45,5301.85,5301.85,,1.9253,False,2024,2024-03-20 13:00:00,1.0,1.0,1
n3_h4w18_trail,n3,h4w18,trail,SP500,L,2024-03-20 14:01:00-04:00,2024-03-21 14:43:00-04:00,5253.45,5301.85,5301.85,,1.9253,False,2024,2024-03-20 13:00:00,7.0,0.0,4+
n2_h4dow_trail,n2,h4dow,trail,AUDUSD,L,2024-03-20 14:00:00-04:00,2024-03-21 21:37:00-04:00,0.65411,0.65614,0.65614,,0.8071,False,2024,2024-03-20 13:00:00,4.0,0.0,4+
n3_h4dow_trail,n3,h4dow,trail,AUDUSD,L,2024-03-20 14:00:00-04:00,2024-03-21 21:37:00-04:00,0.65411,0.65614,0.65614,,0.8071,False,2024,2024-03-20 13:00:00,4.0,0.0,4+
n3_h4dow_trail,n3,h4dow,trail,USDJPY,L,2024-03-14 09:47:00-04:00,2024-03-22 08:15:00-04:00,148.047,151.26,151.26,,5.6159,False,2024,2024-03-14 09:00:00,2.0,1.0,2-3
n3_h4w18_trail,n3,h4w18,trail,USDJPY,L,2024-03-19 11:38:00-04:00,2024-03-22 08:15:00-04:00,150.844,151.26,151.26,,0.6572,False,2024,2024-03-19 09:00:00,2.0,1.0,2-3
n3_h4dow_fixed,n3,h4dow,fixed,USDJPY,L,2024-03-21 21:37:00-04:00,2024-03-22 08:19:00-04:00,151.818,151.149,151.149,152.933,-1.0027,False,2024,2024-03-21 21:00:00,3.0,1.0,2-3
n3_h4w18_fixed,n3,h4w18,fixed,USDJPY,L,2024-03-19 11:38:00-04:00,2024-03-26 22:42:00-04:00,150.844,151.886,150.218,151.886,1.6557,False,2024,2024-03-19 09:00:00,2.0,1.0,2-3
n3_h4dow_trail,n3,h4dow,trail,USDJPY,L,2024-03-26 11:53:00-04:00,2024-03-27 05:02:00-04:00,151.545,151.45,151.45,,-0.2212,False,2024,2024-03-26 09:00:00,4.0,1.0,4+
n3_h4dow_fixed,n3,h4dow,fixed,USDJPY,L,2024-03-26 11:53:00-04:00,2024-03-27 05:25:00-04:00,151.545,151.098,151.098,152.29,-1.0079,False,2024,2024-03-26 09:00:00,4.0,1.0,4+
n2_h4dow_fixed,n2,h4dow,fixed,SP500,L,2024-03-27 15:44:00-04:00,2024-03-31 19:38:00-04:00,5300.55,5332.57,5281.33,5332.57,1.5874,False,2024,2024-03-27 13:00:00,3.0,0.0,2-3
n3_h4dow_fixed,n3,h4dow,fixed,SP500,L,2024-03-27 15:44:00-04:00,2024-03-31 19:38:00-04:00,5300.55,5332.57,5281.33,5332.57,1.5874,False,2024,2024-03-27 13:00:00,3.0,0.0,2-3
n2_h4dow_fixed,n2,h4dow,fixed,EURUSD,S,2024-03-28 03:33:00-04:00,2024-04-01 10:00:00-04:00,1.08018,1.0762,1.08256,1.0762,1.6507,False,2024,2024-03-28 01:00:00,1.0,1.0,1
n2_h4w18_fixed,n2,h4w18,fixed,EURUSD,S,2024-03-28 03:33:00-04:00,2024-04-01 10:00:00-04:00,1.08018,1.0762,1.08256,1.0762,1.6507,False,2024,2024-03-28 01:00:00,1.0,1.0,1
n2_h4w18_fixed,n2,h4w18,fixed,SP500,L,2024-03-31 18:04:00-04:00,2024-04-01 10:19:00-04:00,5322.65,5302.81,5302.81,5355.73,-1.0055,False,2024,2024-03-31 17:00:00,0.0,1.0,0
n2_h4w18_trail,n2,h4w18,trail,SP500,L,2024-03-31 18:04:00-04:00,2024-04-01 10:19:00-04:00,5322.65,5302.8,5302.8,,-1.006,False,2024,2024-03-31 17:00:00,0.0,1.0,0
n3_h4w18_fixed,n3,h4w18,fixed,SP500,L,2024-03-31 18:04:00-04:00,2024-04-01 10:19:00-04:00,5322.65,5302.81,5302.81,5355.73,-1.0055,False,2024,2024-03-31 17:00:00,3.0,0.0,2-3
n3_h4w18_trail,n3,h4w18,trail,SP500,L,2024-03-31 18:04:00-04:00,2024-04-01 10:19:00-04:00,5322.65,5302.8,5302.8,,-1.006,False,2024,2024-03-31 17:00:00,3.0,0.0,2-3
n2_h4dow_trail,n2,h4dow,trail,SP500,L,2024-03-27 15:44:00-04:00,2024-04-01 10:20:00-04:00,5300.55,5302.15,5302.15,,0.0665,False,2024,2024-03-27 13:00:00,3.0,0.0,2-3
n3_h4dow_trail,n3,h4dow,trail,SP500,L,2024-03-27 15:44:00-04:00,2024-04-01 10:20:00-04:00,5300.55,5302.15,5302.15,,0.0665,False,2024,2024-03-27 13:00:00,3.0,0.0,2-3
n2_h4dow_trail,n2,h4dow,trail,EURUSD,S,2024-03-28 03:33:00-04:00,2024-04-02 06:58:00-04:00,1.08018,1.0745,1.0745,,2.365,False,2024,2024-03-28 01:00:00,1.0,1.0,1
n2_h4w18_trail,n2,h4w18,trail,EURUSD,S,2024-03-28 03:33:00-04:00,2024-04-02 06:58:00-04:00,1.08018,1.0745,1.0745,,2.365,False,2024,2024-03-28 01:00:00,1.0,1.0,1
n2_h4dow_trail,n2,h4dow,trail,USDJPY,L,2024-04-01 09:39:00-04:00,2024-04-02 10:00:00-04:00,151.546,151.503,151.503,,-0.1618,False,2024,2024-04-01 09:00:00,1.0,1.0,1
n3_h4dow_trail,n3,h4dow,trail,USDJPY,L,2024-04-01 09:39:00-04:00,2024-04-02 10:00:00-04:00,151.546,151.503,151.503,,-0.1618,False,2024,2024-04-01 09:00:00,7.0,0.0,4+
n2_h4dow_trail,n2,h4dow,trail,USDJPY,L,2024-04-03 08:15:00-04:00,2024-04-03 18:12:00-04:00,151.801,151.582,151.582,,-0.8574,False,2024,2024-04-03 05:00:00,1.0,1.0,1
n3_h4dow_trail,n3,h4dow,trail,USDJPY,L,2024-04-03 08:15:00-04:00,2024-04-03 18:12:00-04:00,151.801,151.582,151.582,,-0.8574,False,2024,2024-04-03 05:00:00,7.0,0.0,4+
n2_h4dow_fixed,n2,h4dow,fixed,USDJPY,L,2024-04-01 09:39:00-04:00,2024-04-04 14:55:00-04:00,151.546,151.256,151.256,152.029,-1.0127,False,2024,2024-04-01 09:00:00,1.0,1.0,1
n3_h4dow_fixed,n3,h4dow,fixed,USDJPY,L,2024-04-01 09:39:00-04:00,2024-04-04 14:55:00-04:00,151.546,151.256,151.256,152.029,-1.0127,False,2024,2024-04-01 09:00:00,7.0,0.0,4+
n3_h4dow_fixed,n3,h4dow,fixed,USDJPY,L,2024-04-10 08:30:00-04:00,2024-04-10 08:32:00-04:00,151.942,152.334,151.706,152.334,1.6432,False,2024,2024-04-10 05:00:00,10.0,0.0,4+
n3_h4w18_fixed,n3,h4w18,fixed,USDJPY,L,2024-04-10 08:30:00-04:00,2024-04-10 08:32:00-04:00,151.953,152.345,151.717,152.345,1.6432,False,2024,2024-04-10 05:00:00,10.0,0.0,4+
n2_h4dow_fixed,n2,h4dow,fixed,USDCHF,L,2024-04-10 08:30:00-04:00,2024-04-10 09:37:00-04:00,0.90657,0.91095,0.90395,0.91095,1.5971,False,2024,2024-04-10 05:00:00,1.0,1.0,1
n2_h4w18_fixed,n2,h4w18,fixed,USDCHF,L,2024-04-10 08:38:00-04:00,2024-04-10 12:30:00-04:00,0.90956,0.91394,0.90694,0.91394,1.5969,False,2024,2024-04-10 05:00:00,1.0,1.0,1
n3_h4dow_trail,n3,h4dow,trail,USDJPY,L,2024-04-10 08:30:00-04:00,2024-04-12 08:37:00-04:00,151.942,152.965,152.965,,4.3155,False,2024,2024-04-10 05:00:00,10.0,0.0,4+
n3_h4w18_trail,n3,h4w18,trail,USDJPY,L,2024-04-10 08:30:00-04:00,2024-04-12 08:37:00-04:00,151.953,152.965,152.965,,4.289,False,2024,2024-04-10 05:00:00,10.0,0.0,4+
n2_h4dow_fixed,n2,h4dow,fixed,EURUSD,S,2024-04-12 02:37:00-04:00,2024-04-12 08:42:00-04:00,1.06992,1.06394,1.07351,1.06394,1.6516,False,2024,2024-04-12 01:00:00,1.0,1.0,1
n3_h4dow_fixed,n3,h4dow,fixed,USDJPY,L,2024-04-12 03:03:00-04:00,2024-04-12 08:45:00-04:00,153.321,152.836,152.836,154.129,-1.0074,False,2024,2024-04-12 01:00:00,1.0,1.0,1
n2_h4dow_fixed,n2,h4dow,fixed,GBPUSD,S,2024-04-12 03:12:00-04:00,2024-04-12 10:22:00-04:00,1.25107,1.24295,1.25595,1.24295,1.6377,False,2024,2024-04-12 01:00:00,1.0,1.0,1
n3_h4dow_fixed,n3,h4dow,fixed,USDJPY,L,2024-04-14 20:54:00-04:00,2024-04-15 08:30:00-04:00,153.387,154.275,152.855,154.275,1.6574,False,2024,2024-04-14 17:00:00,1.0,1.0,1
n2_h4dow_trail,n2,h4dow,trail,USDCHF,L,2024-04-10 08:30:00-04:00,2024-04-15 15:26:00-04:00,0.90657,0.91216,0.91216,,2.0511,False,2024,2024-04-10 05:00:00,1.0,1.0,1
n2_h4w18_trail,n2,h4w18,trail,USDCHF,L,2024-04-10 08:38:00-04:00,2024-04-15 15:26:00-04:00,0.90956,0.91216,0.91216,,0.9176,False,2024,2024-04-10 05:00:00,1.0,1.0,1
n3_h4dow_trail,n3,h4dow,trail,USDCHF,L,2024-04-14 21:08:00-04:00,2024-04-15 15:26:00-04:00,0.91477,0.91216,0.91216,,-0.7524,False,2024,2024-04-14 21:00:00,2.0,1.0,2-3
n3_h4dow_trail,n3,h4dow,trail,USDJPY,L,2024-04-14 20:54:00-04:00,2024-04-16 09:39:00-04:00,153.387,154.135,154.135,,1.3949,False,2024,2024-04-14 17:00:00,1.0,1.0,1
n3_h4dow_fixed,n3,h4dow,fixed,USDJPY,L,2024-04-16 02:29:00-04:00,2024-04-16 09:39:00-04:00,154.446,153.927,153.927,155.311,-1.0069,False,2024,2024-04-16 01:00:00,2.0,1.0,2-3
n2_h4dow_fixed,n2,h4dow,fixed,SP500,S,2024-04-15 13:18:00-04:00,2024-04-16 13:32:00-04:00,5150.25,5079.95,5192.43,5079.95,1.4008,False,2024,2024-04-15 13:00:00,1.0,1.0,1
n2_h4dow_trail,n2,h4dow,trail,SP500,S,2024-04-15 13:18:00-04:00,2024-04-16 14:09:00-04:00,5150.25,5120.35,5120.35,,0.5927,False,2024,2024-04-15 13:00:00,1.0,1.0,1
n2_h4dow_trail,n2,h4dow,trail,GBPUSD,S,2024-04-12 03:12:00-04:00,2024-04-17 02:49:00-04:00,1.25107,1.24719,1.24719,,0.7704,False,2024,2024-04-12 01:00:00,1.0,1.0,1
n3_h4dow_trail,n3,h4dow,trail,GBPUSD,S,2024-04-15 21:15:00-04:00,2024-04-17 02:49:00-04:00,1.24265,1.24719,1.24719,,-0.9786,False,2024,2024-04-15 21:00:00,2.0,1.0,2-3
n2_h4dow_fixed,n2,h4dow,fixed,USDCHF,L,2024-04-14 21:08:00-04:00,2024-04-17 02:50:00-04:00,0.91477,0.91103,0.91103,0.92099,-1.0525,False,2024,2024-04-14 21:00:00,2.0,1.0,2-3
n3_h4dow_fixed,n3,h4dow,fixed,USDCHF,L,2024-04-14 21:08:00-04:00,2024-04-17 02:50:00-04:00,0.91477,0.91103,0.91103,0.92099,-1.0525,False,2024,2024-04-14 21:00:00,2.0,1.0,2-3
n2_h4dow_fixed,n2,h4dow,fixed,GBPUSD,S,2024-04-15 21:15:00-04:00,2024-04-17 02:51:00-04:00,1.24265,1.24742,1.24742,1.2347,-1.0268,False,2024,2024-04-15 21:00:00,2.0,1.0,2-3
n3_h4dow_fixed,n3,h4dow,fixed,GBPUSD,S,2024-04-15 21:15:00-04:00,2024-04-17 02:51:00-04:00,1.24265,1.24742,1.24742,1.2347,-1.0268,False,2024,2024-04-15 21:00:00,2.0,1.0,2-3
n2_h4dow_trail,n2,h4dow,trail,EURUSD,S,2024-04-12 02:37:00-04:00,2024-04-17 12:31:00-04:00,1.06992,1.06538,1.06538,,1.2539,False,2024,2024-04-12 01:00:00,1.0,1.0,1
n3_h4dow_trail,n3,h4dow,trail,EURUSD,S,2024-04-15 10:47:00-04:00,2024-04-17 12:31:00-04:00,1.06223,1.06538,1.06538,,-0.8745,False,2024,2024-04-15 09:00:00,1.0,1.0,1
n2_h4dow_fixed,n2,h4dow,fixed,EURUSD,S,2024-04-15 10:47:00-04:00,2024-04-17 13:34:00-04:00,1.06223,1.06589,1.06589,1.05613,-1.0138,False,2024,2024-04-15 09:00:00,1.0,1.0,1
n3_h4dow_fixed,n3,h4dow,fixed,EURUSD,S,2024-04-15 10:47:00-04:00,2024-04-17 13:34:00-04:00,1.06223,1.06589,1.06589,1.05613,-1.0138,False,2024,2024-04-15 09:00:00,1.0,1.0,1
n2_h4dow_fixed,n2,h4dow,fixed,SP500,S,2024-04-18 13:18:00-04:00,2024-04-18 21:39:00-04:00,5046.95,4978.57,5087.98,4978.57,1.3625,False,2024,2024-04-18 13:00:00,2.0,1.0,2-3
n2_h4dow_fixed,n2,h4dow,fixed,GBPUSD,S,2024-04-18 21:38:00-04:00,2024-04-19 03:51:00-04:00,1.24055,1.24475,1.24475,1.23355,-1.0304,False,2024,2024-04-18 21:00:00,3.0,1.0,2-3
n2_h4dow_trail,n2,h4dow,trail,GBPUSD,S,2024-04-18 21:38:00-04:00,2024-04-19 03:51:00-04:00,1.24055,1.24475,1.24475,,-1.0304,False,2024,2024-04-18 21:00:00,3.0,1.0,2-3
n3_h4dow_fixed,n3,h4dow,fixed,GBPUSD,S,2024-04-18 21:38:00-04:00,2024-04-19 03:51:00-04:00,1.24055,1.24475,1.24475,1.23355,-1.0304,False,2024,2024-04-18 21:00:00,3.0,1.0,2-3
n3_h4dow_trail,n3,h4dow,trail,GBPUSD,S,2024-04-18 21:38:00-04:00,2024-04-19 03:51:00-04:00,1.24055,1.24475,1.24475,,-1.0304,False,2024,2024-04-18 21:00:00,3.0,1.0,2-3
n2_h4dow_trail,n2,h4dow,trail,SP500,S,2024-04-18 13:18:00-04:00,2024-04-22 13:48:00-04:00,5046.95,5057.4,5057.4,,-0.2142,False,2024,2024-04-18 13:00:00,2.0,1.0,2-3
n2_h4dow_trail,n2,h4dow,trail,USDCHF,L,2024-04-23 01:34:00-04:00,2024-04-23 03:26:00-04:00,0.9124,0.91131,0.91131,,-0.4466,False,2024,2024-04-23 01:00:00,4.0,0.0,4+
n3_h4dow_trail,n3,h4dow,trail,USDCHF,L,2024-04-23 01:34:00-04:00,2024-04-23 03:26:00-04:00,0.9124,0.91131,0.91131,,-0.4466,False,2024,2024-04-23 01:00:00,4.0,0.0,4+
n3_h4dow_trail,n3,h4dow,trail,USDJPY,L,2024-04-21 18:01:00-04:00,2024-04-23 09:45:00-04:00,154.687,154.66,154.66,,-0.0663,False,2024,2024-04-21 17:00:00,5.0,0.0,4+
n3_h4w18_trail,n3,h4w18,trail,USDJPY,L,2024-04-22 11:33:00-04:00,2024-04-23 09:45:00-04:00,154.787,154.66,154.66,,-0.3637,False,2024,2024-04-22 09:00:00,5.0,0.0,4+
n2_h4dow_fixed,n2,h4dow,fixed,USDCHF,L,2024-04-23 01:34:00-04:00,2024-04-23 09:45:00-04:00,0.9124,0.90952,0.90952,0.9172,-1.068,False,2024,2024-04-23 01:00:00,4.0,0.0,4+
n3_h4dow_fixed,n3,h4dow,fixed,USDCHF,L,2024-04-23 01:34:00-04:00,2024-04-23 09:45:00-04:00,0.9124,0.90952,0.90952,0.9172,-1.068,False,2024,2024-04-23 01:00:00,4.0,0.0,4+
n2_h4w18_fixed,n2,h4w18,fixed,USDCHF,L,2024-04-24 08:12:00-04:00,2024-04-24 09:08:00-04:00,0.91521,0.9123,0.9123,0.92006,-1.0675,False,2024,2024-04-24 05:00:00,1.0,1.0,1
n2_h4w18_trail,n2,h4w18,trail,USDCHF,L,2024-04-24 08:12:00-04:00,2024-04-24 09:08:00-04:00,0.91521,0.9123,0.9123,,-1.0675,False,2024,2024-04-24 05:00:00,1.0,1.0,1
n3_h4w18_fixed,n3,h4w18,fixed,USDCHF,L,2024-04-24 08:12:00-04:00,2024-04-24 09:08:00-04:00,0.91521,0.9123,0.9123,0.92006,-1.0675,False,2024,2024-04-24 05:00:00,5.0,0.0,4+
n3_h4w18_trail,n3,h4w18,trail,USDCHF,L,2024-04-24 08:12:00-04:00,2024-04-24 09:08:00-04:00,0.91521,0.9123,0.9123,,-1.0675,False,2024,2024-04-24 05:00:00,5.0,0.0,4+
n3_h4w18_fixed,n3,h4w18,fixed,USDJPY,L,2024-04-22 11:33:00-04:00,2024-04-24 20:52:00-04:00,154.787,155.387,154.427,155.387,1.6537,False,2024,2024-04-22 09:00:00,5.0,0.0,4+
n3_h4dow_fixed,n3,h4dow,fixed,USDJPY,L,2024-04-21 18:01:00-04:00,2024-04-24 23:14:00-04:00,154.687,155.46,154.212,155.46,1.6417,False,2024,2024-04-21 17:00:00,5.0,0.0,4+
n2_h4dow_trail,n2,h4dow,trail,USDCHF,L,2024-04-24 02:42:00-04:00,2024-04-25 08:30:00-04:00,0.91302,0.91205,0.91205,,-0.4288,False,2024,2024-04-24 01:00:00,1.0,1.0,1
n3_h4dow_trail,n3,h4dow,trail,USDCHF,L,2024-04-24 02:42:00-04:00,2024-04-25 08:30:00-04:00,0.91302,0.91205,0.91205,,-0.4288,False,2024,2024-04-24 01:00:00,5.0,0.0,4+
n2_h4dow_trail,n2,h4dow,trail,USDCHF,L,2024-04-25 08:46:00-04:00,2024-04-25 13:02:00-04:00,0.91544,0.91271,0.91271,,-1.072,False,2024,2024-04-25 05:00:00,1.0,1.0,1
n3_h4dow_trail,n3,h4dow,trail,USDCHF,L,2024-04-25 08:46:00-04:00,2024-04-25 13:02:00-04:00,0.91544,0.91271,0.91271,,-1.072,False,2024,2024-04-25 05:00:00,1.0,1.0,1
n2_h4dow_fixed,n2,h4dow,fixed,USDJPY,L,2024-04-25 23:24:00-04:00,2024-04-26 02:57:00-04:00,155.746,156.331,155.395,156.331,1.6527,False,2024,2024-04-25 21:00:00,0.0,1.0,0
n3_h4dow_fixed,n3,h4dow,fixed,USDJPY,L,2024-04-25 23:24:00-04:00,2024-04-26 02:57:00-04:00,155.746,156.331,155.395,156.331,1.6527,False,2024,2024-04-25 21:00:00,0.0,1.0,0
n2_h4dow_trail,n2,h4dow,trail,USDJPY,L,2024-04-25 23:24:00-04:00,2024-04-26 04:01:00-04:00,155.746,155.395,155.395,,-1.0102,False,2024,2024-04-25 21:00:00,0.0,1.0,0
n3_h4dow_trail,n3,h4dow,trail,USDJPY,L,2024-04-25 23:24:00-04:00,2024-04-26 04:01:00-04:00,155.746,155.395,155.395,,-1.0102,False,2024,2024-04-25 21:00:00,0.0,1.0,0
n2_h4dow_fixed,n2,h4dow,fixed,USDCHF,L,2024-04-24 02:42:00-04:00,2024-04-26 04:02:00-04:00,0.91302,0.9103,0.9103,0.91754,-1.0721,False,2024,2024-04-24 01:00:00,1.0,1.0,1
n3_h4dow_fixed,n3,h4dow,fixed,USDCHF,L,2024-04-24 02:42:00-04:00,2024-04-26 04:02:00-04:00,0.91302,0.9103,0.9103,0.91754,-1.0721,False,2024,2024-04-24 01:00:00,5.0,0.0,4+
n3_h4dow_fixed,n3,h4dow,fixed,EURUSD,S,2024-04-26 10:57:00-04:00,2024-04-28 21:57:00-04:00,1.06782,1.07148,1.07148,1.06172,-1.0139,False,2024,2024-04-26 09:00:00,6.0,0.0,4+
n3_h4dow_trail,n3,h4dow,trail,EURUSD,S,2024-04-26 10:57:00-04:00,2024-04-28 21:57:00-04:00,1.06782,1.07148,1.07148,,-1.0139,False,2024,2024-04-26 09:00:00,6.0,0.0,4+
n3_h4dow_fixed,n3,h4dow,fixed,EURUSD,S,2024-04-30 02:21:00-04:00,2024-04-30 05:04:00-04:00,1.06901,1.07264,1.07264,1.06296,-1.014,False,2024,2024-04-30 01:00:00,8.0,0.0,4+
n3_h4dow_trail,n3,h4dow,trail,EURUSD,S,2024-04-30 02:21:00-04:00,2024-04-30 05:04:00-04:00,1.06901,1.07264,1.07264,,-1.014,False,2024,2024-04-30 01:00:00,8.0,0.0,4+
n2_h4dow_fixed,n2,h4dow,fixed,SP500,S,2024-04-30 11:09:00-04:00,2024-04-30 15:55:00-04:00,5118.85,5074.73,5145.33,5074.73,1.5351,False,2024,2024-04-30 09:00:00,7.0,0.0,4+
n2_h4dow_fixed,n2,h4dow,fixed,USDCHF,L,2024-04-30 08:30:00-04:00,2024-05-01 00:11:00-04:00,0.91532,0.9209,0.91197,0.9209,1.6067,False,2024,2024-04-30 05:00:00,3.0,0.0,2-3
n3_h4dow_fixed,n3,h4dow,fixed,USDCHF,L,2024-04-30 08:30:00-04:00,2024-05-01 00:11:00-04:00,0.91532,0.9209,0.91197,0.9209,1.6067,False,2024,2024-04-30 05:00:00,3.0,0.0,2-3
n2_h4dow_trail,n2,h4dow,trail,SP500,S,2024-04-30 11:09:00-04:00,2024-05-01 14:05:00-04:00,5118.85,5065.35,5065.35,,1.8634,False,2024,2024-04-30 09:00:00,7.0,0.0,4+
n2_h4dow_trail,n2,h4dow,trail,USDCHF,L,2024-04-30 08:30:00-04:00,2024-05-02 02:17:00-04:00,0.91532,0.91458,0.91458,,-0.2805,False,2024,2024-04-30 05:00:00,3.0,0.0,2-3
n3_h4dow_trail,n3,h4dow,trail,USDCHF,L,2024-04-30 08:30:00-04:00,2024-05-02 02:17:00-04:00,0.91532,0.91458,0.91458,,-0.2805,False,2024,2024-04-30 05:00:00,3.0,0.0,2-3
n2_h4dow_fixed,n2,h4dow,fixed,SP500,S,2024-05-02 10:09:00-04:00,2024-05-02 13:13:00-04:00,5037.75,5072.71,5072.71,4979.47,-0.8805,False,2024,2024-05-02 09:00:00,1.0,1.0,1
n2_h4dow_trail,n2,h4dow,trail,SP500,S,2024-05-02 10:09:00-04:00,2024-05-02 13:13:00-04:00,5037.75,5072.72,5072.72,,-0.8807,False,2024,2024-05-02 09:00:00,1.0,1.0,1
n3_h4dow_fixed,n3,h4dow,fixed,GBPUSD,S,2024-05-09 07:00:00-04:00,2024-05-09 08:33:00-04:00,1.24678,1.25015,1.25015,1.24116,-1.038,False,2024,2024-05-09 05:00:00,2.0,1.0,2-3
n3_h4dow_trail,n3,h4dow,trail,GBPUSD,S,2024-05-09 07:00:00-04:00,2024-05-09 08:33:00-04:00,1.24678,1.25015,1.25015,,-1.038,False,2024,2024-05-09 05:00:00,2.0,1.0,2-3
n2_h4dow_trail,n2,h4dow,trail,EURUSD,L,2024-05-09 08:41:00-04:00,2024-05-10 08:41:00-04:00,1.07573,1.07714,1.07714,,0.5857,False,2024,2024-05-09 05:00:00,2.0,1.0,2-3
n3_h4dow_trail,n3,h4dow,trail,EURUSD,L,2024-05-09 08:41:00-04:00,2024-05-10 08:41:00-04:00,1.07573,1.07714,1.07714,,0.5857,False,2024,2024-05-09 05:00:00,2.0,1.0,2-3
n2_h4dow_trail,n2,h4dow,trail,GBPUSD,L,2024-05-09 08:37:00-04:00,2024-05-10 10:16:00-04:00,1.25049,1.25123,1.25123,,0.1815,False,2024,2024-05-09 05:00:00,3.0,0.0,2-3
n2_h4dow_fixed,n2,h4dow,fixed,EURUSD,L,2024-05-09 08:41:00-04:00,2024-05-13 08:06:00-04:00,1.07573,1.07961,1.07341,1.07961,1.6503,False,2024,2024-05-09 05:00:00,2.0,1.0,2-3
n3_h4dow_fixed,n3,h4dow,fixed,EURUSD,L,2024-05-09 08:41:00-04:00,2024-05-13 08:06:00-04:00,1.07573,1.07961,1.07341,1.07961,1.6503,False,2024,2024-05-09 05:00:00,2.0,1.0,2-3
n2_h4dow_fixed,n2,h4dow,fixed,GBPUSD,L,2024-05-09 08:37:00-04:00,2024-05-13 09:19:00-04:00,1.25049,1.25611,1.24712,1.25611,1.6295,False,2024,2024-05-09 05:00:00,3.0,0.0,2-3
n2_h4dow_trail,n2,h4dow,trail,AUDUSD,L,2024-05-13 08:32:00-04:00,2024-05-13 21:16:00-04:00,0.66238,0.66017,0.66017,,-0.9408,False,2024,2024-05-13 05:00:00,0.0,1.0,0
n3_h4dow_trail,n3,h4dow,trail,AUDUSD,L,2024-05-13 08:32:00-04:00,2024-05-13 21:16:00-04:00,0.66238,0.66017,0.66017,,-0.9408,False,2024,2024-05-13 05:00:00,1.0,1.0,1
n2_h4dow_fixed,n2,h4dow,fixed,AUDUSD,L,2024-05-13 08:32:00-04:00,2024-05-13 21:40:00-04:00,0.66238,0.65994,0.65994,0.66645,-1.0351,False,2024,2024-05-13 05:00:00,0.0,1.0,0
n3_h4dow_fixed,n3,h4dow,fixed,AUDUSD,L,2024-05-13 08:32:00-04:00,2024-05-13 21:40:00-04:00,0.66238,0.65994,0.65994,0.66645,-1.0351,False,2024,2024-05-13 05:00:00,1.0,1.0,1
n2_h4dow_trail,n2,h4dow,trail,EURUSD,L,2024-05-13 07:46:00-04:00,2024-05-14 08:30:00-04:00,1.07902,1.07671,1.07671,,-1.0222,False,2024,2024-05-13 05:00:00,4.0,0.0,4+
n3_h4dow_trail,n3,h4dow,trail,EURUSD,L,2024-05-13 07:46:00-04:00,2024-05-14 08:30:00-04:00,1.07902,1.07671,1.07671,,-1.0222,False,2024,2024-05-13 05:00:00,4.0,0.0,4+
n2_h4dow_fixed,n2,h4dow,fixed,EURUSD,L,2024-05-14 08:44:00-04:00,2024-05-15 08:30:00-04:00,1.08074,1.08422,1.07866,1.08422,1.6483,False,2024,2024-05-14 05:00:00,1.0,1.0,1
n3_h4dow_fixed,n3,h4dow,fixed,EURUSD,L,2024-05-14 08:44:00-04:00,2024-05-15 08:30:00-04:00,1.08074,1.08422,1.07866,1.08422,1.6483,False,2024,2024-05-14 05:00:00,4.0,0.0,4+
n2_h4w18_fixed,n2,h4w18,fixed,EURUSD,L,2024-05-14 09:08:00-04:00,2024-05-15 08:30:00-04:00,1.08126,1.08554,1.0787,1.08554,1.6517,False,2024,2024-05-14 09:00:00,1.0,1.0,1
n3_h4w18_fixed,n3,h4w18,fixed,EURUSD,L,2024-05-14 09:08:00-04:00,2024-05-15 08:30:00-04:00,1.08126,1.08554,1.0787,1.08554,1.6517,False,2024,2024-05-14 09:00:00,4.0,0.0,4+
n2_h4dow_fixed,n2,h4dow,fixed,AUDUSD,L,2024-05-14 20:12:00-04:00,2024-05-15 08:30:00-04:00,0.66288,0.66708,0.66036,0.66708,1.6325,False,2024,2024-05-14 17:00:00,1.0,1.0,1
n3_h4dow_fixed,n3,h4dow,fixed,AUDUSD,L,2024-05-14 20:12:00-04:00,2024-05-15 08:30:00-04:00,0.66288,0.66708,0.66036,0.66708,1.6325,False,2024,2024-05-14 17:00:00,1.0,1.0,1
n2_h4w18_fixed,n2,h4w18,fixed,AUDUSD,L,2024-05-14 23:30:00-04:00,2024-05-15 13:00:00-04:00,0.66483,0.66883,0.66243,0.66883,1.6307,False,2024,2024-05-14 21:00:00,2.0,0.0,2-3
n3_h4w18_fixed,n3,h4w18,fixed,AUDUSD,L,2024-05-14 23:30:00-04:00,2024-05-15 13:00:00-04:00,0.66483,0.66883,0.66243,0.66883,1.6307,False,2024,2024-05-14 21:00:00,2.0,0.0,2-3
n2_h4dow_trail,n2,h4dow,trail,EURUSD,L,2024-05-14 08:44:00-04:00,2024-05-16 22:31:00-04:00,1.08074,1.08544,1.08544,,2.2348,False,2024,2024-05-14 05:00:00,1.0,1.0,1
n3_h4dow_trail,n3,h4dow,trail,EURUSD,L,2024-05-14 08:44:00-04:00,2024-05-16 22:31:00-04:00,1.08074,1.08544,1.08544,,2.2348,False,2024,2024-05-14 05:00:00,4.0,0.0,4+
n2_h4w18_trail,n2,h4w18,trail,EURUSD,L,2024-05-14 09:08:00-04:00,2024-05-16 22:31:00-04:00,1.08126,1.08544,1.08544,,1.6126,False,2024,2024-05-14 09:00:00,1.0,1.0,1
n3_h4w18_trail,n3,h4w18,trail,EURUSD,L,2024-05-14 09:08:00-04:00,2024-05-16 22:31:00-04:00,1.08126,1.08544,1.08544,,1.6126,False,2024,2024-05-14 09:00:00,4.0,0.0,4+
n2_h4dow_trail,n2,h4dow,trail,AUDUSD,L,2024-05-14 20:12:00-04:00,2024-05-17 04:12:00-04:00,0.66288,0.66585,0.66585,,1.1444,False,2024,2024-05-14 17:00:00,1.0,1.0,1
n3_h4dow_trail,n3,h4dow,trail,AUDUSD,L,2024-05-14 20:12:00-04:00,2024-05-17 04:12:00-04:00,0.66288,0.66585,0.66585,,1.1444,False,2024,2024-05-14 17:00:00,1.0,1.0,1
n2_h4w18_trail,n2,h4w18,trail,AUDUSD,L,2024-05-14 23:30:00-04:00,2024-05-17 04:12:00-04:00,0.66483,0.66585,0.66585,,0.3891,False,2024,2024-05-14 21:00:00,2.0,0.0,2-3
n3_h4w18_trail,n3,h4w18,trail,AUDUSD,L,2024-05-14 23:30:00-04:00,2024-05-17 04:12:00-04:00,0.66483,0.66585,0.66585,,0.3891,False,2024,2024-05-14 21:00:00,2.0,0.0,2-3
n2_h4dow_trail,n2,h4dow,trail,AUDUSD,L,2024-05-17 10:30:00-04:00,2024-05-20 21:59:00-04:00,0.66835,0.66618,0.66618,,-0.7447,False,2024,2024-05-17 09:00:00,3.0,0.0,2-3
n3_h4dow_trail,n3,h4dow,trail,AUDUSD,L,2024-05-17 10:30:00-04:00,2024-05-20 21:59:00-04:00,0.66835,0.66618,0.66618,,-0.7447,False,2024,2024-05-17 09:00:00,3.0,0.0,2-3
n2_h4dow_fixed,n2,h4dow,fixed,AUDUSD,L,2024-05-17 10:30:00-04:00,2024-05-20 22:04:00-04:00,0.66835,0.66532,0.66532,0.6734,-1.0285,False,2024,2024-05-17 09:00:00,3.0,0.0,2-3
n3_h4dow_fixed,n3,h4dow,fixed,AUDUSD,L,2024-05-17 10:30:00-04:00,2024-05-20 22:04:00-04:00,0.66835,0.66532,0.66532,0.6734,-1.0285,False,2024,2024-05-17 09:00:00,3.0,0.0,2-3
n2_h4dow_fixed,n2,h4dow,fixed,AUDUSD,L,2024-05-21 22:00:00-04:00,2024-05-22 03:30:00-04:00,0.66793,0.66538,0.66538,0.67218,-1.0339,False,2024,2024-05-21 21:00:00,5.0,0.0,4+
n2_h4dow_trail,n2,h4dow,trail,AUDUSD,L,2024-05-21 22:00:00-04:00,2024-05-22 03:30:00-04:00,0.66793,0.66538,0.66538,,-1.0339,False,2024,2024-05-21 21:00:00,5.0,0.0,4+
n3_h4dow_fixed,n3,h4dow,fixed,AUDUSD,L,2024-05-21 22:00:00-04:00,2024-05-22 03:30:00-04:00,0.66793,0.66538,0.66538,0.67218,-1.0339,False,2024,2024-05-21 21:00:00,5.0,0.0,4+
n3_h4dow_trail,n3,h4dow,trail,AUDUSD,L,2024-05-21 22:00:00-04:00,2024-05-22 03:30:00-04:00,0.66793,0.66538,0.66538,,-1.0339,False,2024,2024-05-21 21:00:00,5.0,0.0,4+
n2_h4dow_fixed,n2,h4dow,fixed,SP500,L,2024-05-21 22:00:00-04:00,2024-05-22 13:37:00-04:00,5348.25,5331.62,5331.62,5375.97,-1.0142,False,2024,2024-05-21 21:00:00,5.0,0.0,4+
n2_h4dow_trail,n2,h4dow,trail,SP500,L,2024-05-21 22:00:00-04:00,2024-05-22 13:37:00-04:00,5348.25,5331.62,5331.62,,-1.0142,False,2024,2024-05-21 21:00:00,5.0,0.0,4+
n3_h4dow_fixed,n3,h4dow,fixed,SP500,L,2024-05-21 22:00:00-04:00,2024-05-22 13:37:00-04:00,5348.25,5331.62,5331.62,5375.97,-1.0142,False,2024,2024-05-21 21:00:00,5.0,0.0,4+
n3_h4dow_trail,n3,h4dow,trail,SP500,L,2024-05-21 22:00:00-04:00,2024-05-22 13:37:00-04:00,5348.25,5331.62,5331.62,,-1.0142,False,2024,2024-05-21 21:00:00,5.0,0.0,4+
n2_h4w18_fixed,n2,h4w18,fixed,SP500,L,2024-05-21 22:01:00-04:00,2024-05-22 13:37:00-04:00,5348.85,5332.22,5332.22,5376.57,-1.0142,False,2024,2024-05-21 21:00:00,5.0,0.0,4+
n2_h4w18_trail,n2,h4w18,trail,SP500,L,2024-05-21 22:01:00-04:00,2024-05-22 13:37:00-04:00,5348.85,5332.22,5332.22,,-1.0142,False,2024,2024-05-21 21:00:00,5.0,0.0,4+
n3_h4w18_fixed,n3,h4w18,fixed,SP500,L,2024-05-21 22:01:00-04:00,2024-05-22 13:37:00-04:00,5348.85,5332.22,5332.22,5376.57,-1.0142,False,2024,2024-05-21 21:00:00,5.0,0.0,4+
n3_h4w18_trail,n3,h4w18,trail,SP500,L,2024-05-21 22:01:00-04:00,2024-05-22 13:37:00-04:00,5348.85,5332.22,5332.22,,-1.0142,False,2024,2024-05-21 21:00:00,5.0,0.0,4+
n2_h4dow_fixed,n2,h4dow,fixed,SP500,L,2024-05-22 22:55:00-04:00,2024-05-23 09:51:00-04:00,5349.05,5329.68,5329.68,5381.33,-0.9821,False,2024,2024-05-22 21:00:00,5.0,0.0,4+
n2_h4dow_trail,n2,h4dow,trail,SP500,L,2024-05-22 22:55:00-04:00,2024-05-23 09:51:00-04:00,5349.05,5329.68,5329.68,,-0.9821,False,2024,2024-05-22 21:00:00,5.0,0.0,4+
n3_h4dow_fixed,n3,h4dow,fixed,SP500,L,2024-05-22 22:55:00-04:00,2024-05-23 09:51:00-04:00,5349.05,5329.68,5329.68,5381.33,-0.9821,False,2024,2024-05-22 21:00:00,5.0,0.0,4+
n3_h4dow_trail,n3,h4dow,trail,SP500,L,2024-05-22 22:55:00-04:00,2024-05-23 09:51:00-04:00,5349.05,5329.68,5329.68,,-0.9821,False,2024,2024-05-22 21:00:00,5.0,0.0,4+
n2_h4dow_trail,n2,h4dow,trail,EURUSD,L,2024-05-27 05:48:00-04:00,2024-05-27 08:04:00-04:00,1.08578,1.08442,1.08442,,-0.6475,False,2024,2024-05-27 05:00:00,6.0,0.0,4+
n3_h4dow_trail,n3,h4dow,trail,EURUSD,L,2024-05-27 05:48:00-04:00,2024-05-27 08:04:00-04:00,1.08578,1.08442,1.08442,,-0.6475,False,2024,2024-05-27 05:00:00,6.0,0.0,4+
n2_h4dow_trail,n2,h4dow,trail,AUDUSD,L,2024-05-27 09:05:00-04:00,2024-05-28 10:05:00-04:00,0.66531,0.6655,0.6655,,0.0445,False,2024,2024-05-27 09:00:00,7.0,0.0,4+
n3_h4dow_trail,n3,h4dow,trail,AUDUSD,L,2024-05-27 09:05:00-04:00,2024-05-28 10:05:00-04:00,0.66531,0.6655,0.6655,,0.0445,False,2024,2024-05-27 09:00:00,7.0,0.0,4+
n2_h4dow_fixed,n2,h4dow,fixed,SP500,L,2024-05-27 11:34:00-04:00,2024-05-28 14:30:00-04:00,5329.25,5307.99,5307.99,5364.67,-0.9689,False,2024,2024-05-27 09:00:00,7.0,0.0,4+
n2_h4dow_trail,n2,h4dow,trail,SP500,L,2024-05-27 11:34:00-04:00,2024-05-28 14:30:00-04:00,5329.25,5308.0,5308.0,,-0.9684,False,2024,2024-05-27 09:00:00,7.0,0.0,4+
n3_h4dow_fixed,n3,h4dow,fixed,SP500,L,2024-05-27 11:34:00-04:00,2024-05-28 14:30:00-04:00,5329.25,5307.99,5307.99,5364.67,-0.9689,False,2024,2024-05-27 09:00:00,7.0,0.0,4+
n3_h4dow_trail,n3,h4dow,trail,SP500,L,2024-05-27 11:34:00-04:00,2024-05-28 14:30:00-04:00,5329.25,5308.0,5308.0,,-0.9684,False,2024,2024-05-27 09:00:00,7.0,0.0,4+
n2_h4dow_fixed,n2,h4dow,fixed,EURUSD,L,2024-05-27 05:48:00-04:00,2024-05-29 04:06:00-04:00,1.08578,1.08361,1.08361,1.0894,-1.0238,False,2024,2024-05-27 05:00:00,6.0,0.0,4+
n3_h4dow_fixed,n3,h4dow,fixed,EURUSD,L,2024-05-27 05:48:00-04:00,2024-05-29 04:06:00-04:00,1.08578,1.08361,1.08361,1.0894,-1.0238,False,2024,2024-05-27 05:00:00,6.0,0.0,4+
n2_h4dow_fixed,n2,h4dow,fixed,AUDUSD,L,2024-05-27 09:05:00-04:00,2024-05-29 07:14:00-04:00,0.66531,0.66299,0.66299,0.66919,-1.0371,False,2024,2024-05-27 09:00:00,7.0,0.0,4+
n3_h4dow_fixed,n3,h4dow,fixed,AUDUSD,L,2024-05-27 09:05:00-04:00,2024-05-29 07:14:00-04:00,0.66531,0.66299,0.66299,0.66919,-1.0371,False,2024,2024-05-27 09:00:00,7.0,0.0,4+
n2_h4dow_trail,n2,h4dow,trail,USDJPY,L,2024-05-28 16:32:00-04:00,2024-05-30 02:00:00-04:00,157.196,156.898,156.898,,-0.7795,False,2024,2024-05-28 13:00:00,3.0,1.0,2-3
n2_h4w18_trail,n2,h4w18,trail,USDJPY,L,2024-05-28 16:32:00-04:00,2024-05-30 02:00:00-04:00,157.196,156.898,156.898,,-0.7795,False,2024,2024-05-28 13:00:00,3.0,1.0,2-3
n2_h4dow_fixed,n2,h4dow,fixed,USDJPY,L,2024-05-28 16:32:00-04:00,2024-05-30 02:08:00-04:00,157.196,156.809,156.809,157.841,-1.0091,False,2024,2024-05-28 13:00:00,3.0,1.0,2-3
n2_h4w18_fixed,n2,h4w18,fixed,USDJPY,L,2024-05-28 16:32:00-04:00,2024-05-30 02:08:00-04:00,157.196,156.809,156.809,157.841,-1.0091,False,2024,2024-05-28 13:00:00,3.0,1.0,2-3
n2_h4dow_fixed,n2,h4dow,fixed,GBPUSD,L,2024-05-31 08:57:00-04:00,2024-06-03 03:58:00-04:00,1.2747,1.27155,1.27155,1.27995,-1.0415,False,2024,2024-05-31 05:00:00,1.0,1.0,1
n2_h4dow_trail,n2,h4dow,trail,GBPUSD,L,2024-05-31 08:57:00-04:00,2024-06-03 03:58:00-04:00,1.2747,1.27155,1.27155,,-1.0415,False,2024,2024-05-31 05:00:00,1.0,1.0,1
n2_h4dow_trail,n2,h4dow,trail,USDJPY,L,2024-06-02 23:51:00-04:00,2024-06-03 06:09:00-04:00,157.367,156.998,156.998,,-0.6213,False,2024,2024-06-02 21:00:00,5.0,0.0,4+
n2_h4dow_fixed,n2,h4dow,fixed,USDJPY,L,2024-06-02 23:51:00-04:00,2024-06-03 06:58:00-04:00,157.367,156.769,156.769,158.365,-1.0055,False,2024,2024-06-02 21:00:00,5.0,0.0,4+
n2_h4w18_fixed,n2,h4w18,fixed,GBPUSD,L,2024-06-03 16:00:00-04:00,2024-06-04 06:11:00-04:00,1.28007,1.27536,1.27536,1.28792,-1.0278,False,2024,2024-06-03 13:00:00,2.0,1.0,2-3
n2_h4w18_trail,n2,h4w18,trail,GBPUSD,L,2024-06-03 16:00:00-04:00,2024-06-04 06:11:00-04:00,1.28007,1.27536,1.27536,,-1.0278,False,2024,2024-06-03 13:00:00,2.0,1.0,2-3
n3_h4w18_fixed,n3,h4w18,fixed,GBPUSD,L,2024-06-03 16:00:00-04:00,2024-06-04 06:11:00-04:00,1.28007,1.27536,1.27536,1.28792,-1.0278,False,2024,2024-06-03 13:00:00,9.0,0.0,4+
n3_h4w18_trail,n3,h4w18,trail,GBPUSD,L,2024-06-03 16:00:00-04:00,2024-06-04 06:11:00-04:00,1.28007,1.27536,1.27536,,-1.0278,False,2024,2024-06-03 13:00:00,9.0,0.0,4+
n2_h4dow_trail,n2,h4dow,trail,GBPUSD,L,2024-06-03 10:00:00-04:00,2024-06-05 02:14:00-04:00,1.27664,1.27666,1.27666,,-0.027,False,2024,2024-06-03 09:00:00,2.0,1.0,2-3
n3_h4dow_trail,n3,h4dow,trail,GBPUSD,L,2024-06-03 10:00:00-04:00,2024-06-05 02:14:00-04:00,1.27664,1.27666,1.27666,,-0.027,False,2024,2024-06-03 09:00:00,9.0,0.0,4+
n3_h4w18_trail,n3,h4w18,trail,SP500,L,2024-06-05 18:38:00-04:00,2024-06-07 08:30:00-04:00,5368.05,5345.35,5345.35,,-0.5743,False,2024,2024-06-05 17:00:00,0.0,1.0,0
n2_h4dow_trail,n2,h4dow,trail,GBPUSD,L,2024-06-07 08:27:00-04:00,2024-06-07 08:30:00-04:00,1.28089,1.27774,1.27774,,-1.0417,False,2024,2024-06-07 05:00:00,4.0,0.0,4+
n3_h4dow_trail,n3,h4dow,trail,GBPUSD,L,2024-06-07 08:27:00-04:00,2024-06-07 08:30:00-04:00,1.28089,1.27774,1.27774,,-1.0417,False,2024,2024-06-07 05:00:00,4.0,0.0,4+
n3_h4dow_fixed,n3,h4dow,fixed,SP500,L,2024-06-07 08:30:00-04:00,2024-06-07 08:31:00-04:00,5373.25,5343.95,5350.33,5411.45,-1.183,False,2024,2024-06-07 05:00:00,1.0,1.0,1
n3_h4dow_trail,n3,h4dow,trail,SP500,L,2024-06-07 08:30:00-04:00,2024-06-07 08:31:00-04:00,5373.25,5343.95,5350.33,,-1.183,False,2024,2024-06-07 05:00:00,1.0,1.0,1
n3_h4w18_fixed,n3,h4w18,fixed,SP500,L,2024-06-05 18:38:00-04:00,2024-06-07 08:43:00-04:00,5368.05,5332.92,5332.92,5426.6,-0.8851,False,2024,2024-06-05 17:00:00,0.0,1.0,0
n2_h4dow_fixed,n2,h4dow,fixed,GBPUSD,L,2024-06-03 10:00:00-04:00,2024-06-07 09:02:00-04:00,1.27664,1.27252,1.27252,1.28351,-1.0317,False,2024,2024-06-03 09:00:00,2.0,1.0,2-3
n3_h4dow_fixed,n3,h4dow,fixed,GBPUSD,L,2024-06-03 10:00:00-04:00,2024-06-07 09:02:00-04:00,1.27664,1.27252,1.27252,1.28351,-1.0317,False,2024,2024-06-03 09:00:00,9.0,0.0,4+
n2_h4dow_trail,n2,h4dow,trail,USDJPY,L,2024-06-07 08:31:00-04:00,2024-06-12 08:30:00-04:00,156.446,157.047,157.047,,0.7909,False,2024,2024-06-07 05:00:00,1.0,1.0,1
n3_h4dow_trail,n3,h4dow,trail,USDJPY,L,2024-06-07 08:31:00-04:00,2024-06-12 08:30:00-04:00,156.446,157.047,157.047,,0.7909,False,2024,2024-06-07 05:00:00,8.0,0.0,4+
n3_h4dow_fixed,n3,h4dow,fixed,SP500,L,2024-06-11 14:29:00-04:00,2024-06-12 08:30:00-04:00,5375.35,5418.2,5349.64,5418.2,1.4901,False,2024,2024-06-11 13:00:00,2.0,1.0,2-3
n2_h4dow_trail,n2,h4dow,trail,GBPUSD,L,2024-06-12 08:30:00-04:00,2024-06-12 21:36:00-04:00,1.28117,1.27916,1.27916,,-0.6392,False,2024,2024-06-12 05:00:00,5.0,0.0,4+
n2_h4w18_trail,n2,h4w18,trail,GBPUSD,L,2024-06-12 08:30:00-04:00,2024-06-12 21:36:00-04:00,1.28176,1.27916,1.27916,,-0.8178,False,2024,2024-06-12 05:00:00,5.0,0.0,4+
n3_h4dow_trail,n3,h4dow,trail,GBPUSD,L,2024-06-12 08:30:00-04:00,2024-06-12 21:36:00-04:00,1.28117,1.27916,1.27916,,-0.6392,False,2024,2024-06-12 05:00:00,5.0,0.0,4+
n3_h4w18_trail,n3,h4w18,trail,GBPUSD,L,2024-06-12 08:30:00-04:00,2024-06-12 21:36:00-04:00,1.28176,1.27916,1.27916,,-0.8178,False,2024,2024-06-12 05:00:00,5.0,0.0,4+
n2_h4w18_fixed,n2,h4w18,fixed,GBPUSD,L,2024-06-12 08:30:00-04:00,2024-06-12 23:51:00-04:00,1.28176,1.27841,1.27841,1.28734,-1.0392,False,2024,2024-06-12 05:00:00,5.0,0.0,4+
n3_h4w18_fixed,n3,h4w18,fixed,GBPUSD,L,2024-06-12 08:30:00-04:00,2024-06-12 23:51:00-04:00,1.28176,1.27841,1.27841,1.28734,-1.0392,False,2024,2024-06-12 05:00:00,5.0,0.0,4+
n2_h4dow_fixed,n2,h4dow,fixed,GBPUSD,L,2024-06-12 08:30:00-04:00,2024-06-13 01:10:00-04:00,1.28117,1.27782,1.27782,1.28675,-1.0392,False,2024,2024-06-12 05:00:00,5.0,0.0,4+
n3_h4dow_fixed,n3,h4dow,fixed,GBPUSD,L,2024-06-12 08:30:00-04:00,2024-06-13 01:10:00-04:00,1.28117,1.27782,1.27782,1.28675,-1.0392,False,2024,2024-06-12 05:00:00,5.0,0.0,4+
n3_h4dow_trail,n3,h4dow,trail,SP500,L,2024-06-11 14:29:00-04:00,2024-06-13 11:02:00-04:00,5375.35,5416.45,5416.45,,1.4288,False,2024,2024-06-11 13:00:00,2.0,1.0,2-3
n2_h4dow_fixed,n2,h4dow,fixed,USDJPY,L,2024-06-07 08:31:00-04:00,2024-06-13 23:24:00-04:00,156.446,157.698,155.694,157.698,1.6534,False,2024,2024-06-07 05:00:00,1.0,1.0,1
n3_h4dow_fixed,n3,h4dow,fixed,USDJPY,L,2024-06-07 08:31:00-04:00,2024-06-13 23:24:00-04:00,156.446,157.698,155.694,157.698,1.6534,False,2024,2024-06-07 05:00:00,8.0,0.0,4+
n3_h4w18_fixed,n3,h4w18,fixed,USDJPY,L,2024-06-13 23:24:00-04:00,2024-06-14 05:40:00-04:00,157.709,157.022,157.022,158.854,-1.0056,False,2024,2024-06-13 21:00:00,3.0,0.0,2-3
n3_h4w18_trail,n3,h4w18,trail,USDJPY,L,2024-06-13 23:24:00-04:00,2024-06-14 05:40:00-04:00,157.709,157.022,157.022,,-1.0056,False,2024,2024-06-13 21:00:00,3.0,0.0,2-3
n3_h4dow_fixed,n3,h4dow,fixed,SP500,L,2024-06-16 18:01:00-04:00,2024-06-16 18:33:00-04:00,5498.05,5503.17,5425.05,5503.17,0.1452,False,2024,2024-06-16 17:00:00,4.0,0.0,4+
n3_h4dow_trail,n3,h4dow,trail,SP500,L,2024-06-16 18:01:00-04:00,2024-06-18 04:22:00-04:00,5498.05,5542.05,5542.05,,1.3116,False,2024,2024-06-16 17:00:00,4.0,0.0,4+
n3_h4dow_fixed,n3,h4dow,fixed,USDCHF,S,2024-06-17 16:55:00-04:00,2024-06-18 09:26:00-04:00,0.88948,0.88483,0.89227,0.88483,1.5983,False,2024,2024-06-17 13:00:00,1.0,1.0,1
n3_h4w18_fixed,n3,h4w18,fixed,USDCHF,S,2024-06-17 20:52:00-04:00,2024-06-18 09:40:00-04:00,0.88814,0.88356,0.89088,0.88356,1.602,False,2024,2024-06-17 17:00:00,1.0,1.0,1
n3_h4dow_trail,n3,h4dow,trail,USDCHF,S,2024-06-17 16:55:00-04:00,2024-06-19 02:52:00-04:00,0.88948,0.88478,0.88478,,1.6162,False,2024,2024-06-17 13:00:00,1.0,1.0,1
n3_h4w18_trail,n3,h4w18,trail,USDCHF,S,2024-06-17 20:52:00-04:00,2024-06-19 02:52:00-04:00,0.88814,0.88478,0.88478,,1.1567,False,2024,2024-06-17 17:00:00,1.0,1.0,1
n3_h4dow_trail,n3,h4dow,trail,USDJPY,L,2024-06-13 21:31:00-04:00,2024-06-19 03:00:00-04:00,157.312,157.627,157.627,,0.4523,False,2024,2024-06-13 21:00:00,3.0,0.0,2-3
n3_h4dow_trail,n3,h4dow,trail,SP500,L,2024-06-18 13:49:00-04:00,2024-06-20 10:12:00-04:00,5560.85,5560.15,5560.15,,-0.0344,False,2024,2024-06-18 13:00:00,4.0,0.0,4+
n3_h4dow_fixed,n3,h4dow,fixed,SP500,L,2024-06-18 13:49:00-04:00,2024-06-20 12:33:00-04:00,5560.85,5533.87,5533.87,5605.82,-0.9542,False,2024,2024-06-18 13:00:00,4.0,0.0,4+
n3_h4dow_fixed,n3,h4dow,fixed,USDJPY,L,2024-06-18 02:46:00-04:00,2024-06-20 12:51:00-04:00,157.961,158.886,157.406,158.886,1.6575,False,2024,2024-06-18 01:00:00,4.0,0.0,4+
n2_h4dow_fixed,n2,h4dow,fixed,USDJPY,L,2024-06-20 03:37:00-04:00,2024-06-20 12:51:00-04:00,158.23,158.875,157.843,158.875,1.6534,False,2024,2024-06-20 01:00:00,3.0,1.0,2-3
n2_h4w18_fixed,n2,h4w18,fixed,USDJPY,L,2024-06-20 03:44:00-04:00,2024-06-20 12:57:00-04:00,158.257,158.902,157.87,158.902,1.6534,False,2024,2024-06-20 01:00:00,3.0,1.0,2-3
n3_h4w18_fixed,n3,h4w18,fixed,USDJPY,L,2024-06-20 03:44:00-04:00,2024-06-20 12:57:00-04:00,158.257,158.902,157.87,158.902,1.6534,False,2024,2024-06-20 01:00:00,6.0,0.0,4+
n2_h4dow_fixed,n2,h4dow,fixed,EURUSD,S,2024-06-20 03:59:00-04:00,2024-06-21 03:30:00-04:00,1.07247,1.06897,1.07457,1.06897,1.6424,False,2024,2024-06-20 01:00:00,3.0,0.0,2-3
n2_h4dow_fixed,n2,h4dow,fixed,USDJPY,L,2024-06-21 09:45:00-04:00,2024-06-23 19:34:00-04:00,159.129,159.851,158.695,159.851,1.651,False,2024,2024-06-21 09:00:00,3.0,1.0,2-3
n3_h4dow_fixed,n3,h4dow,fixed,USDJPY,L,2024-06-21 09:45:00-04:00,2024-06-23 19:34:00-04:00,159.129,159.851,158.695,159.851,1.651,False,2024,2024-06-21 09:00:00,6.0,0.0,4+
n2_h4dow_trail,n2,h4dow,trail,USDJPY,L,2024-06-20 03:37:00-04:00,2024-06-24 05:23:00-04:00,158.23,159.622,159.622,,3.5806,False,2024,2024-06-20 01:00:00,3.0,1.0,2-3
n3_h4dow_trail,n3,h4dow,trail,USDJPY,L,2024-06-20 03:37:00-04:00,2024-06-24 05:23:00-04:00,158.23,159.622,159.622,,3.5806,False,2024,2024-06-20 01:00:00,6.0,0.0,4+
n2_h4w18_trail,n2,h4w18,trail,USDJPY,L,2024-06-20 03:44:00-04:00,2024-06-24 05:23:00-04:00,158.257,159.622,159.622,,3.5109,False,2024,2024-06-20 01:00:00,3.0,1.0,2-3
n3_h4w18_trail,n3,h4w18,trail,USDJPY,L,2024-06-20 03:44:00-04:00,2024-06-24 05:23:00-04:00,158.257,159.622,159.622,,3.5109,False,2024,2024-06-20 01:00:00,6.0,0.0,4+
n2_h4dow_trail,n2,h4dow,trail,EURUSD,S,2024-06-20 03:59:00-04:00,2024-06-24 05:23:00-04:00,1.07247,1.07206,1.07206,,0.1709,False,2024,2024-06-20 01:00:00,3.0,0.0,2-3
n3_h4dow_fixed,n3,h4dow,fixed,AUDUSD,L,2024-06-25 01:36:00-04:00,2024-06-25 07:50:00-04:00,0.66675,0.66444,0.66444,0.6706,-1.0373,False,2024,2024-06-25 01:00:00,2.0,0.0,2-3
n3_h4dow_trail,n3,h4dow,trail,AUDUSD,L,2024-06-25 01:36:00-04:00,2024-06-25 07:50:00-04:00,0.66675,0.66444,0.66444,,-1.0373,False,2024,2024-06-25 01:00:00,2.0,0.0,2-3
n2_h4dow_fixed,n2,h4dow,fixed,GBPUSD,S,2024-06-26 03:14:00-04:00,2024-06-26 10:59:00-04:00,1.26701,1.26246,1.26974,1.26246,1.6191,False,2024,2024-06-26 01:00:00,1.0,1.0,1
n2_h4dow_fixed,n2,h4dow,fixed,USDJPY,L,2024-06-26 03:22:00-04:00,2024-06-26 11:03:00-04:00,159.929,160.656,159.493,160.656,1.6552,False,2024,2024-06-26 01:00:00,5.0,1.0,4+
n3_h4dow_fixed,n3,h4dow,fixed,USDJPY,L,2024-06-26 03:22:00-04:00,2024-06-26 11:03:00-04:00,159.929,160.656,159.493,160.656,1.6552,False,2024,2024-06-26 01:00:00,8.0,0.0,4+
n2_h4dow_trail,n2,h4dow,trail,USDJPY,L,2024-06-26 03:22:00-04:00,2024-06-27 08:57:00-04:00,159.929,160.3,160.3,,0.8381,False,2024,2024-06-26 01:00:00,5.0,1.0,4+
n3_h4dow_trail,n3,h4dow,trail,USDJPY,L,2024-06-26 03:22:00-04:00,2024-06-27 08:57:00-04:00,159.929,160.3,160.3,,0.8381,False,2024,2024-06-26 01:00:00,8.0,0.0,4+
n2_h4dow_trail,n2,h4dow,trail,GBPUSD,S,2024-06-26 03:14:00-04:00,2024-06-28 03:31:00-04:00,1.26701,1.26468,1.26468,,0.8059,False,2024,2024-06-26 01:00:00,1.0,1.0,1
n2_h4dow_trail,n2,h4dow,trail,USDJPY,L,2024-06-27 20:53:00-04:00,2024-06-28 06:27:00-04:00,160.873,160.636,160.636,,-0.4897,False,2024,2024-06-27 17:00:00,5.0,1.0,4+
n3_h4dow_trail,n3,h4dow,trail,USDJPY,L,2024-06-27 20:53:00-04:00,2024-06-28 06:27:00-04:00,160.873,160.636,160.636,,-0.4897,False,2024,2024-06-27 17:00:00,8.0,0.0,4+
n2_h4dow_fixed,n2,h4dow,fixed,USDJPY,L,2024-06-27 20:53:00-04:00,2024-06-28 08:30:00-04:00,160.873,160.381,160.381,161.693,-1.0073,False,2024,2024-06-27 17:00:00,5.0,1.0,4+
n3_h4dow_fixed,n3,h4dow,fixed,USDJPY,L,2024-06-27 20:53:00-04:00,2024-06-28 08:30:00-04:00,160.873,160.381,160.381,161.693,-1.0073,False,2024,2024-06-27 17:00:00,8.0,0.0,4+
n2_h4dow_trail,n2,h4dow,trail,SP500,L,2024-06-27 09:38:00-04:00,2024-06-28 15:02:00-04:00,5551.75,5530.05,5530.05,,-0.8793,False,2024,2024-06-27 09:00:00,1.0,1.0,1
n3_h4dow_trail,n3,h4dow,trail,SP500,L,2024-06-27 09:38:00-04:00,2024-06-28 15:02:00-04:00,5551.75,5530.05,5530.05,,-0.8793,False,2024,2024-06-27 09:00:00,7.0,0.0,4+
n2_h4dow_fixed,n2,h4dow,fixed,SP500,L,2024-06-27 09:38:00-04:00,2024-06-28 15:05:00-04:00,5551.75,5528.89,5528.89,5589.85,-0.9257,False,2024,2024-06-27 09:00:00,1.0,1.0,1
n3_h4dow_fixed,n3,h4dow,fixed,SP500,L,2024-06-27 09:38:00-04:00,2024-06-28 15:05:00-04:00,5551.75,5528.89,5528.89,5589.85,-0.9257,False,2024,2024-06-27 09:00:00,7.0,0.0,4+
n2_h4dow_trail,n2,h4dow,trail,USDJPY,L,2024-07-01 08:39:00-04:00,2024-07-03 10:00:00-04:00,161.284,161.391,161.391,,0.1896,False,2024,2024-07-01 05:00:00,7.0,0.0,4+
n3_h4dow_trail,n3,h4dow,trail,USDJPY,L,2024-07-01 08:39:00-04:00,2024-07-03 10:00:00-04:00,161.284,161.391,161.391,,0.1896,False,2024,2024-07-01 05:00:00,10.0,0.0,4+
n2_h4dow_fixed,n2,h4dow,fixed,USDJPY,L,2024-07-01 08:39:00-04:00,2024-07-04 23:19:00-04:00,161.284,160.742,160.742,162.186,-1.0078,False,2024,2024-07-01 05:00:00,7.0,0.0,4+
n3_h4dow_fixed,n3,h4dow,fixed,USDJPY,L,2024-07-01 08:39:00-04:00,2024-07-04 23:19:00-04:00,161.284,160.742,160.742,162.186,-1.0078,False,2024,2024-07-01 05:00:00,10.0,0.0,4+
n3_h4dow_fixed,n3,h4dow,fixed,SP500,L,2024-07-08 08:32:00-04:00,2024-07-10 12:15:00-04:00,5625.55,5655.03,5607.87,5655.03,1.6055,False,2024,2024-07-08 05:00:00,0.0,1.0,0
n2_h4dow_trail,n2,h4dow,trail,USDJPY,L,2024-07-08 22:10:00-04:00,2024-07-11 05:22:00-04:00,161.118,161.475,161.475,,0.6314,False,2024,2024-07-08 21:00:00,11.0,0.0,4+
n3_h4dow_trail,n3,h4dow,trail,USDJPY,L,2024-07-08 22:10:00-04:00,2024-07-11 05:22:00-04:00,161.118,161.475,161.475,,0.6314,False,2024,2024-07-08 21:00:00,14.0,0.0,4+
n2_h4dow_fixed,n2,h4dow,fixed,USDJPY,L,2024-07-08 22:10:00-04:00,2024-07-11 08:42:00-04:00,161.118,160.56,160.56,162.048,-1.0064,False,2024,2024-07-08 21:00:00,11.0,0.0,4+
n3_h4dow_fixed,n3,h4dow,fixed,USDJPY,L,2024-07-08 22:10:00-04:00,2024-07-11 08:42:00-04:00,161.118,160.56,160.56,162.048,-1.0064,False,2024,2024-07-08 21:00:00,14.0,0.0,4+
n3_h4dow_fixed,n3,h4dow,fixed,SP500,L,2024-07-11 08:30:00-04:00,2024-07-11 10:18:00-04:00,5690.15,5674.05,5674.05,5716.98,-0.9834,False,2024,2024-07-11 05:00:00,1.0,1.0,1
n3_h4dow_trail,n3,h4dow,trail,SP500,L,2024-07-08 08:32:00-04:00,2024-07-11 13:05:00-04:00,5625.55,5630.85,5630.85,,0.2757,False,2024,2024-07-08 05:00:00,0.0,1.0,0
n3_h4dow_fixed,n3,h4dow,fixed,SP500,L,2024-07-12 13:49:00-04:00,2024-07-12 15:43:00-04:00,5707.35,5678.04,5678.04,5756.2,-0.888,False,2024,2024-07-12 13:00:00,2.0,1.0,2-3
n3_h4dow_trail,n3,h4dow,trail,SP500,L,2024-07-12 13:49:00-04:00,2024-07-12 15:43:00-04:00,5707.35,5678.04,5678.04,,-0.888,False,2024,2024-07-12 13:00:00,2.0,1.0,2-3
n3_h4dow_fixed,n3,h4dow,fixed,SP500,L,2024-07-15 11:00:00-04:00,2024-07-15 13:33:00-04:00,5708.05,5681.25,5681.25,5752.73,-0.9482,False,2024,2024-07-15 09:00:00,2.0,0.0,2-3
n3_h4dow_trail,n3,h4dow,trail,SP500,L,2024-07-15 11:00:00-04:00,2024-07-15 13:33:00-04:00,5708.05,5681.24,5681.24,,-0.9486,False,2024,2024-07-15 09:00:00,2.0,0.0,2-3
n3_h4dow_fixed,n3,h4dow,fixed,SP500,L,2024-07-16 15:53:00-04:00,2024-07-17 02:23:00-04:00,5718.55,5690.57,5690.57,5765.17,-0.9895,False,2024,2024-07-16 13:00:00,3.0,0.0,2-3
n3_h4dow_trail,n3,h4dow,trail,SP500,L,2024-07-16 15:53:00-04:00,2024-07-17 02:23:00-04:00,5718.55,5690.58,5690.58,,-0.9892,False,2024,2024-07-16 13:00:00,3.0,0.0,2-3
n2_h4dow_fixed,n2,h4dow,fixed,USDCHF,S,2024-07-16 19:02:00-04:00,2024-07-17 04:30:00-04:00,0.89343,0.88915,0.89599,0.88915,1.597,False,2024,2024-07-16 17:00:00,1.0,1.0,1
n2_h4w18_fixed,n2,h4w18,fixed,USDCHF,S,2024-07-17 04:00:00-04:00,2024-07-17 04:42:00-04:00,0.89152,0.88767,0.89383,0.88767,1.5838,False,2024,2024-07-17 01:00:00,2.0,0.0,2-3
n2_h4dow_trail,n2,h4dow,trail,USDCHF,S,2024-07-16 19:02:00-04:00,2024-07-18 10:02:00-04:00,0.89343,0.88479,0.88479,,3.2875,False,2024,2024-07-16 17:00:00,1.0,1.0,1
n2_h4w18_trail,n2,h4w18,trail,USDCHF,S,2024-07-17 04:00:00-04:00,2024-07-18 10:02:00-04:00,0.89152,0.88479,0.88479,,2.8307,False,2024,2024-07-17 01:00:00,2.0,0.0,2-3
n3_h4dow_fixed,n3,h4dow,fixed,SP500,L,2024-07-23 07:18:00-04:00,2024-07-23 18:01:00-04:00,5615.86,5579.02,5583.53,5669.74,-1.1137,False,2024,2024-07-23 05:00:00,5.0,0.0,4+
n3_h4dow_trail,n3,h4dow,trail,SP500,L,2024-07-23 07:18:00-04:00,2024-07-23 18:01:00-04:00,5615.86,5579.02,5588.16,,-1.1137,False,2024,2024-07-23 05:00:00,5.0,0.0,4+
n2_h4dow_fixed,n2,h4dow,fixed,USDJPY,S,2024-07-22 23:51:00-04:00,2024-07-24 00:00:00-04:00,156.287,155.032,157.04,155.032,1.6575,False,2024,2024-07-22 21:00:00,2.0,1.0,2-3
n2_h4w18_fixed,n2,h4w18,fixed,USDJPY,S,2024-07-23 21:12:00-04:00,2024-07-24 07:47:00-04:00,155.366,154.116,156.116,154.116,1.6571,False,2024,2024-07-23 21:00:00,2.0,1.0,2-3
n2_h4dow_fixed,n2,h4dow,fixed,USDCHF,S,2024-07-24 06:04:00-04:00,2024-07-24 09:48:00-04:00,0.88711,0.88333,0.88937,0.88333,1.5883,False,2024,2024-07-24 05:00:00,2.0,0.0,2-3
n2_h4dow_trail,n2,h4dow,trail,USDJPY,S,2024-07-22 23:51:00-04:00,2024-07-25 09:06:00-04:00,156.287,154.1,154.1,,2.8924,False,2024,2024-07-22 21:00:00,2.0,1.0,2-3
n2_h4w18_trail,n2,h4w18,trail,USDJPY,S,2024-07-23 21:12:00-04:00,2024-07-25 09:06:00-04:00,155.366,154.1,154.1,,1.6784,False,2024,2024-07-23 21:00:00,2.0,1.0,2-3
n2_h4dow_trail,n2,h4dow,trail,USDCHF,S,2024-07-24 06:04:00-04:00,2024-07-26 02:30:00-04:00,0.88711,0.88178,0.88178,,2.2742,False,2024,2024-07-24 05:00:00,2.0,0.0,2-3
n2_h4w18_trail,n2,h4w18,trail,USDCHF,S,2024-07-25 03:15:00-04:00,2024-07-26 02:30:00-04:00,0.882,0.88178,0.88178,,0.0112,False,2024,2024-07-25 01:00:00,2.0,0.0,2-3
n2_h4w18_fixed,n2,h4w18,fixed,USDCHF,S,2024-07-25 03:15:00-04:00,2024-07-29 03:31:00-04:00,0.882,0.8847,0.8847,0.8775,-1.0704,False,2024,2024-07-25 01:00:00,2.0,0.0,2-3
n2_h4w18_fixed,n2,h4w18,fixed,USDJPY,S,2024-07-30 23:56:00-04:00,2024-07-30 23:58:00-04:00,151.943,153.119,153.119,149.983,-1.003,False,2024,2024-07-30 21:00:00,4.0,0.0,4+
n2_h4w18_trail,n2,h4w18,trail,USDJPY,S,2024-07-30 23:56:00-04:00,2024-07-30 23:58:00-04:00,151.943,153.119,153.119,,-1.003,False,2024,2024-07-30 21:00:00,4.0,0.0,4+
n2_h4dow_fixed,n2,h4dow,fixed,USDJPY,S,2024-07-30 13:25:00-04:00,2024-07-31 03:50:00-04:00,153.014,151.142,154.138,151.142,1.6532,False,2024,2024-07-30 13:00:00,3.0,1.0,2-3
n2_h4dow_fixed,n2,h4dow,fixed,USDCHF,S,2024-07-31 09:31:00-04:00,2024-07-31 14:00:00-04:00,0.87771,0.88095,0.88095,0.87231,-1.0584,False,2024,2024-07-31 09:00:00,1.0,1.0,1
n2_h4dow_trail,n2,h4dow,trail,USDCHF,S,2024-07-31 09:31:00-04:00,2024-07-31 14:00:00-04:00,0.87771,0.88095,0.88095,,-1.0584,False,2024,2024-07-31 09:00:00,1.0,1.0,1
n2_h4w18_fixed,n2,h4w18,fixed,USDCHF,S,2024-07-31 09:31:00-04:00,2024-07-31 14:00:00-04:00,0.87771,0.88095,0.88095,0.87231,-1.0584,False,2024,2024-07-31 09:00:00,1.0,1.0,1
n2_h4w18_trail,n2,h4w18,trail,USDCHF,S,2024-07-31 09:31:00-04:00,2024-07-31 14:00:00-04:00,0.87771,0.88095,0.88095,,-1.0584,False,2024,2024-07-31 09:00:00,1.0,1.0,1
n3_h4dow_fixed,n3,h4dow,fixed,USDCHF,S,2024-07-31 09:31:00-04:00,2024-07-31 14:00:00-04:00,0.87771,0.88095,0.88095,0.87231,-1.0584,False,2024,2024-07-31 09:00:00,1.0,1.0,1
n3_h4dow_trail,n3,h4dow,trail,USDCHF,S,2024-07-31 09:31:00-04:00,2024-07-31 14:00:00-04:00,0.87771,0.88095,0.88095,,-1.0584,False,2024,2024-07-31 09:00:00,1.0,1.0,1
n3_h4w18_fixed,n3,h4w18,fixed,USDCHF,S,2024-07-31 09:31:00-04:00,2024-07-31 14:00:00-04:00,0.87771,0.88095,0.88095,0.87231,-1.0584,False,2024,2024-07-31 09:00:00,1.0,1.0,1
n3_h4w18_trail,n3,h4w18,trail,USDCHF,S,2024-07-31 09:31:00-04:00,2024-07-31 14:00:00-04:00,0.87771,0.88095,0.88095,,-1.0584,False,2024,2024-07-31 09:00:00,1.0,1.0,1
n2_h4dow_fixed,n2,h4dow,fixed,SP500,S,2024-08-01 22:22:00-04:00,2024-08-04 18:01:00-04:00,5433.28,5331.4,5494.28,5331.6,1.5241,False,2024,2024-08-01 21:00:00,1.0,1.0,1
n2_h4w18_fixed,n2,h4w18,fixed,SP500,S,2024-08-01 22:22:00-04:00,2024-08-04 18:01:00-04:00,5432.76,5331.08,5493.76,5331.08,1.5211,False,2024,2024-08-01 21:00:00,1.0,1.0,1
n2_h4dow_fixed,n2,h4dow,fixed,USDJPY,S,2024-08-02 08:30:00-04:00,2024-08-04 18:05:00-04:00,148.511,146.053,149.985,146.053,1.6565,False,2024,2024-08-02 05:00:00,1.0,1.0,1
n2_h4dow_trail,n2,h4dow,trail,USDJPY,S,2024-07-30 13:25:00-04:00,2024-08-05 19:00:00-04:00,153.014,144.901,144.901,,7.1765,False,2024,2024-07-30 13:00:00,3.0,1.0,2-3
n2_h4dow_trail,n2,h4dow,trail,SP500,S,2024-08-01 22:22:00-04:00,2024-08-05 20:48:00-04:00,5433.28,5279.3,5279.3,,2.3056,False,2024,2024-08-01 21:00:00,1.0,1.0,1
n2_h4w18_trail,n2,h4w18,trail,SP500,S,2024-08-01 22:22:00-04:00,2024-08-05 20:48:00-04:00,5432.76,5279.3,5279.3,,2.2978,False,2024,2024-08-01 21:00:00,1.0,1.0,1
n2_h4dow_trail,n2,h4dow,trail,EURUSD,L,2024-08-12 09:45:00-04:00,2024-08-13 05:05:00-04:00,1.09314,1.09151,1.09151,,-0.6837,False,2024,2024-08-12 09:00:00,2.0,0.0,2-3
n3_h4dow_trail,n3,h4dow,trail,EURUSD,L,2024-08-12 09:45:00-04:00,2024-08-13 05:05:00-04:00,1.09314,1.09151,1.09151,,-0.6837,False,2024,2024-08-12 09:00:00,2.0,0.0,2-3
n2_h4dow_fixed,n2,h4dow,fixed,EURUSD,L,2024-08-12 09:45:00-04:00,2024-08-13 12:57:00-04:00,1.09314,1.09724,1.09068,1.09724,1.6455,False,2024,2024-08-12 09:00:00,2.0,0.0,2-3
n3_h4dow_fixed,n3,h4dow,fixed,EURUSD,L,2024-08-12 09:45:00-04:00,2024-08-13 12:57:00-04:00,1.09314,1.09724,1.09068,1.09724,1.6455,False,2024,2024-08-12 09:00:00,2.0,0.0,2-3
n2_h4dow_fixed,n2,h4dow,fixed,GBPUSD,L,2024-08-13 02:00:00-04:00,2024-08-13 13:20:00-04:00,1.27938,1.28531,1.27582,1.28531,1.6287,False,2024,2024-08-13 01:00:00,0.0,1.0,0
n2_h4dow_trail,n2,h4dow,trail,USDCHF,S,2024-08-13 09:14:00-04:00,2024-08-14 08:31:00-04:00,0.86448,0.86589,0.86589,,-0.4051,False,2024,2024-08-13 09:00:00,4.0,0.0,4+
n3_h4dow_trail,n3,h4dow,trail,USDCHF,S,2024-08-13 09:14:00-04:00,2024-08-14 08:31:00-04:00,0.86448,0.86589,0.86589,,-0.4051,False,2024,2024-08-13 09:00:00,4.0,0.0,4+
n2_h4dow_trail,n2,h4dow,trail,GBPUSD,L,2024-08-13 02:00:00-04:00,2024-08-14 21:30:00-04:00,1.27938,1.2821,1.2821,,0.7271,False,2024,2024-08-13 01:00:00,0.0,1.0,0
n3_h4dow_trail,n3,h4dow,trail,USDJPY,S,2024-08-13 09:14:00-04:00,2024-08-14 21:53:00-04:00,146.917,147.586,147.586,,-0.6796,False,2024,2024-08-13 09:00:00,5.0,0.0,4+
n2_h4w18_trail,n2,h4w18,trail,EURUSD,L,2024-08-14 04:17:00-04:00,2024-08-15 05:02:00-04:00,1.10087,1.10032,1.10032,,-0.2159,False,2024,2024-08-14 01:00:00,0.0,1.0,0
n3_h4w18_trail,n3,h4w18,trail,EURUSD,L,2024-08-14 04:17:00-04:00,2024-08-15 05:02:00-04:00,1.10087,1.10032,1.10032,,-0.2159,False,2024,2024-08-14 01:00:00,0.0,1.0,0
n2_h4dow_fixed,n2,h4dow,fixed,USDCHF,S,2024-08-13 09:14:00-04:00,2024-08-15 08:30:00-04:00,0.86448,0.86842,0.86842,0.8579,-1.0473,False,2024,2024-08-13 09:00:00,4.0,0.0,4+
n3_h4dow_fixed,n3,h4dow,fixed,USDCHF,S,2024-08-13 09:14:00-04:00,2024-08-15 08:30:00-04:00,0.86448,0.86842,0.86842,0.8579,-1.0473,False,2024,2024-08-13 09:00:00,4.0,0.0,4+
n3_h4dow_fixed,n3,h4dow,fixed,USDJPY,S,2024-08-13 09:14:00-04:00,2024-08-15 08:30:00-04:00,146.917,147.904,147.904,145.272,-1.0008,False,2024,2024-08-13 09:00:00,5.0,0.0,4+
n2_h4w18_fixed,n2,h4w18,fixed,EURUSD,L,2024-08-14 04:17:00-04:00,2024-08-15 08:30:00-04:00,1.10087,1.09808,1.09808,1.10552,-1.0187,False,2024,2024-08-14 01:00:00,0.0,1.0,0
n3_h4w18_fixed,n3,h4w18,fixed,EURUSD,L,2024-08-14 04:17:00-04:00,2024-08-15 08:30:00-04:00,1.10087,1.09808,1.09808,1.10552,-1.0187,False,2024,2024-08-14 01:00:00,0.0,1.0,0
n3_h4dow_fixed,n3,h4dow,fixed,GBPUSD,L,2024-08-15 22:40:00-04:00,2024-08-16 16:50:00-04:00,1.28731,1.29463,1.28292,1.29463,1.6372,False,2024,2024-08-15 21:00:00,1.0,1.0,1
n3_h4dow_fixed,n3,h4dow,fixed,USDCHF,S,2024-08-19 02:08:00-04:00,2024-08-19 09:04:00-04:00,0.86173,0.86571,0.86571,0.85511,-1.0467,False,2024,2024-08-19 01:00:00,6.0,0.0,4+
n3_h4dow_trail,n3,h4dow,trail,USDCHF,S,2024-08-19 02:08:00-04:00,2024-08-19 09:04:00-04:00,0.86173,0.8657,0.8657,,-1.0468,False,2024,2024-08-19 01:00:00,6.0,0.0,4+
n3_h4dow_trail,n3,h4dow,trail,USDJPY,S,2024-08-19 00:37:00-04:00,2024-08-19 19:03:00-04:00,146.071,146.716,146.716,,-0.6813,False,2024,2024-08-18 21:00:00,7.0,0.0,4+
n3_h4dow_fixed,n3,h4dow,fixed,USDJPY,S,2024-08-19 00:37:00-04:00,2024-08-19 22:57:00-04:00,146.071,147.019,147.019,144.491,-0.9994,False,2024,2024-08-18 21:00:00,7.0,0.0,4+
n2_h4dow_fixed,n2,h4dow,fixed,EURUSD,L,2024-08-19 01:44:00-04:00,2024-08-20 08:50:00-04:00,1.10473,1.10936,1.10195,1.10936,1.6465,False,2024,2024-08-19 01:00:00,1.0,1.0,1
n3_h4dow_fixed,n3,h4dow,fixed,EURUSD,L,2024-08-19 01:44:00-04:00,2024-08-20 08:50:00-04:00,1.10473,1.10936,1.10195,1.10936,1.6465,False,2024,2024-08-19 01:00:00,1.0,1.0,1
n3_h4dow_fixed,n3,h4dow,fixed,USDCHF,S,2024-08-19 21:02:00-04:00,2024-08-20 15:01:00-04:00,0.86159,0.85549,0.86525,0.85549,1.6162,False,2024,2024-08-19 21:00:00,6.0,0.0,4+
n3_h4dow_fixed,n3,h4dow,fixed,USDJPY,S,2024-08-20 17:26:00-04:00,2024-08-21 10:00:00-04:00,145.187,146.291,146.291,143.347,-1.0026,False,2024,2024-08-20 17:00:00,1.0,1.0,1
n3_h4dow_trail,n3,h4dow,trail,USDJPY,S,2024-08-20 17:26:00-04:00,2024-08-21 10:00:00-04:00,145.187,146.227,146.227,,-0.9447,False,2024,2024-08-20 17:00:00,1.0,1.0,1
n3_h4dow_fixed,n3,h4dow,fixed,GBPUSD,L,2024-08-20 02:38:00-04:00,2024-08-21 10:05:00-04:00,1.29973,1.30603,1.29595,1.30603,1.6313,False,2024,2024-08-20 01:00:00,2.0,1.0,2-3
n3_h4w18_fixed,n3,h4w18,fixed,GBPUSD,L,2024-08-20 10:54:00-04:00,2024-08-21 14:04:00-04:00,1.30448,1.31146,1.3003,1.31146,1.6377,False,2024,2024-08-20 09:00:00,2.0,1.0,2-3
n3_h4dow_fixed,n3,h4dow,fixed,GBPUSD,L,2024-08-21 10:11:00-04:00,2024-08-21 14:29:00-04:00,1.3052,1.3116,1.30136,1.3116,1.6317,False,2024,2024-08-21 09:00:00,2.0,1.0,2-3
n3_h4dow_trail,n3,h4dow,trail,USDJPY,S,2024-08-21 14:00:00-04:00,2024-08-22 04:46:00-04:00,144.93,145.643,145.643,,-0.5914,False,2024,2024-08-21 13:00:00,1.0,1.0,1
n3_h4dow_trail,n3,h4dow,trail,USDCHF,S,2024-08-19 21:02:00-04:00,2024-08-22 07:39:00-04:00,0.86159,0.85253,0.85253,,2.425,False,2024,2024-08-19 21:00:00,6.0,0.0,4+
n3_h4dow_fixed,n3,h4dow,fixed,USDJPY,S,2024-08-21 14:00:00-04:00,2024-08-22 07:46:00-04:00,144.93,146.138,146.138,142.917,-0.9997,False,2024,2024-08-21 13:00:00,1.0,1.0,1
n2_h4dow_fixed,n2,h4dow,fixed,EURUSD,L,2024-08-21 11:25:00-04:00,2024-08-22 10:09:00-04:00,1.11327,1.11054,1.11054,1.11782,-1.0194,False,2024,2024-08-21 09:00:00,1.0,1.0,1
n3_h4dow_fixed,n3,h4dow,fixed,EURUSD,L,2024-08-21 11:25:00-04:00,2024-08-22 10:09:00-04:00,1.11327,1.11054,1.11054,1.11782,-1.0194,False,2024,2024-08-21 09:00:00,1.0,1.0,1
n2_h4dow_trail,n2,h4dow,trail,EURUSD,L,2024-08-19 01:44:00-04:00,2024-08-22 10:23:00-04:00,1.10473,1.10987,1.10987,,1.8366,False,2024,2024-08-19 01:00:00,1.0,1.0,1
n3_h4dow_trail,n3,h4dow,trail,EURUSD,L,2024-08-19 01:44:00-04:00,2024-08-22 10:23:00-04:00,1.10473,1.10987,1.10987,,1.8366,False,2024,2024-08-19 01:00:00,1.0,1.0,1
n3_h4dow_trail,n3,h4dow,trail,GBPUSD,L,2024-08-15 22:40:00-04:00,2024-08-22 13:18:00-04:00,1.28731,1.30813,1.30813,,4.7122,False,2024,2024-08-15 21:00:00,1.0,1.0,1
n3_h4w18_trail,n3,h4w18,trail,GBPUSD,L,2024-08-20 10:54:00-04:00,2024-08-22 13:18:00-04:00,1.30448,1.30813,1.30813,,0.8411,False,2024,2024-08-20 09:00:00,2.0,1.0,2-3
n3_h4dow_fixed,n3,h4dow,fixed,GBPUSD,L,2024-08-23 04:59:00-04:00,2024-08-23 10:13:00-04:00,1.31302,1.31954,1.3091,1.31954,1.6288,False,2024,2024-08-23 01:00:00,3.0,1.0,2-3
n3_h4dow_fixed,n3,h4dow,fixed,USDCHF,S,2024-08-21 10:14:00-04:00,2024-08-25 20:23:00-04:00,0.85211,0.84623,0.85564,0.84623,1.614,False,2024,2024-08-21 09:00:00,0.0,1.0,0
n3_h4dow_trail,n3,h4dow,trail,USDJPY,S,2024-08-23 13:54:00-04:00,2024-08-26 07:32:00-04:00,144.457,144.221,144.221,,0.1962,False,2024,2024-08-23 13:00:00,3.0,1.0,2-3
n3_h4dow_trail,n3,h4dow,trail,USDCHF,S,2024-08-23 10:11:00-04:00,2024-08-26 08:31:00-04:00,0.84893,0.8479,0.8479,,0.2691,False,2024,2024-08-23 09:00:00,1.0,1.0,1
n2_h4dow_trail,n2,h4dow,trail,EURUSD,L,2024-08-23 10:31:00-04:00,2024-08-27 08:16:00-04:00,1.1174,1.11586,1.11586,,-0.5206,False,2024,2024-08-23 09:00:00,3.0,0.0,2-3
n3_h4dow_trail,n3,h4dow,trail,EURUSD,L,2024-08-23 10:31:00-04:00,2024-08-27 08:16:00-04:00,1.1174,1.11586,1.11586,,-0.5206,False,2024,2024-08-23 09:00:00,3.0,0.0,2-3
n2_h4dow_fixed,n2,h4dow,fixed,EURUSD,L,2024-08-23 10:31:00-04:00,2024-08-28 01:30:00-04:00,1.1174,1.11434,1.11434,1.1225,-1.0173,False,2024,2024-08-23 09:00:00,3.0,0.0,2-3
n3_h4dow_fixed,n3,h4dow,fixed,EURUSD,L,2024-08-23 10:31:00-04:00,2024-08-28 01:30:00-04:00,1.1174,1.11434,1.11434,1.1225,-1.0173,False,2024,2024-08-23 09:00:00,3.0,0.0,2-3
n3_h4dow_trail,n3,h4dow,trail,USDCHF,S,2024-08-27 07:29:00-04:00,2024-08-28 08:30:00-04:00,0.84559,0.84467,0.84467,,0.2321,False,2024,2024-08-27 05:00:00,1.0,1.0,1
n3_h4w18_trail,n3,h4w18,trail,USDCHF,S,2024-08-27 10:17:00-04:00,2024-08-28 08:30:00-04:00,0.84324,0.84467,0.84467,,-0.4943,False,2024,2024-08-27 09:00:00,1.0,1.0,1
n3_h4dow_fixed,n3,h4dow,fixed,GBPUSD,L,2024-08-27 05:12:00-04:00,2024-08-28 12:05:00-04:00,1.323,1.31891,1.31891,1.32982,-1.0331,False,2024,2024-08-27 05:00:00,5.0,1.0,4+
n3_h4dow_trail,n3,h4dow,trail,GBPUSD,L,2024-08-23 04:59:00-04:00,2024-08-28 12:16:00-04:00,1.31302,1.31802,1.31802,,1.2442,False,2024,2024-08-23 01:00:00,3.0,1.0,2-3
n3_h4dow_fixed,n3,h4dow,fixed,USDCHF,S,2024-08-27 07:29:00-04:00,2024-08-29 00:10:00-04:00,0.84559,0.84029,0.84877,0.84029,1.6096,False,2024,2024-08-27 05:00:00,1.0,1.0,1
n3_h4dow_trail,n3,h4dow,trail,USDCHF,S,2024-08-28 23:25:00-04:00,2024-08-29 04:10:00-04:00,0.84093,0.84441,0.84441,,-1.0521,False,2024,2024-08-28 21:00:00,2.0,1.0,2-3
n3_h4w18_fixed,n3,h4w18,fixed,USDCHF,S,2024-08-27 10:17:00-04:00,2024-08-29 08:30:00-04:00,0.84324,0.8465,0.8465,0.83782,-1.0557,False,2024,2024-08-27 09:00:00,1.0,1.0,1
n3_h4dow_fixed,n3,h4dow,fixed,USDJPY,S,2024-08-23 13:54:00-04:00,2024-08-30 08:44:00-04:00,144.457,145.636,145.636,142.492,-0.9995,False,2024,2024-08-23 13:00:00,3.0,1.0,2-3
n2_h4w18_fixed,n2,h4w18,fixed,SP500,L,2024-09-02 18:03:00-04:00,2024-09-03 05:11:00-04:00,5668.66,5634.88,5634.88,5724.96,-0.8517,False,2024,2024-09-02 17:00:00,1.0,1.0,1
n2_h4w18_trail,n2,h4w18,trail,SP500,L,2024-09-02 18:03:00-04:00,2024-09-03 05:11:00-04:00,5668.66,5634.88,5634.88,,-0.8517,False,2024,2024-09-02 17:00:00,1.0,1.0,1
n3_h4dow_trail,n3,h4dow,trail,USDCHF,S,2024-09-03 09:36:00-04:00,2024-09-04 08:23:00-04:00,0.84852,0.85113,0.85113,,-0.9127,False,2024,2024-09-03 09:00:00,5.0,0.0,4+
n3_h4dow_fixed,n3,h4dow,fixed,USDCHF,S,2024-09-03 09:36:00-04:00,2024-09-04 08:32:00-04:00,0.84852,0.85158,0.85158,0.84342,-1.0597,False,2024,2024-09-03 09:00:00,5.0,0.0,4+
n2_h4dow_fixed,n2,h4dow,fixed,EURUSD,L,2024-09-04 10:01:00-04:00,2024-09-06 08:30:00-04:00,1.10776,1.11224,1.10508,1.11224,1.6519,False,2024,2024-09-04 09:00:00,8.0,0.0,4+
n3_h4dow_fixed,n3,h4dow,fixed,EURUSD,L,2024-09-04 10:01:00-04:00,2024-09-06 08:30:00-04:00,1.10776,1.11224,1.10508,1.11224,1.6519,False,2024,2024-09-04 09:00:00,8.0,0.0,4+
n2_h4dow_trail,n2,h4dow,trail,GBPUSD,L,2024-09-04 10:01:00-04:00,2024-09-06 08:30:00-04:00,1.31553,1.31511,1.31511,,-0.1445,False,2024,2024-09-04 09:00:00,9.0,0.0,4+
n3_h4dow_trail,n3,h4dow,trail,GBPUSD,L,2024-09-04 10:01:00-04:00,2024-09-06 08:30:00-04:00,1.31553,1.31511,1.31511,,-0.1445,False,2024,2024-09-04 09:00:00,9.0,0.0,4+
n2_h4dow_fixed,n2,h4dow,fixed,USDJPY,S,2024-09-06 01:06:00-04:00,2024-09-06 08:30:00-04:00,142.85,143.736,143.736,141.372,-1.001,False,2024,2024-09-06 01:00:00,1.0,1.0,1
n2_h4dow_trail,n2,h4dow,trail,USDJPY,S,2024-09-06 01:06:00-04:00,2024-09-06 08:30:00-04:00,142.85,143.736,143.736,,-1.001,False,2024,2024-09-06 01:00:00,1.0,1.0,1
n2_h4dow_fixed,n2,h4dow,fixed,GBPUSD,L,2024-09-04 10:01:00-04:00,2024-09-06 08:31:00-04:00,1.31553,1.32193,1.31169,1.32193,1.6314,False,2024,2024-09-04 09:00:00,9.0,0.0,4+
n3_h4dow_fixed,n3,h4dow,fixed,GBPUSD,L,2024-09-04 10:01:00-04:00,2024-09-06 08:31:00-04:00,1.31553,1.32193,1.31169,1.32193,1.6314,False,2024,2024-09-04 09:00:00,9.0,0.0,4+
n2_h4w18_fixed,n2,h4w18,fixed,USDCHF,S,2024-09-06 08:31:00-04:00,2024-09-06 08:51:00-04:00,0.84004,0.84334,0.84334,0.83454,-1.0549,False,2024,2024-09-06 05:00:00,1.0,1.0,1
n2_h4w18_trail,n2,h4w18,trail,USDCHF,S,2024-09-06 08:31:00-04:00,2024-09-06 08:51:00-04:00,0.84004,0.84334,0.84334,,-1.0549,False,2024,2024-09-06 05:00:00,1.0,1.0,1
n3_h4w18_fixed,n3,h4w18,fixed,USDCHF,S,2024-09-06 08:31:00-04:00,2024-09-06 08:51:00-04:00,0.84004,0.84334,0.84334,0.83454,-1.0549,False,2024,2024-09-06 05:00:00,6.0,0.0,4+
n3_h4w18_trail,n3,h4w18,trail,USDCHF,S,2024-09-06 08:31:00-04:00,2024-09-06 08:51:00-04:00,0.84004,0.84334,0.84334,,-1.0549,False,2024,2024-09-06 05:00:00,6.0,0.0,4+
n2_h4dow_trail,n2,h4dow,trail,EURUSD,L,2024-09-04 10:01:00-04:00,2024-09-06 09:38:00-04:00,1.10776,1.10763,1.10763,,-0.0682,False,2024,2024-09-04 09:00:00,8.0,0.0,4+
n3_h4dow_trail,n3,h4dow,trail,EURUSD,L,2024-09-04 10:01:00-04:00,2024-09-06 09:38:00-04:00,1.10776,1.10763,1.10763,,-0.0682,False,2024,2024-09-04 09:00:00,8.0,0.0,4+
n2_h4dow_trail,n2,h4dow,trail,USDJPY,S,2024-09-10 21:34:00-04:00,2024-09-11 19:14:00-04:00,141.77,142.548,142.548,,-0.7817,False,2024,2024-09-10 21:00:00,2.0,1.0,2-3
n2_h4dow_fixed,n2,h4dow,fixed,USDJPY,S,2024-09-10 21:34:00-04:00,2024-09-11 20:03:00-04:00,141.77,142.771,142.771,140.102,-0.9997,False,2024,2024-09-10 21:00:00,2.0,1.0,2-3
n2_h4dow_trail,n2,h4dow,trail,USDJPY,S,2024-09-13 00:33:00-04:00,2024-09-16 19:08:00-04:00,140.709,140.914,140.914,,-0.1774,False,2024,2024-09-12 21:00:00,3.0,1.0,2-3
n3_h4w18_fixed,n3,h4w18,fixed,SP500,L,2024-09-15 18:01:00-04:00,2024-09-17 10:45:00-04:00,5689.56,5733.92,5630.24,5733.92,1.1017,False,2024,2024-09-15 17:00:00,2.0,0.0,2-3
n2_h4dow_fixed,n2,h4dow,fixed,USDJPY,S,2024-09-13 00:33:00-04:00,2024-09-17 10:52:00-04:00,140.709,141.879,141.879,138.759,-0.9977,False,2024,2024-09-12 21:00:00,3.0,1.0,2-3
n3_h4w18_trail,n3,h4w18,trail,SP500,L,2024-09-15 18:01:00-04:00,2024-09-17 12:47:00-04:00,5689.56,5690.5,5690.5,,0.0162,False,2024,2024-09-15 17:00:00,2.0,0.0,2-3
n2_h4dow_fixed,n2,h4dow,fixed,AUDUSD,L,2024-09-16 04:24:00-04:00,2024-09-18 05:48:00-04:00,0.67328,0.6783,0.67026,0.6783,1.6333,False,2024,2024-09-16 01:00:00,1.0,1.0,1
n2_h4dow_fixed,n2,h4dow,fixed,EURUSD,S,2024-09-18 10:32:00-04:00,2024-09-18 14:00:00-04:00,1.11108,1.11381,1.11381,1.10653,-1.0194,False,2024,2024-09-18 09:00:00,2.0,0.0,2-3
n2_h4dow_trail,n2,h4dow,trail,EURUSD,S,2024-09-18 10:32:00-04:00,2024-09-18 14:00:00-04:00,1.11108,1.11381,1.11381,,-1.0194,False,2024,2024-09-18 09:00:00,2.0,0.0,2-3
n3_h4dow_fixed,n3,h4dow,fixed,EURUSD,S,2024-09-18 10:32:00-04:00,2024-09-18 14:00:00-04:00,1.11108,1.11381,1.11381,1.10653,-1.0194,False,2024,2024-09-18 09:00:00,2.0,0.0,2-3
n3_h4dow_trail,n3,h4dow,trail,EURUSD,S,2024-09-18 10:32:00-04:00,2024-09-18 14:00:00-04:00,1.11108,1.11381,1.11381,,-1.0194,False,2024,2024-09-18 09:00:00,2.0,0.0,2-3
n3_h4dow_fixed,n3,h4dow,fixed,SP500,L,2024-09-18 14:00:00-04:00,2024-09-18 14:12:00-04:00,5736.76,5706.84,5706.84,5786.64,-0.9064,False,2024,2024-09-18 13:00:00,3.0,0.0,2-3
n3_h4dow_trail,n3,h4dow,trail,SP500,L,2024-09-18 14:00:00-04:00,2024-09-18 14:12:00-04:00,5736.76,5706.84,5706.84,,-0.9064,False,2024,2024-09-18 13:00:00,3.0,0.0,2-3
n2_h4w18_fixed,n2,h4w18,fixed,AUDUSD,L,2024-09-17 05:09:00-04:00,2024-09-18 14:30:00-04:00,0.67673,0.68133,0.67397,0.68133,1.6348,False,2024,2024-09-17 05:00:00,1.0,1.0,1
n3_h4w18_fixed,n3,h4w18,fixed,AUDUSD,L,2024-09-17 05:09:00-04:00,2024-09-18 14:30:00-04:00,0.67673,0.68133,0.67397,0.68133,1.6348,False,2024,2024-09-17 05:00:00,1.0,1.0,1
n3_h4dow_fixed,n3,h4dow,fixed,SP500,L,2024-09-18 14:33:00-04:00,2024-09-18 14:43:00-04:00,5736.76,5706.84,5706.84,5786.64,-0.9064,False,2024,2024-09-18 13:00:00,3.0,0.0,2-3
n3_h4dow_trail,n3,h4dow,trail,SP500,L,2024-09-18 14:33:00-04:00,2024-09-18 14:43:00-04:00,5736.76,5706.84,5706.84,,-0.9064,False,2024,2024-09-18 13:00:00,3.0,0.0,2-3
n2_h4dow_trail,n2,h4dow,trail,AUDUSD,L,2024-09-16 04:24:00-04:00,2024-09-18 15:48:00-04:00,0.67328,0.67495,0.67495,,0.5241,False,2024,2024-09-16 01:00:00,1.0,1.0,1
n2_h4w18_trail,n2,h4w18,trail,AUDUSD,L,2024-09-17 05:09:00-04:00,2024-09-18 15:48:00-04:00,0.67673,0.67495,0.67495,,-0.6766,False,2024,2024-09-17 05:00:00,1.0,1.0,1
n3_h4w18_trail,n3,h4w18,trail,AUDUSD,L,2024-09-17 05:09:00-04:00,2024-09-18 15:48:00-04:00,0.67673,0.67495,0.67495,,-0.6766,False,2024,2024-09-17 05:00:00,1.0,1.0,1
n2_h4dow_fixed,n2,h4dow,fixed,USDCHF,L,2024-09-23 04:07:00-04:00,2024-09-23 10:31:00-04:00,0.85171,0.84784,0.84784,0.85816,-1.0472,False,2024,2024-09-23 01:00:00,1.0,1.0,1
n2_h4dow_trail,n2,h4dow,trail,USDCHF,L,2024-09-23 04:07:00-04:00,2024-09-23 10:31:00-04:00,0.85171,0.84784,0.84784,,-1.0472,False,2024,2024-09-23 01:00:00,1.0,1.0,1
n2_h4dow_trail,n2,h4dow,trail,AUDUSD,L,2024-09-23 08:52:00-04:00,2024-09-24 02:15:00-04:00,0.68389,0.68255,0.68255,,-0.3653,False,2024,2024-09-23 05:00:00,2.0,1.0,2-3
n3_h4dow_trail,n3,h4dow,trail,AUDUSD,L,2024-09-23 08:52:00-04:00,2024-09-24 02:15:00-04:00,0.68389,0.68255,0.68255,,-0.3653,False,2024,2024-09-23 05:00:00,2.0,1.0,2-3
n3_h4dow_trail,n3,h4dow,trail,SP500,L,2024-09-24 02:54:00-04:00,2024-09-24 10:00:00-04:00,5784.5,5763.74,5763.74,,-0.6317,False,2024,2024-09-24 01:00:00,4.0,0.0,4+
n2_h4dow_fixed,n2,h4dow,fixed,AUDUSD,L,2024-09-23 08:52:00-04:00,2024-09-24 19:09:00-04:00,0.68389,0.69041,0.67997,0.69041,1.6405,False,2024,2024-09-23 05:00:00,2.0,1.0,2-3
n3_h4dow_fixed,n3,h4dow,fixed,AUDUSD,L,2024-09-23 08:52:00-04:00,2024-09-24 19:09:00-04:00,0.68389,0.69041,0.67997,0.69041,1.6405,False,2024,2024-09-23 05:00:00,2.0,1.0,2-3
n2_h4dow_fixed,n2,h4dow,fixed,USDJPY,S,2024-09-24 16:26:00-04:00,2024-09-25 06:55:00-04:00,143.167,144.291,144.291,141.295,-0.9981,False,2024,2024-09-24 13:00:00,6.0,0.0,4+
n2_h4dow_trail,n2,h4dow,trail,USDJPY,S,2024-09-24 16:26:00-04:00,2024-09-25 06:55:00-04:00,143.167,144.29,144.29,,-1.0028,False,2024,2024-09-24 13:00:00,6.0,0.0,4+
n3_h4dow_fixed,n3,h4dow,fixed,USDJPY,S,2024-09-24 16:26:00-04:00,2024-09-25 06:55:00-04:00,143.167,144.291,144.291,141.295,-0.9981,False,2024,2024-09-24 13:00:00,6.0,0.0,4+
n3_h4dow_trail,n3,h4dow,trail,USDJPY,S,2024-09-24 16:26:00-04:00,2024-09-25 06:55:00-04:00,143.167,144.29,144.29,,-1.0028,False,2024,2024-09-24 13:00:00,6.0,0.0,4+
n2_h4w18_fixed,n2,h4w18,fixed,EURUSD,L,2024-09-24 19:51:00-04:00,2024-09-25 11:55:00-04:00,1.11894,1.11476,1.11476,1.12592,-1.0127,False,2024,2024-09-24 17:00:00,1.0,1.0,1
n2_h4w18_trail,n2,h4w18,trail,EURUSD,L,2024-09-24 19:51:00-04:00,2024-09-25 11:55:00-04:00,1.11894,1.11476,1.11476,,-1.0127,False,2024,2024-09-24 17:00:00,1.0,1.0,1
n3_h4w18_fixed,n3,h4w18,fixed,EURUSD,L,2024-09-24 19:51:00-04:00,2024-09-25 11:55:00-04:00,1.11894,1.11476,1.11476,1.12592,-1.0127,False,2024,2024-09-24 17:00:00,1.0,1.0,1
n3_h4w18_trail,n3,h4w18,trail,EURUSD,L,2024-09-24 19:51:00-04:00,2024-09-25 11:55:00-04:00,1.11894,1.11476,1.11476,,-1.0127,False,2024,2024-09-24 17:00:00,1.0,1.0,1
n2_h4dow_fixed,n2,h4dow,fixed,EURUSD,L,2024-09-24 18:38:00-04:00,2024-09-25 12:19:00-04:00,1.11818,1.114,1.114,1.12516,-1.0127,False,2024,2024-09-24 17:00:00,1.0,1.0,1
n2_h4dow_trail,n2,h4dow,trail,EURUSD,L,2024-09-24 18:38:00-04:00,2024-09-25 12:19:00-04:00,1.11818,1.11399,1.11399,,-1.0127,False,2024,2024-09-24 17:00:00,1.0,1.0,1
n3_h4dow_fixed,n3,h4dow,fixed,EURUSD,L,2024-09-24 18:38:00-04:00,2024-09-25 12:19:00-04:00,1.11818,1.114,1.114,1.12516,-1.0127,False,2024,2024-09-24 17:00:00,1.0,1.0,1
n3_h4dow_trail,n3,h4dow,trail,EURUSD,L,2024-09-24 18:38:00-04:00,2024-09-25 12:19:00-04:00,1.11818,1.11399,1.11399,,-1.0127,False,2024,2024-09-24 17:00:00,1.0,1.0,1
n3_h4dow_trail,n3,h4dow,trail,SP500,L,2024-09-24 19:09:00-04:00,2024-09-25 13:00:00-04:00,5793.58,5773.78,5773.78,,-0.6029,False,2024,2024-09-24 17:00:00,4.0,0.0,4+
n3_h4w18_fixed,n3,h4w18,fixed,SP500,L,2024-09-25 09:30:00-04:00,2024-09-25 13:00:00-04:00,5797.34,5770.52,5770.52,5842.04,-0.949,False,2024,2024-09-25 09:00:00,5.0,0.0,4+
n3_h4w18_trail,n3,h4w18,trail,SP500,L,2024-09-25 09:30:00-04:00,2024-09-25 13:00:00-04:00,5797.34,5770.52,5770.52,,-0.949,False,2024,2024-09-25 09:00:00,5.0,0.0,4+
n2_h4dow_trail,n2,h4dow,trail,USDCHF,L,2024-09-25 06:12:00-04:00,2024-09-26 03:30:00-04:00,0.849,0.849,0.849,,-0.0459,False,2024,2024-09-25 05:00:00,2.0,1.0,2-3
n3_h4dow_trail,n3,h4dow,trail,USDCHF,L,2024-09-25 06:12:00-04:00,2024-09-26 03:30:00-04:00,0.849,0.849,0.849,,-0.0459,False,2024,2024-09-25 05:00:00,2.0,1.0,2-3
n2_h4dow_fixed,n2,h4dow,fixed,USDCHF,L,2024-09-25 06:12:00-04:00,2024-09-27 03:32:00-04:00,0.849,0.84502,0.84502,0.85562,-1.0458,False,2024,2024-09-25 05:00:00,2.0,1.0,2-3
n3_h4dow_fixed,n3,h4dow,fixed,USDCHF,L,2024-09-25 06:12:00-04:00,2024-09-27 03:32:00-04:00,0.849,0.84502,0.84502,0.85562,-1.0458,False,2024,2024-09-25 05:00:00,2.0,1.0,2-3
n2_h4dow_fixed,n2,h4dow,fixed,EURUSD,L,2024-09-27 08:57:00-04:00,2024-09-27 12:39:00-04:00,1.11891,1.11471,1.11471,1.12591,-1.0127,False,2024,2024-09-27 05:00:00,2.0,1.0,2-3
n2_h4dow_trail,n2,h4dow,trail,EURUSD,L,2024-09-27 08:57:00-04:00,2024-09-27 12:39:00-04:00,1.11891,1.11471,1.11471,,-1.0127,False,2024,2024-09-27 05:00:00,2.0,1.0,2-3
n3_h4dow_fixed,n3,h4dow,fixed,EURUSD,L,2024-09-27 08:57:00-04:00,2024-09-27 12:39:00-04:00,1.11891,1.11471,1.11471,1.12591,-1.0127,False,2024,2024-09-27 05:00:00,2.0,1.0,2-3
n3_h4dow_trail,n3,h4dow,trail,EURUSD,L,2024-09-27 08:57:00-04:00,2024-09-27 12:39:00-04:00,1.11891,1.11471,1.11471,,-1.0127,False,2024,2024-09-27 05:00:00,2.0,1.0,2-3
n2_h4dow_trail,n2,h4dow,trail,USDJPY,S,2024-09-27 03:08:00-04:00,2024-09-30 08:52:00-04:00,142.896,142.957,142.957,,-0.0651,False,2024,2024-09-27 01:00:00,7.0,0.0,4+
n3_h4dow_trail,n3,h4dow,trail,USDJPY,S,2024-09-27 03:08:00-04:00,2024-09-30 08:52:00-04:00,142.896,142.957,142.957,,-0.0651,False,2024,2024-09-27 01:00:00,7.0,0.0,4+
n2_h4dow_fixed,n2,h4dow,fixed,EURUSD,L,2024-09-30 04:56:00-04:00,2024-09-30 10:24:00-04:00,1.1203,1.11595,1.11595,1.12755,-1.0122,False,2024,2024-09-30 01:00:00,3.0,1.0,2-3
n2_h4dow_trail,n2,h4dow,trail,EURUSD,L,2024-09-30 04:56:00-04:00,2024-09-30 10:24:00-04:00,1.1203,1.11595,1.11595,,-1.0122,False,2024,2024-09-30 01:00:00,3.0,1.0,2-3
n3_h4dow_fixed,n3,h4dow,fixed,EURUSD,L,2024-09-30 04:56:00-04:00,2024-09-30 10:24:00-04:00,1.1203,1.11595,1.11595,1.12755,-1.0122,False,2024,2024-09-30 01:00:00,3.0,1.0,2-3
n3_h4dow_trail,n3,h4dow,trail,EURUSD,L,2024-09-30 04:56:00-04:00,2024-09-30 10:24:00-04:00,1.1203,1.11595,1.11595,,-1.0122,False,2024,2024-09-30 01:00:00,3.0,1.0,2-3
n2_h4dow_trail,n2,h4dow,trail,AUDUSD,L,2024-09-27 08:30:00-04:00,2024-09-30 14:13:00-04:00,0.69047,0.69151,0.69151,,0.2576,False,2024,2024-09-27 05:00:00,3.0,1.0,2-3
n3_h4dow_trail,n3,h4dow,trail,AUDUSD,L,2024-09-27 08:30:00-04:00,2024-09-30 14:13:00-04:00,0.69047,0.69151,0.69151,,0.2576,False,2024,2024-09-27 05:00:00,3.0,1.0,2-3
n2_h4dow_fixed,n2,h4dow,fixed,USDJPY,S,2024-09-27 03:08:00-04:00,2024-09-30 14:26:00-04:00,142.896,143.89,143.89,141.238,-1.0028,False,2024,2024-09-27 01:00:00,7.0,0.0,4+
n3_h4dow_fixed,n3,h4dow,fixed,USDJPY,S,2024-09-27 03:08:00-04:00,2024-09-30 14:26:00-04:00,142.896,143.89,143.89,141.238,-1.0028,False,2024,2024-09-27 01:00:00,7.0,0.0,4+
n3_h4dow_trail,n3,h4dow,trail,SP500,L,2024-09-30 21:59:00-04:00,2024-10-01 09:31:00-04:00,5821.26,5800.98,5800.98,,-0.5144,False,2024,2024-09-30 21:00:00,7.0,0.0,4+
n3_h4dow_fixed,n3,h4dow,fixed,SP500,L,2024-09-24 02:54:00-04:00,2024-10-01 10:09:00-04:00,5784.5,5754.29,5754.29,5834.85,-0.9152,False,2024,2024-09-24 01:00:00,4.0,0.0,4+
n2_h4dow_fixed,n2,h4dow,fixed,AUDUSD,L,2024-09-27 08:30:00-04:00,2024-10-01 12:45:00-04:00,0.69047,0.68678,0.68678,0.69662,-1.0242,False,2024,2024-09-27 05:00:00,3.0,1.0,2-3
n3_h4dow_fixed,n3,h4dow,fixed,AUDUSD,L,2024-09-27 08:30:00-04:00,2024-10-01 12:45:00-04:00,0.69047,0.68678,0.68678,0.69662,-1.0242,False,2024,2024-09-27 05:00:00,3.0,1.0,2-3
n3_h4dow_trail,n3,h4dow,trail,SP500,L,2024-10-04 08:30:00-04:00,2024-10-07 14:30:00-04:00,5772.84,5762.86,5762.86,,-0.2569,False,2024,2024-10-04 05:00:00,10.0,0.0,4+
n3_h4dow_fixed,n3,h4dow,fixed,SP500,L,2024-10-04 08:30:00-04:00,2024-10-07 14:47:00-04:00,5772.84,5738.08,5738.08,5830.76,-0.8764,False,2024,2024-10-04 05:00:00,10.0,0.0,4+
n2_h4dow_trail,n2,h4dow,trail,USDCHF,L,2024-10-09 08:26:00-04:00,2024-10-10 08:30:00-04:00,0.85843,0.85656,0.85656,,-0.6692,False,2024,2024-10-09 05:00:00,3.0,1.0,2-3
n2_h4w18_fixed,n2,h4w18,fixed,USDCHF,L,2024-10-09 14:51:00-04:00,2024-10-10 08:30:00-04:00,0.86078,0.85768,0.85768,0.86595,-1.0596,False,2024,2024-10-09 13:00:00,3.0,1.0,2-3
n2_h4w18_trail,n2,h4w18,trail,USDCHF,L,2024-10-09 14:51:00-04:00,2024-10-10 08:30:00-04:00,0.86078,0.85768,0.85768,,-1.0596,False,2024,2024-10-09 13:00:00,3.0,1.0,2-3
n2_h4dow_fixed,n2,h4dow,fixed,SP500,L,2024-10-09 10:04:00-04:00,2024-10-11 10:11:00-04:00,5806.56,5856.51,5776.59,5856.51,1.4895,False,2024,2024-10-09 09:00:00,2.0,1.0,2-3
n3_h4dow_fixed,n3,h4dow,fixed,SP500,L,2024-10-09 10:04:00-04:00,2024-10-11 10:11:00-04:00,5806.56,5856.51,5776.59,5856.51,1.4895,False,2024,2024-10-09 09:00:00,2.0,1.0,2-3
n2_h4dow_fixed,n2,h4dow,fixed,USDCHF,L,2024-10-09 08:26:00-04:00,2024-10-14 09:05:00-04:00,0.85843,0.86355,0.85535,0.86355,1.6022,False,2024,2024-10-09 05:00:00,3.0,1.0,2-3
n2_h4w18_fixed,n2,h4w18,fixed,SP500,L,2024-10-09 11:31:00-04:00,2024-10-14 09:33:00-04:00,5829.82,5879.77,5799.85,5879.77,1.4896,False,2024,2024-10-09 09:00:00,2.0,1.0,2-3
n3_h4w18_fixed,n3,h4w18,fixed,SP500,L,2024-10-09 11:31:00-04:00,2024-10-14 09:33:00-04:00,5829.82,5879.77,5799.85,5879.77,1.4896,False,2024,2024-10-09 09:00:00,2.0,1.0,2-3
n2_h4dow_fixed,n2,h4dow,fixed,SP500,L,2024-10-14 06:00:00-04:00,2024-10-14 14:42:00-04:00,5868.04,5910.36,5842.64,5910.36,1.4706,False,2024,2024-10-14 05:00:00,3.0,1.0,2-3
n3_h4dow_fixed,n3,h4dow,fixed,SP500,L,2024-10-14 06:00:00-04:00,2024-10-14 14:42:00-04:00,5868.04,5910.36,5842.64,5910.36,1.4706,False,2024,2024-10-14 05:00:00,3.0,1.0,2-3
n2_h4dow_trail,n2,h4dow,trail,USDCHF,L,2024-10-14 07:24:00-04:00,2024-10-15 04:15:00-04:00,0.8616,0.86154,0.86154,,-0.0889,False,2024,2024-10-14 05:00:00,4.0,1.0,4+
n2_h4dow_trail,n2,h4dow,trail,GBPUSD,L,2024-10-15 04:45:00-04:00,2024-10-15 20:06:00-04:00,1.30831,1.30611,1.30611,,-0.6191,False,2024,2024-10-15 01:00:00,1.0,1.0,1
n2_h4dow_fixed,n2,h4dow,fixed,GBPUSD,L,2024-10-15 04:45:00-04:00,2024-10-16 02:00:00-04:00,1.30831,1.30455,1.30455,1.31459,-1.0357,False,2024,2024-10-15 01:00:00,1.0,1.0,1
n2_h4dow_trail,n2,h4dow,trail,SP500,L,2024-10-09 10:04:00-04:00,2024-10-16 09:38:00-04:00,5806.56,5855.74,5855.74,,1.4664,False,2024,2024-10-09 09:00:00,2.0,1.0,2-3
n3_h4dow_trail,n3,h4dow,trail,SP500,L,2024-10-09 10:04:00-04:00,2024-10-16 09:38:00-04:00,5806.56,5855.74,5855.74,,1.4664,False,2024,2024-10-09 09:00:00,2.0,1.0,2-3
n2_h4w18_trail,n2,h4w18,trail,SP500,L,2024-10-09 11:31:00-04:00,2024-10-16 09:38:00-04:00,5829.82,5855.74,5855.74,,0.7687,False,2024,2024-10-09 09:00:00,2.0,1.0,2-3
n3_h4w18_trail,n3,h4w18,trail,SP500,L,2024-10-09 11:31:00-04:00,2024-10-16 09:38:00-04:00,5829.82,5855.74,5855.74,,0.7687,False,2024,2024-10-09 09:00:00,2.0,1.0,2-3
n2_h4dow_fixed,n2,h4dow,fixed,SP500,L,2024-10-17 08:36:00-04:00,2024-10-17 10:06:00-04:00,5918.38,5891.84,5891.84,5962.6,-0.9394,False,2024,2024-10-17 05:00:00,4.0,1.0,4+
n2_h4dow_trail,n2,h4dow,trail,SP500,L,2024-10-17 08:36:00-04:00,2024-10-17 10:06:00-04:00,5918.38,5891.84,5891.84,,-0.9394,False,2024,2024-10-17 05:00:00,4.0,1.0,4+
n3_h4dow_fixed,n3,h4dow,fixed,SP500,L,2024-10-17 08:36:00-04:00,2024-10-17 10:06:00-04:00,5918.38,5891.84,5891.84,5962.6,-0.9394,False,2024,2024-10-17 05:00:00,4.0,1.0,4+
n3_h4dow_trail,n3,h4dow,trail,SP500,L,2024-10-17 08:36:00-04:00,2024-10-17 10:06:00-04:00,5918.38,5891.84,5891.84,,-0.9394,False,2024,2024-10-17 05:00:00,4.0,1.0,4+
n2_h4dow_trail,n2,h4dow,trail,USDCHF,L,2024-10-16 10:15:00-04:00,2024-10-18 08:55:00-04:00,0.8642,0.86537,0.86537,,0.3658,False,2024,2024-10-16 09:00:00,4.0,1.0,4+
n2_h4dow_trail,n2,h4dow,trail,USDJPY,L,2024-10-17 08:30:00-04:00,2024-10-18 12:40:00-04:00,149.982,149.465,149.465,,-0.922,False,2024,2024-10-17 05:00:00,5.0,1.0,4+
n2_h4dow_fixed,n2,h4dow,fixed,USDJPY,L,2024-10-17 08:30:00-04:00,2024-10-18 12:42:00-04:00,149.982,149.418,149.418,150.922,-1.0052,False,2024,2024-10-17 05:00:00,5.0,1.0,4+
n3_h4dow_trail,n3,h4dow,trail,AUDUSD,L,2024-10-17 22:01:00-04:00,2024-10-21 01:34:00-04:00,0.67102,0.66983,0.66983,,-0.4314,False,2024,2024-10-17 21:00:00,8.0,0.0,4+
n3_h4dow_fixed,n3,h4dow,fixed,AUDUSD,L,2024-10-17 22:01:00-04:00,2024-10-21 06:09:00-04:00,0.67102,0.66806,0.66806,0.67594,-1.0293,False,2024,2024-10-17 21:00:00,8.0,0.0,4+
n2_h4dow_fixed,n2,h4dow,fixed,USDJPY,L,2024-10-21 11:35:00-04:00,2024-10-22 20:48:00-04:00,150.323,151.368,149.696,151.368,1.6553,False,2024,2024-10-21 09:00:00,5.0,1.0,4+
n2_h4dow_fixed,n2,h4dow,fixed,GBPUSD,S,2024-10-22 05:55:00-04:00,2024-10-23 13:46:00-04:00,1.29769,1.29144,1.30144,1.29144,1.6312,False,2024,2024-10-22 05:00:00,1.0,1.0,1
n2_h4w18_fixed,n2,h4w18,fixed,GBPUSD,S,2024-10-22 05:55:00-04:00,2024-10-23 14:04:00-04:00,1.29737,1.29112,1.30112,1.29112,1.6312,False,2024,2024-10-22 05:00:00,1.0,1.0,1
n2_h4dow_trail,n2,h4dow,trail,USDJPY,L,2024-10-21 11:35:00-04:00,2024-10-23 22:42:00-04:00,150.323,152.474,152.474,,3.4138,False,2024,2024-10-21 09:00:00,5.0,1.0,4+
n2_h4dow_trail,n2,h4dow,trail,USDCHF,L,2024-10-22 20:47:00-04:00,2024-10-23 22:47:00-04:00,0.86647,0.86614,0.86614,,-0.2569,False,2024,2024-10-22 17:00:00,8.0,1.0,4+
n3_h4dow_trail,n3,h4dow,trail,USDCHF,L,2024-10-22 20:47:00-04:00,2024-10-23 22:47:00-04:00,0.86647,0.86614,0.86614,,-0.2569,False,2024,2024-10-22 17:00:00,8.0,1.0,4+
n2_h4w18_trail,n2,h4w18,trail,USDCHF,L,2024-10-22 21:38:00-04:00,2024-10-23 22:47:00-04:00,0.86698,0.86614,0.86614,,-0.4958,False,2024,2024-10-22 21:00:00,8.0,1.0,4+
n3_h4w18_trail,n3,h4w18,trail,USDCHF,L,2024-10-22 21:38:00-04:00,2024-10-23 22:47:00-04:00,0.86698,0.86614,0.86614,,-0.4958,False,2024,2024-10-22 21:00:00,8.0,1.0,4+
n2_h4dow_trail,n2,h4dow,trail,GBPUSD,S,2024-10-22 05:55:00-04:00,2024-10-25 04:20:00-04:00,1.29769,1.29792,1.29792,,-0.0969,False,2024,2024-10-22 05:00:00,1.0,1.0,1
n2_h4w18_trail,n2,h4w18,trail,GBPUSD,S,2024-10-22 05:55:00-04:00,2024-10-25 04:20:00-04:00,1.29737,1.29792,1.29792,,-0.1822,False,2024,2024-10-22 05:00:00,1.0,1.0,1
n2_h4dow_fixed,n2,h4dow,fixed,SP500,L,2024-10-25 08:43:00-04:00,2024-10-25 13:43:00-04:00,5869.16,5842.28,5842.28,5913.96,-0.9513,False,2024,2024-10-25 05:00:00,8.0,0.0,4+
n2_h4dow_trail,n2,h4dow,trail,SP500,L,2024-10-25 08:43:00-04:00,2024-10-25 13:43:00-04:00,5869.16,5842.28,5842.28,,-0.9513,False,2024,2024-10-25 05:00:00,8.0,0.0,4+
n3_h4dow_fixed,n3,h4dow,fixed,SP500,L,2024-10-25 08:43:00-04:00,2024-10-25 13:43:00-04:00,5869.16,5842.28,5842.28,5913.96,-0.9513,False,2024,2024-10-25 05:00:00,8.0,0.0,4+
n3_h4dow_trail,n3,h4dow,trail,SP500,L,2024-10-25 08:43:00-04:00,2024-10-25 13:43:00-04:00,5869.16,5842.28,5842.28,,-0.9513,False,2024,2024-10-25 05:00:00,8.0,0.0,4+
n2_h4dow_fixed,n2,h4dow,fixed,USDCHF,L,2024-10-16 10:15:00-04:00,2024-10-27 18:01:00-04:00,0.8642,0.86871,0.86152,0.86868,1.6133,False,2024,2024-10-16 09:00:00,4.0,1.0,4+
n3_h4dow_fixed,n3,h4dow,fixed,USDCHF,L,2024-10-22 20:47:00-04:00,2024-10-27 21:17:00-04:00,0.86647,0.86982,0.86446,0.86982,1.5738,False,2024,2024-10-22 17:00:00,8.0,1.0,4+
n2_h4dow_trail,n2,h4dow,trail,USDCHF,L,2024-10-27 18:01:00-04:00,2024-10-28 06:16:00-04:00,0.86871,0.86642,0.86642,,-1.1309,False,2024,2024-10-27 17:00:00,9.0,1.0,4+
n3_h4dow_trail,n3,h4dow,trail,USDCHF,L,2024-10-27 18:01:00-04:00,2024-10-28 06:16:00-04:00,0.86871,0.86642,0.86642,,-1.1309,False,2024,2024-10-27 17:00:00,9.0,1.0,4+
n2_h4dow_fixed,n2,h4dow,fixed,USDCHF,L,2024-10-27 18:04:00-04:00,2024-10-28 06:16:00-04:00,0.86861,0.86645,0.86645,0.87221,-1.0864,False,2024,2024-10-27 17:00:00,9.0,1.0,4+
n2_h4dow_fixed,n2,h4dow,fixed,USDJPY,L,2024-10-27 18:23:00-04:00,2024-10-28 06:37:00-04:00,153.189,152.499,152.499,154.339,-1.0028,False,2024,2024-10-27 17:00:00,7.0,1.0,4+
n2_h4dow_trail,n2,h4dow,trail,USDJPY,L,2024-10-27 18:23:00-04:00,2024-10-28 06:37:00-04:00,153.189,152.499,152.499,,-1.0028,False,2024,2024-10-27 17:00:00,7.0,1.0,4+
n2_h4dow_fixed,n2,h4dow,fixed,GBPUSD,S,2024-10-27 20:57:00-04:00,2024-10-28 07:58:00-04:00,1.29557,1.29925,1.29925,1.28945,-1.0362,False,2024,2024-10-27 17:00:00,4.0,1.0,4+
n2_h4dow_trail,n2,h4dow,trail,GBPUSD,S,2024-10-27 20:57:00-04:00,2024-10-28 07:58:00-04:00,1.29557,1.29925,1.29925,,-1.0362,False,2024,2024-10-27 17:00:00,4.0,1.0,4+
n2_h4w18_fixed,n2,h4w18,fixed,USDCHF,L,2024-10-22 21:38:00-04:00,2024-10-28 10:53:00-04:00,0.86698,0.86491,0.86491,0.87043,-1.09,False,2024,2024-10-22 21:00:00,8.0,1.0,4+
n3_h4w18_fixed,n3,h4w18,fixed,USDCHF,L,2024-10-22 21:38:00-04:00,2024-10-28 10:53:00-04:00,0.86698,0.86491,0.86491,0.87043,-1.09,False,2024,2024-10-22 21:00:00,8.0,1.0,4+
n3_h4dow_fixed,n3,h4dow,fixed,SP500,L,2024-10-29 18:08:00-04:00,2024-10-30 09:40:00-04:00,5884.44,5855.3,5855.3,5933.02,-0.8832,False,2024,2024-10-29 17:00:00,2.0,1.0,2-3
n3_h4dow_trail,n3,h4dow,trail,SP500,L,2024-10-29 18:08:00-04:00,2024-10-30 09:40:00-04:00,5884.44,5855.29,5855.29,,-0.8835,False,2024,2024-10-29 17:00:00,2.0,1.0,2-3
n2_h4dow_fixed,n2,h4dow,fixed,GBPUSD,S,2024-10-30 08:15:00-04:00,2024-10-30 09:55:00-04:00,1.2958,1.29944,1.29944,1.28972,-1.0366,False,2024,2024-10-30 05:00:00,6.0,0.0,4+
n2_h4dow_trail,n2,h4dow,trail,GBPUSD,S,2024-10-30 08:15:00-04:00,2024-10-30 09:55:00-04:00,1.2958,1.29944,1.29944,,-1.0366,False,2024,2024-10-30 05:00:00,6.0,0.0,4+
n3_h4dow_fixed,n3,h4dow,fixed,GBPUSD,S,2024-10-30 08:15:00-04:00,2024-10-30 09:55:00-04:00,1.2958,1.29944,1.29944,1.28972,-1.0366,False,2024,2024-10-30 05:00:00,6.0,0.0,4+
n3_h4dow_trail,n3,h4dow,trail,GBPUSD,S,2024-10-30 08:15:00-04:00,2024-10-30 09:55:00-04:00,1.2958,1.29944,1.29944,,-1.0366,False,2024,2024-10-30 05:00:00,6.0,0.0,4+
n2_h4dow_fixed,n2,h4dow,fixed,GBPUSD,S,2024-10-31 09:54:00-04:00,2024-10-31 11:53:00-04:00,1.29368,1.28456,1.29916,1.28456,1.6401,False,2024,2024-10-31 09:00:00,7.0,0.0,4+
n3_h4dow_fixed,n3,h4dow,fixed,GBPUSD,S,2024-10-31 09:54:00-04:00,2024-10-31 11:53:00-04:00,1.29368,1.28456,1.29916,1.28456,1.6401,False,2024,2024-10-31 09:00:00,7.0,0.0,4+
n2_h4dow_trail,n2,h4dow,trail,GBPUSD,S,2024-10-31 09:54:00-04:00,2024-11-01 03:52:00-04:00,1.29368,1.2903,1.2903,,0.5937,False,2024,2024-10-31 09:00:00,7.0,0.0,4+
n3_h4dow_trail,n3,h4dow,trail,GBPUSD,S,2024-10-31 09:54:00-04:00,2024-11-01 03:52:00-04:00,1.29368,1.2903,1.2903,,0.5937,False,2024,2024-10-31 09:00:00,7.0,0.0,4+
n2_h4w18_trail,n2,h4w18,trail,GBPUSD,S,2024-10-31 10:05:00-04:00,2024-11-01 03:52:00-04:00,1.29073,1.2903,1.2903,,0.0544,False,2024,2024-10-31 09:00:00,7.0,0.0,4+
n3_h4w18_trail,n3,h4w18,trail,GBPUSD,S,2024-10-31 10:05:00-04:00,2024-11-01 03:52:00-04:00,1.29073,1.2903,1.2903,,0.0544,False,2024,2024-10-31 09:00:00,7.0,0.0,4+
n2_h4w18_fixed,n2,h4w18,fixed,GBPUSD,S,2024-10-31 10:05:00-04:00,2024-11-01 08:30:00-04:00,1.29073,1.29621,1.29621,1.28161,-1.0242,False,2024,2024-10-31 09:00:00,7.0,0.0,4+
n3_h4w18_fixed,n3,h4w18,fixed,GBPUSD,S,2024-10-31 10:05:00-04:00,2024-11-01 08:30:00-04:00,1.29073,1.29621,1.29621,1.28161,-1.0242,False,2024,2024-10-31 09:00:00,7.0,0.0,4+
n2_h4w18_fixed,n2,h4w18,fixed,USDCHF,L,2024-11-01 11:45:00-04:00,2024-11-03 20:15:00-05:00,0.87,0.86643,0.86643,0.87595,-1.0523,False,2024,2024-11-01 09:00:00,10.0,0.0,4+
n2_h4w18_trail,n2,h4w18,trail,USDCHF,L,2024-11-01 11:45:00-04:00,2024-11-03 20:15:00-05:00,0.87,0.86643,0.86643,,-1.0523,False,2024,2024-11-01 09:00:00,10.0,0.0,4+
n3_h4w18_fixed,n3,h4w18,fixed,USDCHF,L,2024-11-01 11:45:00-04:00,2024-11-03 20:15:00-05:00,0.87,0.86643,0.86643,0.87595,-1.0523,False,2024,2024-11-01 09:00:00,10.0,0.0,4+
n3_h4w18_trail,n3,h4w18,trail,USDCHF,L,2024-11-01 11:45:00-04:00,2024-11-03 20:15:00-05:00,0.87,0.86643,0.86643,,-1.0523,False,2024,2024-11-01 09:00:00,10.0,0.0,4+
n2_h4dow_fixed,n2,h4dow,fixed,USDCHF,L,2024-11-01 10:40:00-04:00,2024-11-03 20:16:00-05:00,0.86985,0.86628,0.86628,0.8758,-1.0523,False,2024,2024-11-01 09:00:00,10.0,0.0,4+
n2_h4dow_trail,n2,h4dow,trail,USDCHF,L,2024-11-01 10:40:00-04:00,2024-11-03 20:16:00-05:00,0.86985,0.86628,0.86628,,-1.0523,False,2024,2024-11-01 09:00:00,10.0,0.0,4+
n3_h4dow_fixed,n3,h4dow,fixed,USDCHF,L,2024-11-01 10:40:00-04:00,2024-11-03 20:16:00-05:00,0.86985,0.86628,0.86628,0.8758,-1.0523,False,2024,2024-11-01 09:00:00,10.0,0.0,4+
n3_h4dow_trail,n3,h4dow,trail,USDCHF,L,2024-11-01 10:40:00-04:00,2024-11-03 20:16:00-05:00,0.86985,0.86628,0.86628,,-1.0523,False,2024,2024-11-01 09:00:00,10.0,0.0,4+
n2_h4dow_trail,n2,h4dow,trail,USDCHF,L,2024-11-05 10:00:00-05:00,2024-11-05 19:02:00-05:00,0.8646,0.86215,0.86215,,-0.8288,False,2024,2024-11-05 09:00:00,12.0,0.0,4+
n3_h4dow_trail,n3,h4dow,trail,USDCHF,L,2024-11-05 10:00:00-05:00,2024-11-05 19:02:00-05:00,0.8646,0.86215,0.86215,,-0.8288,False,2024,2024-11-05 09:00:00,12.0,0.0,4+
n2_h4dow_fixed,n2,h4dow,fixed,USDCHF,L,2024-11-05 10:00:00-05:00,2024-11-05 20:06:00-05:00,0.8646,0.8699,0.86142,0.8699,1.608,False,2024,2024-11-05 09:00:00,12.0,0.0,4+
n3_h4dow_fixed,n3,h4dow,fixed,USDCHF,L,2024-11-05 10:00:00-05:00,2024-11-05 20:06:00-05:00,0.8646,0.8699,0.86142,0.8699,1.608,False,2024,2024-11-05 09:00:00,12.0,0.0,4+
n2_h4dow_fixed,n2,h4dow,fixed,USDJPY,L,2024-11-05 19:40:00-05:00,2024-11-05 21:38:00-05:00,152.546,153.798,151.794,153.798,1.6536,False,2024,2024-11-05 17:00:00,11.0,0.0,4+
n2_h4dow_fixed,n2,h4dow,fixed,AUDUSD,S,2024-11-05 21:11:00-05:00,2024-11-05 22:52:00-05:00,0.65789,0.65184,0.66152,0.65184,1.6433,False,2024,2024-11-05 21:00:00,5.0,0.0,4+
n2_h4w18_fixed,n2,h4w18,fixed,AUDUSD,S,2024-11-05 22:06:00-05:00,2024-11-06 03:37:00-05:00,0.65367,0.6573,0.6573,0.64762,-1.0234,False,2024,2024-11-05 21:00:00,5.0,0.0,4+
n2_h4w18_trail,n2,h4w18,trail,AUDUSD,S,2024-11-05 22:06:00-05:00,2024-11-06 03:37:00-05:00,0.65367,0.6573,0.6573,,-1.0234,False,2024,2024-11-05 21:00:00,5.0,0.0,4+
n2_h4dow_trail,n2,h4dow,trail,AUDUSD,S,2024-11-05 21:11:00-05:00,2024-11-06 21:15:00-05:00,0.65789,0.65932,0.65932,,-0.4174,False,2024,2024-11-05 21:00:00,5.0,0.0,4+
n2_h4dow_trail,n2,h4dow,trail,USDJPY,L,2024-11-05 19:40:00-05:00,2024-11-07 08:09:00-05:00,152.546,153.654,153.654,,1.4628,False,2024,2024-11-05 17:00:00,11.0,0.0,4+
n2_h4w18_trail,n2,h4w18,trail,USDJPY,L,2024-11-05 21:39:00-05:00,2024-11-07 08:09:00-05:00,153.878,153.654,153.654,,-0.236,False,2024,2024-11-05 21:00:00,11.0,0.0,4+
n2_h4w18_fixed,n2,h4w18,fixed,USDJPY,L,2024-11-05 21:39:00-05:00,2024-11-07 10:30:00-05:00,153.878,152.915,152.915,155.483,-1.0009,False,2024,2024-11-05 21:00:00,11.0,0.0,4+
n2_h4dow_fixed,n2,h4dow,fixed,USDCHF,L,2024-11-11 02:33:00-05:00,2024-11-13 03:04:00-05:00,0.87747,0.88377,0.87369,0.88377,1.6166,False,2024,2024-11-11 01:00:00,2.0,1.0,2-3
n3_h4dow_fixed,n3,h4dow,fixed,USDCHF,L,2024-11-11 02:33:00-05:00,2024-11-13 03:04:00-05:00,0.87747,0.88377,0.87369,0.88377,1.6166,False,2024,2024-11-11 01:00:00,2.0,1.0,2-3
n3_h4dow_trail,n3,h4dow,trail,EURUSD,S,2024-11-12 02:25:00-05:00,2024-11-13 04:55:00-05:00,1.06286,1.06296,1.06296,,-0.0318,False,2024,2024-11-12 01:00:00,1.0,1.0,1
n2_h4dow_trail,n2,h4dow,trail,USDCHF,L,2024-11-11 02:33:00-05:00,2024-11-13 08:30:00-05:00,0.87747,0.88138,0.88138,,0.9843,False,2024,2024-11-11 01:00:00,2.0,1.0,2-3
n3_h4dow_trail,n3,h4dow,trail,USDCHF,L,2024-11-11 02:33:00-05:00,2024-11-13 08:30:00-05:00,0.87747,0.88138,0.88138,,0.9843,False,2024,2024-11-11 01:00:00,2.0,1.0,2-3
n2_h4dow_trail,n2,h4dow,trail,AUDUSD,S,2024-11-11 21:03:00-05:00,2024-11-13 08:30:00-05:00,0.65582,0.65399,0.65399,,0.458,False,2024,2024-11-11 21:00:00,0.0,1.0,0
n2_h4dow_fixed,n2,h4dow,fixed,USDCHF,L,2024-11-13 03:24:00-05:00,2024-11-13 08:30:00-05:00,0.88363,0.88069,0.88069,0.88853,-1.0645,False,2024,2024-11-13 01:00:00,2.0,1.0,2-3
n3_h4dow_fixed,n3,h4dow,fixed,USDCHF,L,2024-11-13 03:24:00-05:00,2024-11-13 08:30:00-05:00,0.88363,0.88069,0.88069,0.88853,-1.0645,False,2024,2024-11-13 01:00:00,2.0,1.0,2-3
n2_h4dow_trail,n2,h4dow,trail,USDJPY,L,2024-11-12 11:43:00-05:00,2024-11-13 08:37:00-05:00,154.714,154.509,154.509,,-0.2666,False,2024,2024-11-12 09:00:00,1.0,1.0,1
n2_h4w18_trail,n2,h4w18,trail,USDJPY,L,2024-11-12 11:43:00-05:00,2024-11-13 08:37:00-05:00,154.714,154.509,154.509,,-0.2666,False,2024,2024-11-12 09:00:00,1.0,1.0,1
n3_h4dow_trail,n3,h4dow,trail,USDJPY,L,2024-11-12 11:43:00-05:00,2024-11-13 08:37:00-05:00,154.714,154.509,154.509,,-0.2666,False,2024,2024-11-12 09:00:00,1.0,1.0,1
n3_h4w18_trail,n3,h4w18,trail,USDJPY,L,2024-11-12 11:43:00-05:00,2024-11-13 08:37:00-05:00,154.714,154.509,154.509,,-0.2666,False,2024,2024-11-12 09:00:00,1.0,1.0,1
n2_h4dow_fixed,n2,h4dow,fixed,AUDUSD,S,2024-11-11 21:03:00-05:00,2024-11-13 10:05:00-05:00,0.65582,0.64947,0.65963,0.64947,1.6445,False,2024,2024-11-11 21:00:00,0.0,1.0,0
n3_h4dow_fixed,n3,h4dow,fixed,EURUSD,S,2024-11-12 02:25:00-05:00,2024-11-13 21:53:00-05:00,1.06286,1.05496,1.0676,1.05496,1.656,False,2024,2024-11-12 01:00:00,1.0,1.0,1
n2_h4dow_fixed,n2,h4dow,fixed,USDJPY,L,2024-11-12 11:43:00-05:00,2024-11-13 21:53:00-05:00,154.714,156.019,153.931,156.019,1.6587,False,2024,2024-11-12 09:00:00,1.0,1.0,1
n2_h4w18_fixed,n2,h4w18,fixed,USDJPY,L,2024-11-12 11:43:00-05:00,2024-11-13 21:53:00-05:00,154.714,156.019,153.931,156.019,1.6587,False,2024,2024-11-12 09:00:00,1.0,1.0,1
n3_h4dow_fixed,n3,h4dow,fixed,USDJPY,L,2024-11-12 11:43:00-05:00,2024-11-13 21:53:00-05:00,154.714,156.019,153.931,156.019,1.6587,False,2024,2024-11-12 09:00:00,1.0,1.0,1
n3_h4w18_fixed,n3,h4w18,fixed,USDJPY,L,2024-11-12 11:43:00-05:00,2024-11-13 21:53:00-05:00,154.714,156.019,153.931,156.019,1.6587,False,2024,2024-11-12 09:00:00,1.0,1.0,1
n3_h4dow_fixed,n3,h4dow,fixed,AUDUSD,S,2024-11-13 09:32:00-05:00,2024-11-14 05:20:00-05:00,0.65142,0.64557,0.65493,0.64557,1.6427,False,2024,2024-11-13 09:00:00,0.0,1.0,0
n2_h4w18_fixed,n2,h4w18,fixed,AUDUSD,S,2024-11-13 09:33:00-05:00,2024-11-14 05:20:00-05:00,0.65125,0.6454,0.65476,0.6454,1.6427,False,2024,2024-11-13 09:00:00,0.0,1.0,0
n3_h4w18_fixed,n3,h4w18,fixed,AUDUSD,S,2024-11-13 09:33:00-05:00,2024-11-14 05:20:00-05:00,0.65125,0.6454,0.65476,0.6454,1.6427,False,2024,2024-11-13 09:00:00,0.0,1.0,0
n2_h4dow_trail,n2,h4dow,trail,AUDUSD,S,2024-11-13 09:32:00-05:00,2024-11-18 10:34:00-05:00,0.65142,0.64792,0.64792,,0.9732,False,2024,2024-11-13 09:00:00,0.0,1.0,0
n3_h4dow_trail,n3,h4dow,trail,AUDUSD,S,2024-11-13 09:32:00-05:00,2024-11-18 10:34:00-05:00,0.65142,0.64792,0.64792,,0.9732,False,2024,2024-11-13 09:00:00,0.0,1.0,0
n2_h4w18_trail,n2,h4w18,trail,AUDUSD,S,2024-11-13 09:33:00-05:00,2024-11-18 10:34:00-05:00,0.65125,0.64792,0.64792,,0.9247,False,2024,2024-11-13 09:00:00,0.0,1.0,0
n3_h4w18_trail,n3,h4w18,trail,AUDUSD,S,2024-11-13 09:33:00-05:00,2024-11-18 10:34:00-05:00,0.65125,0.64792,0.64792,,0.9247,False,2024,2024-11-13 09:00:00,0.0,1.0,0
n2_h4dow_trail,n2,h4dow,trail,USDJPY,L,2024-11-20 01:27:00-05:00,2024-11-20 19:15:00-05:00,155.36,155.06,155.06,,-0.3026,False,2024,2024-11-20 01:00:00,3.0,0.0,2-3
n3_h4dow_trail,n3,h4dow,trail,USDJPY,L,2024-11-20 01:27:00-05:00,2024-11-20 19:15:00-05:00,155.36,155.06,155.06,,-0.3026,False,2024,2024-11-20 01:00:00,3.0,0.0,2-3
n2_h4dow_fixed,n2,h4dow,fixed,USDJPY,L,2024-11-20 01:27:00-05:00,2024-11-21 04:02:00-05:00,155.36,154.356,154.356,157.032,-1.003,False,2024,2024-11-20 01:00:00,3.0,0.0,2-3
n3_h4dow_fixed,n3,h4dow,fixed,USDJPY,L,2024-11-20 01:27:00-05:00,2024-11-21 04:02:00-05:00,155.36,154.356,154.356,157.032,-1.003,False,2024,2024-11-20 01:00:00,3.0,0.0,2-3
n3_h4dow_fixed,n3,h4dow,fixed,EURUSD,S,2024-11-20 09:56:00-05:00,2024-11-22 03:59:00-05:00,1.05236,1.04446,1.0571,1.04446,1.6561,False,2024,2024-11-20 09:00:00,5.0,0.0,4+
n3_h4w18_fixed,n3,h4w18,fixed,EURUSD,S,2024-11-21 11:16:00-05:00,2024-11-22 04:09:00-05:00,1.04966,1.04254,1.05394,1.04254,1.6519,False,2024,2024-11-21 09:00:00,5.0,0.0,4+
n2_h4dow_fixed,n2,h4dow,fixed,USDCHF,L,2024-11-21 11:19:00-05:00,2024-11-22 04:14:00-05:00,0.88624,0.89089,0.88345,0.89089,1.5982,False,2024,2024-11-21 09:00:00,4.0,1.0,4+
n3_h4dow_fixed,n3,h4dow,fixed,USDCHF,L,2024-11-21 11:19:00-05:00,2024-11-22 04:14:00-05:00,0.88624,0.89089,0.88345,0.89089,1.5982,False,2024,2024-11-21 09:00:00,4.0,1.0,4+
n2_h4dow_fixed,n2,h4dow,fixed,AUDUSD,S,2024-11-22 04:11:00-05:00,2024-11-24 17:01:00-05:00,0.64849,0.6539,0.65161,0.64329,-1.761,False,2024,2024-11-22 01:00:00,4.0,0.0,4+
n2_h4dow_trail,n2,h4dow,trail,AUDUSD,S,2024-11-22 04:11:00-05:00,2024-11-24 17:01:00-05:00,0.64849,0.6539,0.65161,,-1.761,False,2024,2024-11-22 01:00:00,4.0,0.0,4+
n3_h4dow_fixed,n3,h4dow,fixed,AUDUSD,S,2024-11-22 04:11:00-05:00,2024-11-24 17:01:00-05:00,0.64849,0.6539,0.65161,0.64329,-1.761,False,2024,2024-11-22 01:00:00,4.0,0.0,4+
n3_h4dow_trail,n3,h4dow,trail,AUDUSD,S,2024-11-22 04:11:00-05:00,2024-11-24 17:01:00-05:00,0.64849,0.6539,0.65161,,-1.761,False,2024,2024-11-22 01:00:00,4.0,0.0,4+
n3_h4dow_trail,n3,h4dow,trail,EURUSD,S,2024-11-20 09:56:00-05:00,2024-11-24 18:29:00-05:00,1.05236,1.04982,1.04982,,0.5253,False,2024,2024-11-20 09:00:00,5.0,0.0,4+
n3_h4w18_trail,n3,h4w18,trail,EURUSD,S,2024-11-21 11:16:00-05:00,2024-11-24 18:29:00-05:00,1.04966,1.04982,1.04982,,-0.0491,False,2024,2024-11-21 09:00:00,5.0,0.0,4+
n2_h4dow_trail,n2,h4dow,trail,USDCHF,L,2024-11-21 11:19:00-05:00,2024-11-25 04:53:00-05:00,0.88624,0.88919,0.88919,,0.9889,False,2024,2024-11-21 09:00:00,4.0,1.0,4+
n3_h4dow_trail,n3,h4dow,trail,USDCHF,L,2024-11-21 11:19:00-05:00,2024-11-25 04:53:00-05:00,0.88624,0.88919,0.88919,,0.9889,False,2024,2024-11-21 09:00:00,4.0,1.0,4+
n2_h4w18_trail,n2,h4w18,trail,USDCHF,L,2024-11-22 08:10:00-05:00,2024-11-25 04:53:00-05:00,0.89179,0.88919,0.88919,,-0.8333,False,2024,2024-11-22 05:00:00,1.0,1.0,1
n3_h4w18_trail,n3,h4w18,trail,USDCHF,L,2024-11-22 08:10:00-05:00,2024-11-25 04:53:00-05:00,0.89179,0.88919,0.88919,,-0.8333,False,2024,2024-11-22 05:00:00,5.0,1.0,4+
n2_h4w18_fixed,n2,h4w18,fixed,USDCHF,L,2024-11-22 08:10:00-05:00,2024-11-25 08:02:00-05:00,0.89179,0.88844,0.88844,0.89737,-1.0571,False,2024,2024-11-22 05:00:00,1.0,1.0,1
n3_h4w18_fixed,n3,h4w18,fixed,USDCHF,L,2024-11-22 08:10:00-05:00,2024-11-25 08:02:00-05:00,0.89179,0.88844,0.88844,0.89737,-1.0571,False,2024,2024-11-22 05:00:00,5.0,1.0,4+
n2_h4dow_trail,n2,h4dow,trail,SP500,L,2024-11-22 09:41:00-05:00,2024-11-25 10:12:00-05:00,5985.06,6009.36,6009.36,,0.4799,False,2024,2024-11-22 09:00:00,1.0,1.0,1
n3_h4w18_fixed,n3,h4w18,fixed,AUDUSD,S,2024-11-25 20:03:00-05:00,2024-11-25 22:01:00-05:00,0.64405,0.64793,0.64793,0.63757,-1.0216,False,2024,2024-11-25 17:00:00,5.0,0.0,4+
n3_h4w18_trail,n3,h4w18,trail,AUDUSD,S,2024-11-25 20:03:00-05:00,2024-11-25 22:01:00-05:00,0.64405,0.64794,0.64794,,-1.0215,False,2024,2024-11-25 17:00:00,5.0,0.0,4+
n3_h4dow_trail,n3,h4dow,trail,AUDUSD,S,2024-11-25 18:43:00-05:00,2024-11-26 07:18:00-05:00,0.64709,0.65071,0.65071,,-0.9522,False,2024,2024-11-25 17:00:00,5.0,0.0,4+
n2_h4dow_trail,n2,h4dow,trail,SP500,L,2024-11-26 15:46:00-05:00,2024-11-27 12:08:00-05:00,6039.76,6002.76,6002.76,,-0.9327,False,2024,2024-11-26 13:00:00,3.0,1.0,2-3
n3_h4dow_fixed,n3,h4dow,fixed,SP500,L,2024-11-26 15:46:00-05:00,2024-11-27 12:08:00-05:00,6039.76,6002.75,6002.75,6101.44,-0.933,False,2024,2024-11-26 13:00:00,3.0,1.0,2-3
n3_h4dow_trail,n3,h4dow,trail,SP500,L,2024-11-26 15:46:00-05:00,2024-11-27 12:08:00-05:00,6039.76,6002.76,6002.76,,-0.9327,False,2024,2024-11-26 13:00:00,3.0,1.0,2-3
n3_h4dow_fixed,n3,h4dow,fixed,AUDUSD,S,2024-11-25 18:43:00-05:00,2024-11-28 19:37:00-05:00,0.64709,0.65097,0.65097,0.64061,-1.0217,False,2024,2024-11-25 17:00:00,5.0,0.0,4+
n2_h4dow_fixed,n2,h4dow,fixed,SP500,L,2024-11-22 09:41:00-05:00,2024-12-02 09:34:00-05:00,5985.06,6061.51,5939.19,6061.51,1.5228,False,2024,2024-11-22 09:00:00,1.0,1.0,1
n2_h4dow_trail,n2,h4dow,trail,AUDUSD,S,2024-12-02 07:54:00-05:00,2024-12-03 02:32:00-05:00,0.6477,0.6484,0.6484,,-0.2587,False,2024,2024-12-02 05:00:00,3.0,0.0,2-3
n3_h4dow_trail,n3,h4dow,trail,AUDUSD,S,2024-12-02 07:54:00-05:00,2024-12-03 02:32:00-05:00,0.6477,0.6484,0.6484,,-0.2587,False,2024,2024-12-02 05:00:00,3.0,0.0,2-3
n2_h4dow_trail,n2,h4dow,trail,EURUSD,S,2024-12-01 21:05:00-05:00,2024-12-03 03:27:00-05:00,1.05274,1.05162,1.05162,,0.2301,False,2024,2024-12-01 21:00:00,3.0,0.0,2-3
n3_h4dow_trail,n3,h4dow,trail,EURUSD,S,2024-12-01 21:05:00-05:00,2024-12-03 03:27:00-05:00,1.05274,1.05162,1.05162,,0.2301,False,2024,2024-12-01 21:00:00,3.0,0.0,2-3
n2_h4dow_fixed,n2,h4dow,fixed,AUDUSD,S,2024-12-02 07:54:00-05:00,2024-12-03 22:01:00-05:00,0.6477,0.64265,0.65073,0.64265,1.6391,False,2024,2024-12-02 05:00:00,3.0,0.0,2-3
n3_h4dow_fixed,n3,h4dow,fixed,AUDUSD,S,2024-12-02 07:54:00-05:00,2024-12-03 22:01:00-05:00,0.6477,0.64265,0.65073,0.64265,1.6391,False,2024,2024-12-02 05:00:00,3.0,0.0,2-3
n3_h4dow_fixed,n3,h4dow,fixed,SP500,L,2024-11-29 11:01:00-05:00,2024-12-04 04:16:00-05:00,6046.4,6079.75,6026.39,6079.75,1.4868,False,2024,2024-11-29 09:00:00,4.0,1.0,4+
n2_h4w18_fixed,n2,h4w18,fixed,SP500,L,2024-11-29 11:49:00-05:00,2024-12-04 11:01:00-05:00,6053.26,6086.61,6033.25,6086.61,1.4868,False,2024,2024-11-29 09:00:00,4.0,1.0,4+
n3_h4w18_fixed,n3,h4w18,fixed,SP500,L,2024-11-29 11:49:00-05:00,2024-12-04 11:01:00-05:00,6053.26,6086.61,6033.25,6086.61,1.4868,False,2024,2024-11-29 09:00:00,4.0,1.0,4+
n2_h4dow_fixed,n2,h4dow,fixed,SP500,L,2024-12-02 10:32:00-05:00,2024-12-04 14:34:00-05:00,6059.8,6092.55,6040.15,6092.55,1.622,False,2024,2024-12-02 09:00:00,4.0,1.0,4+
n2_h4dow_trail,n2,h4dow,trail,AUDUSD,S,2024-12-03 21:13:00-05:00,2024-12-05 02:07:00-05:00,0.64434,0.64431,0.64431,,-0.0147,False,2024,2024-12-03 21:00:00,1.0,1.0,1
n3_h4dow_trail,n3,h4dow,trail,AUDUSD,S,2024-12-03 21:13:00-05:00,2024-12-05 02:07:00-05:00,0.64434,0.64431,0.64431,,-0.0147,False,2024,2024-12-03 21:00:00,4.0,0.0,4+
n2_h4w18_trail,n2,h4w18,trail,AUDUSD,S,2024-12-03 21:37:00-05:00,2024-12-05 02:07:00-05:00,0.64342,0.64431,0.64431,,-0.2682,False,2024,2024-12-03 21:00:00,1.0,1.0,1
n3_h4w18_trail,n3,h4w18,trail,AUDUSD,S,2024-12-03 21:37:00-05:00,2024-12-05 02:07:00-05:00,0.64342,0.64431,0.64431,,-0.2682,False,2024,2024-12-03 21:00:00,4.0,0.0,4+
n2_h4dow_fixed,n2,h4dow,fixed,EURUSD,S,2024-12-01 21:05:00-05:00,2024-12-05 09:07:00-05:00,1.05274,1.05739,1.05739,1.04499,-1.0108,False,2024,2024-12-01 21:00:00,3.0,0.0,2-3
n3_h4dow_fixed,n3,h4dow,fixed,EURUSD,S,2024-12-01 21:05:00-05:00,2024-12-05 09:07:00-05:00,1.05274,1.05739,1.05739,1.04499,-1.0108,False,2024,2024-12-01 21:00:00,3.0,0.0,2-3
n2_h4dow_fixed,n2,h4dow,fixed,SP500,L,2024-12-05 10:01:00-05:00,2024-12-05 15:55:00-05:00,6101.88,6086.84,6086.84,6126.96,-0.9978,False,2024,2024-12-05 09:00:00,6.0,1.0,4+
n3_h4dow_fixed,n3,h4dow,fixed,SP500,L,2024-12-05 10:01:00-05:00,2024-12-05 15:55:00-05:00,6101.88,6086.84,6086.84,6126.96,-0.9978,False,2024,2024-12-05 09:00:00,6.0,1.0,4+
n2_h4dow_trail,n2,h4dow,trail,USDCHF,S,2024-12-05 08:04:00-05:00,2024-12-06 02:02:00-05:00,0.88267,0.87948,0.87948,,0.9092,False,2024,2024-12-05 05:00:00,1.0,1.0,1
n2_h4w18_trail,n2,h4w18,trail,USDCHF,S,2024-12-05 10:57:00-05:00,2024-12-06 02:02:00-05:00,0.87957,0.87948,0.87948,,-0.0275,False,2024,2024-12-05 09:00:00,1.0,1.0,1
n2_h4dow_trail,n2,h4dow,trail,SP500,L,2024-11-29 11:01:00-05:00,2024-12-06 06:22:00-05:00,6046.4,6079.66,6079.66,,1.4828,False,2024,2024-11-29 09:00:00,4.0,1.0,4+
n3_h4dow_trail,n3,h4dow,trail,SP500,L,2024-11-29 11:01:00-05:00,2024-12-06 06:22:00-05:00,6046.4,6079.66,6079.66,,1.4828,False,2024,2024-11-29 09:00:00,4.0,1.0,4+
n2_h4w18_trail,n2,h4w18,trail,SP500,L,2024-11-29 11:49:00-05:00,2024-12-06 06:22:00-05:00,6053.26,6079.66,6079.66,,1.174,False,2024,2024-11-29 09:00:00,4.0,1.0,4+
n3_h4w18_trail,n3,h4w18,trail,SP500,L,2024-11-29 11:49:00-05:00,2024-12-06 06:22:00-05:00,6053.26,6079.66,6079.66,,1.174,False,2024,2024-11-29 09:00:00,4.0,1.0,4+
n2_h4dow_fixed,n2,h4dow,fixed,USDCHF,S,2024-12-05 08:04:00-05:00,2024-12-06 06:58:00-05:00,0.88267,0.87717,0.88597,0.87717,1.6093,False,2024,2024-12-05 05:00:00,1.0,1.0,1
n2_h4dow_fixed,n2,h4dow,fixed,GBPUSD,L,2024-12-05 02:06:00-05:00,2024-12-06 08:39:00-05:00,1.27212,1.28104,1.26676,1.28104,1.6397,False,2024,2024-12-05 01:00:00,0.0,1.0,0
n2_h4dow_trail,n2,h4dow,trail,GBPUSD,L,2024-12-05 02:06:00-05:00,2024-12-06 10:10:00-05:00,1.27212,1.27408,1.27408,,0.3413,False,2024,2024-12-05 01:00:00,0.0,1.0,0
n2_h4w18_trail,n2,h4w18,trail,GBPUSD,L,2024-12-05 08:32:00-05:00,2024-12-06 10:10:00-05:00,1.27497,1.27408,1.27408,,-0.1948,False,2024,2024-12-05 05:00:00,0.0,1.0,0
n2_h4dow_fixed,n2,h4dow,fixed,AUDUSD,S,2024-12-04 00:23:00-05:00,2024-12-06 11:55:00-05:00,0.64434,0.63829,0.64797,0.63829,1.6438,False,2024,2024-12-03 21:00:00,1.0,1.0,1
n3_h4dow_fixed,n3,h4dow,fixed,AUDUSD,S,2024-12-04 00:23:00-05:00,2024-12-06 11:55:00-05:00,0.64434,0.63829,0.64797,0.63829,1.6438,False,2024,2024-12-03 21:00:00,4.0,0.0,4+
n2_h4w18_fixed,n2,h4w18,fixed,AUDUSD,S,2024-12-03 21:37:00-05:00,2024-12-06 12:04:00-05:00,0.64342,0.63737,0.64705,0.63737,1.6438,False,2024,2024-12-03 21:00:00,1.0,1.0,1
n3_h4w18_fixed,n3,h4w18,fixed,AUDUSD,S,2024-12-03 21:37:00-05:00,2024-12-06 12:04:00-05:00,0.64342,0.63737,0.64705,0.63737,1.6438,False,2024,2024-12-03 21:00:00,4.0,0.0,4+
n2_h4dow_trail,n2,h4dow,trail,USDCHF,S,2024-12-06 05:57:00-05:00,2024-12-06 14:11:00-05:00,0.87793,0.8797,0.8797,,-0.616,False,2024,2024-12-06 05:00:00,2.0,1.0,2-3
n3_h4dow_trail,n3,h4dow,trail,USDCHF,S,2024-12-06 05:57:00-05:00,2024-12-06 14:11:00-05:00,0.87793,0.8797,0.8797,,-0.616,False,2024,2024-12-06 05:00:00,2.0,1.0,2-3
n2_h4dow_trail,n2,h4dow,trail,USDJPY,S,2024-12-06 08:59:00-05:00,2024-12-09 01:19:00-05:00,149.653,150.134,150.134,,-0.5165,False,2024,2024-12-06 05:00:00,4.0,0.0,4+
n2_h4dow_trail,n2,h4dow,trail,AUDUSD,S,2024-12-06 10:05:00-05:00,2024-12-09 03:58:00-05:00,0.63995,0.64364,0.64364,,-1.0225,False,2024,2024-12-06 09:00:00,2.0,1.0,2-3
n3_h4dow_trail,n3,h4dow,trail,AUDUSD,S,2024-12-06 10:05:00-05:00,2024-12-09 03:58:00-05:00,0.63995,0.64364,0.64364,,-1.0225,False,2024,2024-12-06 09:00:00,2.0,1.0,2-3
n2_h4dow_trail,n2,h4dow,trail,SP500,L,2024-12-06 09:47:00-05:00,2024-12-09 05:18:00-05:00,6107.09,6093.5,6093.5,,-0.7646,False,2024,2024-12-06 09:00:00,6.0,1.0,4+
n3_h4dow_trail,n3,h4dow,trail,SP500,L,2024-12-06 09:47:00-05:00,2024-12-09 05:18:00-05:00,6107.09,6093.5,6093.5,,-0.7646,False,2024,2024-12-06 09:00:00,6.0,1.0,4+
n2_h4dow_fixed,n2,h4dow,fixed,SP500,L,2024-12-06 09:47:00-05:00,2024-12-09 06:34:00-05:00,6107.09,6089.61,6089.61,6136.21,-0.9786,False,2024,2024-12-06 09:00:00,6.0,1.0,4+
n3_h4dow_fixed,n3,h4dow,fixed,SP500,L,2024-12-06 09:47:00-05:00,2024-12-09 06:34:00-05:00,6107.09,6089.61,6089.61,6136.21,-0.9786,False,2024,2024-12-06 09:00:00,6.0,1.0,4+
n2_h4dow_fixed,n2,h4dow,fixed,USDJPY,S,2024-12-06 08:59:00-05:00,2024-12-09 07:25:00-05:00,149.653,150.591,150.591,148.091,-1.0032,False,2024,2024-12-06 05:00:00,4.0,0.0,4+
n3_h4dow_fixed,n3,h4dow,fixed,USDCHF,S,2024-12-06 05:57:00-05:00,2024-12-10 09:54:00-05:00,0.87793,0.88111,0.88111,0.87263,-1.0595,False,2024,2024-12-06 05:00:00,2.0,1.0,2-3
n2_h4w18_fixed,n2,h4w18,fixed,USDCHF,S,2024-12-05 10:57:00-05:00,2024-12-10 13:09:00-05:00,0.87957,0.88317,0.88317,0.87357,-1.0526,False,2024,2024-12-05 09:00:00,1.0,1.0,1
n2_h4dow_trail,n2,h4dow,trail,AUDUSD,S,2024-12-10 10:25:00-05:00,2024-12-11 18:34:00-05:00,0.63729,0.63782,0.63782,,-0.1462,False,2024,2024-12-10 09:00:00,3.0,0.0,2-3
n3_h4dow_trail,n3,h4dow,trail,AUDUSD,S,2024-12-10 10:25:00-05:00,2024-12-11 18:34:00-05:00,0.63729,0.63782,0.63782,,-0.1462,False,2024,2024-12-10 09:00:00,3.0,0.0,2-3
n2_h4dow_fixed,n2,h4dow,fixed,AUDUSD,S,2024-12-10 10:25:00-05:00,2024-12-11 22:25:00-05:00,0.63729,0.64147,0.64147,0.63031,-1.0198,False,2024,2024-12-10 09:00:00,3.0,0.0,2-3
n3_h4dow_fixed,n3,h4dow,fixed,AUDUSD,S,2024-12-10 10:25:00-05:00,2024-12-11 22:25:00-05:00,0.63729,0.64147,0.64147,0.63031,-1.0198,False,2024,2024-12-10 09:00:00,3.0,0.0,2-3
n2_h4dow_fixed,n2,h4dow,fixed,GBPUSD,L,2024-12-12 02:08:00-05:00,2024-12-12 07:00:00-05:00,1.27818,1.27362,1.27362,1.28578,-1.0287,False,2024,2024-12-12 01:00:00,3.0,0.0,2-3
n2_h4dow_trail,n2,h4dow,trail,GBPUSD,L,2024-12-12 02:08:00-05:00,2024-12-12 07:00:00-05:00,1.27818,1.27362,1.27362,,-1.0287,False,2024,2024-12-12 01:00:00,3.0,0.0,2-3
n2_h4w18_fixed,n2,h4w18,fixed,GBPUSD,L,2024-12-05 08:32:00-05:00,2024-12-12 10:15:00-05:00,1.27497,1.26973,1.26973,1.28369,-1.0249,False,2024,2024-12-05 05:00:00,0.0,1.0,0
n2_h4dow_fixed,n2,h4dow,fixed,SP500,L,2024-12-15 18:01:00-05:00,2024-12-16 08:19:00-05:00,6123.36,6142.52,6078.2,6142.52,0.7539,False,2024,2024-12-15 17:00:00,1.0,1.0,1
n3_h4dow_fixed,n3,h4dow,fixed,SP500,L,2024-12-15 18:01:00-05:00,2024-12-16 08:19:00-05:00,6123.36,6142.52,6078.2,6142.52,0.7539,False,2024,2024-12-15 17:00:00,1.0,1.0,1
n2_h4w18_fixed,n2,h4w18,fixed,SP500,L,2024-12-15 18:01:00-05:00,2024-12-16 10:01:00-05:00,6123.36,6150.7,6086.38,6150.7,1.0811,False,2024,2024-12-15 17:00:00,1.0,1.0,1
n3_h4w18_fixed,n3,h4w18,fixed,SP500,L,2024-12-15 18:01:00-05:00,2024-12-16 10:01:00-05:00,6123.36,6150.7,6086.38,6150.7,1.0811,False,2024,2024-12-15 17:00:00,1.0,1.0,1
n2_h4dow_trail,n2,h4dow,trail,AUDUSD,S,2024-12-16 06:00:00-05:00,2024-12-16 19:00:00-05:00,0.63518,0.63774,0.63774,,-0.8232,False,2024,2024-12-16 05:00:00,4.0,0.0,4+
n3_h4dow_trail,n3,h4dow,trail,AUDUSD,S,2024-12-16 06:00:00-05:00,2024-12-16 19:00:00-05:00,0.63518,0.63774,0.63774,,-0.8232,False,2024,2024-12-16 05:00:00,4.0,0.0,4+
n2_h4dow_trail,n2,h4dow,trail,SP500,L,2024-12-15 18:01:00-05:00,2024-12-17 01:29:00-05:00,6123.36,6143.18,6143.18,,0.7803,False,2024,2024-12-15 17:00:00,1.0,1.0,1
n2_h4w18_trail,n2,h4w18,trail,SP500,L,2024-12-15 18:01:00-05:00,2024-12-17 01:29:00-05:00,6123.36,6143.18,6143.18,,0.7803,False,2024,2024-12-15 17:00:00,1.0,1.0,1
n3_h4dow_trail,n3,h4dow,trail,SP500,L,2024-12-15 18:01:00-05:00,2024-12-17 01:29:00-05:00,6123.36,6143.18,6143.18,,0.7803,False,2024,2024-12-15 17:00:00,1.0,1.0,1
n3_h4w18_trail,n3,h4w18,trail,SP500,L,2024-12-15 18:01:00-05:00,2024-12-17 01:29:00-05:00,6123.36,6143.18,6143.18,,0.7803,False,2024,2024-12-15 17:00:00,1.0,1.0,1
n2_h4dow_fixed,n2,h4dow,fixed,AUDUSD,S,2024-12-16 06:00:00-05:00,2024-12-18 14:00:00-05:00,0.63518,0.62983,0.63839,0.62983,1.6411,False,2024,2024-12-16 05:00:00,4.0,0.0,4+
n3_h4dow_fixed,n3,h4dow,fixed,AUDUSD,S,2024-12-16 06:00:00-05:00,2024-12-18 14:00:00-05:00,0.63518,0.62983,0.63839,0.62983,1.6411,False,2024,2024-12-16 05:00:00,4.0,0.0,4+
n2_h4w18_fixed,n2,h4w18,fixed,AUDUSD,S,2024-12-17 05:23:00-05:00,2024-12-18 14:00:00-05:00,0.63368,0.62866,0.6367,0.62866,1.6352,False,2024,2024-12-17 05:00:00,5.0,0.0,4+
n3_h4w18_fixed,n3,h4w18,fixed,AUDUSD,S,2024-12-17 05:23:00-05:00,2024-12-18 14:00:00-05:00,0.63368,0.62866,0.6367,0.62866,1.6352,False,2024,2024-12-17 05:00:00,5.0,0.0,4+
n2_h4dow_trail,n2,h4dow,trail,AUDUSD,S,2024-12-17 01:22:00-05:00,2024-12-20 10:09:00-05:00,0.63453,0.62499,0.62499,,3.091,False,2024,2024-12-17 01:00:00,5.0,0.0,4+
n3_h4dow_trail,n3,h4dow,trail,AUDUSD,S,2024-12-17 01:22:00-05:00,2024-12-20 10:09:00-05:00,0.63453,0.62499,0.62499,,3.091,False,2024,2024-12-17 01:00:00,5.0,0.0,4+
n2_h4w18_trail,n2,h4w18,trail,AUDUSD,S,2024-12-17 05:23:00-05:00,2024-12-20 10:09:00-05:00,0.63368,0.62499,0.62499,,2.8505,False,2024,2024-12-17 05:00:00,5.0,0.0,4+
n3_h4w18_trail,n3,h4w18,trail,AUDUSD,S,2024-12-17 05:23:00-05:00,2024-12-20 10:09:00-05:00,0.63368,0.62499,0.62499,,2.8505,False,2024,2024-12-17 05:00:00,5.0,0.0,4+
n2_h4dow_trail,n2,h4dow,trail,GBPUSD,S,2024-12-26 07:20:00-05:00,2024-12-27 05:55:00-05:00,1.25188,1.25364,1.25364,,-0.4769,False,2024,2024-12-26 05:00:00,2.0,1.0,2-3
n2_h4dow_fixed,n2,h4dow,fixed,GBPUSD,S,2024-12-26 07:20:00-05:00,2024-12-27 07:03:00-05:00,1.25188,1.25584,1.25584,1.24528,-1.0325,False,2024,2024-12-26 05:00:00,2.0,1.0,2-3
n2_h4dow_trail,n2,h4dow,trail,USDJPY,L,2024-12-25 20:25:00-05:00,2024-12-27 11:19:00-05:00,157.384,157.509,157.509,,0.2333,False,2024,2024-12-25 17:00:00,5.0,1.0,4+
n2_h4w18_fixed,n2,h4w18,fixed,USDJPY,L,2024-12-26 09:41:00-05:00,2024-12-27 11:19:00-05:00,157.929,157.44,157.44,158.744,-1.006,False,2024,2024-12-26 09:00:00,6.0,1.0,4+
n2_h4w18_trail,n2,h4w18,trail,USDJPY,L,2024-12-26 09:41:00-05:00,2024-12-27 11:19:00-05:00,157.929,157.509,157.509,,-0.8652,False,2024,2024-12-26 09:00:00,6.0,1.0,4+
n2_h4dow_trail,n2,h4dow,trail,AUDUSD,S,2024-12-26 10:02:00-05:00,2024-12-29 17:58:00-05:00,0.62187,0.62259,0.62259,,-0.3378,False,2024,2024-12-26 09:00:00,8.0,0.0,4+
n3_h4dow_trail,n3,h4dow,trail,AUDUSD,S,2024-12-26 10:02:00-05:00,2024-12-29 17:58:00-05:00,0.62187,0.62259,0.62259,,-0.3378,False,2024,2024-12-26 09:00:00,8.0,0.0,4+
n2_h4dow_fixed,n2,h4dow,fixed,AUDUSD,S,2024-12-26 10:02:00-05:00,2024-12-29 22:59:00-05:00,0.62187,0.62424,0.62424,0.61792,-1.0341,False,2024,2024-12-26 09:00:00,8.0,0.0,4+
n3_h4dow_fixed,n3,h4dow,fixed,AUDUSD,S,2024-12-26 10:02:00-05:00,2024-12-29 22:59:00-05:00,0.62187,0.62424,0.62424,0.61792,-1.0341,False,2024,2024-12-26 09:00:00,8.0,0.0,4+
n3_h4dow_trail,n3,h4dow,trail,USDCHF,L,2024-12-27 02:50:00-05:00,2024-12-30 05:11:00-05:00,0.90103,0.90115,0.90115,,-0.0382,False,2024,2024-12-27 01:00:00,1.0,1.0,1
n3_h4w18_trail,n3,h4w18,trail,USDCHF,L,2024-12-27 12:07:00-05:00,2024-12-30 05:11:00-05:00,0.9022,0.90115,0.90115,,-0.6098,False,2024,2024-12-27 09:00:00,2.0,0.0,2-3
n3_h4dow_fixed,n3,h4dow,fixed,USDCHF,L,2024-12-27 02:50:00-05:00,2024-12-30 08:49:00-05:00,0.90103,0.90425,0.89909,0.90425,1.5597,False,2024,2024-12-27 01:00:00,1.0,1.0,1
n3_h4w18_fixed,n3,h4w18,fixed,USDCHF,L,2024-12-27 12:07:00-05:00,2024-12-30 08:58:00-05:00,0.9022,0.9056,0.90016,0.9056,1.5714,False,2024,2024-12-27 09:00:00,2.0,0.0,2-3
n2_h4dow_fixed,n2,h4dow,fixed,USDJPY,L,2024-12-25 20:25:00-05:00,2024-12-30 10:04:00-05:00,157.384,156.866,156.866,158.246,-1.0077,False,2024,2024-12-25 17:00:00,5.0,1.0,4+
n3_h4dow_fixed,n3,h4dow,fixed,USDCHF,L,2024-12-31 12:12:00-05:00,2025-01-01 23:06:00-05:00,0.9074,0.9045,0.9045,0.91223,-1.0672,False,2025,2024-12-31 09:00:00,2.0,0.0,2-3
n3_h4dow_trail,n3,h4dow,trail,USDCHF,L,2024-12-31 12:12:00-05:00,2025-01-01 23:06:00-05:00,0.9074,0.9045,0.9045,,-1.0672,False,2025,2024-12-31 09:00:00,2.0,0.0,2-3
n2_h4dow_fixed,n2,h4dow,fixed,SP500,S,2024-12-31 14:42:00-05:00,2025-01-02 01:33:00-05:00,5918.32,5967.12,5967.12,5837.0,-0.9821,False,2025,2024-12-31 13:00:00,0.0,1.0,0
n2_h4dow_trail,n2,h4dow,trail,SP500,S,2024-12-31 14:42:00-05:00,2025-01-02 01:33:00-05:00,5918.32,5967.12,5967.12,,-0.9821,False,2025,2024-12-31 13:00:00,0.0,1.0,0
n2_h4dow_fixed,n2,h4dow,fixed,GBPUSD,S,2024-12-31 12:30:00-05:00,2025-01-02 07:40:00-05:00,1.25067,1.24347,1.25499,1.24347,1.637,False,2025,2024-12-31 09:00:00,4.0,0.0,4+
n2_h4w18_fixed,n2,h4w18,fixed,GBPUSD,S,2025-01-02 03:23:00-05:00,2025-01-02 07:41:00-05:00,1.25016,1.24329,1.25428,1.24329,1.6364,False,2025,2025-01-02 01:00:00,5.0,0.0,4+
n3_h4dow_fixed,n3,h4dow,fixed,USDCHF,L,2025-01-02 07:56:00-05:00,2025-01-02 11:40:00-05:00,0.90805,0.91303,0.90507,0.91303,1.6054,False,2025,2025-01-02 05:00:00,3.0,0.0,2-3
n2_h4dow_trail,n2,h4dow,trail,AUDUSD,S,2024-12-31 07:50:00-05:00,2025-01-03 00:48:00-05:00,0.62019,0.62209,0.62209,,-0.7098,False,2025,2024-12-31 05:00:00,1.0,1.0,1
n3_h4dow_trail,n3,h4dow,trail,AUDUSD,S,2024-12-31 07:50:00-05:00,2025-01-03 00:48:00-05:00,0.62019,0.62209,0.62209,,-0.7098,False,2025,2024-12-31 05:00:00,10.0,0.0,4+
n2_h4w18_trail,n2,h4w18,trail,AUDUSD,S,2024-12-31 08:01:00-05:00,2025-01-03 00:48:00-05:00,0.61992,0.62209,0.62209,,-0.8066,False,2025,2024-12-31 05:00:00,1.0,1.0,1
n3_h4w18_trail,n3,h4w18,trail,AUDUSD,S,2024-12-31 08:01:00-05:00,2025-01-03 00:48:00-05:00,0.61992,0.62209,0.62209,,-0.8066,False,2025,2024-12-31 05:00:00,10.0,0.0,4+
n2_h4dow_trail,n2,h4dow,trail,USDJPY,L,2025-01-02 12:24:00-05:00,2025-01-03 01:54:00-05:00,157.781,157.174,157.174,,-0.7945,False,2025,2025-01-02 09:00:00,8.0,0.0,4+
n2_h4dow_fixed,n2,h4dow,fixed,SP500,S,2025-01-02 12:30:00-05:00,2025-01-03 09:39:00-05:00,5910.98,5957.78,5957.78,5832.98,-0.9421,False,2025,2025-01-02 09:00:00,1.0,1.0,1
n2_h4dow_trail,n2,h4dow,trail,SP500,S,2025-01-02 12:30:00-05:00,2025-01-03 09:39:00-05:00,5910.98,5957.78,5957.78,,-0.9421,False,2025,2025-01-02 09:00:00,1.0,1.0,1
n3_h4dow_fixed,n3,h4dow,fixed,SP500,S,2025-01-02 12:30:00-05:00,2025-01-03 09:39:00-05:00,5910.98,5957.78,5957.78,5832.98,-0.9421,False,2025,2025-01-02 09:00:00,1.0,1.0,1
n3_h4dow_trail,n3,h4dow,trail,SP500,S,2025-01-02 12:30:00-05:00,2025-01-03 09:39:00-05:00,5910.98,5957.78,5957.78,,-0.9421,False,2025,2025-01-02 09:00:00,1.0,1.0,1
n2_h4dow_trail,n2,h4dow,trail,GBPUSD,S,2024-12-31 12:30:00-05:00,2025-01-03 11:33:00-05:00,1.25067,1.2417,1.2417,,2.0468,False,2025,2024-12-31 09:00:00,4.0,0.0,4+
n2_h4w18_trail,n2,h4w18,trail,GBPUSD,S,2025-01-02 03:23:00-05:00,2025-01-03 11:33:00-05:00,1.25016,1.2417,1.2417,,2.0223,False,2025,2025-01-02 01:00:00,5.0,0.0,4+
n2_h4dow_fixed,n2,h4dow,fixed,USDJPY,L,2025-01-02 12:24:00-05:00,2025-01-03 12:04:00-05:00,157.781,157.013,157.013,159.061,-1.0038,False,2025,2025-01-02 09:00:00,8.0,0.0,4+
n2_h4w18_fixed,n2,h4w18,fixed,AUDUSD,S,2024-12-31 08:01:00-05:00,2025-01-05 19:48:00-05:00,0.61992,0.62271,0.62271,0.61527,-1.0288,False,2025,2024-12-31 05:00:00,1.0,1.0,1
n3_h4w18_fixed,n3,h4w18,fixed,AUDUSD,S,2024-12-31 08:01:00-05:00,2025-01-05 19:48:00-05:00,0.61992,0.62271,0.62271,0.61527,-1.0288,False,2025,2024-12-31 05:00:00,10.0,0.0,4+
n2_h4dow_fixed,n2,h4dow,fixed,AUDUSD,S,2024-12-31 07:50:00-05:00,2025-01-05 19:55:00-05:00,0.62019,0.62298,0.62298,0.61554,-1.0289,False,2025,2024-12-31 05:00:00,1.0,1.0,1
n3_h4dow_fixed,n3,h4dow,fixed,AUDUSD,S,2024-12-31 07:50:00-05:00,2025-01-05 19:55:00-05:00,0.62019,0.62298,0.62298,0.61554,-1.0289,False,2025,2024-12-31 05:00:00,10.0,0.0,4+
n3_h4dow_trail,n3,h4dow,trail,USDCHF,L,2025-01-02 07:56:00-05:00,2025-01-06 02:52:00-05:00,0.90805,0.9084,0.9084,,0.0517,False,2025,2025-01-02 05:00:00,3.0,0.0,2-3
n2_h4dow_fixed,n2,h4dow,fixed,USDJPY,L,2025-01-06 05:28:00-05:00,2025-01-06 06:31:00-05:00,157.852,157.194,157.194,158.95,-1.0031,False,2025,2025-01-06 05:00:00,2.0,1.0,2-3
n2_h4dow_trail,n2,h4dow,trail,USDJPY,L,2025-01-06 05:28:00-05:00,2025-01-06 06:31:00-05:00,157.852,157.194,157.194,,-1.0031,False,2025,2025-01-06 05:00:00,2.0,1.0,2-3
n2_h4w18_trail,n2,h4w18,trail,USDJPY,L,2025-01-06 19:28:00-05:00,2025-01-08 22:26:00-05:00,158.085,157.928,157.928,,-0.1797,False,2025,2025-01-06 17:00:00,2.0,1.0,2-3
n3_h4w18_trail,n3,h4w18,trail,USDJPY,L,2025-01-06 19:28:00-05:00,2025-01-08 22:26:00-05:00,158.085,157.928,157.928,,-0.1797,False,2025,2025-01-06 17:00:00,2.0,1.0,2-3
n2_h4dow_trail,n2,h4dow,trail,USDJPY,L,2025-01-07 10:10:00-05:00,2025-01-08 22:26:00-05:00,158.416,157.928,157.928,,-0.5758,False,2025,2025-01-07 09:00:00,2.0,0.0,2-3
n3_h4dow_trail,n3,h4dow,trail,USDJPY,L,2025-01-07 10:10:00-05:00,2025-01-08 22:26:00-05:00,158.416,157.928,157.928,,-0.5758,False,2025,2025-01-07 09:00:00,2.0,0.0,2-3
n2_h4dow_fixed,n2,h4dow,fixed,GBPUSD,S,2025-01-08 06:31:00-05:00,2025-01-09 02:44:00-05:00,1.23528,1.22626,1.2407,1.22626,1.6409,False,2025,2025-01-08 05:00:00,2.0,0.0,2-3
n2_h4w18_fixed,n2,h4w18,fixed,GBPUSD,S,2025-01-08 06:31:00-05:00,2025-01-09 02:44:00-05:00,1.23528,1.22626,1.2407,1.22626,1.6409,False,2025,2025-01-08 05:00:00,2.0,0.0,2-3
n3_h4dow_fixed,n3,h4dow,fixed,GBPUSD,S,2025-01-08 06:31:00-05:00,2025-01-09 02:44:00-05:00,1.23528,1.22626,1.2407,1.22626,1.6409,False,2025,2025-01-08 05:00:00,2.0,0.0,2-3
n3_h4w18_fixed,n3,h4w18,fixed,GBPUSD,S,2025-01-08 06:31:00-05:00,2025-01-09 02:44:00-05:00,1.23528,1.22626,1.2407,1.22626,1.6409,False,2025,2025-01-08 05:00:00,2.0,0.0,2-3
n3_h4dow_trail,n3,h4dow,trail,AUDUSD,S,2025-01-08 06:39:00-05:00,2025-01-09 20:24:00-05:00,0.61922,0.62044,0.62044,,-0.3673,False,2025,2025-01-08 05:00:00,12.0,0.0,4+
n3_h4w18_trail,n3,h4w18,trail,AUDUSD,S,2025-01-09 03:01:00-05:00,2025-01-09 20:24:00-05:00,0.61795,0.62044,0.62044,,-0.7908,False,2025,2025-01-09 01:00:00,12.0,0.0,4+
n2_h4dow_fixed,n2,h4dow,fixed,USDCHF,L,2025-01-09 03:02:00-05:00,2025-01-10 08:33:00-05:00,0.91286,0.91811,0.90971,0.91811,1.6042,False,2025,2025-01-09 01:00:00,0.0,1.0,0
n3_h4dow_fixed,n3,h4dow,fixed,USDCHF,L,2025-01-09 03:02:00-05:00,2025-01-10 08:33:00-05:00,0.91286,0.91811,0.90971,0.91811,1.6042,False,2025,2025-01-09 01:00:00,5.0,0.0,4+
n2_h4w18_fixed,n2,h4w18,fixed,USDCHF,L,2025-01-10 05:35:00-05:00,2025-01-10 08:33:00-05:00,0.91373,0.91823,0.91103,0.91823,1.5937,False,2025,2025-01-10 05:00:00,1.0,1.0,1
n3_h4w18_fixed,n3,h4w18,fixed,USDCHF,L,2025-01-10 05:35:00-05:00,2025-01-10 08:33:00-05:00,0.91373,0.91823,0.91103,0.91823,1.5937,False,2025,2025-01-10 05:00:00,1.0,1.0,1
n2_h4w18_fixed,n2,h4w18,fixed,EURUSD,S,2025-01-10 08:33:00-05:00,2025-01-10 09:02:00-05:00,1.02236,1.02608,1.02608,1.01616,-1.0131,False,2025,2025-01-10 05:00:00,0.0,1.0,0
n2_h4w18_trail,n2,h4w18,trail,EURUSD,S,2025-01-10 08:33:00-05:00,2025-01-10 09:02:00-05:00,1.02236,1.02608,1.02608,,-1.0131,False,2025,2025-01-10 05:00:00,0.0,1.0,0
n3_h4w18_fixed,n3,h4w18,fixed,EURUSD,S,2025-01-10 08:33:00-05:00,2025-01-10 09:02:00-05:00,1.02236,1.02608,1.02608,1.01616,-1.0131,False,2025,2025-01-10 05:00:00,0.0,1.0,0
n3_h4w18_trail,n3,h4w18,trail,EURUSD,S,2025-01-10 08:33:00-05:00,2025-01-10 09:02:00-05:00,1.02236,1.02608,1.02608,,-1.0131,False,2025,2025-01-10 05:00:00,0.0,1.0,0
n2_h4dow_trail,n2,h4dow,trail,USDJPY,L,2025-01-10 08:30:00-05:00,2025-01-10 09:39:00-05:00,158.552,157.904,157.904,,-1.0043,False,2025,2025-01-10 05:00:00,4.0,0.0,4+
n3_h4dow_trail,n3,h4dow,trail,USDJPY,L,2025-01-10 08:30:00-05:00,2025-01-10 09:39:00-05:00,158.552,157.904,157.904,,-1.0043,False,2025,2025-01-10 05:00:00,4.0,0.0,4+
n2_h4dow_fixed,n2,h4dow,fixed,USDJPY,L,2025-01-07 10:10:00-05:00,2025-01-10 10:17:00-05:00,158.416,157.563,157.563,159.838,-1.0029,False,2025,2025-01-07 09:00:00,2.0,0.0,2-3
n3_h4dow_fixed,n3,h4dow,fixed,USDJPY,L,2025-01-07 10:10:00-05:00,2025-01-10 10:17:00-05:00,158.416,157.563,157.563,159.838,-1.0029,False,2025,2025-01-07 09:00:00,2.0,0.0,2-3
n3_h4dow_fixed,n3,h4dow,fixed,AUDUSD,S,2025-01-08 06:39:00-05:00,2025-01-12 23:33:00-05:00,0.61922,0.61332,0.62276,0.61332,1.6441,False,2025,2025-01-08 05:00:00,12.0,0.0,4+
n2_h4dow_fixed,n2,h4dow,fixed,EURUSD,S,2025-01-10 08:30:00-05:00,2025-01-12 23:33:00-05:00,1.02732,1.02112,1.03104,1.02112,1.6535,False,2025,2025-01-10 05:00:00,0.0,1.0,0
n3_h4dow_fixed,n3,h4dow,fixed,EURUSD,S,2025-01-10 08:30:00-05:00,2025-01-12 23:33:00-05:00,1.02732,1.02112,1.03104,1.02112,1.6535,False,2025,2025-01-10 05:00:00,0.0,1.0,0
n2_h4dow_fixed,n2,h4dow,fixed,GBPUSD,S,2025-01-10 08:30:00-05:00,2025-01-12 23:33:00-05:00,1.22387,1.21369,1.22997,1.21369,1.6483,False,2025,2025-01-10 05:00:00,0.0,1.0,0
n3_h4dow_fixed,n3,h4dow,fixed,GBPUSD,S,2025-01-10 08:30:00-05:00,2025-01-12 23:33:00-05:00,1.22387,1.21369,1.22997,1.21369,1.6483,False,2025,2025-01-10 05:00:00,2.0,0.0,2-3
n2_h4w18_fixed,n2,h4w18,fixed,USDJPY,L,2025-01-06 19:28:00-05:00,2025-01-13 04:32:00-05:00,158.085,157.191,157.191,159.575,-1.0014,False,2025,2025-01-06 17:00:00,2.0,1.0,2-3
n3_h4w18_fixed,n3,h4w18,fixed,USDJPY,L,2025-01-06 19:28:00-05:00,2025-01-13 04:32:00-05:00,158.085,157.191,157.191,159.575,-1.0014,False,2025,2025-01-06 17:00:00,2.0,1.0,2-3
n3_h4dow_trail,n3,h4dow,trail,AUDUSD,S,2025-01-10 08:30:00-05:00,2025-01-13 16:20:00-05:00,0.61722,0.6163,0.6163,,0.3111,False,2025,2025-01-10 05:00:00,0.0,1.0,0
n3_h4dow_fixed,n3,h4dow,fixed,AUDUSD,S,2025-01-13 00:52:00-05:00,2025-01-13 16:50:00-05:00,0.61397,0.61721,0.61721,0.60857,-1.0246,False,2025,2025-01-12 21:00:00,1.0,1.0,1
n2_h4dow_trail,n2,h4dow,trail,EURUSD,S,2025-01-10 08:30:00-05:00,2025-01-13 17:03:00-05:00,1.02732,1.025,1.025,,0.6105,False,2025,2025-01-10 05:00:00,0.0,1.0,0
n3_h4dow_trail,n3,h4dow,trail,EURUSD,S,2025-01-10 08:30:00-05:00,2025-01-13 17:03:00-05:00,1.02732,1.025,1.025,,0.6105,False,2025,2025-01-10 05:00:00,0.0,1.0,0
n2_h4dow_fixed,n2,h4dow,fixed,EURUSD,S,2025-01-13 00:04:00-05:00,2025-01-13 17:28:00-05:00,1.02132,1.02588,1.02588,1.01372,-1.0107,False,2025,2025-01-12 21:00:00,1.0,1.0,1
n3_h4dow_fixed,n3,h4dow,fixed,EURUSD,S,2025-01-13 00:04:00-05:00,2025-01-13 17:28:00-05:00,1.02132,1.02588,1.02588,1.01372,-1.0107,False,2025,2025-01-12 21:00:00,1.0,1.0,1
n2_h4dow_fixed,n2,h4dow,fixed,USDCHF,L,2025-01-13 10:30:00-05:00,2025-01-13 17:50:00-05:00,0.91892,0.91578,0.91578,0.92414,-1.0628,False,2025,2025-01-13 09:00:00,1.0,1.0,1
n3_h4dow_fixed,n3,h4dow,fixed,USDCHF,L,2025-01-13 10:30:00-05:00,2025-01-13 17:50:00-05:00,0.91892,0.91578,0.91578,0.92414,-1.0628,False,2025,2025-01-13 09:00:00,1.0,1.0,1
n2_h4dow_trail,n2,h4dow,trail,USDCHF,L,2025-01-09 03:02:00-05:00,2025-01-13 18:31:00-05:00,0.91286,0.91546,0.91546,,0.763,False,2025,2025-01-09 01:00:00,0.0,1.0,0
n3_h4dow_trail,n3,h4dow,trail,USDCHF,L,2025-01-09 03:02:00-05:00,2025-01-13 18:31:00-05:00,0.91286,0.91546,0.91546,,0.763,False,2025,2025-01-09 01:00:00,5.0,0.0,4+
n2_h4w18_trail,n2,h4w18,trail,USDCHF,L,2025-01-10 05:35:00-05:00,2025-01-13 18:31:00-05:00,0.91373,0.91546,0.91546,,0.5679,False,2025,2025-01-10 05:00:00,1.0,1.0,1
n3_h4w18_trail,n3,h4w18,trail,USDCHF,L,2025-01-10 05:35:00-05:00,2025-01-13 18:31:00-05:00,0.91373,0.91546,0.91546,,0.5679,False,2025,2025-01-10 05:00:00,1.0,1.0,1
n2_h4dow_trail,n2,h4dow,trail,GBPUSD,S,2025-01-08 06:31:00-05:00,2025-01-15 02:45:00-05:00,1.23528,1.22184,1.22184,,2.4609,False,2025,2025-01-08 05:00:00,2.0,0.0,2-3
n2_h4w18_trail,n2,h4w18,trail,GBPUSD,S,2025-01-08 06:31:00-05:00,2025-01-15 02:45:00-05:00,1.23528,1.22184,1.22184,,2.4609,False,2025,2025-01-08 05:00:00,2.0,0.0,2-3
n3_h4dow_trail,n3,h4dow,trail,GBPUSD,S,2025-01-08 06:31:00-05:00,2025-01-15 02:45:00-05:00,1.23528,1.22184,1.22184,,2.4609,False,2025,2025-01-08 05:00:00,2.0,0.0,2-3
n3_h4w18_trail,n3,h4w18,trail,GBPUSD,S,2025-01-08 06:31:00-05:00,2025-01-15 02:45:00-05:00,1.23528,1.22184,1.22184,,2.4609,False,2025,2025-01-08 05:00:00,2.0,0.0,2-3
n3_h4w18_fixed,n3,h4w18,fixed,AUDUSD,S,2025-01-09 03:01:00-05:00,2025-01-15 08:30:00-05:00,0.61795,0.62121,0.62121,0.61253,-1.0246,False,2025,2025-01-09 01:00:00,12.0,0.0,4+
n3_h4dow_trail,n3,h4dow,trail,AUDUSD,S,2025-01-17 07:30:00-05:00,2025-01-17 10:02:00-05:00,0.61923,0.62143,0.62143,,-0.6974,False,2025,2025-01-17 05:00:00,4.0,0.0,4+
n3_h4dow_fixed,n3,h4dow,fixed,AUDUSD,S,2025-01-17 07:30:00-05:00,2025-01-17 10:05:00-05:00,0.61923,0.6225,0.6225,0.61378,-1.0246,False,2025,2025-01-17 05:00:00,4.0,0.0,4+
n2_h4dow_fixed,n2,h4dow,fixed,USDCHF,L,2025-01-17 09:25:00-05:00,2025-01-17 10:09:00-05:00,0.91464,0.91111,0.91111,0.92052,-1.0556,False,2025,2025-01-17 09:00:00,4.0,0.0,4+
n2_h4dow_trail,n2,h4dow,trail,USDCHF,L,2025-01-17 09:25:00-05:00,2025-01-17 10:09:00-05:00,0.91464,0.91112,0.91112,,-1.0558,False,2025,2025-01-17 09:00:00,4.0,0.0,4+
n3_h4dow_fixed,n3,h4dow,fixed,USDCHF,L,2025-01-17 09:25:00-05:00,2025-01-17 10:09:00-05:00,0.91464,0.91111,0.91111,0.92052,-1.0556,False,2025,2025-01-17 09:00:00,4.0,0.0,4+
n3_h4dow_trail,n3,h4dow,trail,USDCHF,L,2025-01-17 09:25:00-05:00,2025-01-17 10:09:00-05:00,0.91464,0.91112,0.91112,,-1.0558,False,2025,2025-01-17 09:00:00,4.0,0.0,4+
n2_h4dow_trail,n2,h4dow,trail,GBPUSD,S,2025-01-17 02:20:00-05:00,2025-01-20 08:30:00-05:00,1.21752,1.22219,1.22219,,-0.7366,False,2025,2025-01-17 01:00:00,4.0,0.0,4+
n3_h4dow_trail,n3,h4dow,trail,GBPUSD,S,2025-01-17 02:20:00-05:00,2025-01-20 08:30:00-05:00,1.21752,1.22219,1.22219,,-0.7366,False,2025,2025-01-17 01:00:00,4.0,0.0,4+
n2_h4dow_trail,n2,h4dow,trail,USDCHF,L,2025-01-17 11:55:00-05:00,2025-01-20 08:30:00-05:00,0.91464,0.91208,0.91208,,-0.7831,False,2025,2025-01-17 09:00:00,4.0,0.0,4+
n3_h4dow_trail,n3,h4dow,trail,USDCHF,L,2025-01-17 11:55:00-05:00,2025-01-20 08:30:00-05:00,0.91464,0.91208,0.91208,,-0.7831,False,2025,2025-01-17 09:00:00,4.0,0.0,4+
n2_h4dow_fixed,n2,h4dow,fixed,GBPUSD,S,2025-01-17 02:20:00-05:00,2025-01-20 08:31:00-05:00,1.21752,1.22403,1.22403,1.20667,-1.0192,False,2025,2025-01-17 01:00:00,4.0,0.0,4+
n3_h4dow_fixed,n3,h4dow,fixed,GBPUSD,S,2025-01-17 02:20:00-05:00,2025-01-20 08:31:00-05:00,1.21752,1.22403,1.22403,1.20667,-1.0192,False,2025,2025-01-17 01:00:00,4.0,0.0,4+
n2_h4dow_fixed,n2,h4dow,fixed,USDCHF,L,2025-01-17 11:55:00-05:00,2025-01-20 08:31:00-05:00,0.91464,0.91111,0.91111,0.92052,-1.0556,False,2025,2025-01-17 09:00:00,4.0,0.0,4+
n3_h4dow_fixed,n3,h4dow,fixed,USDCHF,L,2025-01-17 11:55:00-05:00,2025-01-20 08:31:00-05:00,0.91464,0.91111,0.91111,0.92052,-1.0556,False,2025,2025-01-17 09:00:00,4.0,0.0,4+
n3_h4dow_trail,n3,h4dow,trail,USDCHF,L,2025-01-23 03:35:00-05:00,2025-01-23 21:14:00-05:00,0.90754,0.90611,0.90611,,-0.5016,False,2025,2025-01-23 01:00:00,6.0,0.0,4+
n3_h4dow_fixed,n3,h4dow,fixed,USDCHF,L,2025-01-23 03:35:00-05:00,2025-01-24 01:38:00-05:00,0.90754,0.9043,0.9043,0.91294,-1.0601,False,2025,2025-01-23 01:00:00,6.0,0.0,4+
n3_h4dow_trail,n3,h4dow,trail,GBPUSD,S,2025-01-28 06:52:00-05:00,2025-01-29 01:00:00-05:00,1.24262,1.2456,1.2456,,-0.5205,False,2025,2025-01-28 05:00:00,8.0,0.0,4+
n3_h4dow_trail,n3,h4dow,trail,GBPUSD,S,2025-01-29 05:12:00-05:00,2025-01-30 03:06:00-05:00,1.24147,1.246,1.246,,-0.9115,False,2025,2025-01-29 05:00:00,8.0,0.0,4+
n2_h4dow_trail,n2,h4dow,trail,GBPUSD,L,2025-01-30 08:57:00-05:00,2025-01-30 15:39:00-05:00,1.24636,1.24249,1.24249,,-0.8044,False,2025,2025-01-30 05:00:00,5.0,0.0,4+
n2_h4dow_fixed,n2,h4dow,fixed,GBPUSD,L,2025-01-30 08:57:00-05:00,2025-01-30 15:40:00-05:00,1.24636,1.2414,1.2414,1.25463,-1.0257,False,2025,2025-01-30 05:00:00,5.0,0.0,4+
n2_h4dow_fixed,n2,h4dow,fixed,SP500,L,2025-01-30 15:02:00-05:00,2025-01-30 15:44:00-05:00,6110.78,6068.96,6068.96,6180.48,-0.8426,False,2025,2025-01-30 13:00:00,1.0,1.0,1
n2_h4dow_trail,n2,h4dow,trail,SP500,L,2025-01-30 15:02:00-05:00,2025-01-30 15:44:00-05:00,6110.78,6068.96,6068.96,,-0.8426,False,2025,2025-01-30 13:00:00,1.0,1.0,1
n3_h4dow_trail,n3,h4dow,trail,GBPUSD,S,2025-01-31 09:32:00-05:00,2025-01-31 11:37:00-05:00,1.23932,1.24433,1.24433,,-1.0254,False,2025,2025-01-31 09:00:00,2.0,0.0,2-3
n3_h4dow_fixed,n3,h4dow,fixed,GBPUSD,S,2025-01-28 06:52:00-05:00,2025-02-02 17:01:00-05:00,1.24262,1.22948,1.24859,1.23267,2.1797,False,2025,2025-01-28 05:00:00,8.0,0.0,4+
n2_h4dow_fixed,n2,h4dow,fixed,USDJPY,S,2025-02-04 19:33:00-05:00,2025-02-05 05:34:00-05:00,154.015,152.588,154.871,152.588,1.6578,False,2025,2025-02-04 17:00:00,4.0,1.0,4+
n3_h4dow_fixed,n3,h4dow,fixed,USDJPY,S,2025-02-04 19:33:00-05:00,2025-02-05 05:34:00-05:00,154.015,152.588,154.871,152.588,1.6578,False,2025,2025-02-04 17:00:00,4.0,1.0,4+
n2_h4w18_fixed,n2,h4w18,fixed,USDJPY,S,2025-02-04 20:00:00-05:00,2025-02-05 10:02:00-05:00,153.791,152.364,154.647,152.364,1.6578,False,2025,2025-02-04 17:00:00,4.0,1.0,4+
n3_h4w18_fixed,n3,h4w18,fixed,USDJPY,S,2025-02-04 20:00:00-05:00,2025-02-05 10:02:00-05:00,153.791,152.364,154.647,152.364,1.6578,False,2025,2025-02-04 17:00:00,4.0,1.0,4+
n2_h4dow_trail,n2,h4dow,trail,GBPUSD,L,2025-02-04 10:00:00-05:00,2025-02-05 21:22:00-05:00,1.24556,1.24975,1.24975,,0.5002,False,2025,2025-02-04 09:00:00,6.0,0.0,4+
n2_h4w18_trail,n2,h4w18,trail,GBPUSD,L,2025-02-05 04:16:00-05:00,2025-02-05 21:22:00-05:00,1.25232,1.24975,1.24975,,-0.4015,False,2025,2025-02-05 01:00:00,6.0,0.0,4+
n2_h4w18_fixed,n2,h4w18,fixed,GBPUSD,L,2025-02-05 04:16:00-05:00,2025-02-06 03:29:00-05:00,1.25232,1.2456,1.2456,1.26352,-1.019,False,2025,2025-02-05 01:00:00,6.0,0.0,4+
n2_h4dow_fixed,n2,h4dow,fixed,GBPUSD,L,2025-02-04 10:00:00-05:00,2025-02-06 07:00:00-05:00,1.24556,1.23744,1.23744,1.25908,-1.0157,False,2025,2025-02-04 09:00:00,6.0,0.0,4+
n2_h4dow_trail,n2,h4dow,trail,USDJPY,S,2025-02-04 19:33:00-05:00,2025-02-10 03:08:00-05:00,154.015,152.212,152.212,,2.0958,False,2025,2025-02-04 17:00:00,4.0,1.0,4+
n3_h4dow_trail,n3,h4dow,trail,USDJPY,S,2025-02-04 19:33:00-05:00,2025-02-10 03:08:00-05:00,154.015,152.212,152.212,,2.0958,False,2025,2025-02-04 17:00:00,4.0,1.0,4+
n2_h4w18_trail,n2,h4w18,trail,USDJPY,S,2025-02-04 20:00:00-05:00,2025-02-10 03:08:00-05:00,153.791,152.212,152.212,,1.8349,False,2025,2025-02-04 17:00:00,4.0,1.0,4+
n3_h4w18_trail,n3,h4w18,trail,USDJPY,S,2025-02-04 20:00:00-05:00,2025-02-10 03:08:00-05:00,153.791,152.212,152.212,,1.8349,False,2025,2025-02-04 17:00:00,4.0,1.0,4+
n2_h4dow_trail,n2,h4dow,trail,SP500,S,2025-02-07 10:53:00-05:00,2025-02-11 14:41:00-05:00,6070.08,6095.68,6095.68,,-0.6478,False,2025,2025-02-07 09:00:00,2.0,0.0,2-3
n3_h4dow_trail,n3,h4dow,trail,SP500,S,2025-02-07 10:53:00-05:00,2025-02-11 14:41:00-05:00,6070.08,6095.68,6095.68,,-0.6478,False,2025,2025-02-07 09:00:00,2.0,0.0,2-3
n2_h4dow_fixed,n2,h4dow,fixed,USDJPY,S,2025-02-06 10:42:00-05:00,2025-02-11 19:02:00-05:00,151.812,152.79,152.79,150.182,-1.0016,False,2025,2025-02-06 09:00:00,1.0,1.0,1
n3_h4dow_fixed,n3,h4dow,fixed,USDJPY,S,2025-02-06 10:42:00-05:00,2025-02-11 19:02:00-05:00,151.812,152.79,152.79,150.182,-1.0016,False,2025,2025-02-06 09:00:00,4.0,1.0,4+
n2_h4dow_trail,n2,h4dow,trail,USDCHF,L,2025-02-11 06:14:00-05:00,2025-02-12 02:43:00-05:00,0.91225,0.91225,0.91225,,-0.0821,False,2025,2025-02-11 05:00:00,1.0,1.0,1
n2_h4dow_trail,n2,h4dow,trail,USDCHF,L,2025-02-12 08:30:00-05:00,2025-02-12 12:17:00-05:00,0.91408,0.91152,0.91152,,-1.0767,False,2025,2025-02-12 05:00:00,1.0,1.0,1
n2_h4dow_trail,n2,h4dow,trail,SP500,S,2025-02-12 08:30:00-05:00,2025-02-12 22:20:00-05:00,6057.88,6086.88,6086.88,,-0.8793,False,2025,2025-02-12 05:00:00,2.0,0.0,2-3
n3_h4dow_trail,n3,h4dow,trail,SP500,S,2025-02-12 08:30:00-05:00,2025-02-12 22:20:00-05:00,6057.88,6086.88,6086.88,,-0.8793,False,2025,2025-02-12 05:00:00,5.0,0.0,4+
n2_h4dow_fixed,n2,h4dow,fixed,GBPUSD,L,2025-02-11 11:28:00-05:00,2025-02-13 02:00:00-05:00,1.24223,1.25113,1.23689,1.25113,1.6427,False,2025,2025-02-11 09:00:00,1.0,1.0,1
n3_h4dow_fixed,n3,h4dow,fixed,GBPUSD,L,2025-02-11 11:28:00-05:00,2025-02-13 02:00:00-05:00,1.24223,1.25113,1.23689,1.25113,1.6427,False,2025,2025-02-11 09:00:00,2.0,1.0,2-3
n2_h4dow_fixed,n2,h4dow,fixed,USDCHF,L,2025-02-11 06:14:00-05:00,2025-02-13 02:30:00-05:00,0.91225,0.90987,0.90987,0.91623,-1.0823,False,2025,2025-02-11 05:00:00,1.0,1.0,1
n2_h4dow_fixed,n2,h4dow,fixed,SP500,S,2025-02-07 10:53:00-05:00,2025-02-13 10:37:00-05:00,6070.08,6104.42,6104.42,6012.86,-0.8663,False,2025,2025-02-07 09:00:00,2.0,0.0,2-3
n3_h4dow_fixed,n3,h4dow,fixed,SP500,S,2025-02-07 10:53:00-05:00,2025-02-13 10:37:00-05:00,6070.08,6104.42,6104.42,6012.86,-0.8663,False,2025,2025-02-07 09:00:00,2.0,0.0,2-3
n2_h4dow_trail,n2,h4dow,trail,USDJPY,S,2025-02-16 21:50:00-05:00,2025-02-17 22:16:00-05:00,151.573,151.947,151.947,,-0.4744,False,2025,2025-02-16 21:00:00,0.0,1.0,0
n3_h4dow_trail,n3,h4dow,trail,USDJPY,S,2025-02-16 21:50:00-05:00,2025-02-17 22:16:00-05:00,151.573,151.947,151.947,,-0.4744,False,2025,2025-02-16 21:00:00,5.0,0.0,4+
n2_h4dow_trail,n2,h4dow,trail,GBPUSD,L,2025-02-11 11:28:00-05:00,2025-02-18 08:05:00-05:00,1.24223,1.25852,1.25852,,3.0265,False,2025,2025-02-11 09:00:00,1.0,1.0,1
n3_h4dow_trail,n3,h4dow,trail,GBPUSD,L,2025-02-11 11:28:00-05:00,2025-02-18 08:05:00-05:00,1.24223,1.25852,1.25852,,3.0265,False,2025,2025-02-11 09:00:00,2.0,1.0,2-3
n3_h4w18_trail,n3,h4w18,trail,GBPUSD,L,2025-02-13 15:19:00-05:00,2025-02-18 08:05:00-05:00,1.25498,1.25852,1.25852,,0.4804,False,2025,2025-02-13 13:00:00,3.0,0.0,2-3
n2_h4dow_trail,n2,h4dow,trail,GBPUSD,L,2025-02-18 17:40:00-05:00,2025-02-19 05:39:00-05:00,1.2635,1.25904,1.25904,,-1.029,False,2025,2025-02-18 17:00:00,0.0,1.0,0
n3_h4dow_trail,n3,h4dow,trail,GBPUSD,L,2025-02-18 17:40:00-05:00,2025-02-19 05:39:00-05:00,1.2635,1.25904,1.25904,,-1.029,False,2025,2025-02-18 17:00:00,0.0,1.0,0
n2_h4dow_fixed,n2,h4dow,fixed,GBPUSD,L,2025-02-17 14:07:00-05:00,2025-02-19 06:51:00-05:00,1.26306,1.25792,1.25792,1.27163,-1.0252,False,2025,2025-02-17 13:00:00,0.0,1.0,0
n3_h4dow_fixed,n3,h4dow,fixed,GBPUSD,L,2025-02-17 14:07:00-05:00,2025-02-19 06:51:00-05:00,1.26306,1.25792,1.25792,1.27163,-1.0252,False,2025,2025-02-17 13:00:00,0.0,1.0,0
n2_h4dow_fixed,n2,h4dow,fixed,USDJPY,S,2025-02-16 21:50:00-05:00,2025-02-19 23:59:00-05:00,151.573,150.248,152.368,150.248,1.6579,False,2025,2025-02-16 21:00:00,0.0,1.0,0
n3_h4dow_fixed,n3,h4dow,fixed,USDJPY,S,2025-02-16 21:50:00-05:00,2025-02-19 23:59:00-05:00,151.573,150.248,152.368,150.248,1.6579,False,2025,2025-02-16 21:00:00,5.0,0.0,4+
n2_h4w18_fixed,n2,h4w18,fixed,USDJPY,S,2025-02-19 19:55:00-05:00,2025-02-20 08:13:00-05:00,150.931,149.886,151.558,149.886,1.6553,False,2025,2025-02-19 17:00:00,2.0,0.0,2-3
n3_h4w18_fixed,n3,h4w18,fixed,USDJPY,S,2025-02-19 19:55:00-05:00,2025-02-20 08:13:00-05:00,150.931,149.886,151.558,149.886,1.6553,False,2025,2025-02-19 17:00:00,2.0,0.0,2-3
n3_h4w18_fixed,n3,h4w18,fixed,GBPUSD,L,2025-02-13 15:19:00-05:00,2025-02-20 14:49:00-05:00,1.25498,1.2668,1.24788,1.2668,1.6466,False,2025,2025-02-13 13:00:00,3.0,0.0,2-3
n2_h4dow_trail,n2,h4dow,trail,GBPUSD,L,2025-02-20 10:45:00-05:00,2025-02-21 03:16:00-05:00,1.264,1.26537,1.26537,,0.304,False,2025,2025-02-20 09:00:00,2.0,0.0,2-3
n3_h4dow_trail,n3,h4dow,trail,GBPUSD,L,2025-02-20 10:45:00-05:00,2025-02-21 03:16:00-05:00,1.264,1.26537,1.26537,,0.304,False,2025,2025-02-20 09:00:00,2.0,0.0,2-3
n2_h4dow_fixed,n2,h4dow,fixed,USDCHF,S,2025-02-20 01:07:00-05:00,2025-02-21 04:07:00-05:00,0.90236,0.89756,0.90524,0.89756,1.5994,False,2025,2025-02-20 01:00:00,1.0,1.0,1
n3_h4dow_fixed,n3,h4dow,fixed,USDCHF,S,2025-02-20 01:07:00-05:00,2025-02-21 04:07:00-05:00,0.90236,0.89756,0.90524,0.89756,1.5994,False,2025,2025-02-20 01:00:00,1.0,1.0,1
n2_h4dow_trail,n2,h4dow,trail,USDCHF,S,2025-02-20 01:07:00-05:00,2025-02-21 07:14:00-05:00,0.90236,0.89959,0.89959,,0.8945,False,2025,2025-02-20 01:00:00,1.0,1.0,1
n3_h4dow_trail,n3,h4dow,trail,USDCHF,S,2025-02-20 01:07:00-05:00,2025-02-21 07:14:00-05:00,0.90236,0.89959,0.89959,,0.8945,False,2025,2025-02-20 01:00:00,1.0,1.0,1
n2_h4w18_fixed,n2,h4w18,fixed,USDCHF,S,2025-02-21 04:09:00-05:00,2025-02-21 08:09:00-05:00,0.89722,0.90016,0.90016,0.89232,-1.0657,False,2025,2025-02-21 01:00:00,1.0,1.0,1
n2_h4w18_trail,n2,h4w18,trail,USDCHF,S,2025-02-21 04:09:00-05:00,2025-02-21 08:09:00-05:00,0.89722,0.90016,0.90016,,-1.0657,False,2025,2025-02-21 01:00:00,1.0,1.0,1
n3_h4w18_fixed,n3,h4w18,fixed,USDCHF,S,2025-02-21 04:09:00-05:00,2025-02-21 08:09:00-05:00,0.89722,0.90016,0.90016,0.89232,-1.0657,False,2025,2025-02-21 01:00:00,1.0,1.0,1
n3_h4w18_trail,n3,h4w18,trail,USDCHF,S,2025-02-21 04:09:00-05:00,2025-02-21 08:09:00-05:00,0.89722,0.90016,0.90016,,-1.0657,False,2025,2025-02-21 01:00:00,1.0,1.0,1
n2_h4w18_fixed,n2,h4w18,fixed,EURUSD,L,2025-02-23 20:43:00-05:00,2025-02-24 03:18:00-05:00,1.05142,1.04764,1.04764,1.05772,-1.0132,False,2025,2025-02-23 17:00:00,0.0,1.0,0
n2_h4w18_trail,n2,h4w18,trail,EURUSD,L,2025-02-23 20:43:00-05:00,2025-02-24 03:18:00-05:00,1.05142,1.04764,1.04764,,-1.0132,False,2025,2025-02-23 17:00:00,0.0,1.0,0
n3_h4w18_fixed,n3,h4w18,fixed,EURUSD,L,2025-02-23 20:43:00-05:00,2025-02-24 03:18:00-05:00,1.05142,1.04764,1.04764,1.05772,-1.0132,False,2025,2025-02-23 17:00:00,3.0,1.0,2-3
n3_h4w18_trail,n3,h4w18,trail,EURUSD,L,2025-02-23 20:43:00-05:00,2025-02-24 03:18:00-05:00,1.05142,1.04764,1.04764,,-1.0132,False,2025,2025-02-23 17:00:00,3.0,1.0,2-3
n2_h4dow_trail,n2,h4dow,trail,GBPUSD,L,2025-02-23 20:48:00-05:00,2025-02-24 03:19:00-05:00,1.26788,1.26369,1.26369,,-1.031,False,2025,2025-02-23 17:00:00,2.0,0.0,2-3
n3_h4dow_trail,n3,h4dow,trail,GBPUSD,L,2025-02-23 20:48:00-05:00,2025-02-24 03:19:00-05:00,1.26788,1.26369,1.26369,,-1.031,False,2025,2025-02-23 17:00:00,2.0,0.0,2-3
n2_h4dow_fixed,n2,h4dow,fixed,EURUSD,L,2025-02-23 19:55:00-05:00,2025-02-24 05:00:00-05:00,1.05057,1.04679,1.04679,1.05687,-1.0132,False,2025,2025-02-23 17:00:00,0.0,1.0,0
n2_h4dow_trail,n2,h4dow,trail,EURUSD,L,2025-02-23 19:55:00-05:00,2025-02-24 05:00:00-05:00,1.05057,1.04679,1.04679,,-1.0132,False,2025,2025-02-23 17:00:00,0.0,1.0,0
n3_h4dow_fixed,n3,h4dow,fixed,EURUSD,L,2025-02-23 19:55:00-05:00,2025-02-24 05:00:00-05:00,1.05057,1.04679,1.04679,1.05687,-1.0132,False,2025,2025-02-23 17:00:00,3.0,1.0,2-3
n3_h4dow_trail,n3,h4dow,trail,EURUSD,L,2025-02-23 19:55:00-05:00,2025-02-24 05:00:00-05:00,1.05057,1.04679,1.04679,,-1.0132,False,2025,2025-02-23 17:00:00,3.0,1.0,2-3
n2_h4dow_trail,n2,h4dow,trail,USDJPY,S,2025-02-19 09:37:00-05:00,2025-02-24 18:10:00-05:00,151.529,149.875,149.875,,2.7226,False,2025,2025-02-19 09:00:00,1.0,1.0,1
n3_h4dow_trail,n3,h4dow,trail,USDJPY,S,2025-02-19 09:37:00-05:00,2025-02-24 18:10:00-05:00,151.529,149.875,149.875,,2.7226,False,2025,2025-02-19 09:00:00,1.0,1.0,1
n2_h4w18_trail,n2,h4w18,trail,USDJPY,S,2025-02-19 19:55:00-05:00,2025-02-24 18:10:00-05:00,150.931,149.875,149.875,,1.6728,False,2025,2025-02-19 17:00:00,2.0,0.0,2-3
n3_h4w18_trail,n3,h4w18,trail,USDJPY,S,2025-02-19 19:55:00-05:00,2025-02-24 18:10:00-05:00,150.931,149.875,149.875,,1.6728,False,2025,2025-02-19 17:00:00,2.0,0.0,2-3
n2_h4dow_fixed,n2,h4dow,fixed,USDJPY,S,2025-02-21 12:37:00-05:00,2025-02-24 19:15:00-05:00,149.279,150.092,150.092,147.924,-1.0048,False,2025,2025-02-21 09:00:00,2.0,0.0,2-3
n3_h4dow_fixed,n3,h4dow,fixed,USDJPY,S,2025-02-21 12:37:00-05:00,2025-02-24 19:15:00-05:00,149.279,150.092,150.092,147.924,-1.0048,False,2025,2025-02-21 09:00:00,2.0,0.0,2-3
n2_h4dow_fixed,n2,h4dow,fixed,USDCHF,S,2025-02-25 06:12:00-05:00,2025-02-25 10:27:00-05:00,0.89595,0.89153,0.89861,0.89153,1.5894,False,2025,2025-02-25 05:00:00,1.0,1.0,1
n3_h4dow_fixed,n3,h4dow,fixed,USDCHF,S,2025-02-25 06:12:00-05:00,2025-02-25 10:27:00-05:00,0.89595,0.89153,0.89861,0.89153,1.5894,False,2025,2025-02-25 05:00:00,1.0,1.0,1
n2_h4dow_trail,n2,h4dow,trail,USDJPY,S,2025-02-25 10:14:00-05:00,2025-02-26 07:57:00-05:00,148.847,149.633,149.633,,-0.9321,False,2025,2025-02-25 09:00:00,4.0,0.0,4+
n3_h4dow_trail,n3,h4dow,trail,USDJPY,S,2025-02-25 10:14:00-05:00,2025-02-26 07:57:00-05:00,148.847,149.633,149.633,,-0.9321,False,2025,2025-02-25 09:00:00,4.0,0.0,4+
n2_h4dow_fixed,n2,h4dow,fixed,USDJPY,S,2025-02-25 10:14:00-05:00,2025-02-26 09:08:00-05:00,148.847,149.691,149.691,147.44,-1.0005,False,2025,2025-02-25 09:00:00,4.0,0.0,4+
n3_h4dow_fixed,n3,h4dow,fixed,USDJPY,S,2025-02-25 10:14:00-05:00,2025-02-26 09:08:00-05:00,148.847,149.691,149.691,147.44,-1.0005,False,2025,2025-02-25 09:00:00,4.0,0.0,4+
n2_h4dow_fixed,n2,h4dow,fixed,GBPUSD,L,2025-02-20 10:45:00-05:00,2025-02-26 11:12:00-05:00,1.264,1.2708,1.25992,1.2708,1.6348,False,2025,2025-02-20 09:00:00,2.0,0.0,2-3
n3_h4dow_fixed,n3,h4dow,fixed,GBPUSD,L,2025-02-20 10:45:00-05:00,2025-02-26 11:12:00-05:00,1.264,1.2708,1.25992,1.2708,1.6348,False,2025,2025-02-20 09:00:00,2.0,0.0,2-3
n2_h4dow_fixed,n2,h4dow,fixed,EURUSD,L,2025-02-26 12:30:00-05:00,2025-02-26 12:52:00-05:00,1.0525,1.04868,1.04868,1.05888,-1.0131,False,2025,2025-02-26 09:00:00,2.0,1.0,2-3
n2_h4dow_trail,n2,h4dow,trail,EURUSD,L,2025-02-26 12:30:00-05:00,2025-02-26 12:52:00-05:00,1.0525,1.04868,1.04868,,-1.0131,False,2025,2025-02-26 09:00:00,2.0,1.0,2-3
n3_h4dow_fixed,n3,h4dow,fixed,EURUSD,L,2025-02-26 12:30:00-05:00,2025-02-26 12:52:00-05:00,1.0525,1.04868,1.04868,1.05888,-1.0131,False,2025,2025-02-26 09:00:00,2.0,1.0,2-3
n3_h4dow_trail,n3,h4dow,trail,EURUSD,L,2025-02-26 12:30:00-05:00,2025-02-26 12:52:00-05:00,1.0525,1.04868,1.04868,,-1.0131,False,2025,2025-02-26 09:00:00,2.0,1.0,2-3
n2_h4dow_trail,n2,h4dow,trail,USDCHF,S,2025-02-25 06:12:00-05:00,2025-02-26 22:49:00-05:00,0.89595,0.89647,0.89647,,-0.269,False,2025,2025-02-25 05:00:00,1.0,1.0,1
n3_h4dow_trail,n3,h4dow,trail,USDCHF,S,2025-02-25 06:12:00-05:00,2025-02-26 22:49:00-05:00,0.89595,0.89647,0.89647,,-0.269,False,2025,2025-02-25 05:00:00,1.0,1.0,1
n2_h4dow_trail,n2,h4dow,trail,GBPUSD,L,2025-02-26 10:30:00-05:00,2025-02-27 08:46:00-05:00,1.2678,1.26506,1.26506,,-0.6613,False,2025,2025-02-26 09:00:00,4.0,0.0,4+
n3_h4dow_trail,n3,h4dow,trail,GBPUSD,L,2025-02-26 10:30:00-05:00,2025-02-27 08:46:00-05:00,1.2678,1.26506,1.26506,,-0.6613,False,2025,2025-02-26 09:00:00,4.0,0.0,4+
n2_h4dow_trail,n2,h4dow,trail,GBPUSD,L,2025-03-03 12:55:00-05:00,2025-03-03 23:03:00-05:00,1.27154,1.26801,1.26801,,-0.7012,False,2025,2025-03-03 09:00:00,6.0,0.0,4+
n3_h4dow_trail,n3,h4dow,trail,GBPUSD,L,2025-03-03 12:55:00-05:00,2025-03-03 23:03:00-05:00,1.27154,1.26801,1.26801,,-0.7012,False,2025,2025-03-03 09:00:00,6.0,0.0,4+
n2_h4dow_trail,n2,h4dow,trail,USDJPY,S,2025-03-03 15:42:00-05:00,2025-03-04 16:19:00-05:00,149.101,149.581,149.581,,-0.4815,False,2025,2025-03-03 13:00:00,6.0,0.0,4+
n3_h4dow_trail,n3,h4dow,trail,USDJPY,S,2025-03-03 15:42:00-05:00,2025-03-04 16:19:00-05:00,149.101,149.581,149.581,,-0.4815,False,2025,2025-03-03 13:00:00,6.0,0.0,4+
n2_h4w18_trail,n2,h4w18,trail,USDJPY,S,2025-03-04 06:32:00-05:00,2025-03-04 16:19:00-05:00,148.562,149.581,149.581,,-0.9053,False,2025,2025-03-04 05:00:00,7.0,0.0,4+
n3_h4w18_trail,n3,h4w18,trail,USDJPY,S,2025-03-04 06:32:00-05:00,2025-03-04 16:19:00-05:00,148.562,149.581,149.581,,-0.9053,False,2025,2025-03-04 05:00:00,7.0,0.0,4+
n2_h4w18_fixed,n2,h4w18,fixed,USDJPY,S,2025-03-04 06:32:00-05:00,2025-03-04 16:20:00-05:00,148.562,149.686,149.686,146.69,-0.9982,False,2025,2025-03-04 05:00:00,7.0,0.0,4+
n3_h4w18_fixed,n3,h4w18,fixed,USDJPY,S,2025-03-04 06:32:00-05:00,2025-03-04 16:20:00-05:00,148.562,149.686,149.686,146.69,-0.9982,False,2025,2025-03-04 05:00:00,7.0,0.0,4+
n2_h4dow_fixed,n2,h4dow,fixed,USDJPY,S,2025-03-03 15:42:00-05:00,2025-03-04 20:25:00-05:00,149.101,150.103,150.103,147.431,-1.0009,False,2025,2025-03-03 13:00:00,6.0,0.0,4+
n3_h4dow_fixed,n3,h4dow,fixed,USDJPY,S,2025-03-03 15:42:00-05:00,2025-03-04 20:25:00-05:00,149.101,150.103,150.103,147.431,-1.0009,False,2025,2025-03-03 13:00:00,6.0,0.0,4+
n2_h4dow_fixed,n2,h4dow,fixed,GBPUSD,L,2025-03-03 12:55:00-05:00,2025-03-05 01:17:00-05:00,1.27154,1.28024,1.26632,1.28024,1.6416,False,2025,2025-03-03 09:00:00,6.0,0.0,4+
n3_h4dow_fixed,n3,h4dow,fixed,GBPUSD,L,2025-03-03 12:55:00-05:00,2025-03-05 01:17:00-05:00,1.27154,1.28024,1.26632,1.28024,1.6416,False,2025,2025-03-03 09:00:00,6.0,0.0,4+
n2_h4dow_fixed,n2,h4dow,fixed,USDCHF,S,2025-03-04 04:29:00-05:00,2025-03-05 04:03:00-05:00,0.89124,0.88622,0.89426,0.88622,1.599,False,2025,2025-03-04 01:00:00,2.0,0.0,2-3
n2_h4w18_fixed,n2,h4w18,fixed,USDCHF,S,2025-03-04 04:29:00-05:00,2025-03-05 04:03:00-05:00,0.89124,0.88622,0.89426,0.88622,1.599,False,2025,2025-03-04 01:00:00,2.0,0.0,2-3
n3_h4dow_fixed,n3,h4dow,fixed,USDCHF,S,2025-03-04 04:29:00-05:00,2025-03-05 04:03:00-05:00,0.89124,0.88622,0.89426,0.88622,1.599,False,2025,2025-03-04 01:00:00,2.0,0.0,2-3
n3_h4w18_fixed,n3,h4w18,fixed,USDCHF,S,2025-03-04 04:29:00-05:00,2025-03-05 04:03:00-05:00,0.89124,0.88622,0.89426,0.88622,1.599,False,2025,2025-03-04 01:00:00,2.0,0.0,2-3
n2_h4dow_trail,n2,h4dow,trail,USDCHF,S,2025-03-04 04:29:00-05:00,2025-03-05 14:10:00-05:00,0.89124,0.89133,0.89133,,-0.0933,False,2025,2025-03-04 01:00:00,2.0,0.0,2-3
n2_h4w18_trail,n2,h4w18,trail,USDCHF,S,2025-03-04 04:29:00-05:00,2025-03-05 14:10:00-05:00,0.89124,0.89133,0.89133,,-0.0933,False,2025,2025-03-04 01:00:00,2.0,0.0,2-3
n3_h4dow_trail,n3,h4dow,trail,USDCHF,S,2025-03-04 04:29:00-05:00,2025-03-05 14:10:00-05:00,0.89124,0.89133,0.89133,,-0.0933,False,2025,2025-03-04 01:00:00,2.0,0.0,2-3
n3_h4w18_trail,n3,h4w18,trail,USDCHF,S,2025-03-04 04:29:00-05:00,2025-03-05 14:10:00-05:00,0.89124,0.89133,0.89133,,-0.0933,False,2025,2025-03-04 01:00:00,2.0,0.0,2-3
n2_h4dow_fixed,n2,h4dow,fixed,USDCHF,S,2025-03-06 05:02:00-05:00,2025-03-07 03:44:00-05:00,0.8856,0.8782,0.89004,0.8782,1.6239,False,2025,2025-03-06 05:00:00,1.0,1.0,1
n3_h4dow_fixed,n3,h4dow,fixed,USDCHF,S,2025-03-06 05:02:00-05:00,2025-03-07 03:44:00-05:00,0.8856,0.8782,0.89004,0.8782,1.6239,False,2025,2025-03-06 05:00:00,1.0,1.0,1
n2_h4dow_trail,n2,h4dow,trail,USDJPY,S,2025-03-06 02:39:00-05:00,2025-03-07 14:29:00-05:00,148.393,148.164,148.164,,0.2251,False,2025,2025-03-06 01:00:00,1.0,1.0,1
n3_h4dow_trail,n3,h4dow,trail,USDJPY,S,2025-03-06 02:39:00-05:00,2025-03-07 14:29:00-05:00,148.393,148.164,148.164,,0.2251,False,2025,2025-03-06 01:00:00,8.0,0.0,4+
n2_h4dow_trail,n2,h4dow,trail,GBPUSD,L,2025-03-07 03:30:00-05:00,2025-03-10 03:55:00-04:00,1.29242,1.28947,1.28947,,-0.6128,False,2025,2025-03-07 01:00:00,1.0,1.0,1
n3_h4dow_trail,n3,h4dow,trail,GBPUSD,L,2025-03-07 03:30:00-05:00,2025-03-10 03:55:00-04:00,1.29242,1.28947,1.28947,,-0.6128,False,2025,2025-03-07 01:00:00,7.0,0.0,4+
n2_h4dow_fixed,n2,h4dow,fixed,USDJPY,S,2025-03-06 02:39:00-05:00,2025-03-10 08:35:00-04:00,148.393,146.728,149.392,146.728,1.6611,False,2025,2025-03-06 01:00:00,1.0,1.0,1
n3_h4dow_fixed,n3,h4dow,fixed,USDJPY,S,2025-03-06 02:39:00-05:00,2025-03-10 08:35:00-04:00,148.393,146.728,149.392,146.728,1.6611,False,2025,2025-03-06 01:00:00,8.0,0.0,4+
n2_h4dow_trail,n2,h4dow,trail,USDCHF,S,2025-03-06 05:02:00-05:00,2025-03-10 11:32:00-04:00,0.8856,0.88035,0.88035,,1.1397,False,2025,2025-03-06 05:00:00,1.0,1.0,1
n3_h4dow_trail,n3,h4dow,trail,USDCHF,S,2025-03-06 05:02:00-05:00,2025-03-10 11:32:00-04:00,0.8856,0.88035,0.88035,,1.1397,False,2025,2025-03-06 05:00:00,1.0,1.0,1
n2_h4dow_fixed,n2,h4dow,fixed,USDCHF,S,2025-03-09 20:41:00-04:00,2025-03-10 11:48:00-04:00,0.87672,0.88141,0.88141,0.8689,-1.0403,False,2025,2025-03-09 17:00:00,2.0,0.0,2-3
n3_h4dow_fixed,n3,h4dow,fixed,USDCHF,S,2025-03-09 20:41:00-04:00,2025-03-10 11:48:00-04:00,0.87672,0.88141,0.88141,0.8689,-1.0403,False,2025,2025-03-09 17:00:00,2.0,0.0,2-3
n2_h4dow_fixed,n2,h4dow,fixed,GBPUSD,L,2025-03-07 03:30:00-05:00,2025-03-10 14:01:00-04:00,1.29242,1.2874,1.2874,1.3008,-1.0264,False,2025,2025-03-07 01:00:00,1.0,1.0,1
n3_h4dow_fixed,n3,h4dow,fixed,GBPUSD,L,2025-03-07 03:30:00-05:00,2025-03-10 14:01:00-04:00,1.29242,1.2874,1.2874,1.3008,-1.0264,False,2025,2025-03-07 01:00:00,7.0,0.0,4+
n2_h4dow_trail,n2,h4dow,trail,USDJPY,S,2025-03-10 06:35:00-04:00,2025-03-11 05:29:00-04:00,146.944,147.468,147.468,,-0.4962,False,2025,2025-03-10 05:00:00,2.0,1.0,2-3
n3_h4dow_trail,n3,h4dow,trail,USDJPY,S,2025-03-10 06:35:00-04:00,2025-03-11 05:29:00-04:00,146.944,147.468,147.468,,-0.4962,False,2025,2025-03-10 05:00:00,2.0,1.0,2-3
n2_h4dow_trail,n2,h4dow,trail,GBPUSD,L,2025-03-11 08:33:00-04:00,2025-03-12 02:57:00-04:00,1.2947,1.29176,1.29176,,-0.5079,False,2025,2025-03-11 05:00:00,2.0,0.0,2-3
n3_h4dow_trail,n3,h4dow,trail,GBPUSD,L,2025-03-11 08:33:00-04:00,2025-03-12 02:57:00-04:00,1.2947,1.29176,1.29176,,-0.5079,False,2025,2025-03-11 05:00:00,8.0,0.0,4+
n2_h4dow_trail,n2,h4dow,trail,GBPUSD,L,2025-03-12 08:30:00-04:00,2025-03-12 23:36:00-04:00,1.29657,1.29588,1.29588,,-0.1568,False,2025,2025-03-12 05:00:00,2.0,0.0,2-3
n3_h4dow_trail,n3,h4dow,trail,GBPUSD,L,2025-03-12 08:30:00-04:00,2025-03-12 23:36:00-04:00,1.29657,1.29588,1.29588,,-0.1568,False,2025,2025-03-12 05:00:00,8.0,0.0,4+
n2_h4w18_fixed,n2,h4w18,fixed,EURUSD,L,2025-03-18 04:14:00-04:00,2025-03-18 08:31:00-04:00,1.09474,1.09105,1.09105,1.10089,-1.0141,False,2025,2025-03-18 01:00:00,1.0,1.0,1
n2_h4w18_trail,n2,h4w18,trail,EURUSD,L,2025-03-18 04:14:00-04:00,2025-03-18 08:31:00-04:00,1.09474,1.09105,1.09105,,-1.0141,False,2025,2025-03-18 01:00:00,1.0,1.0,1
n2_h4dow_trail,n2,h4dow,trail,EURUSD,L,2025-03-18 03:58:00-04:00,2025-03-18 08:36:00-04:00,1.09296,1.09035,1.09035,,-0.7214,False,2025,2025-03-18 01:00:00,1.0,1.0,1
n2_h4dow_fixed,n2,h4dow,fixed,EURUSD,L,2025-03-18 03:58:00-04:00,2025-03-18 08:38:00-04:00,1.09296,1.08927,1.08927,1.09911,-1.0141,False,2025,2025-03-18 01:00:00,1.0,1.0,1
n2_h4dow_trail,n2,h4dow,trail,USDCHF,S,2025-03-17 11:10:00-04:00,2025-03-19 03:16:00-04:00,0.88037,0.87764,0.87764,,0.8732,False,2025,2025-03-17 09:00:00,4.0,0.0,4+
n3_h4dow_trail,n3,h4dow,trail,USDCHF,S,2025-03-17 11:10:00-04:00,2025-03-19 03:16:00-04:00,0.88037,0.87764,0.87764,,0.8732,False,2025,2025-03-17 09:00:00,4.0,0.0,4+
n2_h4dow_trail,n2,h4dow,trail,USDCHF,S,2025-03-19 22:11:00-04:00,2025-03-20 04:30:00-04:00,0.87592,0.87907,0.87907,,-1.0599,False,2025,2025-03-19 21:00:00,1.0,1.0,1
n3_h4dow_trail,n3,h4dow,trail,USDCHF,S,2025-03-19 22:11:00-04:00,2025-03-20 04:30:00-04:00,0.87592,0.87907,0.87907,,-1.0599,False,2025,2025-03-19 21:00:00,1.0,1.0,1
n2_h4w18_fixed,n2,h4w18,fixed,USDCHF,S,2025-03-19 22:16:00-04:00,2025-03-20 04:30:00-04:00,0.87583,0.87898,0.87898,0.87058,-1.0599,False,2025,2025-03-19 21:00:00,1.0,1.0,1
n2_h4w18_trail,n2,h4w18,trail,USDCHF,S,2025-03-19 22:16:00-04:00,2025-03-20 04:30:00-04:00,0.87583,0.87898,0.87898,,-1.0599,False,2025,2025-03-19 21:00:00,1.0,1.0,1
n3_h4w18_fixed,n3,h4w18,fixed,USDCHF,S,2025-03-19 22:16:00-04:00,2025-03-20 04:30:00-04:00,0.87583,0.87898,0.87898,0.87058,-1.0599,False,2025,2025-03-19 21:00:00,1.0,1.0,1
n3_h4w18_trail,n3,h4w18,trail,USDCHF,S,2025-03-19 22:16:00-04:00,2025-03-20 04:30:00-04:00,0.87583,0.87898,0.87898,,-1.0599,False,2025,2025-03-19 21:00:00,1.0,1.0,1
n2_h4dow_trail,n2,h4dow,trail,GBPUSD,L,2025-03-17 11:24:00-04:00,2025-03-20 05:22:00-04:00,1.29904,1.29554,1.29554,,-0.9364,False,2025,2025-03-17 09:00:00,4.0,0.0,4+
n2_h4w18_trail,n2,h4w18,trail,GBPUSD,L,2025-03-17 11:24:00-04:00,2025-03-20 05:22:00-04:00,1.29904,1.29554,1.29554,,-0.9364,False,2025,2025-03-17 09:00:00,4.0,0.0,4+
n3_h4dow_trail,n3,h4dow,trail,GBPUSD,L,2025-03-17 11:24:00-04:00,2025-03-20 05:22:00-04:00,1.29904,1.29554,1.29554,,-0.9364,False,2025,2025-03-17 09:00:00,10.0,0.0,4+
n3_h4w18_trail,n3,h4w18,trail,GBPUSD,L,2025-03-17 11:24:00-04:00,2025-03-20 05:22:00-04:00,1.29904,1.29554,1.29554,,-0.9364,False,2025,2025-03-17 09:00:00,10.0,0.0,4+
n2_h4w18_fixed,n2,h4w18,fixed,GBPUSD,L,2025-03-17 11:24:00-04:00,2025-03-20 05:24:00-04:00,1.29904,1.29516,1.29516,1.30552,-1.0343,False,2025,2025-03-17 09:00:00,4.0,0.0,4+
n3_h4w18_fixed,n3,h4w18,fixed,GBPUSD,L,2025-03-17 11:24:00-04:00,2025-03-20 05:24:00-04:00,1.29904,1.29516,1.29516,1.30552,-1.0343,False,2025,2025-03-17 09:00:00,10.0,0.0,4+
n2_h4dow_fixed,n2,h4dow,fixed,USDCHF,S,2025-03-17 11:10:00-04:00,2025-03-20 08:32:00-04:00,0.88037,0.88328,0.88328,0.87552,-1.0652,False,2025,2025-03-17 09:00:00,4.0,0.0,4+
n3_h4dow_fixed,n3,h4dow,fixed,USDCHF,S,2025-03-17 11:10:00-04:00,2025-03-20 08:32:00-04:00,0.88037,0.88328,0.88328,0.87552,-1.0652,False,2025,2025-03-17 09:00:00,4.0,0.0,4+
n3_h4dow_trail,n3,h4dow,trail,USDJPY,S,2025-03-19 14:37:00-04:00,2025-03-20 20:21:00-04:00,149.099,148.963,148.963,,0.181,False,2025,2025-03-19 13:00:00,5.0,0.0,4+
n3_h4dow_fixed,n3,h4dow,fixed,USDJPY,S,2025-03-19 14:37:00-04:00,2025-03-23 21:19:00-04:00,149.099,149.828,149.828,147.884,-1.0041,False,2025,2025-03-19 13:00:00,5.0,0.0,4+
n2_h4dow_fixed,n2,h4dow,fixed,GBPUSD,L,2025-03-11 08:33:00-04:00,2025-03-26 08:06:00-04:00,1.2947,1.28866,1.28866,1.30477,-1.0219,False,2025,2025-03-11 05:00:00,2.0,0.0,2-3
n3_h4dow_fixed,n3,h4dow,fixed,GBPUSD,L,2025-03-11 08:33:00-04:00,2025-03-26 08:06:00-04:00,1.2947,1.28866,1.28866,1.30477,-1.0219,False,2025,2025-03-11 05:00:00,8.0,0.0,4+
n3_h4dow_fixed,n3,h4dow,fixed,GBPUSD,L,2025-03-27 08:30:00-04:00,2025-03-27 10:15:00-04:00,1.29668,1.29232,1.29232,1.30395,-1.0305,False,2025,2025-03-27 05:00:00,13.0,0.0,4+
n3_h4dow_trail,n3,h4dow,trail,GBPUSD,L,2025-03-27 08:30:00-04:00,2025-03-27 10:15:00-04:00,1.29668,1.29232,1.29232,,-1.0305,False,2025,2025-03-27 05:00:00,13.0,0.0,4+
n3_h4dow_fixed,n3,h4dow,fixed,USDJPY,S,2025-03-28 10:17:00-04:00,2025-03-30 22:24:00-04:00,150.061,148.981,150.709,148.981,1.6572,False,2025,2025-03-28 09:00:00,10.0,0.0,4+
n2_h4dow_fixed,n2,h4dow,fixed,AUDUSD,S,2025-03-30 19:43:00-04:00,2025-03-31 08:54:00-04:00,0.62811,0.62371,0.63075,0.62371,1.6359,False,2025,2025-03-30 17:00:00,1.0,1.0,1
n2_h4dow_fixed,n2,h4dow,fixed,USDCHF,S,2025-03-28 10:25:00-04:00,2025-03-31 10:04:00-04:00,0.88042,0.88294,0.88294,0.87622,-1.0753,False,2025,2025-03-28 09:00:00,4.0,0.0,4+
n2_h4dow_trail,n2,h4dow,trail,USDCHF,S,2025-03-28 10:25:00-04:00,2025-03-31 10:04:00-04:00,0.88042,0.88294,0.88294,,-1.0753,False,2025,2025-03-28 09:00:00,4.0,0.0,4+
n3_h4dow_fixed,n3,h4dow,fixed,USDCHF,S,2025-03-28 10:25:00-04:00,2025-03-31 10:04:00-04:00,0.88042,0.88294,0.88294,0.87622,-1.0753,False,2025,2025-03-28 09:00:00,4.0,0.0,4+
n3_h4dow_trail,n3,h4dow,trail,USDCHF,S,2025-03-28 10:25:00-04:00,2025-03-31 10:04:00-04:00,0.88042,0.88294,0.88294,,-1.0753,False,2025,2025-03-28 09:00:00,4.0,0.0,4+
n2_h4dow_trail,n2,h4dow,trail,AUDUSD,S,2025-03-30 19:43:00-04:00,2025-03-31 22:25:00-04:00,0.62811,0.62535,0.62535,,1.0147,False,2025,2025-03-30 17:00:00,1.0,1.0,1
n2_h4w18_trail,n2,h4w18,trail,AUDUSD,S,2025-03-31 04:16:00-04:00,2025-03-31 22:25:00-04:00,0.62583,0.62535,0.62535,,0.144,False,2025,2025-03-31 01:00:00,2.0,1.0,2-3
n2_h4dow_fixed,n2,h4dow,fixed,GBPUSD,S,2025-04-01 08:55:00-04:00,2025-04-01 13:05:00-04:00,1.28867,1.2932,1.2932,1.28112,-1.0292,False,2025,2025-04-01 05:00:00,0.0,1.0,0
n2_h4dow_trail,n2,h4dow,trail,GBPUSD,S,2025-04-01 08:55:00-04:00,2025-04-01 13:05:00-04:00,1.28867,1.2932,1.2932,,-1.0292,False,2025,2025-04-01 05:00:00,0.0,1.0,0
n3_h4dow_trail,n3,h4dow,trail,USDJPY,S,2025-03-28 10:17:00-04:00,2025-04-01 18:07:00-04:00,150.061,149.743,149.743,,0.4837,False,2025,2025-03-28 09:00:00,10.0,0.0,4+
n2_h4w18_fixed,n2,h4w18,fixed,AUDUSD,S,2025-03-31 04:16:00-04:00,2025-04-01 18:24:00-04:00,0.62583,0.62861,0.62861,0.6212,-1.0292,False,2025,2025-03-31 01:00:00,2.0,1.0,2-3
n3_h4dow_fixed,n3,h4dow,fixed,EURUSD,L,2025-04-02 10:39:00-04:00,2025-04-02 16:13:00-04:00,1.08302,1.08952,1.07912,1.08952,1.6534,False,2025,2025-04-02 09:00:00,3.0,0.0,2-3
n2_h4dow_fixed,n2,h4dow,fixed,USDJPY,L,2025-04-02 16:13:00-04:00,2025-04-02 16:36:00-04:00,150.268,149.426,149.426,151.67,-1.0024,False,2025,2025-04-02 13:00:00,5.0,0.0,4+
n2_h4dow_trail,n2,h4dow,trail,USDJPY,L,2025-04-02 16:13:00-04:00,2025-04-02 16:36:00-04:00,150.268,149.426,149.426,,-1.0024,False,2025,2025-04-02 13:00:00,5.0,0.0,4+
n3_h4dow_fixed,n3,h4dow,fixed,SP500,S,2025-04-02 16:37:00-04:00,2025-04-02 18:21:00-04:00,5600.42,5483.9,5670.33,5483.9,1.1624,False,2025,2025-04-02 13:00:00,2.0,1.0,2-3
n3_h4dow_fixed,n3,h4dow,fixed,USDCHF,S,2025-04-02 11:50:00-04:00,2025-04-02 19:30:00-04:00,0.8817,0.87755,0.88419,0.87755,1.5907,False,2025,2025-04-02 09:00:00,6.0,0.0,4+
n3_h4dow_fixed,n3,h4dow,fixed,GBPUSD,L,2025-04-02 16:13:00-04:00,2025-04-02 23:36:00-04:00,1.29919,1.30719,1.29439,1.30719,1.6388,False,2025,2025-04-02 13:00:00,1.0,1.0,1
n3_h4w18_fixed,n3,h4w18,fixed,GBPUSD,L,2025-04-02 16:13:00-04:00,2025-04-02 23:36:00-04:00,1.29919,1.30719,1.29439,1.30719,1.6388,False,2025,2025-04-02 13:00:00,1.0,1.0,1
n3_h4dow_fixed,n3,h4dow,fixed,USDJPY,S,2025-04-02 17:14:00-04:00,2025-04-02 23:38:00-04:00,148.978,147.393,149.929,147.393,1.6602,False,2025,2025-04-02 17:00:00,1.0,1.0,1
n3_h4w18_fixed,n3,h4w18,fixed,USDCHF,S,2025-04-02 23:24:00-04:00,2025-04-03 02:50:00-04:00,0.8756,0.8697,0.87914,0.8697,1.6136,False,2025,2025-04-02 21:00:00,7.0,0.0,4+
n3_h4w18_fixed,n3,h4w18,fixed,USDJPY,S,2025-04-02 18:21:00-04:00,2025-04-03 05:11:00-04:00,148.178,146.593,149.129,146.593,1.6602,False,2025,2025-04-02 17:00:00,1.0,1.0,1
n3_h4w18_fixed,n3,h4w18,fixed,EURUSD,L,2025-04-03 02:34:00-04:00,2025-04-03 06:05:00-04:00,1.09545,1.10663,1.08875,1.10663,1.6608,False,2025,2025-04-03 01:00:00,3.0,0.0,2-3
n3_h4dow_trail,n3,h4dow,trail,GBPUSD,L,2025-04-02 16:13:00-04:00,2025-04-04 02:26:00-04:00,1.29919,1.30804,1.30804,,1.8158,False,2025,2025-04-02 13:00:00,1.0,1.0,1
n3_h4w18_trail,n3,h4w18,trail,GBPUSD,L,2025-04-02 16:13:00-04:00,2025-04-04 02:26:00-04:00,1.29919,1.30804,1.30804,,1.8158,False,2025,2025-04-02 13:00:00,1.0,1.0,1
n3_h4dow_trail,n3,h4dow,trail,EURUSD,L,2025-04-02 10:39:00-04:00,2025-04-04 03:46:00-04:00,1.08302,1.10162,1.10162,,4.7559,False,2025,2025-04-02 09:00:00,3.0,0.0,2-3
n3_h4w18_trail,n3,h4w18,trail,EURUSD,L,2025-04-03 02:34:00-04:00,2025-04-04 03:46:00-04:00,1.09545,1.10162,1.10162,,0.9131,False,2025,2025-04-03 01:00:00,3.0,0.0,2-3
n3_h4dow_trail,n3,h4dow,trail,USDJPY,S,2025-04-02 17:14:00-04:00,2025-04-04 05:26:00-04:00,148.978,146.519,146.519,,2.5779,False,2025,2025-04-02 17:00:00,1.0,1.0,1
n3_h4w18_trail,n3,h4w18,trail,USDJPY,S,2025-04-02 18:21:00-04:00,2025-04-04 05:26:00-04:00,148.178,146.519,146.519,,1.7379,False,2025,2025-04-02 17:00:00,1.0,1.0,1
n3_h4w18_fixed,n3,h4w18,fixed,SP500,S,2025-04-02 18:11:00-04:00,2025-04-04 06:16:00-04:00,5509.68,5351.28,5604.72,5351.28,1.5813,False,2025,2025-04-02 17:00:00,2.0,1.0,2-3
n3_h4dow_fixed,n3,h4dow,fixed,SP500,S,2025-04-03 10:12:00-04:00,2025-04-04 06:20:00-04:00,5483.1,5331.95,5573.79,5331.95,1.5088,False,2025,2025-04-03 09:00:00,3.0,0.0,2-3
n3_h4dow_trail,n3,h4dow,trail,USDCHF,S,2025-04-02 11:50:00-04:00,2025-04-04 11:04:00-04:00,0.8817,0.85705,0.85705,,9.8245,False,2025,2025-04-02 09:00:00,6.0,0.0,4+
n3_h4w18_trail,n3,h4w18,trail,USDCHF,S,2025-04-02 23:24:00-04:00,2025-04-04 11:04:00-04:00,0.8756,0.85705,0.85705,,5.1875,False,2025,2025-04-02 21:00:00,7.0,0.0,4+
n3_h4dow_fixed,n3,h4dow,fixed,USDJPY,S,2025-04-04 06:44:00-04:00,2025-04-04 12:42:00-04:00,145.188,146.524,146.524,142.96,-0.9982,False,2025,2025-04-04 05:00:00,2.0,0.0,2-3
n3_h4dow_trail,n3,h4dow,trail,USDJPY,S,2025-04-04 06:44:00-04:00,2025-04-04 12:42:00-04:00,145.188,146.524,146.524,,-0.9982,False,2025,2025-04-04 05:00:00,2.0,0.0,2-3
n3_h4dow_fixed,n3,h4dow,fixed,USDCHF,S,2025-04-07 03:04:00-04:00,2025-04-07 08:26:00-04:00,0.84768,0.85612,0.85612,0.8336,-1.0217,False,2025,2025-04-07 01:00:00,1.0,1.0,1
n3_h4dow_trail,n3,h4dow,trail,USDCHF,S,2025-04-07 03:04:00-04:00,2025-04-07 08:26:00-04:00,0.84768,0.85612,0.85612,,-1.0217,False,2025,2025-04-07 01:00:00,1.0,1.0,1
n3_h4dow_trail,n3,h4dow,trail,SP500,S,2025-04-02 16:37:00-04:00,2025-04-08 03:26:00-04:00,5600.42,5186.76,5186.76,,4.1338,False,2025,2025-04-02 13:00:00,2.0,1.0,2-3
n3_h4w18_trail,n3,h4w18,trail,SP500,S,2025-04-02 18:11:00-04:00,2025-04-08 03:26:00-04:00,5509.68,5186.76,5186.76,,3.2265,False,2025,2025-04-02 17:00:00,2.0,1.0,2-3
n3_h4dow_trail,n3,h4dow,trail,EURUSD,L,2025-04-08 20:26:00-04:00,2025-04-09 13:03:00-04:00,1.09919,1.09979,1.09979,,0.0571,False,2025,2025-04-08 17:00:00,5.0,0.0,4+
n2_h4dow_trail,n2,h4dow,trail,USDJPY,S,2025-04-09 08:02:00-04:00,2025-04-09 13:21:00-04:00,144.552,145.784,145.784,,-0.7724,False,2025,2025-04-09 05:00:00,1.0,1.0,1
n3_h4dow_trail,n3,h4dow,trail,USDJPY,S,2025-04-09 08:02:00-04:00,2025-04-09 13:21:00-04:00,144.552,145.784,145.784,,-0.7724,False,2025,2025-04-09 05:00:00,3.0,0.0,2-3
n2_h4dow_fixed,n2,h4dow,fixed,USDJPY,S,2025-04-09 08:02:00-04:00,2025-04-09 13:22:00-04:00,144.552,146.142,146.142,141.902,-0.9961,False,2025,2025-04-09 05:00:00,1.0,1.0,1
n3_h4dow_fixed,n3,h4dow,fixed,USDJPY,S,2025-04-09 08:02:00-04:00,2025-04-09 13:22:00-04:00,144.552,146.142,146.142,141.902,-0.9961,False,2025,2025-04-09 05:00:00,3.0,0.0,2-3
n3_h4dow_trail,n3,h4dow,trail,USDCHF,S,2025-04-08 19:39:00-04:00,2025-04-09 13:23:00-04:00,0.8451,0.84667,0.84667,,-0.1852,False,2025,2025-04-08 17:00:00,3.0,0.0,2-3
n3_h4dow_fixed,n3,h4dow,fixed,USDCHF,S,2025-04-08 19:39:00-04:00,2025-04-09 13:59:00-04:00,0.8451,0.85456,0.85456,0.82933,-1.0193,False,2025,2025-04-08 17:00:00,3.0,0.0,2-3
n3_h4dow_fixed,n3,h4dow,fixed,EURUSD,L,2025-04-08 20:26:00-04:00,2025-04-10 10:53:00-04:00,1.09919,1.11517,1.08961,1.11517,1.6625,False,2025,2025-04-08 17:00:00,5.0,0.0,4+
n3_h4dow_fixed,n3,h4dow,fixed,USDCHF,S,2025-04-10 08:30:00-04:00,2025-04-10 20:32:00-04:00,0.83595,0.8172,0.8472,0.8172,1.6508,False,2025,2025-04-10 05:00:00,4.0,0.0,4+
n3_h4w18_fixed,n3,h4w18,fixed,EURUSD,L,2025-04-10 10:38:00-04:00,2025-04-10 20:32:00-04:00,1.11469,1.13307,1.10367,1.13307,1.6629,False,2025,2025-04-10 09:00:00,7.0,0.0,4+
n2_h4dow_trail,n2,h4dow,trail,USDJPY,S,2025-04-10 18:22:00-04:00,2025-04-11 13:57:00-04:00,143.998,144.15,144.15,,-0.0849,False,2025,2025-04-10 17:00:00,2.0,0.0,2-3
n3_h4dow_trail,n3,h4dow,trail,USDJPY,S,2025-04-10 18:22:00-04:00,2025-04-11 13:57:00-04:00,143.998,144.15,144.15,,-0.0849,False,2025,2025-04-10 17:00:00,4.0,0.0,4+
n3_h4dow_trail,n3,h4dow,trail,USDCHF,S,2025-04-10 08:30:00-04:00,2025-04-14 07:06:00-04:00,0.83595,0.81951,0.81951,,1.4454,False,2025,2025-04-10 05:00:00,4.0,0.0,4+
n3_h4dow_trail,n3,h4dow,trail,EURUSD,L,2025-04-10 08:16:00-04:00,2025-04-15 07:40:00-04:00,1.10952,1.13158,1.13158,,2.076,False,2025,2025-04-10 05:00:00,7.0,0.0,4+
n3_h4w18_trail,n3,h4w18,trail,EURUSD,L,2025-04-10 10:38:00-04:00,2025-04-15 07:40:00-04:00,1.11469,1.13158,1.13158,,1.5264,False,2025,2025-04-10 09:00:00,7.0,0.0,4+
n2_h4dow_trail,n2,h4dow,trail,USDJPY,S,2025-04-15 23:39:00-04:00,2025-04-17 04:20:00-04:00,142.599,142.96,142.96,,-0.2991,False,2025,2025-04-15 21:00:00,2.0,1.0,2-3
n3_h4dow_trail,n3,h4dow,trail,USDJPY,S,2025-04-15 23:39:00-04:00,2025-04-17 04:20:00-04:00,142.599,142.96,142.96,,-0.2991,False,2025,2025-04-15 21:00:00,6.0,0.0,4+
n2_h4dow_trail,n2,h4dow,trail,EURUSD,L,2025-04-16 01:58:00-04:00,2025-04-17 08:20:00-04:00,1.13792,1.13435,1.13435,,-0.4009,False,2025,2025-04-16 01:00:00,3.0,0.0,2-3
n3_h4dow_trail,n3,h4dow,trail,EURUSD,L,2025-04-16 01:58:00-04:00,2025-04-17 08:20:00-04:00,1.13792,1.13435,1.13435,,-0.4009,False,2025,2025-04-16 01:00:00,9.0,0.0,4+
n2_h4dow_fixed,n2,h4dow,fixed,USDJPY,S,2025-04-10 18:22:00-04:00,2025-04-20 22:00:00-04:00,143.998,140.948,145.828,140.948,1.6602,False,2025,2025-04-10 17:00:00,2.0,0.0,2-3
n3_h4dow_fixed,n3,h4dow,fixed,USDJPY,S,2025-04-10 18:22:00-04:00,2025-04-20 22:00:00-04:00,143.998,140.948,145.828,140.948,1.6602,False,2025,2025-04-10 17:00:00,4.0,0.0,4+
n2_h4dow_fixed,n2,h4dow,fixed,EURUSD,L,2025-04-16 01:58:00-04:00,2025-04-20 22:28:00-04:00,1.13792,1.153,1.12888,1.153,1.662,False,2025,2025-04-16 01:00:00,3.0,0.0,2-3
n3_h4dow_fixed,n3,h4dow,fixed,EURUSD,L,2025-04-16 01:58:00-04:00,2025-04-20 22:28:00-04:00,1.13792,1.153,1.12888,1.153,1.662,False,2025,2025-04-16 01:00:00,9.0,0.0,4+
n2_h4dow_fixed,n2,h4dow,fixed,USDCHF,S,2025-04-20 18:05:00-04:00,2025-04-20 22:36:00-04:00,0.81598,0.80753,0.82105,0.80753,1.6322,False,2025,2025-04-20 17:00:00,7.0,0.0,4+
n3_h4dow_fixed,n3,h4dow,fixed,USDCHF,S,2025-04-20 18:05:00-04:00,2025-04-20 22:36:00-04:00,0.81598,0.80753,0.82105,0.80753,1.6322,False,2025,2025-04-20 17:00:00,7.0,0.0,4+
n2_h4w18_fixed,n2,h4w18,fixed,EURUSD,L,2025-04-20 20:11:00-04:00,2025-04-21 03:57:00-04:00,1.1475,1.15562,1.14262,1.15562,1.6527,False,2025,2025-04-20 17:00:00,4.0,0.0,4+
n3_h4w18_fixed,n3,h4w18,fixed,EURUSD,L,2025-04-20 20:11:00-04:00,2025-04-21 03:57:00-04:00,1.1475,1.15562,1.14262,1.15562,1.6527,False,2025,2025-04-20 17:00:00,10.0,0.0,4+
n2_h4dow_fixed,n2,h4dow,fixed,SP500,S,2025-04-15 18:01:00-04:00,2025-04-21 10:00:00-04:00,5377.2,5214.76,5497.36,5214.76,0.8108,False,2025,2025-04-15 17:00:00,1.0,1.0,1
n3_h4dow_fixed,n3,h4dow,fixed,SP500,S,2025-04-15 18:01:00-04:00,2025-04-21 10:00:00-04:00,5377.2,5214.76,5497.36,5214.76,0.8108,False,2025,2025-04-15 17:00:00,1.0,1.0,1
n2_h4dow_trail,n2,h4dow,trail,USDJPY,S,2025-04-20 18:05:00-04:00,2025-04-21 20:11:00-04:00,141.901,141.078,141.078,,1.2453,False,2025,2025-04-20 17:00:00,3.0,1.0,2-3
n3_h4dow_trail,n3,h4dow,trail,USDJPY,S,2025-04-20 18:05:00-04:00,2025-04-21 20:11:00-04:00,141.901,141.078,141.078,,1.2453,False,2025,2025-04-20 17:00:00,7.0,0.0,4+
n2_h4dow_trail,n2,h4dow,trail,USDCHF,S,2025-04-20 18:05:00-04:00,2025-04-22 06:58:00-04:00,0.81598,0.81248,0.81248,,0.6558,False,2025,2025-04-20 17:00:00,7.0,0.0,4+
n3_h4dow_trail,n3,h4dow,trail,USDCHF,S,2025-04-20 18:05:00-04:00,2025-04-22 06:58:00-04:00,0.81598,0.81248,0.81248,,0.6558,False,2025,2025-04-20 17:00:00,7.0,0.0,4+
n2_h4w18_trail,n2,h4w18,trail,USDCHF,S,2025-04-20 22:27:00-04:00,2025-04-22 06:58:00-04:00,0.80994,0.81248,0.81248,,-0.499,False,2025,2025-04-20 21:00:00,7.0,0.0,4+
n3_h4w18_trail,n3,h4w18,trail,USDCHF,S,2025-04-20 22:27:00-04:00,2025-04-22 06:58:00-04:00,0.80994,0.81248,0.81248,,-0.499,False,2025,2025-04-20 21:00:00,7.0,0.0,4+
n2_h4dow_trail,n2,h4dow,trail,EURUSD,L,2025-04-18 10:10:00-04:00,2025-04-22 08:01:00-04:00,1.13879,1.14822,1.14822,,1.6802,False,2025,2025-04-18 09:00:00,4.0,0.0,4+
n3_h4dow_trail,n3,h4dow,trail,EURUSD,L,2025-04-18 10:10:00-04:00,2025-04-22 08:01:00-04:00,1.13879,1.14822,1.14822,,1.6802,False,2025,2025-04-18 09:00:00,10.0,0.0,4+
n2_h4w18_trail,n2,h4w18,trail,EURUSD,L,2025-04-20 20:11:00-04:00,2025-04-22 08:01:00-04:00,1.1475,1.14822,1.14822,,0.1363,False,2025,2025-04-20 17:00:00,4.0,0.0,4+
n3_h4w18_trail,n3,h4w18,trail,EURUSD,L,2025-04-20 20:11:00-04:00,2025-04-22 08:01:00-04:00,1.1475,1.14822,1.14822,,0.1363,False,2025,2025-04-20 17:00:00,10.0,0.0,4+
n2_h4dow_trail,n2,h4dow,trail,SP500,S,2025-04-15 18:01:00-04:00,2025-04-22 09:41:00-04:00,5377.2,5253.92,5253.92,,0.615,False,2025,2025-04-15 17:00:00,1.0,1.0,1
n3_h4dow_trail,n3,h4dow,trail,SP500,S,2025-04-15 18:01:00-04:00,2025-04-22 09:41:00-04:00,5377.2,5253.92,5253.92,,0.615,False,2025,2025-04-15 17:00:00,1.0,1.0,1
n2_h4w18_fixed,n2,h4w18,fixed,USDCHF,S,2025-04-20 22:27:00-04:00,2025-04-22 12:00:00-04:00,0.80994,0.81538,0.81538,0.80086,-1.0321,False,2025,2025-04-20 21:00:00,7.0,0.0,4+
n3_h4w18_fixed,n3,h4w18,fixed,USDCHF,S,2025-04-20 22:27:00-04:00,2025-04-22 12:00:00-04:00,0.80994,0.81538,0.81538,0.80086,-1.0321,False,2025,2025-04-20 21:00:00,7.0,0.0,4+
n2_h4dow_trail,n2,h4dow,trail,USDJPY,S,2025-04-21 23:01:00-04:00,2025-04-22 12:24:00-04:00,140.472,141.174,141.174,,-0.9421,False,2025,2025-04-21 21:00:00,3.0,1.0,2-3
n3_h4dow_trail,n3,h4dow,trail,USDJPY,S,2025-04-21 23:01:00-04:00,2025-04-22 12:24:00-04:00,140.472,141.174,141.174,,-0.9421,False,2025,2025-04-21 21:00:00,7.0,0.0,4+
n2_h4dow_fixed,n2,h4dow,fixed,USDJPY,S,2025-04-21 23:01:00-04:00,2025-04-22 12:38:00-04:00,140.472,141.22,141.22,139.224,-1.0035,False,2025,2025-04-21 21:00:00,3.0,1.0,2-3
n3_h4dow_fixed,n3,h4dow,fixed,USDJPY,S,2025-04-21 23:01:00-04:00,2025-04-22 12:38:00-04:00,140.472,141.22,141.22,139.224,-1.0035,False,2025,2025-04-21 21:00:00,7.0,0.0,4+
n2_h4dow_fixed,n2,h4dow,fixed,GBPUSD,L,2025-04-28 05:28:00-04:00,2025-04-28 15:58:00-04:00,1.33492,1.34412,1.3294,1.34412,1.6417,False,2025,2025-04-28 05:00:00,1.0,1.0,1
n2_h4dow_trail,n2,h4dow,trail,GBPUSD,L,2025-04-28 05:28:00-04:00,2025-04-29 06:12:00-04:00,1.33492,1.33944,1.33944,,0.794,False,2025,2025-04-28 05:00:00,1.0,1.0,1
n2_h4w18_trail,n2,h4w18,trail,GBPUSD,L,2025-04-28 13:31:00-04:00,2025-04-29 06:12:00-04:00,1.34242,1.33944,1.33944,,-0.517,False,2025,2025-04-28 13:00:00,1.0,1.0,1
n2_h4dow_trail,n2,h4dow,trail,EURUSD,L,2025-04-28 10:38:00-04:00,2025-04-29 06:55:00-04:00,1.13888,1.1374,1.1374,,-0.2511,False,2025,2025-04-28 09:00:00,1.0,1.0,1
n3_h4dow_trail,n3,h4dow,trail,EURUSD,L,2025-04-28 10:38:00-04:00,2025-04-29 06:55:00-04:00,1.13888,1.1374,1.1374,,-0.2511,False,2025,2025-04-28 09:00:00,13.0,0.0,4+
n2_h4w18_fixed,n2,h4w18,fixed,AUDUSD,L,2025-04-28 22:10:00-04:00,2025-04-29 06:55:00-04:00,0.64395,0.64017,0.64017,0.65025,-1.022,False,2025,2025-04-28 21:00:00,1.0,1.0,1
n2_h4w18_trail,n2,h4w18,trail,AUDUSD,L,2025-04-28 22:10:00-04:00,2025-04-29 06:55:00-04:00,0.64395,0.64017,0.64017,,-1.022,False,2025,2025-04-28 21:00:00,1.0,1.0,1
n2_h4dow_trail,n2,h4dow,trail,USDCHF,S,2025-04-28 10:33:00-04:00,2025-04-30 03:03:00-04:00,0.82668,0.82491,0.82491,,0.3104,False,2025,2025-04-28 09:00:00,9.0,0.0,4+
n3_h4dow_trail,n3,h4dow,trail,USDCHF,S,2025-04-28 10:33:00-04:00,2025-04-30 03:03:00-04:00,0.82668,0.82491,0.82491,,0.3104,False,2025,2025-04-28 09:00:00,9.0,0.0,4+
n2_h4dow_trail,n2,h4dow,trail,USDJPY,S,2025-04-28 12:57:00-04:00,2025-04-30 03:26:00-04:00,142.28,142.761,142.761,,-0.5744,False,2025,2025-04-28 09:00:00,6.0,0.0,4+
n3_h4dow_trail,n3,h4dow,trail,USDJPY,S,2025-04-28 12:57:00-04:00,2025-04-30 03:26:00-04:00,142.28,142.761,142.761,,-0.5744,False,2025,2025-04-28 09:00:00,10.0,0.0,4+
n2_h4w18_fixed,n2,h4w18,fixed,GBPUSD,L,2025-04-28 13:31:00-04:00,2025-04-30 04:41:00-04:00,1.34242,1.33639,1.33639,1.35247,-1.0228,False,2025,2025-04-28 13:00:00,1.0,1.0,1
n2_h4dow_fixed,n2,h4dow,fixed,USDJPY,S,2025-04-28 12:57:00-04:00,2025-04-30 05:54:00-04:00,142.28,143.122,143.122,140.878,-1.0022,False,2025,2025-04-28 09:00:00,6.0,0.0,4+
n3_h4dow_fixed,n3,h4dow,fixed,USDJPY,S,2025-04-28 12:57:00-04:00,2025-04-30 05:54:00-04:00,142.28,143.122,143.122,140.878,-1.0022,False,2025,2025-04-28 09:00:00,10.0,0.0,4+
n2_h4dow_fixed,n2,h4dow,fixed,EURUSD,L,2025-04-28 10:38:00-04:00,2025-04-30 11:30:00-04:00,1.13888,1.13278,1.13278,1.14906,-1.0088,False,2025,2025-04-28 09:00:00,1.0,1.0,1
n3_h4dow_fixed,n3,h4dow,fixed,EURUSD,L,2025-04-28 10:38:00-04:00,2025-04-30 11:30:00-04:00,1.13888,1.13278,1.13278,1.14906,-1.0088,False,2025,2025-04-28 09:00:00,13.0,0.0,4+
n2_h4dow_trail,n2,h4dow,trail,AUDUSD,L,2025-04-30 22:30:00-04:00,2025-05-01 03:13:00-04:00,0.64176,0.63875,0.63875,,-0.7489,False,2025,2025-04-30 21:00:00,2.0,1.0,2-3
n3_h4dow_trail,n3,h4dow,trail,AUDUSD,L,2025-04-30 22:30:00-04:00,2025-05-01 03:13:00-04:00,0.64176,0.63875,0.63875,,-0.7489,False,2025,2025-04-30 21:00:00,2.0,1.0,2-3
n2_h4dow_fixed,n2,h4dow,fixed,AUDUSD,L,2025-04-30 22:30:00-04:00,2025-05-01 05:48:00-04:00,0.64176,0.63764,0.63764,0.64863,-1.0201,False,2025,2025-04-30 21:00:00,2.0,1.0,2-3
n3_h4dow_fixed,n3,h4dow,fixed,AUDUSD,L,2025-04-30 22:30:00-04:00,2025-05-01 05:48:00-04:00,0.64176,0.63764,0.63764,0.64863,-1.0201,False,2025,2025-04-30 21:00:00,2.0,1.0,2-3
n2_h4dow_fixed,n2,h4dow,fixed,USDCHF,S,2025-04-28 10:33:00-04:00,2025-05-01 10:28:00-04:00,0.82668,0.83181,0.83181,0.81813,-1.0348,False,2025,2025-04-28 09:00:00,9.0,0.0,4+
n3_h4dow_fixed,n3,h4dow,fixed,USDCHF,S,2025-04-28 10:33:00-04:00,2025-05-01 10:28:00-04:00,0.82668,0.83181,0.83181,0.81813,-1.0348,False,2025,2025-04-28 09:00:00,9.0,0.0,4+
n3_h4dow_fixed,n3,h4dow,fixed,USDCHF,S,2025-05-02 05:44:00-04:00,2025-05-02 08:30:00-04:00,0.82142,0.8265,0.8265,0.81294,-1.0349,False,2025,2025-05-02 05:00:00,3.0,0.0,2-3
n3_h4dow_trail,n3,h4dow,trail,USDCHF,S,2025-05-02 05:44:00-04:00,2025-05-02 08:30:00-04:00,0.82142,0.8265,0.8265,,-1.0349,False,2025,2025-05-02 05:00:00,3.0,0.0,2-3
n2_h4dow_fixed,n2,h4dow,fixed,AUDUSD,L,2025-05-02 05:30:00-04:00,2025-05-05 05:49:00-04:00,0.6427,0.6491,0.63886,0.6491,1.6449,False,2025,2025-05-02 05:00:00,4.0,0.0,4+
n3_h4dow_fixed,n3,h4dow,fixed,AUDUSD,L,2025-05-02 05:30:00-04:00,2025-05-05 05:49:00-04:00,0.6427,0.6491,0.63886,0.6491,1.6449,False,2025,2025-05-02 05:00:00,4.0,0.0,4+
n2_h4dow_fixed,n2,h4dow,fixed,GBPUSD,L,2025-05-05 08:24:00-04:00,2025-05-05 12:04:00-04:00,1.33307,1.32779,1.32779,1.34187,-1.0258,False,2025,2025-05-05 05:00:00,2.0,0.0,2-3
n2_h4dow_trail,n2,h4dow,trail,GBPUSD,L,2025-05-05 08:24:00-04:00,2025-05-05 12:04:00-04:00,1.33307,1.32779,1.32779,,-1.0258,False,2025,2025-05-05 05:00:00,2.0,0.0,2-3
n3_h4dow_fixed,n3,h4dow,fixed,GBPUSD,L,2025-05-05 08:24:00-04:00,2025-05-05 12:04:00-04:00,1.33307,1.32779,1.32779,1.34187,-1.0258,False,2025,2025-05-05 05:00:00,2.0,0.0,2-3
n3_h4dow_trail,n3,h4dow,trail,GBPUSD,L,2025-05-05 08:24:00-04:00,2025-05-05 12:04:00-04:00,1.33307,1.32779,1.32779,,-1.0258,False,2025,2025-05-05 05:00:00,2.0,0.0,2-3
n2_h4dow_fixed,n2,h4dow,fixed,EURUSD,S,2025-05-05 20:19:00-04:00,2025-05-06 04:19:00-04:00,1.12926,1.13496,1.13496,1.11976,-1.0094,False,2025,2025-05-05 17:00:00,1.0,1.0,1
n2_h4dow_trail,n2,h4dow,trail,EURUSD,S,2025-05-05 20:19:00-04:00,2025-05-06 04:19:00-04:00,1.12926,1.13496,1.13496,,-1.0094,False,2025,2025-05-05 17:00:00,1.0,1.0,1
n2_h4dow_trail,n2,h4dow,trail,AUDUSD,L,2025-05-02 05:30:00-04:00,2025-05-06 05:22:00-04:00,0.6427,0.64432,0.64432,,0.4002,False,2025,2025-05-02 05:00:00,4.0,0.0,4+
n3_h4dow_trail,n3,h4dow,trail,AUDUSD,L,2025-05-02 05:30:00-04:00,2025-05-06 05:22:00-04:00,0.6427,0.64432,0.64432,,0.4002,False,2025,2025-05-02 05:00:00,4.0,0.0,4+
n2_h4w18_trail,n2,h4w18,trail,AUDUSD,L,2025-05-02 08:42:00-04:00,2025-05-06 05:22:00-04:00,0.64495,0.64432,0.64432,,-0.1858,False,2025,2025-05-02 05:00:00,4.0,0.0,4+
n3_h4w18_trail,n3,h4w18,trail,AUDUSD,L,2025-05-02 08:42:00-04:00,2025-05-06 05:22:00-04:00,0.64495,0.64432,0.64432,,-0.1858,False,2025,2025-05-02 05:00:00,4.0,0.0,4+
n2_h4w18_fixed,n2,h4w18,fixed,AUDUSD,L,2025-05-02 08:42:00-04:00,2025-05-06 18:21:00-04:00,0.64495,0.65135,0.64111,0.65135,1.6448,False,2025,2025-05-02 05:00:00,4.0,0.0,4+
n3_h4w18_fixed,n3,h4w18,fixed,AUDUSD,L,2025-05-02 08:42:00-04:00,2025-05-06 18:21:00-04:00,0.64495,0.65135,0.64111,0.65135,1.6448,False,2025,2025-05-02 05:00:00,4.0,0.0,4+
n2_h4dow_trail,n2,h4dow,trail,GBPUSD,L,2025-05-06 06:38:00-04:00,2025-05-07 05:07:00-04:00,1.33365,1.33336,1.33336,,-0.0713,False,2025,2025-05-06 05:00:00,3.0,0.0,2-3
n3_h4dow_trail,n3,h4dow,trail,GBPUSD,L,2025-05-06 06:38:00-04:00,2025-05-07 05:07:00-04:00,1.33365,1.33336,1.33336,,-0.0713,False,2025,2025-05-06 05:00:00,3.0,0.0,2-3
n2_h4dow_fixed,n2,h4dow,fixed,AUDUSD,L,2025-05-06 12:32:00-04:00,2025-05-07 12:04:00-04:00,0.64942,0.64561,0.64561,0.65577,-1.022,False,2025,2025-05-06 09:00:00,1.0,1.0,1
n2_h4dow_trail,n2,h4dow,trail,AUDUSD,L,2025-05-06 12:32:00-04:00,2025-05-07 12:04:00-04:00,0.64942,0.64561,0.64561,,-1.022,False,2025,2025-05-06 09:00:00,1.0,1.0,1
n3_h4dow_fixed,n3,h4dow,fixed,AUDUSD,L,2025-05-06 12:32:00-04:00,2025-05-07 12:04:00-04:00,0.64942,0.64561,0.64561,0.65577,-1.022,False,2025,2025-05-06 09:00:00,4.0,0.0,4+
n3_h4dow_trail,n3,h4dow,trail,AUDUSD,L,2025-05-06 12:32:00-04:00,2025-05-07 12:04:00-04:00,0.64942,0.64561,0.64561,,-1.022,False,2025,2025-05-06 09:00:00,4.0,0.0,4+
n3_h4dow_trail,n3,h4dow,trail,USDCHF,S,2025-05-07 10:44:00-04:00,2025-05-08 01:03:00-04:00,0.82058,0.82443,0.82443,,-0.7834,False,2025,2025-05-07 09:00:00,3.0,0.0,2-3
n3_h4w18_trail,n3,h4w18,trail,USDCHF,S,2025-05-07 10:44:00-04:00,2025-05-08 01:03:00-04:00,0.82058,0.82443,0.82443,,-0.7834,False,2025,2025-05-07 09:00:00,3.0,0.0,2-3
n3_h4dow_fixed,n3,h4dow,fixed,USDCHF,S,2025-05-07 10:44:00-04:00,2025-05-08 02:13:00-04:00,0.82058,0.82572,0.82572,0.81201,-1.0344,False,2025,2025-05-07 09:00:00,3.0,0.0,2-3
n3_h4w18_fixed,n3,h4w18,fixed,USDCHF,S,2025-05-07 10:44:00-04:00,2025-05-08 02:13:00-04:00,0.82058,0.82572,0.82572,0.81201,-1.0344,False,2025,2025-05-07 09:00:00,3.0,0.0,2-3
n2_h4dow_fixed,n2,h4dow,fixed,GBPUSD,L,2025-05-06 06:38:00-04:00,2025-05-08 03:00:00-04:00,1.33365,1.32767,1.32767,1.34363,-1.0228,False,2025,2025-05-06 05:00:00,3.0,0.0,2-3
n3_h4dow_fixed,n3,h4dow,fixed,GBPUSD,L,2025-05-06 06:38:00-04:00,2025-05-08 03:00:00-04:00,1.33365,1.32767,1.32767,1.34363,-1.0228,False,2025,2025-05-06 05:00:00,3.0,0.0,2-3
n2_h4dow_fixed,n2,h4dow,fixed,USDJPY,L,2025-05-08 02:31:00-04:00,2025-05-08 12:25:00-04:00,144.277,145.789,143.369,145.789,1.659,False,2025,2025-05-08 01:00:00,2.0,0.0,2-3
n3_h4dow_fixed,n3,h4dow,fixed,USDJPY,L,2025-05-08 02:31:00-04:00,2025-05-08 12:25:00-04:00,144.277,145.789,143.369,145.789,1.659,False,2025,2025-05-08 01:00:00,2.0,0.0,2-3
n2_h4w18_fixed,n2,h4w18,fixed,SP500,L,2025-05-08 11:42:00-04:00,2025-05-08 20:28:00-04:00,5724.5,5668.36,5668.36,5818.08,-0.8465,False,2025,2025-05-08 09:00:00,8.0,0.0,4+
n2_h4w18_trail,n2,h4w18,trail,SP500,L,2025-05-08 11:42:00-04:00,2025-05-08 20:28:00-04:00,5724.5,5668.36,5668.36,,-0.8465,False,2025,2025-05-08 09:00:00,8.0,0.0,4+
n3_h4w18_fixed,n3,h4w18,fixed,SP500,L,2025-05-08 11:42:00-04:00,2025-05-08 20:28:00-04:00,5724.5,5668.36,5668.36,5818.08,-0.8465,False,2025,2025-05-08 09:00:00,8.0,0.0,4+
n3_h4w18_trail,n3,h4w18,trail,SP500,L,2025-05-08 11:42:00-04:00,2025-05-08 20:28:00-04:00,5724.5,5668.36,5668.36,,-0.8465,False,2025,2025-05-08 09:00:00,8.0,0.0,4+
n2_h4w18_fixed,n2,h4w18,fixed,USDJPY,L,2025-05-08 13:37:00-04:00,2025-05-09 10:27:00-04:00,145.926,144.856,144.856,147.708,-0.9986,False,2025,2025-05-08 13:00:00,2.0,0.0,2-3
n2_h4w18_trail,n2,h4w18,trail,USDJPY,L,2025-05-08 13:37:00-04:00,2025-05-09 10:27:00-04:00,145.926,144.856,144.856,,-0.9986,False,2025,2025-05-08 13:00:00,2.0,0.0,2-3
n3_h4w18_fixed,n3,h4w18,fixed,USDJPY,L,2025-05-08 13:37:00-04:00,2025-05-09 10:27:00-04:00,145.926,144.856,144.856,147.708,-0.9986,False,2025,2025-05-08 13:00:00,2.0,0.0,2-3
n3_h4w18_trail,n3,h4w18,trail,USDJPY,L,2025-05-08 13:37:00-04:00,2025-05-09 10:27:00-04:00,145.926,144.856,144.856,,-0.9986,False,2025,2025-05-08 13:00:00,2.0,0.0,2-3
n2_h4dow_trail,n2,h4dow,trail,SP500,L,2025-05-07 23:20:00-04:00,2025-05-09 10:38:00-04:00,5688.52,5665.52,5665.52,,-0.3494,False,2025,2025-05-07 21:00:00,7.0,0.0,4+
n3_h4dow_trail,n3,h4dow,trail,SP500,L,2025-05-07 23:20:00-04:00,2025-05-09 10:38:00-04:00,5688.52,5665.52,5665.52,,-0.3494,False,2025,2025-05-07 21:00:00,7.0,0.0,4+
n2_h4dow_fixed,n2,h4dow,fixed,SP500,L,2025-05-07 23:20:00-04:00,2025-05-12 03:00:00-04:00,5688.52,5786.62,5629.66,5786.62,1.4671,False,2025,2025-05-07 21:00:00,7.0,0.0,4+
n3_h4dow_fixed,n3,h4dow,fixed,SP500,L,2025-05-07 23:20:00-04:00,2025-05-12 03:00:00-04:00,5688.52,5786.62,5629.66,5786.62,1.4671,False,2025,2025-05-07 21:00:00,7.0,0.0,4+
n2_h4dow_fixed,n2,h4dow,fixed,EURUSD,S,2025-05-08 02:39:00-04:00,2025-05-12 03:00:00-04:00,1.12799,1.11867,1.13358,1.11867,1.6577,False,2025,2025-05-08 01:00:00,3.0,0.0,2-3
n2_h4w18_fixed,n2,h4w18,fixed,EURUSD,S,2025-05-08 11:39:00-04:00,2025-05-12 03:13:00-04:00,1.1266,1.11682,1.13246,1.11682,1.6598,False,2025,2025-05-08 09:00:00,3.0,0.0,2-3
n2_h4dow_fixed,n2,h4dow,fixed,USDJPY,L,2025-05-11 21:14:00-04:00,2025-05-12 03:30:00-04:00,146.19,147.688,145.292,147.688,1.6585,False,2025,2025-05-11 21:00:00,0.0,1.0,0
n3_h4dow_fixed,n3,h4dow,fixed,USDJPY,L,2025-05-11 21:14:00-04:00,2025-05-12 03:30:00-04:00,146.19,147.688,145.292,147.688,1.6585,False,2025,2025-05-11 21:00:00,0.0,1.0,0
n2_h4dow_trail,n2,h4dow,trail,USDJPY,L,2025-05-08 02:31:00-04:00,2025-05-13 12:06:00-04:00,144.277,147.647,147.647,,3.7028,False,2025,2025-05-08 01:00:00,2.0,0.0,2-3
n3_h4dow_trail,n3,h4dow,trail,USDJPY,L,2025-05-08 02:31:00-04:00,2025-05-13 12:06:00-04:00,144.277,147.647,147.647,,3.7028,False,2025,2025-05-08 01:00:00,2.0,0.0,2-3
n2_h4dow_trail,n2,h4dow,trail,AUDUSD,L,2025-05-13 10:57:00-04:00,2025-05-14 02:08:00-04:00,0.64609,0.64648,0.64648,,0.0714,False,2025,2025-05-13 09:00:00,4.0,0.0,4+
n3_h4dow_trail,n3,h4dow,trail,AUDUSD,L,2025-05-13 10:57:00-04:00,2025-05-14 02:08:00-04:00,0.64609,0.64648,0.64648,,0.0714,False,2025,2025-05-13 09:00:00,7.0,0.0,4+
n2_h4dow_trail,n2,h4dow,trail,SP500,L,2025-05-11 18:01:00-04:00,2025-05-14 05:04:00-04:00,5753.72,5898.74,5898.74,,2.1708,False,2025,2025-05-11 17:00:00,9.0,0.0,4+
n3_h4dow_trail,n3,h4dow,trail,SP500,L,2025-05-11 18:01:00-04:00,2025-05-14 05:04:00-04:00,5753.72,5898.74,5898.74,,2.1708,False,2025,2025-05-11 17:00:00,9.0,0.0,4+
n2_h4dow_fixed,n2,h4dow,fixed,AUDUSD,L,2025-05-13 10:57:00-04:00,2025-05-15 01:41:00-04:00,0.64609,0.6418,0.6418,0.65324,-1.0194,False,2025,2025-05-13 09:00:00,4.0,0.0,4+
n3_h4dow_fixed,n3,h4dow,fixed,AUDUSD,L,2025-05-13 10:57:00-04:00,2025-05-15 01:41:00-04:00,0.64609,0.6418,0.6418,0.65324,-1.0194,False,2025,2025-05-13 09:00:00,7.0,0.0,4+
n2_h4dow_fixed,n2,h4dow,fixed,SP500,L,2025-05-13 08:30:00-04:00,2025-05-16 13:16:00-04:00,5876.16,5964.91,5822.91,5964.91,1.3267,False,2025,2025-05-13 05:00:00,9.0,0.0,4+
n3_h4dow_fixed,n3,h4dow,fixed,SP500,L,2025-05-13 08:30:00-04:00,2025-05-16 13:16:00-04:00,5876.16,5964.91,5822.91,5964.91,1.3267,False,2025,2025-05-13 05:00:00,9.0,0.0,4+
n2_h4dow_fixed,n2,h4dow,fixed,GBPUSD,S,2025-05-16 10:46:00-04:00,2025-05-18 18:55:00-04:00,1.32535,1.33037,1.33037,1.31697,-1.0271,False,2025,2025-05-16 09:00:00,3.0,0.0,2-3
n2_h4dow_trail,n2,h4dow,trail,GBPUSD,S,2025-05-16 10:46:00-04:00,2025-05-18 18:55:00-04:00,1.32535,1.33038,1.33038,,-1.0271,False,2025,2025-05-16 09:00:00,3.0,0.0,2-3
n2_h4dow_trail,n2,h4dow,trail,SP500,L,2025-05-15 11:44:00-04:00,2025-05-18 20:34:00-04:00,5926.59,5924.94,5924.94,,-0.0391,False,2025,2025-05-15 09:00:00,9.0,0.0,4+
n3_h4dow_trail,n3,h4dow,trail,SP500,L,2025-05-15 11:44:00-04:00,2025-05-18 20:34:00-04:00,5926.59,5924.94,5924.94,,-0.0391,False,2025,2025-05-15 09:00:00,9.0,0.0,4+
n2_h4dow_fixed,n2,h4dow,fixed,EURUSD,S,2025-05-16 10:35:00-04:00,2025-05-19 03:09:00-04:00,1.11702,1.12162,1.12162,1.10934,-1.0116,False,2025,2025-05-16 09:00:00,3.0,1.0,2-3
n3_h4dow_fixed,n3,h4dow,fixed,EURUSD,S,2025-05-16 10:35:00-04:00,2025-05-19 03:09:00-04:00,1.11702,1.12162,1.12162,1.10934,-1.0116,False,2025,2025-05-16 09:00:00,3.0,1.0,2-3
n3_h4dow_trail,n3,h4dow,trail,EURUSD,S,2025-05-16 10:35:00-04:00,2025-05-19 03:09:00-04:00,1.11702,1.12162,1.12162,,-1.0116,False,2025,2025-05-16 09:00:00,3.0,1.0,2-3
n2_h4dow_trail,n2,h4dow,trail,EURUSD,S,2025-05-08 02:39:00-04:00,2025-05-19 03:22:00-04:00,1.12799,1.12196,1.12196,,1.0691,False,2025,2025-05-08 01:00:00,3.0,0.0,2-3
n2_h4w18_trail,n2,h4w18,trail,EURUSD,S,2025-05-08 11:39:00-04:00,2025-05-19 03:22:00-04:00,1.1266,1.12196,1.12196,,0.7827,False,2025,2025-05-08 09:00:00,3.0,0.0,2-3
n3_h4dow_trail,n3,h4dow,trail,AUDUSD,L,2025-05-19 05:06:00-04:00,2025-05-20 08:10:00-04:00,0.64362,0.64081,0.64081,,-0.8266,False,2025,2025-05-19 05:00:00,2.0,0.0,2-3
n3_h4dow_fixed,n3,h4dow,fixed,AUDUSD,L,2025-05-19 05:06:00-04:00,2025-05-20 08:22:00-04:00,0.64362,0.64012,0.64012,0.64944,-1.0237,False,2025,2025-05-19 05:00:00,2.0,0.0,2-3
n2_h4dow_trail,n2,h4dow,trail,SP500,L,2025-05-19 12:56:00-04:00,2025-05-20 09:47:00-04:00,5977.26,5955.38,5955.38,,-0.4437,False,2025,2025-05-19 09:00:00,10.0,0.0,4+
n3_h4dow_trail,n3,h4dow,trail,SP500,L,2025-05-19 12:56:00-04:00,2025-05-20 09:47:00-04:00,5977.26,5955.38,5955.38,,-0.4437,False,2025,2025-05-19 09:00:00,10.0,0.0,4+
n2_h4dow_fixed,n2,h4dow,fixed,SP500,L,2025-05-19 12:56:00-04:00,2025-05-20 14:31:00-04:00,5977.26,5936.88,5936.88,6044.56,-0.8137,False,2025,2025-05-19 09:00:00,10.0,0.0,4+
n3_h4dow_fixed,n3,h4dow,fixed,SP500,L,2025-05-19 12:56:00-04:00,2025-05-20 14:31:00-04:00,5977.26,5936.88,5936.88,6044.56,-0.8137,False,2025,2025-05-19 09:00:00,10.0,0.0,4+
n3_h4dow_trail,n3,h4dow,trail,USDCHF,L,2025-05-27 03:26:00-04:00,2025-05-28 03:40:00-04:00,0.82332,0.82619,0.82619,,0.6665,False,2025,2025-05-27 01:00:00,6.0,0.0,4+
n3_h4dow_fixed,n3,h4dow,fixed,USDCHF,L,2025-05-27 03:26:00-04:00,2025-05-28 19:10:00-04:00,0.82332,0.83004,0.81928,0.83004,1.6193,False,2025,2025-05-27 01:00:00,6.0,0.0,4+
n2_h4dow_fixed,n2,h4dow,fixed,SP500,L,2025-05-26 04:04:00-04:00,2025-05-28 19:16:00-04:00,5894.86,5994.04,5835.36,5994.04,1.4832,False,2025,2025-05-26 01:00:00,13.0,0.0,4+
n3_h4dow_fixed,n3,h4dow,fixed,SP500,L,2025-05-26 04:04:00-04:00,2025-05-28 19:16:00-04:00,5894.86,5994.04,5835.36,5994.04,1.4832,False,2025,2025-05-26 01:00:00,13.0,0.0,4+
n2_h4w18_fixed,n2,h4w18,fixed,SP500,L,2025-05-28 19:16:00-04:00,2025-05-29 08:05:00-04:00,5991.66,5948.43,5948.43,6063.71,-0.8707,False,2025,2025-05-28 17:00:00,0.0,1.0,0
n2_h4w18_trail,n2,h4w18,trail,SP500,L,2025-05-28 19:16:00-04:00,2025-05-29 08:05:00-04:00,5991.66,5948.43,5948.43,,-0.8707,False,2025,2025-05-28 17:00:00,0.0,1.0,0
n3_h4w18_fixed,n3,h4w18,fixed,SP500,L,2025-05-28 19:16:00-04:00,2025-05-29 08:05:00-04:00,5991.66,5948.43,5948.43,6063.71,-0.8707,False,2025,2025-05-28 17:00:00,0.0,1.0,0
n3_h4w18_trail,n3,h4w18,trail,SP500,L,2025-05-28 19:16:00-04:00,2025-05-29 08:05:00-04:00,5991.66,5948.43,5948.43,,-0.8707,False,2025,2025-05-28 17:00:00,0.0,1.0,0
n3_h4dow_trail,n3,h4dow,trail,USDCHF,L,2025-05-28 19:10:00-04:00,2025-05-29 08:21:00-04:00,0.82913,0.82656,0.82656,,-0.7064,False,2025,2025-05-28 17:00:00,7.0,0.0,4+
n2_h4dow_trail,n2,h4dow,trail,SP500,L,2025-05-26 04:04:00-04:00,2025-05-29 11:58:00-04:00,5894.86,5893.64,5893.64,,-0.0228,False,2025,2025-05-26 01:00:00,13.0,0.0,4+
n3_h4dow_trail,n3,h4dow,trail,SP500,L,2025-05-26 04:04:00-04:00,2025-05-29 11:58:00-04:00,5894.86,5893.64,5893.64,,-0.0228,False,2025,2025-05-26 01:00:00,13.0,0.0,4+
n2_h4dow_trail,n2,h4dow,trail,AUDUSD,L,2025-06-01 21:05:00-04:00,2025-06-02 22:33:00-04:00,0.64602,0.64715,0.64715,,0.2906,False,2025,2025-06-01 21:00:00,3.0,1.0,2-3
n3_h4dow_trail,n3,h4dow,trail,AUDUSD,L,2025-06-01 21:05:00-04:00,2025-06-02 22:33:00-04:00,0.64602,0.64715,0.64715,,0.2906,False,2025,2025-06-01 21:00:00,5.0,0.0,4+
n2_h4dow_trail,n2,h4dow,trail,GBPUSD,L,2025-06-02 02:18:00-04:00,2025-06-02 23:35:00-04:00,1.3511,1.35175,1.35175,,0.0979,False,2025,2025-06-02 01:00:00,4.0,1.0,4+
n2_h4dow_trail,n2,h4dow,trail,EURUSD,L,2025-06-02 02:22:00-04:00,2025-06-03 05:03:00-04:00,1.139,1.14044,1.14044,,0.2634,False,2025,2025-06-02 01:00:00,4.0,0.0,4+
n2_h4w18_trail,n2,h4w18,trail,EURUSD,L,2025-06-02 03:24:00-04:00,2025-06-03 05:03:00-04:00,1.14188,1.14044,1.14044,,-0.2841,False,2025,2025-06-02 01:00:00,4.0,0.0,4+
n2_h4w18_fixed,n2,h4w18,fixed,EURUSD,L,2025-06-02 03:24:00-04:00,2025-06-03 10:08:00-04:00,1.14188,1.13661,1.13661,1.15066,-1.0103,False,2025,2025-06-02 01:00:00,4.0,0.0,4+
n2_h4dow_trail,n2,h4dow,trail,SP500,L,2025-06-02 14:19:00-04:00,2025-06-04 08:25:00-04:00,5932.58,5974.7,5974.7,,0.6272,False,2025,2025-06-02 13:00:00,1.0,1.0,1
n3_h4dow_trail,n3,h4dow,trail,SP500,L,2025-06-02 14:19:00-04:00,2025-06-04 08:25:00-04:00,5932.58,5974.7,5974.7,,0.6272,False,2025,2025-06-02 13:00:00,1.0,1.0,1
n2_h4dow_fixed,n2,h4dow,fixed,AUDUSD,L,2025-06-01 21:05:00-04:00,2025-06-05 08:49:00-04:00,0.64602,0.65202,0.64242,0.65202,1.6433,False,2025,2025-06-01 21:00:00,3.0,1.0,2-3
n3_h4dow_fixed,n3,h4dow,fixed,AUDUSD,L,2025-06-01 21:05:00-04:00,2025-06-05 08:49:00-04:00,0.64602,0.65202,0.64242,0.65202,1.6433,False,2025,2025-06-01 21:00:00,5.0,0.0,4+
n2_h4dow_fixed,n2,h4dow,fixed,GBPUSD,L,2025-06-02 02:18:00-04:00,2025-06-05 09:20:00-04:00,1.3511,1.3598,1.34588,1.3598,1.64,False,2025,2025-06-02 01:00:00,4.0,1.0,4+
n2_h4dow_fixed,n2,h4dow,fixed,EURUSD,L,2025-06-02 02:22:00-04:00,2025-06-05 09:21:00-04:00,1.139,1.14778,1.13373,1.14778,1.6557,False,2025,2025-06-02 01:00:00,4.0,0.0,4+
n2_h4w18_fixed,n2,h4w18,fixed,SP500,L,2025-06-05 08:49:00-04:00,2025-06-05 09:39:00-04:00,6007.82,5974.8,5974.8,6062.85,-0.9998,False,2025,2025-06-05 05:00:00,1.0,1.0,1
n2_h4w18_trail,n2,h4w18,trail,SP500,L,2025-06-05 08:49:00-04:00,2025-06-05 09:39:00-04:00,6007.82,5974.8,5974.8,,-0.9998,False,2025,2025-06-05 05:00:00,1.0,1.0,1
n3_h4w18_fixed,n3,h4w18,fixed,SP500,L,2025-06-05 08:49:00-04:00,2025-06-05 09:39:00-04:00,6007.82,5974.8,5974.8,6062.85,-0.9998,False,2025,2025-06-05 05:00:00,1.0,1.0,1
n3_h4w18_trail,n3,h4w18,trail,SP500,L,2025-06-05 08:49:00-04:00,2025-06-05 09:39:00-04:00,6007.82,5974.8,5974.8,,-0.9998,False,2025,2025-06-05 05:00:00,1.0,1.0,1
n2_h4dow_trail,n2,h4dow,trail,SP500,L,2025-06-05 08:49:00-04:00,2025-06-05 09:46:00-04:00,5998.8,5965.78,5965.78,,-0.9998,False,2025,2025-06-05 05:00:00,1.0,1.0,1
n3_h4dow_trail,n3,h4dow,trail,SP500,L,2025-06-05 08:49:00-04:00,2025-06-05 09:46:00-04:00,5998.8,5965.78,5965.78,,-0.9998,False,2025,2025-06-05 05:00:00,1.0,1.0,1
n2_h4w18_fixed,n2,h4w18,fixed,AUDUSD,L,2025-06-05 09:29:00-04:00,2025-06-05 15:15:00-04:00,0.65372,0.65064,0.65064,0.65884,-1.0274,False,2025,2025-06-05 09:00:00,2.0,1.0,2-3
n2_h4w18_trail,n2,h4w18,trail,AUDUSD,L,2025-06-05 09:29:00-04:00,2025-06-05 15:15:00-04:00,0.65372,0.65064,0.65064,,-1.0274,False,2025,2025-06-05 09:00:00,2.0,1.0,2-3
n3_h4w18_fixed,n3,h4w18,fixed,AUDUSD,L,2025-06-05 09:29:00-04:00,2025-06-05 15:15:00-04:00,0.65372,0.65064,0.65064,0.65884,-1.0274,False,2025,2025-06-05 09:00:00,2.0,1.0,2-3
n3_h4w18_trail,n3,h4w18,trail,AUDUSD,L,2025-06-05 09:29:00-04:00,2025-06-05 15:15:00-04:00,0.65372,0.65064,0.65064,,-1.0274,False,2025,2025-06-05 09:00:00,2.0,1.0,2-3
n2_h4dow_trail,n2,h4dow,trail,GBPUSD,L,2025-06-05 06:15:00-04:00,2025-06-05 22:21:00-04:00,1.35798,1.35667,1.35667,,-0.3084,False,2025,2025-06-05 05:00:00,1.0,1.0,1
n3_h4dow_trail,n3,h4dow,trail,GBPUSD,L,2025-06-05 06:15:00-04:00,2025-06-05 22:21:00-04:00,1.35798,1.35667,1.35667,,-0.3084,False,2025,2025-06-05 05:00:00,1.0,1.0,1
n2_h4w18_trail,n2,h4w18,trail,GBPUSD,L,2025-06-05 08:30:00-04:00,2025-06-05 22:21:00-04:00,1.35931,1.35667,1.35667,,-0.5926,False,2025,2025-06-05 05:00:00,1.0,1.0,1
n3_h4w18_trail,n3,h4w18,trail,GBPUSD,L,2025-06-05 08:30:00-04:00,2025-06-05 22:21:00-04:00,1.35931,1.35667,1.35667,,-0.5926,False,2025,2025-06-05 05:00:00,1.0,1.0,1
n2_h4w18_fixed,n2,h4w18,fixed,GBPUSD,L,2025-06-05 08:30:00-04:00,2025-06-06 02:31:00-04:00,1.35931,1.35462,1.35462,1.36713,-1.0297,False,2025,2025-06-05 05:00:00,1.0,1.0,1
n3_h4w18_fixed,n3,h4w18,fixed,GBPUSD,L,2025-06-05 08:30:00-04:00,2025-06-06 02:31:00-04:00,1.35931,1.35462,1.35462,1.36713,-1.0297,False,2025,2025-06-05 05:00:00,1.0,1.0,1
n2_h4dow_trail,n2,h4dow,trail,AUDUSD,L,2025-06-04 10:10:00-04:00,2025-06-06 04:21:00-04:00,0.65004,0.64927,0.64927,,-0.2604,False,2025,2025-06-04 09:00:00,2.0,1.0,2-3
n3_h4dow_trail,n3,h4dow,trail,AUDUSD,L,2025-06-04 10:10:00-04:00,2025-06-06 04:21:00-04:00,0.65004,0.64927,0.64927,,-0.2604,False,2025,2025-06-04 09:00:00,2.0,1.0,2-3
n3_h4dow_fixed,n3,h4dow,fixed,GBPUSD,L,2025-06-05 06:15:00-04:00,2025-06-06 05:09:00-04:00,1.35798,1.35329,1.35329,1.3658,-1.0296,False,2025,2025-06-05 05:00:00,1.0,1.0,1
n2_h4dow_trail,n2,h4dow,trail,EURUSD,L,2025-06-05 09:10:00-04:00,2025-06-06 08:10:00-04:00,1.14547,1.14094,1.14094,,-1.012,False,2025,2025-06-05 09:00:00,2.0,1.0,2-3
n3_h4dow_fixed,n3,h4dow,fixed,EURUSD,L,2025-06-05 09:10:00-04:00,2025-06-06 08:10:00-04:00,1.14547,1.14094,1.14094,1.15302,-1.012,False,2025,2025-06-05 09:00:00,2.0,1.0,2-3
n3_h4dow_trail,n3,h4dow,trail,EURUSD,L,2025-06-05 09:10:00-04:00,2025-06-06 08:10:00-04:00,1.14547,1.14094,1.14094,,-1.012,False,2025,2025-06-05 09:00:00,2.0,1.0,2-3
n2_h4dow_fixed,n2,h4dow,fixed,EURUSD,L,2025-06-05 11:10:00-04:00,2025-06-06 08:10:00-04:00,1.14547,1.14094,1.14094,1.15302,-1.012,False,2025,2025-06-05 09:00:00,2.0,1.0,2-3
n2_h4dow_fixed,n2,h4dow,fixed,SP500,L,2025-06-02 14:19:00-04:00,2025-06-06 09:45:00-04:00,5932.58,6023.6,5877.97,6023.6,1.3608,False,2025,2025-06-02 13:00:00,1.0,1.0,1
n3_h4dow_fixed,n3,h4dow,fixed,SP500,L,2025-06-02 14:19:00-04:00,2025-06-06 09:45:00-04:00,5932.58,6023.6,5877.97,6023.6,1.3608,False,2025,2025-06-02 13:00:00,1.0,1.0,1
n2_h4dow_trail,n2,h4dow,trail,SP500,L,2025-06-06 09:40:00-04:00,2025-06-10 01:32:00-04:00,6014.98,6000.2,6000.2,,-0.3017,False,2025,2025-06-06 09:00:00,2.0,1.0,2-3
n3_h4dow_trail,n3,h4dow,trail,SP500,L,2025-06-06 09:40:00-04:00,2025-06-10 01:32:00-04:00,6014.98,6000.2,6000.2,,-0.3017,False,2025,2025-06-06 09:00:00,2.0,1.0,2-3
n2_h4dow_trail,n2,h4dow,trail,EURUSD,L,2025-06-10 08:02:00-04:00,2025-06-10 21:48:00-04:00,1.14393,1.14158,1.14158,,-0.5149,False,2025,2025-06-10 05:00:00,3.0,1.0,2-3
n3_h4dow_trail,n3,h4dow,trail,EURUSD,L,2025-06-10 08:02:00-04:00,2025-06-10 21:48:00-04:00,1.14393,1.14158,1.14158,,-0.5149,False,2025,2025-06-10 05:00:00,3.0,1.0,2-3
n2_h4w18_fixed,n2,h4w18,fixed,AUDUSD,L,2025-06-11 08:35:00-04:00,2025-06-11 09:30:00-04:00,0.65381,0.65107,0.65107,0.65839,-1.0308,False,2025,2025-06-11 05:00:00,4.0,1.0,4+
n2_h4w18_trail,n2,h4w18,trail,AUDUSD,L,2025-06-11 08:35:00-04:00,2025-06-11 09:30:00-04:00,0.65381,0.65106,0.65106,,-1.0307,False,2025,2025-06-11 05:00:00,4.0,1.0,4+
n3_h4w18_fixed,n3,h4w18,fixed,AUDUSD,L,2025-06-11 08:35:00-04:00,2025-06-11 09:30:00-04:00,0.65381,0.65107,0.65107,0.65839,-1.0308,False,2025,2025-06-11 05:00:00,4.0,1.0,4+
n3_h4w18_trail,n3,h4w18,trail,AUDUSD,L,2025-06-11 08:35:00-04:00,2025-06-11 09:30:00-04:00,0.65381,0.65106,0.65106,,-1.0307,False,2025,2025-06-11 05:00:00,4.0,1.0,4+
n2_h4dow_trail,n2,h4dow,trail,SP500,L,2025-06-10 13:13:00-04:00,2025-06-11 14:04:00-04:00,6040.64,6021.66,6021.66,,-0.4822,False,2025,2025-06-10 13:00:00,2.0,1.0,2-3
n3_h4dow_trail,n3,h4dow,trail,SP500,L,2025-06-10 13:13:00-04:00,2025-06-11 14:04:00-04:00,6040.64,6021.66,6021.66,,-0.4822,False,2025,2025-06-10 13:00:00,2.0,1.0,2-3
n2_h4dow_fixed,n2,h4dow,fixed,AUDUSD,L,2025-06-11 08:31:00-04:00,2025-06-11 14:17:00-04:00,0.65329,0.65055,0.65055,0.65787,-1.0308,False,2025,2025-06-11 05:00:00,4.0,1.0,4+
n2_h4dow_trail,n2,h4dow,trail,AUDUSD,L,2025-06-11 08:31:00-04:00,2025-06-11 14:17:00-04:00,0.65329,0.65055,0.65055,,-1.0308,False,2025,2025-06-11 05:00:00,4.0,1.0,4+
n3_h4dow_fixed,n3,h4dow,fixed,AUDUSD,L,2025-06-11 08:31:00-04:00,2025-06-11 14:17:00-04:00,0.65329,0.65055,0.65055,0.65787,-1.0308,False,2025,2025-06-11 05:00:00,4.0,1.0,4+
n3_h4dow_trail,n3,h4dow,trail,AUDUSD,L,2025-06-11 08:31:00-04:00,2025-06-11 14:17:00-04:00,0.65329,0.65055,0.65055,,-1.0308,False,2025,2025-06-11 05:00:00,4.0,1.0,4+
n2_h4dow_fixed,n2,h4dow,fixed,EURUSD,L,2025-06-10 08:02:00-04:00,2025-06-11 20:41:00-04:00,1.14393,1.15171,1.13927,1.15171,1.6578,False,2025,2025-06-10 05:00:00,3.0,1.0,2-3
n3_h4dow_fixed,n3,h4dow,fixed,EURUSD,L,2025-06-10 08:02:00-04:00,2025-06-11 20:41:00-04:00,1.14393,1.15171,1.13927,1.15171,1.6578,False,2025,2025-06-10 05:00:00,3.0,1.0,2-3
n2_h4dow_fixed,n2,h4dow,fixed,GBPUSD,L,2025-06-11 20:43:00-04:00,2025-06-12 03:49:00-04:00,1.35812,1.3526,1.3526,1.36732,-1.0252,False,2025,2025-06-11 17:00:00,3.0,0.0,2-3
n2_h4dow_trail,n2,h4dow,trail,GBPUSD,L,2025-06-11 20:43:00-04:00,2025-06-12 03:49:00-04:00,1.35812,1.3526,1.3526,,-1.0252,False,2025,2025-06-11 17:00:00,3.0,0.0,2-3
n3_h4dow_fixed,n3,h4dow,fixed,GBPUSD,L,2025-06-11 20:43:00-04:00,2025-06-12 03:49:00-04:00,1.35812,1.3526,1.3526,1.36732,-1.0252,False,2025,2025-06-11 17:00:00,3.0,0.0,2-3
n3_h4dow_trail,n3,h4dow,trail,GBPUSD,L,2025-06-11 20:43:00-04:00,2025-06-12 03:49:00-04:00,1.35812,1.3526,1.3526,,-1.0252,False,2025,2025-06-11 17:00:00,3.0,0.0,2-3
n2_h4dow_fixed,n2,h4dow,fixed,USDCHF,S,2025-06-11 08:30:00-04:00,2025-06-12 03:58:00-04:00,0.8204,0.8154,0.8234,0.8154,1.608,False,2025,2025-06-11 05:00:00,3.0,0.0,2-3
n3_h4dow_fixed,n3,h4dow,fixed,USDCHF,S,2025-06-11 08:30:00-04:00,2025-06-12 03:58:00-04:00,0.8204,0.8154,0.8234,0.8154,1.608,False,2025,2025-06-11 05:00:00,3.0,0.0,2-3
n2_h4w18_fixed,n2,h4w18,fixed,EURUSD,L,2025-06-11 12:38:00-04:00,2025-06-12 05:53:00-04:00,1.1495,1.15762,1.14462,1.15762,1.6527,False,2025,2025-06-11 09:00:00,4.0,1.0,4+
n3_h4w18_fixed,n3,h4w18,fixed,EURUSD,L,2025-06-11 12:38:00-04:00,2025-06-12 05:53:00-04:00,1.1495,1.15762,1.14462,1.15762,1.6527,False,2025,2025-06-11 09:00:00,4.0,1.0,4+
n2_h4w18_fixed,n2,h4w18,fixed,USDCHF,S,2025-06-12 03:57:00-04:00,2025-06-12 16:59:00-04:00,0.8157,0.8101,0.81906,0.8101,1.6146,False,2025,2025-06-12 01:00:00,4.0,0.0,4+
n3_h4w18_fixed,n3,h4w18,fixed,USDCHF,S,2025-06-12 03:57:00-04:00,2025-06-12 16:59:00-04:00,0.8157,0.8101,0.81906,0.8101,1.6146,False,2025,2025-06-12 01:00:00,4.0,0.0,4+
n2_h4dow_fixed,n2,h4dow,fixed,SP500,L,2025-06-06 10:04:00-04:00,2025-06-12 20:05:00-04:00,6014.98,5974.02,5974.02,6083.25,-0.8253,False,2025,2025-06-06 09:00:00,2.0,1.0,2-3
n3_h4dow_fixed,n3,h4dow,fixed,SP500,L,2025-06-06 10:04:00-04:00,2025-06-12 20:05:00-04:00,6014.98,5974.02,5974.02,6083.25,-0.8253,False,2025,2025-06-06 09:00:00,2.0,1.0,2-3
n2_h4dow_trail,n2,h4dow,trail,EURUSD,L,2025-06-11 08:30:00-04:00,2025-06-12 20:15:00-04:00,1.14479,1.15639,1.15639,,2.6541,False,2025,2025-06-11 05:00:00,4.0,1.0,4+
n3_h4dow_trail,n3,h4dow,trail,EURUSD,L,2025-06-11 08:30:00-04:00,2025-06-12 20:15:00-04:00,1.14479,1.15639,1.15639,,2.6541,False,2025,2025-06-11 05:00:00,4.0,1.0,4+
n2_h4w18_trail,n2,h4w18,trail,EURUSD,L,2025-06-11 12:38:00-04:00,2025-06-12 20:15:00-04:00,1.1495,1.15639,1.15639,,1.4006,False,2025,2025-06-11 09:00:00,4.0,1.0,4+
n3_h4w18_trail,n3,h4w18,trail,EURUSD,L,2025-06-11 12:38:00-04:00,2025-06-12 20:15:00-04:00,1.1495,1.15639,1.15639,,1.4006,False,2025,2025-06-11 09:00:00,4.0,1.0,4+
n2_h4w18_fixed,n2,h4w18,fixed,GBPUSD,L,2025-06-12 08:43:00-04:00,2025-06-12 21:18:00-04:00,1.36165,1.35572,1.35572,1.37153,-1.0235,False,2025,2025-06-12 05:00:00,3.0,0.0,2-3
n2_h4w18_trail,n2,h4w18,trail,GBPUSD,L,2025-06-12 08:43:00-04:00,2025-06-12 21:18:00-04:00,1.36165,1.35572,1.35572,,-1.0235,False,2025,2025-06-12 05:00:00,3.0,0.0,2-3
n3_h4w18_fixed,n3,h4w18,fixed,GBPUSD,L,2025-06-12 08:43:00-04:00,2025-06-12 21:18:00-04:00,1.36165,1.35572,1.35572,1.37153,-1.0235,False,2025,2025-06-12 05:00:00,3.0,0.0,2-3
n3_h4w18_trail,n3,h4w18,trail,GBPUSD,L,2025-06-12 08:43:00-04:00,2025-06-12 21:18:00-04:00,1.36165,1.35572,1.35572,,-1.0235,False,2025,2025-06-12 05:00:00,3.0,0.0,2-3
n2_h4dow_trail,n2,h4dow,trail,USDCHF,S,2025-06-11 08:30:00-04:00,2025-06-13 06:38:00-04:00,0.8204,0.81426,0.81426,,1.988,False,2025,2025-06-11 05:00:00,3.0,0.0,2-3
n3_h4dow_trail,n3,h4dow,trail,USDCHF,S,2025-06-11 08:30:00-04:00,2025-06-13 06:38:00-04:00,0.8204,0.81426,0.81426,,1.988,False,2025,2025-06-11 05:00:00,3.0,0.0,2-3
n2_h4w18_trail,n2,h4w18,trail,USDCHF,S,2025-06-12 03:57:00-04:00,2025-06-13 06:38:00-04:00,0.8157,0.81426,0.81426,,0.3764,False,2025,2025-06-12 01:00:00,4.0,0.0,4+
n3_h4w18_trail,n3,h4w18,trail,USDCHF,S,2025-06-12 03:57:00-04:00,2025-06-13 06:38:00-04:00,0.8157,0.81426,0.81426,,0.3764,False,2025,2025-06-12 01:00:00,4.0,0.0,4+
n2_h4w18_fixed,n2,h4w18,fixed,AUDUSD,L,2025-06-16 10:02:00-04:00,2025-06-16 20:03:00-04:00,0.65458,0.65035,0.65035,0.66163,-1.02,False,2025,2025-06-16 09:00:00,7.0,0.0,4+
n2_h4w18_trail,n2,h4w18,trail,AUDUSD,L,2025-06-16 10:02:00-04:00,2025-06-16 20:03:00-04:00,0.65458,0.65035,0.65035,,-1.02,False,2025,2025-06-16 09:00:00,7.0,0.0,4+
n3_h4w18_fixed,n3,h4w18,fixed,AUDUSD,L,2025-06-16 10:02:00-04:00,2025-06-16 20:03:00-04:00,0.65458,0.65035,0.65035,0.66163,-1.02,False,2025,2025-06-16 09:00:00,7.0,0.0,4+
n3_h4w18_trail,n3,h4w18,trail,AUDUSD,L,2025-06-16 10:02:00-04:00,2025-06-16 20:03:00-04:00,0.65458,0.65035,0.65035,,-1.02,False,2025,2025-06-16 09:00:00,7.0,0.0,4+
n2_h4dow_trail,n2,h4dow,trail,SP500,L,2025-06-16 02:09:00-04:00,2025-06-17 03:21:00-04:00,6050.8,6051.36,6051.36,,0.0038,False,2025,2025-06-16 01:00:00,5.0,0.0,4+
n3_h4dow_trail,n3,h4dow,trail,SP500,L,2025-06-16 02:09:00-04:00,2025-06-17 03:21:00-04:00,6050.8,6051.36,6051.36,,0.0038,False,2025,2025-06-16 01:00:00,5.0,0.0,4+
n2_h4dow_trail,n2,h4dow,trail,EURUSD,L,2025-06-16 02:51:00-04:00,2025-06-17 10:18:00-04:00,1.15696,1.15456,1.15456,,-0.4154,False,2025,2025-06-16 01:00:00,6.0,1.0,4+
n3_h4dow_trail,n3,h4dow,trail,EURUSD,L,2025-06-16 02:51:00-04:00,2025-06-17 10:18:00-04:00,1.15696,1.15456,1.15456,,-0.4154,False,2025,2025-06-16 01:00:00,6.0,1.0,4+
n2_h4dow_trail,n2,h4dow,trail,AUDUSD,L,2025-06-16 06:38:00-04:00,2025-06-17 11:28:00-04:00,0.65194,0.6503,0.6503,,-0.391,False,2025,2025-06-16 05:00:00,7.0,0.0,4+
n3_h4dow_trail,n3,h4dow,trail,AUDUSD,L,2025-06-16 06:38:00-04:00,2025-06-17 11:28:00-04:00,0.65194,0.6503,0.6503,,-0.391,False,2025,2025-06-16 05:00:00,7.0,0.0,4+
n2_h4dow_fixed,n2,h4dow,fixed,EURUSD,L,2025-06-16 02:51:00-04:00,2025-06-17 12:48:00-04:00,1.15696,1.15105,1.15105,1.16681,-1.0093,False,2025,2025-06-16 01:00:00,6.0,1.0,4+
n3_h4dow_fixed,n3,h4dow,fixed,EURUSD,L,2025-06-16 02:51:00-04:00,2025-06-17 12:48:00-04:00,1.15696,1.15105,1.15105,1.16681,-1.0093,False,2025,2025-06-16 01:00:00,6.0,1.0,4+
n2_h4dow_fixed,n2,h4dow,fixed,AUDUSD,L,2025-06-16 06:38:00-04:00,2025-06-17 13:48:00-04:00,0.65194,0.64753,0.64753,0.65929,-1.0191,False,2025,2025-06-16 05:00:00,7.0,0.0,4+
n3_h4dow_fixed,n3,h4dow,fixed,AUDUSD,L,2025-06-16 06:38:00-04:00,2025-06-17 13:48:00-04:00,0.65194,0.64753,0.64753,0.65929,-1.0191,False,2025,2025-06-16 05:00:00,7.0,0.0,4+
n2_h4dow_fixed,n2,h4dow,fixed,SP500,L,2025-06-16 02:09:00-04:00,2025-06-19 08:46:00-04:00,6050.8,5993.38,5993.38,6146.5,-0.8659,False,2025,2025-06-16 01:00:00,5.0,0.0,4+
n3_h4dow_fixed,n3,h4dow,fixed,SP500,L,2025-06-16 02:09:00-04:00,2025-06-19 08:46:00-04:00,6050.8,5993.38,5993.38,6146.5,-0.8659,False,2025,2025-06-16 01:00:00,5.0,0.0,4+
n2_h4dow_trail,n2,h4dow,trail,USDCHF,S,2025-06-20 00:12:00-04:00,2025-06-20 16:44:00-04:00,0.81562,0.81836,0.81836,,-0.7146,False,2025,2025-06-19 21:00:00,6.0,0.0,4+
n3_h4dow_trail,n3,h4dow,trail,USDCHF,S,2025-06-20 00:12:00-04:00,2025-06-20 16:44:00-04:00,0.81562,0.81836,0.81836,,-0.7146,False,2025,2025-06-19 21:00:00,6.0,0.0,4+
n2_h4dow_trail,n2,h4dow,trail,EURUSD,L,2025-06-19 23:52:00-04:00,2025-06-22 18:01:00-04:00,1.15302,1.14798,1.14952,,-1.0049,False,2025,2025-06-19 21:00:00,9.0,0.0,4+
n3_h4dow_trail,n3,h4dow,trail,EURUSD,L,2025-06-19 23:52:00-04:00,2025-06-22 18:01:00-04:00,1.15302,1.14798,1.14952,,-1.0049,False,2025,2025-06-19 21:00:00,9.0,0.0,4+
n2_h4dow_fixed,n2,h4dow,fixed,EURUSD,L,2025-06-19 23:52:00-04:00,2025-06-22 21:17:00-04:00,1.15302,1.14795,1.14795,1.16147,-1.0108,False,2025,2025-06-19 21:00:00,9.0,0.0,4+
n3_h4dow_fixed,n3,h4dow,fixed,EURUSD,L,2025-06-19 23:52:00-04:00,2025-06-22 21:17:00-04:00,1.15302,1.14795,1.14795,1.16147,-1.0108,False,2025,2025-06-19 21:00:00,9.0,0.0,4+
n2_h4dow_fixed,n2,h4dow,fixed,USDCHF,S,2025-06-20 00:12:00-04:00,2025-06-24 07:56:00-04:00,0.81562,0.80882,0.8197,0.80882,1.6238,False,2025,2025-06-19 21:00:00,6.0,0.0,4+
n3_h4dow_fixed,n3,h4dow,fixed,USDCHF,S,2025-06-20 00:12:00-04:00,2025-06-24 07:56:00-04:00,0.81562,0.80882,0.8197,0.80882,1.6238,False,2025,2025-06-19 21:00:00,6.0,0.0,4+
n2_h4dow_fixed,n2,h4dow,fixed,EURUSD,L,2025-06-23 11:18:00-04:00,2025-06-24 10:24:00-04:00,1.1544,1.16278,1.14938,1.16278,1.6583,False,2025,2025-06-23 09:00:00,9.0,0.0,4+
n3_h4dow_fixed,n3,h4dow,fixed,EURUSD,L,2025-06-23 11:18:00-04:00,2025-06-24 10:24:00-04:00,1.1544,1.16278,1.14938,1.16278,1.6583,False,2025,2025-06-23 09:00:00,9.0,0.0,4+
n2_h4dow_trail,n2,h4dow,trail,EURUSD,L,2025-06-23 11:18:00-04:00,2025-06-25 02:57:00-04:00,1.1544,1.16044,1.16044,,1.1922,False,2025,2025-06-23 09:00:00,9.0,0.0,4+
n3_h4dow_trail,n3,h4dow,trail,EURUSD,L,2025-06-23 11:18:00-04:00,2025-06-25 02:57:00-04:00,1.1544,1.16044,1.16044,,1.1922,False,2025,2025-06-23 09:00:00,9.0,0.0,4+
n2_h4w18_trail,n2,h4w18,trail,EURUSD,L,2025-06-24 10:24:00-04:00,2025-06-25 02:57:00-04:00,1.16324,1.16044,1.16044,,-0.5117,False,2025,2025-06-24 09:00:00,1.0,1.0,1
n3_h4w18_trail,n3,h4w18,trail,EURUSD,L,2025-06-24 10:24:00-04:00,2025-06-25 02:57:00-04:00,1.16324,1.16044,1.16044,,-0.5117,False,2025,2025-06-24 09:00:00,10.0,0.0,4+
n2_h4dow_trail,n2,h4dow,trail,USDCHF,S,2025-06-23 10:26:00-04:00,2025-06-25 03:00:00-04:00,0.81522,0.8057,0.8057,,2.6178,False,2025,2025-06-23 09:00:00,7.0,0.0,4+
n3_h4dow_trail,n3,h4dow,trail,USDCHF,S,2025-06-23 10:26:00-04:00,2025-06-25 03:00:00-04:00,0.81522,0.8057,0.8057,,2.6178,False,2025,2025-06-23 09:00:00,7.0,0.0,4+
n2_h4w18_trail,n2,h4w18,trail,USDCHF,S,2025-06-24 10:18:00-04:00,2025-06-25 03:00:00-04:00,0.80562,0.8057,0.8057,,-0.0646,False,2025,2025-06-24 09:00:00,1.0,1.0,1
n3_h4w18_trail,n3,h4w18,trail,USDCHF,S,2025-06-24 10:18:00-04:00,2025-06-25 03:00:00-04:00,0.80562,0.8057,0.8057,,-0.0646,False,2025,2025-06-24 09:00:00,7.0,0.0,4+
n2_h4dow_trail,n2,h4dow,trail,SP500,L,2025-06-23 15:50:00-04:00,2025-06-25 11:32:00-04:00,6070.82,6141.68,6141.68,,1.0582,False,2025,2025-06-23 13:00:00,3.0,0.0,2-3
n3_h4dow_trail,n3,h4dow,trail,SP500,L,2025-06-23 15:50:00-04:00,2025-06-25 11:32:00-04:00,6070.82,6141.68,6141.68,,1.0582,False,2025,2025-06-23 13:00:00,8.0,0.0,4+
n2_h4w18_trail,n2,h4w18,trail,SP500,L,2025-06-23 19:17:00-04:00,2025-06-25 11:32:00-04:00,6108.09,6141.68,6141.68,,0.4992,False,2025,2025-06-23 17:00:00,1.0,1.0,1
n3_h4w18_trail,n3,h4w18,trail,SP500,L,2025-06-23 19:17:00-04:00,2025-06-25 11:32:00-04:00,6108.09,6141.68,6141.68,,0.4992,False,2025,2025-06-23 17:00:00,8.0,0.0,4+
n2_h4dow_fixed,n2,h4dow,fixed,SP500,L,2025-06-23 15:50:00-04:00,2025-06-26 02:53:00-04:00,6070.82,6162.82,6015.62,6162.82,1.3753,False,2025,2025-06-23 13:00:00,3.0,0.0,2-3
n3_h4dow_fixed,n3,h4dow,fixed,SP500,L,2025-06-23 15:50:00-04:00,2025-06-26 02:53:00-04:00,6070.82,6162.82,6015.62,6162.82,1.3753,False,2025,2025-06-23 13:00:00,8.0,0.0,4+
n2_h4w18_fixed,n2,h4w18,fixed,EURUSD,L,2025-06-24 10:24:00-04:00,2025-06-26 04:13:00-04:00,1.16324,1.17254,1.15766,1.17254,1.6567,False,2025,2025-06-24 09:00:00,1.0,1.0,1
n3_h4w18_fixed,n3,h4w18,fixed,EURUSD,L,2025-06-24 10:24:00-04:00,2025-06-26 04:13:00-04:00,1.16324,1.17254,1.15766,1.17254,1.6567,False,2025,2025-06-24 09:00:00,10.0,0.0,4+
n2_h4dow_fixed,n2,h4dow,fixed,EURUSD,L,2025-06-25 13:50:00-04:00,2025-06-26 04:13:00-04:00,1.16417,1.17282,1.15898,1.17282,1.6559,False,2025,2025-06-25 13:00:00,1.0,1.0,1
n3_h4dow_fixed,n3,h4dow,fixed,EURUSD,L,2025-06-25 13:50:00-04:00,2025-06-26 04:13:00-04:00,1.16417,1.17282,1.15898,1.17282,1.6559,False,2025,2025-06-25 13:00:00,1.0,1.0,1
n2_h4w18_fixed,n2,h4w18,fixed,USDCHF,S,2025-06-24 10:18:00-04:00,2025-06-26 04:27:00-04:00,0.80562,0.7991,0.80954,0.7991,1.6192,False,2025,2025-06-24 09:00:00,1.0,1.0,1
n3_h4w18_fixed,n3,h4w18,fixed,USDCHF,S,2025-06-24 10:18:00-04:00,2025-06-26 04:27:00-04:00,0.80562,0.7991,0.80954,0.7991,1.6192,False,2025,2025-06-24 09:00:00,7.0,0.0,4+
n2_h4dow_trail,n2,h4dow,trail,EURUSD,L,2025-06-25 13:50:00-04:00,2025-06-26 18:37:00-04:00,1.16417,1.16899,1.16899,,0.918,False,2025,2025-06-25 13:00:00,1.0,1.0,1
n3_h4dow_trail,n3,h4dow,trail,EURUSD,L,2025-06-25 13:50:00-04:00,2025-06-26 18:37:00-04:00,1.16417,1.16899,1.16899,,0.918,False,2025,2025-06-25 13:00:00,1.0,1.0,1
n2_h4w18_fixed,n2,h4w18,fixed,SP500,L,2025-06-23 19:17:00-04:00,2025-06-27 02:34:00-04:00,6108.09,6210.04,6046.92,6210.04,1.5245,False,2025,2025-06-23 17:00:00,1.0,1.0,1
n3_h4w18_fixed,n3,h4w18,fixed,SP500,L,2025-06-23 19:17:00-04:00,2025-06-27 02:34:00-04:00,6108.09,6210.04,6046.92,6210.04,1.5245,False,2025,2025-06-23 17:00:00,8.0,0.0,4+
n2_h4dow_fixed,n2,h4dow,fixed,SP500,L,2025-06-26 03:35:00-04:00,2025-06-27 02:44:00-04:00,6160.08,6213.18,6128.22,6213.18,1.5836,False,2025,2025-06-26 01:00:00,1.0,1.0,1
n3_h4dow_fixed,n3,h4dow,fixed,SP500,L,2025-06-26 03:35:00-04:00,2025-06-27 02:44:00-04:00,6160.08,6213.18,6128.22,6213.18,1.5836,False,2025,2025-06-26 01:00:00,1.0,1.0,1
n2_h4dow_fixed,n2,h4dow,fixed,USDCHF,S,2025-06-25 20:04:00-04:00,2025-06-27 08:32:00-04:00,0.80348,0.7974,0.80712,0.7974,1.623,False,2025,2025-06-25 17:00:00,1.0,1.0,1
n3_h4dow_fixed,n3,h4dow,fixed,USDCHF,S,2025-06-25 20:04:00-04:00,2025-06-27 08:32:00-04:00,0.80348,0.7974,0.80712,0.7974,1.623,False,2025,2025-06-25 17:00:00,1.0,1.0,1
n2_h4dow_fixed,n2,h4dow,fixed,USDJPY,L,2025-06-27 10:38:00-04:00,2025-06-30 00:36:00-04:00,144.808,144.056,144.056,146.06,-1.0014,False,2025,2025-06-27 09:00:00,5.0,0.0,4+
n2_h4dow_trail,n2,h4dow,trail,USDJPY,L,2025-06-27 10:38:00-04:00,2025-06-30 00:36:00-04:00,144.808,144.056,144.056,,-1.0014,False,2025,2025-06-27 09:00:00,5.0,0.0,4+
n3_h4dow_fixed,n3,h4dow,fixed,USDJPY,L,2025-06-27 10:38:00-04:00,2025-06-30 00:36:00-04:00,144.808,144.056,144.056,146.06,-1.0014,False,2025,2025-06-27 09:00:00,5.0,0.0,4+
n3_h4dow_trail,n3,h4dow,trail,USDJPY,L,2025-06-27 10:38:00-04:00,2025-06-30 00:36:00-04:00,144.808,144.056,144.056,,-1.0014,False,2025,2025-06-27 09:00:00,5.0,0.0,4+
n2_h4dow_trail,n2,h4dow,trail,EURUSD,L,2025-06-27 08:55:00-04:00,2025-06-30 08:19:00-04:00,1.17452,1.17117,1.17117,,-0.5812,False,2025,2025-06-27 05:00:00,1.0,1.0,1
n3_h4dow_trail,n3,h4dow,trail,EURUSD,L,2025-06-27 08:55:00-04:00,2025-06-30 08:19:00-04:00,1.17452,1.17117,1.17117,,-0.5812,False,2025,2025-06-27 05:00:00,1.0,1.0,1
n2_h4dow_fixed,n2,h4dow,fixed,USDCHF,S,2025-06-30 10:34:00-04:00,2025-07-01 04:33:00-04:00,0.79578,0.7896,0.79948,0.7896,1.6242,False,2025,2025-06-30 09:00:00,3.0,1.0,2-3
n3_h4dow_fixed,n3,h4dow,fixed,USDCHF,S,2025-06-30 10:34:00-04:00,2025-07-01 04:33:00-04:00,0.79578,0.7896,0.79948,0.7896,1.6242,False,2025,2025-06-30 09:00:00,3.0,1.0,2-3
n2_h4dow_trail,n2,h4dow,trail,EURUSD,L,2025-06-30 11:16:00-04:00,2025-07-01 12:04:00-04:00,1.17543,1.17673,1.17673,,0.2325,False,2025,2025-06-30 09:00:00,2.0,1.0,2-3
n3_h4dow_trail,n3,h4dow,trail,EURUSD,L,2025-06-30 11:16:00-04:00,2025-07-01 12:04:00-04:00,1.17543,1.17673,1.17673,,0.2325,False,2025,2025-06-30 09:00:00,2.0,1.0,2-3
n2_h4dow_fixed,n2,h4dow,fixed,SP500,L,2025-07-02 00:25:00-04:00,2025-07-02 08:42:00-04:00,6265.46,6237.22,6237.22,6312.54,-0.9995,False,2025,2025-07-01 21:00:00,3.0,1.0,2-3
n3_h4dow_fixed,n3,h4dow,fixed,SP500,L,2025-07-02 00:25:00-04:00,2025-07-02 08:42:00-04:00,6265.46,6237.22,6237.22,6312.54,-0.9995,False,2025,2025-07-01 21:00:00,3.0,1.0,2-3
n2_h4dow_trail,n2,h4dow,trail,USDCHF,S,2025-06-25 20:04:00-04:00,2025-07-03 08:30:00-04:00,0.80348,0.79415,0.79415,,2.516,False,2025,2025-06-25 17:00:00,1.0,1.0,1
n3_h4dow_trail,n3,h4dow,trail,USDCHF,S,2025-06-25 20:04:00-04:00,2025-07-03 08:30:00-04:00,0.80348,0.79415,0.79415,,2.516,False,2025,2025-06-25 17:00:00,1.0,1.0,1
n2_h4dow_trail,n2,h4dow,trail,SP500,L,2025-06-26 02:45:00-04:00,2025-07-07 10:53:00-04:00,6160.08,6290.92,6290.92,,3.9157,False,2025,2025-06-26 01:00:00,1.0,1.0,1
n3_h4dow_trail,n3,h4dow,trail,SP500,L,2025-06-26 02:45:00-04:00,2025-07-07 10:53:00-04:00,6160.08,6290.92,6290.92,,3.9157,False,2025,2025-06-26 01:00:00,1.0,1.0,1
n2_h4dow_fixed,n2,h4dow,fixed,EURUSD,L,2025-06-27 08:55:00-04:00,2025-07-07 13:03:00-04:00,1.17452,1.16866,1.16866,1.1843,-1.0095,False,2025,2025-06-27 05:00:00,1.0,1.0,1
n3_h4dow_fixed,n3,h4dow,fixed,EURUSD,L,2025-06-27 08:55:00-04:00,2025-07-07 13:03:00-04:00,1.17452,1.16866,1.16866,1.1843,-1.0095,False,2025,2025-06-27 05:00:00,1.0,1.0,1
n2_h4dow_fixed,n2,h4dow,fixed,USDCHF,S,2025-07-09 09:13:00-04:00,2025-07-10 10:26:00-04:00,0.79533,0.79841,0.79841,0.79021,-1.0556,False,2025,2025-07-09 09:00:00,6.0,0.0,4+
n2_h4dow_trail,n2,h4dow,trail,USDCHF,S,2025-07-09 09:13:00-04:00,2025-07-10 10:26:00-04:00,0.79533,0.7984,0.7984,,-1.0558,False,2025,2025-07-09 09:00:00,6.0,0.0,4+
n3_h4dow_fixed,n3,h4dow,fixed,USDCHF,S,2025-07-09 09:13:00-04:00,2025-07-10 10:26:00-04:00,0.79533,0.79841,0.79841,0.79021,-1.0556,False,2025,2025-07-09 09:00:00,6.0,0.0,4+
n3_h4dow_trail,n3,h4dow,trail,USDCHF,S,2025-07-09 09:13:00-04:00,2025-07-10 10:26:00-04:00,0.79533,0.7984,0.7984,,-1.0558,False,2025,2025-07-09 09:00:00,6.0,0.0,4+
n2_h4dow_fixed,n2,h4dow,fixed,SP500,L,2025-07-09 08:47:00-04:00,2025-07-10 13:54:00-04:00,6289.08,6333.26,6262.57,6333.26,1.5351,False,2025,2025-07-09 05:00:00,5.0,0.0,4+
n3_h4dow_fixed,n3,h4dow,fixed,SP500,L,2025-07-09 08:47:00-04:00,2025-07-10 13:54:00-04:00,6289.08,6333.26,6262.57,6333.26,1.5351,False,2025,2025-07-09 05:00:00,5.0,0.0,4+
n2_h4w18_fixed,n2,h4w18,fixed,SP500,L,2025-07-10 13:54:00-04:00,2025-07-10 20:22:00-04:00,6333.12,6304.33,6304.33,6381.1,-0.8734,False,2025,2025-07-10 13:00:00,1.0,1.0,1
n2_h4w18_trail,n2,h4w18,trail,SP500,L,2025-07-10 13:54:00-04:00,2025-07-10 20:22:00-04:00,6333.12,6304.34,6304.34,,-0.8731,False,2025,2025-07-10 13:00:00,1.0,1.0,1
n3_h4w18_fixed,n3,h4w18,fixed,SP500,L,2025-07-10 13:54:00-04:00,2025-07-10 20:22:00-04:00,6333.12,6304.33,6304.33,6381.1,-0.8734,False,2025,2025-07-10 13:00:00,6.0,0.0,4+
n3_h4w18_trail,n3,h4w18,trail,SP500,L,2025-07-10 13:54:00-04:00,2025-07-10 20:22:00-04:00,6333.12,6304.34,6304.34,,-0.8731,False,2025,2025-07-10 13:00:00,6.0,0.0,4+
n2_h4dow_trail,n2,h4dow,trail,SP500,L,2025-07-09 08:47:00-04:00,2025-07-10 20:27:00-04:00,6289.08,6287.66,6287.66,,-0.0609,False,2025,2025-07-09 05:00:00,5.0,0.0,4+
n3_h4dow_trail,n3,h4dow,trail,SP500,L,2025-07-09 08:47:00-04:00,2025-07-10 20:27:00-04:00,6289.08,6287.66,6287.66,,-0.0609,False,2025,2025-07-09 05:00:00,5.0,0.0,4+
n2_h4w18_fixed,n2,h4w18,fixed,AUDUSD,L,2025-07-10 16:01:00-04:00,2025-07-10 20:55:00-04:00,0.65903,0.65576,0.65576,0.66448,-1.026,False,2025,2025-07-10 13:00:00,0.0,1.0,0
n2_h4w18_trail,n2,h4w18,trail,AUDUSD,L,2025-07-10 16:01:00-04:00,2025-07-10 20:55:00-04:00,0.65903,0.65576,0.65576,,-1.026,False,2025,2025-07-10 13:00:00,0.0,1.0,0
n2_h4dow_trail,n2,h4dow,trail,AUDUSD,L,2025-07-10 03:01:00-04:00,2025-07-11 12:11:00-04:00,0.65587,0.65704,0.65704,,0.3581,False,2025,2025-07-10 01:00:00,0.0,1.0,0
n3_h4dow_fixed,n3,h4dow,fixed,USDCHF,S,2025-07-15 03:32:00-04:00,2025-07-15 09:35:00-04:00,0.79553,0.798,0.798,0.79141,-1.0694,False,2025,2025-07-15 01:00:00,2.0,1.0,2-3
n3_h4dow_trail,n3,h4dow,trail,USDCHF,S,2025-07-15 03:32:00-04:00,2025-07-15 09:35:00-04:00,0.79553,0.798,0.798,,-1.0694,False,2025,2025-07-15 01:00:00,2.0,1.0,2-3
n2_h4dow_fixed,n2,h4dow,fixed,AUDUSD,L,2025-07-10 03:01:00-04:00,2025-07-15 10:04:00-04:00,0.65587,0.65284,0.65284,0.66092,-1.028,False,2025,2025-07-10 01:00:00,0.0,1.0,0
n2_h4dow_fixed,n2,h4dow,fixed,SP500,L,2025-07-14 21:53:00-04:00,2025-07-15 10:51:00-04:00,6335.5,6307.66,6307.66,6381.9,-0.9857,False,2025,2025-07-14 21:00:00,2.0,0.0,2-3
n2_h4dow_trail,n2,h4dow,trail,SP500,L,2025-07-14 21:53:00-04:00,2025-07-15 10:51:00-04:00,6335.5,6307.66,6307.66,,-0.9857,False,2025,2025-07-14 21:00:00,2.0,0.0,2-3
n3_h4dow_fixed,n3,h4dow,fixed,SP500,L,2025-07-14 21:53:00-04:00,2025-07-15 10:51:00-04:00,6335.5,6307.66,6307.66,6381.9,-0.9857,False,2025,2025-07-14 21:00:00,7.0,0.0,4+
n3_h4dow_trail,n3,h4dow,trail,SP500,L,2025-07-14 21:53:00-04:00,2025-07-15 10:51:00-04:00,6335.5,6307.66,6307.66,,-0.9857,False,2025,2025-07-14 21:00:00,7.0,0.0,4+
n2_h4dow_fixed,n2,h4dow,fixed,EURUSD,L,2025-07-16 11:18:00-04:00,2025-07-16 11:55:00-04:00,1.16926,1.16539,1.16539,1.17571,-1.0143,False,2025,2025-07-16 09:00:00,10.0,0.0,4+
n2_h4dow_trail,n2,h4dow,trail,EURUSD,L,2025-07-16 11:18:00-04:00,2025-07-16 11:55:00-04:00,1.16926,1.16539,1.16539,,-1.0143,False,2025,2025-07-16 09:00:00,10.0,0.0,4+
n3_h4dow_fixed,n3,h4dow,fixed,EURUSD,L,2025-07-16 11:18:00-04:00,2025-07-16 11:55:00-04:00,1.16926,1.16539,1.16539,1.17571,-1.0143,False,2025,2025-07-16 09:00:00,10.0,0.0,4+
n3_h4dow_trail,n3,h4dow,trail,EURUSD,L,2025-07-16 11:18:00-04:00,2025-07-16 11:55:00-04:00,1.16926,1.16539,1.16539,,-1.0143,False,2025,2025-07-16 09:00:00,10.0,0.0,4+
n3_h4dow_trail,n3,h4dow,trail,SP500,L,2025-07-17 15:01:00-04:00,2025-07-22 00:15:00-04:00,6342.66,6341.2,6341.2,,-0.0446,False,2025,2025-07-17 13:00:00,8.0,0.0,4+
n2_h4dow_trail,n2,h4dow,trail,EURUSD,L,2025-07-21 08:12:00-04:00,2025-07-22 03:53:00-04:00,1.16727,1.16825,1.16825,,0.2175,False,2025,2025-07-21 05:00:00,11.0,0.0,4+
n3_h4dow_trail,n3,h4dow,trail,EURUSD,L,2025-07-21 08:12:00-04:00,2025-07-22 03:53:00-04:00,1.16727,1.16825,1.16825,,0.2175,False,2025,2025-07-21 05:00:00,11.0,0.0,4+
n2_h4dow_fixed,n2,h4dow,fixed,EURUSD,L,2025-07-21 08:12:00-04:00,2025-07-22 11:37:00-04:00,1.16727,1.17435,1.16302,1.17435,1.6527,False,2025,2025-07-21 05:00:00,11.0,0.0,4+
n3_h4dow_fixed,n3,h4dow,fixed,EURUSD,L,2025-07-21 08:12:00-04:00,2025-07-22 11:37:00-04:00,1.16727,1.17435,1.16302,1.17435,1.6527,False,2025,2025-07-21 05:00:00,11.0,0.0,4+
n3_h4dow_fixed,n3,h4dow,fixed,SP500,L,2025-07-17 15:01:00-04:00,2025-07-23 16:00:00-04:00,6342.66,6399.24,6308.72,6399.24,1.4063,False,2025,2025-07-17 13:00:00,8.0,0.0,4+
n2_h4dow_trail,n2,h4dow,trail,EURUSD,L,2025-07-22 10:50:00-04:00,2025-07-24 02:45:00-04:00,1.17168,1.17622,1.17622,,1.121,False,2025,2025-07-22 09:00:00,1.0,1.0,1
n3_h4dow_trail,n3,h4dow,trail,EURUSD,L,2025-07-22 10:50:00-04:00,2025-07-24 02:45:00-04:00,1.17168,1.17622,1.17622,,1.121,False,2025,2025-07-22 09:00:00,12.0,0.0,4+
n2_h4w18_trail,n2,h4w18,trail,EURUSD,L,2025-07-22 10:54:00-04:00,2025-07-24 02:45:00-04:00,1.17218,1.17622,1.17622,,0.996,False,2025,2025-07-22 09:00:00,1.0,1.0,1
n3_h4w18_trail,n3,h4w18,trail,EURUSD,L,2025-07-22 10:54:00-04:00,2025-07-24 02:45:00-04:00,1.17218,1.17622,1.17622,,0.996,False,2025,2025-07-22 09:00:00,12.0,0.0,4+
n2_h4w18_fixed,n2,h4w18,fixed,EURUSD,L,2025-07-22 10:54:00-04:00,2025-07-24 10:07:00-04:00,1.17218,1.17886,1.16818,1.17886,1.656,False,2025,2025-07-22 09:00:00,1.0,1.0,1
n3_h4w18_fixed,n3,h4w18,fixed,EURUSD,L,2025-07-22 10:54:00-04:00,2025-07-24 10:07:00-04:00,1.17218,1.17886,1.16818,1.17886,1.656,False,2025,2025-07-22 09:00:00,12.0,0.0,4+
n2_h4dow_fixed,n2,h4dow,fixed,EURUSD,L,2025-07-23 12:05:00-04:00,2025-07-25 07:16:00-04:00,1.17606,1.17197,1.17197,1.18288,-1.0136,False,2025,2025-07-23 09:00:00,2.0,1.0,2-3
n3_h4dow_fixed,n3,h4dow,fixed,EURUSD,L,2025-07-23 12:05:00-04:00,2025-07-25 07:16:00-04:00,1.17606,1.17197,1.17197,1.18288,-1.0136,False,2025,2025-07-23 09:00:00,2.0,1.0,2-3
n3_h4dow_fixed,n3,h4dow,fixed,SP500,L,2025-07-24 09:47:00-04:00,2025-07-27 18:01:00-04:00,6407.2,6449.34,6383.04,6447.48,1.6725,False,2025,2025-07-24 09:00:00,2.0,0.0,2-3
n3_h4dow_trail,n3,h4dow,trail,SP500,L,2025-07-23 06:23:00-04:00,2025-07-29 11:28:00-04:00,6373.8,6409.14,6409.14,,1.2255,False,2025,2025-07-23 05:00:00,2.0,0.0,2-3
n2_h4dow_fixed,n2,h4dow,fixed,GBPUSD,S,2025-07-30 09:00:00-04:00,2025-07-30 15:05:00-04:00,1.33075,1.32325,1.33525,1.32325,1.6364,False,2025,2025-07-30 09:00:00,1.0,1.0,1
n3_h4dow_fixed,n3,h4dow,fixed,GBPUSD,S,2025-07-30 09:00:00-04:00,2025-07-30 15:05:00-04:00,1.33075,1.32325,1.33525,1.32325,1.6364,False,2025,2025-07-30 09:00:00,1.0,1.0,1
n2_h4dow_fixed,n2,h4dow,fixed,USDJPY,L,2025-07-30 08:53:00-04:00,2025-07-31 05:41:00-04:00,148.81,149.84,148.192,149.84,1.6571,False,2025,2025-07-30 05:00:00,0.0,1.0,0
n3_h4dow_fixed,n3,h4dow,fixed,USDJPY,L,2025-07-30 08:53:00-04:00,2025-07-31 05:41:00-04:00,148.81,149.84,148.192,149.84,1.6571,False,2025,2025-07-30 05:00:00,0.0,1.0,0
n2_h4w18_fixed,n2,h4w18,fixed,USDJPY,L,2025-07-30 14:48:00-04:00,2025-07-31 09:09:00-04:00,149.187,150.335,148.499,150.335,1.6589,False,2025,2025-07-30 13:00:00,0.0,1.0,0
n3_h4w18_fixed,n3,h4w18,fixed,USDJPY,L,2025-07-30 14:48:00-04:00,2025-07-31 09:09:00-04:00,149.187,150.335,148.499,150.335,1.6589,False,2025,2025-07-30 13:00:00,0.0,1.0,0
n3_h4dow_fixed,n3,h4dow,fixed,SP500,L,2025-07-30 18:43:00-04:00,2025-07-31 11:11:00-04:00,6442.4,6412.08,6412.08,6492.93,-0.9194,False,2025,2025-07-30 17:00:00,4.0,0.0,4+
n3_h4dow_trail,n3,h4dow,trail,SP500,L,2025-07-30 18:43:00-04:00,2025-07-31 11:11:00-04:00,6442.4,6412.08,6412.08,,-0.9194,False,2025,2025-07-30 17:00:00,4.0,0.0,4+
n2_h4dow_trail,n2,h4dow,trail,GBPUSD,S,2025-07-30 09:00:00-04:00,2025-08-01 08:31:00-04:00,1.33075,1.32133,1.32133,,2.0631,False,2025,2025-07-30 09:00:00,1.0,1.0,1
n3_h4dow_trail,n3,h4dow,trail,GBPUSD,S,2025-07-30 09:00:00-04:00,2025-08-01 08:31:00-04:00,1.33075,1.32133,1.32133,,2.0631,False,2025,2025-07-30 09:00:00,1.0,1.0,1
n2_h4dow_fixed,n2,h4dow,fixed,GBPUSD,S,2025-07-31 06:06:00-04:00,2025-08-01 08:43:00-04:00,1.32283,1.32863,1.32863,1.31315,-1.0234,False,2025,2025-07-31 05:00:00,2.0,1.0,2-3
n3_h4dow_fixed,n3,h4dow,fixed,GBPUSD,S,2025-07-31 06:06:00-04:00,2025-08-01 08:43:00-04:00,1.32283,1.32863,1.32863,1.31315,-1.0234,False,2025,2025-07-31 05:00:00,2.0,1.0,2-3
n2_h4dow_trail,n2,h4dow,trail,USDJPY,L,2025-07-30 08:53:00-04:00,2025-08-01 08:55:00-04:00,148.81,148.592,148.592,,-0.3584,False,2025,2025-07-30 05:00:00,0.0,1.0,0
n3_h4dow_trail,n3,h4dow,trail,USDJPY,L,2025-07-30 08:53:00-04:00,2025-08-01 08:55:00-04:00,148.81,148.592,148.592,,-0.3584,False,2025,2025-07-30 05:00:00,0.0,1.0,0
n2_h4w18_trail,n2,h4w18,trail,USDJPY,L,2025-07-30 14:48:00-04:00,2025-08-01 08:55:00-04:00,149.187,148.592,148.592,,-0.8684,False,2025,2025-07-30 13:00:00,0.0,1.0,0
n3_h4w18_trail,n3,h4w18,trail,USDJPY,L,2025-07-30 14:48:00-04:00,2025-08-01 08:55:00-04:00,149.187,148.592,148.592,,-0.8684,False,2025,2025-07-30 13:00:00,0.0,1.0,0
n2_h4dow_trail,n2,h4dow,trail,USDJPY,L,2025-08-06 04:34:00-04:00,2025-08-06 09:20:00-04:00,147.835,147.307,147.307,,-0.7366,False,2025,2025-08-06 01:00:00,2.0,0.0,2-3
n3_h4dow_trail,n3,h4dow,trail,USDJPY,L,2025-08-06 04:34:00-04:00,2025-08-06 09:20:00-04:00,147.835,147.307,147.307,,-0.7366,False,2025,2025-08-06 01:00:00,2.0,0.0,2-3
n2_h4dow_fixed,n2,h4dow,fixed,USDJPY,L,2025-08-06 04:34:00-04:00,2025-08-06 14:23:00-04:00,147.835,147.115,147.115,149.035,-1.0026,False,2025,2025-08-06 01:00:00,2.0,0.0,2-3
n3_h4dow_fixed,n3,h4dow,fixed,USDJPY,L,2025-08-06 04:34:00-04:00,2025-08-06 14:23:00-04:00,147.835,147.115,147.115,149.035,-1.0026,False,2025,2025-08-06 01:00:00,2.0,0.0,2-3
n2_h4dow_trail,n2,h4dow,trail,GBPUSD,S,2025-08-11 08:35:00-04:00,2025-08-11 20:01:00-04:00,1.3418,1.34372,1.34372,,-0.4797,False,2025,2025-08-11 05:00:00,4.0,1.0,4+
n3_h4dow_trail,n3,h4dow,trail,GBPUSD,S,2025-08-11 08:35:00-04:00,2025-08-11 20:01:00-04:00,1.3418,1.34372,1.34372,,-0.4797,False,2025,2025-08-11 05:00:00,4.0,1.0,4+
n2_h4dow_fixed,n2,h4dow,fixed,GBPUSD,S,2025-08-11 08:35:00-04:00,2025-08-12 04:30:00-04:00,1.3418,1.34609,1.34609,1.33465,-1.0322,False,2025,2025-08-11 05:00:00,4.0,1.0,4+
n3_h4dow_fixed,n3,h4dow,fixed,GBPUSD,S,2025-08-11 08:35:00-04:00,2025-08-12 04:30:00-04:00,1.3418,1.34609,1.34609,1.33465,-1.0322,False,2025,2025-08-11 05:00:00,4.0,1.0,4+
n2_h4dow_trail,n2,h4dow,trail,USDJPY,L,2025-08-08 08:18:00-04:00,2025-08-12 08:30:00-04:00,147.886,148.149,148.149,,0.3524,False,2025,2025-08-08 05:00:00,1.0,1.0,1
n3_h4dow_trail,n3,h4dow,trail,USDJPY,L,2025-08-08 08:18:00-04:00,2025-08-12 08:30:00-04:00,147.886,148.149,148.149,,0.3524,False,2025,2025-08-08 05:00:00,3.0,0.0,2-3
n2_h4dow_trail,n2,h4dow,trail,EURUSD,S,2025-08-11 10:04:00-04:00,2025-08-12 08:30:00-04:00,1.1611,1.1629,1.1629,,-0.4051,False,2025,2025-08-11 09:00:00,4.0,0.0,4+
n3_h4dow_trail,n3,h4dow,trail,EURUSD,S,2025-08-11 10:04:00-04:00,2025-08-12 08:30:00-04:00,1.1611,1.1629,1.1629,,-0.4051,False,2025,2025-08-11 09:00:00,4.0,0.0,4+
n2_h4dow_fixed,n2,h4dow,fixed,EURUSD,S,2025-08-11 10:04:00-04:00,2025-08-12 09:44:00-04:00,1.1611,1.16568,1.16568,1.15347,-1.0121,False,2025,2025-08-11 09:00:00,4.0,0.0,4+
n3_h4dow_fixed,n3,h4dow,fixed,EURUSD,S,2025-08-11 10:04:00-04:00,2025-08-12 09:44:00-04:00,1.1611,1.16568,1.16568,1.15347,-1.0121,False,2025,2025-08-11 09:00:00,4.0,0.0,4+
n2_h4dow_fixed,n2,h4dow,fixed,AUDUSD,S,2025-08-12 05:50:00-04:00,2025-08-12 10:56:00-04:00,0.64898,0.65166,0.65166,0.6445,-1.0314,False,2025,2025-08-12 05:00:00,1.0,1.0,1
n2_h4dow_trail,n2,h4dow,trail,AUDUSD,S,2025-08-12 05:50:00-04:00,2025-08-12 10:56:00-04:00,0.64898,0.65167,0.65167,,-1.0313,False,2025,2025-08-12 05:00:00,1.0,1.0,1
n2_h4dow_trail,n2,h4dow,trail,USDCHF,L,2025-08-11 05:15:00-04:00,2025-08-12 18:10:00-04:00,0.80897,0.80612,0.80612,,-1.0215,False,2025,2025-08-11 05:00:00,1.0,1.0,1
n2_h4dow_fixed,n2,h4dow,fixed,USDCHF,L,2025-08-11 05:15:00-04:00,2025-08-13 02:40:00-04:00,0.80897,0.80601,0.80601,0.81389,-1.0587,False,2025,2025-08-11 05:00:00,1.0,1.0,1
n2_h4dow_fixed,n2,h4dow,fixed,USDJPY,L,2025-08-08 08:18:00-04:00,2025-08-13 10:08:00-04:00,147.886,147.152,147.152,149.108,-1.0035,False,2025,2025-08-08 05:00:00,1.0,1.0,1
n3_h4dow_fixed,n3,h4dow,fixed,USDJPY,L,2025-08-08 08:18:00-04:00,2025-08-13 10:08:00-04:00,147.886,147.152,147.152,149.108,-1.0035,False,2025,2025-08-08 05:00:00,3.0,0.0,2-3
n3_h4dow_trail,n3,h4dow,trail,USDCHF,L,2025-08-18 21:29:00-04:00,2025-08-19 02:46:00-04:00,0.80812,0.80651,0.80651,,-0.728,False,2025,2025-08-18 21:00:00,1.0,1.0,1
n3_h4dow_fixed,n3,h4dow,fixed,USDCHF,L,2025-08-18 21:29:00-04:00,2025-08-19 03:11:00-04:00,0.80812,0.80568,0.80568,0.81219,-1.0711,False,2025,2025-08-18 21:00:00,1.0,1.0,1
n3_h4dow_fixed,n3,h4dow,fixed,USDCHF,L,2025-08-19 20:05:00-04:00,2025-08-20 08:33:00-04:00,0.80857,0.80613,0.80613,0.81264,-1.0712,False,2025,2025-08-19 17:00:00,1.0,1.0,1
n3_h4dow_trail,n3,h4dow,trail,USDCHF,L,2025-08-19 20:05:00-04:00,2025-08-20 08:33:00-04:00,0.80857,0.80612,0.80612,,-1.0709,False,2025,2025-08-19 17:00:00,1.0,1.0,1
n2_h4dow_fixed,n2,h4dow,fixed,USDCHF,S,2025-08-20 10:04:00-04:00,2025-08-21 09:45:00-04:00,0.80475,0.80735,0.80735,0.80043,-1.0667,False,2025,2025-08-20 09:00:00,2.0,1.0,2-3
n2_h4dow_trail,n2,h4dow,trail,USDCHF,S,2025-08-20 10:04:00-04:00,2025-08-21 09:45:00-04:00,0.80475,0.80734,0.80734,,-1.0669,False,2025,2025-08-20 09:00:00,2.0,1.0,2-3
n3_h4dow_trail,n3,h4dow,trail,USDCHF,L,2025-08-21 21:33:00-04:00,2025-08-22 09:04:00-04:00,0.80931,0.80791,0.80791,,-0.5984,False,2025,2025-08-21 21:00:00,3.0,0.0,2-3
n3_h4dow_trail,n3,h4dow,trail,EURUSD,S,2025-08-19 20:03:00-04:00,2025-08-22 09:05:00-04:00,1.16392,1.16167,1.16167,,0.627,False,2025,2025-08-19 17:00:00,1.0,1.0,1
n3_h4w18_trail,n3,h4w18,trail,EURUSD,S,2025-08-21 23:57:00-04:00,2025-08-22 09:05:00-04:00,1.159,1.16167,1.16167,,-0.7634,False,2025,2025-08-21 21:00:00,3.0,1.0,2-3
n3_h4dow_fixed,n3,h4dow,fixed,USDCHF,L,2025-08-21 21:33:00-04:00,2025-08-22 10:00:00-04:00,0.80931,0.80669,0.80669,0.81369,-1.0663,False,2025,2025-08-21 21:00:00,3.0,0.0,2-3
n3_h4w18_fixed,n3,h4w18,fixed,EURUSD,S,2025-08-21 23:57:00-04:00,2025-08-22 10:00:00-04:00,1.159,1.16257,1.16257,1.15305,-1.0155,False,2025,2025-08-21 21:00:00,3.0,1.0,2-3
n3_h4dow_fixed,n3,h4dow,fixed,EURUSD,S,2025-08-19 20:03:00-04:00,2025-08-22 10:03:00-04:00,1.16392,1.16742,1.16742,1.1581,-1.0158,False,2025,2025-08-19 17:00:00,1.0,1.0,1
n2_h4dow_fixed,n2,h4dow,fixed,EURUSD,L,2025-08-22 10:03:00-04:00,2025-08-22 13:09:00-04:00,1.16738,1.17326,1.16385,1.17326,1.6499,False,2025,2025-08-22 09:00:00,3.0,0.0,2-3
n2_h4dow_fixed,n2,h4dow,fixed,USDJPY,S,2025-08-22 10:19:00-04:00,2025-08-24 20:03:00-04:00,146.873,147.393,147.393,146.006,-1.0058,False,2025,2025-08-22 09:00:00,2.0,0.0,2-3
n2_h4dow_trail,n2,h4dow,trail,USDJPY,S,2025-08-22 10:19:00-04:00,2025-08-24 20:03:00-04:00,146.873,147.394,147.394,,-1.0051,False,2025,2025-08-22 09:00:00,2.0,0.0,2-3
n3_h4dow_fixed,n3,h4dow,fixed,USDJPY,S,2025-08-22 10:19:00-04:00,2025-08-24 20:03:00-04:00,146.873,147.393,147.393,146.006,-1.0058,False,2025,2025-08-22 09:00:00,2.0,0.0,2-3
n3_h4dow_trail,n3,h4dow,trail,USDJPY,S,2025-08-22 10:19:00-04:00,2025-08-24 20:03:00-04:00,146.873,147.394,147.394,,-1.0051,False,2025,2025-08-22 09:00:00,2.0,0.0,2-3
n2_h4w18_trail,n2,h4w18,trail,EURUSD,L,2025-08-22 11:27:00-04:00,2025-08-24 21:31:00-04:00,1.17302,1.1695,1.1695,,-1.0158,False,2025,2025-08-22 09:00:00,3.0,0.0,2-3
n2_h4w18_fixed,n2,h4w18,fixed,EURUSD,L,2025-08-22 11:27:00-04:00,2025-08-24 21:46:00-04:00,1.17302,1.16949,1.16949,1.1789,-1.0158,False,2025,2025-08-22 09:00:00,3.0,0.0,2-3
n2_h4dow_trail,n2,h4dow,trail,EURUSD,L,2025-08-22 10:03:00-04:00,2025-08-25 05:51:00-04:00,1.16738,1.16934,1.16934,,0.541,False,2025,2025-08-22 09:00:00,3.0,0.0,2-3
n2_h4dow_trail,n2,h4dow,trail,USDCHF,S,2025-08-22 10:16:00-04:00,2025-08-25 11:54:00-04:00,0.80313,0.80354,0.80354,,-0.2285,False,2025,2025-08-22 09:00:00,3.0,0.0,2-3
n2_h4w18_trail,n2,h4w18,trail,USDCHF,S,2025-08-22 10:18:00-04:00,2025-08-25 11:54:00-04:00,0.80224,0.80354,0.80354,,-0.5775,False,2025,2025-08-22 09:00:00,3.0,0.0,2-3
n2_h4w18_fixed,n2,h4w18,fixed,USDCHF,S,2025-08-22 10:18:00-04:00,2025-08-25 13:55:00-04:00,0.80224,0.80479,0.80479,0.79799,-1.0678,False,2025,2025-08-22 09:00:00,3.0,0.0,2-3
n2_h4dow_fixed,n2,h4dow,fixed,USDCHF,S,2025-08-22 10:16:00-04:00,2025-08-25 14:39:00-04:00,0.80313,0.80568,0.80568,0.79888,-1.0678,False,2025,2025-08-22 09:00:00,3.0,0.0,2-3
n3_h4dow_fixed,n3,h4dow,fixed,SP500,L,2025-08-27 13:58:00-04:00,2025-08-27 16:21:00-04:00,6496.08,6469.71,6469.71,6540.03,-0.9345,False,2025,2025-08-27 13:00:00,1.0,1.0,1
n3_h4dow_trail,n3,h4dow,trail,SP500,L,2025-08-27 13:58:00-04:00,2025-08-27 16:21:00-04:00,6496.08,6472.41,6472.41,,-0.8401,False,2025,2025-08-27 13:00:00,1.0,1.0,1
n3_h4w18_fixed,n3,h4w18,fixed,SP500,L,2025-08-27 13:58:00-04:00,2025-08-27 16:21:00-04:00,6496.08,6469.71,6469.71,6540.03,-0.9345,False,2025,2025-08-27 13:00:00,1.0,1.0,1
n3_h4w18_trail,n3,h4w18,trail,SP500,L,2025-08-27 13:58:00-04:00,2025-08-27 16:21:00-04:00,6496.08,6472.41,6472.41,,-0.8401,False,2025,2025-08-27 13:00:00,1.0,1.0,1
n2_h4dow_fixed,n2,h4dow,fixed,USDJPY,L,2025-08-27 00:20:00-04:00,2025-08-27 18:35:00-04:00,147.94,147.252,147.252,149.088,-1.0032,False,2025,2025-08-26 21:00:00,1.0,1.0,1
n2_h4dow_trail,n2,h4dow,trail,USDJPY,L,2025-08-27 00:20:00-04:00,2025-08-27 18:35:00-04:00,147.94,147.252,147.252,,-1.0032,False,2025,2025-08-26 21:00:00,1.0,1.0,1
n2_h4dow_trail,n2,h4dow,trail,USDCHF,S,2025-08-27 12:34:00-04:00,2025-08-28 08:30:00-04:00,0.80258,0.80217,0.80217,,0.07,False,2025,2025-08-27 09:00:00,1.0,1.0,1
n2_h4w18_trail,n2,h4w18,trail,USDCHF,S,2025-08-28 06:26:00-04:00,2025-08-28 08:30:00-04:00,0.80003,0.80217,0.80217,,-0.7708,False,2025,2025-08-28 05:00:00,2.0,0.0,2-3
n3_h4w18_trail,n3,h4w18,trail,USDCHF,S,2025-08-28 06:26:00-04:00,2025-08-28 08:30:00-04:00,0.80003,0.80217,0.80217,,-0.7708,False,2025,2025-08-28 05:00:00,2.0,0.0,2-3
n2_h4w18_fixed,n2,h4w18,fixed,USDCHF,S,2025-08-28 06:26:00-04:00,2025-08-28 09:30:00-04:00,0.80003,0.80303,0.80303,0.79503,-1.0575,False,2025,2025-08-28 05:00:00,2.0,0.0,2-3
n3_h4w18_fixed,n3,h4w18,fixed,USDCHF,S,2025-08-28 06:26:00-04:00,2025-08-28 09:30:00-04:00,0.80003,0.80303,0.80303,0.79503,-1.0575,False,2025,2025-08-28 05:00:00,2.0,0.0,2-3
n2_h4dow_trail,n2,h4dow,trail,GBPUSD,L,2025-08-27 12:47:00-04:00,2025-08-29 04:14:00-04:00,1.34932,1.34831,1.34831,,-0.2502,False,2025,2025-08-27 09:00:00,1.0,1.0,1
n2_h4dow_fixed,n2,h4dow,fixed,GBPUSD,L,2025-08-27 12:47:00-04:00,2025-08-29 08:11:00-04:00,1.34932,1.34473,1.34473,1.35697,-1.0301,False,2025,2025-08-27 09:00:00,1.0,1.0,1
n2_h4dow_trail,n2,h4dow,trail,USDCHF,S,2025-08-29 10:32:00-04:00,2025-09-01 08:43:00-04:00,0.79942,0.8012,0.8012,,-0.5845,False,2025,2025-08-29 09:00:00,2.0,0.0,2-3
n3_h4dow_trail,n3,h4dow,trail,USDCHF,S,2025-08-29 10:32:00-04:00,2025-09-01 08:43:00-04:00,0.79942,0.8012,0.8012,,-0.5845,False,2025,2025-08-29 09:00:00,2.0,0.0,2-3
n2_h4w18_fixed,n2,h4w18,fixed,GBPUSD,L,2025-09-01 09:14:00-04:00,2025-09-02 03:09:00-04:00,1.3544,1.35036,1.35036,1.36112,-1.0343,False,2025,2025-09-01 09:00:00,3.0,0.0,2-3
n2_h4w18_trail,n2,h4w18,trail,GBPUSD,L,2025-09-01 09:14:00-04:00,2025-09-02 03:09:00-04:00,1.3544,1.35036,1.35036,,-1.0343,False,2025,2025-09-01 09:00:00,3.0,0.0,2-3
n3_h4w18_fixed,n3,h4w18,fixed,GBPUSD,L,2025-09-01 09:14:00-04:00,2025-09-02 03:09:00-04:00,1.3544,1.35036,1.35036,1.36112,-1.0343,False,2025,2025-09-01 09:00:00,3.0,0.0,2-3
n3_h4w18_trail,n3,h4w18,trail,GBPUSD,L,2025-09-01 09:14:00-04:00,2025-09-02 03:09:00-04:00,1.3544,1.35036,1.35036,,-1.0343,False,2025,2025-09-01 09:00:00,3.0,0.0,2-3
n2_h4dow_fixed,n2,h4dow,fixed,GBPUSD,L,2025-09-01 02:05:00-04:00,2025-09-02 03:11:00-04:00,1.35308,1.34878,1.34878,1.36026,-1.0322,False,2025,2025-09-01 01:00:00,3.0,0.0,2-3
n2_h4dow_trail,n2,h4dow,trail,GBPUSD,L,2025-09-01 02:05:00-04:00,2025-09-02 03:11:00-04:00,1.35308,1.34878,1.34878,,-1.0322,False,2025,2025-09-01 01:00:00,3.0,0.0,2-3
n3_h4dow_fixed,n3,h4dow,fixed,GBPUSD,L,2025-09-01 02:05:00-04:00,2025-09-02 03:11:00-04:00,1.35308,1.34878,1.34878,1.36026,-1.0322,False,2025,2025-09-01 01:00:00,3.0,0.0,2-3
n3_h4dow_trail,n3,h4dow,trail,GBPUSD,L,2025-09-01 02:05:00-04:00,2025-09-02 03:11:00-04:00,1.35308,1.34878,1.34878,,-1.0322,False,2025,2025-09-01 01:00:00,3.0,0.0,2-3
n3_h4dow_fixed,n3,h4dow,fixed,USDJPY,L,2025-09-01 21:31:00-04:00,2025-09-02 03:14:00-04:00,147.409,148.234,146.914,148.234,1.6587,False,2025,2025-09-01 21:00:00,3.0,0.0,2-3
n3_h4dow_fixed,n3,h4dow,fixed,USDCHF,S,2025-08-29 10:32:00-04:00,2025-09-02 03:30:00-04:00,0.79942,0.80277,0.80277,0.79384,-1.0514,False,2025,2025-08-29 09:00:00,2.0,0.0,2-3
n3_h4w18_fixed,n3,h4w18,fixed,USDJPY,L,2025-09-02 04:07:00-04:00,2025-09-02 04:41:00-04:00,148.777,148.228,148.228,149.692,-1.0063,False,2025,2025-09-02 01:00:00,3.0,0.0,2-3
n3_h4w18_trail,n3,h4w18,trail,USDJPY,L,2025-09-02 04:07:00-04:00,2025-09-02 04:41:00-04:00,148.777,148.228,148.228,,-1.0063,False,2025,2025-09-02 01:00:00,3.0,0.0,2-3
n2_h4dow_fixed,n2,h4dow,fixed,USDCHF,S,2025-08-27 12:34:00-04:00,2025-09-02 08:39:00-04:00,0.80258,0.80597,0.80597,0.79693,-1.051,False,2025,2025-08-27 09:00:00,1.0,1.0,1
n3_h4dow_fixed,n3,h4dow,fixed,USDJPY,L,2025-09-03 03:18:00-04:00,2025-09-03 10:02:00-04:00,148.945,148.246,148.246,150.11,-1.0051,False,2025,2025-09-03 01:00:00,3.0,0.0,2-3
n3_h4dow_trail,n3,h4dow,trail,USDJPY,L,2025-09-01 21:31:00-04:00,2025-09-03 11:30:00-04:00,147.409,147.941,147.941,,1.0668,False,2025,2025-09-01 21:00:00,3.0,0.0,2-3
n2_h4dow_fixed,n2,h4dow,fixed,USDCHF,S,2025-09-05 05:14:00-04:00,2025-09-05 09:12:00-04:00,0.80272,0.79857,0.80521,0.79857,1.5975,False,2025,2025-09-05 05:00:00,3.0,0.0,2-3
n3_h4dow_fixed,n3,h4dow,fixed,USDCHF,S,2025-09-05 05:14:00-04:00,2025-09-05 09:12:00-04:00,0.80272,0.79857,0.80521,0.79857,1.5975,False,2025,2025-09-05 05:00:00,5.0,0.0,4+
n2_h4dow_fixed,n2,h4dow,fixed,SP500,L,2025-09-05 01:32:00-04:00,2025-09-05 10:23:00-04:00,6522.84,6491.74,6491.74,6574.66,-0.943,False,2025,2025-09-05 01:00:00,0.0,1.0,0
n2_h4dow_trail,n2,h4dow,trail,SP500,L,2025-09-05 01:32:00-04:00,2025-09-05 10:23:00-04:00,6522.84,6491.74,6491.74,,-0.943,False,2025,2025-09-05 01:00:00,0.0,1.0,0
n2_h4w18_fixed,n2,h4w18,fixed,SP500,L,2025-09-05 01:32:00-04:00,2025-09-05 10:23:00-04:00,6522.84,6491.74,6491.74,6574.66,-0.943,False,2025,2025-09-05 01:00:00,0.0,1.0,0
n2_h4w18_trail,n2,h4w18,trail,SP500,L,2025-09-05 01:32:00-04:00,2025-09-05 10:23:00-04:00,6522.84,6491.74,6491.74,,-0.943,False,2025,2025-09-05 01:00:00,0.0,1.0,0
n3_h4dow_fixed,n3,h4dow,fixed,SP500,L,2025-09-05 01:32:00-04:00,2025-09-05 10:23:00-04:00,6522.84,6491.74,6491.74,6574.66,-0.943,False,2025,2025-09-05 01:00:00,2.0,0.0,2-3
n3_h4dow_trail,n3,h4dow,trail,SP500,L,2025-09-05 01:32:00-04:00,2025-09-05 10:23:00-04:00,6522.84,6491.74,6491.74,,-0.943,False,2025,2025-09-05 01:00:00,2.0,0.0,2-3
n3_h4w18_fixed,n3,h4w18,fixed,SP500,L,2025-09-05 01:32:00-04:00,2025-09-05 10:23:00-04:00,6522.84,6491.74,6491.74,6574.66,-0.943,False,2025,2025-09-05 01:00:00,2.0,0.0,2-3
n3_h4w18_trail,n3,h4w18,trail,SP500,L,2025-09-05 01:32:00-04:00,2025-09-05 10:23:00-04:00,6522.84,6491.74,6491.74,,-0.943,False,2025,2025-09-05 01:00:00,2.0,0.0,2-3
n2_h4w18_fixed,n2,h4w18,fixed,USDCHF,S,2025-09-05 09:12:00-04:00,2025-09-08 09:14:00-04:00,0.79858,0.7935,0.80162,0.7935,1.6147,False,2025,2025-09-05 09:00:00,3.0,0.0,2-3
n3_h4w18_fixed,n3,h4w18,fixed,USDCHF,S,2025-09-05 09:12:00-04:00,2025-09-08 09:14:00-04:00,0.79858,0.7935,0.80162,0.7935,1.6147,False,2025,2025-09-05 09:00:00,5.0,0.0,4+
n2_h4dow_trail,n2,h4dow,trail,USDCHF,S,2025-09-05 05:14:00-04:00,2025-09-09 20:05:00-04:00,0.80272,0.79795,0.79795,,1.8465,False,2025,2025-09-05 05:00:00,3.0,0.0,2-3
n3_h4dow_trail,n3,h4dow,trail,USDCHF,S,2025-09-05 05:14:00-04:00,2025-09-09 20:05:00-04:00,0.80272,0.79795,0.79795,,1.8465,False,2025,2025-09-05 05:00:00,5.0,0.0,4+
n2_h4w18_trail,n2,h4w18,trail,USDCHF,S,2025-09-05 09:12:00-04:00,2025-09-09 20:05:00-04:00,0.79858,0.79795,0.79795,,0.1508,False,2025,2025-09-05 09:00:00,3.0,0.0,2-3
n3_h4w18_trail,n3,h4w18,trail,USDCHF,S,2025-09-05 09:12:00-04:00,2025-09-09 20:05:00-04:00,0.79858,0.79795,0.79795,,0.1508,False,2025,2025-09-05 09:00:00,5.0,0.0,4+
n2_h4dow_fixed,n2,h4dow,fixed,USDCHF,S,2025-09-08 04:00:00-04:00,2025-09-10 08:19:00-04:00,0.79563,0.79866,0.79866,0.79058,-1.0566,False,2025,2025-09-08 01:00:00,3.0,0.0,2-3
n3_h4dow_fixed,n3,h4dow,fixed,USDCHF,S,2025-09-08 04:00:00-04:00,2025-09-10 08:19:00-04:00,0.79563,0.79866,0.79866,0.79058,-1.0566,False,2025,2025-09-08 01:00:00,5.0,0.0,4+
n2_h4dow_trail,n2,h4dow,trail,SP500,L,2025-09-09 02:15:00-04:00,2025-09-10 15:08:00-04:00,6516.39,6529.5,6529.5,,0.3833,False,2025,2025-09-09 01:00:00,1.0,1.0,1
n3_h4dow_trail,n3,h4dow,trail,SP500,L,2025-09-09 02:15:00-04:00,2025-09-10 15:08:00-04:00,6516.39,6529.5,6529.5,,0.3833,False,2025,2025-09-09 01:00:00,1.0,1.0,1
n2_h4dow_fixed,n2,h4dow,fixed,SP500,L,2025-09-09 02:15:00-04:00,2025-09-11 09:53:00-04:00,6516.39,6566.42,6486.37,6566.42,1.4908,False,2025,2025-09-09 01:00:00,1.0,1.0,1
n3_h4dow_fixed,n3,h4dow,fixed,SP500,L,2025-09-09 02:15:00-04:00,2025-09-11 09:53:00-04:00,6516.39,6566.42,6486.37,6566.42,1.4908,False,2025,2025-09-09 01:00:00,1.0,1.0,1
n2_h4dow_fixed,n2,h4dow,fixed,EURUSD,L,2025-09-12 03:02:00-04:00,2025-09-12 08:28:00-04:00,1.17462,1.17102,1.17102,1.18062,-1.0155,False,2025,2025-09-12 01:00:00,3.0,0.0,2-3
n2_h4dow_trail,n2,h4dow,trail,EURUSD,L,2025-09-12 03:02:00-04:00,2025-09-12 08:28:00-04:00,1.17462,1.17102,1.17102,,-1.0155,False,2025,2025-09-12 01:00:00,3.0,0.0,2-3
n2_h4dow_fixed,n2,h4dow,fixed,SP500,L,2025-09-12 14:32:00-04:00,2025-09-14 18:01:00-04:00,6599.71,6645.96,6575.35,6640.31,1.8364,False,2025,2025-09-12 13:00:00,3.0,1.0,2-3
n3_h4dow_fixed,n3,h4dow,fixed,SP500,L,2025-09-12 14:32:00-04:00,2025-09-14 18:01:00-04:00,6599.71,6645.96,6575.35,6640.31,1.8364,False,2025,2025-09-12 13:00:00,3.0,1.0,2-3
n3_h4dow_fixed,n3,h4dow,fixed,GBPUSD,L,2025-09-11 10:18:00-04:00,2025-09-16 03:20:00-04:00,1.3566,1.36398,1.35218,1.36398,1.6381,False,2025,2025-09-11 09:00:00,2.0,1.0,2-3
n2_h4dow_fixed,n2,h4dow,fixed,EURUSD,L,2025-09-15 05:30:00-04:00,2025-09-16 05:10:00-04:00,1.17478,1.18053,1.17133,1.18053,1.6504,False,2025,2025-09-15 05:00:00,4.0,0.0,4+
n3_h4dow_fixed,n3,h4dow,fixed,EURUSD,L,2025-09-15 05:30:00-04:00,2025-09-16 05:10:00-04:00,1.17478,1.18053,1.17133,1.18053,1.6504,False,2025,2025-09-15 05:00:00,4.0,0.0,4+
n2_h4dow_fixed,n2,h4dow,fixed,USDCHF,S,2025-09-15 06:26:00-04:00,2025-09-16 05:47:00-04:00,0.79486,0.79086,0.79726,0.79086,1.5956,False,2025,2025-09-15 05:00:00,2.0,1.0,2-3
n3_h4dow_fixed,n3,h4dow,fixed,USDCHF,S,2025-09-15 06:26:00-04:00,2025-09-16 05:47:00-04:00,0.79486,0.79086,0.79726,0.79086,1.5956,False,2025,2025-09-15 05:00:00,2.0,1.0,2-3
n2_h4w18_fixed,n2,h4w18,fixed,EURUSD,L,2025-09-15 23:31:00-04:00,2025-09-16 10:05:00-04:00,1.17801,1.18346,1.17474,1.18346,1.6495,False,2025,2025-09-15 21:00:00,1.0,1.0,1
n3_h4w18_fixed,n3,h4w18,fixed,EURUSD,L,2025-09-15 23:31:00-04:00,2025-09-16 10:05:00-04:00,1.17801,1.18346,1.17474,1.18346,1.6495,False,2025,2025-09-15 21:00:00,4.0,0.0,4+
n2_h4w18_fixed,n2,h4w18,fixed,USDCHF,S,2025-09-16 05:10:00-04:00,2025-09-16 10:16:00-04:00,0.79156,0.78761,0.79393,0.78761,1.595,False,2025,2025-09-16 05:00:00,1.0,1.0,1
n3_h4w18_fixed,n3,h4w18,fixed,USDCHF,S,2025-09-16 05:10:00-04:00,2025-09-16 10:16:00-04:00,0.79156,0.78761,0.79393,0.78761,1.595,False,2025,2025-09-16 05:00:00,2.0,1.0,2-3
n2_h4dow_trail,n2,h4dow,trail,SP500,L,2025-09-11 09:53:00-04:00,2025-09-16 11:02:00-04:00,6564.63,6663.88,6663.88,,3.462,False,2025,2025-09-11 09:00:00,3.0,1.0,2-3
n3_h4dow_trail,n3,h4dow,trail,SP500,L,2025-09-11 09:53:00-04:00,2025-09-16 11:02:00-04:00,6564.63,6663.88,6663.88,,3.462,False,2025,2025-09-11 09:00:00,3.0,1.0,2-3
n2_h4dow_fixed,n2,h4dow,fixed,USDJPY,S,2025-09-16 00:24:00-04:00,2025-09-16 20:14:00-04:00,146.989,146.247,147.435,146.247,1.6535,False,2025,2025-09-15 21:00:00,1.0,1.0,1
n2_h4dow_trail,n2,h4dow,trail,USDJPY,S,2025-09-16 00:24:00-04:00,2025-09-17 03:14:00-04:00,146.989,146.608,146.608,,0.8467,False,2025,2025-09-15 21:00:00,1.0,1.0,1
n2_h4w18_trail,n2,h4w18,trail,USDJPY,S,2025-09-16 13:12:00-04:00,2025-09-17 03:14:00-04:00,146.309,146.608,146.608,,-0.5224,False,2025,2025-09-16 13:00:00,1.0,1.0,1
n2_h4dow_fixed,n2,h4dow,fixed,GBPUSD,L,2025-09-15 23:31:00-04:00,2025-09-17 14:00:00-04:00,1.36198,1.3685,1.35806,1.3685,1.6275,False,2025,2025-09-15 21:00:00,1.0,1.0,1
n2_h4dow_fixed,n2,h4dow,fixed,EURUSD,L,2025-09-17 14:00:00-04:00,2025-09-17 14:42:00-04:00,1.18785,1.18443,1.18443,1.19355,-1.0165,False,2025,2025-09-17 13:00:00,1.0,1.0,1
n3_h4dow_fixed,n3,h4dow,fixed,EURUSD,L,2025-09-17 14:00:00-04:00,2025-09-17 14:42:00-04:00,1.18785,1.18443,1.18443,1.19355,-1.0165,False,2025,2025-09-17 13:00:00,1.0,1.0,1
n2_h4dow_trail,n2,h4dow,trail,USDCHF,S,2025-09-15 06:26:00-04:00,2025-09-17 14:45:00-04:00,0.79486,0.78789,0.78789,,2.8332,False,2025,2025-09-15 05:00:00,2.0,1.0,2-3
n3_h4dow_trail,n3,h4dow,trail,USDCHF,S,2025-09-15 06:26:00-04:00,2025-09-17 14:45:00-04:00,0.79486,0.78789,0.78789,,2.8332,False,2025,2025-09-15 05:00:00,2.0,1.0,2-3
n2_h4w18_trail,n2,h4w18,trail,USDCHF,S,2025-09-16 05:10:00-04:00,2025-09-17 14:45:00-04:00,0.79156,0.78789,0.78789,,1.4768,False,2025,2025-09-16 05:00:00,1.0,1.0,1
n3_h4w18_trail,n3,h4w18,trail,USDCHF,S,2025-09-16 05:10:00-04:00,2025-09-17 14:45:00-04:00,0.79156,0.78789,0.78789,,1.4768,False,2025,2025-09-16 05:00:00,2.0,1.0,2-3
n2_h4dow_trail,n2,h4dow,trail,EURUSD,L,2025-09-15 05:30:00-04:00,2025-09-17 14:46:00-04:00,1.17478,1.18328,1.18328,,2.4475,False,2025,2025-09-15 05:00:00,4.0,0.0,4+
n3_h4dow_trail,n3,h4dow,trail,EURUSD,L,2025-09-15 05:30:00-04:00,2025-09-17 14:46:00-04:00,1.17478,1.18328,1.18328,,2.4475,False,2025,2025-09-15 05:00:00,4.0,0.0,4+
n2_h4w18_trail,n2,h4w18,trail,EURUSD,L,2025-09-15 23:31:00-04:00,2025-09-17 14:46:00-04:00,1.17801,1.18328,1.18328,,1.5944,False,2025,2025-09-15 21:00:00,1.0,1.0,1
n3_h4w18_trail,n3,h4w18,trail,EURUSD,L,2025-09-15 23:31:00-04:00,2025-09-17 14:46:00-04:00,1.17801,1.18328,1.18328,,1.5944,False,2025,2025-09-15 21:00:00,4.0,0.0,4+
n2_h4dow_fixed,n2,h4dow,fixed,USDCHF,S,2025-09-17 14:00:00-04:00,2025-09-17 14:46:00-04:00,0.78559,0.78793,0.78793,0.78169,-1.0723,False,2025,2025-09-17 13:00:00,1.0,1.0,1
n3_h4dow_fixed,n3,h4dow,fixed,USDCHF,S,2025-09-17 14:00:00-04:00,2025-09-17 14:46:00-04:00,0.78559,0.78793,0.78793,0.78169,-1.0723,False,2025,2025-09-17 13:00:00,1.0,1.0,1
n2_h4dow_fixed,n2,h4dow,fixed,GBPUSD,L,2025-09-17 14:40:00-04:00,2025-09-17 14:51:00-04:00,1.36718,1.36373,1.36373,1.37293,-1.0406,False,2025,2025-09-17 13:00:00,1.0,1.0,1
n3_h4dow_trail,n3,h4dow,trail,GBPUSD,L,2025-09-11 10:18:00-04:00,2025-09-17 14:53:00-04:00,1.3566,1.363,1.363,,1.4164,False,2025,2025-09-11 09:00:00,2.0,1.0,2-3
n2_h4dow_trail,n2,h4dow,trail,GBPUSD,L,2025-09-15 23:31:00-04:00,2025-09-17 14:53:00-04:00,1.36198,1.363,1.363,,0.2245,False,2025,2025-09-15 21:00:00,1.0,1.0,1
n2_h4w18_fixed,n2,h4w18,fixed,USDJPY,S,2025-09-16 13:12:00-04:00,2025-09-17 16:16:00-04:00,146.309,146.888,146.888,145.344,-1.0054,False,2025,2025-09-16 13:00:00,1.0,1.0,1
n2_h4dow_trail,n2,h4dow,trail,SP500,L,2025-09-18 03:46:00-04:00,2025-09-19 02:22:00-04:00,6696.87,6688.33,6688.33,,-0.2664,False,2025,2025-09-18 01:00:00,5.0,1.0,4+
n3_h4dow_trail,n3,h4dow,trail,SP500,L,2025-09-18 03:46:00-04:00,2025-09-19 02:22:00-04:00,6696.87,6688.33,6688.33,,-0.2664,False,2025,2025-09-18 01:00:00,5.0,1.0,4+
n2_h4dow_fixed,n2,h4dow,fixed,SP500,L,2025-09-18 03:46:00-04:00,2025-09-22 13:31:00-04:00,6696.87,6749.9,6665.05,6749.9,1.5806,False,2025,2025-09-18 01:00:00,5.0,1.0,4+
n3_h4dow_fixed,n3,h4dow,fixed,SP500,L,2025-09-18 03:46:00-04:00,2025-09-22 13:31:00-04:00,6696.87,6749.9,6665.05,6749.9,1.5806,False,2025,2025-09-18 01:00:00,5.0,1.0,4+
n2_h4dow_trail,n2,h4dow,trail,SP500,L,2025-09-19 15:01:00-04:00,2025-09-23 06:40:00-04:00,6719.67,6746.38,6746.38,,0.791,False,2025,2025-09-19 13:00:00,6.0,1.0,4+
n3_h4dow_trail,n3,h4dow,trail,SP500,L,2025-09-19 15:01:00-04:00,2025-09-23 06:40:00-04:00,6719.67,6746.38,6746.38,,0.791,False,2025,2025-09-19 13:00:00,6.0,1.0,4+
n2_h4dow_trail,n2,h4dow,trail,AUDUSD,L,2025-09-23 05:11:00-04:00,2025-09-23 20:14:00-04:00,0.66027,0.65934,0.65934,,-0.4111,False,2025,2025-09-23 05:00:00,5.0,0.0,4+
n3_h4dow_trail,n3,h4dow,trail,AUDUSD,L,2025-09-23 05:11:00-04:00,2025-09-23 20:14:00-04:00,0.66027,0.65934,0.65934,,-0.4111,False,2025,2025-09-23 05:00:00,5.0,0.0,4+
n2_h4dow_trail,n2,h4dow,trail,USDCHF,S,2025-09-23 13:41:00-04:00,2025-09-24 03:12:00-04:00,0.791,0.7932,0.7932,,-0.9047,False,2025,2025-09-23 13:00:00,2.0,1.0,2-3
n3_h4dow_trail,n3,h4dow,trail,USDCHF,S,2025-09-23 13:41:00-04:00,2025-09-24 03:12:00-04:00,0.791,0.7932,0.7932,,-0.9047,False,2025,2025-09-23 13:00:00,2.0,1.0,2-3
n2_h4dow_fixed,n2,h4dow,fixed,USDCHF,S,2025-09-23 13:41:00-04:00,2025-09-24 04:11:00-04:00,0.791,0.79362,0.79362,0.78662,-1.065,False,2025,2025-09-23 13:00:00,2.0,1.0,2-3
n3_h4dow_fixed,n3,h4dow,fixed,USDCHF,S,2025-09-23 13:41:00-04:00,2025-09-24 04:11:00-04:00,0.791,0.79362,0.79362,0.78662,-1.065,False,2025,2025-09-23 13:00:00,2.0,1.0,2-3
n2_h4dow_fixed,n2,h4dow,fixed,AUDUSD,L,2025-09-23 05:11:00-04:00,2025-09-24 12:34:00-04:00,0.66027,0.6578,0.6578,0.66439,-1.0346,False,2025,2025-09-23 05:00:00,5.0,0.0,4+
n3_h4dow_fixed,n3,h4dow,fixed,AUDUSD,L,2025-09-23 05:11:00-04:00,2025-09-24 12:34:00-04:00,0.66027,0.6578,0.6578,0.66439,-1.0346,False,2025,2025-09-23 05:00:00,5.0,0.0,4+
n2_h4dow_fixed,n2,h4dow,fixed,SP500,L,2025-09-29 04:38:00-04:00,2025-09-30 03:41:00-04:00,6728.43,6695.61,6695.61,6783.13,-0.9949,False,2025,2025-09-29 01:00:00,4.0,0.0,4+
n2_h4dow_trail,n2,h4dow,trail,SP500,L,2025-09-29 04:38:00-04:00,2025-09-30 03:41:00-04:00,6728.43,6696.65,6696.65,,-0.9637,False,2025,2025-09-29 01:00:00,4.0,0.0,4+
n3_h4dow_fixed,n3,h4dow,fixed,SP500,L,2025-09-29 04:38:00-04:00,2025-09-30 03:41:00-04:00,6728.43,6695.61,6695.61,6783.13,-0.9949,False,2025,2025-09-29 01:00:00,9.0,0.0,4+
n3_h4dow_trail,n3,h4dow,trail,SP500,L,2025-09-29 04:38:00-04:00,2025-09-30 03:41:00-04:00,6728.43,6696.65,6696.65,,-0.9637,False,2025,2025-09-29 01:00:00,9.0,0.0,4+
n2_h4dow_fixed,n2,h4dow,fixed,AUDUSD,L,2025-09-30 00:44:00-04:00,2025-09-30 03:41:00-04:00,0.66041,0.65816,0.65816,0.66416,-1.038,False,2025,2025-09-29 21:00:00,8.0,0.0,4+
n2_h4dow_trail,n2,h4dow,trail,AUDUSD,L,2025-09-30 00:44:00-04:00,2025-09-30 03:41:00-04:00,0.66041,0.65816,0.65816,,-1.038,False,2025,2025-09-29 21:00:00,8.0,0.0,4+
n3_h4dow_fixed,n3,h4dow,fixed,AUDUSD,L,2025-09-30 00:44:00-04:00,2025-09-30 03:41:00-04:00,0.66041,0.65816,0.65816,0.66416,-1.038,False,2025,2025-09-29 21:00:00,8.0,0.0,4+
n3_h4dow_trail,n3,h4dow,trail,AUDUSD,L,2025-09-30 00:44:00-04:00,2025-09-30 03:41:00-04:00,0.66041,0.65816,0.65816,,-1.038,False,2025,2025-09-29 21:00:00,8.0,0.0,4+
n2_h4w18_fixed,n2,h4w18,fixed,AUDUSD,L,2025-09-30 10:48:00-04:00,2025-09-30 21:05:00-04:00,0.6628,0.66004,0.66004,0.6674,-1.031,False,2025,2025-09-30 09:00:00,8.0,0.0,4+
n2_h4w18_trail,n2,h4w18,trail,AUDUSD,L,2025-09-30 10:48:00-04:00,2025-09-30 21:05:00-04:00,0.6628,0.66004,0.66004,,-1.031,False,2025,2025-09-30 09:00:00,8.0,0.0,4+
n3_h4w18_fixed,n3,h4w18,fixed,AUDUSD,L,2025-09-30 10:48:00-04:00,2025-09-30 21:05:00-04:00,0.6628,0.66004,0.66004,0.6674,-1.031,False,2025,2025-09-30 09:00:00,8.0,0.0,4+
n3_h4w18_trail,n3,h4w18,trail,AUDUSD,L,2025-09-30 10:48:00-04:00,2025-09-30 21:05:00-04:00,0.6628,0.66004,0.66004,,-1.031,False,2025,2025-09-30 09:00:00,8.0,0.0,4+
n2_h4dow_fixed,n2,h4dow,fixed,SP500,L,2025-09-30 15:49:00-04:00,2025-09-30 23:16:00-04:00,6735.88,6707.3,6707.3,6783.5,-0.8677,False,2025,2025-09-30 13:00:00,0.0,1.0,0
n2_h4dow_trail,n2,h4dow,trail,SP500,L,2025-09-30 15:49:00-04:00,2025-09-30 23:16:00-04:00,6735.88,6707.3,6707.3,,-0.8677,False,2025,2025-09-30 13:00:00,0.0,1.0,0
n3_h4dow_fixed,n3,h4dow,fixed,SP500,L,2025-09-30 15:49:00-04:00,2025-09-30 23:16:00-04:00,6735.88,6707.3,6707.3,6783.5,-0.8677,False,2025,2025-09-30 13:00:00,9.0,0.0,4+
n3_h4dow_trail,n3,h4dow,trail,SP500,L,2025-09-30 15:49:00-04:00,2025-09-30 23:16:00-04:00,6735.88,6707.3,6707.3,,-0.8677,False,2025,2025-09-30 13:00:00,9.0,0.0,4+
n2_h4dow_fixed,n2,h4dow,fixed,AUDUSD,L,2025-10-01 08:18:00-04:00,2025-10-01 11:17:00-04:00,0.66284,0.66016,0.66016,0.66732,-1.032,False,2025,2025-10-01 05:00:00,0.0,1.0,0
n2_h4dow_trail,n2,h4dow,trail,AUDUSD,L,2025-10-01 08:18:00-04:00,2025-10-01 11:17:00-04:00,0.66284,0.66016,0.66016,,-1.032,False,2025,2025-10-01 05:00:00,0.0,1.0,0
n3_h4dow_fixed,n3,h4dow,fixed,AUDUSD,L,2025-10-01 08:18:00-04:00,2025-10-01 11:17:00-04:00,0.66284,0.66016,0.66016,0.66732,-1.032,False,2025,2025-10-01 05:00:00,8.0,0.0,4+
n3_h4dow_trail,n3,h4dow,trail,AUDUSD,L,2025-10-01 08:18:00-04:00,2025-10-01 11:17:00-04:00,0.66284,0.66016,0.66016,,-1.032,False,2025,2025-10-01 05:00:00,8.0,0.0,4+
n2_h4dow_fixed,n2,h4dow,fixed,USDCHF,L,2025-10-01 08:05:00-04:00,2025-10-02 05:16:00-04:00,0.79876,0.79552,0.79552,0.80416,-1.0529,False,2025,2025-10-01 05:00:00,1.0,1.0,1
n2_h4dow_trail,n2,h4dow,trail,USDCHF,L,2025-10-01 08:05:00-04:00,2025-10-02 05:16:00-04:00,0.79876,0.79552,0.79552,,-1.0529,False,2025,2025-10-01 05:00:00,1.0,1.0,1
n2_h4dow_trail,n2,h4dow,trail,SP500,L,2025-10-01 11:37:00-04:00,2025-10-02 09:43:00-04:00,6743.37,6763.74,6763.74,,0.6007,False,2025,2025-10-01 09:00:00,1.0,1.0,1
n3_h4dow_trail,n3,h4dow,trail,SP500,L,2025-10-01 11:37:00-04:00,2025-10-02 09:43:00-04:00,6743.37,6763.74,6763.74,,0.6007,False,2025,2025-10-01 09:00:00,1.0,1.0,1
n2_h4w18_trail,n2,h4w18,trail,SP500,L,2025-10-01 14:00:00-04:00,2025-10-02 09:43:00-04:00,6756.63,6763.74,6763.74,,0.1691,False,2025,2025-10-01 13:00:00,1.0,1.0,1
n3_h4w18_trail,n3,h4w18,trail,SP500,L,2025-10-01 14:00:00-04:00,2025-10-02 09:43:00-04:00,6756.63,6763.74,6763.74,,0.1691,False,2025,2025-10-01 13:00:00,1.0,1.0,1
n2_h4dow_trail,n2,h4dow,trail,EURUSD,S,2025-10-02 09:52:00-04:00,2025-10-02 21:05:00-04:00,1.17156,1.17266,1.17266,,-0.2861,False,2025,2025-10-02 09:00:00,4.0,0.0,4+
n2_h4dow_trail,n2,h4dow,trail,USDCHF,L,2025-10-02 11:13:00-04:00,2025-10-03 03:39:00-04:00,0.79903,0.79706,0.79706,,-0.7163,False,2025,2025-10-02 09:00:00,2.0,0.0,2-3
n2_h4dow_fixed,n2,h4dow,fixed,USDCHF,L,2025-10-02 11:13:00-04:00,2025-10-03 04:55:00-04:00,0.79903,0.79605,0.79605,0.80401,-1.0576,False,2025,2025-10-02 09:00:00,2.0,0.0,2-3
n2_h4dow_fixed,n2,h4dow,fixed,EURUSD,S,2025-10-02 09:52:00-04:00,2025-10-03 10:06:00-04:00,1.17156,1.1756,1.1756,1.16484,-1.0138,False,2025,2025-10-02 09:00:00,4.0,0.0,4+
n2_h4dow_fixed,n2,h4dow,fixed,SP500,L,2025-10-01 11:37:00-04:00,2025-10-03 11:56:00-04:00,6743.37,6797.17,6711.09,6797.17,1.6037,False,2025,2025-10-01 09:00:00,1.0,1.0,1
n3_h4dow_fixed,n3,h4dow,fixed,SP500,L,2025-10-01 11:37:00-04:00,2025-10-03 11:56:00-04:00,6743.37,6797.17,6711.09,6797.17,1.6037,False,2025,2025-10-01 09:00:00,1.0,1.0,1
n2_h4dow_trail,n2,h4dow,trail,SP500,L,2025-10-03 01:06:00-04:00,2025-10-06 09:57:00-04:00,6782.06,6771.92,6771.92,,-0.3146,False,2025,2025-10-03 01:00:00,3.0,0.0,2-3
n3_h4dow_trail,n3,h4dow,trail,SP500,L,2025-10-03 01:06:00-04:00,2025-10-06 09:57:00-04:00,6782.06,6771.92,6771.92,,-0.3146,False,2025,2025-10-03 01:00:00,3.0,0.0,2-3
n2_h4dow_fixed,n2,h4dow,fixed,EURUSD,S,2025-10-06 03:41:00-04:00,2025-10-06 11:04:00-04:00,1.16831,1.17206,1.17206,1.16206,-1.0148,False,2025,2025-10-06 01:00:00,2.0,0.0,2-3
n2_h4dow_trail,n2,h4dow,trail,EURUSD,S,2025-10-06 03:41:00-04:00,2025-10-06 11:04:00-04:00,1.16831,1.17206,1.17206,,-1.0148,False,2025,2025-10-06 01:00:00,2.0,0.0,2-3
n3_h4dow_trail,n3,h4dow,trail,AUDUSD,L,2025-10-06 03:03:00-04:00,2025-10-07 03:07:00-04:00,0.6614,0.65906,0.65906,,-0.978,False,2025,2025-10-06 01:00:00,2.0,0.0,2-3
n3_h4dow_fixed,n3,h4dow,fixed,AUDUSD,L,2025-10-06 03:03:00-04:00,2025-10-07 03:20:00-04:00,0.6614,0.65893,0.65893,0.66552,-1.0346,False,2025,2025-10-06 01:00:00,2.0,0.0,2-3
n2_h4dow_trail,n2,h4dow,trail,SP500,L,2025-10-07 08:52:00-04:00,2025-10-07 11:04:00-04:00,6797.34,6774.09,6774.09,,-0.8259,False,2025,2025-10-07 05:00:00,4.0,0.0,4+
n3_h4dow_trail,n3,h4dow,trail,SP500,L,2025-10-07 08:52:00-04:00,2025-10-07 11:04:00-04:00,6797.34,6774.09,6774.09,,-0.8259,False,2025,2025-10-07 05:00:00,4.0,0.0,4+
n2_h4dow_fixed,n2,h4dow,fixed,SP500,L,2025-10-07 08:52:00-04:00,2025-10-07 11:05:00-04:00,6797.34,6771.22,6771.22,6840.86,-0.9263,False,2025,2025-10-07 05:00:00,4.0,0.0,4+
n3_h4dow_fixed,n3,h4dow,fixed,SP500,L,2025-10-07 08:52:00-04:00,2025-10-07 11:05:00-04:00,6797.34,6771.22,6771.22,6840.86,-0.9263,False,2025,2025-10-07 05:00:00,4.0,0.0,4+
n2_h4w18_fixed,n2,h4w18,fixed,USDJPY,L,2025-10-05 23:21:00-04:00,2025-10-07 13:30:00-04:00,149.96,151.472,149.052,151.472,1.6589,False,2025,2025-10-05 21:00:00,0.0,1.0,0
n2_h4dow_trail,n2,h4dow,trail,EURUSD,S,2025-10-07 15:15:00-04:00,2025-10-08 21:29:00-04:00,1.1652,1.16446,1.16446,,0.1733,False,2025,2025-10-07 13:00:00,2.0,0.0,2-3
n3_h4dow_trail,n3,h4dow,trail,EURUSD,S,2025-10-07 15:15:00-04:00,2025-10-08 21:29:00-04:00,1.1652,1.16446,1.16446,,0.1733,False,2025,2025-10-07 13:00:00,2.0,0.0,2-3
n2_h4w18_trail,n2,h4w18,trail,EURUSD,S,2025-10-07 20:20:00-04:00,2025-10-08 21:29:00-04:00,1.16456,1.16446,1.16446,,0.0111,False,2025,2025-10-07 17:00:00,2.0,0.0,2-3
n3_h4w18_trail,n3,h4w18,trail,EURUSD,S,2025-10-07 20:20:00-04:00,2025-10-08 21:29:00-04:00,1.16456,1.16446,1.16446,,0.0111,False,2025,2025-10-07 17:00:00,2.0,0.0,2-3
n2_h4w18_trail,n2,h4w18,trail,USDJPY,L,2025-10-05 23:21:00-04:00,2025-10-09 09:07:00-04:00,149.96,152.41,152.41,,2.6906,False,2025,2025-10-05 21:00:00,0.0,1.0,0
n2_h4dow_fixed,n2,h4dow,fixed,USDJPY,L,2025-10-09 02:20:00-04:00,2025-10-09 09:07:00-04:00,153.0,152.295,152.295,154.175,-1.0032,False,2025,2025-10-09 01:00:00,1.0,1.0,1
n2_h4dow_trail,n2,h4dow,trail,USDJPY,L,2025-10-09 02:20:00-04:00,2025-10-09 09:07:00-04:00,153.0,152.41,152.41,,-0.8405,False,2025,2025-10-09 01:00:00,1.0,1.0,1
n3_h4dow_fixed,n3,h4dow,fixed,USDJPY,L,2025-10-09 02:20:00-04:00,2025-10-09 09:07:00-04:00,153.0,152.295,152.295,154.175,-1.0032,False,2025,2025-10-09 01:00:00,1.0,1.0,1
n3_h4dow_trail,n3,h4dow,trail,USDJPY,L,2025-10-09 02:20:00-04:00,2025-10-09 09:07:00-04:00,153.0,152.41,152.41,,-0.8405,False,2025,2025-10-09 01:00:00,1.0,1.0,1
n2_h4dow_trail,n2,h4dow,trail,SP500,L,2025-10-08 14:20:00-04:00,2025-10-09 09:46:00-04:00,6802.5,6794.59,6794.59,,-0.2477,False,2025,2025-10-08 13:00:00,5.0,0.0,4+
n3_h4dow_trail,n3,h4dow,trail,SP500,L,2025-10-08 14:20:00-04:00,2025-10-09 09:46:00-04:00,6802.5,6794.59,6794.59,,-0.2477,False,2025,2025-10-08 13:00:00,5.0,0.0,4+
n3_h4dow_fixed,n3,h4dow,fixed,GBPUSD,S,2025-10-07 07:20:00-04:00,2025-10-09 10:22:00-04:00,1.34165,1.33427,1.34607,1.33427,1.6386,False,2025,2025-10-07 05:00:00,2.0,0.0,2-3
n2_h4dow_fixed,n2,h4dow,fixed,EURUSD,S,2025-10-07 15:15:00-04:00,2025-10-09 10:22:00-04:00,1.1652,1.15862,1.16914,1.15862,1.656,False,2025,2025-10-07 13:00:00,2.0,0.0,2-3
n3_h4dow_fixed,n3,h4dow,fixed,EURUSD,S,2025-10-07 15:15:00-04:00,2025-10-09 10:22:00-04:00,1.1652,1.15862,1.16914,1.15862,1.656,False,2025,2025-10-07 13:00:00,2.0,0.0,2-3
n2_h4w18_fixed,n2,h4w18,fixed,EURUSD,S,2025-10-07 20:20:00-04:00,2025-10-09 10:27:00-04:00,1.16456,1.15786,1.16858,1.15786,1.6529,False,2025,2025-10-07 17:00:00,2.0,0.0,2-3
n3_h4w18_fixed,n3,h4w18,fixed,EURUSD,S,2025-10-07 20:20:00-04:00,2025-10-09 10:27:00-04:00,1.16456,1.15786,1.16858,1.15786,1.6529,False,2025,2025-10-07 17:00:00,2.0,0.0,2-3
n2_h4dow_fixed,n2,h4dow,fixed,SP500,L,2025-10-08 14:20:00-04:00,2025-10-09 10:39:00-04:00,6802.5,6772.76,6772.76,6852.08,-0.9026,False,2025,2025-10-08 13:00:00,5.0,0.0,4+
n3_h4dow_fixed,n3,h4dow,fixed,SP500,L,2025-10-08 14:20:00-04:00,2025-10-09 10:39:00-04:00,6802.5,6772.76,6772.76,6852.08,-0.9026,False,2025,2025-10-08 13:00:00,5.0,0.0,4+
n2_h4w18_fixed,n2,h4w18,fixed,SP500,L,2025-10-01 14:00:00-04:00,2025-10-10 11:02:00-04:00,6756.63,6721.2,6721.2,6815.68,-0.8944,False,2025,2025-10-01 13:00:00,1.0,1.0,1
n3_h4w18_fixed,n3,h4w18,fixed,SP500,L,2025-10-01 14:00:00-04:00,2025-10-10 11:02:00-04:00,6756.63,6721.2,6721.2,6815.68,-0.8944,False,2025,2025-10-01 13:00:00,1.0,1.0,1
n2_h4dow_trail,n2,h4dow,trail,EURUSD,S,2025-10-09 09:42:00-04:00,2025-10-10 11:02:00-04:00,1.15984,1.15896,1.15896,,0.1964,False,2025,2025-10-09 09:00:00,2.0,0.0,2-3
n3_h4dow_trail,n3,h4dow,trail,EURUSD,S,2025-10-09 09:42:00-04:00,2025-10-10 11:02:00-04:00,1.15984,1.15896,1.15896,,0.1964,False,2025,2025-10-09 09:00:00,2.0,0.0,2-3
n3_h4dow_trail,n3,h4dow,trail,GBPUSD,S,2025-10-07 07:20:00-04:00,2025-10-10 11:03:00-04:00,1.34165,1.33144,1.33144,,2.2737,False,2025,2025-10-07 05:00:00,2.0,0.0,2-3
n3_h4w18_trail,n3,h4w18,trail,GBPUSD,S,2025-10-09 11:03:00-04:00,2025-10-10 11:03:00-04:00,1.33241,1.33144,1.33144,,0.1569,False,2025,2025-10-09 09:00:00,3.0,0.0,2-3
n3_h4dow_trail,n3,h4dow,trail,GBPUSD,S,2025-10-14 02:05:00-04:00,2025-10-14 21:15:00-04:00,1.33151,1.3332,1.3332,,-0.4015,False,2025,2025-10-14 01:00:00,4.0,0.0,4+
n3_h4dow_fixed,n3,h4dow,fixed,GBPUSD,S,2025-10-14 02:05:00-04:00,2025-10-15 02:04:00-04:00,1.33151,1.33606,1.33606,1.32393,-1.0301,False,2025,2025-10-14 01:00:00,4.0,0.0,4+
n3_h4w18_fixed,n3,h4w18,fixed,GBPUSD,S,2025-10-09 11:03:00-04:00,2025-10-15 11:16:00-04:00,1.33241,1.33772,1.33772,1.32356,-1.0258,False,2025,2025-10-09 09:00:00,3.0,0.0,2-3
n2_h4dow_fixed,n2,h4dow,fixed,GBPUSD,S,2025-10-20 21:44:00-04:00,2025-10-22 02:40:00-04:00,1.34002,1.33294,1.34427,1.33294,1.6336,False,2025,2025-10-20 21:00:00,6.0,0.0,4+
n3_h4dow_fixed,n3,h4dow,fixed,GBPUSD,S,2025-10-20 21:44:00-04:00,2025-10-22 02:40:00-04:00,1.34002,1.33294,1.34427,1.33294,1.6336,False,2025,2025-10-20 21:00:00,6.0,0.0,4+
n2_h4dow_fixed,n2,h4dow,fixed,EURUSD,S,2025-10-20 07:02:00-04:00,2025-10-22 06:21:00-04:00,1.16505,1.15893,1.16873,1.15893,1.648,False,2025,2025-10-20 05:00:00,5.0,0.0,4+
n3_h4dow_fixed,n3,h4dow,fixed,EURUSD,S,2025-10-20 07:02:00-04:00,2025-10-22 06:21:00-04:00,1.16505,1.15893,1.16873,1.15893,1.648,False,2025,2025-10-20 05:00:00,5.0,0.0,4+
n2_h4dow_trail,n2,h4dow,trail,EURUSD,S,2025-10-20 07:02:00-04:00,2025-10-22 11:03:00-04:00,1.16505,1.1616,1.1616,,0.925,False,2025,2025-10-20 05:00:00,5.0,0.0,4+
n3_h4dow_trail,n3,h4dow,trail,EURUSD,S,2025-10-20 07:02:00-04:00,2025-10-22 11:03:00-04:00,1.16505,1.1616,1.1616,,0.925,False,2025,2025-10-20 05:00:00,5.0,0.0,4+
n3_h4dow_fixed,n3,h4dow,fixed,USDJPY,L,2025-10-21 00:31:00-04:00,2025-10-22 21:19:00-04:00,151.204,152.359,150.511,152.359,1.6575,False,2025,2025-10-20 21:00:00,7.0,0.0,4+
n2_h4dow_trail,n2,h4dow,trail,GBPUSD,S,2025-10-20 21:44:00-04:00,2025-10-24 02:34:00-04:00,1.34002,1.33328,1.33328,,1.5572,False,2025,2025-10-20 21:00:00,6.0,0.0,4+
n3_h4dow_trail,n3,h4dow,trail,GBPUSD,S,2025-10-20 21:44:00-04:00,2025-10-24 02:34:00-04:00,1.34002,1.33328,1.33328,,1.5572,False,2025,2025-10-20 21:00:00,6.0,0.0,4+
n3_h4dow_trail,n3,h4dow,trail,USDJPY,L,2025-10-21 00:31:00-04:00,2025-10-24 08:30:00-04:00,151.204,152.474,152.474,,1.8231,False,2025,2025-10-20 21:00:00,7.0,0.0,4+
n2_h4dow_trail,n2,h4dow,trail,USDJPY,L,2025-10-22 20:15:00-04:00,2025-10-24 08:30:00-04:00,152.175,152.474,152.474,,0.4381,False,2025,2025-10-22 17:00:00,1.0,1.0,1
n2_h4dow_fixed,n2,h4dow,fixed,GBPUSD,S,2025-10-24 04:16:00-04:00,2025-10-24 08:30:00-04:00,1.33059,1.33437,1.33437,1.32429,-1.0362,False,2025,2025-10-24 01:00:00,1.0,1.0,1
n2_h4dow_trail,n2,h4dow,trail,GBPUSD,S,2025-10-24 04:16:00-04:00,2025-10-24 08:30:00-04:00,1.33059,1.33339,1.33339,,-0.7769,False,2025,2025-10-24 01:00:00,1.0,1.0,1
n3_h4dow_fixed,n3,h4dow,fixed,GBPUSD,S,2025-10-24 04:16:00-04:00,2025-10-24 08:30:00-04:00,1.33059,1.33437,1.33437,1.32429,-1.0362,False,2025,2025-10-24 01:00:00,1.0,1.0,1
n3_h4dow_trail,n3,h4dow,trail,GBPUSD,S,2025-10-24 04:16:00-04:00,2025-10-24 08:30:00-04:00,1.33059,1.33339,1.33339,,-0.7769,False,2025,2025-10-24 01:00:00,1.0,1.0,1
n2_h4dow_fixed,n2,h4dow,fixed,SP500,L,2025-10-24 01:26:00-04:00,2025-10-26 18:01:00-04:00,6789.79,6873.3,6752.71,6851.59,2.079,False,2025,2025-10-24 01:00:00,1.0,1.0,1
n2_h4w18_fixed,n2,h4w18,fixed,SP500,L,2025-10-24 08:30:00-04:00,2025-10-26 18:01:00-04:00,6812.08,6873.3,6776.66,6871.1,1.5218,False,2025,2025-10-24 05:00:00,1.0,1.0,1
n2_h4dow_trail,n2,h4dow,trail,USDJPY,L,2025-10-26 18:13:00-04:00,2025-10-27 07:23:00-04:00,153.064,152.654,152.654,,-0.7307,False,2025,2025-10-26 17:00:00,1.0,1.0,1
n3_h4dow_trail,n3,h4dow,trail,USDJPY,L,2025-10-26 18:13:00-04:00,2025-10-27 07:23:00-04:00,153.064,152.654,152.654,,-0.7307,False,2025,2025-10-26 17:00:00,1.0,1.0,1
n3_h4dow_fixed,n3,h4dow,fixed,USDJPY,L,2025-10-26 18:13:00-04:00,2025-10-27 20:30:00-04:00,153.064,152.498,152.498,154.006,-1.0061,False,2025,2025-10-26 17:00:00,1.0,1.0,1
n2_h4dow_fixed,n2,h4dow,fixed,USDCHF,S,2025-10-28 00:11:00-04:00,2025-10-28 08:56:00-04:00,0.79353,0.79602,0.79602,0.78938,-1.0686,False,2025,2025-10-27 21:00:00,1.0,1.0,1
n2_h4dow_trail,n2,h4dow,trail,USDCHF,S,2025-10-28 00:11:00-04:00,2025-10-28 08:56:00-04:00,0.79353,0.79602,0.79602,,-1.0686,False,2025,2025-10-27 21:00:00,1.0,1.0,1
n2_h4dow_fixed,n2,h4dow,fixed,GBPUSD,S,2025-10-28 08:55:00-04:00,2025-10-29 04:52:00-04:00,1.32871,1.32089,1.3334,1.32089,1.6383,False,2025,2025-10-28 05:00:00,2.0,1.0,2-3
n3_h4dow_fixed,n3,h4dow,fixed,GBPUSD,S,2025-10-28 08:55:00-04:00,2025-10-29 04:52:00-04:00,1.32871,1.32089,1.3334,1.32089,1.6383,False,2025,2025-10-28 05:00:00,2.0,1.0,2-3
n2_h4dow_trail,n2,h4dow,trail,SP500,L,2025-10-24 01:26:00-04:00,2025-10-29 12:04:00-04:00,6789.79,6930.98,6930.98,,3.5209,False,2025,2025-10-24 01:00:00,1.0,1.0,1
n2_h4w18_trail,n2,h4w18,trail,SP500,L,2025-10-24 08:30:00-04:00,2025-10-29 12:04:00-04:00,6812.08,6930.98,6930.98,,2.9637,False,2025,2025-10-24 05:00:00,1.0,1.0,1
n2_h4w18_fixed,n2,h4w18,fixed,GBPUSD,S,2025-10-28 09:45:00-04:00,2025-10-29 14:39:00-04:00,1.32488,1.31658,1.32986,1.31658,1.6394,False,2025,2025-10-28 09:00:00,2.0,1.0,2-3
n3_h4w18_fixed,n3,h4w18,fixed,GBPUSD,S,2025-10-28 09:45:00-04:00,2025-10-29 14:39:00-04:00,1.32488,1.31658,1.32986,1.31658,1.6394,False,2025,2025-10-28 09:00:00,2.0,1.0,2-3
n2_h4dow_fixed,n2,h4dow,fixed,USDJPY,L,2025-10-22 20:15:00-04:00,2025-10-30 02:40:00-04:00,152.175,153.297,151.501,153.297,1.6546,False,2025,2025-10-22 17:00:00,1.0,1.0,1
n3_h4dow_trail,n3,h4dow,trail,AUDUSD,S,2025-10-30 07:51:00-04:00,2025-10-30 19:50:00-04:00,0.65574,0.65586,0.65586,,-0.0614,False,2025,2025-10-30 05:00:00,8.0,0.0,4+
n3_h4dow_trail,n3,h4dow,trail,USDJPY,L,2025-10-30 02:40:00-04:00,2025-11-03 10:00:00-05:00,153.257,153.99,153.99,,0.8784,False,2025,2025-10-30 01:00:00,3.0,0.0,2-3
n3_h4w18_trail,n3,h4w18,trail,USDJPY,L,2025-10-30 02:40:00-04:00,2025-11-03 10:00:00-05:00,153.276,153.99,153.99,,0.8591,False,2025,2025-10-30 01:00:00,3.0,0.0,2-3
n2_h4dow_trail,n2,h4dow,trail,GBPUSD,S,2025-10-28 08:55:00-04:00,2025-11-03 11:04:00-05:00,1.32871,1.31493,1.31493,,2.9092,False,2025,2025-10-28 05:00:00,2.0,1.0,2-3
n3_h4dow_trail,n3,h4dow,trail,GBPUSD,S,2025-10-28 08:55:00-04:00,2025-11-03 11:04:00-05:00,1.32871,1.31493,1.31493,,2.9092,False,2025,2025-10-28 05:00:00,2.0,1.0,2-3
n2_h4w18_trail,n2,h4w18,trail,GBPUSD,S,2025-10-28 09:45:00-04:00,2025-11-03 11:04:00-05:00,1.32488,1.31493,1.31493,,1.9708,False,2025,2025-10-28 09:00:00,2.0,1.0,2-3
n3_h4w18_trail,n3,h4w18,trail,GBPUSD,S,2025-10-28 09:45:00-04:00,2025-11-03 11:04:00-05:00,1.32488,1.31493,1.31493,,1.9708,False,2025,2025-10-28 09:00:00,2.0,1.0,2-3
n2_h4dow_fixed,n2,h4dow,fixed,USDJPY,L,2025-11-03 20:11:00-05:00,2025-11-03 23:34:00-05:00,154.416,153.901,153.901,155.274,-1.0069,False,2025,2025-11-03 17:00:00,1.0,1.0,1
n2_h4dow_trail,n2,h4dow,trail,USDJPY,L,2025-11-03 20:11:00-05:00,2025-11-03 23:34:00-05:00,154.416,153.902,153.902,,-1.0076,False,2025,2025-11-03 17:00:00,1.0,1.0,1
n3_h4dow_trail,n3,h4dow,trail,USDJPY,L,2025-11-03 20:11:00-05:00,2025-11-03 23:34:00-05:00,154.416,153.902,153.902,,-1.0076,False,2025,2025-11-03 17:00:00,4.0,0.0,4+
n3_h4dow_fixed,n3,h4dow,fixed,AUDUSD,S,2025-10-30 07:51:00-04:00,2025-11-04 04:23:00-05:00,0.65574,0.65016,0.65909,0.65016,1.6404,False,2025,2025-10-30 05:00:00,8.0,0.0,4+
n2_h4dow_fixed,n2,h4dow,fixed,AUDUSD,S,2025-11-03 09:30:00-05:00,2025-11-04 09:09:00-05:00,0.6533,0.64895,0.65591,0.64895,1.6343,False,2025,2025-11-03 09:00:00,0.0,1.0,0
n2_h4dow_fixed,n2,h4dow,fixed,GBPUSD,S,2025-10-30 08:48:00-04:00,2025-11-04 09:20:00-05:00,1.31407,1.30512,1.31944,1.30512,1.6416,False,2025,2025-10-30 05:00:00,3.0,0.0,2-3
n3_h4dow_fixed,n3,h4dow,fixed,GBPUSD,S,2025-10-30 08:48:00-04:00,2025-11-04 09:20:00-05:00,1.31407,1.30512,1.31944,1.30512,1.6416,False,2025,2025-10-30 05:00:00,3.0,0.0,2-3
n2_h4dow_trail,n2,h4dow,trail,AUDUSD,S,2025-11-03 09:30:00-05:00,2025-11-05 10:28:00-05:00,0.6533,0.64996,0.64996,,1.2473,False,2025,2025-11-03 09:00:00,0.0,1.0,0
n3_h4dow_trail,n3,h4dow,trail,AUDUSD,S,2025-11-03 09:30:00-05:00,2025-11-05 10:28:00-05:00,0.6533,0.64996,0.64996,,1.2473,False,2025,2025-11-03 09:00:00,8.0,0.0,4+
n2_h4dow_trail,n2,h4dow,trail,GBPUSD,S,2025-11-04 03:06:00-05:00,2025-11-05 16:15:00-05:00,1.31087,1.30533,1.30533,,1.2258,False,2025,2025-11-04 01:00:00,4.0,0.0,4+
n3_h4dow_trail,n3,h4dow,trail,GBPUSD,S,2025-11-04 03:06:00-05:00,2025-11-05 16:15:00-05:00,1.31087,1.30533,1.30533,,1.2258,False,2025,2025-11-04 01:00:00,4.0,0.0,4+
n2_h4dow_trail,n2,h4dow,trail,USDJPY,L,2025-11-10 20:01:00-05:00,2025-11-11 08:19:00-05:00,154.357,154.088,154.088,,-0.4997,False,2025,2025-11-10 17:00:00,3.0,0.0,2-3
n3_h4dow_trail,n3,h4dow,trail,USDJPY,L,2025-11-10 20:01:00-05:00,2025-11-11 08:19:00-05:00,154.357,154.088,154.088,,-0.4997,False,2025,2025-11-10 17:00:00,6.0,0.0,4+
n2_h4w18_trail,n2,h4w18,trail,USDJPY,L,2025-11-10 20:28:00-05:00,2025-11-11 08:19:00-05:00,154.484,154.088,154.088,,-0.7341,False,2025,2025-11-10 17:00:00,3.0,0.0,2-3
n3_h4w18_trail,n3,h4w18,trail,USDJPY,L,2025-11-10 20:28:00-05:00,2025-11-11 08:19:00-05:00,154.484,154.088,154.088,,-0.7341,False,2025,2025-11-10 17:00:00,6.0,0.0,4+
n2_h4w18_fixed,n2,h4w18,fixed,USDJPY,L,2025-11-10 20:28:00-05:00,2025-11-11 08:24:00-05:00,154.484,153.94,153.94,155.392,-1.0057,False,2025,2025-11-10 17:00:00,3.0,0.0,2-3
n2_h4dow_fixed,n2,h4dow,fixed,USDJPY,L,2025-11-10 20:01:00-05:00,2025-11-11 08:25:00-05:00,154.357,153.813,153.813,155.265,-1.0057,False,2025,2025-11-10 17:00:00,3.0,0.0,2-3
n3_h4dow_fixed,n3,h4dow,fixed,USDJPY,L,2025-10-30 02:40:00-04:00,2025-11-11 23:39:00-05:00,153.257,154.635,152.431,154.635,1.6625,False,2025,2025-10-30 01:00:00,3.0,0.0,2-3
n3_h4w18_fixed,n3,h4w18,fixed,USDJPY,L,2025-10-30 02:40:00-04:00,2025-11-11 23:39:00-05:00,153.276,154.654,152.45,154.654,1.6625,False,2025,2025-10-30 01:00:00,3.0,0.0,2-3
n2_h4dow_trail,n2,h4dow,trail,GBPUSD,S,2025-11-12 04:00:00-05:00,2025-11-13 03:01:00-05:00,1.31168,1.31442,1.31442,,-0.6431,False,2025,2025-11-12 01:00:00,7.0,0.0,4+
n3_h4dow_trail,n3,h4dow,trail,GBPUSD,S,2025-11-12 04:00:00-05:00,2025-11-13 03:01:00-05:00,1.31168,1.31442,1.31442,,-0.6431,False,2025,2025-11-12 01:00:00,7.0,0.0,4+
n2_h4dow_trail,n2,h4dow,trail,USDJPY,L,2025-11-11 23:22:00-05:00,2025-11-13 03:32:00-05:00,154.495,154.626,154.626,,0.2298,False,2025,2025-11-11 21:00:00,1.0,1.0,1
n3_h4dow_trail,n3,h4dow,trail,USDJPY,L,2025-11-11 23:22:00-05:00,2025-11-13 03:32:00-05:00,154.495,154.626,154.626,,0.2298,False,2025,2025-11-11 21:00:00,7.0,0.0,4+
n2_h4dow_fixed,n2,h4dow,fixed,GBPUSD,S,2025-11-12 04:00:00-05:00,2025-11-13 03:55:00-05:00,1.31168,1.31615,1.31615,1.30423,-1.0302,False,2025,2025-11-12 01:00:00,7.0,0.0,4+
n3_h4dow_fixed,n3,h4dow,fixed,GBPUSD,S,2025-11-12 04:00:00-05:00,2025-11-13 03:55:00-05:00,1.31168,1.31615,1.31615,1.30423,-1.0302,False,2025,2025-11-12 01:00:00,7.0,0.0,4+
n2_h4dow_fixed,n2,h4dow,fixed,USDJPY,L,2025-11-11 23:22:00-05:00,2025-11-14 07:56:00-05:00,154.495,153.945,153.945,155.413,-1.0056,False,2025,2025-11-11 21:00:00,1.0,1.0,1
n2_h4dow_trail,n2,h4dow,trail,EURUSD,S,2025-11-18 05:25:00-05:00,2025-11-18 10:30:00-05:00,1.15818,1.16065,1.16065,,-0.8707,False,2025,2025-11-18 05:00:00,0.0,1.0,0
n3_h4dow_trail,n3,h4dow,trail,EURUSD,S,2025-11-18 05:25:00-05:00,2025-11-18 10:30:00-05:00,1.15818,1.16065,1.16065,,-0.8707,False,2025,2025-11-18 05:00:00,5.0,0.0,4+
n2_h4dow_fixed,n2,h4dow,fixed,USDJPY,L,2025-11-16 22:02:00-05:00,2025-11-19 04:39:00-05:00,154.764,155.836,154.12,155.836,1.6553,False,2025,2025-11-16 21:00:00,3.0,0.0,2-3
n3_h4dow_fixed,n3,h4dow,fixed,USDJPY,L,2025-11-16 22:02:00-05:00,2025-11-19 04:39:00-05:00,154.764,155.836,154.12,155.836,1.6553,False,2025,2025-11-16 21:00:00,3.0,0.0,2-3
n2_h4dow_trail,n2,h4dow,trail,SP500,S,2025-11-17 14:56:00-05:00,2025-11-19 04:45:00-05:00,6670.81,6652.52,6652.52,,0.2692,False,2025,2025-11-17 13:00:00,0.0,1.0,0
n2_h4w18_trail,n2,h4w18,trail,SP500,S,2025-11-17 23:17:00-05:00,2025-11-19 04:45:00-05:00,6655.75,6652.52,6652.52,,0.0433,False,2025,2025-11-17 21:00:00,1.0,1.0,1
n2_h4dow_fixed,n2,h4dow,fixed,EURUSD,S,2025-11-18 05:25:00-05:00,2025-11-19 12:21:00-05:00,1.15818,1.15335,1.16108,1.15335,1.6465,False,2025,2025-11-18 05:00:00,0.0,1.0,0
n3_h4dow_fixed,n3,h4dow,fixed,EURUSD,S,2025-11-18 05:25:00-05:00,2025-11-19 12:21:00-05:00,1.15818,1.15335,1.16108,1.15335,1.6465,False,2025,2025-11-18 05:00:00,5.0,0.0,4+
n2_h4w18_fixed,n2,h4w18,fixed,SP500,S,2025-11-17 23:17:00-05:00,2025-11-19 18:14:00-05:00,6655.75,6721.25,6721.25,6546.57,-0.9876,False,2025,2025-11-17 21:00:00,1.0,1.0,1
n2_h4dow_fixed,n2,h4dow,fixed,SP500,S,2025-11-17 14:56:00-05:00,2025-11-19 19:17:00-05:00,6670.81,6734.34,6734.34,6564.93,-0.9581,False,2025,2025-11-17 13:00:00,0.0,1.0,0
n2_h4dow_trail,n2,h4dow,trail,EURUSD,S,2025-11-19 03:52:00-05:00,2025-11-20 09:29:00-05:00,1.15714,1.15423,1.15423,,0.9982,False,2025,2025-11-19 01:00:00,1.0,1.0,1
n3_h4dow_trail,n3,h4dow,trail,EURUSD,S,2025-11-19 03:52:00-05:00,2025-11-20 09:29:00-05:00,1.15714,1.15423,1.15423,,0.9982,False,2025,2025-11-19 01:00:00,1.0,1.0,1
n2_h4dow_trail,n2,h4dow,trail,USDJPY,L,2025-11-16 22:02:00-05:00,2025-11-20 23:06:00-05:00,154.764,157.11,157.11,,3.6417,False,2025,2025-11-16 21:00:00,3.0,0.0,2-3
n3_h4dow_trail,n3,h4dow,trail,USDJPY,L,2025-11-16 22:02:00-05:00,2025-11-20 23:06:00-05:00,154.764,157.11,157.11,,3.6417,False,2025,2025-11-16 21:00:00,3.0,0.0,2-3
n2_h4dow_trail,n2,h4dow,trail,SP500,S,2025-11-20 12:36:00-05:00,2025-11-21 07:54:00-05:00,6594.35,6594.04,6594.04,,-0.0003,False,2025,2025-11-20 09:00:00,2.0,1.0,2-3
n3_h4dow_trail,n3,h4dow,trail,GBPUSD,S,2025-11-19 05:48:00-05:00,2025-11-21 12:03:00-05:00,1.31082,1.31031,1.31031,,0.0857,False,2025,2025-11-19 05:00:00,1.0,1.0,1
n3_h4w18_trail,n3,h4w18,trail,GBPUSD,S,2025-11-19 10:39:00-05:00,2025-11-21 12:03:00-05:00,1.30844,1.31031,1.31031,,-0.4454,False,2025,2025-11-19 09:00:00,1.0,1.0,1
n2_h4dow_fixed,n2,h4dow,fixed,SP500,S,2025-11-20 12:36:00-05:00,2025-11-21 13:48:00-05:00,6594.35,6662.3,6662.3,6481.1,-0.6829,False,2025,2025-11-20 09:00:00,2.0,1.0,2-3
n2_h4dow_trail,n2,h4dow,trail,EURUSD,S,2025-11-21 07:05:00-05:00,2025-11-23 23:55:00-05:00,1.15037,1.15208,1.15208,,-0.5447,False,2025,2025-11-21 05:00:00,3.0,1.0,2-3
n3_h4dow_trail,n3,h4dow,trail,EURUSD,S,2025-11-21 07:05:00-05:00,2025-11-23 23:55:00-05:00,1.15037,1.15208,1.15208,,-0.5447,False,2025,2025-11-21 05:00:00,3.0,1.0,2-3
n2_h4dow_fixed,n2,h4dow,fixed,EURUSD,S,2025-11-21 07:05:00-05:00,2025-11-24 05:08:00-05:00,1.15037,1.15361,1.15361,1.14497,-1.0169,False,2025,2025-11-21 05:00:00,3.0,1.0,2-3
n3_h4dow_fixed,n3,h4dow,fixed,EURUSD,S,2025-11-21 07:05:00-05:00,2025-11-24 05:08:00-05:00,1.15037,1.15361,1.15361,1.14497,-1.0169,False,2025,2025-11-21 05:00:00,3.0,1.0,2-3
n3_h4w18_fixed,n3,h4w18,fixed,GBPUSD,S,2025-11-19 10:39:00-05:00,2025-11-25 04:35:00-05:00,1.30844,1.31294,1.31294,1.30094,-1.0299,False,2025,2025-11-19 09:00:00,1.0,1.0,1
n3_h4dow_fixed,n3,h4dow,fixed,GBPUSD,S,2025-11-19 05:48:00-05:00,2025-11-25 08:15:00-05:00,1.31082,1.3152,1.3152,1.30352,-1.0308,False,2025,2025-11-19 05:00:00,1.0,1.0,1
n3_h4dow_fixed,n3,h4dow,fixed,USDJPY,L,2025-12-08 04:11:00-05:00,2025-12-09 08:25:00-05:00,155.494,156.474,154.906,156.474,1.659,False,2025,2025-12-08 01:00:00,8.0,0.0,4+
n2_h4dow_fixed,n2,h4dow,fixed,EURUSD,L,2025-12-10 03:42:00-05:00,2025-12-10 05:41:00-05:00,1.16574,1.16325,1.16325,1.16989,-1.0223,False,2025,2025-12-10 01:00:00,7.0,0.0,4+
n2_h4dow_trail,n2,h4dow,trail,EURUSD,L,2025-12-10 03:42:00-05:00,2025-12-10 05:41:00-05:00,1.16574,1.16325,1.16325,,-1.0223,False,2025,2025-12-10 01:00:00,7.0,0.0,4+
n3_h4dow_fixed,n3,h4dow,fixed,EURUSD,L,2025-12-10 03:42:00-05:00,2025-12-10 05:41:00-05:00,1.16574,1.16325,1.16325,1.16989,-1.0223,False,2025,2025-12-10 01:00:00,7.0,0.0,4+
n3_h4dow_trail,n3,h4dow,trail,EURUSD,L,2025-12-10 03:42:00-05:00,2025-12-10 05:41:00-05:00,1.16574,1.16325,1.16325,,-1.0223,False,2025,2025-12-10 01:00:00,7.0,0.0,4+
n3_h4dow_trail,n3,h4dow,trail,USDJPY,L,2025-12-08 04:11:00-05:00,2025-12-10 08:58:00-05:00,155.494,156.56,156.56,,1.8052,False,2025,2025-12-08 01:00:00,8.0,0.0,4+
n2_h4w18_fixed,n2,h4w18,fixed,EURUSD,L,2025-12-10 15:03:00-05:00,2025-12-11 08:42:00-05:00,1.1682,1.17283,1.16542,1.17283,1.6454,False,2025,2025-12-10 13:00:00,7.0,0.0,4+
n3_h4w18_fixed,n3,h4w18,fixed,EURUSD,L,2025-12-10 15:03:00-05:00,2025-12-11 08:42:00-05:00,1.1682,1.17283,1.16542,1.17283,1.6454,False,2025,2025-12-10 13:00:00,7.0,0.0,4+
n3_h4dow_fixed,n3,h4dow,fixed,GBPUSD,L,2025-12-10 14:07:00-05:00,2025-12-11 08:53:00-05:00,1.33559,1.34147,1.33206,1.34147,1.6268,False,2025,2025-12-10 13:00:00,10.0,0.0,4+
n2_h4w18_fixed,n2,h4w18,fixed,USDCHF,S,2025-12-10 18:51:00-05:00,2025-12-11 09:20:00-05:00,0.79919,0.79456,0.80197,0.79456,1.6038,False,2025,2025-12-10 17:00:00,1.0,1.0,1
n3_h4dow_trail,n3,h4dow,trail,GBPUSD,L,2025-12-10 14:07:00-05:00,2025-12-12 02:00:00-05:00,1.33559,1.33826,1.33826,,0.7175,False,2025,2025-12-10 13:00:00,10.0,0.0,4+
n3_h4w18_trail,n3,h4w18,trail,GBPUSD,L,2025-12-10 15:13:00-05:00,2025-12-12 02:00:00-05:00,1.33852,1.33826,1.33826,,-0.1129,False,2025,2025-12-10 13:00:00,10.0,0.0,4+
n2_h4w18_trail,n2,h4w18,trail,EURUSD,L,2025-12-10 15:03:00-05:00,2025-12-12 03:56:00-05:00,1.1682,1.17313,1.17313,,1.7533,False,2025,2025-12-10 13:00:00,7.0,0.0,4+
n3_h4w18_trail,n3,h4w18,trail,EURUSD,L,2025-12-10 15:03:00-05:00,2025-12-12 03:56:00-05:00,1.1682,1.17313,1.17313,,1.7533,False,2025,2025-12-10 13:00:00,7.0,0.0,4+
n2_h4w18_trail,n2,h4w18,trail,USDCHF,S,2025-12-10 18:51:00-05:00,2025-12-12 07:06:00-05:00,0.79919,0.79562,0.79562,,1.2269,False,2025,2025-12-10 17:00:00,1.0,1.0,1
n3_h4w18_fixed,n3,h4w18,fixed,GBPUSD,L,2025-12-10 15:13:00-05:00,2025-12-12 11:34:00-05:00,1.33852,1.33499,1.33499,1.3444,-1.0389,False,2025,2025-12-10 13:00:00,10.0,0.0,4+
n2_h4dow_trail,n2,h4dow,trail,EURUSD,L,2025-12-15 06:54:00-05:00,2025-12-16 02:09:00-05:00,1.17497,1.17466,1.17466,,-0.1298,False,2025,2025-12-15 05:00:00,1.0,1.0,1
n3_h4dow_trail,n3,h4dow,trail,EURUSD,L,2025-12-15 06:54:00-05:00,2025-12-16 02:09:00-05:00,1.17497,1.17466,1.17466,,-0.1298,False,2025,2025-12-15 05:00:00,1.0,1.0,1
n2_h4dow_fixed,n2,h4dow,fixed,EURUSD,L,2025-12-15 06:54:00-05:00,2025-12-16 09:57:00-05:00,1.17497,1.17967,1.17215,1.17967,1.6468,False,2025,2025-12-15 05:00:00,1.0,1.0,1
n3_h4dow_fixed,n3,h4dow,fixed,EURUSD,L,2025-12-15 06:54:00-05:00,2025-12-16 09:57:00-05:00,1.17497,1.17967,1.17215,1.17967,1.6468,False,2025,2025-12-15 05:00:00,1.0,1.0,1
n2_h4dow_trail,n2,h4dow,trail,EURUSD,L,2025-12-16 07:26:00-05:00,2025-12-16 14:25:00-05:00,1.17688,1.17443,1.17443,,-0.9386,False,2025,2025-12-16 05:00:00,2.0,1.0,2-3
n3_h4dow_trail,n3,h4dow,trail,EURUSD,L,2025-12-16 07:26:00-05:00,2025-12-16 14:25:00-05:00,1.17688,1.17443,1.17443,,-0.9386,False,2025,2025-12-16 05:00:00,2.0,1.0,2-3
n2_h4dow_trail,n2,h4dow,trail,GBPUSD,L,2025-12-16 04:14:00-05:00,2025-12-16 23:26:00-05:00,1.34017,1.34005,1.34005,,-0.0717,False,2025,2025-12-16 01:00:00,1.0,1.0,1
n3_h4dow_trail,n3,h4dow,trail,GBPUSD,L,2025-12-16 04:14:00-05:00,2025-12-16 23:26:00-05:00,1.34017,1.34005,1.34005,,-0.0717,False,2025,2025-12-16 01:00:00,1.0,1.0,1
n3_h4dow_trail,n3,h4dow,trail,USDCHF,S,2025-12-16 08:30:00-05:00,2025-12-16 23:29:00-05:00,0.79386,0.79612,0.79612,,-1.0569,False,2025,2025-12-16 05:00:00,2.0,1.0,2-3
n3_h4dow_fixed,n3,h4dow,fixed,USDCHF,S,2025-12-16 08:30:00-05:00,2025-12-16 23:32:00-05:00,0.79386,0.79615,0.79615,0.79004,-1.0747,False,2025,2025-12-16 05:00:00,2.0,1.0,2-3
n2_h4dow_fixed,n2,h4dow,fixed,GBPUSD,L,2025-12-16 04:14:00-05:00,2025-12-17 02:00:00-05:00,1.34017,1.33658,1.33658,1.34615,-1.0383,False,2025,2025-12-16 01:00:00,1.0,1.0,1
n3_h4dow_fixed,n3,h4dow,fixed,GBPUSD,L,2025-12-16 04:14:00-05:00,2025-12-17 02:00:00-05:00,1.34017,1.33658,1.33658,1.34615,-1.0383,False,2025,2025-12-16 01:00:00,1.0,1.0,1
n2_h4dow_fixed,n2,h4dow,fixed,EURUSD,L,2025-12-18 08:52:00-05:00,2025-12-18 10:18:00-05:00,1.1758,1.17256,1.17256,1.1812,-1.0172,False,2025,2025-12-18 05:00:00,3.0,0.0,2-3
n2_h4dow_trail,n2,h4dow,trail,EURUSD,L,2025-12-18 08:52:00-05:00,2025-12-18 10:18:00-05:00,1.1758,1.17256,1.17256,,-1.0172,False,2025,2025-12-18 05:00:00,3.0,0.0,2-3
n3_h4dow_fixed,n3,h4dow,fixed,EURUSD,L,2025-12-18 08:52:00-05:00,2025-12-18 10:18:00-05:00,1.1758,1.17256,1.17256,1.1812,-1.0172,False,2025,2025-12-18 05:00:00,3.0,0.0,2-3
n3_h4dow_trail,n3,h4dow,trail,EURUSD,L,2025-12-18 08:52:00-05:00,2025-12-18 10:18:00-05:00,1.1758,1.17256,1.17256,,-1.0172,False,2025,2025-12-18 05:00:00,3.0,0.0,2-3
n2_h4dow_fixed,n2,h4dow,fixed,EURUSD,L,2025-12-22 03:56:00-05:00,2025-12-23 04:03:00-05:00,1.1738,1.17875,1.17083,1.17875,1.6478,False,2025,2025-12-22 01:00:00,4.0,0.0,4+
n3_h4dow_fixed,n3,h4dow,fixed,EURUSD,L,2025-12-22 03:56:00-05:00,2025-12-23 04:03:00-05:00,1.1738,1.17875,1.17083,1.17875,1.6478,False,2025,2025-12-22 01:00:00,4.0,0.0,4+
n2_h4dow_fixed,n2,h4dow,fixed,GBPUSD,L,2025-12-22 09:25:00-05:00,2025-12-23 04:04:00-05:00,1.34465,1.35173,1.3404,1.35173,1.6333,False,2025,2025-12-22 09:00:00,1.0,1.0,1
n3_h4dow_fixed,n3,h4dow,fixed,GBPUSD,L,2025-12-22 09:25:00-05:00,2025-12-23 04:04:00-05:00,1.34465,1.35173,1.3404,1.35173,1.6333,False,2025,2025-12-22 09:00:00,4.0,0.0,4+
n2_h4w18_fixed,n2,h4w18,fixed,GBPUSD,L,2025-12-22 09:35:00-05:00,2025-12-23 20:37:00-05:00,1.34558,1.35266,1.34133,1.35266,1.6333,False,2025,2025-12-22 09:00:00,1.0,1.0,1
n3_h4w18_fixed,n3,h4w18,fixed,GBPUSD,L,2025-12-22 09:35:00-05:00,2025-12-23 20:37:00-05:00,1.34558,1.35266,1.34133,1.35266,1.6333,False,2025,2025-12-22 09:00:00,4.0,0.0,4+
n2_h4dow_trail,n2,h4dow,trail,EURUSD,L,2025-12-22 03:56:00-05:00,2025-12-24 09:54:00-05:00,1.1738,1.17796,1.17796,,1.3818,False,2025,2025-12-22 01:00:00,4.0,0.0,4+
n3_h4dow_trail,n3,h4dow,trail,EURUSD,L,2025-12-22 03:56:00-05:00,2025-12-24 09:54:00-05:00,1.1738,1.17796,1.17796,,1.3818,False,2025,2025-12-22 01:00:00,4.0,0.0,4+
n2_h4w18_trail,n2,h4w18,trail,EURUSD,L,2025-12-23 20:37:00-05:00,2025-12-24 09:54:00-05:00,1.18042,1.17796,1.17796,,-0.7962,False,2025,2025-12-23 17:00:00,0.0,1.0,0
n3_h4w18_trail,n3,h4w18,trail,EURUSD,L,2025-12-23 20:37:00-05:00,2025-12-24 09:54:00-05:00,1.18042,1.17796,1.17796,,-0.7962,False,2025,2025-12-23 17:00:00,4.0,0.0,4+
n2_h4w18_fixed,n2,h4w18,fixed,EURUSD,L,2025-12-23 20:37:00-05:00,2025-12-24 19:53:00-05:00,1.18042,1.17726,1.17726,1.1857,-1.0178,False,2025,2025-12-23 17:00:00,0.0,1.0,0
n3_h4w18_fixed,n3,h4w18,fixed,EURUSD,L,2025-12-23 20:37:00-05:00,2025-12-24 19:53:00-05:00,1.18042,1.17726,1.17726,1.1857,-1.0178,False,2025,2025-12-23 17:00:00,4.0,0.0,4+
n2_h4w18_trail,n2,h4w18,trail,AUDUSD,L,2025-12-23 03:45:00-05:00,2025-12-24 19:54:00-05:00,0.66861,0.67003,0.67003,,0.67,False,2025,2025-12-23 01:00:00,1.0,1.0,1
n2_h4dow_trail,n2,h4dow,trail,GBPUSD,L,2025-12-22 09:25:00-05:00,2025-12-26 00:19:00-05:00,1.34465,1.34924,1.34924,,1.0475,False,2025,2025-12-22 09:00:00,1.0,1.0,1
n3_h4dow_trail,n3,h4dow,trail,GBPUSD,L,2025-12-22 09:25:00-05:00,2025-12-26 00:19:00-05:00,1.34465,1.34924,1.34924,,1.0475,False,2025,2025-12-22 09:00:00,4.0,0.0,4+
n2_h4w18_trail,n2,h4w18,trail,GBPUSD,L,2025-12-22 09:35:00-05:00,2025-12-26 00:19:00-05:00,1.34558,1.34924,1.34924,,0.8306,False,2025,2025-12-22 09:00:00,1.0,1.0,1
n3_h4w18_trail,n3,h4w18,trail,GBPUSD,L,2025-12-22 09:35:00-05:00,2025-12-26 00:19:00-05:00,1.34558,1.34924,1.34924,,0.8306,False,2025,2025-12-22 09:00:00,4.0,0.0,4+
n2_h4dow_trail,n2,h4dow,trail,AUDUSD,L,2025-12-25 21:55:00-05:00,2025-12-26 03:01:00-05:00,0.67176,0.66996,0.66996,,-0.9627,False,2025,2025-12-25 21:00:00,2.0,1.0,2-3
n3_h4dow_trail,n3,h4dow,trail,AUDUSD,L,2025-12-25 21:55:00-05:00,2025-12-26 03:01:00-05:00,0.67176,0.66996,0.66996,,-0.9627,False,2025,2025-12-25 21:00:00,2.0,1.0,2-3
n2_h4dow_fixed,n2,h4dow,fixed,AUDUSD,L,2025-12-25 21:55:00-05:00,2025-12-26 04:38:00-05:00,0.67176,0.6698,0.6698,0.67504,-1.0443,False,2025,2025-12-25 21:00:00,2.0,1.0,2-3
n3_h4dow_fixed,n3,h4dow,fixed,AUDUSD,L,2025-12-25 21:55:00-05:00,2025-12-26 04:38:00-05:00,0.67176,0.6698,0.6698,0.67504,-1.0443,False,2025,2025-12-25 21:00:00,2.0,1.0,2-3
n2_h4w18_fixed,n2,h4w18,fixed,AUDUSD,L,2025-12-23 03:45:00-05:00,2025-12-26 09:04:00-05:00,0.66861,0.67193,0.66661,0.67193,1.6166,False,2025,2025-12-23 01:00:00,1.0,1.0,1
n3_h4dow_trail,n3,h4dow,trail,SP500,L,2025-12-24 09:35:00-05:00,2025-12-26 10:15:00-05:00,6963.57,6974.18,6974.18,,0.4102,False,2025,2025-12-24 09:00:00,1.0,1.0,1
n2_h4dow_fixed,n2,h4dow,fixed,GBPUSD,L,2025-12-26 08:40:00-05:00,2025-12-26 11:21:00-05:00,1.35244,1.34888,1.34888,1.35837,-1.0389,False,2025,2025-12-26 05:00:00,2.0,1.0,2-3
n2_h4dow_trail,n2,h4dow,trail,GBPUSD,L,2025-12-26 08:40:00-05:00,2025-12-26 11:21:00-05:00,1.35244,1.34888,1.34888,,-1.0389,False,2025,2025-12-26 05:00:00,2.0,1.0,2-3
n3_h4dow_fixed,n3,h4dow,fixed,GBPUSD,L,2025-12-26 08:40:00-05:00,2025-12-26 11:21:00-05:00,1.35244,1.34888,1.34888,1.35837,-1.0389,False,2025,2025-12-26 05:00:00,2.0,1.0,2-3
n3_h4dow_trail,n3,h4dow,trail,GBPUSD,L,2025-12-26 08:40:00-05:00,2025-12-26 11:21:00-05:00,1.35244,1.34888,1.34888,,-1.0389,False,2025,2025-12-26 05:00:00,2.0,1.0,2-3
n2_h4dow_trail,n2,h4dow,trail,USDJPY,L,2025-12-26 10:55:00-05:00,2025-12-28 19:04:00-05:00,156.492,156.228,156.228,,-0.5027,False,2025,2025-12-26 09:00:00,3.0,0.0,2-3
n3_h4dow_trail,n3,h4dow,trail,USDJPY,L,2025-12-26 10:55:00-05:00,2025-12-28 19:04:00-05:00,156.492,156.228,156.228,,-0.5027,False,2025,2025-12-26 09:00:00,3.0,0.0,2-3
n2_h4dow_fixed,n2,h4dow,fixed,USDJPY,L,2025-12-26 10:55:00-05:00,2025-12-29 10:57:00-05:00,156.492,155.96,155.96,157.38,-1.0052,False,2025,2025-12-26 09:00:00,3.0,0.0,2-3
n3_h4dow_fixed,n3,h4dow,fixed,USDJPY,L,2025-12-26 10:55:00-05:00,2025-12-29 10:57:00-05:00,156.492,155.96,155.96,157.38,-1.0052,False,2025,2025-12-26 09:00:00,3.0,0.0,2-3
n3_h4dow_fixed,n3,h4dow,fixed,SP500,L,2025-12-24 09:35:00-05:00,2025-12-29 12:25:00-05:00,6963.57,6940.02,6940.02,7002.82,-0.9562,False,2025,2025-12-24 09:00:00,1.0,1.0,1
n2_h4dow_fixed,n2,h4dow,fixed,GBPUSD,L,2025-12-30 05:37:00-05:00,2025-12-30 08:41:00-05:00,1.35269,1.34885,1.34885,1.35909,-1.0361,False,2025,2025-12-30 05:00:00,4.0,0.0,4+
n2_h4dow_trail,n2,h4dow,trail,GBPUSD,L,2025-12-30 05:37:00-05:00,2025-12-30 08:41:00-05:00,1.35269,1.34885,1.34885,,-1.0361,False,2025,2025-12-30 05:00:00,4.0,0.0,4+
n3_h4dow_fixed,n3,h4dow,fixed,GBPUSD,L,2025-12-30 05:37:00-05:00,2025-12-30 08:41:00-05:00,1.35269,1.34885,1.34885,1.35909,-1.0361,False,2025,2025-12-30 05:00:00,4.0,0.0,4+
n3_h4dow_trail,n3,h4dow,trail,GBPUSD,L,2025-12-30 05:37:00-05:00,2025-12-30 08:41:00-05:00,1.35269,1.34885,1.34885,,-1.0361,False,2025,2025-12-30 05:00:00,4.0,0.0,4+
