Pair,filter,mode,EntryTime,R,Side,year,IS
USDJPY,w1_dow_strict,trail,2021-01-04 02:46:00-05:00,-1.009275000000038,S,2021,True
USDJPY,h4_ma_aligned,fixed,2021-01-04 02:46:00-05:00,-1.009275000000038,S,2021,True
USDJPY,d1roc_h4ma,fixed,2021-01-04 02:46:00-05:00,-1.009275000000038,S,2021,True
USDJPY,h4_ma_nocounter,trail,2021-01-04 02:46:00-05:00,-1.009275000000038,S,2021,True
USDJPY,h4_ma_nocounter,fixed,2021-01-04 02:46:00-05:00,-1.009275000000038,S,2021,True
USDJPY,d1_roc20,trail,2021-01-04 02:46:00-05:00,-1.009275000000038,S,2021,True
USDJPY,d1roc_h4ma,trail,2021-01-04 02:46:00-05:00,-1.009275000000038,S,2021,True
USDJPY,d1_roc20,fixed,2021-01-04 02:46:00-05:00,-1.009275000000038,S,2021,True
USDJPY,w1_dow_nocounter,trail,2021-01-04 02:46:00-05:00,-1.009275000000038,S,2021,True
USDJPY,w1_dow_nocounter,fixed,2021-01-04 02:46:00-05:00,-1.009275000000038,S,2021,True
USDJPY,w1_dow_strict,fixed,2021-01-04 02:46:00-05:00,-1.009275000000038,S,2021,True
USDJPY,d1_adx_lt25,fixed,2021-01-04 02:46:00-05:00,-1.009275000000038,S,2021,True
USDJPY,none,trail,2021-01-04 02:46:00-05:00,-1.009275000000038,S,2021,True
USDJPY,none,fixed,2021-01-04 02:46:00-05:00,-1.009275000000038,S,2021,True
USDJPY,d1_adx_lt25,trail,2021-01-04 02:46:00-05:00,-1.009275000000038,S,2021,True
USDJPY,h4_ma_aligned,trail,2021-01-04 02:46:00-05:00,-1.009275000000038,S,2021,True
USDJPY,d1_adx_lt25,fixed,2021-01-07 10:17:00-05:00,-1.0065099999999865,L,2021,True
USDJPY,none,trail,2021-01-07 10:17:00-05:00,-0.3528549999999873,L,2021,True
USDJPY,none,fixed,2021-01-07 10:17:00-05:00,-1.0065099999999865,L,2021,True
USDJPY,d1_adx_lt25,trail,2021-01-07 10:17:00-05:00,-0.3528549999999873,L,2021,True
USDCHF,d1_adx_ge20,fixed,2021-01-11 08:32:00-05:00,-1.0476080000000059,L,2021,True
USDCHF,none,trail,2021-01-11 08:32:00-05:00,-0.8685236500000201,L,2021,True
USDCHF,h4_ma_nocounter,fixed,2021-01-11 08:32:00-05:00,-1.0476080000000059,L,2021,True
USDCHF,none,fixed,2021-01-11 08:32:00-05:00,-1.0476080000000059,L,2021,True
USDCHF,d1_adx_ge20,trail,2021-01-11 08:32:00-05:00,-0.8685236500000201,L,2021,True
USDCHF,h4_ma_nocounter,trail,2021-01-11 08:32:00-05:00,-0.8685236500000201,L,2021,True
GBPUSD,none,fixed,2021-01-14 12:56:00-05:00,-1.0229817499999991,L,2021,True
GBPUSD,d1roc_h4ma,trail,2021-01-14 12:56:00-05:00,-1.0229817499999991,L,2021,True
GBPUSD,w1_dow_strict,fixed,2021-01-14 12:56:00-05:00,-1.0229817499999991,L,2021,True
GBPUSD,d1_roc20,fixed,2021-01-14 12:56:00-05:00,-1.0229817499999991,L,2021,True
GBPUSD,d1_adx_lt25,fixed,2021-01-14 12:56:00-05:00,-1.0229817499999991,L,2021,True
GBPUSD,d1_adx_lt25,trail,2021-01-14 12:56:00-05:00,-1.0229817499999991,L,2021,True
GBPUSD,h4_ma_nocounter,fixed,2021-01-14 12:56:00-05:00,-1.0229817499999991,L,2021,True
GBPUSD,w1_dow_strict,trail,2021-01-14 12:56:00-05:00,-1.0229817499999991,L,2021,True
GBPUSD,w1_dow_nocounter,fixed,2021-01-14 12:56:00-05:00,-1.0229817499999991,L,2021,True
GBPUSD,d1_roc20,trail,2021-01-14 12:56:00-05:00,-1.0229817499999991,L,2021,True
GBPUSD,none,trail,2021-01-14 12:56:00-05:00,-1.0229817499999991,L,2021,True
GBPUSD,w1_dow_nocounter,trail,2021-01-14 12:56:00-05:00,-1.0229817499999991,L,2021,True
GBPUSD,d1roc_h4ma,fixed,2021-01-14 12:56:00-05:00,-1.0229817499999991,L,2021,True
GBPUSD,h4_ma_aligned,fixed,2021-01-14 12:56:00-05:00,-1.0229817499999991,L,2021,True
GBPUSD,h4_ma_nocounter,trail,2021-01-14 12:56:00-05:00,-1.0229817499999991,L,2021,True
GBPUSD,h4_ma_aligned,trail,2021-01-14 12:56:00-05:00,-1.0229817499999991,L,2021,True
USDCHF,d1roc_h4ma,fixed,2021-01-17 18:50:00-05:00,-1.0563144500000206,L,2021,True
USDCHF,d1_adx_lt25,fixed,2021-01-17 18:50:00-05:00,-1.0563144500000206,L,2021,True
USDCHF,h4_ma_aligned,trail,2021-01-17 18:50:00-05:00,-0.7034144500000267,L,2021,True
USDCHF,h4_ma_aligned,fixed,2021-01-17 18:50:00-05:00,-1.0563144500000206,L,2021,True
USDCHF,d1_adx_lt25,trail,2021-01-17 18:50:00-05:00,-0.7034144500000267,L,2021,True
USDCHF,h4_ma_nocounter,trail,2021-01-17 18:50:00-05:00,-0.7034144500000267,L,2021,True
USDCHF,none,fixed,2021-01-17 18:50:00-05:00,-1.0563144500000206,L,2021,True
USDCHF,h4_ma_nocounter,fixed,2021-01-17 18:50:00-05:00,-1.0563144500000206,L,2021,True
USDCHF,d1_roc20,trail,2021-01-17 18:50:00-05:00,-0.7034144500000267,L,2021,True
USDCHF,d1_adx_ge20,trail,2021-01-17 18:50:00-05:00,-0.7034144500000267,L,2021,True
USDCHF,none,trail,2021-01-17 18:50:00-05:00,-0.7034144500000267,L,2021,True
USDCHF,d1_roc20,fixed,2021-01-17 18:50:00-05:00,-1.0563144500000206,L,2021,True
USDCHF,d1_adx_ge20,fixed,2021-01-17 18:50:00-05:00,-1.0563144500000206,L,2021,True
USDCHF,d1roc_h4ma,trail,2021-01-17 18:50:00-05:00,-0.7034144500000267,L,2021,True
AUDUSD,none,fixed,2021-01-18 04:01:00-05:00,-1.0216527999999865,S,2021,True
AUDUSD,d1_adx_ge20,fixed,2021-01-18 04:01:00-05:00,-1.0216527999999865,S,2021,True
AUDUSD,h4_ma_nocounter,trail,2021-01-18 04:01:00-05:00,-0.49988299999999564,S,2021,True
AUDUSD,h4_ma_nocounter,fixed,2021-01-18 04:01:00-05:00,-1.0216527999999865,S,2021,True
AUDUSD,d1_adx_ge20,trail,2021-01-18 04:01:00-05:00,-0.49988299999999564,S,2021,True
AUDUSD,none,trail,2021-01-18 04:01:00-05:00,-0.49988299999999564,S,2021,True
EURUSD,d1_adx_ge20,trail,2021-01-18 05:30:00-05:00,-0.6606919499999951,S,2021,True
EURUSD,d1_adx_ge20,fixed,2021-01-18 05:30:00-05:00,-1.0132276000000024,S,2021,True
EURUSD,d1_adx_lt25,trail,2021-01-18 05:30:00-05:00,-0.6606919499999951,S,2021,True
EURUSD,d1_adx_lt25,fixed,2021-01-18 05:30:00-05:00,-1.0132276000000024,S,2021,True
EURUSD,d1roc_h4ma,trail,2021-01-18 05:30:00-05:00,-0.6606919499999951,S,2021,True
EURUSD,d1roc_h4ma,fixed,2021-01-18 05:30:00-05:00,-1.0132276000000024,S,2021,True
EURUSD,none,fixed,2021-01-18 05:30:00-05:00,-1.0132276000000024,S,2021,True
EURUSD,d1_roc20,trail,2021-01-18 05:30:00-05:00,-0.6606919499999951,S,2021,True
EURUSD,h4_ma_nocounter,trail,2021-01-18 05:30:00-05:00,-0.6606919499999951,S,2021,True
EURUSD,h4_ma_nocounter,fixed,2021-01-18 05:30:00-05:00,-1.0132276000000024,S,2021,True
EURUSD,h4_ma_aligned,fixed,2021-01-18 05:30:00-05:00,-1.0132276000000024,S,2021,True
EURUSD,d1_roc20,fixed,2021-01-18 05:30:00-05:00,-1.0132276000000024,S,2021,True
EURUSD,h4_ma_aligned,trail,2021-01-18 05:30:00-05:00,-0.6606919499999951,S,2021,True
EURUSD,none,trail,2021-01-18 05:30:00-05:00,-0.6606919499999951,S,2021,True
GBPUSD,d1roc_h4ma,trail,2021-01-20 05:45:00-05:00,-1.0312116499999886,L,2021,True
GBPUSD,w1_dow_strict,fixed,2021-01-20 05:45:00-05:00,-1.0312116499999886,L,2021,True
GBPUSD,none,trail,2021-01-20 05:45:00-05:00,-1.0312116499999886,L,2021,True
GBPUSD,w1_dow_strict,trail,2021-01-20 05:45:00-05:00,-1.0312116499999886,L,2021,True
GBPUSD,d1_roc20,fixed,2021-01-20 05:45:00-05:00,-1.0312116499999886,L,2021,True
GBPUSD,w1_dow_nocounter,fixed,2021-01-20 05:45:00-05:00,-1.0312116499999886,L,2021,True
GBPUSD,d1_adx_lt25,fixed,2021-01-20 05:45:00-05:00,-1.0312116499999886,L,2021,True
GBPUSD,d1_roc20,trail,2021-01-20 05:45:00-05:00,-1.0312116499999886,L,2021,True
GBPUSD,none,fixed,2021-01-20 05:45:00-05:00,-1.0312116499999886,L,2021,True
GBPUSD,h4_ma_aligned,fixed,2021-01-20 05:45:00-05:00,-1.0312116499999886,L,2021,True
GBPUSD,w1_dow_nocounter,trail,2021-01-20 05:45:00-05:00,-1.0312116499999886,L,2021,True
GBPUSD,h4_ma_aligned,trail,2021-01-20 05:45:00-05:00,-1.0312116499999886,L,2021,True
GBPUSD,h4_ma_nocounter,fixed,2021-01-20 05:45:00-05:00,-1.0312116499999886,L,2021,True
GBPUSD,d1_adx_lt25,trail,2021-01-20 05:45:00-05:00,-1.0312116499999886,L,2021,True
GBPUSD,h4_ma_nocounter,trail,2021-01-20 05:45:00-05:00,-1.0312116499999886,L,2021,True
GBPUSD,d1roc_h4ma,fixed,2021-01-20 05:45:00-05:00,-1.0312116499999886,L,2021,True
USDJPY,none,trail,2021-01-20 10:18:00-05:00,-0.6478200000000461,S,2021,True
USDJPY,d1_adx_lt25,trail,2021-01-20 10:18:00-05:00,-0.6478200000000461,S,2021,True
USDJPY,d1_adx_lt25,fixed,2021-01-20 10:18:00-05:00,-1.0120849999999937,S,2021,True
USDJPY,h4_ma_nocounter,fixed,2021-01-20 10:18:00-05:00,-1.0120849999999937,S,2021,True
USDJPY,w1_dow_nocounter,trail,2021-01-20 10:18:00-05:00,-0.6478200000000461,S,2021,True
USDJPY,w1_dow_strict,trail,2021-01-20 10:18:00-05:00,-0.6478200000000461,S,2021,True
USDJPY,h4_ma_nocounter,trail,2021-01-20 10:18:00-05:00,-0.6478200000000461,S,2021,True
USDJPY,none,fixed,2021-01-20 10:18:00-05:00,-1.0120849999999937,S,2021,True
USDJPY,w1_dow_nocounter,fixed,2021-01-20 10:18:00-05:00,-1.0120849999999937,S,2021,True
USDJPY,w1_dow_strict,fixed,2021-01-20 10:18:00-05:00,-1.0120849999999937,S,2021,True
GBPUSD,none,fixed,2021-01-26 19:16:00-05:00,-1.0261549999999888,L,2021,True
GBPUSD,h4_ma_aligned,fixed,2021-01-26 19:16:00-05:00,-1.0261549999999888,L,2021,True
GBPUSD,w1_dow_nocounter,fixed,2021-01-26 19:16:00-05:00,-1.0261549999999888,L,2021,True
GBPUSD,h4_ma_nocounter,fixed,2021-01-26 19:16:00-05:00,-1.0261549999999888,L,2021,True
GBPUSD,none,trail,2021-01-26 19:16:00-05:00,-1.0261549999999888,L,2021,True
GBPUSD,w1_dow_strict,fixed,2021-01-26 19:16:00-05:00,-1.0261549999999888,L,2021,True
GBPUSD,w1_dow_nocounter,trail,2021-01-26 19:16:00-05:00,-1.0261549999999888,L,2021,True
GBPUSD,d1roc_h4ma,fixed,2021-01-26 19:16:00-05:00,-1.0261549999999888,L,2021,True
GBPUSD,h4_ma_aligned,trail,2021-01-26 19:16:00-05:00,-1.0261549999999888,L,2021,True
GBPUSD,d1_adx_lt25,trail,2021-01-26 19:16:00-05:00,-1.0261549999999888,L,2021,True
GBPUSD,d1_roc20,fixed,2021-01-26 19:16:00-05:00,-1.0261549999999888,L,2021,True
GBPUSD,d1_adx_lt25,fixed,2021-01-26 19:16:00-05:00,-1.0261549999999888,L,2021,True
GBPUSD,h4_ma_nocounter,trail,2021-01-26 19:16:00-05:00,-1.0261549999999888,L,2021,True
GBPUSD,d1_roc20,trail,2021-01-26 19:16:00-05:00,-1.0261549999999888,L,2021,True
GBPUSD,w1_dow_strict,trail,2021-01-26 19:16:00-05:00,-1.0261549999999888,L,2021,True
GBPUSD,d1roc_h4ma,trail,2021-01-26 19:16:00-05:00,-1.0261549999999888,L,2021,True
AUDUSD,d1_adx_lt25,fixed,2021-01-27 09:41:00-05:00,-1.024312349999982,S,2021,True
AUDUSD,none,fixed,2021-01-27 09:41:00-05:00,-1.024312349999982,S,2021,True
AUDUSD,h4_ma_aligned,trail,2021-01-27 09:41:00-05:00,-1.0242587499999982,S,2021,True
AUDUSD,d1_adx_lt25,trail,2021-01-27 09:41:00-05:00,-1.0242587499999982,S,2021,True
AUDUSD,h4_ma_aligned,fixed,2021-01-27 09:41:00-05:00,-1.024312349999982,S,2021,True
AUDUSD,h4_ma_nocounter,trail,2021-01-27 09:41:00-05:00,-1.0242587499999982,S,2021,True
AUDUSD,none,trail,2021-01-27 09:41:00-05:00,-1.0242587499999982,S,2021,True
AUDUSD,h4_ma_nocounter,fixed,2021-01-27 09:41:00-05:00,-1.024312349999982,S,2021,True
USDJPY,h4_ma_nocounter,trail,2021-01-28 08:33:00-05:00,4.256890000000009,L,2021,True
USDJPY,d1_roc20,fixed,2021-01-28 08:33:00-05:00,1.6551999999999683,L,2021,True
USDJPY,d1_roc20,trail,2021-01-28 08:33:00-05:00,4.256890000000009,L,2021,True
USDJPY,d1_adx_lt25,trail,2021-01-28 08:33:00-05:00,4.256890000000009,L,2021,True
USDJPY,none,fixed,2021-01-28 08:33:00-05:00,1.6551999999999683,L,2021,True
USDJPY,h4_ma_aligned,fixed,2021-01-28 08:33:00-05:00,1.6551999999999683,L,2021,True
USDJPY,none,trail,2021-01-28 08:33:00-05:00,4.256890000000009,L,2021,True
USDJPY,d1roc_h4ma,trail,2021-01-28 08:33:00-05:00,4.256890000000009,L,2021,True
USDJPY,d1_adx_lt25,fixed,2021-01-28 08:33:00-05:00,1.6551999999999683,L,2021,True
USDJPY,d1roc_h4ma,fixed,2021-01-28 08:33:00-05:00,1.6551999999999683,L,2021,True
USDJPY,h4_ma_nocounter,fixed,2021-01-28 08:33:00-05:00,1.6551999999999683,L,2021,True
USDJPY,h4_ma_aligned,trail,2021-01-28 08:33:00-05:00,4.256890000000009,L,2021,True
USDCHF,none,trail,2021-02-01 03:26:00-05:00,1.0350011000000297,L,2021,True
USDCHF,none,fixed,2021-02-01 03:26:00-05:00,1.5976600000000152,L,2021,True
USDCHF,d1_adx_lt25,trail,2021-02-01 03:26:00-05:00,1.0350011000000297,L,2021,True
USDCHF,d1roc_h4ma,trail,2021-02-01 03:26:00-05:00,1.0350011000000297,L,2021,True
USDCHF,d1roc_h4ma,fixed,2021-02-01 03:26:00-05:00,1.5976600000000152,L,2021,True
USDCHF,h4_ma_aligned,trail,2021-02-01 03:26:00-05:00,1.0350011000000297,L,2021,True
USDCHF,h4_ma_aligned,fixed,2021-02-01 03:26:00-05:00,1.5976600000000152,L,2021,True
USDCHF,h4_ma_nocounter,fixed,2021-02-01 03:26:00-05:00,1.5976600000000152,L,2021,True
USDCHF,h4_ma_nocounter,trail,2021-02-01 03:26:00-05:00,1.0350011000000297,L,2021,True
USDCHF,d1_roc20,trail,2021-02-01 03:26:00-05:00,1.0350011000000297,L,2021,True
USDCHF,d1_roc20,fixed,2021-02-01 03:26:00-05:00,1.5976600000000152,L,2021,True
USDCHF,d1_adx_lt25,fixed,2021-02-01 03:26:00-05:00,1.5976600000000152,L,2021,True
EURUSD,h4_ma_nocounter,fixed,2021-02-01 15:36:00-05:00,1.652921000000003,S,2021,True
EURUSD,h4_ma_nocounter,trail,2021-02-01 15:36:00-05:00,0.6073462999999689,S,2021,True
EURUSD,d1_adx_lt25,trail,2021-02-01 15:36:00-05:00,0.6073462999999689,S,2021,True
EURUSD,none,fixed,2021-02-01 15:36:00-05:00,1.652921000000003,S,2021,True
EURUSD,h4_ma_aligned,fixed,2021-02-01 15:36:00-05:00,1.652921000000003,S,2021,True
EURUSD,h4_ma_aligned,trail,2021-02-01 15:36:00-05:00,0.6073462999999689,S,2021,True
EURUSD,d1roc_h4ma,trail,2021-02-01 15:36:00-05:00,0.6073462999999689,S,2021,True
EURUSD,d1_adx_lt25,fixed,2021-02-01 15:36:00-05:00,1.652921000000003,S,2021,True
EURUSD,d1_roc20,trail,2021-02-01 15:36:00-05:00,0.6073462999999689,S,2021,True
EURUSD,d1roc_h4ma,fixed,2021-02-01 15:36:00-05:00,1.652921000000003,S,2021,True
EURUSD,d1_roc20,fixed,2021-02-01 15:36:00-05:00,1.652921000000003,S,2021,True
EURUSD,none,trail,2021-02-01 15:36:00-05:00,0.6073462999999689,S,2021,True
AUDUSD,d1roc_h4ma,trail,2021-02-02 07:47:00-05:00,-0.6808223000000058,S,2021,True
AUDUSD,h4_ma_aligned,trail,2021-02-02 07:47:00-05:00,-0.6808223000000058,S,2021,True
AUDUSD,h4_ma_aligned,fixed,2021-02-02 07:47:00-05:00,-1.0194262499999949,S,2021,True
AUDUSD,d1_adx_lt25,fixed,2021-02-02 07:47:00-05:00,-1.0194262499999949,S,2021,True
AUDUSD,none,trail,2021-02-02 07:47:00-05:00,-0.6808223000000058,S,2021,True
AUDUSD,d1_adx_lt25,trail,2021-02-02 07:47:00-05:00,-0.6808223000000058,S,2021,True
AUDUSD,h4_ma_nocounter,trail,2021-02-02 07:47:00-05:00,-0.6808223000000058,S,2021,True
AUDUSD,h4_ma_nocounter,fixed,2021-02-02 07:47:00-05:00,-1.0194262499999949,S,2021,True
AUDUSD,d1_roc20,trail,2021-02-02 07:47:00-05:00,-0.6808223000000058,S,2021,True
AUDUSD,d1_roc20,fixed,2021-02-02 07:47:00-05:00,-1.0194262499999949,S,2021,True
AUDUSD,none,fixed,2021-02-02 07:47:00-05:00,-1.0194262499999949,S,2021,True
AUDUSD,d1roc_h4ma,fixed,2021-02-02 07:47:00-05:00,-1.0194262499999949,S,2021,True
GBPUSD,h4_ma_nocounter,trail,2021-02-03 22:57:00-05:00,-1.0284351999999621,S,2021,True
GBPUSD,d1_adx_lt25,fixed,2021-02-03 22:57:00-05:00,-1.0284351999999621,S,2021,True
GBPUSD,d1_adx_lt25,trail,2021-02-03 22:57:00-05:00,-1.0284351999999621,S,2021,True
GBPUSD,none,fixed,2021-02-03 22:57:00-05:00,-1.0284351999999621,S,2021,True
GBPUSD,none,trail,2021-02-03 22:57:00-05:00,-1.0284351999999621,S,2021,True
GBPUSD,h4_ma_nocounter,fixed,2021-02-03 22:57:00-05:00,-1.0284351999999621,S,2021,True
GBPUSD,h4_ma_nocounter,fixed,2021-02-08 20:26:00-05:00,1.6386942000000135,L,2021,True
GBPUSD,w1_dow_nocounter,fixed,2021-02-08 20:26:00-05:00,1.6386942000000135,L,2021,True
GBPUSD,d1_roc20,trail,2021-02-08 20:26:00-05:00,1.1890214500000018,L,2021,True
GBPUSD,d1_roc20,fixed,2021-02-08 20:26:00-05:00,1.6386942000000135,L,2021,True
GBPUSD,none,fixed,2021-02-08 20:26:00-05:00,1.6386942000000135,L,2021,True
GBPUSD,none,trail,2021-02-08 20:26:00-05:00,1.1890214500000018,L,2021,True
GBPUSD,w1_dow_nocounter,trail,2021-02-08 20:26:00-05:00,1.1890214500000018,L,2021,True
GBPUSD,w1_dow_strict,fixed,2021-02-08 20:26:00-05:00,1.6386942000000135,L,2021,True
GBPUSD,w1_dow_strict,trail,2021-02-08 20:26:00-05:00,1.1890214500000018,L,2021,True
GBPUSD,d1roc_h4ma,fixed,2021-02-08 20:26:00-05:00,1.6386942000000135,L,2021,True
GBPUSD,d1roc_h4ma,trail,2021-02-08 20:26:00-05:00,1.1890214500000018,L,2021,True
GBPUSD,d1_adx_lt25,trail,2021-02-08 20:26:00-05:00,1.1890214500000018,L,2021,True
GBPUSD,d1_adx_lt25,fixed,2021-02-08 20:26:00-05:00,1.6386942000000135,L,2021,True
GBPUSD,h4_ma_nocounter,trail,2021-02-08 20:26:00-05:00,1.1890214500000018,L,2021,True
AUDUSD,w1_dow_nocounter,trail,2021-02-14 22:47:00-05:00,-0.28639199999999915,L,2021,True
AUDUSD,w1_dow_strict,trail,2021-02-14 22:47:00-05:00,-0.28639199999999915,L,2021,True
AUDUSD,w1_dow_strict,fixed,2021-02-14 22:47:00-05:00,-1.0308545000000124,L,2021,True
AUDUSD,h4_ma_nocounter,trail,2021-02-14 22:47:00-05:00,-0.28639199999999915,L,2021,True
AUDUSD,d1roc_h4ma,trail,2021-02-14 22:47:00-05:00,-0.28639199999999915,L,2021,True
AUDUSD,none,trail,2021-02-14 22:47:00-05:00,-0.28639199999999915,L,2021,True
AUDUSD,d1_adx_lt25,fixed,2021-02-14 22:47:00-05:00,-1.0308545000000124,L,2021,True
AUDUSD,d1roc_h4ma,fixed,2021-02-14 22:47:00-05:00,-1.0308545000000124,L,2021,True
AUDUSD,h4_ma_nocounter,fixed,2021-02-14 22:47:00-05:00,-1.0308545000000124,L,2021,True
AUDUSD,d1_roc20,trail,2021-02-14 22:47:00-05:00,-0.28639199999999915,L,2021,True
AUDUSD,d1_adx_lt25,trail,2021-02-14 22:47:00-05:00,-0.28639199999999915,L,2021,True
AUDUSD,d1_roc20,fixed,2021-02-14 22:47:00-05:00,-1.0308545000000124,L,2021,True
AUDUSD,none,fixed,2021-02-14 22:47:00-05:00,-1.0308545000000124,L,2021,True
AUDUSD,w1_dow_nocounter,fixed,2021-02-14 22:47:00-05:00,-1.0308545000000124,L,2021,True
USDCHF,h4_ma_nocounter,trail,2021-02-15 20:25:00-05:00,-0.4621616999999699,S,2021,True
USDCHF,h4_ma_nocounter,fixed,2021-02-15 20:25:00-05:00,-1.092031549999986,S,2021,True
USDCHF,d1_roc20,trail,2021-02-15 20:25:00-05:00,-0.4621616999999699,S,2021,True
USDCHF,d1_roc20,fixed,2021-02-15 20:25:00-05:00,-1.092031549999986,S,2021,True
USDCHF,d1_adx_lt25,trail,2021-02-15 20:25:00-05:00,-0.4621616999999699,S,2021,True
USDCHF,d1_adx_lt25,fixed,2021-02-15 20:25:00-05:00,-1.092031549999986,S,2021,True
USDCHF,w1_dow_nocounter,trail,2021-02-15 20:25:00-05:00,-0.4621616999999699,S,2021,True
USDCHF,w1_dow_nocounter,fixed,2021-02-15 20:25:00-05:00,-1.092031549999986,S,2021,True
USDCHF,none,trail,2021-02-15 20:25:00-05:00,-0.4621616999999699,S,2021,True
USDCHF,w1_dow_strict,fixed,2021-02-15 20:25:00-05:00,-1.092031549999986,S,2021,True
USDCHF,d1roc_h4ma,trail,2021-02-15 20:25:00-05:00,-0.4621616999999699,S,2021,True
USDCHF,none,fixed,2021-02-15 20:25:00-05:00,-1.092031549999986,S,2021,True
USDCHF,w1_dow_strict,trail,2021-02-15 20:25:00-05:00,-0.4621616999999699,S,2021,True
USDCHF,d1roc_h4ma,fixed,2021-02-15 20:25:00-05:00,-1.092031549999986,S,2021,True
USDJPY,none,trail,2021-02-16 09:29:00-05:00,0.1975049999999941,L,2021,True
USDJPY,d1_roc20,fixed,2021-02-16 09:29:00-05:00,-1.0067999999999966,L,2021,True
USDJPY,d1_roc20,trail,2021-02-16 09:29:00-05:00,0.1975049999999941,L,2021,True
USDJPY,none,fixed,2021-02-16 09:29:00-05:00,-1.0067999999999966,L,2021,True
USDJPY,d1roc_h4ma,trail,2021-02-16 09:29:00-05:00,0.1975049999999941,L,2021,True
USDJPY,h4_ma_nocounter,fixed,2021-02-16 09:29:00-05:00,-1.0067999999999966,L,2021,True
USDJPY,d1_adx_lt25,fixed,2021-02-16 09:29:00-05:00,-1.0067999999999966,L,2021,True
USDJPY,d1_adx_lt25,trail,2021-02-16 09:29:00-05:00,0.1975049999999941,L,2021,True
USDJPY,h4_ma_nocounter,trail,2021-02-16 09:29:00-05:00,0.1975049999999941,L,2021,True
USDJPY,h4_ma_aligned,fixed,2021-02-16 09:29:00-05:00,-1.0067999999999966,L,2021,True
USDJPY,d1roc_h4ma,fixed,2021-02-16 09:29:00-05:00,-1.0067999999999966,L,2021,True
USDJPY,h4_ma_aligned,trail,2021-02-16 09:29:00-05:00,0.1975049999999941,L,2021,True
USDJPY,d1_adx_ge20,fixed,2021-02-16 09:29:00-05:00,-1.0067999999999966,L,2021,True
USDJPY,d1_adx_ge20,trail,2021-02-16 09:29:00-05:00,0.1975049999999941,L,2021,True
AUDUSD,none,trail,2021-02-19 03:08:00-05:00,2.6481682500000057,L,2021,True
AUDUSD,d1_adx_lt25,fixed,2021-02-19 03:08:00-05:00,1.6428290000000203,L,2021,True
AUDUSD,d1_roc20,trail,2021-02-19 03:08:00-05:00,2.6481682500000057,L,2021,True
AUDUSD,d1roc_h4ma,trail,2021-02-19 03:08:00-05:00,2.6481682500000057,L,2021,True
AUDUSD,w1_dow_strict,trail,2021-02-19 03:08:00-05:00,2.6481682500000057,L,2021,True
AUDUSD,none,fixed,2021-02-19 03:08:00-05:00,1.6428290000000203,L,2021,True
AUDUSD,w1_dow_strict,fixed,2021-02-19 03:08:00-05:00,1.6428290000000203,L,2021,True
AUDUSD,d1roc_h4ma,fixed,2021-02-19 03:08:00-05:00,1.6428290000000203,L,2021,True
AUDUSD,h4_ma_nocounter,trail,2021-02-19 03:08:00-05:00,2.6481682500000057,L,2021,True
AUDUSD,h4_ma_nocounter,fixed,2021-02-19 03:08:00-05:00,1.6428290000000203,L,2021,True
AUDUSD,d1_roc20,fixed,2021-02-19 03:08:00-05:00,1.6428290000000203,L,2021,True
AUDUSD,w1_dow_nocounter,fixed,2021-02-19 03:08:00-05:00,1.6428290000000203,L,2021,True
AUDUSD,h4_ma_aligned,fixed,2021-02-19 03:08:00-05:00,1.6428290000000203,L,2021,True
AUDUSD,h4_ma_aligned,trail,2021-02-19 03:08:00-05:00,2.6481682500000057,L,2021,True
AUDUSD,w1_dow_nocounter,trail,2021-02-19 03:08:00-05:00,2.6481682500000057,L,2021,True
AUDUSD,d1_adx_lt25,trail,2021-02-19 03:08:00-05:00,2.6481682500000057,L,2021,True
EURUSD,w1_dow_strict,fixed,2021-02-22 19:50:00-05:00,-1.014703099999997,L,2021,True
EURUSD,d1_roc20,trail,2021-02-22 19:50:00-05:00,-0.6584816000000364,L,2021,True
EURUSD,h4_ma_nocounter,trail,2021-02-22 19:50:00-05:00,-0.6584816000000364,L,2021,True
EURUSD,none,fixed,2021-02-22 19:50:00-05:00,-1.014703099999997,L,2021,True
EURUSD,d1_roc20,fixed,2021-02-22 19:50:00-05:00,-1.014703099999997,L,2021,True
EURUSD,d1_adx_lt25,trail,2021-02-22 19:50:00-05:00,-0.6584816000000364,L,2021,True
EURUSD,w1_dow_nocounter,trail,2021-02-22 19:50:00-05:00,-0.6584816000000364,L,2021,True
EURUSD,none,trail,2021-02-22 19:50:00-05:00,-0.6584816000000364,L,2021,True
EURUSD,d1roc_h4ma,fixed,2021-02-22 19:50:00-05:00,-1.014703099999997,L,2021,True
EURUSD,w1_dow_nocounter,fixed,2021-02-22 19:50:00-05:00,-1.014703099999997,L,2021,True
EURUSD,h4_ma_nocounter,fixed,2021-02-22 19:50:00-05:00,-1.014703099999997,L,2021,True
EURUSD,d1roc_h4ma,trail,2021-02-22 19:50:00-05:00,-0.6584816000000364,L,2021,True
EURUSD,d1_adx_lt25,fixed,2021-02-22 19:50:00-05:00,-1.014703099999997,L,2021,True
EURUSD,w1_dow_strict,trail,2021-02-22 19:50:00-05:00,-0.6584816000000364,L,2021,True
USDCHF,d1_adx_lt25,fixed,2021-02-23 14:28:00-05:00,1.6190391999999847,L,2021,True
USDCHF,d1_roc20,fixed,2021-02-23 14:28:00-05:00,1.6190391999999847,L,2021,True
USDCHF,none,fixed,2021-02-23 14:28:00-05:00,1.6190391999999847,L,2021,True
USDCHF,d1roc_h4ma,trail,2021-02-23 14:28:00-05:00,0.37048290000000006,L,2021,True
USDCHF,h4_ma_nocounter,trail,2021-02-23 14:28:00-05:00,0.37048290000000006,L,2021,True
USDCHF,d1roc_h4ma,fixed,2021-02-23 14:28:00-05:00,1.6190391999999847,L,2021,True
USDCHF,none,trail,2021-02-23 14:28:00-05:00,0.37048290000000006,L,2021,True
USDCHF,d1_adx_lt25,trail,2021-02-23 14:28:00-05:00,0.37048290000000006,L,2021,True
USDCHF,h4_ma_nocounter,fixed,2021-02-23 14:28:00-05:00,1.6190391999999847,L,2021,True
USDCHF,d1_roc20,trail,2021-02-23 14:28:00-05:00,0.37048290000000006,L,2021,True
USDJPY,d1_adx_ge20,fixed,2021-02-25 10:45:00-05:00,-1.0066749999999864,L,2021,True
USDJPY,d1_roc20,trail,2021-02-25 10:45:00-05:00,-0.583140000000009,L,2021,True
USDJPY,d1_adx_ge20,trail,2021-02-25 10:45:00-05:00,-0.583140000000009,L,2021,True
USDJPY,none,trail,2021-02-25 10:45:00-05:00,-0.583140000000009,L,2021,True
USDJPY,h4_ma_nocounter,trail,2021-02-25 10:45:00-05:00,-0.583140000000009,L,2021,True
USDJPY,d1_roc20,fixed,2021-02-25 10:45:00-05:00,-1.0066749999999864,L,2021,True
USDJPY,d1roc_h4ma,fixed,2021-02-25 10:45:00-05:00,-1.0066749999999864,L,2021,True
USDJPY,h4_ma_nocounter,fixed,2021-02-25 10:45:00-05:00,-1.0066749999999864,L,2021,True
USDJPY,none,fixed,2021-02-25 10:45:00-05:00,-1.0066749999999864,L,2021,True
USDJPY,d1roc_h4ma,trail,2021-02-25 10:45:00-05:00,-0.583140000000009,L,2021,True
EURUSD,d1_roc20,fixed,2021-03-01 21:50:00-05:00,-1.0114691999999785,S,2021,True
EURUSD,d1roc_h4ma,fixed,2021-03-01 21:50:00-05:00,-1.0114691999999785,S,2021,True
EURUSD,none,fixed,2021-03-01 21:50:00-05:00,-1.0114691999999785,S,2021,True
EURUSD,none,trail,2021-03-01 21:50:00-05:00,-1.0114691999999785,S,2021,True
EURUSD,d1roc_h4ma,trail,2021-03-01 21:50:00-05:00,-1.0114691999999785,S,2021,True
EURUSD,d1_adx_lt25,trail,2021-03-01 21:50:00-05:00,-1.0114691999999785,S,2021,True
EURUSD,d1_roc20,trail,2021-03-01 21:50:00-05:00,-1.0114691999999785,S,2021,True
EURUSD,d1_adx_lt25,fixed,2021-03-01 21:50:00-05:00,-1.0114691999999785,S,2021,True
EURUSD,h4_ma_nocounter,fixed,2021-03-01 21:50:00-05:00,-1.0114691999999785,S,2021,True
EURUSD,h4_ma_nocounter,trail,2021-03-01 21:50:00-05:00,-1.0114691999999785,S,2021,True
AUDUSD,none,fixed,2021-03-04 20:14:00-05:00,-1.0164073000000067,S,2021,True
AUDUSD,none,trail,2021-03-04 20:14:00-05:00,-0.3053752499999973,S,2021,True
AUDUSD,d1_adx_lt25,trail,2021-03-04 20:14:00-05:00,-0.3053752499999973,S,2021,True
AUDUSD,h4_ma_nocounter,fixed,2021-03-04 20:14:00-05:00,-1.0164073000000067,S,2021,True
AUDUSD,h4_ma_nocounter,trail,2021-03-04 20:14:00-05:00,-0.3053752499999973,S,2021,True
AUDUSD,d1_adx_lt25,fixed,2021-03-04 20:14:00-05:00,-1.0164073000000067,S,2021,True
USDJPY,d1roc_h4ma,trail,2021-03-15 01:24:00-04:00,-0.31787500000001173,L,2021,True
USDJPY,h4_ma_aligned,trail,2021-03-15 01:24:00-04:00,-0.31787500000001173,L,2021,True
USDJPY,d1_adx_ge20,trail,2021-03-15 01:24:00-04:00,-0.31787500000001173,L,2021,True
USDJPY,none,fixed,2021-03-15 01:24:00-04:00,-1.0068900000000252,L,2021,True
USDJPY,h4_ma_aligned,fixed,2021-03-15 01:24:00-04:00,-1.0068900000000252,L,2021,True
USDJPY,d1_adx_ge20,fixed,2021-03-15 01:24:00-04:00,-1.0068900000000252,L,2021,True
USDJPY,none,trail,2021-03-15 01:24:00-04:00,-0.31787500000001173,L,2021,True
USDJPY,h4_ma_nocounter,trail,2021-03-15 01:24:00-04:00,-0.31787500000001173,L,2021,True
USDJPY,d1roc_h4ma,fixed,2021-03-15 01:24:00-04:00,-1.0068900000000252,L,2021,True
USDJPY,d1_roc20,trail,2021-03-15 01:24:00-04:00,-0.31787500000001173,L,2021,True
USDJPY,h4_ma_nocounter,fixed,2021-03-15 01:24:00-04:00,-1.0068900000000252,L,2021,True
USDJPY,d1_roc20,fixed,2021-03-15 01:24:00-04:00,-1.0068900000000252,L,2021,True
USDCHF,w1_dow_nocounter,trail,2021-03-17 14:36:00-04:00,-1.055270650000013,S,2021,True
USDCHF,d1_adx_ge20,fixed,2021-03-17 14:36:00-04:00,-1.055270650000013,S,2021,True
USDCHF,d1_adx_ge20,trail,2021-03-17 14:36:00-04:00,-1.055270650000013,S,2021,True
USDCHF,h4_ma_nocounter,trail,2021-03-17 14:36:00-04:00,-1.055270650000013,S,2021,True
USDCHF,h4_ma_nocounter,fixed,2021-03-17 14:36:00-04:00,-1.055270650000013,S,2021,True
USDCHF,none,fixed,2021-03-17 14:36:00-04:00,-1.055270650000013,S,2021,True
USDCHF,none,trail,2021-03-17 14:36:00-04:00,-1.055270650000013,S,2021,True
USDCHF,w1_dow_nocounter,fixed,2021-03-17 14:36:00-04:00,-1.055270650000013,S,2021,True
AUDUSD,w1_dow_strict,fixed,2021-03-17 14:46:00-04:00,-1.0260396499999818,L,2021,True
AUDUSD,w1_dow_strict,trail,2021-03-17 14:46:00-04:00,-1.0260396499999818,L,2021,True
AUDUSD,h4_ma_nocounter,fixed,2021-03-17 14:46:00-04:00,-1.0260396499999818,L,2021,True
AUDUSD,none,trail,2021-03-17 14:46:00-04:00,-1.0260396499999818,L,2021,True
AUDUSD,h4_ma_nocounter,trail,2021-03-17 14:46:00-04:00,-1.0260396499999818,L,2021,True
AUDUSD,w1_dow_nocounter,fixed,2021-03-17 14:46:00-04:00,-1.0260396499999818,L,2021,True
AUDUSD,w1_dow_nocounter,trail,2021-03-17 14:46:00-04:00,-1.0260396499999818,L,2021,True
AUDUSD,d1_adx_lt25,fixed,2021-03-17 14:46:00-04:00,-1.0260396499999818,L,2021,True
AUDUSD,none,fixed,2021-03-17 14:46:00-04:00,-1.0260396499999818,L,2021,True
AUDUSD,d1_adx_lt25,trail,2021-03-17 14:46:00-04:00,-1.0260396499999818,L,2021,True
AUDUSD,none,trail,2021-03-23 00:49:00-04:00,2.0239977499999857,S,2021,True
AUDUSD,d1_roc20,fixed,2021-03-23 00:49:00-04:00,1.6430210500000015,S,2021,True
AUDUSD,d1_roc20,trail,2021-03-23 00:49:00-04:00,2.0239977499999857,S,2021,True
AUDUSD,d1_adx_lt25,trail,2021-03-23 00:49:00-04:00,2.0239977499999857,S,2021,True
AUDUSD,d1roc_h4ma,trail,2021-03-23 00:49:00-04:00,2.0239977499999857,S,2021,True
AUDUSD,h4_ma_nocounter,fixed,2021-03-23 00:49:00-04:00,1.6430210500000015,S,2021,True
AUDUSD,d1roc_h4ma,fixed,2021-03-23 00:49:00-04:00,1.6430210500000015,S,2021,True
AUDUSD,h4_ma_nocounter,trail,2021-03-23 00:49:00-04:00,2.0239977499999857,S,2021,True
AUDUSD,d1_adx_lt25,fixed,2021-03-23 00:49:00-04:00,1.6430210500000015,S,2021,True
AUDUSD,none,fixed,2021-03-23 00:49:00-04:00,1.6430210500000015,S,2021,True
GBPUSD,d1_roc20,fixed,2021-03-23 04:29:00-04:00,1.6413366500000155,S,2021,True
GBPUSD,d1_adx_lt25,trail,2021-03-23 04:29:00-04:00,1.338456200000021,S,2021,True
GBPUSD,none,trail,2021-03-23 04:29:00-04:00,1.338456200000021,S,2021,True
GBPUSD,d1_roc20,trail,2021-03-23 04:29:00-04:00,1.338456200000021,S,2021,True
GBPUSD,d1_adx_lt25,fixed,2021-03-23 04:29:00-04:00,1.6413366500000155,S,2021,True
GBPUSD,d1roc_h4ma,trail,2021-03-23 04:29:00-04:00,1.338456200000021,S,2021,True
GBPUSD,d1roc_h4ma,fixed,2021-03-23 04:29:00-04:00,1.6413366500000155,S,2021,True
GBPUSD,h4_ma_nocounter,fixed,2021-03-23 04:29:00-04:00,1.6413366500000155,S,2021,True
GBPUSD,h4_ma_aligned,trail,2021-03-23 04:29:00-04:00,1.338456200000021,S,2021,True
GBPUSD,none,fixed,2021-03-23 04:29:00-04:00,1.6413366500000155,S,2021,True
GBPUSD,h4_ma_nocounter,trail,2021-03-23 04:29:00-04:00,1.338456200000021,S,2021,True
GBPUSD,h4_ma_aligned,fixed,2021-03-23 04:29:00-04:00,1.6413366500000155,S,2021,True
USDCHF,d1_roc20,fixed,2021-03-23 10:00:00-04:00,1.6165860000000096,L,2021,True
USDCHF,d1_adx_ge20,trail,2021-03-23 10:00:00-04:00,0.5992874500000003,L,2021,True
USDCHF,d1roc_h4ma,trail,2021-03-23 10:00:00-04:00,0.5992874500000003,L,2021,True
USDCHF,d1_adx_ge20,fixed,2021-03-23 10:00:00-04:00,1.6165860000000096,L,2021,True
USDCHF,h4_ma_nocounter,trail,2021-03-23 10:00:00-04:00,0.5992874500000003,L,2021,True
USDCHF,h4_ma_aligned,fixed,2021-03-23 10:00:00-04:00,1.6165860000000096,L,2021,True
USDCHF,h4_ma_nocounter,fixed,2021-03-23 10:00:00-04:00,1.6165860000000096,L,2021,True
USDCHF,d1_roc20,trail,2021-03-23 10:00:00-04:00,0.5992874500000003,L,2021,True
USDCHF,d1roc_h4ma,fixed,2021-03-23 10:00:00-04:00,1.6165860000000096,L,2021,True
USDCHF,none,fixed,2021-03-23 10:00:00-04:00,1.6165860000000096,L,2021,True
USDCHF,none,trail,2021-03-23 10:00:00-04:00,0.5992874500000003,L,2021,True
USDCHF,w1_dow_nocounter,trail,2021-03-23 10:00:00-04:00,0.5992874500000003,L,2021,True
USDCHF,h4_ma_aligned,trail,2021-03-23 10:00:00-04:00,0.5992874500000003,L,2021,True
USDCHF,w1_dow_nocounter,fixed,2021-03-23 10:00:00-04:00,1.6165860000000096,L,2021,True
EURUSD,d1_adx_ge20,trail,2021-03-24 02:16:00-04:00,1.0395949,S,2021,True
EURUSD,d1_roc20,trail,2021-03-24 02:16:00-04:00,1.0395949,S,2021,True
EURUSD,d1roc_h4ma,fixed,2021-03-24 02:16:00-04:00,1.6511750499999693,S,2021,True
EURUSD,d1_adx_ge20,fixed,2021-03-24 02:16:00-04:00,1.6511750499999693,S,2021,True
EURUSD,h4_ma_nocounter,fixed,2021-03-24 02:16:00-04:00,1.6511750499999693,S,2021,True
EURUSD,d1roc_h4ma,trail,2021-03-24 02:16:00-04:00,1.0395949,S,2021,True
EURUSD,w1_dow_nocounter,trail,2021-03-24 02:16:00-04:00,1.0395949,S,2021,True
EURUSD,d1_adx_lt25,trail,2021-03-24 02:16:00-04:00,1.0395949,S,2021,True
EURUSD,d1_adx_lt25,fixed,2021-03-24 02:16:00-04:00,1.6511750499999693,S,2021,True
EURUSD,none,fixed,2021-03-24 02:16:00-04:00,1.6511750499999693,S,2021,True
EURUSD,h4_ma_nocounter,trail,2021-03-24 02:16:00-04:00,1.0395949,S,2021,True
EURUSD,d1_roc20,fixed,2021-03-24 02:16:00-04:00,1.6511750499999693,S,2021,True
EURUSD,h4_ma_aligned,trail,2021-03-24 02:16:00-04:00,1.0395949,S,2021,True
EURUSD,w1_dow_strict,trail,2021-03-24 02:16:00-04:00,1.0395949,S,2021,True
EURUSD,h4_ma_aligned,fixed,2021-03-24 02:16:00-04:00,1.6511750499999693,S,2021,True
EURUSD,w1_dow_strict,fixed,2021-03-24 02:16:00-04:00,1.6511750499999693,S,2021,True
EURUSD,w1_dow_nocounter,fixed,2021-03-24 02:16:00-04:00,1.6511750499999693,S,2021,True
EURUSD,none,trail,2021-03-24 02:16:00-04:00,1.0395949,S,2021,True
USDJPY,d1roc_h4ma,fixed,2021-03-26 04:03:00-04:00,1.660000000000009,L,2021,True
USDJPY,d1_roc20,trail,2021-03-26 04:03:00-04:00,0.6261450000000061,L,2021,True
USDJPY,d1roc_h4ma,trail,2021-03-26 04:03:00-04:00,0.6261450000000061,L,2021,True
USDJPY,h4_ma_nocounter,trail,2021-03-26 04:03:00-04:00,0.6261450000000061,L,2021,True
USDJPY,d1_adx_ge20,fixed,2021-03-26 04:03:00-04:00,1.660000000000009,L,2021,True
USDJPY,d1_roc20,fixed,2021-03-26 04:03:00-04:00,1.660000000000009,L,2021,True
USDJPY,none,trail,2021-03-26 04:03:00-04:00,0.6261450000000061,L,2021,True
USDJPY,d1_adx_ge20,trail,2021-03-26 04:03:00-04:00,0.6261450000000061,L,2021,True
USDJPY,h4_ma_nocounter,fixed,2021-03-26 04:03:00-04:00,1.660000000000009,L,2021,True
USDJPY,none,fixed,2021-03-26 04:03:00-04:00,1.660000000000009,L,2021,True
AUDUSD,d1roc_h4ma,trail,2021-04-01 00:48:00-04:00,-1.0251896000000038,S,2021,True
AUDUSD,w1_dow_nocounter,fixed,2021-04-01 00:48:00-04:00,-1.0251896000000038,S,2021,True
AUDUSD,h4_ma_nocounter,trail,2021-04-01 00:48:00-04:00,-1.0251896000000038,S,2021,True
AUDUSD,d1roc_h4ma,fixed,2021-04-01 00:48:00-04:00,-1.0251896000000038,S,2021,True
AUDUSD,w1_dow_nocounter,trail,2021-04-01 00:48:00-04:00,-1.0251896000000038,S,2021,True
AUDUSD,d1_adx_lt25,fixed,2021-04-01 00:48:00-04:00,-1.0251896000000038,S,2021,True
AUDUSD,d1_roc20,fixed,2021-04-01 00:48:00-04:00,-1.0251896000000038,S,2021,True
AUDUSD,d1_roc20,trail,2021-04-01 00:48:00-04:00,-1.0251896000000038,S,2021,True
AUDUSD,h4_ma_aligned,fixed,2021-04-01 00:48:00-04:00,-1.0251896000000038,S,2021,True
AUDUSD,none,trail,2021-04-01 00:48:00-04:00,-1.0251896000000038,S,2021,True
AUDUSD,none,fixed,2021-04-01 00:48:00-04:00,-1.0251896000000038,S,2021,True
AUDUSD,h4_ma_aligned,trail,2021-04-01 00:48:00-04:00,-1.0251896000000038,S,2021,True
AUDUSD,d1_adx_lt25,trail,2021-04-01 00:48:00-04:00,-1.0251896000000038,S,2021,True
AUDUSD,h4_ma_nocounter,fixed,2021-04-01 00:48:00-04:00,-1.0251896000000038,S,2021,True
GBPUSD,w1_dow_nocounter,fixed,2021-04-01 23:20:00-04:00,-1.0279634999999818,L,2021,True
GBPUSD,d1_adx_lt25,fixed,2021-04-01 23:20:00-04:00,-1.0279634999999818,L,2021,True
GBPUSD,w1_dow_strict,trail,2021-04-01 23:20:00-04:00,-0.6019577999999938,L,2021,True
GBPUSD,none,trail,2021-04-01 23:20:00-04:00,-0.6019577999999938,L,2021,True
GBPUSD,none,fixed,2021-04-01 23:20:00-04:00,-1.0279634999999818,L,2021,True
GBPUSD,d1_adx_lt25,trail,2021-04-01 23:20:00-04:00,-0.6019577999999938,L,2021,True
GBPUSD,w1_dow_nocounter,trail,2021-04-01 23:20:00-04:00,-0.6019577999999938,L,2021,True
GBPUSD,h4_ma_nocounter,fixed,2021-04-01 23:20:00-04:00,-1.0279634999999818,L,2021,True
GBPUSD,h4_ma_nocounter,trail,2021-04-01 23:20:00-04:00,-0.6019577999999938,L,2021,True
GBPUSD,w1_dow_strict,fixed,2021-04-01 23:20:00-04:00,-1.0279634999999818,L,2021,True
AUDUSD,d1_roc20,trail,2021-04-06 12:45:00-04:00,-1.02677119999998,L,2021,True
AUDUSD,w1_dow_nocounter,fixed,2021-04-06 12:45:00-04:00,-1.02677119999998,L,2021,True
AUDUSD,none,trail,2021-04-06 12:45:00-04:00,-1.02677119999998,L,2021,True
AUDUSD,d1_adx_lt25,trail,2021-04-06 12:45:00-04:00,-1.02677119999998,L,2021,True
AUDUSD,d1_roc20,fixed,2021-04-06 12:45:00-04:00,-1.02677119999998,L,2021,True
AUDUSD,h4_ma_nocounter,fixed,2021-04-06 12:45:00-04:00,-1.02677119999998,L,2021,True
AUDUSD,d1roc_h4ma,trail,2021-04-06 12:45:00-04:00,-1.02677119999998,L,2021,True
AUDUSD,h4_ma_nocounter,trail,2021-04-06 12:45:00-04:00,-1.02677119999998,L,2021,True
AUDUSD,d1roc_h4ma,fixed,2021-04-06 12:45:00-04:00,-1.02677119999998,L,2021,True
AUDUSD,d1_adx_lt25,fixed,2021-04-06 12:45:00-04:00,-1.02677119999998,L,2021,True
AUDUSD,none,fixed,2021-04-06 12:45:00-04:00,-1.02677119999998,L,2021,True
AUDUSD,w1_dow_nocounter,trail,2021-04-06 12:45:00-04:00,-1.02677119999998,L,2021,True
GBPUSD,h4_ma_nocounter,trail,2021-04-12 01:06:00-04:00,-1.0278782499999868,S,2021,True
GBPUSD,d1roc_h4ma,trail,2021-04-12 01:06:00-04:00,-1.0278782499999868,S,2021,True
GBPUSD,d1_roc20,trail,2021-04-12 01:06:00-04:00,-1.0278782499999868,S,2021,True
GBPUSD,none,fixed,2021-04-12 01:06:00-04:00,-1.0278782499999868,S,2021,True
GBPUSD,d1_adx_lt25,trail,2021-04-12 01:06:00-04:00,-1.0278782499999868,S,2021,True
GBPUSD,d1_roc20,fixed,2021-04-12 01:06:00-04:00,-1.0278782499999868,S,2021,True
GBPUSD,d1roc_h4ma,fixed,2021-04-12 01:06:00-04:00,-1.0278782499999868,S,2021,True
GBPUSD,h4_ma_nocounter,fixed,2021-04-12 01:06:00-04:00,-1.0278782499999868,S,2021,True
GBPUSD,none,trail,2021-04-12 01:06:00-04:00,-1.0278782499999868,S,2021,True
GBPUSD,d1_adx_lt25,fixed,2021-04-12 01:06:00-04:00,-1.0278782499999868,S,2021,True
GBPUSD,h4_ma_aligned,fixed,2021-04-12 01:06:00-04:00,-1.0278782499999868,S,2021,True
GBPUSD,h4_ma_aligned,trail,2021-04-12 01:06:00-04:00,-1.0278782499999868,S,2021,True
USDCHF,d1_roc20,fixed,2021-04-12 11:37:00-04:00,-1.065288550000014,S,2021,True
USDCHF,d1roc_h4ma,trail,2021-04-12 11:37:00-04:00,-1.052129350000001,S,2021,True
USDCHF,d1roc_h4ma,fixed,2021-04-12 11:37:00-04:00,-1.065288550000014,S,2021,True
USDCHF,h4_ma_nocounter,fixed,2021-04-12 11:37:00-04:00,-1.065288550000014,S,2021,True
USDCHF,none,fixed,2021-04-12 11:37:00-04:00,-1.065288550000014,S,2021,True
USDCHF,none,trail,2021-04-12 11:37:00-04:00,-1.052129350000001,S,2021,True
USDCHF,d1_roc20,trail,2021-04-12 11:37:00-04:00,-1.052129350000001,S,2021,True
USDCHF,h4_ma_nocounter,trail,2021-04-12 11:37:00-04:00,-1.052129350000001,S,2021,True
USDCHF,w1_dow_nocounter,fixed,2021-04-12 11:37:00-04:00,-1.065288550000014,S,2021,True
USDCHF,d1_adx_ge20,fixed,2021-04-12 11:37:00-04:00,-1.065288550000014,S,2021,True
USDCHF,w1_dow_nocounter,trail,2021-04-12 11:37:00-04:00,-1.052129350000001,S,2021,True
USDCHF,d1_adx_ge20,trail,2021-04-12 11:37:00-04:00,-1.052129350000001,S,2021,True
USDJPY,none,fixed,2021-04-13 19:07:00-04:00,1.658025,S,2021,True
USDJPY,none,trail,2021-04-13 19:07:00-04:00,-0.1941749999999818,S,2021,True
USDJPY,h4_ma_nocounter,fixed,2021-04-13 19:07:00-04:00,1.658025,S,2021,True
USDJPY,w1_dow_nocounter,trail,2021-04-13 19:07:00-04:00,-0.1941749999999818,S,2021,True
USDJPY,h4_ma_nocounter,trail,2021-04-13 19:07:00-04:00,-0.1941749999999818,S,2021,True
USDJPY,w1_dow_nocounter,fixed,2021-04-13 19:07:00-04:00,1.658025,S,2021,True
USDJPY,d1_adx_ge20,trail,2021-04-13 19:07:00-04:00,-0.1941749999999818,S,2021,True
USDJPY,d1_adx_ge20,fixed,2021-04-13 19:07:00-04:00,1.658025,S,2021,True
AUDUSD,w1_dow_nocounter,trail,2021-04-14 02:19:00-04:00,1.7028700000000185,L,2021,True
AUDUSD,none,trail,2021-04-14 02:19:00-04:00,1.7028700000000185,L,2021,True
AUDUSD,d1_adx_lt25,trail,2021-04-14 02:19:00-04:00,1.7028700000000185,L,2021,True
AUDUSD,w1_dow_nocounter,fixed,2021-04-14 02:19:00-04:00,1.6343040500000137,L,2021,True
AUDUSD,d1_adx_lt25,fixed,2021-04-14 02:19:00-04:00,1.6343040500000137,L,2021,True
AUDUSD,none,fixed,2021-04-14 02:19:00-04:00,1.6343040500000137,L,2021,True
EURUSD,h4_ma_aligned,trail,2021-04-14 20:55:00-04:00,-0.6127750000000244,L,2021,True
EURUSD,d1_roc20,fixed,2021-04-14 20:55:00-04:00,-1.0177478499999797,L,2021,True
EURUSD,none,trail,2021-04-14 20:55:00-04:00,-0.6127750000000244,L,2021,True
EURUSD,d1roc_h4ma,fixed,2021-04-14 20:55:00-04:00,-1.0177478499999797,L,2021,True
EURUSD,h4_ma_nocounter,trail,2021-04-14 20:55:00-04:00,-0.6127750000000244,L,2021,True
EURUSD,d1_adx_ge20,trail,2021-04-14 20:55:00-04:00,-0.6127750000000244,L,2021,True
EURUSD,h4_ma_aligned,fixed,2021-04-14 20:55:00-04:00,-1.0177478499999797,L,2021,True
EURUSD,d1_roc20,trail,2021-04-14 20:55:00-04:00,-0.6127750000000244,L,2021,True
EURUSD,none,fixed,2021-04-14 20:55:00-04:00,-1.0177478499999797,L,2021,True
EURUSD,d1_adx_lt25,fixed,2021-04-14 20:55:00-04:00,-1.0177478499999797,L,2021,True
EURUSD,h4_ma_nocounter,fixed,2021-04-14 20:55:00-04:00,-1.0177478499999797,L,2021,True
EURUSD,d1roc_h4ma,trail,2021-04-14 20:55:00-04:00,-0.6127750000000244,L,2021,True
EURUSD,d1_adx_lt25,trail,2021-04-14 20:55:00-04:00,-0.6127750000000244,L,2021,True
EURUSD,d1_adx_ge20,fixed,2021-04-14 20:55:00-04:00,-1.0177478499999797,L,2021,True
GBPUSD,none,fixed,2021-04-19 06:58:00-04:00,-1.0261914500000204,L,2021,True
GBPUSD,d1_adx_lt25,fixed,2021-04-19 06:58:00-04:00,-1.0261914500000204,L,2021,True
GBPUSD,h4_ma_nocounter,fixed,2021-04-19 06:58:00-04:00,-1.0261914500000204,L,2021,True
GBPUSD,h4_ma_nocounter,trail,2021-04-19 06:58:00-04:00,1.0232662499999903,L,2021,True
GBPUSD,d1_adx_lt25,trail,2021-04-19 06:58:00-04:00,1.0232662499999903,L,2021,True
GBPUSD,w1_dow_strict,fixed,2021-04-19 06:58:00-04:00,-1.0261914500000204,L,2021,True
GBPUSD,w1_dow_nocounter,trail,2021-04-19 06:58:00-04:00,1.0232662499999903,L,2021,True
GBPUSD,none,trail,2021-04-19 06:58:00-04:00,1.0232662499999903,L,2021,True
GBPUSD,w1_dow_strict,trail,2021-04-19 06:58:00-04:00,1.0232662499999903,L,2021,True
GBPUSD,w1_dow_nocounter,fixed,2021-04-19 06:58:00-04:00,-1.0261914500000204,L,2021,True
EURUSD,d1_roc20,trail,2021-04-23 13:13:00-04:00,-0.4856454999999869,L,2021,True
EURUSD,h4_ma_aligned,fixed,2021-04-23 13:13:00-04:00,1.655586350000005,L,2021,True
EURUSD,none,fixed,2021-04-23 13:13:00-04:00,1.655586350000005,L,2021,True
EURUSD,d1_roc20,fixed,2021-04-23 13:13:00-04:00,1.655586350000005,L,2021,True
EURUSD,d1roc_h4ma,fixed,2021-04-23 13:13:00-04:00,1.655586350000005,L,2021,True
EURUSD,none,trail,2021-04-23 13:13:00-04:00,-0.4856454999999869,L,2021,True
EURUSD,d1roc_h4ma,trail,2021-04-23 13:13:00-04:00,-0.4856454999999869,L,2021,True
EURUSD,d1_adx_ge20,trail,2021-04-23 13:13:00-04:00,-0.4856454999999869,L,2021,True
EURUSD,d1_adx_ge20,fixed,2021-04-23 13:13:00-04:00,1.655586350000005,L,2021,True
EURUSD,h4_ma_nocounter,fixed,2021-04-23 13:13:00-04:00,1.655586350000005,L,2021,True
EURUSD,h4_ma_nocounter,trail,2021-04-23 13:13:00-04:00,-0.4856454999999869,L,2021,True
EURUSD,h4_ma_aligned,trail,2021-04-23 13:13:00-04:00,-0.4856454999999869,L,2021,True
USDCHF,h4_ma_aligned,trail,2021-04-23 15:43:00-04:00,-1.0659966499999942,S,2021,True
USDCHF,d1_adx_ge20,fixed,2021-04-23 15:43:00-04:00,-1.0659966499999942,S,2021,True
USDCHF,d1roc_h4ma,fixed,2021-04-23 15:43:00-04:00,-1.0659966499999942,S,2021,True
USDCHF,h4_ma_aligned,fixed,2021-04-23 15:43:00-04:00,-1.0659966499999942,S,2021,True
USDCHF,d1_roc20,fixed,2021-04-23 15:43:00-04:00,-1.0659966499999942,S,2021,True
USDCHF,d1roc_h4ma,trail,2021-04-23 15:43:00-04:00,-1.0659966499999942,S,2021,True
USDCHF,d1_adx_ge20,trail,2021-04-23 15:43:00-04:00,-1.0659966499999942,S,2021,True
USDCHF,d1_roc20,trail,2021-04-23 15:43:00-04:00,-1.0659966499999942,S,2021,True
USDCHF,w1_dow_nocounter,trail,2021-04-23 15:43:00-04:00,-1.0659966499999942,S,2021,True
USDCHF,h4_ma_nocounter,fixed,2021-04-23 15:43:00-04:00,-1.0659966499999942,S,2021,True
USDCHF,none,fixed,2021-04-23 15:43:00-04:00,-1.0659966499999942,S,2021,True
USDCHF,w1_dow_nocounter,fixed,2021-04-23 15:43:00-04:00,-1.0659966499999942,S,2021,True
USDCHF,h4_ma_nocounter,trail,2021-04-23 15:43:00-04:00,-1.0659966499999942,S,2021,True
USDCHF,none,trail,2021-04-23 15:43:00-04:00,-1.0659966499999942,S,2021,True
AUDUSD,d1_adx_ge20,fixed,2021-04-28 21:49:00-04:00,-1.0271502999999853,L,2021,True
AUDUSD,d1roc_h4ma,trail,2021-04-28 21:49:00-04:00,-1.0271502999999853,L,2021,True
AUDUSD,d1_adx_lt25,trail,2021-04-28 21:49:00-04:00,-1.0271502999999853,L,2021,True
AUDUSD,d1_roc20,trail,2021-04-28 21:49:00-04:00,-1.0271502999999853,L,2021,True
AUDUSD,h4_ma_aligned,trail,2021-04-28 21:49:00-04:00,-1.0271502999999853,L,2021,True
AUDUSD,h4_ma_aligned,fixed,2021-04-28 21:49:00-04:00,-1.0271502999999853,L,2021,True
AUDUSD,d1_adx_lt25,fixed,2021-04-28 21:49:00-04:00,-1.0271502999999853,L,2021,True
AUDUSD,w1_dow_nocounter,trail,2021-04-28 21:49:00-04:00,-1.0271502999999853,L,2021,True
AUDUSD,d1_roc20,fixed,2021-04-28 21:49:00-04:00,-1.0271502999999853,L,2021,True
AUDUSD,none,fixed,2021-04-28 21:49:00-04:00,-1.0271502999999853,L,2021,True
AUDUSD,d1_adx_ge20,trail,2021-04-28 21:49:00-04:00,-1.0271502999999853,L,2021,True
AUDUSD,none,trail,2021-04-28 21:49:00-04:00,-1.0271502999999853,L,2021,True
AUDUSD,h4_ma_nocounter,fixed,2021-04-28 21:49:00-04:00,-1.0271502999999853,L,2021,True
AUDUSD,w1_dow_nocounter,fixed,2021-04-28 21:49:00-04:00,-1.0271502999999853,L,2021,True
AUDUSD,h4_ma_nocounter,trail,2021-04-28 21:49:00-04:00,-1.0271502999999853,L,2021,True
AUDUSD,d1roc_h4ma,fixed,2021-04-28 21:49:00-04:00,-1.0271502999999853,L,2021,True
GBPUSD,d1_adx_lt25,fixed,2021-04-30 11:07:00-04:00,-1.0283007499999608,S,2021,True
GBPUSD,d1_adx_lt25,trail,2021-04-30 11:07:00-04:00,-0.2707639499999998,S,2021,True
GBPUSD,none,fixed,2021-04-30 11:07:00-04:00,-1.0283007499999608,S,2021,True
GBPUSD,none,trail,2021-04-30 11:07:00-04:00,-0.2707639499999998,S,2021,True
AUDUSD,none,trail,2021-05-04 11:11:00-04:00,-1.0261478499999828,S,2021,True
AUDUSD,d1_adx_ge20,fixed,2021-05-04 11:11:00-04:00,-1.0261478499999828,S,2021,True
AUDUSD,d1_adx_lt25,fixed,2021-05-04 11:11:00-04:00,-1.0261478499999828,S,2021,True
AUDUSD,d1_adx_lt25,trail,2021-05-04 11:11:00-04:00,-1.0261478499999828,S,2021,True
AUDUSD,d1_adx_ge20,trail,2021-05-04 11:11:00-04:00,-1.0261478499999828,S,2021,True
AUDUSD,w1_dow_nocounter,fixed,2021-05-04 11:11:00-04:00,-1.0261478499999828,S,2021,True
AUDUSD,none,fixed,2021-05-04 11:11:00-04:00,-1.0261478499999828,S,2021,True
AUDUSD,w1_dow_nocounter,trail,2021-05-04 11:11:00-04:00,-1.0261478499999828,S,2021,True
AUDUSD,h4_ma_nocounter,trail,2021-05-04 11:11:00-04:00,-1.0261478499999828,S,2021,True
AUDUSD,h4_ma_nocounter,fixed,2021-05-04 11:11:00-04:00,-1.0261478499999828,S,2021,True
EURUSD,w1_dow_nocounter,fixed,2021-05-05 02:49:00-04:00,-1.0174178500000524,S,2021,True
EURUSD,h4_ma_nocounter,fixed,2021-05-05 02:49:00-04:00,-1.0174178500000524,S,2021,True
EURUSD,none,fixed,2021-05-05 02:49:00-04:00,-1.0174178500000524,S,2021,True
EURUSD,w1_dow_nocounter,trail,2021-05-05 02:49:00-04:00,-1.0174178500000524,S,2021,True
EURUSD,w1_dow_strict,trail,2021-05-05 02:49:00-04:00,-1.0174178500000524,S,2021,True
EURUSD,w1_dow_strict,fixed,2021-05-05 02:49:00-04:00,-1.0174178500000524,S,2021,True
EURUSD,d1_adx_ge20,fixed,2021-05-05 02:49:00-04:00,-1.0174178500000524,S,2021,True
EURUSD,d1_adx_ge20,trail,2021-05-05 02:49:00-04:00,-1.0174178500000524,S,2021,True
EURUSD,h4_ma_nocounter,trail,2021-05-05 02:49:00-04:00,-1.0174178500000524,S,2021,True
EURUSD,none,trail,2021-05-05 02:49:00-04:00,-1.0174178500000524,S,2021,True
USDCHF,d1_roc20,trail,2021-05-06 09:35:00-04:00,1.8015868500000203,S,2021,True
USDCHF,d1_adx_ge20,fixed,2021-05-06 09:35:00-04:00,1.6075377000000088,S,2021,True
USDCHF,d1_roc20,fixed,2021-05-06 09:35:00-04:00,1.6075377000000088,S,2021,True
USDCHF,none,fixed,2021-05-06 09:35:00-04:00,1.6075377000000088,S,2021,True
USDCHF,h4_ma_nocounter,trail,2021-05-06 09:35:00-04:00,1.8015868500000203,S,2021,True
USDCHF,d1_adx_ge20,trail,2021-05-06 09:35:00-04:00,1.8015868500000203,S,2021,True
USDCHF,h4_ma_nocounter,fixed,2021-05-06 09:35:00-04:00,1.6075377000000088,S,2021,True
USDCHF,none,trail,2021-05-06 09:35:00-04:00,1.8015868500000203,S,2021,True
USDCHF,w1_dow_nocounter,fixed,2021-05-06 09:35:00-04:00,1.6075377000000088,S,2021,True
USDCHF,w1_dow_nocounter,trail,2021-05-06 09:35:00-04:00,1.8015868500000203,S,2021,True
USDCHF,d1roc_h4ma,fixed,2021-05-06 09:35:00-04:00,1.6075377000000088,S,2021,True
USDCHF,d1roc_h4ma,trail,2021-05-06 09:35:00-04:00,1.8015868500000203,S,2021,True
AUDUSD,d1_adx_lt25,trail,2021-05-07 08:37:00-04:00,0.5191466500000204,L,2021,True
AUDUSD,h4_ma_nocounter,trail,2021-05-07 08:37:00-04:00,0.5191466500000204,L,2021,True
AUDUSD,d1_adx_lt25,fixed,2021-05-07 08:37:00-04:00,1.6374046999999958,L,2021,True
AUDUSD,d1_roc20,trail,2021-05-07 08:37:00-04:00,0.5191466500000204,L,2021,True
AUDUSD,h4_ma_nocounter,fixed,2021-05-07 08:37:00-04:00,1.6374046999999958,L,2021,True
AUDUSD,d1_roc20,fixed,2021-05-07 08:37:00-04:00,1.6374046999999958,L,2021,True
AUDUSD,d1roc_h4ma,fixed,2021-05-07 08:37:00-04:00,1.6374046999999958,L,2021,True
AUDUSD,w1_dow_nocounter,fixed,2021-05-07 08:37:00-04:00,1.6374046999999958,L,2021,True
AUDUSD,none,fixed,2021-05-07 08:37:00-04:00,1.6374046999999958,L,2021,True
AUDUSD,d1roc_h4ma,trail,2021-05-07 08:37:00-04:00,0.5191466500000204,L,2021,True
AUDUSD,none,trail,2021-05-07 08:37:00-04:00,0.5191466500000204,L,2021,True
AUDUSD,w1_dow_nocounter,trail,2021-05-07 08:37:00-04:00,0.5191466500000204,L,2021,True
EURUSD,d1_roc20,fixed,2021-05-07 10:35:00-04:00,-1.0130403000000205,L,2021,True
EURUSD,none,fixed,2021-05-07 10:35:00-04:00,-1.0130403000000205,L,2021,True
EURUSD,h4_ma_nocounter,trail,2021-05-07 10:35:00-04:00,-0.31171299999999724,L,2021,True
EURUSD,d1roc_h4ma,trail,2021-05-07 10:35:00-04:00,-0.31171299999999724,L,2021,True
EURUSD,d1roc_h4ma,fixed,2021-05-07 10:35:00-04:00,-1.0130403000000205,L,2021,True
EURUSD,d1_adx_ge20,trail,2021-05-07 10:35:00-04:00,-0.31171299999999724,L,2021,True
EURUSD,h4_ma_nocounter,fixed,2021-05-07 10:35:00-04:00,-1.0130403000000205,L,2021,True
EURUSD,d1_roc20,trail,2021-05-07 10:35:00-04:00,-0.31171299999999724,L,2021,True
EURUSD,none,trail,2021-05-07 10:35:00-04:00,-0.31171299999999724,L,2021,True
EURUSD,d1_adx_ge20,fixed,2021-05-07 10:35:00-04:00,-1.0130403000000205,L,2021,True
GBPUSD,h4_ma_nocounter,fixed,2021-05-07 10:43:00-04:00,1.6398235000000025,L,2021,True
GBPUSD,d1roc_h4ma,trail,2021-05-07 10:43:00-04:00,2.511265000000006,L,2021,True
GBPUSD,h4_ma_nocounter,trail,2021-05-07 10:43:00-04:00,2.511265000000006,L,2021,True
GBPUSD,d1roc_h4ma,fixed,2021-05-07 10:43:00-04:00,1.6398235000000025,L,2021,True
GBPUSD,d1_roc20,trail,2021-05-07 10:43:00-04:00,2.511265000000006,L,2021,True
GBPUSD,w1_dow_strict,fixed,2021-05-07 10:43:00-04:00,1.6398235000000025,L,2021,True
GBPUSD,none,trail,2021-05-07 10:43:00-04:00,2.511265000000006,L,2021,True
GBPUSD,d1_adx_lt25,fixed,2021-05-07 10:43:00-04:00,1.6398235000000025,L,2021,True
GBPUSD,w1_dow_strict,trail,2021-05-07 10:43:00-04:00,2.511265000000006,L,2021,True
GBPUSD,w1_dow_nocounter,fixed,2021-05-07 10:43:00-04:00,1.6398235000000025,L,2021,True
GBPUSD,w1_dow_nocounter,trail,2021-05-07 10:43:00-04:00,2.511265000000006,L,2021,True
GBPUSD,none,fixed,2021-05-07 10:43:00-04:00,1.6398235000000025,L,2021,True
GBPUSD,d1_roc20,fixed,2021-05-07 10:43:00-04:00,1.6398235000000025,L,2021,True
GBPUSD,d1_adx_lt25,trail,2021-05-07 10:43:00-04:00,2.511265000000006,L,2021,True
USDJPY,h4_ma_nocounter,fixed,2021-05-12 16:55:00-04:00,-1.004574999999976,L,2021,True
USDJPY,d1_adx_ge20,fixed,2021-05-12 16:55:00-04:00,-1.004574999999976,L,2021,True
USDJPY,d1_adx_lt25,fixed,2021-05-12 16:55:00-04:00,-1.004574999999976,L,2021,True
USDJPY,w1_dow_nocounter,trail,2021-05-12 16:55:00-04:00,-0.47170499999999704,L,2021,True
USDJPY,w1_dow_nocounter,fixed,2021-05-12 16:55:00-04:00,-1.004574999999976,L,2021,True
USDJPY,h4_ma_nocounter,trail,2021-05-12 16:55:00-04:00,-0.47170499999999704,L,2021,True
USDJPY,d1_adx_lt25,trail,2021-05-12 16:55:00-04:00,-0.47170499999999704,L,2021,True
USDJPY,d1_adx_ge20,trail,2021-05-12 16:55:00-04:00,-0.47170499999999704,L,2021,True
USDJPY,none,fixed,2021-05-12 16:55:00-04:00,-1.004574999999976,L,2021,True
USDJPY,none,trail,2021-05-12 16:55:00-04:00,-0.47170499999999704,L,2021,True
GBPUSD,d1roc_h4ma,fixed,2021-05-17 21:31:00-04:00,-1.0299847499999908,L,2021,True
GBPUSD,w1_dow_nocounter,fixed,2021-05-17 21:31:00-04:00,-1.0299847499999908,L,2021,True
GBPUSD,d1_adx_lt25,trail,2021-05-17 21:31:00-04:00,-1.0299847499999908,L,2021,True
GBPUSD,h4_ma_nocounter,fixed,2021-05-17 21:31:00-04:00,-1.0299847499999908,L,2021,True
GBPUSD,d1_roc20,fixed,2021-05-17 21:31:00-04:00,-1.0299847499999908,L,2021,True
GBPUSD,d1_roc20,trail,2021-05-17 21:31:00-04:00,-1.0299847499999908,L,2021,True
GBPUSD,h4_ma_nocounter,trail,2021-05-17 21:31:00-04:00,-1.0299847499999908,L,2021,True
GBPUSD,d1_adx_lt25,fixed,2021-05-17 21:31:00-04:00,-1.0299847499999908,L,2021,True
GBPUSD,none,trail,2021-05-17 21:31:00-04:00,-1.0299847499999908,L,2021,True
GBPUSD,d1roc_h4ma,trail,2021-05-17 21:31:00-04:00,-1.0299847499999908,L,2021,True
GBPUSD,h4_ma_aligned,fixed,2021-05-17 21:31:00-04:00,-1.0299847499999908,L,2021,True
GBPUSD,none,fixed,2021-05-17 21:31:00-04:00,-1.0299847499999908,L,2021,True
GBPUSD,h4_ma_aligned,trail,2021-05-17 21:31:00-04:00,-1.0299847499999908,L,2021,True
GBPUSD,w1_dow_nocounter,trail,2021-05-17 21:31:00-04:00,-1.0299847499999908,L,2021,True
GBPUSD,w1_dow_strict,fixed,2021-05-17 21:31:00-04:00,-1.0299847499999908,L,2021,True
GBPUSD,w1_dow_strict,trail,2021-05-17 21:31:00-04:00,-1.0299847499999908,L,2021,True
EURUSD,h4_ma_aligned,trail,2021-05-18 02:23:00-04:00,0.4839742499999985,L,2021,True
EURUSD,d1_roc20,fixed,2021-05-18 02:23:00-04:00,1.6451207999999908,L,2021,True
EURUSD,h4_ma_aligned,fixed,2021-05-18 02:23:00-04:00,1.6451207999999908,L,2021,True
EURUSD,h4_ma_nocounter,trail,2021-05-18 02:23:00-04:00,0.4839742499999985,L,2021,True
EURUSD,h4_ma_nocounter,fixed,2021-05-18 02:23:00-04:00,1.6451207999999908,L,2021,True
EURUSD,none,fixed,2021-05-18 02:23:00-04:00,1.6451207999999908,L,2021,True
EURUSD,d1roc_h4ma,fixed,2021-05-18 02:23:00-04:00,1.6451207999999908,L,2021,True
EURUSD,none,trail,2021-05-18 02:23:00-04:00,0.4839742499999985,L,2021,True
EURUSD,d1roc_h4ma,trail,2021-05-18 02:23:00-04:00,0.4839742499999985,L,2021,True
EURUSD,d1_adx_ge20,fixed,2021-05-18 02:23:00-04:00,1.6451207999999908,L,2021,True
EURUSD,d1_adx_ge20,trail,2021-05-18 02:23:00-04:00,0.4839742499999985,L,2021,True
EURUSD,d1_roc20,trail,2021-05-18 02:23:00-04:00,0.4839742499999985,L,2021,True
USDCHF,h4_ma_aligned,trail,2021-05-18 03:14:00-04:00,-0.1198873999999705,S,2021,True
USDCHF,d1roc_h4ma,fixed,2021-05-18 03:14:00-04:00,-1.0696239000000016,S,2021,True
USDCHF,d1_adx_ge20,fixed,2021-05-18 03:14:00-04:00,-1.0696239000000016,S,2021,True
USDCHF,d1_adx_ge20,trail,2021-05-18 03:14:00-04:00,-0.1198873999999705,S,2021,True
USDCHF,none,trail,2021-05-18 03:14:00-04:00,-0.1198873999999705,S,2021,True
USDCHF,d1roc_h4ma,trail,2021-05-18 03:14:00-04:00,-0.1198873999999705,S,2021,True
USDCHF,none,fixed,2021-05-18 03:14:00-04:00,-1.0696239000000016,S,2021,True
USDCHF,h4_ma_nocounter,trail,2021-05-18 03:14:00-04:00,-0.1198873999999705,S,2021,True
USDCHF,w1_dow_nocounter,trail,2021-05-18 03:14:00-04:00,-0.1198873999999705,S,2021,True
USDCHF,h4_ma_aligned,fixed,2021-05-18 03:14:00-04:00,-1.0696239000000016,S,2021,True
USDCHF,d1_roc20,fixed,2021-05-18 03:14:00-04:00,-1.0696239000000016,S,2021,True
USDCHF,w1_dow_nocounter,fixed,2021-05-18 03:14:00-04:00,-1.0696239000000016,S,2021,True
USDCHF,d1_roc20,trail,2021-05-18 03:14:00-04:00,-0.1198873999999705,S,2021,True
USDCHF,h4_ma_nocounter,fixed,2021-05-18 03:14:00-04:00,-1.0696239000000016,S,2021,True
EURUSD,none,fixed,2021-05-25 02:43:00-04:00,-1.0173658499999894,L,2021,True
EURUSD,w1_dow_nocounter,fixed,2021-05-25 02:43:00-04:00,-1.0173658499999894,L,2021,True
EURUSD,d1_adx_ge20,trail,2021-05-25 02:43:00-04:00,-0.5773147000000115,L,2021,True
EURUSD,d1_roc20,fixed,2021-05-25 02:43:00-04:00,-1.0173658499999894,L,2021,True
EURUSD,d1_adx_ge20,fixed,2021-05-25 02:43:00-04:00,-1.0173658499999894,L,2021,True
EURUSD,none,trail,2021-05-25 02:43:00-04:00,-0.5773147000000115,L,2021,True
EURUSD,d1_roc20,trail,2021-05-25 02:43:00-04:00,-0.5773147000000115,L,2021,True
EURUSD,w1_dow_nocounter,trail,2021-05-25 02:43:00-04:00,-0.5773147000000115,L,2021,True
EURUSD,d1roc_h4ma,trail,2021-05-25 02:43:00-04:00,-0.5773147000000115,L,2021,True
EURUSD,h4_ma_nocounter,fixed,2021-05-25 02:43:00-04:00,-1.0173658499999894,L,2021,True
EURUSD,d1roc_h4ma,fixed,2021-05-25 02:43:00-04:00,-1.0173658499999894,L,2021,True
EURUSD,h4_ma_aligned,trail,2021-05-25 02:43:00-04:00,-0.5773147000000115,L,2021,True
EURUSD,h4_ma_nocounter,trail,2021-05-25 02:43:00-04:00,-0.5773147000000115,L,2021,True
EURUSD,h4_ma_aligned,fixed,2021-05-25 02:43:00-04:00,-1.0173658499999894,L,2021,True
USDJPY,none,trail,2021-05-25 03:11:00-04:00,-1.0106699999999649,S,2021,True
USDJPY,none,fixed,2021-05-25 03:11:00-04:00,-1.0107550000000014,S,2021,True
USDJPY,w1_dow_nocounter,fixed,2021-05-25 03:11:00-04:00,-1.0107550000000014,S,2021,True
USDJPY,w1_dow_nocounter,trail,2021-05-25 03:11:00-04:00,-1.0106699999999649,S,2021,True
USDJPY,d1_adx_lt25,trail,2021-05-25 03:11:00-04:00,-1.0106699999999649,S,2021,True
USDJPY,d1_adx_lt25,fixed,2021-05-25 03:11:00-04:00,-1.0107550000000014,S,2021,True
USDJPY,h4_ma_nocounter,trail,2021-05-25 03:11:00-04:00,-1.0106699999999649,S,2021,True
USDJPY,h4_ma_nocounter,fixed,2021-05-25 03:11:00-04:00,-1.0107550000000014,S,2021,True
USDJPY,d1_roc20,fixed,2021-05-27 11:50:00-04:00,-1.0106950000000379,L,2021,True
USDJPY,d1_adx_lt25,fixed,2021-05-27 11:50:00-04:00,-1.0106950000000379,L,2021,True
USDJPY,d1_roc20,trail,2021-05-27 11:50:00-04:00,0.026659999999965944,L,2021,True
USDJPY,none,fixed,2021-05-27 11:50:00-04:00,-1.0106950000000379,L,2021,True
USDJPY,w1_dow_nocounter,fixed,2021-05-27 11:50:00-04:00,-1.0106950000000379,L,2021,True
USDJPY,none,trail,2021-05-27 11:50:00-04:00,0.026659999999965944,L,2021,True
USDJPY,w1_dow_nocounter,trail,2021-05-27 11:50:00-04:00,0.026659999999965944,L,2021,True
USDJPY,d1_adx_lt25,trail,2021-05-27 11:50:00-04:00,0.026659999999965944,L,2021,True
AUDUSD,w1_dow_nocounter,fixed,2021-05-28 07:19:00-04:00,-1.0316577499999813,S,2021,True
AUDUSD,h4_ma_nocounter,fixed,2021-05-28 07:19:00-04:00,-1.0316577499999813,S,2021,True
AUDUSD,h4_ma_aligned,trail,2021-05-28 07:19:00-04:00,-1.0316577499999813,S,2021,True
AUDUSD,h4_ma_aligned,fixed,2021-05-28 07:19:00-04:00,-1.0316577499999813,S,2021,True
AUDUSD,none,fixed,2021-05-28 07:19:00-04:00,-1.0316577499999813,S,2021,True
AUDUSD,w1_dow_nocounter,trail,2021-05-28 07:19:00-04:00,-1.0316577499999813,S,2021,True
AUDUSD,h4_ma_nocounter,trail,2021-05-28 07:19:00-04:00,-1.0316577499999813,S,2021,True
AUDUSD,d1roc_h4ma,fixed,2021-05-28 07:19:00-04:00,-1.0316577499999813,S,2021,True
AUDUSD,d1roc_h4ma,trail,2021-05-28 07:19:00-04:00,-1.0316577499999813,S,2021,True
AUDUSD,d1_roc20,fixed,2021-05-28 07:19:00-04:00,-1.0316577499999813,S,2021,True
AUDUSD,none,trail,2021-05-28 07:19:00-04:00,-1.0316577499999813,S,2021,True
AUDUSD,d1_roc20,trail,2021-05-28 07:19:00-04:00,-1.0316577499999813,S,2021,True
AUDUSD,d1_adx_lt25,trail,2021-05-28 07:19:00-04:00,-1.0316577499999813,S,2021,True
AUDUSD,d1_adx_lt25,fixed,2021-05-28 07:19:00-04:00,-1.0316577499999813,S,2021,True
GBPUSD,h4_ma_aligned,fixed,2021-05-31 21:12:00-04:00,-1.0305609999999876,L,2021,True
GBPUSD,d1roc_h4ma,fixed,2021-05-31 21:12:00-04:00,-1.0305609999999876,L,2021,True
GBPUSD,d1roc_h4ma,trail,2021-05-31 21:12:00-04:00,-1.0305609999999876,L,2021,True
GBPUSD,h4_ma_nocounter,trail,2021-05-31 21:12:00-04:00,-1.0305609999999876,L,2021,True
GBPUSD,d1_adx_lt25,trail,2021-05-31 21:12:00-04:00,-1.0305609999999876,L,2021,True
GBPUSD,none,fixed,2021-05-31 21:12:00-04:00,-1.0305609999999876,L,2021,True
GBPUSD,h4_ma_nocounter,fixed,2021-05-31 21:12:00-04:00,-1.0305609999999876,L,2021,True
GBPUSD,none,trail,2021-05-31 21:12:00-04:00,-1.0305609999999876,L,2021,True
GBPUSD,d1_adx_lt25,fixed,2021-05-31 21:12:00-04:00,-1.0305609999999876,L,2021,True
GBPUSD,d1_roc20,fixed,2021-05-31 21:12:00-04:00,-1.0305609999999876,L,2021,True
GBPUSD,d1_roc20,trail,2021-05-31 21:12:00-04:00,-1.0305609999999876,L,2021,True
GBPUSD,w1_dow_strict,trail,2021-05-31 21:12:00-04:00,-1.0305609999999876,L,2021,True
GBPUSD,w1_dow_nocounter,trail,2021-05-31 21:12:00-04:00,-1.0305609999999876,L,2021,True
GBPUSD,w1_dow_strict,fixed,2021-05-31 21:12:00-04:00,-1.0305609999999876,L,2021,True
GBPUSD,w1_dow_nocounter,fixed,2021-05-31 21:12:00-04:00,-1.0305609999999876,L,2021,True
GBPUSD,h4_ma_aligned,trail,2021-05-31 21:12:00-04:00,-1.0305609999999876,L,2021,True
USDCHF,d1_adx_ge20,fixed,2021-06-03 09:41:00-04:00,-1.0659519500000183,L,2021,True
USDCHF,h4_ma_nocounter,trail,2021-06-03 09:41:00-04:00,-0.004844900000014292,L,2021,True
USDCHF,w1_dow_nocounter,trail,2021-06-03 09:41:00-04:00,-0.004844900000014292,L,2021,True
USDCHF,none,fixed,2021-06-03 09:41:00-04:00,-1.0659519500000183,L,2021,True
USDCHF,d1_adx_ge20,trail,2021-06-03 09:41:00-04:00,-0.004844900000014292,L,2021,True
USDCHF,w1_dow_nocounter,fixed,2021-06-03 09:41:00-04:00,-1.0659519500000183,L,2021,True
USDCHF,h4_ma_nocounter,fixed,2021-06-03 09:41:00-04:00,-1.0659519500000183,L,2021,True
USDCHF,none,trail,2021-06-03 09:41:00-04:00,-0.004844900000014292,L,2021,True
AUDUSD,h4_ma_aligned,trail,2021-06-03 09:45:00-04:00,0.2770039499999915,S,2021,True
AUDUSD,h4_ma_nocounter,fixed,2021-06-03 09:45:00-04:00,-1.0281612999999965,S,2021,True
AUDUSD,d1_adx_lt25,trail,2021-06-03 09:45:00-04:00,0.2770039499999915,S,2021,True
AUDUSD,w1_dow_nocounter,fixed,2021-06-03 09:45:00-04:00,-1.0281612999999965,S,2021,True
AUDUSD,h4_ma_aligned,fixed,2021-06-03 09:45:00-04:00,-1.0281612999999965,S,2021,True
AUDUSD,none,trail,2021-06-03 09:45:00-04:00,0.2770039499999915,S,2021,True
AUDUSD,none,fixed,2021-06-03 09:45:00-04:00,-1.0281612999999965,S,2021,True
AUDUSD,w1_dow_nocounter,trail,2021-06-03 09:45:00-04:00,0.2770039499999915,S,2021,True
AUDUSD,d1_adx_lt25,fixed,2021-06-03 09:45:00-04:00,-1.0281612999999965,S,2021,True
AUDUSD,h4_ma_nocounter,trail,2021-06-03 09:45:00-04:00,0.2770039499999915,S,2021,True
EURUSD,none,trail,2021-06-03 10:16:00-04:00,-1.0157004999999741,S,2021,True
EURUSD,d1_adx_ge20,fixed,2021-06-03 10:16:00-04:00,-1.0157004999999741,S,2021,True
EURUSD,d1_adx_ge20,trail,2021-06-03 10:16:00-04:00,-1.0157004999999741,S,2021,True
EURUSD,w1_dow_nocounter,trail,2021-06-03 10:16:00-04:00,-1.0157004999999741,S,2021,True
EURUSD,w1_dow_nocounter,fixed,2021-06-03 10:16:00-04:00,-1.0157004999999741,S,2021,True
EURUSD,none,fixed,2021-06-03 10:16:00-04:00,-1.0157004999999741,S,2021,True
USDJPY,h4_ma_nocounter,fixed,2021-06-03 10:53:00-04:00,-1.0096650000000047,L,2021,True
USDJPY,w1_dow_nocounter,fixed,2021-06-03 10:53:00-04:00,-1.0096650000000047,L,2021,True
USDJPY,d1_adx_lt25,trail,2021-06-03 10:53:00-04:00,-0.21281500000002423,L,2021,True
USDJPY,none,fixed,2021-06-03 10:53:00-04:00,-1.0096650000000047,L,2021,True
USDJPY,h4_ma_aligned,fixed,2021-06-03 10:53:00-04:00,-1.0096650000000047,L,2021,True
USDJPY,d1roc_h4ma,fixed,2021-06-03 10:53:00-04:00,-1.0096650000000047,L,2021,True
USDJPY,d1_adx_lt25,fixed,2021-06-03 10:53:00-04:00,-1.0096650000000047,L,2021,True
USDJPY,h4_ma_aligned,trail,2021-06-03 10:53:00-04:00,-0.21281500000002423,L,2021,True
USDJPY,d1_roc20,fixed,2021-06-03 10:53:00-04:00,-1.0096650000000047,L,2021,True
USDJPY,none,trail,2021-06-03 10:53:00-04:00,-0.21281500000002423,L,2021,True
USDJPY,d1roc_h4ma,trail,2021-06-03 10:53:00-04:00,-0.21281500000002423,L,2021,True
USDJPY,h4_ma_nocounter,trail,2021-06-03 10:53:00-04:00,-0.21281500000002423,L,2021,True
USDJPY,w1_dow_nocounter,trail,2021-06-03 10:53:00-04:00,-0.21281500000002423,L,2021,True
USDJPY,d1_roc20,trail,2021-06-03 10:53:00-04:00,-0.21281500000002423,L,2021,True
GBPUSD,d1_adx_ge20,trail,2021-06-03 13:51:00-04:00,-1.0271336999999814,S,2021,True
GBPUSD,d1_adx_lt25,fixed,2021-06-03 13:51:00-04:00,-1.0271336999999814,S,2021,True
GBPUSD,d1_adx_ge20,fixed,2021-06-03 13:51:00-04:00,-1.0271336999999814,S,2021,True
GBPUSD,none,trail,2021-06-03 13:51:00-04:00,-1.0271336999999814,S,2021,True
GBPUSD,d1_adx_lt25,trail,2021-06-03 13:51:00-04:00,-1.0271336999999814,S,2021,True
GBPUSD,none,fixed,2021-06-03 13:51:00-04:00,-1.0271336999999814,S,2021,True
USDCHF,d1_adx_ge20,trail,2021-06-09 08:51:00-04:00,-0.8278233499999774,S,2021,True
USDCHF,d1roc_h4ma,trail,2021-06-09 08:51:00-04:00,-0.8278233499999774,S,2021,True
USDCHF,w1_dow_nocounter,fixed,2021-06-09 08:51:00-04:00,-1.0856262499999887,S,2021,True
USDCHF,d1_adx_ge20,fixed,2021-06-09 08:51:00-04:00,-1.0856262499999887,S,2021,True
USDCHF,d1_roc20,fixed,2021-06-09 08:51:00-04:00,-1.0856262499999887,S,2021,True
USDCHF,d1roc_h4ma,fixed,2021-06-09 08:51:00-04:00,-1.0856262499999887,S,2021,True
USDCHF,d1_adx_lt25,trail,2021-06-09 08:51:00-04:00,-0.8278233499999774,S,2021,True
USDCHF,h4_ma_nocounter,fixed,2021-06-09 08:51:00-04:00,-1.0856262499999887,S,2021,True
USDCHF,d1_adx_lt25,fixed,2021-06-09 08:51:00-04:00,-1.0856262499999887,S,2021,True
USDCHF,h4_ma_nocounter,trail,2021-06-09 08:51:00-04:00,-0.8278233499999774,S,2021,True
USDCHF,d1_roc20,trail,2021-06-09 08:51:00-04:00,-0.8278233499999774,S,2021,True
USDCHF,none,fixed,2021-06-09 08:51:00-04:00,-1.0856262499999887,S,2021,True
USDCHF,h4_ma_aligned,fixed,2021-06-09 08:51:00-04:00,-1.0856262499999887,S,2021,True
USDCHF,none,trail,2021-06-09 08:51:00-04:00,-0.8278233499999774,S,2021,True
USDCHF,h4_ma_aligned,trail,2021-06-09 08:51:00-04:00,-0.8278233499999774,S,2021,True
USDCHF,w1_dow_nocounter,trail,2021-06-09 08:51:00-04:00,-0.8278233499999774,S,2021,True
GBPUSD,none,fixed,2021-06-10 03:27:00-04:00,-1.0353784500000365,S,2021,True
GBPUSD,d1_adx_lt25,trail,2021-06-10 03:27:00-04:00,-1.0353784500000365,S,2021,True
GBPUSD,h4_ma_nocounter,trail,2021-06-10 03:27:00-04:00,-1.0353784500000365,S,2021,True
GBPUSD,none,trail,2021-06-10 03:27:00-04:00,-1.0353784500000365,S,2021,True
GBPUSD,h4_ma_nocounter,fixed,2021-06-10 03:27:00-04:00,-1.0353784500000365,S,2021,True
GBPUSD,d1_adx_lt25,fixed,2021-06-10 03:27:00-04:00,-1.0353784500000365,S,2021,True
AUDUSD,d1_adx_lt25,fixed,2021-06-11 03:04:00-04:00,-1.0374664000000058,L,2021,True
AUDUSD,h4_ma_nocounter,fixed,2021-06-11 03:04:00-04:00,-1.0374664000000058,L,2021,True
AUDUSD,d1_roc20,fixed,2021-06-11 03:04:00-04:00,-1.0374664000000058,L,2021,True
AUDUSD,d1_adx_lt25,trail,2021-06-11 03:04:00-04:00,-0.7986787000000155,L,2021,True
AUDUSD,d1_roc20,trail,2021-06-11 03:04:00-04:00,-0.7986787000000155,L,2021,True
AUDUSD,w1_dow_nocounter,fixed,2021-06-11 03:04:00-04:00,-1.0374664000000058,L,2021,True
AUDUSD,d1roc_h4ma,fixed,2021-06-11 03:04:00-04:00,-1.0374664000000058,L,2021,True
AUDUSD,none,fixed,2021-06-11 03:04:00-04:00,-1.0374664000000058,L,2021,True
AUDUSD,d1roc_h4ma,trail,2021-06-11 03:04:00-04:00,-0.7986787000000155,L,2021,True
AUDUSD,h4_ma_nocounter,trail,2021-06-11 03:04:00-04:00,-0.7986787000000155,L,2021,True
AUDUSD,none,trail,2021-06-11 03:04:00-04:00,-0.7986787000000155,L,2021,True
AUDUSD,w1_dow_nocounter,trail,2021-06-11 03:04:00-04:00,-0.7986787000000155,L,2021,True
EURUSD,none,fixed,2021-06-11 10:39:00-04:00,-1.0162948000000278,S,2021,True
EURUSD,h4_ma_nocounter,fixed,2021-06-11 10:39:00-04:00,-1.0162948000000278,S,2021,True
EURUSD,d1_adx_lt25,fixed,2021-06-11 10:39:00-04:00,-1.0162948000000278,S,2021,True
EURUSD,h4_ma_aligned,trail,2021-06-11 10:39:00-04:00,-0.2507422000000306,S,2021,True
EURUSD,w1_dow_nocounter,trail,2021-06-11 10:39:00-04:00,-0.2507422000000306,S,2021,True
EURUSD,none,trail,2021-06-11 10:39:00-04:00,-0.2507422000000306,S,2021,True
EURUSD,h4_ma_nocounter,trail,2021-06-11 10:39:00-04:00,-0.2507422000000306,S,2021,True
EURUSD,h4_ma_aligned,fixed,2021-06-11 10:39:00-04:00,-1.0162948000000278,S,2021,True
EURUSD,w1_dow_nocounter,fixed,2021-06-11 10:39:00-04:00,-1.0162948000000278,S,2021,True
EURUSD,d1_adx_lt25,trail,2021-06-11 10:39:00-04:00,-0.2507422000000306,S,2021,True
AUDUSD,none,fixed,2021-06-16 14:01:00-04:00,1.6249731500000038,S,2021,True
AUDUSD,d1_adx_lt25,fixed,2021-06-16 14:01:00-04:00,1.6249731500000038,S,2021,True
AUDUSD,d1_roc20,trail,2021-06-16 14:01:00-04:00,5.173718450000016,S,2021,True
AUDUSD,w1_dow_nocounter,fixed,2021-06-16 14:01:00-04:00,1.6249731500000038,S,2021,True
AUDUSD,d1roc_h4ma,trail,2021-06-16 14:01:00-04:00,5.173718450000016,S,2021,True
AUDUSD,h4_ma_nocounter,trail,2021-06-16 14:01:00-04:00,5.173718450000016,S,2021,True
AUDUSD,d1roc_h4ma,fixed,2021-06-16 14:01:00-04:00,1.6249731500000038,S,2021,True
AUDUSD,h4_ma_nocounter,fixed,2021-06-16 14:01:00-04:00,1.6249731500000038,S,2021,True
AUDUSD,w1_dow_nocounter,trail,2021-06-16 14:01:00-04:00,5.173718450000016,S,2021,True
AUDUSD,none,trail,2021-06-16 14:01:00-04:00,5.173718450000016,S,2021,True
AUDUSD,d1_adx_lt25,trail,2021-06-16 14:01:00-04:00,5.173718450000016,S,2021,True
AUDUSD,h4_ma_aligned,trail,2021-06-16 14:01:00-04:00,5.173718450000016,S,2021,True
AUDUSD,h4_ma_aligned,fixed,2021-06-16 14:01:00-04:00,1.6249731500000038,S,2021,True
AUDUSD,d1_roc20,fixed,2021-06-16 14:01:00-04:00,1.6249731500000038,S,2021,True
USDJPY,none,trail,2021-06-16 14:04:00-04:00,-0.7307649999999856,L,2021,True
USDJPY,h4_ma_aligned,trail,2021-06-16 14:04:00-04:00,-0.7307649999999856,L,2021,True
USDJPY,d1_adx_lt25,trail,2021-06-16 14:04:00-04:00,-0.7307649999999856,L,2021,True
USDJPY,h4_ma_nocounter,trail,2021-06-16 14:04:00-04:00,-0.7307649999999856,L,2021,True
USDJPY,d1roc_h4ma,trail,2021-06-16 14:04:00-04:00,-0.7307649999999856,L,2021,True
USDJPY,d1_roc20,trail,2021-06-16 14:04:00-04:00,-0.7307649999999856,L,2021,True
USDJPY,d1_adx_lt25,fixed,2021-06-16 14:04:00-04:00,1.6579400000000004,L,2021,True
USDJPY,d1roc_h4ma,fixed,2021-06-16 14:04:00-04:00,1.6579400000000004,L,2021,True
USDJPY,none,fixed,2021-06-16 14:04:00-04:00,1.6579400000000004,L,2021,True
USDJPY,h4_ma_aligned,fixed,2021-06-16 14:04:00-04:00,1.6579400000000004,L,2021,True
USDJPY,w1_dow_nocounter,fixed,2021-06-16 14:04:00-04:00,1.6579400000000004,L,2021,True
USDJPY,w1_dow_nocounter,trail,2021-06-16 14:04:00-04:00,-0.7307649999999856,L,2021,True
USDJPY,d1_roc20,fixed,2021-06-16 14:04:00-04:00,1.6579400000000004,L,2021,True
USDJPY,h4_ma_nocounter,fixed,2021-06-16 14:04:00-04:00,1.6579400000000004,L,2021,True
USDCHF,none,trail,2021-06-16 14:39:00-04:00,5.224419249999977,L,2021,True
USDCHF,d1_adx_ge20,fixed,2021-06-16 14:39:00-04:00,1.5828996999999714,L,2021,True
USDCHF,d1_adx_ge20,trail,2021-06-16 14:39:00-04:00,5.224419249999977,L,2021,True
USDCHF,none,fixed,2021-06-16 14:39:00-04:00,1.5828996999999714,L,2021,True
USDCHF,h4_ma_nocounter,fixed,2021-06-16 14:39:00-04:00,1.5828996999999714,L,2021,True
USDCHF,h4_ma_nocounter,trail,2021-06-16 14:39:00-04:00,5.224419249999977,L,2021,True
USDCHF,d1_adx_lt25,fixed,2021-06-16 14:39:00-04:00,1.5828996999999714,L,2021,True
USDCHF,d1_roc20,fixed,2021-06-16 14:39:00-04:00,1.5828996999999714,L,2021,True
USDCHF,w1_dow_nocounter,trail,2021-06-16 14:39:00-04:00,5.224419249999977,L,2021,True
USDCHF,d1roc_h4ma,trail,2021-06-16 14:39:00-04:00,5.224419249999977,L,2021,True
USDCHF,d1_roc20,trail,2021-06-16 14:39:00-04:00,5.224419249999977,L,2021,True
USDCHF,d1roc_h4ma,fixed,2021-06-16 14:39:00-04:00,1.5828996999999714,L,2021,True
USDCHF,d1_adx_lt25,trail,2021-06-16 14:39:00-04:00,5.224419249999977,L,2021,True
USDCHF,w1_dow_nocounter,fixed,2021-06-16 14:39:00-04:00,1.5828996999999714,L,2021,True
USDJPY,h4_ma_nocounter,fixed,2021-06-22 21:51:00-04:00,-1.0088300000000086,L,2021,True
USDJPY,h4_ma_aligned,fixed,2021-06-22 21:51:00-04:00,-1.0088300000000086,L,2021,True
USDJPY,w1_dow_nocounter,fixed,2021-06-22 21:51:00-04:00,-1.0088300000000086,L,2021,True
USDJPY,d1_adx_ge20,trail,2021-06-22 21:51:00-04:00,0.01891500000000106,L,2021,True
USDJPY,w1_dow_nocounter,trail,2021-06-22 21:51:00-04:00,0.01891500000000106,L,2021,True
USDJPY,none,trail,2021-06-22 21:51:00-04:00,0.01891500000000106,L,2021,True
USDJPY,d1_adx_ge20,fixed,2021-06-22 21:51:00-04:00,-1.0088300000000086,L,2021,True
USDJPY,h4_ma_nocounter,trail,2021-06-22 21:51:00-04:00,0.01891500000000106,L,2021,True
USDJPY,none,fixed,2021-06-22 21:51:00-04:00,-1.0088300000000086,L,2021,True
USDJPY,d1_roc20,trail,2021-06-22 21:51:00-04:00,0.01891500000000106,L,2021,True
USDJPY,d1_adx_lt25,trail,2021-06-22 21:51:00-04:00,0.01891500000000106,L,2021,True
USDJPY,h4_ma_aligned,trail,2021-06-22 21:51:00-04:00,0.01891500000000106,L,2021,True
USDJPY,d1_roc20,fixed,2021-06-22 21:51:00-04:00,-1.0088300000000086,L,2021,True
USDJPY,d1roc_h4ma,fixed,2021-06-22 21:51:00-04:00,-1.0088300000000086,L,2021,True
USDJPY,d1roc_h4ma,trail,2021-06-22 21:51:00-04:00,0.01891500000000106,L,2021,True
USDJPY,d1_adx_lt25,fixed,2021-06-22 21:51:00-04:00,-1.0088300000000086,L,2021,True
USDCHF,none,fixed,2021-06-30 08:14:00-04:00,-1.0727007000000037,L,2021,True
USDCHF,d1_roc20,fixed,2021-06-30 08:14:00-04:00,-1.0727007000000037,L,2021,True
USDCHF,h4_ma_aligned,trail,2021-06-30 08:14:00-04:00,0.22386184999999173,L,2021,True
USDCHF,d1_adx_ge20,trail,2021-06-30 08:14:00-04:00,0.22386184999999173,L,2021,True
USDCHF,w1_dow_nocounter,fixed,2021-06-30 08:14:00-04:00,-1.0727007000000037,L,2021,True
USDCHF,h4_ma_nocounter,fixed,2021-06-30 08:14:00-04:00,-1.0727007000000037,L,2021,True
USDCHF,h4_ma_nocounter,trail,2021-06-30 08:14:00-04:00,0.22386184999999173,L,2021,True
USDCHF,d1_adx_ge20,fixed,2021-06-30 08:14:00-04:00,-1.0727007000000037,L,2021,True
USDCHF,d1roc_h4ma,fixed,2021-06-30 08:14:00-04:00,-1.0727007000000037,L,2021,True
USDCHF,d1_roc20,trail,2021-06-30 08:14:00-04:00,0.22386184999999173,L,2021,True
USDCHF,none,trail,2021-06-30 08:14:00-04:00,0.22386184999999173,L,2021,True
USDCHF,w1_dow_nocounter,trail,2021-06-30 08:14:00-04:00,0.22386184999999173,L,2021,True
USDCHF,d1roc_h4ma,trail,2021-06-30 08:14:00-04:00,0.22386184999999173,L,2021,True
USDCHF,h4_ma_aligned,fixed,2021-06-30 08:14:00-04:00,-1.0727007000000037,L,2021,True
EURUSD,d1_adx_ge20,trail,2021-06-30 11:42:00-04:00,-1.0180884000000037,S,2021,True
EURUSD,w1_dow_nocounter,trail,2021-06-30 11:42:00-04:00,-1.0180884000000037,S,2021,True
EURUSD,d1_adx_ge20,fixed,2021-06-30 11:42:00-04:00,-1.0180884000000037,S,2021,True
EURUSD,d1roc_h4ma,fixed,2021-06-30 11:42:00-04:00,-1.0180884000000037,S,2021,True
EURUSD,d1_roc20,fixed,2021-06-30 11:42:00-04:00,-1.0180884000000037,S,2021,True
EURUSD,none,trail,2021-06-30 11:42:00-04:00,-1.0180884000000037,S,2021,True
EURUSD,h4_ma_nocounter,trail,2021-06-30 11:42:00-04:00,-1.0180884000000037,S,2021,True
EURUSD,h4_ma_nocounter,fixed,2021-06-30 11:42:00-04:00,-1.0180884000000037,S,2021,True
EURUSD,w1_dow_nocounter,fixed,2021-06-30 11:42:00-04:00,-1.0180884000000037,S,2021,True
EURUSD,none,fixed,2021-06-30 11:42:00-04:00,-1.0180884000000037,S,2021,True
EURUSD,d1_roc20,trail,2021-06-30 11:42:00-04:00,-1.0180884000000037,S,2021,True
EURUSD,d1roc_h4ma,trail,2021-06-30 11:42:00-04:00,-1.0180884000000037,S,2021,True
USDJPY,d1_adx_ge20,fixed,2021-06-30 14:03:00-04:00,1.66140999999999,L,2021,True
USDJPY,d1_roc20,fixed,2021-06-30 14:03:00-04:00,1.66140999999999,L,2021,True
USDJPY,h4_ma_aligned,trail,2021-06-30 14:03:00-04:00,1.2072900000000022,L,2021,True
USDJPY,h4_ma_nocounter,fixed,2021-06-30 14:03:00-04:00,1.66140999999999,L,2021,True
USDJPY,h4_ma_aligned,fixed,2021-06-30 14:03:00-04:00,1.66140999999999,L,2021,True
USDJPY,w1_dow_nocounter,fixed,2021-06-30 14:03:00-04:00,1.66140999999999,L,2021,True
USDJPY,h4_ma_nocounter,trail,2021-06-30 14:03:00-04:00,1.2072900000000022,L,2021,True
USDJPY,d1_adx_ge20,trail,2021-06-30 14:03:00-04:00,1.2072900000000022,L,2021,True
USDJPY,w1_dow_strict,fixed,2021-06-30 14:03:00-04:00,1.66140999999999,L,2021,True
USDJPY,w1_dow_strict,trail,2021-06-30 14:03:00-04:00,1.2072900000000022,L,2021,True
USDJPY,d1roc_h4ma,trail,2021-06-30 14:03:00-04:00,1.2072900000000022,L,2021,True
USDJPY,none,fixed,2021-06-30 14:03:00-04:00,1.66140999999999,L,2021,True
USDJPY,w1_dow_nocounter,trail,2021-06-30 14:03:00-04:00,1.2072900000000022,L,2021,True
USDJPY,d1_adx_lt25,fixed,2021-06-30 14:03:00-04:00,1.66140999999999,L,2021,True
USDJPY,d1_roc20,trail,2021-06-30 14:03:00-04:00,1.2072900000000022,L,2021,True
USDJPY,none,trail,2021-06-30 14:03:00-04:00,1.2072900000000022,L,2021,True
USDJPY,d1_adx_lt25,trail,2021-06-30 14:03:00-04:00,1.2072900000000022,L,2021,True
USDJPY,d1roc_h4ma,fixed,2021-06-30 14:03:00-04:00,1.66140999999999,L,2021,True
AUDUSD,d1_adx_ge20,trail,2021-07-01 02:35:00-04:00,-1.0366084500000157,S,2021,True
AUDUSD,h4_ma_nocounter,trail,2021-07-01 02:35:00-04:00,-1.0366084500000157,S,2021,True
AUDUSD,d1_roc20,fixed,2021-07-01 02:35:00-04:00,-1.0364672499999983,S,2021,True
AUDUSD,none,fixed,2021-07-01 02:35:00-04:00,-1.0364672499999983,S,2021,True
AUDUSD,d1roc_h4ma,trail,2021-07-01 02:35:00-04:00,-1.0366084500000157,S,2021,True
AUDUSD,w1_dow_nocounter,fixed,2021-07-01 02:35:00-04:00,-1.0364672499999983,S,2021,True
AUDUSD,h4_ma_nocounter,fixed,2021-07-01 02:35:00-04:00,-1.0364672499999983,S,2021,True
AUDUSD,h4_ma_aligned,fixed,2021-07-01 02:35:00-04:00,-1.0364672499999983,S,2021,True
AUDUSD,w1_dow_strict,trail,2021-07-01 02:35:00-04:00,-1.0366084500000157,S,2021,True
AUDUSD,none,trail,2021-07-01 02:35:00-04:00,-1.0366084500000157,S,2021,True
AUDUSD,d1roc_h4ma,fixed,2021-07-01 02:35:00-04:00,-1.0364672499999983,S,2021,True
AUDUSD,w1_dow_strict,fixed,2021-07-01 02:35:00-04:00,-1.0364672499999983,S,2021,True
AUDUSD,d1_roc20,trail,2021-07-01 02:35:00-04:00,-1.0366084500000157,S,2021,True
AUDUSD,h4_ma_aligned,trail,2021-07-01 02:35:00-04:00,-1.0366084500000157,S,2021,True
AUDUSD,w1_dow_nocounter,trail,2021-07-01 02:35:00-04:00,-1.0366084500000157,S,2021,True
AUDUSD,d1_adx_ge20,fixed,2021-07-01 02:35:00-04:00,-1.0364672499999983,S,2021,True
GBPUSD,d1roc_h4ma,fixed,2021-07-01 04:57:00-04:00,-1.0308083999999864,S,2021,True
GBPUSD,d1_roc20,fixed,2021-07-01 04:57:00-04:00,-1.0308083999999864,S,2021,True
GBPUSD,h4_ma_aligned,fixed,2021-07-01 04:57:00-04:00,-1.0308083999999864,S,2021,True
GBPUSD,none,trail,2021-07-01 04:57:00-04:00,0.18623030000002427,S,2021,True
GBPUSD,h4_ma_nocounter,fixed,2021-07-01 04:57:00-04:00,-1.0308083999999864,S,2021,True
GBPUSD,d1_adx_ge20,fixed,2021-07-01 04:57:00-04:00,-1.0308083999999864,S,2021,True
GBPUSD,d1roc_h4ma,trail,2021-07-01 04:57:00-04:00,0.18623030000002427,S,2021,True
GBPUSD,d1_adx_ge20,trail,2021-07-01 04:57:00-04:00,0.18623030000002427,S,2021,True
GBPUSD,h4_ma_nocounter,trail,2021-07-01 04:57:00-04:00,0.18623030000002427,S,2021,True
GBPUSD,none,fixed,2021-07-01 04:57:00-04:00,-1.0308083999999864,S,2021,True
GBPUSD,h4_ma_aligned,trail,2021-07-01 04:57:00-04:00,0.18623030000002427,S,2021,True
GBPUSD,d1_roc20,trail,2021-07-01 04:57:00-04:00,0.18623030000002427,S,2021,True
AUDUSD,w1_dow_nocounter,trail,2021-07-01 10:57:00-04:00,0.14200229999998823,S,2021,True
AUDUSD,none,fixed,2021-07-01 10:57:00-04:00,-1.0325687500000313,S,2021,True
AUDUSD,h4_ma_aligned,trail,2021-07-01 10:57:00-04:00,0.14200229999998823,S,2021,True
AUDUSD,w1_dow_strict,fixed,2021-07-01 10:57:00-04:00,-1.0325687500000313,S,2021,True
AUDUSD,d1roc_h4ma,fixed,2021-07-01 10:57:00-04:00,-1.0325687500000313,S,2021,True
AUDUSD,d1_adx_ge20,trail,2021-07-01 10:57:00-04:00,0.14200229999998823,S,2021,True
AUDUSD,d1_roc20,fixed,2021-07-01 10:57:00-04:00,-1.0325687500000313,S,2021,True
AUDUSD,d1_adx_ge20,fixed,2021-07-01 10:57:00-04:00,-1.0325687500000313,S,2021,True
AUDUSD,h4_ma_aligned,fixed,2021-07-01 10:57:00-04:00,-1.0325687500000313,S,2021,True
AUDUSD,w1_dow_strict,trail,2021-07-01 10:57:00-04:00,0.14200229999998823,S,2021,True
AUDUSD,w1_dow_nocounter,fixed,2021-07-01 10:57:00-04:00,-1.0325687500000313,S,2021,True
AUDUSD,none,trail,2021-07-01 10:57:00-04:00,0.14200229999998823,S,2021,True
AUDUSD,h4_ma_nocounter,trail,2021-07-01 10:57:00-04:00,0.14200229999998823,S,2021,True
AUDUSD,h4_ma_nocounter,fixed,2021-07-01 10:57:00-04:00,-1.0325687500000313,S,2021,True
AUDUSD,d1_roc20,trail,2021-07-01 10:57:00-04:00,0.14200229999998823,S,2021,True
AUDUSD,d1roc_h4ma,trail,2021-07-01 10:57:00-04:00,0.14200229999998823,S,2021,True
USDJPY,d1_adx_ge20,trail,2021-07-06 20:56:00-04:00,-1.0097999999999858,S,2021,True
USDJPY,d1_adx_ge20,fixed,2021-07-06 20:56:00-04:00,-1.0097999999999858,S,2021,True
USDJPY,none,trail,2021-07-06 20:56:00-04:00,-1.0097999999999858,S,2021,True
USDJPY,none,fixed,2021-07-06 20:56:00-04:00,-1.0097999999999858,S,2021,True
EURUSD,none,fixed,2021-07-07 09:09:00-04:00,-1.0180261999999325,S,2021,True
EURUSD,h4_ma_aligned,trail,2021-07-07 09:09:00-04:00,-0.5084031499999389,S,2021,True
EURUSD,w1_dow_nocounter,fixed,2021-07-07 09:09:00-04:00,-1.0180261999999325,S,2021,True
EURUSD,none,trail,2021-07-07 09:09:00-04:00,-0.5084031499999389,S,2021,True
EURUSD,h4_ma_aligned,fixed,2021-07-07 09:09:00-04:00,-1.0180261999999325,S,2021,True
EURUSD,w1_dow_nocounter,trail,2021-07-07 09:09:00-04:00,-0.5084031499999389,S,2021,True
EURUSD,d1roc_h4ma,fixed,2021-07-07 09:09:00-04:00,-1.0180261999999325,S,2021,True
EURUSD,h4_ma_nocounter,fixed,2021-07-07 09:09:00-04:00,-1.0180261999999325,S,2021,True
EURUSD,d1_roc20,trail,2021-07-07 09:09:00-04:00,-0.5084031499999389,S,2021,True
EURUSD,d1_roc20,fixed,2021-07-07 09:09:00-04:00,-1.0180261999999325,S,2021,True
EURUSD,h4_ma_nocounter,trail,2021-07-07 09:09:00-04:00,-0.5084031499999389,S,2021,True
EURUSD,d1roc_h4ma,trail,2021-07-07 09:09:00-04:00,-0.5084031499999389,S,2021,True
EURUSD,d1_adx_ge20,fixed,2021-07-07 09:09:00-04:00,-1.0180261999999325,S,2021,True
EURUSD,d1_adx_ge20,trail,2021-07-07 09:09:00-04:00,-0.5084031499999389,S,2021,True
AUDUSD,h4_ma_aligned,trail,2021-07-08 02:33:00-04:00,0.1028791500000026,S,2021,True
AUDUSD,d1_adx_ge20,trail,2021-07-08 02:33:00-04:00,0.1028791500000026,S,2021,True
AUDUSD,d1_roc20,fixed,2021-07-08 02:33:00-04:00,-1.0240540000000058,S,2021,True
AUDUSD,none,fixed,2021-07-08 02:33:00-04:00,-1.0240540000000058,S,2021,True
AUDUSD,h4_ma_aligned,fixed,2021-07-08 02:33:00-04:00,-1.0240540000000058,S,2021,True
AUDUSD,d1roc_h4ma,trail,2021-07-08 02:33:00-04:00,0.1028791500000026,S,2021,True
AUDUSD,d1_adx_ge20,fixed,2021-07-08 02:33:00-04:00,-1.0240540000000058,S,2021,True
AUDUSD,d1roc_h4ma,fixed,2021-07-08 02:33:00-04:00,-1.0240540000000058,S,2021,True
AUDUSD,w1_dow_strict,trail,2021-07-08 02:33:00-04:00,0.1028791500000026,S,2021,True
AUDUSD,w1_dow_nocounter,fixed,2021-07-08 02:33:00-04:00,-1.0240540000000058,S,2021,True
AUDUSD,d1_roc20,trail,2021-07-08 02:33:00-04:00,0.1028791500000026,S,2021,True
AUDUSD,none,trail,2021-07-08 02:33:00-04:00,0.1028791500000026,S,2021,True
AUDUSD,h4_ma_nocounter,trail,2021-07-08 02:33:00-04:00,0.1028791500000026,S,2021,True
AUDUSD,w1_dow_nocounter,trail,2021-07-08 02:33:00-04:00,0.1028791500000026,S,2021,True
AUDUSD,w1_dow_strict,fixed,2021-07-08 02:33:00-04:00,-1.0240540000000058,S,2021,True
AUDUSD,h4_ma_nocounter,fixed,2021-07-08 02:33:00-04:00,-1.0240540000000058,S,2021,True
USDCHF,d1_adx_ge20,trail,2021-07-08 10:35:00-04:00,-0.6452741999999825,S,2021,True
USDCHF,w1_dow_nocounter,trail,2021-07-08 10:35:00-04:00,-0.6452741999999825,S,2021,True
USDCHF,w1_dow_nocounter,fixed,2021-07-08 10:35:00-04:00,-1.0526689499999906,S,2021,True
USDCHF,none,fixed,2021-07-08 10:35:00-04:00,-1.0526689499999906,S,2021,True
USDCHF,none,trail,2021-07-08 10:35:00-04:00,-0.6452741999999825,S,2021,True
USDCHF,h4_ma_nocounter,fixed,2021-07-08 10:35:00-04:00,-1.0526689499999906,S,2021,True
USDCHF,d1_adx_ge20,fixed,2021-07-08 10:35:00-04:00,-1.0526689499999906,S,2021,True
USDCHF,h4_ma_nocounter,trail,2021-07-08 10:35:00-04:00,-0.6452741999999825,S,2021,True
GBPUSD,none,trail,2021-07-09 16:07:00-04:00,-1.0243346000000226,L,2021,True
GBPUSD,w1_dow_strict,trail,2021-07-09 16:07:00-04:00,-1.0243346000000226,L,2021,True
GBPUSD,w1_dow_strict,fixed,2021-07-09 16:07:00-04:00,-1.0243346000000226,L,2021,True
GBPUSD,d1_adx_ge20,trail,2021-07-09 16:07:00-04:00,-1.0243346000000226,L,2021,True
GBPUSD,w1_dow_nocounter,trail,2021-07-09 16:07:00-04:00,-1.0243346000000226,L,2021,True
GBPUSD,none,fixed,2021-07-09 16:07:00-04:00,-1.0243346000000226,L,2021,True
GBPUSD,d1_adx_ge20,fixed,2021-07-09 16:07:00-04:00,-1.0243346000000226,L,2021,True
GBPUSD,w1_dow_nocounter,fixed,2021-07-09 16:07:00-04:00,-1.0243346000000226,L,2021,True
EURUSD,d1roc_h4ma,fixed,2021-07-13 15:22:00-04:00,-1.0147693999999483,S,2021,True
EURUSD,d1_adx_ge20,trail,2021-07-13 15:22:00-04:00,-1.0147693999999483,S,2021,True
EURUSD,w1_dow_nocounter,trail,2021-07-13 15:22:00-04:00,-1.0147693999999483,S,2021,True
EURUSD,w1_dow_nocounter,fixed,2021-07-13 15:22:00-04:00,-1.0147693999999483,S,2021,True
EURUSD,d1_adx_ge20,fixed,2021-07-13 15:22:00-04:00,-1.0147693999999483,S,2021,True
EURUSD,none,fixed,2021-07-13 15:22:00-04:00,-1.0147693999999483,S,2021,True
EURUSD,d1_roc20,trail,2021-07-13 15:22:00-04:00,-1.0147693999999483,S,2021,True
EURUSD,none,trail,2021-07-13 15:22:00-04:00,-1.0147693999999483,S,2021,True
EURUSD,h4_ma_nocounter,fixed,2021-07-13 15:22:00-04:00,-1.0147693999999483,S,2021,True
EURUSD,h4_ma_nocounter,trail,2021-07-13 15:22:00-04:00,-1.0147693999999483,S,2021,True
EURUSD,d1_roc20,fixed,2021-07-13 15:22:00-04:00,-1.0147693999999483,S,2021,True
EURUSD,d1roc_h4ma,trail,2021-07-13 15:22:00-04:00,-1.0147693999999483,S,2021,True
AUDUSD,w1_dow_strict,fixed,2021-07-16 08:41:00-04:00,1.6451321999999846,S,2021,True
AUDUSD,h4_ma_aligned,trail,2021-07-16 08:41:00-04:00,1.9278729000000059,S,2021,True
AUDUSD,w1_dow_nocounter,trail,2021-07-16 08:41:00-04:00,1.9278729000000059,S,2021,True
AUDUSD,h4_ma_nocounter,trail,2021-07-16 08:41:00-04:00,1.9278729000000059,S,2021,True
AUDUSD,d1roc_h4ma,fixed,2021-07-16 08:41:00-04:00,1.6451321999999846,S,2021,True
AUDUSD,d1_adx_ge20,fixed,2021-07-16 08:41:00-04:00,1.6451321999999846,S,2021,True
AUDUSD,h4_ma_nocounter,fixed,2021-07-16 08:41:00-04:00,1.6451321999999846,S,2021,True
AUDUSD,d1_roc20,fixed,2021-07-16 08:41:00-04:00,1.6451321999999846,S,2021,True
AUDUSD,d1_adx_ge20,trail,2021-07-16 08:41:00-04:00,1.9278729000000059,S,2021,True
AUDUSD,none,fixed,2021-07-16 08:41:00-04:00,1.6451321999999846,S,2021,True
AUDUSD,w1_dow_nocounter,fixed,2021-07-16 08:41:00-04:00,1.6451321999999846,S,2021,True
AUDUSD,w1_dow_strict,trail,2021-07-16 08:41:00-04:00,1.9278729000000059,S,2021,True
AUDUSD,none,trail,2021-07-16 08:41:00-04:00,1.9278729000000059,S,2021,True
AUDUSD,d1roc_h4ma,trail,2021-07-16 08:41:00-04:00,1.9278729000000059,S,2021,True
AUDUSD,d1_roc20,trail,2021-07-16 08:41:00-04:00,1.9278729000000059,S,2021,True
AUDUSD,h4_ma_aligned,fixed,2021-07-16 08:41:00-04:00,1.6451321999999846,S,2021,True
GBPUSD,none,fixed,2021-07-19 03:00:00-04:00,1.639325500000002,S,2021,True
GBPUSD,h4_ma_aligned,trail,2021-07-19 03:00:00-04:00,1.857270999999974,S,2021,True
GBPUSD,h4_ma_nocounter,fixed,2021-07-19 03:00:00-04:00,1.639325500000002,S,2021,True
GBPUSD,d1_roc20,trail,2021-07-19 03:00:00-04:00,1.857270999999974,S,2021,True
GBPUSD,none,trail,2021-07-19 03:00:00-04:00,1.857270999999974,S,2021,True
GBPUSD,d1_adx_ge20,fixed,2021-07-19 03:00:00-04:00,1.639325500000002,S,2021,True
GBPUSD,d1roc_h4ma,fixed,2021-07-19 03:00:00-04:00,1.639325500000002,S,2021,True
GBPUSD,h4_ma_aligned,fixed,2021-07-19 03:00:00-04:00,1.639325500000002,S,2021,True
GBPUSD,h4_ma_nocounter,trail,2021-07-19 03:00:00-04:00,1.857270999999974,S,2021,True
GBPUSD,d1_roc20,fixed,2021-07-19 03:00:00-04:00,1.639325500000002,S,2021,True
GBPUSD,d1roc_h4ma,trail,2021-07-19 03:00:00-04:00,1.857270999999974,S,2021,True
GBPUSD,d1_adx_ge20,trail,2021-07-19 03:00:00-04:00,1.857270999999974,S,2021,True
EURUSD,d1_roc20,trail,2021-07-19 04:43:00-04:00,-1.0194719999999977,S,2021,True
EURUSD,d1_adx_ge20,fixed,2021-07-19 04:43:00-04:00,-1.0194719999999977,S,2021,True
EURUSD,d1roc_h4ma,fixed,2021-07-19 04:43:00-04:00,-1.0194719999999977,S,2021,True
EURUSD,none,fixed,2021-07-19 04:43:00-04:00,-1.0194719999999977,S,2021,True
EURUSD,h4_ma_aligned,trail,2021-07-19 04:43:00-04:00,-1.0194719999999977,S,2021,True
EURUSD,none,trail,2021-07-19 04:43:00-04:00,-1.0194719999999977,S,2021,True
EURUSD,w1_dow_nocounter,trail,2021-07-19 04:43:00-04:00,-1.0194719999999977,S,2021,True
EURUSD,h4_ma_nocounter,trail,2021-07-19 04:43:00-04:00,-1.0194719999999977,S,2021,True
EURUSD,d1_adx_ge20,trail,2021-07-19 04:43:00-04:00,-1.0194719999999977,S,2021,True
EURUSD,h4_ma_nocounter,fixed,2021-07-19 04:43:00-04:00,-1.0194719999999977,S,2021,True
EURUSD,w1_dow_nocounter,fixed,2021-07-19 04:43:00-04:00,-1.0194719999999977,S,2021,True
EURUSD,d1roc_h4ma,trail,2021-07-19 04:43:00-04:00,-1.0194719999999977,S,2021,True
EURUSD,h4_ma_aligned,fixed,2021-07-19 04:43:00-04:00,-1.0194719999999977,S,2021,True
EURUSD,d1_roc20,fixed,2021-07-19 04:43:00-04:00,-1.0194719999999977,S,2021,True
USDJPY,h4_ma_aligned,fixed,2021-07-19 08:30:00-04:00,-1.0086249999999948,S,2021,True
USDJPY,d1roc_h4ma,trail,2021-07-19 08:30:00-04:00,-0.6541099999999814,S,2021,True
USDJPY,h4_ma_aligned,trail,2021-07-19 08:30:00-04:00,-0.6541099999999814,S,2021,True
USDJPY,none,fixed,2021-07-19 08:30:00-04:00,-1.0086249999999948,S,2021,True
USDJPY,d1_roc20,fixed,2021-07-19 08:30:00-04:00,-1.0086249999999948,S,2021,True
USDJPY,d1_roc20,trail,2021-07-19 08:30:00-04:00,-0.6541099999999814,S,2021,True
USDJPY,d1_adx_lt25,trail,2021-07-19 08:30:00-04:00,-0.6541099999999814,S,2021,True
USDJPY,h4_ma_nocounter,fixed,2021-07-19 08:30:00-04:00,-1.0086249999999948,S,2021,True
USDJPY,d1roc_h4ma,fixed,2021-07-19 08:30:00-04:00,-1.0086249999999948,S,2021,True
USDJPY,d1_adx_lt25,fixed,2021-07-19 08:30:00-04:00,-1.0086249999999948,S,2021,True
USDJPY,none,trail,2021-07-19 08:30:00-04:00,-0.6541099999999814,S,2021,True
USDJPY,h4_ma_nocounter,trail,2021-07-19 08:30:00-04:00,-0.6541099999999814,S,2021,True
USDCHF,d1_roc20,trail,2021-07-28 14:40:00-04:00,1.4205170499999822,S,2021,True
USDCHF,w1_dow_nocounter,trail,2021-07-28 14:40:00-04:00,1.4205170499999822,S,2021,True
USDCHF,h4_ma_aligned,trail,2021-07-28 14:40:00-04:00,1.4205170499999822,S,2021,True
USDCHF,d1roc_h4ma,fixed,2021-07-28 14:40:00-04:00,1.610338449999999,S,2021,True
USDCHF,h4_ma_aligned,fixed,2021-07-28 14:40:00-04:00,1.610338449999999,S,2021,True
USDCHF,d1_roc20,fixed,2021-07-28 14:40:00-04:00,1.610338449999999,S,2021,True
USDCHF,d1_adx_lt25,fixed,2021-07-28 14:40:00-04:00,1.610338449999999,S,2021,True
USDCHF,h4_ma_nocounter,fixed,2021-07-28 14:40:00-04:00,1.610338449999999,S,2021,True
USDCHF,d1_adx_lt25,trail,2021-07-28 14:40:00-04:00,1.4205170499999822,S,2021,True
USDCHF,none,fixed,2021-07-28 14:40:00-04:00,1.610338449999999,S,2021,True
USDCHF,h4_ma_nocounter,trail,2021-07-28 14:40:00-04:00,1.4205170499999822,S,2021,True
USDCHF,d1roc_h4ma,trail,2021-07-28 14:40:00-04:00,1.4205170499999822,S,2021,True
USDCHF,none,trail,2021-07-28 14:40:00-04:00,1.4205170499999822,S,2021,True
USDCHF,w1_dow_nocounter,fixed,2021-07-28 14:40:00-04:00,1.610338449999999,S,2021,True
GBPUSD,d1roc_h4ma,fixed,2021-07-28 21:55:00-04:00,-1.0269731999999907,L,2021,True
GBPUSD,d1_adx_ge20,trail,2021-07-28 21:55:00-04:00,0.3990603499999741,L,2021,True
GBPUSD,none,trail,2021-07-28 21:55:00-04:00,0.3990603499999741,L,2021,True
GBPUSD,h4_ma_nocounter,fixed,2021-07-28 21:55:00-04:00,-1.0269731999999907,L,2021,True
GBPUSD,d1_adx_ge20,fixed,2021-07-28 21:55:00-04:00,-1.0269731999999907,L,2021,True
GBPUSD,h4_ma_nocounter,trail,2021-07-28 21:55:00-04:00,0.3990603499999741,L,2021,True
GBPUSD,d1_roc20,fixed,2021-07-28 21:55:00-04:00,-1.0269731999999907,L,2021,True
GBPUSD,w1_dow_nocounter,trail,2021-07-28 21:55:00-04:00,0.3990603499999741,L,2021,True
GBPUSD,w1_dow_nocounter,fixed,2021-07-28 21:55:00-04:00,-1.0269731999999907,L,2021,True
GBPUSD,d1roc_h4ma,trail,2021-07-28 21:55:00-04:00,0.3990603499999741,L,2021,True
GBPUSD,d1_roc20,trail,2021-07-28 21:55:00-04:00,0.3990603499999741,L,2021,True
GBPUSD,none,fixed,2021-07-28 21:55:00-04:00,-1.0269731999999907,L,2021,True
AUDUSD,none,trail,2021-07-29 04:12:00-04:00,-0.5637908500000027,L,2021,True
AUDUSD,none,fixed,2021-07-29 04:12:00-04:00,-1.0243154999999973,L,2021,True
AUDUSD,d1_adx_ge20,fixed,2021-07-29 04:12:00-04:00,-1.0243154999999973,L,2021,True
AUDUSD,h4_ma_nocounter,fixed,2021-07-29 04:12:00-04:00,-1.0243154999999973,L,2021,True
AUDUSD,h4_ma_nocounter,trail,2021-07-29 04:12:00-04:00,-0.5637908500000027,L,2021,True
AUDUSD,d1_adx_ge20,trail,2021-07-29 04:12:00-04:00,-0.5637908500000027,L,2021,True
EURUSD,d1_adx_ge20,fixed,2021-07-29 08:32:00-04:00,-1.013631900000008,L,2021,True
EURUSD,h4_ma_nocounter,trail,2021-07-29 08:32:00-04:00,-0.16341370000001568,L,2021,True
EURUSD,none,trail,2021-07-29 08:32:00-04:00,-0.16341370000001568,L,2021,True
EURUSD,w1_dow_nocounter,fixed,2021-07-29 08:32:00-04:00,-1.013631900000008,L,2021,True
EURUSD,h4_ma_nocounter,fixed,2021-07-29 08:32:00-04:00,-1.013631900000008,L,2021,True
EURUSD,w1_dow_nocounter,trail,2021-07-29 08:32:00-04:00,-0.16341370000001568,L,2021,True
EURUSD,d1_adx_ge20,trail,2021-07-29 08:32:00-04:00,-0.16341370000001568,L,2021,True
EURUSD,none,fixed,2021-07-29 08:32:00-04:00,-1.013631900000008,L,2021,True
USDJPY,h4_ma_aligned,trail,2021-08-03 08:47:00-04:00,-0.32548500000001196,S,2021,True
USDJPY,d1_roc20,fixed,2021-08-03 08:47:00-04:00,-1.008969999999988,S,2021,True
USDJPY,none,trail,2021-08-03 08:47:00-04:00,-0.32548500000001196,S,2021,True
USDJPY,d1_roc20,trail,2021-08-03 08:47:00-04:00,-0.32548500000001196,S,2021,True
USDJPY,d1_adx_lt25,fixed,2021-08-03 08:47:00-04:00,-1.008969999999988,S,2021,True
USDJPY,d1_adx_lt25,trail,2021-08-03 08:47:00-04:00,-0.32548500000001196,S,2021,True
USDJPY,h4_ma_nocounter,fixed,2021-08-03 08:47:00-04:00,-1.008969999999988,S,2021,True
USDJPY,none,fixed,2021-08-03 08:47:00-04:00,-1.008969999999988,S,2021,True
USDJPY,d1roc_h4ma,fixed,2021-08-03 08:47:00-04:00,-1.008969999999988,S,2021,True
USDJPY,d1roc_h4ma,trail,2021-08-03 08:47:00-04:00,-0.32548500000001196,S,2021,True
USDJPY,h4_ma_nocounter,trail,2021-08-03 08:47:00-04:00,-0.32548500000001196,S,2021,True
USDJPY,h4_ma_aligned,fixed,2021-08-03 08:47:00-04:00,-1.008969999999988,S,2021,True
AUDUSD,h4_ma_nocounter,trail,2021-08-04 03:21:00-04:00,-1.0281774500000205,L,2021,True
AUDUSD,none,fixed,2021-08-04 03:21:00-04:00,-1.0281774500000205,L,2021,True
AUDUSD,d1_adx_ge20,fixed,2021-08-04 03:21:00-04:00,-1.0281774500000205,L,2021,True
AUDUSD,d1_adx_ge20,trail,2021-08-04 03:21:00-04:00,-1.0281774500000205,L,2021,True
AUDUSD,h4_ma_nocounter,fixed,2021-08-04 03:21:00-04:00,-1.0281774500000205,L,2021,True
AUDUSD,none,trail,2021-08-04 03:21:00-04:00,-1.0281774500000205,L,2021,True
EURUSD,w1_dow_nocounter,fixed,2021-08-08 18:51:00-04:00,-1.0180654999999614,S,2021,True
EURUSD,w1_dow_nocounter,trail,2021-08-08 18:51:00-04:00,-0.49387599999997617,S,2021,True
EURUSD,d1_roc20,fixed,2021-08-08 18:51:00-04:00,-1.0180654999999614,S,2021,True
EURUSD,none,trail,2021-08-08 18:51:00-04:00,-0.49387599999997617,S,2021,True
EURUSD,h4_ma_nocounter,trail,2021-08-08 18:51:00-04:00,-0.49387599999997617,S,2021,True
EURUSD,d1roc_h4ma,fixed,2021-08-08 18:51:00-04:00,-1.0180654999999614,S,2021,True
EURUSD,d1_adx_ge20,fixed,2021-08-08 18:51:00-04:00,-1.0180654999999614,S,2021,True
EURUSD,h4_ma_nocounter,fixed,2021-08-08 18:51:00-04:00,-1.0180654999999614,S,2021,True
EURUSD,none,fixed,2021-08-08 18:51:00-04:00,-1.0180654999999614,S,2021,True
EURUSD,d1_roc20,trail,2021-08-08 18:51:00-04:00,-0.49387599999997617,S,2021,True
EURUSD,d1roc_h4ma,trail,2021-08-08 18:51:00-04:00,-0.49387599999997617,S,2021,True
EURUSD,d1_adx_lt25,trail,2021-08-08 18:51:00-04:00,-0.49387599999997617,S,2021,True
EURUSD,d1_adx_lt25,fixed,2021-08-08 18:51:00-04:00,-1.0180654999999614,S,2021,True
EURUSD,d1_adx_ge20,trail,2021-08-08 18:51:00-04:00,-0.49387599999997617,S,2021,True
AUDUSD,h4_ma_nocounter,fixed,2021-08-09 21:56:00-04:00,-1.0310387999999842,S,2021,True
AUDUSD,w1_dow_nocounter,trail,2021-08-09 21:56:00-04:00,-1.0310387999999842,S,2021,True
AUDUSD,none,trail,2021-08-09 21:56:00-04:00,-1.0310387999999842,S,2021,True
AUDUSD,d1_adx_ge20,fixed,2021-08-09 21:56:00-04:00,-1.0310387999999842,S,2021,True
AUDUSD,w1_dow_nocounter,fixed,2021-08-09 21:56:00-04:00,-1.0310387999999842,S,2021,True
AUDUSD,d1roc_h4ma,trail,2021-08-09 21:56:00-04:00,-1.0310387999999842,S,2021,True
AUDUSD,h4_ma_nocounter,trail,2021-08-09 21:56:00-04:00,-1.0310387999999842,S,2021,True
AUDUSD,none,fixed,2021-08-09 21:56:00-04:00,-1.0310387999999842,S,2021,True
AUDUSD,d1_roc20,fixed,2021-08-09 21:56:00-04:00,-1.0310387999999842,S,2021,True
AUDUSD,d1_roc20,trail,2021-08-09 21:56:00-04:00,-1.0310387999999842,S,2021,True
AUDUSD,h4_ma_aligned,trail,2021-08-09 21:56:00-04:00,-1.0310387999999842,S,2021,True
AUDUSD,w1_dow_strict,fixed,2021-08-09 21:56:00-04:00,-1.0310387999999842,S,2021,True
AUDUSD,w1_dow_strict,trail,2021-08-09 21:56:00-04:00,-1.0310387999999842,S,2021,True
AUDUSD,d1roc_h4ma,fixed,2021-08-09 21:56:00-04:00,-1.0310387999999842,S,2021,True
AUDUSD,h4_ma_aligned,fixed,2021-08-09 21:56:00-04:00,-1.0310387999999842,S,2021,True
AUDUSD,d1_adx_ge20,trail,2021-08-09 21:56:00-04:00,-1.0310387999999842,S,2021,True
USDCHF,d1roc_h4ma,trail,2021-08-10 08:58:00-04:00,-0.5227380500000138,L,2021,True
USDCHF,d1_roc20,trail,2021-08-10 08:58:00-04:00,-0.5227380500000138,L,2021,True
USDCHF,w1_dow_nocounter,fixed,2021-08-10 08:58:00-04:00,-1.0710616499999852,L,2021,True
USDCHF,d1_adx_lt25,fixed,2021-08-10 08:58:00-04:00,-1.0710616499999852,L,2021,True
USDCHF,d1_roc20,fixed,2021-08-10 08:58:00-04:00,-1.0710616499999852,L,2021,True
USDCHF,none,trail,2021-08-10 08:58:00-04:00,-0.5227380500000138,L,2021,True
USDCHF,d1_adx_lt25,trail,2021-08-10 08:58:00-04:00,-0.5227380500000138,L,2021,True
USDCHF,w1_dow_nocounter,trail,2021-08-10 08:58:00-04:00,-0.5227380500000138,L,2021,True
USDCHF,h4_ma_nocounter,trail,2021-08-10 08:58:00-04:00,-0.5227380500000138,L,2021,True
USDCHF,none,fixed,2021-08-10 08:58:00-04:00,-1.0710616499999852,L,2021,True
USDCHF,d1roc_h4ma,fixed,2021-08-10 08:58:00-04:00,-1.0710616499999852,L,2021,True
USDCHF,h4_ma_nocounter,fixed,2021-08-10 08:58:00-04:00,-1.0710616499999852,L,2021,True
USDJPY,h4_ma_nocounter,trail,2021-08-10 09:49:00-04:00,-0.4175849999999757,L,2021,True
USDJPY,h4_ma_nocounter,fixed,2021-08-10 09:49:00-04:00,-1.0117799999999981,L,2021,True
USDJPY,w1_dow_nocounter,fixed,2021-08-10 09:49:00-04:00,-1.0117799999999981,L,2021,True
USDJPY,none,fixed,2021-08-10 09:49:00-04:00,-1.0117799999999981,L,2021,True
USDJPY,w1_dow_nocounter,trail,2021-08-10 09:49:00-04:00,-0.4175849999999757,L,2021,True
USDJPY,w1_dow_strict,trail,2021-08-10 09:49:00-04:00,-0.4175849999999757,L,2021,True
USDJPY,d1_adx_lt25,fixed,2021-08-10 09:49:00-04:00,-1.0117799999999981,L,2021,True
USDJPY,none,trail,2021-08-10 09:49:00-04:00,-0.4175849999999757,L,2021,True
USDJPY,w1_dow_strict,fixed,2021-08-10 09:49:00-04:00,-1.0117799999999981,L,2021,True
USDJPY,d1_adx_lt25,trail,2021-08-10 09:49:00-04:00,-0.4175849999999757,L,2021,True
AUDUSD,d1_roc20,fixed,2021-08-16 21:32:00-04:00,1.6300271499999885,S,2021,True
AUDUSD,none,fixed,2021-08-16 21:32:00-04:00,1.6300271499999885,S,2021,True
AUDUSD,d1roc_h4ma,fixed,2021-08-16 21:32:00-04:00,1.6300271499999885,S,2021,True
AUDUSD,w1_dow_strict,trail,2021-08-16 21:32:00-04:00,6.42876410000001,S,2021,True
AUDUSD,h4_ma_nocounter,trail,2021-08-16 21:32:00-04:00,6.42876410000001,S,2021,True
AUDUSD,d1_adx_ge20,fixed,2021-08-16 21:32:00-04:00,1.6300271499999885,S,2021,True
AUDUSD,d1_roc20,trail,2021-08-16 21:32:00-04:00,6.42876410000001,S,2021,True
AUDUSD,h4_ma_nocounter,fixed,2021-08-16 21:32:00-04:00,1.6300271499999885,S,2021,True
AUDUSD,h4_ma_aligned,fixed,2021-08-16 21:32:00-04:00,1.6300271499999885,S,2021,True
AUDUSD,h4_ma_aligned,trail,2021-08-16 21:32:00-04:00,6.42876410000001,S,2021,True
AUDUSD,none,trail,2021-08-16 21:32:00-04:00,6.42876410000001,S,2021,True
AUDUSD,d1roc_h4ma,trail,2021-08-16 21:32:00-04:00,6.42876410000001,S,2021,True
AUDUSD,d1_adx_ge20,trail,2021-08-16 21:32:00-04:00,6.42876410000001,S,2021,True
AUDUSD,w1_dow_nocounter,trail,2021-08-16 21:32:00-04:00,6.42876410000001,S,2021,True
AUDUSD,w1_dow_strict,fixed,2021-08-16 21:32:00-04:00,1.6300271499999885,S,2021,True
AUDUSD,w1_dow_nocounter,fixed,2021-08-16 21:32:00-04:00,1.6300271499999885,S,2021,True
EURUSD,w1_dow_nocounter,trail,2021-08-17 16:59:00-04:00,-0.8188986500000474,S,2021,True
EURUSD,d1_roc20,fixed,2021-08-17 16:59:00-04:00,-1.018838400000025,S,2021,True
EURUSD,d1_roc20,trail,2021-08-17 16:59:00-04:00,-0.8188986500000474,S,2021,True
EURUSD,h4_ma_nocounter,fixed,2021-08-17 16:59:00-04:00,-1.018838400000025,S,2021,True
EURUSD,d1roc_h4ma,trail,2021-08-17 16:59:00-04:00,-0.8188986500000474,S,2021,True
EURUSD,d1_adx_lt25,fixed,2021-08-17 16:59:00-04:00,-1.018838400000025,S,2021,True
EURUSD,h4_ma_nocounter,trail,2021-08-17 16:59:00-04:00,-0.8188986500000474,S,2021,True
EURUSD,none,trail,2021-08-17 16:59:00-04:00,-0.8188986500000474,S,2021,True
EURUSD,d1_adx_ge20,trail,2021-08-17 16:59:00-04:00,-0.8188986500000474,S,2021,True
EURUSD,none,fixed,2021-08-17 16:59:00-04:00,-1.018838400000025,S,2021,True
EURUSD,d1_adx_lt25,trail,2021-08-17 16:59:00-04:00,-0.8188986500000474,S,2021,True
EURUSD,d1_adx_ge20,fixed,2021-08-17 16:59:00-04:00,-1.018838400000025,S,2021,True
EURUSD,w1_dow_nocounter,fixed,2021-08-17 16:59:00-04:00,-1.018838400000025,S,2021,True
EURUSD,d1roc_h4ma,fixed,2021-08-17 16:59:00-04:00,-1.018838400000025,S,2021,True
USDJPY,w1_dow_strict,trail,2021-08-26 09:41:00-04:00,-1.0060749999999727,L,2021,True
USDJPY,w1_dow_nocounter,trail,2021-08-26 09:41:00-04:00,-1.0060749999999727,L,2021,True
USDJPY,d1_roc20,fixed,2021-08-26 09:41:00-04:00,-1.009509999999989,L,2021,True
USDJPY,d1roc_h4ma,trail,2021-08-26 09:41:00-04:00,-1.0060749999999727,L,2021,True
USDJPY,w1_dow_nocounter,fixed,2021-08-26 09:41:00-04:00,-1.009509999999989,L,2021,True
USDJPY,d1roc_h4ma,fixed,2021-08-26 09:41:00-04:00,-1.009509999999989,L,2021,True
USDJPY,none,fixed,2021-08-26 09:41:00-04:00,-1.009509999999989,L,2021,True
USDJPY,d1_roc20,trail,2021-08-26 09:41:00-04:00,-1.0060749999999727,L,2021,True
USDJPY,d1_adx_lt25,trail,2021-08-26 09:41:00-04:00,-1.0060749999999727,L,2021,True
USDJPY,h4_ma_nocounter,trail,2021-08-26 09:41:00-04:00,-1.0060749999999727,L,2021,True
USDJPY,d1_adx_lt25,fixed,2021-08-26 09:41:00-04:00,-1.009509999999989,L,2021,True
USDJPY,w1_dow_strict,fixed,2021-08-26 09:41:00-04:00,-1.009509999999989,L,2021,True
USDJPY,none,trail,2021-08-26 09:41:00-04:00,-1.0060749999999727,L,2021,True
USDJPY,h4_ma_nocounter,fixed,2021-08-26 09:41:00-04:00,-1.009509999999989,L,2021,True
USDCHF,d1_adx_lt25,fixed,2021-08-27 12:43:00-04:00,-1.0660871500000095,S,2021,True
USDCHF,none,fixed,2021-08-27 12:43:00-04:00,-1.0660871500000095,S,2021,True
USDCHF,none,trail,2021-08-27 12:43:00-04:00,-1.0660871500000095,S,2021,True
USDCHF,h4_ma_nocounter,trail,2021-08-27 12:43:00-04:00,-1.0660871500000095,S,2021,True
USDCHF,w1_dow_nocounter,fixed,2021-08-27 12:43:00-04:00,-1.0660871500000095,S,2021,True
USDCHF,d1_adx_lt25,trail,2021-08-27 12:43:00-04:00,-1.0660871500000095,S,2021,True
USDCHF,h4_ma_nocounter,fixed,2021-08-27 12:43:00-04:00,-1.0660871500000095,S,2021,True
USDCHF,w1_dow_nocounter,trail,2021-08-27 12:43:00-04:00,-1.0660871500000095,S,2021,True
EURUSD,none,trail,2021-08-29 20:53:00-04:00,-0.2601099499999932,L,2021,True
EURUSD,d1_adx_ge20,fixed,2021-08-29 20:53:00-04:00,1.6497525999999831,L,2021,True
EURUSD,w1_dow_nocounter,fixed,2021-08-29 20:53:00-04:00,1.6497525999999831,L,2021,True
EURUSD,d1_adx_lt25,fixed,2021-08-29 20:53:00-04:00,1.6497525999999831,L,2021,True
EURUSD,h4_ma_nocounter,fixed,2021-08-29 20:53:00-04:00,1.6497525999999831,L,2021,True
EURUSD,h4_ma_nocounter,trail,2021-08-29 20:53:00-04:00,-0.2601099499999932,L,2021,True
EURUSD,none,fixed,2021-08-29 20:53:00-04:00,1.6497525999999831,L,2021,True
EURUSD,w1_dow_nocounter,trail,2021-08-29 20:53:00-04:00,-0.2601099499999932,L,2021,True
EURUSD,d1_adx_ge20,trail,2021-08-29 20:53:00-04:00,-0.2601099499999932,L,2021,True
EURUSD,d1_adx_lt25,trail,2021-08-29 20:53:00-04:00,-0.2601099499999932,L,2021,True
AUDUSD,none,trail,2021-09-02 04:54:00-04:00,1.207994599999982,L,2021,True
AUDUSD,h4_ma_nocounter,fixed,2021-09-02 04:54:00-04:00,1.6346293500000013,L,2021,True
AUDUSD,h4_ma_nocounter,trail,2021-09-02 04:54:00-04:00,1.207994599999982,L,2021,True
AUDUSD,none,fixed,2021-09-02 04:54:00-04:00,1.6346293500000013,L,2021,True
AUDUSD,d1_adx_ge20,trail,2021-09-02 04:54:00-04:00,1.207994599999982,L,2021,True
AUDUSD,d1_adx_ge20,fixed,2021-09-02 04:54:00-04:00,1.6346293500000013,L,2021,True
USDCHF,w1_dow_nocounter,trail,2021-09-07 16:27:00-04:00,0.19427924999998672,L,2021,True
USDCHF,d1_adx_lt25,fixed,2021-09-07 16:27:00-04:00,-1.0708072500000252,L,2021,True
USDCHF,none,fixed,2021-09-07 16:27:00-04:00,-1.0708072500000252,L,2021,True
USDCHF,d1_adx_lt25,trail,2021-09-07 16:27:00-04:00,0.19427924999998672,L,2021,True
USDCHF,none,trail,2021-09-07 16:27:00-04:00,0.19427924999998672,L,2021,True
USDCHF,w1_dow_nocounter,fixed,2021-09-07 16:27:00-04:00,-1.0708072500000252,L,2021,True
USDCHF,h4_ma_nocounter,fixed,2021-09-08 01:41:00-04:00,-1.0803193500000072,L,2021,True
USDCHF,h4_ma_nocounter,trail,2021-09-08 01:41:00-04:00,0.22034074999998496,L,2021,True
USDJPY,none,trail,2021-09-08 02:02:00-04:00,-1.0131450000000148,L,2021,True
USDJPY,w1_dow_strict,trail,2021-09-08 02:02:00-04:00,-1.0131450000000148,L,2021,True
USDJPY,none,fixed,2021-09-08 02:02:00-04:00,-1.0131450000000148,L,2021,True
USDJPY,w1_dow_strict,fixed,2021-09-08 02:02:00-04:00,-1.0131450000000148,L,2021,True
USDJPY,h4_ma_nocounter,fixed,2021-09-08 02:02:00-04:00,-1.0131450000000148,L,2021,True
USDJPY,w1_dow_nocounter,trail,2021-09-08 02:02:00-04:00,-1.0131450000000148,L,2021,True
USDJPY,w1_dow_nocounter,fixed,2021-09-08 02:02:00-04:00,-1.0131450000000148,L,2021,True
USDJPY,h4_ma_nocounter,trail,2021-09-08 02:02:00-04:00,-1.0131450000000148,L,2021,True
USDJPY,d1_adx_lt25,trail,2021-09-08 02:02:00-04:00,-1.0131450000000148,L,2021,True
USDJPY,d1_adx_lt25,fixed,2021-09-08 02:02:00-04:00,-1.0131450000000148,L,2021,True
GBPUSD,h4_ma_aligned,trail,2021-09-14 08:34:00-04:00,-1.0347167999999982,L,2021,True
GBPUSD,h4_ma_nocounter,fixed,2021-09-14 08:34:00-04:00,-1.0347961999999822,L,2021,True
GBPUSD,w1_dow_nocounter,fixed,2021-09-14 08:34:00-04:00,-1.0347961999999822,L,2021,True
GBPUSD,h4_ma_nocounter,trail,2021-09-14 08:34:00-04:00,-1.0347167999999982,L,2021,True
GBPUSD,w1_dow_nocounter,trail,2021-09-14 08:34:00-04:00,-1.0347167999999982,L,2021,True
GBPUSD,d1_adx_lt25,trail,2021-09-14 08:34:00-04:00,-1.0347167999999982,L,2021,True
GBPUSD,none,fixed,2021-09-14 08:34:00-04:00,-1.0347961999999822,L,2021,True
GBPUSD,d1_adx_lt25,fixed,2021-09-14 08:34:00-04:00,-1.0347961999999822,L,2021,True
GBPUSD,none,trail,2021-09-14 08:34:00-04:00,-1.0347167999999982,L,2021,True
GBPUSD,h4_ma_aligned,fixed,2021-09-14 08:34:00-04:00,-1.0347961999999822,L,2021,True
USDJPY,h4_ma_nocounter,trail,2021-09-14 13:24:00-04:00,0.5330250000000014,S,2021,True
USDJPY,none,trail,2021-09-14 13:24:00-04:00,0.5330250000000014,S,2021,True
USDJPY,h4_ma_nocounter,fixed,2021-09-14 13:24:00-04:00,1.654979999999986,S,2021,True
USDJPY,d1_adx_lt25,fixed,2021-09-14 13:24:00-04:00,1.654979999999986,S,2021,True
USDJPY,d1_adx_lt25,trail,2021-09-14 13:24:00-04:00,0.5330250000000014,S,2021,True
USDJPY,none,fixed,2021-09-14 13:24:00-04:00,1.654979999999986,S,2021,True
GBPUSD,w1_dow_nocounter,fixed,2021-09-17 16:57:00-04:00,1.6377499499999992,S,2021,True
GBPUSD,h4_ma_nocounter,trail,2021-09-17 16:57:00-04:00,1.0554192499999764,S,2021,True
GBPUSD,w1_dow_nocounter,trail,2021-09-17 16:57:00-04:00,1.0554192499999764,S,2021,True
GBPUSD,d1_adx_lt25,fixed,2021-09-17 16:57:00-04:00,1.6377499499999992,S,2021,True
GBPUSD,d1_adx_lt25,trail,2021-09-17 16:57:00-04:00,1.0554192499999764,S,2021,True
GBPUSD,none,trail,2021-09-17 16:57:00-04:00,1.0554192499999764,S,2021,True
GBPUSD,h4_ma_nocounter,fixed,2021-09-17 16:57:00-04:00,1.6377499499999992,S,2021,True
GBPUSD,none,fixed,2021-09-17 16:57:00-04:00,1.6377499499999992,S,2021,True
USDJPY,w1_dow_strict,fixed,2021-09-23 08:53:00-04:00,1.6561549999999827,L,2021,True
USDJPY,d1_adx_lt25,fixed,2021-09-23 08:53:00-04:00,1.6561549999999827,L,2021,True
USDJPY,w1_dow_nocounter,fixed,2021-09-23 08:53:00-04:00,1.6561549999999827,L,2021,True
USDJPY,w1_dow_nocounter,trail,2021-09-23 08:53:00-04:00,3.9069250000000033,L,2021,True
USDJPY,none,trail,2021-09-23 08:53:00-04:00,3.9069250000000033,L,2021,True
USDJPY,d1_adx_lt25,trail,2021-09-23 08:53:00-04:00,3.9069250000000033,L,2021,True
USDJPY,none,fixed,2021-09-23 08:53:00-04:00,1.6561549999999827,L,2021,True
USDJPY,w1_dow_strict,trail,2021-09-23 08:53:00-04:00,3.9069250000000033,L,2021,True
EURUSD,d1roc_h4ma,trail,2021-09-28 02:26:00-04:00,2.787637099999961,S,2021,True
EURUSD,d1_roc20,fixed,2021-09-28 02:26:00-04:00,1.6413505500000292,S,2021,True
EURUSD,d1_adx_lt25,fixed,2021-09-28 02:26:00-04:00,1.6413505500000292,S,2021,True
EURUSD,h4_ma_nocounter,fixed,2021-09-28 02:26:00-04:00,1.6413505500000292,S,2021,True
EURUSD,h4_ma_aligned,trail,2021-09-28 02:26:00-04:00,2.787637099999961,S,2021,True
EURUSD,d1_adx_lt25,trail,2021-09-28 02:26:00-04:00,2.787637099999961,S,2021,True
EURUSD,h4_ma_nocounter,trail,2021-09-28 02:26:00-04:00,2.787637099999961,S,2021,True
EURUSD,none,fixed,2021-09-28 02:26:00-04:00,1.6413505500000292,S,2021,True
EURUSD,w1_dow_nocounter,trail,2021-09-28 02:26:00-04:00,2.787637099999961,S,2021,True
EURUSD,none,trail,2021-09-28 02:26:00-04:00,2.787637099999961,S,2021,True
EURUSD,h4_ma_aligned,fixed,2021-09-28 02:26:00-04:00,1.6413505500000292,S,2021,True
EURUSD,d1_adx_ge20,trail,2021-09-28 02:26:00-04:00,2.787637099999961,S,2021,True
EURUSD,d1roc_h4ma,fixed,2021-09-28 02:26:00-04:00,1.6413505500000292,S,2021,True
EURUSD,d1_adx_ge20,fixed,2021-09-28 02:26:00-04:00,1.6413505500000292,S,2021,True
EURUSD,w1_dow_nocounter,fixed,2021-09-28 02:26:00-04:00,1.6413505500000292,S,2021,True
EURUSD,d1_roc20,trail,2021-09-28 02:26:00-04:00,2.787637099999961,S,2021,True
GBPUSD,d1_adx_lt25,fixed,2021-09-28 06:53:00-04:00,1.6364802999999748,S,2021,True
GBPUSD,d1roc_h4ma,trail,2021-09-28 06:53:00-04:00,1.7985410999999834,S,2021,True
GBPUSD,none,trail,2021-09-28 06:53:00-04:00,1.7985410999999834,S,2021,True
GBPUSD,d1roc_h4ma,fixed,2021-09-28 06:53:00-04:00,1.6364802999999748,S,2021,True
GBPUSD,d1_roc20,trail,2021-09-28 06:53:00-04:00,1.7985410999999834,S,2021,True
GBPUSD,h4_ma_nocounter,trail,2021-09-28 06:53:00-04:00,1.7985410999999834,S,2021,True
GBPUSD,w1_dow_nocounter,trail,2021-09-28 06:53:00-04:00,1.7985410999999834,S,2021,True
GBPUSD,h4_ma_aligned,fixed,2021-09-28 06:53:00-04:00,1.6364802999999748,S,2021,True
GBPUSD,w1_dow_nocounter,fixed,2021-09-28 06:53:00-04:00,1.6364802999999748,S,2021,True
GBPUSD,h4_ma_aligned,trail,2021-09-28 06:53:00-04:00,1.7985410999999834,S,2021,True
GBPUSD,h4_ma_nocounter,fixed,2021-09-28 06:53:00-04:00,1.6364802999999748,S,2021,True
GBPUSD,none,fixed,2021-09-28 06:53:00-04:00,1.6364802999999748,S,2021,True
GBPUSD,d1_adx_lt25,trail,2021-09-28 06:53:00-04:00,1.7985410999999834,S,2021,True
GBPUSD,d1_roc20,fixed,2021-09-28 06:53:00-04:00,1.6364802999999748,S,2021,True
AUDUSD,w1_dow_nocounter,trail,2021-09-29 08:36:00-04:00,-0.5255357500000103,S,2021,True
AUDUSD,d1roc_h4ma,trail,2021-09-29 08:36:00-04:00,-0.5255357500000103,S,2021,True
AUDUSD,w1_dow_nocounter,fixed,2021-09-29 08:36:00-04:00,-1.0231041000000156,S,2021,True
AUDUSD,w1_dow_strict,fixed,2021-09-29 08:36:00-04:00,-1.0231041000000156,S,2021,True
AUDUSD,d1_adx_lt25,fixed,2021-09-29 08:36:00-04:00,-1.0231041000000156,S,2021,True
AUDUSD,d1roc_h4ma,fixed,2021-09-29 08:36:00-04:00,-1.0231041000000156,S,2021,True
AUDUSD,h4_ma_nocounter,trail,2021-09-29 08:36:00-04:00,-0.5255357500000103,S,2021,True
AUDUSD,none,fixed,2021-09-29 08:36:00-04:00,-1.0231041000000156,S,2021,True
AUDUSD,h4_ma_nocounter,fixed,2021-09-29 08:36:00-04:00,-1.0231041000000156,S,2021,True
AUDUSD,d1_adx_lt25,trail,2021-09-29 08:36:00-04:00,-0.5255357500000103,S,2021,True
AUDUSD,none,trail,2021-09-29 08:36:00-04:00,-0.5255357500000103,S,2021,True
AUDUSD,w1_dow_strict,trail,2021-09-29 08:36:00-04:00,-0.5255357500000103,S,2021,True
AUDUSD,d1_roc20,trail,2021-09-29 08:36:00-04:00,-0.5255357500000103,S,2021,True
AUDUSD,d1_roc20,fixed,2021-09-29 08:36:00-04:00,-1.0231041000000156,S,2021,True
USDCHF,d1roc_h4ma,fixed,2021-09-29 10:57:00-04:00,-1.0630174500000225,L,2021,True
USDCHF,h4_ma_nocounter,trail,2021-09-29 10:57:00-04:00,-0.19833170000001302,L,2021,True
USDCHF,d1_adx_lt25,trail,2021-09-29 10:57:00-04:00,-0.19833170000001302,L,2021,True
USDCHF,w1_dow_strict,trail,2021-09-29 10:57:00-04:00,-0.19833170000001302,L,2021,True
USDCHF,d1_adx_ge20,fixed,2021-09-29 10:57:00-04:00,-1.0630174500000225,L,2021,True
USDCHF,d1roc_h4ma,trail,2021-09-29 10:57:00-04:00,-0.19833170000001302,L,2021,True
USDCHF,d1_adx_lt25,fixed,2021-09-29 10:57:00-04:00,-1.0630174500000225,L,2021,True
USDCHF,none,fixed,2021-09-29 10:57:00-04:00,-1.0630174500000225,L,2021,True
USDCHF,h4_ma_nocounter,fixed,2021-09-29 10:57:00-04:00,-1.0630174500000225,L,2021,True
USDCHF,none,trail,2021-09-29 10:57:00-04:00,-0.19833170000001302,L,2021,True
USDCHF,w1_dow_strict,fixed,2021-09-29 10:57:00-04:00,-1.0630174500000225,L,2021,True
USDCHF,h4_ma_aligned,fixed,2021-09-29 10:57:00-04:00,-1.0630174500000225,L,2021,True
USDCHF,d1_roc20,trail,2021-09-29 10:57:00-04:00,-0.19833170000001302,L,2021,True
USDCHF,d1_adx_ge20,trail,2021-09-29 10:57:00-04:00,-0.19833170000001302,L,2021,True
USDCHF,w1_dow_nocounter,trail,2021-09-29 10:57:00-04:00,-0.19833170000001302,L,2021,True
USDCHF,w1_dow_nocounter,fixed,2021-09-29 10:57:00-04:00,-1.0630174500000225,L,2021,True
USDCHF,d1_roc20,fixed,2021-09-29 10:57:00-04:00,-1.0630174500000225,L,2021,True
USDCHF,h4_ma_aligned,trail,2021-09-29 10:57:00-04:00,-0.19833170000001302,L,2021,True
EURUSD,none,trail,2021-10-06 03:53:00-04:00,0.03391744999995445,S,2021,True
EURUSD,none,fixed,2021-10-06 03:53:00-04:00,-1.0196706000000484,S,2021,True
EURUSD,h4_ma_nocounter,trail,2021-10-06 03:53:00-04:00,0.03391744999995445,S,2021,True
EURUSD,h4_ma_aligned,trail,2021-10-06 03:53:00-04:00,0.03391744999995445,S,2021,True
EURUSD,d1_roc20,trail,2021-10-06 03:53:00-04:00,0.03391744999995445,S,2021,True
EURUSD,d1_adx_ge20,fixed,2021-10-06 03:53:00-04:00,-1.0196706000000484,S,2021,True
EURUSD,h4_ma_aligned,fixed,2021-10-06 03:53:00-04:00,-1.0196706000000484,S,2021,True
EURUSD,w1_dow_nocounter,trail,2021-10-06 03:53:00-04:00,0.03391744999995445,S,2021,True
EURUSD,d1roc_h4ma,trail,2021-10-06 03:53:00-04:00,0.03391744999995445,S,2021,True
EURUSD,d1roc_h4ma,fixed,2021-10-06 03:53:00-04:00,-1.0196706000000484,S,2021,True
EURUSD,w1_dow_nocounter,fixed,2021-10-06 03:53:00-04:00,-1.0196706000000484,S,2021,True
EURUSD,w1_dow_strict,fixed,2021-10-06 03:53:00-04:00,-1.0196706000000484,S,2021,True
EURUSD,w1_dow_strict,trail,2021-10-06 03:53:00-04:00,0.03391744999995445,S,2021,True
EURUSD,d1_roc20,fixed,2021-10-06 03:53:00-04:00,-1.0196706000000484,S,2021,True
EURUSD,d1_adx_ge20,trail,2021-10-06 03:53:00-04:00,0.03391744999995445,S,2021,True
EURUSD,h4_ma_nocounter,fixed,2021-10-06 03:53:00-04:00,-1.0196706000000484,S,2021,True
AUDUSD,none,fixed,2021-10-07 11:28:00-04:00,1.6427901000000111,L,2021,True
AUDUSD,h4_ma_nocounter,fixed,2021-10-07 11:28:00-04:00,1.6427901000000111,L,2021,True
AUDUSD,none,trail,2021-10-07 11:28:00-04:00,0.7481168000000207,L,2021,True
AUDUSD,d1_adx_lt25,fixed,2021-10-07 11:28:00-04:00,1.6427901000000111,L,2021,True
AUDUSD,d1_adx_lt25,trail,2021-10-07 11:28:00-04:00,0.7481168000000207,L,2021,True
AUDUSD,h4_ma_nocounter,trail,2021-10-07 11:28:00-04:00,0.7481168000000207,L,2021,True
USDJPY,d1_roc20,trail,2021-10-08 11:24:00-04:00,3.3570100000000296,L,2021,True
USDJPY,w1_dow_nocounter,fixed,2021-10-08 11:24:00-04:00,1.651995000000035,L,2021,True
USDJPY,w1_dow_strict,fixed,2021-10-08 11:24:00-04:00,1.651995000000035,L,2021,True
USDJPY,none,trail,2021-10-08 11:24:00-04:00,3.3570100000000296,L,2021,True
USDJPY,d1roc_h4ma,trail,2021-10-08 11:24:00-04:00,3.3570100000000296,L,2021,True
USDJPY,d1_adx_lt25,trail,2021-10-08 11:24:00-04:00,3.3570100000000296,L,2021,True
USDJPY,none,fixed,2021-10-08 11:24:00-04:00,1.651995000000035,L,2021,True
USDJPY,d1_adx_ge20,fixed,2021-10-08 11:24:00-04:00,1.651995000000035,L,2021,True
USDJPY,d1roc_h4ma,fixed,2021-10-08 11:24:00-04:00,1.651995000000035,L,2021,True
USDJPY,d1_adx_ge20,trail,2021-10-08 11:24:00-04:00,3.3570100000000296,L,2021,True
USDJPY,w1_dow_strict,trail,2021-10-08 11:24:00-04:00,3.3570100000000296,L,2021,True
USDJPY,h4_ma_aligned,trail,2021-10-08 11:24:00-04:00,3.3570100000000296,L,2021,True
USDJPY,h4_ma_aligned,fixed,2021-10-08 11:24:00-04:00,1.651995000000035,L,2021,True
USDJPY,d1_roc20,fixed,2021-10-08 11:24:00-04:00,1.651995000000035,L,2021,True
USDJPY,h4_ma_nocounter,fixed,2021-10-08 11:24:00-04:00,1.651995000000035,L,2021,True
USDJPY,w1_dow_nocounter,trail,2021-10-08 11:24:00-04:00,3.3570100000000296,L,2021,True
USDJPY,d1_adx_lt25,fixed,2021-10-08 11:24:00-04:00,1.651995000000035,L,2021,True
USDJPY,h4_ma_nocounter,trail,2021-10-08 11:24:00-04:00,3.3570100000000296,L,2021,True
EURUSD,w1_dow_nocounter,trail,2021-10-12 12:54:00-04:00,-1.0194088499999605,S,2021,True
EURUSD,d1_adx_ge20,trail,2021-10-12 12:54:00-04:00,-1.0194088499999605,S,2021,True
EURUSD,none,trail,2021-10-12 12:54:00-04:00,-1.0194088499999605,S,2021,True
EURUSD,h4_ma_nocounter,trail,2021-10-12 12:54:00-04:00,-1.0194088499999605,S,2021,True
EURUSD,d1roc_h4ma,trail,2021-10-12 12:54:00-04:00,-1.0194088499999605,S,2021,True
EURUSD,h4_ma_aligned,trail,2021-10-12 12:54:00-04:00,-1.0194088499999605,S,2021,True
EURUSD,w1_dow_strict,trail,2021-10-12 12:54:00-04:00,-1.0194088499999605,S,2021,True
EURUSD,d1_roc20,trail,2021-10-12 12:54:00-04:00,-1.0194088499999605,S,2021,True
USDCHF,none,trail,2021-10-14 01:36:00-04:00,-0.4195455000000203,S,2021,True
USDCHF,h4_ma_nocounter,trail,2021-10-14 01:36:00-04:00,-0.4195455000000203,S,2021,True
USDCHF,d1_adx_ge20,fixed,2021-10-14 01:36:00-04:00,-1.0662752000000009,S,2021,True
USDCHF,d1_adx_lt25,fixed,2021-10-14 01:36:00-04:00,-1.0662752000000009,S,2021,True
USDCHF,none,fixed,2021-10-14 01:36:00-04:00,-1.0662752000000009,S,2021,True
USDCHF,d1_adx_ge20,trail,2021-10-14 01:36:00-04:00,-0.4195455000000203,S,2021,True
USDCHF,h4_ma_nocounter,fixed,2021-10-14 01:36:00-04:00,-1.0662752000000009,S,2021,True
USDCHF,d1_adx_lt25,trail,2021-10-14 01:36:00-04:00,-0.4195455000000203,S,2021,True
GBPUSD,h4_ma_aligned,fixed,2021-10-15 07:05:00-04:00,-1.0279393500000307,L,2021,True
GBPUSD,h4_ma_nocounter,fixed,2021-10-15 07:05:00-04:00,-1.0279393500000307,L,2021,True
GBPUSD,none,fixed,2021-10-15 07:05:00-04:00,-1.0279393500000307,L,2021,True
GBPUSD,d1_adx_lt25,trail,2021-10-15 07:05:00-04:00,-0.6966116500000189,L,2021,True
GBPUSD,d1_adx_lt25,fixed,2021-10-15 07:05:00-04:00,-1.0279393500000307,L,2021,True
GBPUSD,none,trail,2021-10-15 07:05:00-04:00,-0.6966116500000189,L,2021,True
GBPUSD,h4_ma_aligned,trail,2021-10-15 07:05:00-04:00,-0.6966116500000189,L,2021,True
GBPUSD,h4_ma_nocounter,trail,2021-10-15 07:05:00-04:00,-0.6966116500000189,L,2021,True
USDCHF,d1_adx_lt25,trail,2021-10-28 09:54:00-04:00,1.2656855499999682,S,2021,True
USDCHF,h4_ma_nocounter,trail,2021-10-28 09:54:00-04:00,1.2656855499999682,S,2021,True
USDCHF,none,fixed,2021-10-28 09:54:00-04:00,1.6044309999999669,S,2021,True
USDCHF,d1roc_h4ma,fixed,2021-10-28 09:54:00-04:00,1.6044309999999669,S,2021,True
USDCHF,h4_ma_nocounter,fixed,2021-10-28 09:54:00-04:00,1.6044309999999669,S,2021,True
USDCHF,h4_ma_aligned,trail,2021-10-28 09:54:00-04:00,1.2656855499999682,S,2021,True
USDCHF,h4_ma_aligned,fixed,2021-10-28 09:54:00-04:00,1.6044309999999669,S,2021,True
USDCHF,d1_roc20,fixed,2021-10-28 09:54:00-04:00,1.6044309999999669,S,2021,True
USDCHF,none,trail,2021-10-28 09:54:00-04:00,1.2656855499999682,S,2021,True
USDCHF,d1_adx_lt25,fixed,2021-10-28 09:54:00-04:00,1.6044309999999669,S,2021,True
USDCHF,d1_roc20,trail,2021-10-28 09:54:00-04:00,1.2656855499999682,S,2021,True
USDCHF,d1roc_h4ma,trail,2021-10-28 09:54:00-04:00,1.2656855499999682,S,2021,True
EURUSD,d1roc_h4ma,trail,2021-10-28 10:06:00-04:00,-1.0141635000000204,L,2021,True
EURUSD,d1_roc20,trail,2021-10-28 10:06:00-04:00,-1.0141635000000204,L,2021,True
EURUSD,d1_adx_lt25,trail,2021-10-28 10:06:00-04:00,-1.0141635000000204,L,2021,True
EURUSD,d1_adx_ge20,trail,2021-10-28 10:06:00-04:00,-1.0141635000000204,L,2021,True
EURUSD,d1_adx_lt25,fixed,2021-10-28 10:06:00-04:00,-1.014136900000037,L,2021,True
EURUSD,d1roc_h4ma,fixed,2021-10-28 10:06:00-04:00,-1.014136900000037,L,2021,True
EURUSD,h4_ma_nocounter,trail,2021-10-28 10:06:00-04:00,-1.0141635000000204,L,2021,True
EURUSD,h4_ma_nocounter,fixed,2021-10-28 10:06:00-04:00,-1.014136900000037,L,2021,True
EURUSD,d1_adx_ge20,fixed,2021-10-28 10:06:00-04:00,-1.014136900000037,L,2021,True
EURUSD,none,trail,2021-10-28 10:06:00-04:00,-1.0141635000000204,L,2021,True
EURUSD,none,fixed,2021-10-28 10:06:00-04:00,-1.014136900000037,L,2021,True
EURUSD,d1_roc20,fixed,2021-10-28 10:06:00-04:00,-1.014136900000037,L,2021,True
AUDUSD,h4_ma_aligned,trail,2021-10-28 10:28:00-04:00,-0.6045190499999817,L,2021,True
AUDUSD,w1_dow_strict,fixed,2021-10-28 10:28:00-04:00,-1.0250041999999753,L,2021,True
AUDUSD,d1roc_h4ma,fixed,2021-10-28 10:28:00-04:00,-1.0250041999999753,L,2021,True
AUDUSD,h4_ma_aligned,fixed,2021-10-28 10:28:00-04:00,-1.0250041999999753,L,2021,True
AUDUSD,none,trail,2021-10-28 10:28:00-04:00,-0.6045190499999817,L,2021,True
AUDUSD,w1_dow_strict,trail,2021-10-28 10:28:00-04:00,-0.6045190499999817,L,2021,True
AUDUSD,d1_roc20,fixed,2021-10-28 10:28:00-04:00,-1.0250041999999753,L,2021,True
AUDUSD,w1_dow_nocounter,trail,2021-10-28 10:28:00-04:00,-0.6045190499999817,L,2021,True
AUDUSD,d1_adx_ge20,trail,2021-10-28 10:28:00-04:00,-0.6045190499999817,L,2021,True
AUDUSD,h4_ma_nocounter,fixed,2021-10-28 10:28:00-04:00,-1.0250041999999753,L,2021,True
AUDUSD,h4_ma_nocounter,trail,2021-10-28 10:28:00-04:00,-0.6045190499999817,L,2021,True
AUDUSD,d1_adx_ge20,fixed,2021-10-28 10:28:00-04:00,-1.0250041999999753,L,2021,True
AUDUSD,none,fixed,2021-10-28 10:28:00-04:00,-1.0250041999999753,L,2021,True
AUDUSD,w1_dow_nocounter,fixed,2021-10-28 10:28:00-04:00,-1.0250041999999753,L,2021,True
AUDUSD,d1roc_h4ma,trail,2021-10-28 10:28:00-04:00,-0.6045190499999817,L,2021,True
AUDUSD,d1_roc20,trail,2021-10-28 10:28:00-04:00,-0.6045190499999817,L,2021,True
USDJPY,d1_adx_ge20,fixed,2021-11-01 01:40:00-04:00,-1.0060650000000013,L,2021,True
USDJPY,none,fixed,2021-11-01 01:40:00-04:00,-1.0060650000000013,L,2021,True
USDJPY,w1_dow_nocounter,trail,2021-11-01 01:40:00-04:00,-0.9574300000000239,L,2021,True
USDJPY,d1roc_h4ma,trail,2021-11-01 01:40:00-04:00,-0.9574300000000239,L,2021,True
USDJPY,w1_dow_strict,fixed,2021-11-01 01:40:00-04:00,-1.0060650000000013,L,2021,True
USDJPY,d1roc_h4ma,fixed,2021-11-01 01:40:00-04:00,-1.0060650000000013,L,2021,True
USDJPY,w1_dow_nocounter,fixed,2021-11-01 01:40:00-04:00,-1.0060650000000013,L,2021,True
USDJPY,d1_roc20,trail,2021-11-01 01:40:00-04:00,-0.9574300000000239,L,2021,True
USDJPY,w1_dow_strict,trail,2021-11-01 01:40:00-04:00,-0.9574300000000239,L,2021,True
USDJPY,d1_roc20,fixed,2021-11-01 01:40:00-04:00,-1.0060650000000013,L,2021,True
USDJPY,none,trail,2021-11-01 01:40:00-04:00,-0.9574300000000239,L,2021,True
USDJPY,h4_ma_nocounter,trail,2021-11-01 01:40:00-04:00,-0.9574300000000239,L,2021,True
USDJPY,d1_adx_ge20,trail,2021-11-01 01:40:00-04:00,-0.9574300000000239,L,2021,True
USDJPY,h4_ma_nocounter,fixed,2021-11-01 01:40:00-04:00,-1.0060650000000013,L,2021,True
GBPUSD,d1_adx_lt25,fixed,2021-11-04 08:01:00-04:00,1.6371340499999962,S,2021,True
GBPUSD,w1_dow_nocounter,trail,2021-11-04 08:01:00-04:00,1.226332300000023,S,2021,True
GBPUSD,w1_dow_strict,trail,2021-11-04 08:01:00-04:00,1.226332300000023,S,2021,True
GBPUSD,w1_dow_nocounter,fixed,2021-11-04 08:01:00-04:00,1.6371340499999962,S,2021,True
GBPUSD,h4_ma_nocounter,trail,2021-11-04 08:01:00-04:00,1.226332300000023,S,2021,True
GBPUSD,w1_dow_strict,fixed,2021-11-04 08:01:00-04:00,1.6371340499999962,S,2021,True
GBPUSD,d1_adx_lt25,trail,2021-11-04 08:01:00-04:00,1.226332300000023,S,2021,True
GBPUSD,h4_ma_nocounter,fixed,2021-11-04 08:01:00-04:00,1.6371340499999962,S,2021,True
GBPUSD,none,trail,2021-11-04 08:01:00-04:00,1.226332300000023,S,2021,True
GBPUSD,none,fixed,2021-11-04 08:01:00-04:00,1.6371340499999962,S,2021,True
EURUSD,w1_dow_nocounter,trail,2021-11-04 11:25:00-04:00,-0.6776313500000097,S,2021,True
EURUSD,w1_dow_strict,trail,2021-11-04 11:25:00-04:00,-0.6776313500000097,S,2021,True
EURUSD,d1_adx_lt25,fixed,2021-11-04 11:25:00-04:00,-1.0156950000000167,S,2021,True
EURUSD,w1_dow_strict,fixed,2021-11-04 11:25:00-04:00,-1.0156950000000167,S,2021,True
EURUSD,d1_adx_lt25,trail,2021-11-04 11:25:00-04:00,-0.6776313500000097,S,2021,True
EURUSD,h4_ma_nocounter,trail,2021-11-04 11:25:00-04:00,-0.6776313500000097,S,2021,True
EURUSD,h4_ma_nocounter,fixed,2021-11-04 11:25:00-04:00,-1.0156950000000167,S,2021,True
EURUSD,none,fixed,2021-11-04 11:25:00-04:00,-1.0156950000000167,S,2021,True
EURUSD,w1_dow_nocounter,fixed,2021-11-04 11:25:00-04:00,-1.0156950000000167,S,2021,True
EURUSD,none,trail,2021-11-04 11:25:00-04:00,-0.6776313500000097,S,2021,True
USDJPY,h4_ma_aligned,fixed,2021-11-08 09:01:00-05:00,-1.007205000000025,S,2021,True
USDJPY,h4_ma_nocounter,fixed,2021-11-08 09:01:00-05:00,-1.007205000000025,S,2021,True
USDJPY,h4_ma_aligned,trail,2021-11-08 09:01:00-05:00,0.8091550000000054,S,2021,True
USDJPY,d1_adx_ge20,trail,2021-11-08 09:01:00-05:00,0.8091550000000054,S,2021,True
USDJPY,d1_adx_ge20,fixed,2021-11-08 09:01:00-05:00,-1.007205000000025,S,2021,True
USDJPY,h4_ma_nocounter,trail,2021-11-08 09:01:00-05:00,0.8091550000000054,S,2021,True
USDJPY,none,trail,2021-11-08 09:01:00-05:00,0.8091550000000054,S,2021,True
USDJPY,none,fixed,2021-11-08 09:01:00-05:00,-1.007205000000025,S,2021,True
EURUSD,none,trail,2021-11-10 10:49:00-05:00,1.5536624499999676,S,2021,True
EURUSD,h4_ma_nocounter,trail,2021-11-10 10:49:00-05:00,1.5536624499999676,S,2021,True
EURUSD,w1_dow_nocounter,fixed,2021-11-10 10:49:00-05:00,1.6553131499999625,S,2021,True
EURUSD,none,fixed,2021-11-10 10:49:00-05:00,1.6553131499999625,S,2021,True
EURUSD,h4_ma_nocounter,fixed,2021-11-10 10:49:00-05:00,1.6553131499999625,S,2021,True
EURUSD,d1_adx_lt25,fixed,2021-11-10 10:49:00-05:00,1.6553131499999625,S,2021,True
EURUSD,h4_ma_aligned,trail,2021-11-10 10:49:00-05:00,1.5536624499999676,S,2021,True
EURUSD,d1_adx_lt25,trail,2021-11-10 10:49:00-05:00,1.5536624499999676,S,2021,True
EURUSD,w1_dow_strict,trail,2021-11-10 10:49:00-05:00,1.5536624499999676,S,2021,True
EURUSD,w1_dow_strict,fixed,2021-11-10 10:49:00-05:00,1.6553131499999625,S,2021,True
EURUSD,h4_ma_aligned,fixed,2021-11-10 10:49:00-05:00,1.6553131499999625,S,2021,True
EURUSD,w1_dow_nocounter,trail,2021-11-10 10:49:00-05:00,1.5536624499999676,S,2021,True
USDCHF,none,fixed,2021-11-10 13:04:00-05:00,1.613851299999994,L,2021,True
USDCHF,d1_adx_lt25,trail,2021-11-10 13:04:00-05:00,0.8566041500000064,L,2021,True
USDCHF,h4_ma_nocounter,fixed,2021-11-10 13:04:00-05:00,1.613851299999994,L,2021,True
USDCHF,d1_adx_lt25,fixed,2021-11-10 13:04:00-05:00,1.613851299999994,L,2021,True
USDCHF,none,trail,2021-11-10 13:04:00-05:00,0.8566041500000064,L,2021,True
USDCHF,h4_ma_nocounter,trail,2021-11-10 13:04:00-05:00,0.8566041500000064,L,2021,True
USDCHF,w1_dow_strict,trail,2021-11-10 13:04:00-05:00,0.8566041500000064,L,2021,True
USDCHF,w1_dow_nocounter,trail,2021-11-10 13:04:00-05:00,0.8566041500000064,L,2021,True
USDCHF,w1_dow_nocounter,fixed,2021-11-10 13:04:00-05:00,1.613851299999994,L,2021,True
USDCHF,w1_dow_strict,fixed,2021-11-10 13:04:00-05:00,1.613851299999994,L,2021,True
GBPUSD,d1_roc20,fixed,2021-11-10 13:07:00-05:00,-1.0214938000000144,S,2021,True
GBPUSD,none,fixed,2021-11-10 13:07:00-05:00,-1.0214938000000144,S,2021,True
GBPUSD,w1_dow_nocounter,trail,2021-11-10 13:07:00-05:00,0.18103509999997772,S,2021,True
GBPUSD,h4_ma_aligned,fixed,2021-11-10 13:07:00-05:00,-1.0214938000000144,S,2021,True
GBPUSD,d1_adx_lt25,fixed,2021-11-10 13:07:00-05:00,-1.0214938000000144,S,2021,True
GBPUSD,h4_ma_nocounter,trail,2021-11-10 13:07:00-05:00,0.18103509999997772,S,2021,True
GBPUSD,w1_dow_nocounter,fixed,2021-11-10 13:07:00-05:00,-1.0214938000000144,S,2021,True
GBPUSD,d1roc_h4ma,trail,2021-11-10 13:07:00-05:00,0.18103509999997772,S,2021,True
GBPUSD,h4_ma_nocounter,fixed,2021-11-10 13:07:00-05:00,-1.0214938000000144,S,2021,True
GBPUSD,none,trail,2021-11-10 13:07:00-05:00,0.18103509999997772,S,2021,True
GBPUSD,d1_adx_lt25,trail,2021-11-10 13:07:00-05:00,0.18103509999997772,S,2021,True
GBPUSD,h4_ma_aligned,trail,2021-11-10 13:07:00-05:00,0.18103509999997772,S,2021,True
GBPUSD,d1roc_h4ma,fixed,2021-11-10 13:07:00-05:00,-1.0214938000000144,S,2021,True
GBPUSD,d1_roc20,trail,2021-11-10 13:07:00-05:00,0.18103509999997772,S,2021,True
GBPUSD,w1_dow_strict,fixed,2021-11-10 13:07:00-05:00,-1.0214938000000144,S,2021,True
GBPUSD,w1_dow_strict,trail,2021-11-10 13:07:00-05:00,0.18103509999997772,S,2021,True
USDJPY,w1_dow_strict,trail,2021-11-16 09:01:00-05:00,-1.009319999999992,L,2021,True
USDJPY,w1_dow_nocounter,fixed,2021-11-16 09:01:00-05:00,1.656285000000002,L,2021,True
USDJPY,w1_dow_strict,fixed,2021-11-16 09:01:00-05:00,1.656285000000002,L,2021,True
USDJPY,none,trail,2021-11-16 09:01:00-05:00,-1.009319999999992,L,2021,True
USDJPY,d1_adx_ge20,fixed,2021-11-16 09:01:00-05:00,1.656285000000002,L,2021,True
USDJPY,w1_dow_nocounter,trail,2021-11-16 09:01:00-05:00,-1.009319999999992,L,2021,True
USDJPY,h4_ma_nocounter,trail,2021-11-16 09:01:00-05:00,-1.009319999999992,L,2021,True
USDJPY,none,fixed,2021-11-16 09:01:00-05:00,1.656285000000002,L,2021,True
USDJPY,h4_ma_nocounter,fixed,2021-11-16 09:01:00-05:00,1.656285000000002,L,2021,True
USDJPY,d1_adx_ge20,trail,2021-11-16 09:01:00-05:00,-1.009319999999992,L,2021,True
AUDUSD,h4_ma_aligned,fixed,2021-11-22 14:18:00-05:00,1.640098650000006,S,2021,True
AUDUSD,d1_adx_ge20,trail,2021-11-22 14:18:00-05:00,0.9164057500000099,S,2021,True
AUDUSD,none,fixed,2021-11-22 14:18:00-05:00,1.640098650000006,S,2021,True
AUDUSD,h4_ma_aligned,trail,2021-11-22 14:18:00-05:00,0.9164057500000099,S,2021,True
AUDUSD,d1roc_h4ma,trail,2021-11-22 14:18:00-05:00,0.9164057500000099,S,2021,True
AUDUSD,d1_roc20,trail,2021-11-22 14:18:00-05:00,0.9164057500000099,S,2021,True
AUDUSD,d1roc_h4ma,fixed,2021-11-22 14:18:00-05:00,1.640098650000006,S,2021,True
AUDUSD,h4_ma_nocounter,fixed,2021-11-22 14:18:00-05:00,1.640098650000006,S,2021,True
AUDUSD,d1_adx_ge20,fixed,2021-11-22 14:18:00-05:00,1.640098650000006,S,2021,True
AUDUSD,h4_ma_nocounter,trail,2021-11-22 14:18:00-05:00,0.9164057500000099,S,2021,True
AUDUSD,d1_roc20,fixed,2021-11-22 14:18:00-05:00,1.640098650000006,S,2021,True
AUDUSD,none,trail,2021-11-22 14:18:00-05:00,0.9164057500000099,S,2021,True
USDCHF,d1_roc20,fixed,2021-11-22 14:55:00-05:00,-1.0535298500000205,L,2021,True
USDCHF,none,trail,2021-11-22 14:55:00-05:00,0.053283599999988225,L,2021,True
USDCHF,none,fixed,2021-11-22 14:55:00-05:00,-1.0535298500000205,L,2021,True
USDCHF,d1_adx_lt25,trail,2021-11-22 14:55:00-05:00,0.053283599999988225,L,2021,True
USDCHF,w1_dow_strict,fixed,2021-11-22 14:55:00-05:00,-1.0535298500000205,L,2021,True
USDCHF,w1_dow_nocounter,fixed,2021-11-22 14:55:00-05:00,-1.0535298500000205,L,2021,True
USDCHF,w1_dow_strict,trail,2021-11-22 14:55:00-05:00,0.053283599999988225,L,2021,True
USDCHF,h4_ma_nocounter,fixed,2021-11-22 14:55:00-05:00,-1.0535298500000205,L,2021,True
USDCHF,d1roc_h4ma,fixed,2021-11-22 14:55:00-05:00,-1.0535298500000205,L,2021,True
USDCHF,d1_adx_ge20,fixed,2021-11-22 14:55:00-05:00,-1.0535298500000205,L,2021,True
USDCHF,h4_ma_nocounter,trail,2021-11-22 14:55:00-05:00,0.053283599999988225,L,2021,True
USDCHF,h4_ma_aligned,trail,2021-11-22 14:55:00-05:00,0.053283599999988225,L,2021,True
USDCHF,d1roc_h4ma,trail,2021-11-22 14:55:00-05:00,0.053283599999988225,L,2021,True
USDCHF,d1_roc20,trail,2021-11-22 14:55:00-05:00,0.053283599999988225,L,2021,True
USDCHF,d1_adx_ge20,trail,2021-11-22 14:55:00-05:00,0.053283599999988225,L,2021,True
USDCHF,d1_adx_lt25,fixed,2021-11-22 14:55:00-05:00,-1.0535298500000205,L,2021,True
USDCHF,h4_ma_aligned,fixed,2021-11-22 14:55:00-05:00,-1.0535298500000205,L,2021,True
USDCHF,w1_dow_nocounter,trail,2021-11-22 14:55:00-05:00,0.053283599999988225,L,2021,True
USDJPY,w1_dow_nocounter,trail,2021-11-22 21:14:00-05:00,-0.5743800000000099,L,2021,True
USDJPY,h4_ma_nocounter,trail,2021-11-22 21:14:00-05:00,-0.5743800000000099,L,2021,True
USDJPY,d1_adx_ge20,fixed,2021-11-22 21:14:00-05:00,-1.0057500000000028,L,2021,True
USDJPY,h4_ma_aligned,trail,2021-11-22 21:14:00-05:00,-0.5743800000000099,L,2021,True
USDJPY,h4_ma_nocounter,fixed,2021-11-22 21:14:00-05:00,-1.0057500000000028,L,2021,True
USDJPY,d1roc_h4ma,fixed,2021-11-22 21:14:00-05:00,-1.0057500000000028,L,2021,True
USDJPY,w1_dow_nocounter,fixed,2021-11-22 21:14:00-05:00,-1.0057500000000028,L,2021,True
USDJPY,h4_ma_aligned,fixed,2021-11-22 21:14:00-05:00,-1.0057500000000028,L,2021,True
USDJPY,w1_dow_strict,fixed,2021-11-22 21:14:00-05:00,-1.0057500000000028,L,2021,True
USDJPY,none,trail,2021-11-22 21:14:00-05:00,-0.5743800000000099,L,2021,True
USDJPY,d1roc_h4ma,trail,2021-11-22 21:14:00-05:00,-0.5743800000000099,L,2021,True
USDJPY,d1_roc20,fixed,2021-11-22 21:14:00-05:00,-1.0057500000000028,L,2021,True
USDJPY,w1_dow_strict,trail,2021-11-22 21:14:00-05:00,-0.5743800000000099,L,2021,True
USDJPY,d1_roc20,trail,2021-11-22 21:14:00-05:00,-0.5743800000000099,L,2021,True
USDJPY,d1_adx_ge20,trail,2021-11-22 21:14:00-05:00,-0.5743800000000099,L,2021,True
USDJPY,none,fixed,2021-11-22 21:14:00-05:00,-1.0057500000000028,L,2021,True
GBPUSD,d1_adx_ge20,fixed,2021-11-23 07:16:00-05:00,1.635455150000019,S,2021,True
GBPUSD,none,fixed,2021-11-23 07:16:00-05:00,1.635455150000019,S,2021,True
GBPUSD,w1_dow_nocounter,fixed,2021-11-23 07:16:00-05:00,1.635455150000019,S,2021,True
GBPUSD,h4_ma_nocounter,trail,2021-11-23 07:16:00-05:00,-0.8235697499999685,S,2021,True
GBPUSD,d1roc_h4ma,trail,2021-11-23 07:16:00-05:00,-0.8235697499999685,S,2021,True
GBPUSD,w1_dow_nocounter,trail,2021-11-23 07:16:00-05:00,-0.8235697499999685,S,2021,True
GBPUSD,w1_dow_strict,trail,2021-11-23 07:16:00-05:00,-0.8235697499999685,S,2021,True
GBPUSD,d1_adx_ge20,trail,2021-11-23 07:16:00-05:00,-0.8235697499999685,S,2021,True
GBPUSD,d1_roc20,trail,2021-11-23 07:16:00-05:00,-0.8235697499999685,S,2021,True
GBPUSD,h4_ma_nocounter,fixed,2021-11-23 07:16:00-05:00,1.635455150000019,S,2021,True
GBPUSD,d1_adx_lt25,fixed,2021-11-23 07:16:00-05:00,1.635455150000019,S,2021,True
GBPUSD,none,trail,2021-11-23 07:16:00-05:00,-0.8235697499999685,S,2021,True
GBPUSD,w1_dow_strict,fixed,2021-11-23 07:16:00-05:00,1.635455150000019,S,2021,True
GBPUSD,d1_adx_lt25,trail,2021-11-23 07:16:00-05:00,-0.8235697499999685,S,2021,True
GBPUSD,d1roc_h4ma,fixed,2021-11-23 07:16:00-05:00,1.635455150000019,S,2021,True
GBPUSD,d1_roc20,fixed,2021-11-23 07:16:00-05:00,1.635455150000019,S,2021,True
USDJPY,none,fixed,2021-11-26 09:47:00-05:00,1.658760000000008,S,2021,True
USDJPY,d1_adx_ge20,trail,2021-11-26 09:47:00-05:00,-0.5645099999999936,S,2021,True
USDJPY,none,trail,2021-11-26 09:47:00-05:00,-0.5645099999999936,S,2021,True
USDJPY,d1_adx_ge20,fixed,2021-11-26 09:47:00-05:00,1.658760000000008,S,2021,True
GBPUSD,d1_roc20,fixed,2021-12-08 06:17:00-05:00,-1.029946399999983,S,2021,True
GBPUSD,h4_ma_nocounter,trail,2021-12-08 06:17:00-05:00,-1.029946399999983,S,2021,True
GBPUSD,d1roc_h4ma,trail,2021-12-08 06:17:00-05:00,-1.029946399999983,S,2021,True
GBPUSD,w1_dow_nocounter,fixed,2021-12-08 06:17:00-05:00,-1.029946399999983,S,2021,True
GBPUSD,d1roc_h4ma,fixed,2021-12-08 06:17:00-05:00,-1.029946399999983,S,2021,True
GBPUSD,w1_dow_strict,trail,2021-12-08 06:17:00-05:00,-1.029946399999983,S,2021,True
GBPUSD,none,trail,2021-12-08 06:17:00-05:00,-1.029946399999983,S,2021,True
GBPUSD,h4_ma_aligned,trail,2021-12-08 06:17:00-05:00,-1.029946399999983,S,2021,True
GBPUSD,none,fixed,2021-12-08 06:17:00-05:00,-1.029946399999983,S,2021,True
GBPUSD,w1_dow_nocounter,trail,2021-12-08 06:17:00-05:00,-1.029946399999983,S,2021,True
GBPUSD,h4_ma_nocounter,fixed,2021-12-08 06:17:00-05:00,-1.029946399999983,S,2021,True
GBPUSD,d1_adx_ge20,trail,2021-12-08 06:17:00-05:00,-1.029946399999983,S,2021,True
GBPUSD,h4_ma_aligned,fixed,2021-12-08 06:17:00-05:00,-1.029946399999983,S,2021,True
GBPUSD,w1_dow_strict,fixed,2021-12-08 06:17:00-05:00,-1.029946399999983,S,2021,True
GBPUSD,d1_adx_ge20,fixed,2021-12-08 06:17:00-05:00,-1.029946399999983,S,2021,True
GBPUSD,d1_roc20,trail,2021-12-08 06:17:00-05:00,-1.029946399999983,S,2021,True
AUDUSD,d1_adx_ge20,fixed,2021-12-08 12:11:00-05:00,-1.0243816000000068,L,2021,True
AUDUSD,none,fixed,2021-12-08 12:11:00-05:00,-1.0243816000000068,L,2021,True
AUDUSD,w1_dow_nocounter,trail,2021-12-08 12:11:00-05:00,-0.42290965000000297,L,2021,True
AUDUSD,d1_adx_ge20,trail,2021-12-08 12:11:00-05:00,-0.42290965000000297,L,2021,True
AUDUSD,w1_dow_nocounter,fixed,2021-12-08 12:11:00-05:00,-1.0243816000000068,L,2021,True
AUDUSD,none,trail,2021-12-08 12:11:00-05:00,-0.42290965000000297,L,2021,True
USDJPY,w1_dow_strict,trail,2021-12-15 13:10:00-05:00,-1.0103150000000023,L,2021,True
USDJPY,none,trail,2021-12-15 13:10:00-05:00,-1.0103150000000023,L,2021,True
USDJPY,d1_adx_lt25,fixed,2021-12-15 13:10:00-05:00,-1.0103150000000023,L,2021,True
USDJPY,none,fixed,2021-12-15 13:10:00-05:00,-1.0103150000000023,L,2021,True
USDJPY,h4_ma_nocounter,fixed,2021-12-15 13:10:00-05:00,-1.0103150000000023,L,2021,True
USDJPY,d1_adx_lt25,trail,2021-12-15 13:10:00-05:00,-1.0103150000000023,L,2021,True
USDJPY,w1_dow_nocounter,trail,2021-12-15 13:10:00-05:00,-1.0103150000000023,L,2021,True
USDJPY,w1_dow_nocounter,fixed,2021-12-15 13:10:00-05:00,-1.0103150000000023,L,2021,True
USDJPY,w1_dow_strict,fixed,2021-12-15 13:10:00-05:00,-1.0103150000000023,L,2021,True
USDJPY,h4_ma_nocounter,trail,2021-12-15 13:10:00-05:00,-1.0103150000000023,L,2021,True
USDCHF,w1_dow_nocounter,fixed,2021-12-15 14:00:00-05:00,-1.0677465499999805,L,2021,True
USDCHF,d1_adx_lt25,trail,2021-12-15 14:00:00-05:00,-1.0677465499999805,L,2021,True
USDCHF,w1_dow_nocounter,trail,2021-12-15 14:00:00-05:00,-1.0677465499999805,L,2021,True
USDCHF,none,fixed,2021-12-15 14:00:00-05:00,-1.0677465499999805,L,2021,True
USDCHF,w1_dow_strict,fixed,2021-12-15 14:00:00-05:00,-1.0677465499999805,L,2021,True
USDCHF,w1_dow_strict,trail,2021-12-15 14:00:00-05:00,-1.0677465499999805,L,2021,True
USDCHF,d1_adx_lt25,fixed,2021-12-15 14:00:00-05:00,-1.0677465499999805,L,2021,True
USDCHF,none,trail,2021-12-15 14:00:00-05:00,-1.0677465499999805,L,2021,True
EURUSD,d1_roc20,trail,2021-12-15 14:01:00-05:00,-1.0156398999999936,S,2021,True
EURUSD,d1_adx_lt25,trail,2021-12-15 14:01:00-05:00,-1.0156398999999936,S,2021,True
EURUSD,w1_dow_nocounter,trail,2021-12-15 14:01:00-05:00,-1.0156398999999936,S,2021,True
EURUSD,none,trail,2021-12-15 14:01:00-05:00,-1.0156398999999936,S,2021,True
EURUSD,h4_ma_nocounter,fixed,2021-12-15 14:01:00-05:00,-1.0156398999999936,S,2021,True
EURUSD,d1roc_h4ma,fixed,2021-12-15 14:01:00-05:00,-1.0156398999999936,S,2021,True
EURUSD,w1_dow_strict,fixed,2021-12-15 14:01:00-05:00,-1.0156398999999936,S,2021,True
EURUSD,d1_adx_ge20,trail,2021-12-15 14:01:00-05:00,-1.0156398999999936,S,2021,True
EURUSD,d1roc_h4ma,trail,2021-12-15 14:01:00-05:00,-1.0156398999999936,S,2021,True
EURUSD,h4_ma_nocounter,trail,2021-12-15 14:01:00-05:00,-1.0156398999999936,S,2021,True
EURUSD,w1_dow_nocounter,fixed,2021-12-15 14:01:00-05:00,-1.0156398999999936,S,2021,True
EURUSD,none,fixed,2021-12-15 14:01:00-05:00,-1.0156398999999936,S,2021,True
EURUSD,d1_adx_ge20,fixed,2021-12-15 14:01:00-05:00,-1.0156398999999936,S,2021,True
EURUSD,d1_roc20,fixed,2021-12-15 14:01:00-05:00,-1.0156398999999936,S,2021,True
EURUSD,d1_adx_lt25,fixed,2021-12-15 14:01:00-05:00,-1.0156398999999936,S,2021,True
EURUSD,w1_dow_strict,trail,2021-12-15 14:01:00-05:00,-1.0156398999999936,S,2021,True
AUDUSD,w1_dow_nocounter,trail,2021-12-16 03:36:00-05:00,-0.479661700000017,L,2021,True
AUDUSD,none,fixed,2021-12-16 03:36:00-05:00,-1.0216714000000144,L,2021,True
AUDUSD,d1_adx_ge20,fixed,2021-12-16 03:36:00-05:00,-1.0216714000000144,L,2021,True
AUDUSD,h4_ma_nocounter,trail,2021-12-16 03:36:00-05:00,-0.479661700000017,L,2021,True
AUDUSD,w1_dow_nocounter,fixed,2021-12-16 03:36:00-05:00,-1.0216714000000144,L,2021,True
AUDUSD,h4_ma_nocounter,fixed,2021-12-16 03:36:00-05:00,-1.0216714000000144,L,2021,True
AUDUSD,none,trail,2021-12-16 03:36:00-05:00,-0.479661700000017,L,2021,True
AUDUSD,d1_adx_ge20,trail,2021-12-16 03:36:00-05:00,-0.479661700000017,L,2021,True
GBPUSD,d1_adx_ge20,fixed,2021-12-16 08:23:00-05:00,-1.0252607499999964,L,2021,True
GBPUSD,d1_adx_ge20,trail,2021-12-16 08:23:00-05:00,-1.0253017999999843,L,2021,True
GBPUSD,none,fixed,2021-12-16 08:23:00-05:00,-1.0252607499999964,L,2021,True
GBPUSD,h4_ma_nocounter,fixed,2021-12-16 08:23:00-05:00,-1.0252607499999964,L,2021,True
GBPUSD,none,trail,2021-12-16 08:23:00-05:00,-1.0253017999999843,L,2021,True
GBPUSD,h4_ma_nocounter,trail,2021-12-16 08:23:00-05:00,-1.0253017999999843,L,2021,True
EURUSD,none,trail,2021-12-16 08:57:00-05:00,-1.0136402000000304,L,2021,True
EURUSD,d1_adx_lt25,trail,2021-12-16 08:57:00-05:00,-1.0136402000000304,L,2021,True
EURUSD,none,fixed,2021-12-16 08:57:00-05:00,-1.0136848000000138,L,2021,True
EURUSD,d1_adx_ge20,trail,2021-12-16 08:57:00-05:00,-1.0136402000000304,L,2021,True
EURUSD,d1_adx_lt25,fixed,2021-12-16 08:57:00-05:00,-1.0136848000000138,L,2021,True
EURUSD,h4_ma_nocounter,trail,2021-12-16 08:57:00-05:00,-1.0136402000000304,L,2021,True
EURUSD,d1_adx_ge20,fixed,2021-12-16 08:57:00-05:00,-1.0136848000000138,L,2021,True
EURUSD,h4_ma_nocounter,fixed,2021-12-16 08:57:00-05:00,-1.0136848000000138,L,2021,True
USDJPY,h4_ma_nocounter,fixed,2021-12-17 07:52:00-05:00,-1.0084549999999954,S,2021,True
USDJPY,d1_roc20,trail,2021-12-17 07:52:00-05:00,-1.0084549999999954,S,2021,True
USDJPY,d1_roc20,fixed,2021-12-17 07:52:00-05:00,-1.0084549999999954,S,2021,True
USDJPY,h4_ma_nocounter,trail,2021-12-17 07:52:00-05:00,-1.0084549999999954,S,2021,True
USDJPY,d1_adx_lt25,fixed,2021-12-17 07:52:00-05:00,-1.0084549999999954,S,2021,True
USDJPY,none,trail,2021-12-17 07:52:00-05:00,-1.0084549999999954,S,2021,True
USDJPY,d1roc_h4ma,trail,2021-12-17 07:52:00-05:00,-1.0084549999999954,S,2021,True
USDJPY,none,fixed,2021-12-17 07:52:00-05:00,-1.0084549999999954,S,2021,True
USDJPY,d1roc_h4ma,fixed,2021-12-17 07:52:00-05:00,-1.0084549999999954,S,2021,True
USDJPY,d1_adx_lt25,trail,2021-12-17 07:52:00-05:00,-1.0084549999999954,S,2021,True
AUDUSD,none,trail,2021-12-20 02:09:00-05:00,-0.9928761999999781,S,2021,True
AUDUSD,d1_roc20,trail,2021-12-20 02:09:00-05:00,-0.9928761999999781,S,2021,True
AUDUSD,d1_adx_ge20,fixed,2021-12-20 02:09:00-05:00,-1.0234901999999806,S,2021,True
AUDUSD,w1_dow_nocounter,fixed,2021-12-20 02:09:00-05:00,-1.0234901999999806,S,2021,True
AUDUSD,d1_adx_ge20,trail,2021-12-20 02:09:00-05:00,-0.9928761999999781,S,2021,True
AUDUSD,d1_roc20,fixed,2021-12-20 02:09:00-05:00,-1.0234901999999806,S,2021,True
AUDUSD,w1_dow_nocounter,trail,2021-12-20 02:09:00-05:00,-0.9928761999999781,S,2021,True
AUDUSD,none,fixed,2021-12-20 02:09:00-05:00,-1.0234901999999806,S,2021,True
USDJPY,w1_dow_nocounter,fixed,2021-12-22 03:25:00-05:00,1.6589800000000183,L,2021,True
USDJPY,d1_adx_lt25,fixed,2021-12-22 03:25:00-05:00,1.6589800000000183,L,2021,True
USDJPY,none,trail,2021-12-22 03:25:00-05:00,-0.4567449999999871,L,2021,True
USDJPY,h4_ma_aligned,trail,2021-12-22 03:25:00-05:00,-0.4567449999999871,L,2021,True
USDJPY,h4_ma_aligned,fixed,2021-12-22 03:25:00-05:00,1.6589800000000183,L,2021,True
USDJPY,none,fixed,2021-12-22 03:25:00-05:00,1.6589800000000183,L,2021,True
USDJPY,w1_dow_strict,trail,2021-12-22 03:25:00-05:00,-0.4567449999999871,L,2021,True
USDJPY,h4_ma_nocounter,trail,2021-12-22 03:25:00-05:00,-0.4567449999999871,L,2021,True
USDJPY,w1_dow_strict,fixed,2021-12-22 03:25:00-05:00,1.6589800000000183,L,2021,True
USDJPY,h4_ma_nocounter,fixed,2021-12-22 03:25:00-05:00,1.6589800000000183,L,2021,True
USDJPY,w1_dow_nocounter,trail,2021-12-22 03:25:00-05:00,-0.4567449999999871,L,2021,True
USDJPY,d1_adx_lt25,trail,2021-12-22 03:25:00-05:00,-0.4567449999999871,L,2021,True
AUDUSD,h4_ma_nocounter,fixed,2021-12-23 02:30:00-05:00,-1.026825900000011,L,2021,True
AUDUSD,none,fixed,2021-12-23 02:30:00-05:00,-1.026825900000011,L,2021,True
AUDUSD,none,trail,2021-12-23 02:30:00-05:00,0.070799100000002,L,2021,True
AUDUSD,w1_dow_nocounter,trail,2021-12-23 02:30:00-05:00,0.070799100000002,L,2021,True
AUDUSD,h4_ma_aligned,fixed,2021-12-23 02:30:00-05:00,-1.026825900000011,L,2021,True
AUDUSD,d1roc_h4ma,fixed,2021-12-23 02:30:00-05:00,-1.026825900000011,L,2021,True
AUDUSD,w1_dow_nocounter,fixed,2021-12-23 02:30:00-05:00,-1.026825900000011,L,2021,True
AUDUSD,h4_ma_aligned,trail,2021-12-23 02:30:00-05:00,0.070799100000002,L,2021,True
AUDUSD,d1_adx_ge20,trail,2021-12-23 02:30:00-05:00,0.070799100000002,L,2021,True
AUDUSD,d1_roc20,trail,2021-12-23 02:30:00-05:00,0.070799100000002,L,2021,True
AUDUSD,d1_adx_ge20,fixed,2021-12-23 02:30:00-05:00,-1.026825900000011,L,2021,True
AUDUSD,d1roc_h4ma,trail,2021-12-23 02:30:00-05:00,0.070799100000002,L,2021,True
AUDUSD,d1_roc20,fixed,2021-12-23 02:30:00-05:00,-1.026825900000011,L,2021,True
AUDUSD,h4_ma_nocounter,trail,2021-12-23 02:30:00-05:00,0.070799100000002,L,2021,True
GBPUSD,d1_adx_ge20,trail,2021-12-23 03:16:00-05:00,0.33395965000002303,L,2021,True
GBPUSD,none,trail,2021-12-23 03:16:00-05:00,0.33395965000002303,L,2021,True
GBPUSD,h4_ma_nocounter,trail,2021-12-23 03:16:00-05:00,0.33395965000002303,L,2021,True
GBPUSD,none,fixed,2021-12-23 03:16:00-05:00,1.633891650000028,L,2021,True
GBPUSD,d1_roc20,fixed,2021-12-23 03:16:00-05:00,1.633891650000028,L,2021,True
GBPUSD,d1roc_h4ma,fixed,2021-12-23 03:16:00-05:00,1.633891650000028,L,2021,True
GBPUSD,d1_adx_ge20,fixed,2021-12-23 03:16:00-05:00,1.633891650000028,L,2021,True
GBPUSD,h4_ma_nocounter,fixed,2021-12-23 03:16:00-05:00,1.633891650000028,L,2021,True
GBPUSD,d1roc_h4ma,trail,2021-12-23 03:16:00-05:00,0.33395965000002303,L,2021,True
GBPUSD,d1_roc20,trail,2021-12-23 03:16:00-05:00,0.33395965000002303,L,2021,True
USDCHF,none,trail,2021-12-23 19:55:00-05:00,-0.7832020000000027,S,2021,True
USDCHF,d1roc_h4ma,trail,2021-12-23 19:55:00-05:00,-0.7832020000000027,S,2021,True
USDCHF,d1_adx_lt25,fixed,2021-12-23 19:55:00-05:00,1.6059284999999877,S,2021,True
USDCHF,d1roc_h4ma,fixed,2021-12-23 19:55:00-05:00,1.6059284999999877,S,2021,True
USDCHF,h4_ma_nocounter,trail,2021-12-23 19:55:00-05:00,-0.7832020000000027,S,2021,True
USDCHF,h4_ma_nocounter,fixed,2021-12-23 19:55:00-05:00,1.6059284999999877,S,2021,True
USDCHF,d1_roc20,fixed,2021-12-23 19:55:00-05:00,1.6059284999999877,S,2021,True
USDCHF,h4_ma_aligned,fixed,2021-12-23 19:55:00-05:00,1.6059284999999877,S,2021,True
USDCHF,none,fixed,2021-12-23 19:55:00-05:00,1.6059284999999877,S,2021,True
USDCHF,h4_ma_aligned,trail,2021-12-23 19:55:00-05:00,-0.7832020000000027,S,2021,True
USDCHF,d1_adx_lt25,trail,2021-12-23 19:55:00-05:00,-0.7832020000000027,S,2021,True
USDCHF,d1_roc20,trail,2021-12-23 19:55:00-05:00,-0.7832020000000027,S,2021,True
EURUSD,d1_adx_lt25,fixed,2021-12-29 09:48:00-05:00,-1.0164270499999846,L,2021,True
EURUSD,h4_ma_aligned,fixed,2021-12-29 09:48:00-05:00,-1.0164270499999846,L,2021,True
EURUSD,h4_ma_aligned,trail,2021-12-29 09:48:00-05:00,-1.0164270499999846,L,2021,True
EURUSD,h4_ma_nocounter,fixed,2021-12-29 09:48:00-05:00,-1.0164270499999846,L,2021,True
EURUSD,h4_ma_nocounter,trail,2021-12-29 09:48:00-05:00,-1.0164270499999846,L,2021,True
EURUSD,none,fixed,2021-12-29 09:48:00-05:00,-1.0164270499999846,L,2021,True
EURUSD,d1_adx_lt25,trail,2021-12-29 09:48:00-05:00,-1.0164270499999846,L,2021,True
EURUSD,none,trail,2021-12-29 09:48:00-05:00,-1.0164270499999846,L,2021,True
EURUSD,none,trail,2022-01-04 07:24:00-05:00,-0.8800210000000277,S,2022,True
EURUSD,w1_dow_nocounter,trail,2022-01-04 07:24:00-05:00,-0.8800210000000277,S,2022,True
EURUSD,w1_dow_strict,fixed,2022-01-04 07:24:00-05:00,-1.013500900000024,S,2022,True
EURUSD,w1_dow_nocounter,fixed,2022-01-04 07:24:00-05:00,-1.013500900000024,S,2022,True
EURUSD,none,fixed,2022-01-04 07:24:00-05:00,-1.013500900000024,S,2022,True
EURUSD,d1_adx_lt25,fixed,2022-01-04 07:24:00-05:00,-1.013500900000024,S,2022,True
EURUSD,d1_adx_lt25,trail,2022-01-04 07:24:00-05:00,-0.8800210000000277,S,2022,True
EURUSD,w1_dow_strict,trail,2022-01-04 07:24:00-05:00,-0.8800210000000277,S,2022,True
USDCHF,d1_adx_lt25,trail,2022-01-10 08:59:00-05:00,-0.47101564999999285,L,2022,True
USDCHF,h4_ma_nocounter,fixed,2022-01-10 08:59:00-05:00,-1.0669105500000093,L,2022,True
USDCHF,w1_dow_strict,trail,2022-01-10 08:59:00-05:00,-0.47101564999999285,L,2022,True
USDCHF,w1_dow_nocounter,trail,2022-01-10 08:59:00-05:00,-0.47101564999999285,L,2022,True
USDCHF,d1_adx_lt25,fixed,2022-01-10 08:59:00-05:00,-1.0669105500000093,L,2022,True
USDCHF,w1_dow_nocounter,fixed,2022-01-10 08:59:00-05:00,-1.0669105500000093,L,2022,True
USDCHF,none,trail,2022-01-10 08:59:00-05:00,-0.47101564999999285,L,2022,True
USDCHF,h4_ma_nocounter,trail,2022-01-10 08:59:00-05:00,-0.47101564999999285,L,2022,True
USDCHF,none,fixed,2022-01-10 08:59:00-05:00,-1.0669105500000093,L,2022,True
USDCHF,w1_dow_strict,fixed,2022-01-10 08:59:00-05:00,-1.0669105500000093,L,2022,True
EURUSD,d1_adx_lt25,fixed,2022-01-12 08:35:00-05:00,1.6506390499999801,L,2022,True
EURUSD,h4_ma_nocounter,trail,2022-01-12 08:35:00-05:00,1.7774795999999595,L,2022,True
EURUSD,none,fixed,2022-01-12 08:35:00-05:00,1.6506390499999801,L,2022,True
EURUSD,d1roc_h4ma,trail,2022-01-12 08:35:00-05:00,1.7774795999999595,L,2022,True
EURUSD,d1_adx_lt25,trail,2022-01-12 08:35:00-05:00,1.7774795999999595,L,2022,True
EURUSD,h4_ma_nocounter,fixed,2022-01-12 08:35:00-05:00,1.6506390499999801,L,2022,True
EURUSD,h4_ma_aligned,fixed,2022-01-12 08:35:00-05:00,1.6506390499999801,L,2022,True
EURUSD,d1roc_h4ma,fixed,2022-01-12 08:35:00-05:00,1.6506390499999801,L,2022,True
EURUSD,none,trail,2022-01-12 08:35:00-05:00,1.7774795999999595,L,2022,True
EURUSD,d1_roc20,fixed,2022-01-12 08:35:00-05:00,1.6506390499999801,L,2022,True
EURUSD,d1_roc20,trail,2022-01-12 08:35:00-05:00,1.7774795999999595,L,2022,True
EURUSD,h4_ma_aligned,trail,2022-01-12 08:35:00-05:00,1.7774795999999595,L,2022,True
AUDUSD,d1_roc20,fixed,2022-01-12 10:25:00-05:00,-1.0247386000000067,L,2022,True
AUDUSD,d1_adx_lt25,trail,2022-01-12 10:25:00-05:00,-0.1458578500000042,L,2022,True
AUDUSD,d1roc_h4ma,fixed,2022-01-12 10:25:00-05:00,-1.0247386000000067,L,2022,True
AUDUSD,none,fixed,2022-01-12 10:25:00-05:00,-1.0247386000000067,L,2022,True
AUDUSD,h4_ma_nocounter,trail,2022-01-12 10:25:00-05:00,-0.1458578500000042,L,2022,True
AUDUSD,d1_roc20,trail,2022-01-12 10:25:00-05:00,-0.1458578500000042,L,2022,True
AUDUSD,d1roc_h4ma,trail,2022-01-12 10:25:00-05:00,-0.1458578500000042,L,2022,True
AUDUSD,w1_dow_nocounter,fixed,2022-01-12 10:25:00-05:00,-1.0247386000000067,L,2022,True
AUDUSD,w1_dow_nocounter,trail,2022-01-12 10:25:00-05:00,-0.1458578500000042,L,2022,True
AUDUSD,h4_ma_nocounter,fixed,2022-01-12 10:25:00-05:00,-1.0247386000000067,L,2022,True
AUDUSD,none,trail,2022-01-12 10:25:00-05:00,-0.1458578500000042,L,2022,True
AUDUSD,d1_adx_lt25,fixed,2022-01-12 10:25:00-05:00,-1.0247386000000067,L,2022,True
USDCHF,d1_roc20,trail,2022-01-13 09:01:00-05:00,-0.4587027500000047,S,2022,True
USDCHF,d1_adx_lt25,fixed,2022-01-13 09:01:00-05:00,-1.0541785500000187,S,2022,True
USDCHF,d1_roc20,fixed,2022-01-13 09:01:00-05:00,-1.0541785500000187,S,2022,True
USDCHF,d1_adx_lt25,trail,2022-01-13 09:01:00-05:00,-0.4587027500000047,S,2022,True
USDCHF,none,trail,2022-01-13 09:01:00-05:00,-0.4587027500000047,S,2022,True
USDCHF,none,fixed,2022-01-13 09:01:00-05:00,-1.0541785500000187,S,2022,True
AUDUSD,d1roc_h4ma,trail,2022-01-24 00:32:00-05:00,0.3678321499999912,S,2022,True
AUDUSD,h4_ma_nocounter,fixed,2022-01-24 00:32:00-05:00,1.6462557999999818,S,2022,True
AUDUSD,w1_dow_nocounter,trail,2022-01-24 00:32:00-05:00,0.3678321499999912,S,2022,True
AUDUSD,d1roc_h4ma,fixed,2022-01-24 00:32:00-05:00,1.6462557999999818,S,2022,True
AUDUSD,d1_roc20,fixed,2022-01-24 00:32:00-05:00,1.6462557999999818,S,2022,True
AUDUSD,d1_adx_lt25,fixed,2022-01-24 00:32:00-05:00,1.6462557999999818,S,2022,True
AUDUSD,w1_dow_nocounter,fixed,2022-01-24 00:32:00-05:00,1.6462557999999818,S,2022,True
AUDUSD,none,fixed,2022-01-24 00:32:00-05:00,1.6462557999999818,S,2022,True
AUDUSD,h4_ma_nocounter,trail,2022-01-24 00:32:00-05:00,0.3678321499999912,S,2022,True
AUDUSD,none,trail,2022-01-24 00:32:00-05:00,0.3678321499999912,S,2022,True
AUDUSD,d1_roc20,trail,2022-01-24 00:32:00-05:00,0.3678321499999912,S,2022,True
AUDUSD,d1_adx_lt25,trail,2022-01-24 00:32:00-05:00,0.3678321499999912,S,2022,True
USDJPY,d1_adx_lt25,trail,2022-01-24 05:24:00-05:00,-1.0054450000000141,S,2022,True
USDJPY,h4_ma_aligned,trail,2022-01-24 05:24:00-05:00,-1.0054450000000141,S,2022,True
USDJPY,h4_ma_nocounter,trail,2022-01-24 05:24:00-05:00,-1.0054450000000141,S,2022,True
USDJPY,h4_ma_aligned,fixed,2022-01-24 05:24:00-05:00,-1.0074600000000142,S,2022,True
USDJPY,d1_roc20,fixed,2022-01-24 05:24:00-05:00,-1.0074600000000142,S,2022,True
USDJPY,none,trail,2022-01-24 05:24:00-05:00,-1.0054450000000141,S,2022,True
USDJPY,d1_adx_ge20,trail,2022-01-24 05:24:00-05:00,-1.0054450000000141,S,2022,True
USDJPY,d1roc_h4ma,fixed,2022-01-24 05:24:00-05:00,-1.0074600000000142,S,2022,True
USDJPY,none,fixed,2022-01-24 05:24:00-05:00,-1.0074600000000142,S,2022,True
USDJPY,d1_roc20,trail,2022-01-24 05:24:00-05:00,-1.0054450000000141,S,2022,True
USDJPY,d1_adx_ge20,fixed,2022-01-24 05:24:00-05:00,-1.0074600000000142,S,2022,True
USDJPY,h4_ma_nocounter,fixed,2022-01-24 05:24:00-05:00,-1.0074600000000142,S,2022,True
USDJPY,d1_adx_lt25,fixed,2022-01-24 05:24:00-05:00,-1.0074600000000142,S,2022,True
USDJPY,d1roc_h4ma,trail,2022-01-24 05:24:00-05:00,-1.0054450000000141,S,2022,True
EURUSD,none,trail,2022-01-25 06:45:00-05:00,-1.0160829999999696,S,2022,True
EURUSD,d1roc_h4ma,trail,2022-01-25 06:45:00-05:00,-1.0160829999999696,S,2022,True
EURUSD,d1_roc20,trail,2022-01-25 06:45:00-05:00,-1.0160829999999696,S,2022,True
EURUSD,w1_dow_nocounter,trail,2022-01-25 06:45:00-05:00,-1.0160829999999696,S,2022,True
EURUSD,h4_ma_nocounter,fixed,2022-01-25 06:45:00-05:00,-1.0160307499999892,S,2022,True
EURUSD,d1roc_h4ma,fixed,2022-01-25 06:45:00-05:00,-1.0160307499999892,S,2022,True
EURUSD,w1_dow_nocounter,fixed,2022-01-25 06:45:00-05:00,-1.0160307499999892,S,2022,True
EURUSD,none,fixed,2022-01-25 06:45:00-05:00,-1.0160307499999892,S,2022,True
EURUSD,w1_dow_strict,fixed,2022-01-25 06:45:00-05:00,-1.0160307499999892,S,2022,True
EURUSD,h4_ma_nocounter,trail,2022-01-25 06:45:00-05:00,-1.0160829999999696,S,2022,True
EURUSD,d1_adx_lt25,trail,2022-01-25 06:45:00-05:00,-1.0160829999999696,S,2022,True
EURUSD,d1_adx_lt25,fixed,2022-01-25 06:45:00-05:00,-1.0160307499999892,S,2022,True
EURUSD,d1_roc20,fixed,2022-01-25 06:45:00-05:00,-1.0160307499999892,S,2022,True
EURUSD,w1_dow_strict,trail,2022-01-25 06:45:00-05:00,-1.0160829999999696,S,2022,True
GBPUSD,d1_roc20,trail,2022-01-27 00:17:00-05:00,0.3057278999999959,S,2022,True
GBPUSD,h4_ma_nocounter,fixed,2022-01-27 00:17:00-05:00,-1.0289947999999738,S,2022,True
GBPUSD,w1_dow_nocounter,trail,2022-01-27 00:17:00-05:00,0.3057278999999959,S,2022,True
GBPUSD,h4_ma_nocounter,trail,2022-01-27 00:17:00-05:00,0.3057278999999959,S,2022,True
GBPUSD,none,trail,2022-01-27 00:17:00-05:00,0.3057278999999959,S,2022,True
GBPUSD,h4_ma_aligned,fixed,2022-01-27 00:17:00-05:00,-1.0289947999999738,S,2022,True
GBPUSD,h4_ma_aligned,trail,2022-01-27 00:17:00-05:00,0.3057278999999959,S,2022,True
GBPUSD,w1_dow_nocounter,fixed,2022-01-27 00:17:00-05:00,-1.0289947999999738,S,2022,True
GBPUSD,d1roc_h4ma,trail,2022-01-27 00:17:00-05:00,0.3057278999999959,S,2022,True
GBPUSD,d1_adx_ge20,fixed,2022-01-27 00:17:00-05:00,-1.0289947999999738,S,2022,True
GBPUSD,w1_dow_strict,fixed,2022-01-27 00:17:00-05:00,-1.0289947999999738,S,2022,True
GBPUSD,d1_adx_ge20,trail,2022-01-27 00:17:00-05:00,0.3057278999999959,S,2022,True
GBPUSD,d1roc_h4ma,fixed,2022-01-27 00:17:00-05:00,-1.0289947999999738,S,2022,True
GBPUSD,d1_roc20,fixed,2022-01-27 00:17:00-05:00,-1.0289947999999738,S,2022,True
GBPUSD,none,fixed,2022-01-27 00:17:00-05:00,-1.0289947999999738,S,2022,True
GBPUSD,w1_dow_strict,trail,2022-01-27 00:17:00-05:00,0.3057278999999959,S,2022,True
USDJPY,w1_dow_nocounter,trail,2022-01-27 04:20:00-05:00,0.6822699999999758,L,2022,True
USDJPY,d1_adx_lt25,fixed,2022-01-27 04:20:00-05:00,-1.0062850000000128,L,2022,True
USDJPY,d1_adx_lt25,trail,2022-01-27 04:20:00-05:00,0.6822699999999758,L,2022,True
USDJPY,w1_dow_strict,fixed,2022-01-27 04:20:00-05:00,-1.0062850000000128,L,2022,True
USDJPY,none,fixed,2022-01-27 04:20:00-05:00,-1.0062850000000128,L,2022,True
USDJPY,w1_dow_strict,trail,2022-01-27 04:20:00-05:00,0.6822699999999758,L,2022,True
USDJPY,w1_dow_nocounter,fixed,2022-01-27 04:20:00-05:00,-1.0062850000000128,L,2022,True
USDJPY,none,trail,2022-01-27 04:20:00-05:00,0.6822699999999758,L,2022,True
USDCHF,h4_ma_nocounter,trail,2022-01-27 05:23:00-05:00,0.49856914999999186,L,2022,True
USDCHF,d1_adx_lt25,trail,2022-01-27 05:23:00-05:00,0.49856914999999186,L,2022,True
USDCHF,d1_roc20,fixed,2022-01-27 05:23:00-05:00,1.6065569500000165,L,2022,True
USDCHF,none,fixed,2022-01-27 05:23:00-05:00,1.6065569500000165,L,2022,True
USDCHF,w1_dow_nocounter,fixed,2022-01-27 05:23:00-05:00,1.6065569500000165,L,2022,True
USDCHF,w1_dow_strict,trail,2022-01-27 05:23:00-05:00,0.49856914999999186,L,2022,True
USDCHF,d1roc_h4ma,fixed,2022-01-27 05:23:00-05:00,1.6065569500000165,L,2022,True
USDCHF,h4_ma_nocounter,fixed,2022-01-27 05:23:00-05:00,1.6065569500000165,L,2022,True
USDCHF,none,trail,2022-01-27 05:23:00-05:00,0.49856914999999186,L,2022,True
USDCHF,d1_roc20,trail,2022-01-27 05:23:00-05:00,0.49856914999999186,L,2022,True
USDCHF,d1_adx_lt25,fixed,2022-01-27 05:23:00-05:00,1.6065569500000165,L,2022,True
USDCHF,w1_dow_strict,fixed,2022-01-27 05:23:00-05:00,1.6065569500000165,L,2022,True
USDCHF,d1roc_h4ma,trail,2022-01-27 05:23:00-05:00,0.49856914999999186,L,2022,True
USDCHF,w1_dow_nocounter,trail,2022-01-27 05:23:00-05:00,0.49856914999999186,L,2022,True
EURUSD,h4_ma_nocounter,trail,2022-02-04 06:58:00-05:00,-1.011215400000018,L,2022,True
EURUSD,none,trail,2022-02-04 06:58:00-05:00,-1.011215400000018,L,2022,True
EURUSD,h4_ma_nocounter,fixed,2022-02-04 06:58:00-05:00,-1.011215400000018,L,2022,True
EURUSD,d1_adx_lt25,fixed,2022-02-04 06:58:00-05:00,-1.011215400000018,L,2022,True
EURUSD,d1_adx_lt25,trail,2022-02-04 06:58:00-05:00,-1.011215400000018,L,2022,True
EURUSD,none,fixed,2022-02-04 06:58:00-05:00,-1.011215400000018,L,2022,True
EURUSD,d1roc_h4ma,trail,2022-02-04 06:58:00-05:00,-1.011215400000018,L,2022,True
EURUSD,d1_roc20,trail,2022-02-04 06:58:00-05:00,-1.011215400000018,L,2022,True
EURUSD,d1_roc20,fixed,2022-02-04 06:58:00-05:00,-1.011215400000018,L,2022,True
EURUSD,d1roc_h4ma,fixed,2022-02-04 06:58:00-05:00,-1.011215400000018,L,2022,True
USDJPY,d1_adx_lt25,fixed,2022-02-08 18:00:00-05:00,-1.0082499999999945,L,2022,True
USDJPY,none,fixed,2022-02-08 18:00:00-05:00,-1.0082499999999945,L,2022,True
USDJPY,w1_dow_strict,fixed,2022-02-08 18:00:00-05:00,-1.0082499999999945,L,2022,True
USDJPY,d1_roc20,trail,2022-02-08 18:00:00-05:00,-1.0082499999999945,L,2022,True
USDJPY,h4_ma_nocounter,trail,2022-02-08 18:00:00-05:00,-1.0082499999999945,L,2022,True
USDJPY,h4_ma_aligned,trail,2022-02-08 18:00:00-05:00,-1.0082499999999945,L,2022,True
USDJPY,d1_roc20,fixed,2022-02-08 18:00:00-05:00,-1.0082499999999945,L,2022,True
USDJPY,none,trail,2022-02-08 18:00:00-05:00,-1.0082499999999945,L,2022,True
USDJPY,w1_dow_nocounter,trail,2022-02-08 18:00:00-05:00,-1.0082499999999945,L,2022,True
USDJPY,w1_dow_strict,trail,2022-02-08 18:00:00-05:00,-1.0082499999999945,L,2022,True
USDJPY,h4_ma_aligned,fixed,2022-02-08 18:00:00-05:00,-1.0082499999999945,L,2022,True
USDJPY,h4_ma_nocounter,fixed,2022-02-08 18:00:00-05:00,-1.0082499999999945,L,2022,True
USDJPY,d1roc_h4ma,trail,2022-02-08 18:00:00-05:00,-1.0082499999999945,L,2022,True
USDJPY,w1_dow_nocounter,fixed,2022-02-08 18:00:00-05:00,-1.0082499999999945,L,2022,True
USDJPY,d1_adx_lt25,trail,2022-02-08 18:00:00-05:00,-1.0082499999999945,L,2022,True
USDJPY,d1roc_h4ma,fixed,2022-02-08 18:00:00-05:00,-1.0082499999999945,L,2022,True
AUDUSD,h4_ma_nocounter,fixed,2022-02-09 03:49:00-05:00,1.6399824499999875,L,2022,True
AUDUSD,none,trail,2022-02-09 03:49:00-05:00,-0.26414715000000677,L,2022,True
AUDUSD,d1_adx_lt25,trail,2022-02-09 03:49:00-05:00,-0.26414715000000677,L,2022,True
AUDUSD,none,fixed,2022-02-09 03:49:00-05:00,1.6399824499999875,L,2022,True
AUDUSD,d1_adx_lt25,fixed,2022-02-09 03:49:00-05:00,1.6399824499999875,L,2022,True
AUDUSD,h4_ma_nocounter,trail,2022-02-09 03:49:00-05:00,-0.26414715000000677,L,2022,True
GBPUSD,none,trail,2022-02-10 11:12:00-05:00,-1.0304018500000205,L,2022,True
EURUSD,h4_ma_aligned,trail,2022-02-10 11:12:00-05:00,-1.0134858999999559,L,2022,True
EURUSD,d1_adx_ge20,trail,2022-02-10 11:12:00-05:00,-1.0134858999999559,L,2022,True
EURUSD,h4_ma_nocounter,trail,2022-02-10 11:12:00-05:00,-1.0134858999999559,L,2022,True
EURUSD,h4_ma_aligned,fixed,2022-02-10 11:12:00-05:00,-1.0134858999999559,L,2022,True
EURUSD,d1_adx_lt25,trail,2022-02-10 11:12:00-05:00,-1.0134858999999559,L,2022,True
GBPUSD,none,fixed,2022-02-10 11:12:00-05:00,-1.0304018500000205,L,2022,True
EURUSD,h4_ma_nocounter,fixed,2022-02-10 11:12:00-05:00,-1.0134858999999559,L,2022,True
GBPUSD,d1_adx_lt25,fixed,2022-02-10 11:12:00-05:00,-1.0304018500000205,L,2022,True
EURUSD,d1_adx_ge20,fixed,2022-02-10 11:12:00-05:00,-1.0134858999999559,L,2022,True
EURUSD,d1_adx_lt25,fixed,2022-02-10 11:12:00-05:00,-1.0134858999999559,L,2022,True
EURUSD,none,fixed,2022-02-10 11:12:00-05:00,-1.0134858999999559,L,2022,True
GBPUSD,h4_ma_nocounter,trail,2022-02-10 11:12:00-05:00,-1.0304018500000205,L,2022,True
EURUSD,none,trail,2022-02-10 11:12:00-05:00,-1.0134858999999559,L,2022,True
GBPUSD,h4_ma_nocounter,fixed,2022-02-10 11:12:00-05:00,-1.0304018500000205,L,2022,True
GBPUSD,d1_adx_lt25,trail,2022-02-10 11:12:00-05:00,-1.0304018500000205,L,2022,True
GBPUSD,w1_dow_strict,fixed,2022-02-15 09:57:00-05:00,-1.0260532999999983,S,2022,True
GBPUSD,d1_roc20,trail,2022-02-15 09:57:00-05:00,-1.0260532999999983,S,2022,True
GBPUSD,none,fixed,2022-02-15 09:57:00-05:00,-1.0260532999999983,S,2022,True
GBPUSD,w1_dow_strict,trail,2022-02-15 09:57:00-05:00,-1.0260532999999983,S,2022,True
GBPUSD,d1_roc20,fixed,2022-02-15 09:57:00-05:00,-1.0260532999999983,S,2022,True
GBPUSD,d1_adx_lt25,fixed,2022-02-15 09:57:00-05:00,-1.0260532999999983,S,2022,True
GBPUSD,w1_dow_nocounter,trail,2022-02-15 09:57:00-05:00,-1.0260532999999983,S,2022,True
GBPUSD,w1_dow_nocounter,fixed,2022-02-15 09:57:00-05:00,-1.0260532999999983,S,2022,True
GBPUSD,d1_adx_lt25,trail,2022-02-15 09:57:00-05:00,-1.0260532999999983,S,2022,True
GBPUSD,none,trail,2022-02-15 09:57:00-05:00,-1.0260532999999983,S,2022,True
USDCHF,none,trail,2022-02-21 05:02:00-05:00,0.20373865000000102,S,2022,True
USDCHF,none,fixed,2022-02-21 05:02:00-05:00,-1.0691241999999908,S,2022,True
USDCHF,d1_adx_lt25,fixed,2022-02-21 05:02:00-05:00,-1.0691241999999908,S,2022,True
USDCHF,d1_adx_lt25,trail,2022-02-21 05:02:00-05:00,0.20373865000000102,S,2022,True
USDCHF,h4_ma_nocounter,fixed,2022-02-21 05:02:00-05:00,-1.0691241999999908,S,2022,True
USDCHF,h4_ma_nocounter,trail,2022-02-21 05:02:00-05:00,0.20373865000000102,S,2022,True
AUDUSD,d1_adx_lt25,trail,2022-02-23 03:13:00-05:00,-1.0247803500000014,L,2022,True
AUDUSD,d1roc_h4ma,trail,2022-02-23 03:13:00-05:00,-1.0247803500000014,L,2022,True
AUDUSD,d1_roc20,fixed,2022-02-23 03:13:00-05:00,-1.0247803500000014,L,2022,True
AUDUSD,none,trail,2022-02-23 03:13:00-05:00,-1.0247803500000014,L,2022,True
AUDUSD,d1roc_h4ma,fixed,2022-02-23 03:13:00-05:00,-1.0247803500000014,L,2022,True
AUDUSD,h4_ma_nocounter,trail,2022-02-23 03:13:00-05:00,-1.0247803500000014,L,2022,True
AUDUSD,h4_ma_nocounter,fixed,2022-02-23 03:13:00-05:00,-1.0247803500000014,L,2022,True
AUDUSD,h4_ma_aligned,fixed,2022-02-23 03:13:00-05:00,-1.0247803500000014,L,2022,True
AUDUSD,d1_adx_lt25,fixed,2022-02-23 03:13:00-05:00,-1.0247803500000014,L,2022,True
AUDUSD,none,fixed,2022-02-23 03:13:00-05:00,-1.0247803500000014,L,2022,True
AUDUSD,h4_ma_aligned,trail,2022-02-23 03:13:00-05:00,-1.0247803500000014,L,2022,True
AUDUSD,d1_roc20,trail,2022-02-23 03:13:00-05:00,-1.0247803500000014,L,2022,True
EURUSD,none,fixed,2022-02-23 19:56:00-05:00,1.6570207999999966,S,2022,True
EURUSD,d1_adx_lt25,fixed,2022-02-23 19:56:00-05:00,1.6570207999999966,S,2022,True
EURUSD,h4_ma_nocounter,trail,2022-02-23 19:56:00-05:00,1.4010385999999664,S,2022,True
EURUSD,w1_dow_nocounter,fixed,2022-02-23 19:56:00-05:00,1.6570207999999966,S,2022,True
EURUSD,w1_dow_strict,trail,2022-02-23 19:56:00-05:00,1.4010385999999664,S,2022,True
EURUSD,h4_ma_nocounter,fixed,2022-02-23 19:56:00-05:00,1.6570207999999966,S,2022,True
EURUSD,d1_adx_lt25,trail,2022-02-23 19:56:00-05:00,1.4010385999999664,S,2022,True
EURUSD,w1_dow_strict,fixed,2022-02-23 19:56:00-05:00,1.6570207999999966,S,2022,True
EURUSD,w1_dow_nocounter,trail,2022-02-23 19:56:00-05:00,1.4010385999999664,S,2022,True
EURUSD,none,trail,2022-02-23 19:56:00-05:00,1.4010385999999664,S,2022,True
GBPUSD,none,trail,2022-02-24 02:27:00-05:00,1.6337979999999888,S,2022,True
GBPUSD,none,fixed,2022-02-24 02:27:00-05:00,1.6412090000000155,S,2022,True
GBPUSD,d1_adx_lt25,trail,2022-02-24 02:27:00-05:00,1.6337979999999888,S,2022,True
GBPUSD,w1_dow_strict,trail,2022-02-24 02:27:00-05:00,1.6337979999999888,S,2022,True
GBPUSD,w1_dow_strict,fixed,2022-02-24 02:27:00-05:00,1.6412090000000155,S,2022,True
GBPUSD,w1_dow_nocounter,trail,2022-02-24 02:27:00-05:00,1.6337979999999888,S,2022,True
GBPUSD,d1_adx_lt25,fixed,2022-02-24 02:27:00-05:00,1.6412090000000155,S,2022,True
GBPUSD,w1_dow_nocounter,fixed,2022-02-24 02:27:00-05:00,1.6412090000000155,S,2022,True
AUDUSD,d1roc_h4ma,trail,2022-03-01 02:06:00-05:00,-0.8596702500000171,L,2022,True
AUDUSD,none,fixed,2022-03-01 02:06:00-05:00,-1.0210946000000043,L,2022,True
AUDUSD,none,trail,2022-03-01 02:06:00-05:00,-0.8596702500000171,L,2022,True
AUDUSD,h4_ma_nocounter,fixed,2022-03-01 02:06:00-05:00,-1.0210946000000043,L,2022,True
AUDUSD,d1_roc20,fixed,2022-03-01 02:06:00-05:00,-1.0210946000000043,L,2022,True
AUDUSD,d1_roc20,trail,2022-03-01 02:06:00-05:00,-0.8596702500000171,L,2022,True
AUDUSD,d1_adx_lt25,fixed,2022-03-01 02:06:00-05:00,-1.0210946000000043,L,2022,True
AUDUSD,d1_adx_lt25,trail,2022-03-01 02:06:00-05:00,-0.8596702500000171,L,2022,True
AUDUSD,h4_ma_nocounter,trail,2022-03-01 02:06:00-05:00,-0.8596702500000171,L,2022,True
AUDUSD,d1roc_h4ma,fixed,2022-03-01 02:06:00-05:00,-1.0210946000000043,L,2022,True
USDCHF,d1_adx_lt25,fixed,2022-03-01 04:44:00-05:00,-1.049807050000019,S,2022,True
USDCHF,none,trail,2022-03-01 04:44:00-05:00,-1.049807050000019,S,2022,True
USDCHF,d1roc_h4ma,fixed,2022-03-01 04:44:00-05:00,-1.049807050000019,S,2022,True
USDCHF,none,fixed,2022-03-01 04:44:00-05:00,-1.049807050000019,S,2022,True
USDCHF,d1roc_h4ma,trail,2022-03-01 04:44:00-05:00,-1.049807050000019,S,2022,True
USDCHF,d1_roc20,fixed,2022-03-01 04:44:00-05:00,-1.049807050000019,S,2022,True
USDCHF,d1_adx_lt25,trail,2022-03-01 04:44:00-05:00,-1.049807050000019,S,2022,True
USDCHF,d1_roc20,trail,2022-03-01 04:44:00-05:00,-1.049807050000019,S,2022,True
USDCHF,h4_ma_nocounter,trail,2022-03-01 04:44:00-05:00,-1.049807050000019,S,2022,True
USDCHF,h4_ma_nocounter,fixed,2022-03-01 04:44:00-05:00,-1.049807050000019,S,2022,True
GBPUSD,h4_ma_aligned,trail,2022-03-02 02:21:00-05:00,-1.0223997500000248,S,2022,True
GBPUSD,d1_roc20,fixed,2022-03-02 02:21:00-05:00,-1.0223997500000248,S,2022,True
GBPUSD,d1_adx_lt25,trail,2022-03-02 02:21:00-05:00,-1.0223997500000248,S,2022,True
GBPUSD,d1_adx_ge20,trail,2022-03-02 02:21:00-05:00,-1.0223997500000248,S,2022,True
GBPUSD,none,fixed,2022-03-02 02:21:00-05:00,-1.0223997500000248,S,2022,True
GBPUSD,w1_dow_strict,fixed,2022-03-02 02:21:00-05:00,-1.0223997500000248,S,2022,True
GBPUSD,d1roc_h4ma,trail,2022-03-02 02:21:00-05:00,-1.0223997500000248,S,2022,True
GBPUSD,none,trail,2022-03-02 02:21:00-05:00,-1.0223997500000248,S,2022,True
GBPUSD,h4_ma_nocounter,fixed,2022-03-02 02:21:00-05:00,-1.0223997500000248,S,2022,True
GBPUSD,w1_dow_nocounter,fixed,2022-03-02 02:21:00-05:00,-1.0223997500000248,S,2022,True
GBPUSD,w1_dow_strict,trail,2022-03-02 02:21:00-05:00,-1.0223997500000248,S,2022,True
GBPUSD,w1_dow_nocounter,trail,2022-03-02 02:21:00-05:00,-1.0223997500000248,S,2022,True
GBPUSD,d1_adx_lt25,fixed,2022-03-02 02:21:00-05:00,-1.0223997500000248,S,2022,True
GBPUSD,d1_adx_ge20,fixed,2022-03-02 02:21:00-05:00,-1.0223997500000248,S,2022,True
GBPUSD,d1roc_h4ma,fixed,2022-03-02 02:21:00-05:00,-1.0223997500000248,S,2022,True
GBPUSD,d1_roc20,trail,2022-03-02 02:21:00-05:00,-1.0223997500000248,S,2022,True
GBPUSD,h4_ma_nocounter,trail,2022-03-02 02:21:00-05:00,-1.0223997500000248,S,2022,True
GBPUSD,h4_ma_aligned,fixed,2022-03-02 02:21:00-05:00,-1.0223997500000248,S,2022,True
USDJPY,h4_ma_nocounter,fixed,2022-03-03 03:15:00-05:00,-1.0074649999999992,L,2022,True
USDJPY,d1_adx_lt25,fixed,2022-03-03 03:15:00-05:00,-1.0074649999999992,L,2022,True
USDJPY,none,fixed,2022-03-03 03:15:00-05:00,-1.0074649999999992,L,2022,True
USDJPY,w1_dow_strict,fixed,2022-03-03 03:15:00-05:00,-1.0074649999999992,L,2022,True
USDJPY,h4_ma_nocounter,trail,2022-03-03 03:15:00-05:00,-1.0074649999999992,L,2022,True
USDJPY,d1_roc20,trail,2022-03-03 03:15:00-05:00,-1.0074649999999992,L,2022,True
USDJPY,d1roc_h4ma,fixed,2022-03-03 03:15:00-05:00,-1.0074649999999992,L,2022,True
USDJPY,w1_dow_strict,trail,2022-03-03 03:15:00-05:00,-1.0074649999999992,L,2022,True
USDJPY,w1_dow_nocounter,fixed,2022-03-03 03:15:00-05:00,-1.0074649999999992,L,2022,True
USDJPY,none,trail,2022-03-03 03:15:00-05:00,-1.0074649999999992,L,2022,True
USDJPY,w1_dow_nocounter,trail,2022-03-03 03:15:00-05:00,-1.0074649999999992,L,2022,True
USDJPY,d1_adx_lt25,trail,2022-03-03 03:15:00-05:00,-1.0074649999999992,L,2022,True
USDJPY,d1_roc20,fixed,2022-03-03 03:15:00-05:00,-1.0074649999999992,L,2022,True
USDJPY,d1roc_h4ma,trail,2022-03-03 03:15:00-05:00,-1.0074649999999992,L,2022,True
USDCHF,w1_dow_strict,trail,2022-03-08 04:46:00-05:00,2.558921950000009,L,2022,True
USDCHF,d1_roc20,trail,2022-03-08 04:46:00-05:00,2.558921950000009,L,2022,True
USDCHF,d1_adx_lt25,trail,2022-03-08 04:46:00-05:00,2.558921950000009,L,2022,True
USDCHF,none,trail,2022-03-08 04:46:00-05:00,2.558921950000009,L,2022,True
USDCHF,w1_dow_nocounter,trail,2022-03-08 04:46:00-05:00,2.558921950000009,L,2022,True
USDCHF,w1_dow_strict,fixed,2022-03-08 04:46:00-05:00,1.6129290999999895,L,2022,True
USDCHF,d1_adx_lt25,fixed,2022-03-08 04:46:00-05:00,1.6129290999999895,L,2022,True
USDCHF,w1_dow_nocounter,fixed,2022-03-08 04:46:00-05:00,1.6129290999999895,L,2022,True
USDCHF,none,fixed,2022-03-08 04:46:00-05:00,1.6129290999999895,L,2022,True
USDCHF,d1_roc20,fixed,2022-03-08 04:46:00-05:00,1.6129290999999895,L,2022,True
USDJPY,d1roc_h4ma,trail,2022-03-08 19:16:00-05:00,-0.28176500000001037,L,2022,True
USDJPY,h4_ma_nocounter,fixed,2022-03-08 19:16:00-05:00,1.655655000000023,L,2022,True
USDJPY,d1_roc20,trail,2022-03-08 19:16:00-05:00,-0.28176500000001037,L,2022,True
USDJPY,none,fixed,2022-03-08 19:16:00-05:00,1.655655000000023,L,2022,True
USDJPY,none,trail,2022-03-08 19:16:00-05:00,-0.28176500000001037,L,2022,True
USDJPY,w1_dow_strict,trail,2022-03-08 19:16:00-05:00,-0.28176500000001037,L,2022,True
USDJPY,h4_ma_aligned,trail,2022-03-08 19:16:00-05:00,-0.28176500000001037,L,2022,True
USDJPY,d1_adx_lt25,trail,2022-03-08 19:16:00-05:00,-0.28176500000001037,L,2022,True
USDJPY,w1_dow_nocounter,fixed,2022-03-08 19:16:00-05:00,1.655655000000023,L,2022,True
USDJPY,h4_ma_aligned,fixed,2022-03-08 19:16:00-05:00,1.655655000000023,L,2022,True
USDJPY,h4_ma_nocounter,trail,2022-03-08 19:16:00-05:00,-0.28176500000001037,L,2022,True
USDJPY,w1_dow_nocounter,trail,2022-03-08 19:16:00-05:00,-0.28176500000001037,L,2022,True
USDJPY,d1_adx_lt25,fixed,2022-03-08 19:16:00-05:00,1.655655000000023,L,2022,True
USDJPY,w1_dow_strict,fixed,2022-03-08 19:16:00-05:00,1.655655000000023,L,2022,True
USDJPY,d1roc_h4ma,fixed,2022-03-08 19:16:00-05:00,1.655655000000023,L,2022,True
USDJPY,d1_roc20,fixed,2022-03-08 19:16:00-05:00,1.655655000000023,L,2022,True
AUDUSD,d1_adx_lt25,fixed,2022-03-14 00:37:00-04:00,1.648520899999987,S,2022,True
AUDUSD,none,trail,2022-03-14 00:37:00-04:00,0.39054499999998477,S,2022,True
AUDUSD,h4_ma_nocounter,trail,2022-03-14 00:37:00-04:00,0.39054499999998477,S,2022,True
AUDUSD,w1_dow_nocounter,fixed,2022-03-14 00:37:00-04:00,1.648520899999987,S,2022,True
AUDUSD,h4_ma_nocounter,fixed,2022-03-14 00:37:00-04:00,1.648520899999987,S,2022,True
AUDUSD,w1_dow_nocounter,trail,2022-03-14 00:37:00-04:00,0.39054499999998477,S,2022,True
AUDUSD,d1_adx_lt25,trail,2022-03-14 00:37:00-04:00,0.39054499999998477,S,2022,True
AUDUSD,none,fixed,2022-03-14 00:37:00-04:00,1.648520899999987,S,2022,True
AUDUSD,none,trail,2022-03-17 11:42:00-04:00,0.050287450000005125,L,2022,True
AUDUSD,d1_roc20,fixed,2022-03-17 11:42:00-04:00,1.647783700000002,L,2022,True
AUDUSD,d1roc_h4ma,trail,2022-03-17 11:42:00-04:00,0.050287450000005125,L,2022,True
AUDUSD,d1_adx_lt25,trail,2022-03-17 11:42:00-04:00,0.050287450000005125,L,2022,True
AUDUSD,d1roc_h4ma,fixed,2022-03-17 11:42:00-04:00,1.647783700000002,L,2022,True
AUDUSD,w1_dow_nocounter,fixed,2022-03-17 11:42:00-04:00,1.647783700000002,L,2022,True
AUDUSD,d1_roc20,trail,2022-03-17 11:42:00-04:00,0.050287450000005125,L,2022,True
AUDUSD,d1_adx_lt25,fixed,2022-03-17 11:42:00-04:00,1.647783700000002,L,2022,True
AUDUSD,h4_ma_nocounter,trail,2022-03-17 11:42:00-04:00,0.050287450000005125,L,2022,True
AUDUSD,w1_dow_nocounter,trail,2022-03-17 11:42:00-04:00,0.050287450000005125,L,2022,True
AUDUSD,h4_ma_nocounter,fixed,2022-03-17 11:42:00-04:00,1.647783700000002,L,2022,True
AUDUSD,none,fixed,2022-03-17 11:42:00-04:00,1.647783700000002,L,2022,True
EURUSD,d1_adx_ge20,fixed,2022-03-17 12:56:00-04:00,-1.0077199500000071,L,2022,True
EURUSD,none,fixed,2022-03-17 12:56:00-04:00,-1.0077199500000071,L,2022,True
EURUSD,h4_ma_nocounter,fixed,2022-03-17 12:56:00-04:00,-1.0077199500000071,L,2022,True
EURUSD,none,trail,2022-03-17 12:56:00-04:00,-1.007706399999984,L,2022,True
EURUSD,h4_ma_nocounter,trail,2022-03-17 12:56:00-04:00,-1.007706399999984,L,2022,True
EURUSD,d1_adx_ge20,trail,2022-03-17 12:56:00-04:00,-1.007706399999984,L,2022,True
USDCHF,d1_adx_lt25,trail,2022-03-24 19:23:00-04:00,-1.0547119499999988,S,2022,True
USDCHF,none,fixed,2022-03-24 19:23:00-04:00,-1.0547119499999988,S,2022,True
USDCHF,d1_adx_ge20,fixed,2022-03-24 19:23:00-04:00,-1.0547119499999988,S,2022,True
USDCHF,d1_adx_ge20,trail,2022-03-24 19:23:00-04:00,-1.0547119499999988,S,2022,True
USDCHF,h4_ma_nocounter,fixed,2022-03-24 19:23:00-04:00,-1.0547119499999988,S,2022,True
USDCHF,h4_ma_nocounter,trail,2022-03-24 19:23:00-04:00,-1.0547119499999988,S,2022,True
USDCHF,d1_adx_lt25,fixed,2022-03-24 19:23:00-04:00,-1.0547119499999988,S,2022,True
USDCHF,none,trail,2022-03-24 19:23:00-04:00,-1.0547119499999988,S,2022,True
EURUSD,none,fixed,2022-03-27 21:22:00-04:00,-1.012890499999972,S,2022,True
EURUSD,d1_roc20,trail,2022-03-27 21:22:00-04:00,-0.9635073499999776,S,2022,True
EURUSD,d1_adx_lt25,trail,2022-03-27 21:22:00-04:00,-0.9635073499999776,S,2022,True
EURUSD,w1_dow_strict,fixed,2022-03-27 21:22:00-04:00,-1.012890499999972,S,2022,True
EURUSD,w1_dow_strict,trail,2022-03-27 21:22:00-04:00,-0.9635073499999776,S,2022,True
EURUSD,d1_adx_ge20,fixed,2022-03-27 21:22:00-04:00,-1.012890499999972,S,2022,True
EURUSD,d1_roc20,fixed,2022-03-27 21:22:00-04:00,-1.012890499999972,S,2022,True
EURUSD,d1_adx_lt25,fixed,2022-03-27 21:22:00-04:00,-1.012890499999972,S,2022,True
EURUSD,h4_ma_nocounter,trail,2022-03-27 21:22:00-04:00,-0.9635073499999776,S,2022,True
EURUSD,h4_ma_nocounter,fixed,2022-03-27 21:22:00-04:00,-1.012890499999972,S,2022,True
EURUSD,d1_adx_ge20,trail,2022-03-27 21:22:00-04:00,-0.9635073499999776,S,2022,True
EURUSD,d1roc_h4ma,trail,2022-03-27 21:22:00-04:00,-0.9635073499999776,S,2022,True
EURUSD,d1roc_h4ma,fixed,2022-03-27 21:22:00-04:00,-1.012890499999972,S,2022,True
EURUSD,w1_dow_nocounter,trail,2022-03-27 21:22:00-04:00,-0.9635073499999776,S,2022,True
EURUSD,w1_dow_nocounter,fixed,2022-03-27 21:22:00-04:00,-1.012890499999972,S,2022,True
EURUSD,none,trail,2022-03-27 21:22:00-04:00,-0.9635073499999776,S,2022,True
EURUSD,h4_ma_nocounter,fixed,2022-03-30 04:37:00-04:00,-1.008917500000014,L,2022,True
EURUSD,d1_adx_ge20,fixed,2022-03-30 04:37:00-04:00,-1.008917500000014,L,2022,True
EURUSD,d1_adx_ge20,trail,2022-03-30 04:37:00-04:00,-0.4438029499999934,L,2022,True
EURUSD,d1_adx_lt25,trail,2022-03-30 04:37:00-04:00,-0.4438029499999934,L,2022,True
EURUSD,none,fixed,2022-03-30 04:37:00-04:00,-1.008917500000014,L,2022,True
EURUSD,h4_ma_nocounter,trail,2022-03-30 04:37:00-04:00,-0.4438029499999934,L,2022,True
EURUSD,none,trail,2022-03-30 04:37:00-04:00,-0.4438029499999934,L,2022,True
EURUSD,d1_adx_lt25,fixed,2022-03-30 04:37:00-04:00,-1.008917500000014,L,2022,True
USDCHF,d1_adx_lt25,trail,2022-03-30 04:49:00-04:00,0.20444325000000363,S,2022,True
USDCHF,d1_adx_ge20,fixed,2022-03-30 04:49:00-04:00,-1.0468555500000098,S,2022,True
USDCHF,d1_adx_lt25,fixed,2022-03-30 04:49:00-04:00,-1.0468555500000098,S,2022,True
USDCHF,h4_ma_nocounter,fixed,2022-03-30 04:49:00-04:00,-1.0468555500000098,S,2022,True
USDCHF,h4_ma_nocounter,trail,2022-03-30 04:49:00-04:00,0.20444325000000363,S,2022,True
USDCHF,d1_adx_ge20,trail,2022-03-30 04:49:00-04:00,0.20444325000000363,S,2022,True
USDCHF,none,fixed,2022-03-30 04:49:00-04:00,-1.0468555500000098,S,2022,True
USDCHF,none,trail,2022-03-30 04:49:00-04:00,0.20444325000000363,S,2022,True
AUDUSD,d1roc_h4ma,trail,2022-04-04 10:51:00-04:00,0.8812747999999945,L,2022,True
AUDUSD,none,fixed,2022-04-04 10:51:00-04:00,1.6379322499999989,L,2022,True
AUDUSD,h4_ma_nocounter,trail,2022-04-04 10:51:00-04:00,0.8812747999999945,L,2022,True
AUDUSD,h4_ma_aligned,fixed,2022-04-04 10:51:00-04:00,1.6379322499999989,L,2022,True
AUDUSD,d1_adx_lt25,trail,2022-04-04 10:51:00-04:00,0.8812747999999945,L,2022,True
AUDUSD,w1_dow_nocounter,fixed,2022-04-04 10:51:00-04:00,1.6379322499999989,L,2022,True
AUDUSD,d1_roc20,trail,2022-04-04 10:51:00-04:00,0.8812747999999945,L,2022,True
AUDUSD,d1_roc20,fixed,2022-04-04 10:51:00-04:00,1.6379322499999989,L,2022,True
AUDUSD,d1_adx_ge20,fixed,2022-04-04 10:51:00-04:00,1.6379322499999989,L,2022,True
AUDUSD,d1_adx_ge20,trail,2022-04-04 10:51:00-04:00,0.8812747999999945,L,2022,True
AUDUSD,d1_adx_lt25,fixed,2022-04-04 10:51:00-04:00,1.6379322499999989,L,2022,True
AUDUSD,h4_ma_nocounter,fixed,2022-04-04 10:51:00-04:00,1.6379322499999989,L,2022,True
AUDUSD,h4_ma_aligned,trail,2022-04-04 10:51:00-04:00,0.8812747999999945,L,2022,True
AUDUSD,d1roc_h4ma,fixed,2022-04-04 10:51:00-04:00,1.6379322499999989,L,2022,True
AUDUSD,w1_dow_nocounter,trail,2022-04-04 10:51:00-04:00,0.8812747999999945,L,2022,True
AUDUSD,none,trail,2022-04-04 10:51:00-04:00,0.8812747999999945,L,2022,True
EURUSD,none,fixed,2022-04-05 10:19:00-04:00,1.6532267000000171,S,2022,True
EURUSD,d1_adx_lt25,trail,2022-04-05 10:19:00-04:00,0.26561254999999223,S,2022,True
EURUSD,h4_ma_nocounter,trail,2022-04-05 10:19:00-04:00,0.26561254999999223,S,2022,True
EURUSD,h4_ma_nocounter,fixed,2022-04-05 10:19:00-04:00,1.6532267000000171,S,2022,True
EURUSD,w1_dow_nocounter,trail,2022-04-05 10:19:00-04:00,0.26561254999999223,S,2022,True
EURUSD,w1_dow_strict,fixed,2022-04-05 10:19:00-04:00,1.6532267000000171,S,2022,True
EURUSD,none,trail,2022-04-05 10:19:00-04:00,0.26561254999999223,S,2022,True
EURUSD,d1_adx_lt25,fixed,2022-04-05 10:19:00-04:00,1.6532267000000171,S,2022,True
EURUSD,w1_dow_nocounter,fixed,2022-04-05 10:19:00-04:00,1.6532267000000171,S,2022,True
EURUSD,w1_dow_strict,trail,2022-04-05 10:19:00-04:00,0.26561254999999223,S,2022,True
GBPUSD,w1_dow_nocounter,fixed,2022-04-06 02:09:00-04:00,-1.0303397499999702,S,2022,True
GBPUSD,d1roc_h4ma,fixed,2022-04-06 02:09:00-04:00,-1.0303397499999702,S,2022,True
GBPUSD,w1_dow_strict,fixed,2022-04-06 02:09:00-04:00,-1.0303397499999702,S,2022,True
GBPUSD,d1roc_h4ma,trail,2022-04-06 02:09:00-04:00,-1.030274549999985,S,2022,True
GBPUSD,w1_dow_strict,trail,2022-04-06 02:09:00-04:00,-1.030274549999985,S,2022,True
GBPUSD,d1_adx_ge20,fixed,2022-04-06 02:09:00-04:00,-1.0303397499999702,S,2022,True
GBPUSD,h4_ma_aligned,trail,2022-04-06 02:09:00-04:00,-1.030274549999985,S,2022,True
GBPUSD,h4_ma_aligned,fixed,2022-04-06 02:09:00-04:00,-1.0303397499999702,S,2022,True
GBPUSD,d1_adx_ge20,trail,2022-04-06 02:09:00-04:00,-1.030274549999985,S,2022,True
GBPUSD,d1_roc20,trail,2022-04-06 02:09:00-04:00,-1.030274549999985,S,2022,True
GBPUSD,h4_ma_nocounter,fixed,2022-04-06 02:09:00-04:00,-1.0303397499999702,S,2022,True
GBPUSD,d1_adx_lt25,trail,2022-04-06 02:09:00-04:00,-1.030274549999985,S,2022,True
GBPUSD,d1_roc20,fixed,2022-04-06 02:09:00-04:00,-1.0303397499999702,S,2022,True
GBPUSD,w1_dow_nocounter,trail,2022-04-06 02:09:00-04:00,-1.030274549999985,S,2022,True
GBPUSD,h4_ma_nocounter,trail,2022-04-06 02:09:00-04:00,-1.030274549999985,S,2022,True
GBPUSD,none,trail,2022-04-06 02:09:00-04:00,-1.030274549999985,S,2022,True
GBPUSD,none,fixed,2022-04-06 02:09:00-04:00,-1.0303397499999702,S,2022,True
GBPUSD,d1_adx_lt25,fixed,2022-04-06 02:09:00-04:00,-1.0303397499999702,S,2022,True
AUDUSD,w1_dow_nocounter,trail,2022-04-08 08:56:00-04:00,0.5185675999999962,S,2022,True
AUDUSD,w1_dow_nocounter,fixed,2022-04-08 08:56:00-04:00,1.6423766499999848,S,2022,True
AUDUSD,d1_adx_ge20,fixed,2022-04-08 08:56:00-04:00,1.6423766499999848,S,2022,True
AUDUSD,none,fixed,2022-04-08 08:56:00-04:00,1.6423766499999848,S,2022,True
AUDUSD,none,trail,2022-04-08 08:56:00-04:00,0.5185675999999962,S,2022,True
AUDUSD,d1_adx_ge20,trail,2022-04-08 08:56:00-04:00,0.5185675999999962,S,2022,True
USDJPY,none,trail,2022-04-11 02:16:00-04:00,0.005240000000000439,L,2022,True
USDJPY,w1_dow_strict,fixed,2022-04-11 02:16:00-04:00,1.65729999999999,L,2022,True
USDJPY,w1_dow_nocounter,fixed,2022-04-11 02:16:00-04:00,1.65729999999999,L,2022,True
USDJPY,d1_adx_ge20,fixed,2022-04-11 02:16:00-04:00,1.65729999999999,L,2022,True
USDJPY,h4_ma_nocounter,trail,2022-04-11 02:16:00-04:00,0.005240000000000439,L,2022,True
USDJPY,d1_roc20,fixed,2022-04-11 02:16:00-04:00,1.65729999999999,L,2022,True
USDJPY,h4_ma_aligned,fixed,2022-04-11 02:16:00-04:00,1.65729999999999,L,2022,True
USDJPY,d1roc_h4ma,fixed,2022-04-11 02:16:00-04:00,1.65729999999999,L,2022,True
USDJPY,w1_dow_nocounter,trail,2022-04-11 02:16:00-04:00,0.005240000000000439,L,2022,True
USDJPY,h4_ma_nocounter,fixed,2022-04-11 02:16:00-04:00,1.65729999999999,L,2022,True
USDJPY,d1_roc20,trail,2022-04-11 02:16:00-04:00,0.005240000000000439,L,2022,True
USDJPY,d1roc_h4ma,trail,2022-04-11 02:16:00-04:00,0.005240000000000439,L,2022,True
USDJPY,h4_ma_aligned,trail,2022-04-11 02:16:00-04:00,0.005240000000000439,L,2022,True
USDJPY,w1_dow_strict,trail,2022-04-11 02:16:00-04:00,0.005240000000000439,L,2022,True
USDJPY,none,fixed,2022-04-11 02:16:00-04:00,1.65729999999999,L,2022,True
USDJPY,d1_adx_ge20,trail,2022-04-11 02:16:00-04:00,0.005240000000000439,L,2022,True
USDCHF,d1_adx_lt25,fixed,2022-04-14 07:53:00-04:00,1.612712199999994,L,2022,True
USDCHF,d1_adx_lt25,trail,2022-04-14 07:53:00-04:00,1.247420449999999,L,2022,True
USDCHF,h4_ma_aligned,fixed,2022-04-14 07:53:00-04:00,1.612712199999994,L,2022,True
USDCHF,w1_dow_strict,trail,2022-04-14 07:53:00-04:00,1.247420449999999,L,2022,True
USDCHF,w1_dow_strict,fixed,2022-04-14 07:53:00-04:00,1.612712199999994,L,2022,True
USDCHF,none,trail,2022-04-14 07:53:00-04:00,1.247420449999999,L,2022,True
USDCHF,none,fixed,2022-04-14 07:53:00-04:00,1.612712199999994,L,2022,True
USDCHF,h4_ma_nocounter,trail,2022-04-14 07:53:00-04:00,1.247420449999999,L,2022,True
USDCHF,w1_dow_nocounter,fixed,2022-04-14 07:53:00-04:00,1.612712199999994,L,2022,True
USDCHF,h4_ma_aligned,trail,2022-04-14 07:53:00-04:00,1.247420449999999,L,2022,True
USDCHF,w1_dow_nocounter,trail,2022-04-14 07:53:00-04:00,1.247420449999999,L,2022,True
USDCHF,h4_ma_nocounter,fixed,2022-04-14 07:53:00-04:00,1.612712199999994,L,2022,True
AUDUSD,none,fixed,2022-04-21 23:03:00-04:00,1.641747850000001,S,2022,True
AUDUSD,d1_roc20,trail,2022-04-21 23:03:00-04:00,3.1994203999999984,S,2022,True
AUDUSD,d1roc_h4ma,trail,2022-04-21 23:03:00-04:00,3.1994203999999984,S,2022,True
AUDUSD,h4_ma_aligned,fixed,2022-04-21 23:03:00-04:00,1.641747850000001,S,2022,True
AUDUSD,w1_dow_nocounter,fixed,2022-04-21 23:03:00-04:00,1.641747850000001,S,2022,True
AUDUSD,h4_ma_nocounter,trail,2022-04-21 23:03:00-04:00,3.1994203999999984,S,2022,True
AUDUSD,w1_dow_nocounter,trail,2022-04-21 23:03:00-04:00,3.1994203999999984,S,2022,True
AUDUSD,h4_ma_aligned,trail,2022-04-21 23:03:00-04:00,3.1994203999999984,S,2022,True
AUDUSD,d1_adx_lt25,trail,2022-04-21 23:03:00-04:00,3.1994203999999984,S,2022,True
AUDUSD,d1_roc20,fixed,2022-04-21 23:03:00-04:00,1.641747850000001,S,2022,True
AUDUSD,none,trail,2022-04-21 23:03:00-04:00,3.1994203999999984,S,2022,True
AUDUSD,d1roc_h4ma,fixed,2022-04-21 23:03:00-04:00,1.641747850000001,S,2022,True
AUDUSD,h4_ma_nocounter,fixed,2022-04-21 23:03:00-04:00,1.641747850000001,S,2022,True
AUDUSD,d1_adx_lt25,fixed,2022-04-21 23:03:00-04:00,1.641747850000001,S,2022,True
GBPUSD,none,fixed,2022-04-22 02:47:00-04:00,1.638403249999996,S,2022,True
GBPUSD,d1roc_h4ma,trail,2022-04-22 02:47:00-04:00,8.321193900000011,S,2022,True
GBPUSD,w1_dow_strict,trail,2022-04-22 02:47:00-04:00,8.321193900000011,S,2022,True
GBPUSD,w1_dow_nocounter,trail,2022-04-22 02:47:00-04:00,8.321193900000011,S,2022,True
GBPUSD,w1_dow_nocounter,fixed,2022-04-22 02:47:00-04:00,1.638403249999996,S,2022,True
GBPUSD,d1_adx_lt25,fixed,2022-04-22 02:47:00-04:00,1.638403249999996,S,2022,True
GBPUSD,d1_roc20,fixed,2022-04-22 02:47:00-04:00,1.638403249999996,S,2022,True
GBPUSD,w1_dow_strict,fixed,2022-04-22 02:47:00-04:00,1.638403249999996,S,2022,True
GBPUSD,h4_ma_nocounter,trail,2022-04-22 02:47:00-04:00,8.321193900000011,S,2022,True
GBPUSD,h4_ma_aligned,trail,2022-04-22 02:47:00-04:00,8.321193900000011,S,2022,True
GBPUSD,h4_ma_aligned,fixed,2022-04-22 02:47:00-04:00,1.638403249999996,S,2022,True
GBPUSD,d1roc_h4ma,fixed,2022-04-22 02:47:00-04:00,1.638403249999996,S,2022,True
GBPUSD,h4_ma_nocounter,fixed,2022-04-22 02:47:00-04:00,1.638403249999996,S,2022,True
GBPUSD,none,trail,2022-04-22 02:47:00-04:00,8.321193900000011,S,2022,True
GBPUSD,d1_roc20,trail,2022-04-22 02:47:00-04:00,8.321193900000011,S,2022,True
GBPUSD,d1_adx_lt25,trail,2022-04-22 02:47:00-04:00,8.321193900000011,S,2022,True
EURUSD,h4_ma_nocounter,trail,2022-04-25 02:13:00-04:00,4.090359700000027,S,2022,True
EURUSD,h4_ma_nocounter,fixed,2022-04-25 02:13:00-04:00,1.6573901500000177,S,2022,True
EURUSD,w1_dow_nocounter,fixed,2022-04-25 02:13:00-04:00,1.6573901500000177,S,2022,True
EURUSD,w1_dow_strict,trail,2022-04-25 02:13:00-04:00,4.090359700000027,S,2022,True
EURUSD,d1_adx_lt25,fixed,2022-04-25 02:13:00-04:00,1.6573901500000177,S,2022,True
EURUSD,d1roc_h4ma,fixed,2022-04-25 02:13:00-04:00,1.6573901500000177,S,2022,True
EURUSD,d1_roc20,trail,2022-04-25 02:13:00-04:00,4.090359700000027,S,2022,True
EURUSD,d1_adx_ge20,fixed,2022-04-25 02:13:00-04:00,1.6573901500000177,S,2022,True
EURUSD,d1_adx_ge20,trail,2022-04-25 02:13:00-04:00,4.090359700000027,S,2022,True
EURUSD,d1_adx_lt25,trail,2022-04-25 02:13:00-04:00,4.090359700000027,S,2022,True
EURUSD,none,fixed,2022-04-25 02:13:00-04:00,1.6573901500000177,S,2022,True
EURUSD,d1_roc20,fixed,2022-04-25 02:13:00-04:00,1.6573901500000177,S,2022,True
EURUSD,d1roc_h4ma,trail,2022-04-25 02:13:00-04:00,4.090359700000027,S,2022,True
EURUSD,w1_dow_strict,fixed,2022-04-25 02:13:00-04:00,1.6573901500000177,S,2022,True
EURUSD,none,trail,2022-04-25 02:13:00-04:00,4.090359700000027,S,2022,True
EURUSD,w1_dow_nocounter,trail,2022-04-25 02:13:00-04:00,4.090359700000027,S,2022,True
USDJPY,w1_dow_strict,fixed,2022-04-27 23:13:00-04:00,1.6574749999999936,L,2022,True
USDJPY,h4_ma_nocounter,trail,2022-04-27 23:13:00-04:00,0.43870999999999943,L,2022,True
USDJPY,d1_adx_ge20,fixed,2022-04-27 23:13:00-04:00,1.6574749999999936,L,2022,True
USDJPY,d1roc_h4ma,fixed,2022-04-27 23:13:00-04:00,1.6574749999999936,L,2022,True
USDJPY,w1_dow_nocounter,trail,2022-04-27 23:13:00-04:00,0.43870999999999943,L,2022,True
USDJPY,d1_roc20,fixed,2022-04-27 23:13:00-04:00,1.6574749999999936,L,2022,True
USDJPY,none,fixed,2022-04-27 23:13:00-04:00,1.6574749999999936,L,2022,True
USDJPY,h4_ma_nocounter,fixed,2022-04-27 23:13:00-04:00,1.6574749999999936,L,2022,True
USDJPY,d1_adx_ge20,trail,2022-04-27 23:13:00-04:00,0.43870999999999943,L,2022,True
USDJPY,d1roc_h4ma,trail,2022-04-27 23:13:00-04:00,0.43870999999999943,L,2022,True
USDJPY,h4_ma_aligned,trail,2022-04-27 23:13:00-04:00,0.43870999999999943,L,2022,True
USDJPY,w1_dow_nocounter,fixed,2022-04-27 23:13:00-04:00,1.6574749999999936,L,2022,True
USDJPY,h4_ma_aligned,fixed,2022-04-27 23:13:00-04:00,1.6574749999999936,L,2022,True
USDJPY,none,trail,2022-04-27 23:13:00-04:00,0.43870999999999943,L,2022,True
USDJPY,d1_roc20,trail,2022-04-27 23:13:00-04:00,0.43870999999999943,L,2022,True
USDJPY,w1_dow_strict,trail,2022-04-27 23:13:00-04:00,0.43870999999999943,L,2022,True
GBPUSD,d1_roc20,fixed,2022-05-05 07:40:00-04:00,1.6528371500000099,S,2022,True
GBPUSD,w1_dow_nocounter,fixed,2022-05-05 07:40:00-04:00,1.6528371500000099,S,2022,True
GBPUSD,h4_ma_nocounter,fixed,2022-05-05 07:40:00-04:00,1.6528371500000099,S,2022,True
GBPUSD,h4_ma_aligned,fixed,2022-05-05 07:40:00-04:00,1.6528371500000099,S,2022,True
GBPUSD,none,trail,2022-05-05 07:40:00-04:00,0.32818035000001555,S,2022,True
GBPUSD,d1roc_h4ma,fixed,2022-05-05 07:40:00-04:00,1.6528371500000099,S,2022,True
GBPUSD,d1_adx_ge20,trail,2022-05-05 07:40:00-04:00,0.32818035000001555,S,2022,True
GBPUSD,d1_adx_ge20,fixed,2022-05-05 07:40:00-04:00,1.6528371500000099,S,2022,True
GBPUSD,w1_dow_strict,fixed,2022-05-05 07:40:00-04:00,1.6528371500000099,S,2022,True
GBPUSD,d1_roc20,trail,2022-05-05 07:40:00-04:00,0.32818035000001555,S,2022,True
GBPUSD,w1_dow_nocounter,trail,2022-05-05 07:40:00-04:00,0.32818035000001555,S,2022,True
GBPUSD,none,fixed,2022-05-05 07:40:00-04:00,1.6528371500000099,S,2022,True
GBPUSD,d1roc_h4ma,trail,2022-05-05 07:40:00-04:00,0.32818035000001555,S,2022,True
GBPUSD,w1_dow_strict,trail,2022-05-05 07:40:00-04:00,0.32818035000001555,S,2022,True
GBPUSD,h4_ma_nocounter,trail,2022-05-05 07:40:00-04:00,0.32818035000001555,S,2022,True
GBPUSD,h4_ma_aligned,trail,2022-05-05 07:40:00-04:00,0.32818035000001555,S,2022,True
AUDUSD,d1_adx_lt25,trail,2022-05-08 20:19:00-04:00,0.6398193500000037,S,2022,True
AUDUSD,d1_adx_lt25,fixed,2022-05-08 20:19:00-04:00,1.6561554000000094,S,2022,True
AUDUSD,d1_adx_ge20,fixed,2022-05-08 20:19:00-04:00,1.6561554000000094,S,2022,True
AUDUSD,none,fixed,2022-05-08 20:19:00-04:00,1.6561554000000094,S,2022,True
AUDUSD,d1_adx_ge20,trail,2022-05-08 20:19:00-04:00,0.6398193500000037,S,2022,True
AUDUSD,d1roc_h4ma,fixed,2022-05-08 20:19:00-04:00,1.6561554000000094,S,2022,True
AUDUSD,d1_roc20,fixed,2022-05-08 20:19:00-04:00,1.6561554000000094,S,2022,True
AUDUSD,w1_dow_nocounter,fixed,2022-05-08 20:19:00-04:00,1.6561554000000094,S,2022,True
AUDUSD,h4_ma_nocounter,trail,2022-05-08 20:19:00-04:00,0.6398193500000037,S,2022,True
AUDUSD,d1_roc20,trail,2022-05-08 20:19:00-04:00,0.6398193500000037,S,2022,True
AUDUSD,w1_dow_nocounter,trail,2022-05-08 20:19:00-04:00,0.6398193500000037,S,2022,True
AUDUSD,d1roc_h4ma,trail,2022-05-08 20:19:00-04:00,0.6398193500000037,S,2022,True
AUDUSD,h4_ma_nocounter,fixed,2022-05-08 20:19:00-04:00,1.6561554000000094,S,2022,True
AUDUSD,none,trail,2022-05-08 20:19:00-04:00,0.6398193500000037,S,2022,True
USDJPY,d1_roc20,fixed,2022-05-09 02:53:00-04:00,-1.0045850000000172,L,2022,True
USDJPY,w1_dow_strict,fixed,2022-05-09 02:53:00-04:00,-1.0045850000000172,L,2022,True
USDJPY,none,trail,2022-05-09 02:53:00-04:00,-1.0045850000000172,L,2022,True
USDJPY,w1_dow_nocounter,trail,2022-05-09 02:53:00-04:00,-1.0045850000000172,L,2022,True
USDJPY,d1_adx_ge20,trail,2022-05-09 02:53:00-04:00,-1.0045850000000172,L,2022,True
USDJPY,w1_dow_nocounter,fixed,2022-05-09 02:53:00-04:00,-1.0045850000000172,L,2022,True
USDJPY,d1_adx_ge20,fixed,2022-05-09 02:53:00-04:00,-1.0045850000000172,L,2022,True
USDJPY,d1_roc20,trail,2022-05-09 02:53:00-04:00,-1.0045850000000172,L,2022,True
USDJPY,none,fixed,2022-05-09 02:53:00-04:00,-1.0045850000000172,L,2022,True
USDJPY,d1roc_h4ma,trail,2022-05-09 02:53:00-04:00,-1.0045850000000172,L,2022,True
USDJPY,h4_ma_nocounter,fixed,2022-05-09 02:53:00-04:00,-1.0045850000000172,L,2022,True
USDJPY,d1roc_h4ma,fixed,2022-05-09 02:53:00-04:00,-1.0045850000000172,L,2022,True
USDJPY,h4_ma_aligned,fixed,2022-05-09 02:53:00-04:00,-1.0045850000000172,L,2022,True
USDJPY,h4_ma_aligned,trail,2022-05-09 02:53:00-04:00,-1.0045850000000172,L,2022,True
USDJPY,h4_ma_nocounter,trail,2022-05-09 02:53:00-04:00,-1.0045850000000172,L,2022,True
USDJPY,w1_dow_strict,trail,2022-05-09 02:53:00-04:00,-1.0045850000000172,L,2022,True
EURUSD,w1_dow_nocounter,fixed,2022-05-12 03:12:00-04:00,1.6571405499999867,S,2022,True
EURUSD,h4_ma_nocounter,trail,2022-05-12 03:12:00-04:00,1.2644127000000085,S,2022,True
EURUSD,none,trail,2022-05-12 03:12:00-04:00,1.2644127000000085,S,2022,True
EURUSD,h4_ma_aligned,fixed,2022-05-12 03:12:00-04:00,1.6571405499999867,S,2022,True
EURUSD,h4_ma_aligned,trail,2022-05-12 03:12:00-04:00,1.2644127000000085,S,2022,True
EURUSD,w1_dow_strict,trail,2022-05-12 03:12:00-04:00,1.2644127000000085,S,2022,True
EURUSD,d1_roc20,fixed,2022-05-12 03:12:00-04:00,1.6571405499999867,S,2022,True
EURUSD,d1roc_h4ma,fixed,2022-05-12 03:12:00-04:00,1.6571405499999867,S,2022,True
EURUSD,d1_adx_ge20,trail,2022-05-12 03:12:00-04:00,1.2644127000000085,S,2022,True
EURUSD,w1_dow_nocounter,trail,2022-05-12 03:12:00-04:00,1.2644127000000085,S,2022,True
EURUSD,d1_roc20,trail,2022-05-12 03:12:00-04:00,1.2644127000000085,S,2022,True
EURUSD,w1_dow_strict,fixed,2022-05-12 03:12:00-04:00,1.6571405499999867,S,2022,True
EURUSD,d1_adx_ge20,fixed,2022-05-12 03:12:00-04:00,1.6571405499999867,S,2022,True
EURUSD,h4_ma_nocounter,fixed,2022-05-12 03:12:00-04:00,1.6571405499999867,S,2022,True
EURUSD,d1roc_h4ma,trail,2022-05-12 03:12:00-04:00,1.2644127000000085,S,2022,True
EURUSD,none,fixed,2022-05-12 03:12:00-04:00,1.6571405499999867,S,2022,True
USDJPY,none,fixed,2022-05-12 03:39:00-04:00,-1.0036400000000143,S,2022,True
USDJPY,d1_adx_ge20,fixed,2022-05-12 03:39:00-04:00,-1.0036400000000143,S,2022,True
USDJPY,none,trail,2022-05-12 03:39:00-04:00,-0.9180800000000288,S,2022,True
USDJPY,d1_adx_ge20,trail,2022-05-12 03:39:00-04:00,-0.9180800000000288,S,2022,True
USDJPY,none,fixed,2022-05-19 08:33:00-04:00,-1.0032750000000206,S,2022,True
USDJPY,d1_adx_ge20,trail,2022-05-19 08:33:00-04:00,-0.8544350000000033,S,2022,True
USDJPY,h4_ma_nocounter,trail,2022-05-19 08:33:00-04:00,-0.8544350000000033,S,2022,True
USDJPY,h4_ma_nocounter,fixed,2022-05-19 08:33:00-04:00,-1.0032750000000206,S,2022,True
USDJPY,none,trail,2022-05-19 08:33:00-04:00,-0.8544350000000033,S,2022,True
USDJPY,d1_adx_ge20,fixed,2022-05-19 08:33:00-04:00,-1.0032750000000206,S,2022,True
USDCHF,d1_adx_ge20,trail,2022-05-19 10:09:00-04:00,-0.5650302000000061,S,2022,True
USDCHF,d1_adx_ge20,fixed,2022-05-19 10:09:00-04:00,1.6381508499999922,S,2022,True
USDCHF,h4_ma_nocounter,trail,2022-05-19 10:09:00-04:00,-0.5650302000000061,S,2022,True
USDCHF,h4_ma_nocounter,fixed,2022-05-19 10:09:00-04:00,1.6381508499999922,S,2022,True
USDCHF,none,trail,2022-05-19 10:09:00-04:00,-0.5650302000000061,S,2022,True
USDCHF,none,fixed,2022-05-19 10:09:00-04:00,1.6381508499999922,S,2022,True
EURUSD,none,trail,2022-05-23 04:56:00-04:00,0.37111690000001557,L,2022,True
EURUSD,h4_ma_nocounter,fixed,2022-05-23 04:56:00-04:00,1.656510350000016,L,2022,True
EURUSD,none,fixed,2022-05-23 04:56:00-04:00,1.656510350000016,L,2022,True
EURUSD,d1_adx_ge20,trail,2022-05-23 04:56:00-04:00,0.37111690000001557,L,2022,True
EURUSD,h4_ma_nocounter,trail,2022-05-23 04:56:00-04:00,0.37111690000001557,L,2022,True
EURUSD,d1_adx_ge20,fixed,2022-05-23 04:56:00-04:00,1.656510350000016,L,2022,True
AUDUSD,d1_adx_lt25,fixed,2022-05-26 21:49:00-04:00,1.6477735499999973,L,2022,True
GBPUSD,h4_ma_aligned,trail,2022-05-26 21:49:00-04:00,-0.27505734999999765,L,2022,True
GBPUSD,h4_ma_aligned,fixed,2022-05-26 21:49:00-04:00,-1.01883074999999,L,2022,True
AUDUSD,none,fixed,2022-05-26 21:49:00-04:00,1.6477735499999973,L,2022,True
GBPUSD,h4_ma_nocounter,fixed,2022-05-26 21:49:00-04:00,-1.01883074999999,L,2022,True
GBPUSD,d1_roc20,fixed,2022-05-26 21:49:00-04:00,-1.01883074999999,L,2022,True
AUDUSD,d1_adx_lt25,trail,2022-05-26 21:49:00-04:00,0.6966251499999935,L,2022,True
AUDUSD,w1_dow_nocounter,fixed,2022-05-26 21:49:00-04:00,1.6477735499999973,L,2022,True
GBPUSD,h4_ma_nocounter,trail,2022-05-26 21:49:00-04:00,-0.27505734999999765,L,2022,True
AUDUSD,d1_roc20,fixed,2022-05-26 21:49:00-04:00,1.6477735499999973,L,2022,True
GBPUSD,d1roc_h4ma,fixed,2022-05-26 21:49:00-04:00,-1.01883074999999,L,2022,True
AUDUSD,d1roc_h4ma,trail,2022-05-26 21:49:00-04:00,0.6966251499999935,L,2022,True
GBPUSD,d1roc_h4ma,trail,2022-05-26 21:49:00-04:00,-0.27505734999999765,L,2022,True
AUDUSD,h4_ma_nocounter,fixed,2022-05-26 21:49:00-04:00,1.6477735499999973,L,2022,True
AUDUSD,h4_ma_nocounter,trail,2022-05-26 21:49:00-04:00,0.6966251499999935,L,2022,True
GBPUSD,d1_adx_ge20,trail,2022-05-26 21:49:00-04:00,-0.27505734999999765,L,2022,True
AUDUSD,w1_dow_nocounter,trail,2022-05-26 21:49:00-04:00,0.6966251499999935,L,2022,True
GBPUSD,none,fixed,2022-05-26 21:49:00-04:00,-1.01883074999999,L,2022,True
GBPUSD,d1_adx_ge20,fixed,2022-05-26 21:49:00-04:00,-1.01883074999999,L,2022,True
AUDUSD,h4_ma_aligned,trail,2022-05-26 21:49:00-04:00,0.6966251499999935,L,2022,True
GBPUSD,none,trail,2022-05-26 21:49:00-04:00,-0.27505734999999765,L,2022,True
AUDUSD,d1roc_h4ma,fixed,2022-05-26 21:49:00-04:00,1.6477735499999973,L,2022,True
AUDUSD,h4_ma_aligned,fixed,2022-05-26 21:49:00-04:00,1.6477735499999973,L,2022,True
AUDUSD,none,trail,2022-05-26 21:49:00-04:00,0.6966251499999935,L,2022,True
GBPUSD,d1_roc20,trail,2022-05-26 21:49:00-04:00,-0.27505734999999765,L,2022,True
AUDUSD,d1_roc20,trail,2022-05-26 21:49:00-04:00,0.6966251499999935,L,2022,True
USDJPY,d1_adx_ge20,fixed,2022-06-01 10:11:00-04:00,1.6608449999999946,L,2022,True
USDJPY,w1_dow_nocounter,fixed,2022-06-01 10:11:00-04:00,1.6608449999999946,L,2022,True
USDJPY,w1_dow_strict,trail,2022-06-01 10:11:00-04:00,0.15712499999999852,L,2022,True
USDJPY,none,trail,2022-06-01 10:11:00-04:00,0.15712499999999852,L,2022,True
USDJPY,w1_dow_nocounter,trail,2022-06-01 10:11:00-04:00,0.15712499999999852,L,2022,True
USDJPY,w1_dow_strict,fixed,2022-06-01 10:11:00-04:00,1.6608449999999946,L,2022,True
USDJPY,h4_ma_nocounter,trail,2022-06-01 10:11:00-04:00,0.15712499999999852,L,2022,True
USDJPY,none,fixed,2022-06-01 10:11:00-04:00,1.6608449999999946,L,2022,True
USDJPY,h4_ma_nocounter,fixed,2022-06-01 10:11:00-04:00,1.6608449999999946,L,2022,True
USDJPY,d1_adx_ge20,trail,2022-06-01 10:11:00-04:00,0.15712499999999852,L,2022,True
GBPUSD,none,trail,2022-06-07 01:56:00-04:00,-1.0230925999999898,S,2022,True
GBPUSD,w1_dow_nocounter,fixed,2022-06-07 01:56:00-04:00,-1.0230925999999898,S,2022,True
GBPUSD,h4_ma_nocounter,fixed,2022-06-07 01:56:00-04:00,-1.0230925999999898,S,2022,True
GBPUSD,w1_dow_nocounter,trail,2022-06-07 01:56:00-04:00,-1.0230925999999898,S,2022,True
GBPUSD,none,fixed,2022-06-07 01:56:00-04:00,-1.0230925999999898,S,2022,True
GBPUSD,w1_dow_strict,trail,2022-06-07 01:56:00-04:00,-1.0230925999999898,S,2022,True
GBPUSD,h4_ma_nocounter,trail,2022-06-07 01:56:00-04:00,-1.0230925999999898,S,2022,True
GBPUSD,d1_adx_ge20,fixed,2022-06-07 01:56:00-04:00,-1.0230925999999898,S,2022,True
GBPUSD,d1_adx_lt25,trail,2022-06-07 01:56:00-04:00,-1.0230925999999898,S,2022,True
GBPUSD,d1_adx_ge20,trail,2022-06-07 01:56:00-04:00,-1.0230925999999898,S,2022,True
GBPUSD,w1_dow_strict,fixed,2022-06-07 01:56:00-04:00,-1.0230925999999898,S,2022,True
GBPUSD,d1_adx_lt25,fixed,2022-06-07 01:56:00-04:00,-1.0230925999999898,S,2022,True
EURUSD,d1_roc20,trail,2022-06-09 08:26:00-04:00,-1.0119260000000145,L,2022,True
EURUSD,h4_ma_nocounter,fixed,2022-06-09 08:26:00-04:00,-1.0119260000000145,L,2022,True
EURUSD,none,fixed,2022-06-09 08:26:00-04:00,-1.0119260000000145,L,2022,True
EURUSD,none,trail,2022-06-09 08:26:00-04:00,-1.0119260000000145,L,2022,True
EURUSD,d1_adx_lt25,fixed,2022-06-09 08:26:00-04:00,-1.0119260000000145,L,2022,True
EURUSD,d1_roc20,fixed,2022-06-09 08:26:00-04:00,-1.0119260000000145,L,2022,True
EURUSD,d1roc_h4ma,trail,2022-06-09 08:26:00-04:00,-1.0119260000000145,L,2022,True
EURUSD,d1roc_h4ma,fixed,2022-06-09 08:26:00-04:00,-1.0119260000000145,L,2022,True
EURUSD,h4_ma_nocounter,trail,2022-06-09 08:26:00-04:00,-1.0119260000000145,L,2022,True
EURUSD,d1_adx_lt25,trail,2022-06-09 08:26:00-04:00,-1.0119260000000145,L,2022,True
AUDUSD,w1_dow_nocounter,fixed,2022-06-09 09:33:00-04:00,1.6474737000000017,S,2022,True
AUDUSD,w1_dow_nocounter,trail,2022-06-09 09:33:00-04:00,4.610118200000003,S,2022,True
AUDUSD,none,fixed,2022-06-09 09:33:00-04:00,1.6474737000000017,S,2022,True
AUDUSD,h4_ma_nocounter,trail,2022-06-09 09:33:00-04:00,4.610118200000003,S,2022,True
AUDUSD,none,trail,2022-06-09 09:33:00-04:00,4.610118200000003,S,2022,True
AUDUSD,d1_adx_lt25,trail,2022-06-09 09:33:00-04:00,4.610118200000003,S,2022,True
AUDUSD,h4_ma_nocounter,fixed,2022-06-09 09:33:00-04:00,1.6474737000000017,S,2022,True
AUDUSD,d1_adx_lt25,fixed,2022-06-09 09:33:00-04:00,1.6474737000000017,S,2022,True
EURUSD,h4_ma_nocounter,trail,2022-06-09 13:19:00-04:00,2.2964924499999837,S,2022,True
EURUSD,d1_adx_lt25,fixed,2022-06-09 13:19:00-04:00,1.6606322999999747,S,2022,True
EURUSD,h4_ma_nocounter,fixed,2022-06-09 13:19:00-04:00,1.6606322999999747,S,2022,True
EURUSD,w1_dow_strict,trail,2022-06-09 13:19:00-04:00,2.2964924499999837,S,2022,True
EURUSD,w1_dow_nocounter,fixed,2022-06-09 13:19:00-04:00,1.6606322999999747,S,2022,True
EURUSD,w1_dow_nocounter,trail,2022-06-09 13:19:00-04:00,2.2964924499999837,S,2022,True
EURUSD,w1_dow_strict,fixed,2022-06-09 13:19:00-04:00,1.6606322999999747,S,2022,True
EURUSD,d1_adx_lt25,trail,2022-06-09 13:19:00-04:00,2.2964924499999837,S,2022,True
EURUSD,none,trail,2022-06-09 13:19:00-04:00,2.2964924499999837,S,2022,True
EURUSD,none,fixed,2022-06-09 13:19:00-04:00,1.6606322999999747,S,2022,True
GBPUSD,none,trail,2022-06-10 07:34:00-04:00,6.91331965,S,2022,True
GBPUSD,h4_ma_nocounter,fixed,2022-06-10 07:34:00-04:00,1.6439791999999946,S,2022,True
GBPUSD,none,fixed,2022-06-10 07:34:00-04:00,1.6439791999999946,S,2022,True
GBPUSD,w1_dow_nocounter,trail,2022-06-10 07:34:00-04:00,6.91331965,S,2022,True
GBPUSD,d1_adx_lt25,fixed,2022-06-10 07:34:00-04:00,1.6439791999999946,S,2022,True
GBPUSD,d1_adx_lt25,trail,2022-06-10 07:34:00-04:00,6.91331965,S,2022,True
GBPUSD,d1_adx_ge20,fixed,2022-06-10 07:34:00-04:00,1.6439791999999946,S,2022,True
GBPUSD,w1_dow_strict,fixed,2022-06-10 07:34:00-04:00,1.6439791999999946,S,2022,True
GBPUSD,w1_dow_strict,trail,2022-06-10 07:34:00-04:00,6.91331965,S,2022,True
GBPUSD,w1_dow_nocounter,fixed,2022-06-10 07:34:00-04:00,1.6439791999999946,S,2022,True
GBPUSD,h4_ma_nocounter,trail,2022-06-10 07:34:00-04:00,6.91331965,S,2022,True
GBPUSD,d1_adx_ge20,trail,2022-06-10 07:34:00-04:00,6.91331965,S,2022,True
USDJPY,h4_ma_nocounter,fixed,2022-06-21 06:56:00-04:00,-1.0006100000000262,L,2022,True
USDJPY,d1roc_h4ma,trail,2022-06-21 06:56:00-04:00,0.5509249999999922,L,2022,True
USDJPY,d1_adx_ge20,fixed,2022-06-21 06:56:00-04:00,-1.0006100000000262,L,2022,True
USDJPY,d1_roc20,trail,2022-06-21 06:56:00-04:00,0.5509249999999922,L,2022,True
USDJPY,none,fixed,2022-06-21 06:56:00-04:00,-1.0006100000000262,L,2022,True
USDJPY,w1_dow_nocounter,fixed,2022-06-21 06:56:00-04:00,-1.0006100000000262,L,2022,True
USDJPY,w1_dow_nocounter,trail,2022-06-21 06:56:00-04:00,0.5509249999999922,L,2022,True
USDJPY,d1_adx_ge20,trail,2022-06-21 06:56:00-04:00,0.5509249999999922,L,2022,True
USDJPY,d1roc_h4ma,fixed,2022-06-21 06:56:00-04:00,-1.0006100000000262,L,2022,True
USDJPY,w1_dow_strict,fixed,2022-06-21 06:56:00-04:00,-1.0006100000000262,L,2022,True
USDJPY,none,trail,2022-06-21 06:56:00-04:00,0.5509249999999922,L,2022,True
USDJPY,h4_ma_nocounter,trail,2022-06-21 06:56:00-04:00,0.5509249999999922,L,2022,True
USDJPY,d1_roc20,fixed,2022-06-21 06:56:00-04:00,-1.0006100000000262,L,2022,True
USDJPY,w1_dow_strict,trail,2022-06-21 06:56:00-04:00,0.5509249999999922,L,2022,True
USDCHF,d1_adx_ge20,fixed,2022-06-22 09:22:00-04:00,-1.0378549500000074,S,2022,True
USDCHF,none,fixed,2022-06-22 09:22:00-04:00,-1.0378549500000074,S,2022,True
USDCHF,d1_adx_ge20,trail,2022-06-22 09:22:00-04:00,-1.0378549500000074,S,2022,True
USDCHF,h4_ma_nocounter,trail,2022-06-22 09:22:00-04:00,-1.0378549500000074,S,2022,True
USDCHF,none,trail,2022-06-22 09:22:00-04:00,-1.0378549500000074,S,2022,True
USDCHF,h4_ma_nocounter,fixed,2022-06-22 09:22:00-04:00,-1.0378549500000074,S,2022,True
EURUSD,h4_ma_nocounter,trail,2022-06-22 10:51:00-04:00,-1.0092574999999675,L,2022,True
EURUSD,d1_adx_lt25,trail,2022-06-22 10:51:00-04:00,-1.0092574999999675,L,2022,True
EURUSD,none,fixed,2022-06-22 10:51:00-04:00,-1.0092574999999675,L,2022,True
EURUSD,d1_adx_lt25,fixed,2022-06-22 10:51:00-04:00,-1.0092574999999675,L,2022,True
EURUSD,d1_adx_ge20,fixed,2022-06-22 10:51:00-04:00,-1.0092574999999675,L,2022,True
EURUSD,d1_adx_ge20,trail,2022-06-22 10:51:00-04:00,-1.0092574999999675,L,2022,True
EURUSD,h4_ma_nocounter,fixed,2022-06-22 10:51:00-04:00,-1.0092574999999675,L,2022,True
EURUSD,none,trail,2022-06-22 10:51:00-04:00,-1.0092574999999675,L,2022,True
AUDUSD,d1roc_h4ma,fixed,2022-06-29 05:56:00-04:00,-1.0205240500000174,S,2022,True
AUDUSD,h4_ma_nocounter,fixed,2022-06-29 05:56:00-04:00,-1.0205240500000174,S,2022,True
AUDUSD,d1_roc20,trail,2022-06-29 05:56:00-04:00,-0.7239532000000145,S,2022,True
AUDUSD,h4_ma_aligned,trail,2022-06-29 05:56:00-04:00,-0.7239532000000145,S,2022,True
AUDUSD,none,trail,2022-06-29 05:56:00-04:00,-0.7239532000000145,S,2022,True
AUDUSD,d1roc_h4ma,trail,2022-06-29 05:56:00-04:00,-0.7239532000000145,S,2022,True
AUDUSD,h4_ma_nocounter,trail,2022-06-29 05:56:00-04:00,-0.7239532000000145,S,2022,True
AUDUSD,none,fixed,2022-06-29 05:56:00-04:00,-1.0205240500000174,S,2022,True
AUDUSD,d1_adx_lt25,fixed,2022-06-29 05:56:00-04:00,-1.0205240500000174,S,2022,True
AUDUSD,d1_adx_ge20,trail,2022-06-29 05:56:00-04:00,-0.7239532000000145,S,2022,True
AUDUSD,d1_roc20,fixed,2022-06-29 05:56:00-04:00,-1.0205240500000174,S,2022,True
AUDUSD,w1_dow_nocounter,fixed,2022-06-29 05:56:00-04:00,-1.0205240500000174,S,2022,True
AUDUSD,d1_adx_lt25,trail,2022-06-29 05:56:00-04:00,-0.7239532000000145,S,2022,True
AUDUSD,d1_adx_ge20,fixed,2022-06-29 05:56:00-04:00,-1.0205240500000174,S,2022,True
AUDUSD,h4_ma_aligned,fixed,2022-06-29 05:56:00-04:00,-1.0205240500000174,S,2022,True
AUDUSD,w1_dow_nocounter,trail,2022-06-29 05:56:00-04:00,-0.7239532000000145,S,2022,True
GBPUSD,w1_dow_nocounter,fixed,2022-06-29 05:59:00-04:00,1.6439915499999846,S,2022,True
GBPUSD,none,trail,2022-06-29 05:59:00-04:00,-0.10293820000002751,S,2022,True
GBPUSD,h4_ma_nocounter,trail,2022-06-29 05:59:00-04:00,-0.10293820000002751,S,2022,True
GBPUSD,d1_adx_ge20,fixed,2022-06-29 05:59:00-04:00,1.6439915499999846,S,2022,True
GBPUSD,d1_adx_ge20,trail,2022-06-29 05:59:00-04:00,-0.10293820000002751,S,2022,True
GBPUSD,h4_ma_aligned,fixed,2022-06-29 05:59:00-04:00,1.6439915499999846,S,2022,True
GBPUSD,h4_ma_nocounter,fixed,2022-06-29 05:59:00-04:00,1.6439915499999846,S,2022,True
GBPUSD,d1_roc20,trail,2022-06-29 05:59:00-04:00,-0.10293820000002751,S,2022,True
GBPUSD,d1roc_h4ma,trail,2022-06-29 05:59:00-04:00,-0.10293820000002751,S,2022,True
GBPUSD,d1roc_h4ma,fixed,2022-06-29 05:59:00-04:00,1.6439915499999846,S,2022,True
GBPUSD,w1_dow_nocounter,trail,2022-06-29 05:59:00-04:00,-0.10293820000002751,S,2022,True
GBPUSD,h4_ma_aligned,trail,2022-06-29 05:59:00-04:00,-0.10293820000002751,S,2022,True
GBPUSD,w1_dow_strict,fixed,2022-06-29 05:59:00-04:00,1.6439915499999846,S,2022,True
GBPUSD,w1_dow_strict,trail,2022-06-29 05:59:00-04:00,-0.10293820000002751,S,2022,True
GBPUSD,d1_roc20,fixed,2022-06-29 05:59:00-04:00,1.6439915499999846,S,2022,True
GBPUSD,none,fixed,2022-06-29 05:59:00-04:00,1.6439915499999846,S,2022,True
USDJPY,d1_adx_ge20,fixed,2022-06-29 09:15:00-04:00,-1.003434999999994,L,2022,True
USDJPY,h4_ma_nocounter,trail,2022-06-29 09:15:00-04:00,-0.590719999999993,L,2022,True
USDJPY,w1_dow_nocounter,trail,2022-06-29 09:15:00-04:00,-0.590719999999993,L,2022,True
USDJPY,d1roc_h4ma,fixed,2022-06-29 09:15:00-04:00,-1.003434999999994,L,2022,True
USDJPY,d1_roc20,fixed,2022-06-29 09:15:00-04:00,-1.003434999999994,L,2022,True
USDJPY,h4_ma_nocounter,fixed,2022-06-29 09:15:00-04:00,-1.003434999999994,L,2022,True
USDJPY,d1_adx_ge20,trail,2022-06-29 09:15:00-04:00,-0.590719999999993,L,2022,True
USDJPY,h4_ma_aligned,trail,2022-06-29 09:15:00-04:00,-0.590719999999993,L,2022,True
USDJPY,w1_dow_strict,trail,2022-06-29 09:15:00-04:00,-0.590719999999993,L,2022,True
USDJPY,none,trail,2022-06-29 09:15:00-04:00,-0.590719999999993,L,2022,True
USDJPY,none,fixed,2022-06-29 09:15:00-04:00,-1.003434999999994,L,2022,True
USDJPY,d1_roc20,trail,2022-06-29 09:15:00-04:00,-0.590719999999993,L,2022,True
USDJPY,w1_dow_strict,fixed,2022-06-29 09:15:00-04:00,-1.003434999999994,L,2022,True
USDJPY,w1_dow_nocounter,fixed,2022-06-29 09:15:00-04:00,-1.003434999999994,L,2022,True
USDJPY,h4_ma_aligned,fixed,2022-06-29 09:15:00-04:00,-1.003434999999994,L,2022,True
USDJPY,d1roc_h4ma,trail,2022-06-29 09:15:00-04:00,-0.590719999999993,L,2022,True
EURUSD,d1_adx_ge20,trail,2022-07-05 04:06:00-04:00,2.047144399999987,S,2022,True
EURUSD,d1_adx_ge20,fixed,2022-07-05 04:06:00-04:00,1.655119249999973,S,2022,True
EURUSD,w1_dow_nocounter,trail,2022-07-05 04:06:00-04:00,2.047144399999987,S,2022,True
EURUSD,d1_adx_lt25,fixed,2022-07-05 04:06:00-04:00,1.655119249999973,S,2022,True
EURUSD,none,fixed,2022-07-05 04:06:00-04:00,1.655119249999973,S,2022,True
EURUSD,d1_roc20,trail,2022-07-05 04:06:00-04:00,2.047144399999987,S,2022,True
EURUSD,d1_roc20,fixed,2022-07-05 04:06:00-04:00,1.655119249999973,S,2022,True
EURUSD,w1_dow_strict,trail,2022-07-05 04:06:00-04:00,2.047144399999987,S,2022,True
EURUSD,d1roc_h4ma,fixed,2022-07-05 04:06:00-04:00,1.655119249999973,S,2022,True
EURUSD,h4_ma_nocounter,fixed,2022-07-05 04:06:00-04:00,1.655119249999973,S,2022,True
EURUSD,d1roc_h4ma,trail,2022-07-05 04:06:00-04:00,2.047144399999987,S,2022,True
EURUSD,w1_dow_nocounter,fixed,2022-07-05 04:06:00-04:00,1.655119249999973,S,2022,True
EURUSD,h4_ma_aligned,trail,2022-07-05 04:06:00-04:00,2.047144399999987,S,2022,True
EURUSD,w1_dow_strict,fixed,2022-07-05 04:06:00-04:00,1.655119249999973,S,2022,True
EURUSD,d1_adx_lt25,trail,2022-07-05 04:06:00-04:00,2.047144399999987,S,2022,True
EURUSD,h4_ma_aligned,fixed,2022-07-05 04:06:00-04:00,1.655119249999973,S,2022,True
EURUSD,h4_ma_nocounter,trail,2022-07-05 04:06:00-04:00,2.047144399999987,S,2022,True
EURUSD,none,trail,2022-07-05 04:06:00-04:00,2.047144399999987,S,2022,True
USDJPY,h4_ma_nocounter,fixed,2022-07-10 21:40:00-04:00,1.657914999999978,L,2022,True
USDJPY,d1_roc20,trail,2022-07-10 21:40:00-04:00,0.029539999999968623,L,2022,True
USDJPY,none,trail,2022-07-10 21:40:00-04:00,0.029539999999968623,L,2022,True
USDJPY,none,fixed,2022-07-10 21:40:00-04:00,1.657914999999978,L,2022,True
USDJPY,d1roc_h4ma,fixed,2022-07-10 21:40:00-04:00,1.657914999999978,L,2022,True
USDJPY,w1_dow_nocounter,trail,2022-07-10 21:40:00-04:00,0.029539999999968623,L,2022,True
USDJPY,w1_dow_nocounter,fixed,2022-07-10 21:40:00-04:00,1.657914999999978,L,2022,True
USDJPY,d1_adx_ge20,fixed,2022-07-10 21:40:00-04:00,1.657914999999978,L,2022,True
USDJPY,h4_ma_nocounter,trail,2022-07-10 21:40:00-04:00,0.029539999999968623,L,2022,True
USDJPY,d1_adx_ge20,trail,2022-07-10 21:40:00-04:00,0.029539999999968623,L,2022,True
USDJPY,w1_dow_strict,fixed,2022-07-10 21:40:00-04:00,1.657914999999978,L,2022,True
USDJPY,d1roc_h4ma,trail,2022-07-10 21:40:00-04:00,0.029539999999968623,L,2022,True
USDJPY,d1_roc20,fixed,2022-07-10 21:40:00-04:00,1.657914999999978,L,2022,True
USDJPY,w1_dow_strict,trail,2022-07-10 21:40:00-04:00,0.029539999999968623,L,2022,True
AUDUSD,w1_dow_strict,trail,2022-07-11 08:32:00-04:00,0.30328085000000005,S,2022,True
AUDUSD,d1_roc20,fixed,2022-07-11 08:32:00-04:00,-1.017500700000005,S,2022,True
AUDUSD,d1roc_h4ma,trail,2022-07-11 08:32:00-04:00,0.30328085000000005,S,2022,True
AUDUSD,d1_adx_ge20,fixed,2022-07-11 08:32:00-04:00,-1.017500700000005,S,2022,True
AUDUSD,h4_ma_nocounter,fixed,2022-07-11 08:32:00-04:00,-1.017500700000005,S,2022,True
AUDUSD,w1_dow_nocounter,trail,2022-07-11 08:32:00-04:00,0.30328085000000005,S,2022,True
AUDUSD,none,fixed,2022-07-11 08:32:00-04:00,-1.017500700000005,S,2022,True
AUDUSD,d1_roc20,trail,2022-07-11 08:32:00-04:00,0.30328085000000005,S,2022,True
AUDUSD,d1roc_h4ma,fixed,2022-07-11 08:32:00-04:00,-1.017500700000005,S,2022,True
AUDUSD,h4_ma_aligned,trail,2022-07-11 08:32:00-04:00,0.30328085000000005,S,2022,True
AUDUSD,h4_ma_aligned,fixed,2022-07-11 08:32:00-04:00,-1.017500700000005,S,2022,True
AUDUSD,none,trail,2022-07-11 08:32:00-04:00,0.30328085000000005,S,2022,True
AUDUSD,h4_ma_nocounter,trail,2022-07-11 08:32:00-04:00,0.30328085000000005,S,2022,True
AUDUSD,w1_dow_nocounter,fixed,2022-07-11 08:32:00-04:00,-1.017500700000005,S,2022,True
AUDUSD,d1_adx_ge20,trail,2022-07-11 08:32:00-04:00,0.30328085000000005,S,2022,True
AUDUSD,w1_dow_strict,fixed,2022-07-11 08:32:00-04:00,-1.017500700000005,S,2022,True
GBPUSD,h4_ma_aligned,fixed,2022-07-11 10:20:00-04:00,-1.0151509000000027,S,2022,True
GBPUSD,h4_ma_aligned,trail,2022-07-11 10:20:00-04:00,-0.4351989500000005,S,2022,True
GBPUSD,w1_dow_strict,trail,2022-07-11 10:20:00-04:00,-0.4351989500000005,S,2022,True
GBPUSD,w1_dow_nocounter,fixed,2022-07-11 10:20:00-04:00,-1.0151509000000027,S,2022,True
GBPUSD,h4_ma_nocounter,fixed,2022-07-11 10:20:00-04:00,-1.0151509000000027,S,2022,True
GBPUSD,none,trail,2022-07-11 10:20:00-04:00,-0.4351989500000005,S,2022,True
GBPUSD,d1_roc20,fixed,2022-07-11 10:20:00-04:00,-1.0151509000000027,S,2022,True
GBPUSD,d1roc_h4ma,trail,2022-07-11 10:20:00-04:00,-0.4351989500000005,S,2022,True
GBPUSD,none,fixed,2022-07-11 10:20:00-04:00,-1.0151509000000027,S,2022,True
GBPUSD,d1_roc20,trail,2022-07-11 10:20:00-04:00,-0.4351989500000005,S,2022,True
GBPUSD,w1_dow_strict,fixed,2022-07-11 10:20:00-04:00,-1.0151509000000027,S,2022,True
GBPUSD,d1_adx_ge20,fixed,2022-07-11 10:20:00-04:00,-1.0151509000000027,S,2022,True
GBPUSD,d1_adx_ge20,trail,2022-07-11 10:20:00-04:00,-0.4351989500000005,S,2022,True
GBPUSD,w1_dow_nocounter,trail,2022-07-11 10:20:00-04:00,-0.4351989500000005,S,2022,True
GBPUSD,d1roc_h4ma,fixed,2022-07-11 10:20:00-04:00,-1.0151509000000027,S,2022,True
GBPUSD,h4_ma_nocounter,trail,2022-07-11 10:20:00-04:00,-0.4351989500000005,S,2022,True
AUDUSD,d1_adx_ge20,trail,2022-07-19 03:36:00-04:00,0.3611002000000065,L,2022,True
AUDUSD,none,trail,2022-07-19 03:36:00-04:00,0.3611002000000065,L,2022,True
AUDUSD,d1_adx_ge20,fixed,2022-07-19 03:36:00-04:00,1.6489612999999914,L,2022,True
AUDUSD,none,fixed,2022-07-19 03:36:00-04:00,1.6489612999999914,L,2022,True
USDCHF,w1_dow_nocounter,trail,2022-07-27 14:53:00-04:00,1.927744349999982,S,2022,True
USDCHF,w1_dow_strict,trail,2022-07-27 14:53:00-04:00,1.927744349999982,S,2022,True
USDCHF,w1_dow_strict,fixed,2022-07-27 14:53:00-04:00,1.6180205000000003,S,2022,True
USDCHF,d1_adx_lt25,fixed,2022-07-27 14:53:00-04:00,1.6180205000000003,S,2022,True
USDCHF,h4_ma_nocounter,trail,2022-07-27 14:53:00-04:00,1.927744349999982,S,2022,True
USDCHF,h4_ma_aligned,fixed,2022-07-27 14:53:00-04:00,1.6180205000000003,S,2022,True
USDCHF,none,trail,2022-07-27 14:53:00-04:00,1.927744349999982,S,2022,True
USDCHF,h4_ma_nocounter,fixed,2022-07-27 14:53:00-04:00,1.6180205000000003,S,2022,True
USDCHF,w1_dow_nocounter,fixed,2022-07-27 14:53:00-04:00,1.6180205000000003,S,2022,True
USDCHF,d1_adx_lt25,trail,2022-07-27 14:53:00-04:00,1.927744349999982,S,2022,True
USDCHF,h4_ma_aligned,trail,2022-07-27 14:53:00-04:00,1.927744349999982,S,2022,True
USDCHF,none,fixed,2022-07-27 14:53:00-04:00,1.6180205000000003,S,2022,True
USDJPY,d1_adx_lt25,trail,2022-07-27 21:20:00-04:00,2.6279849999999754,S,2022,True
USDJPY,none,trail,2022-07-27 21:20:00-04:00,2.6279849999999754,S,2022,True
USDJPY,none,fixed,2022-07-27 21:20:00-04:00,1.6627600000000007,S,2022,True
USDJPY,d1_adx_lt25,fixed,2022-07-27 21:20:00-04:00,1.6627600000000007,S,2022,True
USDJPY,d1roc_h4ma,trail,2022-07-27 21:20:00-04:00,2.6279849999999754,S,2022,True
USDJPY,d1_adx_ge20,fixed,2022-07-27 21:20:00-04:00,1.6627600000000007,S,2022,True
USDJPY,d1roc_h4ma,fixed,2022-07-27 21:20:00-04:00,1.6627600000000007,S,2022,True
USDJPY,d1_roc20,fixed,2022-07-27 21:20:00-04:00,1.6627600000000007,S,2022,True
USDJPY,h4_ma_nocounter,fixed,2022-07-27 21:20:00-04:00,1.6627600000000007,S,2022,True
USDJPY,d1_roc20,trail,2022-07-27 21:20:00-04:00,2.6279849999999754,S,2022,True
USDJPY,h4_ma_nocounter,trail,2022-07-27 21:20:00-04:00,2.6279849999999754,S,2022,True
USDJPY,d1_adx_ge20,trail,2022-07-27 21:20:00-04:00,2.6279849999999754,S,2022,True
EURUSD,d1_adx_ge20,trail,2022-08-01 20:38:00-04:00,-1.0074078000000184,L,2022,True
EURUSD,h4_ma_nocounter,trail,2022-08-01 20:38:00-04:00,-1.0074078000000184,L,2022,True
EURUSD,h4_ma_aligned,trail,2022-08-01 20:38:00-04:00,-1.0074078000000184,L,2022,True
EURUSD,none,trail,2022-08-01 20:38:00-04:00,-1.0074078000000184,L,2022,True
EURUSD,h4_ma_nocounter,fixed,2022-08-01 20:38:00-04:00,-1.0074078000000184,L,2022,True
EURUSD,h4_ma_aligned,fixed,2022-08-01 20:38:00-04:00,-1.0074078000000184,L,2022,True
EURUSD,d1_adx_ge20,fixed,2022-08-01 20:38:00-04:00,-1.0074078000000184,L,2022,True
EURUSD,none,fixed,2022-08-01 20:38:00-04:00,-1.0074078000000184,L,2022,True
AUDUSD,none,fixed,2022-08-10 08:30:00-04:00,1.6415883499999984,L,2022,True
AUDUSD,d1_adx_lt25,fixed,2022-08-10 08:30:00-04:00,1.6415883499999984,L,2022,True
USDCHF,w1_dow_nocounter,trail,2022-08-10 08:30:00-04:00,1.2231518000000048,S,2022,True
USDCHF,d1_adx_lt25,fixed,2022-08-10 08:30:00-04:00,1.6111659499999984,S,2022,True
EURUSD,d1roc_h4ma,fixed,2022-08-10 08:30:00-04:00,1.65394789999996,L,2022,True
AUDUSD,d1roc_h4ma,trail,2022-08-10 08:30:00-04:00,1.144360150000017,L,2022,True
USDCHF,d1_roc20,trail,2022-08-10 08:30:00-04:00,1.2231518000000048,S,2022,True
USDCHF,d1_roc20,fixed,2022-08-10 08:30:00-04:00,1.6111659499999984,S,2022,True
USDCHF,none,trail,2022-08-10 08:30:00-04:00,1.2231518000000048,S,2022,True
AUDUSD,h4_ma_nocounter,trail,2022-08-10 08:30:00-04:00,1.144360150000017,L,2022,True
AUDUSD,d1roc_h4ma,fixed,2022-08-10 08:30:00-04:00,1.6415883499999984,L,2022,True
AUDUSD,d1_roc20,trail,2022-08-10 08:30:00-04:00,1.144360150000017,L,2022,True
EURUSD,d1_adx_ge20,trail,2022-08-10 08:30:00-04:00,0.39042640000000156,L,2022,True
USDCHF,none,fixed,2022-08-10 08:30:00-04:00,1.6111659499999984,S,2022,True
EURUSD,h4_ma_nocounter,trail,2022-08-10 08:30:00-04:00,0.39042640000000156,L,2022,True
EURUSD,d1_adx_ge20,fixed,2022-08-10 08:30:00-04:00,1.65394789999996,L,2022,True
EURUSD,d1_roc20,fixed,2022-08-10 08:30:00-04:00,1.65394789999996,L,2022,True
EURUSD,d1_roc20,trail,2022-08-10 08:30:00-04:00,0.39042640000000156,L,2022,True
USDCHF,h4_ma_nocounter,fixed,2022-08-10 08:30:00-04:00,1.6111659499999984,S,2022,True
EURUSD,h4_ma_nocounter,fixed,2022-08-10 08:30:00-04:00,1.65394789999996,L,2022,True
USDCHF,d1_adx_lt25,trail,2022-08-10 08:30:00-04:00,1.2231518000000048,S,2022,True
AUDUSD,h4_ma_nocounter,fixed,2022-08-10 08:30:00-04:00,1.6415883499999984,L,2022,True
USDCHF,d1roc_h4ma,trail,2022-08-10 08:30:00-04:00,1.2231518000000048,S,2022,True
USDCHF,w1_dow_strict,fixed,2022-08-10 08:30:00-04:00,1.6111659499999984,S,2022,True
AUDUSD,d1_adx_lt25,trail,2022-08-10 08:30:00-04:00,1.144360150000017,L,2022,True
USDCHF,d1roc_h4ma,fixed,2022-08-10 08:30:00-04:00,1.6111659499999984,S,2022,True
USDCHF,h4_ma_nocounter,trail,2022-08-10 08:30:00-04:00,1.2231518000000048,S,2022,True
EURUSD,d1roc_h4ma,trail,2022-08-10 08:30:00-04:00,0.39042640000000156,L,2022,True
EURUSD,none,fixed,2022-08-10 08:30:00-04:00,1.65394789999996,L,2022,True
AUDUSD,none,trail,2022-08-10 08:30:00-04:00,1.144360150000017,L,2022,True
USDCHF,w1_dow_nocounter,fixed,2022-08-10 08:30:00-04:00,1.6111659499999984,S,2022,True
AUDUSD,d1_roc20,fixed,2022-08-10 08:30:00-04:00,1.6415883499999984,L,2022,True
USDCHF,w1_dow_strict,trail,2022-08-10 08:30:00-04:00,1.2231518000000048,S,2022,True
EURUSD,none,trail,2022-08-10 08:30:00-04:00,0.39042640000000156,L,2022,True
EURUSD,w1_dow_strict,fixed,2022-08-16 07:31:00-04:00,-1.0103674999999614,S,2022,True
EURUSD,d1_adx_ge20,trail,2022-08-16 07:31:00-04:00,-1.0103674999999614,S,2022,True
EURUSD,w1_dow_nocounter,trail,2022-08-16 07:31:00-04:00,-1.0103674999999614,S,2022,True
EURUSD,w1_dow_nocounter,fixed,2022-08-16 07:31:00-04:00,-1.0103674999999614,S,2022,True
EURUSD,d1_adx_lt25,fixed,2022-08-16 07:31:00-04:00,-1.0103674999999614,S,2022,True
EURUSD,none,fixed,2022-08-16 07:31:00-04:00,-1.0103674999999614,S,2022,True
EURUSD,w1_dow_strict,trail,2022-08-16 07:31:00-04:00,-1.0103674999999614,S,2022,True
EURUSD,d1_adx_lt25,trail,2022-08-16 07:31:00-04:00,-1.0103674999999614,S,2022,True
EURUSD,d1_adx_ge20,fixed,2022-08-16 07:31:00-04:00,-1.0103674999999614,S,2022,True
EURUSD,none,trail,2022-08-16 07:31:00-04:00,-1.0103674999999614,S,2022,True
GBPUSD,w1_dow_nocounter,trail,2022-08-18 02:47:00-04:00,-1.019461150000002,S,2022,True
GBPUSD,d1_adx_lt25,trail,2022-08-18 02:47:00-04:00,-1.019461150000002,S,2022,True
GBPUSD,h4_ma_nocounter,fixed,2022-08-18 02:47:00-04:00,-1.019461150000002,S,2022,True
GBPUSD,w1_dow_nocounter,fixed,2022-08-18 02:47:00-04:00,-1.019461150000002,S,2022,True
GBPUSD,none,trail,2022-08-18 02:47:00-04:00,-1.019461150000002,S,2022,True
GBPUSD,none,fixed,2022-08-18 02:47:00-04:00,-1.019461150000002,S,2022,True
GBPUSD,w1_dow_strict,fixed,2022-08-18 02:47:00-04:00,-1.019461150000002,S,2022,True
GBPUSD,h4_ma_nocounter,trail,2022-08-18 02:47:00-04:00,-1.019461150000002,S,2022,True
GBPUSD,w1_dow_strict,trail,2022-08-18 02:47:00-04:00,-1.019461150000002,S,2022,True
GBPUSD,d1_adx_lt25,fixed,2022-08-18 02:47:00-04:00,-1.019461150000002,S,2022,True
USDJPY,h4_ma_nocounter,fixed,2022-08-18 12:59:00-04:00,1.6566599999999985,L,2022,True
USDJPY,w1_dow_strict,fixed,2022-08-18 12:59:00-04:00,1.6566599999999985,L,2022,True
USDJPY,d1_adx_ge20,trail,2022-08-18 12:59:00-04:00,1.7937450000000215,L,2022,True
USDJPY,w1_dow_nocounter,trail,2022-08-18 12:59:00-04:00,1.7937450000000215,L,2022,True
USDJPY,w1_dow_strict,trail,2022-08-18 12:59:00-04:00,1.7937450000000215,L,2022,True
USDJPY,d1_adx_ge20,fixed,2022-08-18 12:59:00-04:00,1.6566599999999985,L,2022,True
USDJPY,h4_ma_nocounter,trail,2022-08-18 12:59:00-04:00,1.7937450000000215,L,2022,True
USDJPY,none,trail,2022-08-18 12:59:00-04:00,1.7937450000000215,L,2022,True
USDJPY,w1_dow_nocounter,fixed,2022-08-18 12:59:00-04:00,1.6566599999999985,L,2022,True
USDJPY,none,fixed,2022-08-18 12:59:00-04:00,1.6566599999999985,L,2022,True
AUDUSD,h4_ma_nocounter,trail,2022-08-19 10:52:00-04:00,-0.7585218499999911,S,2022,True
AUDUSD,none,fixed,2022-08-19 10:52:00-04:00,-1.0182472999999896,S,2022,True
AUDUSD,none,trail,2022-08-19 10:52:00-04:00,-0.7585218499999911,S,2022,True
AUDUSD,w1_dow_strict,trail,2022-08-19 10:52:00-04:00,-0.7585218499999911,S,2022,True
AUDUSD,w1_dow_strict,fixed,2022-08-19 10:52:00-04:00,-1.0182472999999896,S,2022,True
AUDUSD,d1_roc20,trail,2022-08-19 10:52:00-04:00,-0.7585218499999911,S,2022,True
AUDUSD,d1roc_h4ma,fixed,2022-08-19 10:52:00-04:00,-1.0182472999999896,S,2022,True
AUDUSD,w1_dow_nocounter,trail,2022-08-19 10:52:00-04:00,-0.7585218499999911,S,2022,True
AUDUSD,w1_dow_nocounter,fixed,2022-08-19 10:52:00-04:00,-1.0182472999999896,S,2022,True
AUDUSD,d1roc_h4ma,trail,2022-08-19 10:52:00-04:00,-0.7585218499999911,S,2022,True
AUDUSD,d1_adx_lt25,fixed,2022-08-19 10:52:00-04:00,-1.0182472999999896,S,2022,True
AUDUSD,d1_adx_lt25,trail,2022-08-19 10:52:00-04:00,-0.7585218499999911,S,2022,True
AUDUSD,d1_roc20,fixed,2022-08-19 10:52:00-04:00,-1.0182472999999896,S,2022,True
AUDUSD,h4_ma_nocounter,fixed,2022-08-19 10:52:00-04:00,-1.0182472999999896,S,2022,True
USDCHF,none,fixed,2022-08-22 11:27:00-04:00,-1.0556876499999854,L,2022,True
USDCHF,d1_adx_lt25,fixed,2022-08-22 11:27:00-04:00,-1.0556876499999854,L,2022,True
USDCHF,none,trail,2022-08-22 11:27:00-04:00,-0.4831732499999947,L,2022,True
USDCHF,h4_ma_nocounter,trail,2022-08-22 11:27:00-04:00,-0.4831732499999947,L,2022,True
USDCHF,d1_adx_lt25,trail,2022-08-22 11:27:00-04:00,-0.4831732499999947,L,2022,True
USDCHF,h4_ma_nocounter,fixed,2022-08-22 11:27:00-04:00,-1.0556876499999854,L,2022,True
USDJPY,h4_ma_nocounter,fixed,2022-08-28 18:01:00-04:00,1.618444999999995,L,2022,True
USDJPY,d1_roc20,fixed,2022-08-28 18:01:00-04:00,1.618444999999995,L,2022,True
USDJPY,none,trail,2022-08-28 18:01:00-04:00,0.666029999999977,L,2022,True
USDJPY,w1_dow_nocounter,trail,2022-08-28 18:01:00-04:00,0.666029999999977,L,2022,True
USDJPY,none,fixed,2022-08-28 18:01:00-04:00,1.618444999999995,L,2022,True
USDJPY,w1_dow_strict,trail,2022-08-28 18:01:00-04:00,0.666029999999977,L,2022,True
USDJPY,d1_adx_lt25,fixed,2022-08-28 18:01:00-04:00,1.618444999999995,L,2022,True
USDJPY,w1_dow_nocounter,fixed,2022-08-28 18:01:00-04:00,1.618444999999995,L,2022,True
USDJPY,h4_ma_aligned,fixed,2022-08-28 18:01:00-04:00,1.618444999999995,L,2022,True
USDJPY,w1_dow_strict,fixed,2022-08-28 18:01:00-04:00,1.618444999999995,L,2022,True
USDJPY,d1roc_h4ma,trail,2022-08-28 18:01:00-04:00,0.666029999999977,L,2022,True
USDJPY,h4_ma_nocounter,trail,2022-08-28 18:01:00-04:00,0.666029999999977,L,2022,True
USDJPY,d1_roc20,trail,2022-08-28 18:01:00-04:00,0.666029999999977,L,2022,True
USDJPY,d1_adx_lt25,trail,2022-08-28 18:01:00-04:00,0.666029999999977,L,2022,True
USDJPY,d1roc_h4ma,fixed,2022-08-28 18:01:00-04:00,1.618444999999995,L,2022,True
USDJPY,h4_ma_aligned,trail,2022-08-28 18:01:00-04:00,0.666029999999977,L,2022,True
GBPUSD,d1_roc20,fixed,2022-08-28 18:09:00-04:00,1.6488017499999834,S,2022,True
GBPUSD,none,fixed,2022-08-28 18:09:00-04:00,1.6488017499999834,S,2022,True
GBPUSD,d1_adx_lt25,trail,2022-08-28 18:09:00-04:00,-0.1369530000000165,S,2022,True
GBPUSD,h4_ma_nocounter,fixed,2022-08-28 18:09:00-04:00,1.6488017499999834,S,2022,True
GBPUSD,h4_ma_aligned,fixed,2022-08-28 18:09:00-04:00,1.6488017499999834,S,2022,True
GBPUSD,w1_dow_strict,fixed,2022-08-28 18:09:00-04:00,1.6488017499999834,S,2022,True
GBPUSD,w1_dow_strict,trail,2022-08-28 18:09:00-04:00,-0.1369530000000165,S,2022,True
GBPUSD,d1roc_h4ma,trail,2022-08-28 18:09:00-04:00,-0.1369530000000165,S,2022,True
GBPUSD,d1_adx_ge20,fixed,2022-08-28 18:09:00-04:00,1.6488017499999834,S,2022,True
GBPUSD,d1_roc20,trail,2022-08-28 18:09:00-04:00,-0.1369530000000165,S,2022,True
GBPUSD,none,trail,2022-08-28 18:09:00-04:00,-0.1369530000000165,S,2022,True
GBPUSD,w1_dow_nocounter,fixed,2022-08-28 18:09:00-04:00,1.6488017499999834,S,2022,True
GBPUSD,w1_dow_nocounter,trail,2022-08-28 18:09:00-04:00,-0.1369530000000165,S,2022,True
GBPUSD,d1_adx_ge20,trail,2022-08-28 18:09:00-04:00,-0.1369530000000165,S,2022,True
GBPUSD,h4_ma_nocounter,trail,2022-08-28 18:09:00-04:00,-0.1369530000000165,S,2022,True
GBPUSD,d1roc_h4ma,fixed,2022-08-28 18:09:00-04:00,1.6488017499999834,S,2022,True
GBPUSD,d1_adx_lt25,fixed,2022-08-28 18:09:00-04:00,1.6488017499999834,S,2022,True
GBPUSD,h4_ma_aligned,trail,2022-08-28 18:09:00-04:00,-0.1369530000000165,S,2022,True
AUDUSD,d1_adx_lt25,trail,2022-08-28 21:21:00-04:00,-1.0168676000000119,S,2022,True
AUDUSD,none,trail,2022-08-28 21:21:00-04:00,-1.0168676000000119,S,2022,True
AUDUSD,h4_ma_nocounter,fixed,2022-08-28 21:21:00-04:00,-1.0168676000000119,S,2022,True
AUDUSD,h4_ma_nocounter,trail,2022-08-28 21:21:00-04:00,-1.0168676000000119,S,2022,True
AUDUSD,w1_dow_nocounter,trail,2022-08-28 21:21:00-04:00,-1.0168676000000119,S,2022,True
AUDUSD,d1_adx_lt25,fixed,2022-08-28 21:21:00-04:00,-1.0168676000000119,S,2022,True
AUDUSD,d1roc_h4ma,fixed,2022-08-28 21:21:00-04:00,-1.0168676000000119,S,2022,True
AUDUSD,d1_roc20,trail,2022-08-28 21:21:00-04:00,-1.0168676000000119,S,2022,True
AUDUSD,w1_dow_strict,trail,2022-08-28 21:21:00-04:00,-1.0168676000000119,S,2022,True
AUDUSD,none,fixed,2022-08-28 21:21:00-04:00,-1.0168676000000119,S,2022,True
AUDUSD,w1_dow_nocounter,fixed,2022-08-28 21:21:00-04:00,-1.0168676000000119,S,2022,True
AUDUSD,w1_dow_strict,fixed,2022-08-28 21:21:00-04:00,-1.0168676000000119,S,2022,True
AUDUSD,d1_roc20,fixed,2022-08-28 21:21:00-04:00,-1.0168676000000119,S,2022,True
AUDUSD,d1roc_h4ma,trail,2022-08-28 21:21:00-04:00,-1.0168676000000119,S,2022,True
USDCHF,none,trail,2022-08-28 21:32:00-04:00,2.0285898000000055,L,2022,True
USDCHF,d1_roc20,trail,2022-08-28 21:32:00-04:00,2.0285898000000055,L,2022,True
USDCHF,h4_ma_aligned,trail,2022-08-28 21:32:00-04:00,2.0285898000000055,L,2022,True
USDCHF,d1_roc20,fixed,2022-08-28 21:32:00-04:00,1.6207449499999869,L,2022,True
USDCHF,none,fixed,2022-08-28 21:32:00-04:00,1.6207449499999869,L,2022,True
USDCHF,h4_ma_nocounter,trail,2022-08-28 21:32:00-04:00,2.0285898000000055,L,2022,True
USDCHF,h4_ma_nocounter,fixed,2022-08-28 21:32:00-04:00,1.6207449499999869,L,2022,True
USDCHF,d1roc_h4ma,trail,2022-08-28 21:32:00-04:00,2.0285898000000055,L,2022,True
USDCHF,h4_ma_aligned,fixed,2022-08-28 21:32:00-04:00,1.6207449499999869,L,2022,True
USDCHF,d1_adx_lt25,trail,2022-08-28 21:32:00-04:00,2.0285898000000055,L,2022,True
USDCHF,d1_adx_lt25,fixed,2022-08-28 21:32:00-04:00,1.6207449499999869,L,2022,True
USDCHF,d1roc_h4ma,fixed,2022-08-28 21:32:00-04:00,1.6207449499999869,L,2022,True
EURUSD,none,trail,2022-09-05 01:04:00-04:00,-0.7225775999999999,S,2022,True
EURUSD,d1_adx_ge20,trail,2022-09-05 01:04:00-04:00,-0.7225775999999999,S,2022,True
EURUSD,none,fixed,2022-09-05 01:04:00-04:00,-1.007607500000008,S,2022,True
EURUSD,h4_ma_nocounter,trail,2022-09-05 01:04:00-04:00,-0.7225775999999999,S,2022,True
EURUSD,d1_adx_ge20,fixed,2022-09-05 01:04:00-04:00,-1.007607500000008,S,2022,True
EURUSD,w1_dow_strict,fixed,2022-09-05 01:04:00-04:00,-1.007607500000008,S,2022,True
EURUSD,w1_dow_nocounter,fixed,2022-09-05 01:04:00-04:00,-1.007607500000008,S,2022,True
EURUSD,d1roc_h4ma,trail,2022-09-05 01:04:00-04:00,-0.7225775999999999,S,2022,True
EURUSD,w1_dow_nocounter,trail,2022-09-05 01:04:00-04:00,-0.7225775999999999,S,2022,True
EURUSD,d1_roc20,trail,2022-09-05 01:04:00-04:00,-0.7225775999999999,S,2022,True
EURUSD,d1roc_h4ma,fixed,2022-09-05 01:04:00-04:00,-1.007607500000008,S,2022,True
EURUSD,h4_ma_nocounter,fixed,2022-09-05 01:04:00-04:00,-1.007607500000008,S,2022,True
EURUSD,w1_dow_strict,trail,2022-09-05 01:04:00-04:00,-0.7225775999999999,S,2022,True
EURUSD,d1_roc20,fixed,2022-09-05 01:04:00-04:00,-1.007607500000008,S,2022,True
EURUSD,d1_adx_ge20,trail,2022-09-09 03:11:00-04:00,0.4509083500000215,L,2022,True
EURUSD,none,trail,2022-09-09 03:11:00-04:00,0.4509083500000215,L,2022,True
EURUSD,none,fixed,2022-09-09 03:11:00-04:00,1.659205200000022,L,2022,True
EURUSD,d1_adx_ge20,fixed,2022-09-09 03:11:00-04:00,1.659205200000022,L,2022,True
EURUSD,d1_adx_lt25,trail,2022-09-09 03:11:00-04:00,0.4509083500000215,L,2022,True
EURUSD,d1_adx_lt25,fixed,2022-09-09 03:11:00-04:00,1.659205200000022,L,2022,True
USDCHF,none,fixed,2022-09-09 04:41:00-04:00,1.6259034500000071,S,2022,True
USDCHF,d1_adx_ge20,trail,2022-09-09 04:41:00-04:00,0.5623686000000001,S,2022,True
USDCHF,none,trail,2022-09-09 04:41:00-04:00,0.5623686000000001,S,2022,True
USDCHF,w1_dow_strict,fixed,2022-09-09 04:41:00-04:00,1.6259034500000071,S,2022,True
USDCHF,w1_dow_strict,trail,2022-09-09 04:41:00-04:00,0.5623686000000001,S,2022,True
USDCHF,d1_adx_ge20,fixed,2022-09-09 04:41:00-04:00,1.6259034500000071,S,2022,True
USDCHF,w1_dow_nocounter,trail,2022-09-09 04:41:00-04:00,0.5623686000000001,S,2022,True
USDCHF,w1_dow_nocounter,fixed,2022-09-09 04:41:00-04:00,1.6259034500000071,S,2022,True
AUDUSD,none,fixed,2022-09-15 15:11:00-04:00,1.6503021000000055,S,2022,True
AUDUSD,w1_dow_strict,trail,2022-09-15 15:11:00-04:00,-0.4975196499999974,S,2022,True
AUDUSD,h4_ma_nocounter,trail,2022-09-15 15:11:00-04:00,-0.4975196499999974,S,2022,True
AUDUSD,d1_adx_lt25,fixed,2022-09-15 15:11:00-04:00,1.6503021000000055,S,2022,True
AUDUSD,w1_dow_nocounter,trail,2022-09-15 15:11:00-04:00,-0.4975196499999974,S,2022,True
AUDUSD,d1_adx_lt25,trail,2022-09-15 15:11:00-04:00,-0.4975196499999974,S,2022,True
AUDUSD,d1_roc20,fixed,2022-09-15 15:11:00-04:00,1.6503021000000055,S,2022,True
AUDUSD,d1roc_h4ma,trail,2022-09-15 15:11:00-04:00,-0.4975196499999974,S,2022,True
AUDUSD,w1_dow_strict,fixed,2022-09-15 15:11:00-04:00,1.6503021000000055,S,2022,True
AUDUSD,h4_ma_nocounter,fixed,2022-09-15 15:11:00-04:00,1.6503021000000055,S,2022,True
AUDUSD,d1_roc20,trail,2022-09-15 15:11:00-04:00,-0.4975196499999974,S,2022,True
AUDUSD,w1_dow_nocounter,fixed,2022-09-15 15:11:00-04:00,1.6503021000000055,S,2022,True
AUDUSD,d1roc_h4ma,fixed,2022-09-15 15:11:00-04:00,1.6503021000000055,S,2022,True
AUDUSD,none,trail,2022-09-15 15:11:00-04:00,-0.4975196499999974,S,2022,True
GBPUSD,d1_roc20,trail,2022-09-16 03:39:00-04:00,-0.5964468500000057,S,2022,True
GBPUSD,d1roc_h4ma,trail,2022-09-16 03:39:00-04:00,-0.5964468500000057,S,2022,True
GBPUSD,h4_ma_nocounter,trail,2022-09-16 03:39:00-04:00,-0.5964468500000057,S,2022,True
GBPUSD,w1_dow_strict,trail,2022-09-16 03:39:00-04:00,-0.5964468500000057,S,2022,True
GBPUSD,d1_roc20,fixed,2022-09-16 03:39:00-04:00,1.6479554000000036,S,2022,True
GBPUSD,d1_adx_ge20,trail,2022-09-16 03:39:00-04:00,-0.5964468500000057,S,2022,True
GBPUSD,d1_adx_ge20,fixed,2022-09-16 03:39:00-04:00,1.6479554000000036,S,2022,True
GBPUSD,none,trail,2022-09-16 03:39:00-04:00,-0.5964468500000057,S,2022,True
GBPUSD,h4_ma_nocounter,fixed,2022-09-16 03:39:00-04:00,1.6479554000000036,S,2022,True
GBPUSD,h4_ma_aligned,trail,2022-09-16 03:39:00-04:00,-0.5964468500000057,S,2022,True
GBPUSD,w1_dow_nocounter,fixed,2022-09-16 03:39:00-04:00,1.6479554000000036,S,2022,True
GBPUSD,w1_dow_nocounter,trail,2022-09-16 03:39:00-04:00,-0.5964468500000057,S,2022,True
GBPUSD,w1_dow_strict,fixed,2022-09-16 03:39:00-04:00,1.6479554000000036,S,2022,True
GBPUSD,d1roc_h4ma,fixed,2022-09-16 03:39:00-04:00,1.6479554000000036,S,2022,True
GBPUSD,none,fixed,2022-09-16 03:39:00-04:00,1.6479554000000036,S,2022,True
GBPUSD,h4_ma_aligned,fixed,2022-09-16 03:39:00-04:00,1.6479554000000036,S,2022,True
EURUSD,w1_dow_nocounter,fixed,2022-09-21 14:00:00-04:00,1.6586922500000052,S,2022,True
EURUSD,none,fixed,2022-09-21 14:00:00-04:00,1.6586922500000052,S,2022,True
EURUSD,d1_adx_lt25,fixed,2022-09-21 14:00:00-04:00,1.6586922500000052,S,2022,True
EURUSD,w1_dow_strict,trail,2022-09-21 14:00:00-04:00,4.469933599999994,S,2022,True
EURUSD,d1_adx_lt25,trail,2022-09-21 14:00:00-04:00,4.469933599999994,S,2022,True
EURUSD,d1_roc20,fixed,2022-09-21 14:00:00-04:00,1.6586922500000052,S,2022,True
EURUSD,w1_dow_nocounter,trail,2022-09-21 14:00:00-04:00,4.469933599999994,S,2022,True
EURUSD,d1roc_h4ma,fixed,2022-09-21 14:00:00-04:00,1.6586922500000052,S,2022,True
EURUSD,none,trail,2022-09-21 14:00:00-04:00,4.469933599999994,S,2022,True
EURUSD,d1_roc20,trail,2022-09-21 14:00:00-04:00,4.469933599999994,S,2022,True
EURUSD,h4_ma_nocounter,fixed,2022-09-21 14:00:00-04:00,1.6586922500000052,S,2022,True
EURUSD,h4_ma_nocounter,trail,2022-09-21 14:00:00-04:00,4.469933599999994,S,2022,True
EURUSD,w1_dow_strict,fixed,2022-09-21 14:00:00-04:00,1.6586922500000052,S,2022,True
EURUSD,d1roc_h4ma,trail,2022-09-21 14:00:00-04:00,4.469933599999994,S,2022,True
USDJPY,h4_ma_aligned,fixed,2022-09-21 22:52:00-04:00,-1.0032149999999906,L,2022,True
USDJPY,w1_dow_strict,trail,2022-09-21 22:52:00-04:00,-1.0032149999999906,L,2022,True
USDJPY,w1_dow_nocounter,trail,2022-09-21 22:52:00-04:00,-1.0032149999999906,L,2022,True
USDJPY,d1_roc20,fixed,2022-09-21 22:52:00-04:00,-1.0032149999999906,L,2022,True
USDJPY,w1_dow_strict,fixed,2022-09-21 22:52:00-04:00,-1.0032149999999906,L,2022,True
USDJPY,h4_ma_aligned,trail,2022-09-21 22:52:00-04:00,-1.0032149999999906,L,2022,True
USDJPY,h4_ma_nocounter,trail,2022-09-21 22:52:00-04:00,-1.0032149999999906,L,2022,True
USDJPY,none,fixed,2022-09-21 22:52:00-04:00,-1.0032149999999906,L,2022,True
USDJPY,d1roc_h4ma,trail,2022-09-21 22:52:00-04:00,-1.0032149999999906,L,2022,True
USDJPY,d1_adx_ge20,fixed,2022-09-21 22:52:00-04:00,-1.0032149999999906,L,2022,True
USDJPY,d1roc_h4ma,fixed,2022-09-21 22:52:00-04:00,-1.0032149999999906,L,2022,True
USDJPY,w1_dow_nocounter,fixed,2022-09-21 22:52:00-04:00,-1.0032149999999906,L,2022,True
USDJPY,d1_roc20,trail,2022-09-21 22:52:00-04:00,-1.0032149999999906,L,2022,True
USDJPY,none,trail,2022-09-21 22:52:00-04:00,-1.0032149999999906,L,2022,True
USDJPY,d1_adx_ge20,trail,2022-09-21 22:52:00-04:00,-1.0032149999999906,L,2022,True
USDJPY,h4_ma_nocounter,fixed,2022-09-21 22:52:00-04:00,-1.0032149999999906,L,2022,True
USDJPY,d1_adx_ge20,fixed,2022-09-22 04:41:00-04:00,-1.0014750000000052,S,2022,True
USDJPY,none,fixed,2022-09-22 04:41:00-04:00,-1.0014750000000052,S,2022,True
USDJPY,d1_adx_ge20,trail,2022-09-22 04:41:00-04:00,-1.0004900000000005,S,2022,True
USDJPY,none,trail,2022-09-22 04:41:00-04:00,-1.0004900000000005,S,2022,True
USDCHF,d1_roc20,fixed,2022-09-26 02:37:00-04:00,-1.028039349999999,L,2022,True
USDCHF,h4_ma_nocounter,trail,2022-09-26 02:37:00-04:00,-0.2996104999999995,L,2022,True
USDCHF,d1_adx_lt25,fixed,2022-09-26 02:37:00-04:00,-1.028039349999999,L,2022,True
USDCHF,d1_adx_ge20,fixed,2022-09-26 02:37:00-04:00,-1.028039349999999,L,2022,True
USDCHF,d1roc_h4ma,trail,2022-09-26 02:37:00-04:00,-0.2996104999999995,L,2022,True
USDCHF,d1_adx_ge20,trail,2022-09-26 02:37:00-04:00,-0.2996104999999995,L,2022,True
USDCHF,d1_roc20,trail,2022-09-26 02:37:00-04:00,-0.2996104999999995,L,2022,True
USDCHF,h4_ma_nocounter,fixed,2022-09-26 02:37:00-04:00,-1.028039349999999,L,2022,True
USDCHF,none,fixed,2022-09-26 02:37:00-04:00,-1.028039349999999,L,2022,True
USDCHF,d1roc_h4ma,fixed,2022-09-26 02:37:00-04:00,-1.028039349999999,L,2022,True
USDCHF,d1_adx_lt25,trail,2022-09-26 02:37:00-04:00,-0.2996104999999995,L,2022,True
USDCHF,none,trail,2022-09-26 02:37:00-04:00,-0.2996104999999995,L,2022,True
USDJPY,w1_dow_nocounter,fixed,2022-10-03 00:02:00-04:00,-1.0053649999999719,L,2022,True
USDJPY,d1roc_h4ma,fixed,2022-10-03 00:02:00-04:00,-1.0053649999999719,L,2022,True
USDJPY,d1_roc20,fixed,2022-10-03 00:02:00-04:00,-1.0053649999999719,L,2022,True
USDJPY,d1roc_h4ma,trail,2022-10-03 00:02:00-04:00,-0.7130500000000103,L,2022,True
USDJPY,h4_ma_aligned,fixed,2022-10-03 00:02:00-04:00,-1.0053649999999719,L,2022,True
USDJPY,h4_ma_nocounter,fixed,2022-10-03 00:02:00-04:00,-1.0053649999999719,L,2022,True
USDJPY,d1_roc20,trail,2022-10-03 00:02:00-04:00,-0.7130500000000103,L,2022,True
USDJPY,none,trail,2022-10-03 00:02:00-04:00,-0.7130500000000103,L,2022,True
USDJPY,d1_adx_ge20,trail,2022-10-03 00:02:00-04:00,-0.7130500000000103,L,2022,True
USDJPY,h4_ma_aligned,trail,2022-10-03 00:02:00-04:00,-0.7130500000000103,L,2022,True
USDJPY,w1_dow_nocounter,trail,2022-10-03 00:02:00-04:00,-0.7130500000000103,L,2022,True
USDJPY,none,fixed,2022-10-03 00:02:00-04:00,-1.0053649999999719,L,2022,True
USDJPY,d1_adx_ge20,fixed,2022-10-03 00:02:00-04:00,-1.0053649999999719,L,2022,True
USDJPY,w1_dow_strict,fixed,2022-10-03 00:02:00-04:00,-1.0053649999999719,L,2022,True
USDJPY,h4_ma_nocounter,trail,2022-10-03 00:02:00-04:00,-0.7130500000000103,L,2022,True
USDJPY,w1_dow_strict,trail,2022-10-03 00:02:00-04:00,-0.7130500000000103,L,2022,True
USDCHF,d1_adx_ge20,trail,2022-10-07 08:49:00-04:00,0.6046118499999931,L,2022,True
USDCHF,d1_roc20,trail,2022-10-07 08:49:00-04:00,0.6046118499999931,L,2022,True
USDCHF,h4_ma_nocounter,trail,2022-10-07 08:49:00-04:00,0.6046118499999931,L,2022,True
USDCHF,d1_roc20,fixed,2022-10-07 08:49:00-04:00,1.6279241499999964,L,2022,True
USDCHF,w1_dow_nocounter,trail,2022-10-07 08:49:00-04:00,0.6046118499999931,L,2022,True
USDCHF,d1_adx_lt25,fixed,2022-10-07 08:49:00-04:00,1.6279241499999964,L,2022,True
USDCHF,none,trail,2022-10-07 08:49:00-04:00,0.6046118499999931,L,2022,True
USDCHF,d1_adx_ge20,fixed,2022-10-07 08:49:00-04:00,1.6279241499999964,L,2022,True
USDCHF,d1roc_h4ma,trail,2022-10-07 08:49:00-04:00,0.6046118499999931,L,2022,True
USDCHF,w1_dow_nocounter,fixed,2022-10-07 08:49:00-04:00,1.6279241499999964,L,2022,True
USDCHF,d1_adx_lt25,trail,2022-10-07 08:49:00-04:00,0.6046118499999931,L,2022,True
USDCHF,h4_ma_nocounter,fixed,2022-10-07 08:49:00-04:00,1.6279241499999964,L,2022,True
USDCHF,d1roc_h4ma,fixed,2022-10-07 08:49:00-04:00,1.6279241499999964,L,2022,True
USDCHF,none,fixed,2022-10-07 08:49:00-04:00,1.6279241499999964,L,2022,True
USDJPY,h4_ma_nocounter,fixed,2022-10-07 08:51:00-04:00,1.6558399999999878,L,2022,True
USDJPY,w1_dow_strict,fixed,2022-10-07 08:51:00-04:00,1.6558399999999878,L,2022,True
USDJPY,d1_roc20,trail,2022-10-07 08:51:00-04:00,0.4501049999999796,L,2022,True
USDJPY,d1_adx_ge20,fixed,2022-10-07 08:51:00-04:00,1.6558399999999878,L,2022,True
USDJPY,d1roc_h4ma,fixed,2022-10-07 08:51:00-04:00,1.6558399999999878,L,2022,True
USDJPY,d1_adx_ge20,trail,2022-10-07 08:51:00-04:00,0.4501049999999796,L,2022,True
USDJPY,w1_dow_nocounter,fixed,2022-10-07 08:51:00-04:00,1.6558399999999878,L,2022,True
USDJPY,h4_ma_nocounter,trail,2022-10-07 08:51:00-04:00,0.4501049999999796,L,2022,True
USDJPY,none,fixed,2022-10-07 08:51:00-04:00,1.6558399999999878,L,2022,True
USDJPY,none,trail,2022-10-07 08:51:00-04:00,0.4501049999999796,L,2022,True
USDJPY,w1_dow_strict,trail,2022-10-07 08:51:00-04:00,0.4501049999999796,L,2022,True
USDJPY,d1_roc20,fixed,2022-10-07 08:51:00-04:00,1.6558399999999878,L,2022,True
USDJPY,d1_adx_lt25,fixed,2022-10-07 08:51:00-04:00,1.6558399999999878,L,2022,True
USDJPY,d1_adx_lt25,trail,2022-10-07 08:51:00-04:00,0.4501049999999796,L,2022,True
USDJPY,d1roc_h4ma,trail,2022-10-07 08:51:00-04:00,0.4501049999999796,L,2022,True
USDJPY,w1_dow_nocounter,trail,2022-10-07 08:51:00-04:00,0.4501049999999796,L,2022,True
AUDUSD,d1roc_h4ma,trail,2022-10-07 15:13:00-04:00,0.5019379999999907,S,2022,True
AUDUSD,h4_ma_aligned,trail,2022-10-07 15:13:00-04:00,0.5019379999999907,S,2022,True
AUDUSD,w1_dow_nocounter,fixed,2022-10-07 15:13:00-04:00,1.6542045000000025,S,2022,True
AUDUSD,d1_roc20,fixed,2022-10-07 15:13:00-04:00,1.6542045000000025,S,2022,True
AUDUSD,h4_ma_nocounter,trail,2022-10-07 15:13:00-04:00,0.5019379999999907,S,2022,True
AUDUSD,w1_dow_strict,fixed,2022-10-07 15:13:00-04:00,1.6542045000000025,S,2022,True
AUDUSD,none,fixed,2022-10-07 15:13:00-04:00,1.6542045000000025,S,2022,True
AUDUSD,d1_roc20,trail,2022-10-07 15:13:00-04:00,0.5019379999999907,S,2022,True
AUDUSD,d1_adx_ge20,trail,2022-10-07 15:13:00-04:00,0.5019379999999907,S,2022,True
AUDUSD,none,trail,2022-10-07 15:13:00-04:00,0.5019379999999907,S,2022,True
AUDUSD,w1_dow_strict,trail,2022-10-07 15:13:00-04:00,0.5019379999999907,S,2022,True
AUDUSD,w1_dow_nocounter,trail,2022-10-07 15:13:00-04:00,0.5019379999999907,S,2022,True
AUDUSD,h4_ma_nocounter,fixed,2022-10-07 15:13:00-04:00,1.6542045000000025,S,2022,True
AUDUSD,h4_ma_aligned,fixed,2022-10-07 15:13:00-04:00,1.6542045000000025,S,2022,True
AUDUSD,d1_adx_ge20,fixed,2022-10-07 15:13:00-04:00,1.6542045000000025,S,2022,True
AUDUSD,d1roc_h4ma,fixed,2022-10-07 15:13:00-04:00,1.6542045000000025,S,2022,True
AUDUSD,none,fixed,2022-10-20 10:20:00-04:00,-1.0141615000000013,L,2022,True
AUDUSD,none,trail,2022-10-20 10:20:00-04:00,-1.0141615000000013,L,2022,True
AUDUSD,h4_ma_nocounter,trail,2022-10-20 10:20:00-04:00,-1.0141615000000013,L,2022,True
AUDUSD,d1_adx_ge20,fixed,2022-10-20 10:20:00-04:00,-1.0141615000000013,L,2022,True
AUDUSD,d1_adx_ge20,trail,2022-10-20 10:20:00-04:00,-1.0141615000000013,L,2022,True
AUDUSD,h4_ma_nocounter,fixed,2022-10-20 10:20:00-04:00,-1.0141615000000013,L,2022,True
USDCHF,d1_roc20,fixed,2022-10-21 03:00:00-04:00,-1.043227150000023,L,2022,True
USDCHF,h4_ma_nocounter,trail,2022-10-21 03:00:00-04:00,-0.7968443000000416,L,2022,True
USDCHF,w1_dow_nocounter,trail,2022-10-21 03:00:00-04:00,-0.7968443000000416,L,2022,True
USDCHF,h4_ma_aligned,trail,2022-10-21 03:00:00-04:00,-0.7968443000000416,L,2022,True
USDCHF,d1roc_h4ma,trail,2022-10-21 03:00:00-04:00,-0.7968443000000416,L,2022,True
USDCHF,none,trail,2022-10-21 03:00:00-04:00,-0.7968443000000416,L,2022,True
USDCHF,d1_roc20,trail,2022-10-21 03:00:00-04:00,-0.7968443000000416,L,2022,True
USDCHF,d1roc_h4ma,fixed,2022-10-21 03:00:00-04:00,-1.043227150000023,L,2022,True
USDCHF,h4_ma_nocounter,fixed,2022-10-21 03:00:00-04:00,-1.043227150000023,L,2022,True
USDCHF,d1_adx_ge20,trail,2022-10-21 03:00:00-04:00,-0.7968443000000416,L,2022,True
USDCHF,none,fixed,2022-10-21 03:00:00-04:00,-1.043227150000023,L,2022,True
USDCHF,h4_ma_aligned,fixed,2022-10-21 03:00:00-04:00,-1.043227150000023,L,2022,True
USDCHF,d1_adx_ge20,fixed,2022-10-21 03:00:00-04:00,-1.043227150000023,L,2022,True
USDCHF,w1_dow_nocounter,fixed,2022-10-21 03:00:00-04:00,-1.043227150000023,L,2022,True
EURUSD,h4_ma_aligned,trail,2022-10-23 18:01:00-04:00,1.0003645999999984,L,2022,True
EURUSD,d1_adx_lt25,fixed,2022-10-23 18:01:00-04:00,1.5385952000000058,L,2022,True
EURUSD,h4_ma_nocounter,fixed,2022-10-23 18:01:00-04:00,1.5385952000000058,L,2022,True
EURUSD,h4_ma_aligned,fixed,2022-10-23 18:01:00-04:00,1.5385952000000058,L,2022,True
EURUSD,h4_ma_nocounter,trail,2022-10-23 18:01:00-04:00,1.0003645999999984,L,2022,True
EURUSD,none,fixed,2022-10-23 18:01:00-04:00,1.5385952000000058,L,2022,True
EURUSD,none,trail,2022-10-23 18:01:00-04:00,1.0003645999999984,L,2022,True
EURUSD,d1_adx_lt25,trail,2022-10-23 18:01:00-04:00,1.0003645999999984,L,2022,True
EURUSD,d1_roc20,trail,2022-10-23 19:40:00-04:00,1.131230849999991,L,2022,True
EURUSD,d1_roc20,fixed,2022-10-23 19:40:00-04:00,1.6601398500000002,L,2022,True
EURUSD,d1roc_h4ma,fixed,2022-10-23 19:40:00-04:00,1.6601398500000002,L,2022,True
EURUSD,d1roc_h4ma,trail,2022-10-23 19:40:00-04:00,1.131230849999991,L,2022,True
GBPUSD,d1_adx_lt25,trail,2022-10-25 09:35:00-04:00,1.0919953500000172,L,2022,True
GBPUSD,d1_roc20,fixed,2022-10-25 09:35:00-04:00,1.6543842000000155,L,2022,True
GBPUSD,none,fixed,2022-10-25 09:35:00-04:00,1.6543842000000155,L,2022,True
GBPUSD,d1_adx_ge20,trail,2022-10-25 09:35:00-04:00,1.0919953500000172,L,2022,True
GBPUSD,h4_ma_nocounter,fixed,2022-10-25 09:35:00-04:00,1.6543842000000155,L,2022,True
GBPUSD,d1_adx_lt25,fixed,2022-10-25 09:35:00-04:00,1.6543842000000155,L,2022,True
GBPUSD,none,trail,2022-10-25 09:35:00-04:00,1.0919953500000172,L,2022,True
GBPUSD,d1_adx_ge20,fixed,2022-10-25 09:35:00-04:00,1.6543842000000155,L,2022,True
GBPUSD,h4_ma_nocounter,trail,2022-10-25 09:35:00-04:00,1.0919953500000172,L,2022,True
GBPUSD,d1_roc20,trail,2022-10-25 09:35:00-04:00,1.0919953500000172,L,2022,True
GBPUSD,d1roc_h4ma,fixed,2022-10-25 09:35:00-04:00,1.6543842000000155,L,2022,True
GBPUSD,d1roc_h4ma,trail,2022-10-25 09:35:00-04:00,1.0919953500000172,L,2022,True
USDCHF,none,trail,2022-10-26 03:17:00-04:00,-0.11626229999999929,S,2022,True
USDCHF,d1_adx_ge20,fixed,2022-10-26 03:17:00-04:00,-1.0380647499999927,S,2022,True
USDCHF,w1_dow_nocounter,trail,2022-10-26 03:17:00-04:00,-0.11626229999999929,S,2022,True
USDCHF,d1_adx_ge20,trail,2022-10-26 03:17:00-04:00,-0.11626229999999929,S,2022,True
USDCHF,w1_dow_nocounter,fixed,2022-10-26 03:17:00-04:00,-1.0380647499999927,S,2022,True
USDCHF,none,fixed,2022-10-26 03:17:00-04:00,-1.0380647499999927,S,2022,True
USDJPY,d1_adx_ge20,fixed,2022-10-27 01:14:00-04:00,-0.9997699999999984,S,2022,True
USDJPY,h4_ma_nocounter,fixed,2022-10-27 01:14:00-04:00,-0.9997699999999984,S,2022,True
USDJPY,h4_ma_nocounter,trail,2022-10-27 01:14:00-04:00,-0.9997699999999984,S,2022,True
USDJPY,none,trail,2022-10-27 01:14:00-04:00,-0.9997699999999984,S,2022,True
USDJPY,none,fixed,2022-10-27 01:14:00-04:00,-0.9997699999999984,S,2022,True
USDJPY,d1_adx_ge20,trail,2022-10-27 01:14:00-04:00,-0.9997699999999984,S,2022,True
AUDUSD,none,trail,2022-11-08 10:07:00-05:00,-1.0145332499999977,L,2022,True
AUDUSD,d1roc_h4ma,trail,2022-11-08 10:07:00-05:00,-1.0145332499999977,L,2022,True
AUDUSD,d1_adx_ge20,trail,2022-11-08 10:07:00-05:00,-1.0145332499999977,L,2022,True
AUDUSD,d1_adx_ge20,fixed,2022-11-08 10:07:00-05:00,-1.0145332499999977,L,2022,True
AUDUSD,d1_roc20,trail,2022-11-08 10:07:00-05:00,-1.0145332499999977,L,2022,True
AUDUSD,d1_roc20,fixed,2022-11-08 10:07:00-05:00,-1.0145332499999977,L,2022,True
AUDUSD,none,fixed,2022-11-08 10:07:00-05:00,-1.0145332499999977,L,2022,True
AUDUSD,h4_ma_nocounter,fixed,2022-11-08 10:07:00-05:00,-1.0145332499999977,L,2022,True
AUDUSD,h4_ma_nocounter,trail,2022-11-08 10:07:00-05:00,-1.0145332499999977,L,2022,True
AUDUSD,d1roc_h4ma,fixed,2022-11-08 10:07:00-05:00,-1.0145332499999977,L,2022,True
USDJPY,none,trail,2022-11-08 10:13:00-05:00,-0.27591499999999924,S,2022,True
USDJPY,h4_ma_nocounter,trail,2022-11-08 10:13:00-05:00,-0.27591499999999924,S,2022,True
USDJPY,h4_ma_aligned,fixed,2022-11-08 10:13:00-05:00,-1.0024950000000101,S,2022,True
USDJPY,h4_ma_nocounter,fixed,2022-11-08 10:13:00-05:00,-1.0024950000000101,S,2022,True
USDJPY,none,fixed,2022-11-08 10:13:00-05:00,-1.0024950000000101,S,2022,True
USDJPY,d1_adx_lt25,fixed,2022-11-08 10:13:00-05:00,-1.0024950000000101,S,2022,True
USDJPY,h4_ma_aligned,trail,2022-11-08 10:13:00-05:00,-0.27591499999999924,S,2022,True
USDJPY,d1_adx_ge20,fixed,2022-11-08 10:13:00-05:00,-1.0024950000000101,S,2022,True
USDJPY,d1_adx_ge20,trail,2022-11-08 10:13:00-05:00,-0.27591499999999924,S,2022,True
USDJPY,d1_adx_lt25,trail,2022-11-08 10:13:00-05:00,-0.27591499999999924,S,2022,True
USDCHF,h4_ma_nocounter,fixed,2022-11-08 11:38:00-05:00,1.6317165000000005,S,2022,True
USDCHF,d1roc_h4ma,fixed,2022-11-08 11:38:00-05:00,1.6317165000000005,S,2022,True
USDCHF,d1roc_h4ma,trail,2022-11-08 11:38:00-05:00,-0.44144395000001047,S,2022,True
USDCHF,d1_roc20,trail,2022-11-08 11:38:00-05:00,-0.44144395000001047,S,2022,True
USDCHF,h4_ma_nocounter,trail,2022-11-08 11:38:00-05:00,-0.44144395000001047,S,2022,True
USDCHF,d1_roc20,fixed,2022-11-08 11:38:00-05:00,1.6317165000000005,S,2022,True
USDCHF,d1_adx_ge20,trail,2022-11-08 11:38:00-05:00,-0.44144395000001047,S,2022,True
USDCHF,none,fixed,2022-11-08 11:38:00-05:00,1.6317165000000005,S,2022,True
USDCHF,none,trail,2022-11-08 11:38:00-05:00,-0.44144395000001047,S,2022,True
USDCHF,w1_dow_nocounter,fixed,2022-11-08 11:38:00-05:00,1.6317165000000005,S,2022,True
USDCHF,w1_dow_nocounter,trail,2022-11-08 11:38:00-05:00,-0.44144395000001047,S,2022,True
USDCHF,d1_adx_ge20,fixed,2022-11-08 11:38:00-05:00,1.6317165000000005,S,2022,True
EURUSD,none,fixed,2022-11-08 11:47:00-05:00,-1.007998300000005,L,2022,True
EURUSD,d1roc_h4ma,trail,2022-11-08 11:47:00-05:00,-1.007998300000005,L,2022,True
EURUSD,d1_adx_lt25,fixed,2022-11-08 11:47:00-05:00,-1.007998300000005,L,2022,True
EURUSD,none,trail,2022-11-08 11:47:00-05:00,-1.007998300000005,L,2022,True
EURUSD,d1roc_h4ma,fixed,2022-11-08 11:47:00-05:00,-1.007998300000005,L,2022,True
EURUSD,d1_roc20,fixed,2022-11-08 11:47:00-05:00,-1.007998300000005,L,2022,True
EURUSD,d1_roc20,trail,2022-11-08 11:47:00-05:00,-1.007998300000005,L,2022,True
EURUSD,h4_ma_nocounter,trail,2022-11-08 11:47:00-05:00,-1.007998300000005,L,2022,True
EURUSD,h4_ma_nocounter,fixed,2022-11-08 11:47:00-05:00,-1.007998300000005,L,2022,True
EURUSD,d1_adx_lt25,trail,2022-11-08 11:47:00-05:00,-1.007998300000005,L,2022,True
GBPUSD,h4_ma_aligned,trail,2022-11-10 08:48:00-05:00,1.2652081000000042,L,2022,True
GBPUSD,none,fixed,2022-11-10 08:48:00-05:00,1.6525449999999944,L,2022,True
GBPUSD,d1_adx_lt25,trail,2022-11-10 08:48:00-05:00,1.2652081000000042,L,2022,True
GBPUSD,d1roc_h4ma,fixed,2022-11-10 08:48:00-05:00,1.6525449999999944,L,2022,True
GBPUSD,d1_roc20,fixed,2022-11-10 08:48:00-05:00,1.6525449999999944,L,2022,True
GBPUSD,h4_ma_nocounter,trail,2022-11-10 08:48:00-05:00,1.2652081000000042,L,2022,True
GBPUSD,d1_adx_lt25,fixed,2022-11-10 08:48:00-05:00,1.6525449999999944,L,2022,True
GBPUSD,h4_ma_aligned,fixed,2022-11-10 08:48:00-05:00,1.6525449999999944,L,2022,True
GBPUSD,h4_ma_nocounter,fixed,2022-11-10 08:48:00-05:00,1.6525449999999944,L,2022,True
GBPUSD,d1roc_h4ma,trail,2022-11-10 08:48:00-05:00,1.2652081000000042,L,2022,True
GBPUSD,none,trail,2022-11-10 08:48:00-05:00,1.2652081000000042,L,2022,True
GBPUSD,d1_roc20,trail,2022-11-10 08:48:00-05:00,1.2652081000000042,L,2022,True
GBPUSD,d1_adx_lt25,fixed,2022-11-23 09:52:00-05:00,1.6493856500000015,L,2022,True
GBPUSD,d1_adx_lt25,trail,2022-11-23 09:52:00-05:00,0.4064286999999996,L,2022,True
GBPUSD,h4_ma_nocounter,trail,2022-11-23 09:52:00-05:00,0.4064286999999996,L,2022,True
GBPUSD,h4_ma_aligned,fixed,2022-11-23 09:52:00-05:00,1.6493856500000015,L,2022,True
GBPUSD,none,trail,2022-11-23 09:52:00-05:00,0.4064286999999996,L,2022,True
GBPUSD,none,fixed,2022-11-23 09:52:00-05:00,1.6493856500000015,L,2022,True
GBPUSD,d1roc_h4ma,trail,2022-11-23 09:52:00-05:00,0.4064286999999996,L,2022,True
GBPUSD,d1_roc20,fixed,2022-11-23 09:52:00-05:00,1.6493856500000015,L,2022,True
GBPUSD,d1_roc20,trail,2022-11-23 09:52:00-05:00,0.4064286999999996,L,2022,True
GBPUSD,d1roc_h4ma,fixed,2022-11-23 09:52:00-05:00,1.6493856500000015,L,2022,True
GBPUSD,h4_ma_aligned,trail,2022-11-23 09:52:00-05:00,0.4064286999999996,L,2022,True
GBPUSD,h4_ma_nocounter,fixed,2022-11-23 09:52:00-05:00,1.6493856500000015,L,2022,True
USDJPY,h4_ma_aligned,trail,2022-11-28 03:34:00-05:00,-1.000345000000021,S,2022,True
USDJPY,d1_adx_ge20,trail,2022-11-28 03:34:00-05:00,-1.000345000000021,S,2022,True
USDJPY,d1_roc20,trail,2022-11-28 03:34:00-05:00,-1.000345000000021,S,2022,True
USDJPY,none,fixed,2022-11-28 03:34:00-05:00,-1.000345000000021,S,2022,True
USDJPY,h4_ma_nocounter,fixed,2022-11-28 03:34:00-05:00,-1.000345000000021,S,2022,True
USDJPY,h4_ma_nocounter,trail,2022-11-28 03:34:00-05:00,-1.000345000000021,S,2022,True
USDJPY,d1_roc20,fixed,2022-11-28 03:34:00-05:00,-1.000345000000021,S,2022,True
USDJPY,d1_adx_ge20,fixed,2022-11-28 03:34:00-05:00,-1.000345000000021,S,2022,True
USDJPY,d1roc_h4ma,fixed,2022-11-28 03:34:00-05:00,-1.000345000000021,S,2022,True
USDJPY,d1roc_h4ma,trail,2022-11-28 03:34:00-05:00,-1.000345000000021,S,2022,True
USDJPY,h4_ma_aligned,fixed,2022-11-28 03:34:00-05:00,-1.000345000000021,S,2022,True
USDJPY,none,trail,2022-11-28 03:34:00-05:00,-1.000345000000021,S,2022,True
EURUSD,w1_dow_nocounter,fixed,2022-11-28 06:02:00-05:00,-1.0073585999999952,L,2022,True
EURUSD,h4_ma_nocounter,fixed,2022-11-28 06:02:00-05:00,-1.0073585999999952,L,2022,True
EURUSD,h4_ma_aligned,trail,2022-11-28 06:02:00-05:00,-1.0073665499999855,L,2022,True
EURUSD,d1_adx_ge20,fixed,2022-11-28 06:02:00-05:00,-1.0073585999999952,L,2022,True
EURUSD,d1_roc20,trail,2022-11-28 06:02:00-05:00,-1.0073665499999855,L,2022,True
EURUSD,d1roc_h4ma,fixed,2022-11-28 06:02:00-05:00,-1.0073585999999952,L,2022,True
EURUSD,none,trail,2022-11-28 06:02:00-05:00,-1.0073665499999855,L,2022,True
EURUSD,h4_ma_aligned,fixed,2022-11-28 06:02:00-05:00,-1.0073585999999952,L,2022,True
EURUSD,d1_roc20,fixed,2022-11-28 06:02:00-05:00,-1.0073585999999952,L,2022,True
EURUSD,w1_dow_nocounter,trail,2022-11-28 06:02:00-05:00,-1.0073665499999855,L,2022,True
EURUSD,d1roc_h4ma,trail,2022-11-28 06:02:00-05:00,-1.0073665499999855,L,2022,True
EURUSD,d1_adx_ge20,trail,2022-11-28 06:02:00-05:00,-1.0073665499999855,L,2022,True
EURUSD,h4_ma_nocounter,trail,2022-11-28 06:02:00-05:00,-1.0073665499999855,L,2022,True
EURUSD,none,fixed,2022-11-28 06:02:00-05:00,-1.0073585999999952,L,2022,True
AUDUSD,h4_ma_aligned,trail,2022-11-30 14:18:00-05:00,0.18990390000000537,L,2022,True
AUDUSD,none,trail,2022-11-30 14:18:00-05:00,0.18990390000000537,L,2022,True
AUDUSD,h4_ma_aligned,fixed,2022-11-30 14:18:00-05:00,-1.0157913999999981,L,2022,True
AUDUSD,d1roc_h4ma,fixed,2022-11-30 14:18:00-05:00,-1.0157913999999981,L,2022,True
AUDUSD,h4_ma_nocounter,trail,2022-11-30 14:18:00-05:00,0.18990390000000537,L,2022,True
AUDUSD,h4_ma_nocounter,fixed,2022-11-30 14:18:00-05:00,-1.0157913999999981,L,2022,True
AUDUSD,d1_roc20,fixed,2022-11-30 14:18:00-05:00,-1.0157913999999981,L,2022,True
AUDUSD,d1_roc20,trail,2022-11-30 14:18:00-05:00,0.18990390000000537,L,2022,True
AUDUSD,none,fixed,2022-11-30 14:18:00-05:00,-1.0157913999999981,L,2022,True
AUDUSD,d1_adx_ge20,trail,2022-11-30 14:18:00-05:00,0.18990390000000537,L,2022,True
AUDUSD,d1roc_h4ma,trail,2022-11-30 14:18:00-05:00,0.18990390000000537,L,2022,True
AUDUSD,d1_adx_ge20,fixed,2022-11-30 14:18:00-05:00,-1.0157913999999981,L,2022,True
GBPUSD,d1roc_h4ma,fixed,2022-12-01 05:02:00-05:00,1.6551864000000063,L,2022,True
GBPUSD,none,trail,2022-12-01 05:02:00-05:00,0.7135889500000148,L,2022,True
GBPUSD,d1_roc20,fixed,2022-12-01 05:02:00-05:00,1.6551864000000063,L,2022,True
GBPUSD,h4_ma_aligned,trail,2022-12-01 05:02:00-05:00,0.7135889500000148,L,2022,True
GBPUSD,d1roc_h4ma,trail,2022-12-01 05:02:00-05:00,0.7135889500000148,L,2022,True
GBPUSD,d1_adx_lt25,trail,2022-12-01 05:02:00-05:00,0.7135889500000148,L,2022,True
GBPUSD,none,fixed,2022-12-01 05:02:00-05:00,1.6551864000000063,L,2022,True
GBPUSD,h4_ma_nocounter,fixed,2022-12-01 05:02:00-05:00,1.6551864000000063,L,2022,True
GBPUSD,d1_adx_lt25,fixed,2022-12-01 05:02:00-05:00,1.6551864000000063,L,2022,True
GBPUSD,h4_ma_nocounter,trail,2022-12-01 05:02:00-05:00,0.7135889500000148,L,2022,True
GBPUSD,h4_ma_aligned,fixed,2022-12-01 05:02:00-05:00,1.6551864000000063,L,2022,True
GBPUSD,d1_roc20,trail,2022-12-01 05:02:00-05:00,0.7135889500000148,L,2022,True
USDCHF,d1_adx_ge20,fixed,2022-12-01 09:41:00-05:00,-1.0303307500000027,S,2022,True
USDCHF,d1_roc20,fixed,2022-12-01 09:41:00-05:00,-1.0303307500000027,S,2022,True
USDCHF,d1_adx_ge20,trail,2022-12-01 09:41:00-05:00,-0.0062820000000093,S,2022,True
USDCHF,d1roc_h4ma,trail,2022-12-01 09:41:00-05:00,-0.0062820000000093,S,2022,True
USDCHF,w1_dow_nocounter,trail,2022-12-01 09:41:00-05:00,-0.0062820000000093,S,2022,True
USDCHF,h4_ma_nocounter,trail,2022-12-01 09:41:00-05:00,-0.0062820000000093,S,2022,True
USDCHF,w1_dow_nocounter,fixed,2022-12-01 09:41:00-05:00,-1.0303307500000027,S,2022,True
USDCHF,h4_ma_nocounter,fixed,2022-12-01 09:41:00-05:00,-1.0303307500000027,S,2022,True
USDCHF,none,trail,2022-12-01 09:41:00-05:00,-0.0062820000000093,S,2022,True
USDCHF,d1_roc20,trail,2022-12-01 09:41:00-05:00,-0.0062820000000093,S,2022,True
USDCHF,h4_ma_aligned,fixed,2022-12-01 09:41:00-05:00,-1.0303307500000027,S,2022,True
USDCHF,h4_ma_aligned,trail,2022-12-01 09:41:00-05:00,-0.0062820000000093,S,2022,True
USDCHF,d1roc_h4ma,fixed,2022-12-01 09:41:00-05:00,-1.0303307500000027,S,2022,True
USDCHF,none,fixed,2022-12-01 09:41:00-05:00,-1.0303307500000027,S,2022,True
USDCHF,d1_roc20,trail,2022-12-09 02:07:00-05:00,-1.0416187000000001,S,2022,True
USDCHF,none,trail,2022-12-09 02:07:00-05:00,-1.0416187000000001,S,2022,True
USDCHF,h4_ma_aligned,fixed,2022-12-09 02:07:00-05:00,-1.0416187000000001,S,2022,True
USDCHF,w1_dow_nocounter,trail,2022-12-09 02:07:00-05:00,-1.0416187000000001,S,2022,True
USDCHF,d1_adx_ge20,trail,2022-12-09 02:07:00-05:00,-1.0416187000000001,S,2022,True
USDCHF,h4_ma_nocounter,trail,2022-12-09 02:07:00-05:00,-1.0416187000000001,S,2022,True
USDCHF,w1_dow_nocounter,fixed,2022-12-09 02:07:00-05:00,-1.0416187000000001,S,2022,True
USDCHF,none,fixed,2022-12-09 02:07:00-05:00,-1.0416187000000001,S,2022,True
USDCHF,h4_ma_nocounter,fixed,2022-12-09 02:07:00-05:00,-1.0416187000000001,S,2022,True
USDCHF,d1_roc20,fixed,2022-12-09 02:07:00-05:00,-1.0416187000000001,S,2022,True
USDCHF,d1_adx_ge20,fixed,2022-12-09 02:07:00-05:00,-1.0416187000000001,S,2022,True
USDCHF,d1roc_h4ma,fixed,2022-12-09 02:07:00-05:00,-1.0416187000000001,S,2022,True
USDCHF,d1roc_h4ma,trail,2022-12-09 02:07:00-05:00,-1.0416187000000001,S,2022,True
USDCHF,h4_ma_aligned,trail,2022-12-09 02:07:00-05:00,-1.0416187000000001,S,2022,True
USDJPY,none,trail,2022-12-12 19:28:00-05:00,-1.0008049999999953,L,2022,True
USDJPY,none,fixed,2022-12-12 19:28:00-05:00,-1.0008049999999953,L,2022,True
USDJPY,w1_dow_strict,fixed,2022-12-12 19:28:00-05:00,-1.0008049999999953,L,2022,True
USDJPY,h4_ma_nocounter,fixed,2022-12-12 19:28:00-05:00,-1.0008049999999953,L,2022,True
USDJPY,w1_dow_nocounter,fixed,2022-12-12 19:28:00-05:00,-1.0008049999999953,L,2022,True
USDJPY,w1_dow_strict,trail,2022-12-12 19:28:00-05:00,-1.0008049999999953,L,2022,True
USDJPY,d1_adx_ge20,fixed,2022-12-12 19:28:00-05:00,-1.0008049999999953,L,2022,True
USDJPY,d1_adx_ge20,trail,2022-12-12 19:28:00-05:00,-1.0008049999999953,L,2022,True
USDJPY,h4_ma_nocounter,trail,2022-12-12 19:28:00-05:00,-1.0008049999999953,L,2022,True
USDJPY,w1_dow_nocounter,trail,2022-12-12 19:28:00-05:00,-1.0008049999999953,L,2022,True
EURUSD,h4_ma_nocounter,fixed,2022-12-13 08:30:00-05:00,1.6593217000000084,L,2022,True
EURUSD,d1_adx_ge20,fixed,2022-12-13 08:30:00-05:00,1.6593217000000084,L,2022,True
EURUSD,none,trail,2022-12-13 08:30:00-05:00,0.4900604999999974,L,2022,True
GBPUSD,w1_dow_nocounter,fixed,2022-12-13 08:30:00-05:00,-1.0177951499999838,L,2022,True
GBPUSD,h4_ma_nocounter,trail,2022-12-13 08:30:00-05:00,-0.015030199999981547,L,2022,True
EURUSD,h4_ma_aligned,trail,2022-12-13 08:30:00-05:00,0.4900604999999974,L,2022,True
EURUSD,d1roc_h4ma,fixed,2022-12-13 08:30:00-05:00,1.6593217000000084,L,2022,True
GBPUSD,d1_adx_lt25,fixed,2022-12-13 08:30:00-05:00,-1.0177951499999838,L,2022,True
GBPUSD,none,fixed,2022-12-13 08:30:00-05:00,-1.0177951499999838,L,2022,True
EURUSD,d1_roc20,fixed,2022-12-13 08:30:00-05:00,1.6593217000000084,L,2022,True
GBPUSD,d1roc_h4ma,fixed,2022-12-13 08:30:00-05:00,-1.0177951499999838,L,2022,True
GBPUSD,d1_roc20,trail,2022-12-13 08:30:00-05:00,-0.015030199999981547,L,2022,True
GBPUSD,h4_ma_aligned,fixed,2022-12-13 08:30:00-05:00,-1.0177951499999838,L,2022,True
EURUSD,d1_adx_ge20,trail,2022-12-13 08:30:00-05:00,0.4900604999999974,L,2022,True
GBPUSD,h4_ma_aligned,trail,2022-12-13 08:30:00-05:00,-0.015030199999981547,L,2022,True
GBPUSD,d1roc_h4ma,trail,2022-12-13 08:30:00-05:00,-0.015030199999981547,L,2022,True
GBPUSD,d1_adx_lt25,trail,2022-12-13 08:30:00-05:00,-0.015030199999981547,L,2022,True
EURUSD,w1_dow_nocounter,trail,2022-12-13 08:30:00-05:00,0.4900604999999974,L,2022,True
GBPUSD,d1_roc20,fixed,2022-12-13 08:30:00-05:00,-1.0177951499999838,L,2022,True
EURUSD,d1roc_h4ma,trail,2022-12-13 08:30:00-05:00,0.4900604999999974,L,2022,True
EURUSD,w1_dow_nocounter,fixed,2022-12-13 08:30:00-05:00,1.6593217000000084,L,2022,True
GBPUSD,d1_adx_ge20,fixed,2022-12-13 08:30:00-05:00,-1.0177951499999838,L,2022,True
EURUSD,d1_roc20,trail,2022-12-13 08:30:00-05:00,0.4900604999999974,L,2022,True
EURUSD,h4_ma_aligned,fixed,2022-12-13 08:30:00-05:00,1.6593217000000084,L,2022,True
GBPUSD,d1_adx_ge20,trail,2022-12-13 08:30:00-05:00,-0.015030199999981547,L,2022,True
EURUSD,none,fixed,2022-12-13 08:30:00-05:00,1.6593217000000084,L,2022,True
GBPUSD,h4_ma_nocounter,fixed,2022-12-13 08:30:00-05:00,-1.0177951499999838,L,2022,True
EURUSD,h4_ma_nocounter,trail,2022-12-13 08:30:00-05:00,0.4900604999999974,L,2022,True
GBPUSD,none,trail,2022-12-13 08:30:00-05:00,-0.015030199999981547,L,2022,True
GBPUSD,w1_dow_nocounter,trail,2022-12-13 08:30:00-05:00,-0.015030199999981547,L,2022,True
AUDUSD,none,fixed,2022-12-13 08:31:00-05:00,-1.0189722999999995,L,2022,True
AUDUSD,h4_ma_nocounter,fixed,2022-12-13 08:31:00-05:00,-1.0189722999999995,L,2022,True
AUDUSD,d1roc_h4ma,fixed,2022-12-13 08:31:00-05:00,-1.0189722999999995,L,2022,True
AUDUSD,d1_roc20,trail,2022-12-13 08:31:00-05:00,-0.6584844499999963,L,2022,True
AUDUSD,h4_ma_aligned,fixed,2022-12-13 08:31:00-05:00,-1.0189722999999995,L,2022,True
AUDUSD,none,trail,2022-12-13 08:31:00-05:00,-0.6584844499999963,L,2022,True
AUDUSD,d1_roc20,fixed,2022-12-13 08:31:00-05:00,-1.0189722999999995,L,2022,True
AUDUSD,d1roc_h4ma,trail,2022-12-13 08:31:00-05:00,-0.6584844499999963,L,2022,True
AUDUSD,d1_adx_lt25,fixed,2022-12-13 08:31:00-05:00,-1.0189722999999995,L,2022,True
AUDUSD,h4_ma_aligned,trail,2022-12-13 08:31:00-05:00,-0.6584844499999963,L,2022,True
AUDUSD,d1_adx_lt25,trail,2022-12-13 08:31:00-05:00,-0.6584844499999963,L,2022,True
AUDUSD,h4_ma_nocounter,trail,2022-12-13 08:31:00-05:00,-0.6584844499999963,L,2022,True
USDJPY,none,trail,2022-12-19 22:05:00-05:00,2.225764999999996,S,2022,True
USDJPY,d1_roc20,trail,2022-12-19 22:05:00-05:00,2.225764999999996,S,2022,True
USDJPY,d1_adx_ge20,trail,2022-12-19 22:05:00-05:00,2.225764999999996,S,2022,True
USDJPY,h4_ma_nocounter,fixed,2022-12-19 22:05:00-05:00,1.6575449999999892,S,2022,True
USDJPY,d1roc_h4ma,trail,2022-12-19 22:05:00-05:00,2.225764999999996,S,2022,True
USDJPY,d1roc_h4ma,fixed,2022-12-19 22:05:00-05:00,1.6575449999999892,S,2022,True
USDJPY,h4_ma_nocounter,trail,2022-12-19 22:05:00-05:00,2.225764999999996,S,2022,True
USDJPY,d1_adx_ge20,fixed,2022-12-19 22:05:00-05:00,1.6575449999999892,S,2022,True
USDJPY,none,fixed,2022-12-19 22:05:00-05:00,1.6575449999999892,S,2022,True
USDJPY,d1_roc20,fixed,2022-12-19 22:05:00-05:00,1.6575449999999892,S,2022,True
AUDUSD,none,fixed,2022-12-19 22:51:00-05:00,-1.0180490000000055,S,2022,True
AUDUSD,w1_dow_nocounter,trail,2022-12-19 22:51:00-05:00,-0.6180294999999987,S,2022,True
AUDUSD,h4_ma_nocounter,trail,2022-12-19 22:51:00-05:00,-0.6180294999999987,S,2022,True
AUDUSD,none,trail,2022-12-19 22:51:00-05:00,-0.6180294999999987,S,2022,True
AUDUSD,w1_dow_strict,fixed,2022-12-19 22:51:00-05:00,-1.0180490000000055,S,2022,True
AUDUSD,d1_adx_lt25,trail,2022-12-19 22:51:00-05:00,-0.6180294999999987,S,2022,True
AUDUSD,h4_ma_nocounter,fixed,2022-12-19 22:51:00-05:00,-1.0180490000000055,S,2022,True
AUDUSD,w1_dow_strict,trail,2022-12-19 22:51:00-05:00,-0.6180294999999987,S,2022,True
AUDUSD,w1_dow_nocounter,fixed,2022-12-19 22:51:00-05:00,-1.0180490000000055,S,2022,True
AUDUSD,d1_adx_lt25,fixed,2022-12-19 22:51:00-05:00,-1.0180490000000055,S,2022,True
GBPUSD,w1_dow_nocounter,trail,2022-12-20 00:33:00-05:00,-1.0142634000000144,S,2022,True
GBPUSD,w1_dow_nocounter,fixed,2022-12-20 00:33:00-05:00,-1.0142634000000144,S,2022,True
GBPUSD,d1_adx_lt25,trail,2022-12-20 00:33:00-05:00,-1.0142634000000144,S,2022,True
GBPUSD,d1_adx_ge20,trail,2022-12-20 00:33:00-05:00,-1.0142634000000144,S,2022,True
GBPUSD,d1_adx_lt25,fixed,2022-12-20 00:33:00-05:00,-1.0142634000000144,S,2022,True
GBPUSD,none,trail,2022-12-20 00:33:00-05:00,-1.0142634000000144,S,2022,True
GBPUSD,h4_ma_nocounter,fixed,2022-12-20 00:33:00-05:00,-1.0142634000000144,S,2022,True
GBPUSD,none,fixed,2022-12-20 00:33:00-05:00,-1.0142634000000144,S,2022,True
GBPUSD,h4_ma_nocounter,trail,2022-12-20 00:33:00-05:00,-1.0142634000000144,S,2022,True
GBPUSD,d1_adx_ge20,fixed,2022-12-20 00:33:00-05:00,-1.0142634000000144,S,2022,True
EURUSD,d1_adx_ge20,fixed,2022-12-22 14:28:00-05:00,-1.009199699999987,S,2022,True
EURUSD,w1_dow_nocounter,trail,2022-12-22 14:28:00-05:00,-1.009224249999975,S,2022,True
EURUSD,none,fixed,2022-12-22 14:28:00-05:00,-1.009199699999987,S,2022,True
EURUSD,d1_adx_ge20,trail,2022-12-22 14:28:00-05:00,-1.009224249999975,S,2022,True
EURUSD,w1_dow_nocounter,fixed,2022-12-22 14:28:00-05:00,-1.009199699999987,S,2022,True
EURUSD,none,trail,2022-12-22 14:28:00-05:00,-1.009224249999975,S,2022,True
USDCHF,none,trail,2022-12-29 08:43:00-05:00,-0.3141019500000041,S,2022,True
USDCHF,w1_dow_nocounter,fixed,2022-12-29 08:43:00-05:00,-1.043435950000006,S,2022,True
USDCHF,d1roc_h4ma,fixed,2022-12-29 08:43:00-05:00,-1.043435950000006,S,2022,True
USDCHF,none,fixed,2022-12-29 08:43:00-05:00,-1.043435950000006,S,2022,True
USDCHF,d1roc_h4ma,trail,2022-12-29 08:43:00-05:00,-0.3141019500000041,S,2022,True
USDCHF,d1_roc20,trail,2022-12-29 08:43:00-05:00,-0.3141019500000041,S,2022,True
USDCHF,d1_roc20,fixed,2022-12-29 08:43:00-05:00,-1.043435950000006,S,2022,True
USDCHF,d1_adx_ge20,fixed,2022-12-29 08:43:00-05:00,-1.043435950000006,S,2022,True
USDCHF,d1_adx_ge20,trail,2022-12-29 08:43:00-05:00,-0.3141019500000041,S,2022,True
USDCHF,h4_ma_nocounter,fixed,2022-12-29 08:43:00-05:00,-1.043435950000006,S,2022,True
USDCHF,w1_dow_nocounter,trail,2022-12-29 08:43:00-05:00,-0.3141019500000041,S,2022,True
USDCHF,h4_ma_nocounter,trail,2022-12-29 08:43:00-05:00,-0.3141019500000041,S,2022,True
USDJPY,d1roc_h4ma,fixed,2023-01-02 18:09:00-05:00,-1.0038950000000377,S,2023,True
USDJPY,d1_adx_ge20,fixed,2023-01-02 18:09:00-05:00,-1.0038950000000377,S,2023,True
USDJPY,d1_adx_ge20,trail,2023-01-02 18:09:00-05:00,-1.0038950000000377,S,2023,True
USDJPY,none,fixed,2023-01-02 18:09:00-05:00,-1.0038950000000377,S,2023,True
USDJPY,h4_ma_nocounter,trail,2023-01-02 18:09:00-05:00,-1.0038950000000377,S,2023,True
USDJPY,h4_ma_aligned,trail,2023-01-02 18:09:00-05:00,-1.0038950000000377,S,2023,True
USDJPY,d1_roc20,fixed,2023-01-02 18:09:00-05:00,-1.0038950000000377,S,2023,True
USDJPY,h4_ma_aligned,fixed,2023-01-02 18:09:00-05:00,-1.0038950000000377,S,2023,True
USDJPY,d1_roc20,trail,2023-01-02 18:09:00-05:00,-1.0038950000000377,S,2023,True
USDJPY,none,trail,2023-01-02 18:09:00-05:00,-1.0038950000000377,S,2023,True
USDJPY,h4_ma_nocounter,fixed,2023-01-02 18:09:00-05:00,-1.0038950000000377,S,2023,True
USDJPY,d1roc_h4ma,trail,2023-01-02 18:09:00-05:00,-1.0038950000000377,S,2023,True
USDJPY,h4_ma_nocounter,trail,2023-01-02 20:11:00-05:00,-1.0038950000000377,S,2023,True
USDJPY,d1_adx_ge20,fixed,2023-01-02 20:11:00-05:00,1.6585399999999872,S,2023,True
USDJPY,d1_roc20,trail,2023-01-02 20:11:00-05:00,-1.0038950000000377,S,2023,True
USDJPY,h4_ma_aligned,trail,2023-01-02 20:11:00-05:00,-1.0038950000000377,S,2023,True
USDJPY,none,fixed,2023-01-02 20:11:00-05:00,1.6585399999999872,S,2023,True
USDJPY,d1_roc20,fixed,2023-01-02 20:11:00-05:00,1.6585399999999872,S,2023,True
USDJPY,d1roc_h4ma,trail,2023-01-02 20:11:00-05:00,-1.0038950000000377,S,2023,True
USDJPY,h4_ma_aligned,fixed,2023-01-02 20:11:00-05:00,1.6585399999999872,S,2023,True
USDJPY,none,trail,2023-01-02 20:11:00-05:00,-1.0038950000000377,S,2023,True
USDJPY,d1roc_h4ma,fixed,2023-01-02 20:11:00-05:00,1.6585399999999872,S,2023,True
USDJPY,h4_ma_nocounter,fixed,2023-01-02 20:11:00-05:00,1.6585399999999872,S,2023,True
USDJPY,d1_adx_ge20,trail,2023-01-02 20:11:00-05:00,-1.0038950000000377,S,2023,True
GBPUSD,h4_ma_nocounter,fixed,2023-01-03 03:05:00-05:00,1.6421751499999715,S,2023,True
GBPUSD,h4_ma_aligned,trail,2023-01-03 03:05:00-05:00,-1.0246177500000362,S,2023,True
GBPUSD,none,trail,2023-01-03 03:05:00-05:00,-1.0246177500000362,S,2023,True
GBPUSD,d1_adx_lt25,trail,2023-01-03 03:05:00-05:00,-1.0246177500000362,S,2023,True
GBPUSD,d1_roc20,trail,2023-01-03 03:05:00-05:00,-1.0246177500000362,S,2023,True
GBPUSD,d1roc_h4ma,fixed,2023-01-03 03:05:00-05:00,1.6421751499999715,S,2023,True
GBPUSD,w1_dow_nocounter,trail,2023-01-03 03:05:00-05:00,-1.0246177500000362,S,2023,True
GBPUSD,w1_dow_nocounter,fixed,2023-01-03 03:05:00-05:00,1.6421751499999715,S,2023,True
GBPUSD,h4_ma_aligned,fixed,2023-01-03 03:05:00-05:00,1.6421751499999715,S,2023,True
GBPUSD,d1roc_h4ma,trail,2023-01-03 03:05:00-05:00,-1.0246177500000362,S,2023,True
GBPUSD,d1_adx_lt25,fixed,2023-01-03 03:05:00-05:00,1.6421751499999715,S,2023,True
GBPUSD,h4_ma_nocounter,trail,2023-01-03 03:05:00-05:00,-1.0246177500000362,S,2023,True
GBPUSD,d1_roc20,fixed,2023-01-03 03:05:00-05:00,1.6421751499999715,S,2023,True
GBPUSD,none,fixed,2023-01-03 03:05:00-05:00,1.6421751499999715,S,2023,True
EURUSD,d1_adx_ge20,trail,2023-01-03 03:18:00-05:00,-0.5718441499999691,S,2023,True
EURUSD,d1_adx_ge20,fixed,2023-01-03 03:18:00-05:00,-1.011666599999972,S,2023,True
EURUSD,w1_dow_nocounter,trail,2023-01-03 03:18:00-05:00,-0.5718441499999691,S,2023,True
EURUSD,w1_dow_nocounter,fixed,2023-01-03 03:18:00-05:00,-1.011666599999972,S,2023,True
EURUSD,none,trail,2023-01-03 03:18:00-05:00,-0.5718441499999691,S,2023,True
EURUSD,none,fixed,2023-01-03 03:18:00-05:00,-1.011666599999972,S,2023,True
USDCHF,d1_adx_ge20,trail,2023-01-03 03:19:00-05:00,-0.7116147499999989,L,2023,True
USDCHF,w1_dow_nocounter,fixed,2023-01-03 03:19:00-05:00,-1.0498851499999784,L,2023,True
USDCHF,none,fixed,2023-01-03 03:19:00-05:00,-1.0498851499999784,L,2023,True
USDCHF,d1_adx_ge20,fixed,2023-01-03 03:19:00-05:00,-1.0498851499999784,L,2023,True
USDCHF,w1_dow_nocounter,trail,2023-01-03 03:19:00-05:00,-0.7116147499999989,L,2023,True
USDCHF,none,trail,2023-01-03 03:19:00-05:00,-0.7116147499999989,L,2023,True
USDJPY,w1_dow_nocounter,fixed,2023-01-06 04:21:00-05:00,-1.0017599999999898,L,2023,True
USDJPY,none,trail,2023-01-06 04:21:00-05:00,-1.0017599999999898,L,2023,True
USDJPY,w1_dow_nocounter,trail,2023-01-06 04:21:00-05:00,-1.0017599999999898,L,2023,True
USDJPY,none,fixed,2023-01-06 04:21:00-05:00,-1.0017599999999898,L,2023,True
USDJPY,d1_adx_ge20,fixed,2023-01-06 04:21:00-05:00,-1.0017599999999898,L,2023,True
USDJPY,w1_dow_strict,fixed,2023-01-06 04:21:00-05:00,-1.0017599999999898,L,2023,True
USDJPY,d1_adx_ge20,trail,2023-01-06 04:21:00-05:00,-1.0017599999999898,L,2023,True
USDJPY,w1_dow_strict,trail,2023-01-06 04:21:00-05:00,-1.0017599999999898,L,2023,True
AUDUSD,d1_adx_lt25,trail,2023-01-08 18:36:00-05:00,0.15381894999999984,L,2023,True
AUDUSD,none,trail,2023-01-08 18:36:00-05:00,0.15381894999999984,L,2023,True
AUDUSD,h4_ma_nocounter,trail,2023-01-08 18:36:00-05:00,0.15381894999999984,L,2023,True
AUDUSD,d1_roc20,fixed,2023-01-08 18:36:00-05:00,1.6543532500000129,L,2023,True
AUDUSD,d1_roc20,trail,2023-01-08 18:36:00-05:00,0.15381894999999984,L,2023,True
AUDUSD,h4_ma_nocounter,fixed,2023-01-08 18:36:00-05:00,1.6543532500000129,L,2023,True
AUDUSD,d1roc_h4ma,trail,2023-01-08 18:36:00-05:00,0.15381894999999984,L,2023,True
AUDUSD,h4_ma_aligned,fixed,2023-01-08 18:36:00-05:00,1.6543532500000129,L,2023,True
AUDUSD,h4_ma_aligned,trail,2023-01-08 18:36:00-05:00,0.15381894999999984,L,2023,True
AUDUSD,none,fixed,2023-01-08 18:36:00-05:00,1.6543532500000129,L,2023,True
AUDUSD,d1_adx_lt25,fixed,2023-01-08 18:36:00-05:00,1.6543532500000129,L,2023,True
AUDUSD,d1roc_h4ma,fixed,2023-01-08 18:36:00-05:00,1.6543532500000129,L,2023,True
GBPUSD,d1_adx_lt25,trail,2023-01-08 19:02:00-05:00,-0.14286654999998993,L,2023,True
GBPUSD,d1_adx_lt25,fixed,2023-01-08 19:02:00-05:00,1.6557070999999985,L,2023,True
GBPUSD,w1_dow_nocounter,trail,2023-01-08 19:02:00-05:00,-0.14286654999998993,L,2023,True
GBPUSD,w1_dow_nocounter,fixed,2023-01-08 19:02:00-05:00,1.6557070999999985,L,2023,True
GBPUSD,none,fixed,2023-01-08 19:02:00-05:00,1.6557070999999985,L,2023,True
GBPUSD,none,trail,2023-01-08 19:02:00-05:00,-0.14286654999998993,L,2023,True
EURUSD,none,trail,2023-01-09 08:25:00-05:00,0.10669405000000859,L,2023,True
EURUSD,d1roc_h4ma,trail,2023-01-09 08:25:00-05:00,0.10669405000000859,L,2023,True
EURUSD,d1_adx_ge20,trail,2023-01-09 08:25:00-05:00,0.10669405000000859,L,2023,True
EURUSD,d1roc_h4ma,fixed,2023-01-09 08:25:00-05:00,1.6584462000000113,L,2023,True
EURUSD,h4_ma_nocounter,fixed,2023-01-09 08:25:00-05:00,1.6584462000000113,L,2023,True
EURUSD,w1_dow_nocounter,trail,2023-01-09 08:25:00-05:00,0.10669405000000859,L,2023,True
EURUSD,d1_roc20,trail,2023-01-09 08:25:00-05:00,0.10669405000000859,L,2023,True
EURUSD,h4_ma_nocounter,trail,2023-01-09 08:25:00-05:00,0.10669405000000859,L,2023,True
EURUSD,d1_roc20,fixed,2023-01-09 08:25:00-05:00,1.6584462000000113,L,2023,True
EURUSD,d1_adx_ge20,fixed,2023-01-09 08:25:00-05:00,1.6584462000000113,L,2023,True
EURUSD,none,fixed,2023-01-09 08:25:00-05:00,1.6584462000000113,L,2023,True
EURUSD,w1_dow_nocounter,fixed,2023-01-09 08:25:00-05:00,1.6584462000000113,L,2023,True
USDCHF,none,fixed,2023-01-09 08:26:00-05:00,-1.0335635499999951,S,2023,True
USDCHF,d1_adx_ge20,fixed,2023-01-09 08:26:00-05:00,-1.0335635499999951,S,2023,True
USDCHF,d1_adx_ge20,trail,2023-01-09 08:26:00-05:00,-0.6291320499999945,S,2023,True
USDCHF,h4_ma_nocounter,trail,2023-01-09 08:26:00-05:00,-0.6291320499999945,S,2023,True
USDCHF,d1_roc20,trail,2023-01-09 08:26:00-05:00,-0.6291320499999945,S,2023,True
USDCHF,d1roc_h4ma,trail,2023-01-09 08:26:00-05:00,-0.6291320499999945,S,2023,True
USDCHF,none,trail,2023-01-09 08:26:00-05:00,-0.6291320499999945,S,2023,True
USDCHF,w1_dow_nocounter,fixed,2023-01-09 08:26:00-05:00,-1.0335635499999951,S,2023,True
USDCHF,d1roc_h4ma,fixed,2023-01-09 08:26:00-05:00,-1.0335635499999951,S,2023,True
USDCHF,h4_ma_nocounter,fixed,2023-01-09 08:26:00-05:00,-1.0335635499999951,S,2023,True
USDCHF,d1_roc20,fixed,2023-01-09 08:26:00-05:00,-1.0335635499999951,S,2023,True
USDCHF,w1_dow_nocounter,trail,2023-01-09 08:26:00-05:00,-0.6291320499999945,S,2023,True
USDJPY,d1_roc20,trail,2023-01-12 08:59:00-05:00,-0.9995249999999841,S,2023,True
USDJPY,none,trail,2023-01-12 08:59:00-05:00,-0.9995249999999841,S,2023,True
USDJPY,d1roc_h4ma,trail,2023-01-12 08:59:00-05:00,-0.9995249999999841,S,2023,True
USDJPY,w1_dow_nocounter,trail,2023-01-12 08:59:00-05:00,-0.9995249999999841,S,2023,True
USDJPY,d1_roc20,fixed,2023-01-12 08:59:00-05:00,-1.000554999999989,S,2023,True
USDJPY,none,fixed,2023-01-12 08:59:00-05:00,-1.000554999999989,S,2023,True
USDJPY,d1_adx_ge20,fixed,2023-01-12 08:59:00-05:00,-1.000554999999989,S,2023,True
USDJPY,d1roc_h4ma,fixed,2023-01-12 08:59:00-05:00,-1.000554999999989,S,2023,True
USDJPY,h4_ma_nocounter,trail,2023-01-12 08:59:00-05:00,-0.9995249999999841,S,2023,True
USDJPY,d1_adx_ge20,trail,2023-01-12 08:59:00-05:00,-0.9995249999999841,S,2023,True
USDJPY,w1_dow_nocounter,fixed,2023-01-12 08:59:00-05:00,-1.000554999999989,S,2023,True
USDJPY,h4_ma_nocounter,fixed,2023-01-12 08:59:00-05:00,-1.000554999999989,S,2023,True
USDCHF,none,trail,2023-01-18 03:14:00-05:00,-0.15797740000001673,S,2023,True
USDCHF,d1_adx_lt25,fixed,2023-01-18 03:14:00-05:00,1.622776300000007,S,2023,True
USDCHF,h4_ma_aligned,fixed,2023-01-18 03:14:00-05:00,1.622776300000007,S,2023,True
USDCHF,h4_ma_nocounter,trail,2023-01-18 03:14:00-05:00,-0.15797740000001673,S,2023,True
USDCHF,d1_roc20,fixed,2023-01-18 03:14:00-05:00,1.622776300000007,S,2023,True
USDCHF,d1_roc20,trail,2023-01-18 03:14:00-05:00,-0.15797740000001673,S,2023,True
USDCHF,w1_dow_nocounter,fixed,2023-01-18 03:14:00-05:00,1.622776300000007,S,2023,True
USDCHF,none,fixed,2023-01-18 03:14:00-05:00,1.622776300000007,S,2023,True
USDCHF,d1roc_h4ma,fixed,2023-01-18 03:14:00-05:00,1.622776300000007,S,2023,True
USDCHF,w1_dow_nocounter,trail,2023-01-18 03:14:00-05:00,-0.15797740000001673,S,2023,True
USDCHF,h4_ma_aligned,trail,2023-01-18 03:14:00-05:00,-0.15797740000001673,S,2023,True
USDCHF,d1roc_h4ma,trail,2023-01-18 03:14:00-05:00,-0.15797740000001673,S,2023,True
USDCHF,h4_ma_nocounter,fixed,2023-01-18 03:14:00-05:00,1.622776300000007,S,2023,True
USDCHF,d1_adx_lt25,trail,2023-01-18 03:14:00-05:00,-0.15797740000001673,S,2023,True
AUDUSD,h4_ma_nocounter,fixed,2023-01-24 19:30:00-05:00,-1.0182964999999968,L,2023,True
AUDUSD,d1_adx_ge20,fixed,2023-01-24 19:30:00-05:00,-1.0182964999999968,L,2023,True
AUDUSD,w1_dow_nocounter,trail,2023-01-24 19:30:00-05:00,0.6281568500000002,L,2023,True
AUDUSD,d1_adx_lt25,fixed,2023-01-24 19:30:00-05:00,-1.0182964999999968,L,2023,True
AUDUSD,d1roc_h4ma,fixed,2023-01-24 19:30:00-05:00,-1.0182964999999968,L,2023,True
AUDUSD,none,trail,2023-01-24 19:30:00-05:00,0.6281568500000002,L,2023,True
AUDUSD,d1roc_h4ma,trail,2023-01-24 19:30:00-05:00,0.6281568500000002,L,2023,True
AUDUSD,h4_ma_nocounter,trail,2023-01-24 19:30:00-05:00,0.6281568500000002,L,2023,True
AUDUSD,none,fixed,2023-01-24 19:30:00-05:00,-1.0182964999999968,L,2023,True
AUDUSD,d1_adx_lt25,trail,2023-01-24 19:30:00-05:00,0.6281568500000002,L,2023,True
AUDUSD,h4_ma_aligned,trail,2023-01-24 19:30:00-05:00,0.6281568500000002,L,2023,True
AUDUSD,w1_dow_strict,trail,2023-01-24 19:30:00-05:00,0.6281568500000002,L,2023,True
AUDUSD,d1_roc20,trail,2023-01-24 19:30:00-05:00,0.6281568500000002,L,2023,True
AUDUSD,h4_ma_aligned,fixed,2023-01-24 19:30:00-05:00,-1.0182964999999968,L,2023,True
AUDUSD,w1_dow_strict,fixed,2023-01-24 19:30:00-05:00,-1.0182964999999968,L,2023,True
AUDUSD,d1_adx_ge20,trail,2023-01-24 19:30:00-05:00,0.6281568500000002,L,2023,True
AUDUSD,d1_roc20,fixed,2023-01-24 19:30:00-05:00,-1.0182964999999968,L,2023,True
AUDUSD,w1_dow_nocounter,fixed,2023-01-24 19:30:00-05:00,-1.0182964999999968,L,2023,True
USDCHF,d1_adx_lt25,trail,2023-01-31 03:41:00-05:00,-1.0529660499999962,L,2023,True
USDCHF,h4_ma_nocounter,fixed,2023-01-31 03:41:00-05:00,-1.0529660499999962,L,2023,True
USDCHF,none,trail,2023-01-31 03:41:00-05:00,-1.0529660499999962,L,2023,True
USDCHF,d1_adx_lt25,fixed,2023-01-31 03:41:00-05:00,-1.0529660499999962,L,2023,True
USDCHF,w1_dow_nocounter,fixed,2023-01-31 03:41:00-05:00,-1.0529660499999962,L,2023,True
USDCHF,none,fixed,2023-01-31 03:41:00-05:00,-1.0529660499999962,L,2023,True
USDCHF,w1_dow_nocounter,trail,2023-01-31 03:41:00-05:00,-1.0529660499999962,L,2023,True
USDCHF,h4_ma_nocounter,trail,2023-01-31 03:41:00-05:00,-1.0529660499999962,L,2023,True
USDCHF,d1_roc20,fixed,2023-01-31 13:51:00-05:00,1.631505050000004,S,2023,True
USDCHF,none,trail,2023-01-31 13:51:00-05:00,-0.2662361999999834,S,2023,True
USDCHF,d1_roc20,trail,2023-01-31 13:51:00-05:00,-0.2662361999999834,S,2023,True
USDCHF,none,fixed,2023-01-31 13:51:00-05:00,1.631505050000004,S,2023,True
USDCHF,d1_adx_lt25,fixed,2023-01-31 13:51:00-05:00,1.631505050000004,S,2023,True
USDCHF,w1_dow_nocounter,trail,2023-01-31 13:51:00-05:00,-0.2662361999999834,S,2023,True
USDCHF,d1roc_h4ma,trail,2023-01-31 13:51:00-05:00,-0.2662361999999834,S,2023,True
USDCHF,d1roc_h4ma,fixed,2023-01-31 13:51:00-05:00,1.631505050000004,S,2023,True
USDCHF,h4_ma_nocounter,fixed,2023-01-31 13:51:00-05:00,1.631505050000004,S,2023,True
USDCHF,d1_adx_lt25,trail,2023-01-31 13:51:00-05:00,-0.2662361999999834,S,2023,True
USDCHF,w1_dow_nocounter,fixed,2023-01-31 13:51:00-05:00,1.631505050000004,S,2023,True
USDCHF,h4_ma_nocounter,trail,2023-01-31 13:51:00-05:00,-0.2662361999999834,S,2023,True
EURUSD,d1_adx_ge20,fixed,2023-02-01 14:38:00-05:00,1.6511276000000061,L,2023,True
EURUSD,h4_ma_nocounter,trail,2023-02-01 14:38:00-05:00,-0.9720124999999732,L,2023,True
EURUSD,d1_roc20,fixed,2023-02-01 14:38:00-05:00,1.6511276000000061,L,2023,True
EURUSD,w1_dow_strict,fixed,2023-02-01 14:38:00-05:00,1.6511276000000061,L,2023,True
EURUSD,none,trail,2023-02-01 14:38:00-05:00,-0.9720124999999732,L,2023,True
EURUSD,d1roc_h4ma,fixed,2023-02-01 14:38:00-05:00,1.6511276000000061,L,2023,True
EURUSD,w1_dow_nocounter,fixed,2023-02-01 14:38:00-05:00,1.6511276000000061,L,2023,True
EURUSD,h4_ma_nocounter,fixed,2023-02-01 14:38:00-05:00,1.6511276000000061,L,2023,True
EURUSD,d1_roc20,trail,2023-02-01 14:38:00-05:00,-0.9720124999999732,L,2023,True
EURUSD,d1roc_h4ma,trail,2023-02-01 14:38:00-05:00,-0.9720124999999732,L,2023,True
EURUSD,none,fixed,2023-02-01 14:38:00-05:00,1.6511276000000061,L,2023,True
EURUSD,d1_adx_ge20,trail,2023-02-01 14:38:00-05:00,-0.9720124999999732,L,2023,True
EURUSD,w1_dow_nocounter,trail,2023-02-01 14:38:00-05:00,-0.9720124999999732,L,2023,True
EURUSD,w1_dow_strict,trail,2023-02-01 14:38:00-05:00,-0.9720124999999732,L,2023,True
USDJPY,h4_ma_nocounter,trail,2023-02-01 14:42:00-05:00,0.2660350000000167,S,2023,True
USDJPY,w1_dow_nocounter,fixed,2023-02-01 14:42:00-05:00,-1.00421999999998,S,2023,True
USDJPY,d1roc_h4ma,fixed,2023-02-01 14:42:00-05:00,-1.00421999999998,S,2023,True
USDJPY,none,fixed,2023-02-01 14:42:00-05:00,-1.00421999999998,S,2023,True
USDJPY,d1_roc20,trail,2023-02-01 14:42:00-05:00,0.2660350000000167,S,2023,True
USDJPY,d1_adx_lt25,fixed,2023-02-01 14:42:00-05:00,-1.00421999999998,S,2023,True
USDJPY,h4_ma_nocounter,fixed,2023-02-01 14:42:00-05:00,-1.00421999999998,S,2023,True
USDJPY,d1roc_h4ma,trail,2023-02-01 14:42:00-05:00,0.2660350000000167,S,2023,True
USDJPY,none,trail,2023-02-01 14:42:00-05:00,0.2660350000000167,S,2023,True
USDJPY,w1_dow_nocounter,trail,2023-02-01 14:42:00-05:00,0.2660350000000167,S,2023,True
USDJPY,d1_roc20,fixed,2023-02-01 14:42:00-05:00,-1.00421999999998,S,2023,True
USDJPY,d1_adx_lt25,trail,2023-02-01 14:42:00-05:00,0.2660350000000167,S,2023,True
AUDUSD,h4_ma_aligned,fixed,2023-02-01 15:33:00-05:00,-1.0224338999999871,L,2023,True
AUDUSD,w1_dow_nocounter,fixed,2023-02-01 15:33:00-05:00,-1.0224338999999871,L,2023,True
AUDUSD,w1_dow_strict,trail,2023-02-01 15:33:00-05:00,-1.0224338999999871,L,2023,True
AUDUSD,h4_ma_aligned,trail,2023-02-01 15:33:00-05:00,-1.0224338999999871,L,2023,True
AUDUSD,none,trail,2023-02-01 15:33:00-05:00,-1.0224338999999871,L,2023,True
AUDUSD,d1_adx_ge20,fixed,2023-02-01 15:33:00-05:00,-1.0224338999999871,L,2023,True
AUDUSD,d1_adx_ge20,trail,2023-02-01 15:33:00-05:00,-1.0224338999999871,L,2023,True
AUDUSD,w1_dow_strict,fixed,2023-02-01 15:33:00-05:00,-1.0224338999999871,L,2023,True
AUDUSD,w1_dow_nocounter,trail,2023-02-01 15:33:00-05:00,-1.0224338999999871,L,2023,True
AUDUSD,d1roc_h4ma,trail,2023-02-01 15:33:00-05:00,-1.0224338999999871,L,2023,True
AUDUSD,d1_roc20,trail,2023-02-01 15:33:00-05:00,-1.0224338999999871,L,2023,True
AUDUSD,d1_roc20,fixed,2023-02-01 15:33:00-05:00,-1.0224338999999871,L,2023,True
AUDUSD,h4_ma_nocounter,fixed,2023-02-01 15:33:00-05:00,-1.0224338999999871,L,2023,True
AUDUSD,none,fixed,2023-02-01 15:33:00-05:00,-1.0224338999999871,L,2023,True
AUDUSD,h4_ma_nocounter,trail,2023-02-01 15:33:00-05:00,-1.0224338999999871,L,2023,True
AUDUSD,d1roc_h4ma,fixed,2023-02-01 15:33:00-05:00,-1.0224338999999871,L,2023,True
GBPUSD,h4_ma_nocounter,trail,2023-02-02 10:05:00-05:00,2.680395700000009,S,2023,True
GBPUSD,d1_adx_lt25,trail,2023-02-02 10:05:00-05:00,2.680395700000009,S,2023,True
GBPUSD,none,trail,2023-02-02 10:05:00-05:00,2.680395700000009,S,2023,True
GBPUSD,h4_ma_nocounter,fixed,2023-02-02 10:05:00-05:00,1.6501873000000205,S,2023,True
GBPUSD,d1_adx_lt25,fixed,2023-02-02 10:05:00-05:00,1.6501873000000205,S,2023,True
GBPUSD,none,fixed,2023-02-02 10:05:00-05:00,1.6501873000000205,S,2023,True
USDJPY,w1_dow_nocounter,fixed,2023-02-03 10:06:00-05:00,1.6629749999999948,L,2023,True
USDJPY,none,fixed,2023-02-03 10:06:00-05:00,1.6629749999999948,L,2023,True
USDJPY,d1_adx_lt25,fixed,2023-02-03 10:06:00-05:00,1.6629749999999948,L,2023,True
USDJPY,d1_adx_lt25,trail,2023-02-03 10:06:00-05:00,0.5887000000000175,L,2023,True
USDJPY,w1_dow_nocounter,trail,2023-02-03 10:06:00-05:00,0.5887000000000175,L,2023,True
USDJPY,none,trail,2023-02-03 10:06:00-05:00,0.5887000000000175,L,2023,True
EURUSD,none,trail,2023-02-03 14:51:00-05:00,0.8219946500000002,S,2023,True
EURUSD,d1_adx_ge20,fixed,2023-02-03 14:51:00-05:00,1.6575038999999934,S,2023,True
EURUSD,none,fixed,2023-02-03 14:51:00-05:00,1.6575038999999934,S,2023,True
EURUSD,d1_adx_ge20,trail,2023-02-03 14:51:00-05:00,0.8219946500000002,S,2023,True
AUDUSD,d1_adx_ge20,fixed,2023-02-06 10:16:00-05:00,-1.0151882999999993,S,2023,True
AUDUSD,none,trail,2023-02-06 10:16:00-05:00,-1.0151882999999993,S,2023,True
AUDUSD,none,fixed,2023-02-06 10:16:00-05:00,-1.0151882999999993,S,2023,True
AUDUSD,h4_ma_nocounter,fixed,2023-02-06 10:16:00-05:00,-1.0151882999999993,S,2023,True
AUDUSD,h4_ma_nocounter,trail,2023-02-06 10:16:00-05:00,-1.0151882999999993,S,2023,True
AUDUSD,d1_adx_ge20,trail,2023-02-06 10:16:00-05:00,-1.0151882999999993,S,2023,True
USDCHF,none,trail,2023-02-06 10:49:00-05:00,-0.8912488500000016,L,2023,True
USDCHF,d1_adx_lt25,trail,2023-02-06 10:49:00-05:00,-0.8912488500000016,L,2023,True
USDCHF,w1_dow_nocounter,trail,2023-02-06 10:49:00-05:00,-0.8912488500000016,L,2023,True
USDCHF,d1_adx_lt25,fixed,2023-02-06 10:49:00-05:00,-1.0372998500000021,L,2023,True
USDCHF,w1_dow_nocounter,fixed,2023-02-06 10:49:00-05:00,-1.0372998500000021,L,2023,True
USDCHF,none,fixed,2023-02-06 10:49:00-05:00,-1.0372998500000021,L,2023,True
USDJPY,none,trail,2023-02-13 11:09:00-05:00,-1.003475,L,2023,True
USDJPY,w1_dow_nocounter,fixed,2023-02-13 11:09:00-05:00,-0.9994500000000047,L,2023,True
USDJPY,d1_adx_lt25,trail,2023-02-13 11:09:00-05:00,-1.003475,L,2023,True
USDJPY,h4_ma_nocounter,fixed,2023-02-13 11:09:00-05:00,-0.9994500000000047,L,2023,True
USDJPY,d1_adx_lt25,fixed,2023-02-13 11:09:00-05:00,-0.9994500000000047,L,2023,True
USDJPY,d1roc_h4ma,fixed,2023-02-13 11:09:00-05:00,-0.9994500000000047,L,2023,True
USDJPY,h4_ma_aligned,fixed,2023-02-13 11:09:00-05:00,-0.9994500000000047,L,2023,True
USDJPY,none,fixed,2023-02-13 11:09:00-05:00,-0.9994500000000047,L,2023,True
USDJPY,w1_dow_nocounter,trail,2023-02-13 11:09:00-05:00,-1.003475,L,2023,True
USDJPY,d1_roc20,fixed,2023-02-13 11:09:00-05:00,-0.9994500000000047,L,2023,True
USDJPY,d1_roc20,trail,2023-02-13 11:09:00-05:00,-1.003475,L,2023,True
USDJPY,d1roc_h4ma,trail,2023-02-13 11:09:00-05:00,-1.003475,L,2023,True
USDJPY,h4_ma_nocounter,trail,2023-02-13 11:09:00-05:00,-1.003475,L,2023,True
USDJPY,h4_ma_aligned,trail,2023-02-13 11:09:00-05:00,-1.003475,L,2023,True
EURUSD,d1roc_h4ma,trail,2023-02-16 10:03:00-05:00,-0.13156435000001857,S,2023,True
AUDUSD,d1_roc20,trail,2023-02-16 10:03:00-05:00,-0.5165751500000114,S,2023,True
AUDUSD,none,fixed,2023-02-16 10:03:00-05:00,-1.0157204500000112,S,2023,True
EURUSD,d1_adx_ge20,trail,2023-02-16 10:03:00-05:00,-0.13156435000001857,S,2023,True
AUDUSD,h4_ma_nocounter,fixed,2023-02-16 10:03:00-05:00,-1.0157204500000112,S,2023,True
AUDUSD,d1_roc20,fixed,2023-02-16 10:03:00-05:00,-1.0157204500000112,S,2023,True
AUDUSD,d1roc_h4ma,trail,2023-02-16 10:03:00-05:00,-0.5165751500000114,S,2023,True
AUDUSD,d1_adx_lt25,fixed,2023-02-16 10:03:00-05:00,-1.0157204500000112,S,2023,True
EURUSD,d1_roc20,trail,2023-02-16 10:03:00-05:00,-0.13156435000001857,S,2023,True
EURUSD,none,trail,2023-02-16 10:03:00-05:00,-0.13156435000001857,S,2023,True
AUDUSD,d1_adx_lt25,trail,2023-02-16 10:03:00-05:00,-0.5165751500000114,S,2023,True
EURUSD,h4_ma_aligned,trail,2023-02-16 10:03:00-05:00,-0.13156435000001857,S,2023,True
EURUSD,h4_ma_aligned,fixed,2023-02-16 10:03:00-05:00,-1.010401499999999,S,2023,True
EURUSD,h4_ma_nocounter,trail,2023-02-16 10:03:00-05:00,-0.13156435000001857,S,2023,True
EURUSD,d1_adx_ge20,fixed,2023-02-16 10:03:00-05:00,-1.010401499999999,S,2023,True
AUDUSD,h4_ma_nocounter,trail,2023-02-16 10:03:00-05:00,-0.5165751500000114,S,2023,True
EURUSD,d1_adx_lt25,fixed,2023-02-16 10:03:00-05:00,-1.010401499999999,S,2023,True
EURUSD,h4_ma_nocounter,fixed,2023-02-16 10:03:00-05:00,-1.010401499999999,S,2023,True
AUDUSD,none,trail,2023-02-16 10:03:00-05:00,-0.5165751500000114,S,2023,True
AUDUSD,d1roc_h4ma,fixed,2023-02-16 10:03:00-05:00,-1.0157204500000112,S,2023,True
EURUSD,d1roc_h4ma,fixed,2023-02-16 10:03:00-05:00,-1.010401499999999,S,2023,True
EURUSD,d1_roc20,fixed,2023-02-16 10:03:00-05:00,-1.010401499999999,S,2023,True
EURUSD,d1_adx_lt25,trail,2023-02-16 10:03:00-05:00,-0.13156435000001857,S,2023,True
EURUSD,none,fixed,2023-02-16 10:03:00-05:00,-1.010401499999999,S,2023,True
GBPUSD,none,trail,2023-02-16 19:27:00-05:00,0.017729699999990564,S,2023,True
GBPUSD,d1_roc20,trail,2023-02-16 19:27:00-05:00,0.017729699999990564,S,2023,True
GBPUSD,d1_adx_lt25,trail,2023-02-16 19:27:00-05:00,0.017729699999990564,S,2023,True
GBPUSD,d1roc_h4ma,fixed,2023-02-16 19:27:00-05:00,-1.0158833000000103,S,2023,True
GBPUSD,d1_adx_lt25,fixed,2023-02-16 19:27:00-05:00,-1.0158833000000103,S,2023,True
GBPUSD,d1_roc20,fixed,2023-02-16 19:27:00-05:00,-1.0158833000000103,S,2023,True
GBPUSD,h4_ma_nocounter,fixed,2023-02-16 19:27:00-05:00,-1.0158833000000103,S,2023,True
GBPUSD,h4_ma_nocounter,trail,2023-02-16 19:27:00-05:00,0.017729699999990564,S,2023,True
GBPUSD,d1roc_h4ma,trail,2023-02-16 19:27:00-05:00,0.017729699999990564,S,2023,True
GBPUSD,none,fixed,2023-02-16 19:27:00-05:00,-1.0158833000000103,S,2023,True
USDCHF,none,trail,2023-02-16 23:42:00-05:00,-1.0467954500000098,L,2023,True
USDCHF,w1_dow_nocounter,trail,2023-02-16 23:42:00-05:00,-1.0467954500000098,L,2023,True
USDCHF,d1roc_h4ma,trail,2023-02-16 23:42:00-05:00,-1.0467954500000098,L,2023,True
USDCHF,d1roc_h4ma,fixed,2023-02-16 23:42:00-05:00,-1.0467954500000098,L,2023,True
USDCHF,d1_adx_lt25,trail,2023-02-16 23:42:00-05:00,-1.0467954500000098,L,2023,True
USDCHF,w1_dow_nocounter,fixed,2023-02-16 23:42:00-05:00,-1.0467954500000098,L,2023,True
USDCHF,d1_roc20,trail,2023-02-16 23:42:00-05:00,-1.0467954500000098,L,2023,True
USDCHF,h4_ma_nocounter,fixed,2023-02-16 23:42:00-05:00,-1.0467954500000098,L,2023,True
USDCHF,none,fixed,2023-02-16 23:42:00-05:00,-1.0467954500000098,L,2023,True
USDCHF,d1_roc20,fixed,2023-02-16 23:42:00-05:00,-1.0467954500000098,L,2023,True
USDCHF,h4_ma_nocounter,trail,2023-02-16 23:42:00-05:00,-1.0467954500000098,L,2023,True
USDCHF,d1_adx_lt25,fixed,2023-02-16 23:42:00-05:00,-1.0467954500000098,L,2023,True
EURUSD,h4_ma_aligned,trail,2023-02-22 14:15:00-05:00,1.26801775000002,S,2023,True
EURUSD,d1roc_h4ma,fixed,2023-02-22 14:15:00-05:00,1.6544989500000313,S,2023,True
EURUSD,d1_roc20,trail,2023-02-22 14:15:00-05:00,1.26801775000002,S,2023,True
EURUSD,h4_ma_aligned,fixed,2023-02-22 14:15:00-05:00,1.6544989500000313,S,2023,True
EURUSD,d1roc_h4ma,trail,2023-02-22 14:15:00-05:00,1.26801775000002,S,2023,True
EURUSD,h4_ma_nocounter,fixed,2023-02-22 14:15:00-05:00,1.6544989500000313,S,2023,True
EURUSD,h4_ma_nocounter,trail,2023-02-22 14:15:00-05:00,1.26801775000002,S,2023,True
EURUSD,none,trail,2023-02-22 14:15:00-05:00,1.26801775000002,S,2023,True
EURUSD,d1_adx_lt25,trail,2023-02-22 14:15:00-05:00,1.26801775000002,S,2023,True
EURUSD,none,fixed,2023-02-22 14:15:00-05:00,1.6544989500000313,S,2023,True
EURUSD,d1_adx_lt25,fixed,2023-02-22 14:15:00-05:00,1.6544989500000313,S,2023,True
EURUSD,d1_roc20,fixed,2023-02-22 14:15:00-05:00,1.6544989500000313,S,2023,True
USDCHF,d1roc_h4ma,fixed,2023-02-23 04:57:00-05:00,1.6093005500000062,L,2023,True
USDCHF,d1_adx_lt25,fixed,2023-02-23 04:57:00-05:00,1.6093005500000062,L,2023,True
USDCHF,h4_ma_nocounter,trail,2023-02-23 04:57:00-05:00,1.8998672999999804,L,2023,True
USDCHF,d1roc_h4ma,trail,2023-02-23 04:57:00-05:00,1.8998672999999804,L,2023,True
USDCHF,h4_ma_nocounter,fixed,2023-02-23 04:57:00-05:00,1.6093005500000062,L,2023,True
USDCHF,w1_dow_nocounter,trail,2023-02-23 04:57:00-05:00,1.8998672999999804,L,2023,True
USDCHF,h4_ma_aligned,trail,2023-02-23 04:57:00-05:00,1.8998672999999804,L,2023,True
USDCHF,none,trail,2023-02-23 04:57:00-05:00,1.8998672999999804,L,2023,True
USDCHF,d1_adx_lt25,trail,2023-02-23 04:57:00-05:00,1.8998672999999804,L,2023,True
USDCHF,d1_roc20,trail,2023-02-23 04:57:00-05:00,1.8998672999999804,L,2023,True
USDCHF,w1_dow_nocounter,fixed,2023-02-23 04:57:00-05:00,1.6093005500000062,L,2023,True
USDCHF,h4_ma_aligned,fixed,2023-02-23 04:57:00-05:00,1.6093005500000062,L,2023,True
USDCHF,d1_roc20,fixed,2023-02-23 04:57:00-05:00,1.6093005500000062,L,2023,True
USDCHF,none,fixed,2023-02-23 04:57:00-05:00,1.6093005500000062,L,2023,True
EURUSD,none,fixed,2023-03-06 11:55:00-05:00,-1.0120914999999955,L,2023,True
EURUSD,w1_dow_nocounter,fixed,2023-03-06 11:55:00-05:00,-1.0120914999999955,L,2023,True
EURUSD,d1_adx_lt25,trail,2023-03-06 11:55:00-05:00,-1.0120914999999955,L,2023,True
EURUSD,h4_ma_nocounter,trail,2023-03-06 11:55:00-05:00,-1.0120914999999955,L,2023,True
EURUSD,w1_dow_strict,trail,2023-03-06 11:55:00-05:00,-1.0120914999999955,L,2023,True
EURUSD,d1_adx_lt25,fixed,2023-03-06 11:55:00-05:00,-1.0120914999999955,L,2023,True
EURUSD,w1_dow_strict,fixed,2023-03-06 11:55:00-05:00,-1.0120914999999955,L,2023,True
EURUSD,h4_ma_nocounter,fixed,2023-03-06 11:55:00-05:00,-1.0120914999999955,L,2023,True
EURUSD,none,trail,2023-03-06 11:55:00-05:00,-1.0120914999999955,L,2023,True
EURUSD,w1_dow_nocounter,trail,2023-03-06 11:55:00-05:00,-1.0120914999999955,L,2023,True
AUDUSD,d1_roc20,trail,2023-03-06 22:49:00-05:00,1.8825528499999822,S,2023,True
AUDUSD,h4_ma_nocounter,trail,2023-03-06 22:49:00-05:00,1.8825528499999822,S,2023,True
AUDUSD,d1_adx_lt25,fixed,2023-03-06 22:49:00-05:00,1.6455452000000022,S,2023,True
AUDUSD,d1_adx_lt25,trail,2023-03-06 22:49:00-05:00,1.8825528499999822,S,2023,True
AUDUSD,h4_ma_aligned,trail,2023-03-06 22:49:00-05:00,1.8825528499999822,S,2023,True
AUDUSD,h4_ma_nocounter,fixed,2023-03-06 22:49:00-05:00,1.6455452000000022,S,2023,True
AUDUSD,d1roc_h4ma,trail,2023-03-06 22:49:00-05:00,1.8825528499999822,S,2023,True
AUDUSD,none,fixed,2023-03-06 22:49:00-05:00,1.6455452000000022,S,2023,True
AUDUSD,none,trail,2023-03-06 22:49:00-05:00,1.8825528499999822,S,2023,True
AUDUSD,h4_ma_aligned,fixed,2023-03-06 22:49:00-05:00,1.6455452000000022,S,2023,True
AUDUSD,d1_roc20,fixed,2023-03-06 22:49:00-05:00,1.6455452000000022,S,2023,True
AUDUSD,d1roc_h4ma,fixed,2023-03-06 22:49:00-05:00,1.6455452000000022,S,2023,True
GBPUSD,h4_ma_aligned,trail,2023-03-07 10:04:00-05:00,1.1109208500000067,S,2023,True
GBPUSD,d1_adx_lt25,trail,2023-03-07 10:04:00-05:00,1.1109208500000067,S,2023,True
GBPUSD,h4_ma_nocounter,fixed,2023-03-07 10:04:00-05:00,1.6471287500000318,S,2023,True
GBPUSD,h4_ma_nocounter,trail,2023-03-07 10:04:00-05:00,1.1109208500000067,S,2023,True
GBPUSD,d1_adx_lt25,fixed,2023-03-07 10:04:00-05:00,1.6471287500000318,S,2023,True
GBPUSD,none,fixed,2023-03-07 10:04:00-05:00,1.6471287500000318,S,2023,True
GBPUSD,none,trail,2023-03-07 10:04:00-05:00,1.1109208500000067,S,2023,True
GBPUSD,h4_ma_aligned,fixed,2023-03-07 10:04:00-05:00,1.6471287500000318,S,2023,True
USDJPY,d1_roc20,trail,2023-03-07 14:15:00-05:00,-0.9058699999999996,L,2023,True
USDJPY,d1_adx_ge20,fixed,2023-03-07 14:15:00-05:00,-1.003354999999969,L,2023,True
USDJPY,h4_ma_aligned,trail,2023-03-07 14:15:00-05:00,-0.9058699999999996,L,2023,True
USDJPY,h4_ma_aligned,fixed,2023-03-07 14:15:00-05:00,-1.003354999999969,L,2023,True
USDJPY,d1roc_h4ma,fixed,2023-03-07 14:15:00-05:00,-1.003354999999969,L,2023,True
USDJPY,d1roc_h4ma,trail,2023-03-07 14:15:00-05:00,-0.9058699999999996,L,2023,True
USDJPY,d1_adx_ge20,trail,2023-03-07 14:15:00-05:00,-0.9058699999999996,L,2023,True
USDJPY,h4_ma_nocounter,fixed,2023-03-07 14:15:00-05:00,-1.003354999999969,L,2023,True
USDJPY,none,fixed,2023-03-07 14:15:00-05:00,-1.003354999999969,L,2023,True
USDJPY,d1_roc20,fixed,2023-03-07 14:15:00-05:00,-1.003354999999969,L,2023,True
USDJPY,w1_dow_nocounter,trail,2023-03-07 14:15:00-05:00,-0.9058699999999996,L,2023,True
USDJPY,none,trail,2023-03-07 14:15:00-05:00,-0.9058699999999996,L,2023,True
USDJPY,w1_dow_nocounter,fixed,2023-03-07 14:15:00-05:00,-1.003354999999969,L,2023,True
USDJPY,h4_ma_nocounter,trail,2023-03-07 14:15:00-05:00,-0.9058699999999996,L,2023,True
EURUSD,h4_ma_nocounter,trail,2023-03-07 21:58:00-05:00,-0.8963667999999985,S,2023,True
EURUSD,d1_adx_lt25,trail,2023-03-07 21:58:00-05:00,-0.8963667999999985,S,2023,True
EURUSD,d1roc_h4ma,trail,2023-03-07 21:58:00-05:00,-0.8963667999999985,S,2023,True
EURUSD,d1_roc20,fixed,2023-03-07 21:58:00-05:00,-1.010817800000043,S,2023,True
EURUSD,none,fixed,2023-03-07 21:58:00-05:00,-1.010817800000043,S,2023,True
EURUSD,h4_ma_nocounter,fixed,2023-03-07 21:58:00-05:00,-1.010817800000043,S,2023,True
EURUSD,d1_roc20,trail,2023-03-07 21:58:00-05:00,-0.8963667999999985,S,2023,True
EURUSD,none,trail,2023-03-07 21:58:00-05:00,-0.8963667999999985,S,2023,True
EURUSD,d1roc_h4ma,fixed,2023-03-07 21:58:00-05:00,-1.010817800000043,S,2023,True
EURUSD,d1_adx_lt25,fixed,2023-03-07 21:58:00-05:00,-1.010817800000043,S,2023,True
GBPUSD,d1_adx_lt25,fixed,2023-03-10 09:38:00-05:00,1.6478512500000009,L,2023,True
GBPUSD,w1_dow_strict,trail,2023-03-10 09:38:00-05:00,1.1757931999999889,L,2023,True
GBPUSD,none,fixed,2023-03-10 09:38:00-05:00,1.6478512500000009,L,2023,True
GBPUSD,w1_dow_nocounter,trail,2023-03-10 09:38:00-05:00,1.1757931999999889,L,2023,True
GBPUSD,none,trail,2023-03-10 09:38:00-05:00,1.1757931999999889,L,2023,True
GBPUSD,d1_adx_lt25,trail,2023-03-10 09:38:00-05:00,1.1757931999999889,L,2023,True
GBPUSD,w1_dow_strict,fixed,2023-03-10 09:38:00-05:00,1.6478512500000009,L,2023,True
GBPUSD,w1_dow_nocounter,fixed,2023-03-10 09:38:00-05:00,1.6478512500000009,L,2023,True
EURUSD,w1_dow_nocounter,fixed,2023-03-10 10:33:00-05:00,-1.0117526999999722,L,2023,True
EURUSD,none,fixed,2023-03-10 10:33:00-05:00,-1.0117526999999722,L,2023,True
EURUSD,w1_dow_strict,trail,2023-03-10 10:33:00-05:00,-1.0117526999999722,L,2023,True
EURUSD,none,trail,2023-03-10 10:33:00-05:00,-1.0117526999999722,L,2023,True
EURUSD,d1_adx_lt25,trail,2023-03-10 10:33:00-05:00,-1.0117526999999722,L,2023,True
EURUSD,d1_adx_lt25,fixed,2023-03-10 10:33:00-05:00,-1.0117526999999722,L,2023,True
EURUSD,w1_dow_nocounter,trail,2023-03-10 10:33:00-05:00,-1.0117526999999722,L,2023,True
EURUSD,w1_dow_strict,fixed,2023-03-10 10:33:00-05:00,-1.0117526999999722,L,2023,True
USDJPY,d1_adx_ge20,fixed,2023-03-12 18:01:00-04:00,1.548945,S,2023,True
USDJPY,none,trail,2023-03-12 18:01:00-04:00,0.24707999999999775,S,2023,True
USDJPY,w1_dow_nocounter,trail,2023-03-12 18:01:00-04:00,0.24707999999999775,S,2023,True
USDJPY,none,fixed,2023-03-12 18:01:00-04:00,1.548945,S,2023,True
USDJPY,d1_adx_ge20,trail,2023-03-12 18:01:00-04:00,0.24707999999999775,S,2023,True
USDJPY,w1_dow_nocounter,fixed,2023-03-12 18:01:00-04:00,1.548945,S,2023,True
USDCHF,d1_roc20,fixed,2023-03-13 05:24:00-04:00,-1.0313038499999956,S,2023,True
USDCHF,none,trail,2023-03-13 05:24:00-04:00,-0.15660749999999324,S,2023,True
USDCHF,h4_ma_nocounter,fixed,2023-03-13 05:24:00-04:00,-1.0313038499999956,S,2023,True
USDCHF,h4_ma_nocounter,trail,2023-03-13 05:24:00-04:00,-0.15660749999999324,S,2023,True
USDCHF,d1_adx_lt25,fixed,2023-03-13 05:24:00-04:00,-1.0313038499999956,S,2023,True
USDCHF,w1_dow_nocounter,trail,2023-03-13 05:24:00-04:00,-0.15660749999999324,S,2023,True
USDCHF,d1_roc20,trail,2023-03-13 05:24:00-04:00,-0.15660749999999324,S,2023,True
USDCHF,w1_dow_nocounter,fixed,2023-03-13 05:24:00-04:00,-1.0313038499999956,S,2023,True
USDCHF,d1roc_h4ma,trail,2023-03-13 05:24:00-04:00,-0.15660749999999324,S,2023,True
USDCHF,d1_adx_lt25,trail,2023-03-13 05:24:00-04:00,-0.15660749999999324,S,2023,True
USDCHF,none,fixed,2023-03-13 05:24:00-04:00,-1.0313038499999956,S,2023,True
USDCHF,d1roc_h4ma,fixed,2023-03-13 05:24:00-04:00,-1.0313038499999956,S,2023,True
EURUSD,d1_roc20,fixed,2023-03-15 09:29:00-04:00,-1.0066778000000083,S,2023,True
EURUSD,d1_adx_lt25,trail,2023-03-15 09:29:00-04:00,-1.0066778000000083,S,2023,True
EURUSD,none,fixed,2023-03-15 09:29:00-04:00,-1.0066778000000083,S,2023,True
EURUSD,d1_adx_lt25,fixed,2023-03-15 09:29:00-04:00,-1.0066778000000083,S,2023,True
EURUSD,d1_roc20,trail,2023-03-15 09:29:00-04:00,-1.0066778000000083,S,2023,True
EURUSD,none,trail,2023-03-15 09:29:00-04:00,-1.0066778000000083,S,2023,True
AUDUSD,w1_dow_nocounter,fixed,2023-03-17 03:02:00-04:00,-1.0169199000000027,L,2023,True
AUDUSD,w1_dow_nocounter,trail,2023-03-17 03:02:00-04:00,-0.8603998500000071,L,2023,True
AUDUSD,d1_adx_ge20,fixed,2023-03-17 03:02:00-04:00,-1.0169199000000027,L,2023,True
AUDUSD,d1_adx_lt25,fixed,2023-03-17 03:02:00-04:00,-1.0169199000000027,L,2023,True
AUDUSD,d1_adx_ge20,trail,2023-03-17 03:02:00-04:00,-0.8603998500000071,L,2023,True
AUDUSD,none,trail,2023-03-17 03:02:00-04:00,-0.8603998500000071,L,2023,True
AUDUSD,h4_ma_nocounter,trail,2023-03-17 03:02:00-04:00,-0.8603998500000071,L,2023,True
AUDUSD,h4_ma_nocounter,fixed,2023-03-17 03:02:00-04:00,-1.0169199000000027,L,2023,True
AUDUSD,none,fixed,2023-03-17 03:02:00-04:00,-1.0169199000000027,L,2023,True
AUDUSD,d1_adx_lt25,trail,2023-03-17 03:02:00-04:00,-0.8603998500000071,L,2023,True
GBPUSD,none,fixed,2023-03-19 18:03:00-04:00,1.6478357999999989,L,2023,True
GBPUSD,h4_ma_aligned,trail,2023-03-19 18:03:00-04:00,-0.540365899999999,L,2023,True
GBPUSD,w1_dow_nocounter,trail,2023-03-19 18:03:00-04:00,-0.540365899999999,L,2023,True
GBPUSD,w1_dow_nocounter,fixed,2023-03-19 18:03:00-04:00,1.6478357999999989,L,2023,True
GBPUSD,h4_ma_aligned,fixed,2023-03-19 18:03:00-04:00,1.6478357999999989,L,2023,True
GBPUSD,h4_ma_nocounter,fixed,2023-03-19 18:03:00-04:00,1.6478357999999989,L,2023,True
GBPUSD,d1_roc20,trail,2023-03-19 18:03:00-04:00,-0.540365899999999,L,2023,True
GBPUSD,d1roc_h4ma,trail,2023-03-19 18:03:00-04:00,-0.540365899999999,L,2023,True
GBPUSD,d1_adx_lt25,fixed,2023-03-19 18:03:00-04:00,1.6478357999999989,L,2023,True
GBPUSD,d1_adx_lt25,trail,2023-03-19 18:03:00-04:00,-0.540365899999999,L,2023,True
GBPUSD,d1roc_h4ma,fixed,2023-03-19 18:03:00-04:00,1.6478357999999989,L,2023,True
GBPUSD,d1_roc20,fixed,2023-03-19 18:03:00-04:00,1.6478357999999989,L,2023,True
GBPUSD,none,trail,2023-03-19 18:03:00-04:00,-0.540365899999999,L,2023,True
GBPUSD,h4_ma_nocounter,trail,2023-03-19 18:03:00-04:00,-0.540365899999999,L,2023,True
EURUSD,d1roc_h4ma,trail,2023-03-21 06:57:00-04:00,2.173481750000005,L,2023,True
EURUSD,d1_roc20,trail,2023-03-21 06:57:00-04:00,2.173481750000005,L,2023,True
EURUSD,h4_ma_nocounter,trail,2023-03-21 06:57:00-04:00,2.173481750000005,L,2023,True
EURUSD,d1_adx_lt25,fixed,2023-03-21 06:57:00-04:00,1.6561216999999755,L,2023,True
EURUSD,d1roc_h4ma,fixed,2023-03-21 06:57:00-04:00,1.6561216999999755,L,2023,True
EURUSD,h4_ma_aligned,fixed,2023-03-21 06:57:00-04:00,1.6561216999999755,L,2023,True
EURUSD,d1_adx_lt25,trail,2023-03-21 06:57:00-04:00,2.173481750000005,L,2023,True
EURUSD,w1_dow_strict,fixed,2023-03-21 06:57:00-04:00,1.6561216999999755,L,2023,True
EURUSD,h4_ma_aligned,trail,2023-03-21 06:57:00-04:00,2.173481750000005,L,2023,True
EURUSD,h4_ma_nocounter,fixed,2023-03-21 06:57:00-04:00,1.6561216999999755,L,2023,True
EURUSD,w1_dow_strict,trail,2023-03-21 06:57:00-04:00,2.173481750000005,L,2023,True
EURUSD,none,trail,2023-03-21 06:57:00-04:00,2.173481750000005,L,2023,True
EURUSD,w1_dow_nocounter,trail,2023-03-21 06:57:00-04:00,2.173481750000005,L,2023,True
EURUSD,w1_dow_nocounter,fixed,2023-03-21 06:57:00-04:00,1.6561216999999755,L,2023,True
EURUSD,none,fixed,2023-03-21 06:57:00-04:00,1.6561216999999755,L,2023,True
EURUSD,d1_roc20,fixed,2023-03-21 06:57:00-04:00,1.6561216999999755,L,2023,True
GBPUSD,d1roc_h4ma,fixed,2023-03-28 11:29:00-04:00,-1.0225156500000205,L,2023,True
GBPUSD,h4_ma_nocounter,fixed,2023-03-28 11:29:00-04:00,-1.0225156500000205,L,2023,True
GBPUSD,d1roc_h4ma,trail,2023-03-28 11:29:00-04:00,-0.7462423499999915,L,2023,True
GBPUSD,none,fixed,2023-03-28 11:29:00-04:00,-1.0225156500000205,L,2023,True
GBPUSD,w1_dow_nocounter,trail,2023-03-28 11:29:00-04:00,-0.7462423499999915,L,2023,True
GBPUSD,w1_dow_nocounter,fixed,2023-03-28 11:29:00-04:00,-1.0225156500000205,L,2023,True
GBPUSD,h4_ma_aligned,fixed,2023-03-28 11:29:00-04:00,-1.0225156500000205,L,2023,True
GBPUSD,d1_roc20,trail,2023-03-28 11:29:00-04:00,-0.7462423499999915,L,2023,True
GBPUSD,h4_ma_nocounter,trail,2023-03-28 11:29:00-04:00,-0.7462423499999915,L,2023,True
GBPUSD,d1_adx_lt25,fixed,2023-03-28 11:29:00-04:00,-1.0225156500000205,L,2023,True
GBPUSD,none,trail,2023-03-28 11:29:00-04:00,-0.7462423499999915,L,2023,True
GBPUSD,d1_adx_lt25,trail,2023-03-28 11:29:00-04:00,-0.7462423499999915,L,2023,True
GBPUSD,d1_roc20,fixed,2023-03-28 11:29:00-04:00,-1.0225156500000205,L,2023,True
GBPUSD,h4_ma_aligned,trail,2023-03-28 11:29:00-04:00,-0.7462423499999915,L,2023,True
USDCHF,h4_ma_nocounter,trail,2023-03-31 10:09:00-04:00,-1.054134050000006,S,2023,True
USDCHF,none,fixed,2023-03-31 10:09:00-04:00,-1.054134050000006,S,2023,True
USDCHF,h4_ma_aligned,fixed,2023-03-31 10:09:00-04:00,-1.054134050000006,S,2023,True
USDCHF,d1_roc20,trail,2023-03-31 10:09:00-04:00,-1.054134050000006,S,2023,True
USDCHF,h4_ma_aligned,trail,2023-03-31 10:09:00-04:00,-1.054134050000006,S,2023,True
USDCHF,none,trail,2023-03-31 10:09:00-04:00,-1.054134050000006,S,2023,True
USDCHF,w1_dow_nocounter,trail,2023-03-31 10:09:00-04:00,-1.054134050000006,S,2023,True
USDCHF,d1roc_h4ma,trail,2023-03-31 10:09:00-04:00,-1.054134050000006,S,2023,True
USDCHF,d1roc_h4ma,fixed,2023-03-31 10:09:00-04:00,-1.054134050000006,S,2023,True
USDCHF,d1_adx_lt25,fixed,2023-03-31 10:09:00-04:00,-1.054134050000006,S,2023,True
USDCHF,h4_ma_nocounter,fixed,2023-03-31 10:09:00-04:00,-1.054134050000006,S,2023,True
USDCHF,d1_roc20,fixed,2023-03-31 10:09:00-04:00,-1.054134050000006,S,2023,True
USDCHF,w1_dow_nocounter,fixed,2023-03-31 10:09:00-04:00,-1.054134050000006,S,2023,True
USDCHF,d1_adx_lt25,trail,2023-03-31 10:09:00-04:00,-1.054134050000006,S,2023,True
AUDUSD,h4_ma_aligned,fixed,2023-04-03 07:54:00-04:00,-1.0205223000000203,L,2023,True
AUDUSD,h4_ma_nocounter,fixed,2023-04-03 07:54:00-04:00,-1.0205223000000203,L,2023,True
AUDUSD,d1_adx_lt25,trail,2023-04-03 07:54:00-04:00,-0.9120895500000014,L,2023,True
AUDUSD,h4_ma_nocounter,trail,2023-04-03 07:54:00-04:00,-0.9120895500000014,L,2023,True
AUDUSD,w1_dow_nocounter,trail,2023-04-03 07:54:00-04:00,-0.9120895500000014,L,2023,True
AUDUSD,none,fixed,2023-04-03 07:54:00-04:00,-1.0205223000000203,L,2023,True
AUDUSD,d1_adx_lt25,fixed,2023-04-03 07:54:00-04:00,-1.0205223000000203,L,2023,True
AUDUSD,w1_dow_nocounter,fixed,2023-04-03 07:54:00-04:00,-1.0205223000000203,L,2023,True
AUDUSD,h4_ma_aligned,trail,2023-04-03 07:54:00-04:00,-0.9120895500000014,L,2023,True
AUDUSD,none,trail,2023-04-03 07:54:00-04:00,-0.9120895500000014,L,2023,True
EURUSD,d1_roc20,fixed,2023-04-04 03:52:00-04:00,-1.0110911000000038,L,2023,True
EURUSD,w1_dow_nocounter,fixed,2023-04-04 03:52:00-04:00,-1.0110911000000038,L,2023,True
EURUSD,w1_dow_nocounter,trail,2023-04-04 03:52:00-04:00,-0.8422918999999892,L,2023,True
EURUSD,none,trail,2023-04-04 03:52:00-04:00,-0.8422918999999892,L,2023,True
EURUSD,h4_ma_nocounter,fixed,2023-04-04 03:52:00-04:00,-1.0110911000000038,L,2023,True
EURUSD,h4_ma_aligned,trail,2023-04-04 03:52:00-04:00,-0.8422918999999892,L,2023,True
EURUSD,w1_dow_strict,trail,2023-04-04 03:52:00-04:00,-0.8422918999999892,L,2023,True
EURUSD,d1_adx_lt25,trail,2023-04-04 03:52:00-04:00,-0.8422918999999892,L,2023,True
EURUSD,d1_adx_lt25,fixed,2023-04-04 03:52:00-04:00,-1.0110911000000038,L,2023,True
EURUSD,d1_roc20,trail,2023-04-04 03:52:00-04:00,-0.8422918999999892,L,2023,True
EURUSD,d1roc_h4ma,fixed,2023-04-04 03:52:00-04:00,-1.0110911000000038,L,2023,True
EURUSD,h4_ma_aligned,fixed,2023-04-04 03:52:00-04:00,-1.0110911000000038,L,2023,True
EURUSD,d1roc_h4ma,trail,2023-04-04 03:52:00-04:00,-0.8422918999999892,L,2023,True
EURUSD,w1_dow_strict,fixed,2023-04-04 03:52:00-04:00,-1.0110911000000038,L,2023,True
EURUSD,h4_ma_nocounter,trail,2023-04-04 03:52:00-04:00,-0.8422918999999892,L,2023,True
EURUSD,none,fixed,2023-04-04 03:52:00-04:00,-1.0110911000000038,L,2023,True
AUDUSD,d1_adx_lt25,trail,2023-04-07 08:35:00-04:00,-0.773778200000002,S,2023,True
AUDUSD,w1_dow_nocounter,fixed,2023-04-07 08:35:00-04:00,-1.0252541500000263,S,2023,True
AUDUSD,none,fixed,2023-04-07 08:35:00-04:00,-1.0252541500000263,S,2023,True
AUDUSD,w1_dow_nocounter,trail,2023-04-07 08:35:00-04:00,-0.773778200000002,S,2023,True
AUDUSD,d1_adx_lt25,fixed,2023-04-07 08:35:00-04:00,-1.0252541500000263,S,2023,True
AUDUSD,none,trail,2023-04-07 08:35:00-04:00,-0.773778200000002,S,2023,True
USDJPY,h4_ma_nocounter,trail,2023-04-10 10:28:00-04:00,-0.23927499999999227,L,2023,True
USDJPY,d1_adx_lt25,trail,2023-04-10 10:28:00-04:00,-0.23927499999999227,L,2023,True
USDJPY,h4_ma_nocounter,fixed,2023-04-10 10:28:00-04:00,-1.0009350000000046,L,2023,True
USDJPY,w1_dow_nocounter,fixed,2023-04-10 10:28:00-04:00,-1.0009350000000046,L,2023,True
USDJPY,d1_adx_lt25,fixed,2023-04-10 10:28:00-04:00,-1.0009350000000046,L,2023,True
USDJPY,w1_dow_nocounter,trail,2023-04-10 10:28:00-04:00,-0.23927499999999227,L,2023,True
USDJPY,none,fixed,2023-04-10 10:28:00-04:00,-1.0009350000000046,L,2023,True
USDJPY,none,trail,2023-04-10 10:28:00-04:00,-0.23927499999999227,L,2023,True
USDCHF,h4_ma_aligned,trail,2023-04-12 08:30:00-04:00,3.436835600000005,S,2023,True
USDCHF,none,trail,2023-04-12 08:30:00-04:00,3.436835600000005,S,2023,True
USDCHF,d1_roc20,trail,2023-04-12 08:30:00-04:00,3.436835600000005,S,2023,True
USDCHF,d1_roc20,fixed,2023-04-12 08:30:00-04:00,1.6008875000000007,S,2023,True
USDCHF,w1_dow_strict,trail,2023-04-12 08:30:00-04:00,3.436835600000005,S,2023,True
USDCHF,h4_ma_nocounter,trail,2023-04-12 08:30:00-04:00,3.436835600000005,S,2023,True
USDCHF,d1_adx_lt25,trail,2023-04-12 08:30:00-04:00,3.436835600000005,S,2023,True
USDCHF,w1_dow_nocounter,trail,2023-04-12 08:30:00-04:00,3.436835600000005,S,2023,True
USDCHF,d1roc_h4ma,trail,2023-04-12 08:30:00-04:00,3.436835600000005,S,2023,True
USDCHF,d1_adx_lt25,fixed,2023-04-12 08:30:00-04:00,1.6008875000000007,S,2023,True
USDCHF,w1_dow_strict,fixed,2023-04-12 08:30:00-04:00,1.6008875000000007,S,2023,True
USDCHF,none,fixed,2023-04-12 08:30:00-04:00,1.6008875000000007,S,2023,True
USDCHF,h4_ma_nocounter,fixed,2023-04-12 08:30:00-04:00,1.6008875000000007,S,2023,True
USDCHF,d1roc_h4ma,fixed,2023-04-12 08:30:00-04:00,1.6008875000000007,S,2023,True
USDCHF,h4_ma_aligned,fixed,2023-04-12 08:30:00-04:00,1.6008875000000007,S,2023,True
USDCHF,w1_dow_nocounter,fixed,2023-04-12 08:30:00-04:00,1.6008875000000007,S,2023,True
EURUSD,h4_ma_aligned,trail,2023-04-12 08:31:00-04:00,0.08869105000003977,L,2023,True
EURUSD,d1_adx_lt25,fixed,2023-04-12 08:31:00-04:00,1.6553720500000342,L,2023,True
EURUSD,h4_ma_nocounter,fixed,2023-04-12 08:31:00-04:00,1.6553720500000342,L,2023,True
EURUSD,h4_ma_nocounter,trail,2023-04-12 08:31:00-04:00,0.08869105000003977,L,2023,True
EURUSD,d1_adx_lt25,trail,2023-04-12 08:31:00-04:00,0.08869105000003977,L,2023,True
EURUSD,w1_dow_strict,trail,2023-04-12 08:31:00-04:00,0.08869105000003977,L,2023,True
EURUSD,d1roc_h4ma,fixed,2023-04-12 08:31:00-04:00,1.6553720500000342,L,2023,True
EURUSD,none,trail,2023-04-12 08:31:00-04:00,0.08869105000003977,L,2023,True
EURUSD,d1_roc20,fixed,2023-04-12 08:31:00-04:00,1.6553720500000342,L,2023,True
EURUSD,none,fixed,2023-04-12 08:31:00-04:00,1.6553720500000342,L,2023,True
EURUSD,h4_ma_aligned,fixed,2023-04-12 08:31:00-04:00,1.6553720500000342,L,2023,True
EURUSD,d1roc_h4ma,trail,2023-04-12 08:31:00-04:00,0.08869105000003977,L,2023,True
EURUSD,w1_dow_nocounter,fixed,2023-04-12 08:31:00-04:00,1.6553720500000342,L,2023,True
EURUSD,d1_roc20,trail,2023-04-12 08:31:00-04:00,0.08869105000003977,L,2023,True
EURUSD,w1_dow_strict,fixed,2023-04-12 08:31:00-04:00,1.6553720500000342,L,2023,True
EURUSD,w1_dow_nocounter,trail,2023-04-12 08:31:00-04:00,0.08869105000003977,L,2023,True
GBPUSD,h4_ma_nocounter,fixed,2023-04-13 06:09:00-04:00,-1.027776500000015,L,2023,True
GBPUSD,d1roc_h4ma,trail,2023-04-13 06:09:00-04:00,-0.2204594000000124,L,2023,True
GBPUSD,w1_dow_nocounter,fixed,2023-04-13 06:09:00-04:00,-1.027776500000015,L,2023,True
GBPUSD,d1_roc20,trail,2023-04-13 06:09:00-04:00,-0.2204594000000124,L,2023,True
GBPUSD,d1_adx_lt25,fixed,2023-04-13 06:09:00-04:00,-1.027776500000015,L,2023,True
GBPUSD,h4_ma_nocounter,trail,2023-04-13 06:09:00-04:00,-0.2204594000000124,L,2023,True
GBPUSD,w1_dow_nocounter,trail,2023-04-13 06:09:00-04:00,-0.2204594000000124,L,2023,True
GBPUSD,none,trail,2023-04-13 06:09:00-04:00,-0.2204594000000124,L,2023,True
GBPUSD,d1_roc20,fixed,2023-04-13 06:09:00-04:00,-1.027776500000015,L,2023,True
GBPUSD,d1_adx_lt25,trail,2023-04-13 06:09:00-04:00,-0.2204594000000124,L,2023,True
GBPUSD,none,fixed,2023-04-13 06:09:00-04:00,-1.027776500000015,L,2023,True
GBPUSD,d1roc_h4ma,fixed,2023-04-13 06:09:00-04:00,-1.027776500000015,L,2023,True
AUDUSD,d1_adx_lt25,fixed,2023-04-13 13:10:00-04:00,-1.019563100000009,L,2023,True
AUDUSD,d1_roc20,fixed,2023-04-13 13:10:00-04:00,-1.019563100000009,L,2023,True
AUDUSD,h4_ma_nocounter,trail,2023-04-13 13:10:00-04:00,-1.0195290999999986,L,2023,True
AUDUSD,h4_ma_nocounter,fixed,2023-04-13 13:10:00-04:00,-1.019563100000009,L,2023,True
AUDUSD,w1_dow_nocounter,fixed,2023-04-13 13:10:00-04:00,-1.019563100000009,L,2023,True
AUDUSD,d1_adx_lt25,trail,2023-04-13 13:10:00-04:00,-1.0195290999999986,L,2023,True
AUDUSD,w1_dow_nocounter,trail,2023-04-13 13:10:00-04:00,-1.0195290999999986,L,2023,True
AUDUSD,d1roc_h4ma,fixed,2023-04-13 13:10:00-04:00,-1.019563100000009,L,2023,True
AUDUSD,none,trail,2023-04-13 13:10:00-04:00,-1.0195290999999986,L,2023,True
AUDUSD,d1roc_h4ma,trail,2023-04-13 13:10:00-04:00,-1.0195290999999986,L,2023,True
AUDUSD,d1_roc20,trail,2023-04-13 13:10:00-04:00,-1.0195290999999986,L,2023,True
AUDUSD,none,fixed,2023-04-13 13:10:00-04:00,-1.019563100000009,L,2023,True
AUDUSD,none,fixed,2023-04-25 12:40:00-04:00,-1.0245544000000166,S,2023,True
AUDUSD,w1_dow_nocounter,fixed,2023-04-25 12:40:00-04:00,-1.0245544000000166,S,2023,True
AUDUSD,d1_adx_lt25,trail,2023-04-25 12:40:00-04:00,-0.007360900000014579,S,2023,True
AUDUSD,h4_ma_nocounter,trail,2023-04-25 12:40:00-04:00,-0.007360900000014579,S,2023,True
AUDUSD,w1_dow_nocounter,trail,2023-04-25 12:40:00-04:00,-0.007360900000014579,S,2023,True
AUDUSD,d1_adx_lt25,fixed,2023-04-25 12:40:00-04:00,-1.0245544000000166,S,2023,True
AUDUSD,none,trail,2023-04-25 12:40:00-04:00,-0.007360900000014579,S,2023,True
AUDUSD,h4_ma_nocounter,fixed,2023-04-25 12:40:00-04:00,-1.0245544000000166,S,2023,True
EURUSD,d1_adx_lt25,trail,2023-04-26 09:24:00-04:00,-1.0121022000000024,L,2023,True
USDCHF,d1roc_h4ma,trail,2023-04-26 09:24:00-04:00,-1.0578537499999907,S,2023,True
USDCHF,d1_adx_ge20,fixed,2023-04-26 09:24:00-04:00,-1.0578537499999907,S,2023,True
USDCHF,w1_dow_nocounter,fixed,2023-04-26 09:24:00-04:00,-1.0578537499999907,S,2023,True
EURUSD,d1_roc20,fixed,2023-04-26 09:24:00-04:00,-1.0121022000000024,L,2023,True
EURUSD,none,fixed,2023-04-26 09:24:00-04:00,-1.0121022000000024,L,2023,True
EURUSD,d1_adx_ge20,trail,2023-04-26 09:24:00-04:00,-1.0121022000000024,L,2023,True
EURUSD,d1_adx_ge20,fixed,2023-04-26 09:24:00-04:00,-1.0121022000000024,L,2023,True
USDCHF,d1roc_h4ma,fixed,2023-04-26 09:24:00-04:00,-1.0578537499999907,S,2023,True
USDCHF,h4_ma_nocounter,trail,2023-04-26 09:24:00-04:00,-1.0578537499999907,S,2023,True
EURUSD,h4_ma_aligned,fixed,2023-04-26 09:24:00-04:00,-1.0121022000000024,L,2023,True
USDCHF,d1_roc20,trail,2023-04-26 09:24:00-04:00,-1.0578537499999907,S,2023,True
EURUSD,w1_dow_nocounter,trail,2023-04-26 09:24:00-04:00,-1.0121022000000024,L,2023,True
USDCHF,h4_ma_nocounter,fixed,2023-04-26 09:24:00-04:00,-1.0578537499999907,S,2023,True
USDCHF,w1_dow_nocounter,trail,2023-04-26 09:24:00-04:00,-1.0578537499999907,S,2023,True
EURUSD,d1_adx_lt25,fixed,2023-04-26 09:24:00-04:00,-1.0121022000000024,L,2023,True
EURUSD,h4_ma_aligned,trail,2023-04-26 09:24:00-04:00,-1.0121022000000024,L,2023,True
EURUSD,h4_ma_nocounter,trail,2023-04-26 09:24:00-04:00,-1.0121022000000024,L,2023,True
USDCHF,w1_dow_strict,trail,2023-04-26 09:24:00-04:00,-1.0578537499999907,S,2023,True
EURUSD,w1_dow_strict,trail,2023-04-26 09:24:00-04:00,-1.0121022000000024,L,2023,True
EURUSD,d1roc_h4ma,fixed,2023-04-26 09:24:00-04:00,-1.0121022000000024,L,2023,True
USDCHF,none,fixed,2023-04-26 09:24:00-04:00,-1.0578537499999907,S,2023,True
EURUSD,w1_dow_strict,fixed,2023-04-26 09:24:00-04:00,-1.0121022000000024,L,2023,True
EURUSD,d1roc_h4ma,trail,2023-04-26 09:24:00-04:00,-1.0121022000000024,L,2023,True
EURUSD,h4_ma_nocounter,fixed,2023-04-26 09:24:00-04:00,-1.0121022000000024,L,2023,True
EURUSD,none,trail,2023-04-26 09:24:00-04:00,-1.0121022000000024,L,2023,True
USDCHF,none,trail,2023-04-26 09:24:00-04:00,-1.0578537499999907,S,2023,True
USDCHF,w1_dow_strict,fixed,2023-04-26 09:24:00-04:00,-1.0578537499999907,S,2023,True
EURUSD,w1_dow_nocounter,fixed,2023-04-26 09:24:00-04:00,-1.0121022000000024,L,2023,True
USDCHF,d1_adx_ge20,trail,2023-04-26 09:24:00-04:00,-1.0578537499999907,S,2023,True
USDCHF,h4_ma_aligned,trail,2023-04-26 09:24:00-04:00,-1.0578537499999907,S,2023,True
USDCHF,h4_ma_aligned,fixed,2023-04-26 09:24:00-04:00,-1.0578537499999907,S,2023,True
EURUSD,d1_roc20,trail,2023-04-26 09:24:00-04:00,-1.0121022000000024,L,2023,True
USDCHF,d1_roc20,fixed,2023-04-26 09:24:00-04:00,-1.0578537499999907,S,2023,True
USDJPY,w1_dow_nocounter,trail,2023-04-28 02:18:00-04:00,2.661950000000025,L,2023,True
USDJPY,d1_adx_lt25,fixed,2023-04-28 02:18:00-04:00,1.6603800000000164,L,2023,True
USDJPY,none,fixed,2023-04-28 02:18:00-04:00,1.6603800000000164,L,2023,True
USDJPY,none,trail,2023-04-28 02:18:00-04:00,2.661950000000025,L,2023,True
USDJPY,h4_ma_nocounter,trail,2023-04-28 02:18:00-04:00,2.661950000000025,L,2023,True
USDJPY,d1roc_h4ma,trail,2023-04-28 02:18:00-04:00,2.661950000000025,L,2023,True
USDJPY,w1_dow_nocounter,fixed,2023-04-28 02:18:00-04:00,1.6603800000000164,L,2023,True
USDJPY,d1roc_h4ma,fixed,2023-04-28 02:18:00-04:00,1.6603800000000164,L,2023,True
USDJPY,d1_roc20,trail,2023-04-28 02:18:00-04:00,2.661950000000025,L,2023,True
USDJPY,d1_adx_lt25,trail,2023-04-28 02:18:00-04:00,2.661950000000025,L,2023,True
USDJPY,h4_ma_nocounter,fixed,2023-04-28 02:18:00-04:00,1.6603800000000164,L,2023,True
USDJPY,d1_roc20,fixed,2023-04-28 02:18:00-04:00,1.6603800000000164,L,2023,True
GBPUSD,none,trail,2023-04-28 10:51:00-04:00,-1.024289450000003,L,2023,True
GBPUSD,none,fixed,2023-04-28 10:51:00-04:00,-1.0242254500000156,L,2023,True
GBPUSD,d1_adx_lt25,trail,2023-04-28 10:51:00-04:00,-1.024289450000003,L,2023,True
GBPUSD,h4_ma_aligned,fixed,2023-04-28 10:51:00-04:00,-1.0242254500000156,L,2023,True
GBPUSD,w1_dow_nocounter,trail,2023-04-28 10:51:00-04:00,-1.024289450000003,L,2023,True
GBPUSD,d1roc_h4ma,trail,2023-04-28 10:51:00-04:00,-1.024289450000003,L,2023,True
GBPUSD,d1_roc20,fixed,2023-04-28 10:51:00-04:00,-1.0242254500000156,L,2023,True
GBPUSD,h4_ma_aligned,trail,2023-04-28 10:51:00-04:00,-1.024289450000003,L,2023,True
GBPUSD,d1_adx_lt25,fixed,2023-04-28 10:51:00-04:00,-1.0242254500000156,L,2023,True
GBPUSD,d1roc_h4ma,fixed,2023-04-28 10:51:00-04:00,-1.0242254500000156,L,2023,True
GBPUSD,h4_ma_nocounter,fixed,2023-04-28 10:51:00-04:00,-1.0242254500000156,L,2023,True
GBPUSD,d1_roc20,trail,2023-04-28 10:51:00-04:00,-1.024289450000003,L,2023,True
GBPUSD,h4_ma_nocounter,trail,2023-04-28 10:51:00-04:00,-1.024289450000003,L,2023,True
GBPUSD,w1_dow_nocounter,fixed,2023-04-28 10:51:00-04:00,-1.0242254500000156,L,2023,True
USDCHF,d1_roc20,fixed,2023-05-03 14:02:00-04:00,-1.0451113000000158,S,2023,True
GBPUSD,h4_ma_nocounter,fixed,2023-05-03 14:02:00-04:00,1.645736549999992,L,2023,True
GBPUSD,d1_adx_lt25,fixed,2023-05-03 14:02:00-04:00,1.645736549999992,L,2023,True
USDCHF,d1_adx_ge20,trail,2023-05-03 14:02:00-04:00,-0.9812750499999914,S,2023,True
USDCHF,none,trail,2023-05-03 14:02:00-04:00,-0.9812750499999914,S,2023,True
USDCHF,d1roc_h4ma,trail,2023-05-03 14:02:00-04:00,-0.9812750499999914,S,2023,True
USDCHF,w1_dow_nocounter,fixed,2023-05-03 14:02:00-04:00,-1.0451113000000158,S,2023,True
GBPUSD,w1_dow_nocounter,trail,2023-05-03 14:02:00-04:00,-0.2965977500000338,L,2023,True
GBPUSD,none,trail,2023-05-03 14:02:00-04:00,-0.2965977500000338,L,2023,True
USDCHF,d1roc_h4ma,fixed,2023-05-03 14:02:00-04:00,-1.0451113000000158,S,2023,True
USDCHF,h4_ma_nocounter,fixed,2023-05-03 14:02:00-04:00,-1.0451113000000158,S,2023,True
USDCHF,w1_dow_strict,fixed,2023-05-03 14:02:00-04:00,-1.0451113000000158,S,2023,True
GBPUSD,h4_ma_aligned,trail,2023-05-03 14:02:00-04:00,-0.2965977500000338,L,2023,True
GBPUSD,none,fixed,2023-05-03 14:02:00-04:00,1.645736549999992,L,2023,True
GBPUSD,h4_ma_aligned,fixed,2023-05-03 14:02:00-04:00,1.645736549999992,L,2023,True
GBPUSD,h4_ma_nocounter,trail,2023-05-03 14:02:00-04:00,-0.2965977500000338,L,2023,True
USDCHF,d1_adx_ge20,fixed,2023-05-03 14:02:00-04:00,-1.0451113000000158,S,2023,True
USDCHF,w1_dow_strict,trail,2023-05-03 14:02:00-04:00,-0.9812750499999914,S,2023,True
USDCHF,w1_dow_nocounter,trail,2023-05-03 14:02:00-04:00,-0.9812750499999914,S,2023,True
GBPUSD,w1_dow_nocounter,fixed,2023-05-03 14:02:00-04:00,1.645736549999992,L,2023,True
USDCHF,h4_ma_nocounter,trail,2023-05-03 14:02:00-04:00,-0.9812750499999914,S,2023,True
USDCHF,d1_roc20,trail,2023-05-03 14:02:00-04:00,-0.9812750499999914,S,2023,True
USDCHF,none,fixed,2023-05-03 14:02:00-04:00,-1.0451113000000158,S,2023,True
GBPUSD,d1_adx_lt25,trail,2023-05-03 14:02:00-04:00,-0.2965977500000338,L,2023,True
AUDUSD,none,trail,2023-05-08 00:01:00-04:00,0.0981512999999869,L,2023,True
AUDUSD,d1_roc20,fixed,2023-05-08 00:01:00-04:00,-1.020822700000022,L,2023,True
AUDUSD,d1_adx_lt25,fixed,2023-05-08 00:01:00-04:00,-1.020822700000022,L,2023,True
AUDUSD,d1_adx_lt25,trail,2023-05-08 00:01:00-04:00,0.0981512999999869,L,2023,True
AUDUSD,h4_ma_nocounter,trail,2023-05-08 00:01:00-04:00,0.0981512999999869,L,2023,True
AUDUSD,none,fixed,2023-05-08 00:01:00-04:00,-1.020822700000022,L,2023,True
AUDUSD,d1_roc20,trail,2023-05-08 00:01:00-04:00,0.0981512999999869,L,2023,True
AUDUSD,d1roc_h4ma,fixed,2023-05-08 00:01:00-04:00,-1.020822700000022,L,2023,True
AUDUSD,w1_dow_nocounter,trail,2023-05-08 00:01:00-04:00,0.0981512999999869,L,2023,True
AUDUSD,w1_dow_nocounter,fixed,2023-05-08 00:01:00-04:00,-1.020822700000022,L,2023,True
AUDUSD,h4_ma_nocounter,fixed,2023-05-08 00:01:00-04:00,-1.020822700000022,L,2023,True
AUDUSD,d1roc_h4ma,trail,2023-05-08 00:01:00-04:00,0.0981512999999869,L,2023,True
EURUSD,none,fixed,2023-05-09 09:17:00-04:00,-1.0118854999999758,S,2023,True
EURUSD,d1_adx_ge20,trail,2023-05-09 09:17:00-04:00,-0.7020836999999694,S,2023,True
EURUSD,none,trail,2023-05-09 09:17:00-04:00,-0.7020836999999694,S,2023,True
EURUSD,d1_adx_ge20,fixed,2023-05-09 09:17:00-04:00,-1.0118854999999758,S,2023,True
GBPUSD,none,fixed,2023-05-17 03:31:00-04:00,-1.0284080499999886,S,2023,True
GBPUSD,w1_dow_nocounter,trail,2023-05-17 03:31:00-04:00,-1.0284080499999886,S,2023,True
GBPUSD,d1_adx_lt25,trail,2023-05-17 03:31:00-04:00,-1.0284080499999886,S,2023,True
GBPUSD,w1_dow_nocounter,fixed,2023-05-17 03:31:00-04:00,-1.0284080499999886,S,2023,True
GBPUSD,d1_adx_lt25,fixed,2023-05-17 03:31:00-04:00,-1.0284080499999886,S,2023,True
GBPUSD,h4_ma_nocounter,trail,2023-05-17 03:31:00-04:00,-1.0284080499999886,S,2023,True
GBPUSD,none,trail,2023-05-17 03:31:00-04:00,-1.0284080499999886,S,2023,True
GBPUSD,h4_ma_nocounter,fixed,2023-05-17 03:31:00-04:00,-1.0284080499999886,S,2023,True
USDCHF,d1_adx_lt25,trail,2023-05-17 04:47:00-04:00,1.445994999999983,L,2023,True
USDCHF,h4_ma_aligned,trail,2023-05-17 04:47:00-04:00,1.445994999999983,L,2023,True
USDCHF,d1roc_h4ma,fixed,2023-05-17 04:47:00-04:00,1.6006190000000007,L,2023,True
USDCHF,none,trail,2023-05-17 04:47:00-04:00,1.445994999999983,L,2023,True
USDCHF,d1_roc20,fixed,2023-05-17 04:47:00-04:00,1.6006190000000007,L,2023,True
USDCHF,h4_ma_nocounter,fixed,2023-05-17 04:47:00-04:00,1.6006190000000007,L,2023,True
USDCHF,d1_roc20,trail,2023-05-17 04:47:00-04:00,1.445994999999983,L,2023,True
USDCHF,h4_ma_aligned,fixed,2023-05-17 04:47:00-04:00,1.6006190000000007,L,2023,True
USDCHF,d1_adx_lt25,fixed,2023-05-17 04:47:00-04:00,1.6006190000000007,L,2023,True
USDCHF,h4_ma_nocounter,trail,2023-05-17 04:47:00-04:00,1.445994999999983,L,2023,True
USDCHF,none,fixed,2023-05-17 04:47:00-04:00,1.6006190000000007,L,2023,True
USDCHF,d1roc_h4ma,trail,2023-05-17 04:47:00-04:00,1.445994999999983,L,2023,True
USDJPY,h4_ma_nocounter,trail,2023-05-18 03:55:00-04:00,0.336834999999988,L,2023,True
USDJPY,h4_ma_aligned,trail,2023-05-18 03:55:00-04:00,0.336834999999988,L,2023,True
USDJPY,w1_dow_nocounter,fixed,2023-05-18 03:55:00-04:00,1.6568149999999882,L,2023,True
USDJPY,d1_adx_lt25,fixed,2023-05-18 03:55:00-04:00,1.6568149999999882,L,2023,True
USDJPY,h4_ma_aligned,fixed,2023-05-18 03:55:00-04:00,1.6568149999999882,L,2023,True
USDJPY,none,fixed,2023-05-18 03:55:00-04:00,1.6568149999999882,L,2023,True
USDJPY,none,trail,2023-05-18 03:55:00-04:00,0.336834999999988,L,2023,True
USDJPY,d1_roc20,trail,2023-05-18 03:55:00-04:00,0.336834999999988,L,2023,True
USDJPY,d1_adx_lt25,trail,2023-05-18 03:55:00-04:00,0.336834999999988,L,2023,True
USDJPY,d1roc_h4ma,fixed,2023-05-18 03:55:00-04:00,1.6568149999999882,L,2023,True
USDJPY,d1roc_h4ma,trail,2023-05-18 03:55:00-04:00,0.336834999999988,L,2023,True
USDJPY,h4_ma_nocounter,fixed,2023-05-18 03:55:00-04:00,1.6568149999999882,L,2023,True
USDJPY,w1_dow_nocounter,trail,2023-05-18 03:55:00-04:00,0.336834999999988,L,2023,True
USDJPY,d1_roc20,fixed,2023-05-18 03:55:00-04:00,1.6568149999999882,L,2023,True
AUDUSD,d1_roc20,trail,2023-05-23 21:16:00-04:00,2.0711038999999998,S,2023,True
AUDUSD,d1_adx_lt25,fixed,2023-05-23 21:16:00-04:00,1.6370508000000092,S,2023,True
AUDUSD,h4_ma_nocounter,trail,2023-05-23 21:16:00-04:00,2.0711038999999998,S,2023,True
AUDUSD,d1roc_h4ma,fixed,2023-05-23 21:16:00-04:00,1.6370508000000092,S,2023,True
AUDUSD,none,trail,2023-05-23 21:16:00-04:00,2.0711038999999998,S,2023,True
AUDUSD,d1_roc20,fixed,2023-05-23 21:16:00-04:00,1.6370508000000092,S,2023,True
AUDUSD,none,fixed,2023-05-23 21:16:00-04:00,1.6370508000000092,S,2023,True
AUDUSD,h4_ma_nocounter,fixed,2023-05-23 21:16:00-04:00,1.6370508000000092,S,2023,True
AUDUSD,d1_adx_lt25,trail,2023-05-23 21:16:00-04:00,2.0711038999999998,S,2023,True
AUDUSD,d1roc_h4ma,trail,2023-05-23 21:16:00-04:00,2.0711038999999998,S,2023,True
AUDUSD,h4_ma_aligned,trail,2023-05-23 21:16:00-04:00,2.0711038999999998,S,2023,True
AUDUSD,h4_ma_aligned,fixed,2023-05-23 21:16:00-04:00,1.6370508000000092,S,2023,True
EURUSD,none,trail,2023-05-24 06:09:00-04:00,-1.0156274999999846,S,2023,True
EURUSD,h4_ma_aligned,fixed,2023-05-24 06:09:00-04:00,-1.0156274999999846,S,2023,True
EURUSD,d1roc_h4ma,trail,2023-05-24 06:09:00-04:00,-1.0156274999999846,S,2023,True
EURUSD,h4_ma_aligned,trail,2023-05-24 06:09:00-04:00,-1.0156274999999846,S,2023,True
EURUSD,d1_roc20,fixed,2023-05-24 06:09:00-04:00,-1.0156274999999846,S,2023,True
EURUSD,d1_adx_lt25,trail,2023-05-24 06:09:00-04:00,-1.0156274999999846,S,2023,True
EURUSD,d1_roc20,trail,2023-05-24 06:09:00-04:00,-1.0156274999999846,S,2023,True
EURUSD,h4_ma_nocounter,trail,2023-05-24 06:09:00-04:00,-1.0156274999999846,S,2023,True
EURUSD,none,fixed,2023-05-24 06:09:00-04:00,-1.0156274999999846,S,2023,True
EURUSD,h4_ma_nocounter,fixed,2023-05-24 06:09:00-04:00,-1.0156274999999846,S,2023,True
EURUSD,d1_adx_lt25,fixed,2023-05-24 06:09:00-04:00,-1.0156274999999846,S,2023,True
EURUSD,d1_adx_ge20,fixed,2023-05-24 06:09:00-04:00,-1.0156274999999846,S,2023,True
EURUSD,d1_adx_ge20,trail,2023-05-24 06:09:00-04:00,-1.0156274999999846,S,2023,True
EURUSD,d1roc_h4ma,fixed,2023-05-24 06:09:00-04:00,-1.0156274999999846,S,2023,True
USDCHF,d1_roc20,fixed,2023-05-24 12:11:00-04:00,-1.0604160500000002,L,2023,True
USDCHF,d1roc_h4ma,trail,2023-05-24 12:11:00-04:00,-0.7933675000000089,L,2023,True
USDCHF,none,trail,2023-05-24 12:11:00-04:00,-0.7933675000000089,L,2023,True
USDCHF,h4_ma_aligned,fixed,2023-05-24 12:11:00-04:00,-1.0604160500000002,L,2023,True
USDCHF,h4_ma_nocounter,trail,2023-05-24 12:11:00-04:00,-0.7933675000000089,L,2023,True
USDCHF,none,fixed,2023-05-24 12:11:00-04:00,-1.0604160500000002,L,2023,True
USDCHF,h4_ma_nocounter,fixed,2023-05-24 12:11:00-04:00,-1.0604160500000002,L,2023,True
USDCHF,d1roc_h4ma,fixed,2023-05-24 12:11:00-04:00,-1.0604160500000002,L,2023,True
USDCHF,h4_ma_aligned,trail,2023-05-24 12:11:00-04:00,-0.7933675000000089,L,2023,True
USDCHF,d1_adx_lt25,trail,2023-05-24 12:11:00-04:00,-0.7933675000000089,L,2023,True
USDCHF,d1_adx_lt25,fixed,2023-05-24 12:11:00-04:00,-1.0604160500000002,L,2023,True
USDCHF,d1_roc20,trail,2023-05-24 12:11:00-04:00,-0.7933675000000089,L,2023,True
AUDUSD,d1_adx_ge20,trail,2023-05-30 23:34:00-04:00,-0.9164488000000162,S,2023,True
AUDUSD,d1roc_h4ma,fixed,2023-05-30 23:34:00-04:00,-1.0255466500000245,S,2023,True
AUDUSD,w1_dow_nocounter,trail,2023-05-30 23:34:00-04:00,-0.9164488000000162,S,2023,True
AUDUSD,d1_roc20,trail,2023-05-30 23:34:00-04:00,-0.9164488000000162,S,2023,True
AUDUSD,h4_ma_nocounter,fixed,2023-05-30 23:34:00-04:00,-1.0255466500000245,S,2023,True
AUDUSD,d1roc_h4ma,trail,2023-05-30 23:34:00-04:00,-0.9164488000000162,S,2023,True
AUDUSD,d1_adx_ge20,fixed,2023-05-30 23:34:00-04:00,-1.0255466500000245,S,2023,True
AUDUSD,h4_ma_aligned,fixed,2023-05-30 23:34:00-04:00,-1.0255466500000245,S,2023,True
AUDUSD,none,fixed,2023-05-30 23:34:00-04:00,-1.0255466500000245,S,2023,True
AUDUSD,none,trail,2023-05-30 23:34:00-04:00,-0.9164488000000162,S,2023,True
AUDUSD,d1_adx_lt25,fixed,2023-05-30 23:34:00-04:00,-1.0255466500000245,S,2023,True
AUDUSD,d1_adx_lt25,trail,2023-05-30 23:34:00-04:00,-0.9164488000000162,S,2023,True
AUDUSD,w1_dow_nocounter,fixed,2023-05-30 23:34:00-04:00,-1.0255466500000245,S,2023,True
AUDUSD,h4_ma_nocounter,trail,2023-05-30 23:34:00-04:00,-0.9164488000000162,S,2023,True
AUDUSD,h4_ma_aligned,trail,2023-05-30 23:34:00-04:00,-0.9164488000000162,S,2023,True
AUDUSD,d1_roc20,fixed,2023-05-30 23:34:00-04:00,-1.0255466500000245,S,2023,True
USDCHF,d1_adx_ge20,trail,2023-06-08 09:24:00-04:00,-0.8088007499999919,S,2023,True
USDCHF,w1_dow_nocounter,trail,2023-06-08 09:24:00-04:00,-0.8088007499999919,S,2023,True
USDCHF,w1_dow_strict,trail,2023-06-08 09:24:00-04:00,-0.8088007499999919,S,2023,True
USDCHF,d1_adx_lt25,fixed,2023-06-08 09:24:00-04:00,-1.0472652999999872,S,2023,True
USDCHF,none,fixed,2023-06-08 09:24:00-04:00,-1.0472652999999872,S,2023,True
USDCHF,d1_adx_lt25,trail,2023-06-08 09:24:00-04:00,-0.8088007499999919,S,2023,True
USDCHF,w1_dow_nocounter,fixed,2023-06-08 09:24:00-04:00,-1.0472652999999872,S,2023,True
USDCHF,d1_adx_ge20,fixed,2023-06-08 09:24:00-04:00,-1.0472652999999872,S,2023,True
USDCHF,w1_dow_strict,fixed,2023-06-08 09:24:00-04:00,-1.0472652999999872,S,2023,True
USDCHF,none,trail,2023-06-08 09:24:00-04:00,-0.8088007499999919,S,2023,True
GBPUSD,none,trail,2023-06-08 11:29:00-04:00,0.3960245499999674,L,2023,True
GBPUSD,h4_ma_nocounter,fixed,2023-06-08 11:29:00-04:00,-1.0269811500000205,L,2023,True
GBPUSD,h4_ma_nocounter,trail,2023-06-08 11:29:00-04:00,0.3960245499999674,L,2023,True
GBPUSD,w1_dow_nocounter,fixed,2023-06-08 11:29:00-04:00,-1.0269811500000205,L,2023,True
GBPUSD,w1_dow_nocounter,trail,2023-06-08 11:29:00-04:00,0.3960245499999674,L,2023,True
GBPUSD,d1_adx_lt25,fixed,2023-06-08 11:29:00-04:00,-1.0269811500000205,L,2023,True
GBPUSD,none,fixed,2023-06-08 11:29:00-04:00,-1.0269811500000205,L,2023,True
GBPUSD,d1_adx_lt25,trail,2023-06-08 11:29:00-04:00,0.3960245499999674,L,2023,True
EURUSD,none,trail,2023-06-08 11:30:00-04:00,-1.0138411000000098,L,2023,True
EURUSD,none,fixed,2023-06-08 11:30:00-04:00,-1.0138411000000098,L,2023,True
EURUSD,w1_dow_nocounter,fixed,2023-06-08 11:30:00-04:00,-1.0138411000000098,L,2023,True
EURUSD,w1_dow_strict,fixed,2023-06-08 11:30:00-04:00,-1.0138411000000098,L,2023,True
EURUSD,d1_adx_ge20,fixed,2023-06-08 11:30:00-04:00,-1.0138411000000098,L,2023,True
EURUSD,w1_dow_nocounter,trail,2023-06-08 11:30:00-04:00,-1.0138411000000098,L,2023,True
EURUSD,w1_dow_strict,trail,2023-06-08 11:30:00-04:00,-1.0138411000000098,L,2023,True
EURUSD,d1_adx_ge20,trail,2023-06-08 11:30:00-04:00,-1.0138411000000098,L,2023,True
USDCHF,h4_ma_nocounter,trail,2023-06-14 09:24:00-04:00,-1.0474603500000206,S,2023,True
USDCHF,d1_adx_ge20,fixed,2023-06-14 09:24:00-04:00,-1.0474603500000206,S,2023,True
USDCHF,w1_dow_nocounter,fixed,2023-06-14 09:24:00-04:00,-1.0474603500000206,S,2023,True
USDCHF,none,trail,2023-06-14 09:24:00-04:00,-1.0474603500000206,S,2023,True
USDCHF,w1_dow_strict,trail,2023-06-14 09:24:00-04:00,-1.0474603500000206,S,2023,True
USDCHF,d1_adx_ge20,trail,2023-06-14 09:24:00-04:00,-1.0474603500000206,S,2023,True
USDCHF,d1_adx_lt25,trail,2023-06-14 09:24:00-04:00,-1.0474603500000206,S,2023,True
USDCHF,w1_dow_strict,fixed,2023-06-14 09:24:00-04:00,-1.0474603500000206,S,2023,True
USDCHF,d1_adx_lt25,fixed,2023-06-14 09:24:00-04:00,-1.0474603500000206,S,2023,True
USDCHF,h4_ma_nocounter,fixed,2023-06-14 09:24:00-04:00,-1.0474603500000206,S,2023,True
USDCHF,w1_dow_nocounter,trail,2023-06-14 09:24:00-04:00,-1.0474603500000206,S,2023,True
USDCHF,none,fixed,2023-06-14 09:24:00-04:00,-1.0474603500000206,S,2023,True
AUDUSD,w1_dow_nocounter,trail,2023-06-14 09:38:00-04:00,-1.0245952000000076,L,2023,True
AUDUSD,h4_ma_nocounter,trail,2023-06-14 09:38:00-04:00,-1.0245952000000076,L,2023,True
AUDUSD,h4_ma_aligned,trail,2023-06-14 09:38:00-04:00,-1.0245952000000076,L,2023,True
AUDUSD,d1_roc20,trail,2023-06-14 09:38:00-04:00,-1.0245952000000076,L,2023,True
AUDUSD,none,trail,2023-06-14 09:38:00-04:00,-1.0245952000000076,L,2023,True
AUDUSD,h4_ma_aligned,fixed,2023-06-14 09:38:00-04:00,-1.024537749999995,L,2023,True
AUDUSD,d1roc_h4ma,fixed,2023-06-14 09:38:00-04:00,-1.024537749999995,L,2023,True
AUDUSD,w1_dow_nocounter,fixed,2023-06-14 09:38:00-04:00,-1.024537749999995,L,2023,True
AUDUSD,none,fixed,2023-06-14 09:38:00-04:00,-1.024537749999995,L,2023,True
AUDUSD,d1_adx_lt25,fixed,2023-06-14 09:38:00-04:00,-1.024537749999995,L,2023,True
AUDUSD,d1roc_h4ma,trail,2023-06-14 09:38:00-04:00,-1.0245952000000076,L,2023,True
AUDUSD,d1_adx_lt25,trail,2023-06-14 09:38:00-04:00,-1.0245952000000076,L,2023,True
AUDUSD,h4_ma_nocounter,fixed,2023-06-14 09:38:00-04:00,-1.024537749999995,L,2023,True
AUDUSD,d1_roc20,fixed,2023-06-14 09:38:00-04:00,-1.024537749999995,L,2023,True
USDJPY,h4_ma_nocounter,fixed,2023-06-14 21:01:00-04:00,1.6561449999999822,L,2023,True
USDJPY,d1_roc20,trail,2023-06-14 21:01:00-04:00,-0.425544999999989,L,2023,True
USDJPY,d1roc_h4ma,fixed,2023-06-14 21:01:00-04:00,1.6561449999999822,L,2023,True
USDJPY,h4_ma_aligned,fixed,2023-06-14 21:01:00-04:00,1.6561449999999822,L,2023,True
USDJPY,h4_ma_nocounter,trail,2023-06-14 21:01:00-04:00,-0.425544999999989,L,2023,True
USDJPY,w1_dow_nocounter,fixed,2023-06-14 21:01:00-04:00,1.6561449999999822,L,2023,True
USDJPY,d1_adx_ge20,fixed,2023-06-14 21:01:00-04:00,1.6561449999999822,L,2023,True
USDJPY,w1_dow_strict,fixed,2023-06-14 21:01:00-04:00,1.6561449999999822,L,2023,True
USDJPY,w1_dow_nocounter,trail,2023-06-14 21:01:00-04:00,-0.425544999999989,L,2023,True
USDJPY,w1_dow_strict,trail,2023-06-14 21:01:00-04:00,-0.425544999999989,L,2023,True
USDJPY,none,fixed,2023-06-14 21:01:00-04:00,1.6561449999999822,L,2023,True
USDJPY,d1_roc20,fixed,2023-06-14 21:01:00-04:00,1.6561449999999822,L,2023,True
USDJPY,d1_adx_ge20,trail,2023-06-14 21:01:00-04:00,-0.425544999999989,L,2023,True
USDJPY,h4_ma_aligned,trail,2023-06-14 21:01:00-04:00,-0.425544999999989,L,2023,True
USDJPY,none,trail,2023-06-14 21:01:00-04:00,-0.425544999999989,L,2023,True
USDJPY,d1roc_h4ma,trail,2023-06-14 21:01:00-04:00,-0.425544999999989,L,2023,True
EURUSD,w1_dow_strict,fixed,2023-06-21 12:51:00-04:00,-1.0169284999999908,L,2023,True
EURUSD,h4_ma_nocounter,trail,2023-06-21 12:51:00-04:00,0.28591330000003173,L,2023,True
EURUSD,d1roc_h4ma,trail,2023-06-21 12:51:00-04:00,0.28591330000003173,L,2023,True
EURUSD,d1_roc20,trail,2023-06-21 12:51:00-04:00,0.28591330000003173,L,2023,True
EURUSD,w1_dow_nocounter,fixed,2023-06-21 12:51:00-04:00,-1.0169284999999908,L,2023,True
EURUSD,h4_ma_aligned,trail,2023-06-21 12:51:00-04:00,0.28591330000003173,L,2023,True
EURUSD,d1_roc20,fixed,2023-06-21 12:51:00-04:00,-1.0169284999999908,L,2023,True
EURUSD,w1_dow_nocounter,trail,2023-06-21 12:51:00-04:00,0.28591330000003173,L,2023,True
EURUSD,d1_adx_ge20,trail,2023-06-21 12:51:00-04:00,0.28591330000003173,L,2023,True
EURUSD,d1roc_h4ma,fixed,2023-06-21 12:51:00-04:00,-1.0169284999999908,L,2023,True
EURUSD,h4_ma_aligned,fixed,2023-06-21 12:51:00-04:00,-1.0169284999999908,L,2023,True
EURUSD,d1_adx_ge20,fixed,2023-06-21 12:51:00-04:00,-1.0169284999999908,L,2023,True
EURUSD,w1_dow_strict,trail,2023-06-21 12:51:00-04:00,0.28591330000003173,L,2023,True
EURUSD,h4_ma_nocounter,fixed,2023-06-21 12:51:00-04:00,-1.0169284999999908,L,2023,True
EURUSD,none,trail,2023-06-21 12:51:00-04:00,0.28591330000003173,L,2023,True
EURUSD,none,fixed,2023-06-21 12:51:00-04:00,-1.0169284999999908,L,2023,True
GBPUSD,h4_ma_nocounter,trail,2023-06-28 07:42:00-04:00,0.8854253500000158,S,2023,True
GBPUSD,d1_adx_lt25,trail,2023-06-28 07:42:00-04:00,0.8854253500000158,S,2023,True
GBPUSD,h4_ma_nocounter,fixed,2023-06-28 07:42:00-04:00,1.6387607999999967,S,2023,True
GBPUSD,d1_adx_ge20,fixed,2023-06-28 07:42:00-04:00,1.6387607999999967,S,2023,True
GBPUSD,d1_adx_ge20,trail,2023-06-28 07:42:00-04:00,0.8854253500000158,S,2023,True
GBPUSD,none,trail,2023-06-28 07:42:00-04:00,0.8854253500000158,S,2023,True
GBPUSD,d1_adx_lt25,fixed,2023-06-28 07:42:00-04:00,1.6387607999999967,S,2023,True
GBPUSD,none,fixed,2023-06-28 07:42:00-04:00,1.6387607999999967,S,2023,True
EURUSD,d1_adx_ge20,fixed,2023-06-30 04:25:00-04:00,-1.01295375000004,S,2023,True
EURUSD,d1_adx_lt25,fixed,2023-06-30 04:25:00-04:00,-1.01295375000004,S,2023,True
EURUSD,none,trail,2023-06-30 04:25:00-04:00,-0.7923985000000421,S,2023,True
EURUSD,d1_adx_ge20,trail,2023-06-30 04:25:00-04:00,-0.7923985000000421,S,2023,True
EURUSD,d1_adx_lt25,trail,2023-06-30 04:25:00-04:00,-0.7923985000000421,S,2023,True
EURUSD,none,fixed,2023-06-30 04:25:00-04:00,-1.01295375000004,S,2023,True
EURUSD,h4_ma_nocounter,trail,2023-06-30 04:25:00-04:00,-0.7923985000000421,S,2023,True
EURUSD,h4_ma_nocounter,fixed,2023-06-30 04:25:00-04:00,-1.01295375000004,S,2023,True
USDCHF,h4_ma_nocounter,trail,2023-06-30 04:33:00-04:00,-1.0614352499999955,L,2023,True
USDCHF,d1_adx_lt25,trail,2023-06-30 04:33:00-04:00,-1.0614352499999955,L,2023,True
USDCHF,none,fixed,2023-06-30 04:33:00-04:00,-1.0614352499999955,L,2023,True
USDCHF,h4_ma_nocounter,fixed,2023-06-30 04:33:00-04:00,-1.0614352499999955,L,2023,True
USDCHF,d1_adx_lt25,fixed,2023-06-30 04:33:00-04:00,-1.0614352499999955,L,2023,True
USDCHF,none,trail,2023-06-30 04:33:00-04:00,-1.0614352499999955,L,2023,True
EURUSD,h4_ma_nocounter,fixed,2023-07-06 00:05:00-04:00,-1.0151830000000204,S,2023,True
EURUSD,h4_ma_nocounter,trail,2023-07-06 00:05:00-04:00,-1.0151830000000204,S,2023,True
EURUSD,d1_adx_lt25,fixed,2023-07-06 00:05:00-04:00,-1.0151830000000204,S,2023,True
EURUSD,d1_adx_lt25,trail,2023-07-06 00:05:00-04:00,-1.0151830000000204,S,2023,True
EURUSD,none,fixed,2023-07-06 00:05:00-04:00,-1.0151830000000204,S,2023,True
EURUSD,none,trail,2023-07-06 00:05:00-04:00,-1.0151830000000204,S,2023,True
USDCHF,d1roc_h4ma,fixed,2023-07-07 10:34:00-04:00,1.6109792499999875,S,2023,True
USDCHF,none,trail,2023-07-07 10:34:00-04:00,-0.30818595000000515,S,2023,True
USDCHF,d1_roc20,fixed,2023-07-07 10:34:00-04:00,1.6109792499999875,S,2023,True
USDCHF,d1_roc20,trail,2023-07-07 10:34:00-04:00,-0.30818595000000515,S,2023,True
USDCHF,none,fixed,2023-07-07 10:34:00-04:00,1.6109792499999875,S,2023,True
USDCHF,w1_dow_nocounter,trail,2023-07-07 10:34:00-04:00,-0.30818595000000515,S,2023,True
USDCHF,h4_ma_nocounter,fixed,2023-07-07 10:34:00-04:00,1.6109792499999875,S,2023,True
USDCHF,h4_ma_nocounter,trail,2023-07-07 10:34:00-04:00,-0.30818595000000515,S,2023,True
USDCHF,d1_adx_lt25,trail,2023-07-07 10:34:00-04:00,-0.30818595000000515,S,2023,True
USDCHF,d1_adx_lt25,fixed,2023-07-07 10:34:00-04:00,1.6109792499999875,S,2023,True
USDCHF,w1_dow_nocounter,fixed,2023-07-07 10:34:00-04:00,1.6109792499999875,S,2023,True
USDCHF,w1_dow_strict,fixed,2023-07-07 10:34:00-04:00,1.6109792499999875,S,2023,True
USDCHF,d1roc_h4ma,trail,2023-07-07 10:34:00-04:00,-0.30818595000000515,S,2023,True
USDCHF,w1_dow_strict,trail,2023-07-07 10:34:00-04:00,-0.30818595000000515,S,2023,True
GBPUSD,w1_dow_strict,fixed,2023-07-07 12:43:00-04:00,-1.0247000499999983,L,2023,True
GBPUSD,d1roc_h4ma,trail,2023-07-07 12:43:00-04:00,-1.0246680499999692,L,2023,True
GBPUSD,d1_adx_lt25,fixed,2023-07-07 12:43:00-04:00,-1.0247000499999983,L,2023,True
GBPUSD,w1_dow_strict,trail,2023-07-07 12:43:00-04:00,-1.0246680499999692,L,2023,True
GBPUSD,d1_adx_lt25,trail,2023-07-07 12:43:00-04:00,-1.0246680499999692,L,2023,True
GBPUSD,d1roc_h4ma,fixed,2023-07-07 12:43:00-04:00,-1.0247000499999983,L,2023,True
GBPUSD,w1_dow_nocounter,trail,2023-07-07 12:43:00-04:00,-1.0246680499999692,L,2023,True
GBPUSD,d1_roc20,trail,2023-07-07 12:43:00-04:00,-1.0246680499999692,L,2023,True
GBPUSD,none,trail,2023-07-07 12:43:00-04:00,-1.0246680499999692,L,2023,True
GBPUSD,h4_ma_nocounter,fixed,2023-07-07 12:43:00-04:00,-1.0247000499999983,L,2023,True
GBPUSD,none,fixed,2023-07-07 12:43:00-04:00,-1.0247000499999983,L,2023,True
GBPUSD,h4_ma_nocounter,trail,2023-07-07 12:43:00-04:00,-1.0246680499999692,L,2023,True
GBPUSD,w1_dow_nocounter,fixed,2023-07-07 12:43:00-04:00,-1.0247000499999983,L,2023,True
GBPUSD,d1_roc20,fixed,2023-07-07 12:43:00-04:00,-1.0247000499999983,L,2023,True
EURUSD,d1_roc20,trail,2023-07-10 21:31:00-04:00,4.994259650000025,L,2023,True
EURUSD,d1roc_h4ma,trail,2023-07-10 21:31:00-04:00,4.994259650000025,L,2023,True
EURUSD,d1roc_h4ma,fixed,2023-07-10 21:31:00-04:00,1.6568563500000046,L,2023,True
EURUSD,d1_adx_lt25,trail,2023-07-10 21:31:00-04:00,4.994259650000025,L,2023,True
EURUSD,d1_adx_lt25,fixed,2023-07-10 21:31:00-04:00,1.6568563500000046,L,2023,True
EURUSD,w1_dow_strict,trail,2023-07-10 21:31:00-04:00,4.994259650000025,L,2023,True
EURUSD,h4_ma_nocounter,trail,2023-07-10 21:31:00-04:00,4.994259650000025,L,2023,True
EURUSD,d1_roc20,fixed,2023-07-10 21:31:00-04:00,1.6568563500000046,L,2023,True
EURUSD,none,trail,2023-07-10 21:31:00-04:00,4.994259650000025,L,2023,True
EURUSD,w1_dow_nocounter,trail,2023-07-10 21:31:00-04:00,4.994259650000025,L,2023,True
EURUSD,h4_ma_nocounter,fixed,2023-07-10 21:31:00-04:00,1.6568563500000046,L,2023,True
EURUSD,w1_dow_nocounter,fixed,2023-07-10 21:31:00-04:00,1.6568563500000046,L,2023,True
EURUSD,none,fixed,2023-07-10 21:31:00-04:00,1.6568563500000046,L,2023,True
EURUSD,w1_dow_strict,fixed,2023-07-10 21:31:00-04:00,1.6568563500000046,L,2023,True
AUDUSD,d1_adx_lt25,fixed,2023-07-11 20:32:00-04:00,1.6469821999999874,L,2023,True
AUDUSD,w1_dow_nocounter,trail,2023-07-11 20:32:00-04:00,4.106629249999993,L,2023,True
AUDUSD,none,trail,2023-07-11 20:32:00-04:00,4.106629249999993,L,2023,True
AUDUSD,d1_adx_lt25,trail,2023-07-11 20:32:00-04:00,4.106629249999993,L,2023,True
AUDUSD,w1_dow_nocounter,fixed,2023-07-11 20:32:00-04:00,1.6469821999999874,L,2023,True
AUDUSD,none,fixed,2023-07-11 20:32:00-04:00,1.6469821999999874,L,2023,True
USDJPY,h4_ma_nocounter,fixed,2023-07-12 10:06:00-04:00,1.6616900000000066,S,2023,True
USDJPY,h4_ma_nocounter,trail,2023-07-12 10:06:00-04:00,-0.09001500000000325,S,2023,True
USDJPY,none,fixed,2023-07-12 10:06:00-04:00,1.6616900000000066,S,2023,True
USDJPY,d1_adx_ge20,trail,2023-07-12 10:06:00-04:00,-0.09001500000000325,S,2023,True
USDJPY,none,trail,2023-07-12 10:06:00-04:00,-0.09001500000000325,S,2023,True
USDJPY,d1_adx_ge20,fixed,2023-07-12 10:06:00-04:00,1.6616900000000066,S,2023,True
USDCHF,h4_ma_nocounter,trail,2023-07-27 06:12:00-04:00,-1.041916000000016,S,2023,True
USDCHF,w1_dow_strict,trail,2023-07-27 06:12:00-04:00,-1.041916000000016,S,2023,True
USDCHF,d1_adx_ge20,fixed,2023-07-27 06:12:00-04:00,-1.042021750000001,S,2023,True
USDCHF,w1_dow_nocounter,trail,2023-07-27 06:12:00-04:00,-1.041916000000016,S,2023,True
USDCHF,w1_dow_nocounter,fixed,2023-07-27 06:12:00-04:00,-1.042021750000001,S,2023,True
USDCHF,d1roc_h4ma,fixed,2023-07-27 06:12:00-04:00,-1.042021750000001,S,2023,True
USDCHF,d1roc_h4ma,trail,2023-07-27 06:12:00-04:00,-1.041916000000016,S,2023,True
USDCHF,none,trail,2023-07-27 06:12:00-04:00,-1.041916000000016,S,2023,True
USDCHF,d1_roc20,fixed,2023-07-27 06:12:00-04:00,-1.042021750000001,S,2023,True
USDCHF,w1_dow_strict,fixed,2023-07-27 06:12:00-04:00,-1.042021750000001,S,2023,True
USDCHF,h4_ma_nocounter,fixed,2023-07-27 06:12:00-04:00,-1.042021750000001,S,2023,True
USDCHF,d1_adx_ge20,trail,2023-07-27 06:12:00-04:00,-1.041916000000016,S,2023,True
USDCHF,none,fixed,2023-07-27 06:12:00-04:00,-1.042021750000001,S,2023,True
USDCHF,d1_roc20,trail,2023-07-27 06:12:00-04:00,-1.041916000000016,S,2023,True
AUDUSD,d1_adx_lt25,fixed,2023-07-27 14:15:00-04:00,1.650192200000007,S,2023,True
AUDUSD,d1_adx_lt25,trail,2023-07-27 14:15:00-04:00,0.5415558999999978,S,2023,True
AUDUSD,w1_dow_nocounter,trail,2023-07-27 14:15:00-04:00,0.5415558999999978,S,2023,True
AUDUSD,h4_ma_nocounter,fixed,2023-07-27 14:15:00-04:00,1.650192200000007,S,2023,True
AUDUSD,h4_ma_nocounter,trail,2023-07-27 14:15:00-04:00,0.5415558999999978,S,2023,True
AUDUSD,w1_dow_nocounter,fixed,2023-07-27 14:15:00-04:00,1.650192200000007,S,2023,True
AUDUSD,none,fixed,2023-07-27 14:15:00-04:00,1.650192200000007,S,2023,True
AUDUSD,none,trail,2023-07-27 14:15:00-04:00,0.5415558999999978,S,2023,True
GBPUSD,h4_ma_nocounter,fixed,2023-07-27 15:01:00-04:00,-1.0178412000000223,S,2023,True
GBPUSD,d1_adx_ge20,fixed,2023-07-27 15:01:00-04:00,-1.0178412000000223,S,2023,True
GBPUSD,d1_adx_lt25,fixed,2023-07-27 15:01:00-04:00,-1.0178412000000223,S,2023,True
GBPUSD,none,trail,2023-07-27 15:01:00-04:00,-1.0178412000000223,S,2023,True
GBPUSD,none,fixed,2023-07-27 15:01:00-04:00,-1.0178412000000223,S,2023,True
GBPUSD,d1_adx_ge20,trail,2023-07-27 15:01:00-04:00,-1.0178412000000223,S,2023,True
GBPUSD,h4_ma_nocounter,trail,2023-07-27 15:01:00-04:00,-1.0178412000000223,S,2023,True
GBPUSD,d1_adx_lt25,trail,2023-07-27 15:01:00-04:00,-1.0178412000000223,S,2023,True
USDCHF,none,fixed,2023-07-28 02:44:00-04:00,1.6322687999999865,L,2023,True
USDCHF,d1_adx_ge20,fixed,2023-07-28 02:44:00-04:00,1.6322687999999865,L,2023,True
USDCHF,d1_adx_ge20,trail,2023-07-28 02:44:00-04:00,-0.2155261000000152,L,2023,True
USDCHF,none,trail,2023-07-28 02:44:00-04:00,-0.2155261000000152,L,2023,True
USDCHF,h4_ma_nocounter,fixed,2023-07-28 02:44:00-04:00,1.6322687999999865,L,2023,True
USDCHF,h4_ma_nocounter,trail,2023-07-28 02:44:00-04:00,-0.2155261000000152,L,2023,True
USDJPY,w1_dow_strict,fixed,2023-07-31 02:48:00-04:00,1.6598299999999973,L,2023,True
USDJPY,w1_dow_nocounter,trail,2023-07-31 02:48:00-04:00,0.5367249999999875,L,2023,True
USDJPY,w1_dow_nocounter,fixed,2023-07-31 02:48:00-04:00,1.6598299999999973,L,2023,True
USDJPY,d1_adx_ge20,fixed,2023-07-31 02:48:00-04:00,1.6598299999999973,L,2023,True
USDJPY,w1_dow_strict,trail,2023-07-31 02:48:00-04:00,0.5367249999999875,L,2023,True
USDJPY,d1_adx_ge20,trail,2023-07-31 02:48:00-04:00,0.5367249999999875,L,2023,True
USDJPY,none,fixed,2023-07-31 02:48:00-04:00,1.6598299999999973,L,2023,True
USDJPY,none,trail,2023-07-31 02:48:00-04:00,0.5367249999999875,L,2023,True
EURUSD,d1_adx_lt25,trail,2023-08-02 10:09:00-04:00,-0.14170849999999074,S,2023,True
EURUSD,h4_ma_nocounter,trail,2023-08-02 10:09:00-04:00,-0.14170849999999074,S,2023,True
EURUSD,h4_ma_aligned,trail,2023-08-02 10:09:00-04:00,-0.14170849999999074,S,2023,True
EURUSD,none,trail,2023-08-02 10:09:00-04:00,-0.14170849999999074,S,2023,True
EURUSD,d1_adx_lt25,fixed,2023-08-02 10:09:00-04:00,-1.0118869999999758,S,2023,True
EURUSD,d1_adx_ge20,fixed,2023-08-02 10:09:00-04:00,-1.0118869999999758,S,2023,True
EURUSD,d1_adx_ge20,trail,2023-08-02 10:09:00-04:00,-0.14170849999999074,S,2023,True
EURUSD,h4_ma_nocounter,fixed,2023-08-02 10:09:00-04:00,-1.0118869999999758,S,2023,True
EURUSD,h4_ma_aligned,fixed,2023-08-02 10:09:00-04:00,-1.0118869999999758,S,2023,True
EURUSD,none,fixed,2023-08-02 10:09:00-04:00,-1.0118869999999758,S,2023,True
AUDUSD,d1_roc20,trail,2023-08-08 05:22:00-04:00,-1.0208899499999995,S,2023,True
AUDUSD,d1_roc20,fixed,2023-08-08 05:22:00-04:00,-1.0208899499999995,S,2023,True
AUDUSD,d1_adx_lt25,trail,2023-08-08 05:22:00-04:00,-1.0208899499999995,S,2023,True
AUDUSD,h4_ma_nocounter,fixed,2023-08-08 05:22:00-04:00,-1.0208899499999995,S,2023,True
AUDUSD,w1_dow_nocounter,fixed,2023-08-08 05:22:00-04:00,-1.0208899499999995,S,2023,True
AUDUSD,w1_dow_nocounter,trail,2023-08-08 05:22:00-04:00,-1.0208899499999995,S,2023,True
AUDUSD,none,trail,2023-08-08 05:22:00-04:00,-1.0208899499999995,S,2023,True
AUDUSD,d1roc_h4ma,trail,2023-08-08 05:22:00-04:00,-1.0208899499999995,S,2023,True
AUDUSD,h4_ma_aligned,trail,2023-08-08 05:22:00-04:00,-1.0208899499999995,S,2023,True
AUDUSD,none,fixed,2023-08-08 05:22:00-04:00,-1.0208899499999995,S,2023,True
AUDUSD,h4_ma_aligned,fixed,2023-08-08 05:22:00-04:00,-1.0208899499999995,S,2023,True
AUDUSD,d1roc_h4ma,fixed,2023-08-08 05:22:00-04:00,-1.0208899499999995,S,2023,True
AUDUSD,d1_adx_lt25,fixed,2023-08-08 05:22:00-04:00,-1.0208899499999995,S,2023,True
AUDUSD,h4_ma_nocounter,trail,2023-08-08 05:22:00-04:00,-1.0208899499999995,S,2023,True
USDJPY,d1_roc20,fixed,2023-08-10 00:02:00-04:00,-1.005319999999972,L,2023,True
USDJPY,d1_adx_lt25,fixed,2023-08-10 00:02:00-04:00,-1.005319999999972,L,2023,True
USDJPY,h4_ma_nocounter,trail,2023-08-10 00:02:00-04:00,-1.0041649999999802,L,2023,True
USDJPY,w1_dow_nocounter,trail,2023-08-10 00:02:00-04:00,-1.0041649999999802,L,2023,True
USDJPY,h4_ma_nocounter,fixed,2023-08-10 00:02:00-04:00,-1.005319999999972,L,2023,True
USDJPY,none,trail,2023-08-10 00:02:00-04:00,-1.0041649999999802,L,2023,True
USDJPY,d1roc_h4ma,trail,2023-08-10 00:02:00-04:00,-1.0041649999999802,L,2023,True
USDJPY,d1_roc20,trail,2023-08-10 00:02:00-04:00,-1.0041649999999802,L,2023,True
USDJPY,d1_adx_lt25,trail,2023-08-10 00:02:00-04:00,-1.0041649999999802,L,2023,True
USDJPY,d1roc_h4ma,fixed,2023-08-10 00:02:00-04:00,-1.005319999999972,L,2023,True
USDJPY,w1_dow_strict,trail,2023-08-10 00:02:00-04:00,-1.0041649999999802,L,2023,True
USDJPY,h4_ma_aligned,trail,2023-08-10 00:02:00-04:00,-1.0041649999999802,L,2023,True
USDJPY,h4_ma_aligned,fixed,2023-08-10 00:02:00-04:00,-1.005319999999972,L,2023,True
EURUSD,w1_dow_nocounter,fixed,2023-08-10 08:30:00-04:00,-1.0137955000000067,L,2023,True
EURUSD,h4_ma_nocounter,fixed,2023-08-10 08:30:00-04:00,-1.0137955000000067,L,2023,True
EURUSD,h4_ma_nocounter,trail,2023-08-10 08:30:00-04:00,-1.0138344999999895,L,2023,True
EURUSD,w1_dow_strict,fixed,2023-08-10 08:30:00-04:00,-1.0137955000000067,L,2023,True
EURUSD,d1_adx_lt25,trail,2023-08-10 08:30:00-04:00,-1.0138344999999895,L,2023,True
EURUSD,none,fixed,2023-08-10 08:30:00-04:00,-1.0137955000000067,L,2023,True
EURUSD,none,trail,2023-08-10 08:30:00-04:00,-1.0138344999999895,L,2023,True
EURUSD,d1_adx_lt25,fixed,2023-08-10 08:30:00-04:00,-1.0137955000000067,L,2023,True
EURUSD,w1_dow_strict,trail,2023-08-10 08:30:00-04:00,-1.0138344999999895,L,2023,True
EURUSD,w1_dow_nocounter,trail,2023-08-10 08:30:00-04:00,-1.0138344999999895,L,2023,True
USDCHF,d1_adx_ge20,fixed,2023-08-10 08:31:00-04:00,-1.0520736500000132,S,2023,True
USDCHF,d1_adx_ge20,trail,2023-08-10 08:31:00-04:00,-1.0520736500000132,S,2023,True
USDCHF,d1_adx_lt25,trail,2023-08-10 08:31:00-04:00,-1.0520736500000132,S,2023,True
USDCHF,d1_adx_lt25,fixed,2023-08-10 08:31:00-04:00,-1.0520736500000132,S,2023,True
USDCHF,none,fixed,2023-08-10 08:31:00-04:00,-1.0520736500000132,S,2023,True
USDCHF,w1_dow_nocounter,trail,2023-08-10 08:31:00-04:00,-1.0520736500000132,S,2023,True
USDCHF,w1_dow_strict,fixed,2023-08-10 08:31:00-04:00,-1.0520736500000132,S,2023,True
USDCHF,w1_dow_strict,trail,2023-08-10 08:31:00-04:00,-1.0520736500000132,S,2023,True
USDCHF,none,trail,2023-08-10 08:31:00-04:00,-1.0520736500000132,S,2023,True
USDCHF,w1_dow_nocounter,fixed,2023-08-10 08:31:00-04:00,-1.0520736500000132,S,2023,True
USDCHF,d1roc_h4ma,trail,2023-08-14 08:01:00-04:00,-0.6692770000000126,L,2023,True
USDCHF,h4_ma_aligned,trail,2023-08-14 08:01:00-04:00,-0.6692770000000126,L,2023,True
USDCHF,d1_adx_ge20,fixed,2023-08-14 08:01:00-04:00,-1.0566223500000165,L,2023,True
USDCHF,h4_ma_nocounter,trail,2023-08-14 08:01:00-04:00,-0.6692770000000126,L,2023,True
USDCHF,none,trail,2023-08-14 08:01:00-04:00,-0.6692770000000126,L,2023,True
USDCHF,d1_adx_lt25,fixed,2023-08-14 08:01:00-04:00,-1.0566223500000165,L,2023,True
USDCHF,d1_adx_lt25,trail,2023-08-14 08:01:00-04:00,-0.6692770000000126,L,2023,True
USDCHF,d1_roc20,fixed,2023-08-14 08:01:00-04:00,-1.0566223500000165,L,2023,True
USDCHF,h4_ma_aligned,fixed,2023-08-14 08:01:00-04:00,-1.0566223500000165,L,2023,True
USDCHF,d1_adx_ge20,trail,2023-08-14 08:01:00-04:00,-0.6692770000000126,L,2023,True
USDCHF,d1_roc20,trail,2023-08-14 08:01:00-04:00,-0.6692770000000126,L,2023,True
USDCHF,none,fixed,2023-08-14 08:01:00-04:00,-1.0566223500000165,L,2023,True
USDCHF,d1roc_h4ma,fixed,2023-08-14 08:01:00-04:00,-1.0566223500000165,L,2023,True
USDCHF,h4_ma_nocounter,fixed,2023-08-14 08:01:00-04:00,-1.0566223500000165,L,2023,True
EURUSD,d1_adx_lt25,fixed,2023-08-14 08:43:00-04:00,-1.0138278999999961,S,2023,True
EURUSD,none,trail,2023-08-14 08:43:00-04:00,-1.0137929000000134,S,2023,True
EURUSD,none,fixed,2023-08-14 08:43:00-04:00,-1.0138278999999961,S,2023,True
EURUSD,d1_adx_lt25,trail,2023-08-14 08:43:00-04:00,-1.0137929000000134,S,2023,True
EURUSD,h4_ma_nocounter,trail,2023-08-14 08:43:00-04:00,-1.0137929000000134,S,2023,True
EURUSD,d1_roc20,trail,2023-08-14 08:43:00-04:00,-1.0137929000000134,S,2023,True
EURUSD,h4_ma_nocounter,fixed,2023-08-14 08:43:00-04:00,-1.0138278999999961,S,2023,True
EURUSD,d1roc_h4ma,trail,2023-08-14 08:43:00-04:00,-1.0137929000000134,S,2023,True
EURUSD,d1roc_h4ma,fixed,2023-08-14 08:43:00-04:00,-1.0138278999999961,S,2023,True
EURUSD,d1_roc20,fixed,2023-08-14 08:43:00-04:00,-1.0138278999999961,S,2023,True
GBPUSD,d1_roc20,fixed,2023-08-14 09:47:00-04:00,-1.0226588500000022,S,2023,True
GBPUSD,d1_adx_ge20,trail,2023-08-14 09:47:00-04:00,-1.0226588500000022,S,2023,True
GBPUSD,d1_adx_lt25,trail,2023-08-14 09:47:00-04:00,-1.0226588500000022,S,2023,True
GBPUSD,h4_ma_nocounter,trail,2023-08-14 09:47:00-04:00,-1.0226588500000022,S,2023,True
GBPUSD,d1_roc20,trail,2023-08-14 09:47:00-04:00,-1.0226588500000022,S,2023,True
GBPUSD,d1_adx_ge20,fixed,2023-08-14 09:47:00-04:00,-1.0226588500000022,S,2023,True
GBPUSD,h4_ma_aligned,trail,2023-08-14 09:47:00-04:00,-1.0226588500000022,S,2023,True
GBPUSD,d1_adx_lt25,fixed,2023-08-14 09:47:00-04:00,-1.0226588500000022,S,2023,True
GBPUSD,none,fixed,2023-08-14 09:47:00-04:00,-1.0226588500000022,S,2023,True
GBPUSD,h4_ma_nocounter,fixed,2023-08-14 09:47:00-04:00,-1.0226588500000022,S,2023,True
GBPUSD,none,trail,2023-08-14 09:47:00-04:00,-1.0226588500000022,S,2023,True
GBPUSD,d1roc_h4ma,fixed,2023-08-14 09:47:00-04:00,-1.0226588500000022,S,2023,True
GBPUSD,h4_ma_aligned,fixed,2023-08-14 09:47:00-04:00,-1.0226588500000022,S,2023,True
GBPUSD,d1roc_h4ma,trail,2023-08-14 09:47:00-04:00,-1.0226588500000022,S,2023,True
USDCHF,d1roc_h4ma,trail,2023-08-18 16:51:00-04:00,-1.0520561499999936,L,2023,True
USDCHF,d1_roc20,trail,2023-08-18 16:51:00-04:00,-1.0520561499999936,L,2023,True
USDCHF,d1_adx_lt25,trail,2023-08-18 16:51:00-04:00,-1.0520561499999936,L,2023,True
USDCHF,none,trail,2023-08-18 16:51:00-04:00,-1.0520561499999936,L,2023,True
USDCHF,h4_ma_aligned,trail,2023-08-18 16:51:00-04:00,-1.0520561499999936,L,2023,True
USDCHF,h4_ma_nocounter,trail,2023-08-18 16:51:00-04:00,-1.0520561499999936,L,2023,True
USDCHF,d1_adx_lt25,fixed,2023-08-18 16:51:00-04:00,-1.0520561499999936,L,2023,True
USDCHF,d1roc_h4ma,fixed,2023-08-18 16:51:00-04:00,-1.0520561499999936,L,2023,True
USDCHF,h4_ma_aligned,fixed,2023-08-18 16:51:00-04:00,-1.0520561499999936,L,2023,True
USDCHF,h4_ma_nocounter,fixed,2023-08-18 16:51:00-04:00,-1.0520561499999936,L,2023,True
USDCHF,none,fixed,2023-08-18 16:51:00-04:00,-1.0520561499999936,L,2023,True
USDCHF,d1_roc20,fixed,2023-08-18 16:51:00-04:00,-1.0520561499999936,L,2023,True
GBPUSD,none,fixed,2023-08-23 08:08:00-04:00,-1.0249872500000052,S,2023,True
GBPUSD,d1roc_h4ma,trail,2023-08-23 08:08:00-04:00,-1.0249872500000052,S,2023,True
GBPUSD,d1roc_h4ma,fixed,2023-08-23 08:08:00-04:00,-1.0249872500000052,S,2023,True
GBPUSD,d1_roc20,fixed,2023-08-23 08:08:00-04:00,-1.0249872500000052,S,2023,True
GBPUSD,none,trail,2023-08-23 08:08:00-04:00,-1.0249872500000052,S,2023,True
GBPUSD,h4_ma_nocounter,trail,2023-08-23 08:08:00-04:00,-1.0249872500000052,S,2023,True
GBPUSD,d1_adx_lt25,fixed,2023-08-23 08:08:00-04:00,-1.0249872500000052,S,2023,True
GBPUSD,d1_adx_ge20,trail,2023-08-23 08:08:00-04:00,-1.0249872500000052,S,2023,True
GBPUSD,d1_roc20,trail,2023-08-23 08:08:00-04:00,-1.0249872500000052,S,2023,True
GBPUSD,h4_ma_nocounter,fixed,2023-08-23 08:08:00-04:00,-1.0249872500000052,S,2023,True
GBPUSD,d1_adx_ge20,fixed,2023-08-23 08:08:00-04:00,-1.0249872500000052,S,2023,True
GBPUSD,d1_adx_lt25,trail,2023-08-23 08:08:00-04:00,-1.0249872500000052,S,2023,True
USDCHF,h4_ma_aligned,fixed,2023-08-24 08:33:00-04:00,-1.0579589499999984,L,2023,True
USDCHF,d1roc_h4ma,fixed,2023-08-24 08:33:00-04:00,-1.0579589499999984,L,2023,True
USDCHF,d1_roc20,trail,2023-08-24 08:33:00-04:00,-0.24459184999999983,L,2023,True
USDCHF,d1_roc20,fixed,2023-08-24 08:33:00-04:00,-1.0579589499999984,L,2023,True
USDCHF,d1roc_h4ma,trail,2023-08-24 08:33:00-04:00,-0.24459184999999983,L,2023,True
USDCHF,d1_adx_lt25,trail,2023-08-24 08:33:00-04:00,-0.24459184999999983,L,2023,True
USDCHF,h4_ma_aligned,trail,2023-08-24 08:33:00-04:00,-0.24459184999999983,L,2023,True
USDCHF,d1_adx_lt25,fixed,2023-08-24 08:33:00-04:00,-1.0579589499999984,L,2023,True
USDCHF,none,fixed,2023-08-24 08:33:00-04:00,-1.0579589499999984,L,2023,True
USDCHF,h4_ma_nocounter,fixed,2023-08-24 08:33:00-04:00,-1.0579589499999984,L,2023,True
USDCHF,none,trail,2023-08-24 08:33:00-04:00,-0.24459184999999983,L,2023,True
USDCHF,h4_ma_nocounter,trail,2023-08-24 08:33:00-04:00,-0.24459184999999983,L,2023,True
USDJPY,d1_roc20,trail,2023-08-25 10:44:00-04:00,-0.3491950000000297,L,2023,True
USDJPY,d1roc_h4ma,trail,2023-08-25 10:44:00-04:00,-0.3491950000000297,L,2023,True
USDJPY,d1_adx_ge20,trail,2023-08-25 10:44:00-04:00,-0.3491950000000297,L,2023,True
USDJPY,d1_roc20,fixed,2023-08-25 10:44:00-04:00,-1.0057650000000045,L,2023,True
USDJPY,h4_ma_nocounter,fixed,2023-08-25 10:44:00-04:00,-1.0057650000000045,L,2023,True
USDJPY,h4_ma_nocounter,trail,2023-08-25 10:44:00-04:00,-0.3491950000000297,L,2023,True
USDJPY,d1roc_h4ma,fixed,2023-08-25 10:44:00-04:00,-1.0057650000000045,L,2023,True
USDJPY,d1_adx_lt25,trail,2023-08-25 10:44:00-04:00,-0.3491950000000297,L,2023,True
USDJPY,w1_dow_nocounter,fixed,2023-08-25 10:44:00-04:00,-1.0057650000000045,L,2023,True
USDJPY,w1_dow_strict,trail,2023-08-25 10:44:00-04:00,-0.3491950000000297,L,2023,True
USDJPY,d1_adx_lt25,fixed,2023-08-25 10:44:00-04:00,-1.0057650000000045,L,2023,True
USDJPY,none,fixed,2023-08-25 10:44:00-04:00,-1.0057650000000045,L,2023,True
USDJPY,d1_adx_ge20,fixed,2023-08-25 10:44:00-04:00,-1.0057650000000045,L,2023,True
USDJPY,none,trail,2023-08-25 10:44:00-04:00,-0.3491950000000297,L,2023,True
USDJPY,w1_dow_nocounter,trail,2023-08-25 10:44:00-04:00,-0.3491950000000297,L,2023,True
USDJPY,w1_dow_strict,fixed,2023-08-25 10:44:00-04:00,-1.0057650000000045,L,2023,True
AUDUSD,d1_adx_ge20,fixed,2023-08-30 08:30:00-04:00,-1.0203731500000142,L,2023,True
AUDUSD,none,trail,2023-08-30 08:30:00-04:00,-0.4754052500000093,L,2023,True
AUDUSD,h4_ma_nocounter,trail,2023-08-30 08:30:00-04:00,-0.4754052500000093,L,2023,True
AUDUSD,w1_dow_nocounter,trail,2023-08-30 08:30:00-04:00,-0.4754052500000093,L,2023,True
AUDUSD,d1_adx_lt25,trail,2023-08-30 08:30:00-04:00,-0.4754052500000093,L,2023,True
AUDUSD,none,fixed,2023-08-30 08:30:00-04:00,-1.0203731500000142,L,2023,True
AUDUSD,d1_adx_ge20,trail,2023-08-30 08:30:00-04:00,-0.4754052500000093,L,2023,True
AUDUSD,w1_dow_nocounter,fixed,2023-08-30 08:30:00-04:00,-1.0203731500000142,L,2023,True
AUDUSD,h4_ma_nocounter,fixed,2023-08-30 08:30:00-04:00,-1.0203731500000142,L,2023,True
AUDUSD,d1_adx_lt25,fixed,2023-08-30 08:30:00-04:00,-1.0203731500000142,L,2023,True
USDCHF,d1_adx_lt25,trail,2023-08-30 09:31:00-04:00,-0.8645721499999809,S,2023,True
USDCHF,none,fixed,2023-08-30 09:31:00-04:00,-1.0542468499999793,S,2023,True
USDCHF,w1_dow_nocounter,fixed,2023-08-30 09:31:00-04:00,-1.0542468499999793,S,2023,True
USDCHF,w1_dow_strict,trail,2023-08-30 09:31:00-04:00,-0.8645721499999809,S,2023,True
USDCHF,d1_adx_lt25,fixed,2023-08-30 09:31:00-04:00,-1.0542468499999793,S,2023,True
USDCHF,w1_dow_strict,fixed,2023-08-30 09:31:00-04:00,-1.0542468499999793,S,2023,True
USDCHF,none,trail,2023-08-30 09:31:00-04:00,-0.8645721499999809,S,2023,True
USDCHF,w1_dow_nocounter,trail,2023-08-30 09:31:00-04:00,-0.8645721499999809,S,2023,True
EURUSD,d1_adx_lt25,fixed,2023-08-30 09:34:00-04:00,-1.0116922999999998,L,2023,True
EURUSD,w1_dow_strict,trail,2023-08-30 09:34:00-04:00,-1.0116922999999998,L,2023,True
EURUSD,w1_dow_strict,fixed,2023-08-30 09:34:00-04:00,-1.0116922999999998,L,2023,True
EURUSD,d1_adx_ge20,trail,2023-08-30 09:34:00-04:00,-1.0116922999999998,L,2023,True
EURUSD,d1_adx_ge20,fixed,2023-08-30 09:34:00-04:00,-1.0116922999999998,L,2023,True
EURUSD,w1_dow_nocounter,trail,2023-08-30 09:34:00-04:00,-1.0116922999999998,L,2023,True
EURUSD,none,fixed,2023-08-30 09:34:00-04:00,-1.0116922999999998,L,2023,True
EURUSD,d1_adx_lt25,trail,2023-08-30 09:34:00-04:00,-1.0116922999999998,L,2023,True
EURUSD,none,trail,2023-08-30 09:34:00-04:00,-1.0116922999999998,L,2023,True
EURUSD,w1_dow_nocounter,fixed,2023-08-30 09:34:00-04:00,-1.0116922999999998,L,2023,True
USDJPY,d1_adx_ge20,fixed,2023-09-01 08:39:00-04:00,-1.0053300000000134,S,2023,True
USDJPY,none,fixed,2023-09-01 08:39:00-04:00,-1.0053300000000134,S,2023,True
USDJPY,none,trail,2023-09-01 08:39:00-04:00,-1.0053300000000134,S,2023,True
USDJPY,d1_adx_ge20,trail,2023-09-01 08:39:00-04:00,-1.0053300000000134,S,2023,True
USDJPY,d1_adx_lt25,trail,2023-09-01 08:39:00-04:00,-1.0053300000000134,S,2023,True
USDJPY,d1_adx_lt25,fixed,2023-09-01 08:39:00-04:00,-1.0053300000000134,S,2023,True
EURUSD,none,trail,2023-09-05 02:28:00-04:00,1.1067850499999492,S,2023,True
EURUSD,d1_adx_lt25,fixed,2023-09-05 02:28:00-04:00,1.6514334499999486,S,2023,True
EURUSD,d1_adx_lt25,trail,2023-09-05 02:28:00-04:00,1.1067850499999492,S,2023,True
EURUSD,d1roc_h4ma,trail,2023-09-05 02:28:00-04:00,1.1067850499999492,S,2023,True
EURUSD,h4_ma_aligned,trail,2023-09-05 02:28:00-04:00,1.1067850499999492,S,2023,True
EURUSD,d1_roc20,trail,2023-09-05 02:28:00-04:00,1.1067850499999492,S,2023,True
EURUSD,h4_ma_aligned,fixed,2023-09-05 02:28:00-04:00,1.6514334499999486,S,2023,True
EURUSD,h4_ma_nocounter,fixed,2023-09-05 02:28:00-04:00,1.6514334499999486,S,2023,True
EURUSD,d1_roc20,fixed,2023-09-05 02:28:00-04:00,1.6514334499999486,S,2023,True
EURUSD,d1roc_h4ma,fixed,2023-09-05 02:28:00-04:00,1.6514334499999486,S,2023,True
EURUSD,none,fixed,2023-09-05 02:28:00-04:00,1.6514334499999486,S,2023,True
EURUSD,h4_ma_nocounter,trail,2023-09-05 02:28:00-04:00,1.1067850499999492,S,2023,True
AUDUSD,none,fixed,2023-09-05 02:50:00-04:00,-1.0227744999999937,S,2023,True
AUDUSD,d1_roc20,trail,2023-09-05 02:50:00-04:00,-0.22813910000000778,S,2023,True
AUDUSD,d1_adx_lt25,fixed,2023-09-05 02:50:00-04:00,-1.0227744999999937,S,2023,True
AUDUSD,w1_dow_nocounter,fixed,2023-09-05 02:50:00-04:00,-1.0227744999999937,S,2023,True
AUDUSD,d1roc_h4ma,trail,2023-09-05 02:50:00-04:00,-0.22813910000000778,S,2023,True
AUDUSD,h4_ma_nocounter,fixed,2023-09-05 02:50:00-04:00,-1.0227744999999937,S,2023,True
AUDUSD,h4_ma_nocounter,trail,2023-09-05 02:50:00-04:00,-0.22813910000000778,S,2023,True
AUDUSD,w1_dow_nocounter,trail,2023-09-05 02:50:00-04:00,-0.22813910000000778,S,2023,True
AUDUSD,d1_adx_lt25,trail,2023-09-05 02:50:00-04:00,-0.22813910000000778,S,2023,True
AUDUSD,d1_roc20,fixed,2023-09-05 02:50:00-04:00,-1.0227744999999937,S,2023,True
AUDUSD,d1roc_h4ma,fixed,2023-09-05 02:50:00-04:00,-1.0227744999999937,S,2023,True
AUDUSD,none,trail,2023-09-05 02:50:00-04:00,-0.22813910000000778,S,2023,True
USDCHF,none,trail,2023-09-05 03:54:00-04:00,1.1753517500000255,L,2023,True
USDCHF,h4_ma_aligned,trail,2023-09-05 03:54:00-04:00,1.1753517500000255,L,2023,True
USDCHF,none,fixed,2023-09-05 03:54:00-04:00,1.5965514500000197,L,2023,True
USDCHF,d1roc_h4ma,trail,2023-09-05 03:54:00-04:00,1.1753517500000255,L,2023,True
USDCHF,h4_ma_aligned,fixed,2023-09-05 03:54:00-04:00,1.5965514500000197,L,2023,True
USDCHF,d1_adx_lt25,fixed,2023-09-05 03:54:00-04:00,1.5965514500000197,L,2023,True
USDCHF,d1_roc20,fixed,2023-09-05 03:54:00-04:00,1.5965514500000197,L,2023,True
USDCHF,h4_ma_nocounter,fixed,2023-09-05 03:54:00-04:00,1.5965514500000197,L,2023,True
USDCHF,d1_roc20,trail,2023-09-05 03:54:00-04:00,1.1753517500000255,L,2023,True
USDCHF,h4_ma_nocounter,trail,2023-09-05 03:54:00-04:00,1.1753517500000255,L,2023,True
USDCHF,d1roc_h4ma,fixed,2023-09-05 03:54:00-04:00,1.5965514500000197,L,2023,True
USDCHF,d1_adx_lt25,trail,2023-09-05 03:54:00-04:00,1.1753517500000255,L,2023,True
GBPUSD,d1roc_h4ma,fixed,2023-09-05 04:11:00-04:00,-1.0325756000000468,S,2023,True
GBPUSD,d1_adx_ge20,fixed,2023-09-05 04:11:00-04:00,-1.0325756000000468,S,2023,True
GBPUSD,d1_adx_ge20,trail,2023-09-05 04:11:00-04:00,-1.00984720000001,S,2023,True
GBPUSD,d1roc_h4ma,trail,2023-09-05 04:11:00-04:00,-1.00984720000001,S,2023,True
GBPUSD,none,trail,2023-09-05 04:11:00-04:00,-1.00984720000001,S,2023,True
GBPUSD,h4_ma_nocounter,trail,2023-09-05 04:11:00-04:00,-1.00984720000001,S,2023,True
GBPUSD,h4_ma_nocounter,fixed,2023-09-05 04:11:00-04:00,-1.0325756000000468,S,2023,True
GBPUSD,d1_roc20,fixed,2023-09-05 04:11:00-04:00,-1.0325756000000468,S,2023,True
GBPUSD,d1_adx_lt25,fixed,2023-09-05 04:11:00-04:00,-1.0325756000000468,S,2023,True
GBPUSD,none,fixed,2023-09-05 04:11:00-04:00,-1.0325756000000468,S,2023,True
GBPUSD,d1_adx_lt25,trail,2023-09-05 04:11:00-04:00,-1.00984720000001,S,2023,True
GBPUSD,d1_roc20,trail,2023-09-05 04:11:00-04:00,-1.00984720000001,S,2023,True
USDJPY,d1roc_h4ma,trail,2023-09-05 08:04:00-04:00,-0.028989999999991575,L,2023,True
USDJPY,d1_roc20,trail,2023-09-05 08:04:00-04:00,-0.028989999999991575,L,2023,True
USDJPY,h4_ma_nocounter,trail,2023-09-05 08:04:00-04:00,-0.028989999999991575,L,2023,True
USDJPY,d1roc_h4ma,fixed,2023-09-05 08:04:00-04:00,-1.0059300000000009,L,2023,True
USDJPY,w1_dow_strict,trail,2023-09-05 08:04:00-04:00,-0.028989999999991575,L,2023,True
USDJPY,d1_adx_ge20,fixed,2023-09-05 08:04:00-04:00,-1.0059300000000009,L,2023,True
USDJPY,d1_adx_lt25,trail,2023-09-05 08:04:00-04:00,-0.028989999999991575,L,2023,True
USDJPY,none,fixed,2023-09-05 08:04:00-04:00,-1.0059300000000009,L,2023,True
USDJPY,none,trail,2023-09-05 08:04:00-04:00,-0.028989999999991575,L,2023,True
USDJPY,d1_adx_ge20,trail,2023-09-05 08:04:00-04:00,-0.028989999999991575,L,2023,True
USDJPY,d1_adx_lt25,fixed,2023-09-05 08:04:00-04:00,-1.0059300000000009,L,2023,True
USDJPY,w1_dow_strict,fixed,2023-09-05 08:04:00-04:00,-1.0059300000000009,L,2023,True
USDJPY,h4_ma_nocounter,fixed,2023-09-05 08:04:00-04:00,-1.0059300000000009,L,2023,True
USDJPY,w1_dow_nocounter,fixed,2023-09-05 08:04:00-04:00,-1.0059300000000009,L,2023,True
USDJPY,d1_roc20,fixed,2023-09-05 08:04:00-04:00,-1.0059300000000009,L,2023,True
USDJPY,w1_dow_nocounter,trail,2023-09-05 08:04:00-04:00,-0.028989999999991575,L,2023,True
GBPUSD,none,fixed,2023-09-13 03:00:00-04:00,-1.0310437499999763,S,2023,True
GBPUSD,d1_roc20,fixed,2023-09-13 03:00:00-04:00,-1.0310437499999763,S,2023,True
GBPUSD,d1_adx_ge20,trail,2023-09-13 03:00:00-04:00,-1.0310437499999763,S,2023,True
GBPUSD,d1roc_h4ma,fixed,2023-09-13 03:00:00-04:00,-1.0310437499999763,S,2023,True
GBPUSD,h4_ma_nocounter,fixed,2023-09-13 03:00:00-04:00,-1.0310437499999763,S,2023,True
GBPUSD,h4_ma_aligned,fixed,2023-09-13 03:00:00-04:00,-1.0310437499999763,S,2023,True
GBPUSD,d1_roc20,trail,2023-09-13 03:00:00-04:00,-1.0310437499999763,S,2023,True
GBPUSD,h4_ma_aligned,trail,2023-09-13 03:00:00-04:00,-1.0310437499999763,S,2023,True
GBPUSD,none,trail,2023-09-13 03:00:00-04:00,-1.0310437499999763,S,2023,True
GBPUSD,d1roc_h4ma,trail,2023-09-13 03:00:00-04:00,-1.0310437499999763,S,2023,True
GBPUSD,d1_adx_ge20,fixed,2023-09-13 03:00:00-04:00,-1.0310437499999763,S,2023,True
GBPUSD,h4_ma_nocounter,trail,2023-09-13 03:00:00-04:00,-1.0310437499999763,S,2023,True
USDCHF,d1roc_h4ma,trail,2023-09-13 08:30:00-04:00,-1.0736017500000006,L,2023,True
USDCHF,d1roc_h4ma,fixed,2023-09-13 08:30:00-04:00,-1.0736017500000006,L,2023,True
USDCHF,d1_adx_lt25,fixed,2023-09-13 08:30:00-04:00,-1.0736017500000006,L,2023,True
USDCHF,d1_roc20,trail,2023-09-13 08:30:00-04:00,-1.0736017500000006,L,2023,True
USDCHF,h4_ma_nocounter,trail,2023-09-13 08:30:00-04:00,-1.0736017500000006,L,2023,True
USDCHF,d1_adx_lt25,trail,2023-09-13 08:30:00-04:00,-1.0736017500000006,L,2023,True
USDCHF,h4_ma_aligned,fixed,2023-09-13 08:30:00-04:00,-1.0736017500000006,L,2023,True
USDCHF,none,trail,2023-09-13 08:30:00-04:00,-1.0736017500000006,L,2023,True
USDCHF,h4_ma_nocounter,fixed,2023-09-13 08:30:00-04:00,-1.0736017500000006,L,2023,True
USDCHF,none,fixed,2023-09-13 08:30:00-04:00,-1.0736017500000006,L,2023,True
USDCHF,h4_ma_aligned,trail,2023-09-13 08:30:00-04:00,-1.0736017500000006,L,2023,True
USDCHF,d1_roc20,fixed,2023-09-13 08:30:00-04:00,-1.0736017500000006,L,2023,True
EURUSD,d1_adx_ge20,trail,2023-09-14 08:30:00-04:00,0.22010045000003065,S,2023,True
EURUSD,d1_adx_lt25,fixed,2023-09-14 08:30:00-04:00,-1.0143883999999652,S,2023,True
EURUSD,d1_adx_ge20,fixed,2023-09-14 08:30:00-04:00,-1.0143883999999652,S,2023,True
EURUSD,d1_roc20,trail,2023-09-14 08:30:00-04:00,0.22010045000003065,S,2023,True
EURUSD,none,fixed,2023-09-14 08:30:00-04:00,-1.0143883999999652,S,2023,True
EURUSD,d1roc_h4ma,fixed,2023-09-14 08:30:00-04:00,-1.0143883999999652,S,2023,True
EURUSD,d1_roc20,fixed,2023-09-14 08:30:00-04:00,-1.0143883999999652,S,2023,True
EURUSD,d1_adx_lt25,trail,2023-09-14 08:30:00-04:00,0.22010045000003065,S,2023,True
EURUSD,d1roc_h4ma,trail,2023-09-14 08:30:00-04:00,0.22010045000003065,S,2023,True
EURUSD,h4_ma_nocounter,fixed,2023-09-14 08:30:00-04:00,-1.0143883999999652,S,2023,True
EURUSD,none,trail,2023-09-14 08:30:00-04:00,0.22010045000003065,S,2023,True
EURUSD,h4_ma_nocounter,trail,2023-09-14 08:30:00-04:00,0.22010045000003065,S,2023,True
USDJPY,none,fixed,2023-09-15 06:29:00-04:00,-1.0067949999999688,L,2023,True
USDJPY,w1_dow_nocounter,trail,2023-09-15 06:29:00-04:00,-0.5564399999999516,L,2023,True
USDJPY,w1_dow_nocounter,fixed,2023-09-15 06:29:00-04:00,-1.0067949999999688,L,2023,True
USDJPY,d1_adx_lt25,fixed,2023-09-15 06:29:00-04:00,-1.0067949999999688,L,2023,True
USDJPY,w1_dow_strict,fixed,2023-09-15 06:29:00-04:00,-1.0067949999999688,L,2023,True
USDJPY,h4_ma_nocounter,fixed,2023-09-15 06:29:00-04:00,-1.0067949999999688,L,2023,True
USDJPY,d1_roc20,fixed,2023-09-15 06:29:00-04:00,-1.0067949999999688,L,2023,True
USDJPY,d1_adx_lt25,trail,2023-09-15 06:29:00-04:00,-0.5564399999999516,L,2023,True
USDJPY,d1roc_h4ma,fixed,2023-09-15 06:29:00-04:00,-1.0067949999999688,L,2023,True
USDJPY,none,trail,2023-09-15 06:29:00-04:00,-0.5564399999999516,L,2023,True
USDJPY,d1_roc20,trail,2023-09-15 06:29:00-04:00,-0.5564399999999516,L,2023,True
USDJPY,d1roc_h4ma,trail,2023-09-15 06:29:00-04:00,-0.5564399999999516,L,2023,True
USDJPY,h4_ma_aligned,fixed,2023-09-15 06:29:00-04:00,-1.0067949999999688,L,2023,True
USDJPY,w1_dow_strict,trail,2023-09-15 06:29:00-04:00,-0.5564399999999516,L,2023,True
USDJPY,h4_ma_aligned,trail,2023-09-15 06:29:00-04:00,-0.5564399999999516,L,2023,True
USDJPY,h4_ma_nocounter,trail,2023-09-15 06:29:00-04:00,-0.5564399999999516,L,2023,True
AUDUSD,w1_dow_nocounter,trail,2023-09-20 06:10:00-04:00,-1.0316980499999908,L,2023,True
AUDUSD,h4_ma_nocounter,fixed,2023-09-20 06:10:00-04:00,-1.0316980499999908,L,2023,True
AUDUSD,d1roc_h4ma,fixed,2023-09-20 06:10:00-04:00,-1.0316980499999908,L,2023,True
AUDUSD,none,trail,2023-09-20 06:10:00-04:00,-1.0316980499999908,L,2023,True
AUDUSD,none,fixed,2023-09-20 06:10:00-04:00,-1.0316980499999908,L,2023,True
AUDUSD,d1roc_h4ma,trail,2023-09-20 06:10:00-04:00,-1.0316980499999908,L,2023,True
AUDUSD,d1_adx_lt25,fixed,2023-09-20 06:10:00-04:00,-1.0316980499999908,L,2023,True
AUDUSD,d1_adx_lt25,trail,2023-09-20 06:10:00-04:00,-1.0316980499999908,L,2023,True
AUDUSD,w1_dow_nocounter,fixed,2023-09-20 06:10:00-04:00,-1.0316980499999908,L,2023,True
AUDUSD,d1_roc20,fixed,2023-09-20 06:10:00-04:00,-1.0316980499999908,L,2023,True
AUDUSD,h4_ma_nocounter,trail,2023-09-20 06:10:00-04:00,-1.0316980499999908,L,2023,True
AUDUSD,d1_roc20,trail,2023-09-20 06:10:00-04:00,-1.0316980499999908,L,2023,True
EURUSD,d1_adx_ge20,trail,2023-09-20 20:49:00-04:00,-0.8506107499999958,S,2023,True
EURUSD,none,trail,2023-09-20 20:49:00-04:00,-0.8506107499999958,S,2023,True
EURUSD,d1_adx_ge20,fixed,2023-09-20 20:49:00-04:00,1.6517332000000036,S,2023,True
EURUSD,d1_roc20,fixed,2023-09-20 20:49:00-04:00,1.6517332000000036,S,2023,True
EURUSD,d1_adx_lt25,fixed,2023-09-20 20:49:00-04:00,1.6517332000000036,S,2023,True
EURUSD,d1_roc20,trail,2023-09-20 20:49:00-04:00,-0.8506107499999958,S,2023,True
EURUSD,w1_dow_nocounter,fixed,2023-09-20 20:49:00-04:00,1.6517332000000036,S,2023,True
EURUSD,d1_adx_lt25,trail,2023-09-20 20:49:00-04:00,-0.8506107499999958,S,2023,True
EURUSD,d1roc_h4ma,trail,2023-09-20 20:49:00-04:00,-0.8506107499999958,S,2023,True
EURUSD,d1roc_h4ma,fixed,2023-09-20 20:49:00-04:00,1.6517332000000036,S,2023,True
EURUSD,w1_dow_nocounter,trail,2023-09-20 20:49:00-04:00,-0.8506107499999958,S,2023,True
EURUSD,h4_ma_aligned,fixed,2023-09-20 20:49:00-04:00,1.6517332000000036,S,2023,True
EURUSD,h4_ma_nocounter,trail,2023-09-20 20:49:00-04:00,-0.8506107499999958,S,2023,True
EURUSD,h4_ma_nocounter,fixed,2023-09-20 20:49:00-04:00,1.6517332000000036,S,2023,True
EURUSD,h4_ma_aligned,trail,2023-09-20 20:49:00-04:00,-0.8506107499999958,S,2023,True
EURUSD,none,fixed,2023-09-20 20:49:00-04:00,1.6517332000000036,S,2023,True
AUDUSD,d1_adx_lt25,trail,2023-09-26 23:01:00-04:00,-0.08655600000000119,S,2023,True
AUDUSD,w1_dow_nocounter,fixed,2023-09-26 23:01:00-04:00,1.6430042499999984,S,2023,True
AUDUSD,d1roc_h4ma,fixed,2023-09-26 23:01:00-04:00,1.6430042499999984,S,2023,True
AUDUSD,none,trail,2023-09-26 23:01:00-04:00,-0.08655600000000119,S,2023,True
AUDUSD,d1_roc20,fixed,2023-09-26 23:01:00-04:00,1.6430042499999984,S,2023,True
AUDUSD,w1_dow_nocounter,trail,2023-09-26 23:01:00-04:00,-0.08655600000000119,S,2023,True
AUDUSD,d1roc_h4ma,trail,2023-09-26 23:01:00-04:00,-0.08655600000000119,S,2023,True
AUDUSD,h4_ma_nocounter,trail,2023-09-26 23:01:00-04:00,-0.08655600000000119,S,2023,True
AUDUSD,d1_adx_lt25,fixed,2023-09-26 23:01:00-04:00,1.6430042499999984,S,2023,True
AUDUSD,d1_roc20,trail,2023-09-26 23:01:00-04:00,-0.08655600000000119,S,2023,True
AUDUSD,none,fixed,2023-09-26 23:01:00-04:00,1.6430042499999984,S,2023,True
AUDUSD,h4_ma_nocounter,fixed,2023-09-26 23:01:00-04:00,1.6430042499999984,S,2023,True
AUDUSD,d1roc_h4ma,trail,2023-10-03 00:16:00-04:00,-0.3154957000000168,S,2023,True
AUDUSD,d1_roc20,fixed,2023-10-03 00:16:00-04:00,-1.0227159000000186,S,2023,True
AUDUSD,none,trail,2023-10-03 00:16:00-04:00,-0.3154957000000168,S,2023,True
AUDUSD,d1_roc20,trail,2023-10-03 00:16:00-04:00,-0.3154957000000168,S,2023,True
AUDUSD,d1_adx_lt25,fixed,2023-10-03 00:16:00-04:00,-1.0227159000000186,S,2023,True
AUDUSD,h4_ma_aligned,fixed,2023-10-03 00:16:00-04:00,-1.0227159000000186,S,2023,True
AUDUSD,none,fixed,2023-10-03 00:16:00-04:00,-1.0227159000000186,S,2023,True
AUDUSD,w1_dow_nocounter,fixed,2023-10-03 00:16:00-04:00,-1.0227159000000186,S,2023,True
AUDUSD,h4_ma_nocounter,fixed,2023-10-03 00:16:00-04:00,-1.0227159000000186,S,2023,True
AUDUSD,d1_adx_lt25,trail,2023-10-03 00:16:00-04:00,-0.3154957000000168,S,2023,True
AUDUSD,d1roc_h4ma,fixed,2023-10-03 00:16:00-04:00,-1.0227159000000186,S,2023,True
AUDUSD,w1_dow_nocounter,trail,2023-10-03 00:16:00-04:00,-0.3154957000000168,S,2023,True
AUDUSD,h4_ma_nocounter,trail,2023-10-03 00:16:00-04:00,-0.3154957000000168,S,2023,True
AUDUSD,h4_ma_aligned,trail,2023-10-03 00:16:00-04:00,-0.3154957000000168,S,2023,True
USDCHF,h4_ma_aligned,fixed,2023-10-03 06:27:00-04:00,-1.0475712500000127,L,2023,True
USDCHF,d1_roc20,trail,2023-10-03 06:27:00-04:00,-1.0475712500000127,L,2023,True
USDCHF,d1_adx_ge20,trail,2023-10-03 06:27:00-04:00,-1.0475712500000127,L,2023,True
USDCHF,none,fixed,2023-10-03 06:27:00-04:00,-1.0475712500000127,L,2023,True
USDCHF,h4_ma_aligned,trail,2023-10-03 06:27:00-04:00,-1.0475712500000127,L,2023,True
USDCHF,d1roc_h4ma,fixed,2023-10-03 06:27:00-04:00,-1.0475712500000127,L,2023,True
USDCHF,h4_ma_nocounter,fixed,2023-10-03 06:27:00-04:00,-1.0475712500000127,L,2023,True
USDCHF,d1roc_h4ma,trail,2023-10-03 06:27:00-04:00,-1.0475712500000127,L,2023,True
USDCHF,d1_roc20,fixed,2023-10-03 06:27:00-04:00,-1.0475712500000127,L,2023,True
USDCHF,w1_dow_nocounter,trail,2023-10-03 06:27:00-04:00,-1.0475712500000127,L,2023,True
USDCHF,d1_adx_ge20,fixed,2023-10-03 06:27:00-04:00,-1.0475712500000127,L,2023,True
USDCHF,h4_ma_nocounter,trail,2023-10-03 06:27:00-04:00,-1.0475712500000127,L,2023,True
USDCHF,w1_dow_nocounter,fixed,2023-10-03 06:27:00-04:00,-1.0475712500000127,L,2023,True
USDCHF,none,trail,2023-10-03 06:27:00-04:00,-1.0475712500000127,L,2023,True
USDJPY,none,fixed,2023-10-03 10:12:00-04:00,-4.6550899999999915,S,2023,True
USDJPY,d1_adx_ge20,fixed,2023-10-03 10:12:00-04:00,-4.6550899999999915,S,2023,True
USDJPY,d1_adx_lt25,fixed,2023-10-03 10:12:00-04:00,-4.6550899999999915,S,2023,True
USDJPY,d1_adx_ge20,trail,2023-10-03 10:12:00-04:00,-4.647304999999992,S,2023,True
USDJPY,none,trail,2023-10-03 10:12:00-04:00,-4.647304999999992,S,2023,True
USDJPY,d1_adx_lt25,trail,2023-10-03 10:12:00-04:00,-4.647304999999992,S,2023,True
USDCHF,w1_dow_nocounter,trail,2023-10-06 11:28:00-04:00,0.738215400000009,S,2023,True
USDCHF,none,trail,2023-10-06 11:28:00-04:00,0.738215400000009,S,2023,True
USDCHF,w1_dow_nocounter,fixed,2023-10-06 11:28:00-04:00,1.6250620500000061,S,2023,True
USDCHF,none,fixed,2023-10-06 11:28:00-04:00,1.6250620500000061,S,2023,True
USDCHF,d1_adx_ge20,trail,2023-10-06 11:28:00-04:00,0.738215400000009,S,2023,True
USDCHF,d1_adx_ge20,fixed,2023-10-06 11:28:00-04:00,1.6250620500000061,S,2023,True
GBPUSD,d1_adx_ge20,fixed,2023-10-10 04:46:00-04:00,-1.0202632499999975,L,2023,True
GBPUSD,w1_dow_nocounter,fixed,2023-10-10 04:46:00-04:00,-1.0202632499999975,L,2023,True
GBPUSD,w1_dow_nocounter,trail,2023-10-10 04:46:00-04:00,-0.06558100000000937,L,2023,True
GBPUSD,none,trail,2023-10-10 04:46:00-04:00,-0.06558100000000937,L,2023,True
GBPUSD,h4_ma_nocounter,trail,2023-10-10 04:46:00-04:00,-0.06558100000000937,L,2023,True
GBPUSD,d1_adx_ge20,trail,2023-10-10 04:46:00-04:00,-0.06558100000000937,L,2023,True
GBPUSD,h4_ma_nocounter,fixed,2023-10-10 04:46:00-04:00,-1.0202632499999975,L,2023,True
GBPUSD,none,fixed,2023-10-10 04:46:00-04:00,-1.0202632499999975,L,2023,True
EURUSD,d1_adx_ge20,fixed,2023-10-10 11:56:00-04:00,-1.0097516000000104,L,2023,True
EURUSD,d1_adx_ge20,trail,2023-10-10 11:56:00-04:00,-0.7132523000000042,L,2023,True
EURUSD,w1_dow_nocounter,trail,2023-10-10 11:56:00-04:00,-0.7132523000000042,L,2023,True
EURUSD,h4_ma_nocounter,fixed,2023-10-10 11:56:00-04:00,-1.0097516000000104,L,2023,True
EURUSD,h4_ma_nocounter,trail,2023-10-10 11:56:00-04:00,-0.7132523000000042,L,2023,True
EURUSD,none,trail,2023-10-10 11:56:00-04:00,-0.7132523000000042,L,2023,True
EURUSD,none,fixed,2023-10-10 11:56:00-04:00,-1.0097516000000104,L,2023,True
EURUSD,w1_dow_nocounter,fixed,2023-10-10 11:56:00-04:00,-1.0097516000000104,L,2023,True
USDCHF,w1_dow_nocounter,trail,2023-10-18 02:00:00-04:00,-0.4488583999999878,S,2023,True
USDCHF,h4_ma_aligned,trail,2023-10-18 02:00:00-04:00,-0.4488583999999878,S,2023,True
USDCHF,d1_adx_ge20,fixed,2023-10-18 02:00:00-04:00,1.6115901999999975,S,2023,True
USDCHF,h4_ma_aligned,fixed,2023-10-18 02:00:00-04:00,1.6115901999999975,S,2023,True
USDCHF,none,trail,2023-10-18 02:00:00-04:00,-0.4488583999999878,S,2023,True
USDCHF,none,fixed,2023-10-18 02:00:00-04:00,1.6115901999999975,S,2023,True
USDCHF,d1_adx_lt25,fixed,2023-10-18 02:00:00-04:00,1.6115901999999975,S,2023,True
USDCHF,h4_ma_nocounter,trail,2023-10-18 02:00:00-04:00,-0.4488583999999878,S,2023,True
USDCHF,h4_ma_nocounter,fixed,2023-10-18 02:00:00-04:00,1.6115901999999975,S,2023,True
USDCHF,d1_adx_lt25,trail,2023-10-18 02:00:00-04:00,-0.4488583999999878,S,2023,True
USDCHF,w1_dow_nocounter,fixed,2023-10-18 02:00:00-04:00,1.6115901999999975,S,2023,True
USDCHF,d1_adx_ge20,trail,2023-10-18 02:00:00-04:00,-0.4488583999999878,S,2023,True
GBPUSD,w1_dow_nocounter,fixed,2023-10-19 01:36:00-04:00,-1.0251237999999703,S,2023,True
GBPUSD,d1_adx_ge20,fixed,2023-10-19 01:36:00-04:00,-1.0251237999999703,S,2023,True
GBPUSD,h4_ma_nocounter,trail,2023-10-19 01:36:00-04:00,-1.0250766499999837,S,2023,True
GBPUSD,d1roc_h4ma,trail,2023-10-19 01:36:00-04:00,-1.0250766499999837,S,2023,True
GBPUSD,d1_adx_ge20,trail,2023-10-19 01:36:00-04:00,-1.0250766499999837,S,2023,True
GBPUSD,d1roc_h4ma,fixed,2023-10-19 01:36:00-04:00,-1.0251237999999703,S,2023,True
GBPUSD,none,fixed,2023-10-19 01:36:00-04:00,-1.0251237999999703,S,2023,True
GBPUSD,w1_dow_nocounter,trail,2023-10-19 01:36:00-04:00,-1.0250766499999837,S,2023,True
GBPUSD,h4_ma_nocounter,fixed,2023-10-19 01:36:00-04:00,-1.0251237999999703,S,2023,True
GBPUSD,d1_roc20,trail,2023-10-19 01:36:00-04:00,-1.0250766499999837,S,2023,True
GBPUSD,d1_roc20,fixed,2023-10-19 01:36:00-04:00,-1.0251237999999703,S,2023,True
GBPUSD,none,trail,2023-10-19 01:36:00-04:00,-1.0250766499999837,S,2023,True
EURUSD,d1_adx_lt25,trail,2023-10-23 11:34:00-04:00,-1.0131575999999594,L,2023,True
EURUSD,w1_dow_nocounter,fixed,2023-10-23 11:34:00-04:00,-1.0131575999999594,L,2023,True
EURUSD,h4_ma_aligned,fixed,2023-10-23 11:34:00-04:00,-1.0131575999999594,L,2023,True
EURUSD,h4_ma_aligned,trail,2023-10-23 11:34:00-04:00,-1.0131575999999594,L,2023,True
EURUSD,d1_adx_ge20,trail,2023-10-23 11:34:00-04:00,-1.0131575999999594,L,2023,True
EURUSD,h4_ma_nocounter,fixed,2023-10-23 11:34:00-04:00,-1.0131575999999594,L,2023,True
EURUSD,d1_adx_ge20,fixed,2023-10-23 11:34:00-04:00,-1.0131575999999594,L,2023,True
EURUSD,w1_dow_nocounter,trail,2023-10-23 11:34:00-04:00,-1.0131575999999594,L,2023,True
EURUSD,d1_adx_lt25,fixed,2023-10-23 11:34:00-04:00,-1.0131575999999594,L,2023,True
EURUSD,none,fixed,2023-10-23 11:34:00-04:00,-1.0131575999999594,L,2023,True
EURUSD,none,trail,2023-10-23 11:34:00-04:00,-1.0131575999999594,L,2023,True
EURUSD,h4_ma_nocounter,trail,2023-10-23 11:34:00-04:00,-1.0131575999999594,L,2023,True
AUDUSD,w1_dow_nocounter,fixed,2023-10-24 21:08:00-04:00,-1.0241463999999936,L,2023,True
AUDUSD,d1_adx_lt25,trail,2023-10-24 21:08:00-04:00,-1.0241463999999936,L,2023,True
AUDUSD,d1_adx_lt25,fixed,2023-10-24 21:08:00-04:00,-1.0241463999999936,L,2023,True
AUDUSD,none,fixed,2023-10-24 21:08:00-04:00,-1.0241463999999936,L,2023,True
AUDUSD,none,trail,2023-10-24 21:08:00-04:00,-1.0241463999999936,L,2023,True
AUDUSD,w1_dow_nocounter,trail,2023-10-24 21:08:00-04:00,-1.0241463999999936,L,2023,True
USDJPY,h4_ma_aligned,fixed,2023-10-25 13:04:00-04:00,1.650225000000022,L,2023,True
USDJPY,none,trail,2023-10-25 13:04:00-04:00,-0.5732599999999387,L,2023,True
USDJPY,d1roc_h4ma,trail,2023-10-25 13:04:00-04:00,-0.5732599999999387,L,2023,True
USDJPY,w1_dow_strict,trail,2023-10-25 13:04:00-04:00,-0.5732599999999387,L,2023,True
USDJPY,none,fixed,2023-10-25 13:04:00-04:00,1.650225000000022,L,2023,True
USDJPY,d1_adx_lt25,fixed,2023-10-25 13:04:00-04:00,1.650225000000022,L,2023,True
USDJPY,d1_roc20,fixed,2023-10-25 13:04:00-04:00,1.650225000000022,L,2023,True
USDJPY,w1_dow_nocounter,fixed,2023-10-25 13:04:00-04:00,1.650225000000022,L,2023,True
USDJPY,h4_ma_nocounter,trail,2023-10-25 13:04:00-04:00,-0.5732599999999387,L,2023,True
USDJPY,d1_adx_lt25,trail,2023-10-25 13:04:00-04:00,-0.5732599999999387,L,2023,True
USDJPY,d1roc_h4ma,fixed,2023-10-25 13:04:00-04:00,1.650225000000022,L,2023,True
USDJPY,d1_roc20,trail,2023-10-25 13:04:00-04:00,-0.5732599999999387,L,2023,True
USDJPY,w1_dow_nocounter,trail,2023-10-25 13:04:00-04:00,-0.5732599999999387,L,2023,True
USDJPY,h4_ma_aligned,trail,2023-10-25 13:04:00-04:00,-0.5732599999999387,L,2023,True
USDJPY,h4_ma_nocounter,fixed,2023-10-25 13:04:00-04:00,1.650225000000022,L,2023,True
USDJPY,w1_dow_strict,fixed,2023-10-25 13:04:00-04:00,1.650225000000022,L,2023,True
AUDUSD,none,trail,2023-10-25 18:16:00-04:00,-1.0230701999999965,S,2023,True
AUDUSD,none,fixed,2023-10-25 18:16:00-04:00,-1.0230701999999965,S,2023,True
AUDUSD,d1_adx_lt25,trail,2023-10-25 18:16:00-04:00,-1.0230701999999965,S,2023,True
AUDUSD,h4_ma_nocounter,fixed,2023-10-25 18:16:00-04:00,-1.0230701999999965,S,2023,True
AUDUSD,d1_roc20,fixed,2023-10-25 18:16:00-04:00,-1.0230701999999965,S,2023,True
AUDUSD,d1_adx_lt25,fixed,2023-10-25 18:16:00-04:00,-1.0230701999999965,S,2023,True
AUDUSD,w1_dow_nocounter,fixed,2023-10-25 18:16:00-04:00,-1.0230701999999965,S,2023,True
AUDUSD,d1roc_h4ma,trail,2023-10-25 18:16:00-04:00,-1.0230701999999965,S,2023,True
AUDUSD,h4_ma_nocounter,trail,2023-10-25 18:16:00-04:00,-1.0230701999999965,S,2023,True
AUDUSD,d1_roc20,trail,2023-10-25 18:16:00-04:00,-1.0230701999999965,S,2023,True
AUDUSD,w1_dow_nocounter,trail,2023-10-25 18:16:00-04:00,-1.0230701999999965,S,2023,True
AUDUSD,d1roc_h4ma,fixed,2023-10-25 18:16:00-04:00,-1.0230701999999965,S,2023,True
GBPUSD,none,fixed,2023-10-25 20:55:00-04:00,-1.0258897500000286,S,2023,True
GBPUSD,h4_ma_nocounter,trail,2023-10-25 20:55:00-04:00,-1.0258897500000286,S,2023,True
GBPUSD,w1_dow_nocounter,fixed,2023-10-25 20:55:00-04:00,-1.0258897500000286,S,2023,True
GBPUSD,d1_roc20,trail,2023-10-25 20:55:00-04:00,-1.0258897500000286,S,2023,True
GBPUSD,d1_adx_ge20,fixed,2023-10-25 20:55:00-04:00,-1.0258897500000286,S,2023,True
GBPUSD,none,trail,2023-10-25 20:55:00-04:00,-1.0258897500000286,S,2023,True
GBPUSD,d1roc_h4ma,trail,2023-10-25 20:55:00-04:00,-1.0258897500000286,S,2023,True
GBPUSD,d1_adx_lt25,fixed,2023-10-25 20:55:00-04:00,-1.0258897500000286,S,2023,True
GBPUSD,d1_roc20,fixed,2023-10-25 20:55:00-04:00,-1.0258897500000286,S,2023,True
GBPUSD,d1_adx_lt25,trail,2023-10-25 20:55:00-04:00,-1.0258897500000286,S,2023,True
GBPUSD,d1roc_h4ma,fixed,2023-10-25 20:55:00-04:00,-1.0258897500000286,S,2023,True
GBPUSD,w1_dow_nocounter,trail,2023-10-25 20:55:00-04:00,-1.0258897500000286,S,2023,True
GBPUSD,h4_ma_nocounter,fixed,2023-10-25 20:55:00-04:00,-1.0258897500000286,S,2023,True
GBPUSD,d1_adx_ge20,trail,2023-10-25 20:55:00-04:00,-1.0258897500000286,S,2023,True
USDJPY,d1_adx_lt25,fixed,2023-10-30 03:02:00-04:00,-1.0078200000000606,S,2023,True
USDJPY,none,fixed,2023-10-30 03:02:00-04:00,-1.0078200000000606,S,2023,True
USDJPY,d1_adx_lt25,trail,2023-10-30 03:02:00-04:00,-1.0075150000000492,S,2023,True
USDJPY,none,trail,2023-10-30 03:02:00-04:00,-1.0075150000000492,S,2023,True
USDJPY,w1_dow_nocounter,trail,2023-10-31 08:35:00-04:00,0.600980000000023,L,2023,True
USDJPY,h4_ma_nocounter,fixed,2023-10-31 08:35:00-04:00,-1.0058750000000065,L,2023,True
USDJPY,d1_adx_lt25,fixed,2023-10-31 08:35:00-04:00,-1.0058750000000065,L,2023,True
USDJPY,h4_ma_aligned,trail,2023-10-31 08:35:00-04:00,0.600980000000023,L,2023,True
USDJPY,h4_ma_aligned,fixed,2023-10-31 08:35:00-04:00,-1.0058750000000065,L,2023,True
USDJPY,h4_ma_nocounter,trail,2023-10-31 08:35:00-04:00,0.600980000000023,L,2023,True
USDJPY,d1_adx_lt25,trail,2023-10-31 08:35:00-04:00,0.600980000000023,L,2023,True
USDJPY,w1_dow_strict,fixed,2023-10-31 08:35:00-04:00,-1.0058750000000065,L,2023,True
USDJPY,w1_dow_nocounter,fixed,2023-10-31 08:35:00-04:00,-1.0058750000000065,L,2023,True
USDJPY,none,fixed,2023-10-31 08:35:00-04:00,-1.0058750000000065,L,2023,True
USDJPY,none,trail,2023-10-31 08:35:00-04:00,0.600980000000023,L,2023,True
USDJPY,w1_dow_strict,trail,2023-10-31 08:35:00-04:00,0.600980000000023,L,2023,True
USDCHF,d1_adx_lt25,trail,2023-10-31 11:12:00-04:00,-0.4017009500000049,L,2023,True
USDCHF,none,trail,2023-10-31 11:12:00-04:00,-0.4017009500000049,L,2023,True
USDCHF,h4_ma_nocounter,trail,2023-10-31 11:12:00-04:00,-0.4017009500000049,L,2023,True
USDCHF,h4_ma_nocounter,fixed,2023-10-31 11:12:00-04:00,-1.0619467499999957,L,2023,True
USDCHF,w1_dow_nocounter,trail,2023-10-31 11:12:00-04:00,-0.4017009500000049,L,2023,True
USDCHF,w1_dow_nocounter,fixed,2023-10-31 11:12:00-04:00,-1.0619467499999957,L,2023,True
USDCHF,d1_adx_lt25,fixed,2023-10-31 11:12:00-04:00,-1.0619467499999957,L,2023,True
USDCHF,none,fixed,2023-10-31 11:12:00-04:00,-1.0619467499999957,L,2023,True
EURUSD,d1_adx_lt25,fixed,2023-11-01 09:31:00-04:00,-1.0122858000000206,S,2023,True
EURUSD,d1_adx_lt25,trail,2023-11-01 09:31:00-04:00,-1.0122858000000206,S,2023,True
EURUSD,w1_dow_nocounter,fixed,2023-11-01 09:31:00-04:00,-1.0122858000000206,S,2023,True
EURUSD,w1_dow_nocounter,trail,2023-11-01 09:31:00-04:00,-1.0122858000000206,S,2023,True
EURUSD,none,trail,2023-11-01 09:31:00-04:00,-1.0122858000000206,S,2023,True
EURUSD,h4_ma_nocounter,fixed,2023-11-01 09:31:00-04:00,-1.0122858000000206,S,2023,True
EURUSD,none,fixed,2023-11-01 09:31:00-04:00,-1.0122858000000206,S,2023,True
EURUSD,h4_ma_nocounter,trail,2023-11-01 09:31:00-04:00,-1.0122858000000206,S,2023,True
AUDUSD,w1_dow_nocounter,trail,2023-11-01 15:25:00-04:00,0.42562375000002406,L,2023,True
AUDUSD,h4_ma_nocounter,trail,2023-11-01 15:25:00-04:00,0.42562375000002406,L,2023,True
AUDUSD,d1_roc20,trail,2023-11-01 15:25:00-04:00,0.42562375000002406,L,2023,True
AUDUSD,w1_dow_nocounter,fixed,2023-11-01 15:25:00-04:00,1.6488846000000077,L,2023,True
AUDUSD,none,fixed,2023-11-01 15:25:00-04:00,1.6488846000000077,L,2023,True
AUDUSD,d1roc_h4ma,trail,2023-11-01 15:25:00-04:00,0.42562375000002406,L,2023,True
AUDUSD,d1_adx_lt25,fixed,2023-11-01 15:25:00-04:00,1.6488846000000077,L,2023,True
AUDUSD,d1_roc20,fixed,2023-11-01 15:25:00-04:00,1.6488846000000077,L,2023,True
AUDUSD,d1_adx_lt25,trail,2023-11-01 15:25:00-04:00,0.42562375000002406,L,2023,True
AUDUSD,h4_ma_nocounter,fixed,2023-11-01 15:25:00-04:00,1.6488846000000077,L,2023,True
AUDUSD,none,trail,2023-11-01 15:25:00-04:00,0.42562375000002406,L,2023,True
AUDUSD,d1roc_h4ma,fixed,2023-11-01 15:25:00-04:00,1.6488846000000077,L,2023,True
EURUSD,none,fixed,2023-11-03 08:31:00-04:00,1.6576072999999965,L,2023,True
EURUSD,d1roc_h4ma,fixed,2023-11-03 08:31:00-04:00,1.6576072999999965,L,2023,True
EURUSD,w1_dow_nocounter,trail,2023-11-03 08:31:00-04:00,0.6274442500000037,L,2023,True
EURUSD,h4_ma_nocounter,trail,2023-11-03 08:31:00-04:00,0.6274442500000037,L,2023,True
EURUSD,d1_roc20,trail,2023-11-03 08:31:00-04:00,0.6274442500000037,L,2023,True
EURUSD,d1_adx_lt25,fixed,2023-11-03 08:31:00-04:00,1.6576072999999965,L,2023,True
EURUSD,none,trail,2023-11-03 08:31:00-04:00,0.6274442500000037,L,2023,True
EURUSD,h4_ma_aligned,fixed,2023-11-03 08:31:00-04:00,1.6576072999999965,L,2023,True
EURUSD,d1_roc20,fixed,2023-11-03 08:31:00-04:00,1.6576072999999965,L,2023,True
EURUSD,d1_adx_lt25,trail,2023-11-03 08:31:00-04:00,0.6274442500000037,L,2023,True
EURUSD,h4_ma_nocounter,fixed,2023-11-03 08:31:00-04:00,1.6576072999999965,L,2023,True
EURUSD,w1_dow_nocounter,fixed,2023-11-03 08:31:00-04:00,1.6576072999999965,L,2023,True
EURUSD,d1roc_h4ma,trail,2023-11-03 08:31:00-04:00,0.6274442500000037,L,2023,True
EURUSD,h4_ma_aligned,trail,2023-11-03 08:31:00-04:00,0.6274442500000037,L,2023,True
GBPUSD,d1_adx_lt25,fixed,2023-11-03 08:41:00-04:00,1.6426568499999845,L,2023,True
GBPUSD,h4_ma_nocounter,fixed,2023-11-03 08:41:00-04:00,1.6426568499999845,L,2023,True
GBPUSD,none,trail,2023-11-03 08:41:00-04:00,1.4191881499999925,L,2023,True
GBPUSD,h4_ma_nocounter,trail,2023-11-03 08:41:00-04:00,1.4191881499999925,L,2023,True
GBPUSD,d1_roc20,trail,2023-11-03 08:41:00-04:00,1.4191881499999925,L,2023,True
GBPUSD,d1_roc20,fixed,2023-11-03 08:41:00-04:00,1.6426568499999845,L,2023,True
GBPUSD,d1_adx_lt25,trail,2023-11-03 08:41:00-04:00,1.4191881499999925,L,2023,True
GBPUSD,none,fixed,2023-11-03 08:41:00-04:00,1.6426568499999845,L,2023,True
GBPUSD,d1roc_h4ma,fixed,2023-11-03 08:41:00-04:00,1.6426568499999845,L,2023,True
GBPUSD,d1roc_h4ma,trail,2023-11-03 08:41:00-04:00,1.4191881499999925,L,2023,True
GBPUSD,w1_dow_nocounter,trail,2023-11-03 08:41:00-04:00,1.4191881499999925,L,2023,True
GBPUSD,w1_dow_nocounter,fixed,2023-11-03 08:41:00-04:00,1.6426568499999845,L,2023,True
USDJPY,none,fixed,2023-11-12 23:44:00-05:00,-1.0124349999999787,L,2023,True
USDJPY,d1_adx_lt25,trail,2023-11-12 23:44:00-05:00,-0.9093099999999303,L,2023,True
USDJPY,d1roc_h4ma,trail,2023-11-12 23:44:00-05:00,-0.9093099999999303,L,2023,True
USDJPY,w1_dow_strict,fixed,2023-11-12 23:44:00-05:00,-1.0124349999999787,L,2023,True
USDJPY,h4_ma_aligned,trail,2023-11-12 23:44:00-05:00,-0.9093099999999303,L,2023,True
USDJPY,d1_roc20,fixed,2023-11-12 23:44:00-05:00,-1.0124349999999787,L,2023,True
USDJPY,h4_ma_nocounter,fixed,2023-11-12 23:44:00-05:00,-1.0124349999999787,L,2023,True
USDJPY,h4_ma_aligned,fixed,2023-11-12 23:44:00-05:00,-1.0124349999999787,L,2023,True
USDJPY,d1roc_h4ma,fixed,2023-11-12 23:44:00-05:00,-1.0124349999999787,L,2023,True
USDJPY,w1_dow_nocounter,fixed,2023-11-12 23:44:00-05:00,-1.0124349999999787,L,2023,True
USDJPY,h4_ma_nocounter,trail,2023-11-12 23:44:00-05:00,-0.9093099999999303,L,2023,True
USDJPY,d1_adx_lt25,fixed,2023-11-12 23:44:00-05:00,-1.0124349999999787,L,2023,True
USDJPY,none,trail,2023-11-12 23:44:00-05:00,-0.9093099999999303,L,2023,True
USDJPY,w1_dow_nocounter,trail,2023-11-12 23:44:00-05:00,-0.9093099999999303,L,2023,True
USDJPY,d1_roc20,trail,2023-11-12 23:44:00-05:00,-0.9093099999999303,L,2023,True
USDJPY,w1_dow_strict,trail,2023-11-12 23:44:00-05:00,-0.9093099999999303,L,2023,True
EURUSD,h4_ma_nocounter,trail,2023-11-14 08:30:00-05:00,3.6594387000000137,L,2023,True
EURUSD,d1_adx_ge20,trail,2023-11-14 08:30:00-05:00,3.6594387000000137,L,2023,True
EURUSD,w1_dow_nocounter,trail,2023-11-14 08:30:00-05:00,3.6594387000000137,L,2023,True
EURUSD,h4_ma_aligned,trail,2023-11-14 08:30:00-05:00,3.6594387000000137,L,2023,True
EURUSD,d1_adx_ge20,fixed,2023-11-14 08:30:00-05:00,1.6493875500000033,L,2023,True
EURUSD,d1roc_h4ma,trail,2023-11-14 08:30:00-05:00,3.6594387000000137,L,2023,True
EURUSD,none,trail,2023-11-14 08:30:00-05:00,3.6594387000000137,L,2023,True
EURUSD,d1_adx_lt25,trail,2023-11-14 08:30:00-05:00,3.6594387000000137,L,2023,True
EURUSD,d1_roc20,trail,2023-11-14 08:30:00-05:00,3.6594387000000137,L,2023,True
USDCHF,w1_dow_nocounter,fixed,2023-11-14 08:36:00-05:00,1.5984120000000195,S,2023,True
USDCHF,none,trail,2023-11-14 08:36:00-05:00,2.387095249999991,S,2023,True
USDCHF,none,fixed,2023-11-14 08:36:00-05:00,1.5984120000000195,S,2023,True
USDCHF,d1_adx_lt25,trail,2023-11-14 08:36:00-05:00,2.387095249999991,S,2023,True
USDCHF,w1_dow_nocounter,trail,2023-11-14 08:36:00-05:00,2.387095249999991,S,2023,True
USDCHF,d1_adx_lt25,fixed,2023-11-14 08:36:00-05:00,1.5984120000000195,S,2023,True
GBPUSD,none,fixed,2023-11-14 09:15:00-05:00,1.6411424500000011,L,2023,True
GBPUSD,d1roc_h4ma,fixed,2023-11-14 09:15:00-05:00,1.6411424500000011,L,2023,True
GBPUSD,h4_ma_nocounter,fixed,2023-11-14 09:15:00-05:00,1.6411424500000011,L,2023,True
GBPUSD,w1_dow_nocounter,trail,2023-11-14 09:15:00-05:00,0.8902802000000116,L,2023,True
GBPUSD,w1_dow_nocounter,fixed,2023-11-14 09:15:00-05:00,1.6411424500000011,L,2023,True
GBPUSD,d1_roc20,fixed,2023-11-14 09:15:00-05:00,1.6411424500000011,L,2023,True
GBPUSD,d1_adx_lt25,trail,2023-11-14 09:15:00-05:00,0.8902802000000116,L,2023,True
GBPUSD,d1_roc20,trail,2023-11-14 09:15:00-05:00,0.8902802000000116,L,2023,True
GBPUSD,d1_adx_lt25,fixed,2023-11-14 09:15:00-05:00,1.6411424500000011,L,2023,True
GBPUSD,none,trail,2023-11-14 09:15:00-05:00,0.8902802000000116,L,2023,True
GBPUSD,h4_ma_nocounter,trail,2023-11-14 09:15:00-05:00,0.8902802000000116,L,2023,True
GBPUSD,d1roc_h4ma,trail,2023-11-14 09:15:00-05:00,0.8902802000000116,L,2023,True
AUDUSD,d1_adx_lt25,trail,2023-11-15 06:46:00-05:00,-1.0194848500000067,L,2023,True
AUDUSD,h4_ma_nocounter,trail,2023-11-15 06:46:00-05:00,-1.0194848500000067,L,2023,True
AUDUSD,none,fixed,2023-11-15 06:46:00-05:00,-1.0221093499999947,L,2023,True
AUDUSD,d1roc_h4ma,trail,2023-11-15 06:46:00-05:00,-1.0194848500000067,L,2023,True
AUDUSD,w1_dow_nocounter,fixed,2023-11-15 06:46:00-05:00,-1.0221093499999947,L,2023,True
AUDUSD,d1_roc20,trail,2023-11-15 06:46:00-05:00,-1.0194848500000067,L,2023,True
AUDUSD,none,trail,2023-11-15 06:46:00-05:00,-1.0194848500000067,L,2023,True
AUDUSD,w1_dow_nocounter,trail,2023-11-15 06:46:00-05:00,-1.0194848500000067,L,2023,True
AUDUSD,d1_roc20,fixed,2023-11-15 06:46:00-05:00,-1.0221093499999947,L,2023,True
AUDUSD,d1roc_h4ma,fixed,2023-11-15 06:46:00-05:00,-1.0221093499999947,L,2023,True
AUDUSD,h4_ma_nocounter,fixed,2023-11-15 06:46:00-05:00,-1.0221093499999947,L,2023,True
AUDUSD,d1_adx_lt25,fixed,2023-11-15 06:46:00-05:00,-1.0221093499999947,L,2023,True
USDJPY,none,fixed,2023-11-17 08:14:00-05:00,-1.004880000000024,S,2023,True
USDJPY,h4_ma_nocounter,trail,2023-11-17 08:14:00-05:00,-0.9946250000000166,S,2023,True
USDJPY,h4_ma_nocounter,fixed,2023-11-17 08:14:00-05:00,-1.004880000000024,S,2023,True
USDJPY,none,trail,2023-11-17 08:14:00-05:00,-0.9946250000000166,S,2023,True
USDJPY,d1_adx_lt25,fixed,2023-11-17 08:14:00-05:00,-1.004880000000024,S,2023,True
USDJPY,d1_adx_lt25,trail,2023-11-17 08:14:00-05:00,-0.9946250000000166,S,2023,True
GBPUSD,d1_adx_ge20,fixed,2023-11-20 04:59:00-05:00,-1.0268036000000014,L,2023,True
GBPUSD,d1_adx_lt25,trail,2023-11-20 04:59:00-05:00,0.26810889999998144,L,2023,True
GBPUSD,h4_ma_aligned,trail,2023-11-20 04:59:00-05:00,0.26810889999998144,L,2023,True
GBPUSD,w1_dow_nocounter,trail,2023-11-20 04:59:00-05:00,0.26810889999998144,L,2023,True
GBPUSD,d1roc_h4ma,trail,2023-11-20 04:59:00-05:00,0.26810889999998144,L,2023,True
GBPUSD,d1_adx_ge20,trail,2023-11-20 04:59:00-05:00,0.26810889999998144,L,2023,True
GBPUSD,h4_ma_aligned,fixed,2023-11-20 04:59:00-05:00,-1.0268036000000014,L,2023,True
GBPUSD,d1_roc20,trail,2023-11-20 04:59:00-05:00,0.26810889999998144,L,2023,True
GBPUSD,none,trail,2023-11-20 04:59:00-05:00,0.26810889999998144,L,2023,True
GBPUSD,h4_ma_nocounter,trail,2023-11-20 04:59:00-05:00,0.26810889999998144,L,2023,True
EURUSD,d1_adx_ge20,fixed,2023-11-28 08:43:00-05:00,1.648304400000011,L,2023,True
EURUSD,h4_ma_nocounter,trail,2023-11-28 08:43:00-05:00,-0.19725420000000368,L,2023,True
EURUSD,none,fixed,2023-11-28 08:43:00-05:00,1.648304400000011,L,2023,True
EURUSD,h4_ma_nocounter,fixed,2023-11-28 08:43:00-05:00,1.648304400000011,L,2023,True
EURUSD,d1roc_h4ma,trail,2023-11-28 08:43:00-05:00,-0.19725420000000368,L,2023,True
EURUSD,d1_roc20,trail,2023-11-28 08:43:00-05:00,-0.19725420000000368,L,2023,True
EURUSD,w1_dow_nocounter,fixed,2023-11-28 08:43:00-05:00,1.648304400000011,L,2023,True
EURUSD,h4_ma_aligned,trail,2023-11-28 08:43:00-05:00,-0.19725420000000368,L,2023,True
EURUSD,d1_roc20,fixed,2023-11-28 08:43:00-05:00,1.648304400000011,L,2023,True
EURUSD,d1roc_h4ma,fixed,2023-11-28 08:43:00-05:00,1.648304400000011,L,2023,True
EURUSD,none,trail,2023-11-28 08:43:00-05:00,-0.19725420000000368,L,2023,True
EURUSD,d1_adx_ge20,trail,2023-11-28 08:43:00-05:00,-0.19725420000000368,L,2023,True
EURUSD,w1_dow_nocounter,trail,2023-11-28 08:43:00-05:00,-0.19725420000000368,L,2023,True
EURUSD,h4_ma_aligned,fixed,2023-11-28 08:43:00-05:00,1.648304400000011,L,2023,True
USDJPY,h4_ma_nocounter,fixed,2023-11-28 18:14:00-05:00,-1.0034600000000193,S,2023,True
USDJPY,d1_adx_lt25,fixed,2023-11-28 18:14:00-05:00,-1.0034600000000193,S,2023,True
USDJPY,h4_ma_aligned,fixed,2023-11-28 18:14:00-05:00,-1.0034600000000193,S,2023,True
USDJPY,d1_roc20,fixed,2023-11-28 18:14:00-05:00,-1.0034600000000193,S,2023,True
USDJPY,d1_adx_lt25,trail,2023-11-28 18:14:00-05:00,-0.981444999999988,S,2023,True
USDJPY,d1roc_h4ma,trail,2023-11-28 18:14:00-05:00,-0.981444999999988,S,2023,True
USDJPY,none,trail,2023-11-28 18:14:00-05:00,-0.981444999999988,S,2023,True
USDJPY,d1roc_h4ma,fixed,2023-11-28 18:14:00-05:00,-1.0034600000000193,S,2023,True
USDJPY,h4_ma_nocounter,trail,2023-11-28 18:14:00-05:00,-0.981444999999988,S,2023,True
USDJPY,h4_ma_aligned,trail,2023-11-28 18:14:00-05:00,-0.981444999999988,S,2023,True
USDJPY,d1_roc20,trail,2023-11-28 18:14:00-05:00,-0.981444999999988,S,2023,True
USDJPY,none,fixed,2023-11-28 18:14:00-05:00,-1.0034600000000193,S,2023,True
EURUSD,w1_dow_nocounter,fixed,2023-12-01 09:44:00-05:00,-1.0125466999999762,S,2023,True
EURUSD,d1_adx_ge20,trail,2023-12-01 09:44:00-05:00,-1.012527599999992,S,2023,True
EURUSD,none,trail,2023-12-01 09:44:00-05:00,-1.012527599999992,S,2023,True
EURUSD,none,fixed,2023-12-01 09:44:00-05:00,-1.0125466999999762,S,2023,True
EURUSD,d1_adx_ge20,fixed,2023-12-01 09:44:00-05:00,-1.0125466999999762,S,2023,True
EURUSD,w1_dow_nocounter,trail,2023-12-01 09:44:00-05:00,-1.012527599999992,S,2023,True
USDJPY,none,fixed,2023-12-07 01:39:00-05:00,1.6554350000000408,S,2023,True
USDJPY,d1_roc20,fixed,2023-12-07 01:39:00-05:00,1.6554350000000408,S,2023,True
USDJPY,d1_adx_lt25,trail,2023-12-07 01:39:00-05:00,2.967410000000009,S,2023,True
USDJPY,h4_ma_nocounter,trail,2023-12-07 01:39:00-05:00,2.967410000000009,S,2023,True
USDJPY,h4_ma_aligned,trail,2023-12-07 01:39:00-05:00,2.967410000000009,S,2023,True
USDJPY,h4_ma_nocounter,fixed,2023-12-07 01:39:00-05:00,1.6554350000000408,S,2023,True
USDJPY,d1_adx_ge20,trail,2023-12-07 01:39:00-05:00,2.967410000000009,S,2023,True
USDJPY,d1_roc20,trail,2023-12-07 01:39:00-05:00,2.967410000000009,S,2023,True
USDJPY,d1_adx_lt25,fixed,2023-12-07 01:39:00-05:00,1.6554350000000408,S,2023,True
USDJPY,h4_ma_aligned,fixed,2023-12-07 01:39:00-05:00,1.6554350000000408,S,2023,True
USDJPY,d1roc_h4ma,trail,2023-12-07 01:39:00-05:00,2.967410000000009,S,2023,True
USDJPY,d1roc_h4ma,fixed,2023-12-07 01:39:00-05:00,1.6554350000000408,S,2023,True
USDJPY,none,trail,2023-12-07 01:39:00-05:00,2.967410000000009,S,2023,True
USDJPY,d1_adx_ge20,fixed,2023-12-07 01:39:00-05:00,1.6554350000000408,S,2023,True
GBPUSD,h4_ma_nocounter,trail,2023-12-13 13:06:00-05:00,-1.0245174000000254,S,2023,True
GBPUSD,d1_adx_ge20,fixed,2023-12-13 13:06:00-05:00,-1.0245174000000254,S,2023,True
GBPUSD,h4_ma_nocounter,fixed,2023-12-13 13:06:00-05:00,-1.0245174000000254,S,2023,True
GBPUSD,none,fixed,2023-12-13 13:06:00-05:00,-1.0245174000000254,S,2023,True
GBPUSD,none,trail,2023-12-13 13:06:00-05:00,-1.0245174000000254,S,2023,True
GBPUSD,d1_adx_ge20,trail,2023-12-13 13:06:00-05:00,-1.0245174000000254,S,2023,True
GBPUSD,w1_dow_nocounter,trail,2023-12-13 13:06:00-05:00,-1.0245174000000254,S,2023,True
GBPUSD,d1_adx_lt25,trail,2023-12-13 13:06:00-05:00,-1.0245174000000254,S,2023,True
GBPUSD,w1_dow_nocounter,fixed,2023-12-13 13:06:00-05:00,-1.0245174000000254,S,2023,True
GBPUSD,d1_adx_lt25,fixed,2023-12-13 13:06:00-05:00,-1.0245174000000254,S,2023,True
AUDUSD,d1_adx_lt25,trail,2023-12-13 19:52:00-05:00,0.05412075000000149,L,2023,True
AUDUSD,d1_adx_lt25,fixed,2023-12-13 19:52:00-05:00,1.6480329999999825,L,2023,True
AUDUSD,none,fixed,2023-12-13 19:52:00-05:00,1.6480329999999825,L,2023,True
AUDUSD,d1_adx_ge20,fixed,2023-12-13 19:52:00-05:00,1.6480329999999825,L,2023,True
AUDUSD,h4_ma_nocounter,trail,2023-12-13 19:52:00-05:00,0.05412075000000149,L,2023,True
AUDUSD,w1_dow_nocounter,trail,2023-12-13 19:52:00-05:00,0.05412075000000149,L,2023,True
AUDUSD,d1_roc20,trail,2023-12-13 19:52:00-05:00,0.05412075000000149,L,2023,True
AUDUSD,none,trail,2023-12-13 19:52:00-05:00,0.05412075000000149,L,2023,True
AUDUSD,d1_roc20,fixed,2023-12-13 19:52:00-05:00,1.6480329999999825,L,2023,True
AUDUSD,d1_adx_ge20,trail,2023-12-13 19:52:00-05:00,0.05412075000000149,L,2023,True
AUDUSD,d1roc_h4ma,trail,2023-12-13 19:52:00-05:00,0.05412075000000149,L,2023,True
AUDUSD,h4_ma_nocounter,fixed,2023-12-13 19:52:00-05:00,1.6480329999999825,L,2023,True
AUDUSD,d1roc_h4ma,fixed,2023-12-13 19:52:00-05:00,1.6480329999999825,L,2023,True
AUDUSD,w1_dow_nocounter,fixed,2023-12-13 19:52:00-05:00,1.6480329999999825,L,2023,True
USDJPY,d1_roc20,trail,2023-12-13 22:29:00-05:00,-0.559949999999986,S,2023,True
USDJPY,h4_ma_aligned,trail,2023-12-13 22:29:00-05:00,-0.559949999999986,S,2023,True
USDJPY,d1_roc20,fixed,2023-12-13 22:29:00-05:00,-1.0005049999999793,S,2023,True
USDJPY,none,trail,2023-12-13 22:29:00-05:00,-0.559949999999986,S,2023,True
USDJPY,d1_adx_ge20,fixed,2023-12-13 22:29:00-05:00,-1.0005049999999793,S,2023,True
USDJPY,d1roc_h4ma,fixed,2023-12-13 22:29:00-05:00,-1.0005049999999793,S,2023,True
USDJPY,h4_ma_nocounter,fixed,2023-12-13 22:29:00-05:00,-1.0005049999999793,S,2023,True
USDJPY,h4_ma_aligned,fixed,2023-12-13 22:29:00-05:00,-1.0005049999999793,S,2023,True
USDJPY,h4_ma_nocounter,trail,2023-12-13 22:29:00-05:00,-0.559949999999986,S,2023,True
USDJPY,d1_adx_ge20,trail,2023-12-13 22:29:00-05:00,-0.559949999999986,S,2023,True
USDJPY,d1roc_h4ma,trail,2023-12-13 22:29:00-05:00,-0.559949999999986,S,2023,True
USDJPY,none,fixed,2023-12-13 22:29:00-05:00,-1.0005049999999793,S,2023,True
USDCHF,d1_roc20,trail,2023-12-13 22:43:00-05:00,-1.0413278500000176,S,2023,True
USDCHF,w1_dow_nocounter,trail,2023-12-13 22:43:00-05:00,-1.0413278500000176,S,2023,True
USDCHF,d1roc_h4ma,trail,2023-12-13 22:43:00-05:00,-1.0413278500000176,S,2023,True
USDCHF,h4_ma_nocounter,trail,2023-12-13 22:43:00-05:00,-1.0413278500000176,S,2023,True
USDCHF,d1_adx_ge20,trail,2023-12-13 22:43:00-05:00,-1.0413278500000176,S,2023,True
USDCHF,none,fixed,2023-12-13 22:43:00-05:00,-1.0413278500000176,S,2023,True
USDCHF,d1_roc20,fixed,2023-12-13 22:43:00-05:00,-1.0413278500000176,S,2023,True
USDCHF,h4_ma_nocounter,fixed,2023-12-13 22:43:00-05:00,-1.0413278500000176,S,2023,True
USDCHF,none,trail,2023-12-13 22:43:00-05:00,-1.0413278500000176,S,2023,True
USDCHF,d1roc_h4ma,fixed,2023-12-13 22:43:00-05:00,-1.0413278500000176,S,2023,True
USDCHF,d1_adx_ge20,fixed,2023-12-13 22:43:00-05:00,-1.0413278500000176,S,2023,True
USDCHF,w1_dow_nocounter,fixed,2023-12-13 22:43:00-05:00,-1.0413278500000176,S,2023,True
GBPUSD,d1_adx_lt25,fixed,2023-12-14 09:01:00-05:00,-1.0184397500000093,L,2023,True
GBPUSD,none,fixed,2023-12-14 09:01:00-05:00,-1.0184397500000093,L,2023,True
GBPUSD,h4_ma_nocounter,trail,2023-12-14 09:01:00-05:00,0.18517664999998384,L,2023,True
GBPUSD,d1roc_h4ma,fixed,2023-12-14 09:01:00-05:00,-1.0184397500000093,L,2023,True
GBPUSD,d1_adx_ge20,fixed,2023-12-14 09:01:00-05:00,-1.0184397500000093,L,2023,True
GBPUSD,d1_adx_ge20,trail,2023-12-14 09:01:00-05:00,0.18517664999998384,L,2023,True
GBPUSD,w1_dow_nocounter,trail,2023-12-14 09:01:00-05:00,0.18517664999998384,L,2023,True
GBPUSD,d1roc_h4ma,trail,2023-12-14 09:01:00-05:00,0.18517664999998384,L,2023,True
GBPUSD,d1_roc20,trail,2023-12-14 09:01:00-05:00,0.18517664999998384,L,2023,True
GBPUSD,d1_roc20,fixed,2023-12-14 09:01:00-05:00,-1.0184397500000093,L,2023,True
GBPUSD,none,trail,2023-12-14 09:01:00-05:00,0.18517664999998384,L,2023,True
GBPUSD,w1_dow_nocounter,fixed,2023-12-14 09:01:00-05:00,-1.0184397500000093,L,2023,True
GBPUSD,d1_adx_lt25,trail,2023-12-14 09:01:00-05:00,0.18517664999998384,L,2023,True
GBPUSD,h4_ma_nocounter,fixed,2023-12-14 09:01:00-05:00,-1.0184397500000093,L,2023,True
EURUSD,w1_dow_nocounter,fixed,2023-12-21 16:41:00-05:00,1.6566978500000078,L,2023,True
EURUSD,d1_roc20,trail,2023-12-21 16:41:00-05:00,-0.24869869999996846,L,2023,True
EURUSD,h4_ma_nocounter,fixed,2023-12-21 16:41:00-05:00,1.6566978500000078,L,2023,True
EURUSD,d1_roc20,fixed,2023-12-21 16:41:00-05:00,1.6566978500000078,L,2023,True
EURUSD,none,trail,2023-12-21 16:41:00-05:00,-0.24869869999996846,L,2023,True
EURUSD,d1roc_h4ma,trail,2023-12-21 16:41:00-05:00,-0.24869869999996846,L,2023,True
EURUSD,d1_adx_ge20,fixed,2023-12-21 16:41:00-05:00,1.6566978500000078,L,2023,True
EURUSD,none,fixed,2023-12-21 16:41:00-05:00,1.6566978500000078,L,2023,True
EURUSD,h4_ma_aligned,fixed,2023-12-21 16:41:00-05:00,1.6566978500000078,L,2023,True
EURUSD,d1_adx_ge20,trail,2023-12-21 16:41:00-05:00,-0.24869869999996846,L,2023,True
EURUSD,h4_ma_nocounter,trail,2023-12-21 16:41:00-05:00,-0.24869869999996846,L,2023,True
EURUSD,w1_dow_nocounter,trail,2023-12-21 16:41:00-05:00,-0.24869869999996846,L,2023,True
EURUSD,h4_ma_aligned,trail,2023-12-21 16:41:00-05:00,-0.24869869999996846,L,2023,True
EURUSD,d1roc_h4ma,fixed,2023-12-21 16:41:00-05:00,1.6566978500000078,L,2023,True
GBPUSD,d1roc_h4ma,trail,2023-12-27 11:05:00-05:00,-1.031884100000014,L,2023,True
GBPUSD,h4_ma_nocounter,fixed,2023-12-27 11:05:00-05:00,-1.031884100000014,L,2023,True
GBPUSD,none,fixed,2023-12-27 11:05:00-05:00,-1.031884100000014,L,2023,True
GBPUSD,d1_roc20,fixed,2023-12-27 11:05:00-05:00,-1.031884100000014,L,2023,True
GBPUSD,h4_ma_aligned,trail,2023-12-27 11:05:00-05:00,-1.031884100000014,L,2023,True
GBPUSD,w1_dow_nocounter,fixed,2023-12-27 11:05:00-05:00,-1.031884100000014,L,2023,True
GBPUSD,h4_ma_aligned,fixed,2023-12-27 11:05:00-05:00,-1.031884100000014,L,2023,True
GBPUSD,none,trail,2023-12-27 11:05:00-05:00,-1.031884100000014,L,2023,True
GBPUSD,d1_adx_ge20,fixed,2023-12-27 11:05:00-05:00,-1.031884100000014,L,2023,True
GBPUSD,d1_roc20,trail,2023-12-27 11:05:00-05:00,-1.031884100000014,L,2023,True
GBPUSD,w1_dow_nocounter,trail,2023-12-27 11:05:00-05:00,-1.031884100000014,L,2023,True
GBPUSD,h4_ma_nocounter,trail,2023-12-27 11:05:00-05:00,-1.031884100000014,L,2023,True
GBPUSD,d1_adx_ge20,trail,2023-12-27 11:05:00-05:00,-1.031884100000014,L,2023,True
GBPUSD,d1roc_h4ma,fixed,2023-12-27 11:05:00-05:00,-1.031884100000014,L,2023,True
USDJPY,d1_roc20,trail,2023-12-27 11:24:00-05:00,0.5379249999999564,S,2023,True
USDJPY,none,fixed,2023-12-27 11:24:00-05:00,1.657320000000008,S,2023,True
USDJPY,h4_ma_nocounter,trail,2023-12-27 11:24:00-05:00,0.5379249999999564,S,2023,True
USDJPY,d1_adx_ge20,fixed,2023-12-27 11:24:00-05:00,1.657320000000008,S,2023,True
USDJPY,h4_ma_nocounter,fixed,2023-12-27 11:24:00-05:00,1.657320000000008,S,2023,True
USDJPY,none,trail,2023-12-27 11:24:00-05:00,0.5379249999999564,S,2023,True
USDJPY,d1_roc20,fixed,2023-12-27 11:24:00-05:00,1.657320000000008,S,2023,True
USDJPY,d1_adx_ge20,trail,2023-12-27 11:24:00-05:00,0.5379249999999564,S,2023,True
USDJPY,d1roc_h4ma,fixed,2023-12-27 11:24:00-05:00,1.657320000000008,S,2023,True
USDJPY,h4_ma_aligned,trail,2023-12-27 11:24:00-05:00,0.5379249999999564,S,2023,True
USDJPY,h4_ma_aligned,fixed,2023-12-27 11:24:00-05:00,1.657320000000008,S,2023,True
USDJPY,d1roc_h4ma,trail,2023-12-27 11:24:00-05:00,0.5379249999999564,S,2023,True
GBPUSD,none,trail,2024-01-02 11:40:00-05:00,-0.6480929500000028,S,2024,False
GBPUSD,d1_adx_ge20,fixed,2024-01-02 11:40:00-05:00,-1.0200232499999722,S,2024,False
GBPUSD,w1_dow_nocounter,fixed,2024-01-02 11:40:00-05:00,-1.0200232499999722,S,2024,False
GBPUSD,d1_adx_ge20,trail,2024-01-02 11:40:00-05:00,-0.6480929500000028,S,2024,False
GBPUSD,w1_dow_nocounter,trail,2024-01-02 11:40:00-05:00,-0.6480929500000028,S,2024,False
GBPUSD,none,fixed,2024-01-02 11:40:00-05:00,-1.0200232499999722,S,2024,False
USDJPY,w1_dow_strict,fixed,2024-01-05 01:19:00-05:00,-1.0039299999999793,L,2024,False
USDJPY,w1_dow_nocounter,trail,2024-01-05 01:19:00-05:00,-1.0039299999999793,L,2024,False
USDJPY,d1_adx_ge20,fixed,2024-01-05 01:19:00-05:00,-1.0039299999999793,L,2024,False
USDJPY,w1_dow_nocounter,fixed,2024-01-05 01:19:00-05:00,-1.0039299999999793,L,2024,False
USDJPY,d1_adx_ge20,trail,2024-01-05 01:19:00-05:00,-1.0039299999999793,L,2024,False
USDJPY,h4_ma_nocounter,fixed,2024-01-05 01:19:00-05:00,-1.0039299999999793,L,2024,False
USDJPY,w1_dow_strict,trail,2024-01-05 01:19:00-05:00,-1.0039299999999793,L,2024,False
USDJPY,none,trail,2024-01-05 01:19:00-05:00,-1.0039299999999793,L,2024,False
USDJPY,none,fixed,2024-01-05 01:19:00-05:00,-1.0039299999999793,L,2024,False
USDJPY,h4_ma_nocounter,trail,2024-01-05 01:19:00-05:00,-1.0039299999999793,L,2024,False
GBPUSD,h4_ma_nocounter,trail,2024-01-11 01:32:00-05:00,-1.0326330500000171,L,2024,False
GBPUSD,d1roc_h4ma,fixed,2024-01-11 01:32:00-05:00,-1.032721250000001,L,2024,False
GBPUSD,none,trail,2024-01-11 01:32:00-05:00,-1.0326330500000171,L,2024,False
GBPUSD,d1_roc20,trail,2024-01-11 01:32:00-05:00,-1.0326330500000171,L,2024,False
GBPUSD,d1_adx_ge20,trail,2024-01-11 01:32:00-05:00,-1.0326330500000171,L,2024,False
GBPUSD,h4_ma_aligned,trail,2024-01-11 01:32:00-05:00,-1.0326330500000171,L,2024,False
GBPUSD,d1_roc20,fixed,2024-01-11 01:32:00-05:00,-1.032721250000001,L,2024,False
GBPUSD,d1_adx_ge20,fixed,2024-01-11 01:32:00-05:00,-1.032721250000001,L,2024,False
GBPUSD,h4_ma_nocounter,fixed,2024-01-11 01:32:00-05:00,-1.032721250000001,L,2024,False
GBPUSD,w1_dow_nocounter,fixed,2024-01-11 01:32:00-05:00,-1.032721250000001,L,2024,False
GBPUSD,w1_dow_nocounter,trail,2024-01-11 01:32:00-05:00,-1.0326330500000171,L,2024,False
GBPUSD,d1roc_h4ma,trail,2024-01-11 01:32:00-05:00,-1.0326330500000171,L,2024,False
GBPUSD,h4_ma_aligned,fixed,2024-01-11 01:32:00-05:00,-1.032721250000001,L,2024,False
GBPUSD,none,fixed,2024-01-11 01:32:00-05:00,-1.032721250000001,L,2024,False
USDJPY,w1_dow_nocounter,fixed,2024-01-11 08:31:00-05:00,-1.0036900000000102,L,2024,False
USDJPY,d1roc_h4ma,trail,2024-01-11 08:31:00-05:00,-0.9789550000000162,L,2024,False
USDJPY,h4_ma_aligned,fixed,2024-01-11 08:31:00-05:00,-1.0036900000000102,L,2024,False
USDJPY,none,trail,2024-01-11 08:31:00-05:00,-0.9789550000000162,L,2024,False
USDJPY,h4_ma_aligned,trail,2024-01-11 08:31:00-05:00,-0.9789550000000162,L,2024,False
USDJPY,h4_ma_nocounter,fixed,2024-01-11 08:31:00-05:00,-1.0036900000000102,L,2024,False
USDJPY,w1_dow_nocounter,trail,2024-01-11 08:31:00-05:00,-0.9789550000000162,L,2024,False
USDJPY,d1roc_h4ma,fixed,2024-01-11 08:31:00-05:00,-1.0036900000000102,L,2024,False
USDJPY,h4_ma_nocounter,trail,2024-01-11 08:31:00-05:00,-0.9789550000000162,L,2024,False
USDJPY,d1_adx_ge20,trail,2024-01-11 08:31:00-05:00,-0.9789550000000162,L,2024,False
USDJPY,d1_roc20,fixed,2024-01-11 08:31:00-05:00,-1.0036900000000102,L,2024,False
USDJPY,d1_roc20,trail,2024-01-11 08:31:00-05:00,-0.9789550000000162,L,2024,False
USDJPY,w1_dow_strict,trail,2024-01-11 08:31:00-05:00,-0.9789550000000162,L,2024,False
USDJPY,w1_dow_strict,fixed,2024-01-11 08:31:00-05:00,-1.0036900000000102,L,2024,False
USDJPY,d1_adx_ge20,fixed,2024-01-11 08:31:00-05:00,-1.0036900000000102,L,2024,False
USDJPY,none,fixed,2024-01-11 08:31:00-05:00,-1.0036900000000102,L,2024,False
AUDUSD,h4_ma_aligned,trail,2024-01-15 19:27:00-05:00,2.265141399999993,S,2024,False
AUDUSD,h4_ma_aligned,fixed,2024-01-15 19:27:00-05:00,1.636273399999994,S,2024,False
AUDUSD,h4_ma_nocounter,trail,2024-01-15 19:27:00-05:00,2.265141399999993,S,2024,False
AUDUSD,d1_roc20,fixed,2024-01-15 19:27:00-05:00,1.636273399999994,S,2024,False
AUDUSD,w1_dow_nocounter,trail,2024-01-15 19:27:00-05:00,2.265141399999993,S,2024,False
AUDUSD,d1roc_h4ma,trail,2024-01-15 19:27:00-05:00,2.265141399999993,S,2024,False
AUDUSD,d1_adx_ge20,fixed,2024-01-15 19:27:00-05:00,1.636273399999994,S,2024,False
AUDUSD,none,trail,2024-01-15 19:27:00-05:00,2.265141399999993,S,2024,False
AUDUSD,d1_roc20,trail,2024-01-15 19:27:00-05:00,2.265141399999993,S,2024,False
AUDUSD,none,fixed,2024-01-15 19:27:00-05:00,1.636273399999994,S,2024,False
AUDUSD,d1_adx_ge20,trail,2024-01-15 19:27:00-05:00,2.265141399999993,S,2024,False
AUDUSD,h4_ma_nocounter,fixed,2024-01-15 19:27:00-05:00,1.636273399999994,S,2024,False
AUDUSD,d1roc_h4ma,fixed,2024-01-15 19:27:00-05:00,1.636273399999994,S,2024,False
AUDUSD,w1_dow_nocounter,fixed,2024-01-15 19:27:00-05:00,1.636273399999994,S,2024,False
USDCHF,h4_ma_nocounter,fixed,2024-01-15 21:52:00-05:00,1.609533199999988,L,2024,False
USDCHF,w1_dow_nocounter,fixed,2024-01-15 21:52:00-05:00,1.609533199999988,L,2024,False
USDCHF,none,fixed,2024-01-15 21:52:00-05:00,1.609533199999988,L,2024,False
USDCHF,none,trail,2024-01-15 21:52:00-05:00,0.871962900000021,L,2024,False
USDCHF,h4_ma_nocounter,trail,2024-01-15 21:52:00-05:00,0.871962900000021,L,2024,False
USDCHF,w1_dow_nocounter,trail,2024-01-15 21:52:00-05:00,0.871962900000021,L,2024,False
USDCHF,d1_adx_ge20,fixed,2024-01-15 21:52:00-05:00,1.609533199999988,L,2024,False
USDCHF,d1_adx_ge20,trail,2024-01-15 21:52:00-05:00,0.871962900000021,L,2024,False
EURUSD,h4_ma_nocounter,trail,2024-01-16 06:04:00-05:00,-0.20999290000004048,S,2024,False
EURUSD,h4_ma_nocounter,fixed,2024-01-16 06:04:00-05:00,-1.0144389000000569,S,2024,False
EURUSD,d1_adx_lt25,trail,2024-01-16 06:04:00-05:00,-0.20999290000004048,S,2024,False
EURUSD,w1_dow_nocounter,fixed,2024-01-16 06:04:00-05:00,-1.0144389000000569,S,2024,False
EURUSD,none,trail,2024-01-16 06:04:00-05:00,-0.20999290000004048,S,2024,False
EURUSD,d1_adx_lt25,fixed,2024-01-16 06:04:00-05:00,-1.0144389000000569,S,2024,False
EURUSD,none,fixed,2024-01-16 06:04:00-05:00,-1.0144389000000569,S,2024,False
EURUSD,w1_dow_nocounter,trail,2024-01-16 06:04:00-05:00,-0.20999290000004048,S,2024,False
EURUSD,d1_adx_ge20,trail,2024-01-16 06:04:00-05:00,-0.20999290000004048,S,2024,False
EURUSD,d1_adx_ge20,fixed,2024-01-16 06:04:00-05:00,-1.0144389000000569,S,2024,False
GBPUSD,h4_ma_nocounter,trail,2024-01-17 00:15:00-05:00,-1.0262838000000203,S,2024,False
GBPUSD,none,fixed,2024-01-17 00:15:00-05:00,-1.0262336999999888,S,2024,False
GBPUSD,d1_roc20,trail,2024-01-17 00:15:00-05:00,-1.0262838000000203,S,2024,False
GBPUSD,d1_adx_lt25,fixed,2024-01-17 00:15:00-05:00,-1.0262336999999888,S,2024,False
GBPUSD,none,trail,2024-01-17 00:15:00-05:00,-1.0262838000000203,S,2024,False
GBPUSD,w1_dow_nocounter,fixed,2024-01-17 00:15:00-05:00,-1.0262336999999888,S,2024,False
GBPUSD,d1roc_h4ma,trail,2024-01-17 00:15:00-05:00,-1.0262838000000203,S,2024,False
GBPUSD,h4_ma_nocounter,fixed,2024-01-17 00:15:00-05:00,-1.0262336999999888,S,2024,False
GBPUSD,d1_adx_ge20,trail,2024-01-17 00:15:00-05:00,-1.0262838000000203,S,2024,False
GBPUSD,d1_adx_lt25,trail,2024-01-17 00:15:00-05:00,-1.0262838000000203,S,2024,False
GBPUSD,d1_roc20,fixed,2024-01-17 00:15:00-05:00,-1.0262336999999888,S,2024,False
GBPUSD,w1_dow_nocounter,trail,2024-01-17 00:15:00-05:00,-1.0262838000000203,S,2024,False
GBPUSD,d1_adx_ge20,fixed,2024-01-17 00:15:00-05:00,-1.0262336999999888,S,2024,False
GBPUSD,d1roc_h4ma,fixed,2024-01-17 00:15:00-05:00,-1.0262336999999888,S,2024,False
SP500,h4_ma_nocounter,trail,2024-01-19 08:02:00-05:00,1.3773500000000127,L,2024,False
SP500,w1_dow_nocounter,trail,2024-01-19 08:02:00-05:00,1.3773500000000127,L,2024,False
SP500,none,trail,2024-01-19 08:02:00-05:00,1.3773500000000127,L,2024,False
SP500,none,fixed,2024-01-19 08:02:00-05:00,1.4981000000000062,L,2024,False
SP500,h4_ma_nocounter,fixed,2024-01-19 08:02:00-05:00,1.4981000000000062,L,2024,False
SP500,w1_dow_nocounter,fixed,2024-01-19 08:02:00-05:00,1.4981000000000062,L,2024,False
EURUSD,h4_ma_nocounter,fixed,2024-01-23 10:23:00-05:00,-1.0158455000000124,S,2024,False
EURUSD,none,fixed,2024-01-23 10:23:00-05:00,-1.0158455000000124,S,2024,False
EURUSD,d1roc_h4ma,trail,2024-01-23 10:23:00-05:00,-1.0158455000000124,S,2024,False
EURUSD,h4_ma_aligned,fixed,2024-01-23 10:23:00-05:00,-1.0158455000000124,S,2024,False
EURUSD,h4_ma_aligned,trail,2024-01-23 10:23:00-05:00,-1.0158455000000124,S,2024,False
EURUSD,none,trail,2024-01-23 10:23:00-05:00,-1.0158455000000124,S,2024,False
EURUSD,d1_adx_lt25,fixed,2024-01-23 10:23:00-05:00,-1.0158455000000124,S,2024,False
EURUSD,h4_ma_nocounter,trail,2024-01-23 10:23:00-05:00,-1.0158455000000124,S,2024,False
EURUSD,w1_dow_nocounter,trail,2024-01-23 10:23:00-05:00,-1.0158455000000124,S,2024,False
EURUSD,d1roc_h4ma,fixed,2024-01-23 10:23:00-05:00,-1.0158455000000124,S,2024,False
EURUSD,d1_roc20,fixed,2024-01-23 10:23:00-05:00,-1.0158455000000124,S,2024,False
EURUSD,w1_dow_nocounter,fixed,2024-01-23 10:23:00-05:00,-1.0158455000000124,S,2024,False
EURUSD,d1_adx_lt25,trail,2024-01-23 10:23:00-05:00,-1.0158455000000124,S,2024,False
EURUSD,d1_roc20,trail,2024-01-23 10:23:00-05:00,-1.0158455000000124,S,2024,False
AUDUSD,w1_dow_nocounter,trail,2024-01-29 19:44:00-05:00,-1.028616799999979,L,2024,False
AUDUSD,d1_adx_ge20,trail,2024-01-29 19:44:00-05:00,-1.028616799999979,L,2024,False
AUDUSD,h4_ma_nocounter,trail,2024-01-29 19:44:00-05:00,-1.028616799999979,L,2024,False
AUDUSD,d1_adx_ge20,fixed,2024-01-29 19:44:00-05:00,-1.028721349999994,L,2024,False
AUDUSD,none,trail,2024-01-29 19:44:00-05:00,-1.028616799999979,L,2024,False
AUDUSD,h4_ma_nocounter,fixed,2024-01-29 19:44:00-05:00,-1.028721349999994,L,2024,False
AUDUSD,w1_dow_nocounter,fixed,2024-01-29 19:44:00-05:00,-1.028721349999994,L,2024,False
AUDUSD,none,fixed,2024-01-29 19:44:00-05:00,-1.028721349999994,L,2024,False
USDCHF,w1_dow_nocounter,fixed,2024-01-31 08:43:00-05:00,1.6024109500000043,S,2024,False
USDCHF,d1_adx_lt25,fixed,2024-01-31 08:43:00-05:00,1.6024109500000043,S,2024,False
USDCHF,w1_dow_nocounter,trail,2024-01-31 08:43:00-05:00,-1.0602103499999906,S,2024,False
USDCHF,d1_adx_ge20,fixed,2024-01-31 08:43:00-05:00,1.6024109500000043,S,2024,False
USDCHF,h4_ma_nocounter,fixed,2024-01-31 08:43:00-05:00,1.6024109500000043,S,2024,False
USDCHF,d1_adx_lt25,trail,2024-01-31 08:43:00-05:00,-1.0602103499999906,S,2024,False
USDCHF,h4_ma_nocounter,trail,2024-01-31 08:43:00-05:00,-1.0602103499999906,S,2024,False
USDCHF,d1_adx_ge20,trail,2024-01-31 08:43:00-05:00,-1.0602103499999906,S,2024,False
USDCHF,none,fixed,2024-01-31 08:43:00-05:00,1.6024109500000043,S,2024,False
USDCHF,none,trail,2024-01-31 08:43:00-05:00,-1.0602103499999906,S,2024,False
USDJPY,none,trail,2024-01-31 09:52:00-05:00,-1.0059149999999997,S,2024,False
USDJPY,h4_ma_nocounter,fixed,2024-01-31 09:52:00-05:00,-1.0059149999999997,S,2024,False
USDJPY,none,fixed,2024-01-31 09:52:00-05:00,-1.0059149999999997,S,2024,False
USDJPY,d1_adx_ge20,fixed,2024-01-31 09:52:00-05:00,-1.0059149999999997,S,2024,False
USDJPY,d1_adx_lt25,trail,2024-01-31 09:52:00-05:00,-1.0059149999999997,S,2024,False
USDJPY,d1_adx_ge20,trail,2024-01-31 09:52:00-05:00,-1.0059149999999997,S,2024,False
USDJPY,d1_adx_lt25,fixed,2024-01-31 09:52:00-05:00,-1.0059149999999997,S,2024,False
USDJPY,h4_ma_nocounter,trail,2024-01-31 09:52:00-05:00,-1.0059149999999997,S,2024,False
AUDUSD,d1_roc20,fixed,2024-02-01 02:47:00-05:00,-1.0200449499999895,S,2024,False
AUDUSD,none,trail,2024-02-01 02:47:00-05:00,-1.0200449499999895,S,2024,False
AUDUSD,none,fixed,2024-02-01 02:47:00-05:00,-1.0200449499999895,S,2024,False
AUDUSD,d1_adx_ge20,trail,2024-02-01 02:47:00-05:00,-1.0200449499999895,S,2024,False
AUDUSD,w1_dow_nocounter,fixed,2024-02-01 02:47:00-05:00,-1.0200449499999895,S,2024,False
AUDUSD,d1roc_h4ma,trail,2024-02-01 02:47:00-05:00,-1.0200449499999895,S,2024,False
AUDUSD,d1_adx_ge20,fixed,2024-02-01 02:47:00-05:00,-1.0200449499999895,S,2024,False
AUDUSD,h4_ma_nocounter,trail,2024-02-01 02:47:00-05:00,-1.0200449499999895,S,2024,False
AUDUSD,d1roc_h4ma,fixed,2024-02-01 02:47:00-05:00,-1.0200449499999895,S,2024,False
AUDUSD,h4_ma_nocounter,fixed,2024-02-01 02:47:00-05:00,-1.0200449499999895,S,2024,False
AUDUSD,w1_dow_nocounter,trail,2024-02-01 02:47:00-05:00,-1.0200449499999895,S,2024,False
AUDUSD,d1_roc20,trail,2024-02-01 02:47:00-05:00,-1.0200449499999895,S,2024,False
USDJPY,w1_dow_strict,fixed,2024-02-04 19:37:00-05:00,-1.0015950000000222,L,2024,False
USDJPY,d1_roc20,trail,2024-02-04 19:37:00-05:00,-0.4871200000000131,L,2024,False
USDJPY,none,trail,2024-02-04 19:37:00-05:00,-0.4871200000000131,L,2024,False
USDJPY,w1_dow_nocounter,fixed,2024-02-04 19:37:00-05:00,-1.0015950000000222,L,2024,False
USDJPY,d1_roc20,fixed,2024-02-04 19:37:00-05:00,-1.0015950000000222,L,2024,False
USDJPY,d1_adx_lt25,trail,2024-02-04 19:37:00-05:00,-0.4871200000000131,L,2024,False
USDJPY,d1roc_h4ma,trail,2024-02-04 19:37:00-05:00,-0.4871200000000131,L,2024,False
USDJPY,h4_ma_nocounter,trail,2024-02-04 19:37:00-05:00,-0.4871200000000131,L,2024,False
USDJPY,w1_dow_strict,trail,2024-02-04 19:37:00-05:00,-0.4871200000000131,L,2024,False
USDJPY,none,fixed,2024-02-04 19:37:00-05:00,-1.0015950000000222,L,2024,False
USDJPY,d1roc_h4ma,fixed,2024-02-04 19:37:00-05:00,-1.0015950000000222,L,2024,False
USDJPY,d1_adx_lt25,fixed,2024-02-04 19:37:00-05:00,-1.0015950000000222,L,2024,False
USDJPY,w1_dow_nocounter,trail,2024-02-04 19:37:00-05:00,-0.4871200000000131,L,2024,False
USDJPY,h4_ma_nocounter,fixed,2024-02-04 19:37:00-05:00,-1.0015950000000222,L,2024,False
GBPUSD,h4_ma_aligned,fixed,2024-02-05 05:01:00-05:00,-1.0226548500000296,S,2024,False
GBPUSD,none,fixed,2024-02-05 05:01:00-05:00,-1.0226548500000296,S,2024,False
GBPUSD,d1roc_h4ma,fixed,2024-02-05 05:01:00-05:00,-1.0226548500000296,S,2024,False
GBPUSD,d1_adx_lt25,trail,2024-02-05 05:01:00-05:00,0.516784099999995,S,2024,False
GBPUSD,h4_ma_nocounter,fixed,2024-02-05 05:01:00-05:00,-1.0226548500000296,S,2024,False
GBPUSD,w1_dow_nocounter,fixed,2024-02-05 05:01:00-05:00,-1.0226548500000296,S,2024,False
GBPUSD,d1_adx_lt25,fixed,2024-02-05 05:01:00-05:00,-1.0226548500000296,S,2024,False
GBPUSD,d1_roc20,trail,2024-02-05 05:01:00-05:00,0.516784099999995,S,2024,False
GBPUSD,h4_ma_nocounter,trail,2024-02-05 05:01:00-05:00,0.516784099999995,S,2024,False
GBPUSD,none,trail,2024-02-05 05:01:00-05:00,0.516784099999995,S,2024,False
GBPUSD,d1roc_h4ma,trail,2024-02-05 05:01:00-05:00,0.516784099999995,S,2024,False
GBPUSD,h4_ma_aligned,trail,2024-02-05 05:01:00-05:00,0.516784099999995,S,2024,False
GBPUSD,d1_roc20,fixed,2024-02-05 05:01:00-05:00,-1.0226548500000296,S,2024,False
GBPUSD,w1_dow_nocounter,trail,2024-02-05 05:01:00-05:00,0.516784099999995,S,2024,False
USDCHF,h4_ma_aligned,fixed,2024-02-06 05:00:00-05:00,-1.0517424500000185,L,2024,False
USDCHF,w1_dow_nocounter,trail,2024-02-06 05:00:00-05:00,-1.0518853000000006,L,2024,False
USDCHF,d1_adx_ge20,fixed,2024-02-06 05:00:00-05:00,-1.0517424500000185,L,2024,False
USDCHF,d1_adx_lt25,fixed,2024-02-06 05:00:00-05:00,-1.0517424500000185,L,2024,False
USDCHF,d1_adx_lt25,trail,2024-02-06 05:00:00-05:00,-1.0518853000000006,L,2024,False
USDCHF,d1_roc20,trail,2024-02-06 05:00:00-05:00,-1.0518853000000006,L,2024,False
USDCHF,d1roc_h4ma,trail,2024-02-06 05:00:00-05:00,-1.0518853000000006,L,2024,False
USDCHF,d1roc_h4ma,fixed,2024-02-06 05:00:00-05:00,-1.0517424500000185,L,2024,False
USDCHF,none,trail,2024-02-06 05:00:00-05:00,-1.0518853000000006,L,2024,False
USDCHF,none,fixed,2024-02-06 05:00:00-05:00,-1.0517424500000185,L,2024,False
USDCHF,w1_dow_nocounter,fixed,2024-02-06 05:00:00-05:00,-1.0517424500000185,L,2024,False
USDCHF,h4_ma_nocounter,fixed,2024-02-06 05:00:00-05:00,-1.0517424500000185,L,2024,False
USDCHF,h4_ma_aligned,trail,2024-02-06 05:00:00-05:00,-1.0518853000000006,L,2024,False
USDCHF,d1_adx_ge20,trail,2024-02-06 05:00:00-05:00,-1.0518853000000006,L,2024,False
USDCHF,h4_ma_nocounter,trail,2024-02-06 05:00:00-05:00,-1.0518853000000006,L,2024,False
USDCHF,d1_roc20,fixed,2024-02-06 05:00:00-05:00,-1.0517424500000185,L,2024,False
EURUSD,none,fixed,2024-02-13 08:40:00-05:00,-1.0186400999999872,S,2024,False
EURUSD,h4_ma_nocounter,fixed,2024-02-13 08:40:00-05:00,-1.0186400999999872,S,2024,False
EURUSD,d1_adx_lt25,fixed,2024-02-13 08:40:00-05:00,-1.0186400999999872,S,2024,False
EURUSD,d1_roc20,trail,2024-02-13 08:40:00-05:00,0.12006220000001715,S,2024,False
EURUSD,w1_dow_nocounter,trail,2024-02-13 08:40:00-05:00,0.12006220000001715,S,2024,False
EURUSD,d1_roc20,fixed,2024-02-13 08:40:00-05:00,-1.0186400999999872,S,2024,False
EURUSD,d1roc_h4ma,trail,2024-02-13 08:40:00-05:00,0.12006220000001715,S,2024,False
EURUSD,w1_dow_nocounter,fixed,2024-02-13 08:40:00-05:00,-1.0186400999999872,S,2024,False
EURUSD,h4_ma_nocounter,trail,2024-02-13 08:40:00-05:00,0.12006220000001715,S,2024,False
EURUSD,d1roc_h4ma,fixed,2024-02-13 08:40:00-05:00,-1.0186400999999872,S,2024,False
EURUSD,h4_ma_aligned,trail,2024-02-13 08:40:00-05:00,0.12006220000001715,S,2024,False
EURUSD,none,trail,2024-02-13 08:40:00-05:00,0.12006220000001715,S,2024,False
EURUSD,d1_adx_lt25,trail,2024-02-13 08:40:00-05:00,0.12006220000001715,S,2024,False
EURUSD,h4_ma_aligned,fixed,2024-02-13 08:40:00-05:00,-1.0186400999999872,S,2024,False
AUDUSD,h4_ma_nocounter,fixed,2024-02-13 08:48:00-05:00,-1.0349835500000286,S,2024,False
AUDUSD,d1roc_h4ma,trail,2024-02-13 08:48:00-05:00,-0.5307862500000101,S,2024,False
AUDUSD,d1_adx_ge20,trail,2024-02-13 08:48:00-05:00,-0.5307862500000101,S,2024,False
AUDUSD,h4_ma_nocounter,trail,2024-02-13 08:48:00-05:00,-0.5307862500000101,S,2024,False
AUDUSD,d1_roc20,trail,2024-02-13 08:48:00-05:00,-0.5307862500000101,S,2024,False
AUDUSD,h4_ma_aligned,fixed,2024-02-13 08:48:00-05:00,-1.0349835500000286,S,2024,False
AUDUSD,d1_adx_ge20,fixed,2024-02-13 08:48:00-05:00,-1.0349835500000286,S,2024,False
AUDUSD,w1_dow_nocounter,fixed,2024-02-13 08:48:00-05:00,-1.0349835500000286,S,2024,False
AUDUSD,h4_ma_aligned,trail,2024-02-13 08:48:00-05:00,-0.5307862500000101,S,2024,False
AUDUSD,none,fixed,2024-02-13 08:48:00-05:00,-1.0349835500000286,S,2024,False
AUDUSD,d1_roc20,fixed,2024-02-13 08:48:00-05:00,-1.0349835500000286,S,2024,False
AUDUSD,d1roc_h4ma,fixed,2024-02-13 08:48:00-05:00,-1.0349835500000286,S,2024,False
AUDUSD,none,trail,2024-02-13 08:48:00-05:00,-0.5307862500000101,S,2024,False
AUDUSD,w1_dow_nocounter,trail,2024-02-13 08:48:00-05:00,-0.5307862500000101,S,2024,False
AUDUSD,none,fixed,2024-02-16 13:50:00-05:00,-1.0257718000000184,L,2024,False
AUDUSD,d1_adx_ge20,trail,2024-02-16 13:50:00-05:00,-0.32765330000001414,L,2024,False
AUDUSD,d1_adx_ge20,fixed,2024-02-16 13:50:00-05:00,-1.0257718000000184,L,2024,False
AUDUSD,none,trail,2024-02-16 13:50:00-05:00,-0.32765330000001414,L,2024,False
AUDUSD,w1_dow_nocounter,fixed,2024-02-16 13:50:00-05:00,-1.0257718000000184,L,2024,False
AUDUSD,w1_dow_nocounter,trail,2024-02-16 13:50:00-05:00,-0.32765330000001414,L,2024,False
EURUSD,h4_ma_nocounter,fixed,2024-02-20 05:36:00-05:00,1.6477863500000196,L,2024,False
EURUSD,d1_adx_lt25,trail,2024-02-20 05:36:00-05:00,-0.05546809999999597,L,2024,False
EURUSD,d1_adx_lt25,fixed,2024-02-20 05:36:00-05:00,1.6477863500000196,L,2024,False
EURUSD,w1_dow_nocounter,trail,2024-02-20 05:36:00-05:00,-0.05546809999999597,L,2024,False
EURUSD,none,fixed,2024-02-20 05:36:00-05:00,1.6477863500000196,L,2024,False
EURUSD,none,trail,2024-02-20 05:36:00-05:00,-0.05546809999999597,L,2024,False
EURUSD,w1_dow_nocounter,fixed,2024-02-20 05:36:00-05:00,1.6477863500000196,L,2024,False
EURUSD,h4_ma_nocounter,trail,2024-02-20 05:36:00-05:00,-0.05546809999999597,L,2024,False
GBPUSD,d1_adx_lt25,trail,2024-02-22 03:10:00-05:00,-1.0362978000000387,L,2024,False
GBPUSD,d1_adx_lt25,fixed,2024-02-22 03:10:00-05:00,-1.036207899999995,L,2024,False
GBPUSD,none,fixed,2024-02-22 03:10:00-05:00,-1.036207899999995,L,2024,False
GBPUSD,w1_dow_nocounter,fixed,2024-02-22 03:10:00-05:00,-1.036207899999995,L,2024,False
GBPUSD,w1_dow_nocounter,trail,2024-02-22 03:10:00-05:00,-1.0362978000000387,L,2024,False
GBPUSD,h4_ma_nocounter,fixed,2024-02-22 03:10:00-05:00,-1.036207899999995,L,2024,False
GBPUSD,none,trail,2024-02-22 03:10:00-05:00,-1.0362978000000387,L,2024,False
GBPUSD,h4_ma_nocounter,trail,2024-02-22 03:10:00-05:00,-1.0362978000000387,L,2024,False
SP500,d1_roc20,fixed,2024-02-22 06:16:00-05:00,1.4787000000000055,L,2024,False
SP500,none,trail,2024-02-22 06:16:00-05:00,0.9912000000000054,L,2024,False
SP500,d1roc_h4ma,fixed,2024-02-22 06:16:00-05:00,1.4787000000000055,L,2024,False
SP500,w1_dow_nocounter,fixed,2024-02-22 06:16:00-05:00,1.4787000000000055,L,2024,False
SP500,d1_adx_lt25,fixed,2024-02-22 06:16:00-05:00,1.4787000000000055,L,2024,False
SP500,w1_dow_nocounter,trail,2024-02-22 06:16:00-05:00,0.9912000000000054,L,2024,False
SP500,d1_adx_lt25,trail,2024-02-22 06:16:00-05:00,0.9912000000000054,L,2024,False
SP500,h4_ma_nocounter,trail,2024-02-22 06:16:00-05:00,0.9912000000000054,L,2024,False
SP500,d1roc_h4ma,trail,2024-02-22 06:16:00-05:00,0.9912000000000054,L,2024,False
SP500,h4_ma_nocounter,fixed,2024-02-22 06:16:00-05:00,1.4787000000000055,L,2024,False
SP500,d1_roc20,trail,2024-02-22 06:16:00-05:00,0.9912000000000054,L,2024,False
SP500,none,fixed,2024-02-22 06:16:00-05:00,1.4787000000000055,L,2024,False
USDJPY,d1_adx_lt25,fixed,2024-02-29 02:07:00-05:00,-1.0087000000000266,S,2024,False
USDJPY,none,trail,2024-02-29 02:07:00-05:00,-1.0084250000000152,S,2024,False
USDJPY,none,fixed,2024-02-29 02:07:00-05:00,-1.0087000000000266,S,2024,False
USDJPY,d1_adx_lt25,trail,2024-02-29 02:07:00-05:00,-1.0084250000000152,S,2024,False
USDJPY,d1_adx_ge20,fixed,2024-02-29 02:07:00-05:00,-1.0087000000000266,S,2024,False
USDJPY,d1_adx_ge20,trail,2024-02-29 02:07:00-05:00,-1.0084250000000152,S,2024,False
USDCHF,h4_ma_nocounter,fixed,2024-02-29 11:19:00-05:00,1.591184499999993,L,2024,False
USDCHF,d1_roc20,fixed,2024-02-29 11:19:00-05:00,1.591184499999993,L,2024,False
USDCHF,d1roc_h4ma,fixed,2024-02-29 11:19:00-05:00,1.591184499999993,L,2024,False
USDCHF,d1roc_h4ma,trail,2024-02-29 11:19:00-05:00,0.6111321500000036,L,2024,False
USDCHF,d1_roc20,trail,2024-02-29 11:19:00-05:00,0.6111321500000036,L,2024,False
USDCHF,d1_adx_lt25,fixed,2024-02-29 11:19:00-05:00,1.591184499999993,L,2024,False
USDCHF,none,fixed,2024-02-29 11:19:00-05:00,1.591184499999993,L,2024,False
USDCHF,none,trail,2024-02-29 11:19:00-05:00,0.6111321500000036,L,2024,False
USDCHF,h4_ma_nocounter,trail,2024-02-29 11:19:00-05:00,0.6111321500000036,L,2024,False
USDCHF,w1_dow_nocounter,fixed,2024-02-29 11:19:00-05:00,1.591184499999993,L,2024,False
USDCHF,w1_dow_nocounter,trail,2024-02-29 11:19:00-05:00,0.6111321500000036,L,2024,False
USDCHF,d1_adx_lt25,trail,2024-02-29 11:19:00-05:00,0.6111321500000036,L,2024,False
SP500,d1roc_h4ma,fixed,2024-03-01 10:56:00-05:00,-0.9005999999999772,L,2024,False
SP500,h4_ma_nocounter,fixed,2024-03-01 10:56:00-05:00,-0.9005999999999772,L,2024,False
SP500,w1_dow_nocounter,trail,2024-03-01 10:56:00-05:00,0.30579999999999996,L,2024,False
SP500,h4_ma_aligned,fixed,2024-03-01 10:56:00-05:00,-0.9005999999999772,L,2024,False
SP500,none,trail,2024-03-01 10:56:00-05:00,0.30579999999999996,L,2024,False
SP500,w1_dow_nocounter,fixed,2024-03-01 10:56:00-05:00,-0.9005999999999772,L,2024,False
SP500,d1_roc20,fixed,2024-03-01 10:56:00-05:00,-0.9005999999999772,L,2024,False
SP500,none,fixed,2024-03-01 10:56:00-05:00,-0.9005999999999772,L,2024,False
SP500,h4_ma_aligned,trail,2024-03-01 10:56:00-05:00,0.30579999999999996,L,2024,False
SP500,d1roc_h4ma,trail,2024-03-01 10:56:00-05:00,0.30579999999999996,L,2024,False
SP500,d1_roc20,trail,2024-03-01 10:56:00-05:00,0.30579999999999996,L,2024,False
SP500,d1_adx_lt25,fixed,2024-03-01 10:56:00-05:00,-0.9005999999999772,L,2024,False
SP500,d1_adx_lt25,trail,2024-03-01 10:56:00-05:00,0.30579999999999996,L,2024,False
SP500,h4_ma_nocounter,trail,2024-03-01 10:56:00-05:00,0.30579999999999996,L,2024,False
GBPUSD,d1_roc20,fixed,2024-03-05 10:00:00-05:00,1.620433749999962,L,2024,False
GBPUSD,d1_roc20,trail,2024-03-05 10:00:00-05:00,4.444405549999934,L,2024,False
GBPUSD,w1_dow_nocounter,fixed,2024-03-05 10:00:00-05:00,1.620433749999962,L,2024,False
GBPUSD,w1_dow_nocounter,trail,2024-03-05 10:00:00-05:00,4.444405549999934,L,2024,False
GBPUSD,d1roc_h4ma,fixed,2024-03-05 10:00:00-05:00,1.620433749999962,L,2024,False
GBPUSD,d1_adx_lt25,trail,2024-03-05 10:00:00-05:00,4.444405549999934,L,2024,False
GBPUSD,d1roc_h4ma,trail,2024-03-05 10:00:00-05:00,4.444405549999934,L,2024,False
GBPUSD,d1_adx_lt25,fixed,2024-03-05 10:00:00-05:00,1.620433749999962,L,2024,False
GBPUSD,h4_ma_nocounter,fixed,2024-03-05 10:00:00-05:00,1.620433749999962,L,2024,False
GBPUSD,none,trail,2024-03-05 10:00:00-05:00,4.444405549999934,L,2024,False
GBPUSD,h4_ma_nocounter,trail,2024-03-05 10:00:00-05:00,4.444405549999934,L,2024,False
GBPUSD,none,fixed,2024-03-05 10:00:00-05:00,1.620433749999962,L,2024,False
EURUSD,none,trail,2024-03-06 09:46:00-05:00,1.1112351499999527,L,2024,False
EURUSD,h4_ma_aligned,trail,2024-03-06 09:46:00-05:00,1.1112351499999527,L,2024,False
EURUSD,h4_ma_nocounter,fixed,2024-03-06 09:46:00-05:00,1.6415632499999537,L,2024,False
EURUSD,w1_dow_nocounter,fixed,2024-03-06 09:46:00-05:00,1.6415632499999537,L,2024,False
EURUSD,d1_adx_ge20,trail,2024-03-06 09:46:00-05:00,1.1112351499999527,L,2024,False
EURUSD,d1_adx_ge20,fixed,2024-03-06 09:46:00-05:00,1.6415632499999537,L,2024,False
EURUSD,w1_dow_nocounter,trail,2024-03-06 09:46:00-05:00,1.1112351499999527,L,2024,False
EURUSD,d1roc_h4ma,trail,2024-03-06 09:46:00-05:00,1.1112351499999527,L,2024,False
EURUSD,d1_adx_lt25,trail,2024-03-06 09:46:00-05:00,1.1112351499999527,L,2024,False
EURUSD,d1_roc20,fixed,2024-03-06 09:46:00-05:00,1.6415632499999537,L,2024,False
EURUSD,d1roc_h4ma,fixed,2024-03-06 09:46:00-05:00,1.6415632499999537,L,2024,False
EURUSD,none,fixed,2024-03-06 09:46:00-05:00,1.6415632499999537,L,2024,False
EURUSD,d1_adx_lt25,fixed,2024-03-06 09:46:00-05:00,1.6415632499999537,L,2024,False
EURUSD,d1_roc20,trail,2024-03-06 09:46:00-05:00,1.1112351499999527,L,2024,False
EURUSD,h4_ma_nocounter,trail,2024-03-06 09:46:00-05:00,1.1112351499999527,L,2024,False
EURUSD,h4_ma_aligned,fixed,2024-03-06 09:46:00-05:00,1.6415632499999537,L,2024,False
USDJPY,d1_adx_lt25,fixed,2024-03-06 11:55:00-05:00,1.6563200000000253,S,2024,False
USDJPY,h4_ma_nocounter,fixed,2024-03-06 11:55:00-05:00,1.6563200000000253,S,2024,False
USDJPY,d1_adx_lt25,trail,2024-03-06 11:55:00-05:00,4.128520000000034,S,2024,False
USDJPY,none,trail,2024-03-06 11:55:00-05:00,4.128520000000034,S,2024,False
USDJPY,none,fixed,2024-03-06 11:55:00-05:00,1.6563200000000253,S,2024,False
USDJPY,h4_ma_nocounter,trail,2024-03-06 11:55:00-05:00,4.128520000000034,S,2024,False
AUDUSD,d1_roc20,fixed,2024-03-07 04:34:00-05:00,1.6418585999999984,L,2024,False
AUDUSD,d1_adx_lt25,trail,2024-03-07 04:34:00-05:00,0.6967164500000037,L,2024,False
AUDUSD,none,trail,2024-03-07 04:34:00-05:00,0.6967164500000037,L,2024,False
AUDUSD,d1_adx_lt25,fixed,2024-03-07 04:34:00-05:00,1.6418585999999984,L,2024,False
AUDUSD,d1roc_h4ma,fixed,2024-03-07 04:34:00-05:00,1.6418585999999984,L,2024,False
AUDUSD,h4_ma_nocounter,fixed,2024-03-07 04:34:00-05:00,1.6418585999999984,L,2024,False
AUDUSD,none,fixed,2024-03-07 04:34:00-05:00,1.6418585999999984,L,2024,False
AUDUSD,w1_dow_nocounter,trail,2024-03-07 04:34:00-05:00,0.6967164500000037,L,2024,False
AUDUSD,d1_roc20,trail,2024-03-07 04:34:00-05:00,0.6967164500000037,L,2024,False
AUDUSD,h4_ma_nocounter,trail,2024-03-07 04:34:00-05:00,0.6967164500000037,L,2024,False
AUDUSD,w1_dow_nocounter,fixed,2024-03-07 04:34:00-05:00,1.6418585999999984,L,2024,False
AUDUSD,d1roc_h4ma,trail,2024-03-07 04:34:00-05:00,0.6967164500000037,L,2024,False
USDCHF,d1_adx_lt25,fixed,2024-03-07 11:28:00-05:00,1.5998610500000132,S,2024,False
USDCHF,none,fixed,2024-03-07 11:28:00-05:00,1.5998610500000132,S,2024,False
USDCHF,w1_dow_nocounter,fixed,2024-03-07 11:28:00-05:00,1.5998610500000132,S,2024,False
USDCHF,d1_adx_lt25,trail,2024-03-07 11:28:00-05:00,-0.08114739999997482,S,2024,False
USDCHF,none,trail,2024-03-07 11:28:00-05:00,-0.08114739999997482,S,2024,False
USDCHF,w1_dow_nocounter,trail,2024-03-07 11:28:00-05:00,-0.08114739999997482,S,2024,False
USDCHF,h4_ma_nocounter,fixed,2024-03-19 02:08:00-04:00,-1.078279549999999,L,2024,False
USDCHF,none,fixed,2024-03-19 02:08:00-04:00,-1.078279549999999,L,2024,False
USDCHF,d1_roc20,trail,2024-03-19 02:08:00-04:00,-1.0779538499999806,L,2024,False
USDCHF,d1_roc20,fixed,2024-03-19 02:08:00-04:00,-1.078279549999999,L,2024,False
USDCHF,d1_adx_lt25,fixed,2024-03-19 02:08:00-04:00,-1.078279549999999,L,2024,False
USDCHF,w1_dow_nocounter,fixed,2024-03-19 02:08:00-04:00,-1.078279549999999,L,2024,False
USDCHF,w1_dow_nocounter,trail,2024-03-19 02:08:00-04:00,-1.0779538499999806,L,2024,False
USDCHF,d1roc_h4ma,fixed,2024-03-19 02:08:00-04:00,-1.078279549999999,L,2024,False
USDCHF,d1_adx_lt25,trail,2024-03-19 02:08:00-04:00,-1.0779538499999806,L,2024,False
USDCHF,h4_ma_nocounter,trail,2024-03-19 02:08:00-04:00,-1.0779538499999806,L,2024,False
USDCHF,none,trail,2024-03-19 02:08:00-04:00,-1.0779538499999806,L,2024,False
USDCHF,d1roc_h4ma,trail,2024-03-19 02:08:00-04:00,-1.0779538499999806,L,2024,False
USDJPY,d1_adx_lt25,trail,2024-03-19 11:38:00-04:00,0.6571999999999949,L,2024,False
USDJPY,w1_dow_strict,fixed,2024-03-19 11:38:00-04:00,1.6556550000000023,L,2024,False
USDJPY,w1_dow_strict,trail,2024-03-19 11:38:00-04:00,0.6571999999999949,L,2024,False
USDJPY,w1_dow_nocounter,trail,2024-03-19 11:38:00-04:00,0.6571999999999949,L,2024,False
USDJPY,d1_adx_ge20,trail,2024-03-19 11:38:00-04:00,0.6571999999999949,L,2024,False
USDJPY,none,trail,2024-03-19 11:38:00-04:00,0.6571999999999949,L,2024,False
USDJPY,d1_adx_lt25,fixed,2024-03-19 11:38:00-04:00,1.6556550000000023,L,2024,False
USDJPY,d1_adx_ge20,fixed,2024-03-19 11:38:00-04:00,1.6556550000000023,L,2024,False
USDJPY,h4_ma_nocounter,trail,2024-03-19 11:38:00-04:00,0.6571999999999949,L,2024,False
USDJPY,w1_dow_nocounter,fixed,2024-03-19 11:38:00-04:00,1.6556550000000023,L,2024,False
USDJPY,none,fixed,2024-03-19 11:38:00-04:00,1.6556550000000023,L,2024,False
USDJPY,h4_ma_nocounter,fixed,2024-03-19 11:38:00-04:00,1.6556550000000023,L,2024,False
SP500,h4_ma_nocounter,trail,2024-03-20 14:01:00-04:00,1.9252500000000219,L,2024,False
SP500,d1_adx_ge20,trail,2024-03-20 14:01:00-04:00,1.9252500000000219,L,2024,False
SP500,none,fixed,2024-03-20 14:01:00-04:00,1.546050000000003,L,2024,False
SP500,d1roc_h4ma,trail,2024-03-20 14:01:00-04:00,1.9252500000000219,L,2024,False
SP500,h4_ma_aligned,trail,2024-03-20 14:01:00-04:00,1.9252500000000219,L,2024,False
SP500,h4_ma_aligned,fixed,2024-03-20 14:01:00-04:00,1.546050000000003,L,2024,False
SP500,d1_roc20,fixed,2024-03-20 14:01:00-04:00,1.546050000000003,L,2024,False
SP500,w1_dow_nocounter,fixed,2024-03-20 14:01:00-04:00,1.546050000000003,L,2024,False
SP500,d1_adx_lt25,fixed,2024-03-20 14:01:00-04:00,1.546050000000003,L,2024,False
SP500,d1_roc20,trail,2024-03-20 14:01:00-04:00,1.9252500000000219,L,2024,False
SP500,w1_dow_nocounter,trail,2024-03-20 14:01:00-04:00,1.9252500000000219,L,2024,False
SP500,h4_ma_nocounter,fixed,2024-03-20 14:01:00-04:00,1.546050000000003,L,2024,False
SP500,none,trail,2024-03-20 14:01:00-04:00,1.9252500000000219,L,2024,False
SP500,d1_adx_lt25,trail,2024-03-20 14:01:00-04:00,1.9252500000000219,L,2024,False
SP500,d1roc_h4ma,fixed,2024-03-20 14:01:00-04:00,1.546050000000003,L,2024,False
SP500,d1_adx_ge20,fixed,2024-03-20 14:01:00-04:00,1.546050000000003,L,2024,False
GBPUSD,none,trail,2024-03-22 04:07:00-04:00,-0.38876764999999963,S,2024,False
GBPUSD,d1_adx_lt25,fixed,2024-03-22 04:07:00-04:00,-1.0256964499999868,S,2024,False
GBPUSD,d1_roc20,trail,2024-03-22 04:07:00-04:00,-0.38876764999999963,S,2024,False
GBPUSD,d1_roc20,fixed,2024-03-22 04:07:00-04:00,-1.0256964499999868,S,2024,False
GBPUSD,h4_ma_nocounter,fixed,2024-03-22 04:07:00-04:00,-1.0256964499999868,S,2024,False
GBPUSD,h4_ma_nocounter,trail,2024-03-22 04:07:00-04:00,-0.38876764999999963,S,2024,False
GBPUSD,none,fixed,2024-03-22 04:07:00-04:00,-1.0256964499999868,S,2024,False
GBPUSD,d1roc_h4ma,fixed,2024-03-22 04:07:00-04:00,-1.0256964499999868,S,2024,False
GBPUSD,d1roc_h4ma,trail,2024-03-22 04:07:00-04:00,-0.38876764999999963,S,2024,False
GBPUSD,d1_adx_lt25,trail,2024-03-22 04:07:00-04:00,-0.38876764999999963,S,2024,False
AUDUSD,none,fixed,2024-03-28 03:25:00-04:00,-1.0327535499999674,S,2024,False
AUDUSD,d1_adx_lt25,trail,2024-03-28 03:25:00-04:00,-0.6024952499999889,S,2024,False
AUDUSD,none,trail,2024-03-28 03:25:00-04:00,-0.6024952499999889,S,2024,False
AUDUSD,w1_dow_nocounter,fixed,2024-03-28 03:25:00-04:00,-1.0327535499999674,S,2024,False
AUDUSD,h4_ma_aligned,fixed,2024-03-28 03:25:00-04:00,-1.0327535499999674,S,2024,False
AUDUSD,h4_ma_nocounter,fixed,2024-03-28 03:25:00-04:00,-1.0327535499999674,S,2024,False
AUDUSD,d1_adx_lt25,fixed,2024-03-28 03:25:00-04:00,-1.0327535499999674,S,2024,False
AUDUSD,h4_ma_aligned,trail,2024-03-28 03:25:00-04:00,-0.6024952499999889,S,2024,False
AUDUSD,w1_dow_nocounter,trail,2024-03-28 03:25:00-04:00,-0.6024952499999889,S,2024,False
AUDUSD,h4_ma_nocounter,trail,2024-03-28 03:25:00-04:00,-0.6024952499999889,S,2024,False
EURUSD,h4_ma_aligned,trail,2024-03-28 03:33:00-04:00,2.364992299999961,S,2024,False
EURUSD,h4_ma_nocounter,fixed,2024-03-28 03:33:00-04:00,1.6506947999999462,S,2024,False
EURUSD,h4_ma_nocounter,trail,2024-03-28 03:33:00-04:00,2.364992299999961,S,2024,False
EURUSD,h4_ma_aligned,fixed,2024-03-28 03:33:00-04:00,1.6506947999999462,S,2024,False
EURUSD,d1roc_h4ma,fixed,2024-03-28 03:33:00-04:00,1.6506947999999462,S,2024,False
EURUSD,d1_adx_lt25,fixed,2024-03-28 03:33:00-04:00,1.6506947999999462,S,2024,False
EURUSD,w1_dow_nocounter,fixed,2024-03-28 03:33:00-04:00,1.6506947999999462,S,2024,False
EURUSD,none,fixed,2024-03-28 03:33:00-04:00,1.6506947999999462,S,2024,False
EURUSD,d1_adx_lt25,trail,2024-03-28 03:33:00-04:00,2.364992299999961,S,2024,False
EURUSD,w1_dow_nocounter,trail,2024-03-28 03:33:00-04:00,2.364992299999961,S,2024,False
EURUSD,d1roc_h4ma,trail,2024-03-28 03:33:00-04:00,2.364992299999961,S,2024,False
EURUSD,d1_adx_ge20,fixed,2024-03-28 03:33:00-04:00,1.6506947999999462,S,2024,False
EURUSD,d1_roc20,fixed,2024-03-28 03:33:00-04:00,1.6506947999999462,S,2024,False
EURUSD,d1_adx_ge20,trail,2024-03-28 03:33:00-04:00,2.364992299999961,S,2024,False
EURUSD,none,trail,2024-03-28 03:33:00-04:00,2.364992299999961,S,2024,False
EURUSD,d1_roc20,trail,2024-03-28 03:33:00-04:00,2.364992299999961,S,2024,False
SP500,w1_dow_nocounter,fixed,2024-03-31 18:04:00-04:00,-1.0055499999999618,L,2024,False
SP500,h4_ma_nocounter,fixed,2024-03-31 18:04:00-04:00,-1.0055499999999618,L,2024,False
SP500,w1_dow_nocounter,trail,2024-03-31 18:04:00-04:00,-1.0060499999999728,L,2024,False
SP500,d1roc_h4ma,fixed,2024-03-31 18:04:00-04:00,-1.0055499999999618,L,2024,False
SP500,d1_roc20,trail,2024-03-31 18:04:00-04:00,-1.0060499999999728,L,2024,False
SP500,d1_adx_lt25,trail,2024-03-31 18:04:00-04:00,-1.0060499999999728,L,2024,False
SP500,d1_roc20,fixed,2024-03-31 18:04:00-04:00,-1.0055499999999618,L,2024,False
SP500,d1roc_h4ma,trail,2024-03-31 18:04:00-04:00,-1.0060499999999728,L,2024,False
SP500,d1_adx_ge20,fixed,2024-03-31 18:04:00-04:00,-1.0055499999999618,L,2024,False
SP500,h4_ma_aligned,trail,2024-03-31 18:04:00-04:00,-1.0060499999999728,L,2024,False
SP500,d1_adx_lt25,fixed,2024-03-31 18:04:00-04:00,-1.0055499999999618,L,2024,False
SP500,none,fixed,2024-03-31 18:04:00-04:00,-1.0055499999999618,L,2024,False
SP500,none,trail,2024-03-31 18:04:00-04:00,-1.0060499999999728,L,2024,False
SP500,h4_ma_aligned,fixed,2024-03-31 18:04:00-04:00,-1.0055499999999618,L,2024,False
SP500,h4_ma_nocounter,trail,2024-03-31 18:04:00-04:00,-1.0060499999999728,L,2024,False
SP500,d1_adx_ge20,trail,2024-03-31 18:04:00-04:00,-1.0060499999999728,L,2024,False
GBPUSD,h4_ma_nocounter,fixed,2024-04-01 10:10:00-04:00,-1.0427912500000074,S,2024,False
GBPUSD,h4_ma_aligned,fixed,2024-04-01 10:10:00-04:00,-1.0427912500000074,S,2024,False
GBPUSD,d1_adx_lt25,fixed,2024-04-01 10:10:00-04:00,-1.0427912500000074,S,2024,False
GBPUSD,h4_ma_nocounter,trail,2024-04-01 10:10:00-04:00,0.2760679499999501,S,2024,False
GBPUSD,none,trail,2024-04-01 10:10:00-04:00,0.2760679499999501,S,2024,False
GBPUSD,d1roc_h4ma,fixed,2024-04-01 10:10:00-04:00,-1.0427912500000074,S,2024,False
GBPUSD,d1_roc20,trail,2024-04-01 10:10:00-04:00,0.2760679499999501,S,2024,False
GBPUSD,h4_ma_aligned,trail,2024-04-01 10:10:00-04:00,0.2760679499999501,S,2024,False
GBPUSD,d1_roc20,fixed,2024-04-01 10:10:00-04:00,-1.0427912500000074,S,2024,False
GBPUSD,d1roc_h4ma,trail,2024-04-01 10:10:00-04:00,0.2760679499999501,S,2024,False
GBPUSD,d1_adx_lt25,trail,2024-04-01 10:10:00-04:00,0.2760679499999501,S,2024,False
GBPUSD,none,fixed,2024-04-01 10:10:00-04:00,-1.0427912500000074,S,2024,False
USDCHF,d1_roc20,fixed,2024-04-02 02:30:00-04:00,-1.0716223500000206,L,2024,False
USDCHF,h4_ma_nocounter,fixed,2024-04-02 02:30:00-04:00,-1.0716223500000206,L,2024,False
USDCHF,none,trail,2024-04-02 02:30:00-04:00,-0.7324388000000256,L,2024,False
USDCHF,d1_adx_ge20,trail,2024-04-02 02:30:00-04:00,-0.7324388000000256,L,2024,False
USDCHF,d1_adx_ge20,fixed,2024-04-02 02:30:00-04:00,-1.0716223500000206,L,2024,False
USDCHF,d1_roc20,trail,2024-04-02 02:30:00-04:00,-0.7324388000000256,L,2024,False
USDCHF,h4_ma_aligned,trail,2024-04-02 02:30:00-04:00,-0.7324388000000256,L,2024,False
USDCHF,none,fixed,2024-04-02 02:30:00-04:00,-1.0716223500000206,L,2024,False
USDCHF,h4_ma_aligned,fixed,2024-04-02 02:30:00-04:00,-1.0716223500000206,L,2024,False
USDCHF,d1roc_h4ma,trail,2024-04-02 02:30:00-04:00,-0.7324388000000256,L,2024,False
USDCHF,h4_ma_nocounter,trail,2024-04-02 02:30:00-04:00,-0.7324388000000256,L,2024,False
USDCHF,w1_dow_nocounter,trail,2024-04-02 02:30:00-04:00,-0.7324388000000256,L,2024,False
USDCHF,w1_dow_nocounter,fixed,2024-04-02 02:30:00-04:00,-1.0716223500000206,L,2024,False
USDCHF,d1roc_h4ma,fixed,2024-04-02 02:30:00-04:00,-1.0716223500000206,L,2024,False
SP500,none,fixed,2024-04-02 08:44:00-04:00,-0.931450000000013,S,2024,False
SP500,d1_adx_ge20,fixed,2024-04-02 08:44:00-04:00,-0.931450000000013,S,2024,False
SP500,d1_adx_lt25,fixed,2024-04-02 08:44:00-04:00,-0.931450000000013,S,2024,False
SP500,w1_dow_nocounter,fixed,2024-04-02 08:44:00-04:00,-0.931450000000013,S,2024,False
SP500,none,trail,2024-04-02 08:44:00-04:00,0.014899999999975443,S,2024,False
SP500,w1_dow_nocounter,trail,2024-04-02 08:44:00-04:00,0.014899999999975443,S,2024,False
SP500,d1_adx_ge20,trail,2024-04-02 08:44:00-04:00,0.014899999999975443,S,2024,False
SP500,d1_adx_lt25,trail,2024-04-02 08:44:00-04:00,0.014899999999975443,S,2024,False
AUDUSD,h4_ma_nocounter,trail,2024-04-09 08:48:00-04:00,-0.7277813000000194,L,2024,False
AUDUSD,none,trail,2024-04-09 08:48:00-04:00,-0.7277813000000194,L,2024,False
AUDUSD,d1_adx_lt25,fixed,2024-04-09 08:48:00-04:00,-1.0336423500000205,L,2024,False
AUDUSD,w1_dow_nocounter,fixed,2024-04-09 08:48:00-04:00,-1.0336423500000205,L,2024,False
AUDUSD,w1_dow_nocounter,trail,2024-04-09 08:48:00-04:00,-0.7277813000000194,L,2024,False
AUDUSD,none,fixed,2024-04-09 08:48:00-04:00,-1.0336423500000205,L,2024,False
AUDUSD,h4_ma_nocounter,fixed,2024-04-09 08:48:00-04:00,-1.0336423500000205,L,2024,False
AUDUSD,d1_adx_lt25,trail,2024-04-09 08:48:00-04:00,-0.7277813000000194,L,2024,False
USDJPY,none,trail,2024-04-10 08:30:00-04:00,4.289035000000002,L,2024,False
USDJPY,w1_dow_strict,fixed,2024-04-10 08:30:00-04:00,1.6432099999999827,L,2024,False
USDJPY,h4_ma_aligned,fixed,2024-04-10 08:30:00-04:00,1.6432099999999827,L,2024,False
USDJPY,d1roc_h4ma,trail,2024-04-10 08:30:00-04:00,4.289035000000002,L,2024,False
USDJPY,h4_ma_aligned,trail,2024-04-10 08:30:00-04:00,4.289035000000002,L,2024,False
USDJPY,d1_roc20,trail,2024-04-10 08:30:00-04:00,4.289035000000002,L,2024,False
USDJPY,d1_adx_ge20,trail,2024-04-10 08:30:00-04:00,4.289035000000002,L,2024,False
USDJPY,d1_roc20,fixed,2024-04-10 08:30:00-04:00,1.6432099999999827,L,2024,False
USDJPY,d1roc_h4ma,fixed,2024-04-10 08:30:00-04:00,1.6432099999999827,L,2024,False
USDJPY,h4_ma_nocounter,fixed,2024-04-10 08:30:00-04:00,1.6432099999999827,L,2024,False
USDJPY,w1_dow_nocounter,fixed,2024-04-10 08:30:00-04:00,1.6432099999999827,L,2024,False
USDJPY,h4_ma_nocounter,trail,2024-04-10 08:30:00-04:00,4.289035000000002,L,2024,False
USDJPY,d1_adx_lt25,trail,2024-04-10 08:30:00-04:00,4.289035000000002,L,2024,False
USDJPY,w1_dow_strict,trail,2024-04-10 08:30:00-04:00,4.289035000000002,L,2024,False
USDJPY,none,fixed,2024-04-10 08:30:00-04:00,1.6432099999999827,L,2024,False
USDJPY,d1_adx_lt25,fixed,2024-04-10 08:30:00-04:00,1.6432099999999827,L,2024,False
USDJPY,d1_adx_ge20,fixed,2024-04-10 08:30:00-04:00,1.6432099999999827,L,2024,False
USDJPY,w1_dow_nocounter,trail,2024-04-10 08:30:00-04:00,4.289035000000002,L,2024,False
SP500,d1_adx_lt25,fixed,2024-04-10 08:36:00-04:00,-0.956600000000024,S,2024,False
SP500,d1_adx_ge20,fixed,2024-04-10 08:36:00-04:00,-0.956600000000024,S,2024,False
SP500,d1_adx_lt25,trail,2024-04-10 08:36:00-04:00,-0.956600000000024,S,2024,False
SP500,d1_adx_ge20,trail,2024-04-10 08:36:00-04:00,-0.956600000000024,S,2024,False
SP500,none,fixed,2024-04-10 08:36:00-04:00,-0.956600000000024,S,2024,False
SP500,w1_dow_nocounter,trail,2024-04-10 08:36:00-04:00,-0.956600000000024,S,2024,False
SP500,none,trail,2024-04-10 08:36:00-04:00,-0.956600000000024,S,2024,False
SP500,w1_dow_nocounter,fixed,2024-04-10 08:36:00-04:00,-0.956600000000024,S,2024,False
SP500,h4_ma_nocounter,fixed,2024-04-10 08:36:00-04:00,-0.956600000000024,S,2024,False
SP500,h4_ma_nocounter,trail,2024-04-10 08:36:00-04:00,-0.956600000000024,S,2024,False
USDCHF,h4_ma_nocounter,trail,2024-04-10 08:38:00-04:00,0.9175790499999755,L,2024,False
USDCHF,d1_roc20,trail,2024-04-10 08:38:00-04:00,0.9175790499999755,L,2024,False
USDCHF,d1roc_h4ma,trail,2024-04-10 08:38:00-04:00,0.9175790499999755,L,2024,False
USDCHF,w1_dow_nocounter,fixed,2024-04-10 08:38:00-04:00,1.5968874999999767,L,2024,False
USDCHF,none,fixed,2024-04-10 08:38:00-04:00,1.5968874999999767,L,2024,False
USDCHF,d1_adx_ge20,fixed,2024-04-10 08:38:00-04:00,1.5968874999999767,L,2024,False
USDCHF,none,trail,2024-04-10 08:38:00-04:00,0.9175790499999755,L,2024,False
USDCHF,d1roc_h4ma,fixed,2024-04-10 08:38:00-04:00,1.5968874999999767,L,2024,False
USDCHF,w1_dow_nocounter,trail,2024-04-10 08:38:00-04:00,0.9175790499999755,L,2024,False
USDCHF,d1_adx_ge20,trail,2024-04-10 08:38:00-04:00,0.9175790499999755,L,2024,False
USDCHF,h4_ma_nocounter,fixed,2024-04-10 08:38:00-04:00,1.5968874999999767,L,2024,False
USDCHF,d1_roc20,fixed,2024-04-10 08:38:00-04:00,1.5968874999999767,L,2024,False
GBPUSD,none,trail,2024-04-10 11:44:00-04:00,1.401185399999988,S,2024,False
GBPUSD,d1_roc20,fixed,2024-04-10 11:44:00-04:00,1.6395937500000037,S,2024,False
GBPUSD,d1_adx_lt25,trail,2024-04-10 11:44:00-04:00,1.401185399999988,S,2024,False
GBPUSD,d1roc_h4ma,trail,2024-04-10 11:44:00-04:00,1.401185399999988,S,2024,False
GBPUSD,d1_adx_lt25,fixed,2024-04-10 11:44:00-04:00,1.6395937500000037,S,2024,False
GBPUSD,h4_ma_nocounter,trail,2024-04-10 11:44:00-04:00,1.401185399999988,S,2024,False
GBPUSD,h4_ma_nocounter,fixed,2024-04-10 11:44:00-04:00,1.6395937500000037,S,2024,False
GBPUSD,none,fixed,2024-04-10 11:44:00-04:00,1.6395937500000037,S,2024,False
GBPUSD,d1_roc20,trail,2024-04-10 11:44:00-04:00,1.401185399999988,S,2024,False
GBPUSD,d1roc_h4ma,fixed,2024-04-10 11:44:00-04:00,1.6395937500000037,S,2024,False
EURUSD,d1_roc20,fixed,2024-04-11 08:15:00-04:00,1.6519101500000417,S,2024,False
EURUSD,h4_ma_nocounter,trail,2024-04-11 08:15:00-04:00,2.040325050000012,S,2024,False
EURUSD,d1roc_h4ma,fixed,2024-04-11 08:15:00-04:00,1.6519101500000417,S,2024,False
EURUSD,w1_dow_nocounter,trail,2024-04-11 08:15:00-04:00,2.040325050000012,S,2024,False
EURUSD,w1_dow_nocounter,fixed,2024-04-11 08:15:00-04:00,1.6519101500000417,S,2024,False
EURUSD,d1_adx_lt25,trail,2024-04-11 08:15:00-04:00,2.040325050000012,S,2024,False
EURUSD,none,trail,2024-04-11 08:15:00-04:00,2.040325050000012,S,2024,False
EURUSD,none,fixed,2024-04-11 08:15:00-04:00,1.6519101500000417,S,2024,False
EURUSD,d1_roc20,trail,2024-04-11 08:15:00-04:00,2.040325050000012,S,2024,False
EURUSD,d1roc_h4ma,trail,2024-04-11 08:15:00-04:00,2.040325050000012,S,2024,False
EURUSD,d1_adx_lt25,fixed,2024-04-11 08:15:00-04:00,1.6519101500000417,S,2024,False
EURUSD,h4_ma_nocounter,fixed,2024-04-11 08:15:00-04:00,1.6519101500000417,S,2024,False
AUDUSD,d1_roc20,trail,2024-04-12 08:43:00-04:00,1.721360349999984,S,2024,False
AUDUSD,d1_adx_lt25,trail,2024-04-12 08:43:00-04:00,1.721360349999984,S,2024,False
AUDUSD,none,fixed,2024-04-12 08:43:00-04:00,1.6420353999999988,S,2024,False
AUDUSD,d1_roc20,fixed,2024-04-12 08:43:00-04:00,1.6420353999999988,S,2024,False
AUDUSD,none,trail,2024-04-12 08:43:00-04:00,1.721360349999984,S,2024,False
AUDUSD,w1_dow_nocounter,fixed,2024-04-12 08:43:00-04:00,1.6420353999999988,S,2024,False
AUDUSD,w1_dow_nocounter,trail,2024-04-12 08:43:00-04:00,1.721360349999984,S,2024,False
AUDUSD,d1_adx_lt25,fixed,2024-04-12 08:43:00-04:00,1.6420353999999988,S,2024,False
USDJPY,w1_dow_nocounter,fixed,2024-04-22 11:33:00-04:00,1.653704999999984,L,2024,False
USDJPY,w1_dow_strict,fixed,2024-04-22 11:33:00-04:00,1.653704999999984,L,2024,False
USDJPY,d1_roc20,trail,2024-04-22 11:33:00-04:00,-0.3636900000000265,L,2024,False
USDJPY,d1_roc20,fixed,2024-04-22 11:33:00-04:00,1.653704999999984,L,2024,False
USDJPY,d1roc_h4ma,trail,2024-04-22 11:33:00-04:00,-0.3636900000000265,L,2024,False
USDJPY,none,trail,2024-04-22 11:33:00-04:00,-0.3636900000000265,L,2024,False
USDJPY,d1roc_h4ma,fixed,2024-04-22 11:33:00-04:00,1.653704999999984,L,2024,False
USDJPY,d1_adx_ge20,fixed,2024-04-22 11:33:00-04:00,1.653704999999984,L,2024,False
USDJPY,h4_ma_aligned,fixed,2024-04-22 11:33:00-04:00,1.653704999999984,L,2024,False
USDJPY,h4_ma_nocounter,trail,2024-04-22 11:33:00-04:00,-0.3636900000000265,L,2024,False
USDJPY,none,fixed,2024-04-22 11:33:00-04:00,1.653704999999984,L,2024,False
USDJPY,w1_dow_nocounter,trail,2024-04-22 11:33:00-04:00,-0.3636900000000265,L,2024,False
USDJPY,d1_adx_ge20,trail,2024-04-22 11:33:00-04:00,-0.3636900000000265,L,2024,False
USDJPY,h4_ma_nocounter,fixed,2024-04-22 11:33:00-04:00,1.653704999999984,L,2024,False
USDJPY,h4_ma_aligned,trail,2024-04-22 11:33:00-04:00,-0.3636900000000265,L,2024,False
USDJPY,w1_dow_strict,trail,2024-04-22 11:33:00-04:00,-0.3636900000000265,L,2024,False
USDCHF,d1_roc20,fixed,2024-04-24 08:12:00-04:00,-1.067530649999989,L,2024,False
USDCHF,none,trail,2024-04-24 08:12:00-04:00,-1.067530649999989,L,2024,False
USDCHF,none,fixed,2024-04-24 08:12:00-04:00,-1.067530649999989,L,2024,False
USDCHF,d1roc_h4ma,fixed,2024-04-24 08:12:00-04:00,-1.067530649999989,L,2024,False
USDCHF,d1_adx_ge20,trail,2024-04-24 08:12:00-04:00,-1.067530649999989,L,2024,False
USDCHF,w1_dow_nocounter,fixed,2024-04-24 08:12:00-04:00,-1.067530649999989,L,2024,False
USDCHF,h4_ma_nocounter,fixed,2024-04-24 08:12:00-04:00,-1.067530649999989,L,2024,False
USDCHF,d1_roc20,trail,2024-04-24 08:12:00-04:00,-1.067530649999989,L,2024,False
USDCHF,d1roc_h4ma,trail,2024-04-24 08:12:00-04:00,-1.067530649999989,L,2024,False
USDCHF,h4_ma_nocounter,trail,2024-04-24 08:12:00-04:00,-1.067530649999989,L,2024,False
USDCHF,w1_dow_nocounter,trail,2024-04-24 08:12:00-04:00,-1.067530649999989,L,2024,False
USDCHF,d1_adx_ge20,fixed,2024-04-24 08:12:00-04:00,-1.067530649999989,L,2024,False
USDJPY,none,fixed,2024-05-01 16:47:00-04:00,-1.0012649999999956,S,2024,False
USDJPY,none,trail,2024-05-01 16:47:00-04:00,-1.002375000000001,S,2024,False
USDJPY,d1_adx_ge20,trail,2024-05-01 16:47:00-04:00,-1.002375000000001,S,2024,False
USDJPY,d1_adx_ge20,fixed,2024-05-01 16:47:00-04:00,-1.0012649999999956,S,2024,False
USDCHF,w1_dow_nocounter,fixed,2024-05-03 01:26:00-04:00,1.6129822000000003,S,2024,False
USDCHF,d1_adx_ge20,trail,2024-05-03 01:26:00-04:00,0.6183924499999993,S,2024,False
USDCHF,none,fixed,2024-05-03 01:26:00-04:00,1.6129822000000003,S,2024,False
USDCHF,d1_adx_lt25,trail,2024-05-03 01:26:00-04:00,0.6183924499999993,S,2024,False
USDCHF,d1_adx_ge20,fixed,2024-05-03 01:26:00-04:00,1.6129822000000003,S,2024,False
USDCHF,w1_dow_nocounter,trail,2024-05-03 01:26:00-04:00,0.6183924499999993,S,2024,False
USDCHF,d1_adx_lt25,fixed,2024-05-03 01:26:00-04:00,1.6129822000000003,S,2024,False
USDCHF,none,trail,2024-05-03 01:26:00-04:00,0.6183924499999993,S,2024,False
EURUSD,none,fixed,2024-05-03 08:26:00-04:00,1.6511162500000183,L,2024,False
EURUSD,none,trail,2024-05-03 08:26:00-04:00,0.36629960000001177,L,2024,False
EURUSD,d1_adx_lt25,fixed,2024-05-03 08:26:00-04:00,1.6511162500000183,L,2024,False
EURUSD,d1_adx_lt25,trail,2024-05-03 08:26:00-04:00,0.36629960000001177,L,2024,False
GBPUSD,h4_ma_nocounter,fixed,2024-05-03 08:30:00-04:00,-1.0304442499999895,L,2024,False
AUDUSD,none,trail,2024-05-03 08:30:00-04:00,0.9920803500000046,L,2024,False
AUDUSD,h4_ma_nocounter,trail,2024-05-03 08:30:00-04:00,0.9920803500000046,L,2024,False
AUDUSD,d1_adx_lt25,fixed,2024-05-03 08:30:00-04:00,1.6441745000000159,L,2024,False
GBPUSD,d1_adx_ge20,fixed,2024-05-03 08:30:00-04:00,-1.0304442499999895,L,2024,False
GBPUSD,w1_dow_nocounter,fixed,2024-05-03 08:30:00-04:00,-1.0304442499999895,L,2024,False
GBPUSD,none,trail,2024-05-03 08:30:00-04:00,-0.7538645999999624,L,2024,False
GBPUSD,w1_dow_nocounter,trail,2024-05-03 08:30:00-04:00,-0.7538645999999624,L,2024,False
GBPUSD,none,fixed,2024-05-03 08:30:00-04:00,-1.0304442499999895,L,2024,False
GBPUSD,h4_ma_nocounter,trail,2024-05-03 08:30:00-04:00,-0.7538645999999624,L,2024,False
AUDUSD,none,fixed,2024-05-03 08:30:00-04:00,1.6441745000000159,L,2024,False
AUDUSD,h4_ma_nocounter,fixed,2024-05-03 08:30:00-04:00,1.6441745000000159,L,2024,False
GBPUSD,d1_adx_lt25,fixed,2024-05-03 08:30:00-04:00,-1.0304442499999895,L,2024,False
GBPUSD,d1_adx_ge20,trail,2024-05-03 08:30:00-04:00,-0.7538645999999624,L,2024,False
AUDUSD,h4_ma_aligned,fixed,2024-05-03 08:30:00-04:00,1.6441745000000159,L,2024,False
AUDUSD,d1_adx_lt25,trail,2024-05-03 08:30:00-04:00,0.9920803500000046,L,2024,False
AUDUSD,h4_ma_aligned,trail,2024-05-03 08:30:00-04:00,0.9920803500000046,L,2024,False
GBPUSD,d1_adx_lt25,trail,2024-05-03 08:30:00-04:00,-0.7538645999999624,L,2024,False
SP500,w1_dow_nocounter,trail,2024-05-03 08:36:00-04:00,1.2784000000000137,L,2024,False
SP500,d1_adx_ge20,fixed,2024-05-03 08:36:00-04:00,1.4746000000000001,L,2024,False
SP500,none,trail,2024-05-03 08:36:00-04:00,1.2784000000000137,L,2024,False
SP500,d1_adx_ge20,trail,2024-05-03 08:36:00-04:00,1.2784000000000137,L,2024,False
SP500,w1_dow_nocounter,fixed,2024-05-03 08:36:00-04:00,1.4746000000000001,L,2024,False
SP500,none,fixed,2024-05-03 08:36:00-04:00,1.4746000000000001,L,2024,False
EURUSD,d1_adx_lt25,fixed,2024-05-14 09:08:00-04:00,1.6517321499999371,L,2024,False
EURUSD,d1roc_h4ma,fixed,2024-05-14 09:08:00-04:00,1.6517321499999371,L,2024,False
EURUSD,d1_roc20,fixed,2024-05-14 09:08:00-04:00,1.6517321499999371,L,2024,False
EURUSD,d1_adx_lt25,trail,2024-05-14 09:08:00-04:00,1.6126499499999418,L,2024,False
EURUSD,none,fixed,2024-05-14 09:08:00-04:00,1.6517321499999371,L,2024,False
EURUSD,h4_ma_nocounter,trail,2024-05-14 09:08:00-04:00,1.6126499499999418,L,2024,False
EURUSD,h4_ma_aligned,fixed,2024-05-14 09:08:00-04:00,1.6517321499999371,L,2024,False
EURUSD,none,trail,2024-05-14 09:08:00-04:00,1.6126499499999418,L,2024,False
EURUSD,d1roc_h4ma,trail,2024-05-14 09:08:00-04:00,1.6126499499999418,L,2024,False
EURUSD,d1_roc20,trail,2024-05-14 09:08:00-04:00,1.6126499499999418,L,2024,False
EURUSD,h4_ma_aligned,trail,2024-05-14 09:08:00-04:00,1.6126499499999418,L,2024,False
EURUSD,h4_ma_nocounter,fixed,2024-05-14 09:08:00-04:00,1.6517321499999371,L,2024,False
AUDUSD,none,fixed,2024-05-14 23:30:00-04:00,1.6306607500000012,L,2024,False
AUDUSD,h4_ma_aligned,trail,2024-05-14 23:30:00-04:00,0.3890795000000087,L,2024,False
AUDUSD,h4_ma_nocounter,fixed,2024-05-14 23:30:00-04:00,1.6306607500000012,L,2024,False
AUDUSD,d1roc_h4ma,trail,2024-05-14 23:30:00-04:00,0.3890795000000087,L,2024,False
AUDUSD,h4_ma_nocounter,trail,2024-05-14 23:30:00-04:00,0.3890795000000087,L,2024,False
AUDUSD,none,trail,2024-05-14 23:30:00-04:00,0.3890795000000087,L,2024,False
AUDUSD,h4_ma_aligned,fixed,2024-05-14 23:30:00-04:00,1.6306607500000012,L,2024,False
AUDUSD,d1_adx_lt25,fixed,2024-05-14 23:30:00-04:00,1.6306607500000012,L,2024,False
AUDUSD,d1roc_h4ma,fixed,2024-05-14 23:30:00-04:00,1.6306607500000012,L,2024,False
AUDUSD,d1_adx_lt25,trail,2024-05-14 23:30:00-04:00,0.3890795000000087,L,2024,False
AUDUSD,d1_roc20,fixed,2024-05-14 23:30:00-04:00,1.6306607500000012,L,2024,False
AUDUSD,d1_roc20,trail,2024-05-14 23:30:00-04:00,0.3890795000000087,L,2024,False
GBPUSD,d1_adx_lt25,fixed,2024-05-15 08:30:00-04:00,1.6290808999999877,L,2024,False
GBPUSD,h4_ma_aligned,trail,2024-05-15 08:30:00-04:00,0.48077539999997576,L,2024,False
GBPUSD,w1_dow_nocounter,fixed,2024-05-15 08:30:00-04:00,1.6290808999999877,L,2024,False
GBPUSD,none,trail,2024-05-15 08:30:00-04:00,0.48077539999997576,L,2024,False
GBPUSD,h4_ma_nocounter,trail,2024-05-15 08:30:00-04:00,0.48077539999997576,L,2024,False
GBPUSD,none,fixed,2024-05-15 08:30:00-04:00,1.6290808999999877,L,2024,False
GBPUSD,d1_adx_lt25,trail,2024-05-15 08:30:00-04:00,0.48077539999997576,L,2024,False
GBPUSD,d1_roc20,fixed,2024-05-15 08:30:00-04:00,1.6290808999999877,L,2024,False
GBPUSD,w1_dow_nocounter,trail,2024-05-15 08:30:00-04:00,0.48077539999997576,L,2024,False
GBPUSD,h4_ma_nocounter,fixed,2024-05-15 08:30:00-04:00,1.6290808999999877,L,2024,False
GBPUSD,d1_roc20,trail,2024-05-15 08:30:00-04:00,0.48077539999997576,L,2024,False
GBPUSD,h4_ma_aligned,fixed,2024-05-15 08:30:00-04:00,1.6290808999999877,L,2024,False
GBPUSD,d1roc_h4ma,fixed,2024-05-15 08:30:00-04:00,1.6290808999999877,L,2024,False
GBPUSD,d1roc_h4ma,trail,2024-05-15 08:30:00-04:00,0.48077539999997576,L,2024,False
USDCHF,d1_adx_lt25,trail,2024-05-15 19:48:00-04:00,-1.0675992500000135,S,2024,False
USDCHF,d1roc_h4ma,fixed,2024-05-15 19:48:00-04:00,-1.0678404500000296,S,2024,False
USDCHF,h4_ma_aligned,trail,2024-05-15 19:48:00-04:00,-1.0675992500000135,S,2024,False
USDCHF,h4_ma_nocounter,trail,2024-05-15 19:48:00-04:00,-1.0675992500000135,S,2024,False
USDCHF,d1_roc20,fixed,2024-05-15 19:48:00-04:00,-1.0678404500000296,S,2024,False
USDCHF,d1_adx_lt25,fixed,2024-05-15 19:48:00-04:00,-1.0678404500000296,S,2024,False
USDCHF,none,trail,2024-05-15 19:48:00-04:00,-1.0675992500000135,S,2024,False
USDCHF,d1_roc20,trail,2024-05-15 19:48:00-04:00,-1.0675992500000135,S,2024,False
USDCHF,h4_ma_aligned,fixed,2024-05-15 19:48:00-04:00,-1.0678404500000296,S,2024,False
USDCHF,d1roc_h4ma,trail,2024-05-15 19:48:00-04:00,-1.0675992500000135,S,2024,False
USDCHF,none,fixed,2024-05-15 19:48:00-04:00,-1.0678404500000296,S,2024,False
USDCHF,w1_dow_nocounter,trail,2024-05-15 19:48:00-04:00,-1.0675992500000135,S,2024,False
USDCHF,h4_ma_nocounter,fixed,2024-05-15 19:48:00-04:00,-1.0678404500000296,S,2024,False
USDCHF,w1_dow_nocounter,fixed,2024-05-15 19:48:00-04:00,-1.0678404500000296,S,2024,False
USDCHF,d1_adx_lt25,fixed,2024-05-20 08:26:00-04:00,1.5914613499999866,L,2024,False
USDCHF,none,fixed,2024-05-20 08:26:00-04:00,1.5914613499999866,L,2024,False
USDCHF,w1_dow_nocounter,fixed,2024-05-20 08:26:00-04:00,1.5914613499999866,L,2024,False
USDCHF,w1_dow_nocounter,trail,2024-05-20 08:26:00-04:00,1.4535457499999762,L,2024,False
USDCHF,d1_adx_lt25,trail,2024-05-20 08:26:00-04:00,1.4535457499999762,L,2024,False
USDCHF,d1_adx_ge20,trail,2024-05-20 08:26:00-04:00,1.4535457499999762,L,2024,False
USDCHF,none,trail,2024-05-20 08:26:00-04:00,1.4535457499999762,L,2024,False
USDCHF,d1_adx_ge20,fixed,2024-05-20 08:26:00-04:00,1.5914613499999866,L,2024,False
SP500,d1roc_h4ma,trail,2024-05-21 22:01:00-04:00,-1.0141500000000065,L,2024,False
SP500,w1_dow_nocounter,fixed,2024-05-21 22:01:00-04:00,-1.0141500000000065,L,2024,False
SP500,w1_dow_nocounter,trail,2024-05-21 22:01:00-04:00,-1.0141500000000065,L,2024,False
SP500,h4_ma_aligned,trail,2024-05-21 22:01:00-04:00,-1.0141500000000065,L,2024,False
SP500,d1_roc20,trail,2024-05-21 22:01:00-04:00,-1.0141500000000065,L,2024,False
SP500,d1_adx_lt25,fixed,2024-05-21 22:01:00-04:00,-1.0141500000000065,L,2024,False
SP500,d1_roc20,fixed,2024-05-21 22:01:00-04:00,-1.0141500000000065,L,2024,False
SP500,d1roc_h4ma,fixed,2024-05-21 22:01:00-04:00,-1.0141500000000065,L,2024,False
SP500,none,trail,2024-05-21 22:01:00-04:00,-1.0141500000000065,L,2024,False
SP500,d1_adx_ge20,fixed,2024-05-21 22:01:00-04:00,-1.0141500000000065,L,2024,False
SP500,h4_ma_nocounter,fixed,2024-05-21 22:01:00-04:00,-1.0141500000000065,L,2024,False
SP500,none,fixed,2024-05-21 22:01:00-04:00,-1.0141500000000065,L,2024,False
SP500,h4_ma_nocounter,trail,2024-05-21 22:01:00-04:00,-1.0141500000000065,L,2024,False
SP500,d1_adx_lt25,trail,2024-05-21 22:01:00-04:00,-1.0141500000000065,L,2024,False
SP500,h4_ma_aligned,fixed,2024-05-21 22:01:00-04:00,-1.0141500000000065,L,2024,False
SP500,d1_adx_ge20,trail,2024-05-21 22:01:00-04:00,-1.0141500000000065,L,2024,False
USDJPY,d1_adx_ge20,fixed,2024-05-22 16:44:00-04:00,1.654409999999987,L,2024,False
USDJPY,h4_ma_nocounter,fixed,2024-05-22 16:44:00-04:00,1.654409999999987,L,2024,False
USDJPY,d1_adx_lt25,trail,2024-05-22 16:44:00-04:00,-0.17926999999996293,L,2024,False
USDJPY,h4_ma_aligned,fixed,2024-05-22 16:44:00-04:00,1.654409999999987,L,2024,False
USDJPY,w1_dow_nocounter,trail,2024-05-22 16:44:00-04:00,-0.17926999999996293,L,2024,False
USDJPY,w1_dow_strict,trail,2024-05-22 16:44:00-04:00,-0.17926999999996293,L,2024,False
USDJPY,d1_adx_ge20,trail,2024-05-22 16:44:00-04:00,-0.17926999999996293,L,2024,False
USDJPY,h4_ma_nocounter,trail,2024-05-22 16:44:00-04:00,-0.17926999999996293,L,2024,False
USDJPY,w1_dow_nocounter,fixed,2024-05-22 16:44:00-04:00,1.654409999999987,L,2024,False
USDJPY,d1roc_h4ma,fixed,2024-05-22 16:44:00-04:00,1.654409999999987,L,2024,False
USDJPY,none,trail,2024-05-22 16:44:00-04:00,-0.17926999999996293,L,2024,False
USDJPY,none,fixed,2024-05-22 16:44:00-04:00,1.654409999999987,L,2024,False
USDJPY,h4_ma_aligned,trail,2024-05-22 16:44:00-04:00,-0.17926999999996293,L,2024,False
USDJPY,d1_adx_lt25,fixed,2024-05-22 16:44:00-04:00,1.654409999999987,L,2024,False
USDJPY,d1_roc20,trail,2024-05-22 16:44:00-04:00,-0.17926999999996293,L,2024,False
USDJPY,d1roc_h4ma,trail,2024-05-22 16:44:00-04:00,-0.17926999999996293,L,2024,False
USDJPY,w1_dow_strict,fixed,2024-05-22 16:44:00-04:00,1.654409999999987,L,2024,False
USDJPY,d1_roc20,fixed,2024-05-22 16:44:00-04:00,1.654409999999987,L,2024,False
GBPUSD,w1_dow_nocounter,fixed,2024-05-27 09:22:00-04:00,-1.0449536499999892,L,2024,False
GBPUSD,h4_ma_aligned,fixed,2024-05-27 09:22:00-04:00,-1.0449536499999892,L,2024,False
GBPUSD,h4_ma_aligned,trail,2024-05-27 09:22:00-04:00,0.15085214999998608,L,2024,False
GBPUSD,d1_adx_ge20,trail,2024-05-27 09:22:00-04:00,0.15085214999998608,L,2024,False
GBPUSD,d1roc_h4ma,trail,2024-05-27 09:22:00-04:00,0.15085214999998608,L,2024,False
GBPUSD,d1_adx_lt25,trail,2024-05-27 09:22:00-04:00,0.15085214999998608,L,2024,False
GBPUSD,h4_ma_nocounter,trail,2024-05-27 09:22:00-04:00,0.15085214999998608,L,2024,False
GBPUSD,d1_adx_lt25,fixed,2024-05-27 09:22:00-04:00,-1.0449536499999892,L,2024,False
GBPUSD,none,fixed,2024-05-27 09:22:00-04:00,-1.0449536499999892,L,2024,False
GBPUSD,none,trail,2024-05-27 09:22:00-04:00,0.15085214999998608,L,2024,False
GBPUSD,d1_roc20,fixed,2024-05-27 09:22:00-04:00,-1.0449536499999892,L,2024,False
GBPUSD,h4_ma_nocounter,fixed,2024-05-27 09:22:00-04:00,-1.0449536499999892,L,2024,False
GBPUSD,d1roc_h4ma,fixed,2024-05-27 09:22:00-04:00,-1.0449536499999892,L,2024,False
GBPUSD,d1_adx_ge20,fixed,2024-05-27 09:22:00-04:00,-1.0449536499999892,L,2024,False
GBPUSD,w1_dow_nocounter,trail,2024-05-27 09:22:00-04:00,0.15085214999998608,L,2024,False
GBPUSD,d1_roc20,trail,2024-05-27 09:22:00-04:00,0.15085214999998608,L,2024,False
USDJPY,h4_ma_aligned,trail,2024-05-28 16:32:00-04:00,-0.7794700000000048,L,2024,False
USDJPY,h4_ma_nocounter,trail,2024-05-28 16:32:00-04:00,-0.7794700000000048,L,2024,False
USDJPY,w1_dow_nocounter,trail,2024-05-28 16:32:00-04:00,-0.7794700000000048,L,2024,False
USDJPY,none,trail,2024-05-28 16:32:00-04:00,-0.7794700000000048,L,2024,False
USDJPY,d1_adx_ge20,trail,2024-05-28 16:32:00-04:00,-0.7794700000000048,L,2024,False
USDJPY,d1_roc20,trail,2024-05-28 16:32:00-04:00,-0.7794700000000048,L,2024,False
USDJPY,w1_dow_strict,trail,2024-05-28 16:32:00-04:00,-0.7794700000000048,L,2024,False
USDJPY,d1roc_h4ma,trail,2024-05-28 16:32:00-04:00,-0.7794700000000048,L,2024,False
USDJPY,d1_adx_lt25,trail,2024-05-28 16:32:00-04:00,-0.7794700000000048,L,2024,False
EURUSD,w1_dow_nocounter,fixed,2024-05-29 15:02:00-04:00,-1.0169329999999774,S,2024,False
EURUSD,d1_adx_lt25,fixed,2024-05-29 15:02:00-04:00,-1.0169329999999774,S,2024,False
EURUSD,w1_dow_nocounter,trail,2024-05-29 15:02:00-04:00,-1.016872899999999,S,2024,False
EURUSD,w1_dow_strict,trail,2024-05-29 15:02:00-04:00,-1.016872899999999,S,2024,False
EURUSD,w1_dow_strict,fixed,2024-05-29 15:02:00-04:00,-1.0169329999999774,S,2024,False
EURUSD,none,trail,2024-05-29 15:02:00-04:00,-1.016872899999999,S,2024,False
EURUSD,d1_adx_lt25,trail,2024-05-29 15:02:00-04:00,-1.016872899999999,S,2024,False
EURUSD,none,fixed,2024-05-29 15:02:00-04:00,-1.0169329999999774,S,2024,False
SP500,w1_dow_nocounter,trail,2024-05-29 18:01:00-04:00,0.025200000000021826,S,2024,False
SP500,w1_dow_nocounter,fixed,2024-05-29 18:01:00-04:00,1.466050000000003,S,2024,False
SP500,none,fixed,2024-05-29 18:01:00-04:00,1.466050000000003,S,2024,False
SP500,d1_adx_lt25,fixed,2024-05-29 18:01:00-04:00,1.466050000000003,S,2024,False
SP500,h4_ma_nocounter,trail,2024-05-29 18:01:00-04:00,0.025200000000021826,S,2024,False
SP500,d1_adx_lt25,trail,2024-05-29 18:01:00-04:00,0.025200000000021826,S,2024,False
SP500,none,trail,2024-05-29 18:01:00-04:00,0.025200000000021826,S,2024,False
SP500,h4_ma_nocounter,fixed,2024-05-29 18:01:00-04:00,1.466050000000003,S,2024,False
AUDUSD,d1_adx_lt25,trail,2024-05-30 01:48:00-04:00,-1.032652099999983,S,2024,False
AUDUSD,w1_dow_nocounter,trail,2024-05-30 01:48:00-04:00,-1.032652099999983,S,2024,False
AUDUSD,h4_ma_nocounter,trail,2024-05-30 01:48:00-04:00,-1.032652099999983,S,2024,False
AUDUSD,none,trail,2024-05-30 01:48:00-04:00,-1.032652099999983,S,2024,False
AUDUSD,none,fixed,2024-05-30 01:48:00-04:00,-1.032652099999983,S,2024,False
AUDUSD,h4_ma_nocounter,fixed,2024-05-30 01:48:00-04:00,-1.032652099999983,S,2024,False
AUDUSD,d1_adx_lt25,fixed,2024-05-30 01:48:00-04:00,-1.032652099999983,S,2024,False
AUDUSD,w1_dow_nocounter,fixed,2024-05-30 01:48:00-04:00,-1.032652099999983,S,2024,False
USDCHF,w1_dow_nocounter,fixed,2024-06-03 10:00:00-04:00,1.6082601500000182,S,2024,False
AUDUSD,d1_roc20,fixed,2024-06-03 10:00:00-04:00,-1.027494199999975,L,2024,False
USDCHF,none,trail,2024-06-03 10:00:00-04:00,1.6628114000000056,S,2024,False
USDCHF,d1_adx_lt25,trail,2024-06-03 10:00:00-04:00,1.6628114000000056,S,2024,False
USDCHF,h4_ma_nocounter,trail,2024-06-03 10:00:00-04:00,1.6628114000000056,S,2024,False
AUDUSD,d1_adx_lt25,fixed,2024-06-03 10:00:00-04:00,-1.027494199999975,L,2024,False
AUDUSD,d1_adx_lt25,trail,2024-06-03 10:00:00-04:00,-1.0275742999999893,L,2024,False
AUDUSD,w1_dow_nocounter,trail,2024-06-03 10:00:00-04:00,-1.0275742999999893,L,2024,False
USDCHF,d1_adx_lt25,fixed,2024-06-03 10:00:00-04:00,1.6082601500000182,S,2024,False
USDCHF,d1roc_h4ma,fixed,2024-06-03 10:00:00-04:00,1.6082601500000182,S,2024,False
USDCHF,d1_roc20,fixed,2024-06-03 10:00:00-04:00,1.6082601500000182,S,2024,False
AUDUSD,none,trail,2024-06-03 10:00:00-04:00,-1.0275742999999893,L,2024,False
AUDUSD,d1roc_h4ma,trail,2024-06-03 10:00:00-04:00,-1.0275742999999893,L,2024,False
USDCHF,d1roc_h4ma,trail,2024-06-03 10:00:00-04:00,1.6628114000000056,S,2024,False
AUDUSD,h4_ma_nocounter,fixed,2024-06-03 10:00:00-04:00,-1.027494199999975,L,2024,False
AUDUSD,h4_ma_nocounter,trail,2024-06-03 10:00:00-04:00,-1.0275742999999893,L,2024,False
AUDUSD,none,fixed,2024-06-03 10:00:00-04:00,-1.027494199999975,L,2024,False
USDCHF,w1_dow_nocounter,trail,2024-06-03 10:00:00-04:00,1.6628114000000056,S,2024,False
AUDUSD,w1_dow_nocounter,fixed,2024-06-03 10:00:00-04:00,-1.027494199999975,L,2024,False
AUDUSD,d1roc_h4ma,fixed,2024-06-03 10:00:00-04:00,-1.027494199999975,L,2024,False
USDCHF,d1_roc20,trail,2024-06-03 10:00:00-04:00,1.6628114000000056,S,2024,False
USDCHF,h4_ma_nocounter,fixed,2024-06-03 10:00:00-04:00,1.6082601500000182,S,2024,False
AUDUSD,d1_roc20,trail,2024-06-03 10:00:00-04:00,-1.0275742999999893,L,2024,False
USDCHF,none,fixed,2024-06-03 10:00:00-04:00,1.6082601500000182,S,2024,False
EURUSD,d1_adx_lt25,trail,2024-06-03 11:36:00-04:00,-0.962691699999966,L,2024,False
EURUSD,h4_ma_nocounter,trail,2024-06-03 11:36:00-04:00,-0.962691699999966,L,2024,False
EURUSD,none,trail,2024-06-03 11:36:00-04:00,-0.962691699999966,L,2024,False
EURUSD,d1_roc20,trail,2024-06-03 11:36:00-04:00,-0.962691699999966,L,2024,False
EURUSD,d1roc_h4ma,fixed,2024-06-03 11:36:00-04:00,-1.0163751000000163,L,2024,False
EURUSD,d1_adx_lt25,fixed,2024-06-03 11:36:00-04:00,-1.0163751000000163,L,2024,False
EURUSD,h4_ma_nocounter,fixed,2024-06-03 11:36:00-04:00,-1.0163751000000163,L,2024,False
EURUSD,d1roc_h4ma,trail,2024-06-03 11:36:00-04:00,-0.962691699999966,L,2024,False
EURUSD,d1_roc20,fixed,2024-06-03 11:36:00-04:00,-1.0163751000000163,L,2024,False
EURUSD,none,fixed,2024-06-03 11:36:00-04:00,-1.0163751000000163,L,2024,False
GBPUSD,none,fixed,2024-06-03 16:00:00-04:00,-1.0278250499999981,L,2024,False
GBPUSD,d1_adx_lt25,trail,2024-06-03 16:00:00-04:00,-1.0278250499999981,L,2024,False
GBPUSD,d1roc_h4ma,fixed,2024-06-03 16:00:00-04:00,-1.0278250499999981,L,2024,False
GBPUSD,d1_adx_lt25,fixed,2024-06-03 16:00:00-04:00,-1.0278250499999981,L,2024,False
GBPUSD,w1_dow_nocounter,fixed,2024-06-03 16:00:00-04:00,-1.0278250499999981,L,2024,False
GBPUSD,d1_adx_ge20,fixed,2024-06-03 16:00:00-04:00,-1.0278250499999981,L,2024,False
GBPUSD,d1roc_h4ma,trail,2024-06-03 16:00:00-04:00,-1.0278250499999981,L,2024,False
GBPUSD,h4_ma_nocounter,trail,2024-06-03 16:00:00-04:00,-1.0278250499999981,L,2024,False
GBPUSD,h4_ma_nocounter,fixed,2024-06-03 16:00:00-04:00,-1.0278250499999981,L,2024,False
GBPUSD,w1_dow_nocounter,trail,2024-06-03 16:00:00-04:00,-1.0278250499999981,L,2024,False
GBPUSD,d1_roc20,fixed,2024-06-03 16:00:00-04:00,-1.0278250499999981,L,2024,False
GBPUSD,d1_roc20,trail,2024-06-03 16:00:00-04:00,-1.0278250499999981,L,2024,False
GBPUSD,d1_adx_ge20,trail,2024-06-03 16:00:00-04:00,-1.0278250499999981,L,2024,False
GBPUSD,none,trail,2024-06-03 16:00:00-04:00,-1.0278250499999981,L,2024,False
SP500,d1_roc20,fixed,2024-06-05 18:38:00-04:00,-0.8851000000000028,L,2024,False
SP500,d1_adx_lt25,fixed,2024-06-05 18:38:00-04:00,-0.8851000000000028,L,2024,False
SP500,h4_ma_nocounter,trail,2024-06-05 18:38:00-04:00,-0.5743499999999955,L,2024,False
SP500,w1_dow_nocounter,fixed,2024-06-05 18:38:00-04:00,-0.8851000000000028,L,2024,False
SP500,h4_ma_aligned,fixed,2024-06-05 18:38:00-04:00,-0.8851000000000028,L,2024,False
SP500,w1_dow_nocounter,trail,2024-06-05 18:38:00-04:00,-0.5743499999999955,L,2024,False
SP500,none,fixed,2024-06-05 18:38:00-04:00,-0.8851000000000028,L,2024,False
SP500,h4_ma_aligned,trail,2024-06-05 18:38:00-04:00,-0.5743499999999955,L,2024,False
SP500,none,trail,2024-06-05 18:38:00-04:00,-0.5743499999999955,L,2024,False
SP500,d1_roc20,trail,2024-06-05 18:38:00-04:00,-0.5743499999999955,L,2024,False
SP500,d1roc_h4ma,fixed,2024-06-05 18:38:00-04:00,-0.8851000000000028,L,2024,False
SP500,d1_adx_lt25,trail,2024-06-05 18:38:00-04:00,-0.5743499999999955,L,2024,False
SP500,h4_ma_nocounter,fixed,2024-06-05 18:38:00-04:00,-0.8851000000000028,L,2024,False
SP500,d1roc_h4ma,trail,2024-06-05 18:38:00-04:00,-0.5743499999999955,L,2024,False
AUDUSD,none,trail,2024-06-07 10:11:00-04:00,-0.5462489000000257,S,2024,False
AUDUSD,w1_dow_nocounter,fixed,2024-06-07 10:11:00-04:00,-1.0247373000000055,S,2024,False
AUDUSD,none,fixed,2024-06-07 10:11:00-04:00,-1.0247373000000055,S,2024,False
AUDUSD,d1_adx_lt25,trail,2024-06-07 10:11:00-04:00,-0.5462489000000257,S,2024,False
AUDUSD,d1_adx_lt25,fixed,2024-06-07 10:11:00-04:00,-1.0247373000000055,S,2024,False
AUDUSD,w1_dow_nocounter,trail,2024-06-07 10:11:00-04:00,-0.5462489000000257,S,2024,False
EURUSD,w1_dow_nocounter,fixed,2024-06-09 18:01:00-04:00,1.2804142999999883,S,2024,False
EURUSD,none,trail,2024-06-09 18:01:00-04:00,0.6547418999999857,S,2024,False
EURUSD,w1_dow_strict,trail,2024-06-09 18:01:00-04:00,0.6547418999999857,S,2024,False
EURUSD,w1_dow_nocounter,trail,2024-06-09 18:01:00-04:00,0.6547418999999857,S,2024,False
EURUSD,w1_dow_strict,fixed,2024-06-09 18:01:00-04:00,1.2804142999999883,S,2024,False
EURUSD,none,fixed,2024-06-09 18:01:00-04:00,1.2804142999999883,S,2024,False
EURUSD,d1_adx_lt25,fixed,2024-06-09 18:01:00-04:00,1.2804142999999883,S,2024,False
EURUSD,d1_adx_lt25,trail,2024-06-09 18:01:00-04:00,0.6547418999999857,S,2024,False
GBPUSD,w1_dow_nocounter,trail,2024-06-12 08:30:00-04:00,-0.8177913499999808,L,2024,False
GBPUSD,d1_roc20,trail,2024-06-12 08:30:00-04:00,-0.8177913499999808,L,2024,False
GBPUSD,d1roc_h4ma,trail,2024-06-12 08:30:00-04:00,-0.8177913499999808,L,2024,False
GBPUSD,none,fixed,2024-06-12 08:30:00-04:00,-1.0392139999999892,L,2024,False
GBPUSD,h4_ma_nocounter,fixed,2024-06-12 08:30:00-04:00,-1.0392139999999892,L,2024,False
GBPUSD,none,trail,2024-06-12 08:30:00-04:00,-0.8177913499999808,L,2024,False
GBPUSD,d1roc_h4ma,fixed,2024-06-12 08:30:00-04:00,-1.0392139999999892,L,2024,False
GBPUSD,h4_ma_nocounter,trail,2024-06-12 08:30:00-04:00,-0.8177913499999808,L,2024,False
GBPUSD,d1_adx_lt25,trail,2024-06-12 08:30:00-04:00,-0.8177913499999808,L,2024,False
GBPUSD,w1_dow_nocounter,fixed,2024-06-12 08:30:00-04:00,-1.0392139999999892,L,2024,False
GBPUSD,d1_roc20,fixed,2024-06-12 08:30:00-04:00,-1.0392139999999892,L,2024,False
GBPUSD,d1_adx_lt25,fixed,2024-06-12 08:30:00-04:00,-1.0392139999999892,L,2024,False
AUDUSD,none,fixed,2024-06-12 10:25:00-04:00,-1.0246606499999722,L,2024,False
AUDUSD,w1_dow_nocounter,fixed,2024-06-12 10:25:00-04:00,-1.0246606499999722,L,2024,False
AUDUSD,none,trail,2024-06-12 10:25:00-04:00,-1.0246606499999722,L,2024,False
AUDUSD,w1_dow_nocounter,trail,2024-06-12 10:25:00-04:00,-1.0246606499999722,L,2024,False
AUDUSD,d1_adx_lt25,fixed,2024-06-12 10:25:00-04:00,-1.0246606499999722,L,2024,False
AUDUSD,d1_adx_lt25,trail,2024-06-12 10:25:00-04:00,-1.0246606499999722,L,2024,False
USDJPY,d1_adx_lt25,trail,2024-06-13 23:24:00-04:00,-1.0055950000000171,L,2024,False
USDJPY,w1_dow_nocounter,fixed,2024-06-13 23:24:00-04:00,-1.0055950000000171,L,2024,False
USDJPY,h4_ma_nocounter,trail,2024-06-13 23:24:00-04:00,-1.0055950000000171,L,2024,False
USDJPY,w1_dow_strict,fixed,2024-06-13 23:24:00-04:00,-1.0055950000000171,L,2024,False
USDJPY,w1_dow_strict,trail,2024-06-13 23:24:00-04:00,-1.0055950000000171,L,2024,False
USDJPY,d1_roc20,trail,2024-06-13 23:24:00-04:00,-1.0055950000000171,L,2024,False
USDJPY,none,trail,2024-06-13 23:24:00-04:00,-1.0055950000000171,L,2024,False
USDJPY,h4_ma_nocounter,fixed,2024-06-13 23:24:00-04:00,-1.0055950000000171,L,2024,False
USDJPY,none,fixed,2024-06-13 23:24:00-04:00,-1.0055950000000171,L,2024,False
USDJPY,d1roc_h4ma,trail,2024-06-13 23:24:00-04:00,-1.0055950000000171,L,2024,False
USDJPY,w1_dow_nocounter,trail,2024-06-13 23:24:00-04:00,-1.0055950000000171,L,2024,False
USDJPY,d1roc_h4ma,fixed,2024-06-13 23:24:00-04:00,-1.0055950000000171,L,2024,False
USDJPY,d1_roc20,fixed,2024-06-13 23:24:00-04:00,-1.0055950000000171,L,2024,False
USDJPY,d1_adx_lt25,fixed,2024-06-13 23:24:00-04:00,-1.0055950000000171,L,2024,False
GBPUSD,w1_dow_nocounter,fixed,2024-06-14 08:18:00-04:00,-1.0294972500000206,S,2024,False
GBPUSD,d1_adx_ge20,trail,2024-06-14 08:18:00-04:00,-0.649394499999992,S,2024,False
GBPUSD,none,trail,2024-06-14 08:18:00-04:00,-0.649394499999992,S,2024,False
GBPUSD,none,fixed,2024-06-14 08:18:00-04:00,-1.0294972500000206,S,2024,False
GBPUSD,w1_dow_nocounter,trail,2024-06-14 08:18:00-04:00,-0.649394499999992,S,2024,False
GBPUSD,d1_adx_lt25,fixed,2024-06-14 08:18:00-04:00,-1.0294972500000206,S,2024,False
GBPUSD,d1_adx_lt25,trail,2024-06-14 08:18:00-04:00,-0.649394499999992,S,2024,False
GBPUSD,d1_adx_ge20,fixed,2024-06-14 08:18:00-04:00,-1.0294972500000206,S,2024,False
USDCHF,d1_roc20,trail,2024-06-17 20:52:00-04:00,1.1566797500000108,S,2024,False
USDCHF,d1_adx_ge20,fixed,2024-06-17 20:52:00-04:00,1.6019788500000107,S,2024,False
USDCHF,h4_ma_nocounter,fixed,2024-06-17 20:52:00-04:00,1.6019788500000107,S,2024,False
USDCHF,none,trail,2024-06-17 20:52:00-04:00,1.1566797500000108,S,2024,False
USDCHF,w1_dow_nocounter,trail,2024-06-17 20:52:00-04:00,1.1566797500000108,S,2024,False
USDCHF,d1_adx_ge20,trail,2024-06-17 20:52:00-04:00,1.1566797500000108,S,2024,False
USDCHF,d1roc_h4ma,fixed,2024-06-17 20:52:00-04:00,1.6019788500000107,S,2024,False
USDCHF,h4_ma_aligned,trail,2024-06-17 20:52:00-04:00,1.1566797500000108,S,2024,False
USDCHF,h4_ma_aligned,fixed,2024-06-17 20:52:00-04:00,1.6019788500000107,S,2024,False
USDCHF,d1_roc20,fixed,2024-06-17 20:52:00-04:00,1.6019788500000107,S,2024,False
USDCHF,h4_ma_nocounter,trail,2024-06-17 20:52:00-04:00,1.1566797500000108,S,2024,False
USDCHF,d1roc_h4ma,trail,2024-06-17 20:52:00-04:00,1.1566797500000108,S,2024,False
USDCHF,w1_dow_nocounter,fixed,2024-06-17 20:52:00-04:00,1.6019788500000107,S,2024,False
USDCHF,none,fixed,2024-06-17 20:52:00-04:00,1.6019788500000107,S,2024,False
USDJPY,w1_dow_nocounter,fixed,2024-06-20 03:44:00-04:00,1.6533599999999529,L,2024,False
USDJPY,d1roc_h4ma,fixed,2024-06-20 03:44:00-04:00,1.6533599999999529,L,2024,False
USDJPY,d1roc_h4ma,trail,2024-06-20 03:44:00-04:00,3.5109350000000235,L,2024,False
USDJPY,d1_roc20,fixed,2024-06-20 03:44:00-04:00,1.6533599999999529,L,2024,False
USDJPY,d1_adx_lt25,fixed,2024-06-20 03:44:00-04:00,1.6533599999999529,L,2024,False
USDJPY,d1_roc20,trail,2024-06-20 03:44:00-04:00,3.5109350000000235,L,2024,False
USDJPY,w1_dow_nocounter,trail,2024-06-20 03:44:00-04:00,3.5109350000000235,L,2024,False
USDJPY,h4_ma_nocounter,fixed,2024-06-20 03:44:00-04:00,1.6533599999999529,L,2024,False
USDJPY,d1_adx_lt25,trail,2024-06-20 03:44:00-04:00,3.5109350000000235,L,2024,False
USDJPY,none,fixed,2024-06-20 03:44:00-04:00,1.6533599999999529,L,2024,False
USDJPY,h4_ma_nocounter,trail,2024-06-20 03:44:00-04:00,3.5109350000000235,L,2024,False
USDJPY,h4_ma_aligned,fixed,2024-06-20 03:44:00-04:00,1.6533599999999529,L,2024,False
USDJPY,h4_ma_aligned,trail,2024-06-20 03:44:00-04:00,3.5109350000000235,L,2024,False
USDJPY,w1_dow_strict,fixed,2024-06-20 03:44:00-04:00,1.6533599999999529,L,2024,False
USDJPY,w1_dow_strict,trail,2024-06-20 03:44:00-04:00,3.5109350000000235,L,2024,False
USDJPY,none,trail,2024-06-20 03:44:00-04:00,3.5109350000000235,L,2024,False
GBPUSD,w1_dow_nocounter,fixed,2024-06-20 16:36:00-04:00,-1.041294750000066,S,2024,False
GBPUSD,w1_dow_nocounter,trail,2024-06-20 16:36:00-04:00,0.15241609999999983,S,2024,False
GBPUSD,h4_ma_aligned,trail,2024-06-20 16:36:00-04:00,0.15241609999999983,S,2024,False
GBPUSD,h4_ma_nocounter,trail,2024-06-20 16:36:00-04:00,0.15241609999999983,S,2024,False
GBPUSD,d1_adx_lt25,fixed,2024-06-20 16:36:00-04:00,-1.041294750000066,S,2024,False
GBPUSD,h4_ma_aligned,fixed,2024-06-20 16:36:00-04:00,-1.041294750000066,S,2024,False
GBPUSD,none,trail,2024-06-20 16:36:00-04:00,0.15241609999999983,S,2024,False
GBPUSD,h4_ma_nocounter,fixed,2024-06-20 16:36:00-04:00,-1.041294750000066,S,2024,False
GBPUSD,d1_adx_lt25,trail,2024-06-20 16:36:00-04:00,0.15241609999999983,S,2024,False
GBPUSD,none,fixed,2024-06-20 16:36:00-04:00,-1.041294750000066,S,2024,False
AUDUSD,w1_dow_nocounter,trail,2024-06-26 00:48:00-04:00,-1.0375571999999864,L,2024,False
AUDUSD,d1_adx_lt25,trail,2024-06-26 00:48:00-04:00,-1.0375571999999864,L,2024,False
AUDUSD,h4_ma_nocounter,trail,2024-06-26 00:48:00-04:00,-1.0375571999999864,L,2024,False
AUDUSD,w1_dow_nocounter,fixed,2024-06-26 00:48:00-04:00,-1.0377248500000062,L,2024,False
AUDUSD,none,trail,2024-06-26 00:48:00-04:00,-1.0375571999999864,L,2024,False
AUDUSD,h4_ma_aligned,fixed,2024-06-26 00:48:00-04:00,-1.0377248500000062,L,2024,False
AUDUSD,h4_ma_nocounter,fixed,2024-06-26 00:48:00-04:00,-1.0377248500000062,L,2024,False
AUDUSD,d1_adx_lt25,fixed,2024-06-26 00:48:00-04:00,-1.0377248500000062,L,2024,False
AUDUSD,none,fixed,2024-06-26 00:48:00-04:00,-1.0377248500000062,L,2024,False
AUDUSD,h4_ma_aligned,trail,2024-06-26 00:48:00-04:00,-1.0375571999999864,L,2024,False
EURUSD,w1_dow_nocounter,fixed,2024-06-26 09:19:00-04:00,-1.0186271000000444,S,2024,False
EURUSD,h4_ma_nocounter,fixed,2024-06-26 09:19:00-04:00,-1.0186271000000444,S,2024,False
EURUSD,h4_ma_aligned,trail,2024-06-26 09:19:00-04:00,-1.0186271000000444,S,2024,False
EURUSD,h4_ma_aligned,fixed,2024-06-26 09:19:00-04:00,-1.0186271000000444,S,2024,False
EURUSD,h4_ma_nocounter,trail,2024-06-26 09:19:00-04:00,-1.0186271000000444,S,2024,False
EURUSD,d1_adx_lt25,fixed,2024-06-26 09:19:00-04:00,-1.0186271000000444,S,2024,False
EURUSD,d1roc_h4ma,fixed,2024-06-26 09:19:00-04:00,-1.0186271000000444,S,2024,False
EURUSD,none,trail,2024-06-26 09:19:00-04:00,-1.0186271000000444,S,2024,False
EURUSD,d1roc_h4ma,trail,2024-06-26 09:19:00-04:00,-1.0186271000000444,S,2024,False
EURUSD,d1_roc20,fixed,2024-06-26 09:19:00-04:00,-1.0186271000000444,S,2024,False
EURUSD,w1_dow_strict,trail,2024-06-26 09:19:00-04:00,-1.0186271000000444,S,2024,False
EURUSD,d1_adx_lt25,trail,2024-06-26 09:19:00-04:00,-1.0186271000000444,S,2024,False
EURUSD,none,fixed,2024-06-26 09:19:00-04:00,-1.0186271000000444,S,2024,False
EURUSD,d1_roc20,trail,2024-06-26 09:19:00-04:00,-1.0186271000000444,S,2024,False
EURUSD,w1_dow_nocounter,trail,2024-06-26 09:19:00-04:00,-1.0186271000000444,S,2024,False
EURUSD,w1_dow_strict,fixed,2024-06-26 09:19:00-04:00,-1.0186271000000444,S,2024,False
USDCHF,h4_ma_nocounter,fixed,2024-06-27 20:55:00-04:00,1.5788590999999677,L,2024,False
USDCHF,none,fixed,2024-06-27 20:55:00-04:00,1.5788590999999677,L,2024,False
USDCHF,d1_adx_ge20,trail,2024-06-27 20:55:00-04:00,1.6424110000000076,L,2024,False
USDCHF,none,trail,2024-06-27 20:55:00-04:00,1.6424110000000076,L,2024,False
USDCHF,d1_adx_ge20,fixed,2024-06-27 20:55:00-04:00,1.5788590999999677,L,2024,False
USDCHF,h4_ma_nocounter,trail,2024-06-27 20:55:00-04:00,1.6424110000000076,L,2024,False
USDCHF,w1_dow_nocounter,trail,2024-06-27 20:55:00-04:00,1.6424110000000076,L,2024,False
USDCHF,w1_dow_nocounter,fixed,2024-06-27 20:55:00-04:00,1.5788590999999677,L,2024,False
AUDUSD,none,fixed,2024-06-27 21:20:00-04:00,-1.033728749999977,S,2024,False
AUDUSD,d1_adx_lt25,fixed,2024-06-27 21:20:00-04:00,-1.033728749999977,S,2024,False
AUDUSD,w1_dow_nocounter,trail,2024-06-27 21:20:00-04:00,-1.021963349999987,S,2024,False
AUDUSD,w1_dow_nocounter,fixed,2024-06-27 21:20:00-04:00,-1.033728749999977,S,2024,False
AUDUSD,d1_adx_lt25,trail,2024-06-27 21:20:00-04:00,-1.021963349999987,S,2024,False
AUDUSD,none,trail,2024-06-27 21:20:00-04:00,-1.021963349999987,S,2024,False
AUDUSD,h4_ma_aligned,fixed,2024-07-01 10:00:00-04:00,-1.0291149000000095,L,2024,False
AUDUSD,d1roc_h4ma,fixed,2024-07-01 10:00:00-04:00,-1.0291149000000095,L,2024,False
AUDUSD,w1_dow_nocounter,fixed,2024-07-01 10:00:00-04:00,-1.0291149000000095,L,2024,False
AUDUSD,h4_ma_nocounter,trail,2024-07-01 10:00:00-04:00,-1.0291149000000095,L,2024,False
AUDUSD,d1_adx_lt25,trail,2024-07-01 10:00:00-04:00,-1.0291149000000095,L,2024,False
AUDUSD,d1roc_h4ma,trail,2024-07-01 10:00:00-04:00,-1.0291149000000095,L,2024,False
AUDUSD,d1_adx_lt25,fixed,2024-07-01 10:00:00-04:00,-1.0291149000000095,L,2024,False
AUDUSD,d1_roc20,trail,2024-07-01 10:00:00-04:00,-1.0291149000000095,L,2024,False
AUDUSD,none,trail,2024-07-01 10:00:00-04:00,-1.0291149000000095,L,2024,False
AUDUSD,h4_ma_aligned,trail,2024-07-01 10:00:00-04:00,-1.0291149000000095,L,2024,False
AUDUSD,w1_dow_nocounter,trail,2024-07-01 10:00:00-04:00,-1.0291149000000095,L,2024,False
AUDUSD,h4_ma_nocounter,fixed,2024-07-01 10:00:00-04:00,-1.0291149000000095,L,2024,False
AUDUSD,none,fixed,2024-07-01 10:00:00-04:00,-1.0291149000000095,L,2024,False
AUDUSD,d1_roc20,fixed,2024-07-01 10:00:00-04:00,-1.0291149000000095,L,2024,False
SP500,none,fixed,2024-07-01 10:13:00-04:00,-0.9433500000000025,S,2024,False
SP500,w1_dow_nocounter,trail,2024-07-01 10:13:00-04:00,-0.9433500000000025,S,2024,False
SP500,w1_dow_nocounter,fixed,2024-07-01 10:13:00-04:00,-0.9433500000000025,S,2024,False
SP500,d1_adx_lt25,trail,2024-07-01 10:13:00-04:00,-0.9433500000000025,S,2024,False
SP500,d1_adx_lt25,fixed,2024-07-01 10:13:00-04:00,-0.9433500000000025,S,2024,False
SP500,h4_ma_nocounter,fixed,2024-07-01 10:13:00-04:00,-0.9433500000000025,S,2024,False
SP500,d1_adx_ge20,trail,2024-07-01 10:13:00-04:00,-0.9433500000000025,S,2024,False
SP500,none,trail,2024-07-01 10:13:00-04:00,-0.9433500000000025,S,2024,False
SP500,d1_adx_ge20,fixed,2024-07-01 10:13:00-04:00,-0.9433500000000025,S,2024,False
SP500,h4_ma_nocounter,trail,2024-07-01 10:13:00-04:00,-0.9433500000000025,S,2024,False
GBPUSD,h4_ma_nocounter,trail,2024-07-03 09:43:00-04:00,1.6521127499999975,L,2024,False
GBPUSD,d1_adx_lt25,trail,2024-07-03 09:43:00-04:00,1.6521127499999975,L,2024,False
GBPUSD,d1_adx_lt25,fixed,2024-07-03 09:43:00-04:00,1.6293219499999745,L,2024,False
GBPUSD,w1_dow_nocounter,fixed,2024-07-03 09:43:00-04:00,1.6293219499999745,L,2024,False
GBPUSD,none,fixed,2024-07-03 09:43:00-04:00,1.6293219499999745,L,2024,False
GBPUSD,h4_ma_nocounter,fixed,2024-07-03 09:43:00-04:00,1.6293219499999745,L,2024,False
GBPUSD,w1_dow_nocounter,trail,2024-07-03 09:43:00-04:00,1.6521127499999975,L,2024,False
GBPUSD,none,trail,2024-07-03 09:43:00-04:00,1.6521127499999975,L,2024,False
SP500,d1_roc20,fixed,2024-07-03 12:16:00-04:00,1.5933499999999956,L,2024,False
SP500,d1_roc20,trail,2024-07-03 12:16:00-04:00,-0.1114,L,2024,False
SP500,h4_ma_nocounter,trail,2024-07-03 12:16:00-04:00,-0.1114,L,2024,False
SP500,none,fixed,2024-07-03 12:16:00-04:00,1.5933499999999956,L,2024,False
SP500,h4_ma_nocounter,fixed,2024-07-03 12:16:00-04:00,1.5933499999999956,L,2024,False
SP500,h4_ma_aligned,fixed,2024-07-03 12:16:00-04:00,1.5933499999999956,L,2024,False
SP500,w1_dow_nocounter,trail,2024-07-03 12:16:00-04:00,-0.1114,L,2024,False
SP500,d1_adx_ge20,fixed,2024-07-03 12:16:00-04:00,1.5933499999999956,L,2024,False
SP500,h4_ma_aligned,trail,2024-07-03 12:16:00-04:00,-0.1114,L,2024,False
SP500,none,trail,2024-07-03 12:16:00-04:00,-0.1114,L,2024,False
SP500,d1_adx_lt25,trail,2024-07-03 12:16:00-04:00,-0.1114,L,2024,False
SP500,d1roc_h4ma,fixed,2024-07-03 12:16:00-04:00,1.5933499999999956,L,2024,False
SP500,d1_adx_lt25,fixed,2024-07-03 12:16:00-04:00,1.5933499999999956,L,2024,False
SP500,d1_adx_ge20,trail,2024-07-03 12:16:00-04:00,-0.1114,L,2024,False
SP500,w1_dow_nocounter,fixed,2024-07-03 12:16:00-04:00,1.5933499999999956,L,2024,False
SP500,d1roc_h4ma,trail,2024-07-03 12:16:00-04:00,-0.1114,L,2024,False
EURUSD,h4_ma_nocounter,fixed,2024-07-11 05:05:00-04:00,1.640921299999982,L,2024,False
EURUSD,h4_ma_nocounter,trail,2024-07-11 05:05:00-04:00,1.5364466999999606,L,2024,False
EURUSD,d1_roc20,trail,2024-07-11 05:05:00-04:00,1.5364466999999606,L,2024,False
EURUSD,d1_roc20,fixed,2024-07-11 05:05:00-04:00,1.640921299999982,L,2024,False
EURUSD,none,trail,2024-07-11 05:05:00-04:00,1.5364466999999606,L,2024,False
EURUSD,d1roc_h4ma,trail,2024-07-11 05:05:00-04:00,1.5364466999999606,L,2024,False
EURUSD,h4_ma_aligned,fixed,2024-07-11 05:05:00-04:00,1.640921299999982,L,2024,False
EURUSD,h4_ma_aligned,trail,2024-07-11 05:05:00-04:00,1.5364466999999606,L,2024,False
EURUSD,d1roc_h4ma,fixed,2024-07-11 05:05:00-04:00,1.640921299999982,L,2024,False
EURUSD,d1_adx_lt25,fixed,2024-07-11 05:05:00-04:00,1.640921299999982,L,2024,False
EURUSD,d1_adx_lt25,trail,2024-07-11 05:05:00-04:00,1.5364466999999606,L,2024,False
EURUSD,none,fixed,2024-07-11 05:05:00-04:00,1.640921299999982,L,2024,False
USDCHF,none,trail,2024-07-11 08:30:00-04:00,-1.1093834499999908,S,2024,False
USDCHF,h4_ma_nocounter,fixed,2024-07-11 08:30:00-04:00,-1.1093834499999908,S,2024,False
USDCHF,d1_adx_ge20,fixed,2024-07-11 08:30:00-04:00,-1.1093834499999908,S,2024,False
USDCHF,h4_ma_nocounter,trail,2024-07-11 08:30:00-04:00,-1.1093834499999908,S,2024,False
USDCHF,d1_adx_lt25,trail,2024-07-11 08:30:00-04:00,-1.1093834499999908,S,2024,False
USDCHF,w1_dow_nocounter,trail,2024-07-11 08:30:00-04:00,-1.1093834499999908,S,2024,False
USDCHF,w1_dow_nocounter,fixed,2024-07-11 08:30:00-04:00,-1.1093834499999908,S,2024,False
USDCHF,d1_adx_ge20,trail,2024-07-11 08:30:00-04:00,-1.1093834499999908,S,2024,False
USDCHF,none,fixed,2024-07-11 08:30:00-04:00,-1.1093834499999908,S,2024,False
USDCHF,d1_adx_lt25,fixed,2024-07-11 08:30:00-04:00,-1.1093834499999908,S,2024,False
USDJPY,h4_ma_nocounter,trail,2024-07-11 08:42:00-04:00,5.102570000000014,S,2024,False
USDJPY,none,trail,2024-07-11 08:42:00-04:00,5.102570000000014,S,2024,False
USDJPY,h4_ma_nocounter,fixed,2024-07-11 08:42:00-04:00,2.044754999999982,S,2024,False
USDJPY,d1_adx_ge20,fixed,2024-07-11 08:42:00-04:00,2.044754999999982,S,2024,False
USDJPY,d1_adx_ge20,trail,2024-07-11 08:42:00-04:00,5.102570000000014,S,2024,False
USDJPY,none,fixed,2024-07-11 08:42:00-04:00,2.044754999999982,S,2024,False
USDCHF,h4_ma_aligned,trail,2024-07-17 04:00:00-04:00,2.8307194000000053,S,2024,False
USDCHF,h4_ma_nocounter,fixed,2024-07-17 04:00:00-04:00,1.5838333500000088,S,2024,False
USDCHF,d1_adx_ge20,fixed,2024-07-17 04:00:00-04:00,1.5838333500000088,S,2024,False
USDCHF,w1_dow_nocounter,fixed,2024-07-17 04:00:00-04:00,1.5838333500000088,S,2024,False
USDCHF,h4_ma_nocounter,trail,2024-07-17 04:00:00-04:00,2.8307194000000053,S,2024,False
USDCHF,d1_adx_ge20,trail,2024-07-17 04:00:00-04:00,2.8307194000000053,S,2024,False
USDCHF,d1_adx_lt25,trail,2024-07-17 04:00:00-04:00,2.8307194000000053,S,2024,False
USDCHF,none,trail,2024-07-17 04:00:00-04:00,2.8307194000000053,S,2024,False
USDCHF,none,fixed,2024-07-17 04:00:00-04:00,1.5838333500000088,S,2024,False
USDCHF,d1_adx_lt25,fixed,2024-07-17 04:00:00-04:00,1.5838333500000088,S,2024,False
USDCHF,h4_ma_aligned,fixed,2024-07-17 04:00:00-04:00,1.5838333500000088,S,2024,False
USDCHF,w1_dow_nocounter,trail,2024-07-17 04:00:00-04:00,2.8307194000000053,S,2024,False
SP500,d1_adx_ge20,trail,2024-07-18 10:47:00-04:00,1.4575499999999968,S,2024,False
SP500,w1_dow_nocounter,fixed,2024-07-18 10:47:00-04:00,1.4584499999999891,S,2024,False
SP500,none,trail,2024-07-18 10:47:00-04:00,1.4575499999999968,S,2024,False
SP500,w1_dow_nocounter,trail,2024-07-18 10:47:00-04:00,1.4575499999999968,S,2024,False
SP500,none,fixed,2024-07-18 10:47:00-04:00,1.4584499999999891,S,2024,False
SP500,d1_adx_ge20,fixed,2024-07-18 10:47:00-04:00,1.4584499999999891,S,2024,False
AUDUSD,d1_adx_ge20,trail,2024-07-23 08:30:00-04:00,2.677897700000005,S,2024,False
AUDUSD,d1_roc20,trail,2024-07-23 08:30:00-04:00,2.677897700000005,S,2024,False
AUDUSD,d1_adx_lt25,trail,2024-07-23 08:30:00-04:00,2.677897700000005,S,2024,False
AUDUSD,h4_ma_nocounter,fixed,2024-07-23 08:30:00-04:00,1.627603650000019,S,2024,False
AUDUSD,d1_adx_lt25,fixed,2024-07-23 08:30:00-04:00,1.627603650000019,S,2024,False
AUDUSD,d1_adx_ge20,fixed,2024-07-23 08:30:00-04:00,1.627603650000019,S,2024,False
AUDUSD,d1_roc20,fixed,2024-07-23 08:30:00-04:00,1.627603650000019,S,2024,False
AUDUSD,d1roc_h4ma,fixed,2024-07-23 08:30:00-04:00,1.627603650000019,S,2024,False
AUDUSD,d1roc_h4ma,trail,2024-07-23 08:30:00-04:00,2.677897700000005,S,2024,False
AUDUSD,h4_ma_nocounter,trail,2024-07-23 08:30:00-04:00,2.677897700000005,S,2024,False
AUDUSD,none,fixed,2024-07-23 08:30:00-04:00,1.627603650000019,S,2024,False
AUDUSD,none,trail,2024-07-23 08:30:00-04:00,2.677897700000005,S,2024,False
USDJPY,h4_ma_aligned,fixed,2024-07-23 21:12:00-04:00,1.6571,S,2024,False
USDJPY,d1_adx_ge20,trail,2024-07-23 21:12:00-04:00,1.6783800000000262,S,2024,False
USDJPY,d1roc_h4ma,fixed,2024-07-23 21:12:00-04:00,1.6571,S,2024,False
USDJPY,none,fixed,2024-07-23 21:12:00-04:00,1.6571,S,2024,False
USDJPY,h4_ma_nocounter,trail,2024-07-23 21:12:00-04:00,1.6783800000000262,S,2024,False
USDJPY,h4_ma_aligned,trail,2024-07-23 21:12:00-04:00,1.6783800000000262,S,2024,False
USDJPY,d1_roc20,trail,2024-07-23 21:12:00-04:00,1.6783800000000262,S,2024,False
USDJPY,d1roc_h4ma,trail,2024-07-23 21:12:00-04:00,1.6783800000000262,S,2024,False
USDJPY,none,trail,2024-07-23 21:12:00-04:00,1.6783800000000262,S,2024,False
USDJPY,d1_adx_ge20,fixed,2024-07-23 21:12:00-04:00,1.6571,S,2024,False
USDJPY,d1_roc20,fixed,2024-07-23 21:12:00-04:00,1.6571,S,2024,False
USDJPY,h4_ma_nocounter,fixed,2024-07-23 21:12:00-04:00,1.6571,S,2024,False
USDCHF,d1_roc20,fixed,2024-07-25 03:15:00-04:00,-1.0703686000000132,S,2024,False
USDCHF,d1roc_h4ma,trail,2024-07-25 03:15:00-04:00,0.011228099999999248,S,2024,False
USDCHF,d1_adx_ge20,fixed,2024-07-25 03:15:00-04:00,-1.0703686000000132,S,2024,False
USDCHF,w1_dow_strict,fixed,2024-07-25 03:15:00-04:00,-1.0703686000000132,S,2024,False
USDCHF,w1_dow_nocounter,fixed,2024-07-25 03:15:00-04:00,-1.0703686000000132,S,2024,False
USDCHF,none,trail,2024-07-25 03:15:00-04:00,0.011228099999999248,S,2024,False
USDCHF,d1_roc20,trail,2024-07-25 03:15:00-04:00,0.011228099999999248,S,2024,False
USDCHF,d1_adx_ge20,trail,2024-07-25 03:15:00-04:00,0.011228099999999248,S,2024,False
USDCHF,h4_ma_aligned,fixed,2024-07-25 03:15:00-04:00,-1.0703686000000132,S,2024,False
USDCHF,h4_ma_nocounter,trail,2024-07-25 03:15:00-04:00,0.011228099999999248,S,2024,False
USDCHF,w1_dow_nocounter,trail,2024-07-25 03:15:00-04:00,0.011228099999999248,S,2024,False
USDCHF,h4_ma_nocounter,fixed,2024-07-25 03:15:00-04:00,-1.0703686000000132,S,2024,False
USDCHF,h4_ma_aligned,trail,2024-07-25 03:15:00-04:00,0.011228099999999248,S,2024,False
USDCHF,w1_dow_strict,trail,2024-07-25 03:15:00-04:00,0.011228099999999248,S,2024,False
USDCHF,none,fixed,2024-07-25 03:15:00-04:00,-1.0703686000000132,S,2024,False
USDCHF,d1roc_h4ma,fixed,2024-07-25 03:15:00-04:00,-1.0703686000000132,S,2024,False
EURUSD,h4_ma_nocounter,fixed,2024-07-29 07:43:00-04:00,1.6524362000000148,S,2024,False
EURUSD,d1_adx_ge20,fixed,2024-07-29 07:43:00-04:00,1.6524362000000148,S,2024,False
EURUSD,d1_adx_ge20,trail,2024-07-29 07:43:00-04:00,-0.022872150000024353,S,2024,False
EURUSD,none,fixed,2024-07-29 07:43:00-04:00,1.6524362000000148,S,2024,False
EURUSD,d1_adx_lt25,trail,2024-07-29 07:43:00-04:00,-0.022872150000024353,S,2024,False
EURUSD,none,trail,2024-07-29 07:43:00-04:00,-0.022872150000024353,S,2024,False
EURUSD,h4_ma_nocounter,trail,2024-07-29 07:43:00-04:00,-0.022872150000024353,S,2024,False
EURUSD,d1_adx_lt25,fixed,2024-07-29 07:43:00-04:00,1.6524362000000148,S,2024,False
AUDUSD,d1_adx_ge20,trail,2024-07-30 21:30:00-04:00,-1.0347877000000179,S,2024,False
AUDUSD,d1_roc20,fixed,2024-07-30 21:30:00-04:00,-1.0347877000000179,S,2024,False
AUDUSD,none,trail,2024-07-30 21:30:00-04:00,-1.0347877000000179,S,2024,False
AUDUSD,d1roc_h4ma,trail,2024-07-30 21:30:00-04:00,-1.0347877000000179,S,2024,False
AUDUSD,none,fixed,2024-07-30 21:30:00-04:00,-1.0347877000000179,S,2024,False
AUDUSD,h4_ma_aligned,trail,2024-07-30 21:30:00-04:00,-1.0347877000000179,S,2024,False
AUDUSD,h4_ma_nocounter,fixed,2024-07-30 21:30:00-04:00,-1.0347877000000179,S,2024,False
AUDUSD,h4_ma_aligned,fixed,2024-07-30 21:30:00-04:00,-1.0347877000000179,S,2024,False
AUDUSD,h4_ma_nocounter,trail,2024-07-30 21:30:00-04:00,-1.0347877000000179,S,2024,False
AUDUSD,w1_dow_nocounter,trail,2024-07-30 21:30:00-04:00,-1.0347877000000179,S,2024,False
AUDUSD,d1_adx_ge20,fixed,2024-07-30 21:30:00-04:00,-1.0347877000000179,S,2024,False
AUDUSD,w1_dow_nocounter,fixed,2024-07-30 21:30:00-04:00,-1.0347877000000179,S,2024,False
AUDUSD,d1roc_h4ma,fixed,2024-07-30 21:30:00-04:00,-1.0347877000000179,S,2024,False
AUDUSD,d1_roc20,trail,2024-07-30 21:30:00-04:00,-1.0347877000000179,S,2024,False
USDJPY,none,fixed,2024-07-30 23:56:00-04:00,-1.0030049999999897,S,2024,False
USDJPY,h4_ma_aligned,fixed,2024-07-30 23:56:00-04:00,-1.0030049999999897,S,2024,False
USDJPY,none,trail,2024-07-30 23:56:00-04:00,-1.0030049999999897,S,2024,False
USDJPY,d1_roc20,trail,2024-07-30 23:56:00-04:00,-1.0030049999999897,S,2024,False
USDJPY,d1roc_h4ma,trail,2024-07-30 23:56:00-04:00,-1.0030049999999897,S,2024,False
USDJPY,h4_ma_nocounter,fixed,2024-07-30 23:56:00-04:00,-1.0030049999999897,S,2024,False
USDJPY,h4_ma_aligned,trail,2024-07-30 23:56:00-04:00,-1.0030049999999897,S,2024,False
USDJPY,d1roc_h4ma,fixed,2024-07-30 23:56:00-04:00,-1.0030049999999897,S,2024,False
USDJPY,d1_adx_ge20,trail,2024-07-30 23:56:00-04:00,-1.0030049999999897,S,2024,False
USDJPY,d1_adx_ge20,fixed,2024-07-30 23:56:00-04:00,-1.0030049999999897,S,2024,False
USDJPY,h4_ma_nocounter,trail,2024-07-30 23:56:00-04:00,-1.0030049999999897,S,2024,False
USDJPY,d1_roc20,fixed,2024-07-30 23:56:00-04:00,-1.0030049999999897,S,2024,False
USDCHF,h4_ma_aligned,fixed,2024-07-31 09:31:00-04:00,-1.0583677500000064,S,2024,False
USDCHF,w1_dow_strict,fixed,2024-07-31 09:31:00-04:00,-1.0583677500000064,S,2024,False
USDCHF,d1_roc20,fixed,2024-07-31 09:31:00-04:00,-1.0583677500000064,S,2024,False
USDCHF,h4_ma_nocounter,trail,2024-07-31 09:31:00-04:00,-1.0583677500000064,S,2024,False
USDCHF,d1_adx_ge20,trail,2024-07-31 09:31:00-04:00,-1.0583677500000064,S,2024,False
USDCHF,none,fixed,2024-07-31 09:31:00-04:00,-1.0583677500000064,S,2024,False
USDCHF,h4_ma_nocounter,fixed,2024-07-31 09:31:00-04:00,-1.0583677500000064,S,2024,False
USDCHF,d1roc_h4ma,fixed,2024-07-31 09:31:00-04:00,-1.0583677500000064,S,2024,False
USDCHF,h4_ma_aligned,trail,2024-07-31 09:31:00-04:00,-1.0583677500000064,S,2024,False
USDCHF,w1_dow_strict,trail,2024-07-31 09:31:00-04:00,-1.0583677500000064,S,2024,False
USDCHF,none,trail,2024-07-31 09:31:00-04:00,-1.0583677500000064,S,2024,False
USDCHF,d1roc_h4ma,trail,2024-07-31 09:31:00-04:00,-1.0583677500000064,S,2024,False
USDCHF,d1_adx_ge20,fixed,2024-07-31 09:31:00-04:00,-1.0583677500000064,S,2024,False
USDCHF,d1_roc20,trail,2024-07-31 09:31:00-04:00,-1.0583677500000064,S,2024,False
USDCHF,w1_dow_nocounter,trail,2024-07-31 09:31:00-04:00,-1.0583677500000064,S,2024,False
USDCHF,w1_dow_nocounter,fixed,2024-07-31 09:31:00-04:00,-1.0583677500000064,S,2024,False
SP500,h4_ma_nocounter,trail,2024-08-01 22:22:00-04:00,2.2978000000000005,S,2024,False
SP500,h4_ma_nocounter,fixed,2024-08-01 22:22:00-04:00,1.5210500000000045,S,2024,False
SP500,none,trail,2024-08-01 22:22:00-04:00,2.2978000000000005,S,2024,False
SP500,d1_roc20,fixed,2024-08-01 22:22:00-04:00,1.5210500000000045,S,2024,False
SP500,d1_adx_ge20,trail,2024-08-01 22:22:00-04:00,2.2978000000000005,S,2024,False
SP500,w1_dow_nocounter,trail,2024-08-01 22:22:00-04:00,2.2978000000000005,S,2024,False
SP500,none,fixed,2024-08-01 22:22:00-04:00,1.5210500000000045,S,2024,False
SP500,d1roc_h4ma,trail,2024-08-01 22:22:00-04:00,2.2978000000000005,S,2024,False
SP500,h4_ma_aligned,fixed,2024-08-01 22:22:00-04:00,1.5210500000000045,S,2024,False
SP500,d1_roc20,trail,2024-08-01 22:22:00-04:00,2.2978000000000005,S,2024,False
SP500,d1_adx_ge20,fixed,2024-08-01 22:22:00-04:00,1.5210500000000045,S,2024,False
SP500,w1_dow_nocounter,fixed,2024-08-01 22:22:00-04:00,1.5210500000000045,S,2024,False
SP500,d1roc_h4ma,fixed,2024-08-01 22:22:00-04:00,1.5210500000000045,S,2024,False
SP500,h4_ma_aligned,trail,2024-08-01 22:22:00-04:00,2.2978000000000005,S,2024,False
EURUSD,w1_dow_nocounter,trail,2024-08-05 03:30:00-04:00,-0.11874314999998287,L,2024,False
EURUSD,d1_roc20,trail,2024-08-05 03:30:00-04:00,-0.11874314999998287,L,2024,False
EURUSD,d1_adx_lt25,fixed,2024-08-05 03:30:00-04:00,-1.0128089999999883,L,2024,False
EURUSD,d1_roc20,fixed,2024-08-05 03:30:00-04:00,-1.0128089999999883,L,2024,False
EURUSD,none,trail,2024-08-05 03:30:00-04:00,-0.11874314999998287,L,2024,False
EURUSD,d1_adx_lt25,trail,2024-08-05 03:30:00-04:00,-0.11874314999998287,L,2024,False
EURUSD,w1_dow_strict,trail,2024-08-05 03:30:00-04:00,-0.11874314999998287,L,2024,False
EURUSD,w1_dow_nocounter,fixed,2024-08-05 03:30:00-04:00,-1.0128089999999883,L,2024,False
EURUSD,w1_dow_strict,fixed,2024-08-05 03:30:00-04:00,-1.0128089999999883,L,2024,False
EURUSD,none,fixed,2024-08-05 03:30:00-04:00,-1.0128089999999883,L,2024,False
EURUSD,d1_adx_ge20,fixed,2024-08-14 04:17:00-04:00,-1.0187482000000252,L,2024,False
EURUSD,h4_ma_nocounter,fixed,2024-08-14 04:17:00-04:00,-1.0187482000000252,L,2024,False
EURUSD,d1_adx_ge20,trail,2024-08-14 04:17:00-04:00,-0.2159065000000181,L,2024,False
EURUSD,d1roc_h4ma,trail,2024-08-14 04:17:00-04:00,-0.2159065000000181,L,2024,False
EURUSD,w1_dow_nocounter,fixed,2024-08-14 04:17:00-04:00,-1.0187482000000252,L,2024,False
EURUSD,h4_ma_aligned,fixed,2024-08-14 04:17:00-04:00,-1.0187482000000252,L,2024,False
EURUSD,h4_ma_aligned,trail,2024-08-14 04:17:00-04:00,-0.2159065000000181,L,2024,False
EURUSD,w1_dow_nocounter,trail,2024-08-14 04:17:00-04:00,-0.2159065000000181,L,2024,False
EURUSD,d1_roc20,fixed,2024-08-14 04:17:00-04:00,-1.0187482000000252,L,2024,False
EURUSD,d1_roc20,trail,2024-08-14 04:17:00-04:00,-0.2159065000000181,L,2024,False
EURUSD,d1roc_h4ma,fixed,2024-08-14 04:17:00-04:00,-1.0187482000000252,L,2024,False
EURUSD,w1_dow_strict,fixed,2024-08-14 04:17:00-04:00,-1.0187482000000252,L,2024,False
EURUSD,none,trail,2024-08-14 04:17:00-04:00,-0.2159065000000181,L,2024,False
EURUSD,w1_dow_strict,trail,2024-08-14 04:17:00-04:00,-0.2159065000000181,L,2024,False
EURUSD,none,fixed,2024-08-14 04:17:00-04:00,-1.0187482000000252,L,2024,False
EURUSD,h4_ma_nocounter,trail,2024-08-14 04:17:00-04:00,-0.2159065000000181,L,2024,False
SP500,d1_adx_ge20,trail,2024-08-19 10:53:00-04:00,0.5530000000000076,L,2024,False
SP500,d1roc_h4ma,fixed,2024-08-19 10:53:00-04:00,1.61885,L,2024,False
SP500,h4_ma_nocounter,trail,2024-08-19 10:53:00-04:00,0.5530000000000076,L,2024,False
SP500,d1_roc20,trail,2024-08-19 10:53:00-04:00,0.5530000000000076,L,2024,False
SP500,w1_dow_nocounter,trail,2024-08-19 10:53:00-04:00,0.5530000000000076,L,2024,False
SP500,d1roc_h4ma,trail,2024-08-19 10:53:00-04:00,0.5530000000000076,L,2024,False
SP500,none,trail,2024-08-19 10:53:00-04:00,0.5530000000000076,L,2024,False
SP500,none,fixed,2024-08-19 10:53:00-04:00,1.61885,L,2024,False
SP500,d1_roc20,fixed,2024-08-19 10:53:00-04:00,1.61885,L,2024,False
SP500,h4_ma_nocounter,fixed,2024-08-19 10:53:00-04:00,1.61885,L,2024,False
SP500,d1_adx_ge20,fixed,2024-08-19 10:53:00-04:00,1.61885,L,2024,False
SP500,w1_dow_nocounter,fixed,2024-08-19 10:53:00-04:00,1.61885,L,2024,False
GBPUSD,h4_ma_nocounter,trail,2024-08-20 10:54:00-04:00,0.8411118499999836,L,2024,False
GBPUSD,d1_adx_lt25,fixed,2024-08-20 10:54:00-04:00,1.6377068999999966,L,2024,False
GBPUSD,d1_adx_ge20,fixed,2024-08-20 10:54:00-04:00,1.6377068999999966,L,2024,False
GBPUSD,w1_dow_nocounter,fixed,2024-08-20 10:54:00-04:00,1.6377068999999966,L,2024,False
GBPUSD,w1_dow_nocounter,trail,2024-08-20 10:54:00-04:00,0.8411118499999836,L,2024,False
GBPUSD,none,fixed,2024-08-20 10:54:00-04:00,1.6377068999999966,L,2024,False
GBPUSD,h4_ma_aligned,fixed,2024-08-20 10:54:00-04:00,1.6377068999999966,L,2024,False
GBPUSD,w1_dow_strict,fixed,2024-08-20 10:54:00-04:00,1.6377068999999966,L,2024,False
GBPUSD,d1_adx_ge20,trail,2024-08-20 10:54:00-04:00,0.8411118499999836,L,2024,False
GBPUSD,d1_adx_lt25,trail,2024-08-20 10:54:00-04:00,0.8411118499999836,L,2024,False
GBPUSD,d1roc_h4ma,fixed,2024-08-20 10:54:00-04:00,1.6377068999999966,L,2024,False
GBPUSD,h4_ma_aligned,trail,2024-08-20 10:54:00-04:00,0.8411118499999836,L,2024,False
GBPUSD,d1_roc20,trail,2024-08-20 10:54:00-04:00,0.8411118499999836,L,2024,False
GBPUSD,none,trail,2024-08-20 10:54:00-04:00,0.8411118499999836,L,2024,False
GBPUSD,h4_ma_nocounter,fixed,2024-08-20 10:54:00-04:00,1.6377068999999966,L,2024,False
GBPUSD,w1_dow_strict,trail,2024-08-20 10:54:00-04:00,0.8411118499999836,L,2024,False
GBPUSD,d1roc_h4ma,trail,2024-08-20 10:54:00-04:00,0.8411118499999836,L,2024,False
GBPUSD,d1_roc20,fixed,2024-08-20 10:54:00-04:00,1.6377068999999966,L,2024,False
AUDUSD,d1roc_h4ma,trail,2024-08-23 16:46:00-04:00,-0.9932952000000078,L,2024,False
AUDUSD,d1_roc20,fixed,2024-08-23 16:46:00-04:00,-1.0266263499999908,L,2024,False
AUDUSD,h4_ma_aligned,fixed,2024-08-23 16:46:00-04:00,-1.0266263499999908,L,2024,False
AUDUSD,d1_adx_ge20,trail,2024-08-23 16:46:00-04:00,-0.9932952000000078,L,2024,False
AUDUSD,h4_ma_nocounter,trail,2024-08-23 16:46:00-04:00,-0.9932952000000078,L,2024,False
AUDUSD,w1_dow_nocounter,fixed,2024-08-23 16:46:00-04:00,-1.0266263499999908,L,2024,False
AUDUSD,d1_roc20,trail,2024-08-23 16:46:00-04:00,-0.9932952000000078,L,2024,False
AUDUSD,none,fixed,2024-08-23 16:46:00-04:00,-1.0266263499999908,L,2024,False
AUDUSD,h4_ma_nocounter,fixed,2024-08-23 16:46:00-04:00,-1.0266263499999908,L,2024,False
AUDUSD,h4_ma_aligned,trail,2024-08-23 16:46:00-04:00,-0.9932952000000078,L,2024,False
AUDUSD,none,trail,2024-08-23 16:46:00-04:00,-0.9932952000000078,L,2024,False
AUDUSD,d1roc_h4ma,fixed,2024-08-23 16:46:00-04:00,-1.0266263499999908,L,2024,False
AUDUSD,w1_dow_nocounter,trail,2024-08-23 16:46:00-04:00,-0.9932952000000078,L,2024,False
AUDUSD,d1_adx_ge20,fixed,2024-08-23 16:46:00-04:00,-1.0266263499999908,L,2024,False
USDCHF,d1roc_h4ma,trail,2024-08-27 10:17:00-04:00,-0.4943271500000129,S,2024,False
USDCHF,d1roc_h4ma,fixed,2024-08-27 10:17:00-04:00,-1.0557308500000124,S,2024,False
USDCHF,d1_roc20,fixed,2024-08-27 10:17:00-04:00,-1.0557308500000124,S,2024,False
USDCHF,d1_adx_ge20,trail,2024-08-27 10:17:00-04:00,-0.4943271500000129,S,2024,False
USDCHF,h4_ma_nocounter,fixed,2024-08-27 10:17:00-04:00,-1.0557308500000124,S,2024,False
USDCHF,w1_dow_strict,fixed,2024-08-27 10:17:00-04:00,-1.0557308500000124,S,2024,False
USDCHF,w1_dow_nocounter,trail,2024-08-27 10:17:00-04:00,-0.4943271500000129,S,2024,False
USDCHF,w1_dow_nocounter,fixed,2024-08-27 10:17:00-04:00,-1.0557308500000124,S,2024,False
USDCHF,w1_dow_strict,trail,2024-08-27 10:17:00-04:00,-0.4943271500000129,S,2024,False
USDCHF,h4_ma_aligned,trail,2024-08-27 10:17:00-04:00,-0.4943271500000129,S,2024,False
USDCHF,none,fixed,2024-08-27 10:17:00-04:00,-1.0557308500000124,S,2024,False
USDCHF,h4_ma_aligned,fixed,2024-08-27 10:17:00-04:00,-1.0557308500000124,S,2024,False
USDCHF,none,trail,2024-08-27 10:17:00-04:00,-0.4943271500000129,S,2024,False
USDCHF,d1_roc20,trail,2024-08-27 10:17:00-04:00,-0.4943271500000129,S,2024,False
USDCHF,d1_adx_ge20,fixed,2024-08-27 10:17:00-04:00,-1.0557308500000124,S,2024,False
USDCHF,h4_ma_nocounter,trail,2024-08-27 10:17:00-04:00,-0.4943271500000129,S,2024,False
SP500,d1_adx_ge20,fixed,2024-08-28 13:57:00-04:00,-0.967400000000001,S,2024,False
SP500,w1_dow_nocounter,trail,2024-08-28 13:57:00-04:00,-0.9677000000000077,S,2024,False
SP500,none,trail,2024-08-28 13:57:00-04:00,-0.9677000000000077,S,2024,False
SP500,none,fixed,2024-08-28 13:57:00-04:00,-0.967400000000001,S,2024,False
SP500,w1_dow_nocounter,fixed,2024-08-28 13:57:00-04:00,-0.967400000000001,S,2024,False
SP500,d1_adx_lt25,fixed,2024-08-28 13:57:00-04:00,-0.967400000000001,S,2024,False
SP500,d1_adx_lt25,trail,2024-08-28 13:57:00-04:00,-0.9677000000000077,S,2024,False
SP500,d1_adx_ge20,trail,2024-08-28 13:57:00-04:00,-0.9677000000000077,S,2024,False
SP500,d1_adx_ge20,trail,2024-08-28 18:01:00-04:00,-1.1617500000000154,S,2024,False
SP500,d1_adx_lt25,fixed,2024-08-28 18:01:00-04:00,-1.1614500000000088,S,2024,False
SP500,d1_adx_lt25,trail,2024-08-28 18:01:00-04:00,-1.1617500000000154,S,2024,False
SP500,none,trail,2024-08-28 18:01:00-04:00,-1.1617500000000154,S,2024,False
SP500,w1_dow_nocounter,trail,2024-08-28 18:01:00-04:00,-1.1617500000000154,S,2024,False
SP500,none,fixed,2024-08-28 18:01:00-04:00,-1.1614500000000088,S,2024,False
SP500,d1_adx_ge20,fixed,2024-08-28 18:01:00-04:00,-1.1614500000000088,S,2024,False
SP500,w1_dow_nocounter,fixed,2024-08-28 18:01:00-04:00,-1.1614500000000088,S,2024,False
SP500,h4_ma_nocounter,trail,2024-09-02 18:03:00-04:00,-0.8516999999999936,L,2024,False
SP500,d1roc_h4ma,trail,2024-09-02 18:03:00-04:00,-0.8516999999999936,L,2024,False
SP500,w1_dow_nocounter,trail,2024-09-02 18:03:00-04:00,-0.8516999999999936,L,2024,False
SP500,none,fixed,2024-09-02 18:03:00-04:00,-0.8516999999999936,L,2024,False
SP500,none,trail,2024-09-02 18:03:00-04:00,-0.8516999999999936,L,2024,False
SP500,d1_adx_lt25,trail,2024-09-02 18:03:00-04:00,-0.8516999999999936,L,2024,False
SP500,d1_roc20,fixed,2024-09-02 18:03:00-04:00,-0.8516999999999936,L,2024,False
SP500,d1_adx_lt25,fixed,2024-09-02 18:03:00-04:00,-0.8516999999999936,L,2024,False
SP500,w1_dow_nocounter,fixed,2024-09-02 18:03:00-04:00,-0.8516999999999936,L,2024,False
SP500,h4_ma_nocounter,fixed,2024-09-02 18:03:00-04:00,-0.8516999999999936,L,2024,False
SP500,d1_roc20,trail,2024-09-02 18:03:00-04:00,-0.8516999999999936,L,2024,False
SP500,d1roc_h4ma,fixed,2024-09-02 18:03:00-04:00,-0.8516999999999936,L,2024,False
SP500,none,fixed,2024-09-03 14:01:00-04:00,1.6009500000000154,S,2024,False
SP500,d1_adx_lt25,fixed,2024-09-03 14:01:00-04:00,1.6009500000000154,S,2024,False
SP500,w1_dow_nocounter,trail,2024-09-03 14:01:00-04:00,0.5256500000000099,S,2024,False
SP500,w1_dow_nocounter,fixed,2024-09-03 14:01:00-04:00,1.6009500000000154,S,2024,False
SP500,d1_adx_lt25,trail,2024-09-03 14:01:00-04:00,0.5256500000000099,S,2024,False
SP500,none,trail,2024-09-03 14:01:00-04:00,0.5256500000000099,S,2024,False
AUDUSD,none,trail,2024-09-03 20:41:00-04:00,-1.0263585999999907,S,2024,False
AUDUSD,d1_adx_lt25,fixed,2024-09-03 20:41:00-04:00,-1.0263585999999907,S,2024,False
AUDUSD,w1_dow_nocounter,trail,2024-09-03 20:41:00-04:00,-1.0263585999999907,S,2024,False
AUDUSD,d1_adx_lt25,trail,2024-09-03 20:41:00-04:00,-1.0263585999999907,S,2024,False
AUDUSD,w1_dow_nocounter,fixed,2024-09-03 20:41:00-04:00,-1.0263585999999907,S,2024,False
AUDUSD,d1_adx_ge20,trail,2024-09-03 20:41:00-04:00,-1.0263585999999907,S,2024,False
AUDUSD,none,fixed,2024-09-03 20:41:00-04:00,-1.0263585999999907,S,2024,False
AUDUSD,d1_adx_ge20,fixed,2024-09-03 20:41:00-04:00,-1.0263585999999907,S,2024,False
USDJPY,h4_ma_nocounter,trail,2024-09-04 19:29:00-04:00,-0.5274499999999931,S,2024,False
USDJPY,d1roc_h4ma,fixed,2024-09-04 19:29:00-04:00,1.6591300000000095,S,2024,False
USDJPY,w1_dow_nocounter,fixed,2024-09-04 19:29:00-04:00,1.6591300000000095,S,2024,False
USDJPY,h4_ma_nocounter,fixed,2024-09-04 19:29:00-04:00,1.6591300000000095,S,2024,False
USDJPY,none,trail,2024-09-04 19:29:00-04:00,-0.5274499999999931,S,2024,False
USDJPY,w1_dow_nocounter,trail,2024-09-04 19:29:00-04:00,-0.5274499999999931,S,2024,False
USDJPY,none,fixed,2024-09-04 19:29:00-04:00,1.6591300000000095,S,2024,False
USDJPY,d1_roc20,fixed,2024-09-04 19:29:00-04:00,1.6591300000000095,S,2024,False
USDJPY,d1roc_h4ma,trail,2024-09-04 19:29:00-04:00,-0.5274499999999931,S,2024,False
USDJPY,d1_adx_ge20,fixed,2024-09-04 19:29:00-04:00,1.6591300000000095,S,2024,False
USDJPY,d1_adx_ge20,trail,2024-09-04 19:29:00-04:00,-0.5274499999999931,S,2024,False
USDJPY,d1_roc20,trail,2024-09-04 19:29:00-04:00,-0.5274499999999931,S,2024,False
USDCHF,d1_roc20,fixed,2024-09-06 08:31:00-04:00,-1.0548588499999907,S,2024,False
USDCHF,w1_dow_nocounter,trail,2024-09-06 08:31:00-04:00,-1.0548588499999907,S,2024,False
USDCHF,none,trail,2024-09-06 08:31:00-04:00,-1.0548588499999907,S,2024,False
USDCHF,w1_dow_strict,fixed,2024-09-06 08:31:00-04:00,-1.0548588499999907,S,2024,False
USDCHF,h4_ma_nocounter,trail,2024-09-06 08:31:00-04:00,-1.0548588499999907,S,2024,False
USDCHF,d1_adx_ge20,fixed,2024-09-06 08:31:00-04:00,-1.0548588499999907,S,2024,False
USDCHF,h4_ma_nocounter,fixed,2024-09-06 08:31:00-04:00,-1.0548588499999907,S,2024,False
USDCHF,none,fixed,2024-09-06 08:31:00-04:00,-1.0548588499999907,S,2024,False
USDCHF,d1roc_h4ma,trail,2024-09-06 08:31:00-04:00,-1.0548588499999907,S,2024,False
USDCHF,w1_dow_nocounter,fixed,2024-09-06 08:31:00-04:00,-1.0548588499999907,S,2024,False
USDCHF,d1roc_h4ma,fixed,2024-09-06 08:31:00-04:00,-1.0548588499999907,S,2024,False
USDCHF,w1_dow_strict,trail,2024-09-06 08:31:00-04:00,-1.0548588499999907,S,2024,False
USDCHF,d1_roc20,trail,2024-09-06 08:31:00-04:00,-1.0548588499999907,S,2024,False
USDCHF,d1_adx_ge20,trail,2024-09-06 08:31:00-04:00,-1.0548588499999907,S,2024,False
GBPUSD,none,fixed,2024-09-09 04:25:00-04:00,1.639430299999997,S,2024,False
GBPUSD,h4_ma_nocounter,fixed,2024-09-09 04:25:00-04:00,1.639430299999997,S,2024,False
GBPUSD,none,trail,2024-09-09 04:25:00-04:00,-0.32203284999999016,S,2024,False
GBPUSD,d1_adx_ge20,trail,2024-09-09 04:25:00-04:00,-0.32203284999999016,S,2024,False
GBPUSD,h4_ma_nocounter,trail,2024-09-09 04:25:00-04:00,-0.32203284999999016,S,2024,False
GBPUSD,d1_adx_ge20,fixed,2024-09-09 04:25:00-04:00,1.639430299999997,S,2024,False
EURUSD,none,trail,2024-09-10 09:49:00-04:00,0.06476150000002737,S,2024,False
EURUSD,d1_adx_ge20,trail,2024-09-10 09:49:00-04:00,0.06476150000002737,S,2024,False
EURUSD,h4_ma_nocounter,fixed,2024-09-10 09:49:00-04:00,-1.0172798999999777,S,2024,False
EURUSD,h4_ma_nocounter,trail,2024-09-10 09:49:00-04:00,0.06476150000002737,S,2024,False
EURUSD,d1_adx_ge20,fixed,2024-09-10 09:49:00-04:00,-1.0172798999999777,S,2024,False
EURUSD,none,fixed,2024-09-10 09:49:00-04:00,-1.0172798999999777,S,2024,False
USDCHF,none,trail,2024-09-12 03:04:00-04:00,-0.5308477500000133,L,2024,False
USDCHF,h4_ma_nocounter,trail,2024-09-12 03:04:00-04:00,-0.5308477500000133,L,2024,False
USDCHF,none,fixed,2024-09-12 03:04:00-04:00,-1.0458030500000008,L,2024,False
USDCHF,d1_adx_ge20,trail,2024-09-12 03:04:00-04:00,-0.5308477500000133,L,2024,False
USDCHF,d1_adx_ge20,fixed,2024-09-12 03:04:00-04:00,-1.0458030500000008,L,2024,False
USDCHF,h4_ma_nocounter,fixed,2024-09-12 03:04:00-04:00,-1.0458030500000008,L,2024,False
SP500,d1_adx_ge20,trail,2024-09-15 18:01:00-04:00,0.016199999999989997,L,2024,False
SP500,none,trail,2024-09-15 18:01:00-04:00,0.016199999999989997,L,2024,False
SP500,d1_roc20,trail,2024-09-15 18:01:00-04:00,0.016199999999989997,L,2024,False
SP500,d1_roc20,fixed,2024-09-15 18:01:00-04:00,1.1016999999999917,L,2024,False
SP500,h4_ma_nocounter,trail,2024-09-15 18:01:00-04:00,0.016199999999989997,L,2024,False
SP500,none,fixed,2024-09-15 18:01:00-04:00,1.1016999999999917,L,2024,False
SP500,d1_adx_lt25,fixed,2024-09-15 18:01:00-04:00,1.1016999999999917,L,2024,False
SP500,h4_ma_nocounter,fixed,2024-09-15 18:01:00-04:00,1.1016999999999917,L,2024,False
SP500,d1roc_h4ma,trail,2024-09-15 18:01:00-04:00,0.016199999999989997,L,2024,False
SP500,d1roc_h4ma,fixed,2024-09-15 18:01:00-04:00,1.1016999999999917,L,2024,False
SP500,w1_dow_nocounter,fixed,2024-09-15 18:01:00-04:00,1.1016999999999917,L,2024,False
SP500,d1_adx_ge20,fixed,2024-09-15 18:01:00-04:00,1.1016999999999917,L,2024,False
SP500,w1_dow_nocounter,trail,2024-09-15 18:01:00-04:00,0.016199999999989997,L,2024,False
SP500,d1_adx_lt25,trail,2024-09-15 18:01:00-04:00,0.016199999999989997,L,2024,False
AUDUSD,w1_dow_nocounter,fixed,2024-09-17 05:09:00-04:00,1.6347727999999773,L,2024,False
AUDUSD,w1_dow_nocounter,trail,2024-09-17 05:09:00-04:00,-0.6766471500000014,L,2024,False
AUDUSD,d1_roc20,trail,2024-09-17 05:09:00-04:00,-0.6766471500000014,L,2024,False
AUDUSD,d1_roc20,fixed,2024-09-17 05:09:00-04:00,1.6347727999999773,L,2024,False
AUDUSD,d1roc_h4ma,trail,2024-09-17 05:09:00-04:00,-0.6766471500000014,L,2024,False
AUDUSD,d1_adx_lt25,fixed,2024-09-17 05:09:00-04:00,1.6347727999999773,L,2024,False
AUDUSD,none,trail,2024-09-17 05:09:00-04:00,-0.6766471500000014,L,2024,False
AUDUSD,d1_adx_ge20,trail,2024-09-17 05:09:00-04:00,-0.6766471500000014,L,2024,False
AUDUSD,h4_ma_nocounter,trail,2024-09-17 05:09:00-04:00,-0.6766471500000014,L,2024,False
AUDUSD,none,fixed,2024-09-17 05:09:00-04:00,1.6347727999999773,L,2024,False
AUDUSD,d1roc_h4ma,fixed,2024-09-17 05:09:00-04:00,1.6347727999999773,L,2024,False
AUDUSD,h4_ma_nocounter,fixed,2024-09-17 05:09:00-04:00,1.6347727999999773,L,2024,False
AUDUSD,d1_adx_ge20,fixed,2024-09-17 05:09:00-04:00,1.6347727999999773,L,2024,False
AUDUSD,d1_adx_lt25,trail,2024-09-17 05:09:00-04:00,-0.6766471500000014,L,2024,False
GBPUSD,d1_roc20,fixed,2024-09-18 09:13:00-04:00,-1.0318401499999836,L,2024,False
GBPUSD,d1_roc20,trail,2024-09-18 09:13:00-04:00,-1.0318401499999836,L,2024,False
GBPUSD,w1_dow_strict,fixed,2024-09-18 09:13:00-04:00,-1.0318401499999836,L,2024,False
GBPUSD,w1_dow_strict,trail,2024-09-18 09:13:00-04:00,-1.0318401499999836,L,2024,False
GBPUSD,w1_dow_nocounter,fixed,2024-09-18 09:13:00-04:00,-1.0318401499999836,L,2024,False
GBPUSD,d1_adx_ge20,trail,2024-09-18 09:13:00-04:00,-1.0318401499999836,L,2024,False
GBPUSD,d1roc_h4ma,trail,2024-09-18 09:13:00-04:00,-1.0318401499999836,L,2024,False
GBPUSD,none,trail,2024-09-18 09:13:00-04:00,-1.0318401499999836,L,2024,False
GBPUSD,d1_adx_ge20,fixed,2024-09-18 09:13:00-04:00,-1.0318401499999836,L,2024,False
GBPUSD,h4_ma_nocounter,trail,2024-09-18 09:13:00-04:00,-1.0318401499999836,L,2024,False
GBPUSD,h4_ma_nocounter,fixed,2024-09-18 09:13:00-04:00,-1.0318401499999836,L,2024,False
GBPUSD,none,fixed,2024-09-18 09:13:00-04:00,-1.0318401499999836,L,2024,False
GBPUSD,w1_dow_nocounter,trail,2024-09-18 09:13:00-04:00,-1.0318401499999836,L,2024,False
GBPUSD,d1roc_h4ma,fixed,2024-09-18 09:13:00-04:00,-1.0318401499999836,L,2024,False
EURUSD,d1_adx_ge20,fixed,2024-09-18 14:00:00-04:00,-1.018033500000056,L,2024,False
EURUSD,w1_dow_nocounter,fixed,2024-09-18 14:00:00-04:00,-1.018033500000056,L,2024,False
EURUSD,h4_ma_nocounter,trail,2024-09-18 14:00:00-04:00,-1.018033500000056,L,2024,False
EURUSD,none,trail,2024-09-18 14:00:00-04:00,-1.018033500000056,L,2024,False
EURUSD,h4_ma_nocounter,fixed,2024-09-18 14:00:00-04:00,-1.018033500000056,L,2024,False
EURUSD,none,fixed,2024-09-18 14:00:00-04:00,-1.018033500000056,L,2024,False
EURUSD,w1_dow_strict,fixed,2024-09-18 14:00:00-04:00,-1.018033500000056,L,2024,False
EURUSD,d1_adx_ge20,trail,2024-09-18 14:00:00-04:00,-1.018033500000056,L,2024,False
EURUSD,w1_dow_nocounter,trail,2024-09-18 14:00:00-04:00,-1.018033500000056,L,2024,False
EURUSD,w1_dow_strict,trail,2024-09-18 14:00:00-04:00,-1.018033500000056,L,2024,False
EURUSD,w1_dow_nocounter,trail,2024-09-24 19:51:00-04:00,-1.0126983000000174,L,2024,False
EURUSD,h4_ma_nocounter,fixed,2024-09-24 19:51:00-04:00,-1.0126983000000174,L,2024,False
EURUSD,w1_dow_nocounter,fixed,2024-09-24 19:51:00-04:00,-1.0126983000000174,L,2024,False
EURUSD,h4_ma_nocounter,trail,2024-09-24 19:51:00-04:00,-1.0126983000000174,L,2024,False
EURUSD,h4_ma_aligned,trail,2024-09-24 19:51:00-04:00,-1.0126983000000174,L,2024,False
EURUSD,h4_ma_aligned,fixed,2024-09-24 19:51:00-04:00,-1.0126983000000174,L,2024,False
EURUSD,w1_dow_strict,fixed,2024-09-24 19:51:00-04:00,-1.0126983000000174,L,2024,False
EURUSD,none,trail,2024-09-24 19:51:00-04:00,-1.0126983000000174,L,2024,False
EURUSD,none,fixed,2024-09-24 19:51:00-04:00,-1.0126983000000174,L,2024,False
EURUSD,d1_adx_ge20,trail,2024-09-24 19:51:00-04:00,-1.0126983000000174,L,2024,False
EURUSD,d1_adx_ge20,fixed,2024-09-24 19:51:00-04:00,-1.0126983000000174,L,2024,False
EURUSD,w1_dow_strict,trail,2024-09-24 19:51:00-04:00,-1.0126983000000174,L,2024,False
SP500,w1_dow_strict,trail,2024-09-25 09:30:00-04:00,-0.9490499999999897,L,2024,False
SP500,d1_roc20,fixed,2024-09-25 09:30:00-04:00,-0.9490499999999897,L,2024,False
SP500,none,trail,2024-09-25 09:30:00-04:00,-0.9490499999999897,L,2024,False
SP500,d1_adx_ge20,trail,2024-09-25 09:30:00-04:00,-0.9490499999999897,L,2024,False
SP500,d1_adx_ge20,fixed,2024-09-25 09:30:00-04:00,-0.9490499999999897,L,2024,False
SP500,h4_ma_aligned,trail,2024-09-25 09:30:00-04:00,-0.9490499999999897,L,2024,False
SP500,none,fixed,2024-09-25 09:30:00-04:00,-0.9490499999999897,L,2024,False
SP500,w1_dow_strict,fixed,2024-09-25 09:30:00-04:00,-0.9490499999999897,L,2024,False
SP500,d1roc_h4ma,trail,2024-09-25 09:30:00-04:00,-0.9490499999999897,L,2024,False
SP500,h4_ma_aligned,fixed,2024-09-25 09:30:00-04:00,-0.9490499999999897,L,2024,False
SP500,h4_ma_nocounter,trail,2024-09-25 09:30:00-04:00,-0.9490499999999897,L,2024,False
SP500,w1_dow_nocounter,fixed,2024-09-25 09:30:00-04:00,-0.9490499999999897,L,2024,False
SP500,d1_adx_lt25,trail,2024-09-25 09:30:00-04:00,-0.9490499999999897,L,2024,False
SP500,d1roc_h4ma,fixed,2024-09-25 09:30:00-04:00,-0.9490499999999897,L,2024,False
SP500,h4_ma_nocounter,fixed,2024-09-25 09:30:00-04:00,-0.9490499999999897,L,2024,False
SP500,d1_roc20,trail,2024-09-25 09:30:00-04:00,-0.9490499999999897,L,2024,False
SP500,d1_adx_lt25,fixed,2024-09-25 09:30:00-04:00,-0.9490499999999897,L,2024,False
SP500,w1_dow_nocounter,trail,2024-09-25 09:30:00-04:00,-0.9490499999999897,L,2024,False
EURUSD,none,fixed,2024-10-01 09:36:00-04:00,1.6562310499999926,S,2024,False
EURUSD,d1_adx_ge20,trail,2024-10-01 09:36:00-04:00,-0.11958070000001002,S,2024,False
EURUSD,d1_adx_ge20,fixed,2024-10-01 09:36:00-04:00,1.6562310499999926,S,2024,False
EURUSD,none,trail,2024-10-01 09:36:00-04:00,-0.11958070000001002,S,2024,False
USDJPY,none,trail,2024-10-02 16:09:00-04:00,-0.1556950000000058,L,2024,False
USDJPY,h4_ma_nocounter,trail,2024-10-02 16:09:00-04:00,-0.1556950000000058,L,2024,False
USDJPY,d1_adx_ge20,fixed,2024-10-02 16:09:00-04:00,1.6568799999999952,L,2024,False
USDJPY,d1_adx_ge20,trail,2024-10-02 16:09:00-04:00,-0.1556950000000058,L,2024,False
USDJPY,h4_ma_nocounter,fixed,2024-10-02 16:09:00-04:00,1.6568799999999952,L,2024,False
USDJPY,none,fixed,2024-10-02 16:09:00-04:00,1.6568799999999952,L,2024,False
USDCHF,d1_roc20,trail,2024-10-03 02:30:00-04:00,-0.7249853000000024,L,2024,False
USDCHF,none,fixed,2024-10-03 02:30:00-04:00,1.6138328500000079,L,2024,False
USDCHF,none,trail,2024-10-03 02:30:00-04:00,-0.7249853000000024,L,2024,False
USDCHF,d1_adx_ge20,trail,2024-10-03 02:30:00-04:00,-0.7249853000000024,L,2024,False
USDCHF,d1_adx_ge20,fixed,2024-10-03 02:30:00-04:00,1.6138328500000079,L,2024,False
USDCHF,d1_roc20,fixed,2024-10-03 02:30:00-04:00,1.6138328500000079,L,2024,False
SP500,d1_adx_lt25,fixed,2024-10-09 11:31:00-04:00,1.4895500000000217,L,2024,False
SP500,d1_roc20,trail,2024-10-09 11:31:00-04:00,0.7686500000000023,L,2024,False
SP500,h4_ma_aligned,fixed,2024-10-09 11:31:00-04:00,1.4895500000000217,L,2024,False
SP500,h4_ma_nocounter,fixed,2024-10-09 11:31:00-04:00,1.4895500000000217,L,2024,False
SP500,h4_ma_aligned,trail,2024-10-09 11:31:00-04:00,0.7686500000000023,L,2024,False
SP500,h4_ma_nocounter,trail,2024-10-09 11:31:00-04:00,0.7686500000000023,L,2024,False
SP500,d1_adx_ge20,trail,2024-10-09 11:31:00-04:00,0.7686500000000023,L,2024,False
SP500,d1_adx_ge20,fixed,2024-10-09 11:31:00-04:00,1.4895500000000217,L,2024,False
SP500,d1roc_h4ma,fixed,2024-10-09 11:31:00-04:00,1.4895500000000217,L,2024,False
SP500,d1_adx_lt25,trail,2024-10-09 11:31:00-04:00,0.7686500000000023,L,2024,False
SP500,d1roc_h4ma,trail,2024-10-09 11:31:00-04:00,0.7686500000000023,L,2024,False
SP500,w1_dow_nocounter,trail,2024-10-09 11:31:00-04:00,0.7686500000000023,L,2024,False
SP500,none,fixed,2024-10-09 11:31:00-04:00,1.4895500000000217,L,2024,False
SP500,d1_roc20,fixed,2024-10-09 11:31:00-04:00,1.4895500000000217,L,2024,False
SP500,none,trail,2024-10-09 11:31:00-04:00,0.7686500000000023,L,2024,False
SP500,w1_dow_strict,fixed,2024-10-09 11:31:00-04:00,1.4895500000000217,L,2024,False
SP500,w1_dow_nocounter,fixed,2024-10-09 11:31:00-04:00,1.4895500000000217,L,2024,False
SP500,w1_dow_strict,trail,2024-10-09 11:31:00-04:00,0.7686500000000023,L,2024,False
USDCHF,d1_adx_ge20,fixed,2024-10-09 14:51:00-04:00,-1.0596140499999975,L,2024,False
USDCHF,d1_roc20,trail,2024-10-09 14:51:00-04:00,-1.0596140499999975,L,2024,False
USDCHF,d1roc_h4ma,trail,2024-10-09 14:51:00-04:00,-1.0596140499999975,L,2024,False
USDCHF,h4_ma_nocounter,trail,2024-10-09 14:51:00-04:00,-1.0596140499999975,L,2024,False
USDCHF,d1_roc20,fixed,2024-10-09 14:51:00-04:00,-1.0596140499999975,L,2024,False
USDCHF,h4_ma_nocounter,fixed,2024-10-09 14:51:00-04:00,-1.0596140499999975,L,2024,False
USDCHF,h4_ma_aligned,fixed,2024-10-09 14:51:00-04:00,-1.0596140499999975,L,2024,False
USDCHF,none,trail,2024-10-09 14:51:00-04:00,-1.0596140499999975,L,2024,False
USDCHF,none,fixed,2024-10-09 14:51:00-04:00,-1.0596140499999975,L,2024,False
USDCHF,h4_ma_aligned,trail,2024-10-09 14:51:00-04:00,-1.0596140499999975,L,2024,False
USDCHF,d1_adx_ge20,trail,2024-10-09 14:51:00-04:00,-1.0596140499999975,L,2024,False
USDCHF,d1roc_h4ma,fixed,2024-10-09 14:51:00-04:00,-1.0596140499999975,L,2024,False
AUDUSD,none,fixed,2024-10-15 13:10:00-04:00,1.6425886999999912,S,2024,False
AUDUSD,none,trail,2024-10-15 13:10:00-04:00,-0.2940542499999926,S,2024,False
AUDUSD,d1_adx_ge20,trail,2024-10-15 13:10:00-04:00,-0.2940542499999926,S,2024,False
AUDUSD,d1_adx_ge20,fixed,2024-10-15 13:10:00-04:00,1.6425886999999912,S,2024,False
AUDUSD,d1roc_h4ma,trail,2024-10-15 13:10:00-04:00,-0.2940542499999926,S,2024,False
AUDUSD,h4_ma_aligned,trail,2024-10-15 13:10:00-04:00,-0.2940542499999926,S,2024,False
AUDUSD,d1_adx_lt25,fixed,2024-10-15 13:10:00-04:00,1.6425886999999912,S,2024,False
AUDUSD,h4_ma_nocounter,fixed,2024-10-15 13:10:00-04:00,1.6425886999999912,S,2024,False
AUDUSD,w1_dow_nocounter,trail,2024-10-15 13:10:00-04:00,-0.2940542499999926,S,2024,False
AUDUSD,d1_roc20,trail,2024-10-15 13:10:00-04:00,-0.2940542499999926,S,2024,False
AUDUSD,d1_roc20,fixed,2024-10-15 13:10:00-04:00,1.6425886999999912,S,2024,False
AUDUSD,d1roc_h4ma,fixed,2024-10-15 13:10:00-04:00,1.6425886999999912,S,2024,False
AUDUSD,d1_adx_lt25,trail,2024-10-15 13:10:00-04:00,-0.2940542499999926,S,2024,False
AUDUSD,h4_ma_aligned,fixed,2024-10-15 13:10:00-04:00,1.6425886999999912,S,2024,False
AUDUSD,h4_ma_nocounter,trail,2024-10-15 13:10:00-04:00,-0.2940542499999926,S,2024,False
AUDUSD,w1_dow_nocounter,fixed,2024-10-15 13:10:00-04:00,1.6425886999999912,S,2024,False
GBPUSD,d1roc_h4ma,fixed,2024-10-16 02:00:00-04:00,-1.0357716000000203,S,2024,False
GBPUSD,d1roc_h4ma,trail,2024-10-16 02:00:00-04:00,0.5124090999999693,S,2024,False
GBPUSD,none,trail,2024-10-16 02:00:00-04:00,0.5124090999999693,S,2024,False
GBPUSD,d1_adx_ge20,fixed,2024-10-16 02:00:00-04:00,-1.0357716000000203,S,2024,False
GBPUSD,h4_ma_aligned,fixed,2024-10-16 02:00:00-04:00,-1.0357716000000203,S,2024,False
GBPUSD,none,fixed,2024-10-16 02:00:00-04:00,-1.0357716000000203,S,2024,False
GBPUSD,d1_adx_ge20,trail,2024-10-16 02:00:00-04:00,0.5124090999999693,S,2024,False
GBPUSD,h4_ma_aligned,trail,2024-10-16 02:00:00-04:00,0.5124090999999693,S,2024,False
GBPUSD,h4_ma_nocounter,fixed,2024-10-16 02:00:00-04:00,-1.0357716000000203,S,2024,False
GBPUSD,h4_ma_nocounter,trail,2024-10-16 02:00:00-04:00,0.5124090999999693,S,2024,False
GBPUSD,d1_roc20,trail,2024-10-16 02:00:00-04:00,0.5124090999999693,S,2024,False
GBPUSD,d1_roc20,fixed,2024-10-16 02:00:00-04:00,-1.0357716000000203,S,2024,False
GBPUSD,d1roc_h4ma,trail,2024-10-22 05:55:00-04:00,-0.18218500000001345,S,2024,False
GBPUSD,h4_ma_nocounter,trail,2024-10-22 05:55:00-04:00,-0.18218500000001345,S,2024,False
GBPUSD,none,fixed,2024-10-22 05:55:00-04:00,1.6312300499999646,S,2024,False
GBPUSD,h4_ma_aligned,fixed,2024-10-22 05:55:00-04:00,1.6312300499999646,S,2024,False
GBPUSD,h4_ma_aligned,trail,2024-10-22 05:55:00-04:00,-0.18218500000001345,S,2024,False
GBPUSD,d1_roc20,trail,2024-10-22 05:55:00-04:00,-0.18218500000001345,S,2024,False
GBPUSD,d1roc_h4ma,fixed,2024-10-22 05:55:00-04:00,1.6312300499999646,S,2024,False
GBPUSD,h4_ma_nocounter,fixed,2024-10-22 05:55:00-04:00,1.6312300499999646,S,2024,False
GBPUSD,d1_adx_ge20,fixed,2024-10-22 05:55:00-04:00,1.6312300499999646,S,2024,False
GBPUSD,d1_roc20,fixed,2024-10-22 05:55:00-04:00,1.6312300499999646,S,2024,False
GBPUSD,d1_adx_ge20,trail,2024-10-22 05:55:00-04:00,-0.18218500000001345,S,2024,False
GBPUSD,none,trail,2024-10-22 05:55:00-04:00,-0.18218500000001345,S,2024,False
USDCHF,d1_adx_ge20,fixed,2024-10-22 21:38:00-04:00,-1.0899739500000079,L,2024,False
USDCHF,h4_ma_nocounter,trail,2024-10-22 21:38:00-04:00,-0.4958371999999768,L,2024,False
USDCHF,d1_roc20,trail,2024-10-22 21:38:00-04:00,-0.4958371999999768,L,2024,False
USDCHF,h4_ma_nocounter,fixed,2024-10-22 21:38:00-04:00,-1.0899739500000079,L,2024,False
USDCHF,none,trail,2024-10-22 21:38:00-04:00,-0.4958371999999768,L,2024,False
USDCHF,h4_ma_aligned,fixed,2024-10-22 21:38:00-04:00,-1.0899739500000079,L,2024,False
USDCHF,d1roc_h4ma,fixed,2024-10-22 21:38:00-04:00,-1.0899739500000079,L,2024,False
USDCHF,d1_roc20,fixed,2024-10-22 21:38:00-04:00,-1.0899739500000079,L,2024,False
USDCHF,d1_adx_ge20,trail,2024-10-22 21:38:00-04:00,-0.4958371999999768,L,2024,False
USDCHF,d1roc_h4ma,trail,2024-10-22 21:38:00-04:00,-0.4958371999999768,L,2024,False
USDCHF,h4_ma_aligned,trail,2024-10-22 21:38:00-04:00,-0.4958371999999768,L,2024,False
USDCHF,none,fixed,2024-10-22 21:38:00-04:00,-1.0899739500000079,L,2024,False
SP500,none,fixed,2024-10-31 09:31:00-04:00,1.539150000000011,S,2024,False
SP500,none,trail,2024-10-31 09:31:00-04:00,0.7309000000000229,S,2024,False
SP500,h4_ma_nocounter,fixed,2024-10-31 09:31:00-04:00,1.539150000000011,S,2024,False
SP500,d1_adx_ge20,fixed,2024-10-31 09:31:00-04:00,1.539150000000011,S,2024,False
SP500,d1_adx_ge20,trail,2024-10-31 09:31:00-04:00,0.7309000000000229,S,2024,False
SP500,h4_ma_nocounter,trail,2024-10-31 09:31:00-04:00,0.7309000000000229,S,2024,False
GBPUSD,none,trail,2024-10-31 10:05:00-04:00,0.05439359999998728,S,2024,False
GBPUSD,d1_roc20,trail,2024-10-31 10:05:00-04:00,0.05439359999998728,S,2024,False
GBPUSD,d1_adx_ge20,fixed,2024-10-31 10:05:00-04:00,-1.0242182000000277,S,2024,False
GBPUSD,h4_ma_nocounter,fixed,2024-10-31 10:05:00-04:00,-1.0242182000000277,S,2024,False
GBPUSD,d1_roc20,fixed,2024-10-31 10:05:00-04:00,-1.0242182000000277,S,2024,False
GBPUSD,h4_ma_nocounter,trail,2024-10-31 10:05:00-04:00,0.05439359999998728,S,2024,False
GBPUSD,d1roc_h4ma,trail,2024-10-31 10:05:00-04:00,0.05439359999998728,S,2024,False
GBPUSD,none,fixed,2024-10-31 10:05:00-04:00,-1.0242182000000277,S,2024,False
GBPUSD,d1_adx_ge20,trail,2024-10-31 10:05:00-04:00,0.05439359999998728,S,2024,False
GBPUSD,d1roc_h4ma,fixed,2024-10-31 10:05:00-04:00,-1.0242182000000277,S,2024,False
USDCHF,h4_ma_nocounter,fixed,2024-11-01 11:45:00-04:00,-1.0523012499999895,L,2024,False
USDCHF,d1roc_h4ma,trail,2024-11-01 11:45:00-04:00,-1.0523012499999895,L,2024,False
USDCHF,d1_adx_ge20,trail,2024-11-01 11:45:00-04:00,-1.0523012499999895,L,2024,False
USDCHF,none,trail,2024-11-01 11:45:00-04:00,-1.0523012499999895,L,2024,False
USDCHF,d1roc_h4ma,fixed,2024-11-01 11:45:00-04:00,-1.0523012499999895,L,2024,False
USDCHF,none,fixed,2024-11-01 11:45:00-04:00,-1.0523012499999895,L,2024,False
USDCHF,h4_ma_aligned,fixed,2024-11-01 11:45:00-04:00,-1.0523012499999895,L,2024,False
USDCHF,d1_roc20,fixed,2024-11-01 11:45:00-04:00,-1.0523012499999895,L,2024,False
USDCHF,d1_roc20,trail,2024-11-01 11:45:00-04:00,-1.0523012499999895,L,2024,False
USDCHF,h4_ma_nocounter,trail,2024-11-01 11:45:00-04:00,-1.0523012499999895,L,2024,False
USDCHF,d1_adx_ge20,fixed,2024-11-01 11:45:00-04:00,-1.0523012499999895,L,2024,False
USDCHF,h4_ma_aligned,trail,2024-11-01 11:45:00-04:00,-1.0523012499999895,L,2024,False
GBPUSD,w1_dow_nocounter,trail,2024-11-05 16:59:00-05:00,-1.0257277000000053,L,2024,False
GBPUSD,w1_dow_strict,fixed,2024-11-05 16:59:00-05:00,-1.0257277000000053,L,2024,False
GBPUSD,none,fixed,2024-11-05 16:59:00-05:00,-1.0257277000000053,L,2024,False
GBPUSD,w1_dow_strict,trail,2024-11-05 16:59:00-05:00,-1.0257277000000053,L,2024,False
GBPUSD,d1_adx_ge20,trail,2024-11-05 16:59:00-05:00,-1.0257277000000053,L,2024,False
GBPUSD,none,trail,2024-11-05 16:59:00-05:00,-1.0257277000000053,L,2024,False
GBPUSD,d1_adx_ge20,fixed,2024-11-05 16:59:00-05:00,-1.0257277000000053,L,2024,False
GBPUSD,w1_dow_nocounter,fixed,2024-11-05 16:59:00-05:00,-1.0257277000000053,L,2024,False
EURUSD,d1roc_h4ma,trail,2024-11-05 21:36:00-05:00,0.21567139999999368,S,2024,False
EURUSD,d1_adx_ge20,fixed,2024-11-05 21:36:00-05:00,1.655932500000026,S,2024,False
EURUSD,d1_adx_ge20,trail,2024-11-05 21:36:00-05:00,0.21567139999999368,S,2024,False
EURUSD,d1roc_h4ma,fixed,2024-11-05 21:36:00-05:00,1.655932500000026,S,2024,False
EURUSD,d1_roc20,fixed,2024-11-05 21:36:00-05:00,1.655932500000026,S,2024,False
EURUSD,h4_ma_nocounter,trail,2024-11-05 21:36:00-05:00,0.21567139999999368,S,2024,False
EURUSD,h4_ma_nocounter,fixed,2024-11-05 21:36:00-05:00,1.655932500000026,S,2024,False
EURUSD,none,trail,2024-11-05 21:36:00-05:00,0.21567139999999368,S,2024,False
EURUSD,none,fixed,2024-11-05 21:36:00-05:00,1.655932500000026,S,2024,False
EURUSD,d1_roc20,trail,2024-11-05 21:36:00-05:00,0.21567139999999368,S,2024,False
USDJPY,none,fixed,2024-11-05 21:39:00-05:00,-1.0008699999999937,L,2024,False
USDJPY,h4_ma_nocounter,trail,2024-11-05 21:39:00-05:00,-0.23601499999998918,L,2024,False
USDJPY,d1_roc20,fixed,2024-11-05 21:39:00-05:00,-1.0008699999999937,L,2024,False
USDJPY,d1_adx_ge20,trail,2024-11-05 21:39:00-05:00,-0.23601499999998918,L,2024,False
USDJPY,d1roc_h4ma,fixed,2024-11-05 21:39:00-05:00,-1.0008699999999937,L,2024,False
USDJPY,d1_roc20,trail,2024-11-05 21:39:00-05:00,-0.23601499999998918,L,2024,False
USDJPY,none,trail,2024-11-05 21:39:00-05:00,-0.23601499999998918,L,2024,False
USDJPY,d1roc_h4ma,trail,2024-11-05 21:39:00-05:00,-0.23601499999998918,L,2024,False
USDJPY,h4_ma_nocounter,fixed,2024-11-05 21:39:00-05:00,-1.0008699999999937,L,2024,False
USDJPY,d1_adx_ge20,fixed,2024-11-05 21:39:00-05:00,-1.0008699999999937,L,2024,False
AUDUSD,d1_roc20,trail,2024-11-05 22:06:00-05:00,-1.023388500000006,S,2024,False
AUDUSD,d1_roc20,fixed,2024-11-05 22:06:00-05:00,-1.023388500000006,S,2024,False
AUDUSD,d1roc_h4ma,fixed,2024-11-05 22:06:00-05:00,-1.023388500000006,S,2024,False
AUDUSD,h4_ma_nocounter,fixed,2024-11-05 22:06:00-05:00,-1.023388500000006,S,2024,False
AUDUSD,h4_ma_nocounter,trail,2024-11-05 22:06:00-05:00,-1.023388500000006,S,2024,False
AUDUSD,w1_dow_nocounter,trail,2024-11-05 22:06:00-05:00,-1.023388500000006,S,2024,False
AUDUSD,none,fixed,2024-11-05 22:06:00-05:00,-1.023388500000006,S,2024,False
AUDUSD,none,trail,2024-11-05 22:06:00-05:00,-1.023388500000006,S,2024,False
AUDUSD,d1_adx_ge20,fixed,2024-11-05 22:06:00-05:00,-1.023388500000006,S,2024,False
AUDUSD,d1roc_h4ma,trail,2024-11-05 22:06:00-05:00,-1.023388500000006,S,2024,False
AUDUSD,w1_dow_nocounter,fixed,2024-11-05 22:06:00-05:00,-1.023388500000006,S,2024,False
AUDUSD,d1_adx_ge20,trail,2024-11-05 22:06:00-05:00,-1.023388500000006,S,2024,False
SP500,d1_roc20,trail,2024-11-06 02:37:00-05:00,1.727099999999997,L,2024,False
SP500,d1_adx_ge20,fixed,2024-11-06 02:37:00-05:00,1.4788999999999999,L,2024,False
SP500,d1_roc20,fixed,2024-11-06 02:37:00-05:00,1.4788999999999999,L,2024,False
SP500,w1_dow_nocounter,trail,2024-11-06 02:37:00-05:00,1.727099999999997,L,2024,False
SP500,d1_adx_ge20,trail,2024-11-06 02:37:00-05:00,1.727099999999997,L,2024,False
SP500,w1_dow_nocounter,fixed,2024-11-06 02:37:00-05:00,1.4788999999999999,L,2024,False
SP500,d1_adx_lt25,trail,2024-11-06 02:37:00-05:00,1.727099999999997,L,2024,False
SP500,w1_dow_strict,fixed,2024-11-06 02:37:00-05:00,1.4788999999999999,L,2024,False
SP500,none,fixed,2024-11-06 02:37:00-05:00,1.4788999999999999,L,2024,False
SP500,none,trail,2024-11-06 02:37:00-05:00,1.727099999999997,L,2024,False
SP500,w1_dow_strict,trail,2024-11-06 02:37:00-05:00,1.727099999999997,L,2024,False
SP500,d1_adx_lt25,fixed,2024-11-06 02:37:00-05:00,1.4788999999999999,L,2024,False
GBPUSD,none,trail,2024-11-06 07:32:00-05:00,-1.0028893000000167,S,2024,False
GBPUSD,d1roc_h4ma,fixed,2024-11-06 07:32:00-05:00,-1.0173253500000239,S,2024,False
GBPUSD,h4_ma_aligned,trail,2024-11-06 07:32:00-05:00,-1.0028893000000167,S,2024,False
GBPUSD,none,fixed,2024-11-06 07:32:00-05:00,-1.0173253500000239,S,2024,False
GBPUSD,h4_ma_nocounter,trail,2024-11-06 07:32:00-05:00,-1.0028893000000167,S,2024,False
GBPUSD,d1roc_h4ma,trail,2024-11-06 07:32:00-05:00,-1.0028893000000167,S,2024,False
GBPUSD,h4_ma_aligned,fixed,2024-11-06 07:32:00-05:00,-1.0173253500000239,S,2024,False
GBPUSD,d1_roc20,fixed,2024-11-06 07:32:00-05:00,-1.0173253500000239,S,2024,False
GBPUSD,d1_adx_ge20,fixed,2024-11-06 07:32:00-05:00,-1.0173253500000239,S,2024,False
GBPUSD,d1_roc20,trail,2024-11-06 07:32:00-05:00,-1.0028893000000167,S,2024,False
GBPUSD,d1_adx_ge20,trail,2024-11-06 07:32:00-05:00,-1.0028893000000167,S,2024,False
GBPUSD,h4_ma_nocounter,fixed,2024-11-06 07:32:00-05:00,-1.0173253500000239,S,2024,False
GBPUSD,h4_ma_aligned,trail,2024-11-12 00:57:00-05:00,1.5132805000000114,S,2024,False
GBPUSD,d1roc_h4ma,trail,2024-11-12 00:57:00-05:00,1.5132805000000114,S,2024,False
GBPUSD,d1_adx_ge20,trail,2024-11-12 00:57:00-05:00,1.5132805000000114,S,2024,False
GBPUSD,h4_ma_aligned,fixed,2024-11-12 00:57:00-05:00,1.6411917499999888,S,2024,False
GBPUSD,d1roc_h4ma,fixed,2024-11-12 00:57:00-05:00,1.6411917499999888,S,2024,False
GBPUSD,d1_roc20,fixed,2024-11-12 00:57:00-05:00,1.6411917499999888,S,2024,False
GBPUSD,d1_adx_ge20,fixed,2024-11-12 00:57:00-05:00,1.6411917499999888,S,2024,False
GBPUSD,none,fixed,2024-11-12 00:57:00-05:00,1.6411917499999888,S,2024,False
GBPUSD,h4_ma_nocounter,trail,2024-11-12 00:57:00-05:00,1.5132805000000114,S,2024,False
GBPUSD,none,trail,2024-11-12 00:57:00-05:00,1.5132805000000114,S,2024,False
GBPUSD,d1_roc20,trail,2024-11-12 00:57:00-05:00,1.5132805000000114,S,2024,False
GBPUSD,h4_ma_nocounter,fixed,2024-11-12 00:57:00-05:00,1.6411917499999888,S,2024,False
USDJPY,h4_ma_aligned,fixed,2024-11-12 11:43:00-05:00,1.6586750000000086,L,2024,False
USDJPY,d1_adx_ge20,trail,2024-11-12 11:43:00-05:00,-0.26655000000001594,L,2024,False
USDJPY,d1_adx_ge20,fixed,2024-11-12 11:43:00-05:00,1.6586750000000086,L,2024,False
USDJPY,none,fixed,2024-11-12 11:43:00-05:00,1.6586750000000086,L,2024,False
USDJPY,d1roc_h4ma,fixed,2024-11-12 11:43:00-05:00,1.6586750000000086,L,2024,False
USDJPY,d1_roc20,fixed,2024-11-12 11:43:00-05:00,1.6586750000000086,L,2024,False
USDJPY,d1_roc20,trail,2024-11-12 11:43:00-05:00,-0.26655000000001594,L,2024,False
USDJPY,d1roc_h4ma,trail,2024-11-12 11:43:00-05:00,-0.26655000000001594,L,2024,False
USDJPY,h4_ma_nocounter,fixed,2024-11-12 11:43:00-05:00,1.6586750000000086,L,2024,False
USDJPY,h4_ma_nocounter,trail,2024-11-12 11:43:00-05:00,-0.26655000000001594,L,2024,False
USDJPY,h4_ma_aligned,trail,2024-11-12 11:43:00-05:00,-0.26655000000001594,L,2024,False
USDJPY,none,trail,2024-11-12 11:43:00-05:00,-0.26655000000001594,L,2024,False
AUDUSD,h4_ma_aligned,trail,2024-11-13 09:33:00-05:00,0.9247386499999841,S,2024,False
AUDUSD,none,trail,2024-11-13 09:33:00-05:00,0.9247386499999841,S,2024,False
AUDUSD,d1roc_h4ma,fixed,2024-11-13 09:33:00-05:00,1.6427331500000062,S,2024,False
AUDUSD,h4_ma_aligned,fixed,2024-11-13 09:33:00-05:00,1.6427331500000062,S,2024,False
AUDUSD,d1_adx_ge20,fixed,2024-11-13 09:33:00-05:00,1.6427331500000062,S,2024,False
AUDUSD,h4_ma_nocounter,trail,2024-11-13 09:33:00-05:00,0.9247386499999841,S,2024,False
AUDUSD,w1_dow_nocounter,fixed,2024-11-13 09:33:00-05:00,1.6427331500000062,S,2024,False
AUDUSD,d1_adx_ge20,trail,2024-11-13 09:33:00-05:00,0.9247386499999841,S,2024,False
AUDUSD,w1_dow_nocounter,trail,2024-11-13 09:33:00-05:00,0.9247386499999841,S,2024,False
AUDUSD,h4_ma_nocounter,fixed,2024-11-13 09:33:00-05:00,1.6427331500000062,S,2024,False
AUDUSD,d1_roc20,trail,2024-11-13 09:33:00-05:00,0.9247386499999841,S,2024,False
AUDUSD,d1roc_h4ma,trail,2024-11-13 09:33:00-05:00,0.9247386499999841,S,2024,False
AUDUSD,d1_roc20,fixed,2024-11-13 09:33:00-05:00,1.6427331500000062,S,2024,False
AUDUSD,none,fixed,2024-11-13 09:33:00-05:00,1.6427331500000062,S,2024,False
EURUSD,d1roc_h4ma,fixed,2024-11-21 11:16:00-05:00,1.6518838000000036,S,2024,False
EURUSD,d1roc_h4ma,trail,2024-11-21 11:16:00-05:00,-0.049055899999985504,S,2024,False
EURUSD,h4_ma_nocounter,trail,2024-11-21 11:16:00-05:00,-0.049055899999985504,S,2024,False
EURUSD,h4_ma_nocounter,fixed,2024-11-21 11:16:00-05:00,1.6518838000000036,S,2024,False
EURUSD,d1_adx_ge20,fixed,2024-11-21 11:16:00-05:00,1.6518838000000036,S,2024,False
EURUSD,d1_adx_ge20,trail,2024-11-21 11:16:00-05:00,-0.049055899999985504,S,2024,False
EURUSD,h4_ma_aligned,trail,2024-11-21 11:16:00-05:00,-0.049055899999985504,S,2024,False
EURUSD,h4_ma_aligned,fixed,2024-11-21 11:16:00-05:00,1.6518838000000036,S,2024,False
EURUSD,d1_roc20,fixed,2024-11-21 11:16:00-05:00,1.6518838000000036,S,2024,False
EURUSD,w1_dow_nocounter,fixed,2024-11-21 11:16:00-05:00,1.6518838000000036,S,2024,False
EURUSD,none,trail,2024-11-21 11:16:00-05:00,-0.049055899999985504,S,2024,False
EURUSD,w1_dow_nocounter,trail,2024-11-21 11:16:00-05:00,-0.049055899999985504,S,2024,False
EURUSD,d1_roc20,trail,2024-11-21 11:16:00-05:00,-0.049055899999985504,S,2024,False
EURUSD,none,fixed,2024-11-21 11:16:00-05:00,1.6518838000000036,S,2024,False
GBPUSD,d1_adx_ge20,trail,2024-11-21 11:18:00-05:00,-0.24750815000002277,S,2024,False
GBPUSD,h4_ma_aligned,fixed,2024-11-21 11:18:00-05:00,1.6333903500000035,S,2024,False
GBPUSD,h4_ma_aligned,trail,2024-11-21 11:18:00-05:00,-0.24750815000002277,S,2024,False
GBPUSD,d1_roc20,trail,2024-11-21 11:18:00-05:00,-0.24750815000002277,S,2024,False
GBPUSD,none,fixed,2024-11-21 11:18:00-05:00,1.6333903500000035,S,2024,False
GBPUSD,w1_dow_nocounter,fixed,2024-11-21 11:18:00-05:00,1.6333903500000035,S,2024,False
GBPUSD,d1_adx_ge20,fixed,2024-11-21 11:18:00-05:00,1.6333903500000035,S,2024,False
GBPUSD,none,trail,2024-11-21 11:18:00-05:00,-0.24750815000002277,S,2024,False
GBPUSD,d1roc_h4ma,fixed,2024-11-21 11:18:00-05:00,1.6333903500000035,S,2024,False
GBPUSD,d1_roc20,fixed,2024-11-21 11:18:00-05:00,1.6333903500000035,S,2024,False
GBPUSD,w1_dow_nocounter,trail,2024-11-21 11:18:00-05:00,-0.24750815000002277,S,2024,False
GBPUSD,h4_ma_nocounter,fixed,2024-11-21 11:18:00-05:00,1.6333903500000035,S,2024,False
GBPUSD,h4_ma_nocounter,trail,2024-11-21 11:18:00-05:00,-0.24750815000002277,S,2024,False
GBPUSD,d1roc_h4ma,trail,2024-11-21 11:18:00-05:00,-0.24750815000002277,S,2024,False
USDCHF,d1roc_h4ma,fixed,2024-11-22 08:10:00-05:00,-1.0571414999999893,L,2024,False
USDCHF,d1roc_h4ma,trail,2024-11-22 08:10:00-05:00,-0.8332867999999809,L,2024,False
USDCHF,none,trail,2024-11-22 08:10:00-05:00,-0.8332867999999809,L,2024,False
USDCHF,d1_roc20,trail,2024-11-22 08:10:00-05:00,-0.8332867999999809,L,2024,False
USDCHF,d1_roc20,fixed,2024-11-22 08:10:00-05:00,-1.0571414999999893,L,2024,False
USDCHF,none,fixed,2024-11-22 08:10:00-05:00,-1.0571414999999893,L,2024,False
USDCHF,d1_adx_ge20,trail,2024-11-22 08:10:00-05:00,-0.8332867999999809,L,2024,False
USDCHF,h4_ma_nocounter,fixed,2024-11-22 08:10:00-05:00,-1.0571414999999893,L,2024,False
USDCHF,d1_adx_ge20,fixed,2024-11-22 08:10:00-05:00,-1.0571414999999893,L,2024,False
USDCHF,h4_ma_nocounter,trail,2024-11-22 08:10:00-05:00,-0.8332867999999809,L,2024,False
AUDUSD,w1_dow_nocounter,fixed,2024-11-25 20:03:00-05:00,-1.0215639999999986,S,2024,False
AUDUSD,d1roc_h4ma,fixed,2024-11-25 20:03:00-05:00,-1.0215639999999986,S,2024,False
AUDUSD,h4_ma_nocounter,fixed,2024-11-25 20:03:00-05:00,-1.0215639999999986,S,2024,False
AUDUSD,d1roc_h4ma,trail,2024-11-25 20:03:00-05:00,-1.021498949999987,S,2024,False
AUDUSD,w1_dow_nocounter,trail,2024-11-25 20:03:00-05:00,-1.021498949999987,S,2024,False
AUDUSD,d1_roc20,fixed,2024-11-25 20:03:00-05:00,-1.0215639999999986,S,2024,False
AUDUSD,d1_adx_ge20,trail,2024-11-25 20:03:00-05:00,-1.021498949999987,S,2024,False
AUDUSD,none,fixed,2024-11-25 20:03:00-05:00,-1.0215639999999986,S,2024,False
AUDUSD,none,trail,2024-11-25 20:03:00-05:00,-1.021498949999987,S,2024,False
AUDUSD,h4_ma_nocounter,trail,2024-11-25 20:03:00-05:00,-1.021498949999987,S,2024,False
AUDUSD,d1_adx_ge20,fixed,2024-11-25 20:03:00-05:00,-1.0215639999999986,S,2024,False
AUDUSD,d1_roc20,trail,2024-11-25 20:03:00-05:00,-1.021498949999987,S,2024,False
USDJPY,w1_dow_strict,trail,2024-11-26 07:15:00-05:00,1.5620999999999916,S,2024,False
USDJPY,w1_dow_nocounter,trail,2024-11-26 07:15:00-05:00,1.5620999999999916,S,2024,False
USDJPY,w1_dow_nocounter,fixed,2024-11-26 07:15:00-05:00,1.6564000000000048,S,2024,False
USDJPY,h4_ma_nocounter,trail,2024-11-26 07:15:00-05:00,1.5620999999999916,S,2024,False
USDJPY,h4_ma_nocounter,fixed,2024-11-26 07:15:00-05:00,1.6564000000000048,S,2024,False
USDJPY,none,fixed,2024-11-26 07:15:00-05:00,1.6564000000000048,S,2024,False
USDJPY,none,trail,2024-11-26 07:15:00-05:00,1.5620999999999916,S,2024,False
USDJPY,d1_adx_ge20,fixed,2024-11-26 07:15:00-05:00,1.6564000000000048,S,2024,False
USDJPY,d1_adx_ge20,trail,2024-11-26 07:15:00-05:00,1.5620999999999916,S,2024,False
USDJPY,w1_dow_strict,fixed,2024-11-26 07:15:00-05:00,1.6564000000000048,S,2024,False
USDCHF,w1_dow_strict,trail,2024-11-27 11:49:00-05:00,-1.0495281,S,2024,False
USDCHF,d1_adx_ge20,fixed,2024-11-27 11:49:00-05:00,-1.049663550000012,S,2024,False
USDCHF,none,trail,2024-11-27 11:49:00-05:00,-1.0495281,S,2024,False
USDCHF,w1_dow_nocounter,fixed,2024-11-27 11:49:00-05:00,-1.049663550000012,S,2024,False
USDCHF,w1_dow_strict,fixed,2024-11-27 11:49:00-05:00,-1.049663550000012,S,2024,False
USDCHF,d1_adx_ge20,trail,2024-11-27 11:49:00-05:00,-1.0495281,S,2024,False
USDCHF,w1_dow_nocounter,trail,2024-11-27 11:49:00-05:00,-1.0495281,S,2024,False
USDCHF,none,fixed,2024-11-27 11:49:00-05:00,-1.049663550000012,S,2024,False
GBPUSD,none,fixed,2024-11-28 22:49:00-05:00,-1.028632150000012,L,2024,False
GBPUSD,none,trail,2024-11-28 22:49:00-05:00,-0.9736140000000281,L,2024,False
GBPUSD,d1_adx_ge20,trail,2024-11-28 22:49:00-05:00,-0.9736140000000281,L,2024,False
GBPUSD,w1_dow_nocounter,trail,2024-11-28 22:49:00-05:00,-0.9736140000000281,L,2024,False
GBPUSD,w1_dow_nocounter,fixed,2024-11-28 22:49:00-05:00,-1.028632150000012,L,2024,False
GBPUSD,d1_adx_ge20,fixed,2024-11-28 22:49:00-05:00,-1.028632150000012,L,2024,False
SP500,w1_dow_nocounter,trail,2024-11-29 11:49:00-05:00,1.1740499999999836,L,2024,False
SP500,h4_ma_nocounter,trail,2024-11-29 11:49:00-05:00,1.1740499999999836,L,2024,False
SP500,d1_adx_lt25,trail,2024-11-29 11:49:00-05:00,1.1740499999999836,L,2024,False
SP500,w1_dow_strict,trail,2024-11-29 11:49:00-05:00,1.1740499999999836,L,2024,False
SP500,d1_adx_lt25,fixed,2024-11-29 11:49:00-05:00,1.4867999999999753,L,2024,False
SP500,d1roc_h4ma,trail,2024-11-29 11:49:00-05:00,1.1740499999999836,L,2024,False
SP500,d1roc_h4ma,fixed,2024-11-29 11:49:00-05:00,1.4867999999999753,L,2024,False
SP500,w1_dow_strict,fixed,2024-11-29 11:49:00-05:00,1.4867999999999753,L,2024,False
SP500,none,fixed,2024-11-29 11:49:00-05:00,1.4867999999999753,L,2024,False
SP500,none,trail,2024-11-29 11:49:00-05:00,1.1740499999999836,L,2024,False
SP500,w1_dow_nocounter,fixed,2024-11-29 11:49:00-05:00,1.4867999999999753,L,2024,False
SP500,h4_ma_aligned,fixed,2024-11-29 11:49:00-05:00,1.4867999999999753,L,2024,False
SP500,h4_ma_nocounter,fixed,2024-11-29 11:49:00-05:00,1.4867999999999753,L,2024,False
SP500,d1_roc20,trail,2024-11-29 11:49:00-05:00,1.1740499999999836,L,2024,False
SP500,d1_roc20,fixed,2024-11-29 11:49:00-05:00,1.4867999999999753,L,2024,False
SP500,h4_ma_aligned,trail,2024-11-29 11:49:00-05:00,1.1740499999999836,L,2024,False
AUDUSD,h4_ma_aligned,fixed,2024-12-03 21:37:00-05:00,1.6437964500000002,S,2024,False
AUDUSD,h4_ma_nocounter,fixed,2024-12-03 21:37:00-05:00,1.6437964500000002,S,2024,False
AUDUSD,none,trail,2024-12-03 21:37:00-05:00,-0.2681586000000158,S,2024,False
AUDUSD,d1_adx_ge20,trail,2024-12-03 21:37:00-05:00,-0.2681586000000158,S,2024,False
AUDUSD,d1_roc20,trail,2024-12-03 21:37:00-05:00,-0.2681586000000158,S,2024,False
AUDUSD,d1roc_h4ma,trail,2024-12-03 21:37:00-05:00,-0.2681586000000158,S,2024,False
AUDUSD,d1roc_h4ma,fixed,2024-12-03 21:37:00-05:00,1.6437964500000002,S,2024,False
AUDUSD,d1_roc20,fixed,2024-12-03 21:37:00-05:00,1.6437964500000002,S,2024,False
AUDUSD,w1_dow_nocounter,fixed,2024-12-03 21:37:00-05:00,1.6437964500000002,S,2024,False
AUDUSD,none,fixed,2024-12-03 21:37:00-05:00,1.6437964500000002,S,2024,False
AUDUSD,d1_adx_ge20,fixed,2024-12-03 21:37:00-05:00,1.6437964500000002,S,2024,False
AUDUSD,h4_ma_aligned,trail,2024-12-03 21:37:00-05:00,-0.2681586000000158,S,2024,False
AUDUSD,w1_dow_nocounter,trail,2024-12-03 21:37:00-05:00,-0.2681586000000158,S,2024,False
AUDUSD,h4_ma_nocounter,trail,2024-12-03 21:37:00-05:00,-0.2681586000000158,S,2024,False
GBPUSD,w1_dow_nocounter,fixed,2024-12-05 08:32:00-05:00,-1.024898749999983,L,2024,False
GBPUSD,w1_dow_nocounter,trail,2024-12-05 08:32:00-05:00,-0.1948091499999686,L,2024,False
GBPUSD,none,trail,2024-12-05 08:32:00-05:00,-0.1948091499999686,L,2024,False
GBPUSD,d1_adx_ge20,fixed,2024-12-05 08:32:00-05:00,-1.024898749999983,L,2024,False
GBPUSD,d1_adx_ge20,trail,2024-12-05 08:32:00-05:00,-0.1948091499999686,L,2024,False
GBPUSD,none,fixed,2024-12-05 08:32:00-05:00,-1.024898749999983,L,2024,False
GBPUSD,h4_ma_nocounter,fixed,2024-12-05 08:32:00-05:00,-1.024898749999983,L,2024,False
GBPUSD,h4_ma_nocounter,trail,2024-12-05 08:32:00-05:00,-0.1948091499999686,L,2024,False
USDCHF,d1_adx_ge20,fixed,2024-12-05 10:57:00-05:00,-1.052648450000013,S,2024,False
USDCHF,none,fixed,2024-12-05 10:57:00-05:00,-1.052648450000013,S,2024,False
USDCHF,w1_dow_nocounter,fixed,2024-12-05 10:57:00-05:00,-1.052648450000013,S,2024,False
USDCHF,none,trail,2024-12-05 10:57:00-05:00,-0.027548450000021263,S,2024,False
USDCHF,w1_dow_strict,fixed,2024-12-05 10:57:00-05:00,-1.052648450000013,S,2024,False
USDCHF,w1_dow_strict,trail,2024-12-05 10:57:00-05:00,-0.027548450000021263,S,2024,False
USDCHF,d1_adx_ge20,trail,2024-12-05 10:57:00-05:00,-0.027548450000021263,S,2024,False
USDCHF,w1_dow_nocounter,trail,2024-12-05 10:57:00-05:00,-0.027548450000021263,S,2024,False
EURUSD,h4_ma_nocounter,fixed,2024-12-06 08:30:00-05:00,-1.0114029500000057,L,2024,False
EURUSD,w1_dow_nocounter,fixed,2024-12-06 08:30:00-05:00,-1.0114029500000057,L,2024,False
EURUSD,d1_adx_ge20,fixed,2024-12-06 08:30:00-05:00,-1.0114029500000057,L,2024,False
EURUSD,d1_adx_ge20,trail,2024-12-06 08:30:00-05:00,-1.0114029500000057,L,2024,False
EURUSD,none,trail,2024-12-06 08:30:00-05:00,-1.0114029500000057,L,2024,False
EURUSD,none,fixed,2024-12-06 08:30:00-05:00,-1.0114029500000057,L,2024,False
EURUSD,w1_dow_nocounter,trail,2024-12-06 08:30:00-05:00,-1.0114029500000057,L,2024,False
EURUSD,h4_ma_nocounter,trail,2024-12-06 08:30:00-05:00,-1.0114029500000057,L,2024,False
USDJPY,d1_adx_ge20,trail,2024-12-09 10:34:00-05:00,0.21206500000000822,L,2024,False
USDJPY,none,fixed,2024-12-09 10:34:00-05:00,1.6578099999999916,L,2024,False
USDJPY,none,trail,2024-12-09 10:34:00-05:00,0.21206500000000822,L,2024,False
USDJPY,d1_adx_ge20,fixed,2024-12-09 10:34:00-05:00,1.6578099999999916,L,2024,False
USDCHF,none,fixed,2024-12-12 03:30:00-05:00,-1.064925550000018,L,2024,False
USDCHF,none,trail,2024-12-12 03:30:00-05:00,-1.064925550000018,L,2024,False
USDCHF,d1_adx_ge20,fixed,2024-12-12 03:30:00-05:00,-1.064925550000018,L,2024,False
USDCHF,d1_adx_ge20,trail,2024-12-12 03:30:00-05:00,-1.064925550000018,L,2024,False
EURUSD,d1_roc20,trail,2024-12-12 21:51:00-05:00,-0.4499619500000289,S,2024,False
EURUSD,w1_dow_nocounter,trail,2024-12-12 21:51:00-05:00,-0.4499619500000289,S,2024,False
EURUSD,d1roc_h4ma,trail,2024-12-12 21:51:00-05:00,-0.4499619500000289,S,2024,False
EURUSD,d1roc_h4ma,fixed,2024-12-12 21:51:00-05:00,-1.0108415000000346,S,2024,False
EURUSD,none,fixed,2024-12-12 21:51:00-05:00,-1.0108415000000346,S,2024,False
EURUSD,h4_ma_aligned,trail,2024-12-12 21:51:00-05:00,-0.4499619500000289,S,2024,False
EURUSD,h4_ma_aligned,fixed,2024-12-12 21:51:00-05:00,-1.0108415000000346,S,2024,False
EURUSD,d1_roc20,fixed,2024-12-12 21:51:00-05:00,-1.0108415000000346,S,2024,False
EURUSD,h4_ma_nocounter,trail,2024-12-12 21:51:00-05:00,-0.4499619500000289,S,2024,False
EURUSD,d1_adx_ge20,fixed,2024-12-12 21:51:00-05:00,-1.0108415000000346,S,2024,False
EURUSD,h4_ma_nocounter,fixed,2024-12-12 21:51:00-05:00,-1.0108415000000346,S,2024,False
EURUSD,none,trail,2024-12-12 21:51:00-05:00,-0.4499619500000289,S,2024,False
EURUSD,d1_adx_ge20,trail,2024-12-12 21:51:00-05:00,-0.4499619500000289,S,2024,False
EURUSD,w1_dow_nocounter,fixed,2024-12-12 21:51:00-05:00,-1.0108415000000346,S,2024,False
GBPUSD,d1_adx_ge20,fixed,2024-12-13 10:35:00-05:00,-1.0259536499999786,S,2024,False
GBPUSD,w1_dow_nocounter,trail,2024-12-13 10:35:00-05:00,-1.0259536499999786,S,2024,False
GBPUSD,d1_adx_ge20,trail,2024-12-13 10:35:00-05:00,-1.0259536499999786,S,2024,False
GBPUSD,w1_dow_nocounter,fixed,2024-12-13 10:35:00-05:00,-1.0259536499999786,S,2024,False
GBPUSD,none,fixed,2024-12-13 10:35:00-05:00,-1.0259536499999786,S,2024,False
GBPUSD,none,trail,2024-12-13 10:35:00-05:00,-1.0259536499999786,S,2024,False
SP500,w1_dow_nocounter,fixed,2024-12-15 18:01:00-05:00,1.0810500000000058,L,2024,False
SP500,w1_dow_nocounter,trail,2024-12-15 18:01:00-05:00,0.7802500000000248,L,2024,False
SP500,d1_roc20,fixed,2024-12-15 18:01:00-05:00,1.0810500000000058,L,2024,False
SP500,d1_roc20,trail,2024-12-15 18:01:00-05:00,0.7802500000000248,L,2024,False
SP500,h4_ma_nocounter,fixed,2024-12-15 18:01:00-05:00,1.0810500000000058,L,2024,False
SP500,none,fixed,2024-12-15 18:01:00-05:00,1.0810500000000058,L,2024,False
SP500,d1roc_h4ma,fixed,2024-12-15 18:01:00-05:00,1.0810500000000058,L,2024,False
SP500,d1_adx_lt25,trail,2024-12-15 18:01:00-05:00,0.7802500000000248,L,2024,False
SP500,d1_adx_ge20,fixed,2024-12-15 18:01:00-05:00,1.0810500000000058,L,2024,False
SP500,w1_dow_strict,trail,2024-12-15 18:01:00-05:00,0.7802500000000248,L,2024,False
SP500,h4_ma_nocounter,trail,2024-12-15 18:01:00-05:00,0.7802500000000248,L,2024,False
SP500,w1_dow_strict,fixed,2024-12-15 18:01:00-05:00,1.0810500000000058,L,2024,False
SP500,none,trail,2024-12-15 18:01:00-05:00,0.7802500000000248,L,2024,False
SP500,d1_adx_lt25,fixed,2024-12-15 18:01:00-05:00,1.0810500000000058,L,2024,False
SP500,d1_adx_ge20,trail,2024-12-15 18:01:00-05:00,0.7802500000000248,L,2024,False
SP500,d1roc_h4ma,trail,2024-12-15 18:01:00-05:00,0.7802500000000248,L,2024,False
AUDUSD,h4_ma_aligned,trail,2024-12-17 05:23:00-05:00,2.8504761499999915,S,2024,False
AUDUSD,none,trail,2024-12-17 05:23:00-05:00,2.8504761499999915,S,2024,False
AUDUSD,w1_dow_nocounter,fixed,2024-12-17 05:23:00-05:00,1.6351687000000081,S,2024,False
AUDUSD,d1roc_h4ma,trail,2024-12-17 05:23:00-05:00,2.8504761499999915,S,2024,False
AUDUSD,w1_dow_nocounter,trail,2024-12-17 05:23:00-05:00,2.8504761499999915,S,2024,False
AUDUSD,d1_adx_ge20,fixed,2024-12-17 05:23:00-05:00,1.6351687000000081,S,2024,False
AUDUSD,none,fixed,2024-12-17 05:23:00-05:00,1.6351687000000081,S,2024,False
AUDUSD,d1_roc20,trail,2024-12-17 05:23:00-05:00,2.8504761499999915,S,2024,False
AUDUSD,d1_adx_ge20,trail,2024-12-17 05:23:00-05:00,2.8504761499999915,S,2024,False
AUDUSD,h4_ma_nocounter,fixed,2024-12-17 05:23:00-05:00,1.6351687000000081,S,2024,False
AUDUSD,d1roc_h4ma,fixed,2024-12-17 05:23:00-05:00,1.6351687000000081,S,2024,False
AUDUSD,d1_roc20,fixed,2024-12-17 05:23:00-05:00,1.6351687000000081,S,2024,False
AUDUSD,h4_ma_nocounter,trail,2024-12-17 05:23:00-05:00,2.8504761499999915,S,2024,False
AUDUSD,h4_ma_aligned,fixed,2024-12-17 05:23:00-05:00,1.6351687000000081,S,2024,False
EURUSD,d1_adx_ge20,fixed,2024-12-18 14:00:00-05:00,1.6566993500000233,S,2024,False
EURUSD,w1_dow_nocounter,trail,2024-12-18 14:00:00-05:00,0.8352520500000102,S,2024,False
EURUSD,h4_ma_aligned,fixed,2024-12-18 14:00:00-05:00,1.6566993500000233,S,2024,False
EURUSD,d1roc_h4ma,fixed,2024-12-18 14:00:00-05:00,1.6566993500000233,S,2024,False
EURUSD,d1_roc20,fixed,2024-12-18 14:00:00-05:00,1.6566993500000233,S,2024,False
EURUSD,w1_dow_nocounter,fixed,2024-12-18 14:00:00-05:00,1.6566993500000233,S,2024,False
EURUSD,none,trail,2024-12-18 14:00:00-05:00,0.8352520500000102,S,2024,False
EURUSD,d1_adx_ge20,trail,2024-12-18 14:00:00-05:00,0.8352520500000102,S,2024,False
EURUSD,d1roc_h4ma,trail,2024-12-18 14:00:00-05:00,0.8352520500000102,S,2024,False
EURUSD,h4_ma_nocounter,fixed,2024-12-18 14:00:00-05:00,1.6566993500000233,S,2024,False
EURUSD,none,fixed,2024-12-18 14:00:00-05:00,1.6566993500000233,S,2024,False
EURUSD,d1_roc20,trail,2024-12-18 14:00:00-05:00,0.8352520500000102,S,2024,False
EURUSD,h4_ma_nocounter,trail,2024-12-18 14:00:00-05:00,0.8352520500000102,S,2024,False
EURUSD,h4_ma_aligned,trail,2024-12-18 14:00:00-05:00,0.8352520500000102,S,2024,False
GBPUSD,w1_dow_nocounter,trail,2024-12-18 14:46:00-05:00,-1.0285377999999974,S,2024,False
GBPUSD,h4_ma_nocounter,fixed,2024-12-18 14:46:00-05:00,-1.028494300000012,S,2024,False
GBPUSD,d1_adx_ge20,fixed,2024-12-18 14:46:00-05:00,-1.028494300000012,S,2024,False
GBPUSD,d1_adx_ge20,trail,2024-12-18 14:46:00-05:00,-1.0285377999999974,S,2024,False
GBPUSD,w1_dow_nocounter,fixed,2024-12-18 14:46:00-05:00,-1.028494300000012,S,2024,False
GBPUSD,none,trail,2024-12-18 14:46:00-05:00,-1.0285377999999974,S,2024,False
GBPUSD,h4_ma_nocounter,trail,2024-12-18 14:46:00-05:00,-1.0285377999999974,S,2024,False
GBPUSD,none,fixed,2024-12-18 14:46:00-05:00,-1.028494300000012,S,2024,False
SP500,d1_adx_ge20,fixed,2024-12-18 14:59:00-05:00,1.4830499999999784,S,2024,False
SP500,d1_adx_lt25,trail,2024-12-18 14:59:00-05:00,3.9099999999999837,S,2024,False
SP500,none,fixed,2024-12-18 14:59:00-05:00,1.4830499999999784,S,2024,False
SP500,d1_adx_ge20,trail,2024-12-18 14:59:00-05:00,3.9099999999999837,S,2024,False
SP500,none,trail,2024-12-18 14:59:00-05:00,3.9099999999999837,S,2024,False
SP500,d1_adx_lt25,fixed,2024-12-18 14:59:00-05:00,1.4830499999999784,S,2024,False
USDJPY,w1_dow_strict,trail,2024-12-26 09:41:00-05:00,-0.8652450000000325,L,2024,False
USDJPY,d1roc_h4ma,trail,2024-12-26 09:41:00-05:00,-0.8652450000000325,L,2024,False
USDJPY,d1_adx_ge20,trail,2024-12-26 09:41:00-05:00,-0.8652450000000325,L,2024,False
USDJPY,w1_dow_nocounter,fixed,2024-12-26 09:41:00-05:00,-1.0060050000000087,L,2024,False
USDJPY,h4_ma_nocounter,fixed,2024-12-26 09:41:00-05:00,-1.0060050000000087,L,2024,False
USDJPY,h4_ma_nocounter,trail,2024-12-26 09:41:00-05:00,-0.8652450000000325,L,2024,False
USDJPY,h4_ma_aligned,fixed,2024-12-26 09:41:00-05:00,-1.0060050000000087,L,2024,False
USDJPY,h4_ma_aligned,trail,2024-12-26 09:41:00-05:00,-0.8652450000000325,L,2024,False
USDJPY,none,fixed,2024-12-26 09:41:00-05:00,-1.0060050000000087,L,2024,False
USDJPY,d1_roc20,fixed,2024-12-26 09:41:00-05:00,-1.0060050000000087,L,2024,False
USDJPY,none,trail,2024-12-26 09:41:00-05:00,-0.8652450000000325,L,2024,False
USDJPY,d1_roc20,trail,2024-12-26 09:41:00-05:00,-0.8652450000000325,L,2024,False
USDJPY,w1_dow_strict,fixed,2024-12-26 09:41:00-05:00,-1.0060050000000087,L,2024,False
USDJPY,d1_adx_ge20,fixed,2024-12-26 09:41:00-05:00,-1.0060050000000087,L,2024,False
USDJPY,d1roc_h4ma,fixed,2024-12-26 09:41:00-05:00,-1.0060050000000087,L,2024,False
USDJPY,w1_dow_nocounter,trail,2024-12-26 09:41:00-05:00,-0.8652450000000325,L,2024,False
USDCHF,d1roc_h4ma,trail,2024-12-27 12:07:00-05:00,-0.6097729999999977,L,2024,False
USDCHF,d1_adx_ge20,fixed,2024-12-27 12:07:00-05:00,1.5713601499999796,L,2024,False
USDCHF,d1_adx_ge20,trail,2024-12-27 12:07:00-05:00,-0.6097729999999977,L,2024,False
USDCHF,h4_ma_aligned,fixed,2024-12-27 12:07:00-05:00,1.5713601499999796,L,2024,False
USDCHF,d1_roc20,fixed,2024-12-27 12:07:00-05:00,1.5713601499999796,L,2024,False
USDCHF,w1_dow_strict,trail,2024-12-27 12:07:00-05:00,-0.6097729999999977,L,2024,False
USDCHF,h4_ma_nocounter,trail,2024-12-27 12:07:00-05:00,-0.6097729999999977,L,2024,False
USDCHF,none,fixed,2024-12-27 12:07:00-05:00,1.5713601499999796,L,2024,False
USDCHF,d1roc_h4ma,fixed,2024-12-27 12:07:00-05:00,1.5713601499999796,L,2024,False
USDCHF,w1_dow_strict,fixed,2024-12-27 12:07:00-05:00,1.5713601499999796,L,2024,False
USDCHF,w1_dow_nocounter,fixed,2024-12-27 12:07:00-05:00,1.5713601499999796,L,2024,False
USDCHF,d1_roc20,trail,2024-12-27 12:07:00-05:00,-0.6097729999999977,L,2024,False
USDCHF,h4_ma_nocounter,fixed,2024-12-27 12:07:00-05:00,1.5713601499999796,L,2024,False
USDCHF,w1_dow_nocounter,trail,2024-12-27 12:07:00-05:00,-0.6097729999999977,L,2024,False
USDCHF,h4_ma_aligned,trail,2024-12-27 12:07:00-05:00,-0.6097729999999977,L,2024,False
USDCHF,none,trail,2024-12-27 12:07:00-05:00,-0.6097729999999977,L,2024,False
AUDUSD,h4_ma_aligned,fixed,2024-12-31 08:01:00-05:00,-1.0288450999999852,S,2024,False
AUDUSD,h4_ma_aligned,trail,2024-12-31 08:01:00-05:00,-0.8066103000000018,S,2024,False
AUDUSD,none,trail,2024-12-31 08:01:00-05:00,-0.8066103000000018,S,2024,False
AUDUSD,none,fixed,2024-12-31 08:01:00-05:00,-1.0288450999999852,S,2024,False
AUDUSD,d1_adx_ge20,fixed,2024-12-31 08:01:00-05:00,-1.0288450999999852,S,2024,False
AUDUSD,h4_ma_nocounter,trail,2024-12-31 08:01:00-05:00,-0.8066103000000018,S,2024,False
AUDUSD,d1roc_h4ma,trail,2024-12-31 08:01:00-05:00,-0.8066103000000018,S,2024,False
AUDUSD,d1roc_h4ma,fixed,2024-12-31 08:01:00-05:00,-1.0288450999999852,S,2024,False
AUDUSD,h4_ma_nocounter,fixed,2024-12-31 08:01:00-05:00,-1.0288450999999852,S,2024,False
AUDUSD,d1_roc20,trail,2024-12-31 08:01:00-05:00,-0.8066103000000018,S,2024,False
AUDUSD,d1_roc20,fixed,2024-12-31 08:01:00-05:00,-1.0288450999999852,S,2024,False
AUDUSD,d1_adx_ge20,trail,2024-12-31 08:01:00-05:00,-0.8066103000000018,S,2024,False
AUDUSD,w1_dow_nocounter,trail,2024-12-31 08:01:00-05:00,-0.8066103000000018,S,2024,False
AUDUSD,w1_dow_nocounter,fixed,2024-12-31 08:01:00-05:00,-1.0288450999999852,S,2024,False
GBPUSD,none,trail,2025-01-02 03:23:00-05:00,2.0223280999999784,S,2025,False
GBPUSD,none,fixed,2025-01-02 03:23:00-05:00,1.6363914499999834,S,2025,False
GBPUSD,d1roc_h4ma,fixed,2025-01-02 03:23:00-05:00,1.6363914499999834,S,2025,False
GBPUSD,d1_adx_ge20,fixed,2025-01-02 03:23:00-05:00,1.6363914499999834,S,2025,False
GBPUSD,w1_dow_strict,fixed,2025-01-02 03:23:00-05:00,1.6363914499999834,S,2025,False
GBPUSD,w1_dow_strict,trail,2025-01-02 03:23:00-05:00,2.0223280999999784,S,2025,False
GBPUSD,d1_adx_ge20,trail,2025-01-02 03:23:00-05:00,2.0223280999999784,S,2025,False
GBPUSD,w1_dow_nocounter,fixed,2025-01-02 03:23:00-05:00,1.6363914499999834,S,2025,False
GBPUSD,w1_dow_nocounter,trail,2025-01-02 03:23:00-05:00,2.0223280999999784,S,2025,False
GBPUSD,d1_roc20,fixed,2025-01-02 03:23:00-05:00,1.6363914499999834,S,2025,False
GBPUSD,d1_roc20,trail,2025-01-02 03:23:00-05:00,2.0223280999999784,S,2025,False
GBPUSD,h4_ma_nocounter,fixed,2025-01-02 03:23:00-05:00,1.6363914499999834,S,2025,False
GBPUSD,h4_ma_nocounter,trail,2025-01-02 03:23:00-05:00,2.0223280999999784,S,2025,False
GBPUSD,d1roc_h4ma,trail,2025-01-02 03:23:00-05:00,2.0223280999999784,S,2025,False
EURUSD,d1_roc20,trail,2025-01-02 05:32:00-05:00,-1.0135471500000242,S,2025,False
EURUSD,h4_ma_nocounter,fixed,2025-01-02 05:32:00-05:00,1.6568433500000233,S,2025,False
EURUSD,h4_ma_nocounter,trail,2025-01-02 05:32:00-05:00,-1.0135471500000242,S,2025,False
EURUSD,d1_roc20,fixed,2025-01-02 05:32:00-05:00,1.6568433500000233,S,2025,False
EURUSD,none,trail,2025-01-02 05:32:00-05:00,-1.0135471500000242,S,2025,False
EURUSD,h4_ma_aligned,fixed,2025-01-02 05:32:00-05:00,1.6568433500000233,S,2025,False
EURUSD,w1_dow_nocounter,fixed,2025-01-02 05:32:00-05:00,1.6568433500000233,S,2025,False
EURUSD,h4_ma_aligned,trail,2025-01-02 05:32:00-05:00,-1.0135471500000242,S,2025,False
EURUSD,d1roc_h4ma,fixed,2025-01-02 05:32:00-05:00,1.6568433500000233,S,2025,False
EURUSD,d1roc_h4ma,trail,2025-01-02 05:32:00-05:00,-1.0135471500000242,S,2025,False
EURUSD,d1_adx_ge20,fixed,2025-01-02 05:32:00-05:00,1.6568433500000233,S,2025,False
EURUSD,d1_adx_ge20,trail,2025-01-02 05:32:00-05:00,-1.0135471500000242,S,2025,False
EURUSD,w1_dow_nocounter,trail,2025-01-02 05:32:00-05:00,-1.0135471500000242,S,2025,False
EURUSD,none,fixed,2025-01-02 05:32:00-05:00,1.6568433500000233,S,2025,False
USDJPY,d1roc_h4ma,fixed,2025-01-06 19:28:00-05:00,-1.001425000000006,L,2025,False
USDJPY,d1_adx_ge20,fixed,2025-01-06 19:28:00-05:00,-1.001425000000006,L,2025,False
USDJPY,d1_adx_ge20,trail,2025-01-06 19:28:00-05:00,-0.1796800000000119,L,2025,False
USDJPY,h4_ma_nocounter,trail,2025-01-06 19:28:00-05:00,-0.1796800000000119,L,2025,False
USDJPY,d1roc_h4ma,trail,2025-01-06 19:28:00-05:00,-0.1796800000000119,L,2025,False
USDJPY,d1_roc20,trail,2025-01-06 19:28:00-05:00,-0.1796800000000119,L,2025,False
USDJPY,h4_ma_nocounter,fixed,2025-01-06 19:28:00-05:00,-1.001425000000006,L,2025,False
USDJPY,none,fixed,2025-01-06 19:28:00-05:00,-1.001425000000006,L,2025,False
USDJPY,none,trail,2025-01-06 19:28:00-05:00,-0.1796800000000119,L,2025,False
USDJPY,w1_dow_strict,trail,2025-01-06 19:28:00-05:00,-0.1796800000000119,L,2025,False
USDJPY,w1_dow_nocounter,fixed,2025-01-06 19:28:00-05:00,-1.001425000000006,L,2025,False
USDJPY,w1_dow_strict,fixed,2025-01-06 19:28:00-05:00,-1.001425000000006,L,2025,False
USDJPY,d1_roc20,fixed,2025-01-06 19:28:00-05:00,-1.001425000000006,L,2025,False
USDJPY,w1_dow_nocounter,trail,2025-01-06 19:28:00-05:00,-0.1796800000000119,L,2025,False
GBPUSD,w1_dow_strict,trail,2025-01-08 06:31:00-05:00,2.460939999999981,S,2025,False
GBPUSD,d1_roc20,trail,2025-01-08 06:31:00-05:00,2.460939999999981,S,2025,False
GBPUSD,d1roc_h4ma,trail,2025-01-08 06:31:00-05:00,2.460939999999981,S,2025,False
GBPUSD,d1_adx_ge20,trail,2025-01-08 06:31:00-05:00,2.460939999999981,S,2025,False
GBPUSD,d1_roc20,fixed,2025-01-08 06:31:00-05:00,1.640881450000005,S,2025,False
GBPUSD,w1_dow_nocounter,trail,2025-01-08 06:31:00-05:00,2.460939999999981,S,2025,False
GBPUSD,h4_ma_aligned,fixed,2025-01-08 06:31:00-05:00,1.640881450000005,S,2025,False
GBPUSD,w1_dow_nocounter,fixed,2025-01-08 06:31:00-05:00,1.640881450000005,S,2025,False
GBPUSD,d1_adx_ge20,fixed,2025-01-08 06:31:00-05:00,1.640881450000005,S,2025,False
GBPUSD,w1_dow_strict,fixed,2025-01-08 06:31:00-05:00,1.640881450000005,S,2025,False
GBPUSD,h4_ma_aligned,trail,2025-01-08 06:31:00-05:00,2.460939999999981,S,2025,False
GBPUSD,none,trail,2025-01-08 06:31:00-05:00,2.460939999999981,S,2025,False
GBPUSD,d1roc_h4ma,fixed,2025-01-08 06:31:00-05:00,1.640881450000005,S,2025,False
GBPUSD,none,fixed,2025-01-08 06:31:00-05:00,1.640881450000005,S,2025,False
GBPUSD,h4_ma_nocounter,trail,2025-01-08 06:31:00-05:00,2.460939999999981,S,2025,False
GBPUSD,h4_ma_nocounter,fixed,2025-01-08 06:31:00-05:00,1.640881450000005,S,2025,False
AUDUSD,w1_dow_nocounter,trail,2025-01-09 03:01:00-05:00,-0.7908330499999977,S,2025,False
AUDUSD,w1_dow_nocounter,fixed,2025-01-09 03:01:00-05:00,-1.0246131000000125,S,2025,False
AUDUSD,d1_adx_ge20,fixed,2025-01-09 03:01:00-05:00,-1.0246131000000125,S,2025,False
AUDUSD,d1_roc20,trail,2025-01-09 03:01:00-05:00,-0.7908330499999977,S,2025,False
AUDUSD,none,trail,2025-01-09 03:01:00-05:00,-0.7908330499999977,S,2025,False
AUDUSD,h4_ma_nocounter,trail,2025-01-09 03:01:00-05:00,-0.7908330499999977,S,2025,False
AUDUSD,d1roc_h4ma,fixed,2025-01-09 03:01:00-05:00,-1.0246131000000125,S,2025,False
AUDUSD,d1_adx_ge20,trail,2025-01-09 03:01:00-05:00,-0.7908330499999977,S,2025,False
AUDUSD,d1roc_h4ma,trail,2025-01-09 03:01:00-05:00,-0.7908330499999977,S,2025,False
AUDUSD,d1_roc20,fixed,2025-01-09 03:01:00-05:00,-1.0246131000000125,S,2025,False
AUDUSD,h4_ma_nocounter,fixed,2025-01-09 03:01:00-05:00,-1.0246131000000125,S,2025,False
AUDUSD,none,fixed,2025-01-09 03:01:00-05:00,-1.0246131000000125,S,2025,False
USDCHF,d1_adx_ge20,trail,2025-01-10 05:35:00-05:00,0.5678814500000035,L,2025,False
USDCHF,none,trail,2025-01-10 05:35:00-05:00,0.5678814500000035,L,2025,False
USDCHF,d1roc_h4ma,fixed,2025-01-10 05:35:00-05:00,1.5936960499999808,L,2025,False
USDCHF,w1_dow_strict,trail,2025-01-10 05:35:00-05:00,0.5678814500000035,L,2025,False
USDCHF,d1_roc20,trail,2025-01-10 05:35:00-05:00,0.5678814500000035,L,2025,False
USDCHF,w1_dow_nocounter,trail,2025-01-10 05:35:00-05:00,0.5678814500000035,L,2025,False
USDCHF,d1_adx_ge20,fixed,2025-01-10 05:35:00-05:00,1.5936960499999808,L,2025,False
USDCHF,d1roc_h4ma,trail,2025-01-10 05:35:00-05:00,0.5678814500000035,L,2025,False
USDCHF,none,fixed,2025-01-10 05:35:00-05:00,1.5936960499999808,L,2025,False
USDCHF,h4_ma_nocounter,fixed,2025-01-10 05:35:00-05:00,1.5936960499999808,L,2025,False
USDCHF,d1_roc20,fixed,2025-01-10 05:35:00-05:00,1.5936960499999808,L,2025,False
USDCHF,w1_dow_strict,fixed,2025-01-10 05:35:00-05:00,1.5936960499999808,L,2025,False
USDCHF,h4_ma_nocounter,trail,2025-01-10 05:35:00-05:00,0.5678814500000035,L,2025,False
USDCHF,h4_ma_aligned,trail,2025-01-10 05:35:00-05:00,0.5678814500000035,L,2025,False
USDCHF,w1_dow_nocounter,fixed,2025-01-10 05:35:00-05:00,1.5936960499999808,L,2025,False
USDCHF,h4_ma_aligned,fixed,2025-01-10 05:35:00-05:00,1.5936960499999808,L,2025,False
EURUSD,d1roc_h4ma,trail,2025-01-10 08:33:00-05:00,-1.013096200000045,S,2025,False
EURUSD,none,fixed,2025-01-10 08:33:00-05:00,-1.013096200000045,S,2025,False
EURUSD,h4_ma_nocounter,fixed,2025-01-10 08:33:00-05:00,-1.013096200000045,S,2025,False
EURUSD,d1_roc20,trail,2025-01-10 08:33:00-05:00,-1.013096200000045,S,2025,False
EURUSD,none,trail,2025-01-10 08:33:00-05:00,-1.013096200000045,S,2025,False
EURUSD,h4_ma_aligned,fixed,2025-01-10 08:33:00-05:00,-1.013096200000045,S,2025,False
EURUSD,d1_adx_ge20,fixed,2025-01-10 08:33:00-05:00,-1.013096200000045,S,2025,False
EURUSD,d1_adx_ge20,trail,2025-01-10 08:33:00-05:00,-1.013096200000045,S,2025,False
EURUSD,w1_dow_strict,fixed,2025-01-10 08:33:00-05:00,-1.013096200000045,S,2025,False
EURUSD,h4_ma_aligned,trail,2025-01-10 08:33:00-05:00,-1.013096200000045,S,2025,False
EURUSD,w1_dow_nocounter,fixed,2025-01-10 08:33:00-05:00,-1.013096200000045,S,2025,False
EURUSD,w1_dow_strict,trail,2025-01-10 08:33:00-05:00,-1.013096200000045,S,2025,False
EURUSD,d1_roc20,fixed,2025-01-10 08:33:00-05:00,-1.013096200000045,S,2025,False
EURUSD,h4_ma_nocounter,trail,2025-01-10 08:33:00-05:00,-1.013096200000045,S,2025,False
EURUSD,d1roc_h4ma,fixed,2025-01-10 08:33:00-05:00,-1.013096200000045,S,2025,False
EURUSD,w1_dow_nocounter,trail,2025-01-10 08:33:00-05:00,-1.013096200000045,S,2025,False
SP500,h4_ma_nocounter,fixed,2025-01-10 10:00:00-05:00,-0.867200000000008,S,2025,False
SP500,d1_adx_ge20,trail,2025-01-10 10:00:00-05:00,-0.5288000000000066,S,2025,False
SP500,d1_adx_ge20,fixed,2025-01-10 10:00:00-05:00,-0.867200000000008,S,2025,False
SP500,d1_roc20,fixed,2025-01-10 10:00:00-05:00,-0.867200000000008,S,2025,False
SP500,h4_ma_aligned,trail,2025-01-10 10:00:00-05:00,-0.5288000000000066,S,2025,False
SP500,none,fixed,2025-01-10 10:00:00-05:00,-0.867200000000008,S,2025,False
SP500,d1roc_h4ma,trail,2025-01-10 10:00:00-05:00,-0.5288000000000066,S,2025,False
SP500,d1_roc20,trail,2025-01-10 10:00:00-05:00,-0.5288000000000066,S,2025,False
SP500,none,trail,2025-01-10 10:00:00-05:00,-0.5288000000000066,S,2025,False
SP500,d1roc_h4ma,fixed,2025-01-10 10:00:00-05:00,-0.867200000000008,S,2025,False
SP500,h4_ma_aligned,fixed,2025-01-10 10:00:00-05:00,-0.867200000000008,S,2025,False
SP500,h4_ma_nocounter,trail,2025-01-10 10:00:00-05:00,-0.5288000000000066,S,2025,False
USDJPY,none,fixed,2025-01-15 09:13:00-05:00,1.655620000000001,S,2025,False
USDJPY,d1_adx_ge20,trail,2025-01-15 09:13:00-05:00,-0.08148499999999778,S,2025,False
USDJPY,h4_ma_nocounter,fixed,2025-01-15 09:13:00-05:00,1.655620000000001,S,2025,False
USDJPY,none,trail,2025-01-15 09:13:00-05:00,-0.08148499999999778,S,2025,False
USDJPY,h4_ma_nocounter,trail,2025-01-15 09:13:00-05:00,-0.08148499999999778,S,2025,False
USDJPY,d1_adx_ge20,fixed,2025-01-15 09:13:00-05:00,1.655620000000001,S,2025,False
SP500,d1_roc20,fixed,2025-01-20 09:36:00-05:00,-0.9422000000000027,L,2025,False
SP500,w1_dow_nocounter,trail,2025-01-20 09:36:00-05:00,-0.9422000000000027,L,2025,False
SP500,d1_adx_ge20,trail,2025-01-20 09:36:00-05:00,-0.9422000000000027,L,2025,False
SP500,d1roc_h4ma,fixed,2025-01-20 09:36:00-05:00,-0.9422000000000027,L,2025,False
SP500,d1_roc20,trail,2025-01-20 09:36:00-05:00,-0.9422000000000027,L,2025,False
SP500,d1roc_h4ma,trail,2025-01-20 09:36:00-05:00,-0.9422000000000027,L,2025,False
SP500,d1_adx_ge20,fixed,2025-01-20 09:36:00-05:00,-0.9422000000000027,L,2025,False
SP500,w1_dow_nocounter,fixed,2025-01-20 09:36:00-05:00,-0.9422000000000027,L,2025,False
SP500,w1_dow_strict,trail,2025-01-20 09:36:00-05:00,-0.9422000000000027,L,2025,False
SP500,none,trail,2025-01-20 09:36:00-05:00,-0.9422000000000027,L,2025,False
SP500,h4_ma_nocounter,fixed,2025-01-20 09:36:00-05:00,-0.9422000000000027,L,2025,False
SP500,h4_ma_nocounter,trail,2025-01-20 09:36:00-05:00,-0.9422000000000027,L,2025,False
SP500,none,fixed,2025-01-20 09:36:00-05:00,-0.9422000000000027,L,2025,False
SP500,w1_dow_strict,fixed,2025-01-20 09:36:00-05:00,-0.9422000000000027,L,2025,False
USDCHF,none,trail,2025-01-20 09:41:00-05:00,-0.497598300000001,S,2025,False
USDCHF,h4_ma_nocounter,trail,2025-01-20 09:41:00-05:00,-0.497598300000001,S,2025,False
USDCHF,d1_adx_ge20,fixed,2025-01-20 09:41:00-05:00,1.6144152499999895,S,2025,False
USDCHF,h4_ma_nocounter,fixed,2025-01-20 09:41:00-05:00,1.6144152499999895,S,2025,False
USDCHF,none,fixed,2025-01-20 09:41:00-05:00,1.6144152499999895,S,2025,False
USDCHF,d1_adx_ge20,trail,2025-01-20 09:41:00-05:00,-0.497598300000001,S,2025,False
EURUSD,h4_ma_nocounter,trail,2025-01-22 04:44:00-05:00,-0.6432613000000287,L,2025,False
EURUSD,d1_roc20,fixed,2025-01-22 04:44:00-05:00,-1.008432899999996,L,2025,False
EURUSD,d1_adx_ge20,fixed,2025-01-22 04:44:00-05:00,-1.008432899999996,L,2025,False
EURUSD,d1roc_h4ma,fixed,2025-01-22 04:44:00-05:00,-1.008432899999996,L,2025,False
EURUSD,d1_roc20,trail,2025-01-22 04:44:00-05:00,-0.6432613000000287,L,2025,False
EURUSD,h4_ma_nocounter,fixed,2025-01-22 04:44:00-05:00,-1.008432899999996,L,2025,False
EURUSD,none,fixed,2025-01-22 04:44:00-05:00,-1.008432899999996,L,2025,False
EURUSD,none,trail,2025-01-22 04:44:00-05:00,-0.6432613000000287,L,2025,False
EURUSD,d1_adx_ge20,trail,2025-01-22 04:44:00-05:00,-0.6432613000000287,L,2025,False
EURUSD,d1roc_h4ma,trail,2025-01-22 04:44:00-05:00,-0.6432613000000287,L,2025,False
AUDUSD,h4_ma_nocounter,trail,2025-01-23 21:14:00-05:00,-0.02828819999998595,L,2025,False
AUDUSD,none,trail,2025-01-23 21:14:00-05:00,-0.02828819999998595,L,2025,False
AUDUSD,w1_dow_nocounter,trail,2025-01-23 21:14:00-05:00,-0.02828819999998595,L,2025,False
AUDUSD,d1_adx_ge20,fixed,2025-01-23 21:14:00-05:00,-1.0251308500000063,L,2025,False
AUDUSD,d1_roc20,trail,2025-01-23 21:14:00-05:00,-0.02828819999998595,L,2025,False
AUDUSD,d1roc_h4ma,fixed,2025-01-23 21:14:00-05:00,-1.0251308500000063,L,2025,False
AUDUSD,h4_ma_nocounter,fixed,2025-01-23 21:14:00-05:00,-1.0251308500000063,L,2025,False
AUDUSD,d1_adx_ge20,trail,2025-01-23 21:14:00-05:00,-0.02828819999998595,L,2025,False
AUDUSD,none,fixed,2025-01-23 21:14:00-05:00,-1.0251308500000063,L,2025,False
AUDUSD,d1roc_h4ma,trail,2025-01-23 21:14:00-05:00,-0.02828819999998595,L,2025,False
AUDUSD,w1_dow_nocounter,fixed,2025-01-23 21:14:00-05:00,-1.0251308500000063,L,2025,False
AUDUSD,h4_ma_aligned,fixed,2025-01-23 21:14:00-05:00,-1.0251308500000063,L,2025,False
AUDUSD,d1_roc20,fixed,2025-01-23 21:14:00-05:00,-1.0251308500000063,L,2025,False
AUDUSD,h4_ma_aligned,trail,2025-01-23 21:14:00-05:00,-0.02828819999998595,L,2025,False
USDJPY,h4_ma_nocounter,trail,2025-01-27 04:11:00-05:00,-1.0004750000000087,S,2025,False
USDJPY,none,trail,2025-01-27 04:11:00-05:00,-1.0004750000000087,S,2025,False
USDJPY,d1roc_h4ma,trail,2025-01-27 04:11:00-05:00,-1.0004750000000087,S,2025,False
USDJPY,d1_roc20,trail,2025-01-27 04:11:00-05:00,-1.0004750000000087,S,2025,False
USDJPY,d1roc_h4ma,fixed,2025-01-27 04:11:00-05:00,-1.0004750000000087,S,2025,False
USDJPY,d1_roc20,fixed,2025-01-27 04:11:00-05:00,-1.0004750000000087,S,2025,False
USDJPY,d1_adx_lt25,trail,2025-01-27 04:11:00-05:00,-1.0004750000000087,S,2025,False
USDJPY,d1_adx_ge20,trail,2025-01-27 04:11:00-05:00,-1.0004750000000087,S,2025,False
USDJPY,d1_adx_lt25,fixed,2025-01-27 04:11:00-05:00,-1.0004750000000087,S,2025,False
USDJPY,d1_adx_ge20,fixed,2025-01-27 04:14:00-05:00,-1.0004750000000087,S,2025,False
USDJPY,h4_ma_nocounter,fixed,2025-01-27 04:14:00-05:00,-1.0004750000000087,S,2025,False
USDJPY,none,fixed,2025-01-27 04:14:00-05:00,-1.0004750000000087,S,2025,False
USDCHF,d1_adx_lt25,trail,2025-02-02 17:01:00-05:00,-1.1744221999999809,L,2025,False
USDCHF,w1_dow_strict,fixed,2025-02-02 17:01:00-05:00,-1.1744221999999809,L,2025,False
USDCHF,w1_dow_nocounter,fixed,2025-02-02 17:01:00-05:00,-1.1744221999999809,L,2025,False
USDCHF,d1_adx_lt25,fixed,2025-02-02 17:01:00-05:00,-1.1744221999999809,L,2025,False
USDCHF,h4_ma_nocounter,trail,2025-02-02 17:01:00-05:00,-1.1744221999999809,L,2025,False
AUDUSD,h4_ma_nocounter,fixed,2025-02-02 17:01:00-05:00,1.3887122000000158,S,2025,False
AUDUSD,w1_dow_nocounter,fixed,2025-02-02 17:01:00-05:00,1.3887122000000158,S,2025,False
AUDUSD,h4_ma_nocounter,trail,2025-02-02 17:01:00-05:00,-1.2742774999999826,S,2025,False
USDCHF,w1_dow_strict,trail,2025-02-02 17:01:00-05:00,-1.1744221999999809,L,2025,False
USDCHF,none,fixed,2025-02-02 17:01:00-05:00,-1.1744221999999809,L,2025,False
USDCHF,h4_ma_nocounter,fixed,2025-02-02 17:01:00-05:00,-1.1744221999999809,L,2025,False
AUDUSD,w1_dow_nocounter,trail,2025-02-02 17:01:00-05:00,-1.2742774999999826,S,2025,False
USDCHF,none,trail,2025-02-02 17:01:00-05:00,-1.1744221999999809,L,2025,False
USDCHF,d1_adx_ge20,fixed,2025-02-02 17:01:00-05:00,-1.1744221999999809,L,2025,False
AUDUSD,none,trail,2025-02-02 17:01:00-05:00,-1.2742774999999826,S,2025,False
AUDUSD,none,fixed,2025-02-02 17:01:00-05:00,1.3887122000000158,S,2025,False
AUDUSD,d1_adx_ge20,fixed,2025-02-02 17:01:00-05:00,1.3887122000000158,S,2025,False
USDCHF,w1_dow_nocounter,trail,2025-02-02 17:01:00-05:00,-1.1744221999999809,L,2025,False
AUDUSD,d1_adx_lt25,fixed,2025-02-02 17:01:00-05:00,1.3887122000000158,S,2025,False
AUDUSD,d1_adx_ge20,trail,2025-02-02 17:01:00-05:00,-1.2742774999999826,S,2025,False
USDCHF,d1_adx_ge20,trail,2025-02-02 17:01:00-05:00,-1.1744221999999809,L,2025,False
AUDUSD,d1_adx_lt25,trail,2025-02-02 17:01:00-05:00,-1.2742774999999826,S,2025,False
USDCHF,d1roc_h4ma,fixed,2025-02-02 17:05:00-05:00,-1.0539807499999936,L,2025,False
USDCHF,d1_roc20,fixed,2025-02-02 17:05:00-05:00,-1.0539807499999936,L,2025,False
USDCHF,d1roc_h4ma,trail,2025-02-02 17:05:00-05:00,-1.0538236500000115,L,2025,False
USDCHF,d1_roc20,trail,2025-02-02 17:05:00-05:00,-1.0538236500000115,L,2025,False
AUDUSD,d1_roc20,fixed,2025-02-02 17:14:00-05:00,1.6429853500000207,S,2025,False
AUDUSD,d1roc_h4ma,fixed,2025-02-02 17:14:00-05:00,1.6429853500000207,S,2025,False
AUDUSD,d1_roc20,trail,2025-02-02 17:14:00-05:00,-1.020473599999992,S,2025,False
AUDUSD,d1roc_h4ma,trail,2025-02-02 17:14:00-05:00,-1.020473599999992,S,2025,False
SP500,d1_adx_lt25,fixed,2025-02-02 18:01:00-05:00,-0.9503500000000009,S,2025,False
SP500,h4_ma_nocounter,trail,2025-02-02 18:01:00-05:00,-0.9503500000000009,S,2025,False
SP500,none,fixed,2025-02-02 18:01:00-05:00,-0.9503500000000009,S,2025,False
SP500,none,trail,2025-02-02 18:01:00-05:00,-0.9503500000000009,S,2025,False
SP500,d1_adx_ge20,trail,2025-02-02 18:01:00-05:00,-0.9503500000000009,S,2025,False
SP500,d1_adx_lt25,trail,2025-02-02 18:01:00-05:00,-0.9503500000000009,S,2025,False
SP500,d1_adx_ge20,fixed,2025-02-02 18:01:00-05:00,-0.9503500000000009,S,2025,False
SP500,h4_ma_nocounter,fixed,2025-02-02 18:01:00-05:00,-0.9503500000000009,S,2025,False
USDJPY,h4_ma_nocounter,trail,2025-02-04 20:00:00-05:00,1.834860000000009,S,2025,False
USDJPY,d1roc_h4ma,fixed,2025-02-04 20:00:00-05:00,1.6577749999999916,S,2025,False
USDJPY,d1_adx_ge20,trail,2025-02-04 20:00:00-05:00,1.834860000000009,S,2025,False
USDJPY,none,fixed,2025-02-04 20:00:00-05:00,1.6577749999999916,S,2025,False
USDJPY,d1_roc20,trail,2025-02-04 20:00:00-05:00,1.834860000000009,S,2025,False
USDJPY,none,trail,2025-02-04 20:00:00-05:00,1.834860000000009,S,2025,False
USDJPY,d1_adx_ge20,fixed,2025-02-04 20:00:00-05:00,1.6577749999999916,S,2025,False
USDJPY,h4_ma_aligned,trail,2025-02-04 20:00:00-05:00,1.834860000000009,S,2025,False
USDJPY,h4_ma_nocounter,fixed,2025-02-04 20:00:00-05:00,1.6577749999999916,S,2025,False
USDJPY,d1roc_h4ma,trail,2025-02-04 20:00:00-05:00,1.834860000000009,S,2025,False
USDJPY,h4_ma_aligned,fixed,2025-02-04 20:00:00-05:00,1.6577749999999916,S,2025,False
USDJPY,d1_roc20,fixed,2025-02-04 20:00:00-05:00,1.6577749999999916,S,2025,False
GBPUSD,d1roc_h4ma,fixed,2025-02-05 04:16:00-05:00,-1.0190465000000088,L,2025,False
GBPUSD,d1_adx_lt25,trail,2025-02-05 04:16:00-05:00,-0.4015374500000273,L,2025,False
GBPUSD,h4_ma_nocounter,fixed,2025-02-05 04:16:00-05:00,-1.0190465000000088,L,2025,False
GBPUSD,h4_ma_nocounter,trail,2025-02-05 04:16:00-05:00,-0.4015374500000273,L,2025,False
GBPUSD,none,trail,2025-02-05 04:16:00-05:00,-0.4015374500000273,L,2025,False
GBPUSD,none,fixed,2025-02-05 04:16:00-05:00,-1.0190465000000088,L,2025,False
GBPUSD,d1_roc20,fixed,2025-02-05 04:16:00-05:00,-1.0190465000000088,L,2025,False
GBPUSD,d1_adx_lt25,fixed,2025-02-05 04:16:00-05:00,-1.0190465000000088,L,2025,False
GBPUSD,d1_adx_ge20,trail,2025-02-05 04:16:00-05:00,-0.4015374500000273,L,2025,False
GBPUSD,d1_roc20,trail,2025-02-05 04:16:00-05:00,-0.4015374500000273,L,2025,False
GBPUSD,d1_adx_ge20,fixed,2025-02-05 04:16:00-05:00,-1.0190465000000088,L,2025,False
GBPUSD,d1roc_h4ma,trail,2025-02-05 04:16:00-05:00,-0.4015374500000273,L,2025,False
EURUSD,d1_roc20,trail,2025-02-13 11:22:00-05:00,-1.0087777500000041,L,2025,False
EURUSD,d1roc_h4ma,trail,2025-02-13 11:22:00-05:00,-1.0087777500000041,L,2025,False
EURUSD,d1_adx_lt25,fixed,2025-02-13 11:22:00-05:00,-1.0088158999999925,L,2025,False
EURUSD,none,fixed,2025-02-13 11:22:00-05:00,-1.0088158999999925,L,2025,False
EURUSD,d1_roc20,fixed,2025-02-13 11:22:00-05:00,-1.0088158999999925,L,2025,False
EURUSD,h4_ma_nocounter,trail,2025-02-13 11:22:00-05:00,-1.0087777500000041,L,2025,False
EURUSD,d1roc_h4ma,fixed,2025-02-13 11:22:00-05:00,-1.0088158999999925,L,2025,False
EURUSD,none,trail,2025-02-13 11:22:00-05:00,-1.0087777500000041,L,2025,False
EURUSD,d1_adx_lt25,trail,2025-02-13 11:22:00-05:00,-1.0087777500000041,L,2025,False
EURUSD,h4_ma_nocounter,fixed,2025-02-13 11:22:00-05:00,-1.0088158999999925,L,2025,False
SP500,d1roc_h4ma,fixed,2025-02-13 14:33:00-05:00,-0.8202500000000146,L,2025,False
SP500,d1_adx_ge20,trail,2025-02-13 14:33:00-05:00,0.26049999999998474,L,2025,False
SP500,d1_adx_lt25,fixed,2025-02-13 14:33:00-05:00,-0.8202500000000146,L,2025,False
SP500,d1roc_h4ma,trail,2025-02-13 14:33:00-05:00,0.26049999999998474,L,2025,False
SP500,none,trail,2025-02-13 14:33:00-05:00,0.26049999999998474,L,2025,False
SP500,none,fixed,2025-02-13 14:33:00-05:00,-0.8202500000000146,L,2025,False
SP500,d1_roc20,trail,2025-02-13 14:33:00-05:00,0.26049999999998474,L,2025,False
SP500,d1_adx_ge20,fixed,2025-02-13 14:33:00-05:00,-0.8202500000000146,L,2025,False
SP500,d1_adx_lt25,trail,2025-02-13 14:33:00-05:00,0.26049999999998474,L,2025,False
SP500,h4_ma_nocounter,trail,2025-02-13 14:33:00-05:00,0.26049999999998474,L,2025,False
SP500,w1_dow_strict,trail,2025-02-13 14:33:00-05:00,0.26049999999998474,L,2025,False
SP500,d1_roc20,fixed,2025-02-13 14:33:00-05:00,-0.8202500000000146,L,2025,False
SP500,h4_ma_nocounter,fixed,2025-02-13 14:33:00-05:00,-0.8202500000000146,L,2025,False
SP500,w1_dow_strict,fixed,2025-02-13 14:33:00-05:00,-0.8202500000000146,L,2025,False
SP500,w1_dow_nocounter,trail,2025-02-13 14:33:00-05:00,0.26049999999998474,L,2025,False
SP500,w1_dow_nocounter,fixed,2025-02-13 14:33:00-05:00,-0.8202500000000146,L,2025,False
GBPUSD,d1_adx_lt25,fixed,2025-02-13 15:19:00-05:00,1.646558949999992,L,2025,False
GBPUSD,h4_ma_nocounter,fixed,2025-02-13 15:19:00-05:00,1.646558949999992,L,2025,False
GBPUSD,none,trail,2025-02-13 15:19:00-05:00,0.48042220000001384,L,2025,False
GBPUSD,none,fixed,2025-02-13 15:19:00-05:00,1.646558949999992,L,2025,False
GBPUSD,d1_roc20,trail,2025-02-13 15:19:00-05:00,0.48042220000001384,L,2025,False
GBPUSD,d1_adx_lt25,trail,2025-02-13 15:19:00-05:00,0.48042220000001384,L,2025,False
GBPUSD,d1_roc20,fixed,2025-02-13 15:19:00-05:00,1.646558949999992,L,2025,False
GBPUSD,d1roc_h4ma,fixed,2025-02-13 15:19:00-05:00,1.646558949999992,L,2025,False
GBPUSD,h4_ma_nocounter,trail,2025-02-13 15:19:00-05:00,0.48042220000001384,L,2025,False
GBPUSD,d1roc_h4ma,trail,2025-02-13 15:19:00-05:00,0.48042220000001384,L,2025,False
AUDUSD,h4_ma_aligned,fixed,2025-02-14 02:12:00-05:00,1.645991550000011,L,2025,False
AUDUSD,h4_ma_aligned,trail,2025-02-14 02:12:00-05:00,0.6560869500000089,L,2025,False
AUDUSD,d1_adx_lt25,fixed,2025-02-14 02:12:00-05:00,1.645991550000011,L,2025,False
AUDUSD,w1_dow_nocounter,fixed,2025-02-14 02:12:00-05:00,1.645991550000011,L,2025,False
AUDUSD,d1roc_h4ma,trail,2025-02-14 02:12:00-05:00,0.6560869500000089,L,2025,False
AUDUSD,d1_roc20,fixed,2025-02-14 02:12:00-05:00,1.645991550000011,L,2025,False
AUDUSD,d1roc_h4ma,fixed,2025-02-14 02:12:00-05:00,1.645991550000011,L,2025,False
AUDUSD,none,trail,2025-02-14 02:12:00-05:00,0.6560869500000089,L,2025,False
AUDUSD,h4_ma_nocounter,trail,2025-02-14 02:12:00-05:00,0.6560869500000089,L,2025,False
AUDUSD,d1_roc20,trail,2025-02-14 02:12:00-05:00,0.6560869500000089,L,2025,False
AUDUSD,d1_adx_lt25,trail,2025-02-14 02:12:00-05:00,0.6560869500000089,L,2025,False
AUDUSD,none,fixed,2025-02-14 02:12:00-05:00,1.645991550000011,L,2025,False
AUDUSD,h4_ma_nocounter,fixed,2025-02-14 02:12:00-05:00,1.645991550000011,L,2025,False
AUDUSD,w1_dow_nocounter,trail,2025-02-14 02:12:00-05:00,0.6560869500000089,L,2025,False
USDCHF,none,fixed,2025-02-14 08:30:00-05:00,-1.0489999500000189,S,2025,False
USDCHF,d1_adx_lt25,fixed,2025-02-14 08:30:00-05:00,-1.0489999500000189,S,2025,False
USDCHF,d1_adx_lt25,trail,2025-02-14 08:30:00-05:00,-0.4605534000000051,S,2025,False
USDCHF,d1_roc20,fixed,2025-02-14 08:30:00-05:00,-1.0489999500000189,S,2025,False
USDCHF,none,trail,2025-02-14 08:30:00-05:00,-0.4605534000000051,S,2025,False
USDCHF,d1_roc20,trail,2025-02-14 08:30:00-05:00,-0.4605534000000051,S,2025,False
USDJPY,d1_adx_ge20,fixed,2025-02-19 19:55:00-05:00,1.6552700000000256,S,2025,False
USDJPY,d1roc_h4ma,trail,2025-02-19 19:55:00-05:00,1.6727650000000185,S,2025,False
USDJPY,d1_roc20,trail,2025-02-19 19:55:00-05:00,1.6727650000000185,S,2025,False
USDJPY,d1_roc20,fixed,2025-02-19 19:55:00-05:00,1.6552700000000256,S,2025,False
USDJPY,h4_ma_aligned,fixed,2025-02-19 19:55:00-05:00,1.6552700000000256,S,2025,False
USDJPY,h4_ma_aligned,trail,2025-02-19 19:55:00-05:00,1.6727650000000185,S,2025,False
USDJPY,h4_ma_nocounter,fixed,2025-02-19 19:55:00-05:00,1.6552700000000256,S,2025,False
USDJPY,d1roc_h4ma,fixed,2025-02-19 19:55:00-05:00,1.6552700000000256,S,2025,False
USDJPY,none,fixed,2025-02-19 19:55:00-05:00,1.6552700000000256,S,2025,False
USDJPY,none,trail,2025-02-19 19:55:00-05:00,1.6727650000000185,S,2025,False
USDJPY,h4_ma_nocounter,trail,2025-02-19 19:55:00-05:00,1.6727650000000185,S,2025,False
USDJPY,d1_adx_ge20,trail,2025-02-19 19:55:00-05:00,1.6727650000000185,S,2025,False
AUDUSD,none,trail,2025-02-20 03:12:00-05:00,-0.7268903999999936,L,2025,False
AUDUSD,h4_ma_aligned,trail,2025-02-20 03:12:00-05:00,-0.7268903999999936,L,2025,False
AUDUSD,d1roc_h4ma,trail,2025-02-20 03:12:00-05:00,-0.7268903999999936,L,2025,False
AUDUSD,d1_adx_lt25,trail,2025-02-20 03:12:00-05:00,-0.7268903999999936,L,2025,False
AUDUSD,d1_roc20,trail,2025-02-20 03:12:00-05:00,-0.7268903999999936,L,2025,False
AUDUSD,w1_dow_nocounter,trail,2025-02-20 03:12:00-05:00,-0.7268903999999936,L,2025,False
AUDUSD,h4_ma_nocounter,trail,2025-02-20 03:12:00-05:00,-0.7268903999999936,L,2025,False
USDCHF,none,fixed,2025-02-21 04:09:00-05:00,-1.0657441499999805,S,2025,False
USDCHF,h4_ma_nocounter,fixed,2025-02-21 04:09:00-05:00,-1.0657441499999805,S,2025,False
USDCHF,d1_roc20,trail,2025-02-21 04:09:00-05:00,-1.0657441499999805,S,2025,False
USDCHF,h4_ma_nocounter,trail,2025-02-21 04:09:00-05:00,-1.0657441499999805,S,2025,False
USDCHF,h4_ma_aligned,fixed,2025-02-21 04:09:00-05:00,-1.0657441499999805,S,2025,False
USDCHF,d1_roc20,fixed,2025-02-21 04:09:00-05:00,-1.0657441499999805,S,2025,False
USDCHF,h4_ma_aligned,trail,2025-02-21 04:09:00-05:00,-1.0657441499999805,S,2025,False
USDCHF,d1_adx_lt25,fixed,2025-02-21 04:09:00-05:00,-1.0657441499999805,S,2025,False
USDCHF,none,trail,2025-02-21 04:09:00-05:00,-1.0657441499999805,S,2025,False
USDCHF,d1roc_h4ma,trail,2025-02-21 04:09:00-05:00,-1.0657441499999805,S,2025,False
USDCHF,d1roc_h4ma,fixed,2025-02-21 04:09:00-05:00,-1.0657441499999805,S,2025,False
USDCHF,d1_adx_lt25,trail,2025-02-21 04:09:00-05:00,-1.0657441499999805,S,2025,False
EURUSD,h4_ma_nocounter,trail,2025-02-23 20:43:00-05:00,-1.0132142000000308,L,2025,False
EURUSD,none,trail,2025-02-23 20:43:00-05:00,-1.0132142000000308,L,2025,False
EURUSD,d1_adx_lt25,fixed,2025-02-23 20:43:00-05:00,-1.0132142000000308,L,2025,False
EURUSD,h4_ma_aligned,fixed,2025-02-23 20:43:00-05:00,-1.0132142000000308,L,2025,False
EURUSD,none,fixed,2025-02-23 20:43:00-05:00,-1.0132142000000308,L,2025,False
EURUSD,h4_ma_nocounter,fixed,2025-02-23 20:43:00-05:00,-1.0132142000000308,L,2025,False
EURUSD,d1_adx_lt25,trail,2025-02-23 20:43:00-05:00,-1.0132142000000308,L,2025,False
EURUSD,h4_ma_aligned,trail,2025-02-23 20:43:00-05:00,-1.0132142000000308,L,2025,False
SP500,d1_adx_lt25,trail,2025-02-24 09:57:00-05:00,0.6323000000000091,S,2025,False
SP500,d1_roc20,trail,2025-02-24 09:57:00-05:00,0.6323000000000091,S,2025,False
SP500,d1_adx_lt25,fixed,2025-02-24 09:57:00-05:00,1.3823500000000093,S,2025,False
SP500,d1roc_h4ma,fixed,2025-02-24 09:57:00-05:00,1.3823500000000093,S,2025,False
SP500,d1_roc20,fixed,2025-02-24 09:57:00-05:00,1.3823500000000093,S,2025,False
SP500,h4_ma_nocounter,fixed,2025-02-24 09:57:00-05:00,1.3823500000000093,S,2025,False
SP500,d1_adx_ge20,trail,2025-02-24 09:57:00-05:00,0.6323000000000091,S,2025,False
SP500,d1_adx_ge20,fixed,2025-02-24 09:57:00-05:00,1.3823500000000093,S,2025,False
SP500,none,trail,2025-02-24 09:57:00-05:00,0.6323000000000091,S,2025,False
SP500,d1roc_h4ma,trail,2025-02-24 09:57:00-05:00,0.6323000000000091,S,2025,False
SP500,h4_ma_nocounter,trail,2025-02-24 09:57:00-05:00,0.6323000000000091,S,2025,False
SP500,none,fixed,2025-02-24 09:57:00-05:00,1.3823500000000093,S,2025,False
AUDUSD,none,fixed,2025-02-25 05:23:00-05:00,1.6373428500000002,S,2025,False
AUDUSD,d1_adx_lt25,fixed,2025-02-25 05:23:00-05:00,1.6373428500000002,S,2025,False
AUDUSD,d1_adx_lt25,trail,2025-02-25 05:23:00-05:00,-0.8796320500000061,S,2025,False
AUDUSD,w1_dow_nocounter,trail,2025-02-25 05:23:00-05:00,-0.8796320500000061,S,2025,False
AUDUSD,none,trail,2025-02-25 05:23:00-05:00,-0.8796320500000061,S,2025,False
AUDUSD,w1_dow_nocounter,fixed,2025-02-25 05:23:00-05:00,1.6373428500000002,S,2025,False
EURUSD,w1_dow_strict,trail,2025-02-27 12:48:00-05:00,-0.4338129500000316,S,2025,False
EURUSD,d1_adx_lt25,fixed,2025-02-27 12:48:00-05:00,-1.010902700000012,S,2025,False
EURUSD,d1_adx_lt25,trail,2025-02-27 12:48:00-05:00,-0.4338129500000316,S,2025,False
EURUSD,none,trail,2025-02-27 12:48:00-05:00,-0.4338129500000316,S,2025,False
EURUSD,none,fixed,2025-02-27 12:48:00-05:00,-1.010902700000012,S,2025,False
EURUSD,w1_dow_nocounter,trail,2025-02-27 12:48:00-05:00,-0.4338129500000316,S,2025,False
EURUSD,w1_dow_strict,fixed,2025-02-27 12:48:00-05:00,-1.010902700000012,S,2025,False
EURUSD,w1_dow_nocounter,fixed,2025-02-27 12:48:00-05:00,-1.010902700000012,S,2025,False
GBPUSD,none,trail,2025-02-28 13:25:00-05:00,-1.0277665499999615,S,2025,False
GBPUSD,w1_dow_strict,trail,2025-02-28 13:25:00-05:00,-1.0277665499999615,S,2025,False
GBPUSD,w1_dow_strict,fixed,2025-02-28 13:25:00-05:00,-1.0277665499999615,S,2025,False
GBPUSD,d1_adx_lt25,trail,2025-02-28 13:25:00-05:00,-1.0277665499999615,S,2025,False
GBPUSD,w1_dow_nocounter,fixed,2025-02-28 13:25:00-05:00,-1.0277665499999615,S,2025,False
GBPUSD,none,fixed,2025-02-28 13:25:00-05:00,-1.0277665499999615,S,2025,False
GBPUSD,d1_adx_lt25,fixed,2025-02-28 13:25:00-05:00,-1.0277665499999615,S,2025,False
GBPUSD,w1_dow_nocounter,trail,2025-02-28 13:25:00-05:00,-1.0277665499999615,S,2025,False
USDCHF,d1roc_h4ma,trail,2025-03-04 04:29:00-05:00,-0.09327954999997466,S,2025,False
USDCHF,d1_roc20,trail,2025-03-04 04:29:00-05:00,-0.09327954999997466,S,2025,False
USDCHF,none,trail,2025-03-04 04:29:00-05:00,-0.09327954999997466,S,2025,False
USDCHF,w1_dow_strict,trail,2025-03-04 04:29:00-05:00,-0.09327954999997466,S,2025,False
USDCHF,d1_adx_lt25,fixed,2025-03-04 04:29:00-05:00,1.598951200000008,S,2025,False
USDCHF,none,fixed,2025-03-04 04:29:00-05:00,1.598951200000008,S,2025,False
USDCHF,w1_dow_nocounter,fixed,2025-03-04 04:29:00-05:00,1.598951200000008,S,2025,False
USDCHF,h4_ma_nocounter,fixed,2025-03-04 04:29:00-05:00,1.598951200000008,S,2025,False
USDCHF,d1_adx_lt25,trail,2025-03-04 04:29:00-05:00,-0.09327954999997466,S,2025,False
USDCHF,w1_dow_strict,fixed,2025-03-04 04:29:00-05:00,1.598951200000008,S,2025,False
USDCHF,d1_roc20,fixed,2025-03-04 04:29:00-05:00,1.598951200000008,S,2025,False
USDCHF,d1roc_h4ma,fixed,2025-03-04 04:29:00-05:00,1.598951200000008,S,2025,False
USDCHF,h4_ma_nocounter,trail,2025-03-04 04:29:00-05:00,-0.09327954999997466,S,2025,False
USDCHF,w1_dow_nocounter,trail,2025-03-04 04:29:00-05:00,-0.09327954999997466,S,2025,False
USDJPY,none,fixed,2025-03-04 06:32:00-05:00,-0.9982049999999958,S,2025,False
USDJPY,h4_ma_nocounter,fixed,2025-03-04 06:32:00-05:00,-0.9982049999999958,S,2025,False
USDJPY,d1_adx_ge20,trail,2025-03-04 06:32:00-05:00,-0.9052749999999797,S,2025,False
USDJPY,w1_dow_nocounter,fixed,2025-03-04 06:32:00-05:00,-0.9982049999999958,S,2025,False
USDJPY,d1_roc20,fixed,2025-03-04 06:32:00-05:00,-0.9982049999999958,S,2025,False
USDJPY,d1_roc20,trail,2025-03-04 06:32:00-05:00,-0.9052749999999797,S,2025,False
USDJPY,h4_ma_nocounter,trail,2025-03-04 06:32:00-05:00,-0.9052749999999797,S,2025,False
USDJPY,d1roc_h4ma,trail,2025-03-04 06:32:00-05:00,-0.9052749999999797,S,2025,False
USDJPY,w1_dow_nocounter,trail,2025-03-04 06:32:00-05:00,-0.9052749999999797,S,2025,False
USDJPY,d1_adx_ge20,fixed,2025-03-04 06:32:00-05:00,-0.9982049999999958,S,2025,False
USDJPY,none,trail,2025-03-04 06:32:00-05:00,-0.9052749999999797,S,2025,False
USDJPY,d1roc_h4ma,fixed,2025-03-04 06:32:00-05:00,-0.9982049999999958,S,2025,False
EURUSD,d1_adx_lt25,fixed,2025-03-04 06:51:00-05:00,1.6560926499999795,L,2025,False
EURUSD,h4_ma_nocounter,fixed,2025-03-04 06:51:00-05:00,1.6560926499999795,L,2025,False
EURUSD,d1_roc20,fixed,2025-03-04 06:51:00-05:00,1.6560926499999795,L,2025,False
EURUSD,none,trail,2025-03-04 06:51:00-05:00,5.263911200000015,L,2025,False
EURUSD,d1_roc20,trail,2025-03-04 06:51:00-05:00,5.263911200000015,L,2025,False
EURUSD,d1_adx_lt25,trail,2025-03-04 06:51:00-05:00,5.263911200000015,L,2025,False
EURUSD,h4_ma_nocounter,trail,2025-03-04 06:51:00-05:00,5.263911200000015,L,2025,False
EURUSD,d1roc_h4ma,fixed,2025-03-04 06:51:00-05:00,1.6560926499999795,L,2025,False
EURUSD,none,fixed,2025-03-04 06:51:00-05:00,1.6560926499999795,L,2025,False
EURUSD,d1roc_h4ma,trail,2025-03-04 06:51:00-05:00,5.263911200000015,L,2025,False
AUDUSD,d1_adx_lt25,trail,2025-03-17 11:00:00-04:00,-0.7401108499999772,L,2025,False
AUDUSD,h4_ma_nocounter,fixed,2025-03-17 11:00:00-04:00,-1.0293754999999691,L,2025,False
AUDUSD,d1_adx_lt25,fixed,2025-03-17 11:00:00-04:00,-1.0293754999999691,L,2025,False
AUDUSD,w1_dow_nocounter,fixed,2025-03-17 11:00:00-04:00,-1.0293754999999691,L,2025,False
AUDUSD,none,trail,2025-03-17 11:00:00-04:00,-0.7401108499999772,L,2025,False
AUDUSD,h4_ma_nocounter,trail,2025-03-17 11:00:00-04:00,-0.7401108499999772,L,2025,False
AUDUSD,none,fixed,2025-03-17 11:00:00-04:00,-1.0293754999999691,L,2025,False
AUDUSD,w1_dow_nocounter,trail,2025-03-17 11:00:00-04:00,-0.7401108499999772,L,2025,False
GBPUSD,h4_ma_aligned,fixed,2025-03-17 11:24:00-04:00,-1.03430714999997,L,2025,False
GBPUSD,h4_ma_nocounter,fixed,2025-03-17 11:24:00-04:00,-1.03430714999997,L,2025,False
GBPUSD,none,trail,2025-03-17 11:24:00-04:00,-0.936374800000015,L,2025,False
GBPUSD,none,fixed,2025-03-17 11:24:00-04:00,-1.03430714999997,L,2025,False
GBPUSD,d1roc_h4ma,trail,2025-03-17 11:24:00-04:00,-0.936374800000015,L,2025,False
GBPUSD,h4_ma_nocounter,trail,2025-03-17 11:24:00-04:00,-0.936374800000015,L,2025,False
GBPUSD,d1roc_h4ma,fixed,2025-03-17 11:24:00-04:00,-1.03430714999997,L,2025,False
GBPUSD,d1_roc20,trail,2025-03-17 11:24:00-04:00,-0.936374800000015,L,2025,False
GBPUSD,h4_ma_aligned,trail,2025-03-17 11:24:00-04:00,-0.936374800000015,L,2025,False
GBPUSD,d1_adx_ge20,trail,2025-03-17 11:24:00-04:00,-0.936374800000015,L,2025,False
GBPUSD,d1_roc20,fixed,2025-03-17 11:24:00-04:00,-1.03430714999997,L,2025,False
GBPUSD,d1_adx_ge20,fixed,2025-03-17 11:24:00-04:00,-1.03430714999997,L,2025,False
USDJPY,h4_ma_nocounter,trail,2025-03-17 14:51:00-04:00,-0.07310000000001414,L,2025,False
USDJPY,d1_adx_ge20,fixed,2025-03-17 14:51:00-04:00,-1.0039450000000205,L,2025,False
USDJPY,w1_dow_nocounter,trail,2025-03-17 14:51:00-04:00,-0.07310000000001414,L,2025,False
USDJPY,none,trail,2025-03-17 14:51:00-04:00,-0.07310000000001414,L,2025,False
USDJPY,d1_adx_ge20,trail,2025-03-17 14:51:00-04:00,-0.07310000000001414,L,2025,False
USDJPY,h4_ma_nocounter,fixed,2025-03-17 14:51:00-04:00,-1.0039450000000205,L,2025,False
USDJPY,w1_dow_nocounter,fixed,2025-03-17 14:51:00-04:00,-1.0039450000000205,L,2025,False
USDJPY,none,fixed,2025-03-17 14:51:00-04:00,-1.0039450000000205,L,2025,False
EURUSD,w1_dow_strict,trail,2025-03-18 04:14:00-04:00,-1.014086799999992,L,2025,False
EURUSD,h4_ma_nocounter,trail,2025-03-18 04:14:00-04:00,-1.014086799999992,L,2025,False
EURUSD,w1_dow_nocounter,fixed,2025-03-18 04:14:00-04:00,-1.014086799999992,L,2025,False
EURUSD,w1_dow_nocounter,trail,2025-03-18 04:14:00-04:00,-1.014086799999992,L,2025,False
EURUSD,d1_adx_ge20,trail,2025-03-18 04:14:00-04:00,-1.014086799999992,L,2025,False
EURUSD,d1_roc20,trail,2025-03-18 04:14:00-04:00,-1.014086799999992,L,2025,False
EURUSD,h4_ma_aligned,trail,2025-03-18 04:14:00-04:00,-1.014086799999992,L,2025,False
EURUSD,d1roc_h4ma,fixed,2025-03-18 04:14:00-04:00,-1.014086799999992,L,2025,False
EURUSD,none,fixed,2025-03-18 04:14:00-04:00,-1.014086799999992,L,2025,False
EURUSD,d1_roc20,fixed,2025-03-18 04:14:00-04:00,-1.014086799999992,L,2025,False
EURUSD,h4_ma_aligned,fixed,2025-03-18 04:14:00-04:00,-1.014086799999992,L,2025,False
EURUSD,none,trail,2025-03-18 04:14:00-04:00,-1.014086799999992,L,2025,False
EURUSD,d1roc_h4ma,trail,2025-03-18 04:14:00-04:00,-1.014086799999992,L,2025,False
EURUSD,w1_dow_strict,fixed,2025-03-18 04:14:00-04:00,-1.014086799999992,L,2025,False
EURUSD,d1_adx_ge20,fixed,2025-03-18 04:14:00-04:00,-1.014086799999992,L,2025,False
EURUSD,h4_ma_nocounter,fixed,2025-03-18 04:14:00-04:00,-1.014086799999992,L,2025,False
USDCHF,d1_adx_ge20,fixed,2025-03-19 22:16:00-04:00,-1.0599098499999955,S,2025,False
USDCHF,w1_dow_strict,trail,2025-03-19 22:16:00-04:00,-1.0599098499999955,S,2025,False
USDCHF,none,fixed,2025-03-19 22:16:00-04:00,-1.0599098499999955,S,2025,False
USDCHF,none,trail,2025-03-19 22:16:00-04:00,-1.0599098499999955,S,2025,False
USDCHF,d1_adx_ge20,trail,2025-03-19 22:16:00-04:00,-1.0599098499999955,S,2025,False
USDCHF,w1_dow_strict,fixed,2025-03-19 22:16:00-04:00,-1.0599098499999955,S,2025,False
USDCHF,d1_roc20,trail,2025-03-19 22:16:00-04:00,-1.0599098499999955,S,2025,False
USDCHF,d1roc_h4ma,fixed,2025-03-19 22:16:00-04:00,-1.0599098499999955,S,2025,False
USDCHF,h4_ma_nocounter,trail,2025-03-19 22:16:00-04:00,-1.0599098499999955,S,2025,False
USDCHF,d1_roc20,fixed,2025-03-19 22:16:00-04:00,-1.0599098499999955,S,2025,False
USDCHF,d1roc_h4ma,trail,2025-03-19 22:16:00-04:00,-1.0599098499999955,S,2025,False
USDCHF,h4_ma_nocounter,fixed,2025-03-19 22:16:00-04:00,-1.0599098499999955,S,2025,False
USDCHF,h4_ma_aligned,fixed,2025-03-19 22:16:00-04:00,-1.0599098499999955,S,2025,False
USDCHF,w1_dow_nocounter,trail,2025-03-19 22:16:00-04:00,-1.0599098499999955,S,2025,False
USDCHF,w1_dow_nocounter,fixed,2025-03-19 22:16:00-04:00,-1.0599098499999955,S,2025,False
USDCHF,h4_ma_aligned,trail,2025-03-19 22:16:00-04:00,-1.0599098499999955,S,2025,False
GBPUSD,w1_dow_nocounter,trail,2025-03-21 11:52:00-04:00,-1.0339287500000205,S,2025,False
GBPUSD,w1_dow_strict,trail,2025-03-21 11:52:00-04:00,-1.0339287500000205,S,2025,False
GBPUSD,w1_dow_nocounter,fixed,2025-03-21 11:52:00-04:00,-1.0338520999999805,S,2025,False
GBPUSD,d1_adx_ge20,fixed,2025-03-21 11:52:00-04:00,-1.0338520999999805,S,2025,False
GBPUSD,none,fixed,2025-03-21 11:52:00-04:00,-1.0338520999999805,S,2025,False
GBPUSD,d1_adx_ge20,trail,2025-03-21 11:52:00-04:00,-1.0339287500000205,S,2025,False
GBPUSD,w1_dow_strict,fixed,2025-03-21 11:52:00-04:00,-1.0338520999999805,S,2025,False
GBPUSD,none,trail,2025-03-21 11:52:00-04:00,-1.0339287500000205,S,2025,False
AUDUSD,d1_roc20,fixed,2025-03-21 11:53:00-04:00,-1.0263930000000268,S,2025,False
AUDUSD,w1_dow_nocounter,fixed,2025-03-21 11:53:00-04:00,-1.0263930000000268,S,2025,False
AUDUSD,none,fixed,2025-03-21 11:53:00-04:00,-1.0263930000000268,S,2025,False
AUDUSD,d1_adx_lt25,fixed,2025-03-21 11:53:00-04:00,-1.0263930000000268,S,2025,False
AUDUSD,w1_dow_nocounter,trail,2025-03-21 11:53:00-04:00,-1.0264706500000056,S,2025,False
AUDUSD,none,trail,2025-03-21 11:53:00-04:00,-1.0264706500000056,S,2025,False
AUDUSD,d1_adx_lt25,trail,2025-03-21 11:53:00-04:00,-1.0264706500000056,S,2025,False
AUDUSD,d1_roc20,trail,2025-03-21 11:53:00-04:00,-1.0264706500000056,S,2025,False
AUDUSD,none,trail,2025-03-31 04:16:00-04:00,0.14402305000001298,S,2025,False
AUDUSD,h4_ma_nocounter,fixed,2025-03-31 04:16:00-04:00,-1.0292261500000017,S,2025,False
AUDUSD,h4_ma_nocounter,trail,2025-03-31 04:16:00-04:00,0.14402305000001298,S,2025,False
AUDUSD,w1_dow_nocounter,fixed,2025-03-31 04:16:00-04:00,-1.0292261500000017,S,2025,False
AUDUSD,w1_dow_nocounter,trail,2025-03-31 04:16:00-04:00,0.14402305000001298,S,2025,False
AUDUSD,d1_adx_lt25,trail,2025-03-31 04:16:00-04:00,0.14402305000001298,S,2025,False
AUDUSD,none,fixed,2025-03-31 04:16:00-04:00,-1.0292261500000017,S,2025,False
AUDUSD,d1_adx_lt25,fixed,2025-03-31 04:16:00-04:00,-1.0292261500000017,S,2025,False
GBPUSD,d1_roc20,fixed,2025-04-02 16:13:00-04:00,1.6387722500000015,L,2025,False
GBPUSD,h4_ma_nocounter,fixed,2025-04-02 16:13:00-04:00,1.6387722500000015,L,2025,False
GBPUSD,d1_roc20,trail,2025-04-02 16:13:00-04:00,1.815843650000005,L,2025,False
GBPUSD,h4_ma_nocounter,trail,2025-04-02 16:13:00-04:00,1.815843650000005,L,2025,False
GBPUSD,d1_adx_ge20,trail,2025-04-02 16:13:00-04:00,1.815843650000005,L,2025,False
GBPUSD,none,trail,2025-04-02 16:13:00-04:00,1.815843650000005,L,2025,False
GBPUSD,d1roc_h4ma,trail,2025-04-02 16:13:00-04:00,1.815843650000005,L,2025,False
GBPUSD,d1roc_h4ma,fixed,2025-04-02 16:13:00-04:00,1.6387722500000015,L,2025,False
GBPUSD,none,fixed,2025-04-02 16:13:00-04:00,1.6387722500000015,L,2025,False
GBPUSD,d1_adx_ge20,fixed,2025-04-02 16:13:00-04:00,1.6387722500000015,L,2025,False
AUDUSD,w1_dow_nocounter,trail,2025-04-02 16:14:00-04:00,-1.0267331000000204,L,2025,False
AUDUSD,none,trail,2025-04-02 16:14:00-04:00,-1.0267331000000204,L,2025,False
AUDUSD,d1_roc20,trail,2025-04-02 16:14:00-04:00,-1.0267331000000204,L,2025,False
AUDUSD,d1_adx_lt25,trail,2025-04-02 16:14:00-04:00,-1.0267331000000204,L,2025,False
AUDUSD,d1_adx_lt25,fixed,2025-04-02 16:14:00-04:00,-1.0267331000000204,L,2025,False
AUDUSD,w1_dow_nocounter,fixed,2025-04-02 16:14:00-04:00,-1.0267331000000204,L,2025,False
AUDUSD,d1_roc20,fixed,2025-04-02 16:14:00-04:00,-1.0267331000000204,L,2025,False
AUDUSD,none,fixed,2025-04-02 16:14:00-04:00,-1.0267331000000204,L,2025,False
SP500,w1_dow_nocounter,trail,2025-04-02 18:11:00-04:00,3.226500000000001,S,2025,False
SP500,h4_ma_nocounter,fixed,2025-04-02 18:11:00-04:00,1.5812500000000054,S,2025,False
SP500,d1_adx_ge20,fixed,2025-04-02 18:11:00-04:00,1.5812500000000054,S,2025,False
SP500,d1_roc20,trail,2025-04-02 18:11:00-04:00,3.226500000000001,S,2025,False
SP500,d1roc_h4ma,trail,2025-04-02 18:11:00-04:00,3.226500000000001,S,2025,False
SP500,d1_roc20,fixed,2025-04-02 18:11:00-04:00,1.5812500000000054,S,2025,False
SP500,w1_dow_nocounter,fixed,2025-04-02 18:11:00-04:00,1.5812500000000054,S,2025,False
SP500,none,trail,2025-04-02 18:11:00-04:00,3.226500000000001,S,2025,False
SP500,d1roc_h4ma,fixed,2025-04-02 18:11:00-04:00,1.5812500000000054,S,2025,False
SP500,none,fixed,2025-04-02 18:11:00-04:00,1.5812500000000054,S,2025,False
SP500,d1_adx_ge20,trail,2025-04-02 18:11:00-04:00,3.226500000000001,S,2025,False
SP500,h4_ma_nocounter,trail,2025-04-02 18:11:00-04:00,3.226500000000001,S,2025,False
USDJPY,none,trail,2025-04-02 18:21:00-04:00,1.7378899999999913,S,2025,False
USDJPY,h4_ma_nocounter,fixed,2025-04-02 18:21:00-04:00,1.6601900000000083,S,2025,False
USDJPY,w1_dow_nocounter,trail,2025-04-02 18:21:00-04:00,1.7378899999999913,S,2025,False
USDJPY,d1_adx_lt25,fixed,2025-04-02 18:21:00-04:00,1.6601900000000083,S,2025,False
USDJPY,none,fixed,2025-04-02 18:21:00-04:00,1.6601900000000083,S,2025,False
USDJPY,d1_adx_lt25,trail,2025-04-02 18:21:00-04:00,1.7378899999999913,S,2025,False
USDJPY,h4_ma_nocounter,trail,2025-04-02 18:21:00-04:00,1.7378899999999913,S,2025,False
USDJPY,w1_dow_nocounter,fixed,2025-04-02 18:21:00-04:00,1.6601900000000083,S,2025,False
USDCHF,h4_ma_nocounter,fixed,2025-04-02 23:24:00-04:00,1.6136400000000046,S,2025,False
USDCHF,w1_dow_nocounter,fixed,2025-04-02 23:24:00-04:00,1.6136400000000046,S,2025,False
USDCHF,d1_roc20,fixed,2025-04-02 23:24:00-04:00,1.6136400000000046,S,2025,False
USDCHF,w1_dow_nocounter,trail,2025-04-02 23:24:00-04:00,5.187459550000018,S,2025,False
USDCHF,d1roc_h4ma,fixed,2025-04-02 23:24:00-04:00,1.6136400000000046,S,2025,False
USDCHF,none,fixed,2025-04-02 23:24:00-04:00,1.6136400000000046,S,2025,False
USDCHF,w1_dow_strict,trail,2025-04-02 23:24:00-04:00,5.187459550000018,S,2025,False
USDCHF,none,trail,2025-04-02 23:24:00-04:00,5.187459550000018,S,2025,False
USDCHF,d1_roc20,trail,2025-04-02 23:24:00-04:00,5.187459550000018,S,2025,False
USDCHF,d1roc_h4ma,trail,2025-04-02 23:24:00-04:00,5.187459550000018,S,2025,False
USDCHF,d1_adx_ge20,fixed,2025-04-02 23:24:00-04:00,1.6136400000000046,S,2025,False
USDCHF,d1_adx_ge20,trail,2025-04-02 23:24:00-04:00,5.187459550000018,S,2025,False
USDCHF,w1_dow_strict,fixed,2025-04-02 23:24:00-04:00,1.6136400000000046,S,2025,False
USDCHF,h4_ma_nocounter,trail,2025-04-02 23:24:00-04:00,5.187459550000018,S,2025,False
EURUSD,d1_adx_ge20,trail,2025-04-03 02:34:00-04:00,0.9130688000000012,L,2025,False
EURUSD,d1_adx_ge20,fixed,2025-04-03 02:34:00-04:00,1.6607934999999951,L,2025,False
EURUSD,d1roc_h4ma,trail,2025-04-03 02:34:00-04:00,0.9130688000000012,L,2025,False
EURUSD,d1roc_h4ma,fixed,2025-04-03 02:34:00-04:00,1.6607934999999951,L,2025,False
EURUSD,h4_ma_nocounter,trail,2025-04-03 02:34:00-04:00,0.9130688000000012,L,2025,False
EURUSD,w1_dow_strict,trail,2025-04-03 02:34:00-04:00,0.9130688000000012,L,2025,False
EURUSD,h4_ma_nocounter,fixed,2025-04-03 02:34:00-04:00,1.6607934999999951,L,2025,False
EURUSD,w1_dow_nocounter,fixed,2025-04-03 02:34:00-04:00,1.6607934999999951,L,2025,False
EURUSD,d1_roc20,trail,2025-04-03 02:34:00-04:00,0.9130688000000012,L,2025,False
EURUSD,none,fixed,2025-04-03 02:34:00-04:00,1.6607934999999951,L,2025,False
EURUSD,w1_dow_strict,fixed,2025-04-03 02:34:00-04:00,1.6607934999999951,L,2025,False
EURUSD,w1_dow_nocounter,trail,2025-04-03 02:34:00-04:00,0.9130688000000012,L,2025,False
EURUSD,none,trail,2025-04-03 02:34:00-04:00,0.9130688000000012,L,2025,False
EURUSD,d1_roc20,fixed,2025-04-03 02:34:00-04:00,1.6607934999999951,L,2025,False
AUDUSD,h4_ma_nocounter,trail,2025-04-04 03:44:00-04:00,2.5679763499999915,S,2025,False
AUDUSD,d1_roc20,fixed,2025-04-04 03:44:00-04:00,1.6557062999999945,S,2025,False
AUDUSD,h4_ma_aligned,fixed,2025-04-04 03:44:00-04:00,1.6557062999999945,S,2025,False
AUDUSD,h4_ma_aligned,trail,2025-04-04 03:44:00-04:00,2.5679763499999915,S,2025,False
AUDUSD,d1roc_h4ma,fixed,2025-04-04 03:44:00-04:00,1.6557062999999945,S,2025,False
AUDUSD,none,fixed,2025-04-04 03:44:00-04:00,1.6557062999999945,S,2025,False
AUDUSD,d1roc_h4ma,trail,2025-04-04 03:44:00-04:00,2.5679763499999915,S,2025,False
AUDUSD,d1_roc20,trail,2025-04-04 03:44:00-04:00,2.5679763499999915,S,2025,False
AUDUSD,none,trail,2025-04-04 03:44:00-04:00,2.5679763499999915,S,2025,False
AUDUSD,d1_adx_lt25,trail,2025-04-04 03:44:00-04:00,2.5679763499999915,S,2025,False
AUDUSD,d1_adx_lt25,fixed,2025-04-04 03:44:00-04:00,1.6557062999999945,S,2025,False
AUDUSD,h4_ma_nocounter,fixed,2025-04-04 03:44:00-04:00,1.6557062999999945,S,2025,False
AUDUSD,w1_dow_nocounter,fixed,2025-04-04 03:44:00-04:00,1.6557062999999945,S,2025,False
AUDUSD,w1_dow_nocounter,trail,2025-04-04 03:44:00-04:00,2.5679763499999915,S,2025,False
GBPUSD,d1_adx_ge20,fixed,2025-04-04 13:07:00-04:00,1.653642850000003,S,2025,False
GBPUSD,w1_dow_strict,trail,2025-04-04 13:07:00-04:00,-0.5402935500000057,S,2025,False
GBPUSD,none,fixed,2025-04-04 13:07:00-04:00,1.653642850000003,S,2025,False
GBPUSD,none,trail,2025-04-04 13:07:00-04:00,-0.5402935500000057,S,2025,False
GBPUSD,w1_dow_nocounter,trail,2025-04-04 13:07:00-04:00,-0.5402935500000057,S,2025,False
GBPUSD,w1_dow_strict,fixed,2025-04-04 13:07:00-04:00,1.653642850000003,S,2025,False
GBPUSD,w1_dow_nocounter,fixed,2025-04-04 13:07:00-04:00,1.653642850000003,S,2025,False
GBPUSD,d1_adx_ge20,trail,2025-04-04 13:07:00-04:00,-0.5402935500000057,S,2025,False
EURUSD,none,fixed,2025-04-10 10:38:00-04:00,1.662947300000006,L,2025,False
EURUSD,h4_ma_nocounter,fixed,2025-04-10 10:38:00-04:00,1.662947300000006,L,2025,False
EURUSD,h4_ma_nocounter,trail,2025-04-10 10:38:00-04:00,1.5264010000000063,L,2025,False
EURUSD,d1roc_h4ma,trail,2025-04-10 10:38:00-04:00,1.5264010000000063,L,2025,False
EURUSD,w1_dow_strict,fixed,2025-04-10 10:38:00-04:00,1.662947300000006,L,2025,False
EURUSD,h4_ma_aligned,fixed,2025-04-10 10:38:00-04:00,1.662947300000006,L,2025,False
EURUSD,h4_ma_aligned,trail,2025-04-10 10:38:00-04:00,1.5264010000000063,L,2025,False
EURUSD,d1roc_h4ma,fixed,2025-04-10 10:38:00-04:00,1.662947300000006,L,2025,False
EURUSD,none,trail,2025-04-10 10:38:00-04:00,1.5264010000000063,L,2025,False
EURUSD,d1_roc20,trail,2025-04-10 10:38:00-04:00,1.5264010000000063,L,2025,False
EURUSD,w1_dow_nocounter,trail,2025-04-10 10:38:00-04:00,1.5264010000000063,L,2025,False
EURUSD,d1_roc20,fixed,2025-04-10 10:38:00-04:00,1.662947300000006,L,2025,False
EURUSD,w1_dow_strict,trail,2025-04-10 10:38:00-04:00,1.5264010000000063,L,2025,False
EURUSD,d1_adx_ge20,fixed,2025-04-10 10:38:00-04:00,1.662947300000006,L,2025,False
EURUSD,d1_adx_ge20,trail,2025-04-10 10:38:00-04:00,1.5264010000000063,L,2025,False
EURUSD,w1_dow_nocounter,fixed,2025-04-10 10:38:00-04:00,1.662947300000006,L,2025,False
GBPUSD,h4_ma_aligned,trail,2025-04-15 00:26:00-04:00,0.038807349999994134,L,2025,False
GBPUSD,d1roc_h4ma,fixed,2025-04-15 00:26:00-04:00,1.652123799999994,L,2025,False
GBPUSD,h4_ma_nocounter,trail,2025-04-15 00:26:00-04:00,0.038807349999994134,L,2025,False
GBPUSD,d1_adx_ge20,trail,2025-04-15 00:26:00-04:00,0.038807349999994134,L,2025,False
GBPUSD,none,trail,2025-04-15 00:26:00-04:00,0.038807349999994134,L,2025,False
GBPUSD,d1_roc20,fixed,2025-04-15 00:26:00-04:00,1.652123799999994,L,2025,False
GBPUSD,d1roc_h4ma,trail,2025-04-15 00:26:00-04:00,0.038807349999994134,L,2025,False
GBPUSD,none,fixed,2025-04-15 00:26:00-04:00,1.652123799999994,L,2025,False
GBPUSD,h4_ma_nocounter,fixed,2025-04-15 00:26:00-04:00,1.652123799999994,L,2025,False
GBPUSD,d1_adx_ge20,fixed,2025-04-15 00:26:00-04:00,1.652123799999994,L,2025,False
GBPUSD,h4_ma_aligned,fixed,2025-04-15 00:26:00-04:00,1.652123799999994,L,2025,False
GBPUSD,d1_roc20,trail,2025-04-15 00:26:00-04:00,0.038807349999994134,L,2025,False
AUDUSD,none,fixed,2025-04-16 11:34:00-04:00,-1.0150305500000072,L,2025,False
AUDUSD,d1_adx_lt25,trail,2025-04-16 11:34:00-04:00,-0.5873065500000141,L,2025,False
AUDUSD,none,trail,2025-04-16 11:34:00-04:00,-0.5873065500000141,L,2025,False
AUDUSD,h4_ma_nocounter,trail,2025-04-16 11:34:00-04:00,-0.5873065500000141,L,2025,False
AUDUSD,d1_adx_lt25,fixed,2025-04-16 11:34:00-04:00,-1.0150305500000072,L,2025,False
AUDUSD,h4_ma_nocounter,fixed,2025-04-16 11:34:00-04:00,-1.0150305500000072,L,2025,False
EURUSD,none,fixed,2025-04-20 20:11:00-04:00,1.6526784000000259,L,2025,False
EURUSD,none,trail,2025-04-20 20:11:00-04:00,0.13634350000001105,L,2025,False
EURUSD,w1_dow_nocounter,trail,2025-04-20 20:11:00-04:00,0.13634350000001105,L,2025,False
EURUSD,w1_dow_nocounter,fixed,2025-04-20 20:11:00-04:00,1.6526784000000259,L,2025,False
EURUSD,w1_dow_strict,trail,2025-04-20 20:11:00-04:00,0.13634350000001105,L,2025,False
EURUSD,w1_dow_strict,fixed,2025-04-20 20:11:00-04:00,1.6526784000000259,L,2025,False
EURUSD,d1_roc20,trail,2025-04-20 20:11:00-04:00,0.13634350000001105,L,2025,False
EURUSD,h4_ma_nocounter,fixed,2025-04-20 20:11:00-04:00,1.6526784000000259,L,2025,False
EURUSD,h4_ma_nocounter,trail,2025-04-20 20:11:00-04:00,0.13634350000001105,L,2025,False
EURUSD,h4_ma_aligned,fixed,2025-04-20 20:11:00-04:00,1.6526784000000259,L,2025,False
EURUSD,h4_ma_aligned,trail,2025-04-20 20:11:00-04:00,0.13634350000001105,L,2025,False
EURUSD,d1roc_h4ma,fixed,2025-04-20 20:11:00-04:00,1.6526784000000259,L,2025,False
EURUSD,d1_roc20,fixed,2025-04-20 20:11:00-04:00,1.6526784000000259,L,2025,False
EURUSD,d1roc_h4ma,trail,2025-04-20 20:11:00-04:00,0.13634350000001105,L,2025,False
EURUSD,d1_adx_ge20,trail,2025-04-20 20:11:00-04:00,0.13634350000001105,L,2025,False
EURUSD,d1_adx_ge20,fixed,2025-04-20 20:11:00-04:00,1.6526784000000259,L,2025,False
USDCHF,d1_adx_ge20,fixed,2025-04-20 22:27:00-04:00,-1.03211135,S,2025,False
USDCHF,none,fixed,2025-04-20 22:27:00-04:00,-1.03211135,S,2025,False
USDCHF,d1_roc20,trail,2025-04-20 22:27:00-04:00,-0.49897599999999753,S,2025,False
USDCHF,h4_ma_aligned,fixed,2025-04-20 22:27:00-04:00,-1.03211135,S,2025,False
USDCHF,d1_adx_ge20,trail,2025-04-20 22:27:00-04:00,-0.49897599999999753,S,2025,False
USDCHF,none,trail,2025-04-20 22:27:00-04:00,-0.49897599999999753,S,2025,False
USDCHF,w1_dow_strict,trail,2025-04-20 22:27:00-04:00,-0.49897599999999753,S,2025,False
USDCHF,d1roc_h4ma,trail,2025-04-20 22:27:00-04:00,-0.49897599999999753,S,2025,False
USDCHF,w1_dow_strict,fixed,2025-04-20 22:27:00-04:00,-1.03211135,S,2025,False
USDCHF,d1roc_h4ma,fixed,2025-04-20 22:27:00-04:00,-1.03211135,S,2025,False
USDCHF,h4_ma_nocounter,trail,2025-04-20 22:27:00-04:00,-0.49897599999999753,S,2025,False
USDCHF,h4_ma_aligned,trail,2025-04-20 22:27:00-04:00,-0.49897599999999753,S,2025,False
USDCHF,w1_dow_nocounter,trail,2025-04-20 22:27:00-04:00,-0.49897599999999753,S,2025,False
USDCHF,d1_roc20,fixed,2025-04-20 22:27:00-04:00,-1.03211135,S,2025,False
USDCHF,h4_ma_nocounter,fixed,2025-04-20 22:27:00-04:00,-1.03211135,S,2025,False
USDCHF,w1_dow_nocounter,fixed,2025-04-20 22:27:00-04:00,-1.03211135,S,2025,False
SP500,d1_adx_ge20,fixed,2025-04-24 16:01:00-04:00,1.4373500000000043,L,2025,False
SP500,w1_dow_nocounter,fixed,2025-04-24 16:01:00-04:00,1.4373500000000043,L,2025,False
SP500,none,fixed,2025-04-24 16:01:00-04:00,1.4373500000000043,L,2025,False
SP500,d1_adx_ge20,trail,2025-04-24 16:01:00-04:00,-0.12169999999999417,L,2025,False
SP500,w1_dow_nocounter,trail,2025-04-24 16:01:00-04:00,-0.12169999999999417,L,2025,False
SP500,none,trail,2025-04-24 16:01:00-04:00,-0.12169999999999417,L,2025,False
GBPUSD,d1_adx_ge20,fixed,2025-04-28 13:31:00-04:00,-1.0227847999999966,L,2025,False
GBPUSD,d1_adx_ge20,trail,2025-04-28 13:31:00-04:00,-0.5170140499999971,L,2025,False
GBPUSD,d1_roc20,fixed,2025-04-28 13:31:00-04:00,-1.0227847999999966,L,2025,False
GBPUSD,d1roc_h4ma,trail,2025-04-28 13:31:00-04:00,-0.5170140499999971,L,2025,False
GBPUSD,none,trail,2025-04-28 13:31:00-04:00,-0.5170140499999971,L,2025,False
GBPUSD,d1_roc20,trail,2025-04-28 13:31:00-04:00,-0.5170140499999971,L,2025,False
GBPUSD,h4_ma_nocounter,trail,2025-04-28 13:31:00-04:00,-0.5170140499999971,L,2025,False
GBPUSD,d1roc_h4ma,fixed,2025-04-28 13:31:00-04:00,-1.0227847999999966,L,2025,False
GBPUSD,none,fixed,2025-04-28 13:31:00-04:00,-1.0227847999999966,L,2025,False
GBPUSD,h4_ma_nocounter,fixed,2025-04-28 13:31:00-04:00,-1.0227847999999966,L,2025,False
AUDUSD,d1_roc20,fixed,2025-04-28 22:10:00-04:00,-1.0220067000000015,L,2025,False
AUDUSD,w1_dow_nocounter,trail,2025-04-28 22:10:00-04:00,-1.0220067000000015,L,2025,False
AUDUSD,d1_adx_lt25,trail,2025-04-28 22:10:00-04:00,-1.0220067000000015,L,2025,False
AUDUSD,none,trail,2025-04-28 22:10:00-04:00,-1.0220067000000015,L,2025,False
AUDUSD,d1_adx_lt25,fixed,2025-04-28 22:10:00-04:00,-1.0220067000000015,L,2025,False
AUDUSD,d1roc_h4ma,trail,2025-04-28 22:10:00-04:00,-1.0220067000000015,L,2025,False
AUDUSD,none,fixed,2025-04-28 22:10:00-04:00,-1.0220067000000015,L,2025,False
AUDUSD,w1_dow_nocounter,fixed,2025-04-28 22:10:00-04:00,-1.0220067000000015,L,2025,False
AUDUSD,d1roc_h4ma,fixed,2025-04-28 22:10:00-04:00,-1.0220067000000015,L,2025,False
AUDUSD,h4_ma_aligned,trail,2025-04-28 22:10:00-04:00,-1.0220067000000015,L,2025,False
AUDUSD,h4_ma_aligned,fixed,2025-04-28 22:10:00-04:00,-1.0220067000000015,L,2025,False
AUDUSD,d1_roc20,trail,2025-04-28 22:10:00-04:00,-1.0220067000000015,L,2025,False
AUDUSD,h4_ma_nocounter,trail,2025-04-28 22:10:00-04:00,-1.0220067000000015,L,2025,False
AUDUSD,h4_ma_nocounter,fixed,2025-04-28 22:10:00-04:00,-1.0220067000000015,L,2025,False
EURUSD,h4_ma_nocounter,fixed,2025-04-30 21:48:00-04:00,-1.009792100000011,S,2025,False
EURUSD,d1_adx_ge20,trail,2025-04-30 21:48:00-04:00,-0.6061532000000311,S,2025,False
EURUSD,none,fixed,2025-04-30 21:48:00-04:00,-1.009792100000011,S,2025,False
EURUSD,none,trail,2025-04-30 21:48:00-04:00,-0.6061532000000311,S,2025,False
EURUSD,h4_ma_nocounter,trail,2025-04-30 21:48:00-04:00,-0.6061532000000311,S,2025,False
EURUSD,d1_adx_ge20,fixed,2025-04-30 21:48:00-04:00,-1.009792100000011,S,2025,False
USDJPY,none,fixed,2025-05-01 01:23:00-04:00,1.6590650000000013,L,2025,False
USDJPY,d1_adx_ge20,fixed,2025-05-01 01:23:00-04:00,1.6590650000000013,L,2025,False
USDJPY,w1_dow_nocounter,fixed,2025-05-01 01:23:00-04:00,1.6590650000000013,L,2025,False
USDJPY,w1_dow_nocounter,trail,2025-05-01 01:23:00-04:00,-0.39750500000002714,L,2025,False
USDJPY,h4_ma_nocounter,trail,2025-05-01 01:23:00-04:00,-0.39750500000002714,L,2025,False
USDJPY,h4_ma_nocounter,fixed,2025-05-01 01:23:00-04:00,1.6590650000000013,L,2025,False
USDJPY,none,trail,2025-05-01 01:23:00-04:00,-0.39750500000002714,L,2025,False
USDJPY,d1_adx_ge20,trail,2025-05-01 01:23:00-04:00,-0.39750500000002714,L,2025,False
AUDUSD,h4_ma_nocounter,trail,2025-05-02 08:42:00-04:00,-0.18581205000000509,L,2025,False
AUDUSD,w1_dow_nocounter,fixed,2025-05-02 08:42:00-04:00,1.6447867999999901,L,2025,False
AUDUSD,d1_roc20,fixed,2025-05-02 08:42:00-04:00,1.6447867999999901,L,2025,False
AUDUSD,none,fixed,2025-05-02 08:42:00-04:00,1.6447867999999901,L,2025,False
AUDUSD,h4_ma_aligned,fixed,2025-05-02 08:42:00-04:00,1.6447867999999901,L,2025,False
AUDUSD,d1roc_h4ma,trail,2025-05-02 08:42:00-04:00,-0.18581205000000509,L,2025,False
AUDUSD,d1_roc20,trail,2025-05-02 08:42:00-04:00,-0.18581205000000509,L,2025,False
AUDUSD,d1_adx_lt25,fixed,2025-05-02 08:42:00-04:00,1.6447867999999901,L,2025,False
AUDUSD,h4_ma_aligned,trail,2025-05-02 08:42:00-04:00,-0.18581205000000509,L,2025,False
AUDUSD,d1roc_h4ma,fixed,2025-05-02 08:42:00-04:00,1.6447867999999901,L,2025,False
AUDUSD,h4_ma_nocounter,fixed,2025-05-02 08:42:00-04:00,1.6447867999999901,L,2025,False
AUDUSD,d1_adx_lt25,trail,2025-05-02 08:42:00-04:00,-0.18581205000000509,L,2025,False
AUDUSD,none,trail,2025-05-02 08:42:00-04:00,-0.18581205000000509,L,2025,False
AUDUSD,w1_dow_nocounter,trail,2025-05-02 08:42:00-04:00,-0.18581205000000509,L,2025,False
USDCHF,none,fixed,2025-05-07 10:44:00-04:00,-1.0344320500000066,S,2025,False
USDCHF,d1_roc20,fixed,2025-05-07 10:44:00-04:00,-1.0344320500000066,S,2025,False
USDCHF,w1_dow_nocounter,fixed,2025-05-07 10:44:00-04:00,-1.0344320500000066,S,2025,False
USDCHF,w1_dow_nocounter,trail,2025-05-07 10:44:00-04:00,-0.783435550000004,S,2025,False
USDCHF,d1_adx_ge20,fixed,2025-05-07 10:44:00-04:00,-1.0344320500000066,S,2025,False
USDCHF,w1_dow_strict,fixed,2025-05-07 10:44:00-04:00,-1.0344320500000066,S,2025,False
USDCHF,d1_roc20,trail,2025-05-07 10:44:00-04:00,-0.783435550000004,S,2025,False
USDCHF,none,trail,2025-05-07 10:44:00-04:00,-0.783435550000004,S,2025,False
USDCHF,d1_adx_ge20,trail,2025-05-07 10:44:00-04:00,-0.783435550000004,S,2025,False
USDCHF,h4_ma_nocounter,fixed,2025-05-07 10:44:00-04:00,-1.0344320500000066,S,2025,False
USDCHF,h4_ma_nocounter,trail,2025-05-07 10:44:00-04:00,-0.783435550000004,S,2025,False
USDCHF,d1roc_h4ma,fixed,2025-05-07 10:44:00-04:00,-1.0344320500000066,S,2025,False
USDCHF,d1roc_h4ma,trail,2025-05-07 10:44:00-04:00,-0.783435550000004,S,2025,False
USDCHF,w1_dow_strict,trail,2025-05-07 10:44:00-04:00,-0.783435550000004,S,2025,False
GBPUSD,w1_dow_nocounter,fixed,2025-05-08 07:01:00-04:00,-1.0190243999999766,S,2025,False
GBPUSD,none,fixed,2025-05-08 07:01:00-04:00,-1.0190243999999766,S,2025,False
GBPUSD,none,trail,2025-05-08 07:01:00-04:00,-1.0190243999999766,S,2025,False
GBPUSD,h4_ma_nocounter,trail,2025-05-08 07:01:00-04:00,-1.0190243999999766,S,2025,False
GBPUSD,d1_adx_ge20,fixed,2025-05-08 07:01:00-04:00,-1.0190243999999766,S,2025,False
GBPUSD,d1_adx_ge20,trail,2025-05-08 07:01:00-04:00,-1.0190243999999766,S,2025,False
GBPUSD,w1_dow_nocounter,trail,2025-05-08 07:01:00-04:00,-1.0190243999999766,S,2025,False
GBPUSD,h4_ma_nocounter,fixed,2025-05-08 07:01:00-04:00,-1.0190243999999766,S,2025,False
EURUSD,h4_ma_aligned,fixed,2025-05-08 11:39:00-04:00,1.659797500000021,S,2025,False
EURUSD,none,fixed,2025-05-08 11:39:00-04:00,1.659797500000021,S,2025,False
EURUSD,d1_adx_ge20,trail,2025-05-08 11:39:00-04:00,0.7826613499999963,S,2025,False
EURUSD,h4_ma_nocounter,fixed,2025-05-08 11:39:00-04:00,1.659797500000021,S,2025,False
EURUSD,h4_ma_aligned,trail,2025-05-08 11:39:00-04:00,0.7826613499999963,S,2025,False
EURUSD,d1_adx_ge20,fixed,2025-05-08 11:39:00-04:00,1.659797500000021,S,2025,False
EURUSD,none,trail,2025-05-08 11:39:00-04:00,0.7826613499999963,S,2025,False
EURUSD,h4_ma_nocounter,trail,2025-05-08 11:39:00-04:00,0.7826613499999963,S,2025,False
SP500,d1_adx_ge20,trail,2025-05-08 11:42:00-04:00,-0.8464500000000049,L,2025,False
SP500,w1_dow_nocounter,fixed,2025-05-08 11:42:00-04:00,-0.8464500000000049,L,2025,False
SP500,h4_ma_aligned,trail,2025-05-08 11:42:00-04:00,-0.8464500000000049,L,2025,False
SP500,h4_ma_nocounter,trail,2025-05-08 11:42:00-04:00,-0.8464500000000049,L,2025,False
SP500,h4_ma_aligned,fixed,2025-05-08 11:42:00-04:00,-0.8464500000000049,L,2025,False
SP500,none,trail,2025-05-08 11:42:00-04:00,-0.8464500000000049,L,2025,False
SP500,d1_adx_ge20,fixed,2025-05-08 11:42:00-04:00,-0.8464500000000049,L,2025,False
SP500,d1roc_h4ma,fixed,2025-05-08 11:42:00-04:00,-0.8464500000000049,L,2025,False
SP500,h4_ma_nocounter,fixed,2025-05-08 11:42:00-04:00,-0.8464500000000049,L,2025,False
SP500,d1roc_h4ma,trail,2025-05-08 11:42:00-04:00,-0.8464500000000049,L,2025,False
SP500,none,fixed,2025-05-08 11:42:00-04:00,-0.8464500000000049,L,2025,False
SP500,d1_roc20,trail,2025-05-08 11:42:00-04:00,-0.8464500000000049,L,2025,False
SP500,w1_dow_nocounter,trail,2025-05-08 11:42:00-04:00,-0.8464500000000049,L,2025,False
SP500,d1_adx_lt25,trail,2025-05-08 11:42:00-04:00,-0.8464500000000049,L,2025,False
SP500,d1_adx_lt25,fixed,2025-05-08 11:42:00-04:00,-0.8464500000000049,L,2025,False
SP500,d1_roc20,fixed,2025-05-08 11:42:00-04:00,-0.8464500000000049,L,2025,False
USDJPY,h4_ma_aligned,fixed,2025-05-08 13:37:00-04:00,-0.9986499999999937,L,2025,False
USDJPY,w1_dow_nocounter,fixed,2025-05-08 13:37:00-04:00,-0.9986499999999937,L,2025,False
USDJPY,h4_ma_nocounter,trail,2025-05-08 13:37:00-04:00,-0.9986499999999937,L,2025,False
USDJPY,w1_dow_nocounter,trail,2025-05-08 13:37:00-04:00,-0.9986499999999937,L,2025,False
USDJPY,h4_ma_nocounter,fixed,2025-05-08 13:37:00-04:00,-0.9986499999999937,L,2025,False
USDJPY,h4_ma_aligned,trail,2025-05-08 13:37:00-04:00,-0.9986499999999937,L,2025,False
USDJPY,d1_adx_ge20,trail,2025-05-08 13:37:00-04:00,-0.9986499999999937,L,2025,False
USDJPY,none,fixed,2025-05-08 13:37:00-04:00,-0.9986499999999937,L,2025,False
USDJPY,d1_adx_ge20,fixed,2025-05-08 13:37:00-04:00,-0.9986499999999937,L,2025,False
USDJPY,none,trail,2025-05-08 13:37:00-04:00,-0.9986499999999937,L,2025,False
USDCHF,d1roc_h4ma,fixed,2025-05-08 22:08:00-04:00,-1.0331882500000096,L,2025,False
USDCHF,d1_roc20,fixed,2025-05-08 22:08:00-04:00,-1.0331882500000096,L,2025,False
USDCHF,d1_adx_ge20,fixed,2025-05-08 22:08:00-04:00,-1.0331882500000096,L,2025,False
USDCHF,h4_ma_nocounter,trail,2025-05-08 22:08:00-04:00,-0.6676806499999961,L,2025,False
USDCHF,d1_adx_ge20,trail,2025-05-08 22:08:00-04:00,-0.6676806499999961,L,2025,False
USDCHF,d1roc_h4ma,trail,2025-05-08 22:08:00-04:00,-0.6676806499999961,L,2025,False
USDCHF,none,fixed,2025-05-08 22:08:00-04:00,-1.0331882500000096,L,2025,False
USDCHF,h4_ma_nocounter,fixed,2025-05-08 22:08:00-04:00,-1.0331882500000096,L,2025,False
USDCHF,none,trail,2025-05-08 22:08:00-04:00,-0.6676806499999961,L,2025,False
USDCHF,d1_roc20,trail,2025-05-08 22:08:00-04:00,-0.6676806499999961,L,2025,False
GBPUSD,d1_adx_ge20,trail,2025-05-19 06:54:00-04:00,-1.0244226999999926,L,2025,False
GBPUSD,h4_ma_nocounter,fixed,2025-05-19 06:54:00-04:00,-1.0244226999999926,L,2025,False
GBPUSD,d1_adx_lt25,fixed,2025-05-19 06:54:00-04:00,-1.0244226999999926,L,2025,False
GBPUSD,none,trail,2025-05-19 06:54:00-04:00,-1.0244226999999926,L,2025,False
GBPUSD,w1_dow_nocounter,trail,2025-05-19 06:54:00-04:00,-1.0244226999999926,L,2025,False
GBPUSD,w1_dow_nocounter,fixed,2025-05-19 06:54:00-04:00,-1.0244226999999926,L,2025,False
GBPUSD,h4_ma_nocounter,trail,2025-05-19 06:54:00-04:00,-1.0244226999999926,L,2025,False
GBPUSD,d1_adx_ge20,fixed,2025-05-19 06:54:00-04:00,-1.0244226999999926,L,2025,False
GBPUSD,none,fixed,2025-05-19 06:54:00-04:00,-1.0244226999999926,L,2025,False
GBPUSD,d1_adx_lt25,trail,2025-05-19 06:54:00-04:00,-1.0244226999999926,L,2025,False
AUDUSD,d1_adx_ge20,trail,2025-05-25 18:07:00-04:00,-1.0228696499999868,L,2025,False
AUDUSD,none,trail,2025-05-25 18:07:00-04:00,-1.0228696499999868,L,2025,False
AUDUSD,none,fixed,2025-05-25 18:07:00-04:00,-1.0228088500000045,L,2025,False
AUDUSD,h4_ma_aligned,fixed,2025-05-25 18:07:00-04:00,-1.0228088500000045,L,2025,False
AUDUSD,d1_adx_ge20,fixed,2025-05-25 18:07:00-04:00,-1.0228088500000045,L,2025,False
AUDUSD,h4_ma_aligned,trail,2025-05-25 18:07:00-04:00,-1.0228696499999868,L,2025,False
AUDUSD,d1roc_h4ma,fixed,2025-05-25 18:07:00-04:00,-1.0228088500000045,L,2025,False
AUDUSD,w1_dow_nocounter,trail,2025-05-25 18:07:00-04:00,-1.0228696499999868,L,2025,False
AUDUSD,d1_adx_lt25,trail,2025-05-25 18:07:00-04:00,-1.0228696499999868,L,2025,False
AUDUSD,d1_roc20,fixed,2025-05-25 18:07:00-04:00,-1.0228088500000045,L,2025,False
AUDUSD,d1roc_h4ma,trail,2025-05-25 18:07:00-04:00,-1.0228696499999868,L,2025,False
AUDUSD,d1_adx_lt25,fixed,2025-05-25 18:07:00-04:00,-1.0228088500000045,L,2025,False
AUDUSD,h4_ma_nocounter,fixed,2025-05-25 18:07:00-04:00,-1.0228088500000045,L,2025,False
AUDUSD,w1_dow_nocounter,fixed,2025-05-25 18:07:00-04:00,-1.0228088500000045,L,2025,False
AUDUSD,d1_roc20,trail,2025-05-25 18:07:00-04:00,-1.0228696499999868,L,2025,False
AUDUSD,h4_ma_nocounter,trail,2025-05-25 18:07:00-04:00,-1.0228696499999868,L,2025,False
EURUSD,d1_adx_ge20,trail,2025-05-25 19:19:00-04:00,-0.22510884999999978,L,2025,False
EURUSD,d1roc_h4ma,fixed,2025-05-25 19:19:00-04:00,-1.0095271999999997,L,2025,False
EURUSD,d1_roc20,fixed,2025-05-25 19:19:00-04:00,-1.0095271999999997,L,2025,False
EURUSD,none,fixed,2025-05-25 19:19:00-04:00,-1.0095271999999997,L,2025,False
EURUSD,d1_adx_lt25,fixed,2025-05-25 19:19:00-04:00,-1.0095271999999997,L,2025,False
EURUSD,d1_roc20,trail,2025-05-25 19:19:00-04:00,-0.22510884999999978,L,2025,False
EURUSD,none,trail,2025-05-25 19:19:00-04:00,-0.22510884999999978,L,2025,False
EURUSD,w1_dow_nocounter,trail,2025-05-25 19:19:00-04:00,-0.22510884999999978,L,2025,False
EURUSD,d1_adx_lt25,trail,2025-05-25 19:19:00-04:00,-0.22510884999999978,L,2025,False
EURUSD,w1_dow_strict,fixed,2025-05-25 19:19:00-04:00,-1.0095271999999997,L,2025,False
EURUSD,h4_ma_nocounter,trail,2025-05-25 19:19:00-04:00,-0.22510884999999978,L,2025,False
EURUSD,w1_dow_strict,trail,2025-05-25 19:19:00-04:00,-0.22510884999999978,L,2025,False
EURUSD,d1roc_h4ma,trail,2025-05-25 19:19:00-04:00,-0.22510884999999978,L,2025,False
EURUSD,h4_ma_nocounter,fixed,2025-05-25 19:19:00-04:00,-1.0095271999999997,L,2025,False
EURUSD,w1_dow_nocounter,fixed,2025-05-25 19:19:00-04:00,-1.0095271999999997,L,2025,False
EURUSD,d1_adx_ge20,fixed,2025-05-25 19:19:00-04:00,-1.0095271999999997,L,2025,False
USDJPY,none,trail,2025-05-25 21:56:00-04:00,-0.7126399999999689,S,2025,False
USDJPY,d1_roc20,trail,2025-05-25 21:56:00-04:00,-0.7126399999999689,S,2025,False
USDJPY,h4_ma_nocounter,trail,2025-05-25 21:56:00-04:00,-0.7126399999999689,S,2025,False
USDJPY,d1_adx_lt25,trail,2025-05-25 21:56:00-04:00,-0.7126399999999689,S,2025,False
USDJPY,d1_adx_lt25,fixed,2025-05-25 21:56:00-04:00,-1.0041899999999684,S,2025,False
USDJPY,h4_ma_nocounter,fixed,2025-05-25 21:56:00-04:00,-1.0041899999999684,S,2025,False
USDJPY,d1_roc20,fixed,2025-05-25 21:56:00-04:00,-1.0041899999999684,S,2025,False
USDJPY,d1roc_h4ma,fixed,2025-05-25 21:56:00-04:00,-1.0041899999999684,S,2025,False
USDJPY,w1_dow_nocounter,trail,2025-05-25 21:56:00-04:00,-0.7126399999999689,S,2025,False
USDJPY,d1roc_h4ma,trail,2025-05-25 21:56:00-04:00,-0.7126399999999689,S,2025,False
USDJPY,none,fixed,2025-05-25 21:56:00-04:00,-1.0041899999999684,S,2025,False
USDJPY,w1_dow_nocounter,fixed,2025-05-25 21:56:00-04:00,-1.0041899999999684,S,2025,False
SP500,d1_adx_lt25,fixed,2025-05-28 19:16:00-04:00,-0.8706999999999913,L,2025,False
SP500,h4_ma_nocounter,fixed,2025-05-28 19:16:00-04:00,-0.8706999999999913,L,2025,False
SP500,w1_dow_nocounter,trail,2025-05-28 19:16:00-04:00,-0.8706999999999913,L,2025,False
SP500,d1_adx_lt25,trail,2025-05-28 19:16:00-04:00,-0.8706999999999913,L,2025,False
SP500,d1_roc20,trail,2025-05-28 19:16:00-04:00,-0.8706999999999913,L,2025,False
SP500,d1roc_h4ma,trail,2025-05-28 19:16:00-04:00,-0.8706999999999913,L,2025,False
SP500,none,fixed,2025-05-28 19:16:00-04:00,-0.8706999999999913,L,2025,False
SP500,d1roc_h4ma,fixed,2025-05-28 19:16:00-04:00,-0.8706999999999913,L,2025,False
SP500,h4_ma_nocounter,trail,2025-05-28 19:16:00-04:00,-0.8706999999999913,L,2025,False
SP500,none,trail,2025-05-28 19:16:00-04:00,-0.8706999999999913,L,2025,False
SP500,d1_roc20,fixed,2025-05-28 19:16:00-04:00,-0.8706999999999913,L,2025,False
SP500,w1_dow_nocounter,fixed,2025-05-28 19:16:00-04:00,-0.8706999999999913,L,2025,False
EURUSD,w1_dow_strict,trail,2025-06-02 03:24:00-04:00,-0.2840842000000205,L,2025,False
EURUSD,d1roc_h4ma,trail,2025-06-02 03:24:00-04:00,-0.2840842000000205,L,2025,False
EURUSD,d1_adx_ge20,fixed,2025-06-02 03:24:00-04:00,-1.0102714000000206,L,2025,False
EURUSD,d1roc_h4ma,fixed,2025-06-02 03:24:00-04:00,-1.0102714000000206,L,2025,False
EURUSD,d1_adx_lt25,trail,2025-06-02 03:24:00-04:00,-0.2840842000000205,L,2025,False
EURUSD,h4_ma_nocounter,trail,2025-06-02 03:24:00-04:00,-0.2840842000000205,L,2025,False
EURUSD,d1_roc20,fixed,2025-06-02 03:24:00-04:00,-1.0102714000000206,L,2025,False
EURUSD,d1_adx_ge20,trail,2025-06-02 03:24:00-04:00,-0.2840842000000205,L,2025,False
EURUSD,w1_dow_nocounter,fixed,2025-06-02 03:24:00-04:00,-1.0102714000000206,L,2025,False
EURUSD,w1_dow_strict,fixed,2025-06-02 03:24:00-04:00,-1.0102714000000206,L,2025,False
EURUSD,none,trail,2025-06-02 03:24:00-04:00,-0.2840842000000205,L,2025,False
EURUSD,d1_roc20,trail,2025-06-02 03:24:00-04:00,-0.2840842000000205,L,2025,False
EURUSD,h4_ma_nocounter,fixed,2025-06-02 03:24:00-04:00,-1.0102714000000206,L,2025,False
EURUSD,none,fixed,2025-06-02 03:24:00-04:00,-1.0102714000000206,L,2025,False
EURUSD,d1_adx_lt25,fixed,2025-06-02 03:24:00-04:00,-1.0102714000000206,L,2025,False
EURUSD,w1_dow_nocounter,trail,2025-06-02 03:24:00-04:00,-0.2840842000000205,L,2025,False
USDCHF,d1roc_h4ma,fixed,2025-06-02 03:42:00-04:00,-1.0418327500000004,S,2025,False
USDCHF,none,trail,2025-06-02 03:42:00-04:00,-0.1270494500000064,S,2025,False
USDCHF,w1_dow_nocounter,trail,2025-06-02 03:42:00-04:00,-0.1270494500000064,S,2025,False
USDCHF,d1_roc20,trail,2025-06-02 03:42:00-04:00,-0.1270494500000064,S,2025,False
USDCHF,h4_ma_nocounter,fixed,2025-06-02 03:42:00-04:00,-1.0418327500000004,S,2025,False
USDCHF,d1_adx_lt25,trail,2025-06-02 03:42:00-04:00,-0.1270494500000064,S,2025,False
USDCHF,d1_roc20,fixed,2025-06-02 03:42:00-04:00,-1.0418327500000004,S,2025,False
USDCHF,h4_ma_nocounter,trail,2025-06-02 03:42:00-04:00,-0.1270494500000064,S,2025,False
USDCHF,w1_dow_strict,trail,2025-06-02 03:42:00-04:00,-0.1270494500000064,S,2025,False
USDCHF,d1_adx_lt25,fixed,2025-06-02 03:42:00-04:00,-1.0418327500000004,S,2025,False
USDCHF,none,fixed,2025-06-02 03:42:00-04:00,-1.0418327500000004,S,2025,False
USDCHF,d1roc_h4ma,trail,2025-06-02 03:42:00-04:00,-0.1270494500000064,S,2025,False
USDCHF,d1_adx_ge20,trail,2025-06-02 03:42:00-04:00,-0.1270494500000064,S,2025,False
USDCHF,w1_dow_strict,fixed,2025-06-02 03:42:00-04:00,-1.0418327500000004,S,2025,False
USDCHF,d1_adx_ge20,fixed,2025-06-02 03:42:00-04:00,-1.0418327500000004,S,2025,False
USDCHF,w1_dow_nocounter,fixed,2025-06-02 03:42:00-04:00,-1.0418327500000004,S,2025,False
GBPUSD,w1_dow_nocounter,fixed,2025-06-05 08:30:00-04:00,-1.0296764500000177,L,2025,False
GBPUSD,h4_ma_nocounter,fixed,2025-06-05 08:30:00-04:00,-1.0296764500000177,L,2025,False
GBPUSD,d1_adx_ge20,trail,2025-06-05 08:30:00-04:00,-0.5926080999999949,L,2025,False
GBPUSD,h4_ma_aligned,trail,2025-06-05 08:30:00-04:00,-0.5926080999999949,L,2025,False
GBPUSD,d1_roc20,fixed,2025-06-05 08:30:00-04:00,-1.0296764500000177,L,2025,False
GBPUSD,d1roc_h4ma,fixed,2025-06-05 08:30:00-04:00,-1.0296764500000177,L,2025,False
GBPUSD,w1_dow_nocounter,trail,2025-06-05 08:30:00-04:00,-0.5926080999999949,L,2025,False
GBPUSD,none,trail,2025-06-05 08:30:00-04:00,-0.5926080999999949,L,2025,False
GBPUSD,h4_ma_nocounter,trail,2025-06-05 08:30:00-04:00,-0.5926080999999949,L,2025,False
GBPUSD,d1roc_h4ma,trail,2025-06-05 08:30:00-04:00,-0.5926080999999949,L,2025,False
GBPUSD,none,fixed,2025-06-05 08:30:00-04:00,-1.0296764500000177,L,2025,False
GBPUSD,d1_roc20,trail,2025-06-05 08:30:00-04:00,-0.5926080999999949,L,2025,False
GBPUSD,h4_ma_aligned,fixed,2025-06-05 08:30:00-04:00,-1.0296764500000177,L,2025,False
GBPUSD,d1_adx_ge20,fixed,2025-06-05 08:30:00-04:00,-1.0296764500000177,L,2025,False
SP500,h4_ma_aligned,trail,2025-06-05 08:49:00-04:00,-0.9997999999999858,L,2025,False
SP500,none,fixed,2025-06-05 08:49:00-04:00,-0.9997999999999858,L,2025,False
SP500,d1_roc20,trail,2025-06-05 08:49:00-04:00,-0.9997999999999858,L,2025,False
SP500,w1_dow_nocounter,fixed,2025-06-05 08:49:00-04:00,-0.9997999999999858,L,2025,False
SP500,h4_ma_nocounter,trail,2025-06-05 08:49:00-04:00,-0.9997999999999858,L,2025,False
SP500,d1_adx_lt25,trail,2025-06-05 08:49:00-04:00,-0.9997999999999858,L,2025,False
SP500,h4_ma_aligned,fixed,2025-06-05 08:49:00-04:00,-0.9997999999999858,L,2025,False
SP500,d1roc_h4ma,trail,2025-06-05 08:49:00-04:00,-0.9997999999999858,L,2025,False
SP500,none,trail,2025-06-05 08:49:00-04:00,-0.9997999999999858,L,2025,False
SP500,d1_roc20,fixed,2025-06-05 08:49:00-04:00,-0.9997999999999858,L,2025,False
SP500,d1roc_h4ma,fixed,2025-06-05 08:49:00-04:00,-0.9997999999999858,L,2025,False
SP500,h4_ma_nocounter,fixed,2025-06-05 08:49:00-04:00,-0.9997999999999858,L,2025,False
SP500,d1_adx_lt25,fixed,2025-06-05 08:49:00-04:00,-0.9997999999999858,L,2025,False
SP500,w1_dow_nocounter,trail,2025-06-05 08:49:00-04:00,-0.9997999999999858,L,2025,False
AUDUSD,d1_adx_ge20,fixed,2025-06-05 09:29:00-04:00,-1.0274341499999908,L,2025,False
AUDUSD,d1_roc20,trail,2025-06-05 09:29:00-04:00,-1.0274341499999908,L,2025,False
AUDUSD,d1_roc20,fixed,2025-06-05 09:29:00-04:00,-1.0274341499999908,L,2025,False
AUDUSD,none,trail,2025-06-05 09:29:00-04:00,-1.0274341499999908,L,2025,False
AUDUSD,d1_adx_lt25,trail,2025-06-05 09:29:00-04:00,-1.0274341499999908,L,2025,False
AUDUSD,d1_adx_ge20,trail,2025-06-05 09:29:00-04:00,-1.0274341499999908,L,2025,False
AUDUSD,none,fixed,2025-06-05 09:29:00-04:00,-1.0274341499999908,L,2025,False
AUDUSD,w1_dow_nocounter,fixed,2025-06-05 09:29:00-04:00,-1.0274341499999908,L,2025,False
AUDUSD,d1roc_h4ma,fixed,2025-06-05 09:29:00-04:00,-1.0274341499999908,L,2025,False
AUDUSD,h4_ma_aligned,trail,2025-06-05 09:29:00-04:00,-1.0274341499999908,L,2025,False
AUDUSD,d1roc_h4ma,trail,2025-06-05 09:29:00-04:00,-1.0274341499999908,L,2025,False
AUDUSD,d1_adx_lt25,fixed,2025-06-05 09:29:00-04:00,-1.0274341499999908,L,2025,False
AUDUSD,h4_ma_aligned,fixed,2025-06-05 09:29:00-04:00,-1.0274341499999908,L,2025,False
AUDUSD,w1_dow_nocounter,trail,2025-06-05 09:29:00-04:00,-1.0274341499999908,L,2025,False
AUDUSD,h4_ma_nocounter,fixed,2025-06-05 09:29:00-04:00,-1.0274341499999908,L,2025,False
AUDUSD,h4_ma_nocounter,trail,2025-06-05 09:29:00-04:00,-1.0274341499999908,L,2025,False
AUDUSD,d1_adx_lt25,trail,2025-06-11 08:35:00-04:00,-1.030735550000011,L,2025,False
AUDUSD,d1_adx_ge20,fixed,2025-06-11 08:35:00-04:00,-1.0308419499999872,L,2025,False
AUDUSD,none,trail,2025-06-11 08:35:00-04:00,-1.030735550000011,L,2025,False
AUDUSD,d1_roc20,fixed,2025-06-11 08:35:00-04:00,-1.0308419499999872,L,2025,False
AUDUSD,d1roc_h4ma,fixed,2025-06-11 08:35:00-04:00,-1.0308419499999872,L,2025,False
AUDUSD,d1_adx_ge20,trail,2025-06-11 08:35:00-04:00,-1.030735550000011,L,2025,False
AUDUSD,h4_ma_nocounter,trail,2025-06-11 08:35:00-04:00,-1.030735550000011,L,2025,False
AUDUSD,w1_dow_nocounter,trail,2025-06-11 08:35:00-04:00,-1.030735550000011,L,2025,False
AUDUSD,h4_ma_aligned,trail,2025-06-11 08:35:00-04:00,-1.030735550000011,L,2025,False
AUDUSD,h4_ma_nocounter,fixed,2025-06-11 08:35:00-04:00,-1.0308419499999872,L,2025,False
AUDUSD,w1_dow_nocounter,fixed,2025-06-11 08:35:00-04:00,-1.0308419499999872,L,2025,False
AUDUSD,none,fixed,2025-06-11 08:35:00-04:00,-1.0308419499999872,L,2025,False
AUDUSD,h4_ma_aligned,fixed,2025-06-11 08:35:00-04:00,-1.0308419499999872,L,2025,False
AUDUSD,d1_roc20,trail,2025-06-11 08:35:00-04:00,-1.030735550000011,L,2025,False
AUDUSD,d1roc_h4ma,trail,2025-06-11 08:35:00-04:00,-1.030735550000011,L,2025,False
AUDUSD,d1_adx_lt25,fixed,2025-06-11 08:35:00-04:00,-1.0308419499999872,L,2025,False
EURUSD,d1roc_h4ma,trail,2025-06-11 12:38:00-04:00,1.4006194500000129,L,2025,False
EURUSD,h4_ma_nocounter,trail,2025-06-11 12:38:00-04:00,1.4006194500000129,L,2025,False
EURUSD,w1_dow_strict,trail,2025-06-11 12:38:00-04:00,1.4006194500000129,L,2025,False
EURUSD,w1_dow_nocounter,trail,2025-06-11 12:38:00-04:00,1.4006194500000129,L,2025,False
EURUSD,none,trail,2025-06-11 12:38:00-04:00,1.4006194500000129,L,2025,False
EURUSD,h4_ma_aligned,fixed,2025-06-11 12:38:00-04:00,1.652658900000026,L,2025,False
EURUSD,d1_roc20,fixed,2025-06-11 12:38:00-04:00,1.652658900000026,L,2025,False
EURUSD,w1_dow_strict,fixed,2025-06-11 12:38:00-04:00,1.652658900000026,L,2025,False
EURUSD,h4_ma_aligned,trail,2025-06-11 12:38:00-04:00,1.4006194500000129,L,2025,False
EURUSD,d1_adx_lt25,trail,2025-06-11 12:38:00-04:00,1.4006194500000129,L,2025,False
EURUSD,none,fixed,2025-06-11 12:38:00-04:00,1.652658900000026,L,2025,False
EURUSD,h4_ma_nocounter,fixed,2025-06-11 12:38:00-04:00,1.652658900000026,L,2025,False
EURUSD,d1_adx_lt25,fixed,2025-06-11 12:38:00-04:00,1.652658900000026,L,2025,False
EURUSD,d1roc_h4ma,fixed,2025-06-11 12:38:00-04:00,1.652658900000026,L,2025,False
EURUSD,w1_dow_nocounter,fixed,2025-06-11 12:38:00-04:00,1.652658900000026,L,2025,False
EURUSD,d1_roc20,trail,2025-06-11 12:38:00-04:00,1.4006194500000129,L,2025,False
USDCHF,w1_dow_nocounter,trail,2025-06-12 03:57:00-04:00,0.3763958999999991,S,2025,False
USDCHF,d1_roc20,trail,2025-06-12 03:57:00-04:00,0.3763958999999991,S,2025,False
USDCHF,w1_dow_nocounter,fixed,2025-06-12 03:57:00-04:00,1.6146074499999816,S,2025,False
USDCHF,d1_adx_lt25,trail,2025-06-12 03:57:00-04:00,0.3763958999999991,S,2025,False
USDCHF,d1_roc20,fixed,2025-06-12 03:57:00-04:00,1.6146074499999816,S,2025,False
USDCHF,d1_adx_lt25,fixed,2025-06-12 03:57:00-04:00,1.6146074499999816,S,2025,False
USDCHF,none,fixed,2025-06-12 03:57:00-04:00,1.6146074499999816,S,2025,False
USDCHF,d1roc_h4ma,fixed,2025-06-12 03:57:00-04:00,1.6146074499999816,S,2025,False
USDCHF,w1_dow_strict,fixed,2025-06-12 03:57:00-04:00,1.6146074499999816,S,2025,False
USDCHF,h4_ma_nocounter,fixed,2025-06-12 03:57:00-04:00,1.6146074499999816,S,2025,False
USDCHF,d1roc_h4ma,trail,2025-06-12 03:57:00-04:00,0.3763958999999991,S,2025,False
USDCHF,w1_dow_strict,trail,2025-06-12 03:57:00-04:00,0.3763958999999991,S,2025,False
USDCHF,h4_ma_nocounter,trail,2025-06-12 03:57:00-04:00,0.3763958999999991,S,2025,False
USDCHF,none,trail,2025-06-12 03:57:00-04:00,0.3763958999999991,S,2025,False
GBPUSD,d1roc_h4ma,fixed,2025-06-12 08:43:00-04:00,-1.0234936499999985,L,2025,False
GBPUSD,w1_dow_nocounter,trail,2025-06-12 08:43:00-04:00,-1.0234936499999985,L,2025,False
GBPUSD,h4_ma_nocounter,fixed,2025-06-12 08:43:00-04:00,-1.0234936499999985,L,2025,False
GBPUSD,d1_roc20,fixed,2025-06-12 08:43:00-04:00,-1.0234936499999985,L,2025,False
GBPUSD,w1_dow_nocounter,fixed,2025-06-12 08:43:00-04:00,-1.0234936499999985,L,2025,False
GBPUSD,h4_ma_nocounter,trail,2025-06-12 08:43:00-04:00,-1.0234936499999985,L,2025,False
GBPUSD,d1roc_h4ma,trail,2025-06-12 08:43:00-04:00,-1.0234936499999985,L,2025,False
GBPUSD,d1_roc20,trail,2025-06-12 08:43:00-04:00,-1.0234936499999985,L,2025,False
GBPUSD,d1_adx_ge20,trail,2025-06-12 08:43:00-04:00,-1.0234936499999985,L,2025,False
GBPUSD,d1_adx_ge20,fixed,2025-06-12 08:43:00-04:00,-1.0234936499999985,L,2025,False
GBPUSD,none,trail,2025-06-12 08:43:00-04:00,-1.0234936499999985,L,2025,False
GBPUSD,none,fixed,2025-06-12 08:43:00-04:00,-1.0234936499999985,L,2025,False
AUDUSD,w1_dow_nocounter,fixed,2025-06-16 10:02:00-04:00,-1.0199782000000157,L,2025,False
AUDUSD,d1_roc20,trail,2025-06-16 10:02:00-04:00,-1.0199782000000157,L,2025,False
AUDUSD,d1_adx_lt25,fixed,2025-06-16 10:02:00-04:00,-1.0199782000000157,L,2025,False
AUDUSD,d1roc_h4ma,trail,2025-06-16 10:02:00-04:00,-1.0199782000000157,L,2025,False
AUDUSD,d1_adx_ge20,trail,2025-06-16 10:02:00-04:00,-1.0199782000000157,L,2025,False
AUDUSD,h4_ma_nocounter,trail,2025-06-16 10:02:00-04:00,-1.0199782000000157,L,2025,False
AUDUSD,none,trail,2025-06-16 10:02:00-04:00,-1.0199782000000157,L,2025,False
AUDUSD,none,fixed,2025-06-16 10:02:00-04:00,-1.0199782000000157,L,2025,False
AUDUSD,d1roc_h4ma,fixed,2025-06-16 10:02:00-04:00,-1.0199782000000157,L,2025,False
AUDUSD,w1_dow_nocounter,trail,2025-06-16 10:02:00-04:00,-1.0199782000000157,L,2025,False
AUDUSD,d1_adx_lt25,trail,2025-06-16 10:02:00-04:00,-1.0199782000000157,L,2025,False
AUDUSD,h4_ma_nocounter,fixed,2025-06-16 10:02:00-04:00,-1.0199782000000157,L,2025,False
AUDUSD,d1_roc20,fixed,2025-06-16 10:02:00-04:00,-1.0199782000000157,L,2025,False
AUDUSD,d1_adx_ge20,fixed,2025-06-16 10:02:00-04:00,-1.0199782000000157,L,2025,False
GBPUSD,w1_dow_nocounter,trail,2025-06-17 13:45:00-04:00,-0.3252988000000285,S,2025,False
GBPUSD,d1_adx_ge20,trail,2025-06-17 13:45:00-04:00,-0.3252988000000285,S,2025,False
GBPUSD,none,trail,2025-06-17 13:45:00-04:00,-0.3252988000000285,S,2025,False
GBPUSD,d1_adx_ge20,fixed,2025-06-17 13:45:00-04:00,-1.0214417000000104,S,2025,False
GBPUSD,w1_dow_nocounter,fixed,2025-06-17 13:45:00-04:00,-1.0214417000000104,S,2025,False
GBPUSD,none,fixed,2025-06-17 13:45:00-04:00,-1.0214417000000104,S,2025,False
USDJPY,d1_roc20,fixed,2025-06-19 05:54:00-04:00,1.6561800000000089,L,2025,False
USDJPY,d1_adx_lt25,trail,2025-06-19 05:54:00-04:00,-0.4973749999999915,L,2025,False
USDJPY,h4_ma_nocounter,trail,2025-06-19 05:54:00-04:00,-0.4973749999999915,L,2025,False
USDJPY,d1_adx_lt25,fixed,2025-06-19 05:54:00-04:00,1.6561800000000089,L,2025,False
USDJPY,h4_ma_aligned,trail,2025-06-19 05:54:00-04:00,-0.4973749999999915,L,2025,False
USDJPY,h4_ma_aligned,fixed,2025-06-19 05:54:00-04:00,1.6561800000000089,L,2025,False
USDJPY,none,trail,2025-06-19 05:54:00-04:00,-0.4973749999999915,L,2025,False
USDJPY,d1_roc20,trail,2025-06-19 05:54:00-04:00,-0.4973749999999915,L,2025,False
USDJPY,d1roc_h4ma,fixed,2025-06-19 05:54:00-04:00,1.6561800000000089,L,2025,False
USDJPY,none,fixed,2025-06-19 05:54:00-04:00,1.6561800000000089,L,2025,False
USDJPY,d1roc_h4ma,trail,2025-06-19 05:54:00-04:00,-0.4973749999999915,L,2025,False
USDJPY,w1_dow_nocounter,trail,2025-06-19 05:54:00-04:00,-0.4973749999999915,L,2025,False
USDJPY,w1_dow_nocounter,fixed,2025-06-19 05:54:00-04:00,1.6561800000000089,L,2025,False
USDJPY,h4_ma_nocounter,fixed,2025-06-19 05:54:00-04:00,1.6561800000000089,L,2025,False
AUDUSD,h4_ma_nocounter,fixed,2025-06-19 10:15:00-04:00,1.6454689499999862,S,2025,False
AUDUSD,d1_adx_lt25,fixed,2025-06-19 10:15:00-04:00,1.6454689499999862,S,2025,False
AUDUSD,d1_adx_lt25,trail,2025-06-19 10:15:00-04:00,-1.0086164499999988,S,2025,False
AUDUSD,none,fixed,2025-06-19 10:15:00-04:00,1.6454689499999862,S,2025,False
AUDUSD,d1_adx_ge20,fixed,2025-06-19 10:15:00-04:00,1.6454689499999862,S,2025,False
AUDUSD,d1_adx_ge20,trail,2025-06-19 10:15:00-04:00,-1.0086164499999988,S,2025,False
AUDUSD,w1_dow_nocounter,trail,2025-06-19 10:15:00-04:00,-1.0086164499999988,S,2025,False
AUDUSD,w1_dow_nocounter,fixed,2025-06-19 10:15:00-04:00,1.6454689499999862,S,2025,False
AUDUSD,none,trail,2025-06-19 10:15:00-04:00,-1.0086164499999988,S,2025,False
AUDUSD,h4_ma_nocounter,trail,2025-06-19 10:15:00-04:00,-1.0086164499999988,S,2025,False
SP500,d1_roc20,trail,2025-06-23 19:17:00-04:00,0.4991500000000022,L,2025,False
SP500,d1roc_h4ma,fixed,2025-06-23 19:17:00-04:00,1.5244999999999973,L,2025,False
SP500,h4_ma_nocounter,trail,2025-06-23 19:17:00-04:00,0.4991500000000022,L,2025,False
SP500,none,fixed,2025-06-23 19:17:00-04:00,1.5244999999999973,L,2025,False
SP500,d1_roc20,fixed,2025-06-23 19:17:00-04:00,1.5244999999999973,L,2025,False
SP500,d1_adx_lt25,trail,2025-06-23 19:17:00-04:00,0.4991500000000022,L,2025,False
SP500,w1_dow_nocounter,trail,2025-06-23 19:17:00-04:00,0.4991500000000022,L,2025,False
SP500,d1_adx_lt25,fixed,2025-06-23 19:17:00-04:00,1.5244999999999973,L,2025,False
SP500,d1roc_h4ma,trail,2025-06-23 19:17:00-04:00,0.4991500000000022,L,2025,False
SP500,w1_dow_nocounter,fixed,2025-06-23 19:17:00-04:00,1.5244999999999973,L,2025,False
SP500,none,trail,2025-06-23 19:17:00-04:00,0.4991500000000022,L,2025,False
SP500,h4_ma_nocounter,fixed,2025-06-23 19:17:00-04:00,1.5244999999999973,L,2025,False
USDCHF,d1roc_h4ma,trail,2025-06-24 10:18:00-04:00,-0.06461374999999209,S,2025,False
USDCHF,w1_dow_nocounter,fixed,2025-06-24 10:18:00-04:00,1.6192272999999924,S,2025,False
USDCHF,none,fixed,2025-06-24 10:18:00-04:00,1.6192272999999924,S,2025,False
USDCHF,d1_roc20,trail,2025-06-24 10:18:00-04:00,-0.06461374999999209,S,2025,False
USDCHF,h4_ma_nocounter,fixed,2025-06-24 10:18:00-04:00,1.6192272999999924,S,2025,False
USDCHF,d1_roc20,fixed,2025-06-24 10:18:00-04:00,1.6192272999999924,S,2025,False
USDCHF,w1_dow_nocounter,trail,2025-06-24 10:18:00-04:00,-0.06461374999999209,S,2025,False
USDCHF,w1_dow_strict,fixed,2025-06-24 10:18:00-04:00,1.6192272999999924,S,2025,False
USDCHF,d1_adx_lt25,fixed,2025-06-24 10:18:00-04:00,1.6192272999999924,S,2025,False
USDCHF,d1_adx_lt25,trail,2025-06-24 10:18:00-04:00,-0.06461374999999209,S,2025,False
USDCHF,d1roc_h4ma,fixed,2025-06-24 10:18:00-04:00,1.6192272999999924,S,2025,False
USDCHF,w1_dow_strict,trail,2025-06-24 10:18:00-04:00,-0.06461374999999209,S,2025,False
USDCHF,h4_ma_nocounter,trail,2025-06-24 10:18:00-04:00,-0.06461374999999209,S,2025,False
USDCHF,none,trail,2025-06-24 10:18:00-04:00,-0.06461374999999209,S,2025,False
GBPUSD,w1_dow_nocounter,trail,2025-06-24 10:23:00-04:00,-0.3473999499999909,L,2025,False
GBPUSD,none,trail,2025-06-24 10:23:00-04:00,-0.3473999499999909,L,2025,False
GBPUSD,d1_adx_ge20,trail,2025-06-24 10:23:00-04:00,-0.3473999499999909,L,2025,False
GBPUSD,none,fixed,2025-06-24 10:23:00-04:00,1.6459050500000045,L,2025,False
GBPUSD,d1_adx_ge20,fixed,2025-06-24 10:23:00-04:00,1.6459050500000045,L,2025,False
GBPUSD,d1_adx_lt25,trail,2025-06-24 10:23:00-04:00,-0.3473999499999909,L,2025,False
GBPUSD,w1_dow_nocounter,fixed,2025-06-24 10:23:00-04:00,1.6459050500000045,L,2025,False
GBPUSD,d1_adx_lt25,fixed,2025-06-24 10:23:00-04:00,1.6459050500000045,L,2025,False
EURUSD,w1_dow_nocounter,trail,2025-06-24 10:24:00-04:00,-0.5116981500000243,L,2025,False
EURUSD,d1roc_h4ma,trail,2025-06-24 10:24:00-04:00,-0.5116981500000243,L,2025,False
EURUSD,none,fixed,2025-06-24 10:24:00-04:00,1.6566912499999757,L,2025,False
EURUSD,d1_roc20,fixed,2025-06-24 10:24:00-04:00,1.6566912499999757,L,2025,False
EURUSD,w1_dow_nocounter,fixed,2025-06-24 10:24:00-04:00,1.6566912499999757,L,2025,False
EURUSD,none,trail,2025-06-24 10:24:00-04:00,-0.5116981500000243,L,2025,False
EURUSD,h4_ma_nocounter,trail,2025-06-24 10:24:00-04:00,-0.5116981500000243,L,2025,False
EURUSD,w1_dow_strict,fixed,2025-06-24 10:24:00-04:00,1.6566912499999757,L,2025,False
EURUSD,d1_adx_lt25,fixed,2025-06-24 10:24:00-04:00,1.6566912499999757,L,2025,False
EURUSD,w1_dow_strict,trail,2025-06-24 10:24:00-04:00,-0.5116981500000243,L,2025,False
EURUSD,d1roc_h4ma,fixed,2025-06-24 10:24:00-04:00,1.6566912499999757,L,2025,False
EURUSD,h4_ma_nocounter,fixed,2025-06-24 10:24:00-04:00,1.6566912499999757,L,2025,False
EURUSD,d1_adx_lt25,trail,2025-06-24 10:24:00-04:00,-0.5116981500000243,L,2025,False
EURUSD,d1_roc20,trail,2025-06-24 10:24:00-04:00,-0.5116981500000243,L,2025,False
AUDUSD,d1roc_h4ma,trail,2025-06-26 10:16:00-04:00,-0.299360449999996,L,2025,False
AUDUSD,d1_adx_lt25,trail,2025-06-26 10:16:00-04:00,-0.299360449999996,L,2025,False
AUDUSD,w1_dow_nocounter,trail,2025-06-26 10:16:00-04:00,-0.299360449999996,L,2025,False
AUDUSD,w1_dow_nocounter,fixed,2025-06-26 10:16:00-04:00,-1.0249765500000012,L,2025,False
AUDUSD,d1_roc20,trail,2025-06-26 10:16:00-04:00,-0.299360449999996,L,2025,False
AUDUSD,none,fixed,2025-06-26 10:16:00-04:00,-1.0249765500000012,L,2025,False
AUDUSD,h4_ma_nocounter,trail,2025-06-26 10:16:00-04:00,-0.299360449999996,L,2025,False
AUDUSD,h4_ma_nocounter,fixed,2025-06-26 10:16:00-04:00,-1.0249765500000012,L,2025,False
AUDUSD,d1_adx_lt25,fixed,2025-06-26 10:16:00-04:00,-1.0249765500000012,L,2025,False
AUDUSD,none,trail,2025-06-26 10:16:00-04:00,-0.299360449999996,L,2025,False
AUDUSD,d1_roc20,fixed,2025-06-26 10:16:00-04:00,-1.0249765500000012,L,2025,False
AUDUSD,d1roc_h4ma,fixed,2025-06-26 10:16:00-04:00,-1.0249765500000012,L,2025,False
USDJPY,none,trail,2025-07-01 07:42:00-04:00,-1.0033050000000012,S,2025,False
USDJPY,w1_dow_nocounter,trail,2025-07-01 07:42:00-04:00,-1.0033050000000012,S,2025,False
USDJPY,d1_adx_lt25,fixed,2025-07-01 07:42:00-04:00,-1.0033050000000012,S,2025,False
USDJPY,h4_ma_nocounter,trail,2025-07-01 07:42:00-04:00,-1.0033050000000012,S,2025,False
USDJPY,d1_adx_lt25,trail,2025-07-01 07:42:00-04:00,-1.0033050000000012,S,2025,False
USDJPY,h4_ma_nocounter,fixed,2025-07-01 07:42:00-04:00,-1.0033050000000012,S,2025,False
USDJPY,none,fixed,2025-07-01 07:42:00-04:00,-1.0033050000000012,S,2025,False
USDJPY,w1_dow_nocounter,fixed,2025-07-01 07:42:00-04:00,-1.0033050000000012,S,2025,False
GBPUSD,d1_adx_lt25,fixed,2025-07-08 09:10:00-04:00,-1.025384999999999,S,2025,False
GBPUSD,d1_adx_lt25,trail,2025-07-08 09:10:00-04:00,-0.6519686000000199,S,2025,False
GBPUSD,none,fixed,2025-07-08 09:10:00-04:00,-1.025384999999999,S,2025,False
GBPUSD,none,trail,2025-07-08 09:10:00-04:00,-0.6519686000000199,S,2025,False
GBPUSD,h4_ma_nocounter,fixed,2025-07-08 09:10:00-04:00,-1.025384999999999,S,2025,False
GBPUSD,w1_dow_nocounter,fixed,2025-07-08 09:10:00-04:00,-1.025384999999999,S,2025,False
GBPUSD,w1_dow_nocounter,trail,2025-07-08 09:10:00-04:00,-0.6519686000000199,S,2025,False
GBPUSD,h4_ma_nocounter,trail,2025-07-08 09:10:00-04:00,-0.6519686000000199,S,2025,False
SP500,d1_adx_ge20,fixed,2025-07-10 13:54:00-04:00,-0.8733999999999988,L,2025,False
SP500,d1_adx_lt25,fixed,2025-07-10 13:54:00-04:00,-0.8733999999999988,L,2025,False
SP500,none,fixed,2025-07-10 13:54:00-04:00,-0.8733999999999988,L,2025,False
SP500,w1_dow_nocounter,trail,2025-07-10 13:54:00-04:00,-0.8730999999999923,L,2025,False
SP500,d1_adx_ge20,trail,2025-07-10 13:54:00-04:00,-0.8730999999999923,L,2025,False
SP500,none,trail,2025-07-10 13:54:00-04:00,-0.8730999999999923,L,2025,False
SP500,d1_roc20,fixed,2025-07-10 13:54:00-04:00,-0.8733999999999988,L,2025,False
SP500,d1_roc20,trail,2025-07-10 13:54:00-04:00,-0.8730999999999923,L,2025,False
SP500,d1roc_h4ma,fixed,2025-07-10 13:54:00-04:00,-0.8733999999999988,L,2025,False
SP500,h4_ma_nocounter,fixed,2025-07-10 13:54:00-04:00,-0.8733999999999988,L,2025,False
SP500,d1roc_h4ma,trail,2025-07-10 13:54:00-04:00,-0.8730999999999923,L,2025,False
SP500,d1_adx_lt25,trail,2025-07-10 13:54:00-04:00,-0.8730999999999923,L,2025,False
SP500,w1_dow_nocounter,fixed,2025-07-10 13:54:00-04:00,-0.8733999999999988,L,2025,False
SP500,h4_ma_aligned,trail,2025-07-10 13:54:00-04:00,-0.8730999999999923,L,2025,False
SP500,h4_ma_nocounter,trail,2025-07-10 13:54:00-04:00,-0.8730999999999923,L,2025,False
SP500,h4_ma_aligned,fixed,2025-07-10 13:54:00-04:00,-0.8733999999999988,L,2025,False
AUDUSD,none,fixed,2025-07-10 16:01:00-04:00,-1.0260463999999985,L,2025,False
AUDUSD,h4_ma_nocounter,trail,2025-07-10 16:01:00-04:00,-1.0260463999999985,L,2025,False
AUDUSD,d1_adx_lt25,trail,2025-07-10 16:01:00-04:00,-1.0260463999999985,L,2025,False
AUDUSD,d1roc_h4ma,fixed,2025-07-10 16:01:00-04:00,-1.0260463999999985,L,2025,False
AUDUSD,d1_roc20,fixed,2025-07-10 16:01:00-04:00,-1.0260463999999985,L,2025,False
AUDUSD,d1_roc20,trail,2025-07-10 16:01:00-04:00,-1.0260463999999985,L,2025,False
AUDUSD,w1_dow_nocounter,fixed,2025-07-10 16:01:00-04:00,-1.0260463999999985,L,2025,False
AUDUSD,none,trail,2025-07-10 16:01:00-04:00,-1.0260463999999985,L,2025,False
AUDUSD,w1_dow_nocounter,trail,2025-07-10 16:01:00-04:00,-1.0260463999999985,L,2025,False
AUDUSD,d1_adx_lt25,fixed,2025-07-10 16:01:00-04:00,-1.0260463999999985,L,2025,False
AUDUSD,d1roc_h4ma,trail,2025-07-10 16:01:00-04:00,-1.0260463999999985,L,2025,False
AUDUSD,h4_ma_nocounter,fixed,2025-07-10 16:01:00-04:00,-1.0260463999999985,L,2025,False
USDJPY,h4_ma_nocounter,trail,2025-07-15 08:38:00-04:00,1.2314799999999686,L,2025,False
USDJPY,d1_adx_lt25,fixed,2025-07-15 08:38:00-04:00,1.659029999999976,L,2025,False
USDJPY,w1_dow_nocounter,fixed,2025-07-15 08:38:00-04:00,1.659029999999976,L,2025,False
USDJPY,w1_dow_nocounter,trail,2025-07-15 08:38:00-04:00,1.2314799999999686,L,2025,False
USDJPY,d1roc_h4ma,fixed,2025-07-15 08:38:00-04:00,1.659029999999976,L,2025,False
USDJPY,none,fixed,2025-07-15 08:38:00-04:00,1.659029999999976,L,2025,False
USDJPY,none,trail,2025-07-15 08:38:00-04:00,1.2314799999999686,L,2025,False
USDJPY,h4_ma_aligned,trail,2025-07-15 08:38:00-04:00,1.2314799999999686,L,2025,False
USDJPY,d1roc_h4ma,trail,2025-07-15 08:38:00-04:00,1.2314799999999686,L,2025,False
USDJPY,d1_adx_lt25,trail,2025-07-15 08:38:00-04:00,1.2314799999999686,L,2025,False
USDJPY,h4_ma_nocounter,fixed,2025-07-15 08:38:00-04:00,1.659029999999976,L,2025,False
USDJPY,d1_roc20,trail,2025-07-15 08:38:00-04:00,1.2314799999999686,L,2025,False
USDJPY,h4_ma_aligned,fixed,2025-07-15 08:38:00-04:00,1.659029999999976,L,2025,False
USDJPY,d1_roc20,fixed,2025-07-15 08:38:00-04:00,1.659029999999976,L,2025,False
USDCHF,d1_adx_ge20,fixed,2025-07-15 10:00:00-04:00,1.5966437499999848,L,2025,False
USDCHF,none,fixed,2025-07-15 10:00:00-04:00,1.5966437499999848,L,2025,False
USDCHF,none,trail,2025-07-15 10:00:00-04:00,0.29399949999998665,L,2025,False
USDCHF,h4_ma_nocounter,fixed,2025-07-15 10:00:00-04:00,1.5966437499999848,L,2025,False
USDCHF,h4_ma_nocounter,trail,2025-07-15 10:00:00-04:00,0.29399949999998665,L,2025,False
USDCHF,d1_adx_ge20,trail,2025-07-15 10:00:00-04:00,0.29399949999998665,L,2025,False
AUDUSD,none,trail,2025-07-16 22:05:00-04:00,-1.0233965999999823,S,2025,False
AUDUSD,d1_adx_lt25,trail,2025-07-16 22:05:00-04:00,-1.0233965999999823,S,2025,False
AUDUSD,w1_dow_nocounter,trail,2025-07-16 22:05:00-04:00,-1.0233965999999823,S,2025,False
AUDUSD,d1_adx_lt25,fixed,2025-07-16 22:05:00-04:00,-1.0233965999999823,S,2025,False
AUDUSD,w1_dow_nocounter,fixed,2025-07-16 22:05:00-04:00,-1.0233965999999823,S,2025,False
AUDUSD,none,fixed,2025-07-16 22:05:00-04:00,-1.0233965999999823,S,2025,False
EURUSD,w1_dow_nocounter,trail,2025-07-22 10:54:00-04:00,0.9960082500000109,L,2025,False
EURUSD,d1_adx_lt25,trail,2025-07-22 10:54:00-04:00,0.9960082500000109,L,2025,False
EURUSD,w1_dow_nocounter,fixed,2025-07-22 10:54:00-04:00,1.6560124500000049,L,2025,False
EURUSD,d1_roc20,trail,2025-07-22 10:54:00-04:00,0.9960082500000109,L,2025,False
EURUSD,none,fixed,2025-07-22 10:54:00-04:00,1.6560124500000049,L,2025,False
EURUSD,d1_adx_lt25,fixed,2025-07-22 10:54:00-04:00,1.6560124500000049,L,2025,False
EURUSD,none,trail,2025-07-22 10:54:00-04:00,0.9960082500000109,L,2025,False
EURUSD,d1_roc20,fixed,2025-07-22 10:54:00-04:00,1.6560124500000049,L,2025,False
EURUSD,w1_dow_strict,fixed,2025-07-22 10:54:00-04:00,1.6560124500000049,L,2025,False
EURUSD,w1_dow_strict,trail,2025-07-22 10:54:00-04:00,0.9960082500000109,L,2025,False
USDCHF,d1_roc20,trail,2025-07-22 11:10:00-04:00,0.02326150000000606,S,2025,False
USDCHF,w1_dow_nocounter,fixed,2025-07-22 11:10:00-04:00,-1.0576617500000094,S,2025,False
USDCHF,w1_dow_nocounter,trail,2025-07-22 11:10:00-04:00,0.02326150000000606,S,2025,False
USDCHF,d1_roc20,fixed,2025-07-22 11:10:00-04:00,-1.0576617500000094,S,2025,False
USDCHF,d1_adx_lt25,trail,2025-07-22 11:10:00-04:00,0.02326150000000606,S,2025,False
USDCHF,none,fixed,2025-07-22 11:10:00-04:00,-1.0576617500000094,S,2025,False
USDCHF,d1_adx_ge20,fixed,2025-07-22 11:10:00-04:00,-1.0576617500000094,S,2025,False
USDCHF,d1_adx_ge20,trail,2025-07-22 11:10:00-04:00,0.02326150000000606,S,2025,False
USDCHF,d1_adx_lt25,fixed,2025-07-22 11:10:00-04:00,-1.0576617500000094,S,2025,False
USDCHF,w1_dow_strict,trail,2025-07-22 11:10:00-04:00,0.02326150000000606,S,2025,False
USDCHF,none,trail,2025-07-22 11:10:00-04:00,0.02326150000000606,S,2025,False
USDCHF,w1_dow_strict,fixed,2025-07-22 11:10:00-04:00,-1.0576617500000094,S,2025,False
AUDUSD,w1_dow_nocounter,fixed,2025-07-23 07:40:00-04:00,-1.0311133999999873,L,2025,False
AUDUSD,d1_roc20,fixed,2025-07-23 07:40:00-04:00,-1.0311133999999873,L,2025,False
AUDUSD,d1_adx_lt25,trail,2025-07-23 07:40:00-04:00,-0.005621699999994729,L,2025,False
AUDUSD,w1_dow_nocounter,trail,2025-07-23 07:40:00-04:00,-0.005621699999994729,L,2025,False
AUDUSD,none,trail,2025-07-23 07:40:00-04:00,-0.005621699999994729,L,2025,False
AUDUSD,none,fixed,2025-07-23 07:40:00-04:00,-1.0311133999999873,L,2025,False
AUDUSD,d1_adx_lt25,fixed,2025-07-23 07:40:00-04:00,-1.0311133999999873,L,2025,False
AUDUSD,d1_roc20,trail,2025-07-23 07:40:00-04:00,-0.005621699999994729,L,2025,False
GBPUSD,d1roc_h4ma,fixed,2025-07-28 13:42:00-04:00,1.638851349999997,S,2025,False
GBPUSD,h4_ma_nocounter,fixed,2025-07-28 13:42:00-04:00,1.638851349999997,S,2025,False
GBPUSD,h4_ma_nocounter,trail,2025-07-28 13:42:00-04:00,0.04732214999999623,S,2025,False
GBPUSD,d1_roc20,trail,2025-07-28 13:42:00-04:00,0.04732214999999623,S,2025,False
GBPUSD,d1_roc20,fixed,2025-07-28 13:42:00-04:00,1.638851349999997,S,2025,False
GBPUSD,none,fixed,2025-07-28 13:42:00-04:00,1.638851349999997,S,2025,False
GBPUSD,d1roc_h4ma,trail,2025-07-28 13:42:00-04:00,0.04732214999999623,S,2025,False
GBPUSD,d1_adx_lt25,trail,2025-07-28 13:42:00-04:00,0.04732214999999623,S,2025,False
GBPUSD,w1_dow_nocounter,fixed,2025-07-28 13:42:00-04:00,1.638851349999997,S,2025,False
GBPUSD,w1_dow_nocounter,trail,2025-07-28 13:42:00-04:00,0.04732214999999623,S,2025,False
GBPUSD,d1_adx_lt25,fixed,2025-07-28 13:42:00-04:00,1.638851349999997,S,2025,False
GBPUSD,none,trail,2025-07-28 13:42:00-04:00,0.04732214999999623,S,2025,False
EURUSD,d1_adx_lt25,trail,2025-07-29 02:34:00-04:00,-0.08718629999998234,S,2025,False
EURUSD,d1roc_h4ma,fixed,2025-07-29 02:34:00-04:00,1.6523174500000315,S,2025,False
EURUSD,none,fixed,2025-07-29 02:34:00-04:00,1.6523174500000315,S,2025,False
EURUSD,h4_ma_nocounter,fixed,2025-07-29 02:34:00-04:00,1.6523174500000315,S,2025,False
EURUSD,none,trail,2025-07-29 02:34:00-04:00,-0.08718629999998234,S,2025,False
EURUSD,h4_ma_nocounter,trail,2025-07-29 02:34:00-04:00,-0.08718629999998234,S,2025,False
EURUSD,d1roc_h4ma,trail,2025-07-29 02:34:00-04:00,-0.08718629999998234,S,2025,False
EURUSD,d1_roc20,fixed,2025-07-29 02:34:00-04:00,1.6523174500000315,S,2025,False
EURUSD,d1_adx_lt25,fixed,2025-07-29 02:34:00-04:00,1.6523174500000315,S,2025,False
EURUSD,d1_roc20,trail,2025-07-29 02:34:00-04:00,-0.08718629999998234,S,2025,False
USDCHF,d1_roc20,trail,2025-07-29 02:57:00-04:00,1.5363817499999919,L,2025,False
USDCHF,none,trail,2025-07-29 02:57:00-04:00,1.5363817499999919,L,2025,False
USDCHF,d1roc_h4ma,fixed,2025-07-29 02:57:00-04:00,1.613802799999991,L,2025,False
USDCHF,d1_adx_lt25,fixed,2025-07-29 02:57:00-04:00,1.613802799999991,L,2025,False
USDCHF,d1_adx_ge20,trail,2025-07-29 02:57:00-04:00,1.5363817499999919,L,2025,False
USDCHF,d1_adx_ge20,fixed,2025-07-29 02:57:00-04:00,1.613802799999991,L,2025,False
USDCHF,h4_ma_nocounter,fixed,2025-07-29 02:57:00-04:00,1.613802799999991,L,2025,False
USDCHF,d1_adx_lt25,trail,2025-07-29 02:57:00-04:00,1.5363817499999919,L,2025,False
USDCHF,h4_ma_nocounter,trail,2025-07-29 02:57:00-04:00,1.5363817499999919,L,2025,False
USDCHF,d1_roc20,fixed,2025-07-29 02:57:00-04:00,1.613802799999991,L,2025,False
USDCHF,none,fixed,2025-07-29 02:57:00-04:00,1.613802799999991,L,2025,False
USDCHF,d1roc_h4ma,trail,2025-07-29 02:57:00-04:00,1.5363817499999919,L,2025,False
AUDUSD,none,fixed,2025-07-30 09:30:00-04:00,-1.0261123500000144,S,2025,False
AUDUSD,d1_adx_lt25,trail,2025-07-30 09:30:00-04:00,-0.5587945999999967,S,2025,False
AUDUSD,d1_roc20,trail,2025-07-30 09:30:00-04:00,-0.5587945999999967,S,2025,False
AUDUSD,w1_dow_nocounter,fixed,2025-07-30 09:30:00-04:00,-1.0261123500000144,S,2025,False
AUDUSD,h4_ma_nocounter,trail,2025-07-30 09:30:00-04:00,-0.5587945999999967,S,2025,False
AUDUSD,none,trail,2025-07-30 09:30:00-04:00,-0.5587945999999967,S,2025,False
AUDUSD,w1_dow_nocounter,trail,2025-07-30 09:30:00-04:00,-0.5587945999999967,S,2025,False
AUDUSD,d1_adx_lt25,fixed,2025-07-30 09:30:00-04:00,-1.0261123500000144,S,2025,False
AUDUSD,h4_ma_nocounter,fixed,2025-07-30 09:30:00-04:00,-1.0261123500000144,S,2025,False
AUDUSD,d1roc_h4ma,trail,2025-07-30 09:30:00-04:00,-0.5587945999999967,S,2025,False
AUDUSD,d1_roc20,fixed,2025-07-30 09:30:00-04:00,-1.0261123500000144,S,2025,False
AUDUSD,d1roc_h4ma,fixed,2025-07-30 09:30:00-04:00,-1.0261123500000144,S,2025,False
USDJPY,h4_ma_nocounter,fixed,2025-07-30 14:48:00-04:00,1.6588999999999945,L,2025,False
USDJPY,h4_ma_aligned,trail,2025-07-30 14:48:00-04:00,-0.8684199999999983,L,2025,False
USDJPY,d1_adx_lt25,trail,2025-07-30 14:48:00-04:00,-0.8684199999999983,L,2025,False
USDJPY,d1roc_h4ma,trail,2025-07-30 14:48:00-04:00,-0.8684199999999983,L,2025,False
USDJPY,h4_ma_aligned,fixed,2025-07-30 14:48:00-04:00,1.6588999999999945,L,2025,False
USDJPY,d1_adx_lt25,fixed,2025-07-30 14:48:00-04:00,1.6588999999999945,L,2025,False
USDJPY,d1roc_h4ma,fixed,2025-07-30 14:48:00-04:00,1.6588999999999945,L,2025,False
USDJPY,h4_ma_nocounter,trail,2025-07-30 14:48:00-04:00,-0.8684199999999983,L,2025,False
USDJPY,none,trail,2025-07-30 14:48:00-04:00,-0.8684199999999983,L,2025,False
USDJPY,w1_dow_nocounter,fixed,2025-07-30 14:48:00-04:00,1.6588999999999945,L,2025,False
USDJPY,d1_roc20,fixed,2025-07-30 14:48:00-04:00,1.6588999999999945,L,2025,False
USDJPY,d1_roc20,trail,2025-07-30 14:48:00-04:00,-0.8684199999999983,L,2025,False
USDJPY,w1_dow_strict,fixed,2025-07-30 14:48:00-04:00,1.6588999999999945,L,2025,False
USDJPY,none,fixed,2025-07-30 14:48:00-04:00,1.6588999999999945,L,2025,False
USDJPY,w1_dow_strict,trail,2025-07-30 14:48:00-04:00,-0.8684199999999983,L,2025,False
USDJPY,w1_dow_nocounter,trail,2025-07-30 14:48:00-04:00,-0.8684199999999983,L,2025,False
SP500,w1_dow_nocounter,fixed,2025-08-01 14:09:00-04:00,-0.7856999999999924,S,2025,False
SP500,none,trail,2025-08-01 14:09:00-04:00,-0.7856999999999924,S,2025,False
SP500,w1_dow_nocounter,trail,2025-08-01 14:09:00-04:00,-0.7856999999999924,S,2025,False
SP500,d1_adx_ge20,trail,2025-08-01 14:09:00-04:00,-0.7856999999999924,S,2025,False
SP500,h4_ma_nocounter,trail,2025-08-01 14:09:00-04:00,-0.7856999999999924,S,2025,False
SP500,none,fixed,2025-08-01 14:09:00-04:00,-0.7856999999999924,S,2025,False
SP500,d1_adx_ge20,fixed,2025-08-01 14:09:00-04:00,-0.7856999999999924,S,2025,False
SP500,h4_ma_nocounter,fixed,2025-08-01 14:09:00-04:00,-0.7856999999999924,S,2025,False
SP500,d1_roc20,trail,2025-08-12 15:51:00-04:00,0.20794999999999092,L,2025,False
SP500,d1_adx_lt25,trail,2025-08-12 15:51:00-04:00,0.20794999999999092,L,2025,False
SP500,w1_dow_nocounter,fixed,2025-08-12 15:51:00-04:00,-0.9972500000000101,L,2025,False
SP500,none,fixed,2025-08-12 15:51:00-04:00,-0.9972500000000101,L,2025,False
SP500,h4_ma_nocounter,fixed,2025-08-12 15:51:00-04:00,-0.9972500000000101,L,2025,False
SP500,d1_adx_lt25,fixed,2025-08-12 15:51:00-04:00,-0.9972500000000101,L,2025,False
SP500,d1roc_h4ma,fixed,2025-08-12 15:51:00-04:00,-0.9972500000000101,L,2025,False
SP500,none,trail,2025-08-12 15:51:00-04:00,0.20794999999999092,L,2025,False
SP500,w1_dow_nocounter,trail,2025-08-12 15:51:00-04:00,0.20794999999999092,L,2025,False
SP500,d1_adx_ge20,fixed,2025-08-12 15:51:00-04:00,-0.9972500000000101,L,2025,False
SP500,h4_ma_nocounter,trail,2025-08-12 15:51:00-04:00,0.20794999999999092,L,2025,False
SP500,d1_roc20,fixed,2025-08-12 15:51:00-04:00,-0.9972500000000101,L,2025,False
SP500,d1roc_h4ma,trail,2025-08-12 15:51:00-04:00,0.20794999999999092,L,2025,False
SP500,d1_adx_ge20,trail,2025-08-12 15:51:00-04:00,0.20794999999999092,L,2025,False
AUDUSD,d1_adx_lt25,trail,2025-08-13 02:39:00-04:00,-0.11159190000000618,L,2025,False
AUDUSD,w1_dow_nocounter,trail,2025-08-13 02:39:00-04:00,-0.11159190000000618,L,2025,False
AUDUSD,d1_roc20,trail,2025-08-13 02:39:00-04:00,-0.11159190000000618,L,2025,False
AUDUSD,h4_ma_nocounter,fixed,2025-08-13 02:39:00-04:00,-1.029051249999989,L,2025,False
AUDUSD,d1_roc20,fixed,2025-08-13 02:39:00-04:00,-1.029051249999989,L,2025,False
AUDUSD,w1_dow_nocounter,fixed,2025-08-13 02:39:00-04:00,-1.029051249999989,L,2025,False
AUDUSD,d1roc_h4ma,trail,2025-08-13 02:39:00-04:00,-0.11159190000000618,L,2025,False
AUDUSD,h4_ma_nocounter,trail,2025-08-13 02:39:00-04:00,-0.11159190000000618,L,2025,False
AUDUSD,d1roc_h4ma,fixed,2025-08-13 02:39:00-04:00,-1.029051249999989,L,2025,False
AUDUSD,none,fixed,2025-08-13 02:39:00-04:00,-1.029051249999989,L,2025,False
AUDUSD,d1_adx_lt25,fixed,2025-08-13 02:39:00-04:00,-1.029051249999989,L,2025,False
AUDUSD,none,trail,2025-08-13 02:39:00-04:00,-0.11159190000000618,L,2025,False
EURUSD,w1_dow_strict,fixed,2025-08-13 03:09:00-04:00,-1.0127852000000024,L,2025,False
EURUSD,w1_dow_strict,trail,2025-08-13 03:09:00-04:00,-0.14646425000000574,L,2025,False
EURUSD,none,fixed,2025-08-13 03:09:00-04:00,-1.0127852000000024,L,2025,False
EURUSD,d1_adx_lt25,fixed,2025-08-13 03:09:00-04:00,-1.0127852000000024,L,2025,False
EURUSD,d1roc_h4ma,fixed,2025-08-13 03:09:00-04:00,-1.0127852000000024,L,2025,False
EURUSD,h4_ma_nocounter,trail,2025-08-13 03:09:00-04:00,-0.14646425000000574,L,2025,False
EURUSD,d1_roc20,trail,2025-08-13 03:09:00-04:00,-0.14646425000000574,L,2025,False
EURUSD,w1_dow_nocounter,fixed,2025-08-13 03:09:00-04:00,-1.0127852000000024,L,2025,False
EURUSD,d1roc_h4ma,trail,2025-08-13 03:09:00-04:00,-0.14646425000000574,L,2025,False
EURUSD,h4_ma_nocounter,fixed,2025-08-13 03:09:00-04:00,-1.0127852000000024,L,2025,False
EURUSD,w1_dow_nocounter,trail,2025-08-13 03:09:00-04:00,-0.14646425000000574,L,2025,False
EURUSD,d1_adx_lt25,trail,2025-08-13 03:09:00-04:00,-0.14646425000000574,L,2025,False
EURUSD,d1_roc20,fixed,2025-08-13 03:09:00-04:00,-1.0127852000000024,L,2025,False
EURUSD,none,trail,2025-08-13 03:09:00-04:00,-0.14646425000000574,L,2025,False
USDCHF,w1_dow_strict,trail,2025-08-13 03:30:00-04:00,-0.5533172499999889,S,2025,False
USDCHF,d1_adx_lt25,trail,2025-08-13 03:30:00-04:00,-0.5533172499999889,S,2025,False
USDCHF,d1_adx_lt25,fixed,2025-08-13 03:30:00-04:00,-1.056635649999984,S,2025,False
USDCHF,none,trail,2025-08-13 03:30:00-04:00,-0.5533172499999889,S,2025,False
USDCHF,w1_dow_nocounter,trail,2025-08-13 03:30:00-04:00,-0.5533172499999889,S,2025,False
USDCHF,w1_dow_strict,fixed,2025-08-13 03:30:00-04:00,-1.056635649999984,S,2025,False
USDCHF,w1_dow_nocounter,fixed,2025-08-13 03:30:00-04:00,-1.056635649999984,S,2025,False
USDCHF,none,fixed,2025-08-13 03:30:00-04:00,-1.056635649999984,S,2025,False
USDJPY,d1roc_h4ma,fixed,2025-08-13 20:56:00-04:00,-1.0057200000000064,S,2025,False
USDJPY,h4_ma_nocounter,fixed,2025-08-13 20:56:00-04:00,-1.0057200000000064,S,2025,False
USDJPY,d1roc_h4ma,trail,2025-08-13 20:56:00-04:00,-1.0057200000000064,S,2025,False
USDJPY,d1_roc20,trail,2025-08-13 20:56:00-04:00,-1.0057200000000064,S,2025,False
USDJPY,h4_ma_nocounter,trail,2025-08-13 20:56:00-04:00,-1.0057200000000064,S,2025,False
USDJPY,d1_adx_lt25,trail,2025-08-13 20:56:00-04:00,-1.0057200000000064,S,2025,False
USDJPY,d1_roc20,fixed,2025-08-13 20:56:00-04:00,-1.0057200000000064,S,2025,False
USDJPY,none,fixed,2025-08-13 20:56:00-04:00,-1.0057200000000064,S,2025,False
USDJPY,d1_adx_lt25,fixed,2025-08-13 20:56:00-04:00,-1.0057200000000064,S,2025,False
USDJPY,none,trail,2025-08-13 20:56:00-04:00,-1.0057200000000064,S,2025,False
GBPUSD,none,fixed,2025-08-13 21:01:00-04:00,-1.0311366999999942,L,2025,False
GBPUSD,d1roc_h4ma,fixed,2025-08-13 21:01:00-04:00,-1.0311366999999942,L,2025,False
GBPUSD,d1_adx_ge20,fixed,2025-08-13 21:01:00-04:00,-1.0311366999999942,L,2025,False
GBPUSD,d1_adx_ge20,trail,2025-08-13 21:01:00-04:00,-1.0311366999999942,L,2025,False
GBPUSD,w1_dow_nocounter,trail,2025-08-13 21:01:00-04:00,-1.0311366999999942,L,2025,False
GBPUSD,d1_roc20,trail,2025-08-13 21:01:00-04:00,-1.0311366999999942,L,2025,False
GBPUSD,d1_adx_lt25,trail,2025-08-13 21:01:00-04:00,-1.0311366999999942,L,2025,False
GBPUSD,h4_ma_nocounter,trail,2025-08-13 21:01:00-04:00,-1.0311366999999942,L,2025,False
GBPUSD,d1_adx_lt25,fixed,2025-08-13 21:01:00-04:00,-1.0311366999999942,L,2025,False
GBPUSD,w1_dow_nocounter,fixed,2025-08-13 21:01:00-04:00,-1.0311366999999942,L,2025,False
GBPUSD,none,trail,2025-08-13 21:01:00-04:00,-1.0311366999999942,L,2025,False
GBPUSD,d1_roc20,fixed,2025-08-13 21:01:00-04:00,-1.0311366999999942,L,2025,False
GBPUSD,d1roc_h4ma,trail,2025-08-13 21:01:00-04:00,-1.0311366999999942,L,2025,False
GBPUSD,h4_ma_nocounter,fixed,2025-08-13 21:01:00-04:00,-1.0311366999999942,L,2025,False
AUDUSD,d1_adx_lt25,trail,2025-08-18 11:10:00-04:00,2.1984013499999664,S,2025,False
AUDUSD,w1_dow_nocounter,fixed,2025-08-18 11:10:00-04:00,1.6315534999999715,S,2025,False
AUDUSD,none,fixed,2025-08-18 11:10:00-04:00,1.6315534999999715,S,2025,False
AUDUSD,w1_dow_nocounter,trail,2025-08-18 11:10:00-04:00,2.1984013499999664,S,2025,False
AUDUSD,none,trail,2025-08-18 11:10:00-04:00,2.1984013499999664,S,2025,False
AUDUSD,d1_adx_lt25,fixed,2025-08-18 11:10:00-04:00,1.6315534999999715,S,2025,False
USDJPY,w1_dow_strict,fixed,2025-08-21 21:16:00-04:00,-1.0055050000000125,L,2025,False
USDJPY,none,trail,2025-08-21 21:16:00-04:00,-0.1973949999999988,L,2025,False
USDJPY,none,fixed,2025-08-21 21:16:00-04:00,-1.0055050000000125,L,2025,False
USDJPY,d1_roc20,trail,2025-08-21 21:16:00-04:00,-0.1973949999999988,L,2025,False
USDJPY,w1_dow_nocounter,fixed,2025-08-21 21:16:00-04:00,-1.0055050000000125,L,2025,False
USDJPY,h4_ma_nocounter,trail,2025-08-21 21:16:00-04:00,-0.1973949999999988,L,2025,False
USDJPY,d1_adx_lt25,fixed,2025-08-21 21:16:00-04:00,-1.0055050000000125,L,2025,False
USDJPY,w1_dow_nocounter,trail,2025-08-21 21:16:00-04:00,-0.1973949999999988,L,2025,False
USDJPY,d1_roc20,fixed,2025-08-21 21:16:00-04:00,-1.0055050000000125,L,2025,False
USDJPY,d1roc_h4ma,trail,2025-08-21 21:16:00-04:00,-0.1973949999999988,L,2025,False
USDJPY,d1_adx_lt25,trail,2025-08-21 21:16:00-04:00,-0.1973949999999988,L,2025,False
USDJPY,h4_ma_nocounter,fixed,2025-08-21 21:16:00-04:00,-1.0055050000000125,L,2025,False
USDJPY,d1roc_h4ma,fixed,2025-08-21 21:16:00-04:00,-1.0055050000000125,L,2025,False
USDJPY,w1_dow_strict,trail,2025-08-21 21:16:00-04:00,-0.1973949999999988,L,2025,False
EURUSD,d1_adx_lt25,fixed,2025-08-21 23:57:00-04:00,-1.0154685000000203,S,2025,False
EURUSD,h4_ma_nocounter,fixed,2025-08-21 23:57:00-04:00,-1.0154685000000203,S,2025,False
EURUSD,d1roc_h4ma,trail,2025-08-21 23:57:00-04:00,-0.763363499999986,S,2025,False
EURUSD,d1_roc20,trail,2025-08-21 23:57:00-04:00,-0.763363499999986,S,2025,False
EURUSD,h4_ma_nocounter,trail,2025-08-21 23:57:00-04:00,-0.763363499999986,S,2025,False
EURUSD,none,trail,2025-08-21 23:57:00-04:00,-0.763363499999986,S,2025,False
EURUSD,none,fixed,2025-08-21 23:57:00-04:00,-1.0154685000000203,S,2025,False
EURUSD,d1roc_h4ma,fixed,2025-08-21 23:57:00-04:00,-1.0154685000000203,S,2025,False
EURUSD,d1_roc20,fixed,2025-08-21 23:57:00-04:00,-1.0154685000000203,S,2025,False
EURUSD,d1_adx_lt25,trail,2025-08-21 23:57:00-04:00,-0.763363499999986,S,2025,False
USDCHF,h4_ma_nocounter,trail,2025-08-22 10:18:00-04:00,-0.5775236000000309,S,2025,False
USDCHF,d1_adx_lt25,fixed,2025-08-22 10:18:00-04:00,-1.0677700500000205,S,2025,False
USDCHF,none,fixed,2025-08-22 10:18:00-04:00,-1.0677700500000205,S,2025,False
USDCHF,w1_dow_nocounter,fixed,2025-08-22 10:18:00-04:00,-1.0677700500000205,S,2025,False
USDCHF,none,trail,2025-08-22 10:18:00-04:00,-0.5775236000000309,S,2025,False
USDCHF,d1_adx_lt25,trail,2025-08-22 10:18:00-04:00,-0.5775236000000309,S,2025,False
USDCHF,w1_dow_strict,trail,2025-08-22 10:18:00-04:00,-0.5775236000000309,S,2025,False
USDCHF,w1_dow_strict,fixed,2025-08-22 10:18:00-04:00,-1.0677700500000205,S,2025,False
USDCHF,h4_ma_nocounter,fixed,2025-08-22 10:18:00-04:00,-1.0677700500000205,S,2025,False
USDCHF,w1_dow_nocounter,trail,2025-08-22 10:18:00-04:00,-0.5775236000000309,S,2025,False
EURUSD,h4_ma_nocounter,fixed,2025-08-22 11:27:00-04:00,-1.0157884500000094,L,2025,False
EURUSD,d1_adx_lt25,fixed,2025-08-22 11:27:00-04:00,-1.0157884500000094,L,2025,False
EURUSD,w1_dow_nocounter,trail,2025-08-22 11:27:00-04:00,-1.0158340999999909,L,2025,False
EURUSD,w1_dow_nocounter,fixed,2025-08-22 11:27:00-04:00,-1.0157884500000094,L,2025,False
EURUSD,none,trail,2025-08-22 11:27:00-04:00,-1.0158340999999909,L,2025,False
EURUSD,w1_dow_strict,fixed,2025-08-22 11:27:00-04:00,-1.0157884500000094,L,2025,False
EURUSD,w1_dow_strict,trail,2025-08-22 11:27:00-04:00,-1.0158340999999909,L,2025,False
EURUSD,none,fixed,2025-08-22 11:27:00-04:00,-1.0157884500000094,L,2025,False
EURUSD,d1_adx_lt25,trail,2025-08-22 11:27:00-04:00,-1.0158340999999909,L,2025,False
EURUSD,h4_ma_nocounter,trail,2025-08-22 11:27:00-04:00,-1.0158340999999909,L,2025,False
EURUSD,none,fixed,2025-08-27 04:31:00-04:00,-1.0115641999999876,S,2025,False
EURUSD,h4_ma_nocounter,trail,2025-08-27 04:31:00-04:00,-1.0115641999999876,S,2025,False
EURUSD,h4_ma_nocounter,fixed,2025-08-27 04:31:00-04:00,-1.0115641999999876,S,2025,False
EURUSD,d1_adx_lt25,fixed,2025-08-27 04:31:00-04:00,-1.0115641999999876,S,2025,False
EURUSD,none,trail,2025-08-27 04:31:00-04:00,-1.0115641999999876,S,2025,False
EURUSD,d1_adx_lt25,trail,2025-08-27 04:31:00-04:00,-1.0115641999999876,S,2025,False
SP500,d1_adx_ge20,fixed,2025-08-27 13:58:00-04:00,-0.9345499999999961,L,2025,False
SP500,d1_adx_lt25,trail,2025-08-27 13:58:00-04:00,-0.8400500000000025,L,2025,False
SP500,h4_ma_nocounter,trail,2025-08-27 13:58:00-04:00,-0.8400500000000025,L,2025,False
SP500,w1_dow_nocounter,trail,2025-08-27 13:58:00-04:00,-0.8400500000000025,L,2025,False
SP500,h4_ma_aligned,trail,2025-08-27 13:58:00-04:00,-0.8400500000000025,L,2025,False
SP500,d1_roc20,fixed,2025-08-27 13:58:00-04:00,-0.9345499999999961,L,2025,False
SP500,d1roc_h4ma,trail,2025-08-27 13:58:00-04:00,-0.8400500000000025,L,2025,False
SP500,h4_ma_nocounter,fixed,2025-08-27 13:58:00-04:00,-0.9345499999999961,L,2025,False
SP500,none,trail,2025-08-27 13:58:00-04:00,-0.8400500000000025,L,2025,False
SP500,d1_adx_lt25,fixed,2025-08-27 13:58:00-04:00,-0.9345499999999961,L,2025,False
SP500,d1_adx_ge20,trail,2025-08-27 13:58:00-04:00,-0.8400500000000025,L,2025,False
SP500,w1_dow_nocounter,fixed,2025-08-27 13:58:00-04:00,-0.9345499999999961,L,2025,False
SP500,h4_ma_aligned,fixed,2025-08-27 13:58:00-04:00,-0.9345499999999961,L,2025,False
SP500,none,fixed,2025-08-27 13:58:00-04:00,-0.9345499999999961,L,2025,False
SP500,d1_roc20,trail,2025-08-27 13:58:00-04:00,-0.8400500000000025,L,2025,False
SP500,d1roc_h4ma,fixed,2025-08-27 13:58:00-04:00,-0.9345499999999961,L,2025,False
USDCHF,d1_adx_lt25,trail,2025-08-28 06:26:00-04:00,-0.7707613000000103,S,2025,False
USDCHF,h4_ma_nocounter,fixed,2025-08-28 06:26:00-04:00,-1.057455950000001,S,2025,False
USDCHF,d1_adx_lt25,fixed,2025-08-28 06:26:00-04:00,-1.057455950000001,S,2025,False
USDCHF,d1roc_h4ma,trail,2025-08-28 06:26:00-04:00,-0.7707613000000103,S,2025,False
USDCHF,w1_dow_strict,fixed,2025-08-28 06:26:00-04:00,-1.057455950000001,S,2025,False
USDCHF,d1_roc20,fixed,2025-08-28 06:26:00-04:00,-1.057455950000001,S,2025,False
USDCHF,w1_dow_nocounter,trail,2025-08-28 06:26:00-04:00,-0.7707613000000103,S,2025,False
USDCHF,w1_dow_strict,trail,2025-08-28 06:26:00-04:00,-0.7707613000000103,S,2025,False
USDCHF,w1_dow_nocounter,fixed,2025-08-28 06:26:00-04:00,-1.057455950000001,S,2025,False
USDCHF,none,trail,2025-08-28 06:26:00-04:00,-0.7707613000000103,S,2025,False
USDCHF,d1_roc20,trail,2025-08-28 06:26:00-04:00,-0.7707613000000103,S,2025,False
USDCHF,none,fixed,2025-08-28 06:26:00-04:00,-1.057455950000001,S,2025,False
USDCHF,d1roc_h4ma,fixed,2025-08-28 06:26:00-04:00,-1.057455950000001,S,2025,False
USDCHF,h4_ma_aligned,trail,2025-08-28 06:26:00-04:00,-0.7707613000000103,S,2025,False
USDCHF,h4_ma_nocounter,trail,2025-08-28 06:26:00-04:00,-0.7707613000000103,S,2025,False
USDCHF,h4_ma_aligned,fixed,2025-08-28 06:26:00-04:00,-1.057455950000001,S,2025,False
GBPUSD,w1_dow_nocounter,fixed,2025-09-01 09:14:00-04:00,-1.0343406500000107,L,2025,False
GBPUSD,h4_ma_aligned,trail,2025-09-01 09:14:00-04:00,-1.0343406500000107,L,2025,False
GBPUSD,none,trail,2025-09-01 09:14:00-04:00,-1.0343406500000107,L,2025,False
GBPUSD,w1_dow_nocounter,trail,2025-09-01 09:14:00-04:00,-1.0343406500000107,L,2025,False
GBPUSD,h4_ma_nocounter,trail,2025-09-01 09:14:00-04:00,-1.0343406500000107,L,2025,False
GBPUSD,d1_roc20,fixed,2025-09-01 09:14:00-04:00,-1.0343406500000107,L,2025,False
GBPUSD,d1roc_h4ma,fixed,2025-09-01 09:14:00-04:00,-1.0343406500000107,L,2025,False
GBPUSD,none,fixed,2025-09-01 09:14:00-04:00,-1.0343406500000107,L,2025,False
GBPUSD,d1_adx_lt25,trail,2025-09-01 09:14:00-04:00,-1.0343406500000107,L,2025,False
GBPUSD,d1_adx_lt25,fixed,2025-09-01 09:14:00-04:00,-1.0343406500000107,L,2025,False
GBPUSD,d1_roc20,trail,2025-09-01 09:14:00-04:00,-1.0343406500000107,L,2025,False
GBPUSD,h4_ma_nocounter,fixed,2025-09-01 09:14:00-04:00,-1.0343406500000107,L,2025,False
GBPUSD,d1roc_h4ma,trail,2025-09-01 09:14:00-04:00,-1.0343406500000107,L,2025,False
GBPUSD,h4_ma_aligned,fixed,2025-09-01 09:14:00-04:00,-1.0343406500000107,L,2025,False
GBPUSD,none,trail,2025-09-02 04:05:00-04:00,-1.0402304999999936,S,2025,False
GBPUSD,w1_dow_nocounter,trail,2025-09-02 04:05:00-04:00,-1.0402304999999936,S,2025,False
GBPUSD,w1_dow_nocounter,fixed,2025-09-02 04:05:00-04:00,-1.0402304999999936,S,2025,False
GBPUSD,d1_adx_lt25,fixed,2025-09-02 04:05:00-04:00,-1.0402304999999936,S,2025,False
GBPUSD,d1_adx_lt25,trail,2025-09-02 04:05:00-04:00,-1.0402304999999936,S,2025,False
GBPUSD,none,fixed,2025-09-02 04:05:00-04:00,-1.0402304999999936,S,2025,False
USDJPY,w1_dow_nocounter,trail,2025-09-02 04:07:00-04:00,-1.0062749999999603,L,2025,False
USDJPY,none,fixed,2025-09-02 04:07:00-04:00,-1.0062749999999603,L,2025,False
USDJPY,d1_roc20,fixed,2025-09-02 04:07:00-04:00,-1.0062749999999603,L,2025,False
USDJPY,w1_dow_strict,fixed,2025-09-02 04:07:00-04:00,-1.0062749999999603,L,2025,False
USDJPY,d1_roc20,trail,2025-09-02 04:07:00-04:00,-1.0062749999999603,L,2025,False
USDJPY,w1_dow_strict,trail,2025-09-02 04:07:00-04:00,-1.0062749999999603,L,2025,False
USDJPY,none,trail,2025-09-02 04:07:00-04:00,-1.0062749999999603,L,2025,False
USDJPY,w1_dow_nocounter,fixed,2025-09-02 04:07:00-04:00,-1.0062749999999603,L,2025,False
USDJPY,d1_adx_lt25,fixed,2025-09-02 04:07:00-04:00,-1.0062749999999603,L,2025,False
USDJPY,d1_adx_lt25,trail,2025-09-02 04:07:00-04:00,-1.0062749999999603,L,2025,False
SP500,none,fixed,2025-09-05 01:32:00-04:00,-0.942950000000011,L,2025,False
SP500,none,trail,2025-09-05 01:32:00-04:00,-0.942950000000011,L,2025,False
SP500,d1_adx_lt25,trail,2025-09-05 01:32:00-04:00,-0.942950000000011,L,2025,False
SP500,d1_roc20,trail,2025-09-05 01:32:00-04:00,-0.942950000000011,L,2025,False
SP500,w1_dow_nocounter,trail,2025-09-05 01:32:00-04:00,-0.942950000000011,L,2025,False
SP500,d1_adx_lt25,fixed,2025-09-05 01:32:00-04:00,-0.942950000000011,L,2025,False
SP500,d1roc_h4ma,trail,2025-09-05 01:32:00-04:00,-0.942950000000011,L,2025,False
SP500,h4_ma_nocounter,fixed,2025-09-05 01:32:00-04:00,-0.942950000000011,L,2025,False
SP500,h4_ma_nocounter,trail,2025-09-05 01:32:00-04:00,-0.942950000000011,L,2025,False
SP500,d1roc_h4ma,fixed,2025-09-05 01:32:00-04:00,-0.942950000000011,L,2025,False
SP500,w1_dow_nocounter,fixed,2025-09-05 01:32:00-04:00,-0.942950000000011,L,2025,False
SP500,d1_roc20,fixed,2025-09-05 01:32:00-04:00,-0.942950000000011,L,2025,False
AUDUSD,none,fixed,2025-09-05 08:30:00-04:00,1.6334837500000052,L,2025,False
AUDUSD,w1_dow_nocounter,fixed,2025-09-05 08:30:00-04:00,1.6334837500000052,L,2025,False
EURUSD,d1_adx_lt25,fixed,2025-09-05 08:30:00-04:00,-1.0160234999999793,L,2025,False
AUDUSD,h4_ma_nocounter,fixed,2025-09-05 08:30:00-04:00,1.6334837500000052,L,2025,False
EURUSD,d1_adx_lt25,trail,2025-09-05 08:30:00-04:00,-0.9585538499999856,L,2025,False
AUDUSD,w1_dow_nocounter,trail,2025-09-05 08:30:00-04:00,0.8205094000000044,L,2025,False
EURUSD,w1_dow_nocounter,fixed,2025-09-05 08:30:00-04:00,-1.0160234999999793,L,2025,False
AUDUSD,d1_adx_lt25,fixed,2025-09-05 08:30:00-04:00,1.6334837500000052,L,2025,False
AUDUSD,h4_ma_nocounter,trail,2025-09-05 08:30:00-04:00,0.8205094000000044,L,2025,False
EURUSD,w1_dow_strict,trail,2025-09-05 08:30:00-04:00,-0.9585538499999856,L,2025,False
AUDUSD,h4_ma_aligned,fixed,2025-09-05 08:30:00-04:00,1.6334837500000052,L,2025,False
AUDUSD,none,trail,2025-09-05 08:30:00-04:00,0.8205094000000044,L,2025,False
EURUSD,w1_dow_strict,fixed,2025-09-05 08:30:00-04:00,-1.0160234999999793,L,2025,False
EURUSD,w1_dow_nocounter,trail,2025-09-05 08:30:00-04:00,-0.9585538499999856,L,2025,False
EURUSD,none,trail,2025-09-05 08:30:00-04:00,-0.9585538499999856,L,2025,False
AUDUSD,d1_adx_lt25,trail,2025-09-05 08:30:00-04:00,0.8205094000000044,L,2025,False
AUDUSD,h4_ma_aligned,trail,2025-09-05 08:30:00-04:00,0.8205094000000044,L,2025,False
EURUSD,none,fixed,2025-09-05 08:30:00-04:00,-1.0160234999999793,L,2025,False
USDCHF,w1_dow_nocounter,fixed,2025-09-05 09:12:00-04:00,1.6147189999999911,S,2025,False
USDCHF,d1roc_h4ma,fixed,2025-09-05 09:12:00-04:00,1.6147189999999911,S,2025,False
USDCHF,d1_adx_lt25,fixed,2025-09-05 09:12:00-04:00,1.6147189999999911,S,2025,False
USDCHF,w1_dow_strict,trail,2025-09-05 09:12:00-04:00,0.15075634999996987,S,2025,False
USDCHF,h4_ma_nocounter,fixed,2025-09-05 09:12:00-04:00,1.6147189999999911,S,2025,False
USDCHF,d1roc_h4ma,trail,2025-09-05 09:12:00-04:00,0.15075634999996987,S,2025,False
USDCHF,d1_roc20,trail,2025-09-05 09:12:00-04:00,0.15075634999996987,S,2025,False
USDCHF,h4_ma_nocounter,trail,2025-09-05 09:12:00-04:00,0.15075634999996987,S,2025,False
USDCHF,d1_roc20,fixed,2025-09-05 09:12:00-04:00,1.6147189999999911,S,2025,False
USDCHF,w1_dow_nocounter,trail,2025-09-05 09:12:00-04:00,0.15075634999996987,S,2025,False
USDCHF,none,fixed,2025-09-05 09:12:00-04:00,1.6147189999999911,S,2025,False
USDCHF,d1_adx_lt25,trail,2025-09-05 09:12:00-04:00,0.15075634999996987,S,2025,False
USDCHF,w1_dow_strict,fixed,2025-09-05 09:12:00-04:00,1.6147189999999911,S,2025,False
USDCHF,none,trail,2025-09-05 09:12:00-04:00,0.15075634999996987,S,2025,False
GBPUSD,none,trail,2025-09-05 10:02:00-04:00,-1.026995149999985,L,2025,False
GBPUSD,d1_adx_lt25,trail,2025-09-05 10:02:00-04:00,-1.026995149999985,L,2025,False
GBPUSD,d1_adx_lt25,fixed,2025-09-05 10:02:00-04:00,-1.026995149999985,L,2025,False
GBPUSD,w1_dow_nocounter,fixed,2025-09-05 10:02:00-04:00,-1.026995149999985,L,2025,False
GBPUSD,w1_dow_nocounter,trail,2025-09-05 10:02:00-04:00,-1.026995149999985,L,2025,False
GBPUSD,none,fixed,2025-09-05 10:02:00-04:00,-1.026995149999985,L,2025,False
USDJPY,d1_adx_lt25,trail,2025-09-09 04:30:00-04:00,-1.005199999999976,S,2025,False
USDJPY,d1_roc20,fixed,2025-09-09 04:30:00-04:00,-1.005199999999976,S,2025,False
USDJPY,d1_adx_lt25,fixed,2025-09-09 04:30:00-04:00,-1.005199999999976,S,2025,False
USDJPY,none,trail,2025-09-09 04:30:00-04:00,-1.005199999999976,S,2025,False
USDJPY,d1_roc20,trail,2025-09-09 04:30:00-04:00,-1.005199999999976,S,2025,False
USDJPY,none,fixed,2025-09-09 04:30:00-04:00,-1.005199999999976,S,2025,False
GBPUSD,h4_ma_nocounter,trail,2025-09-15 03:37:00-04:00,0.9896540000000142,L,2025,False
GBPUSD,none,trail,2025-09-15 03:37:00-04:00,0.9896540000000142,L,2025,False
GBPUSD,h4_ma_nocounter,fixed,2025-09-15 03:37:00-04:00,1.63024204999999,L,2025,False
GBPUSD,d1_adx_lt25,fixed,2025-09-15 03:37:00-04:00,1.63024204999999,L,2025,False
GBPUSD,d1_adx_lt25,trail,2025-09-15 03:37:00-04:00,0.9896540000000142,L,2025,False
GBPUSD,h4_ma_aligned,trail,2025-09-15 03:37:00-04:00,0.9896540000000142,L,2025,False
GBPUSD,d1roc_h4ma,trail,2025-09-15 03:37:00-04:00,0.9896540000000142,L,2025,False
GBPUSD,w1_dow_nocounter,fixed,2025-09-15 03:37:00-04:00,1.63024204999999,L,2025,False
GBPUSD,d1_roc20,trail,2025-09-15 03:37:00-04:00,0.9896540000000142,L,2025,False
GBPUSD,w1_dow_nocounter,trail,2025-09-15 03:37:00-04:00,0.9896540000000142,L,2025,False
GBPUSD,none,fixed,2025-09-15 03:37:00-04:00,1.63024204999999,L,2025,False
GBPUSD,h4_ma_aligned,fixed,2025-09-15 03:37:00-04:00,1.63024204999999,L,2025,False
GBPUSD,d1roc_h4ma,fixed,2025-09-15 03:37:00-04:00,1.63024204999999,L,2025,False
GBPUSD,d1_roc20,fixed,2025-09-15 03:37:00-04:00,1.63024204999999,L,2025,False
EURUSD,h4_ma_nocounter,fixed,2025-09-15 23:31:00-04:00,1.6494784499999864,L,2025,False
EURUSD,none,trail,2025-09-15 23:31:00-04:00,1.5944339500000329,L,2025,False
EURUSD,w1_dow_strict,fixed,2025-09-15 23:31:00-04:00,1.6494784499999864,L,2025,False
EURUSD,d1_adx_lt25,trail,2025-09-15 23:31:00-04:00,1.5944339500000329,L,2025,False
EURUSD,h4_ma_aligned,fixed,2025-09-15 23:31:00-04:00,1.6494784499999864,L,2025,False
EURUSD,w1_dow_strict,trail,2025-09-15 23:31:00-04:00,1.5944339500000329,L,2025,False
EURUSD,h4_ma_aligned,trail,2025-09-15 23:31:00-04:00,1.5944339500000329,L,2025,False
EURUSD,w1_dow_nocounter,fixed,2025-09-15 23:31:00-04:00,1.6494784499999864,L,2025,False
EURUSD,h4_ma_nocounter,trail,2025-09-15 23:31:00-04:00,1.5944339500000329,L,2025,False
EURUSD,none,fixed,2025-09-15 23:31:00-04:00,1.6494784499999864,L,2025,False
EURUSD,w1_dow_nocounter,trail,2025-09-15 23:31:00-04:00,1.5944339500000329,L,2025,False
EURUSD,d1_adx_lt25,fixed,2025-09-15 23:31:00-04:00,1.6494784499999864,L,2025,False
EURUSD,d1roc_h4ma,trail,2025-09-15 23:31:00-04:00,1.5944339500000329,L,2025,False
EURUSD,d1_roc20,fixed,2025-09-15 23:31:00-04:00,1.6494784499999864,L,2025,False
EURUSD,d1roc_h4ma,fixed,2025-09-15 23:31:00-04:00,1.6494784499999864,L,2025,False
EURUSD,d1_roc20,trail,2025-09-15 23:31:00-04:00,1.5944339500000329,L,2025,False
USDCHF,h4_ma_aligned,trail,2025-09-16 05:10:00-04:00,1.4768488500000263,S,2025,False
USDCHF,h4_ma_aligned,fixed,2025-09-16 05:10:00-04:00,1.5950047500000037,S,2025,False
USDCHF,d1_roc20,fixed,2025-09-16 05:10:00-04:00,1.5950047500000037,S,2025,False
USDCHF,d1roc_h4ma,fixed,2025-09-16 05:10:00-04:00,1.5950047500000037,S,2025,False
USDCHF,none,fixed,2025-09-16 05:10:00-04:00,1.5950047500000037,S,2025,False
USDCHF,d1_adx_ge20,fixed,2025-09-16 05:10:00-04:00,1.5950047500000037,S,2025,False
USDCHF,w1_dow_strict,fixed,2025-09-16 05:10:00-04:00,1.5950047500000037,S,2025,False
USDCHF,d1_roc20,trail,2025-09-16 05:10:00-04:00,1.4768488500000263,S,2025,False
USDCHF,h4_ma_nocounter,fixed,2025-09-16 05:10:00-04:00,1.5950047500000037,S,2025,False
USDCHF,w1_dow_strict,trail,2025-09-16 05:10:00-04:00,1.4768488500000263,S,2025,False
USDCHF,w1_dow_nocounter,fixed,2025-09-16 05:10:00-04:00,1.5950047500000037,S,2025,False
USDCHF,d1roc_h4ma,trail,2025-09-16 05:10:00-04:00,1.4768488500000263,S,2025,False
USDCHF,d1_adx_ge20,trail,2025-09-16 05:10:00-04:00,1.4768488500000263,S,2025,False
USDCHF,none,trail,2025-09-16 05:10:00-04:00,1.4768488500000263,S,2025,False
USDCHF,w1_dow_nocounter,trail,2025-09-16 05:10:00-04:00,1.4768488500000263,S,2025,False
USDCHF,d1_adx_lt25,trail,2025-09-16 05:10:00-04:00,1.4768488500000263,S,2025,False
USDCHF,d1_adx_lt25,fixed,2025-09-16 05:10:00-04:00,1.5950047500000037,S,2025,False
USDCHF,h4_ma_nocounter,trail,2025-09-16 05:10:00-04:00,1.4768488500000263,S,2025,False
USDJPY,h4_ma_nocounter,trail,2025-09-16 13:12:00-04:00,-0.5224050000000113,S,2025,False
USDJPY,none,trail,2025-09-16 13:12:00-04:00,-0.5224050000000113,S,2025,False
USDJPY,h4_ma_aligned,trail,2025-09-16 13:12:00-04:00,-0.5224050000000113,S,2025,False
USDJPY,h4_ma_nocounter,fixed,2025-09-16 13:12:00-04:00,-1.0054100000000132,S,2025,False
USDJPY,d1_roc20,fixed,2025-09-16 13:12:00-04:00,-1.0054100000000132,S,2025,False
USDJPY,none,fixed,2025-09-16 13:12:00-04:00,-1.0054100000000132,S,2025,False
USDJPY,d1_adx_lt25,trail,2025-09-16 13:12:00-04:00,-0.5224050000000113,S,2025,False
USDJPY,h4_ma_aligned,fixed,2025-09-16 13:12:00-04:00,-1.0054100000000132,S,2025,False
USDJPY,d1_adx_lt25,fixed,2025-09-16 13:12:00-04:00,-1.0054100000000132,S,2025,False
USDJPY,d1roc_h4ma,fixed,2025-09-16 13:12:00-04:00,-1.0054100000000132,S,2025,False
USDJPY,d1_roc20,trail,2025-09-16 13:12:00-04:00,-0.5224050000000113,S,2025,False
USDJPY,d1roc_h4ma,trail,2025-09-16 13:12:00-04:00,-0.5224050000000113,S,2025,False
USDJPY,w1_dow_strict,fixed,2025-09-18 09:40:00-04:00,-1.0043049999999965,L,2025,False
USDJPY,d1_adx_lt25,trail,2025-09-18 09:40:00-04:00,-1.0043049999999965,L,2025,False
USDJPY,none,trail,2025-09-18 09:40:00-04:00,-1.0043049999999965,L,2025,False
USDJPY,d1_adx_lt25,fixed,2025-09-18 09:40:00-04:00,-1.0043049999999965,L,2025,False
USDJPY,w1_dow_strict,trail,2025-09-18 09:40:00-04:00,-1.0043049999999965,L,2025,False
USDJPY,w1_dow_nocounter,fixed,2025-09-18 09:40:00-04:00,-1.0043049999999965,L,2025,False
USDJPY,w1_dow_nocounter,trail,2025-09-18 09:40:00-04:00,-1.0043049999999965,L,2025,False
USDJPY,none,fixed,2025-09-18 09:40:00-04:00,-1.0043049999999965,L,2025,False
GBPUSD,d1_adx_lt25,fixed,2025-09-19 03:04:00-04:00,1.6404316499999936,S,2025,False
GBPUSD,none,trail,2025-09-19 03:04:00-04:00,-0.5414717000000081,S,2025,False
GBPUSD,none,fixed,2025-09-19 03:04:00-04:00,1.6404316499999936,S,2025,False
GBPUSD,w1_dow_nocounter,fixed,2025-09-19 03:04:00-04:00,1.6404316499999936,S,2025,False
GBPUSD,d1_adx_lt25,trail,2025-09-19 03:04:00-04:00,-0.5414717000000081,S,2025,False
GBPUSD,w1_dow_nocounter,trail,2025-09-19 03:04:00-04:00,-0.5414717000000081,S,2025,False
AUDUSD,d1_adx_lt25,fixed,2025-09-25 08:30:00-04:00,1.6387056000000242,S,2025,False
EURUSD,h4_ma_nocounter,trail,2025-09-25 08:30:00-04:00,-0.25344759999998817,S,2025,False
EURUSD,none,trail,2025-09-25 08:30:00-04:00,-0.25344759999998817,S,2025,False
EURUSD,d1_adx_lt25,fixed,2025-09-25 08:30:00-04:00,1.6446787500000009,S,2025,False
AUDUSD,none,fixed,2025-09-25 08:30:00-04:00,1.6387056000000242,S,2025,False
AUDUSD,h4_ma_nocounter,trail,2025-09-25 08:30:00-04:00,0.029112600000019064,S,2025,False
EURUSD,d1_adx_lt25,trail,2025-09-25 08:30:00-04:00,-0.25344759999998817,S,2025,False
EURUSD,none,fixed,2025-09-25 08:30:00-04:00,1.6446787500000009,S,2025,False
AUDUSD,d1_adx_lt25,trail,2025-09-25 08:30:00-04:00,0.029112600000019064,S,2025,False
EURUSD,h4_ma_nocounter,fixed,2025-09-25 08:30:00-04:00,1.6446787500000009,S,2025,False
AUDUSD,h4_ma_nocounter,fixed,2025-09-25 08:30:00-04:00,1.6387056000000242,S,2025,False
AUDUSD,none,trail,2025-09-25 08:30:00-04:00,0.029112600000019064,S,2025,False
USDCHF,h4_ma_nocounter,fixed,2025-09-25 08:31:00-04:00,1.588178100000019,L,2025,False
USDCHF,none,trail,2025-09-25 08:31:00-04:00,0.8622303499999776,L,2025,False
USDCHF,none,fixed,2025-09-25 08:31:00-04:00,1.588178100000019,L,2025,False
USDCHF,d1_adx_ge20,fixed,2025-09-25 08:31:00-04:00,1.588178100000019,L,2025,False
USDCHF,h4_ma_nocounter,trail,2025-09-25 08:31:00-04:00,0.8622303499999776,L,2025,False
USDCHF,d1_adx_ge20,trail,2025-09-25 08:31:00-04:00,0.8622303499999776,L,2025,False
AUDUSD,w1_dow_strict,trail,2025-09-30 10:48:00-04:00,-1.0310388999999944,L,2025,False
AUDUSD,w1_dow_nocounter,trail,2025-09-30 10:48:00-04:00,-1.0310388999999944,L,2025,False
AUDUSD,d1_roc20,trail,2025-09-30 10:48:00-04:00,-1.0310388999999944,L,2025,False
AUDUSD,w1_dow_strict,fixed,2025-09-30 10:48:00-04:00,-1.0310388999999944,L,2025,False
AUDUSD,d1_roc20,fixed,2025-09-30 10:48:00-04:00,-1.0310388999999944,L,2025,False
AUDUSD,d1_adx_lt25,trail,2025-09-30 10:48:00-04:00,-1.0310388999999944,L,2025,False
AUDUSD,none,trail,2025-09-30 10:48:00-04:00,-1.0310388999999944,L,2025,False
AUDUSD,w1_dow_nocounter,fixed,2025-09-30 10:48:00-04:00,-1.0310388999999944,L,2025,False
AUDUSD,none,fixed,2025-09-30 10:48:00-04:00,-1.0310388999999944,L,2025,False
AUDUSD,d1_adx_lt25,fixed,2025-09-30 10:48:00-04:00,-1.0310388999999944,L,2025,False
SP500,d1_adx_ge20,trail,2025-10-01 14:00:00-04:00,0.1691499999999918,L,2025,False
SP500,none,trail,2025-10-01 14:00:00-04:00,0.1691499999999918,L,2025,False
SP500,d1_roc20,fixed,2025-10-01 14:00:00-04:00,-0.8943500000000073,L,2025,False
SP500,w1_dow_nocounter,trail,2025-10-01 14:00:00-04:00,0.1691499999999918,L,2025,False
SP500,d1roc_h4ma,fixed,2025-10-01 14:00:00-04:00,-0.8943500000000073,L,2025,False
SP500,h4_ma_aligned,trail,2025-10-01 14:00:00-04:00,0.1691499999999918,L,2025,False
SP500,d1_adx_ge20,fixed,2025-10-01 14:00:00-04:00,-0.8943500000000073,L,2025,False
SP500,h4_ma_nocounter,trail,2025-10-01 14:00:00-04:00,0.1691499999999918,L,2025,False
SP500,d1_adx_lt25,fixed,2025-10-01 14:00:00-04:00,-0.8943500000000073,L,2025,False
SP500,h4_ma_aligned,fixed,2025-10-01 14:00:00-04:00,-0.8943500000000073,L,2025,False
SP500,d1_roc20,trail,2025-10-01 14:00:00-04:00,0.1691499999999918,L,2025,False
SP500,h4_ma_nocounter,fixed,2025-10-01 14:00:00-04:00,-0.8943500000000073,L,2025,False
SP500,d1roc_h4ma,trail,2025-10-01 14:00:00-04:00,0.1691499999999918,L,2025,False
SP500,w1_dow_nocounter,fixed,2025-10-01 14:00:00-04:00,-0.8943500000000073,L,2025,False
SP500,none,fixed,2025-10-01 14:00:00-04:00,-0.8943500000000073,L,2025,False
SP500,d1_adx_lt25,trail,2025-10-01 14:00:00-04:00,0.1691499999999918,L,2025,False
USDJPY,d1roc_h4ma,trail,2025-10-05 23:21:00-04:00,2.6906349999999875,L,2025,False
USDJPY,w1_dow_strict,fixed,2025-10-05 23:21:00-04:00,1.6588500000000004,L,2025,False
USDJPY,h4_ma_nocounter,trail,2025-10-05 23:21:00-04:00,2.6906349999999875,L,2025,False
USDJPY,w1_dow_nocounter,fixed,2025-10-05 23:21:00-04:00,1.6588500000000004,L,2025,False
USDJPY,d1_roc20,fixed,2025-10-05 23:21:00-04:00,1.6588500000000004,L,2025,False
USDJPY,d1_roc20,trail,2025-10-05 23:21:00-04:00,2.6906349999999875,L,2025,False
USDJPY,w1_dow_strict,trail,2025-10-05 23:21:00-04:00,2.6906349999999875,L,2025,False
USDJPY,none,trail,2025-10-05 23:21:00-04:00,2.6906349999999875,L,2025,False
USDJPY,none,fixed,2025-10-05 23:21:00-04:00,1.6588500000000004,L,2025,False
USDJPY,d1_adx_lt25,trail,2025-10-05 23:21:00-04:00,2.6906349999999875,L,2025,False
USDJPY,h4_ma_nocounter,fixed,2025-10-05 23:21:00-04:00,1.6588500000000004,L,2025,False
USDJPY,d1_adx_lt25,fixed,2025-10-05 23:21:00-04:00,1.6588500000000004,L,2025,False
USDJPY,w1_dow_nocounter,trail,2025-10-05 23:21:00-04:00,2.6906349999999875,L,2025,False
USDJPY,d1roc_h4ma,fixed,2025-10-05 23:21:00-04:00,1.6588500000000004,L,2025,False
EURUSD,h4_ma_nocounter,fixed,2025-10-07 20:20:00-04:00,1.6529100500000373,S,2025,False
EURUSD,none,trail,2025-10-07 20:20:00-04:00,0.01108799999999726,S,2025,False
EURUSD,d1_roc20,trail,2025-10-07 20:20:00-04:00,0.01108799999999726,S,2025,False
EURUSD,d1_adx_lt25,trail,2025-10-07 20:20:00-04:00,0.01108799999999726,S,2025,False
EURUSD,d1_roc20,fixed,2025-10-07 20:20:00-04:00,1.6529100500000373,S,2025,False
EURUSD,h4_ma_nocounter,trail,2025-10-07 20:20:00-04:00,0.01108799999999726,S,2025,False
EURUSD,h4_ma_aligned,fixed,2025-10-07 20:20:00-04:00,1.6529100500000373,S,2025,False
EURUSD,h4_ma_aligned,trail,2025-10-07 20:20:00-04:00,0.01108799999999726,S,2025,False
EURUSD,d1roc_h4ma,trail,2025-10-07 20:20:00-04:00,0.01108799999999726,S,2025,False
EURUSD,none,fixed,2025-10-07 20:20:00-04:00,1.6529100500000373,S,2025,False
EURUSD,d1_adx_lt25,fixed,2025-10-07 20:20:00-04:00,1.6529100500000373,S,2025,False
EURUSD,d1roc_h4ma,fixed,2025-10-07 20:20:00-04:00,1.6529100500000373,S,2025,False
USDCHF,d1_roc20,trail,2025-10-07 21:46:00-04:00,1.9640883000000255,L,2025,False
USDCHF,h4_ma_nocounter,fixed,2025-10-07 21:46:00-04:00,1.6109797500000023,L,2025,False
USDCHF,d1_adx_lt25,fixed,2025-10-07 21:46:00-04:00,1.6109797500000023,L,2025,False
USDCHF,d1roc_h4ma,fixed,2025-10-07 21:46:00-04:00,1.6109797500000023,L,2025,False
USDCHF,none,trail,2025-10-07 21:46:00-04:00,1.9640883000000255,L,2025,False
USDCHF,d1_adx_lt25,trail,2025-10-07 21:46:00-04:00,1.9640883000000255,L,2025,False
USDCHF,d1_roc20,fixed,2025-10-07 21:46:00-04:00,1.6109797500000023,L,2025,False
USDCHF,none,fixed,2025-10-07 21:46:00-04:00,1.6109797500000023,L,2025,False
USDCHF,h4_ma_nocounter,trail,2025-10-07 21:46:00-04:00,1.9640883000000255,L,2025,False
USDCHF,d1roc_h4ma,trail,2025-10-07 21:46:00-04:00,1.9640883000000255,L,2025,False
GBPUSD,d1_adx_lt25,fixed,2025-10-09 11:03:00-04:00,-1.025786399999986,S,2025,False
GBPUSD,none,fixed,2025-10-09 11:03:00-04:00,-1.025786399999986,S,2025,False
GBPUSD,h4_ma_nocounter,trail,2025-10-09 11:03:00-04:00,0.15692390000002587,S,2025,False
GBPUSD,d1_roc20,fixed,2025-10-09 11:03:00-04:00,-1.025786399999986,S,2025,False
GBPUSD,h4_ma_aligned,fixed,2025-10-09 11:03:00-04:00,-1.025786399999986,S,2025,False
GBPUSD,h4_ma_aligned,trail,2025-10-09 11:03:00-04:00,0.15692390000002587,S,2025,False
GBPUSD,h4_ma_nocounter,fixed,2025-10-09 11:03:00-04:00,-1.025786399999986,S,2025,False
GBPUSD,none,trail,2025-10-09 11:03:00-04:00,0.15692390000002587,S,2025,False
GBPUSD,d1roc_h4ma,trail,2025-10-09 11:03:00-04:00,0.15692390000002587,S,2025,False
GBPUSD,d1_roc20,trail,2025-10-09 11:03:00-04:00,0.15692390000002587,S,2025,False
GBPUSD,d1roc_h4ma,fixed,2025-10-09 11:03:00-04:00,-1.025786399999986,S,2025,False
GBPUSD,d1_adx_lt25,trail,2025-10-09 11:03:00-04:00,0.15692390000002587,S,2025,False
AUDUSD,h4_ma_aligned,trail,2025-10-10 11:14:00-04:00,0.7338737499999815,S,2025,False
AUDUSD,d1_roc20,fixed,2025-10-10 11:14:00-04:00,1.6391545499999978,S,2025,False
AUDUSD,none,fixed,2025-10-10 11:14:00-04:00,1.6391545499999978,S,2025,False
AUDUSD,d1roc_h4ma,trail,2025-10-10 11:14:00-04:00,0.7338737499999815,S,2025,False
AUDUSD,d1_roc20,trail,2025-10-10 11:14:00-04:00,0.7338737499999815,S,2025,False
AUDUSD,d1_adx_lt25,trail,2025-10-10 11:14:00-04:00,0.7338737499999815,S,2025,False
AUDUSD,h4_ma_nocounter,trail,2025-10-10 11:14:00-04:00,0.7338737499999815,S,2025,False
AUDUSD,h4_ma_nocounter,fixed,2025-10-10 11:14:00-04:00,1.6391545499999978,S,2025,False
AUDUSD,d1_adx_lt25,fixed,2025-10-10 11:14:00-04:00,1.6391545499999978,S,2025,False
AUDUSD,d1roc_h4ma,fixed,2025-10-10 11:14:00-04:00,1.6391545499999978,S,2025,False
AUDUSD,h4_ma_aligned,fixed,2025-10-10 11:14:00-04:00,1.6391545499999978,S,2025,False
AUDUSD,none,trail,2025-10-10 11:14:00-04:00,0.7338737499999815,S,2025,False
SP500,w1_dow_nocounter,fixed,2025-10-10 15:27:00-04:00,1.57825,S,2025,False
SP500,w1_dow_nocounter,trail,2025-10-10 15:27:00-04:00,-0.9578000000000038,S,2025,False
SP500,d1_adx_ge20,trail,2025-10-10 15:27:00-04:00,-0.9578000000000038,S,2025,False
SP500,none,trail,2025-10-10 15:27:00-04:00,-0.9578000000000038,S,2025,False
SP500,d1_adx_ge20,fixed,2025-10-10 15:27:00-04:00,1.57825,S,2025,False
SP500,none,fixed,2025-10-10 15:27:00-04:00,1.57825,S,2025,False
USDCHF,none,fixed,2025-10-15 21:20:00-04:00,-1.0514356999999832,S,2025,False
USDCHF,w1_dow_strict,fixed,2025-10-15 21:20:00-04:00,-1.0514356999999832,S,2025,False
USDCHF,w1_dow_nocounter,fixed,2025-10-15 21:20:00-04:00,-1.0514356999999832,S,2025,False
USDCHF,w1_dow_nocounter,trail,2025-10-15 21:20:00-04:00,-1.0514356999999832,S,2025,False
USDCHF,none,trail,2025-10-15 21:20:00-04:00,-1.0514356999999832,S,2025,False
USDCHF,d1_adx_lt25,fixed,2025-10-15 21:20:00-04:00,-1.0514356999999832,S,2025,False
USDCHF,w1_dow_strict,trail,2025-10-15 21:20:00-04:00,-1.0514356999999832,S,2025,False
USDCHF,d1_adx_lt25,trail,2025-10-15 21:20:00-04:00,-1.0514356999999832,S,2025,False
AUDUSD,w1_dow_strict,trail,2025-10-24 08:30:00-04:00,-1.0342930500000072,L,2025,False
AUDUSD,h4_ma_nocounter,fixed,2025-10-24 08:30:00-04:00,-1.0342930500000072,L,2025,False
AUDUSD,h4_ma_nocounter,trail,2025-10-24 08:30:00-04:00,-1.0342930500000072,L,2025,False
SP500,h4_ma_nocounter,trail,2025-10-24 08:30:00-04:00,2.963699999999991,L,2025,False
AUDUSD,w1_dow_strict,fixed,2025-10-24 08:30:00-04:00,-1.0342930500000072,L,2025,False
SP500,h4_ma_nocounter,fixed,2025-10-24 08:30:00-04:00,1.5217500000000064,L,2025,False
SP500,d1_roc20,trail,2025-10-24 08:30:00-04:00,2.963699999999991,L,2025,False
SP500,w1_dow_nocounter,trail,2025-10-24 08:30:00-04:00,2.963699999999991,L,2025,False
SP500,d1_roc20,fixed,2025-10-24 08:30:00-04:00,1.5217500000000064,L,2025,False
SP500,w1_dow_nocounter,fixed,2025-10-24 08:30:00-04:00,1.5217500000000064,L,2025,False
AUDUSD,d1_adx_ge20,fixed,2025-10-24 08:30:00-04:00,-1.0342930500000072,L,2025,False
AUDUSD,d1_adx_lt25,trail,2025-10-24 08:30:00-04:00,-1.0342930500000072,L,2025,False
SP500,d1roc_h4ma,trail,2025-10-24 08:30:00-04:00,2.963699999999991,L,2025,False
SP500,d1_adx_ge20,fixed,2025-10-24 08:30:00-04:00,1.5217500000000064,L,2025,False
SP500,d1_adx_ge20,trail,2025-10-24 08:30:00-04:00,2.963699999999991,L,2025,False
SP500,none,trail,2025-10-24 08:30:00-04:00,2.963699999999991,L,2025,False
AUDUSD,w1_dow_nocounter,fixed,2025-10-24 08:30:00-04:00,-1.0342930500000072,L,2025,False
SP500,d1roc_h4ma,fixed,2025-10-24 08:30:00-04:00,1.5217500000000064,L,2025,False
AUDUSD,none,fixed,2025-10-24 08:30:00-04:00,-1.0342930500000072,L,2025,False
AUDUSD,d1_adx_lt25,fixed,2025-10-24 08:30:00-04:00,-1.0342930500000072,L,2025,False
AUDUSD,none,trail,2025-10-24 08:30:00-04:00,-1.0342930500000072,L,2025,False
AUDUSD,d1_adx_ge20,trail,2025-10-24 08:30:00-04:00,-1.0342930500000072,L,2025,False
SP500,none,fixed,2025-10-24 08:30:00-04:00,1.5217500000000064,L,2025,False
AUDUSD,w1_dow_nocounter,trail,2025-10-24 08:30:00-04:00,-1.0342930500000072,L,2025,False
GBPUSD,d1_adx_lt25,fixed,2025-10-28 09:45:00-04:00,1.639417999999995,S,2025,False
GBPUSD,d1_roc20,trail,2025-10-28 09:45:00-04:00,1.9707550500000253,S,2025,False
GBPUSD,h4_ma_nocounter,trail,2025-10-28 09:45:00-04:00,1.9707550500000253,S,2025,False
GBPUSD,d1roc_h4ma,fixed,2025-10-28 09:45:00-04:00,1.639417999999995,S,2025,False
GBPUSD,d1roc_h4ma,trail,2025-10-28 09:45:00-04:00,1.9707550500000253,S,2025,False
GBPUSD,d1_adx_ge20,fixed,2025-10-28 09:45:00-04:00,1.639417999999995,S,2025,False
GBPUSD,h4_ma_nocounter,fixed,2025-10-28 09:45:00-04:00,1.639417999999995,S,2025,False
GBPUSD,h4_ma_aligned,trail,2025-10-28 09:45:00-04:00,1.9707550500000253,S,2025,False
GBPUSD,none,trail,2025-10-28 09:45:00-04:00,1.9707550500000253,S,2025,False
GBPUSD,d1_adx_lt25,trail,2025-10-28 09:45:00-04:00,1.9707550500000253,S,2025,False
GBPUSD,h4_ma_aligned,fixed,2025-10-28 09:45:00-04:00,1.639417999999995,S,2025,False
GBPUSD,d1_adx_ge20,trail,2025-10-28 09:45:00-04:00,1.9707550500000253,S,2025,False
GBPUSD,d1_roc20,fixed,2025-10-28 09:45:00-04:00,1.639417999999995,S,2025,False
GBPUSD,none,fixed,2025-10-28 09:45:00-04:00,1.639417999999995,S,2025,False
USDCHF,d1_adx_lt25,fixed,2025-10-29 14:35:00-04:00,1.603932450000012,L,2025,False
USDCHF,h4_ma_nocounter,trail,2025-10-29 14:35:00-04:00,3.319949700000003,L,2025,False
USDCHF,d1_adx_lt25,trail,2025-10-29 14:35:00-04:00,3.319949700000003,L,2025,False
USDCHF,none,fixed,2025-10-29 14:35:00-04:00,1.603932450000012,L,2025,False
USDCHF,none,trail,2025-10-29 14:35:00-04:00,3.319949700000003,L,2025,False
USDCHF,h4_ma_nocounter,fixed,2025-10-29 14:35:00-04:00,1.603932450000012,L,2025,False
USDJPY,d1_roc20,trail,2025-10-30 02:40:00-04:00,0.8590599999999984,L,2025,False
USDJPY,none,fixed,2025-10-30 02:40:00-04:00,1.662489999999983,L,2025,False
USDJPY,d1_roc20,fixed,2025-10-30 02:40:00-04:00,1.662489999999983,L,2025,False
USDJPY,h4_ma_nocounter,fixed,2025-10-30 02:40:00-04:00,1.662489999999983,L,2025,False
USDJPY,h4_ma_aligned,fixed,2025-10-30 02:40:00-04:00,1.662489999999983,L,2025,False
USDJPY,h4_ma_nocounter,trail,2025-10-30 02:40:00-04:00,0.8590599999999984,L,2025,False
USDJPY,none,trail,2025-10-30 02:40:00-04:00,0.8590599999999984,L,2025,False
USDJPY,w1_dow_nocounter,trail,2025-10-30 02:40:00-04:00,0.8590599999999984,L,2025,False
USDJPY,w1_dow_strict,fixed,2025-10-30 02:40:00-04:00,1.662489999999983,L,2025,False
USDJPY,d1roc_h4ma,fixed,2025-10-30 02:40:00-04:00,1.662489999999983,L,2025,False
USDJPY,d1_adx_lt25,fixed,2025-10-30 02:40:00-04:00,1.662489999999983,L,2025,False
USDJPY,d1roc_h4ma,trail,2025-10-30 02:40:00-04:00,0.8590599999999984,L,2025,False
USDJPY,d1_adx_lt25,trail,2025-10-30 02:40:00-04:00,0.8590599999999984,L,2025,False
USDJPY,w1_dow_nocounter,fixed,2025-10-30 02:40:00-04:00,1.662489999999983,L,2025,False
USDJPY,h4_ma_aligned,trail,2025-10-30 02:40:00-04:00,0.8590599999999984,L,2025,False
USDJPY,w1_dow_strict,trail,2025-10-30 02:40:00-04:00,0.8590599999999984,L,2025,False
EURUSD,h4_ma_nocounter,fixed,2025-10-30 08:28:00-04:00,1.650476750000006,S,2025,False
EURUSD,h4_ma_nocounter,trail,2025-10-30 08:28:00-04:00,-0.02964504999995082,S,2025,False
EURUSD,none,trail,2025-10-30 08:28:00-04:00,-0.02964504999995082,S,2025,False
EURUSD,d1_roc20,trail,2025-10-30 08:28:00-04:00,-0.02964504999995082,S,2025,False
EURUSD,d1_adx_lt25,fixed,2025-10-30 08:28:00-04:00,1.650476750000006,S,2025,False
EURUSD,d1roc_h4ma,trail,2025-10-30 08:28:00-04:00,-0.02964504999995082,S,2025,False
EURUSD,none,fixed,2025-10-30 08:28:00-04:00,1.650476750000006,S,2025,False
EURUSD,d1roc_h4ma,fixed,2025-10-30 08:28:00-04:00,1.650476750000006,S,2025,False
EURUSD,d1_roc20,fixed,2025-10-30 08:28:00-04:00,1.650476750000006,S,2025,False
EURUSD,d1_adx_lt25,trail,2025-10-30 08:28:00-04:00,-0.02964504999995082,S,2025,False
USDJPY,none,trail,2025-11-10 20:28:00-05:00,-0.7340900000000274,L,2025,False
USDJPY,d1_roc20,trail,2025-11-10 20:28:00-05:00,-0.7340900000000274,L,2025,False
USDJPY,w1_dow_nocounter,trail,2025-11-10 20:28:00-05:00,-0.7340900000000274,L,2025,False
USDJPY,h4_ma_nocounter,trail,2025-11-10 20:28:00-05:00,-0.7340900000000274,L,2025,False
USDJPY,d1_adx_lt25,trail,2025-11-10 20:28:00-05:00,-0.7340900000000274,L,2025,False
USDJPY,d1roc_h4ma,trail,2025-11-10 20:28:00-05:00,-0.7340900000000274,L,2025,False
USDJPY,w1_dow_strict,trail,2025-11-10 20:28:00-05:00,-0.7340900000000274,L,2025,False
GBPUSD,d1_adx_ge20,trail,2025-11-13 10:34:00-05:00,-1.0256239999999783,L,2025,False
GBPUSD,none,fixed,2025-11-13 10:34:00-05:00,-1.0256239999999783,L,2025,False
GBPUSD,d1_adx_ge20,fixed,2025-11-13 10:34:00-05:00,-1.0256239999999783,L,2025,False
GBPUSD,none,trail,2025-11-13 10:34:00-05:00,-1.0256239999999783,L,2025,False
GBPUSD,h4_ma_nocounter,fixed,2025-11-13 10:34:00-05:00,-1.0256239999999783,L,2025,False
GBPUSD,h4_ma_nocounter,trail,2025-11-13 10:34:00-05:00,-1.0256239999999783,L,2025,False
USDCHF,d1_adx_lt25,fixed,2025-11-13 10:54:00-05:00,-1.0580844499999806,S,2025,False
USDCHF,d1_adx_lt25,trail,2025-11-13 10:54:00-05:00,-0.43216874999999655,S,2025,False
USDCHF,h4_ma_nocounter,trail,2025-11-13 10:54:00-05:00,-0.43216874999999655,S,2025,False
USDCHF,none,trail,2025-11-13 10:54:00-05:00,-0.43216874999999655,S,2025,False
USDCHF,h4_ma_nocounter,fixed,2025-11-13 10:54:00-05:00,-1.0580844499999806,S,2025,False
USDCHF,none,fixed,2025-11-13 10:54:00-05:00,-1.0580844499999806,S,2025,False
SP500,h4_ma_nocounter,trail,2025-11-17 23:17:00-05:00,0.043349999999993456,S,2025,False
SP500,d1roc_h4ma,trail,2025-11-17 23:17:00-05:00,0.043349999999993456,S,2025,False
SP500,none,fixed,2025-11-17 23:17:00-05:00,-0.9876,S,2025,False
SP500,w1_dow_nocounter,trail,2025-11-17 23:17:00-05:00,0.043349999999993456,S,2025,False
SP500,none,trail,2025-11-17 23:17:00-05:00,0.043349999999993456,S,2025,False
SP500,h4_ma_aligned,fixed,2025-11-17 23:17:00-05:00,-0.9876,S,2025,False
SP500,d1roc_h4ma,fixed,2025-11-17 23:17:00-05:00,-0.9876,S,2025,False
SP500,h4_ma_aligned,trail,2025-11-17 23:17:00-05:00,0.043349999999993456,S,2025,False
SP500,d1_roc20,fixed,2025-11-17 23:17:00-05:00,-0.9876,S,2025,False
SP500,d1_roc20,trail,2025-11-17 23:17:00-05:00,0.043349999999993456,S,2025,False
SP500,d1_adx_ge20,fixed,2025-11-17 23:17:00-05:00,-0.9876,S,2025,False
SP500,h4_ma_nocounter,fixed,2025-11-17 23:17:00-05:00,-0.9876,S,2025,False
SP500,d1_adx_ge20,trail,2025-11-17 23:17:00-05:00,0.043349999999993456,S,2025,False
SP500,d1_adx_lt25,fixed,2025-11-17 23:17:00-05:00,-0.9876,S,2025,False
SP500,w1_dow_nocounter,fixed,2025-11-17 23:17:00-05:00,-0.9876,S,2025,False
SP500,d1_adx_lt25,trail,2025-11-17 23:17:00-05:00,0.043349999999993456,S,2025,False
GBPUSD,d1_roc20,fixed,2025-11-19 10:39:00-05:00,-1.0298868499999885,S,2025,False
GBPUSD,w1_dow_strict,fixed,2025-11-19 10:39:00-05:00,-1.0298868499999885,S,2025,False
GBPUSD,d1_roc20,trail,2025-11-19 10:39:00-05:00,-0.44541825000000856,S,2025,False
GBPUSD,w1_dow_nocounter,trail,2025-11-19 10:39:00-05:00,-0.44541825000000856,S,2025,False
GBPUSD,w1_dow_strict,trail,2025-11-19 10:39:00-05:00,-0.44541825000000856,S,2025,False
GBPUSD,d1_adx_ge20,fixed,2025-11-19 10:39:00-05:00,-1.0298868499999885,S,2025,False
GBPUSD,h4_ma_nocounter,fixed,2025-11-19 10:39:00-05:00,-1.0298868499999885,S,2025,False
GBPUSD,w1_dow_nocounter,fixed,2025-11-19 10:39:00-05:00,-1.0298868499999885,S,2025,False
GBPUSD,d1roc_h4ma,fixed,2025-11-19 10:39:00-05:00,-1.0298868499999885,S,2025,False
GBPUSD,h4_ma_nocounter,trail,2025-11-19 10:39:00-05:00,-0.44541825000000856,S,2025,False
GBPUSD,none,trail,2025-11-19 10:39:00-05:00,-0.44541825000000856,S,2025,False
GBPUSD,d1_adx_ge20,trail,2025-11-19 10:39:00-05:00,-0.44541825000000856,S,2025,False
GBPUSD,d1roc_h4ma,trail,2025-11-19 10:39:00-05:00,-0.44541825000000856,S,2025,False
GBPUSD,none,fixed,2025-11-19 10:39:00-05:00,-1.0298868499999885,S,2025,False
AUDUSD,h4_ma_aligned,trail,2025-11-19 12:25:00-05:00,-1.0282406500000094,S,2025,False
AUDUSD,h4_ma_nocounter,fixed,2025-11-19 12:25:00-05:00,-1.0282406500000094,S,2025,False
AUDUSD,none,trail,2025-11-19 12:25:00-05:00,-1.0282406500000094,S,2025,False
AUDUSD,h4_ma_aligned,fixed,2025-11-19 12:25:00-05:00,-1.0282406500000094,S,2025,False
AUDUSD,d1_adx_lt25,fixed,2025-11-19 12:25:00-05:00,-1.0282406500000094,S,2025,False
AUDUSD,d1_adx_lt25,trail,2025-11-19 12:25:00-05:00,-1.0282406500000094,S,2025,False
AUDUSD,none,fixed,2025-11-19 12:25:00-05:00,-1.0282406500000094,S,2025,False
AUDUSD,h4_ma_nocounter,trail,2025-11-19 12:25:00-05:00,-1.0282406500000094,S,2025,False
SP500,d1_adx_ge20,trail,2025-11-25 15:52:00-05:00,0.3282999999999938,L,2025,False
SP500,w1_dow_nocounter,trail,2025-11-25 15:52:00-05:00,0.3282999999999938,L,2025,False
SP500,d1_adx_lt25,trail,2025-11-25 15:52:00-05:00,0.3282999999999938,L,2025,False
SP500,none,fixed,2025-11-25 15:52:00-05:00,1.1749999999999945,L,2025,False
SP500,d1_adx_lt25,fixed,2025-11-25 15:52:00-05:00,1.1749999999999945,L,2025,False
SP500,none,trail,2025-11-25 15:52:00-05:00,0.3282999999999938,L,2025,False
SP500,d1_adx_ge20,fixed,2025-11-25 15:52:00-05:00,1.1749999999999945,L,2025,False
SP500,w1_dow_nocounter,fixed,2025-11-25 15:52:00-05:00,1.1749999999999945,L,2025,False
GBPUSD,none,trail,2025-11-26 08:22:00-05:00,-0.1543576000000263,L,2025,False
GBPUSD,d1_adx_ge20,fixed,2025-11-26 08:22:00-05:00,1.63987935,L,2025,False
GBPUSD,none,fixed,2025-11-26 08:22:00-05:00,1.63987935,L,2025,False
GBPUSD,d1_adx_ge20,trail,2025-11-26 08:22:00-05:00,-0.1543576000000263,L,2025,False
AUDUSD,d1_roc20,fixed,2025-12-02 22:49:00-05:00,1.6310300500000015,L,2025,False
AUDUSD,h4_ma_nocounter,fixed,2025-12-02 22:49:00-05:00,1.6310300500000015,L,2025,False
AUDUSD,h4_ma_nocounter,trail,2025-12-02 22:49:00-05:00,2.072666300000027,L,2025,False
AUDUSD,d1roc_h4ma,fixed,2025-12-02 22:49:00-05:00,1.6310300500000015,L,2025,False
AUDUSD,none,trail,2025-12-02 22:49:00-05:00,2.072666300000027,L,2025,False
AUDUSD,none,fixed,2025-12-02 22:49:00-05:00,1.6310300500000015,L,2025,False
AUDUSD,d1roc_h4ma,trail,2025-12-02 22:49:00-05:00,2.072666300000027,L,2025,False
AUDUSD,d1_roc20,trail,2025-12-02 22:49:00-05:00,2.072666300000027,L,2025,False
AUDUSD,d1_adx_lt25,fixed,2025-12-02 22:49:00-05:00,1.6310300500000015,L,2025,False
AUDUSD,d1_adx_lt25,trail,2025-12-02 22:49:00-05:00,2.072666300000027,L,2025,False
EURUSD,d1_roc20,trail,2025-12-03 05:15:00-05:00,-0.11895985000002057,L,2025,False
EURUSD,d1_adx_lt25,fixed,2025-12-03 05:15:00-05:00,-1.019635100000016,L,2025,False
EURUSD,d1roc_h4ma,trail,2025-12-03 05:15:00-05:00,-0.11895985000002057,L,2025,False
EURUSD,d1roc_h4ma,fixed,2025-12-03 05:15:00-05:00,-1.019635100000016,L,2025,False
EURUSD,none,fixed,2025-12-03 05:15:00-05:00,-1.019635100000016,L,2025,False
EURUSD,h4_ma_aligned,trail,2025-12-03 05:15:00-05:00,-0.11895985000002057,L,2025,False
EURUSD,none,trail,2025-12-03 05:15:00-05:00,-0.11895985000002057,L,2025,False
EURUSD,w1_dow_strict,fixed,2025-12-03 05:15:00-05:00,-1.019635100000016,L,2025,False
EURUSD,w1_dow_strict,trail,2025-12-03 05:15:00-05:00,-0.11895985000002057,L,2025,False
EURUSD,d1_adx_lt25,trail,2025-12-03 05:15:00-05:00,-0.11895985000002057,L,2025,False
EURUSD,h4_ma_aligned,fixed,2025-12-03 05:15:00-05:00,-1.019635100000016,L,2025,False
EURUSD,w1_dow_nocounter,trail,2025-12-03 05:15:00-05:00,-0.11895985000002057,L,2025,False
EURUSD,d1_roc20,fixed,2025-12-03 05:15:00-05:00,-1.019635100000016,L,2025,False
EURUSD,h4_ma_nocounter,trail,2025-12-03 05:15:00-05:00,-0.11895985000002057,L,2025,False
EURUSD,h4_ma_nocounter,fixed,2025-12-03 05:15:00-05:00,-1.019635100000016,L,2025,False
EURUSD,w1_dow_nocounter,fixed,2025-12-03 05:15:00-05:00,-1.019635100000016,L,2025,False
EURUSD,d1roc_h4ma,fixed,2025-12-10 15:03:00-05:00,1.645417150000048,L,2025,False
EURUSD,w1_dow_strict,trail,2025-12-10 15:03:00-05:00,1.7533276000000364,L,2025,False
EURUSD,h4_ma_nocounter,fixed,2025-12-10 15:03:00-05:00,1.645417150000048,L,2025,False
EURUSD,h4_ma_nocounter,trail,2025-12-10 15:03:00-05:00,1.7533276000000364,L,2025,False
EURUSD,h4_ma_aligned,fixed,2025-12-10 15:03:00-05:00,1.645417150000048,L,2025,False
EURUSD,w1_dow_nocounter,trail,2025-12-10 15:03:00-05:00,1.7533276000000364,L,2025,False
EURUSD,h4_ma_aligned,trail,2025-12-10 15:03:00-05:00,1.7533276000000364,L,2025,False
EURUSD,w1_dow_nocounter,fixed,2025-12-10 15:03:00-05:00,1.645417150000048,L,2025,False
EURUSD,d1_roc20,fixed,2025-12-10 15:03:00-05:00,1.645417150000048,L,2025,False
EURUSD,d1_roc20,trail,2025-12-10 15:03:00-05:00,1.7533276000000364,L,2025,False
EURUSD,d1roc_h4ma,trail,2025-12-10 15:03:00-05:00,1.7533276000000364,L,2025,False
EURUSD,d1_adx_lt25,fixed,2025-12-10 15:03:00-05:00,1.645417150000048,L,2025,False
EURUSD,none,trail,2025-12-10 15:03:00-05:00,1.7533276000000364,L,2025,False
EURUSD,none,fixed,2025-12-10 15:03:00-05:00,1.645417150000048,L,2025,False
EURUSD,d1_adx_lt25,trail,2025-12-10 15:03:00-05:00,1.7533276000000364,L,2025,False
EURUSD,w1_dow_strict,fixed,2025-12-10 15:03:00-05:00,1.645417150000048,L,2025,False
GBPUSD,d1_roc20,trail,2025-12-10 15:13:00-05:00,-0.11289179999997925,L,2025,False
GBPUSD,h4_ma_nocounter,fixed,2025-12-10 15:13:00-05:00,-1.0388663000000093,L,2025,False
GBPUSD,d1_adx_ge20,fixed,2025-12-10 15:13:00-05:00,-1.0388663000000093,L,2025,False
GBPUSD,h4_ma_aligned,fixed,2025-12-10 15:13:00-05:00,-1.0388663000000093,L,2025,False
GBPUSD,d1_roc20,fixed,2025-12-10 15:13:00-05:00,-1.0388663000000093,L,2025,False
GBPUSD,d1roc_h4ma,trail,2025-12-10 15:13:00-05:00,-0.11289179999997925,L,2025,False
GBPUSD,h4_ma_aligned,trail,2025-12-10 15:13:00-05:00,-0.11289179999997925,L,2025,False
GBPUSD,h4_ma_nocounter,trail,2025-12-10 15:13:00-05:00,-0.11289179999997925,L,2025,False
GBPUSD,d1_adx_lt25,fixed,2025-12-10 15:13:00-05:00,-1.0388663000000093,L,2025,False
GBPUSD,d1_adx_ge20,trail,2025-12-10 15:13:00-05:00,-0.11289179999997925,L,2025,False
GBPUSD,none,trail,2025-12-10 15:13:00-05:00,-0.11289179999997925,L,2025,False
GBPUSD,d1roc_h4ma,fixed,2025-12-10 15:13:00-05:00,-1.0388663000000093,L,2025,False
GBPUSD,d1_adx_lt25,trail,2025-12-10 15:13:00-05:00,-0.11289179999997925,L,2025,False
GBPUSD,none,fixed,2025-12-10 15:13:00-05:00,-1.0388663000000093,L,2025,False
SP500,h4_ma_aligned,fixed,2025-12-10 15:20:00-05:00,-0.9950999999999975,L,2025,False
SP500,d1_adx_lt25,trail,2025-12-10 15:20:00-05:00,-0.9950999999999975,L,2025,False
SP500,h4_ma_nocounter,fixed,2025-12-10 15:20:00-05:00,-0.9950999999999975,L,2025,False
SP500,w1_dow_nocounter,trail,2025-12-10 15:20:00-05:00,-0.9950999999999975,L,2025,False
SP500,h4_ma_nocounter,trail,2025-12-10 15:20:00-05:00,-0.9950999999999975,L,2025,False
SP500,h4_ma_aligned,trail,2025-12-10 15:20:00-05:00,-0.9950999999999975,L,2025,False
SP500,none,trail,2025-12-10 15:20:00-05:00,-0.9950999999999975,L,2025,False
USDCHF,none,trail,2025-12-10 18:51:00-05:00,1.2268879999999864,S,2025,False
USDCHF,none,fixed,2025-12-10 18:51:00-05:00,1.6038035999999685,S,2025,False
USDCHF,d1_adx_lt25,fixed,2025-12-10 18:51:00-05:00,1.6038035999999685,S,2025,False
USDCHF,d1_adx_lt25,trail,2025-12-10 18:51:00-05:00,1.2268879999999864,S,2025,False
USDJPY,d1_adx_lt25,fixed,2025-12-19 04:09:00-05:00,-1.0064050000000122,L,2025,False
USDJPY,none,fixed,2025-12-19 04:09:00-05:00,-1.0064050000000122,L,2025,False
USDJPY,none,trail,2025-12-19 04:09:00-05:00,0.49117499999997627,L,2025,False
USDJPY,w1_dow_strict,fixed,2025-12-19 04:09:00-05:00,-1.0064050000000122,L,2025,False
USDJPY,w1_dow_strict,trail,2025-12-19 04:09:00-05:00,0.49117499999997627,L,2025,False
USDJPY,w1_dow_nocounter,trail,2025-12-19 04:09:00-05:00,0.49117499999997627,L,2025,False
USDJPY,w1_dow_nocounter,fixed,2025-12-19 04:09:00-05:00,-1.0064050000000122,L,2025,False
USDJPY,d1_adx_lt25,trail,2025-12-19 04:09:00-05:00,0.49117499999997627,L,2025,False
USDCHF,d1_roc20,trail,2025-12-22 09:35:00-05:00,0.5973947000000002,S,2025,False
USDCHF,d1_adx_lt25,trail,2025-12-22 09:35:00-05:00,0.5973947000000002,S,2025,False
USDCHF,d1roc_h4ma,trail,2025-12-22 09:35:00-05:00,0.5973947000000002,S,2025,False
USDCHF,d1_adx_lt25,fixed,2025-12-22 09:35:00-05:00,1.5908928499999637,S,2025,False
GBPUSD,d1_adx_ge20,fixed,2025-12-22 09:35:00-05:00,1.6332697999999943,L,2025,False
GBPUSD,d1roc_h4ma,trail,2025-12-22 09:35:00-05:00,0.8305738999999991,L,2025,False
GBPUSD,d1_adx_ge20,trail,2025-12-22 09:35:00-05:00,0.8305738999999991,L,2025,False
GBPUSD,none,trail,2025-12-22 09:35:00-05:00,0.8305738999999991,L,2025,False
USDCHF,h4_ma_nocounter,fixed,2025-12-22 09:35:00-05:00,1.5908928499999637,S,2025,False
USDCHF,none,trail,2025-12-22 09:35:00-05:00,0.5973947000000002,S,2025,False
USDCHF,h4_ma_aligned,fixed,2025-12-22 09:35:00-05:00,1.5908928499999637,S,2025,False
USDCHF,none,fixed,2025-12-22 09:35:00-05:00,1.5908928499999637,S,2025,False
USDCHF,d1_roc20,fixed,2025-12-22 09:35:00-05:00,1.5908928499999637,S,2025,False
GBPUSD,none,fixed,2025-12-22 09:35:00-05:00,1.6332697999999943,L,2025,False
USDCHF,h4_ma_nocounter,trail,2025-12-22 09:35:00-05:00,0.5973947000000002,S,2025,False
USDCHF,h4_ma_aligned,trail,2025-12-22 09:35:00-05:00,0.5973947000000002,S,2025,False
GBPUSD,d1roc_h4ma,fixed,2025-12-22 09:35:00-05:00,1.6332697999999943,L,2025,False
GBPUSD,d1_roc20,trail,2025-12-22 09:35:00-05:00,0.8305738999999991,L,2025,False
GBPUSD,h4_ma_nocounter,fixed,2025-12-22 09:35:00-05:00,1.6332697999999943,L,2025,False
GBPUSD,h4_ma_nocounter,trail,2025-12-22 09:35:00-05:00,0.8305738999999991,L,2025,False
USDCHF,d1roc_h4ma,fixed,2025-12-22 09:35:00-05:00,1.5908928499999637,S,2025,False
GBPUSD,d1_roc20,fixed,2025-12-22 09:35:00-05:00,1.6332697999999943,L,2025,False
SP500,d1_roc20,trail,2025-12-22 12:00:00-05:00,-0.25585000000000274,L,2025,False
SP500,h4_ma_nocounter,fixed,2025-12-22 12:00:00-05:00,-0.9403500000000055,L,2025,False
SP500,d1_roc20,fixed,2025-12-22 12:00:00-05:00,-0.9403500000000055,L,2025,False
SP500,w1_dow_nocounter,trail,2025-12-22 12:00:00-05:00,-0.25585000000000274,L,2025,False
SP500,w1_dow_nocounter,fixed,2025-12-22 12:00:00-05:00,-0.9403500000000055,L,2025,False
SP500,h4_ma_nocounter,trail,2025-12-22 12:00:00-05:00,-0.25585000000000274,L,2025,False
SP500,d1_adx_lt25,fixed,2025-12-22 12:00:00-05:00,-0.9403500000000055,L,2025,False
SP500,none,trail,2025-12-22 12:00:00-05:00,-0.25585000000000274,L,2025,False
SP500,none,fixed,2025-12-22 12:00:00-05:00,-0.9403500000000055,L,2025,False
SP500,d1roc_h4ma,trail,2025-12-22 12:00:00-05:00,-0.25585000000000274,L,2025,False
SP500,d1_adx_lt25,trail,2025-12-22 12:00:00-05:00,-0.25585000000000274,L,2025,False
SP500,d1roc_h4ma,fixed,2025-12-22 12:00:00-05:00,-0.9403500000000055,L,2025,False
AUDUSD,none,fixed,2025-12-23 03:45:00-05:00,1.6165778499999948,L,2025,False
AUDUSD,h4_ma_nocounter,fixed,2025-12-23 03:45:00-05:00,1.6165778499999948,L,2025,False
AUDUSD,h4_ma_nocounter,trail,2025-12-23 03:45:00-05:00,0.6699859499999883,L,2025,False
AUDUSD,d1roc_h4ma,fixed,2025-12-23 03:45:00-05:00,1.6165778499999948,L,2025,False
AUDUSD,none,trail,2025-12-23 03:45:00-05:00,0.6699859499999883,L,2025,False
AUDUSD,d1roc_h4ma,trail,2025-12-23 03:45:00-05:00,0.6699859499999883,L,2025,False
AUDUSD,d1_roc20,trail,2025-12-23 03:45:00-05:00,0.6699859499999883,L,2025,False
AUDUSD,d1_adx_ge20,fixed,2025-12-23 03:45:00-05:00,1.6165778499999948,L,2025,False
AUDUSD,d1_roc20,fixed,2025-12-23 03:45:00-05:00,1.6165778499999948,L,2025,False
AUDUSD,d1_adx_ge20,trail,2025-12-23 03:45:00-05:00,0.6699859499999883,L,2025,False
EURUSD,h4_ma_nocounter,trail,2025-12-23 20:37:00-05:00,-0.7962403000000406,L,2025,False
EURUSD,none,fixed,2025-12-23 20:37:00-05:00,-1.0177535000000164,L,2025,False
EURUSD,d1_adx_ge20,fixed,2025-12-23 20:37:00-05:00,-1.0177535000000164,L,2025,False
EURUSD,none,trail,2025-12-23 20:37:00-05:00,-0.7962403000000406,L,2025,False
EURUSD,w1_dow_strict,fixed,2025-12-23 20:37:00-05:00,-1.0177535000000164,L,2025,False
EURUSD,d1roc_h4ma,trail,2025-12-23 20:37:00-05:00,-0.7962403000000406,L,2025,False
EURUSD,w1_dow_strict,trail,2025-12-23 20:37:00-05:00,-0.7962403000000406,L,2025,False
EURUSD,w1_dow_nocounter,fixed,2025-12-23 20:37:00-05:00,-1.0177535000000164,L,2025,False
EURUSD,w1_dow_nocounter,trail,2025-12-23 20:37:00-05:00,-0.7962403000000406,L,2025,False
EURUSD,d1_roc20,fixed,2025-12-23 20:37:00-05:00,-1.0177535000000164,L,2025,False
EURUSD,d1_roc20,trail,2025-12-23 20:37:00-05:00,-0.7962403000000406,L,2025,False
EURUSD,h4_ma_nocounter,fixed,2025-12-23 20:37:00-05:00,-1.0177535000000164,L,2025,False
EURUSD,d1_adx_ge20,trail,2025-12-23 20:37:00-05:00,-0.7962403000000406,L,2025,False
EURUSD,d1roc_h4ma,fixed,2025-12-23 20:37:00-05:00,-1.0177535000000164,L,2025,False
