Pair,Combo,min_trend_age,min_weekly_adx,min_h4_er,Side,EntryTime,ExitTime,R
USDJPY,age-_adx-_er-,,,,S,2021-01-04 07:46:00+00:00,2021-01-06 10:29:00-05:00,-0.4502500000000031
GBPUSD,age-_adx-_er-,,,,L,2021-01-14 17:56:00+00:00,2021-01-26 01:37:00-05:00,-0.276280650000006
USDJPY,age-_adx-_er-,,,,S,2021-01-20 15:18:00+00:00,2021-01-27 08:19:00-05:00,-0.738370000000011
GBPUSD,age-_adx-_er-,,,,L,2021-01-27 00:16:00+00:00,2021-01-28 03:54:00-05:00,-1.0126489000000085
USDCHF,age-_adx-_er-,,,,S,2021-02-16 01:25:00+00:00,2021-02-16 18:14:00-05:00,-1.0388425999999928
AUDUSD,age-_adx-_er-,,,,L,2021-02-15 03:47:00+00:00,2021-02-25 13:36:00-05:00,1.385715949999995
EURUSD,age-_adx-_er-,,,,L,2021-02-23 00:50:00+00:00,2021-02-26 06:20:00-05:00,-0.41811790000000765
GBPUSD,age-_adx-_er-,,,,L,2021-02-09 01:26:00+00:00,2021-03-01 21:51:00-05:00,0.6598194000000035
AUDUSD,age-_adx-_er-,,,,L,2021-03-17 18:46:00+00:00,2021-03-21 21:26:00-04:00,-1.0108260500000024
EURUSD,age-_adx-_er-,,,,S,2021-03-24 06:16:00+00:00,2021-04-05 09:43:00-04:00,0.43509909999999147
GBPUSD,age-_adx-_er-,,,,L,2021-04-02 03:20:00+00:00,2021-04-09 01:59:00-04:00,-1.0100108499999991
GBPUSD,age-_adx-_er-,,,,L,2021-04-19 10:58:00+00:00,2021-04-30 10:06:00-04:00,-0.30438910000000347
EURUSD,age-_adx-_er-,,,,S,2021-05-05 06:49:00+00:00,2021-05-07 10:35:00-04:00,-1.0037368500000121
GBPUSD,age-_adx-_er-,,,,L,2021-05-07 14:43:00+00:00,2021-05-26 13:09:00-04:00,1.1613312500000053
GBPUSD,age-_adx-_er-,,,,L,2021-06-01 01:12:00+00:00,2021-06-02 03:26:00-04:00,-1.0148218499999857
USDJPY,age-_adx-_er-,,,,L,2021-06-30 18:03:00+00:00,2021-07-06 20:39:00-04:00,-1.001670000000008
GBPUSD,age-_adx-_er-,,,,L,2021-07-09 20:07:00+00:00,2021-07-16 03:31:00-04:00,-0.6352858500000104
AUDUSD,age-_adx-_er-,,,,S,2021-07-01 06:35:00+00:00,2021-07-29 03:11:00-04:00,0.6023583499999944
USDJPY,age-_adx-_er-,,,,L,2021-08-10 13:49:00+00:00,2021-08-13 03:02:00-04:00,-0.1526399999999982
AUDUSD,age-_adx-_er-,,,,S,2021-08-10 01:56:00+00:00,2021-08-25 14:11:00-04:00,0.41453794999999793
USDJPY,age-_adx-_er-,,,,L,2021-08-26 13:41:00+00:00,2021-08-31 08:35:00-04:00,-0.6455550000000011
USDJPY,age-_adx-_er-,,,,L,2021-09-08 06:02:00+00:00,2021-09-09 13:00:00-04:00,-1.001890000000012
AUDUSD,age-_adx-_er-,,,,S,2021-09-29 12:36:00+00:00,2021-10-07 03:13:00-04:00,-0.9026452499999995
USDCHF,age-_adx-_er-,,,,L,2021-09-29 14:57:00+00:00,2021-10-11 09:42:00-04:00,-0.6973226000000006
EURUSD,age-_adx-_er-,,,,S,2021-10-06 07:53:00+00:00,2021-10-13 13:28:00-04:00,-0.3194886500000115
USDJPY,age-_adx-_er-,,,,L,2021-09-23 12:53:00+00:00,2021-10-21 08:53:00-04:00,3.9488399999999975
AUDUSD,age-_adx-_er-,,,,L,2021-10-28 14:28:00+00:00,2021-11-02 02:03:00-04:00,-0.7299608999999998
USDJPY,age-_adx-_er-,,,,L,2021-11-01 05:40:00+00:00,2021-11-05 11:30:00-04:00,-0.803335000000008
USDJPY,age-_adx-_er-,,,,L,2021-11-16 14:01:00+00:00,2021-11-19 05:04:00-05:00,-0.8251249999999898
USDCHF,age-_adx-_er-,,,,L,2021-11-10 18:04:00+00:00,2021-11-26 05:57:00-05:00,1.1678326500000025
USDJPY,age-_adx-_er-,,,,L,2021-11-23 02:14:00+00:00,2021-11-26 09:47:00-05:00,-0.9965550000000002
EURUSD,age-_adx-_er-,,,,S,2021-11-04 15:25:00+00:00,2021-11-30 02:57:00-05:00,2.5969325000000163
GBPUSD,age-_adx-_er-,,,,S,2021-11-04 12:01:00+00:00,2021-11-30 04:27:00-05:00,0.8228593500000027
GBPUSD,age-_adx-_er-,,,,S,2021-12-08 11:17:00+00:00,2021-12-15 03:47:00-05:00,-0.8812004000000054
EURUSD,age-_adx-_er-,,,,S,2021-12-15 19:01:00+00:00,2021-12-16 07:45:00-05:00,-1.0056241000000095
USDCHF,age-_adx-_er-,,,,L,2021-12-15 19:00:00+00:00,2021-12-16 23:03:00-05:00,-1.0230174999999948
USDJPY,age-_adx-_er-,,,,L,2021-12-15 18:10:00+00:00,2021-12-17 07:52:00-05:00,-1.0020199999999926
USDJPY,age-_adx-_er-,,,,L,2021-12-22 08:25:00+00:00,2022-01-03 06:10:00-05:00,0.652150000000008
EURUSD,age-_adx-_er-,,,,S,2022-01-04 12:24:00+00:00,2022-01-07 10:20:00-05:00,-0.650761050000004
USDCHF,age-_adx-_er-,,,,L,2022-01-10 13:59:00+00:00,2022-01-12 10:00:00-05:00,-0.6331199000000021
USDCHF,age-_adx-_er-,,,,L,2022-01-27 10:23:00+00:00,2022-01-31 13:08:00-05:00,0.058743249999998755
GBPUSD,age-_adx-_er-,,,,S,2022-01-27 05:17:00+00:00,2022-02-01 15:17:00-05:00,-0.4121055999999947
EURUSD,age-_adx-_er-,,,,S,2022-01-25 11:45:00+00:00,2022-02-03 08:46:00-05:00,-1.0062595999999788
USDJPY,age-_adx-_er-,,,,L,2022-01-27 09:20:00+00:00,2022-02-17 03:28:00-05:00,-0.030320000000001075
USDJPY,age-_adx-_er-,,,,L,2022-03-03 08:15:00+00:00,2022-03-04 11:37:00-05:00,-0.9992350000000115
EURUSD,age-_adx-_er-,,,,S,2022-02-24 00:56:00+00:00,2022-03-16 07:44:00-04:00,2.9925480499999826
GBPUSD,age-_adx-_er-,,,,S,2022-02-15 14:57:00+00:00,2022-03-17 07:10:00-04:00,1.9211630499999977
USDCHF,age-_adx-_er-,,,,L,2022-03-08 09:46:00+00:00,2022-03-24 19:23:00-04:00,0.025327549999997218
EURUSD,age-_adx-_er-,,,,S,2022-03-28 01:22:00+00:00,2022-03-29 05:45:00-04:00,-0.43903020000000226
USDJPY,age-_adx-_er-,,,,L,2022-03-09 00:16:00+00:00,2022-03-31 10:59:00-04:00,4.761634999999996
GBPUSD,age-_adx-_er-,,,,S,2022-04-06 06:09:00+00:00,2022-04-13 11:30:00-04:00,-0.05343569999999692
EURUSD,age-_adx-_er-,,,,S,2022-04-05 14:19:00+00:00,2022-04-21 03:43:00-04:00,0.08782074999999749
USDJPY,age-_adx-_er-,,,,L,2022-04-11 06:16:00+00:00,2022-04-25 09:47:00-04:00,1.5908899999999973
EURUSD,age-_adx-_er-,,,,S,2022-04-25 06:13:00+00:00,2022-05-04 14:43:00-04:00,1.0032002499999972
USDJPY,age-_adx-_er-,,,,L,2022-04-28 03:13:00+00:00,2022-05-04 14:46:00-04:00,0.11643499999999872
GBPUSD,age-_adx-_er-,,,,S,2022-04-22 06:47:00+00:00,2022-05-04 15:49:00-04:00,2.043360049999994
USDJPY,age-_adx-_er-,,,,L,2022-05-09 06:53:00+00:00,2022-05-11 05:01:00-04:00,-0.5538650000000029
GBPUSD,age-_adx-_er-,,,,S,2022-05-05 11:40:00+00:00,2022-05-17 03:09:00-04:00,0.04834270000000818
USDCHF,age-_adx-_er-,,,,L,2022-04-14 11:53:00+00:00,2022-05-18 10:43:00-04:00,6.235663450000008
EURUSD,age-_adx-_er-,,,,S,2022-05-12 07:12:00+00:00,2022-05-19 09:45:00-04:00,-0.5144758500000023
GBPUSD,age-_adx-_er-,,,,S,2022-06-07 05:56:00+00:00,2022-06-07 11:54:00-04:00,-1.0096838999999846
USDJPY,age-_adx-_er-,,,,L,2022-06-01 14:11:00+00:00,2022-06-15 15:29:00-04:00,1.1624849999999993
EURUSD,age-_adx-_er-,,,,S,2022-06-09 17:19:00+00:00,2022-06-16 11:13:00-04:00,0.8665895999999931
GBPUSD,age-_adx-_er-,,,,S,2022-06-10 11:34:00+00:00,2022-06-24 10:02:00-04:00,0.6797027500000032
AUDUSD,age-_adx-_er-,,,,S,2022-07-11 12:32:00+00:00,2022-07-15 10:36:00-04:00,-0.32302584999999867
EURUSD,age-_adx-_er-,,,,S,2022-07-05 08:06:00+00:00,2022-07-18 03:07:00-04:00,1.8282288999999992
GBPUSD,age-_adx-_er-,,,,S,2022-06-29 09:59:00+00:00,2022-07-18 05:41:00-04:00,1.1198625499999948
USDJPY,age-_adx-_er-,,,,L,2022-06-21 10:56:00+00:00,2022-07-21 16:17:00-04:00,0.42823499999999576
USDCHF,age-_adx-_er-,,,,S,2022-07-27 18:53:00+00:00,2022-08-03 04:54:00-04:00,0.05806459999999022
USDCHF,age-_adx-_er-,,,,S,2022-08-10 12:30:00+00:00,2022-08-22 11:25:00-04:00,-1.0114685999999964
AUDUSD,age-_adx-_er-,,,,S,2022-08-19 14:52:00+00:00,2022-08-23 10:00:00-04:00,-0.2333848999999979
EURUSD,age-_adx-_er-,,,,S,2022-08-16 11:31:00+00:00,2022-08-25 02:17:00-04:00,0.41906859999999857
GBPUSD,age-_adx-_er-,,,,S,2022-08-18 06:47:00+00:00,2022-08-26 09:07:00-04:00,0.5018798499999946
GBPUSD,age-_adx-_er-,,,,S,2022-08-28 22:09:00+00:00,2022-09-05 20:38:00-04:00,0.8662842000000001
EURUSD,age-_adx-_er-,,,,S,2022-09-05 05:04:00+00:00,2022-09-07 13:05:00-04:00,-0.48652970000000223
AUDUSD,age-_adx-_er-,,,,S,2022-08-29 01:21:00+00:00,2022-09-09 00:50:00-04:00,0.1673521000000021
USDCHF,age-_adx-_er-,,,,S,2022-09-09 08:41:00+00:00,2022-09-14 15:00:00-04:00,-0.1951151500000014
USDJPY,age-_adx-_er-,,,,L,2022-08-18 16:59:00+00:00,2022-09-22 04:20:00-04:00,2.3295450000000053
USDJPY,age-_adx-_er-,,,,L,2022-10-03 04:02:00+00:00,2022-10-03 11:15:00-04:00,-0.6999199999999979
GBPUSD,age-_adx-_er-,,,,S,2022-09-16 07:39:00+00:00,2022-10-04 01:54:00-04:00,0.2145998500000045
EURUSD,age-_adx-_er-,,,,S,2022-09-21 18:00:00+00:00,2022-10-04 02:06:00-04:00,0.051565999999997614
AUDUSD,age-_adx-_er-,,,,S,2022-09-15 19:11:00+00:00,2022-10-04 02:39:00-04:00,0.8023643000000032
AUDUSD,age-_adx-_er-,,,,S,2022-10-07 19:13:00+00:00,2022-10-14 02:45:00-04:00,0.08985270000000084
USDJPY,age-_adx-_er-,,,,L,2022-10-07 12:51:00+00:00,2022-10-21 11:14:00-04:00,1.5573400000000013
USDJPY,age-_adx-_er-,,,,L,2022-12-13 00:28:00+00:00,2022-12-13 08:30:00-05:00,-0.9925150000000041
AUDUSD,age-_adx-_er-,,,,S,2022-12-20 03:51:00+00:00,2022-12-21 21:42:00-05:00,-0.35748739999999957
USDJPY,age-_adx-_er-,,,,L,2023-01-06 09:21:00+00:00,2023-01-12 04:19:00-05:00,-0.6387199999999996
AUDUSD,age-_adx-_er-,,,,L,2023-01-25 00:30:00+00:00,2023-02-03 08:45:00-05:00,-0.42252715000000146
EURUSD,age-_adx-_er-,,,,L,2023-02-01 19:38:00+00:00,2023-02-03 14:51:00-05:00,-1.004094749999998
EURUSD,age-_adx-_er-,,,,L,2023-03-06 16:55:00+00:00,2023-03-07 10:55:00-05:00,-1.0044650999999922
EURUSD,age-_adx-_er-,,,,L,2023-03-10 15:33:00+00:00,2023-03-15 09:29:00-04:00,-1.0029635999999942
GBPUSD,age-_adx-_er-,,,,L,2023-03-10 14:38:00+00:00,2023-04-02 19:49:00-04:00,0.8642110499999999
EURUSD,age-_adx-_er-,,,,L,2023-03-21 10:57:00+00:00,2023-04-07 08:35:00-04:00,0.5097165999999929
USDCHF,age-_adx-_er-,,,,S,2023-04-12 12:30:00+00:00,2023-04-19 05:32:00-04:00,0.08603980000000444
USDCHF,age-_adx-_er-,,,,S,2023-04-26 13:24:00+00:00,2023-04-27 04:12:00-04:00,-0.7331342499999893
EURUSD,age-_adx-_er-,,,,L,2023-04-12 12:31:00+00:00,2023-04-28 08:39:00-04:00,-0.06862609999998659
USDCHF,age-_adx-_er-,,,,S,2023-05-03 18:02:00+00:00,2023-05-11 04:05:00-04:00,-0.648650600000003
USDCHF,age-_adx-_er-,,,,S,2023-06-08 13:24:00+00:00,2023-06-12 12:34:00-04:00,-0.9037684499999952
EURUSD,age-_adx-_er-,,,,L,2023-06-08 15:30:00+00:00,2023-06-20 09:04:00-04:00,1.140070849999999
EURUSD,age-_adx-_er-,,,,L,2023-06-21 16:51:00+00:00,2023-06-23 03:15:00-04:00,-1.0083158999999875
USDCHF,age-_adx-_er-,,,,S,2023-06-14 13:24:00+00:00,2023-06-23 03:17:00-04:00,-0.1489468000000085
USDJPY,age-_adx-_er-,,,,L,2023-06-15 01:01:00+00:00,2023-07-06 00:37:00-04:00,2.4364849999999976
EURUSD,age-_adx-_er-,,,,L,2023-07-11 01:31:00+00:00,2023-07-19 02:42:00-04:00,1.0629094500000078
USDCHF,age-_adx-_er-,,,,S,2023-07-07 14:34:00+00:00,2023-07-20 09:06:00-04:00,3.1314566999999998
GBPUSD,age-_adx-_er-,,,,L,2023-07-07 16:43:00+00:00,2023-07-27 15:01:00-04:00,-0.2962142
USDCHF,age-_adx-_er-,,,,S,2023-07-27 10:12:00+00:00,2023-07-28 02:44:00-04:00,-1.0127403500000056
USDJPY,age-_adx-_er-,,,,L,2023-07-31 06:48:00+00:00,2023-08-03 11:14:00-04:00,0.07016499999999908
EURUSD,age-_adx-_er-,,,,L,2023-08-10 12:30:00+00:00,2023-08-14 02:01:00-04:00,-1.0046904500000158
USDCHF,age-_adx-_er-,,,,S,2023-08-10 12:31:00+00:00,2023-08-14 08:01:00-04:00,-1.0225855000000041
USDJPY,age-_adx-_er-,,,,L,2023-08-10 04:02:00+00:00,2023-08-18 12:16:00-04:00,0.5090750000000035
USDJPY,age-_adx-_er-,,,,L,2023-08-25 14:44:00+00:00,2023-09-01 08:39:00-04:00,-1.0013600000000027
USDCHF,age-_adx-_er-,,,,S,2023-08-30 13:31:00+00:00,2023-09-01 12:00:00-04:00,-0.8674732499999961
EURUSD,age-_adx-_er-,,,,L,2023-08-30 13:34:00+00:00,2023-09-01 12:04:00-04:00,-0.902192900000001
USDJPY,age-_adx-_er-,,,,L,2023-09-05 12:04:00+00:00,2023-09-10 22:34:00-04:00,-0.2689350000000021
USDJPY,age-_adx-_er-,,,,L,2023-09-15 10:29:00+00:00,2023-09-20 12:41:00-04:00,-0.18584500000000218
USDJPY,age-_adx-_er-,,,,L,2023-10-25 17:04:00+00:00,2023-10-30 03:02:00-04:00,-1.0032350000000023
USDJPY,age-_adx-_er-,,,,L,2023-10-31 12:35:00+00:00,2023-11-03 08:46:00-04:00,-0.9980900000000019
USDJPY,age-_adx-_er-,,,,L,2023-11-13 04:44:00+00:00,2023-11-17 03:39:00-05:00,-0.6595299999999935
USDJPY,age-_adx-_er-,,,,L,2024-01-05 06:19:00+00:00,2024-01-24 08:25:00-05:00,0.4252550000000052
USDJPY,age-_adx-_er-,,,,L,2024-02-05 00:37:00+00:00,2024-02-27 03:20:00-05:00,0.5048799999999918
USDJPY,age-_adx-_er-,,,,L,2024-03-19 15:38:00+00:00,2024-04-04 14:53:00-04:00,0.17280999999999835
USDJPY,age-_adx-_er-,,,,L,2024-04-10 12:30:00+00:00,2024-04-29 03:35:00-04:00,2.2739850000000077
USDJPY,age-_adx-_er-,,,,L,2024-05-22 20:44:00+00:00,2024-05-30 03:11:00-04:00,-0.21858999999999298
EURUSD,age-_adx-_er-,,,,S,2024-05-29 19:02:00+00:00,2024-06-03 10:15:00-04:00,-0.9279094000000064
EURUSD,age-_adx-_er-,,,,S,2024-06-09 22:01:00+00:00,2024-06-12 08:30:00-04:00,0.003304099999993311
EURUSD,age-_adx-_er-,,,,S,2024-06-26 13:19:00+00:00,2024-06-30 18:01:00-04:00,-0.8808768500000127
USDJPY,age-_adx-_er-,,,,L,2024-06-14 03:24:00+00:00,2024-07-04 23:19:00-04:00,1.529339999999994
EURUSD,age-_adx-_er-,,,,L,2024-08-05 07:30:00+00:00,2024-08-08 08:40:00-04:00,-0.2624534999999961
USDCHF,age-_adx-_er-,,,,S,2024-07-25 07:15:00+00:00,2024-08-12 01:49:00-04:00,1.3817619000000017
EURUSD,age-_adx-_er-,,,,L,2024-08-14 08:17:00+00:00,2024-08-29 04:04:00-04:00,0.699141149999996
GBPUSD,age-_adx-_er-,,,,L,2024-08-20 14:54:00+00:00,2024-09-03 02:34:00-04:00,0.2592926499999943
USDCHF,age-_adx-_er-,,,,S,2024-08-27 14:17:00+00:00,2024-09-11 08:30:00-04:00,-0.623077649999998
EURUSD,age-_adx-_er-,,,,L,2024-09-18 18:00:00+00:00,2024-09-30 14:12:00-04:00,-0.206751400000005
GBPUSD,age-_adx-_er-,,,,L,2024-09-18 13:13:00+00:00,2024-10-01 06:09:00-04:00,0.3049459500000014
GBPUSD,age-_adx-_er-,,,,L,2024-11-05 21:59:00+00:00,2024-11-06 07:32:00-05:00,-1.0066119000000093
USDCHF,age-_adx-_er-,,,,S,2024-11-27 16:49:00+00:00,2024-12-01 22:23:00-05:00,-0.3124963500000024
USDJPY,age-_adx-_er-,,,,S,2024-11-26 12:15:00+00:00,2024-12-04 04:24:00-05:00,1.4397500000000005
USDCHF,age-_adx-_er-,,,,S,2024-12-05 15:57:00+00:00,2024-12-10 04:09:00-05:00,-0.11066095000000185
USDJPY,age-_adx-_er-,,,,L,2024-12-26 14:41:00+00:00,2025-01-10 10:17:00-05:00,-0.1804250000000044
GBPUSD,age-_adx-_er-,,,,S,2025-01-02 08:23:00+00:00,2025-01-15 08:30:00-05:00,2.3648822999999903
EURUSD,age-_adx-_er-,,,,S,2025-01-10 13:33:00+00:00,2025-01-20 08:31:00-05:00,-0.6152648499999991
USDCHF,age-_adx-_er-,,,,L,2024-12-27 17:07:00+00:00,2025-01-20 08:32:00-05:00,0.6707354500000021
USDCHF,age-_adx-_er-,,,,L,2025-02-02 22:01:00+00:00,2025-02-05 02:29:00-05:00,-1.0488744499999956
GBPUSD,age-_adx-_er-,,,,S,2025-02-28 18:25:00+00:00,2025-03-03 12:55:00-05:00,-1.0084504999999877
EURUSD,age-_adx-_er-,,,,S,2025-02-27 17:48:00+00:00,2025-03-04 06:51:00-05:00,-1.0039106000000082
EURUSD,age-_adx-_er-,,,,L,2025-03-18 08:14:00+00:00,2025-03-20 09:28:00-04:00,-1.004185650000004
USDCHF,age-_adx-_er-,,,,S,2025-03-04 09:29:00+00:00,2025-03-24 11:32:00-04:00,0.5466916500000063
GBPUSD,age-_adx-_er-,,,,S,2025-03-21 15:52:00+00:00,2025-03-27 08:30:00-04:00,-0.5449460000000034
GBPUSD,age-_adx-_er-,,,,S,2025-04-04 17:07:00+00:00,2025-04-15 00:26:00-04:00,-1.003991000000003
USDCHF,age-_adx-_er-,,,,S,2025-04-03 03:24:00+00:00,2025-04-22 17:52:00-04:00,5.256991500000003
EURUSD,age-_adx-_er-,,,,L,2025-04-03 06:34:00+00:00,2025-04-22 18:06:00-04:00,2.157975649999994
USDCHF,age-_adx-_er-,,,,S,2025-05-07 14:44:00+00:00,2025-05-08 02:33:00-04:00,-0.5347447499999983
EURUSD,age-_adx-_er-,,,,L,2025-05-25 23:19:00+00:00,2025-05-28 19:36:00-04:00,-1.0043124499999996
EURUSD,age-_adx-_er-,,,,L,2025-06-02 07:24:00+00:00,2025-06-17 13:45:00-04:00,0.3341569500000013
EURUSD,age-_adx-_er-,,,,L,2025-06-24 14:24:00+00:00,2025-07-07 12:23:00-04:00,0.4721990999999974
USDCHF,age-_adx-_er-,,,,S,2025-06-02 07:42:00+00:00,2025-07-07 12:56:00-04:00,1.2445255000000004
EURUSD,age-_adx-_er-,,,,L,2025-07-22 14:54:00+00:00,2025-07-29 02:34:00-04:00,-1.0033732999999936
USDCHF,age-_adx-_er-,,,,S,2025-07-22 15:10:00+00:00,2025-07-29 02:57:00-04:00,-1.01475535
USDJPY,age-_adx-_er-,,,,L,2025-07-30 18:48:00+00:00,2025-08-01 10:00:00-04:00,-0.4158050000000015
EURUSD,age-_adx-_er-,,,,L,2025-08-13 07:09:00+00:00,2025-08-19 21:26:00-04:00,-0.6274251999999947
USDCHF,age-_adx-_er-,,,,S,2025-08-13 07:30:00+00:00,2025-08-19 22:46:00-04:00,-0.5757538500000011
USDJPY,age-_adx-_er-,,,,L,2025-08-22 01:16:00+00:00,2025-08-22 10:19:00-04:00,-0.9988600000000121
EURUSD,age-_adx-_er-,,,,L,2025-08-22 15:27:00+00:00,2025-08-25 14:56:00-04:00,-1.0052121999999988
USDCHF,age-_adx-_er-,,,,S,2025-08-22 14:18:00+00:00,2025-09-02 03:56:00-04:00,-0.20559305000000833
USDJPY,age-_adx-_er-,,,,L,2025-09-02 08:07:00+00:00,2025-09-05 08:30:00-04:00,-0.4643699999999908
EURUSD,age-_adx-_er-,,,,L,2025-09-05 12:30:00+00:00,2025-09-11 05:40:00-04:00,-0.42552605000000043
EURUSD,age-_adx-_er-,,,,L,2025-09-16 03:31:00+00:00,2025-09-25 08:30:00-04:00,-0.45862189999999287
USDCHF,age-_adx-_er-,,,,S,2025-09-05 13:12:00+00:00,2025-09-25 08:31:00-04:00,0.13456644999999365
USDJPY,age-_adx-_er-,,,,L,2025-09-18 13:40:00+00:00,2025-10-01 01:00:00-04:00,-0.6059099999999993
AUDUSD,age-_adx-_er-,,,,L,2025-09-30 14:48:00+00:00,2025-10-07 07:36:00-04:00,-0.4008817999999959
USDJPY,age-_adx-_er-,,,,L,2025-10-06 03:21:00+00:00,2025-10-14 22:08:00-04:00,0.3548599999999981
USDCHF,age-_adx-_er-,,,,S,2025-10-16 01:20:00+00:00,2025-10-21 05:55:00-04:00,0.011446850000007567
AUDUSD,age-_adx-_er-,,,,L,2025-10-24 12:30:00+00:00,2025-11-03 09:30:00-05:00,0.14667409999998657
USDJPY,age-_adx-_er-,,,,L,2025-10-30 06:40:00+00:00,2025-11-06 12:07:00-05:00,-0.1835149999999987
USDJPY,age-_adx-_er-,,,,L,2025-11-11 01:28:00+00:00,2025-11-14 08:20:00-05:00,-0.4921050000000015
GBPUSD,age-_adx-_er-,,,,S,2025-11-19 15:39:00+00:00,2025-11-25 02:42:00-05:00,-0.374881299999999
EURUSD,age-_adx-_er-,,,,L,2025-12-03 10:15:00+00:00,2025-12-19 08:21:00-05:00,0.4655310999999967
USDJPY,age-_adx-_er0.2,,,0.2,S,2021-01-04 07:46:00+00:00,2021-01-06 10:29:00-05:00,-0.4502500000000031
GBPUSD,age-_adx-_er0.2,,,0.2,L,2021-01-14 17:56:00+00:00,2021-01-26 01:37:00-05:00,-0.276280650000006
EURUSD,age-_adx-_er0.2,,,0.2,L,2021-02-23 00:50:00+00:00,2021-02-26 06:20:00-05:00,-0.41811790000000765
GBPUSD,age-_adx-_er0.2,,,0.2,L,2021-02-09 01:26:00+00:00,2021-03-01 21:51:00-05:00,0.6598194000000035
EURUSD,age-_adx-_er0.2,,,0.2,S,2021-03-24 06:16:00+00:00,2021-04-05 09:43:00-04:00,0.43509909999999147
GBPUSD,age-_adx-_er0.2,,,0.2,L,2021-04-02 03:20:00+00:00,2021-04-09 01:59:00-04:00,-1.0100108499999991
GBPUSD,age-_adx-_er0.2,,,0.2,L,2021-04-19 10:58:00+00:00,2021-04-30 10:06:00-04:00,-0.30438910000000347
EURUSD,age-_adx-_er0.2,,,0.2,S,2021-05-05 06:49:00+00:00,2021-05-07 10:35:00-04:00,-1.0037368500000121
GBPUSD,age-_adx-_er0.2,,,0.2,L,2021-05-07 14:43:00+00:00,2021-05-26 13:09:00-04:00,1.1613312500000053
GBPUSD,age-_adx-_er0.2,,,0.2,L,2021-06-01 01:12:00+00:00,2021-06-02 03:26:00-04:00,-1.0148218499999857
GBPUSD,age-_adx-_er0.2,,,0.2,L,2021-07-09 20:07:00+00:00,2021-07-16 03:31:00-04:00,-0.6352858500000104
AUDUSD,age-_adx-_er0.2,,,0.2,S,2021-07-01 06:35:00+00:00,2021-07-29 03:11:00-04:00,0.6023583499999944
USDJPY,age-_adx-_er0.2,,,0.2,L,2021-08-10 13:49:00+00:00,2021-08-13 03:02:00-04:00,-0.1526399999999982
AUDUSD,age-_adx-_er0.2,,,0.2,S,2021-08-10 01:56:00+00:00,2021-08-25 14:11:00-04:00,0.41453794999999793
USDJPY,age-_adx-_er0.2,,,0.2,L,2021-09-08 06:02:00+00:00,2021-09-09 13:00:00-04:00,-1.001890000000012
USDCHF,age-_adx-_er0.2,,,0.2,L,2021-09-29 14:57:00+00:00,2021-10-11 09:42:00-04:00,-0.6973226000000006
USDJPY,age-_adx-_er0.2,,,0.2,L,2021-11-16 14:01:00+00:00,2021-11-19 05:04:00-05:00,-0.8251249999999898
USDCHF,age-_adx-_er0.2,,,0.2,L,2021-11-10 18:04:00+00:00,2021-11-26 05:57:00-05:00,1.1678326500000025
USDJPY,age-_adx-_er0.2,,,0.2,L,2021-11-23 02:14:00+00:00,2021-11-26 09:47:00-05:00,-0.9965550000000002
GBPUSD,age-_adx-_er0.2,,,0.2,S,2021-11-23 12:16:00+00:00,2021-11-30 04:27:00-05:00,-0.08226574999999743
EURUSD,age-_adx-_er0.2,,,0.2,S,2021-12-15 19:01:00+00:00,2021-12-16 07:45:00-05:00,-1.0056241000000095
USDCHF,age-_adx-_er0.2,,,0.2,L,2021-12-15 19:00:00+00:00,2021-12-16 23:03:00-05:00,-1.0230174999999948
USDJPY,age-_adx-_er0.2,,,0.2,L,2021-12-15 18:10:00+00:00,2021-12-17 07:52:00-05:00,-1.0020199999999926
USDJPY,age-_adx-_er0.2,,,0.2,L,2021-12-22 08:25:00+00:00,2022-01-03 06:10:00-05:00,0.652150000000008
USDCHF,age-_adx-_er0.2,,,0.2,L,2022-01-10 13:59:00+00:00,2022-01-12 10:00:00-05:00,-0.6331199000000021
USDCHF,age-_adx-_er0.2,,,0.2,L,2022-01-27 10:23:00+00:00,2022-01-31 13:08:00-05:00,0.058743249999998755
GBPUSD,age-_adx-_er0.2,,,0.2,S,2022-01-27 05:17:00+00:00,2022-02-01 15:17:00-05:00,-0.4121055999999947
EURUSD,age-_adx-_er0.2,,,0.2,S,2022-01-25 11:45:00+00:00,2022-02-03 08:46:00-05:00,-1.0062595999999788
USDJPY,age-_adx-_er0.2,,,0.2,L,2022-01-27 09:20:00+00:00,2022-02-17 03:28:00-05:00,-0.030320000000001075
GBPUSD,age-_adx-_er0.2,,,0.2,S,2022-02-24 07:27:00+00:00,2022-03-17 07:10:00-04:00,1.8508794999999967
USDCHF,age-_adx-_er0.2,,,0.2,L,2022-03-08 09:46:00+00:00,2022-03-24 19:23:00-04:00,0.025327549999997218
EURUSD,age-_adx-_er0.2,,,0.2,S,2022-03-28 01:22:00+00:00,2022-03-29 05:45:00-04:00,-0.43903020000000226
GBPUSD,age-_adx-_er0.2,,,0.2,S,2022-04-06 06:09:00+00:00,2022-04-13 11:30:00-04:00,-0.05343569999999692
EURUSD,age-_adx-_er0.2,,,0.2,S,2022-04-05 14:19:00+00:00,2022-04-21 03:43:00-04:00,0.08782074999999749
USDJPY,age-_adx-_er0.2,,,0.2,L,2022-04-11 06:16:00+00:00,2022-04-25 09:47:00-04:00,1.5908899999999973
USDJPY,age-_adx-_er0.2,,,0.2,L,2022-06-01 14:11:00+00:00,2022-06-15 15:29:00-04:00,1.1624849999999993
GBPUSD,age-_adx-_er0.2,,,0.2,S,2022-06-29 09:59:00+00:00,2022-07-18 05:41:00-04:00,1.1198625499999948
USDJPY,age-_adx-_er0.2,,,0.2,L,2022-06-21 10:56:00+00:00,2022-07-21 16:17:00-04:00,0.42823499999999576
AUDUSD,age-_adx-_er0.2,,,0.2,S,2022-08-19 14:52:00+00:00,2022-08-23 10:00:00-04:00,-0.2333848999999979
EURUSD,age-_adx-_er0.2,,,0.2,S,2022-08-16 11:31:00+00:00,2022-08-25 02:17:00-04:00,0.41906859999999857
GBPUSD,age-_adx-_er0.2,,,0.2,S,2022-08-18 06:47:00+00:00,2022-08-26 09:07:00-04:00,0.5018798499999946
GBPUSD,age-_adx-_er0.2,,,0.2,S,2022-08-28 22:09:00+00:00,2022-09-05 20:38:00-04:00,0.8662842000000001
EURUSD,age-_adx-_er0.2,,,0.2,S,2022-09-05 05:04:00+00:00,2022-09-07 13:05:00-04:00,-0.48652970000000223
USDCHF,age-_adx-_er0.2,,,0.2,S,2022-09-09 08:41:00+00:00,2022-09-14 15:00:00-04:00,-0.1951151500000014
USDJPY,age-_adx-_er0.2,,,0.2,L,2022-08-18 16:59:00+00:00,2022-09-22 04:20:00-04:00,2.3295450000000053
GBPUSD,age-_adx-_er0.2,,,0.2,S,2022-09-16 07:39:00+00:00,2022-10-04 01:54:00-04:00,0.2145998500000045
EURUSD,age-_adx-_er0.2,,,0.2,S,2022-09-21 18:00:00+00:00,2022-10-04 02:06:00-04:00,0.051565999999997614
AUDUSD,age-_adx-_er0.2,,,0.2,S,2022-09-15 19:11:00+00:00,2022-10-04 02:39:00-04:00,0.8023643000000032
AUDUSD,age-_adx-_er0.2,,,0.2,S,2022-10-07 19:13:00+00:00,2022-10-14 02:45:00-04:00,0.08985270000000084
USDJPY,age-_adx-_er0.2,,,0.2,L,2022-12-13 00:28:00+00:00,2022-12-13 08:30:00-05:00,-0.9925150000000041
AUDUSD,age-_adx-_er0.2,,,0.2,S,2022-12-20 03:51:00+00:00,2022-12-21 21:42:00-05:00,-0.35748739999999957
USDJPY,age-_adx-_er0.2,,,0.2,L,2023-01-06 09:21:00+00:00,2023-01-12 04:19:00-05:00,-0.6387199999999996
AUDUSD,age-_adx-_er0.2,,,0.2,L,2023-01-25 00:30:00+00:00,2023-02-03 08:45:00-05:00,-0.42252715000000146
EURUSD,age-_adx-_er0.2,,,0.2,L,2023-03-21 10:57:00+00:00,2023-04-07 08:35:00-04:00,0.5097165999999929
EURUSD,age-_adx-_er0.2,,,0.2,L,2023-04-26 13:24:00+00:00,2023-04-28 08:39:00-04:00,-0.7088958999999881
USDCHF,age-_adx-_er0.2,,,0.2,S,2023-06-08 13:24:00+00:00,2023-06-12 12:34:00-04:00,-0.9037684499999952
EURUSD,age-_adx-_er0.2,,,0.2,L,2023-06-08 15:30:00+00:00,2023-06-20 09:04:00-04:00,1.140070849999999
USDJPY,age-_adx-_er0.2,,,0.2,L,2023-06-15 01:01:00+00:00,2023-07-06 00:37:00-04:00,2.4364849999999976
EURUSD,age-_adx-_er0.2,,,0.2,L,2023-07-11 01:31:00+00:00,2023-07-19 02:42:00-04:00,1.0629094500000078
GBPUSD,age-_adx-_er0.2,,,0.2,L,2023-07-07 16:43:00+00:00,2023-07-27 15:01:00-04:00,-0.2962142
USDCHF,age-_adx-_er0.2,,,0.2,S,2023-07-27 10:12:00+00:00,2023-07-28 02:44:00-04:00,-1.0127403500000056
EURUSD,age-_adx-_er0.2,,,0.2,L,2023-08-10 12:30:00+00:00,2023-08-14 02:01:00-04:00,-1.0046904500000158
USDJPY,age-_adx-_er0.2,,,0.2,L,2023-08-10 04:02:00+00:00,2023-08-18 12:16:00-04:00,0.5090750000000035
USDCHF,age-_adx-_er0.2,,,0.2,S,2023-08-30 13:31:00+00:00,2023-09-01 12:00:00-04:00,-0.8674732499999961
EURUSD,age-_adx-_er0.2,,,0.2,L,2023-08-30 13:34:00+00:00,2023-09-01 12:04:00-04:00,-0.902192900000001
USDJPY,age-_adx-_er0.2,,,0.2,L,2023-09-05 12:04:00+00:00,2023-09-10 22:34:00-04:00,-0.2689350000000021
USDJPY,age-_adx-_er0.2,,,0.2,L,2023-09-15 10:29:00+00:00,2023-09-20 12:41:00-04:00,-0.18584500000000218
USDJPY,age-_adx-_er0.2,,,0.2,L,2023-11-13 04:44:00+00:00,2023-11-17 03:39:00-05:00,-0.6595299999999935
USDJPY,age-_adx-_er0.2,,,0.2,L,2024-01-05 06:19:00+00:00,2024-01-24 08:25:00-05:00,0.4252550000000052
USDJPY,age-_adx-_er0.2,,,0.2,L,2024-03-19 15:38:00+00:00,2024-04-04 14:53:00-04:00,0.17280999999999835
USDJPY,age-_adx-_er0.2,,,0.2,L,2024-04-10 12:30:00+00:00,2024-04-29 03:35:00-04:00,2.2739850000000077
USDJPY,age-_adx-_er0.2,,,0.2,L,2024-05-22 20:44:00+00:00,2024-05-30 03:11:00-04:00,-0.21858999999999298
EURUSD,age-_adx-_er0.2,,,0.2,S,2024-05-29 19:02:00+00:00,2024-06-03 10:15:00-04:00,-0.9279094000000064
EURUSD,age-_adx-_er0.2,,,0.2,S,2024-06-09 22:01:00+00:00,2024-06-12 08:30:00-04:00,0.003304099999993311
USDJPY,age-_adx-_er0.2,,,0.2,L,2024-06-20 07:44:00+00:00,2024-07-04 23:19:00-04:00,0.9791649999999947
EURUSD,age-_adx-_er0.2,,,0.2,L,2024-08-05 07:30:00+00:00,2024-08-08 08:40:00-04:00,-0.2624534999999961
USDCHF,age-_adx-_er0.2,,,0.2,S,2024-07-25 07:15:00+00:00,2024-08-12 01:49:00-04:00,1.3817619000000017
EURUSD,age-_adx-_er0.2,,,0.2,L,2024-08-14 08:17:00+00:00,2024-08-29 04:04:00-04:00,0.699141149999996
GBPUSD,age-_adx-_er0.2,,,0.2,L,2024-08-20 14:54:00+00:00,2024-09-03 02:34:00-04:00,0.2592926499999943
USDCHF,age-_adx-_er0.2,,,0.2,S,2024-08-27 14:17:00+00:00,2024-09-11 08:30:00-04:00,-0.623077649999998
EURUSD,age-_adx-_er0.2,,,0.2,L,2024-09-18 18:00:00+00:00,2024-09-30 14:12:00-04:00,-0.206751400000005
GBPUSD,age-_adx-_er0.2,,,0.2,L,2024-09-18 13:13:00+00:00,2024-10-01 06:09:00-04:00,0.3049459500000014
GBPUSD,age-_adx-_er0.2,,,0.2,L,2024-11-05 21:59:00+00:00,2024-11-06 07:32:00-05:00,-1.0066119000000093
USDCHF,age-_adx-_er0.2,,,0.2,S,2024-11-27 16:49:00+00:00,2024-12-01 22:23:00-05:00,-0.3124963500000024
USDCHF,age-_adx-_er0.2,,,0.2,S,2024-12-05 15:57:00+00:00,2024-12-10 04:09:00-05:00,-0.11066095000000185
USDJPY,age-_adx-_er0.2,,,0.2,L,2024-12-26 14:41:00+00:00,2025-01-10 10:17:00-05:00,-0.1804250000000044
EURUSD,age-_adx-_er0.2,,,0.2,S,2025-01-10 13:33:00+00:00,2025-01-20 08:31:00-05:00,-0.6152648499999991
USDCHF,age-_adx-_er0.2,,,0.2,L,2025-01-10 10:35:00+00:00,2025-01-20 08:32:00-05:00,-0.33155330000000144
USDCHF,age-_adx-_er0.2,,,0.2,L,2025-02-02 22:01:00+00:00,2025-02-05 02:29:00-05:00,-1.0488744499999956
GBPUSD,age-_adx-_er0.2,,,0.2,S,2025-02-28 18:25:00+00:00,2025-03-03 12:55:00-05:00,-1.0084504999999877
USDCHF,age-_adx-_er0.2,,,0.2,S,2025-03-20 02:16:00+00:00,2025-03-24 11:32:00-04:00,-0.816633699999996
USDCHF,age-_adx-_er0.2,,,0.2,S,2025-04-21 02:27:00+00:00,2025-04-22 17:52:00-04:00,-1.0133132000000007
EURUSD,age-_adx-_er0.2,,,0.2,L,2025-04-03 06:34:00+00:00,2025-04-22 18:06:00-04:00,2.157975649999994
EURUSD,age-_adx-_er0.2,,,0.2,L,2025-05-25 23:19:00+00:00,2025-05-28 19:36:00-04:00,-1.0043124499999996
EURUSD,age-_adx-_er0.2,,,0.2,L,2025-06-11 16:38:00+00:00,2025-06-17 13:45:00-04:00,-0.05365419999999459
EURUSD,age-_adx-_er0.2,,,0.2,L,2025-06-24 14:24:00+00:00,2025-07-07 12:23:00-04:00,0.4721990999999974
USDCHF,age-_adx-_er0.2,,,0.2,S,2025-06-02 07:42:00+00:00,2025-07-07 12:56:00-04:00,1.2445255000000004
EURUSD,age-_adx-_er0.2,,,0.2,L,2025-07-22 14:54:00+00:00,2025-07-29 02:34:00-04:00,-1.0033732999999936
USDCHF,age-_adx-_er0.2,,,0.2,S,2025-07-22 15:10:00+00:00,2025-07-29 02:57:00-04:00,-1.01475535
USDJPY,age-_adx-_er0.2,,,0.2,L,2025-07-30 18:48:00+00:00,2025-08-01 10:00:00-04:00,-0.4158050000000015
USDJPY,age-_adx-_er0.2,,,0.2,L,2025-08-22 01:16:00+00:00,2025-08-22 10:19:00-04:00,-0.9988600000000121
EURUSD,age-_adx-_er0.2,,,0.2,L,2025-09-16 03:31:00+00:00,2025-09-25 08:30:00-04:00,-0.45862189999999287
USDCHF,age-_adx-_er0.2,,,0.2,S,2025-09-05 13:12:00+00:00,2025-09-25 08:31:00-04:00,0.13456644999999365
AUDUSD,age-_adx-_er0.2,,,0.2,L,2025-09-30 14:48:00+00:00,2025-10-07 07:36:00-04:00,-0.4008817999999959
USDJPY,age-_adx-_er0.2,,,0.2,L,2025-10-06 03:21:00+00:00,2025-10-14 22:08:00-04:00,0.3548599999999981
USDCHF,age-_adx-_er0.2,,,0.2,S,2025-10-16 01:20:00+00:00,2025-10-21 05:55:00-04:00,0.011446850000007567
GBPUSD,age-_adx-_er0.2,,,0.2,S,2025-11-19 15:39:00+00:00,2025-11-25 02:42:00-05:00,-0.374881299999999
EURUSD,age-_adx-_er0.2,,,0.2,L,2025-12-03 10:15:00+00:00,2025-12-19 08:21:00-05:00,0.4655310999999967
USDJPY,age-_adx-_er0.35,,,0.35,S,2021-01-04 07:46:00+00:00,2021-01-06 10:29:00-05:00,-0.4502500000000031
GBPUSD,age-_adx-_er0.35,,,0.35,L,2021-01-14 17:56:00+00:00,2021-01-26 01:37:00-05:00,-0.276280650000006
EURUSD,age-_adx-_er0.35,,,0.35,L,2021-02-23 00:50:00+00:00,2021-02-26 06:20:00-05:00,-0.41811790000000765
GBPUSD,age-_adx-_er0.35,,,0.35,L,2021-05-07 14:43:00+00:00,2021-05-26 13:09:00-04:00,1.1613312500000053
GBPUSD,age-_adx-_er0.35,,,0.35,L,2021-06-01 01:12:00+00:00,2021-06-02 03:26:00-04:00,-1.0148218499999857
AUDUSD,age-_adx-_er0.35,,,0.35,S,2021-07-01 06:35:00+00:00,2021-07-29 03:11:00-04:00,0.6023583499999944
USDJPY,age-_adx-_er0.35,,,0.35,L,2021-08-10 13:49:00+00:00,2021-08-13 03:02:00-04:00,-0.1526399999999982
USDCHF,age-_adx-_er0.35,,,0.35,L,2021-09-29 14:57:00+00:00,2021-10-11 09:42:00-04:00,-0.6973226000000006
GBPUSD,age-_adx-_er0.35,,,0.35,S,2021-11-23 12:16:00+00:00,2021-11-30 04:27:00-05:00,-0.08226574999999743
USDJPY,age-_adx-_er0.35,,,0.35,L,2021-12-15 18:10:00+00:00,2021-12-17 07:52:00-05:00,-1.0020199999999926
USDCHF,age-_adx-_er0.35,,,0.35,L,2022-01-27 10:23:00+00:00,2022-01-31 13:08:00-05:00,0.058743249999998755
GBPUSD,age-_adx-_er0.35,,,0.35,S,2022-01-27 05:17:00+00:00,2022-02-01 15:17:00-05:00,-0.4121055999999947
USDJPY,age-_adx-_er0.35,,,0.35,L,2022-01-27 09:20:00+00:00,2022-02-17 03:28:00-05:00,-0.030320000000001075
GBPUSD,age-_adx-_er0.35,,,0.35,S,2022-04-06 06:09:00+00:00,2022-04-13 11:30:00-04:00,-0.05343569999999692
EURUSD,age-_adx-_er0.35,,,0.35,S,2022-04-05 14:19:00+00:00,2022-04-21 03:43:00-04:00,0.08782074999999749
USDJPY,age-_adx-_er0.35,,,0.35,L,2022-04-11 06:16:00+00:00,2022-04-25 09:47:00-04:00,1.5908899999999973
USDJPY,age-_adx-_er0.35,,,0.35,L,2022-06-01 14:11:00+00:00,2022-06-15 15:29:00-04:00,1.1624849999999993
USDJPY,age-_adx-_er0.35,,,0.35,L,2022-06-29 13:15:00+00:00,2022-07-21 16:17:00-04:00,0.26863000000000065
AUDUSD,age-_adx-_er0.35,,,0.35,S,2022-08-19 14:52:00+00:00,2022-08-23 10:00:00-04:00,-0.2333848999999979
EURUSD,age-_adx-_er0.35,,,0.35,S,2022-08-16 11:31:00+00:00,2022-08-25 02:17:00-04:00,0.41906859999999857
USDCHF,age-_adx-_er0.35,,,0.35,S,2022-09-09 08:41:00+00:00,2022-09-14 15:00:00-04:00,-0.1951151500000014
USDJPY,age-_adx-_er0.35,,,0.35,L,2022-08-18 16:59:00+00:00,2022-09-22 04:20:00-04:00,2.3295450000000053
GBPUSD,age-_adx-_er0.35,,,0.35,S,2022-09-16 07:39:00+00:00,2022-10-04 01:54:00-04:00,0.2145998500000045
EURUSD,age-_adx-_er0.35,,,0.35,S,2022-09-21 18:00:00+00:00,2022-10-04 02:06:00-04:00,0.051565999999997614
AUDUSD,age-_adx-_er0.35,,,0.35,S,2022-09-15 19:11:00+00:00,2022-10-04 02:39:00-04:00,0.8023643000000032
AUDUSD,age-_adx-_er0.35,,,0.35,S,2022-12-20 03:51:00+00:00,2022-12-21 21:42:00-05:00,-0.35748739999999957
USDJPY,age-_adx-_er0.35,,,0.35,L,2023-01-06 09:21:00+00:00,2023-01-12 04:19:00-05:00,-0.6387199999999996
AUDUSD,age-_adx-_er0.35,,,0.35,L,2023-01-25 00:30:00+00:00,2023-02-03 08:45:00-05:00,-0.42252715000000146
EURUSD,age-_adx-_er0.35,,,0.35,L,2023-03-21 10:57:00+00:00,2023-04-07 08:35:00-04:00,0.5097165999999929
EURUSD,age-_adx-_er0.35,,,0.35,L,2023-07-11 01:31:00+00:00,2023-07-19 02:42:00-04:00,1.0629094500000078
USDCHF,age-_adx-_er0.35,,,0.35,S,2023-07-27 10:12:00+00:00,2023-07-28 02:44:00-04:00,-1.0127403500000056
USDJPY,age-_adx-_er0.35,,,0.35,L,2023-08-10 04:02:00+00:00,2023-08-18 12:16:00-04:00,0.5090750000000035
USDCHF,age-_adx-_er0.35,,,0.35,S,2023-08-30 13:31:00+00:00,2023-09-01 12:00:00-04:00,-0.8674732499999961
EURUSD,age-_adx-_er0.35,,,0.35,L,2023-08-30 13:34:00+00:00,2023-09-01 12:04:00-04:00,-0.902192900000001
USDJPY,age-_adx-_er0.35,,,0.35,L,2023-11-13 04:44:00+00:00,2023-11-17 03:39:00-05:00,-0.6595299999999935
USDJPY,age-_adx-_er0.35,,,0.35,L,2024-01-05 06:19:00+00:00,2024-01-24 08:25:00-05:00,0.4252550000000052
USDJPY,age-_adx-_er0.35,,,0.35,L,2024-03-19 15:38:00+00:00,2024-04-04 14:53:00-04:00,0.17280999999999835
USDJPY,age-_adx-_er0.35,,,0.35,L,2024-05-22 20:44:00+00:00,2024-05-30 03:11:00-04:00,-0.21858999999999298
EURUSD,age-_adx-_er0.35,,,0.35,S,2024-06-09 22:01:00+00:00,2024-06-12 08:30:00-04:00,0.003304099999993311
EURUSD,age-_adx-_er0.35,,,0.35,L,2024-08-05 07:30:00+00:00,2024-08-08 08:40:00-04:00,-0.2624534999999961
EURUSD,age-_adx-_er0.35,,,0.35,L,2024-08-14 08:17:00+00:00,2024-08-29 04:04:00-04:00,0.699141149999996
GBPUSD,age-_adx-_er0.35,,,0.35,L,2024-08-20 14:54:00+00:00,2024-09-03 02:34:00-04:00,0.2592926499999943
USDCHF,age-_adx-_er0.35,,,0.35,S,2024-08-27 14:17:00+00:00,2024-09-11 08:30:00-04:00,-0.623077649999998
GBPUSD,age-_adx-_er0.35,,,0.35,L,2024-11-05 21:59:00+00:00,2024-11-06 07:32:00-05:00,-1.0066119000000093
USDCHF,age-_adx-_er0.35,,,0.35,S,2024-11-27 16:49:00+00:00,2024-12-01 22:23:00-05:00,-0.3124963500000024
USDJPY,age-_adx-_er0.35,,,0.35,L,2024-12-26 14:41:00+00:00,2025-01-10 10:17:00-05:00,-0.1804250000000044
EURUSD,age-_adx-_er0.35,,,0.35,S,2025-01-10 13:33:00+00:00,2025-01-20 08:31:00-05:00,-0.6152648499999991
USDCHF,age-_adx-_er0.35,,,0.35,L,2025-01-10 10:35:00+00:00,2025-01-20 08:32:00-05:00,-0.33155330000000144
USDCHF,age-_adx-_er0.35,,,0.35,L,2025-02-02 22:05:00+00:00,2025-02-05 02:29:00-05:00,-1.016084899999999
USDCHF,age-_adx-_er0.35,,,0.35,S,2025-03-20 02:16:00+00:00,2025-03-24 11:32:00-04:00,-0.816633699999996
EURUSD,age-_adx-_er0.35,,,0.35,L,2025-04-21 00:11:00+00:00,2025-04-22 18:06:00-04:00,-1.0039280000000026
USDCHF,age-_adx-_er0.35,,,0.35,S,2025-06-24 14:18:00+00:00,2025-07-07 12:56:00-04:00,0.48568665000000266
EURUSD,age-_adx-_er0.35,,,0.35,L,2025-07-22 14:54:00+00:00,2025-07-29 02:34:00-04:00,-1.0033732999999936
USDCHF,age-_adx-_er0.35,,,0.35,S,2025-07-22 15:10:00+00:00,2025-07-29 02:57:00-04:00,-1.01475535
EURUSD,age-_adx-_er0.35,,,0.35,L,2025-09-16 03:31:00+00:00,2025-09-25 08:30:00-04:00,-0.45862189999999287
USDCHF,age-_adx-_er0.35,,,0.35,S,2025-09-16 09:10:00+00:00,2025-09-25 08:31:00-04:00,-0.6453850999999965
AUDUSD,age-_adx-_er0.35,,,0.35,L,2025-09-30 14:48:00+00:00,2025-10-07 07:36:00-04:00,-0.4008817999999959
EURUSD,age-_adx-_er0.35,,,0.35,L,2025-12-03 10:15:00+00:00,2025-12-19 08:21:00-05:00,0.4655310999999967
USDJPY,age-_adx25_er-,,25.0,,S,2021-01-04 07:46:00+00:00,2021-01-06 10:29:00-05:00,-0.4502500000000031
USDJPY,age-_adx25_er-,,25.0,,S,2021-01-20 15:18:00+00:00,2021-01-27 08:19:00-05:00,-0.738370000000011
USDCHF,age-_adx25_er-,,25.0,,S,2021-02-16 01:25:00+00:00,2021-02-16 18:14:00-05:00,-1.0388425999999928
AUDUSD,age-_adx25_er-,,25.0,,L,2021-02-15 03:47:00+00:00,2021-02-25 13:36:00-05:00,1.385715949999995
EURUSD,age-_adx25_er-,,25.0,,L,2021-02-23 00:50:00+00:00,2021-02-26 06:20:00-05:00,-0.41811790000000765
AUDUSD,age-_adx25_er-,,25.0,,L,2021-03-17 18:46:00+00:00,2021-03-21 21:26:00-04:00,-1.0108260500000024
EURUSD,age-_adx25_er-,,25.0,,S,2021-03-24 06:16:00+00:00,2021-04-05 09:43:00-04:00,0.43509909999999147
GBPUSD,age-_adx25_er-,,25.0,,L,2021-04-02 03:20:00+00:00,2021-04-09 01:59:00-04:00,-1.0100108499999991
GBPUSD,age-_adx25_er-,,25.0,,L,2021-04-19 10:58:00+00:00,2021-04-30 10:06:00-04:00,-0.30438910000000347
EURUSD,age-_adx25_er-,,25.0,,S,2021-05-05 06:49:00+00:00,2021-05-07 10:35:00-04:00,-1.0037368500000121
GBPUSD,age-_adx25_er-,,25.0,,L,2021-05-07 14:43:00+00:00,2021-05-26 13:09:00-04:00,1.1613312500000053
GBPUSD,age-_adx25_er-,,25.0,,L,2021-06-01 01:12:00+00:00,2021-06-02 03:26:00-04:00,-1.0148218499999857
USDJPY,age-_adx25_er-,,25.0,,L,2021-06-30 18:03:00+00:00,2021-07-06 20:39:00-04:00,-1.001670000000008
GBPUSD,age-_adx25_er-,,25.0,,L,2021-07-09 20:07:00+00:00,2021-07-16 03:31:00-04:00,-0.6352858500000104
AUDUSD,age-_adx25_er-,,25.0,,S,2021-07-01 06:35:00+00:00,2021-07-29 03:11:00-04:00,0.6023583499999944
USDJPY,age-_adx25_er-,,25.0,,L,2021-08-10 13:49:00+00:00,2021-08-13 03:02:00-04:00,-0.1526399999999982
AUDUSD,age-_adx25_er-,,25.0,,S,2021-08-10 01:56:00+00:00,2021-08-25 14:11:00-04:00,0.41453794999999793
USDJPY,age-_adx25_er-,,25.0,,L,2021-08-26 13:41:00+00:00,2021-08-31 08:35:00-04:00,-0.6455550000000011
AUDUSD,age-_adx25_er-,,25.0,,S,2021-09-29 12:36:00+00:00,2021-10-07 03:13:00-04:00,-0.9026452499999995
AUDUSD,age-_adx25_er-,,25.0,,L,2021-10-28 14:28:00+00:00,2021-11-02 02:03:00-04:00,-0.7299608999999998
USDJPY,age-_adx25_er-,,25.0,,L,2021-11-01 05:40:00+00:00,2021-11-05 11:30:00-04:00,-0.803335000000008
USDJPY,age-_adx25_er-,,25.0,,L,2021-11-16 14:01:00+00:00,2021-11-19 05:04:00-05:00,-0.8251249999999898
USDJPY,age-_adx25_er-,,25.0,,L,2021-11-23 02:14:00+00:00,2021-11-26 09:47:00-05:00,-0.9965550000000002
EURUSD,age-_adx25_er-,,25.0,,S,2021-12-15 19:01:00+00:00,2021-12-16 07:45:00-05:00,-1.0056241000000095
USDJPY,age-_adx25_er-,,25.0,,L,2021-12-15 18:10:00+00:00,2021-12-17 07:52:00-05:00,-1.0020199999999926
USDJPY,age-_adx25_er-,,25.0,,L,2021-12-22 08:25:00+00:00,2022-01-03 06:10:00-05:00,0.652150000000008
EURUSD,age-_adx25_er-,,25.0,,S,2022-01-04 12:24:00+00:00,2022-01-07 10:20:00-05:00,-0.650761050000004
EURUSD,age-_adx25_er-,,25.0,,S,2022-01-25 11:45:00+00:00,2022-02-03 08:46:00-05:00,-1.0062595999999788
USDJPY,age-_adx25_er-,,25.0,,L,2022-01-27 09:20:00+00:00,2022-02-17 03:28:00-05:00,-0.030320000000001075
USDJPY,age-_adx25_er-,,25.0,,L,2022-03-03 08:15:00+00:00,2022-03-04 11:37:00-05:00,-0.9992350000000115
EURUSD,age-_adx25_er-,,25.0,,S,2022-02-24 00:56:00+00:00,2022-03-16 07:44:00-04:00,2.9925480499999826
EURUSD,age-_adx25_er-,,25.0,,S,2022-03-28 01:22:00+00:00,2022-03-29 05:45:00-04:00,-0.43903020000000226
USDJPY,age-_adx25_er-,,25.0,,L,2022-03-09 00:16:00+00:00,2022-03-31 10:59:00-04:00,4.761634999999996
EURUSD,age-_adx25_er-,,25.0,,S,2022-04-05 14:19:00+00:00,2022-04-21 03:43:00-04:00,0.08782074999999749
USDJPY,age-_adx25_er-,,25.0,,L,2022-04-11 06:16:00+00:00,2022-04-25 09:47:00-04:00,1.5908899999999973
EURUSD,age-_adx25_er-,,25.0,,S,2022-04-25 06:13:00+00:00,2022-05-04 14:43:00-04:00,1.0032002499999972
USDJPY,age-_adx25_er-,,25.0,,L,2022-04-28 03:13:00+00:00,2022-05-04 14:46:00-04:00,0.11643499999999872
USDJPY,age-_adx25_er-,,25.0,,L,2022-05-09 06:53:00+00:00,2022-05-11 05:01:00-04:00,-0.5538650000000029
GBPUSD,age-_adx25_er-,,25.0,,S,2022-05-05 11:40:00+00:00,2022-05-17 03:09:00-04:00,0.04834270000000818
EURUSD,age-_adx25_er-,,25.0,,S,2022-05-12 07:12:00+00:00,2022-05-19 09:45:00-04:00,-0.5144758500000023
GBPUSD,age-_adx25_er-,,25.0,,S,2022-06-07 05:56:00+00:00,2022-06-07 11:54:00-04:00,-1.0096838999999846
USDJPY,age-_adx25_er-,,25.0,,L,2022-06-01 14:11:00+00:00,2022-06-15 15:29:00-04:00,1.1624849999999993
EURUSD,age-_adx25_er-,,25.0,,S,2022-06-09 17:19:00+00:00,2022-06-16 11:13:00-04:00,0.8665895999999931
GBPUSD,age-_adx25_er-,,25.0,,S,2022-06-10 11:34:00+00:00,2022-06-24 10:02:00-04:00,0.6797027500000032
EURUSD,age-_adx25_er-,,25.0,,S,2022-07-05 08:06:00+00:00,2022-07-18 03:07:00-04:00,1.8282288999999992
GBPUSD,age-_adx25_er-,,25.0,,S,2022-06-29 09:59:00+00:00,2022-07-18 05:41:00-04:00,1.1198625499999948
USDJPY,age-_adx25_er-,,25.0,,L,2022-06-21 10:56:00+00:00,2022-07-21 16:17:00-04:00,0.42823499999999576
USDCHF,age-_adx25_er-,,25.0,,S,2022-07-27 18:53:00+00:00,2022-08-03 04:54:00-04:00,0.05806459999999022
USDCHF,age-_adx25_er-,,25.0,,S,2022-08-10 12:30:00+00:00,2022-08-22 11:25:00-04:00,-1.0114685999999964
EURUSD,age-_adx25_er-,,25.0,,S,2022-08-16 11:31:00+00:00,2022-08-25 02:17:00-04:00,0.41906859999999857
GBPUSD,age-_adx25_er-,,25.0,,S,2022-08-18 06:47:00+00:00,2022-08-26 09:07:00-04:00,0.5018798499999946
GBPUSD,age-_adx25_er-,,25.0,,S,2022-08-28 22:09:00+00:00,2022-09-05 20:38:00-04:00,0.8662842000000001
EURUSD,age-_adx25_er-,,25.0,,S,2022-09-05 05:04:00+00:00,2022-09-07 13:05:00-04:00,-0.48652970000000223
USDCHF,age-_adx25_er-,,25.0,,S,2022-09-09 08:41:00+00:00,2022-09-14 15:00:00-04:00,-0.1951151500000014
USDJPY,age-_adx25_er-,,25.0,,L,2022-08-18 16:59:00+00:00,2022-09-22 04:20:00-04:00,2.3295450000000053
USDJPY,age-_adx25_er-,,25.0,,L,2022-10-03 04:02:00+00:00,2022-10-03 11:15:00-04:00,-0.6999199999999979
GBPUSD,age-_adx25_er-,,25.0,,S,2022-09-16 07:39:00+00:00,2022-10-04 01:54:00-04:00,0.2145998500000045
EURUSD,age-_adx25_er-,,25.0,,S,2022-09-21 18:00:00+00:00,2022-10-04 02:06:00-04:00,0.051565999999997614
USDJPY,age-_adx25_er-,,25.0,,L,2022-10-07 12:51:00+00:00,2022-10-21 11:14:00-04:00,1.5573400000000013
USDJPY,age-_adx25_er-,,25.0,,L,2022-12-13 00:28:00+00:00,2022-12-13 08:30:00-05:00,-0.9925150000000041
USDJPY,age-_adx25_er-,,25.0,,L,2023-01-06 09:21:00+00:00,2023-01-12 04:19:00-05:00,-0.6387199999999996
EURUSD,age-_adx25_er-,,25.0,,L,2023-02-01 19:38:00+00:00,2023-02-03 14:51:00-05:00,-1.004094749999998
EURUSD,age-_adx25_er-,,25.0,,L,2023-03-06 16:55:00+00:00,2023-03-07 10:55:00-05:00,-1.0044650999999922
EURUSD,age-_adx25_er-,,25.0,,L,2023-03-10 15:33:00+00:00,2023-03-15 09:29:00-04:00,-1.0029635999999942
USDCHF,age-_adx25_er-,,25.0,,S,2023-04-26 13:24:00+00:00,2023-04-27 04:12:00-04:00,-0.7331342499999893
EURUSD,age-_adx25_er-,,25.0,,L,2023-04-26 13:24:00+00:00,2023-04-28 08:39:00-04:00,-0.7088958999999881
USDCHF,age-_adx25_er-,,25.0,,S,2023-05-03 18:02:00+00:00,2023-05-11 04:05:00-04:00,-0.648650600000003
USDCHF,age-_adx25_er-,,25.0,,S,2023-06-08 13:24:00+00:00,2023-06-12 12:34:00-04:00,-0.9037684499999952
USDCHF,age-_adx25_er-,,25.0,,S,2023-06-14 13:24:00+00:00,2023-06-23 03:17:00-04:00,-0.1489468000000085
USDCHF,age-_adx25_er-,,25.0,,S,2023-07-07 14:34:00+00:00,2023-07-20 09:06:00-04:00,3.1314566999999998
USDCHF,age-_adx25_er-,,25.0,,S,2023-07-27 10:12:00+00:00,2023-07-28 02:44:00-04:00,-1.0127403500000056
USDCHF,age-_adx25_er-,,25.0,,S,2023-08-10 12:31:00+00:00,2023-08-14 08:01:00-04:00,-1.0225855000000041
USDCHF,age-_adx25_er-,,25.0,,S,2023-08-30 13:31:00+00:00,2023-09-01 12:00:00-04:00,-0.8674732499999961
USDJPY,age-_adx25_er-,,25.0,,L,2023-10-25 17:04:00+00:00,2023-10-30 03:02:00-04:00,-1.0032350000000023
USDJPY,age-_adx25_er-,,25.0,,L,2023-10-31 12:35:00+00:00,2023-11-03 08:46:00-04:00,-0.9980900000000019
USDJPY,age-_adx25_er-,,25.0,,L,2023-11-13 04:44:00+00:00,2023-11-17 03:39:00-05:00,-0.6595299999999935
USDJPY,age-_adx25_er-,,25.0,,L,2024-01-05 06:19:00+00:00,2024-01-24 08:25:00-05:00,0.4252550000000052
USDCHF,age-_adx25_er-,,25.0,,S,2024-09-06 12:31:00+00:00,2024-09-11 08:30:00-04:00,-0.7283472999999971
EURUSD,age-_adx25_er-,,25.0,,S,2025-01-10 13:33:00+00:00,2025-01-20 08:31:00-05:00,-0.6152648499999991
USDCHF,age-_adx25_er-,,25.0,,L,2025-02-02 22:01:00+00:00,2025-02-05 02:29:00-05:00,-1.0488744499999956
EURUSD,age-_adx25_er-,,25.0,,S,2025-02-27 17:48:00+00:00,2025-03-04 06:51:00-05:00,-1.0039106000000082
EURUSD,age-_adx25_er-,,25.0,,L,2025-03-18 08:14:00+00:00,2025-03-20 09:28:00-04:00,-1.004185650000004
USDCHF,age-_adx25_er-,,25.0,,S,2025-04-21 02:27:00+00:00,2025-04-22 17:52:00-04:00,-1.0133132000000007
EURUSD,age-_adx25_er-,,25.0,,L,2025-04-03 06:34:00+00:00,2025-04-22 18:06:00-04:00,2.157975649999994
USDCHF,age-_adx25_er-,,25.0,,S,2025-05-07 14:44:00+00:00,2025-05-08 02:33:00-04:00,-0.5347447499999983
EURUSD,age-_adx25_er-,,25.0,,L,2025-05-25 23:19:00+00:00,2025-05-28 19:36:00-04:00,-1.0043124499999996
EURUSD,age-_adx25_er-,,25.0,,L,2025-06-02 07:24:00+00:00,2025-06-17 13:45:00-04:00,0.3341569500000013
EURUSD,age-_adx25_er-,,25.0,,L,2025-06-24 14:24:00+00:00,2025-07-07 12:23:00-04:00,0.4721990999999974
USDCHF,age-_adx25_er-,,25.0,,S,2025-06-02 07:42:00+00:00,2025-07-07 12:56:00-04:00,1.2445255000000004
EURUSD,age-_adx25_er-,,25.0,,L,2025-07-22 14:54:00+00:00,2025-07-29 02:34:00-04:00,-1.0033732999999936
USDCHF,age-_adx25_er-,,25.0,,S,2025-07-22 15:10:00+00:00,2025-07-29 02:57:00-04:00,-1.01475535
EURUSD,age-_adx25_er-,,25.0,,L,2025-08-13 07:09:00+00:00,2025-08-19 21:26:00-04:00,-0.6274251999999947
USDCHF,age-_adx25_er-,,25.0,,S,2025-08-13 07:30:00+00:00,2025-08-19 22:46:00-04:00,-0.5757538500000011
EURUSD,age-_adx25_er-,,25.0,,L,2025-08-22 15:27:00+00:00,2025-08-25 14:56:00-04:00,-1.0052121999999988
USDCHF,age-_adx25_er-,,25.0,,S,2025-08-22 14:18:00+00:00,2025-09-02 03:56:00-04:00,-0.20559305000000833
EURUSD,age-_adx25_er-,,25.0,,L,2025-09-05 12:30:00+00:00,2025-09-11 05:40:00-04:00,-0.42552605000000043
EURUSD,age-_adx25_er-,,25.0,,L,2025-09-16 03:31:00+00:00,2025-09-25 08:30:00-04:00,-0.45862189999999287
USDCHF,age-_adx25_er-,,25.0,,S,2025-09-05 13:12:00+00:00,2025-09-25 08:31:00-04:00,0.13456644999999365
USDCHF,age-_adx25_er-,,25.0,,S,2025-10-16 01:20:00+00:00,2025-10-21 05:55:00-04:00,0.011446850000007567
USDJPY,age-_adx25_er0.2,,25.0,0.2,S,2021-01-04 07:46:00+00:00,2021-01-06 10:29:00-05:00,-0.4502500000000031
EURUSD,age-_adx25_er0.2,,25.0,0.2,L,2021-02-23 00:50:00+00:00,2021-02-26 06:20:00-05:00,-0.41811790000000765
EURUSD,age-_adx25_er0.2,,25.0,0.2,S,2021-03-24 06:16:00+00:00,2021-04-05 09:43:00-04:00,0.43509909999999147
GBPUSD,age-_adx25_er0.2,,25.0,0.2,L,2021-04-02 03:20:00+00:00,2021-04-09 01:59:00-04:00,-1.0100108499999991
GBPUSD,age-_adx25_er0.2,,25.0,0.2,L,2021-04-19 10:58:00+00:00,2021-04-30 10:06:00-04:00,-0.30438910000000347
EURUSD,age-_adx25_er0.2,,25.0,0.2,S,2021-05-05 06:49:00+00:00,2021-05-07 10:35:00-04:00,-1.0037368500000121
GBPUSD,age-_adx25_er0.2,,25.0,0.2,L,2021-05-07 14:43:00+00:00,2021-05-26 13:09:00-04:00,1.1613312500000053
GBPUSD,age-_adx25_er0.2,,25.0,0.2,L,2021-06-01 01:12:00+00:00,2021-06-02 03:26:00-04:00,-1.0148218499999857
GBPUSD,age-_adx25_er0.2,,25.0,0.2,L,2021-07-09 20:07:00+00:00,2021-07-16 03:31:00-04:00,-0.6352858500000104
AUDUSD,age-_adx25_er0.2,,25.0,0.2,S,2021-07-01 06:35:00+00:00,2021-07-29 03:11:00-04:00,0.6023583499999944
USDJPY,age-_adx25_er0.2,,25.0,0.2,L,2021-08-10 13:49:00+00:00,2021-08-13 03:02:00-04:00,-0.1526399999999982
AUDUSD,age-_adx25_er0.2,,25.0,0.2,S,2021-08-10 01:56:00+00:00,2021-08-25 14:11:00-04:00,0.41453794999999793
USDJPY,age-_adx25_er0.2,,25.0,0.2,L,2021-11-16 14:01:00+00:00,2021-11-19 05:04:00-05:00,-0.8251249999999898
USDJPY,age-_adx25_er0.2,,25.0,0.2,L,2021-11-23 02:14:00+00:00,2021-11-26 09:47:00-05:00,-0.9965550000000002
EURUSD,age-_adx25_er0.2,,25.0,0.2,S,2021-12-15 19:01:00+00:00,2021-12-16 07:45:00-05:00,-1.0056241000000095
USDJPY,age-_adx25_er0.2,,25.0,0.2,L,2021-12-15 18:10:00+00:00,2021-12-17 07:52:00-05:00,-1.0020199999999926
USDJPY,age-_adx25_er0.2,,25.0,0.2,L,2021-12-22 08:25:00+00:00,2022-01-03 06:10:00-05:00,0.652150000000008
EURUSD,age-_adx25_er0.2,,25.0,0.2,S,2022-01-25 11:45:00+00:00,2022-02-03 08:46:00-05:00,-1.0062595999999788
USDJPY,age-_adx25_er0.2,,25.0,0.2,L,2022-01-27 09:20:00+00:00,2022-02-17 03:28:00-05:00,-0.030320000000001075
EURUSD,age-_adx25_er0.2,,25.0,0.2,S,2022-03-28 01:22:00+00:00,2022-03-29 05:45:00-04:00,-0.43903020000000226
EURUSD,age-_adx25_er0.2,,25.0,0.2,S,2022-04-05 14:19:00+00:00,2022-04-21 03:43:00-04:00,0.08782074999999749
USDJPY,age-_adx25_er0.2,,25.0,0.2,L,2022-04-11 06:16:00+00:00,2022-04-25 09:47:00-04:00,1.5908899999999973
USDJPY,age-_adx25_er0.2,,25.0,0.2,L,2022-06-01 14:11:00+00:00,2022-06-15 15:29:00-04:00,1.1624849999999993
GBPUSD,age-_adx25_er0.2,,25.0,0.2,S,2022-06-29 09:59:00+00:00,2022-07-18 05:41:00-04:00,1.1198625499999948
USDJPY,age-_adx25_er0.2,,25.0,0.2,L,2022-06-21 10:56:00+00:00,2022-07-21 16:17:00-04:00,0.42823499999999576
EURUSD,age-_adx25_er0.2,,25.0,0.2,S,2022-08-16 11:31:00+00:00,2022-08-25 02:17:00-04:00,0.41906859999999857
GBPUSD,age-_adx25_er0.2,,25.0,0.2,S,2022-08-18 06:47:00+00:00,2022-08-26 09:07:00-04:00,0.5018798499999946
GBPUSD,age-_adx25_er0.2,,25.0,0.2,S,2022-08-28 22:09:00+00:00,2022-09-05 20:38:00-04:00,0.8662842000000001
EURUSD,age-_adx25_er0.2,,25.0,0.2,S,2022-09-05 05:04:00+00:00,2022-09-07 13:05:00-04:00,-0.48652970000000223
USDCHF,age-_adx25_er0.2,,25.0,0.2,S,2022-09-09 08:41:00+00:00,2022-09-14 15:00:00-04:00,-0.1951151500000014
USDJPY,age-_adx25_er0.2,,25.0,0.2,L,2022-08-18 16:59:00+00:00,2022-09-22 04:20:00-04:00,2.3295450000000053
GBPUSD,age-_adx25_er0.2,,25.0,0.2,S,2022-09-16 07:39:00+00:00,2022-10-04 01:54:00-04:00,0.2145998500000045
EURUSD,age-_adx25_er0.2,,25.0,0.2,S,2022-09-21 18:00:00+00:00,2022-10-04 02:06:00-04:00,0.051565999999997614
USDJPY,age-_adx25_er0.2,,25.0,0.2,L,2022-12-13 00:28:00+00:00,2022-12-13 08:30:00-05:00,-0.9925150000000041
USDJPY,age-_adx25_er0.2,,25.0,0.2,L,2023-01-06 09:21:00+00:00,2023-01-12 04:19:00-05:00,-0.6387199999999996
EURUSD,age-_adx25_er0.2,,25.0,0.2,L,2023-04-26 13:24:00+00:00,2023-04-28 08:39:00-04:00,-0.7088958999999881
USDCHF,age-_adx25_er0.2,,25.0,0.2,S,2023-06-08 13:24:00+00:00,2023-06-12 12:34:00-04:00,-0.9037684499999952
USDCHF,age-_adx25_er0.2,,25.0,0.2,S,2023-07-27 10:12:00+00:00,2023-07-28 02:44:00-04:00,-1.0127403500000056
USDCHF,age-_adx25_er0.2,,25.0,0.2,S,2023-08-30 13:31:00+00:00,2023-09-01 12:00:00-04:00,-0.8674732499999961
USDJPY,age-_adx25_er0.2,,25.0,0.2,L,2023-11-13 04:44:00+00:00,2023-11-17 03:39:00-05:00,-0.6595299999999935
USDJPY,age-_adx25_er0.2,,25.0,0.2,L,2024-01-05 06:19:00+00:00,2024-01-24 08:25:00-05:00,0.4252550000000052
USDCHF,age-_adx25_er0.2,,25.0,0.2,S,2024-09-06 12:31:00+00:00,2024-09-11 08:30:00-04:00,-0.7283472999999971
EURUSD,age-_adx25_er0.2,,25.0,0.2,S,2025-01-10 13:33:00+00:00,2025-01-20 08:31:00-05:00,-0.6152648499999991
USDCHF,age-_adx25_er0.2,,25.0,0.2,L,2025-02-02 22:01:00+00:00,2025-02-05 02:29:00-05:00,-1.0488744499999956
USDCHF,age-_adx25_er0.2,,25.0,0.2,S,2025-04-21 02:27:00+00:00,2025-04-22 17:52:00-04:00,-1.0133132000000007
EURUSD,age-_adx25_er0.2,,25.0,0.2,L,2025-04-03 06:34:00+00:00,2025-04-22 18:06:00-04:00,2.157975649999994
EURUSD,age-_adx25_er0.2,,25.0,0.2,L,2025-05-25 23:19:00+00:00,2025-05-28 19:36:00-04:00,-1.0043124499999996
EURUSD,age-_adx25_er0.2,,25.0,0.2,L,2025-06-11 16:38:00+00:00,2025-06-17 13:45:00-04:00,-0.05365419999999459
EURUSD,age-_adx25_er0.2,,25.0,0.2,L,2025-06-24 14:24:00+00:00,2025-07-07 12:23:00-04:00,0.4721990999999974
USDCHF,age-_adx25_er0.2,,25.0,0.2,S,2025-06-02 07:42:00+00:00,2025-07-07 12:56:00-04:00,1.2445255000000004
EURUSD,age-_adx25_er0.2,,25.0,0.2,L,2025-07-22 14:54:00+00:00,2025-07-29 02:34:00-04:00,-1.0033732999999936
USDCHF,age-_adx25_er0.2,,25.0,0.2,S,2025-07-22 15:10:00+00:00,2025-07-29 02:57:00-04:00,-1.01475535
EURUSD,age-_adx25_er0.2,,25.0,0.2,L,2025-09-16 03:31:00+00:00,2025-09-25 08:30:00-04:00,-0.45862189999999287
USDCHF,age-_adx25_er0.2,,25.0,0.2,S,2025-09-05 13:12:00+00:00,2025-09-25 08:31:00-04:00,0.13456644999999365
USDCHF,age-_adx25_er0.2,,25.0,0.2,S,2025-10-16 01:20:00+00:00,2025-10-21 05:55:00-04:00,0.011446850000007567
USDJPY,age-_adx25_er0.35,,25.0,0.35,S,2021-01-04 07:46:00+00:00,2021-01-06 10:29:00-05:00,-0.4502500000000031
EURUSD,age-_adx25_er0.35,,25.0,0.35,L,2021-02-23 00:50:00+00:00,2021-02-26 06:20:00-05:00,-0.41811790000000765
GBPUSD,age-_adx25_er0.35,,25.0,0.35,L,2021-05-07 14:43:00+00:00,2021-05-26 13:09:00-04:00,1.1613312500000053
GBPUSD,age-_adx25_er0.35,,25.0,0.35,L,2021-06-01 01:12:00+00:00,2021-06-02 03:26:00-04:00,-1.0148218499999857
AUDUSD,age-_adx25_er0.35,,25.0,0.35,S,2021-07-01 06:35:00+00:00,2021-07-29 03:11:00-04:00,0.6023583499999944
USDJPY,age-_adx25_er0.35,,25.0,0.35,L,2021-08-10 13:49:00+00:00,2021-08-13 03:02:00-04:00,-0.1526399999999982
USDJPY,age-_adx25_er0.35,,25.0,0.35,L,2021-12-15 18:10:00+00:00,2021-12-17 07:52:00-05:00,-1.0020199999999926
USDJPY,age-_adx25_er0.35,,25.0,0.35,L,2022-01-27 09:20:00+00:00,2022-02-17 03:28:00-05:00,-0.030320000000001075
EURUSD,age-_adx25_er0.35,,25.0,0.35,S,2022-04-05 14:19:00+00:00,2022-04-21 03:43:00-04:00,0.08782074999999749
USDJPY,age-_adx25_er0.35,,25.0,0.35,L,2022-04-11 06:16:00+00:00,2022-04-25 09:47:00-04:00,1.5908899999999973
USDJPY,age-_adx25_er0.35,,25.0,0.35,L,2022-06-01 14:11:00+00:00,2022-06-15 15:29:00-04:00,1.1624849999999993
USDJPY,age-_adx25_er0.35,,25.0,0.35,L,2022-06-29 13:15:00+00:00,2022-07-21 16:17:00-04:00,0.26863000000000065
EURUSD,age-_adx25_er0.35,,25.0,0.35,S,2022-08-16 11:31:00+00:00,2022-08-25 02:17:00-04:00,0.41906859999999857
USDCHF,age-_adx25_er0.35,,25.0,0.35,S,2022-09-09 08:41:00+00:00,2022-09-14 15:00:00-04:00,-0.1951151500000014
USDJPY,age-_adx25_er0.35,,25.0,0.35,L,2022-08-18 16:59:00+00:00,2022-09-22 04:20:00-04:00,2.3295450000000053
GBPUSD,age-_adx25_er0.35,,25.0,0.35,S,2022-09-16 07:39:00+00:00,2022-10-04 01:54:00-04:00,0.2145998500000045
EURUSD,age-_adx25_er0.35,,25.0,0.35,S,2022-09-21 18:00:00+00:00,2022-10-04 02:06:00-04:00,0.051565999999997614
USDJPY,age-_adx25_er0.35,,25.0,0.35,L,2023-01-06 09:21:00+00:00,2023-01-12 04:19:00-05:00,-0.6387199999999996
USDCHF,age-_adx25_er0.35,,25.0,0.35,S,2023-07-27 10:12:00+00:00,2023-07-28 02:44:00-04:00,-1.0127403500000056
USDCHF,age-_adx25_er0.35,,25.0,0.35,S,2023-08-30 13:31:00+00:00,2023-09-01 12:00:00-04:00,-0.8674732499999961
USDJPY,age-_adx25_er0.35,,25.0,0.35,L,2023-11-13 04:44:00+00:00,2023-11-17 03:39:00-05:00,-0.6595299999999935
USDJPY,age-_adx25_er0.35,,25.0,0.35,L,2024-01-05 06:19:00+00:00,2024-01-24 08:25:00-05:00,0.4252550000000052
USDCHF,age-_adx25_er0.35,,25.0,0.35,S,2024-09-06 12:31:00+00:00,2024-09-11 08:30:00-04:00,-0.7283472999999971
EURUSD,age-_adx25_er0.35,,25.0,0.35,S,2025-01-10 13:33:00+00:00,2025-01-20 08:31:00-05:00,-0.6152648499999991
EURUSD,age-_adx25_er0.35,,25.0,0.35,L,2025-04-21 00:11:00+00:00,2025-04-22 18:06:00-04:00,-1.0039280000000026
USDCHF,age-_adx25_er0.35,,25.0,0.35,S,2025-06-24 14:18:00+00:00,2025-07-07 12:56:00-04:00,0.48568665000000266
EURUSD,age-_adx25_er0.35,,25.0,0.35,L,2025-07-22 14:54:00+00:00,2025-07-29 02:34:00-04:00,-1.0033732999999936
USDCHF,age-_adx25_er0.35,,25.0,0.35,S,2025-07-22 15:10:00+00:00,2025-07-29 02:57:00-04:00,-1.01475535
EURUSD,age-_adx25_er0.35,,25.0,0.35,L,2025-09-16 03:31:00+00:00,2025-09-25 08:30:00-04:00,-0.45862189999999287
USDCHF,age-_adx25_er0.35,,25.0,0.35,S,2025-09-16 09:10:00+00:00,2025-09-25 08:31:00-04:00,-0.6453850999999965
USDJPY,age-_adx35_er-,,35.0,,S,2021-01-04 07:46:00+00:00,2021-01-06 10:29:00-05:00,-0.4502500000000031
USDJPY,age-_adx35_er-,,35.0,,S,2021-01-20 15:18:00+00:00,2021-01-27 08:19:00-05:00,-0.738370000000011
USDCHF,age-_adx35_er-,,35.0,,S,2021-02-16 01:25:00+00:00,2021-02-16 18:14:00-05:00,-1.0388425999999928
AUDUSD,age-_adx35_er-,,35.0,,L,2021-02-15 03:47:00+00:00,2021-02-25 13:36:00-05:00,1.385715949999995
EURUSD,age-_adx35_er-,,35.0,,L,2021-02-23 00:50:00+00:00,2021-02-26 06:20:00-05:00,-0.41811790000000765
AUDUSD,age-_adx35_er-,,35.0,,L,2021-03-17 18:46:00+00:00,2021-03-21 21:26:00-04:00,-1.0108260500000024
USDJPY,age-_adx35_er-,,35.0,,L,2022-04-11 06:16:00+00:00,2022-04-25 09:47:00-04:00,1.5908899999999973
EURUSD,age-_adx35_er-,,35.0,,S,2022-04-25 06:13:00+00:00,2022-05-04 14:43:00-04:00,1.0032002499999972
USDJPY,age-_adx35_er-,,35.0,,L,2022-04-28 03:13:00+00:00,2022-05-04 14:46:00-04:00,0.11643499999999872
USDJPY,age-_adx35_er-,,35.0,,L,2022-05-09 06:53:00+00:00,2022-05-11 05:01:00-04:00,-0.5538650000000029
EURUSD,age-_adx35_er-,,35.0,,S,2022-05-12 07:12:00+00:00,2022-05-19 09:45:00-04:00,-0.5144758500000023
GBPUSD,age-_adx35_er-,,35.0,,S,2022-06-07 05:56:00+00:00,2022-06-07 11:54:00-04:00,-1.0096838999999846
USDJPY,age-_adx35_er-,,35.0,,L,2022-06-01 14:11:00+00:00,2022-06-15 15:29:00-04:00,1.1624849999999993
EURUSD,age-_adx35_er-,,35.0,,S,2022-06-09 17:19:00+00:00,2022-06-16 11:13:00-04:00,0.8665895999999931
GBPUSD,age-_adx35_er-,,35.0,,S,2022-06-10 11:34:00+00:00,2022-06-24 10:02:00-04:00,0.6797027500000032
EURUSD,age-_adx35_er-,,35.0,,S,2022-07-05 08:06:00+00:00,2022-07-18 03:07:00-04:00,1.8282288999999992
GBPUSD,age-_adx35_er-,,35.0,,S,2022-06-29 09:59:00+00:00,2022-07-18 05:41:00-04:00,1.1198625499999948
USDJPY,age-_adx35_er-,,35.0,,L,2022-06-21 10:56:00+00:00,2022-07-21 16:17:00-04:00,0.42823499999999576
EURUSD,age-_adx35_er-,,35.0,,S,2022-08-16 11:31:00+00:00,2022-08-25 02:17:00-04:00,0.41906859999999857
GBPUSD,age-_adx35_er-,,35.0,,S,2022-08-18 06:47:00+00:00,2022-08-26 09:07:00-04:00,0.5018798499999946
GBPUSD,age-_adx35_er-,,35.0,,S,2022-08-28 22:09:00+00:00,2022-09-05 20:38:00-04:00,0.8662842000000001
EURUSD,age-_adx35_er-,,35.0,,S,2022-09-05 05:04:00+00:00,2022-09-07 13:05:00-04:00,-0.48652970000000223
USDJPY,age-_adx35_er-,,35.0,,L,2022-08-18 16:59:00+00:00,2022-09-22 04:20:00-04:00,2.3295450000000053
USDJPY,age-_adx35_er-,,35.0,,L,2022-10-03 04:02:00+00:00,2022-10-03 11:15:00-04:00,-0.6999199999999979
GBPUSD,age-_adx35_er-,,35.0,,S,2022-09-16 07:39:00+00:00,2022-10-04 01:54:00-04:00,0.2145998500000045
EURUSD,age-_adx35_er-,,35.0,,S,2022-09-21 18:00:00+00:00,2022-10-04 02:06:00-04:00,0.051565999999997614
USDJPY,age-_adx35_er-,,35.0,,L,2022-10-07 12:51:00+00:00,2022-10-21 11:14:00-04:00,1.5573400000000013
USDJPY,age-_adx35_er-,,35.0,,L,2022-12-13 00:28:00+00:00,2022-12-13 08:30:00-05:00,-0.9925150000000041
USDJPY,age-_adx35_er-,,35.0,,L,2023-01-06 09:21:00+00:00,2023-01-12 04:19:00-05:00,-0.6387199999999996
USDCHF,age-_adx35_er-,,35.0,,S,2023-07-27 10:12:00+00:00,2023-07-28 02:44:00-04:00,-1.0127403500000056
USDCHF,age-_adx35_er-,,35.0,,S,2023-08-10 12:31:00+00:00,2023-08-14 08:01:00-04:00,-1.0225855000000041
USDCHF,age-_adx35_er-,,35.0,,S,2023-08-30 13:31:00+00:00,2023-09-01 12:00:00-04:00,-0.8674732499999961
USDCHF,age-_adx35_er-,,35.0,,S,2025-06-02 07:42:00+00:00,2025-07-07 12:56:00-04:00,1.2445255000000004
EURUSD,age-_adx35_er-,,35.0,,L,2025-07-22 14:54:00+00:00,2025-07-29 02:34:00-04:00,-1.0033732999999936
USDCHF,age-_adx35_er-,,35.0,,S,2025-07-22 15:10:00+00:00,2025-07-29 02:57:00-04:00,-1.01475535
USDCHF,age-_adx35_er-,,35.0,,S,2025-08-13 07:30:00+00:00,2025-08-19 22:46:00-04:00,-0.5757538500000011
USDCHF,age-_adx35_er-,,35.0,,S,2025-08-22 14:18:00+00:00,2025-09-02 03:56:00-04:00,-0.20559305000000833
USDCHF,age-_adx35_er-,,35.0,,S,2025-09-05 13:12:00+00:00,2025-09-25 08:31:00-04:00,0.13456644999999365
USDCHF,age-_adx35_er-,,35.0,,S,2025-10-16 01:20:00+00:00,2025-10-21 05:55:00-04:00,0.011446850000007567
USDJPY,age-_adx35_er0.2,,35.0,0.2,S,2021-01-04 07:46:00+00:00,2021-01-06 10:29:00-05:00,-0.4502500000000031
EURUSD,age-_adx35_er0.2,,35.0,0.2,L,2021-02-23 00:50:00+00:00,2021-02-26 06:20:00-05:00,-0.41811790000000765
USDJPY,age-_adx35_er0.2,,35.0,0.2,L,2022-04-11 06:16:00+00:00,2022-04-25 09:47:00-04:00,1.5908899999999973
USDJPY,age-_adx35_er0.2,,35.0,0.2,L,2022-06-01 14:11:00+00:00,2022-06-15 15:29:00-04:00,1.1624849999999993
GBPUSD,age-_adx35_er0.2,,35.0,0.2,S,2022-06-29 09:59:00+00:00,2022-07-18 05:41:00-04:00,1.1198625499999948
USDJPY,age-_adx35_er0.2,,35.0,0.2,L,2022-06-21 10:56:00+00:00,2022-07-21 16:17:00-04:00,0.42823499999999576
EURUSD,age-_adx35_er0.2,,35.0,0.2,S,2022-08-16 11:31:00+00:00,2022-08-25 02:17:00-04:00,0.41906859999999857
GBPUSD,age-_adx35_er0.2,,35.0,0.2,S,2022-08-18 06:47:00+00:00,2022-08-26 09:07:00-04:00,0.5018798499999946
GBPUSD,age-_adx35_er0.2,,35.0,0.2,S,2022-08-28 22:09:00+00:00,2022-09-05 20:38:00-04:00,0.8662842000000001
EURUSD,age-_adx35_er0.2,,35.0,0.2,S,2022-09-05 05:04:00+00:00,2022-09-07 13:05:00-04:00,-0.48652970000000223
USDJPY,age-_adx35_er0.2,,35.0,0.2,L,2022-08-18 16:59:00+00:00,2022-09-22 04:20:00-04:00,2.3295450000000053
GBPUSD,age-_adx35_er0.2,,35.0,0.2,S,2022-09-16 07:39:00+00:00,2022-10-04 01:54:00-04:00,0.2145998500000045
EURUSD,age-_adx35_er0.2,,35.0,0.2,S,2022-09-21 18:00:00+00:00,2022-10-04 02:06:00-04:00,0.051565999999997614
USDJPY,age-_adx35_er0.2,,35.0,0.2,L,2022-12-13 00:28:00+00:00,2022-12-13 08:30:00-05:00,-0.9925150000000041
USDJPY,age-_adx35_er0.2,,35.0,0.2,L,2023-01-06 09:21:00+00:00,2023-01-12 04:19:00-05:00,-0.6387199999999996
USDCHF,age-_adx35_er0.2,,35.0,0.2,S,2023-07-27 10:12:00+00:00,2023-07-28 02:44:00-04:00,-1.0127403500000056
USDCHF,age-_adx35_er0.2,,35.0,0.2,S,2023-08-30 13:31:00+00:00,2023-09-01 12:00:00-04:00,-0.8674732499999961
USDCHF,age-_adx35_er0.2,,35.0,0.2,S,2025-06-02 07:42:00+00:00,2025-07-07 12:56:00-04:00,1.2445255000000004
EURUSD,age-_adx35_er0.2,,35.0,0.2,L,2025-07-22 14:54:00+00:00,2025-07-29 02:34:00-04:00,-1.0033732999999936
USDCHF,age-_adx35_er0.2,,35.0,0.2,S,2025-07-22 15:10:00+00:00,2025-07-29 02:57:00-04:00,-1.01475535
USDCHF,age-_adx35_er0.2,,35.0,0.2,S,2025-09-05 13:12:00+00:00,2025-09-25 08:31:00-04:00,0.13456644999999365
USDCHF,age-_adx35_er0.2,,35.0,0.2,S,2025-10-16 01:20:00+00:00,2025-10-21 05:55:00-04:00,0.011446850000007567
USDJPY,age-_adx35_er0.35,,35.0,0.35,S,2021-01-04 07:46:00+00:00,2021-01-06 10:29:00-05:00,-0.4502500000000031
EURUSD,age-_adx35_er0.35,,35.0,0.35,L,2021-02-23 00:50:00+00:00,2021-02-26 06:20:00-05:00,-0.41811790000000765
USDJPY,age-_adx35_er0.35,,35.0,0.35,L,2022-04-11 06:16:00+00:00,2022-04-25 09:47:00-04:00,1.5908899999999973
USDJPY,age-_adx35_er0.35,,35.0,0.35,L,2022-06-01 14:11:00+00:00,2022-06-15 15:29:00-04:00,1.1624849999999993
USDJPY,age-_adx35_er0.35,,35.0,0.35,L,2022-06-29 13:15:00+00:00,2022-07-21 16:17:00-04:00,0.26863000000000065
EURUSD,age-_adx35_er0.35,,35.0,0.35,S,2022-08-16 11:31:00+00:00,2022-08-25 02:17:00-04:00,0.41906859999999857
USDJPY,age-_adx35_er0.35,,35.0,0.35,L,2022-08-18 16:59:00+00:00,2022-09-22 04:20:00-04:00,2.3295450000000053
GBPUSD,age-_adx35_er0.35,,35.0,0.35,S,2022-09-16 07:39:00+00:00,2022-10-04 01:54:00-04:00,0.2145998500000045
EURUSD,age-_adx35_er0.35,,35.0,0.35,S,2022-09-21 18:00:00+00:00,2022-10-04 02:06:00-04:00,0.051565999999997614
USDJPY,age-_adx35_er0.35,,35.0,0.35,L,2023-01-06 09:21:00+00:00,2023-01-12 04:19:00-05:00,-0.6387199999999996
USDCHF,age-_adx35_er0.35,,35.0,0.35,S,2023-07-27 10:12:00+00:00,2023-07-28 02:44:00-04:00,-1.0127403500000056
USDCHF,age-_adx35_er0.35,,35.0,0.35,S,2023-08-30 13:31:00+00:00,2023-09-01 12:00:00-04:00,-0.8674732499999961
USDCHF,age-_adx35_er0.35,,35.0,0.35,S,2025-06-24 14:18:00+00:00,2025-07-07 12:56:00-04:00,0.48568665000000266
EURUSD,age-_adx35_er0.35,,35.0,0.35,L,2025-07-22 14:54:00+00:00,2025-07-29 02:34:00-04:00,-1.0033732999999936
USDCHF,age-_adx35_er0.35,,35.0,0.35,S,2025-07-22 15:10:00+00:00,2025-07-29 02:57:00-04:00,-1.01475535
USDCHF,age-_adx35_er0.35,,35.0,0.35,S,2025-09-16 09:10:00+00:00,2025-09-25 08:31:00-04:00,-0.6453850999999965
USDJPY,age16_adx-_er-,16.0,,,S,2021-01-04 07:46:00+00:00,2021-01-06 10:29:00-05:00,-0.4502500000000031
GBPUSD,age16_adx-_er-,16.0,,,L,2021-01-14 17:56:00+00:00,2021-01-26 01:37:00-05:00,-0.276280650000006
USDJPY,age16_adx-_er-,16.0,,,S,2021-01-20 15:18:00+00:00,2021-01-27 08:19:00-05:00,-0.738370000000011
GBPUSD,age16_adx-_er-,16.0,,,L,2021-01-27 00:16:00+00:00,2021-01-28 03:54:00-05:00,-1.0126489000000085
USDCHF,age16_adx-_er-,16.0,,,S,2021-02-16 01:25:00+00:00,2021-02-16 18:14:00-05:00,-1.0388425999999928
GBPUSD,age16_adx-_er-,16.0,,,L,2021-02-09 01:26:00+00:00,2021-03-01 21:51:00-05:00,0.6598194000000035
GBPUSD,age16_adx-_er-,16.0,,,L,2021-04-02 03:20:00+00:00,2021-04-09 01:59:00-04:00,-1.0100108499999991
GBPUSD,age16_adx-_er-,16.0,,,L,2021-04-19 10:58:00+00:00,2021-04-30 10:06:00-04:00,-0.30438910000000347
GBPUSD,age16_adx-_er-,16.0,,,L,2021-05-07 14:43:00+00:00,2021-05-26 13:09:00-04:00,1.1613312500000053
GBPUSD,age16_adx-_er-,16.0,,,L,2021-06-01 01:12:00+00:00,2021-06-02 03:26:00-04:00,-1.0148218499999857
GBPUSD,age16_adx-_er-,16.0,,,L,2021-07-09 20:07:00+00:00,2021-07-16 03:31:00-04:00,-0.6352858500000104
USDJPY,age16_adx-_er-,16.0,,,L,2021-11-01 05:40:00+00:00,2021-11-05 11:30:00-04:00,-0.803335000000008
USDJPY,age16_adx-_er-,16.0,,,L,2021-11-16 14:01:00+00:00,2021-11-19 05:04:00-05:00,-0.8251249999999898
USDJPY,age16_adx-_er-,16.0,,,L,2021-11-23 02:14:00+00:00,2021-11-26 09:47:00-05:00,-0.9965550000000002
USDJPY,age16_adx-_er-,16.0,,,L,2021-12-15 18:10:00+00:00,2021-12-17 07:52:00-05:00,-1.0020199999999926
USDJPY,age16_adx-_er-,16.0,,,L,2021-12-22 08:25:00+00:00,2022-01-03 06:10:00-05:00,0.652150000000008
USDCHF,age16_adx-_er-,16.0,,,L,2022-01-10 13:59:00+00:00,2022-01-12 10:00:00-05:00,-0.6331199000000021
USDCHF,age16_adx-_er-,16.0,,,L,2022-01-27 10:23:00+00:00,2022-01-31 13:08:00-05:00,0.058743249999998755
GBPUSD,age16_adx-_er-,16.0,,,S,2022-01-27 05:17:00+00:00,2022-02-01 15:17:00-05:00,-0.4121055999999947
EURUSD,age16_adx-_er-,16.0,,,S,2022-01-25 11:45:00+00:00,2022-02-03 08:46:00-05:00,-1.0062595999999788
USDJPY,age16_adx-_er-,16.0,,,L,2022-01-27 09:20:00+00:00,2022-02-17 03:28:00-05:00,-0.030320000000001075
USDJPY,age16_adx-_er-,16.0,,,L,2022-03-03 08:15:00+00:00,2022-03-04 11:37:00-05:00,-0.9992350000000115
EURUSD,age16_adx-_er-,16.0,,,S,2022-02-24 00:56:00+00:00,2022-03-16 07:44:00-04:00,2.9925480499999826
GBPUSD,age16_adx-_er-,16.0,,,S,2022-02-15 14:57:00+00:00,2022-03-17 07:10:00-04:00,1.9211630499999977
USDCHF,age16_adx-_er-,16.0,,,L,2022-03-08 09:46:00+00:00,2022-03-24 19:23:00-04:00,0.025327549999997218
EURUSD,age16_adx-_er-,16.0,,,S,2022-03-28 01:22:00+00:00,2022-03-29 05:45:00-04:00,-0.43903020000000226
USDJPY,age16_adx-_er-,16.0,,,L,2022-03-09 00:16:00+00:00,2022-03-31 10:59:00-04:00,4.761634999999996
GBPUSD,age16_adx-_er-,16.0,,,S,2022-04-06 06:09:00+00:00,2022-04-13 11:30:00-04:00,-0.05343569999999692
EURUSD,age16_adx-_er-,16.0,,,S,2022-04-05 14:19:00+00:00,2022-04-21 03:43:00-04:00,0.08782074999999749
USDJPY,age16_adx-_er-,16.0,,,L,2022-04-11 06:16:00+00:00,2022-04-25 09:47:00-04:00,1.5908899999999973
EURUSD,age16_adx-_er-,16.0,,,S,2022-04-25 06:13:00+00:00,2022-05-04 14:43:00-04:00,1.0032002499999972
USDJPY,age16_adx-_er-,16.0,,,L,2022-04-28 03:13:00+00:00,2022-05-04 14:46:00-04:00,0.11643499999999872
GBPUSD,age16_adx-_er-,16.0,,,S,2022-04-22 06:47:00+00:00,2022-05-04 15:49:00-04:00,2.043360049999994
USDJPY,age16_adx-_er-,16.0,,,L,2022-05-09 06:53:00+00:00,2022-05-11 05:01:00-04:00,-0.5538650000000029
GBPUSD,age16_adx-_er-,16.0,,,S,2022-05-05 11:40:00+00:00,2022-05-17 03:09:00-04:00,0.04834270000000818
USDCHF,age16_adx-_er-,16.0,,,L,2022-04-14 11:53:00+00:00,2022-05-18 10:43:00-04:00,6.235663450000008
EURUSD,age16_adx-_er-,16.0,,,S,2022-05-12 07:12:00+00:00,2022-05-19 09:45:00-04:00,-0.5144758500000023
GBPUSD,age16_adx-_er-,16.0,,,S,2022-06-07 05:56:00+00:00,2022-06-07 11:54:00-04:00,-1.0096838999999846
USDJPY,age16_adx-_er-,16.0,,,L,2022-06-01 14:11:00+00:00,2022-06-15 15:29:00-04:00,1.1624849999999993
EURUSD,age16_adx-_er-,16.0,,,S,2022-06-09 17:19:00+00:00,2022-06-16 11:13:00-04:00,0.8665895999999931
GBPUSD,age16_adx-_er-,16.0,,,S,2022-06-10 11:34:00+00:00,2022-06-24 10:02:00-04:00,0.6797027500000032
EURUSD,age16_adx-_er-,16.0,,,S,2022-07-05 08:06:00+00:00,2022-07-18 03:07:00-04:00,1.8282288999999992
GBPUSD,age16_adx-_er-,16.0,,,S,2022-06-29 09:59:00+00:00,2022-07-18 05:41:00-04:00,1.1198625499999948
USDJPY,age16_adx-_er-,16.0,,,L,2022-06-21 10:56:00+00:00,2022-07-21 16:17:00-04:00,0.42823499999999576
EURUSD,age16_adx-_er-,16.0,,,S,2022-08-16 11:31:00+00:00,2022-08-25 02:17:00-04:00,0.41906859999999857
GBPUSD,age16_adx-_er-,16.0,,,S,2022-08-18 06:47:00+00:00,2022-08-26 09:07:00-04:00,0.5018798499999946
GBPUSD,age16_adx-_er-,16.0,,,S,2022-08-28 22:09:00+00:00,2022-09-05 20:38:00-04:00,0.8662842000000001
EURUSD,age16_adx-_er-,16.0,,,S,2022-09-05 05:04:00+00:00,2022-09-07 13:05:00-04:00,-0.48652970000000223
USDJPY,age16_adx-_er-,16.0,,,L,2022-08-18 16:59:00+00:00,2022-09-22 04:20:00-04:00,2.3295450000000053
USDJPY,age16_adx-_er-,16.0,,,L,2022-10-03 04:02:00+00:00,2022-10-03 11:15:00-04:00,-0.6999199999999979
GBPUSD,age16_adx-_er-,16.0,,,S,2022-09-16 07:39:00+00:00,2022-10-04 01:54:00-04:00,0.2145998500000045
EURUSD,age16_adx-_er-,16.0,,,S,2022-09-21 18:00:00+00:00,2022-10-04 02:06:00-04:00,0.051565999999997614
USDJPY,age16_adx-_er-,16.0,,,L,2022-10-07 12:51:00+00:00,2022-10-21 11:14:00-04:00,1.5573400000000013
USDJPY,age16_adx-_er-,16.0,,,L,2022-12-13 00:28:00+00:00,2022-12-13 08:30:00-05:00,-0.9925150000000041
AUDUSD,age16_adx-_er-,16.0,,,S,2022-12-20 03:51:00+00:00,2022-12-21 21:42:00-05:00,-0.35748739999999957
USDJPY,age16_adx-_er-,16.0,,,L,2023-01-06 09:21:00+00:00,2023-01-12 04:19:00-05:00,-0.6387199999999996
EURUSD,age16_adx-_er-,16.0,,,L,2023-06-08 15:30:00+00:00,2023-06-20 09:04:00-04:00,1.140070849999999
EURUSD,age16_adx-_er-,16.0,,,L,2023-06-21 16:51:00+00:00,2023-06-23 03:15:00-04:00,-1.0083158999999875
EURUSD,age16_adx-_er-,16.0,,,L,2023-07-11 01:31:00+00:00,2023-07-19 02:42:00-04:00,1.0629094500000078
USDCHF,age16_adx-_er-,16.0,,,S,2023-07-27 10:12:00+00:00,2023-07-28 02:44:00-04:00,-1.0127403500000056
EURUSD,age16_adx-_er-,16.0,,,L,2023-08-10 12:30:00+00:00,2023-08-14 02:01:00-04:00,-1.0046904500000158
USDCHF,age16_adx-_er-,16.0,,,S,2023-08-10 12:31:00+00:00,2023-08-14 08:01:00-04:00,-1.0225855000000041
USDCHF,age16_adx-_er-,16.0,,,S,2023-08-30 13:31:00+00:00,2023-09-01 12:00:00-04:00,-0.8674732499999961
EURUSD,age16_adx-_er-,16.0,,,L,2023-08-30 13:34:00+00:00,2023-09-01 12:04:00-04:00,-0.902192900000001
USDJPY,age16_adx-_er-,16.0,,,L,2023-09-05 12:04:00+00:00,2023-09-10 22:34:00-04:00,-0.2689350000000021
USDJPY,age16_adx-_er-,16.0,,,L,2023-09-15 10:29:00+00:00,2023-09-20 12:41:00-04:00,-0.18584500000000218
USDJPY,age16_adx-_er-,16.0,,,L,2023-10-25 17:04:00+00:00,2023-10-30 03:02:00-04:00,-1.0032350000000023
USDJPY,age16_adx-_er-,16.0,,,L,2023-10-31 12:35:00+00:00,2023-11-03 08:46:00-04:00,-0.9980900000000019
USDJPY,age16_adx-_er-,16.0,,,L,2023-11-13 04:44:00+00:00,2023-11-17 03:39:00-05:00,-0.6595299999999935
USDJPY,age16_adx-_er-,16.0,,,L,2024-01-05 06:19:00+00:00,2024-01-24 08:25:00-05:00,0.4252550000000052
USDJPY,age16_adx-_er-,16.0,,,L,2024-02-05 00:37:00+00:00,2024-02-27 03:20:00-05:00,0.5048799999999918
USDJPY,age16_adx-_er-,16.0,,,L,2024-03-19 15:38:00+00:00,2024-04-04 14:53:00-04:00,0.17280999999999835
USDJPY,age16_adx-_er-,16.0,,,L,2024-04-10 12:30:00+00:00,2024-04-29 03:35:00-04:00,2.2739850000000077
USDJPY,age16_adx-_er-,16.0,,,L,2024-05-22 20:44:00+00:00,2024-05-30 03:11:00-04:00,-0.21858999999999298
USDJPY,age16_adx-_er-,16.0,,,L,2024-06-14 03:24:00+00:00,2024-07-04 23:19:00-04:00,1.529339999999994
GBPUSD,age16_adx-_er-,16.0,,,L,2024-11-05 21:59:00+00:00,2024-11-06 07:32:00-05:00,-1.0066119000000093
USDCHF,age16_adx-_er-,16.0,,,S,2024-11-27 16:49:00+00:00,2024-12-01 22:23:00-05:00,-0.3124963500000024
USDCHF,age16_adx-_er-,16.0,,,S,2024-12-05 15:57:00+00:00,2024-12-10 04:09:00-05:00,-0.11066095000000185
EURUSD,age16_adx-_er-,16.0,,,L,2025-06-24 14:24:00+00:00,2025-07-07 12:23:00-04:00,0.4721990999999974
USDCHF,age16_adx-_er-,16.0,,,S,2025-06-24 14:18:00+00:00,2025-07-07 12:56:00-04:00,0.48568665000000266
EURUSD,age16_adx-_er-,16.0,,,L,2025-07-22 14:54:00+00:00,2025-07-29 02:34:00-04:00,-1.0033732999999936
USDCHF,age16_adx-_er-,16.0,,,S,2025-07-22 15:10:00+00:00,2025-07-29 02:57:00-04:00,-1.01475535
EURUSD,age16_adx-_er-,16.0,,,L,2025-08-13 07:09:00+00:00,2025-08-19 21:26:00-04:00,-0.6274251999999947
USDCHF,age16_adx-_er-,16.0,,,S,2025-08-13 07:30:00+00:00,2025-08-19 22:46:00-04:00,-0.5757538500000011
EURUSD,age16_adx-_er-,16.0,,,L,2025-08-22 15:27:00+00:00,2025-08-25 14:56:00-04:00,-1.0052121999999988
USDCHF,age16_adx-_er-,16.0,,,S,2025-08-22 14:18:00+00:00,2025-09-02 03:56:00-04:00,-0.20559305000000833
EURUSD,age16_adx-_er-,16.0,,,L,2025-09-05 12:30:00+00:00,2025-09-11 05:40:00-04:00,-0.42552605000000043
EURUSD,age16_adx-_er-,16.0,,,L,2025-09-16 03:31:00+00:00,2025-09-25 08:30:00-04:00,-0.45862189999999287
USDCHF,age16_adx-_er-,16.0,,,S,2025-09-05 13:12:00+00:00,2025-09-25 08:31:00-04:00,0.13456644999999365
USDCHF,age16_adx-_er-,16.0,,,S,2025-10-16 01:20:00+00:00,2025-10-21 05:55:00-04:00,0.011446850000007567
USDJPY,age16_adx-_er-,16.0,,,L,2025-11-11 01:28:00+00:00,2025-11-14 08:20:00-05:00,-0.4921050000000015
EURUSD,age16_adx-_er-,16.0,,,L,2025-12-03 10:15:00+00:00,2025-12-19 08:21:00-05:00,0.4655310999999967
USDJPY,age16_adx-_er0.2,16.0,,0.2,S,2021-01-04 07:46:00+00:00,2021-01-06 10:29:00-05:00,-0.4502500000000031
GBPUSD,age16_adx-_er0.2,16.0,,0.2,L,2021-01-14 17:56:00+00:00,2021-01-26 01:37:00-05:00,-0.276280650000006
GBPUSD,age16_adx-_er0.2,16.0,,0.2,L,2021-02-09 01:26:00+00:00,2021-03-01 21:51:00-05:00,0.6598194000000035
GBPUSD,age16_adx-_er0.2,16.0,,0.2,L,2021-04-02 03:20:00+00:00,2021-04-09 01:59:00-04:00,-1.0100108499999991
GBPUSD,age16_adx-_er0.2,16.0,,0.2,L,2021-04-19 10:58:00+00:00,2021-04-30 10:06:00-04:00,-0.30438910000000347
GBPUSD,age16_adx-_er0.2,16.0,,0.2,L,2021-05-07 14:43:00+00:00,2021-05-26 13:09:00-04:00,1.1613312500000053
GBPUSD,age16_adx-_er0.2,16.0,,0.2,L,2021-06-01 01:12:00+00:00,2021-06-02 03:26:00-04:00,-1.0148218499999857
GBPUSD,age16_adx-_er0.2,16.0,,0.2,L,2021-07-09 20:07:00+00:00,2021-07-16 03:31:00-04:00,-0.6352858500000104
USDJPY,age16_adx-_er0.2,16.0,,0.2,L,2021-11-16 14:01:00+00:00,2021-11-19 05:04:00-05:00,-0.8251249999999898
USDJPY,age16_adx-_er0.2,16.0,,0.2,L,2021-11-23 02:14:00+00:00,2021-11-26 09:47:00-05:00,-0.9965550000000002
USDJPY,age16_adx-_er0.2,16.0,,0.2,L,2021-12-15 18:10:00+00:00,2021-12-17 07:52:00-05:00,-1.0020199999999926
USDJPY,age16_adx-_er0.2,16.0,,0.2,L,2021-12-22 08:25:00+00:00,2022-01-03 06:10:00-05:00,0.652150000000008
USDCHF,age16_adx-_er0.2,16.0,,0.2,L,2022-01-10 13:59:00+00:00,2022-01-12 10:00:00-05:00,-0.6331199000000021
USDCHF,age16_adx-_er0.2,16.0,,0.2,L,2022-01-27 10:23:00+00:00,2022-01-31 13:08:00-05:00,0.058743249999998755
GBPUSD,age16_adx-_er0.2,16.0,,0.2,S,2022-01-27 05:17:00+00:00,2022-02-01 15:17:00-05:00,-0.4121055999999947
EURUSD,age16_adx-_er0.2,16.0,,0.2,S,2022-01-25 11:45:00+00:00,2022-02-03 08:46:00-05:00,-1.0062595999999788
USDJPY,age16_adx-_er0.2,16.0,,0.2,L,2022-01-27 09:20:00+00:00,2022-02-17 03:28:00-05:00,-0.030320000000001075
GBPUSD,age16_adx-_er0.2,16.0,,0.2,S,2022-02-24 07:27:00+00:00,2022-03-17 07:10:00-04:00,1.8508794999999967
USDCHF,age16_adx-_er0.2,16.0,,0.2,L,2022-03-08 09:46:00+00:00,2022-03-24 19:23:00-04:00,0.025327549999997218
EURUSD,age16_adx-_er0.2,16.0,,0.2,S,2022-03-28 01:22:00+00:00,2022-03-29 05:45:00-04:00,-0.43903020000000226
GBPUSD,age16_adx-_er0.2,16.0,,0.2,S,2022-04-06 06:09:00+00:00,2022-04-13 11:30:00-04:00,-0.05343569999999692
EURUSD,age16_adx-_er0.2,16.0,,0.2,S,2022-04-05 14:19:00+00:00,2022-04-21 03:43:00-04:00,0.08782074999999749
USDJPY,age16_adx-_er0.2,16.0,,0.2,L,2022-04-11 06:16:00+00:00,2022-04-25 09:47:00-04:00,1.5908899999999973
USDJPY,age16_adx-_er0.2,16.0,,0.2,L,2022-06-01 14:11:00+00:00,2022-06-15 15:29:00-04:00,1.1624849999999993
GBPUSD,age16_adx-_er0.2,16.0,,0.2,S,2022-06-29 09:59:00+00:00,2022-07-18 05:41:00-04:00,1.1198625499999948
USDJPY,age16_adx-_er0.2,16.0,,0.2,L,2022-06-21 10:56:00+00:00,2022-07-21 16:17:00-04:00,0.42823499999999576
EURUSD,age16_adx-_er0.2,16.0,,0.2,S,2022-08-16 11:31:00+00:00,2022-08-25 02:17:00-04:00,0.41906859999999857
GBPUSD,age16_adx-_er0.2,16.0,,0.2,S,2022-08-18 06:47:00+00:00,2022-08-26 09:07:00-04:00,0.5018798499999946
GBPUSD,age16_adx-_er0.2,16.0,,0.2,S,2022-08-28 22:09:00+00:00,2022-09-05 20:38:00-04:00,0.8662842000000001
EURUSD,age16_adx-_er0.2,16.0,,0.2,S,2022-09-05 05:04:00+00:00,2022-09-07 13:05:00-04:00,-0.48652970000000223
USDJPY,age16_adx-_er0.2,16.0,,0.2,L,2022-08-18 16:59:00+00:00,2022-09-22 04:20:00-04:00,2.3295450000000053
GBPUSD,age16_adx-_er0.2,16.0,,0.2,S,2022-09-16 07:39:00+00:00,2022-10-04 01:54:00-04:00,0.2145998500000045
EURUSD,age16_adx-_er0.2,16.0,,0.2,S,2022-09-21 18:00:00+00:00,2022-10-04 02:06:00-04:00,0.051565999999997614
USDJPY,age16_adx-_er0.2,16.0,,0.2,L,2022-12-13 00:28:00+00:00,2022-12-13 08:30:00-05:00,-0.9925150000000041
AUDUSD,age16_adx-_er0.2,16.0,,0.2,S,2022-12-20 03:51:00+00:00,2022-12-21 21:42:00-05:00,-0.35748739999999957
USDJPY,age16_adx-_er0.2,16.0,,0.2,L,2023-01-06 09:21:00+00:00,2023-01-12 04:19:00-05:00,-0.6387199999999996
EURUSD,age16_adx-_er0.2,16.0,,0.2,L,2023-06-08 15:30:00+00:00,2023-06-20 09:04:00-04:00,1.140070849999999
EURUSD,age16_adx-_er0.2,16.0,,0.2,L,2023-07-11 01:31:00+00:00,2023-07-19 02:42:00-04:00,1.0629094500000078
USDCHF,age16_adx-_er0.2,16.0,,0.2,S,2023-07-27 10:12:00+00:00,2023-07-28 02:44:00-04:00,-1.0127403500000056
EURUSD,age16_adx-_er0.2,16.0,,0.2,L,2023-08-10 12:30:00+00:00,2023-08-14 02:01:00-04:00,-1.0046904500000158
USDCHF,age16_adx-_er0.2,16.0,,0.2,S,2023-08-30 13:31:00+00:00,2023-09-01 12:00:00-04:00,-0.8674732499999961
EURUSD,age16_adx-_er0.2,16.0,,0.2,L,2023-08-30 13:34:00+00:00,2023-09-01 12:04:00-04:00,-0.902192900000001
USDJPY,age16_adx-_er0.2,16.0,,0.2,L,2023-09-05 12:04:00+00:00,2023-09-10 22:34:00-04:00,-0.2689350000000021
USDJPY,age16_adx-_er0.2,16.0,,0.2,L,2023-09-15 10:29:00+00:00,2023-09-20 12:41:00-04:00,-0.18584500000000218
USDJPY,age16_adx-_er0.2,16.0,,0.2,L,2023-11-13 04:44:00+00:00,2023-11-17 03:39:00-05:00,-0.6595299999999935
USDJPY,age16_adx-_er0.2,16.0,,0.2,L,2024-01-05 06:19:00+00:00,2024-01-24 08:25:00-05:00,0.4252550000000052
USDJPY,age16_adx-_er0.2,16.0,,0.2,L,2024-03-19 15:38:00+00:00,2024-04-04 14:53:00-04:00,0.17280999999999835
USDJPY,age16_adx-_er0.2,16.0,,0.2,L,2024-04-10 12:30:00+00:00,2024-04-29 03:35:00-04:00,2.2739850000000077
USDJPY,age16_adx-_er0.2,16.0,,0.2,L,2024-05-22 20:44:00+00:00,2024-05-30 03:11:00-04:00,-0.21858999999999298
USDJPY,age16_adx-_er0.2,16.0,,0.2,L,2024-06-20 07:44:00+00:00,2024-07-04 23:19:00-04:00,0.9791649999999947
GBPUSD,age16_adx-_er0.2,16.0,,0.2,L,2024-11-05 21:59:00+00:00,2024-11-06 07:32:00-05:00,-1.0066119000000093
USDCHF,age16_adx-_er0.2,16.0,,0.2,S,2024-11-27 16:49:00+00:00,2024-12-01 22:23:00-05:00,-0.3124963500000024
USDCHF,age16_adx-_er0.2,16.0,,0.2,S,2024-12-05 15:57:00+00:00,2024-12-10 04:09:00-05:00,-0.11066095000000185
EURUSD,age16_adx-_er0.2,16.0,,0.2,L,2025-06-24 14:24:00+00:00,2025-07-07 12:23:00-04:00,0.4721990999999974
USDCHF,age16_adx-_er0.2,16.0,,0.2,S,2025-06-24 14:18:00+00:00,2025-07-07 12:56:00-04:00,0.48568665000000266
EURUSD,age16_adx-_er0.2,16.0,,0.2,L,2025-07-22 14:54:00+00:00,2025-07-29 02:34:00-04:00,-1.0033732999999936
USDCHF,age16_adx-_er0.2,16.0,,0.2,S,2025-07-22 15:10:00+00:00,2025-07-29 02:57:00-04:00,-1.01475535
EURUSD,age16_adx-_er0.2,16.0,,0.2,L,2025-09-16 03:31:00+00:00,2025-09-25 08:30:00-04:00,-0.45862189999999287
USDCHF,age16_adx-_er0.2,16.0,,0.2,S,2025-09-05 13:12:00+00:00,2025-09-25 08:31:00-04:00,0.13456644999999365
USDCHF,age16_adx-_er0.2,16.0,,0.2,S,2025-10-16 01:20:00+00:00,2025-10-21 05:55:00-04:00,0.011446850000007567
EURUSD,age16_adx-_er0.2,16.0,,0.2,L,2025-12-03 10:15:00+00:00,2025-12-19 08:21:00-05:00,0.4655310999999967
USDJPY,age16_adx-_er0.35,16.0,,0.35,S,2021-01-04 07:46:00+00:00,2021-01-06 10:29:00-05:00,-0.4502500000000031
GBPUSD,age16_adx-_er0.35,16.0,,0.35,L,2021-01-14 17:56:00+00:00,2021-01-26 01:37:00-05:00,-0.276280650000006
GBPUSD,age16_adx-_er0.35,16.0,,0.35,L,2021-05-07 14:43:00+00:00,2021-05-26 13:09:00-04:00,1.1613312500000053
GBPUSD,age16_adx-_er0.35,16.0,,0.35,L,2021-06-01 01:12:00+00:00,2021-06-02 03:26:00-04:00,-1.0148218499999857
USDJPY,age16_adx-_er0.35,16.0,,0.35,L,2021-12-15 18:10:00+00:00,2021-12-17 07:52:00-05:00,-1.0020199999999926
USDCHF,age16_adx-_er0.35,16.0,,0.35,L,2022-01-27 10:23:00+00:00,2022-01-31 13:08:00-05:00,0.058743249999998755
GBPUSD,age16_adx-_er0.35,16.0,,0.35,S,2022-01-27 05:17:00+00:00,2022-02-01 15:17:00-05:00,-0.4121055999999947
USDJPY,age16_adx-_er0.35,16.0,,0.35,L,2022-01-27 09:20:00+00:00,2022-02-17 03:28:00-05:00,-0.030320000000001075
GBPUSD,age16_adx-_er0.35,16.0,,0.35,S,2022-04-06 06:09:00+00:00,2022-04-13 11:30:00-04:00,-0.05343569999999692
EURUSD,age16_adx-_er0.35,16.0,,0.35,S,2022-04-05 14:19:00+00:00,2022-04-21 03:43:00-04:00,0.08782074999999749
USDJPY,age16_adx-_er0.35,16.0,,0.35,L,2022-04-11 06:16:00+00:00,2022-04-25 09:47:00-04:00,1.5908899999999973
USDJPY,age16_adx-_er0.35,16.0,,0.35,L,2022-06-01 14:11:00+00:00,2022-06-15 15:29:00-04:00,1.1624849999999993
USDJPY,age16_adx-_er0.35,16.0,,0.35,L,2022-06-29 13:15:00+00:00,2022-07-21 16:17:00-04:00,0.26863000000000065
EURUSD,age16_adx-_er0.35,16.0,,0.35,S,2022-08-16 11:31:00+00:00,2022-08-25 02:17:00-04:00,0.41906859999999857
USDJPY,age16_adx-_er0.35,16.0,,0.35,L,2022-08-18 16:59:00+00:00,2022-09-22 04:20:00-04:00,2.3295450000000053
GBPUSD,age16_adx-_er0.35,16.0,,0.35,S,2022-09-16 07:39:00+00:00,2022-10-04 01:54:00-04:00,0.2145998500000045
EURUSD,age16_adx-_er0.35,16.0,,0.35,S,2022-09-21 18:00:00+00:00,2022-10-04 02:06:00-04:00,0.051565999999997614
AUDUSD,age16_adx-_er0.35,16.0,,0.35,S,2022-12-20 03:51:00+00:00,2022-12-21 21:42:00-05:00,-0.35748739999999957
USDJPY,age16_adx-_er0.35,16.0,,0.35,L,2023-01-06 09:21:00+00:00,2023-01-12 04:19:00-05:00,-0.6387199999999996
EURUSD,age16_adx-_er0.35,16.0,,0.35,L,2023-07-11 01:31:00+00:00,2023-07-19 02:42:00-04:00,1.0629094500000078
USDCHF,age16_adx-_er0.35,16.0,,0.35,S,2023-07-27 10:12:00+00:00,2023-07-28 02:44:00-04:00,-1.0127403500000056
USDCHF,age16_adx-_er0.35,16.0,,0.35,S,2023-08-30 13:31:00+00:00,2023-09-01 12:00:00-04:00,-0.8674732499999961
EURUSD,age16_adx-_er0.35,16.0,,0.35,L,2023-08-30 13:34:00+00:00,2023-09-01 12:04:00-04:00,-0.902192900000001
USDJPY,age16_adx-_er0.35,16.0,,0.35,L,2023-11-13 04:44:00+00:00,2023-11-17 03:39:00-05:00,-0.6595299999999935
USDJPY,age16_adx-_er0.35,16.0,,0.35,L,2024-01-05 06:19:00+00:00,2024-01-24 08:25:00-05:00,0.4252550000000052
USDJPY,age16_adx-_er0.35,16.0,,0.35,L,2024-03-19 15:38:00+00:00,2024-04-04 14:53:00-04:00,0.17280999999999835
USDJPY,age16_adx-_er0.35,16.0,,0.35,L,2024-05-22 20:44:00+00:00,2024-05-30 03:11:00-04:00,-0.21858999999999298
GBPUSD,age16_adx-_er0.35,16.0,,0.35,L,2024-11-05 21:59:00+00:00,2024-11-06 07:32:00-05:00,-1.0066119000000093
USDCHF,age16_adx-_er0.35,16.0,,0.35,S,2024-11-27 16:49:00+00:00,2024-12-01 22:23:00-05:00,-0.3124963500000024
USDCHF,age16_adx-_er0.35,16.0,,0.35,S,2025-06-24 14:18:00+00:00,2025-07-07 12:56:00-04:00,0.48568665000000266
EURUSD,age16_adx-_er0.35,16.0,,0.35,L,2025-07-22 14:54:00+00:00,2025-07-29 02:34:00-04:00,-1.0033732999999936
USDCHF,age16_adx-_er0.35,16.0,,0.35,S,2025-07-22 15:10:00+00:00,2025-07-29 02:57:00-04:00,-1.01475535
EURUSD,age16_adx-_er0.35,16.0,,0.35,L,2025-09-16 03:31:00+00:00,2025-09-25 08:30:00-04:00,-0.45862189999999287
USDCHF,age16_adx-_er0.35,16.0,,0.35,S,2025-09-16 09:10:00+00:00,2025-09-25 08:31:00-04:00,-0.6453850999999965
EURUSD,age16_adx-_er0.35,16.0,,0.35,L,2025-12-03 10:15:00+00:00,2025-12-19 08:21:00-05:00,0.4655310999999967
USDJPY,age16_adx25_er-,16.0,25.0,,S,2021-01-04 07:46:00+00:00,2021-01-06 10:29:00-05:00,-0.4502500000000031
USDJPY,age16_adx25_er-,16.0,25.0,,S,2021-01-20 15:18:00+00:00,2021-01-27 08:19:00-05:00,-0.738370000000011
USDCHF,age16_adx25_er-,16.0,25.0,,S,2021-02-16 01:25:00+00:00,2021-02-16 18:14:00-05:00,-1.0388425999999928
GBPUSD,age16_adx25_er-,16.0,25.0,,L,2021-04-02 03:20:00+00:00,2021-04-09 01:59:00-04:00,-1.0100108499999991
GBPUSD,age16_adx25_er-,16.0,25.0,,L,2021-04-19 10:58:00+00:00,2021-04-30 10:06:00-04:00,-0.30438910000000347
GBPUSD,age16_adx25_er-,16.0,25.0,,L,2021-05-07 14:43:00+00:00,2021-05-26 13:09:00-04:00,1.1613312500000053
GBPUSD,age16_adx25_er-,16.0,25.0,,L,2021-06-01 01:12:00+00:00,2021-06-02 03:26:00-04:00,-1.0148218499999857
GBPUSD,age16_adx25_er-,16.0,25.0,,L,2021-07-09 20:07:00+00:00,2021-07-16 03:31:00-04:00,-0.6352858500000104
USDJPY,age16_adx25_er-,16.0,25.0,,L,2021-11-01 05:40:00+00:00,2021-11-05 11:30:00-04:00,-0.803335000000008
USDJPY,age16_adx25_er-,16.0,25.0,,L,2021-11-16 14:01:00+00:00,2021-11-19 05:04:00-05:00,-0.8251249999999898
USDJPY,age16_adx25_er-,16.0,25.0,,L,2021-11-23 02:14:00+00:00,2021-11-26 09:47:00-05:00,-0.9965550000000002
USDJPY,age16_adx25_er-,16.0,25.0,,L,2021-12-15 18:10:00+00:00,2021-12-17 07:52:00-05:00,-1.0020199999999926
USDJPY,age16_adx25_er-,16.0,25.0,,L,2021-12-22 08:25:00+00:00,2022-01-03 06:10:00-05:00,0.652150000000008
EURUSD,age16_adx25_er-,16.0,25.0,,S,2022-01-25 11:45:00+00:00,2022-02-03 08:46:00-05:00,-1.0062595999999788
USDJPY,age16_adx25_er-,16.0,25.0,,L,2022-01-27 09:20:00+00:00,2022-02-17 03:28:00-05:00,-0.030320000000001075
USDJPY,age16_adx25_er-,16.0,25.0,,L,2022-03-03 08:15:00+00:00,2022-03-04 11:37:00-05:00,-0.9992350000000115
EURUSD,age16_adx25_er-,16.0,25.0,,S,2022-02-24 00:56:00+00:00,2022-03-16 07:44:00-04:00,2.9925480499999826
EURUSD,age16_adx25_er-,16.0,25.0,,S,2022-03-28 01:22:00+00:00,2022-03-29 05:45:00-04:00,-0.43903020000000226
USDJPY,age16_adx25_er-,16.0,25.0,,L,2022-03-09 00:16:00+00:00,2022-03-31 10:59:00-04:00,4.761634999999996
EURUSD,age16_adx25_er-,16.0,25.0,,S,2022-04-05 14:19:00+00:00,2022-04-21 03:43:00-04:00,0.08782074999999749
USDJPY,age16_adx25_er-,16.0,25.0,,L,2022-04-11 06:16:00+00:00,2022-04-25 09:47:00-04:00,1.5908899999999973
EURUSD,age16_adx25_er-,16.0,25.0,,S,2022-04-25 06:13:00+00:00,2022-05-04 14:43:00-04:00,1.0032002499999972
USDJPY,age16_adx25_er-,16.0,25.0,,L,2022-04-28 03:13:00+00:00,2022-05-04 14:46:00-04:00,0.11643499999999872
USDJPY,age16_adx25_er-,16.0,25.0,,L,2022-05-09 06:53:00+00:00,2022-05-11 05:01:00-04:00,-0.5538650000000029
GBPUSD,age16_adx25_er-,16.0,25.0,,S,2022-05-05 11:40:00+00:00,2022-05-17 03:09:00-04:00,0.04834270000000818
EURUSD,age16_adx25_er-,16.0,25.0,,S,2022-05-12 07:12:00+00:00,2022-05-19 09:45:00-04:00,-0.5144758500000023
GBPUSD,age16_adx25_er-,16.0,25.0,,S,2022-06-07 05:56:00+00:00,2022-06-07 11:54:00-04:00,-1.0096838999999846
USDJPY,age16_adx25_er-,16.0,25.0,,L,2022-06-01 14:11:00+00:00,2022-06-15 15:29:00-04:00,1.1624849999999993
EURUSD,age16_adx25_er-,16.0,25.0,,S,2022-06-09 17:19:00+00:00,2022-06-16 11:13:00-04:00,0.8665895999999931
GBPUSD,age16_adx25_er-,16.0,25.0,,S,2022-06-10 11:34:00+00:00,2022-06-24 10:02:00-04:00,0.6797027500000032
EURUSD,age16_adx25_er-,16.0,25.0,,S,2022-07-05 08:06:00+00:00,2022-07-18 03:07:00-04:00,1.8282288999999992
GBPUSD,age16_adx25_er-,16.0,25.0,,S,2022-06-29 09:59:00+00:00,2022-07-18 05:41:00-04:00,1.1198625499999948
USDJPY,age16_adx25_er-,16.0,25.0,,L,2022-06-21 10:56:00+00:00,2022-07-21 16:17:00-04:00,0.42823499999999576
EURUSD,age16_adx25_er-,16.0,25.0,,S,2022-08-16 11:31:00+00:00,2022-08-25 02:17:00-04:00,0.41906859999999857
GBPUSD,age16_adx25_er-,16.0,25.0,,S,2022-08-18 06:47:00+00:00,2022-08-26 09:07:00-04:00,0.5018798499999946
GBPUSD,age16_adx25_er-,16.0,25.0,,S,2022-08-28 22:09:00+00:00,2022-09-05 20:38:00-04:00,0.8662842000000001
EURUSD,age16_adx25_er-,16.0,25.0,,S,2022-09-05 05:04:00+00:00,2022-09-07 13:05:00-04:00,-0.48652970000000223
USDJPY,age16_adx25_er-,16.0,25.0,,L,2022-08-18 16:59:00+00:00,2022-09-22 04:20:00-04:00,2.3295450000000053
USDJPY,age16_adx25_er-,16.0,25.0,,L,2022-10-03 04:02:00+00:00,2022-10-03 11:15:00-04:00,-0.6999199999999979
GBPUSD,age16_adx25_er-,16.0,25.0,,S,2022-09-16 07:39:00+00:00,2022-10-04 01:54:00-04:00,0.2145998500000045
EURUSD,age16_adx25_er-,16.0,25.0,,S,2022-09-21 18:00:00+00:00,2022-10-04 02:06:00-04:00,0.051565999999997614
USDJPY,age16_adx25_er-,16.0,25.0,,L,2022-10-07 12:51:00+00:00,2022-10-21 11:14:00-04:00,1.5573400000000013
USDJPY,age16_adx25_er-,16.0,25.0,,L,2022-12-13 00:28:00+00:00,2022-12-13 08:30:00-05:00,-0.9925150000000041
USDJPY,age16_adx25_er-,16.0,25.0,,L,2023-01-06 09:21:00+00:00,2023-01-12 04:19:00-05:00,-0.6387199999999996
USDCHF,age16_adx25_er-,16.0,25.0,,S,2023-07-27 10:12:00+00:00,2023-07-28 02:44:00-04:00,-1.0127403500000056
USDCHF,age16_adx25_er-,16.0,25.0,,S,2023-08-10 12:31:00+00:00,2023-08-14 08:01:00-04:00,-1.0225855000000041
USDCHF,age16_adx25_er-,16.0,25.0,,S,2023-08-30 13:31:00+00:00,2023-09-01 12:00:00-04:00,-0.8674732499999961
USDJPY,age16_adx25_er-,16.0,25.0,,L,2023-10-25 17:04:00+00:00,2023-10-30 03:02:00-04:00,-1.0032350000000023
USDJPY,age16_adx25_er-,16.0,25.0,,L,2023-10-31 12:35:00+00:00,2023-11-03 08:46:00-04:00,-0.9980900000000019
USDJPY,age16_adx25_er-,16.0,25.0,,L,2023-11-13 04:44:00+00:00,2023-11-17 03:39:00-05:00,-0.6595299999999935
USDJPY,age16_adx25_er-,16.0,25.0,,L,2024-01-05 06:19:00+00:00,2024-01-24 08:25:00-05:00,0.4252550000000052
EURUSD,age16_adx25_er-,16.0,25.0,,L,2025-06-24 14:24:00+00:00,2025-07-07 12:23:00-04:00,0.4721990999999974
USDCHF,age16_adx25_er-,16.0,25.0,,S,2025-06-24 14:18:00+00:00,2025-07-07 12:56:00-04:00,0.48568665000000266
EURUSD,age16_adx25_er-,16.0,25.0,,L,2025-07-22 14:54:00+00:00,2025-07-29 02:34:00-04:00,-1.0033732999999936
USDCHF,age16_adx25_er-,16.0,25.0,,S,2025-07-22 15:10:00+00:00,2025-07-29 02:57:00-04:00,-1.01475535
EURUSD,age16_adx25_er-,16.0,25.0,,L,2025-08-13 07:09:00+00:00,2025-08-19 21:26:00-04:00,-0.6274251999999947
USDCHF,age16_adx25_er-,16.0,25.0,,S,2025-08-13 07:30:00+00:00,2025-08-19 22:46:00-04:00,-0.5757538500000011
EURUSD,age16_adx25_er-,16.0,25.0,,L,2025-08-22 15:27:00+00:00,2025-08-25 14:56:00-04:00,-1.0052121999999988
USDCHF,age16_adx25_er-,16.0,25.0,,S,2025-08-22 14:18:00+00:00,2025-09-02 03:56:00-04:00,-0.20559305000000833
EURUSD,age16_adx25_er-,16.0,25.0,,L,2025-09-05 12:30:00+00:00,2025-09-11 05:40:00-04:00,-0.42552605000000043
EURUSD,age16_adx25_er-,16.0,25.0,,L,2025-09-16 03:31:00+00:00,2025-09-25 08:30:00-04:00,-0.45862189999999287
USDCHF,age16_adx25_er-,16.0,25.0,,S,2025-09-05 13:12:00+00:00,2025-09-25 08:31:00-04:00,0.13456644999999365
USDCHF,age16_adx25_er-,16.0,25.0,,S,2025-10-16 01:20:00+00:00,2025-10-21 05:55:00-04:00,0.011446850000007567
USDJPY,age16_adx25_er0.2,16.0,25.0,0.2,S,2021-01-04 07:46:00+00:00,2021-01-06 10:29:00-05:00,-0.4502500000000031
GBPUSD,age16_adx25_er0.2,16.0,25.0,0.2,L,2021-04-02 03:20:00+00:00,2021-04-09 01:59:00-04:00,-1.0100108499999991
GBPUSD,age16_adx25_er0.2,16.0,25.0,0.2,L,2021-04-19 10:58:00+00:00,2021-04-30 10:06:00-04:00,-0.30438910000000347
GBPUSD,age16_adx25_er0.2,16.0,25.0,0.2,L,2021-05-07 14:43:00+00:00,2021-05-26 13:09:00-04:00,1.1613312500000053
GBPUSD,age16_adx25_er0.2,16.0,25.0,0.2,L,2021-06-01 01:12:00+00:00,2021-06-02 03:26:00-04:00,-1.0148218499999857
GBPUSD,age16_adx25_er0.2,16.0,25.0,0.2,L,2021-07-09 20:07:00+00:00,2021-07-16 03:31:00-04:00,-0.6352858500000104
USDJPY,age16_adx25_er0.2,16.0,25.0,0.2,L,2021-11-16 14:01:00+00:00,2021-11-19 05:04:00-05:00,-0.8251249999999898
USDJPY,age16_adx25_er0.2,16.0,25.0,0.2,L,2021-11-23 02:14:00+00:00,2021-11-26 09:47:00-05:00,-0.9965550000000002
USDJPY,age16_adx25_er0.2,16.0,25.0,0.2,L,2021-12-15 18:10:00+00:00,2021-12-17 07:52:00-05:00,-1.0020199999999926
USDJPY,age16_adx25_er0.2,16.0,25.0,0.2,L,2021-12-22 08:25:00+00:00,2022-01-03 06:10:00-05:00,0.652150000000008
EURUSD,age16_adx25_er0.2,16.0,25.0,0.2,S,2022-01-25 11:45:00+00:00,2022-02-03 08:46:00-05:00,-1.0062595999999788
USDJPY,age16_adx25_er0.2,16.0,25.0,0.2,L,2022-01-27 09:20:00+00:00,2022-02-17 03:28:00-05:00,-0.030320000000001075
EURUSD,age16_adx25_er0.2,16.0,25.0,0.2,S,2022-03-28 01:22:00+00:00,2022-03-29 05:45:00-04:00,-0.43903020000000226
EURUSD,age16_adx25_er0.2,16.0,25.0,0.2,S,2022-04-05 14:19:00+00:00,2022-04-21 03:43:00-04:00,0.08782074999999749
USDJPY,age16_adx25_er0.2,16.0,25.0,0.2,L,2022-04-11 06:16:00+00:00,2022-04-25 09:47:00-04:00,1.5908899999999973
USDJPY,age16_adx25_er0.2,16.0,25.0,0.2,L,2022-06-01 14:11:00+00:00,2022-06-15 15:29:00-04:00,1.1624849999999993
GBPUSD,age16_adx25_er0.2,16.0,25.0,0.2,S,2022-06-29 09:59:00+00:00,2022-07-18 05:41:00-04:00,1.1198625499999948
USDJPY,age16_adx25_er0.2,16.0,25.0,0.2,L,2022-06-21 10:56:00+00:00,2022-07-21 16:17:00-04:00,0.42823499999999576
EURUSD,age16_adx25_er0.2,16.0,25.0,0.2,S,2022-08-16 11:31:00+00:00,2022-08-25 02:17:00-04:00,0.41906859999999857
GBPUSD,age16_adx25_er0.2,16.0,25.0,0.2,S,2022-08-18 06:47:00+00:00,2022-08-26 09:07:00-04:00,0.5018798499999946
GBPUSD,age16_adx25_er0.2,16.0,25.0,0.2,S,2022-08-28 22:09:00+00:00,2022-09-05 20:38:00-04:00,0.8662842000000001
EURUSD,age16_adx25_er0.2,16.0,25.0,0.2,S,2022-09-05 05:04:00+00:00,2022-09-07 13:05:00-04:00,-0.48652970000000223
USDJPY,age16_adx25_er0.2,16.0,25.0,0.2,L,2022-08-18 16:59:00+00:00,2022-09-22 04:20:00-04:00,2.3295450000000053
GBPUSD,age16_adx25_er0.2,16.0,25.0,0.2,S,2022-09-16 07:39:00+00:00,2022-10-04 01:54:00-04:00,0.2145998500000045
EURUSD,age16_adx25_er0.2,16.0,25.0,0.2,S,2022-09-21 18:00:00+00:00,2022-10-04 02:06:00-04:00,0.051565999999997614
USDJPY,age16_adx25_er0.2,16.0,25.0,0.2,L,2022-12-13 00:28:00+00:00,2022-12-13 08:30:00-05:00,-0.9925150000000041
USDJPY,age16_adx25_er0.2,16.0,25.0,0.2,L,2023-01-06 09:21:00+00:00,2023-01-12 04:19:00-05:00,-0.6387199999999996
USDCHF,age16_adx25_er0.2,16.0,25.0,0.2,S,2023-07-27 10:12:00+00:00,2023-07-28 02:44:00-04:00,-1.0127403500000056
USDCHF,age16_adx25_er0.2,16.0,25.0,0.2,S,2023-08-30 13:31:00+00:00,2023-09-01 12:00:00-04:00,-0.8674732499999961
USDJPY,age16_adx25_er0.2,16.0,25.0,0.2,L,2023-11-13 04:44:00+00:00,2023-11-17 03:39:00-05:00,-0.6595299999999935
USDJPY,age16_adx25_er0.2,16.0,25.0,0.2,L,2024-01-05 06:19:00+00:00,2024-01-24 08:25:00-05:00,0.4252550000000052
EURUSD,age16_adx25_er0.2,16.0,25.0,0.2,L,2025-06-24 14:24:00+00:00,2025-07-07 12:23:00-04:00,0.4721990999999974
USDCHF,age16_adx25_er0.2,16.0,25.0,0.2,S,2025-06-24 14:18:00+00:00,2025-07-07 12:56:00-04:00,0.48568665000000266
EURUSD,age16_adx25_er0.2,16.0,25.0,0.2,L,2025-07-22 14:54:00+00:00,2025-07-29 02:34:00-04:00,-1.0033732999999936
USDCHF,age16_adx25_er0.2,16.0,25.0,0.2,S,2025-07-22 15:10:00+00:00,2025-07-29 02:57:00-04:00,-1.01475535
EURUSD,age16_adx25_er0.2,16.0,25.0,0.2,L,2025-09-16 03:31:00+00:00,2025-09-25 08:30:00-04:00,-0.45862189999999287
USDCHF,age16_adx25_er0.2,16.0,25.0,0.2,S,2025-09-05 13:12:00+00:00,2025-09-25 08:31:00-04:00,0.13456644999999365
USDCHF,age16_adx25_er0.2,16.0,25.0,0.2,S,2025-10-16 01:20:00+00:00,2025-10-21 05:55:00-04:00,0.011446850000007567
USDJPY,age16_adx25_er0.35,16.0,25.0,0.35,S,2021-01-04 07:46:00+00:00,2021-01-06 10:29:00-05:00,-0.4502500000000031
GBPUSD,age16_adx25_er0.35,16.0,25.0,0.35,L,2021-05-07 14:43:00+00:00,2021-05-26 13:09:00-04:00,1.1613312500000053
GBPUSD,age16_adx25_er0.35,16.0,25.0,0.35,L,2021-06-01 01:12:00+00:00,2021-06-02 03:26:00-04:00,-1.0148218499999857
USDJPY,age16_adx25_er0.35,16.0,25.0,0.35,L,2021-12-15 18:10:00+00:00,2021-12-17 07:52:00-05:00,-1.0020199999999926
USDJPY,age16_adx25_er0.35,16.0,25.0,0.35,L,2022-01-27 09:20:00+00:00,2022-02-17 03:28:00-05:00,-0.030320000000001075
EURUSD,age16_adx25_er0.35,16.0,25.0,0.35,S,2022-04-05 14:19:00+00:00,2022-04-21 03:43:00-04:00,0.08782074999999749
USDJPY,age16_adx25_er0.35,16.0,25.0,0.35,L,2022-04-11 06:16:00+00:00,2022-04-25 09:47:00-04:00,1.5908899999999973
USDJPY,age16_adx25_er0.35,16.0,25.0,0.35,L,2022-06-01 14:11:00+00:00,2022-06-15 15:29:00-04:00,1.1624849999999993
USDJPY,age16_adx25_er0.35,16.0,25.0,0.35,L,2022-06-29 13:15:00+00:00,2022-07-21 16:17:00-04:00,0.26863000000000065
EURUSD,age16_adx25_er0.35,16.0,25.0,0.35,S,2022-08-16 11:31:00+00:00,2022-08-25 02:17:00-04:00,0.41906859999999857
USDJPY,age16_adx25_er0.35,16.0,25.0,0.35,L,2022-08-18 16:59:00+00:00,2022-09-22 04:20:00-04:00,2.3295450000000053
GBPUSD,age16_adx25_er0.35,16.0,25.0,0.35,S,2022-09-16 07:39:00+00:00,2022-10-04 01:54:00-04:00,0.2145998500000045
EURUSD,age16_adx25_er0.35,16.0,25.0,0.35,S,2022-09-21 18:00:00+00:00,2022-10-04 02:06:00-04:00,0.051565999999997614
USDJPY,age16_adx25_er0.35,16.0,25.0,0.35,L,2023-01-06 09:21:00+00:00,2023-01-12 04:19:00-05:00,-0.6387199999999996
USDCHF,age16_adx25_er0.35,16.0,25.0,0.35,S,2023-07-27 10:12:00+00:00,2023-07-28 02:44:00-04:00,-1.0127403500000056
USDCHF,age16_adx25_er0.35,16.0,25.0,0.35,S,2023-08-30 13:31:00+00:00,2023-09-01 12:00:00-04:00,-0.8674732499999961
USDJPY,age16_adx25_er0.35,16.0,25.0,0.35,L,2023-11-13 04:44:00+00:00,2023-11-17 03:39:00-05:00,-0.6595299999999935
USDJPY,age16_adx25_er0.35,16.0,25.0,0.35,L,2024-01-05 06:19:00+00:00,2024-01-24 08:25:00-05:00,0.4252550000000052
USDCHF,age16_adx25_er0.35,16.0,25.0,0.35,S,2025-06-24 14:18:00+00:00,2025-07-07 12:56:00-04:00,0.48568665000000266
EURUSD,age16_adx25_er0.35,16.0,25.0,0.35,L,2025-07-22 14:54:00+00:00,2025-07-29 02:34:00-04:00,-1.0033732999999936
USDCHF,age16_adx25_er0.35,16.0,25.0,0.35,S,2025-07-22 15:10:00+00:00,2025-07-29 02:57:00-04:00,-1.01475535
EURUSD,age16_adx25_er0.35,16.0,25.0,0.35,L,2025-09-16 03:31:00+00:00,2025-09-25 08:30:00-04:00,-0.45862189999999287
USDCHF,age16_adx25_er0.35,16.0,25.0,0.35,S,2025-09-16 09:10:00+00:00,2025-09-25 08:31:00-04:00,-0.6453850999999965
USDJPY,age16_adx35_er-,16.0,35.0,,S,2021-01-04 07:46:00+00:00,2021-01-06 10:29:00-05:00,-0.4502500000000031
USDJPY,age16_adx35_er-,16.0,35.0,,S,2021-01-20 15:18:00+00:00,2021-01-27 08:19:00-05:00,-0.738370000000011
USDCHF,age16_adx35_er-,16.0,35.0,,S,2021-02-16 01:25:00+00:00,2021-02-16 18:14:00-05:00,-1.0388425999999928
USDJPY,age16_adx35_er-,16.0,35.0,,L,2022-04-11 06:16:00+00:00,2022-04-25 09:47:00-04:00,1.5908899999999973
EURUSD,age16_adx35_er-,16.0,35.0,,S,2022-04-25 06:13:00+00:00,2022-05-04 14:43:00-04:00,1.0032002499999972
USDJPY,age16_adx35_er-,16.0,35.0,,L,2022-04-28 03:13:00+00:00,2022-05-04 14:46:00-04:00,0.11643499999999872
USDJPY,age16_adx35_er-,16.0,35.0,,L,2022-05-09 06:53:00+00:00,2022-05-11 05:01:00-04:00,-0.5538650000000029
EURUSD,age16_adx35_er-,16.0,35.0,,S,2022-05-12 07:12:00+00:00,2022-05-19 09:45:00-04:00,-0.5144758500000023
GBPUSD,age16_adx35_er-,16.0,35.0,,S,2022-06-07 05:56:00+00:00,2022-06-07 11:54:00-04:00,-1.0096838999999846
USDJPY,age16_adx35_er-,16.0,35.0,,L,2022-06-01 14:11:00+00:00,2022-06-15 15:29:00-04:00,1.1624849999999993
EURUSD,age16_adx35_er-,16.0,35.0,,S,2022-06-09 17:19:00+00:00,2022-06-16 11:13:00-04:00,0.8665895999999931
GBPUSD,age16_adx35_er-,16.0,35.0,,S,2022-06-10 11:34:00+00:00,2022-06-24 10:02:00-04:00,0.6797027500000032
EURUSD,age16_adx35_er-,16.0,35.0,,S,2022-07-05 08:06:00+00:00,2022-07-18 03:07:00-04:00,1.8282288999999992
GBPUSD,age16_adx35_er-,16.0,35.0,,S,2022-06-29 09:59:00+00:00,2022-07-18 05:41:00-04:00,1.1198625499999948
USDJPY,age16_adx35_er-,16.0,35.0,,L,2022-06-21 10:56:00+00:00,2022-07-21 16:17:00-04:00,0.42823499999999576
EURUSD,age16_adx35_er-,16.0,35.0,,S,2022-08-16 11:31:00+00:00,2022-08-25 02:17:00-04:00,0.41906859999999857
GBPUSD,age16_adx35_er-,16.0,35.0,,S,2022-08-18 06:47:00+00:00,2022-08-26 09:07:00-04:00,0.5018798499999946
GBPUSD,age16_adx35_er-,16.0,35.0,,S,2022-08-28 22:09:00+00:00,2022-09-05 20:38:00-04:00,0.8662842000000001
EURUSD,age16_adx35_er-,16.0,35.0,,S,2022-09-05 05:04:00+00:00,2022-09-07 13:05:00-04:00,-0.48652970000000223
USDJPY,age16_adx35_er-,16.0,35.0,,L,2022-08-18 16:59:00+00:00,2022-09-22 04:20:00-04:00,2.3295450000000053
USDJPY,age16_adx35_er-,16.0,35.0,,L,2022-10-03 04:02:00+00:00,2022-10-03 11:15:00-04:00,-0.6999199999999979
GBPUSD,age16_adx35_er-,16.0,35.0,,S,2022-09-16 07:39:00+00:00,2022-10-04 01:54:00-04:00,0.2145998500000045
EURUSD,age16_adx35_er-,16.0,35.0,,S,2022-09-21 18:00:00+00:00,2022-10-04 02:06:00-04:00,0.051565999999997614
USDJPY,age16_adx35_er-,16.0,35.0,,L,2022-10-07 12:51:00+00:00,2022-10-21 11:14:00-04:00,1.5573400000000013
USDJPY,age16_adx35_er-,16.0,35.0,,L,2022-12-13 00:28:00+00:00,2022-12-13 08:30:00-05:00,-0.9925150000000041
USDJPY,age16_adx35_er-,16.0,35.0,,L,2023-01-06 09:21:00+00:00,2023-01-12 04:19:00-05:00,-0.6387199999999996
USDCHF,age16_adx35_er-,16.0,35.0,,S,2023-07-27 10:12:00+00:00,2023-07-28 02:44:00-04:00,-1.0127403500000056
USDCHF,age16_adx35_er-,16.0,35.0,,S,2023-08-10 12:31:00+00:00,2023-08-14 08:01:00-04:00,-1.0225855000000041
USDCHF,age16_adx35_er-,16.0,35.0,,S,2023-08-30 13:31:00+00:00,2023-09-01 12:00:00-04:00,-0.8674732499999961
USDCHF,age16_adx35_er-,16.0,35.0,,S,2025-06-24 14:18:00+00:00,2025-07-07 12:56:00-04:00,0.48568665000000266
EURUSD,age16_adx35_er-,16.0,35.0,,L,2025-07-22 14:54:00+00:00,2025-07-29 02:34:00-04:00,-1.0033732999999936
USDCHF,age16_adx35_er-,16.0,35.0,,S,2025-07-22 15:10:00+00:00,2025-07-29 02:57:00-04:00,-1.01475535
USDCHF,age16_adx35_er-,16.0,35.0,,S,2025-08-13 07:30:00+00:00,2025-08-19 22:46:00-04:00,-0.5757538500000011
USDCHF,age16_adx35_er-,16.0,35.0,,S,2025-08-22 14:18:00+00:00,2025-09-02 03:56:00-04:00,-0.20559305000000833
USDCHF,age16_adx35_er-,16.0,35.0,,S,2025-09-05 13:12:00+00:00,2025-09-25 08:31:00-04:00,0.13456644999999365
USDCHF,age16_adx35_er-,16.0,35.0,,S,2025-10-16 01:20:00+00:00,2025-10-21 05:55:00-04:00,0.011446850000007567
USDJPY,age16_adx35_er0.2,16.0,35.0,0.2,S,2021-01-04 07:46:00+00:00,2021-01-06 10:29:00-05:00,-0.4502500000000031
USDJPY,age16_adx35_er0.2,16.0,35.0,0.2,L,2022-04-11 06:16:00+00:00,2022-04-25 09:47:00-04:00,1.5908899999999973
USDJPY,age16_adx35_er0.2,16.0,35.0,0.2,L,2022-06-01 14:11:00+00:00,2022-06-15 15:29:00-04:00,1.1624849999999993
GBPUSD,age16_adx35_er0.2,16.0,35.0,0.2,S,2022-06-29 09:59:00+00:00,2022-07-18 05:41:00-04:00,1.1198625499999948
USDJPY,age16_adx35_er0.2,16.0,35.0,0.2,L,2022-06-21 10:56:00+00:00,2022-07-21 16:17:00-04:00,0.42823499999999576
EURUSD,age16_adx35_er0.2,16.0,35.0,0.2,S,2022-08-16 11:31:00+00:00,2022-08-25 02:17:00-04:00,0.41906859999999857
GBPUSD,age16_adx35_er0.2,16.0,35.0,0.2,S,2022-08-18 06:47:00+00:00,2022-08-26 09:07:00-04:00,0.5018798499999946
GBPUSD,age16_adx35_er0.2,16.0,35.0,0.2,S,2022-08-28 22:09:00+00:00,2022-09-05 20:38:00-04:00,0.8662842000000001
EURUSD,age16_adx35_er0.2,16.0,35.0,0.2,S,2022-09-05 05:04:00+00:00,2022-09-07 13:05:00-04:00,-0.48652970000000223
USDJPY,age16_adx35_er0.2,16.0,35.0,0.2,L,2022-08-18 16:59:00+00:00,2022-09-22 04:20:00-04:00,2.3295450000000053
GBPUSD,age16_adx35_er0.2,16.0,35.0,0.2,S,2022-09-16 07:39:00+00:00,2022-10-04 01:54:00-04:00,0.2145998500000045
EURUSD,age16_adx35_er0.2,16.0,35.0,0.2,S,2022-09-21 18:00:00+00:00,2022-10-04 02:06:00-04:00,0.051565999999997614
USDJPY,age16_adx35_er0.2,16.0,35.0,0.2,L,2022-12-13 00:28:00+00:00,2022-12-13 08:30:00-05:00,-0.9925150000000041
USDJPY,age16_adx35_er0.2,16.0,35.0,0.2,L,2023-01-06 09:21:00+00:00,2023-01-12 04:19:00-05:00,-0.6387199999999996
USDCHF,age16_adx35_er0.2,16.0,35.0,0.2,S,2023-07-27 10:12:00+00:00,2023-07-28 02:44:00-04:00,-1.0127403500000056
USDCHF,age16_adx35_er0.2,16.0,35.0,0.2,S,2023-08-30 13:31:00+00:00,2023-09-01 12:00:00-04:00,-0.8674732499999961
USDCHF,age16_adx35_er0.2,16.0,35.0,0.2,S,2025-06-24 14:18:00+00:00,2025-07-07 12:56:00-04:00,0.48568665000000266
EURUSD,age16_adx35_er0.2,16.0,35.0,0.2,L,2025-07-22 14:54:00+00:00,2025-07-29 02:34:00-04:00,-1.0033732999999936
USDCHF,age16_adx35_er0.2,16.0,35.0,0.2,S,2025-07-22 15:10:00+00:00,2025-07-29 02:57:00-04:00,-1.01475535
USDCHF,age16_adx35_er0.2,16.0,35.0,0.2,S,2025-09-05 13:12:00+00:00,2025-09-25 08:31:00-04:00,0.13456644999999365
USDCHF,age16_adx35_er0.2,16.0,35.0,0.2,S,2025-10-16 01:20:00+00:00,2025-10-21 05:55:00-04:00,0.011446850000007567
USDJPY,age16_adx35_er0.35,16.0,35.0,0.35,S,2021-01-04 07:46:00+00:00,2021-01-06 10:29:00-05:00,-0.4502500000000031
USDJPY,age16_adx35_er0.35,16.0,35.0,0.35,L,2022-04-11 06:16:00+00:00,2022-04-25 09:47:00-04:00,1.5908899999999973
USDJPY,age16_adx35_er0.35,16.0,35.0,0.35,L,2022-06-01 14:11:00+00:00,2022-06-15 15:29:00-04:00,1.1624849999999993
USDJPY,age16_adx35_er0.35,16.0,35.0,0.35,L,2022-06-29 13:15:00+00:00,2022-07-21 16:17:00-04:00,0.26863000000000065
EURUSD,age16_adx35_er0.35,16.0,35.0,0.35,S,2022-08-16 11:31:00+00:00,2022-08-25 02:17:00-04:00,0.41906859999999857
USDJPY,age16_adx35_er0.35,16.0,35.0,0.35,L,2022-08-18 16:59:00+00:00,2022-09-22 04:20:00-04:00,2.3295450000000053
GBPUSD,age16_adx35_er0.35,16.0,35.0,0.35,S,2022-09-16 07:39:00+00:00,2022-10-04 01:54:00-04:00,0.2145998500000045
EURUSD,age16_adx35_er0.35,16.0,35.0,0.35,S,2022-09-21 18:00:00+00:00,2022-10-04 02:06:00-04:00,0.051565999999997614
USDJPY,age16_adx35_er0.35,16.0,35.0,0.35,L,2023-01-06 09:21:00+00:00,2023-01-12 04:19:00-05:00,-0.6387199999999996
USDCHF,age16_adx35_er0.35,16.0,35.0,0.35,S,2023-07-27 10:12:00+00:00,2023-07-28 02:44:00-04:00,-1.0127403500000056
USDCHF,age16_adx35_er0.35,16.0,35.0,0.35,S,2023-08-30 13:31:00+00:00,2023-09-01 12:00:00-04:00,-0.8674732499999961
USDCHF,age16_adx35_er0.35,16.0,35.0,0.35,S,2025-06-24 14:18:00+00:00,2025-07-07 12:56:00-04:00,0.48568665000000266
EURUSD,age16_adx35_er0.35,16.0,35.0,0.35,L,2025-07-22 14:54:00+00:00,2025-07-29 02:34:00-04:00,-1.0033732999999936
USDCHF,age16_adx35_er0.35,16.0,35.0,0.35,S,2025-07-22 15:10:00+00:00,2025-07-29 02:57:00-04:00,-1.01475535
USDCHF,age16_adx35_er0.35,16.0,35.0,0.35,S,2025-09-16 09:10:00+00:00,2025-09-25 08:31:00-04:00,-0.6453850999999965
GBPUSD,age26_adx-_er-,26.0,,,L,2021-01-14 17:56:00+00:00,2021-01-26 01:37:00-05:00,-0.276280650000006
USDJPY,age26_adx-_er-,26.0,,,S,2021-01-20 15:18:00+00:00,2021-01-27 08:19:00-05:00,-0.738370000000011
GBPUSD,age26_adx-_er-,26.0,,,L,2021-01-27 00:16:00+00:00,2021-01-28 03:54:00-05:00,-1.0126489000000085
USDCHF,age26_adx-_er-,26.0,,,S,2021-02-16 01:25:00+00:00,2021-02-16 18:14:00-05:00,-1.0388425999999928
GBPUSD,age26_adx-_er-,26.0,,,L,2021-02-09 01:26:00+00:00,2021-03-01 21:51:00-05:00,0.6598194000000035
GBPUSD,age26_adx-_er-,26.0,,,L,2021-04-02 03:20:00+00:00,2021-04-09 01:59:00-04:00,-1.0100108499999991
GBPUSD,age26_adx-_er-,26.0,,,L,2021-04-19 10:58:00+00:00,2021-04-30 10:06:00-04:00,-0.30438910000000347
GBPUSD,age26_adx-_er-,26.0,,,L,2021-05-07 14:43:00+00:00,2021-05-26 13:09:00-04:00,1.1613312500000053
GBPUSD,age26_adx-_er-,26.0,,,L,2021-06-01 01:12:00+00:00,2021-06-02 03:26:00-04:00,-1.0148218499999857
GBPUSD,age26_adx-_er-,26.0,,,L,2021-07-09 20:07:00+00:00,2021-07-16 03:31:00-04:00,-0.6352858500000104
USDJPY,age26_adx-_er-,26.0,,,L,2021-12-22 08:25:00+00:00,2022-01-03 06:10:00-05:00,0.652150000000008
USDJPY,age26_adx-_er-,26.0,,,L,2022-01-27 09:20:00+00:00,2022-02-17 03:28:00-05:00,-0.030320000000001075
USDJPY,age26_adx-_er-,26.0,,,L,2022-03-03 08:15:00+00:00,2022-03-04 11:37:00-05:00,-0.9992350000000115
EURUSD,age26_adx-_er-,26.0,,,S,2022-03-28 01:22:00+00:00,2022-03-29 05:45:00-04:00,-0.43903020000000226
USDJPY,age26_adx-_er-,26.0,,,L,2022-03-09 00:16:00+00:00,2022-03-31 10:59:00-04:00,4.761634999999996
GBPUSD,age26_adx-_er-,26.0,,,S,2022-04-06 06:09:00+00:00,2022-04-13 11:30:00-04:00,-0.05343569999999692
EURUSD,age26_adx-_er-,26.0,,,S,2022-04-05 14:19:00+00:00,2022-04-21 03:43:00-04:00,0.08782074999999749
USDJPY,age26_adx-_er-,26.0,,,L,2022-04-11 06:16:00+00:00,2022-04-25 09:47:00-04:00,1.5908899999999973
EURUSD,age26_adx-_er-,26.0,,,S,2022-04-25 06:13:00+00:00,2022-05-04 14:43:00-04:00,1.0032002499999972
USDJPY,age26_adx-_er-,26.0,,,L,2022-04-28 03:13:00+00:00,2022-05-04 14:46:00-04:00,0.11643499999999872
GBPUSD,age26_adx-_er-,26.0,,,S,2022-04-22 06:47:00+00:00,2022-05-04 15:49:00-04:00,2.043360049999994
USDJPY,age26_adx-_er-,26.0,,,L,2022-05-09 06:53:00+00:00,2022-05-11 05:01:00-04:00,-0.5538650000000029
GBPUSD,age26_adx-_er-,26.0,,,S,2022-05-05 11:40:00+00:00,2022-05-17 03:09:00-04:00,0.04834270000000818
USDCHF,age26_adx-_er-,26.0,,,L,2022-04-14 11:53:00+00:00,2022-05-18 10:43:00-04:00,6.235663450000008
EURUSD,age26_adx-_er-,26.0,,,S,2022-05-12 07:12:00+00:00,2022-05-19 09:45:00-04:00,-0.5144758500000023
GBPUSD,age26_adx-_er-,26.0,,,S,2022-06-07 05:56:00+00:00,2022-06-07 11:54:00-04:00,-1.0096838999999846
USDJPY,age26_adx-_er-,26.0,,,L,2022-06-01 14:11:00+00:00,2022-06-15 15:29:00-04:00,1.1624849999999993
EURUSD,age26_adx-_er-,26.0,,,S,2022-06-09 17:19:00+00:00,2022-06-16 11:13:00-04:00,0.8665895999999931
GBPUSD,age26_adx-_er-,26.0,,,S,2022-06-10 11:34:00+00:00,2022-06-24 10:02:00-04:00,0.6797027500000032
EURUSD,age26_adx-_er-,26.0,,,S,2022-07-05 08:06:00+00:00,2022-07-18 03:07:00-04:00,1.8282288999999992
GBPUSD,age26_adx-_er-,26.0,,,S,2022-06-29 09:59:00+00:00,2022-07-18 05:41:00-04:00,1.1198625499999948
USDJPY,age26_adx-_er-,26.0,,,L,2022-06-21 10:56:00+00:00,2022-07-21 16:17:00-04:00,0.42823499999999576
EURUSD,age26_adx-_er-,26.0,,,S,2022-08-16 11:31:00+00:00,2022-08-25 02:17:00-04:00,0.41906859999999857
GBPUSD,age26_adx-_er-,26.0,,,S,2022-08-18 06:47:00+00:00,2022-08-26 09:07:00-04:00,0.5018798499999946
GBPUSD,age26_adx-_er-,26.0,,,S,2022-08-28 22:09:00+00:00,2022-09-05 20:38:00-04:00,0.8662842000000001
EURUSD,age26_adx-_er-,26.0,,,S,2022-09-05 05:04:00+00:00,2022-09-07 13:05:00-04:00,-0.48652970000000223
USDJPY,age26_adx-_er-,26.0,,,L,2022-08-18 16:59:00+00:00,2022-09-22 04:20:00-04:00,2.3295450000000053
USDJPY,age26_adx-_er-,26.0,,,L,2022-10-03 04:02:00+00:00,2022-10-03 11:15:00-04:00,-0.6999199999999979
GBPUSD,age26_adx-_er-,26.0,,,S,2022-09-16 07:39:00+00:00,2022-10-04 01:54:00-04:00,0.2145998500000045
EURUSD,age26_adx-_er-,26.0,,,S,2022-09-21 18:00:00+00:00,2022-10-04 02:06:00-04:00,0.051565999999997614
USDJPY,age26_adx-_er-,26.0,,,L,2022-10-07 12:51:00+00:00,2022-10-21 11:14:00-04:00,1.5573400000000013
USDJPY,age26_adx-_er-,26.0,,,L,2022-12-13 00:28:00+00:00,2022-12-13 08:30:00-05:00,-0.9925150000000041
USDJPY,age26_adx-_er-,26.0,,,L,2023-01-06 09:21:00+00:00,2023-01-12 04:19:00-05:00,-0.6387199999999996
EURUSD,age26_adx-_er-,26.0,,,L,2023-07-11 01:31:00+00:00,2023-07-19 02:42:00-04:00,1.0629094500000078
EURUSD,age26_adx-_er-,26.0,,,L,2023-08-10 12:30:00+00:00,2023-08-14 02:01:00-04:00,-1.0046904500000158
EURUSD,age26_adx-_er-,26.0,,,L,2023-08-30 13:34:00+00:00,2023-09-01 12:04:00-04:00,-0.902192900000001
USDJPY,age26_adx-_er-,26.0,,,L,2023-11-13 04:44:00+00:00,2023-11-17 03:39:00-05:00,-0.6595299999999935
USDJPY,age26_adx-_er-,26.0,,,L,2024-01-05 06:19:00+00:00,2024-01-24 08:25:00-05:00,0.4252550000000052
USDJPY,age26_adx-_er-,26.0,,,L,2024-02-05 00:37:00+00:00,2024-02-27 03:20:00-05:00,0.5048799999999918
USDJPY,age26_adx-_er-,26.0,,,L,2024-03-19 15:38:00+00:00,2024-04-04 14:53:00-04:00,0.17280999999999835
USDJPY,age26_adx-_er-,26.0,,,L,2024-04-10 12:30:00+00:00,2024-04-29 03:35:00-04:00,2.2739850000000077
USDJPY,age26_adx-_er-,26.0,,,L,2024-05-22 20:44:00+00:00,2024-05-30 03:11:00-04:00,-0.21858999999999298
USDJPY,age26_adx-_er-,26.0,,,L,2024-06-14 03:24:00+00:00,2024-07-04 23:19:00-04:00,1.529339999999994
USDCHF,age26_adx-_er-,26.0,,,S,2025-08-28 10:26:00+00:00,2025-09-02 03:56:00-04:00,-0.4807389999999991
EURUSD,age26_adx-_er-,26.0,,,L,2025-09-05 12:30:00+00:00,2025-09-11 05:40:00-04:00,-0.42552605000000043
EURUSD,age26_adx-_er-,26.0,,,L,2025-09-16 03:31:00+00:00,2025-09-25 08:30:00-04:00,-0.45862189999999287
USDCHF,age26_adx-_er-,26.0,,,S,2025-09-05 13:12:00+00:00,2025-09-25 08:31:00-04:00,0.13456644999999365
USDCHF,age26_adx-_er-,26.0,,,S,2025-10-16 01:20:00+00:00,2025-10-21 05:55:00-04:00,0.011446850000007567
EURUSD,age26_adx-_er-,26.0,,,L,2025-12-03 10:15:00+00:00,2025-12-19 08:21:00-05:00,0.4655310999999967
GBPUSD,age26_adx-_er0.2,26.0,,0.2,L,2021-01-14 17:56:00+00:00,2021-01-26 01:37:00-05:00,-0.276280650000006
GBPUSD,age26_adx-_er0.2,26.0,,0.2,L,2021-02-09 01:26:00+00:00,2021-03-01 21:51:00-05:00,0.6598194000000035
GBPUSD,age26_adx-_er0.2,26.0,,0.2,L,2021-04-02 03:20:00+00:00,2021-04-09 01:59:00-04:00,-1.0100108499999991
GBPUSD,age26_adx-_er0.2,26.0,,0.2,L,2021-04-19 10:58:00+00:00,2021-04-30 10:06:00-04:00,-0.30438910000000347
GBPUSD,age26_adx-_er0.2,26.0,,0.2,L,2021-05-07 14:43:00+00:00,2021-05-26 13:09:00-04:00,1.1613312500000053
GBPUSD,age26_adx-_er0.2,26.0,,0.2,L,2021-06-01 01:12:00+00:00,2021-06-02 03:26:00-04:00,-1.0148218499999857
GBPUSD,age26_adx-_er0.2,26.0,,0.2,L,2021-07-09 20:07:00+00:00,2021-07-16 03:31:00-04:00,-0.6352858500000104
USDJPY,age26_adx-_er0.2,26.0,,0.2,L,2021-12-22 08:25:00+00:00,2022-01-03 06:10:00-05:00,0.652150000000008
USDJPY,age26_adx-_er0.2,26.0,,0.2,L,2022-01-27 09:20:00+00:00,2022-02-17 03:28:00-05:00,-0.030320000000001075
EURUSD,age26_adx-_er0.2,26.0,,0.2,S,2022-03-28 01:22:00+00:00,2022-03-29 05:45:00-04:00,-0.43903020000000226
GBPUSD,age26_adx-_er0.2,26.0,,0.2,S,2022-04-06 06:09:00+00:00,2022-04-13 11:30:00-04:00,-0.05343569999999692
EURUSD,age26_adx-_er0.2,26.0,,0.2,S,2022-04-05 14:19:00+00:00,2022-04-21 03:43:00-04:00,0.08782074999999749
USDJPY,age26_adx-_er0.2,26.0,,0.2,L,2022-04-11 06:16:00+00:00,2022-04-25 09:47:00-04:00,1.5908899999999973
USDJPY,age26_adx-_er0.2,26.0,,0.2,L,2022-06-01 14:11:00+00:00,2022-06-15 15:29:00-04:00,1.1624849999999993
GBPUSD,age26_adx-_er0.2,26.0,,0.2,S,2022-06-29 09:59:00+00:00,2022-07-18 05:41:00-04:00,1.1198625499999948
USDJPY,age26_adx-_er0.2,26.0,,0.2,L,2022-06-21 10:56:00+00:00,2022-07-21 16:17:00-04:00,0.42823499999999576
EURUSD,age26_adx-_er0.2,26.0,,0.2,S,2022-08-16 11:31:00+00:00,2022-08-25 02:17:00-04:00,0.41906859999999857
GBPUSD,age26_adx-_er0.2,26.0,,0.2,S,2022-08-18 06:47:00+00:00,2022-08-26 09:07:00-04:00,0.5018798499999946
GBPUSD,age26_adx-_er0.2,26.0,,0.2,S,2022-08-28 22:09:00+00:00,2022-09-05 20:38:00-04:00,0.8662842000000001
EURUSD,age26_adx-_er0.2,26.0,,0.2,S,2022-09-05 05:04:00+00:00,2022-09-07 13:05:00-04:00,-0.48652970000000223
USDJPY,age26_adx-_er0.2,26.0,,0.2,L,2022-08-18 16:59:00+00:00,2022-09-22 04:20:00-04:00,2.3295450000000053
GBPUSD,age26_adx-_er0.2,26.0,,0.2,S,2022-09-16 07:39:00+00:00,2022-10-04 01:54:00-04:00,0.2145998500000045
EURUSD,age26_adx-_er0.2,26.0,,0.2,S,2022-09-21 18:00:00+00:00,2022-10-04 02:06:00-04:00,0.051565999999997614
USDJPY,age26_adx-_er0.2,26.0,,0.2,L,2022-12-13 00:28:00+00:00,2022-12-13 08:30:00-05:00,-0.9925150000000041
USDJPY,age26_adx-_er0.2,26.0,,0.2,L,2023-01-06 09:21:00+00:00,2023-01-12 04:19:00-05:00,-0.6387199999999996
EURUSD,age26_adx-_er0.2,26.0,,0.2,L,2023-07-11 01:31:00+00:00,2023-07-19 02:42:00-04:00,1.0629094500000078
EURUSD,age26_adx-_er0.2,26.0,,0.2,L,2023-08-10 12:30:00+00:00,2023-08-14 02:01:00-04:00,-1.0046904500000158
EURUSD,age26_adx-_er0.2,26.0,,0.2,L,2023-08-30 13:34:00+00:00,2023-09-01 12:04:00-04:00,-0.902192900000001
USDJPY,age26_adx-_er0.2,26.0,,0.2,L,2023-11-13 04:44:00+00:00,2023-11-17 03:39:00-05:00,-0.6595299999999935
USDJPY,age26_adx-_er0.2,26.0,,0.2,L,2024-01-05 06:19:00+00:00,2024-01-24 08:25:00-05:00,0.4252550000000052
USDJPY,age26_adx-_er0.2,26.0,,0.2,L,2024-03-19 15:38:00+00:00,2024-04-04 14:53:00-04:00,0.17280999999999835
USDJPY,age26_adx-_er0.2,26.0,,0.2,L,2024-04-10 12:30:00+00:00,2024-04-29 03:35:00-04:00,2.2739850000000077
USDJPY,age26_adx-_er0.2,26.0,,0.2,L,2024-05-22 20:44:00+00:00,2024-05-30 03:11:00-04:00,-0.21858999999999298
USDJPY,age26_adx-_er0.2,26.0,,0.2,L,2024-06-20 07:44:00+00:00,2024-07-04 23:19:00-04:00,0.9791649999999947
EURUSD,age26_adx-_er0.2,26.0,,0.2,L,2025-09-16 03:31:00+00:00,2025-09-25 08:30:00-04:00,-0.45862189999999287
USDCHF,age26_adx-_er0.2,26.0,,0.2,S,2025-09-05 13:12:00+00:00,2025-09-25 08:31:00-04:00,0.13456644999999365
USDCHF,age26_adx-_er0.2,26.0,,0.2,S,2025-10-16 01:20:00+00:00,2025-10-21 05:55:00-04:00,0.011446850000007567
EURUSD,age26_adx-_er0.2,26.0,,0.2,L,2025-12-03 10:15:00+00:00,2025-12-19 08:21:00-05:00,0.4655310999999967
GBPUSD,age26_adx-_er0.35,26.0,,0.35,L,2021-01-14 17:56:00+00:00,2021-01-26 01:37:00-05:00,-0.276280650000006
GBPUSD,age26_adx-_er0.35,26.0,,0.35,L,2021-05-07 14:43:00+00:00,2021-05-26 13:09:00-04:00,1.1613312500000053
GBPUSD,age26_adx-_er0.35,26.0,,0.35,L,2021-06-01 01:12:00+00:00,2021-06-02 03:26:00-04:00,-1.0148218499999857
USDJPY,age26_adx-_er0.35,26.0,,0.35,L,2022-01-27 09:20:00+00:00,2022-02-17 03:28:00-05:00,-0.030320000000001075
GBPUSD,age26_adx-_er0.35,26.0,,0.35,S,2022-04-06 06:09:00+00:00,2022-04-13 11:30:00-04:00,-0.05343569999999692
EURUSD,age26_adx-_er0.35,26.0,,0.35,S,2022-04-05 14:19:00+00:00,2022-04-21 03:43:00-04:00,0.08782074999999749
USDJPY,age26_adx-_er0.35,26.0,,0.35,L,2022-04-11 06:16:00+00:00,2022-04-25 09:47:00-04:00,1.5908899999999973
USDJPY,age26_adx-_er0.35,26.0,,0.35,L,2022-06-01 14:11:00+00:00,2022-06-15 15:29:00-04:00,1.1624849999999993
USDJPY,age26_adx-_er0.35,26.0,,0.35,L,2022-06-29 13:15:00+00:00,2022-07-21 16:17:00-04:00,0.26863000000000065
EURUSD,age26_adx-_er0.35,26.0,,0.35,S,2022-08-16 11:31:00+00:00,2022-08-25 02:17:00-04:00,0.41906859999999857
USDJPY,age26_adx-_er0.35,26.0,,0.35,L,2022-08-18 16:59:00+00:00,2022-09-22 04:20:00-04:00,2.3295450000000053
GBPUSD,age26_adx-_er0.35,26.0,,0.35,S,2022-09-16 07:39:00+00:00,2022-10-04 01:54:00-04:00,0.2145998500000045
EURUSD,age26_adx-_er0.35,26.0,,0.35,S,2022-09-21 18:00:00+00:00,2022-10-04 02:06:00-04:00,0.051565999999997614
USDJPY,age26_adx-_er0.35,26.0,,0.35,L,2023-01-06 09:21:00+00:00,2023-01-12 04:19:00-05:00,-0.6387199999999996
EURUSD,age26_adx-_er0.35,26.0,,0.35,L,2023-07-11 01:31:00+00:00,2023-07-19 02:42:00-04:00,1.0629094500000078
EURUSD,age26_adx-_er0.35,26.0,,0.35,L,2023-08-30 13:34:00+00:00,2023-09-01 12:04:00-04:00,-0.902192900000001
USDJPY,age26_adx-_er0.35,26.0,,0.35,L,2023-11-13 04:44:00+00:00,2023-11-17 03:39:00-05:00,-0.6595299999999935
USDJPY,age26_adx-_er0.35,26.0,,0.35,L,2024-01-05 06:19:00+00:00,2024-01-24 08:25:00-05:00,0.4252550000000052
USDJPY,age26_adx-_er0.35,26.0,,0.35,L,2024-03-19 15:38:00+00:00,2024-04-04 14:53:00-04:00,0.17280999999999835
USDJPY,age26_adx-_er0.35,26.0,,0.35,L,2024-05-22 20:44:00+00:00,2024-05-30 03:11:00-04:00,-0.21858999999999298
EURUSD,age26_adx-_er0.35,26.0,,0.35,L,2025-09-16 03:31:00+00:00,2025-09-25 08:30:00-04:00,-0.45862189999999287
USDCHF,age26_adx-_er0.35,26.0,,0.35,S,2025-09-16 09:10:00+00:00,2025-09-25 08:31:00-04:00,-0.6453850999999965
EURUSD,age26_adx-_er0.35,26.0,,0.35,L,2025-12-03 10:15:00+00:00,2025-12-19 08:21:00-05:00,0.4655310999999967
USDJPY,age26_adx25_er-,26.0,25.0,,S,2021-01-20 15:18:00+00:00,2021-01-27 08:19:00-05:00,-0.738370000000011
USDCHF,age26_adx25_er-,26.0,25.0,,S,2021-02-16 01:25:00+00:00,2021-02-16 18:14:00-05:00,-1.0388425999999928
GBPUSD,age26_adx25_er-,26.0,25.0,,L,2021-04-02 03:20:00+00:00,2021-04-09 01:59:00-04:00,-1.0100108499999991
GBPUSD,age26_adx25_er-,26.0,25.0,,L,2021-04-19 10:58:00+00:00,2021-04-30 10:06:00-04:00,-0.30438910000000347
GBPUSD,age26_adx25_er-,26.0,25.0,,L,2021-05-07 14:43:00+00:00,2021-05-26 13:09:00-04:00,1.1613312500000053
GBPUSD,age26_adx25_er-,26.0,25.0,,L,2021-06-01 01:12:00+00:00,2021-06-02 03:26:00-04:00,-1.0148218499999857
GBPUSD,age26_adx25_er-,26.0,25.0,,L,2021-07-09 20:07:00+00:00,2021-07-16 03:31:00-04:00,-0.6352858500000104
USDJPY,age26_adx25_er-,26.0,25.0,,L,2021-12-22 08:25:00+00:00,2022-01-03 06:10:00-05:00,0.652150000000008
USDJPY,age26_adx25_er-,26.0,25.0,,L,2022-01-27 09:20:00+00:00,2022-02-17 03:28:00-05:00,-0.030320000000001075
USDJPY,age26_adx25_er-,26.0,25.0,,L,2022-03-03 08:15:00+00:00,2022-03-04 11:37:00-05:00,-0.9992350000000115
EURUSD,age26_adx25_er-,26.0,25.0,,S,2022-03-28 01:22:00+00:00,2022-03-29 05:45:00-04:00,-0.43903020000000226
USDJPY,age26_adx25_er-,26.0,25.0,,L,2022-03-09 00:16:00+00:00,2022-03-31 10:59:00-04:00,4.761634999999996
EURUSD,age26_adx25_er-,26.0,25.0,,S,2022-04-05 14:19:00+00:00,2022-04-21 03:43:00-04:00,0.08782074999999749
USDJPY,age26_adx25_er-,26.0,25.0,,L,2022-04-11 06:16:00+00:00,2022-04-25 09:47:00-04:00,1.5908899999999973
EURUSD,age26_adx25_er-,26.0,25.0,,S,2022-04-25 06:13:00+00:00,2022-05-04 14:43:00-04:00,1.0032002499999972
USDJPY,age26_adx25_er-,26.0,25.0,,L,2022-04-28 03:13:00+00:00,2022-05-04 14:46:00-04:00,0.11643499999999872
USDJPY,age26_adx25_er-,26.0,25.0,,L,2022-05-09 06:53:00+00:00,2022-05-11 05:01:00-04:00,-0.5538650000000029
GBPUSD,age26_adx25_er-,26.0,25.0,,S,2022-05-05 11:40:00+00:00,2022-05-17 03:09:00-04:00,0.04834270000000818
EURUSD,age26_adx25_er-,26.0,25.0,,S,2022-05-12 07:12:00+00:00,2022-05-19 09:45:00-04:00,-0.5144758500000023
GBPUSD,age26_adx25_er-,26.0,25.0,,S,2022-06-07 05:56:00+00:00,2022-06-07 11:54:00-04:00,-1.0096838999999846
USDJPY,age26_adx25_er-,26.0,25.0,,L,2022-06-01 14:11:00+00:00,2022-06-15 15:29:00-04:00,1.1624849999999993
EURUSD,age26_adx25_er-,26.0,25.0,,S,2022-06-09 17:19:00+00:00,2022-06-16 11:13:00-04:00,0.8665895999999931
GBPUSD,age26_adx25_er-,26.0,25.0,,S,2022-06-10 11:34:00+00:00,2022-06-24 10:02:00-04:00,0.6797027500000032
EURUSD,age26_adx25_er-,26.0,25.0,,S,2022-07-05 08:06:00+00:00,2022-07-18 03:07:00-04:00,1.8282288999999992
GBPUSD,age26_adx25_er-,26.0,25.0,,S,2022-06-29 09:59:00+00:00,2022-07-18 05:41:00-04:00,1.1198625499999948
USDJPY,age26_adx25_er-,26.0,25.0,,L,2022-06-21 10:56:00+00:00,2022-07-21 16:17:00-04:00,0.42823499999999576
EURUSD,age26_adx25_er-,26.0,25.0,,S,2022-08-16 11:31:00+00:00,2022-08-25 02:17:00-04:00,0.41906859999999857
GBPUSD,age26_adx25_er-,26.0,25.0,,S,2022-08-18 06:47:00+00:00,2022-08-26 09:07:00-04:00,0.5018798499999946
GBPUSD,age26_adx25_er-,26.0,25.0,,S,2022-08-28 22:09:00+00:00,2022-09-05 20:38:00-04:00,0.8662842000000001
EURUSD,age26_adx25_er-,26.0,25.0,,S,2022-09-05 05:04:00+00:00,2022-09-07 13:05:00-04:00,-0.48652970000000223
USDJPY,age26_adx25_er-,26.0,25.0,,L,2022-08-18 16:59:00+00:00,2022-09-22 04:20:00-04:00,2.3295450000000053
USDJPY,age26_adx25_er-,26.0,25.0,,L,2022-10-03 04:02:00+00:00,2022-10-03 11:15:00-04:00,-0.6999199999999979
GBPUSD,age26_adx25_er-,26.0,25.0,,S,2022-09-16 07:39:00+00:00,2022-10-04 01:54:00-04:00,0.2145998500000045
EURUSD,age26_adx25_er-,26.0,25.0,,S,2022-09-21 18:00:00+00:00,2022-10-04 02:06:00-04:00,0.051565999999997614
USDJPY,age26_adx25_er-,26.0,25.0,,L,2022-10-07 12:51:00+00:00,2022-10-21 11:14:00-04:00,1.5573400000000013
USDJPY,age26_adx25_er-,26.0,25.0,,L,2022-12-13 00:28:00+00:00,2022-12-13 08:30:00-05:00,-0.9925150000000041
USDJPY,age26_adx25_er-,26.0,25.0,,L,2023-01-06 09:21:00+00:00,2023-01-12 04:19:00-05:00,-0.6387199999999996
USDJPY,age26_adx25_er-,26.0,25.0,,L,2023-11-13 04:44:00+00:00,2023-11-17 03:39:00-05:00,-0.6595299999999935
USDJPY,age26_adx25_er-,26.0,25.0,,L,2024-01-05 06:19:00+00:00,2024-01-24 08:25:00-05:00,0.4252550000000052
USDCHF,age26_adx25_er-,26.0,25.0,,S,2025-08-28 10:26:00+00:00,2025-09-02 03:56:00-04:00,-0.4807389999999991
EURUSD,age26_adx25_er-,26.0,25.0,,L,2025-09-05 12:30:00+00:00,2025-09-11 05:40:00-04:00,-0.42552605000000043
EURUSD,age26_adx25_er-,26.0,25.0,,L,2025-09-16 03:31:00+00:00,2025-09-25 08:30:00-04:00,-0.45862189999999287
USDCHF,age26_adx25_er-,26.0,25.0,,S,2025-09-05 13:12:00+00:00,2025-09-25 08:31:00-04:00,0.13456644999999365
USDCHF,age26_adx25_er-,26.0,25.0,,S,2025-10-16 01:20:00+00:00,2025-10-21 05:55:00-04:00,0.011446850000007567
GBPUSD,age26_adx25_er0.2,26.0,25.0,0.2,L,2021-04-02 03:20:00+00:00,2021-04-09 01:59:00-04:00,-1.0100108499999991
GBPUSD,age26_adx25_er0.2,26.0,25.0,0.2,L,2021-04-19 10:58:00+00:00,2021-04-30 10:06:00-04:00,-0.30438910000000347
GBPUSD,age26_adx25_er0.2,26.0,25.0,0.2,L,2021-05-07 14:43:00+00:00,2021-05-26 13:09:00-04:00,1.1613312500000053
GBPUSD,age26_adx25_er0.2,26.0,25.0,0.2,L,2021-06-01 01:12:00+00:00,2021-06-02 03:26:00-04:00,-1.0148218499999857
GBPUSD,age26_adx25_er0.2,26.0,25.0,0.2,L,2021-07-09 20:07:00+00:00,2021-07-16 03:31:00-04:00,-0.6352858500000104
USDJPY,age26_adx25_er0.2,26.0,25.0,0.2,L,2021-12-22 08:25:00+00:00,2022-01-03 06:10:00-05:00,0.652150000000008
USDJPY,age26_adx25_er0.2,26.0,25.0,0.2,L,2022-01-27 09:20:00+00:00,2022-02-17 03:28:00-05:00,-0.030320000000001075
EURUSD,age26_adx25_er0.2,26.0,25.0,0.2,S,2022-03-28 01:22:00+00:00,2022-03-29 05:45:00-04:00,-0.43903020000000226
EURUSD,age26_adx25_er0.2,26.0,25.0,0.2,S,2022-04-05 14:19:00+00:00,2022-04-21 03:43:00-04:00,0.08782074999999749
USDJPY,age26_adx25_er0.2,26.0,25.0,0.2,L,2022-04-11 06:16:00+00:00,2022-04-25 09:47:00-04:00,1.5908899999999973
USDJPY,age26_adx25_er0.2,26.0,25.0,0.2,L,2022-06-01 14:11:00+00:00,2022-06-15 15:29:00-04:00,1.1624849999999993
GBPUSD,age26_adx25_er0.2,26.0,25.0,0.2,S,2022-06-29 09:59:00+00:00,2022-07-18 05:41:00-04:00,1.1198625499999948
USDJPY,age26_adx25_er0.2,26.0,25.0,0.2,L,2022-06-21 10:56:00+00:00,2022-07-21 16:17:00-04:00,0.42823499999999576
EURUSD,age26_adx25_er0.2,26.0,25.0,0.2,S,2022-08-16 11:31:00+00:00,2022-08-25 02:17:00-04:00,0.41906859999999857
GBPUSD,age26_adx25_er0.2,26.0,25.0,0.2,S,2022-08-18 06:47:00+00:00,2022-08-26 09:07:00-04:00,0.5018798499999946
GBPUSD,age26_adx25_er0.2,26.0,25.0,0.2,S,2022-08-28 22:09:00+00:00,2022-09-05 20:38:00-04:00,0.8662842000000001
EURUSD,age26_adx25_er0.2,26.0,25.0,0.2,S,2022-09-05 05:04:00+00:00,2022-09-07 13:05:00-04:00,-0.48652970000000223
USDJPY,age26_adx25_er0.2,26.0,25.0,0.2,L,2022-08-18 16:59:00+00:00,2022-09-22 04:20:00-04:00,2.3295450000000053
GBPUSD,age26_adx25_er0.2,26.0,25.0,0.2,S,2022-09-16 07:39:00+00:00,2022-10-04 01:54:00-04:00,0.2145998500000045
EURUSD,age26_adx25_er0.2,26.0,25.0,0.2,S,2022-09-21 18:00:00+00:00,2022-10-04 02:06:00-04:00,0.051565999999997614
USDJPY,age26_adx25_er0.2,26.0,25.0,0.2,L,2022-12-13 00:28:00+00:00,2022-12-13 08:30:00-05:00,-0.9925150000000041
USDJPY,age26_adx25_er0.2,26.0,25.0,0.2,L,2023-01-06 09:21:00+00:00,2023-01-12 04:19:00-05:00,-0.6387199999999996
USDJPY,age26_adx25_er0.2,26.0,25.0,0.2,L,2023-11-13 04:44:00+00:00,2023-11-17 03:39:00-05:00,-0.6595299999999935
USDJPY,age26_adx25_er0.2,26.0,25.0,0.2,L,2024-01-05 06:19:00+00:00,2024-01-24 08:25:00-05:00,0.4252550000000052
EURUSD,age26_adx25_er0.2,26.0,25.0,0.2,L,2025-09-16 03:31:00+00:00,2025-09-25 08:30:00-04:00,-0.45862189999999287
USDCHF,age26_adx25_er0.2,26.0,25.0,0.2,S,2025-09-05 13:12:00+00:00,2025-09-25 08:31:00-04:00,0.13456644999999365
USDCHF,age26_adx25_er0.2,26.0,25.0,0.2,S,2025-10-16 01:20:00+00:00,2025-10-21 05:55:00-04:00,0.011446850000007567
GBPUSD,age26_adx25_er0.35,26.0,25.0,0.35,L,2021-05-07 14:43:00+00:00,2021-05-26 13:09:00-04:00,1.1613312500000053
GBPUSD,age26_adx25_er0.35,26.0,25.0,0.35,L,2021-06-01 01:12:00+00:00,2021-06-02 03:26:00-04:00,-1.0148218499999857
USDJPY,age26_adx25_er0.35,26.0,25.0,0.35,L,2022-01-27 09:20:00+00:00,2022-02-17 03:28:00-05:00,-0.030320000000001075
EURUSD,age26_adx25_er0.35,26.0,25.0,0.35,S,2022-04-05 14:19:00+00:00,2022-04-21 03:43:00-04:00,0.08782074999999749
USDJPY,age26_adx25_er0.35,26.0,25.0,0.35,L,2022-04-11 06:16:00+00:00,2022-04-25 09:47:00-04:00,1.5908899999999973
USDJPY,age26_adx25_er0.35,26.0,25.0,0.35,L,2022-06-01 14:11:00+00:00,2022-06-15 15:29:00-04:00,1.1624849999999993
USDJPY,age26_adx25_er0.35,26.0,25.0,0.35,L,2022-06-29 13:15:00+00:00,2022-07-21 16:17:00-04:00,0.26863000000000065
EURUSD,age26_adx25_er0.35,26.0,25.0,0.35,S,2022-08-16 11:31:00+00:00,2022-08-25 02:17:00-04:00,0.41906859999999857
USDJPY,age26_adx25_er0.35,26.0,25.0,0.35,L,2022-08-18 16:59:00+00:00,2022-09-22 04:20:00-04:00,2.3295450000000053
GBPUSD,age26_adx25_er0.35,26.0,25.0,0.35,S,2022-09-16 07:39:00+00:00,2022-10-04 01:54:00-04:00,0.2145998500000045
EURUSD,age26_adx25_er0.35,26.0,25.0,0.35,S,2022-09-21 18:00:00+00:00,2022-10-04 02:06:00-04:00,0.051565999999997614
USDJPY,age26_adx25_er0.35,26.0,25.0,0.35,L,2023-01-06 09:21:00+00:00,2023-01-12 04:19:00-05:00,-0.6387199999999996
USDJPY,age26_adx25_er0.35,26.0,25.0,0.35,L,2023-11-13 04:44:00+00:00,2023-11-17 03:39:00-05:00,-0.6595299999999935
USDJPY,age26_adx25_er0.35,26.0,25.0,0.35,L,2024-01-05 06:19:00+00:00,2024-01-24 08:25:00-05:00,0.4252550000000052
EURUSD,age26_adx25_er0.35,26.0,25.0,0.35,L,2025-09-16 03:31:00+00:00,2025-09-25 08:30:00-04:00,-0.45862189999999287
USDCHF,age26_adx25_er0.35,26.0,25.0,0.35,S,2025-09-16 09:10:00+00:00,2025-09-25 08:31:00-04:00,-0.6453850999999965
USDJPY,age26_adx35_er-,26.0,35.0,,S,2021-01-20 15:18:00+00:00,2021-01-27 08:19:00-05:00,-0.738370000000011
USDCHF,age26_adx35_er-,26.0,35.0,,S,2021-02-16 01:25:00+00:00,2021-02-16 18:14:00-05:00,-1.0388425999999928
USDJPY,age26_adx35_er-,26.0,35.0,,L,2022-04-11 06:16:00+00:00,2022-04-25 09:47:00-04:00,1.5908899999999973
EURUSD,age26_adx35_er-,26.0,35.0,,S,2022-04-25 06:13:00+00:00,2022-05-04 14:43:00-04:00,1.0032002499999972
USDJPY,age26_adx35_er-,26.0,35.0,,L,2022-04-28 03:13:00+00:00,2022-05-04 14:46:00-04:00,0.11643499999999872
USDJPY,age26_adx35_er-,26.0,35.0,,L,2022-05-09 06:53:00+00:00,2022-05-11 05:01:00-04:00,-0.5538650000000029
EURUSD,age26_adx35_er-,26.0,35.0,,S,2022-05-12 07:12:00+00:00,2022-05-19 09:45:00-04:00,-0.5144758500000023
GBPUSD,age26_adx35_er-,26.0,35.0,,S,2022-06-07 05:56:00+00:00,2022-06-07 11:54:00-04:00,-1.0096838999999846
USDJPY,age26_adx35_er-,26.0,35.0,,L,2022-06-01 14:11:00+00:00,2022-06-15 15:29:00-04:00,1.1624849999999993
EURUSD,age26_adx35_er-,26.0,35.0,,S,2022-06-09 17:19:00+00:00,2022-06-16 11:13:00-04:00,0.8665895999999931
GBPUSD,age26_adx35_er-,26.0,35.0,,S,2022-06-10 11:34:00+00:00,2022-06-24 10:02:00-04:00,0.6797027500000032
EURUSD,age26_adx35_er-,26.0,35.0,,S,2022-07-05 08:06:00+00:00,2022-07-18 03:07:00-04:00,1.8282288999999992
GBPUSD,age26_adx35_er-,26.0,35.0,,S,2022-06-29 09:59:00+00:00,2022-07-18 05:41:00-04:00,1.1198625499999948
USDJPY,age26_adx35_er-,26.0,35.0,,L,2022-06-21 10:56:00+00:00,2022-07-21 16:17:00-04:00,0.42823499999999576
EURUSD,age26_adx35_er-,26.0,35.0,,S,2022-08-16 11:31:00+00:00,2022-08-25 02:17:00-04:00,0.41906859999999857
GBPUSD,age26_adx35_er-,26.0,35.0,,S,2022-08-18 06:47:00+00:00,2022-08-26 09:07:00-04:00,0.5018798499999946
GBPUSD,age26_adx35_er-,26.0,35.0,,S,2022-08-28 22:09:00+00:00,2022-09-05 20:38:00-04:00,0.8662842000000001
EURUSD,age26_adx35_er-,26.0,35.0,,S,2022-09-05 05:04:00+00:00,2022-09-07 13:05:00-04:00,-0.48652970000000223
USDJPY,age26_adx35_er-,26.0,35.0,,L,2022-08-18 16:59:00+00:00,2022-09-22 04:20:00-04:00,2.3295450000000053
USDJPY,age26_adx35_er-,26.0,35.0,,L,2022-10-03 04:02:00+00:00,2022-10-03 11:15:00-04:00,-0.6999199999999979
GBPUSD,age26_adx35_er-,26.0,35.0,,S,2022-09-16 07:39:00+00:00,2022-10-04 01:54:00-04:00,0.2145998500000045
EURUSD,age26_adx35_er-,26.0,35.0,,S,2022-09-21 18:00:00+00:00,2022-10-04 02:06:00-04:00,0.051565999999997614
USDJPY,age26_adx35_er-,26.0,35.0,,L,2022-10-07 12:51:00+00:00,2022-10-21 11:14:00-04:00,1.5573400000000013
USDJPY,age26_adx35_er-,26.0,35.0,,L,2022-12-13 00:28:00+00:00,2022-12-13 08:30:00-05:00,-0.9925150000000041
USDJPY,age26_adx35_er-,26.0,35.0,,L,2023-01-06 09:21:00+00:00,2023-01-12 04:19:00-05:00,-0.6387199999999996
USDCHF,age26_adx35_er-,26.0,35.0,,S,2025-08-28 10:26:00+00:00,2025-09-02 03:56:00-04:00,-0.4807389999999991
USDCHF,age26_adx35_er-,26.0,35.0,,S,2025-09-05 13:12:00+00:00,2025-09-25 08:31:00-04:00,0.13456644999999365
USDCHF,age26_adx35_er-,26.0,35.0,,S,2025-10-16 01:20:00+00:00,2025-10-21 05:55:00-04:00,0.011446850000007567
USDJPY,age26_adx35_er0.2,26.0,35.0,0.2,L,2022-04-11 06:16:00+00:00,2022-04-25 09:47:00-04:00,1.5908899999999973
USDJPY,age26_adx35_er0.2,26.0,35.0,0.2,L,2022-06-01 14:11:00+00:00,2022-06-15 15:29:00-04:00,1.1624849999999993
GBPUSD,age26_adx35_er0.2,26.0,35.0,0.2,S,2022-06-29 09:59:00+00:00,2022-07-18 05:41:00-04:00,1.1198625499999948
USDJPY,age26_adx35_er0.2,26.0,35.0,0.2,L,2022-06-21 10:56:00+00:00,2022-07-21 16:17:00-04:00,0.42823499999999576
EURUSD,age26_adx35_er0.2,26.0,35.0,0.2,S,2022-08-16 11:31:00+00:00,2022-08-25 02:17:00-04:00,0.41906859999999857
GBPUSD,age26_adx35_er0.2,26.0,35.0,0.2,S,2022-08-18 06:47:00+00:00,2022-08-26 09:07:00-04:00,0.5018798499999946
GBPUSD,age26_adx35_er0.2,26.0,35.0,0.2,S,2022-08-28 22:09:00+00:00,2022-09-05 20:38:00-04:00,0.8662842000000001
EURUSD,age26_adx35_er0.2,26.0,35.0,0.2,S,2022-09-05 05:04:00+00:00,2022-09-07 13:05:00-04:00,-0.48652970000000223
USDJPY,age26_adx35_er0.2,26.0,35.0,0.2,L,2022-08-18 16:59:00+00:00,2022-09-22 04:20:00-04:00,2.3295450000000053
GBPUSD,age26_adx35_er0.2,26.0,35.0,0.2,S,2022-09-16 07:39:00+00:00,2022-10-04 01:54:00-04:00,0.2145998500000045
EURUSD,age26_adx35_er0.2,26.0,35.0,0.2,S,2022-09-21 18:00:00+00:00,2022-10-04 02:06:00-04:00,0.051565999999997614
USDJPY,age26_adx35_er0.2,26.0,35.0,0.2,L,2022-12-13 00:28:00+00:00,2022-12-13 08:30:00-05:00,-0.9925150000000041
USDJPY,age26_adx35_er0.2,26.0,35.0,0.2,L,2023-01-06 09:21:00+00:00,2023-01-12 04:19:00-05:00,-0.6387199999999996
USDCHF,age26_adx35_er0.2,26.0,35.0,0.2,S,2025-09-05 13:12:00+00:00,2025-09-25 08:31:00-04:00,0.13456644999999365
USDCHF,age26_adx35_er0.2,26.0,35.0,0.2,S,2025-10-16 01:20:00+00:00,2025-10-21 05:55:00-04:00,0.011446850000007567
USDJPY,age26_adx35_er0.35,26.0,35.0,0.35,L,2022-04-11 06:16:00+00:00,2022-04-25 09:47:00-04:00,1.5908899999999973
USDJPY,age26_adx35_er0.35,26.0,35.0,0.35,L,2022-06-01 14:11:00+00:00,2022-06-15 15:29:00-04:00,1.1624849999999993
USDJPY,age26_adx35_er0.35,26.0,35.0,0.35,L,2022-06-29 13:15:00+00:00,2022-07-21 16:17:00-04:00,0.26863000000000065
EURUSD,age26_adx35_er0.35,26.0,35.0,0.35,S,2022-08-16 11:31:00+00:00,2022-08-25 02:17:00-04:00,0.41906859999999857
USDJPY,age26_adx35_er0.35,26.0,35.0,0.35,L,2022-08-18 16:59:00+00:00,2022-09-22 04:20:00-04:00,2.3295450000000053
GBPUSD,age26_adx35_er0.35,26.0,35.0,0.35,S,2022-09-16 07:39:00+00:00,2022-10-04 01:54:00-04:00,0.2145998500000045
EURUSD,age26_adx35_er0.35,26.0,35.0,0.35,S,2022-09-21 18:00:00+00:00,2022-10-04 02:06:00-04:00,0.051565999999997614
USDJPY,age26_adx35_er0.35,26.0,35.0,0.35,L,2023-01-06 09:21:00+00:00,2023-01-12 04:19:00-05:00,-0.6387199999999996
USDCHF,age26_adx35_er0.35,26.0,35.0,0.35,S,2025-09-16 09:10:00+00:00,2025-09-25 08:31:00-04:00,-0.6453850999999965
USDJPY,age8_adx-_er-,8.0,,,S,2021-01-04 07:46:00+00:00,2021-01-06 10:29:00-05:00,-0.4502500000000031
GBPUSD,age8_adx-_er-,8.0,,,L,2021-01-14 17:56:00+00:00,2021-01-26 01:37:00-05:00,-0.276280650000006
USDJPY,age8_adx-_er-,8.0,,,S,2021-01-20 15:18:00+00:00,2021-01-27 08:19:00-05:00,-0.738370000000011
GBPUSD,age8_adx-_er-,8.0,,,L,2021-01-27 00:16:00+00:00,2021-01-28 03:54:00-05:00,-1.0126489000000085
USDCHF,age8_adx-_er-,8.0,,,S,2021-02-16 01:25:00+00:00,2021-02-16 18:14:00-05:00,-1.0388425999999928
AUDUSD,age8_adx-_er-,8.0,,,L,2021-02-15 03:47:00+00:00,2021-02-25 13:36:00-05:00,1.385715949999995
EURUSD,age8_adx-_er-,8.0,,,L,2021-02-23 00:50:00+00:00,2021-02-26 06:20:00-05:00,-0.41811790000000765
GBPUSD,age8_adx-_er-,8.0,,,L,2021-02-09 01:26:00+00:00,2021-03-01 21:51:00-05:00,0.6598194000000035
AUDUSD,age8_adx-_er-,8.0,,,L,2021-03-17 18:46:00+00:00,2021-03-21 21:26:00-04:00,-1.0108260500000024
GBPUSD,age8_adx-_er-,8.0,,,L,2021-04-02 03:20:00+00:00,2021-04-09 01:59:00-04:00,-1.0100108499999991
GBPUSD,age8_adx-_er-,8.0,,,L,2021-04-19 10:58:00+00:00,2021-04-30 10:06:00-04:00,-0.30438910000000347
EURUSD,age8_adx-_er-,8.0,,,S,2021-05-05 06:49:00+00:00,2021-05-07 10:35:00-04:00,-1.0037368500000121
GBPUSD,age8_adx-_er-,8.0,,,L,2021-05-07 14:43:00+00:00,2021-05-26 13:09:00-04:00,1.1613312500000053
GBPUSD,age8_adx-_er-,8.0,,,L,2021-06-01 01:12:00+00:00,2021-06-02 03:26:00-04:00,-1.0148218499999857
GBPUSD,age8_adx-_er-,8.0,,,L,2021-07-09 20:07:00+00:00,2021-07-16 03:31:00-04:00,-0.6352858500000104
AUDUSD,age8_adx-_er-,8.0,,,S,2021-08-10 01:56:00+00:00,2021-08-25 14:11:00-04:00,0.41453794999999793
USDJPY,age8_adx-_er-,8.0,,,L,2021-08-26 13:41:00+00:00,2021-08-31 08:35:00-04:00,-0.6455550000000011
USDJPY,age8_adx-_er-,8.0,,,L,2021-09-08 06:02:00+00:00,2021-09-09 13:00:00-04:00,-1.001890000000012
AUDUSD,age8_adx-_er-,8.0,,,S,2021-09-29 12:36:00+00:00,2021-10-07 03:13:00-04:00,-0.9026452499999995
USDJPY,age8_adx-_er-,8.0,,,L,2021-09-23 12:53:00+00:00,2021-10-21 08:53:00-04:00,3.9488399999999975
USDJPY,age8_adx-_er-,8.0,,,L,2021-11-01 05:40:00+00:00,2021-11-05 11:30:00-04:00,-0.803335000000008
USDJPY,age8_adx-_er-,8.0,,,L,2021-11-16 14:01:00+00:00,2021-11-19 05:04:00-05:00,-0.8251249999999898
USDCHF,age8_adx-_er-,8.0,,,L,2021-11-10 18:04:00+00:00,2021-11-26 05:57:00-05:00,1.1678326500000025
USDJPY,age8_adx-_er-,8.0,,,L,2021-11-23 02:14:00+00:00,2021-11-26 09:47:00-05:00,-0.9965550000000002
GBPUSD,age8_adx-_er-,8.0,,,S,2021-11-23 12:16:00+00:00,2021-11-30 04:27:00-05:00,-0.08226574999999743
GBPUSD,age8_adx-_er-,8.0,,,S,2021-12-08 11:17:00+00:00,2021-12-15 03:47:00-05:00,-0.8812004000000054
EURUSD,age8_adx-_er-,8.0,,,S,2021-12-15 19:01:00+00:00,2021-12-16 07:45:00-05:00,-1.0056241000000095
USDCHF,age8_adx-_er-,8.0,,,L,2021-12-15 19:00:00+00:00,2021-12-16 23:03:00-05:00,-1.0230174999999948
USDJPY,age8_adx-_er-,8.0,,,L,2021-12-15 18:10:00+00:00,2021-12-17 07:52:00-05:00,-1.0020199999999926
USDJPY,age8_adx-_er-,8.0,,,L,2021-12-22 08:25:00+00:00,2022-01-03 06:10:00-05:00,0.652150000000008
EURUSD,age8_adx-_er-,8.0,,,S,2022-01-04 12:24:00+00:00,2022-01-07 10:20:00-05:00,-0.650761050000004
USDCHF,age8_adx-_er-,8.0,,,L,2022-01-10 13:59:00+00:00,2022-01-12 10:00:00-05:00,-0.6331199000000021
USDCHF,age8_adx-_er-,8.0,,,L,2022-01-27 10:23:00+00:00,2022-01-31 13:08:00-05:00,0.058743249999998755
GBPUSD,age8_adx-_er-,8.0,,,S,2022-01-27 05:17:00+00:00,2022-02-01 15:17:00-05:00,-0.4121055999999947
EURUSD,age8_adx-_er-,8.0,,,S,2022-01-25 11:45:00+00:00,2022-02-03 08:46:00-05:00,-1.0062595999999788
USDJPY,age8_adx-_er-,8.0,,,L,2022-01-27 09:20:00+00:00,2022-02-17 03:28:00-05:00,-0.030320000000001075
USDJPY,age8_adx-_er-,8.0,,,L,2022-03-03 08:15:00+00:00,2022-03-04 11:37:00-05:00,-0.9992350000000115
EURUSD,age8_adx-_er-,8.0,,,S,2022-02-24 00:56:00+00:00,2022-03-16 07:44:00-04:00,2.9925480499999826
GBPUSD,age8_adx-_er-,8.0,,,S,2022-02-15 14:57:00+00:00,2022-03-17 07:10:00-04:00,1.9211630499999977
USDCHF,age8_adx-_er-,8.0,,,L,2022-03-08 09:46:00+00:00,2022-03-24 19:23:00-04:00,0.025327549999997218
EURUSD,age8_adx-_er-,8.0,,,S,2022-03-28 01:22:00+00:00,2022-03-29 05:45:00-04:00,-0.43903020000000226
USDJPY,age8_adx-_er-,8.0,,,L,2022-03-09 00:16:00+00:00,2022-03-31 10:59:00-04:00,4.761634999999996
GBPUSD,age8_adx-_er-,8.0,,,S,2022-04-06 06:09:00+00:00,2022-04-13 11:30:00-04:00,-0.05343569999999692
EURUSD,age8_adx-_er-,8.0,,,S,2022-04-05 14:19:00+00:00,2022-04-21 03:43:00-04:00,0.08782074999999749
USDJPY,age8_adx-_er-,8.0,,,L,2022-04-11 06:16:00+00:00,2022-04-25 09:47:00-04:00,1.5908899999999973
EURUSD,age8_adx-_er-,8.0,,,S,2022-04-25 06:13:00+00:00,2022-05-04 14:43:00-04:00,1.0032002499999972
USDJPY,age8_adx-_er-,8.0,,,L,2022-04-28 03:13:00+00:00,2022-05-04 14:46:00-04:00,0.11643499999999872
GBPUSD,age8_adx-_er-,8.0,,,S,2022-04-22 06:47:00+00:00,2022-05-04 15:49:00-04:00,2.043360049999994
USDJPY,age8_adx-_er-,8.0,,,L,2022-05-09 06:53:00+00:00,2022-05-11 05:01:00-04:00,-0.5538650000000029
GBPUSD,age8_adx-_er-,8.0,,,S,2022-05-05 11:40:00+00:00,2022-05-17 03:09:00-04:00,0.04834270000000818
USDCHF,age8_adx-_er-,8.0,,,L,2022-04-14 11:53:00+00:00,2022-05-18 10:43:00-04:00,6.235663450000008
EURUSD,age8_adx-_er-,8.0,,,S,2022-05-12 07:12:00+00:00,2022-05-19 09:45:00-04:00,-0.5144758500000023
GBPUSD,age8_adx-_er-,8.0,,,S,2022-06-07 05:56:00+00:00,2022-06-07 11:54:00-04:00,-1.0096838999999846
USDJPY,age8_adx-_er-,8.0,,,L,2022-06-01 14:11:00+00:00,2022-06-15 15:29:00-04:00,1.1624849999999993
EURUSD,age8_adx-_er-,8.0,,,S,2022-06-09 17:19:00+00:00,2022-06-16 11:13:00-04:00,0.8665895999999931
GBPUSD,age8_adx-_er-,8.0,,,S,2022-06-10 11:34:00+00:00,2022-06-24 10:02:00-04:00,0.6797027500000032
EURUSD,age8_adx-_er-,8.0,,,S,2022-07-05 08:06:00+00:00,2022-07-18 03:07:00-04:00,1.8282288999999992
GBPUSD,age8_adx-_er-,8.0,,,S,2022-06-29 09:59:00+00:00,2022-07-18 05:41:00-04:00,1.1198625499999948
USDJPY,age8_adx-_er-,8.0,,,L,2022-06-21 10:56:00+00:00,2022-07-21 16:17:00-04:00,0.42823499999999576
EURUSD,age8_adx-_er-,8.0,,,S,2022-08-16 11:31:00+00:00,2022-08-25 02:17:00-04:00,0.41906859999999857
GBPUSD,age8_adx-_er-,8.0,,,S,2022-08-18 06:47:00+00:00,2022-08-26 09:07:00-04:00,0.5018798499999946
GBPUSD,age8_adx-_er-,8.0,,,S,2022-08-28 22:09:00+00:00,2022-09-05 20:38:00-04:00,0.8662842000000001
EURUSD,age8_adx-_er-,8.0,,,S,2022-09-05 05:04:00+00:00,2022-09-07 13:05:00-04:00,-0.48652970000000223
AUDUSD,age8_adx-_er-,8.0,,,S,2022-08-29 01:21:00+00:00,2022-09-09 00:50:00-04:00,0.1673521000000021
USDCHF,age8_adx-_er-,8.0,,,S,2022-09-09 08:41:00+00:00,2022-09-14 15:00:00-04:00,-0.1951151500000014
USDJPY,age8_adx-_er-,8.0,,,L,2022-08-18 16:59:00+00:00,2022-09-22 04:20:00-04:00,2.3295450000000053
USDJPY,age8_adx-_er-,8.0,,,L,2022-10-03 04:02:00+00:00,2022-10-03 11:15:00-04:00,-0.6999199999999979
GBPUSD,age8_adx-_er-,8.0,,,S,2022-09-16 07:39:00+00:00,2022-10-04 01:54:00-04:00,0.2145998500000045
EURUSD,age8_adx-_er-,8.0,,,S,2022-09-21 18:00:00+00:00,2022-10-04 02:06:00-04:00,0.051565999999997614
AUDUSD,age8_adx-_er-,8.0,,,S,2022-09-15 19:11:00+00:00,2022-10-04 02:39:00-04:00,0.8023643000000032
AUDUSD,age8_adx-_er-,8.0,,,S,2022-10-07 19:13:00+00:00,2022-10-14 02:45:00-04:00,0.08985270000000084
USDJPY,age8_adx-_er-,8.0,,,L,2022-10-07 12:51:00+00:00,2022-10-21 11:14:00-04:00,1.5573400000000013
USDJPY,age8_adx-_er-,8.0,,,L,2022-12-13 00:28:00+00:00,2022-12-13 08:30:00-05:00,-0.9925150000000041
AUDUSD,age8_adx-_er-,8.0,,,S,2022-12-20 03:51:00+00:00,2022-12-21 21:42:00-05:00,-0.35748739999999957
USDJPY,age8_adx-_er-,8.0,,,L,2023-01-06 09:21:00+00:00,2023-01-12 04:19:00-05:00,-0.6387199999999996
EURUSD,age8_adx-_er-,8.0,,,L,2023-03-06 16:55:00+00:00,2023-03-07 10:55:00-05:00,-1.0044650999999922
EURUSD,age8_adx-_er-,8.0,,,L,2023-03-10 15:33:00+00:00,2023-03-15 09:29:00-04:00,-1.0029635999999942
EURUSD,age8_adx-_er-,8.0,,,L,2023-03-21 10:57:00+00:00,2023-04-07 08:35:00-04:00,0.5097165999999929
EURUSD,age8_adx-_er-,8.0,,,L,2023-04-12 12:31:00+00:00,2023-04-28 08:39:00-04:00,-0.06862609999998659
USDCHF,age8_adx-_er-,8.0,,,S,2023-06-08 13:24:00+00:00,2023-06-12 12:34:00-04:00,-0.9037684499999952
EURUSD,age8_adx-_er-,8.0,,,L,2023-06-08 15:30:00+00:00,2023-06-20 09:04:00-04:00,1.140070849999999
EURUSD,age8_adx-_er-,8.0,,,L,2023-06-21 16:51:00+00:00,2023-06-23 03:15:00-04:00,-1.0083158999999875
USDCHF,age8_adx-_er-,8.0,,,S,2023-06-14 13:24:00+00:00,2023-06-23 03:17:00-04:00,-0.1489468000000085
EURUSD,age8_adx-_er-,8.0,,,L,2023-07-11 01:31:00+00:00,2023-07-19 02:42:00-04:00,1.0629094500000078
USDCHF,age8_adx-_er-,8.0,,,S,2023-07-07 14:34:00+00:00,2023-07-20 09:06:00-04:00,3.1314566999999998
USDCHF,age8_adx-_er-,8.0,,,S,2023-07-27 10:12:00+00:00,2023-07-28 02:44:00-04:00,-1.0127403500000056
USDJPY,age8_adx-_er-,8.0,,,L,2023-07-31 06:48:00+00:00,2023-08-03 11:14:00-04:00,0.07016499999999908
EURUSD,age8_adx-_er-,8.0,,,L,2023-08-10 12:30:00+00:00,2023-08-14 02:01:00-04:00,-1.0046904500000158
USDCHF,age8_adx-_er-,8.0,,,S,2023-08-10 12:31:00+00:00,2023-08-14 08:01:00-04:00,-1.0225855000000041
USDJPY,age8_adx-_er-,8.0,,,L,2023-08-10 04:02:00+00:00,2023-08-18 12:16:00-04:00,0.5090750000000035
USDJPY,age8_adx-_er-,8.0,,,L,2023-08-25 14:44:00+00:00,2023-09-01 08:39:00-04:00,-1.0013600000000027
USDCHF,age8_adx-_er-,8.0,,,S,2023-08-30 13:31:00+00:00,2023-09-01 12:00:00-04:00,-0.8674732499999961
EURUSD,age8_adx-_er-,8.0,,,L,2023-08-30 13:34:00+00:00,2023-09-01 12:04:00-04:00,-0.902192900000001
USDJPY,age8_adx-_er-,8.0,,,L,2023-09-05 12:04:00+00:00,2023-09-10 22:34:00-04:00,-0.2689350000000021
USDJPY,age8_adx-_er-,8.0,,,L,2023-09-15 10:29:00+00:00,2023-09-20 12:41:00-04:00,-0.18584500000000218
USDJPY,age8_adx-_er-,8.0,,,L,2023-10-25 17:04:00+00:00,2023-10-30 03:02:00-04:00,-1.0032350000000023
USDJPY,age8_adx-_er-,8.0,,,L,2023-10-31 12:35:00+00:00,2023-11-03 08:46:00-04:00,-0.9980900000000019
USDJPY,age8_adx-_er-,8.0,,,L,2023-11-13 04:44:00+00:00,2023-11-17 03:39:00-05:00,-0.6595299999999935
USDJPY,age8_adx-_er-,8.0,,,L,2024-01-05 06:19:00+00:00,2024-01-24 08:25:00-05:00,0.4252550000000052
USDJPY,age8_adx-_er-,8.0,,,L,2024-02-05 00:37:00+00:00,2024-02-27 03:20:00-05:00,0.5048799999999918
USDJPY,age8_adx-_er-,8.0,,,L,2024-03-19 15:38:00+00:00,2024-04-04 14:53:00-04:00,0.17280999999999835
USDJPY,age8_adx-_er-,8.0,,,L,2024-04-10 12:30:00+00:00,2024-04-29 03:35:00-04:00,2.2739850000000077
USDJPY,age8_adx-_er-,8.0,,,L,2024-05-22 20:44:00+00:00,2024-05-30 03:11:00-04:00,-0.21858999999999298
EURUSD,age8_adx-_er-,8.0,,,S,2024-06-09 22:01:00+00:00,2024-06-12 08:30:00-04:00,0.003304099999993311
EURUSD,age8_adx-_er-,8.0,,,S,2024-06-26 13:19:00+00:00,2024-06-30 18:01:00-04:00,-0.8808768500000127
USDJPY,age8_adx-_er-,8.0,,,L,2024-06-14 03:24:00+00:00,2024-07-04 23:19:00-04:00,1.529339999999994
EURUSD,age8_adx-_er-,8.0,,,L,2024-09-18 18:00:00+00:00,2024-09-30 14:12:00-04:00,-0.206751400000005
GBPUSD,age8_adx-_er-,8.0,,,L,2024-09-18 13:13:00+00:00,2024-10-01 06:09:00-04:00,0.3049459500000014
GBPUSD,age8_adx-_er-,8.0,,,L,2024-11-05 21:59:00+00:00,2024-11-06 07:32:00-05:00,-1.0066119000000093
USDCHF,age8_adx-_er-,8.0,,,S,2024-11-27 16:49:00+00:00,2024-12-01 22:23:00-05:00,-0.3124963500000024
USDJPY,age8_adx-_er-,8.0,,,S,2024-11-26 12:15:00+00:00,2024-12-04 04:24:00-05:00,1.4397500000000005
USDCHF,age8_adx-_er-,8.0,,,S,2024-12-05 15:57:00+00:00,2024-12-10 04:09:00-05:00,-0.11066095000000185
GBPUSD,age8_adx-_er-,8.0,,,S,2025-02-28 18:25:00+00:00,2025-03-03 12:55:00-05:00,-1.0084504999999877
EURUSD,age8_adx-_er-,8.0,,,S,2025-02-27 17:48:00+00:00,2025-03-04 06:51:00-05:00,-1.0039106000000082
GBPUSD,age8_adx-_er-,8.0,,,S,2025-03-21 15:52:00+00:00,2025-03-27 08:30:00-04:00,-0.5449460000000034
GBPUSD,age8_adx-_er-,8.0,,,S,2025-04-04 17:07:00+00:00,2025-04-15 00:26:00-04:00,-1.003991000000003
USDCHF,age8_adx-_er-,8.0,,,S,2025-04-21 02:27:00+00:00,2025-04-22 17:52:00-04:00,-1.0133132000000007
USDCHF,age8_adx-_er-,8.0,,,S,2025-05-07 14:44:00+00:00,2025-05-08 02:33:00-04:00,-0.5347447499999983
EURUSD,age8_adx-_er-,8.0,,,L,2025-05-25 23:19:00+00:00,2025-05-28 19:36:00-04:00,-1.0043124499999996
EURUSD,age8_adx-_er-,8.0,,,L,2025-06-02 07:24:00+00:00,2025-06-17 13:45:00-04:00,0.3341569500000013
EURUSD,age8_adx-_er-,8.0,,,L,2025-06-24 14:24:00+00:00,2025-07-07 12:23:00-04:00,0.4721990999999974
USDCHF,age8_adx-_er-,8.0,,,S,2025-06-02 07:42:00+00:00,2025-07-07 12:56:00-04:00,1.2445255000000004
EURUSD,age8_adx-_er-,8.0,,,L,2025-07-22 14:54:00+00:00,2025-07-29 02:34:00-04:00,-1.0033732999999936
USDCHF,age8_adx-_er-,8.0,,,S,2025-07-22 15:10:00+00:00,2025-07-29 02:57:00-04:00,-1.01475535
EURUSD,age8_adx-_er-,8.0,,,L,2025-08-13 07:09:00+00:00,2025-08-19 21:26:00-04:00,-0.6274251999999947
USDCHF,age8_adx-_er-,8.0,,,S,2025-08-13 07:30:00+00:00,2025-08-19 22:46:00-04:00,-0.5757538500000011
EURUSD,age8_adx-_er-,8.0,,,L,2025-08-22 15:27:00+00:00,2025-08-25 14:56:00-04:00,-1.0052121999999988
USDCHF,age8_adx-_er-,8.0,,,S,2025-08-22 14:18:00+00:00,2025-09-02 03:56:00-04:00,-0.20559305000000833
EURUSD,age8_adx-_er-,8.0,,,L,2025-09-05 12:30:00+00:00,2025-09-11 05:40:00-04:00,-0.42552605000000043
EURUSD,age8_adx-_er-,8.0,,,L,2025-09-16 03:31:00+00:00,2025-09-25 08:30:00-04:00,-0.45862189999999287
USDCHF,age8_adx-_er-,8.0,,,S,2025-09-05 13:12:00+00:00,2025-09-25 08:31:00-04:00,0.13456644999999365
USDJPY,age8_adx-_er-,8.0,,,L,2025-09-18 13:40:00+00:00,2025-10-01 01:00:00-04:00,-0.6059099999999993
USDJPY,age8_adx-_er-,8.0,,,L,2025-10-06 03:21:00+00:00,2025-10-14 22:08:00-04:00,0.3548599999999981
USDCHF,age8_adx-_er-,8.0,,,S,2025-10-16 01:20:00+00:00,2025-10-21 05:55:00-04:00,0.011446850000007567
USDJPY,age8_adx-_er-,8.0,,,L,2025-10-30 06:40:00+00:00,2025-11-06 12:07:00-05:00,-0.1835149999999987
USDJPY,age8_adx-_er-,8.0,,,L,2025-11-11 01:28:00+00:00,2025-11-14 08:20:00-05:00,-0.4921050000000015
EURUSD,age8_adx-_er-,8.0,,,L,2025-12-03 10:15:00+00:00,2025-12-19 08:21:00-05:00,0.4655310999999967
USDJPY,age8_adx-_er0.2,8.0,,0.2,S,2021-01-04 07:46:00+00:00,2021-01-06 10:29:00-05:00,-0.4502500000000031
GBPUSD,age8_adx-_er0.2,8.0,,0.2,L,2021-01-14 17:56:00+00:00,2021-01-26 01:37:00-05:00,-0.276280650000006
EURUSD,age8_adx-_er0.2,8.0,,0.2,L,2021-02-23 00:50:00+00:00,2021-02-26 06:20:00-05:00,-0.41811790000000765
GBPUSD,age8_adx-_er0.2,8.0,,0.2,L,2021-02-09 01:26:00+00:00,2021-03-01 21:51:00-05:00,0.6598194000000035
GBPUSD,age8_adx-_er0.2,8.0,,0.2,L,2021-04-02 03:20:00+00:00,2021-04-09 01:59:00-04:00,-1.0100108499999991
GBPUSD,age8_adx-_er0.2,8.0,,0.2,L,2021-04-19 10:58:00+00:00,2021-04-30 10:06:00-04:00,-0.30438910000000347
EURUSD,age8_adx-_er0.2,8.0,,0.2,S,2021-05-05 06:49:00+00:00,2021-05-07 10:35:00-04:00,-1.0037368500000121
GBPUSD,age8_adx-_er0.2,8.0,,0.2,L,2021-05-07 14:43:00+00:00,2021-05-26 13:09:00-04:00,1.1613312500000053
GBPUSD,age8_adx-_er0.2,8.0,,0.2,L,2021-06-01 01:12:00+00:00,2021-06-02 03:26:00-04:00,-1.0148218499999857
GBPUSD,age8_adx-_er0.2,8.0,,0.2,L,2021-07-09 20:07:00+00:00,2021-07-16 03:31:00-04:00,-0.6352858500000104
AUDUSD,age8_adx-_er0.2,8.0,,0.2,S,2021-08-10 01:56:00+00:00,2021-08-25 14:11:00-04:00,0.41453794999999793
USDJPY,age8_adx-_er0.2,8.0,,0.2,L,2021-09-08 06:02:00+00:00,2021-09-09 13:00:00-04:00,-1.001890000000012
USDJPY,age8_adx-_er0.2,8.0,,0.2,L,2021-11-16 14:01:00+00:00,2021-11-19 05:04:00-05:00,-0.8251249999999898
USDCHF,age8_adx-_er0.2,8.0,,0.2,L,2021-11-10 18:04:00+00:00,2021-11-26 05:57:00-05:00,1.1678326500000025
USDJPY,age8_adx-_er0.2,8.0,,0.2,L,2021-11-23 02:14:00+00:00,2021-11-26 09:47:00-05:00,-0.9965550000000002
GBPUSD,age8_adx-_er0.2,8.0,,0.2,S,2021-11-23 12:16:00+00:00,2021-11-30 04:27:00-05:00,-0.08226574999999743
EURUSD,age8_adx-_er0.2,8.0,,0.2,S,2021-12-15 19:01:00+00:00,2021-12-16 07:45:00-05:00,-1.0056241000000095
USDCHF,age8_adx-_er0.2,8.0,,0.2,L,2021-12-15 19:00:00+00:00,2021-12-16 23:03:00-05:00,-1.0230174999999948
USDJPY,age8_adx-_er0.2,8.0,,0.2,L,2021-12-15 18:10:00+00:00,2021-12-17 07:52:00-05:00,-1.0020199999999926
USDJPY,age8_adx-_er0.2,8.0,,0.2,L,2021-12-22 08:25:00+00:00,2022-01-03 06:10:00-05:00,0.652150000000008
USDCHF,age8_adx-_er0.2,8.0,,0.2,L,2022-01-10 13:59:00+00:00,2022-01-12 10:00:00-05:00,-0.6331199000000021
USDCHF,age8_adx-_er0.2,8.0,,0.2,L,2022-01-27 10:23:00+00:00,2022-01-31 13:08:00-05:00,0.058743249999998755
GBPUSD,age8_adx-_er0.2,8.0,,0.2,S,2022-01-27 05:17:00+00:00,2022-02-01 15:17:00-05:00,-0.4121055999999947
EURUSD,age8_adx-_er0.2,8.0,,0.2,S,2022-01-25 11:45:00+00:00,2022-02-03 08:46:00-05:00,-1.0062595999999788
USDJPY,age8_adx-_er0.2,8.0,,0.2,L,2022-01-27 09:20:00+00:00,2022-02-17 03:28:00-05:00,-0.030320000000001075
GBPUSD,age8_adx-_er0.2,8.0,,0.2,S,2022-02-24 07:27:00+00:00,2022-03-17 07:10:00-04:00,1.8508794999999967
USDCHF,age8_adx-_er0.2,8.0,,0.2,L,2022-03-08 09:46:00+00:00,2022-03-24 19:23:00-04:00,0.025327549999997218
EURUSD,age8_adx-_er0.2,8.0,,0.2,S,2022-03-28 01:22:00+00:00,2022-03-29 05:45:00-04:00,-0.43903020000000226
GBPUSD,age8_adx-_er0.2,8.0,,0.2,S,2022-04-06 06:09:00+00:00,2022-04-13 11:30:00-04:00,-0.05343569999999692
EURUSD,age8_adx-_er0.2,8.0,,0.2,S,2022-04-05 14:19:00+00:00,2022-04-21 03:43:00-04:00,0.08782074999999749
USDJPY,age8_adx-_er0.2,8.0,,0.2,L,2022-04-11 06:16:00+00:00,2022-04-25 09:47:00-04:00,1.5908899999999973
USDJPY,age8_adx-_er0.2,8.0,,0.2,L,2022-06-01 14:11:00+00:00,2022-06-15 15:29:00-04:00,1.1624849999999993
GBPUSD,age8_adx-_er0.2,8.0,,0.2,S,2022-06-29 09:59:00+00:00,2022-07-18 05:41:00-04:00,1.1198625499999948
USDJPY,age8_adx-_er0.2,8.0,,0.2,L,2022-06-21 10:56:00+00:00,2022-07-21 16:17:00-04:00,0.42823499999999576
EURUSD,age8_adx-_er0.2,8.0,,0.2,S,2022-08-16 11:31:00+00:00,2022-08-25 02:17:00-04:00,0.41906859999999857
GBPUSD,age8_adx-_er0.2,8.0,,0.2,S,2022-08-18 06:47:00+00:00,2022-08-26 09:07:00-04:00,0.5018798499999946
GBPUSD,age8_adx-_er0.2,8.0,,0.2,S,2022-08-28 22:09:00+00:00,2022-09-05 20:38:00-04:00,0.8662842000000001
EURUSD,age8_adx-_er0.2,8.0,,0.2,S,2022-09-05 05:04:00+00:00,2022-09-07 13:05:00-04:00,-0.48652970000000223
USDCHF,age8_adx-_er0.2,8.0,,0.2,S,2022-09-09 08:41:00+00:00,2022-09-14 15:00:00-04:00,-0.1951151500000014
USDJPY,age8_adx-_er0.2,8.0,,0.2,L,2022-08-18 16:59:00+00:00,2022-09-22 04:20:00-04:00,2.3295450000000053
GBPUSD,age8_adx-_er0.2,8.0,,0.2,S,2022-09-16 07:39:00+00:00,2022-10-04 01:54:00-04:00,0.2145998500000045
EURUSD,age8_adx-_er0.2,8.0,,0.2,S,2022-09-21 18:00:00+00:00,2022-10-04 02:06:00-04:00,0.051565999999997614
AUDUSD,age8_adx-_er0.2,8.0,,0.2,S,2022-09-15 19:11:00+00:00,2022-10-04 02:39:00-04:00,0.8023643000000032
AUDUSD,age8_adx-_er0.2,8.0,,0.2,S,2022-10-07 19:13:00+00:00,2022-10-14 02:45:00-04:00,0.08985270000000084
USDJPY,age8_adx-_er0.2,8.0,,0.2,L,2022-12-13 00:28:00+00:00,2022-12-13 08:30:00-05:00,-0.9925150000000041
AUDUSD,age8_adx-_er0.2,8.0,,0.2,S,2022-12-20 03:51:00+00:00,2022-12-21 21:42:00-05:00,-0.35748739999999957
USDJPY,age8_adx-_er0.2,8.0,,0.2,L,2023-01-06 09:21:00+00:00,2023-01-12 04:19:00-05:00,-0.6387199999999996
EURUSD,age8_adx-_er0.2,8.0,,0.2,L,2023-03-21 10:57:00+00:00,2023-04-07 08:35:00-04:00,0.5097165999999929
EURUSD,age8_adx-_er0.2,8.0,,0.2,L,2023-04-26 13:24:00+00:00,2023-04-28 08:39:00-04:00,-0.7088958999999881
USDCHF,age8_adx-_er0.2,8.0,,0.2,S,2023-06-08 13:24:00+00:00,2023-06-12 12:34:00-04:00,-0.9037684499999952
EURUSD,age8_adx-_er0.2,8.0,,0.2,L,2023-06-08 15:30:00+00:00,2023-06-20 09:04:00-04:00,1.140070849999999
EURUSD,age8_adx-_er0.2,8.0,,0.2,L,2023-07-11 01:31:00+00:00,2023-07-19 02:42:00-04:00,1.0629094500000078
USDCHF,age8_adx-_er0.2,8.0,,0.2,S,2023-07-27 10:12:00+00:00,2023-07-28 02:44:00-04:00,-1.0127403500000056
EURUSD,age8_adx-_er0.2,8.0,,0.2,L,2023-08-10 12:30:00+00:00,2023-08-14 02:01:00-04:00,-1.0046904500000158
USDJPY,age8_adx-_er0.2,8.0,,0.2,L,2023-08-10 04:02:00+00:00,2023-08-18 12:16:00-04:00,0.5090750000000035
USDCHF,age8_adx-_er0.2,8.0,,0.2,S,2023-08-30 13:31:00+00:00,2023-09-01 12:00:00-04:00,-0.8674732499999961
EURUSD,age8_adx-_er0.2,8.0,,0.2,L,2023-08-30 13:34:00+00:00,2023-09-01 12:04:00-04:00,-0.902192900000001
USDJPY,age8_adx-_er0.2,8.0,,0.2,L,2023-09-05 12:04:00+00:00,2023-09-10 22:34:00-04:00,-0.2689350000000021
USDJPY,age8_adx-_er0.2,8.0,,0.2,L,2023-09-15 10:29:00+00:00,2023-09-20 12:41:00-04:00,-0.18584500000000218
USDJPY,age8_adx-_er0.2,8.0,,0.2,L,2023-11-13 04:44:00+00:00,2023-11-17 03:39:00-05:00,-0.6595299999999935
USDJPY,age8_adx-_er0.2,8.0,,0.2,L,2024-01-05 06:19:00+00:00,2024-01-24 08:25:00-05:00,0.4252550000000052
USDJPY,age8_adx-_er0.2,8.0,,0.2,L,2024-03-19 15:38:00+00:00,2024-04-04 14:53:00-04:00,0.17280999999999835
USDJPY,age8_adx-_er0.2,8.0,,0.2,L,2024-04-10 12:30:00+00:00,2024-04-29 03:35:00-04:00,2.2739850000000077
USDJPY,age8_adx-_er0.2,8.0,,0.2,L,2024-05-22 20:44:00+00:00,2024-05-30 03:11:00-04:00,-0.21858999999999298
EURUSD,age8_adx-_er0.2,8.0,,0.2,S,2024-06-09 22:01:00+00:00,2024-06-12 08:30:00-04:00,0.003304099999993311
USDJPY,age8_adx-_er0.2,8.0,,0.2,L,2024-06-20 07:44:00+00:00,2024-07-04 23:19:00-04:00,0.9791649999999947
EURUSD,age8_adx-_er0.2,8.0,,0.2,L,2024-09-18 18:00:00+00:00,2024-09-30 14:12:00-04:00,-0.206751400000005
GBPUSD,age8_adx-_er0.2,8.0,,0.2,L,2024-09-18 13:13:00+00:00,2024-10-01 06:09:00-04:00,0.3049459500000014
GBPUSD,age8_adx-_er0.2,8.0,,0.2,L,2024-11-05 21:59:00+00:00,2024-11-06 07:32:00-05:00,-1.0066119000000093
USDCHF,age8_adx-_er0.2,8.0,,0.2,S,2024-11-27 16:49:00+00:00,2024-12-01 22:23:00-05:00,-0.3124963500000024
USDCHF,age8_adx-_er0.2,8.0,,0.2,S,2024-12-05 15:57:00+00:00,2024-12-10 04:09:00-05:00,-0.11066095000000185
GBPUSD,age8_adx-_er0.2,8.0,,0.2,S,2025-02-28 18:25:00+00:00,2025-03-03 12:55:00-05:00,-1.0084504999999877
USDCHF,age8_adx-_er0.2,8.0,,0.2,S,2025-04-21 02:27:00+00:00,2025-04-22 17:52:00-04:00,-1.0133132000000007
EURUSD,age8_adx-_er0.2,8.0,,0.2,L,2025-05-25 23:19:00+00:00,2025-05-28 19:36:00-04:00,-1.0043124499999996
EURUSD,age8_adx-_er0.2,8.0,,0.2,L,2025-06-11 16:38:00+00:00,2025-06-17 13:45:00-04:00,-0.05365419999999459
EURUSD,age8_adx-_er0.2,8.0,,0.2,L,2025-06-24 14:24:00+00:00,2025-07-07 12:23:00-04:00,0.4721990999999974
USDCHF,age8_adx-_er0.2,8.0,,0.2,S,2025-06-02 07:42:00+00:00,2025-07-07 12:56:00-04:00,1.2445255000000004
EURUSD,age8_adx-_er0.2,8.0,,0.2,L,2025-07-22 14:54:00+00:00,2025-07-29 02:34:00-04:00,-1.0033732999999936
USDCHF,age8_adx-_er0.2,8.0,,0.2,S,2025-07-22 15:10:00+00:00,2025-07-29 02:57:00-04:00,-1.01475535
EURUSD,age8_adx-_er0.2,8.0,,0.2,L,2025-09-16 03:31:00+00:00,2025-09-25 08:30:00-04:00,-0.45862189999999287
USDCHF,age8_adx-_er0.2,8.0,,0.2,S,2025-09-05 13:12:00+00:00,2025-09-25 08:31:00-04:00,0.13456644999999365
USDJPY,age8_adx-_er0.2,8.0,,0.2,L,2025-10-06 03:21:00+00:00,2025-10-14 22:08:00-04:00,0.3548599999999981
USDCHF,age8_adx-_er0.2,8.0,,0.2,S,2025-10-16 01:20:00+00:00,2025-10-21 05:55:00-04:00,0.011446850000007567
EURUSD,age8_adx-_er0.2,8.0,,0.2,L,2025-12-03 10:15:00+00:00,2025-12-19 08:21:00-05:00,0.4655310999999967
USDJPY,age8_adx-_er0.35,8.0,,0.35,S,2021-01-04 07:46:00+00:00,2021-01-06 10:29:00-05:00,-0.4502500000000031
GBPUSD,age8_adx-_er0.35,8.0,,0.35,L,2021-01-14 17:56:00+00:00,2021-01-26 01:37:00-05:00,-0.276280650000006
EURUSD,age8_adx-_er0.35,8.0,,0.35,L,2021-02-23 00:50:00+00:00,2021-02-26 06:20:00-05:00,-0.41811790000000765
GBPUSD,age8_adx-_er0.35,8.0,,0.35,L,2021-05-07 14:43:00+00:00,2021-05-26 13:09:00-04:00,1.1613312500000053
GBPUSD,age8_adx-_er0.35,8.0,,0.35,L,2021-06-01 01:12:00+00:00,2021-06-02 03:26:00-04:00,-1.0148218499999857
GBPUSD,age8_adx-_er0.35,8.0,,0.35,S,2021-11-23 12:16:00+00:00,2021-11-30 04:27:00-05:00,-0.08226574999999743
USDJPY,age8_adx-_er0.35,8.0,,0.35,L,2021-12-15 18:10:00+00:00,2021-12-17 07:52:00-05:00,-1.0020199999999926
USDCHF,age8_adx-_er0.35,8.0,,0.35,L,2022-01-27 10:23:00+00:00,2022-01-31 13:08:00-05:00,0.058743249999998755
GBPUSD,age8_adx-_er0.35,8.0,,0.35,S,2022-01-27 05:17:00+00:00,2022-02-01 15:17:00-05:00,-0.4121055999999947
USDJPY,age8_adx-_er0.35,8.0,,0.35,L,2022-01-27 09:20:00+00:00,2022-02-17 03:28:00-05:00,-0.030320000000001075
GBPUSD,age8_adx-_er0.35,8.0,,0.35,S,2022-04-06 06:09:00+00:00,2022-04-13 11:30:00-04:00,-0.05343569999999692
EURUSD,age8_adx-_er0.35,8.0,,0.35,S,2022-04-05 14:19:00+00:00,2022-04-21 03:43:00-04:00,0.08782074999999749
USDJPY,age8_adx-_er0.35,8.0,,0.35,L,2022-04-11 06:16:00+00:00,2022-04-25 09:47:00-04:00,1.5908899999999973
USDJPY,age8_adx-_er0.35,8.0,,0.35,L,2022-06-01 14:11:00+00:00,2022-06-15 15:29:00-04:00,1.1624849999999993
USDJPY,age8_adx-_er0.35,8.0,,0.35,L,2022-06-29 13:15:00+00:00,2022-07-21 16:17:00-04:00,0.26863000000000065
EURUSD,age8_adx-_er0.35,8.0,,0.35,S,2022-08-16 11:31:00+00:00,2022-08-25 02:17:00-04:00,0.41906859999999857
USDCHF,age8_adx-_er0.35,8.0,,0.35,S,2022-09-09 08:41:00+00:00,2022-09-14 15:00:00-04:00,-0.1951151500000014
USDJPY,age8_adx-_er0.35,8.0,,0.35,L,2022-08-18 16:59:00+00:00,2022-09-22 04:20:00-04:00,2.3295450000000053
GBPUSD,age8_adx-_er0.35,8.0,,0.35,S,2022-09-16 07:39:00+00:00,2022-10-04 01:54:00-04:00,0.2145998500000045
EURUSD,age8_adx-_er0.35,8.0,,0.35,S,2022-09-21 18:00:00+00:00,2022-10-04 02:06:00-04:00,0.051565999999997614
AUDUSD,age8_adx-_er0.35,8.0,,0.35,S,2022-09-15 19:11:00+00:00,2022-10-04 02:39:00-04:00,0.8023643000000032
AUDUSD,age8_adx-_er0.35,8.0,,0.35,S,2022-12-20 03:51:00+00:00,2022-12-21 21:42:00-05:00,-0.35748739999999957
USDJPY,age8_adx-_er0.35,8.0,,0.35,L,2023-01-06 09:21:00+00:00,2023-01-12 04:19:00-05:00,-0.6387199999999996
EURUSD,age8_adx-_er0.35,8.0,,0.35,L,2023-03-21 10:57:00+00:00,2023-04-07 08:35:00-04:00,0.5097165999999929
EURUSD,age8_adx-_er0.35,8.0,,0.35,L,2023-07-11 01:31:00+00:00,2023-07-19 02:42:00-04:00,1.0629094500000078
USDCHF,age8_adx-_er0.35,8.0,,0.35,S,2023-07-27 10:12:00+00:00,2023-07-28 02:44:00-04:00,-1.0127403500000056
USDJPY,age8_adx-_er0.35,8.0,,0.35,L,2023-08-10 04:02:00+00:00,2023-08-18 12:16:00-04:00,0.5090750000000035
USDCHF,age8_adx-_er0.35,8.0,,0.35,S,2023-08-30 13:31:00+00:00,2023-09-01 12:00:00-04:00,-0.8674732499999961
EURUSD,age8_adx-_er0.35,8.0,,0.35,L,2023-08-30 13:34:00+00:00,2023-09-01 12:04:00-04:00,-0.902192900000001
USDJPY,age8_adx-_er0.35,8.0,,0.35,L,2023-11-13 04:44:00+00:00,2023-11-17 03:39:00-05:00,-0.6595299999999935
USDJPY,age8_adx-_er0.35,8.0,,0.35,L,2024-01-05 06:19:00+00:00,2024-01-24 08:25:00-05:00,0.4252550000000052
USDJPY,age8_adx-_er0.35,8.0,,0.35,L,2024-03-19 15:38:00+00:00,2024-04-04 14:53:00-04:00,0.17280999999999835
USDJPY,age8_adx-_er0.35,8.0,,0.35,L,2024-05-22 20:44:00+00:00,2024-05-30 03:11:00-04:00,-0.21858999999999298
EURUSD,age8_adx-_er0.35,8.0,,0.35,S,2024-06-09 22:01:00+00:00,2024-06-12 08:30:00-04:00,0.003304099999993311
GBPUSD,age8_adx-_er0.35,8.0,,0.35,L,2024-11-05 21:59:00+00:00,2024-11-06 07:32:00-05:00,-1.0066119000000093
USDCHF,age8_adx-_er0.35,8.0,,0.35,S,2024-11-27 16:49:00+00:00,2024-12-01 22:23:00-05:00,-0.3124963500000024
USDCHF,age8_adx-_er0.35,8.0,,0.35,S,2025-06-24 14:18:00+00:00,2025-07-07 12:56:00-04:00,0.48568665000000266
EURUSD,age8_adx-_er0.35,8.0,,0.35,L,2025-07-22 14:54:00+00:00,2025-07-29 02:34:00-04:00,-1.0033732999999936
USDCHF,age8_adx-_er0.35,8.0,,0.35,S,2025-07-22 15:10:00+00:00,2025-07-29 02:57:00-04:00,-1.01475535
EURUSD,age8_adx-_er0.35,8.0,,0.35,L,2025-09-16 03:31:00+00:00,2025-09-25 08:30:00-04:00,-0.45862189999999287
USDCHF,age8_adx-_er0.35,8.0,,0.35,S,2025-09-16 09:10:00+00:00,2025-09-25 08:31:00-04:00,-0.6453850999999965
EURUSD,age8_adx-_er0.35,8.0,,0.35,L,2025-12-03 10:15:00+00:00,2025-12-19 08:21:00-05:00,0.4655310999999967
USDJPY,age8_adx25_er-,8.0,25.0,,S,2021-01-04 07:46:00+00:00,2021-01-06 10:29:00-05:00,-0.4502500000000031
USDJPY,age8_adx25_er-,8.0,25.0,,S,2021-01-20 15:18:00+00:00,2021-01-27 08:19:00-05:00,-0.738370000000011
USDCHF,age8_adx25_er-,8.0,25.0,,S,2021-02-16 01:25:00+00:00,2021-02-16 18:14:00-05:00,-1.0388425999999928
AUDUSD,age8_adx25_er-,8.0,25.0,,L,2021-02-15 03:47:00+00:00,2021-02-25 13:36:00-05:00,1.385715949999995
EURUSD,age8_adx25_er-,8.0,25.0,,L,2021-02-23 00:50:00+00:00,2021-02-26 06:20:00-05:00,-0.41811790000000765
AUDUSD,age8_adx25_er-,8.0,25.0,,L,2021-03-17 18:46:00+00:00,2021-03-21 21:26:00-04:00,-1.0108260500000024
GBPUSD,age8_adx25_er-,8.0,25.0,,L,2021-04-02 03:20:00+00:00,2021-04-09 01:59:00-04:00,-1.0100108499999991
GBPUSD,age8_adx25_er-,8.0,25.0,,L,2021-04-19 10:58:00+00:00,2021-04-30 10:06:00-04:00,-0.30438910000000347
EURUSD,age8_adx25_er-,8.0,25.0,,S,2021-05-05 06:49:00+00:00,2021-05-07 10:35:00-04:00,-1.0037368500000121
GBPUSD,age8_adx25_er-,8.0,25.0,,L,2021-05-07 14:43:00+00:00,2021-05-26 13:09:00-04:00,1.1613312500000053
GBPUSD,age8_adx25_er-,8.0,25.0,,L,2021-06-01 01:12:00+00:00,2021-06-02 03:26:00-04:00,-1.0148218499999857
GBPUSD,age8_adx25_er-,8.0,25.0,,L,2021-07-09 20:07:00+00:00,2021-07-16 03:31:00-04:00,-0.6352858500000104
AUDUSD,age8_adx25_er-,8.0,25.0,,S,2021-08-10 01:56:00+00:00,2021-08-25 14:11:00-04:00,0.41453794999999793
USDJPY,age8_adx25_er-,8.0,25.0,,L,2021-08-26 13:41:00+00:00,2021-08-31 08:35:00-04:00,-0.6455550000000011
AUDUSD,age8_adx25_er-,8.0,25.0,,S,2021-09-29 12:36:00+00:00,2021-10-07 03:13:00-04:00,-0.9026452499999995
USDJPY,age8_adx25_er-,8.0,25.0,,L,2021-11-01 05:40:00+00:00,2021-11-05 11:30:00-04:00,-0.803335000000008
USDJPY,age8_adx25_er-,8.0,25.0,,L,2021-11-16 14:01:00+00:00,2021-11-19 05:04:00-05:00,-0.8251249999999898
USDJPY,age8_adx25_er-,8.0,25.0,,L,2021-11-23 02:14:00+00:00,2021-11-26 09:47:00-05:00,-0.9965550000000002
EURUSD,age8_adx25_er-,8.0,25.0,,S,2021-12-15 19:01:00+00:00,2021-12-16 07:45:00-05:00,-1.0056241000000095
USDJPY,age8_adx25_er-,8.0,25.0,,L,2021-12-15 18:10:00+00:00,2021-12-17 07:52:00-05:00,-1.0020199999999926
USDJPY,age8_adx25_er-,8.0,25.0,,L,2021-12-22 08:25:00+00:00,2022-01-03 06:10:00-05:00,0.652150000000008
EURUSD,age8_adx25_er-,8.0,25.0,,S,2022-01-04 12:24:00+00:00,2022-01-07 10:20:00-05:00,-0.650761050000004
EURUSD,age8_adx25_er-,8.0,25.0,,S,2022-01-25 11:45:00+00:00,2022-02-03 08:46:00-05:00,-1.0062595999999788
USDJPY,age8_adx25_er-,8.0,25.0,,L,2022-01-27 09:20:00+00:00,2022-02-17 03:28:00-05:00,-0.030320000000001075
USDJPY,age8_adx25_er-,8.0,25.0,,L,2022-03-03 08:15:00+00:00,2022-03-04 11:37:00-05:00,-0.9992350000000115
EURUSD,age8_adx25_er-,8.0,25.0,,S,2022-02-24 00:56:00+00:00,2022-03-16 07:44:00-04:00,2.9925480499999826
EURUSD,age8_adx25_er-,8.0,25.0,,S,2022-03-28 01:22:00+00:00,2022-03-29 05:45:00-04:00,-0.43903020000000226
USDJPY,age8_adx25_er-,8.0,25.0,,L,2022-03-09 00:16:00+00:00,2022-03-31 10:59:00-04:00,4.761634999999996
EURUSD,age8_adx25_er-,8.0,25.0,,S,2022-04-05 14:19:00+00:00,2022-04-21 03:43:00-04:00,0.08782074999999749
USDJPY,age8_adx25_er-,8.0,25.0,,L,2022-04-11 06:16:00+00:00,2022-04-25 09:47:00-04:00,1.5908899999999973
EURUSD,age8_adx25_er-,8.0,25.0,,S,2022-04-25 06:13:00+00:00,2022-05-04 14:43:00-04:00,1.0032002499999972
USDJPY,age8_adx25_er-,8.0,25.0,,L,2022-04-28 03:13:00+00:00,2022-05-04 14:46:00-04:00,0.11643499999999872
USDJPY,age8_adx25_er-,8.0,25.0,,L,2022-05-09 06:53:00+00:00,2022-05-11 05:01:00-04:00,-0.5538650000000029
GBPUSD,age8_adx25_er-,8.0,25.0,,S,2022-05-05 11:40:00+00:00,2022-05-17 03:09:00-04:00,0.04834270000000818
EURUSD,age8_adx25_er-,8.0,25.0,,S,2022-05-12 07:12:00+00:00,2022-05-19 09:45:00-04:00,-0.5144758500000023
GBPUSD,age8_adx25_er-,8.0,25.0,,S,2022-06-07 05:56:00+00:00,2022-06-07 11:54:00-04:00,-1.0096838999999846
USDJPY,age8_adx25_er-,8.0,25.0,,L,2022-06-01 14:11:00+00:00,2022-06-15 15:29:00-04:00,1.1624849999999993
EURUSD,age8_adx25_er-,8.0,25.0,,S,2022-06-09 17:19:00+00:00,2022-06-16 11:13:00-04:00,0.8665895999999931
GBPUSD,age8_adx25_er-,8.0,25.0,,S,2022-06-10 11:34:00+00:00,2022-06-24 10:02:00-04:00,0.6797027500000032
EURUSD,age8_adx25_er-,8.0,25.0,,S,2022-07-05 08:06:00+00:00,2022-07-18 03:07:00-04:00,1.8282288999999992
GBPUSD,age8_adx25_er-,8.0,25.0,,S,2022-06-29 09:59:00+00:00,2022-07-18 05:41:00-04:00,1.1198625499999948
USDJPY,age8_adx25_er-,8.0,25.0,,L,2022-06-21 10:56:00+00:00,2022-07-21 16:17:00-04:00,0.42823499999999576
EURUSD,age8_adx25_er-,8.0,25.0,,S,2022-08-16 11:31:00+00:00,2022-08-25 02:17:00-04:00,0.41906859999999857
GBPUSD,age8_adx25_er-,8.0,25.0,,S,2022-08-18 06:47:00+00:00,2022-08-26 09:07:00-04:00,0.5018798499999946
GBPUSD,age8_adx25_er-,8.0,25.0,,S,2022-08-28 22:09:00+00:00,2022-09-05 20:38:00-04:00,0.8662842000000001
EURUSD,age8_adx25_er-,8.0,25.0,,S,2022-09-05 05:04:00+00:00,2022-09-07 13:05:00-04:00,-0.48652970000000223
USDCHF,age8_adx25_er-,8.0,25.0,,S,2022-09-09 08:41:00+00:00,2022-09-14 15:00:00-04:00,-0.1951151500000014
USDJPY,age8_adx25_er-,8.0,25.0,,L,2022-08-18 16:59:00+00:00,2022-09-22 04:20:00-04:00,2.3295450000000053
USDJPY,age8_adx25_er-,8.0,25.0,,L,2022-10-03 04:02:00+00:00,2022-10-03 11:15:00-04:00,-0.6999199999999979
GBPUSD,age8_adx25_er-,8.0,25.0,,S,2022-09-16 07:39:00+00:00,2022-10-04 01:54:00-04:00,0.2145998500000045
EURUSD,age8_adx25_er-,8.0,25.0,,S,2022-09-21 18:00:00+00:00,2022-10-04 02:06:00-04:00,0.051565999999997614
USDJPY,age8_adx25_er-,8.0,25.0,,L,2022-10-07 12:51:00+00:00,2022-10-21 11:14:00-04:00,1.5573400000000013
USDJPY,age8_adx25_er-,8.0,25.0,,L,2022-12-13 00:28:00+00:00,2022-12-13 08:30:00-05:00,-0.9925150000000041
USDJPY,age8_adx25_er-,8.0,25.0,,L,2023-01-06 09:21:00+00:00,2023-01-12 04:19:00-05:00,-0.6387199999999996
EURUSD,age8_adx25_er-,8.0,25.0,,L,2023-03-06 16:55:00+00:00,2023-03-07 10:55:00-05:00,-1.0044650999999922
EURUSD,age8_adx25_er-,8.0,25.0,,L,2023-03-10 15:33:00+00:00,2023-03-15 09:29:00-04:00,-1.0029635999999942
EURUSD,age8_adx25_er-,8.0,25.0,,L,2023-04-26 13:24:00+00:00,2023-04-28 08:39:00-04:00,-0.7088958999999881
USDCHF,age8_adx25_er-,8.0,25.0,,S,2023-06-08 13:24:00+00:00,2023-06-12 12:34:00-04:00,-0.9037684499999952
USDCHF,age8_adx25_er-,8.0,25.0,,S,2023-06-14 13:24:00+00:00,2023-06-23 03:17:00-04:00,-0.1489468000000085
USDCHF,age8_adx25_er-,8.0,25.0,,S,2023-07-07 14:34:00+00:00,2023-07-20 09:06:00-04:00,3.1314566999999998
USDCHF,age8_adx25_er-,8.0,25.0,,S,2023-07-27 10:12:00+00:00,2023-07-28 02:44:00-04:00,-1.0127403500000056
USDCHF,age8_adx25_er-,8.0,25.0,,S,2023-08-10 12:31:00+00:00,2023-08-14 08:01:00-04:00,-1.0225855000000041
USDCHF,age8_adx25_er-,8.0,25.0,,S,2023-08-30 13:31:00+00:00,2023-09-01 12:00:00-04:00,-0.8674732499999961
USDJPY,age8_adx25_er-,8.0,25.0,,L,2023-10-25 17:04:00+00:00,2023-10-30 03:02:00-04:00,-1.0032350000000023
USDJPY,age8_adx25_er-,8.0,25.0,,L,2023-10-31 12:35:00+00:00,2023-11-03 08:46:00-04:00,-0.9980900000000019
USDJPY,age8_adx25_er-,8.0,25.0,,L,2023-11-13 04:44:00+00:00,2023-11-17 03:39:00-05:00,-0.6595299999999935
USDJPY,age8_adx25_er-,8.0,25.0,,L,2024-01-05 06:19:00+00:00,2024-01-24 08:25:00-05:00,0.4252550000000052
EURUSD,age8_adx25_er-,8.0,25.0,,S,2025-02-27 17:48:00+00:00,2025-03-04 06:51:00-05:00,-1.0039106000000082
USDCHF,age8_adx25_er-,8.0,25.0,,S,2025-04-21 02:27:00+00:00,2025-04-22 17:52:00-04:00,-1.0133132000000007
USDCHF,age8_adx25_er-,8.0,25.0,,S,2025-05-07 14:44:00+00:00,2025-05-08 02:33:00-04:00,-0.5347447499999983
EURUSD,age8_adx25_er-,8.0,25.0,,L,2025-05-25 23:19:00+00:00,2025-05-28 19:36:00-04:00,-1.0043124499999996
EURUSD,age8_adx25_er-,8.0,25.0,,L,2025-06-02 07:24:00+00:00,2025-06-17 13:45:00-04:00,0.3341569500000013
EURUSD,age8_adx25_er-,8.0,25.0,,L,2025-06-24 14:24:00+00:00,2025-07-07 12:23:00-04:00,0.4721990999999974
USDCHF,age8_adx25_er-,8.0,25.0,,S,2025-06-02 07:42:00+00:00,2025-07-07 12:56:00-04:00,1.2445255000000004
EURUSD,age8_adx25_er-,8.0,25.0,,L,2025-07-22 14:54:00+00:00,2025-07-29 02:34:00-04:00,-1.0033732999999936
USDCHF,age8_adx25_er-,8.0,25.0,,S,2025-07-22 15:10:00+00:00,2025-07-29 02:57:00-04:00,-1.01475535
EURUSD,age8_adx25_er-,8.0,25.0,,L,2025-08-13 07:09:00+00:00,2025-08-19 21:26:00-04:00,-0.6274251999999947
USDCHF,age8_adx25_er-,8.0,25.0,,S,2025-08-13 07:30:00+00:00,2025-08-19 22:46:00-04:00,-0.5757538500000011
EURUSD,age8_adx25_er-,8.0,25.0,,L,2025-08-22 15:27:00+00:00,2025-08-25 14:56:00-04:00,-1.0052121999999988
USDCHF,age8_adx25_er-,8.0,25.0,,S,2025-08-22 14:18:00+00:00,2025-09-02 03:56:00-04:00,-0.20559305000000833
EURUSD,age8_adx25_er-,8.0,25.0,,L,2025-09-05 12:30:00+00:00,2025-09-11 05:40:00-04:00,-0.42552605000000043
EURUSD,age8_adx25_er-,8.0,25.0,,L,2025-09-16 03:31:00+00:00,2025-09-25 08:30:00-04:00,-0.45862189999999287
USDCHF,age8_adx25_er-,8.0,25.0,,S,2025-09-05 13:12:00+00:00,2025-09-25 08:31:00-04:00,0.13456644999999365
USDCHF,age8_adx25_er-,8.0,25.0,,S,2025-10-16 01:20:00+00:00,2025-10-21 05:55:00-04:00,0.011446850000007567
USDJPY,age8_adx25_er0.2,8.0,25.0,0.2,S,2021-01-04 07:46:00+00:00,2021-01-06 10:29:00-05:00,-0.4502500000000031
EURUSD,age8_adx25_er0.2,8.0,25.0,0.2,L,2021-02-23 00:50:00+00:00,2021-02-26 06:20:00-05:00,-0.41811790000000765
GBPUSD,age8_adx25_er0.2,8.0,25.0,0.2,L,2021-04-02 03:20:00+00:00,2021-04-09 01:59:00-04:00,-1.0100108499999991
GBPUSD,age8_adx25_er0.2,8.0,25.0,0.2,L,2021-04-19 10:58:00+00:00,2021-04-30 10:06:00-04:00,-0.30438910000000347
EURUSD,age8_adx25_er0.2,8.0,25.0,0.2,S,2021-05-05 06:49:00+00:00,2021-05-07 10:35:00-04:00,-1.0037368500000121
GBPUSD,age8_adx25_er0.2,8.0,25.0,0.2,L,2021-05-07 14:43:00+00:00,2021-05-26 13:09:00-04:00,1.1613312500000053
GBPUSD,age8_adx25_er0.2,8.0,25.0,0.2,L,2021-06-01 01:12:00+00:00,2021-06-02 03:26:00-04:00,-1.0148218499999857
GBPUSD,age8_adx25_er0.2,8.0,25.0,0.2,L,2021-07-09 20:07:00+00:00,2021-07-16 03:31:00-04:00,-0.6352858500000104
AUDUSD,age8_adx25_er0.2,8.0,25.0,0.2,S,2021-08-10 01:56:00+00:00,2021-08-25 14:11:00-04:00,0.41453794999999793
USDJPY,age8_adx25_er0.2,8.0,25.0,0.2,L,2021-11-16 14:01:00+00:00,2021-11-19 05:04:00-05:00,-0.8251249999999898
USDJPY,age8_adx25_er0.2,8.0,25.0,0.2,L,2021-11-23 02:14:00+00:00,2021-11-26 09:47:00-05:00,-0.9965550000000002
EURUSD,age8_adx25_er0.2,8.0,25.0,0.2,S,2021-12-15 19:01:00+00:00,2021-12-16 07:45:00-05:00,-1.0056241000000095
USDJPY,age8_adx25_er0.2,8.0,25.0,0.2,L,2021-12-15 18:10:00+00:00,2021-12-17 07:52:00-05:00,-1.0020199999999926
USDJPY,age8_adx25_er0.2,8.0,25.0,0.2,L,2021-12-22 08:25:00+00:00,2022-01-03 06:10:00-05:00,0.652150000000008
EURUSD,age8_adx25_er0.2,8.0,25.0,0.2,S,2022-01-25 11:45:00+00:00,2022-02-03 08:46:00-05:00,-1.0062595999999788
USDJPY,age8_adx25_er0.2,8.0,25.0,0.2,L,2022-01-27 09:20:00+00:00,2022-02-17 03:28:00-05:00,-0.030320000000001075
EURUSD,age8_adx25_er0.2,8.0,25.0,0.2,S,2022-03-28 01:22:00+00:00,2022-03-29 05:45:00-04:00,-0.43903020000000226
EURUSD,age8_adx25_er0.2,8.0,25.0,0.2,S,2022-04-05 14:19:00+00:00,2022-04-21 03:43:00-04:00,0.08782074999999749
USDJPY,age8_adx25_er0.2,8.0,25.0,0.2,L,2022-04-11 06:16:00+00:00,2022-04-25 09:47:00-04:00,1.5908899999999973
USDJPY,age8_adx25_er0.2,8.0,25.0,0.2,L,2022-06-01 14:11:00+00:00,2022-06-15 15:29:00-04:00,1.1624849999999993
GBPUSD,age8_adx25_er0.2,8.0,25.0,0.2,S,2022-06-29 09:59:00+00:00,2022-07-18 05:41:00-04:00,1.1198625499999948
USDJPY,age8_adx25_er0.2,8.0,25.0,0.2,L,2022-06-21 10:56:00+00:00,2022-07-21 16:17:00-04:00,0.42823499999999576
EURUSD,age8_adx25_er0.2,8.0,25.0,0.2,S,2022-08-16 11:31:00+00:00,2022-08-25 02:17:00-04:00,0.41906859999999857
GBPUSD,age8_adx25_er0.2,8.0,25.0,0.2,S,2022-08-18 06:47:00+00:00,2022-08-26 09:07:00-04:00,0.5018798499999946
GBPUSD,age8_adx25_er0.2,8.0,25.0,0.2,S,2022-08-28 22:09:00+00:00,2022-09-05 20:38:00-04:00,0.8662842000000001
EURUSD,age8_adx25_er0.2,8.0,25.0,0.2,S,2022-09-05 05:04:00+00:00,2022-09-07 13:05:00-04:00,-0.48652970000000223
USDCHF,age8_adx25_er0.2,8.0,25.0,0.2,S,2022-09-09 08:41:00+00:00,2022-09-14 15:00:00-04:00,-0.1951151500000014
USDJPY,age8_adx25_er0.2,8.0,25.0,0.2,L,2022-08-18 16:59:00+00:00,2022-09-22 04:20:00-04:00,2.3295450000000053
GBPUSD,age8_adx25_er0.2,8.0,25.0,0.2,S,2022-09-16 07:39:00+00:00,2022-10-04 01:54:00-04:00,0.2145998500000045
EURUSD,age8_adx25_er0.2,8.0,25.0,0.2,S,2022-09-21 18:00:00+00:00,2022-10-04 02:06:00-04:00,0.051565999999997614
USDJPY,age8_adx25_er0.2,8.0,25.0,0.2,L,2022-12-13 00:28:00+00:00,2022-12-13 08:30:00-05:00,-0.9925150000000041
USDJPY,age8_adx25_er0.2,8.0,25.0,0.2,L,2023-01-06 09:21:00+00:00,2023-01-12 04:19:00-05:00,-0.6387199999999996
EURUSD,age8_adx25_er0.2,8.0,25.0,0.2,L,2023-04-26 13:24:00+00:00,2023-04-28 08:39:00-04:00,-0.7088958999999881
USDCHF,age8_adx25_er0.2,8.0,25.0,0.2,S,2023-06-08 13:24:00+00:00,2023-06-12 12:34:00-04:00,-0.9037684499999952
USDCHF,age8_adx25_er0.2,8.0,25.0,0.2,S,2023-07-27 10:12:00+00:00,2023-07-28 02:44:00-04:00,-1.0127403500000056
USDCHF,age8_adx25_er0.2,8.0,25.0,0.2,S,2023-08-30 13:31:00+00:00,2023-09-01 12:00:00-04:00,-0.8674732499999961
USDJPY,age8_adx25_er0.2,8.0,25.0,0.2,L,2023-11-13 04:44:00+00:00,2023-11-17 03:39:00-05:00,-0.6595299999999935
USDJPY,age8_adx25_er0.2,8.0,25.0,0.2,L,2024-01-05 06:19:00+00:00,2024-01-24 08:25:00-05:00,0.4252550000000052
USDCHF,age8_adx25_er0.2,8.0,25.0,0.2,S,2025-04-21 02:27:00+00:00,2025-04-22 17:52:00-04:00,-1.0133132000000007
EURUSD,age8_adx25_er0.2,8.0,25.0,0.2,L,2025-05-25 23:19:00+00:00,2025-05-28 19:36:00-04:00,-1.0043124499999996
EURUSD,age8_adx25_er0.2,8.0,25.0,0.2,L,2025-06-11 16:38:00+00:00,2025-06-17 13:45:00-04:00,-0.05365419999999459
EURUSD,age8_adx25_er0.2,8.0,25.0,0.2,L,2025-06-24 14:24:00+00:00,2025-07-07 12:23:00-04:00,0.4721990999999974
USDCHF,age8_adx25_er0.2,8.0,25.0,0.2,S,2025-06-02 07:42:00+00:00,2025-07-07 12:56:00-04:00,1.2445255000000004
EURUSD,age8_adx25_er0.2,8.0,25.0,0.2,L,2025-07-22 14:54:00+00:00,2025-07-29 02:34:00-04:00,-1.0033732999999936
USDCHF,age8_adx25_er0.2,8.0,25.0,0.2,S,2025-07-22 15:10:00+00:00,2025-07-29 02:57:00-04:00,-1.01475535
EURUSD,age8_adx25_er0.2,8.0,25.0,0.2,L,2025-09-16 03:31:00+00:00,2025-09-25 08:30:00-04:00,-0.45862189999999287
USDCHF,age8_adx25_er0.2,8.0,25.0,0.2,S,2025-09-05 13:12:00+00:00,2025-09-25 08:31:00-04:00,0.13456644999999365
USDCHF,age8_adx25_er0.2,8.0,25.0,0.2,S,2025-10-16 01:20:00+00:00,2025-10-21 05:55:00-04:00,0.011446850000007567
USDJPY,age8_adx25_er0.35,8.0,25.0,0.35,S,2021-01-04 07:46:00+00:00,2021-01-06 10:29:00-05:00,-0.4502500000000031
EURUSD,age8_adx25_er0.35,8.0,25.0,0.35,L,2021-02-23 00:50:00+00:00,2021-02-26 06:20:00-05:00,-0.41811790000000765
GBPUSD,age8_adx25_er0.35,8.0,25.0,0.35,L,2021-05-07 14:43:00+00:00,2021-05-26 13:09:00-04:00,1.1613312500000053
GBPUSD,age8_adx25_er0.35,8.0,25.0,0.35,L,2021-06-01 01:12:00+00:00,2021-06-02 03:26:00-04:00,-1.0148218499999857
USDJPY,age8_adx25_er0.35,8.0,25.0,0.35,L,2021-12-15 18:10:00+00:00,2021-12-17 07:52:00-05:00,-1.0020199999999926
USDJPY,age8_adx25_er0.35,8.0,25.0,0.35,L,2022-01-27 09:20:00+00:00,2022-02-17 03:28:00-05:00,-0.030320000000001075
EURUSD,age8_adx25_er0.35,8.0,25.0,0.35,S,2022-04-05 14:19:00+00:00,2022-04-21 03:43:00-04:00,0.08782074999999749
USDJPY,age8_adx25_er0.35,8.0,25.0,0.35,L,2022-04-11 06:16:00+00:00,2022-04-25 09:47:00-04:00,1.5908899999999973
USDJPY,age8_adx25_er0.35,8.0,25.0,0.35,L,2022-06-01 14:11:00+00:00,2022-06-15 15:29:00-04:00,1.1624849999999993
USDJPY,age8_adx25_er0.35,8.0,25.0,0.35,L,2022-06-29 13:15:00+00:00,2022-07-21 16:17:00-04:00,0.26863000000000065
EURUSD,age8_adx25_er0.35,8.0,25.0,0.35,S,2022-08-16 11:31:00+00:00,2022-08-25 02:17:00-04:00,0.41906859999999857
USDCHF,age8_adx25_er0.35,8.0,25.0,0.35,S,2022-09-09 08:41:00+00:00,2022-09-14 15:00:00-04:00,-0.1951151500000014
USDJPY,age8_adx25_er0.35,8.0,25.0,0.35,L,2022-08-18 16:59:00+00:00,2022-09-22 04:20:00-04:00,2.3295450000000053
GBPUSD,age8_adx25_er0.35,8.0,25.0,0.35,S,2022-09-16 07:39:00+00:00,2022-10-04 01:54:00-04:00,0.2145998500000045
EURUSD,age8_adx25_er0.35,8.0,25.0,0.35,S,2022-09-21 18:00:00+00:00,2022-10-04 02:06:00-04:00,0.051565999999997614
USDJPY,age8_adx25_er0.35,8.0,25.0,0.35,L,2023-01-06 09:21:00+00:00,2023-01-12 04:19:00-05:00,-0.6387199999999996
USDCHF,age8_adx25_er0.35,8.0,25.0,0.35,S,2023-07-27 10:12:00+00:00,2023-07-28 02:44:00-04:00,-1.0127403500000056
USDCHF,age8_adx25_er0.35,8.0,25.0,0.35,S,2023-08-30 13:31:00+00:00,2023-09-01 12:00:00-04:00,-0.8674732499999961
USDJPY,age8_adx25_er0.35,8.0,25.0,0.35,L,2023-11-13 04:44:00+00:00,2023-11-17 03:39:00-05:00,-0.6595299999999935
USDJPY,age8_adx25_er0.35,8.0,25.0,0.35,L,2024-01-05 06:19:00+00:00,2024-01-24 08:25:00-05:00,0.4252550000000052
USDCHF,age8_adx25_er0.35,8.0,25.0,0.35,S,2025-06-24 14:18:00+00:00,2025-07-07 12:56:00-04:00,0.48568665000000266
EURUSD,age8_adx25_er0.35,8.0,25.0,0.35,L,2025-07-22 14:54:00+00:00,2025-07-29 02:34:00-04:00,-1.0033732999999936
USDCHF,age8_adx25_er0.35,8.0,25.0,0.35,S,2025-07-22 15:10:00+00:00,2025-07-29 02:57:00-04:00,-1.01475535
EURUSD,age8_adx25_er0.35,8.0,25.0,0.35,L,2025-09-16 03:31:00+00:00,2025-09-25 08:30:00-04:00,-0.45862189999999287
USDCHF,age8_adx25_er0.35,8.0,25.0,0.35,S,2025-09-16 09:10:00+00:00,2025-09-25 08:31:00-04:00,-0.6453850999999965
USDJPY,age8_adx35_er-,8.0,35.0,,S,2021-01-04 07:46:00+00:00,2021-01-06 10:29:00-05:00,-0.4502500000000031
USDJPY,age8_adx35_er-,8.0,35.0,,S,2021-01-20 15:18:00+00:00,2021-01-27 08:19:00-05:00,-0.738370000000011
USDCHF,age8_adx35_er-,8.0,35.0,,S,2021-02-16 01:25:00+00:00,2021-02-16 18:14:00-05:00,-1.0388425999999928
AUDUSD,age8_adx35_er-,8.0,35.0,,L,2021-02-15 03:47:00+00:00,2021-02-25 13:36:00-05:00,1.385715949999995
EURUSD,age8_adx35_er-,8.0,35.0,,L,2021-02-23 00:50:00+00:00,2021-02-26 06:20:00-05:00,-0.41811790000000765
AUDUSD,age8_adx35_er-,8.0,35.0,,L,2021-03-17 18:46:00+00:00,2021-03-21 21:26:00-04:00,-1.0108260500000024
USDJPY,age8_adx35_er-,8.0,35.0,,L,2022-04-11 06:16:00+00:00,2022-04-25 09:47:00-04:00,1.5908899999999973
EURUSD,age8_adx35_er-,8.0,35.0,,S,2022-04-25 06:13:00+00:00,2022-05-04 14:43:00-04:00,1.0032002499999972
USDJPY,age8_adx35_er-,8.0,35.0,,L,2022-04-28 03:13:00+00:00,2022-05-04 14:46:00-04:00,0.11643499999999872
USDJPY,age8_adx35_er-,8.0,35.0,,L,2022-05-09 06:53:00+00:00,2022-05-11 05:01:00-04:00,-0.5538650000000029
EURUSD,age8_adx35_er-,8.0,35.0,,S,2022-05-12 07:12:00+00:00,2022-05-19 09:45:00-04:00,-0.5144758500000023
GBPUSD,age8_adx35_er-,8.0,35.0,,S,2022-06-07 05:56:00+00:00,2022-06-07 11:54:00-04:00,-1.0096838999999846
USDJPY,age8_adx35_er-,8.0,35.0,,L,2022-06-01 14:11:00+00:00,2022-06-15 15:29:00-04:00,1.1624849999999993
EURUSD,age8_adx35_er-,8.0,35.0,,S,2022-06-09 17:19:00+00:00,2022-06-16 11:13:00-04:00,0.8665895999999931
GBPUSD,age8_adx35_er-,8.0,35.0,,S,2022-06-10 11:34:00+00:00,2022-06-24 10:02:00-04:00,0.6797027500000032
EURUSD,age8_adx35_er-,8.0,35.0,,S,2022-07-05 08:06:00+00:00,2022-07-18 03:07:00-04:00,1.8282288999999992
GBPUSD,age8_adx35_er-,8.0,35.0,,S,2022-06-29 09:59:00+00:00,2022-07-18 05:41:00-04:00,1.1198625499999948
USDJPY,age8_adx35_er-,8.0,35.0,,L,2022-06-21 10:56:00+00:00,2022-07-21 16:17:00-04:00,0.42823499999999576
EURUSD,age8_adx35_er-,8.0,35.0,,S,2022-08-16 11:31:00+00:00,2022-08-25 02:17:00-04:00,0.41906859999999857
GBPUSD,age8_adx35_er-,8.0,35.0,,S,2022-08-18 06:47:00+00:00,2022-08-26 09:07:00-04:00,0.5018798499999946
GBPUSD,age8_adx35_er-,8.0,35.0,,S,2022-08-28 22:09:00+00:00,2022-09-05 20:38:00-04:00,0.8662842000000001
EURUSD,age8_adx35_er-,8.0,35.0,,S,2022-09-05 05:04:00+00:00,2022-09-07 13:05:00-04:00,-0.48652970000000223
USDJPY,age8_adx35_er-,8.0,35.0,,L,2022-08-18 16:59:00+00:00,2022-09-22 04:20:00-04:00,2.3295450000000053
USDJPY,age8_adx35_er-,8.0,35.0,,L,2022-10-03 04:02:00+00:00,2022-10-03 11:15:00-04:00,-0.6999199999999979
GBPUSD,age8_adx35_er-,8.0,35.0,,S,2022-09-16 07:39:00+00:00,2022-10-04 01:54:00-04:00,0.2145998500000045
EURUSD,age8_adx35_er-,8.0,35.0,,S,2022-09-21 18:00:00+00:00,2022-10-04 02:06:00-04:00,0.051565999999997614
USDJPY,age8_adx35_er-,8.0,35.0,,L,2022-10-07 12:51:00+00:00,2022-10-21 11:14:00-04:00,1.5573400000000013
USDJPY,age8_adx35_er-,8.0,35.0,,L,2022-12-13 00:28:00+00:00,2022-12-13 08:30:00-05:00,-0.9925150000000041
USDJPY,age8_adx35_er-,8.0,35.0,,L,2023-01-06 09:21:00+00:00,2023-01-12 04:19:00-05:00,-0.6387199999999996
USDCHF,age8_adx35_er-,8.0,35.0,,S,2023-07-27 10:12:00+00:00,2023-07-28 02:44:00-04:00,-1.0127403500000056
USDCHF,age8_adx35_er-,8.0,35.0,,S,2023-08-10 12:31:00+00:00,2023-08-14 08:01:00-04:00,-1.0225855000000041
USDCHF,age8_adx35_er-,8.0,35.0,,S,2023-08-30 13:31:00+00:00,2023-09-01 12:00:00-04:00,-0.8674732499999961
USDCHF,age8_adx35_er-,8.0,35.0,,S,2025-06-02 07:42:00+00:00,2025-07-07 12:56:00-04:00,1.2445255000000004
EURUSD,age8_adx35_er-,8.0,35.0,,L,2025-07-22 14:54:00+00:00,2025-07-29 02:34:00-04:00,-1.0033732999999936
USDCHF,age8_adx35_er-,8.0,35.0,,S,2025-07-22 15:10:00+00:00,2025-07-29 02:57:00-04:00,-1.01475535
USDCHF,age8_adx35_er-,8.0,35.0,,S,2025-08-13 07:30:00+00:00,2025-08-19 22:46:00-04:00,-0.5757538500000011
USDCHF,age8_adx35_er-,8.0,35.0,,S,2025-08-22 14:18:00+00:00,2025-09-02 03:56:00-04:00,-0.20559305000000833
USDCHF,age8_adx35_er-,8.0,35.0,,S,2025-09-05 13:12:00+00:00,2025-09-25 08:31:00-04:00,0.13456644999999365
USDCHF,age8_adx35_er-,8.0,35.0,,S,2025-10-16 01:20:00+00:00,2025-10-21 05:55:00-04:00,0.011446850000007567
USDJPY,age8_adx35_er0.2,8.0,35.0,0.2,S,2021-01-04 07:46:00+00:00,2021-01-06 10:29:00-05:00,-0.4502500000000031
EURUSD,age8_adx35_er0.2,8.0,35.0,0.2,L,2021-02-23 00:50:00+00:00,2021-02-26 06:20:00-05:00,-0.41811790000000765
USDJPY,age8_adx35_er0.2,8.0,35.0,0.2,L,2022-04-11 06:16:00+00:00,2022-04-25 09:47:00-04:00,1.5908899999999973
USDJPY,age8_adx35_er0.2,8.0,35.0,0.2,L,2022-06-01 14:11:00+00:00,2022-06-15 15:29:00-04:00,1.1624849999999993
GBPUSD,age8_adx35_er0.2,8.0,35.0,0.2,S,2022-06-29 09:59:00+00:00,2022-07-18 05:41:00-04:00,1.1198625499999948
USDJPY,age8_adx35_er0.2,8.0,35.0,0.2,L,2022-06-21 10:56:00+00:00,2022-07-21 16:17:00-04:00,0.42823499999999576
EURUSD,age8_adx35_er0.2,8.0,35.0,0.2,S,2022-08-16 11:31:00+00:00,2022-08-25 02:17:00-04:00,0.41906859999999857
GBPUSD,age8_adx35_er0.2,8.0,35.0,0.2,S,2022-08-18 06:47:00+00:00,2022-08-26 09:07:00-04:00,0.5018798499999946
GBPUSD,age8_adx35_er0.2,8.0,35.0,0.2,S,2022-08-28 22:09:00+00:00,2022-09-05 20:38:00-04:00,0.8662842000000001
EURUSD,age8_adx35_er0.2,8.0,35.0,0.2,S,2022-09-05 05:04:00+00:00,2022-09-07 13:05:00-04:00,-0.48652970000000223
USDJPY,age8_adx35_er0.2,8.0,35.0,0.2,L,2022-08-18 16:59:00+00:00,2022-09-22 04:20:00-04:00,2.3295450000000053
GBPUSD,age8_adx35_er0.2,8.0,35.0,0.2,S,2022-09-16 07:39:00+00:00,2022-10-04 01:54:00-04:00,0.2145998500000045
EURUSD,age8_adx35_er0.2,8.0,35.0,0.2,S,2022-09-21 18:00:00+00:00,2022-10-04 02:06:00-04:00,0.051565999999997614
USDJPY,age8_adx35_er0.2,8.0,35.0,0.2,L,2022-12-13 00:28:00+00:00,2022-12-13 08:30:00-05:00,-0.9925150000000041
USDJPY,age8_adx35_er0.2,8.0,35.0,0.2,L,2023-01-06 09:21:00+00:00,2023-01-12 04:19:00-05:00,-0.6387199999999996
USDCHF,age8_adx35_er0.2,8.0,35.0,0.2,S,2023-07-27 10:12:00+00:00,2023-07-28 02:44:00-04:00,-1.0127403500000056
USDCHF,age8_adx35_er0.2,8.0,35.0,0.2,S,2023-08-30 13:31:00+00:00,2023-09-01 12:00:00-04:00,-0.8674732499999961
USDCHF,age8_adx35_er0.2,8.0,35.0,0.2,S,2025-06-02 07:42:00+00:00,2025-07-07 12:56:00-04:00,1.2445255000000004
EURUSD,age8_adx35_er0.2,8.0,35.0,0.2,L,2025-07-22 14:54:00+00:00,2025-07-29 02:34:00-04:00,-1.0033732999999936
USDCHF,age8_adx35_er0.2,8.0,35.0,0.2,S,2025-07-22 15:10:00+00:00,2025-07-29 02:57:00-04:00,-1.01475535
USDCHF,age8_adx35_er0.2,8.0,35.0,0.2,S,2025-09-05 13:12:00+00:00,2025-09-25 08:31:00-04:00,0.13456644999999365
USDCHF,age8_adx35_er0.2,8.0,35.0,0.2,S,2025-10-16 01:20:00+00:00,2025-10-21 05:55:00-04:00,0.011446850000007567
USDJPY,age8_adx35_er0.35,8.0,35.0,0.35,S,2021-01-04 07:46:00+00:00,2021-01-06 10:29:00-05:00,-0.4502500000000031
EURUSD,age8_adx35_er0.35,8.0,35.0,0.35,L,2021-02-23 00:50:00+00:00,2021-02-26 06:20:00-05:00,-0.41811790000000765
USDJPY,age8_adx35_er0.35,8.0,35.0,0.35,L,2022-04-11 06:16:00+00:00,2022-04-25 09:47:00-04:00,1.5908899999999973
USDJPY,age8_adx35_er0.35,8.0,35.0,0.35,L,2022-06-01 14:11:00+00:00,2022-06-15 15:29:00-04:00,1.1624849999999993
USDJPY,age8_adx35_er0.35,8.0,35.0,0.35,L,2022-06-29 13:15:00+00:00,2022-07-21 16:17:00-04:00,0.26863000000000065
EURUSD,age8_adx35_er0.35,8.0,35.0,0.35,S,2022-08-16 11:31:00+00:00,2022-08-25 02:17:00-04:00,0.41906859999999857
USDJPY,age8_adx35_er0.35,8.0,35.0,0.35,L,2022-08-18 16:59:00+00:00,2022-09-22 04:20:00-04:00,2.3295450000000053
GBPUSD,age8_adx35_er0.35,8.0,35.0,0.35,S,2022-09-16 07:39:00+00:00,2022-10-04 01:54:00-04:00,0.2145998500000045
EURUSD,age8_adx35_er0.35,8.0,35.0,0.35,S,2022-09-21 18:00:00+00:00,2022-10-04 02:06:00-04:00,0.051565999999997614
USDJPY,age8_adx35_er0.35,8.0,35.0,0.35,L,2023-01-06 09:21:00+00:00,2023-01-12 04:19:00-05:00,-0.6387199999999996
USDCHF,age8_adx35_er0.35,8.0,35.0,0.35,S,2023-07-27 10:12:00+00:00,2023-07-28 02:44:00-04:00,-1.0127403500000056
USDCHF,age8_adx35_er0.35,8.0,35.0,0.35,S,2023-08-30 13:31:00+00:00,2023-09-01 12:00:00-04:00,-0.8674732499999961
USDCHF,age8_adx35_er0.35,8.0,35.0,0.35,S,2025-06-24 14:18:00+00:00,2025-07-07 12:56:00-04:00,0.48568665000000266
EURUSD,age8_adx35_er0.35,8.0,35.0,0.35,L,2025-07-22 14:54:00+00:00,2025-07-29 02:34:00-04:00,-1.0033732999999936
USDCHF,age8_adx35_er0.35,8.0,35.0,0.35,S,2025-07-22 15:10:00+00:00,2025-07-29 02:57:00-04:00,-1.01475535
USDCHF,age8_adx35_er0.35,8.0,35.0,0.35,S,2025-09-16 09:10:00+00:00,2025-09-25 08:31:00-04:00,-0.6453850999999965
