Symbol,Side,Dir,SignalTime,EntryTime,EntryPrice,ExitTime,ExitPrice,Reason,ReasonCode,Bars,ATR,InitialStop,FinalStop,PnL,R,MFE_ATR,MAE_ATR,BE
USDJPY,売り,-1,2021-01-04 01:00:00,2021-01-04 05:00:00,102.74320734981548,2021-01-04 09:00:00,103.1370374988024,初期損切り,initial,2,0.19601874940120112,103.13524484861787,103.13524484861787,-0.3938301489869218,-1.0045726497847673,0.13879973165116613,1.9999999999999638,False
AUDUSD,売り,-1,2021-01-04 09:00:00,2021-01-04 13:00:00,0.7660757478820956,2021-01-05 01:00:00,0.7722923394739295,初期損切り,initial,4,0.003086169736964719,0.7722480873560251,0.7722480873560251,-0.006216591591833853,-1.007169423861297,0.17359637601221617,2.000000000000013,False
USDJPY,売り,-1,2021-01-05 09:00:00,2021-01-05 13:00:00,102.65120734981548,2021-01-06 05:00:00,102.86579265018453,時間切れ,time,4,0.2022620766999102,103.0557315032153,103.0557315032153,-0.21458530036905188,-0.5304635052457838,0.2877818262581966,1.1558896951868871,False
EURUSD,買い,1,2021-01-06 01:00:00,2021-01-06 05:00:00,1.2338663224968554,2021-01-06 09:00:00,1.2274031081183512,初期損切り,initial,2,0.0032184459408244404,1.2274294306152065,1.2274294306152065,-0.006463214378504167,-1.0040893178476913,0.33360122334990727,1.9999999999999951,False
USDCHF,売り,-1,2021-01-05 09:00:00,2021-01-05 13:00:00,0.8778636570334297,2021-01-07 01:00:00,0.8824100159053834,初期損切り,initial,10,0.002225007952691711,0.8823136729388131,0.8823136729388131,-0.0045463588719536485,-1.0216500274647728,0.9409660899849216,1.9999999999999942,False
USDJPY,買い,1,2021-01-07 01:00:00,2021-01-07 05:00:00,103.56979265018452,2021-01-08 05:00:00,103.74028174782812,トレイル,trail,7,0.23261706799156595,103.10455851420139,103.74207439801265,0.1704890976435962,0.36645870209699677,2.24062384723363,0.2570432629934417,True
AUDUSD,買い,1,2021-01-05 09:00:00,2021-01-05 13:00:00,0.7765442521179043,2021-01-10 21:00:00,0.7698963397102002,初期損切り,initial,21,0.0033018301448998924,0.7699405918281046,0.7699405918281046,-0.006647912407704126,-1.0067011499626495,1.6523405634668398,1.9999999999999898,False
GBPUSD,売り,-1,2021-01-10 17:00:00,2021-01-10 21:00:00,1.3508737570146254,2021-01-12 09:00:00,1.3609586977016432,初期損切り,initial,10,0.0050093488508216166,1.3608924547162686,1.3608924547162686,-0.010084940687017818,-1.0066119357372885,1.158585115044148,1.9999999999999951,False
EURUSD,売り,-1,2021-01-08 01:00:00,2021-01-08 05:00:00,1.2239836775031447,2021-01-12 13:00:00,1.2184727289992903,トレイル,trail,15,0.0034642710016234007,1.2309122195063915,1.218446406502435,0.005510948503854474,0.7953980074411,3.0983942936666518,1.2950264268450313,True
USDJPY,買い,1,2021-01-10 17:00:00,2021-01-10 21:00:00,104.17579265018453,2021-01-12 17:00:00,103.66411383869105,初期損切り,initial,12,0.2549430806544773,103.66590648887558,103.66590648887558,-0.511678811493482,-1.0035157851311858,0.8755183676390069,2.000000000000003,False
AUDUSD,買い,1,2021-01-12 13:00:00,2021-01-12 17:00:00,0.7773542521179043,2021-01-13 09:00:00,0.7733257478820956,時間切れ,time,4,0.0035494511262357856,0.7702553498654328,0.7702553498654328,-0.004028504235808694,-0.5674827026116778,0.2326410063776178,1.2182875504163433,False
AUDUSD,買い,1,2021-01-14 09:00:00,2021-01-14 13:00:00,0.7798042521179044,2021-01-15 01:00:00,0.7730992935394513,初期損切り,initial,4,0.0033303532302743515,0.7731435456573557,0.7731435456573557,-0.006704958578453102,-1.0066437574101943,0.1158279183688538,2.000000000000007,False
EURUSD,売り,-1,2021-01-14 05:00:00,2021-01-14 09:00:00,1.2119636775031446,2021-01-15 01:00:00,1.2140263224968553,時間切れ,time,4,0.003349745921463303,1.2186631693460712,1.2186631693460712,-0.0020626449937106717,-0.3078808127646926,0.22499542377693654,1.7542591690919715,False
GBPUSD,買い,1,2021-01-12 13:00:00,2021-01-12 17:00:00,1.3662662429853747,2021-01-17 17:00:00,1.3569030596748284,初期損切り,initial,19,0.004648470162585895,1.356969302660203,1.356969302660203,-0.009363183310546308,-1.0071252458397697,1.022649785490018,1.9999999999999802,False
AUDUSD,売り,-1,2021-01-15 05:00:00,2021-01-15 09:00:00,0.7720357478820956,2021-01-18 17:00:00,0.7706681159523417,トレイル,trail,9,0.0031359092229581854,0.778307566328012,0.7706238638344374,0.0013676319297538653,0.2180598723555751,1.9502311601757472,0.24370989833165202,True
USDJPY,買い,1,2021-01-18 21:00:00,2021-01-19 01:00:00,103.99279265018453,2021-01-20 09:00:00,103.63581975390242,初期損切り,initial,9,0.17759012304878427,103.63761240408695,103.63761240408695,-0.3569728962821017,-1.0050471562093595,0.5304762911257067,2.0000000000000364,False
EURUSD,売り,-1,2021-01-15 09:00:00,2021-01-15 13:00:00,1.2093236775031446,2021-01-21 05:00:00,1.2158933401593144,初期損切り,initial,23,0.0032716700796571866,1.215867017662459,1.215867017662459,-0.006569662656169761,-1.0040227920625397,1.214571581606747,2.000000000000026,False
AUDUSD,買い,1,2021-01-20 01:00:00,2021-01-20 05:00:00,0.7732642521179044,2021-01-21 09:00:00,0.7744303252209052,トレイル,trail,8,0.0025169484407936366,0.7682303552363171,0.7744745773388095,0.0011660731030007643,0.23164421727945322,1.9808700890684565,0.4705110755192865,True
USDJPY,売り,-1,2021-01-20 21:00:00,2021-01-21 01:00:00,103.36820734981548,2021-01-21 17:00:00,103.51379265018453,時間切れ,time,4,0.1712525995706516,103.71071254895678,103.71071254895678,-0.14558530036904926,-0.42506011801878346,0.22894455274711933,1.7155514772978488,False
GBPUSD,買い,1,2021-01-21 01:00:00,2021-01-21 05:00:00,1.3734362429853746,2021-01-21 21:00:00,1.3716337570146253,時間切れ,time,4,0.0035503771358037966,1.366335488713767,1.366335488713767,-0.001802485970749279,-0.2538442962258995,0.15597132176215595,0.8720884759398148,False
USDCHF,買い,1,2021-01-10 17:00:00,2021-01-10 21:00:00,0.8886763429665703,2021-01-24 21:00:00,0.8857836570334298,最大保有,max,60,0.0027282475863973144,0.8832198477937756,0.8832198477937756,-0.0028926859331405153,-0.5301362580806575,1.4454908905966786,1.7616960390743235,False
USDJPY,買い,1,2021-01-22 05:00:00,2021-01-22 09:00:00,103.83579265018453,2021-01-25 01:00:00,103.71720734981547,時間切れ,time,4,0.1653173344333912,103.50515798131775,103.50515798131775,-0.11858530036906245,-0.35865960691751364,0.3278987651310798,0.893993667942156,False
EURUSD,買い,1,2021-01-22 01:00:00,2021-01-22 05:00:00,1.2174263224968553,2021-01-25 09:00:00,1.2122742454409368,初期損切り,initial,8,0.0025628772795315943,1.212300567937792,1.212300567937792,-0.00515207705591858,-1.005135340865834,0.5164810323600757,2.0000000000000346,False
AUDUSD,売り,-1,2021-01-22 01:00:00,2021-01-22 05:00:00,0.7723957478820956,2021-01-26 05:00:00,0.770557809776925,トレイル,trail,13,0.0023823717726804785,0.7771604914274566,0.7705135576590206,0.0018379381051706334,0.38573704705683143,2.290048910358461,0.9923942791029096,True
GBPUSD,売り,-1,2021-01-22 01:00:00,2021-01-22 05:00:00,1.3666937570146254,2021-01-26 09:00:00,1.3736473995827876,初期損切り,initial,14,0.0034436997913938018,1.373581156597413,1.373581156597413,-0.006953642568162222,-1.00961799654258,1.659191381578794,2.0000000000000027,False
USDJPY,売り,-1,2021-01-26 05:00:00,2021-01-26 09:00:00,103.65620734981547,2021-01-27 05:00:00,103.95472407789568,初期損切り,initial,6,0.14836203894783598,103.95293142771115,103.95293142771115,-0.2985167280802017,-1.0060414719197814,0.6754244584809868,2.0000000000000204,False
USDCHF,買い,1,2021-01-25 01:00:00,2021-01-25 05:00:00,0.8872563429665702,2021-01-27 13:00:00,0.8879436570334298,トレイル,trail,15,0.00185855776767083,0.8835392274312285,0.8889621633484938,0.0006873140668596234,0.18490522027759587,2.417819403623578,0.7405435496874759,True
AUDUSD,売り,-1,2021-01-27 13:00:00,2021-01-27 17:00:00,0.7660757478820956,2021-01-28 05:00:00,0.763797373871063,トレイル,trail,4,0.003035414502105717,0.7721465768863071,0.7637531217531586,0.002278374011032702,0.37529866340365653,2.2651759347284672,0.16941742801439494,True
USDJPY,買い,1,2021-01-28 17:00:00,2021-01-28 21:00:00,104.48579265018452,2021-01-29 05:00:00,104.67455101215367,トレイル,trail,3,0.17510422510786258,104.13558419996879,104.6763436623382,0.18875836196914975,0.5389885990839922,2.5882148162689966,0.2729383037735333,True
EURUSD,買い,1,2021-01-29 05:00:00,2021-01-29 09:00:00,1.2146663224968552,2021-02-01 01:00:00,1.2129836775031446,時間切れ,time,4,0.0028255833585252473,1.2090151557798048,1.2090151557798048,-0.0016826449937106247,-0.29775178789785295,0.3375152604389737,0.9330188362346795,False
USDJPY,買い,1,2021-02-01 09:00:00,2021-02-01 13:00:00,104.99879265018453,2021-02-02 05:00:00,104.92220734981548,時間切れ,time,4,0.18055496079836275,104.6376827285878,104.6376827285878,-0.07658530036904665,-0.21208306886282216,0.2005336749285171,0.9293162006881011,False
GBPUSD,売り,-1,2021-02-02 09:00:00,2021-02-02 13:00:00,1.3646337570146254,2021-02-03 05:00:00,1.3638362429853745,時間切れ,time,4,0.00402758413039588,1.372688925275417,1.372688925275417,0.0007975140292508787,0.09900650159385861,0.21446032824163191,0.927663548273895,False
USDJPY,買い,1,2021-02-02 09:00:00,2021-02-02 13:00:00,105.10279265018453,2021-02-03 05:00:00,105.07220734981547,時間切れ,time,4,0.174911728395506,104.75296919339351,104.75296919339351,-0.03058530036905438,-0.0874306733162446,0.012619793056341002,1.02218788771121,False
GBPUSD,売り,-1,2021-02-03 21:00:00,2021-02-04 01:00:00,1.3604937570146254,2021-02-04 05:00:00,1.367726485084869,初期損切り,initial,2,0.0035832425424344957,1.3676602420994943,1.3676602420994943,-0.007232728070243555,-1.0092434414625973,0.89688514706065,1.9999999999999871,False
USDJPY,買い,1,2021-02-03 21:00:00,2021-02-04 01:00:00,105.14779265018453,2021-02-05 01:00:00,105.43695252545278,トレイル,trail,7,0.14616988290845961,104.85545288436761,105.43874517563731,0.28915987526825404,0.989122620592586,3.4905093967612766,0.0191055101705211,True
EURUSD,売り,-1,2021-02-02 05:00:00,2021-02-02 09:00:00,1.2047936775031447,2021-02-05 05:00:00,1.199343059655188,トレイル,trail,18,0.0027244914388884884,1.2102426603809218,1.1993167371583326,0.005450617847956751,1.0003000505262079,3.5102615360195006,0.07572881085636468,True
USDCHF,買い,1,2021-02-01 01:00:00,2021-02-01 05:00:00,0.8949063429665702,2021-02-05 05:00:00,0.9014870787104748,トレイル,trail,25,0.002051052215303305,0.8908042385359636,0.9015834216770451,0.006580735743904609,1.6042340840482856,4.75544062733061,0.3541318749229645,True
AUDUSD,売り,-1,2021-02-02 05:00:00,2021-02-02 09:00:00,0.7602357478820956,2021-02-05 09:00:00,0.767018346005795,初期損切り,initial,19,0.0033691730028975117,0.7669740938878906,0.7669740938878906,-0.006782598123699413,-1.0065672077192729,1.132547328027985,2.000000000000004,False
USDJPY,買い,1,2021-02-05 05:00:00,2021-02-05 09:00:00,105.68479265018453,2021-02-05 09:00:00,105.36051465233606,初期損切り,initial,1,0.16124267383197213,105.36230730252059,105.36230730252059,-0.3242779978484691,-1.0055588577822547,0.0,1.9999999999999887,False
USDJPY,売り,-1,2021-02-08 09:00:00,2021-02-08 13:00:00,105.18620734981548,2021-02-10 01:00:00,104.77935009003689,トレイル,trail,10,0.18503829323490667,105.55628393628528,104.77755743985236,0.4068572597785902,1.0993866530699234,3.708461301814611,0.40960521662565136,True
AUDUSD,買い,1,2021-02-08 09:00:00,2021-02-08 13:00:00,0.7703842521179044,2021-02-10 17:00:00,0.7716224867551622,トレイル,trail,14,0.0026621740846223033,0.7650599039486597,0.7716667388730666,0.0012382346372578068,0.23256079390343132,1.981744136332134,0.25702756324495873,True
GBPUSD,買い,1,2021-02-05 05:00:00,2021-02-05 09:00:00,1.3705262429853746,2021-02-11 09:00:00,1.3806735882890402,トレイル,trail,25,0.003920112483723388,1.3626860180179279,1.3807398312744148,0.010147345303665567,1.2942671091452267,4.105432454157342,0.6393293549051776,True
AUDUSD,買い,1,2021-02-11 05:00:00,2021-02-11 09:00:00,0.7767442521179043,2021-02-12 01:00:00,0.7748957478820956,時間切れ,time,4,0.0024346374242477688,0.7718749772694088,0.7718749772694088,-0.0018485042358087345,-0.3796261852788753,0.19540810362869235,1.3243253741983922,False
EURUSD,買い,1,2021-02-05 13:00:00,2021-02-07 17:00:00,1.2037663224968553,2021-02-12 01:00:00,1.2110557031375735,トレイル,trail,27,0.002585316243714215,1.198595690009427,1.2110820256344288,0.007289380640718157,1.4097657604637588,4.329713059421783,0.6909493185595553,True
USDCHF,売り,-1,2021-02-08 17:00:00,2021-02-08 21:00:00,0.8980036570334298,2021-02-12 01:00:00,0.8917546891534659,トレイル,trail,20,0.001745564124597048,0.9014947852826238,0.8916583461868957,0.006248967879963874,1.7899565509821667,5.135106128225979,0.05519302626162755,True
USDJPY,買い,1,2021-02-11 21:00:00,2021-02-12 01:00:00,104.87179265018453,2021-02-12 05:00:00,104.94033470492188,トレイル,trail,2,0.159248429929056,104.55329579032642,104.94212735510641,0.06854205473734964,0.21520480537197328,1.9416665517720693,0.507337185179954,True
GBPUSD,売り,-1,2021-02-11 21:00:00,2021-02-12 01:00:00,1.3799937570146255,2021-02-12 09:00:00,1.3855561488293295,初期損切り,initial,3,0.0027480744146647675,1.385489905843955,1.385489905843955,-0.005562391814704082,-1.0120526185573886,0.8674281169042666,1.9999999999999774,False
AUDUSD,買い,1,2021-02-14 21:00:00,2021-02-15 01:00:00,0.7786342521179044,2021-02-15 17:00:00,0.7780357478820956,時間切れ,time,4,0.002235473847727366,0.7741633044224496,0.7741633044224496,-0.0005985042358087611,-0.13386518397815617,0.11887765198676895,0.8294671484479359,False
EURUSD,買い,1,2021-02-16 01:00:00,2021-02-16 05:00:00,1.2152963224968554,2021-02-16 05:00:00,1.211239575919986,初期損切り,initial,1,0.002015212040006975,1.2112658984168414,1.2112658984168414,-0.0040567465768692745,-1.006530949679924,0.0,2.000000000000011,False
GBPUSD,買い,1,2021-02-14 17:00:00,2021-02-14 21:00:00,1.3890062429853747,2021-02-16 05:00:00,1.390533989385315,トレイル,trail,9,0.0030398450862068986,1.3829265528129608,1.3906002323706896,0.001527746399940355,0.251286884136367,2.0243653344532455,0.2060114800639883,True
USDCHF,売り,-1,2021-02-15 17:00:00,2021-02-15 21:00:00,0.8888936570334297,2021-02-16 05:00:00,0.8919673443539374,初期損切り,initial,3,0.0014886721769687224,0.8918710013873672,0.8918710013873672,-0.003073687320507723,-1.0323586912084481,0.6137395778364922,2.0000000000000258,False
USDJPY,買い,1,2021-02-15 01:00:00,2021-02-15 05:00:00,105.37979265018453,2021-02-16 21:00:00,105.94565343574637,トレイル,trail,11,0.18370260937940616,105.01238743142571,105.94744608593089,0.5658607855618385,1.540154457994525,4.590067352140722,1.0767002758029305,True
GBPUSD,売り,-1,2021-02-17 05:00:00,2021-02-17 09:00:00,1.3847337570146254,2021-02-18 01:00:00,1.3915303822652336,初期損切り,initial,5,0.003365191132616832,1.391464139279859,1.391464139279859,-0.0067966252506082014,-1.0098423808283106,0.5241179312314009,1.9999999999999787,False
USDCHF,買い,1,2021-02-17 01:00:00,2021-02-17 05:00:00,0.8949463429665703,2021-02-18 01:00:00,0.8965306249627089,トレイル,trail,6,0.0017420213804806301,0.891462300205609,0.8966269679292791,0.0015842819961385812,0.45472518704146786,2.4647556462510978,0.21029762933745214,True
USDJPY,売り,-1,2021-02-17 09:00:00,2021-02-17 13:00:00,105.79120734981548,2021-02-18 05:00:00,105.70379265018452,時間切れ,time,4,0.23542728158303597,106.26206191298155,106.26206191298155,0.08741469963095483,0.18565116804469278,0.4213927508673028,0.5682971373788231,False
AUDUSD,売り,-1,2021-02-16 05:00:00,2021-02-16 09:00:00,0.7754957478820956,2021-02-19 01:00:00,0.7801875123187026,初期損切り,initial,17,0.002323756159351327,0.7801432602007983,0.7801432602007983,-0.0046917644366070155,-1.0095216784528533,1.3063969168533676,1.999999999999994,False
GBPUSD,買い,1,2021-02-18 05:00:00,2021-02-18 09:00:00,1.3978462429853746,2021-02-19 01:00:00,1.3971437570146255,時間切れ,time,4,0.0036983661284885594,1.3904495107283976,1.3904495107283976,-0.0007024859707491782,-0.09497247518815406,0.052389895400783856,1.3941948434082947,False
USDCHF,売り,-1,2021-02-19 01:00:00,2021-02-19 05:00:00,0.8940636570334297,2021-02-21 21:00:00,0.8967863429665702,時間切れ,time,4,0.0017664502658373909,0.8975965575651045,0.8975965575651045,-0.0027226859331405118,-0.7706658901743306,0.3530566614249152,1.9226937957182022,False
USDJPY,売り,-1,2021-02-18 21:00:00,2021-02-19 01:00:00,105.58220734981548,2021-02-23 01:00:00,105.22743811768768,トレイル,trail,13,0.20109697833543153,105.98440130648633,105.22564546750316,0.35476923212779354,0.8820849399736762,3.2730842365894444,1.3018228933696117,True
GBPUSD,買い,1,2021-02-22 09:00:00,2021-02-22 13:00:00,1.4083062429853745,2021-02-23 05:00:00,1.4088237570146254,時間切れ,time,4,0.00369152521758593,1.4009231925502026,1.4009231925502026,0.0005175140292508207,0.07009487931782958,0.4019360365079274,0.6789180183397373,False
USDCHF,買い,1,2021-02-23 09:00:00,2021-02-23 13:00:00,0.9039563429665702,2021-02-24 21:00:00,0.9058359216759115,トレイル,trail,9,0.00235849023834551,0.8992393624898792,0.9059322646424818,0.0018795787093413008,0.39847074174447983,2.337790906990404,0.24860945236794876,True
AUDUSD,買い,1,2021-02-22 09:00:00,2021-02-22 13:00:00,0.7920242521179044,2021-02-25 09:00:00,0.7964828942551535,トレイル,trail,18,0.0028085690846280727,0.7864071139486483,0.7965271463730579,0.004458642137249114,0.7937568923713253,3.10326989277168,1.4186057019964842,True
EURUSD,買い,1,2021-02-22 05:00:00,2021-02-22 09:00:00,1.2147463224968553,2021-02-25 13:00:00,1.2205363073438453,トレイル,trail,20,0.0024849134395330216,1.2097764956177892,1.2205626298407006,0.005789984846990004,1.1650274723609868,3.8406478677737264,1.5438455262958117,True
USDJPY,買い,1,2021-02-23 21:00:00,2021-02-24 01:00:00,105.53579265018453,2021-02-25 21:00:00,106.08960177353084,トレイル,trail,12,0.22573705085642695,105.08431854847169,106.09139442371537,0.553809123346312,1.2266686422215756,3.9612786045663677,0.30031689493297486,True
AUDUSD,売り,-1,2021-02-25 13:00:00,2021-02-25 17:00:00,0.7871657478820956,2021-02-26 09:00:00,0.7785442521179043,トレイル,trail,5,0.003499753579638517,0.7941652550413726,0.7783296303694578,0.008621495764191245,1.231728972912679,4.0247827630054145,0.3383815720039136,True
GBPUSD,売り,-1,2021-02-25 09:00:00,2021-02-25 13:00:00,1.4063937570146254,2021-02-26 09:00:00,1.3964622671122282,トレイル,trail,6,0.005057349417902285,1.41650845585043,1.3963960241268536,0.009931489902397228,0.9818868622406425,3.476872084887269,0.07439529173973942,True
EURUSD,売り,-1,2021-02-26 09:00:00,2021-02-26 13:00:00,1.2079836775031447,2021-03-02 09:00:00,1.2045103009579055,トレイル,trail,12,0.00354265230736679,1.2150689821178784,1.2044839784610502,0.0034733765452392706,0.49022261343803575,2.48787539347765,0.6030291181590046,True
USDCHF,買い,1,2021-02-26 09:00:00,2021-02-26 13:00:00,0.9099663429665702,2021-03-02 09:00:00,0.9150764028828344,トレイル,trail,12,0.002804836100396876,0.9043566707657764,0.9151727458494047,0.005110059916264231,0.9109373477368559,3.356223571173294,1.0183635921421792,True
GBPUSD,売り,-1,2021-03-01 21:00:00,2021-03-02 01:00:00,1.3881037570146253,2021-03-02 17:00:00,1.3958362429853746,時間切れ,time,4,0.00537988449350968,1.3988635260016447,1.3988635260016447,-0.00773248597074927,-0.7186479542523432,0.4114878334833984,1.7893029110546463,False
EURUSD,買い,1,2021-03-03 01:00:00,2021-03-03 05:00:00,1.2101763224968554,2021-03-03 21:00:00,1.2061836775031447,時間切れ,time,4,0.003023158247365308,1.2041300060021247,1.2041300060021247,-0.003992644993710659,-0.6603433672700166,0.047525630942381755,1.953692798583332,False
GBPUSD,買い,1,2021-03-03 01:00:00,2021-03-03 05:00:00,1.3982862429853746,2021-03-03 21:00:00,1.3941137570146254,時間切れ,time,4,0.004933202019344977,1.3884198389466846,1.3884198389466846,-0.004172485970749262,-0.4228983482115008,0.17306346086730562,1.2580557133151216,False
AUDUSD,買い,1,2021-03-02 05:00:00,2021-03-02 09:00:00,0.7792842521179044,2021-03-04 13:00:00,0.7709747885448732,初期損切り,initial,14,0.004132605727563405,0.7710190406627776,0.7710190406627776,-0.008309463573031195,-1.0053540212666836,1.1120702493932968,2.0000000000000027,False
USDCHF,買い,1,2021-03-03 13:00:00,2021-03-03 17:00:00,0.9199863429665702,2021-03-05 05:00:00,0.9273398790599091,トレイル,trail,10,0.0024625186490137767,0.9150613056685427,0.9274362220264794,0.007353536093338886,1.493092467804037,4.52530868665411,0.4370902803117001,True
EURUSD,売り,-1,2021-03-04 01:00:00,2021-03-04 05:00:00,1.2032336775031447,2021-03-05 09:00:00,1.1939277689405952,トレイル,trail,8,0.0030676309624932036,1.209368939428131,1.1939014464437399,0.009305908562549536,1.5167907542219812,4.542162233171664,0.7029276087051637,True
GBPUSD,売り,-1,2021-03-04 13:00:00,2021-03-04 17:00:00,1.3897637570146253,2021-03-05 09:00:00,1.3857778431180752,トレイル,trail,5,0.005187733421800275,1.4001392238582258,1.3857116001327006,0.0039859138965501195,0.38416718559595014,2.2811035287388717,0.1785448306735203,True
USDJPY,買い,1,2021-03-01 01:00:00,2021-03-01 05:00:00,106.72779265018453,2021-03-05 09:00:00,108.22921617878112,トレイル,trail,26,0.2746607806895702,106.17847108880538,108.23100882896564,1.5014235285965896,2.733232471026766,6.972991720940673,0.7419794324944317,True
USDCHF,買い,1,2021-03-05 09:00:00,2021-03-05 13:00:00,0.9312363429665702,2021-03-09 01:00:00,0.9332498426590741,トレイル,trail,10,0.002809209582903738,0.9256179238007627,0.9333461856256443,0.0020134996925038617,0.35837477288230823,2.251044945850319,1.0345767664533165,True
USDJPY,買い,1,2021-03-08 05:00:00,2021-03-08 09:00:00,108.69579265018453,2021-03-09 01:00:00,108.87237061353134,トレイル,trail,5,0.23922449085609168,108.21734366847235,108.87416326371587,0.17657796334681564,0.36906330684394306,2.2456202034039996,0.23322298642947661,True
AUDUSD,売り,-1,2021-03-08 17:00:00,2021-03-08 21:00:00,0.7625157478820956,2021-03-09 05:00:00,0.7709096126940632,初期損切り,initial,3,0.004174806347031596,0.7708653605761588,0.7708653605761588,-0.008393864811967577,-1.0052999006691472,0.006167443458532305,2.0000000000000027,False
EURUSD,売り,-1,2021-03-08 01:00:00,2021-03-08 05:00:00,1.1872036775031447,2021-03-11 01:00:00,1.193842408991374,初期損切り,initial,18,0.003306204495686964,1.1938160864945186,1.1938160864945186,-0.006638731488229244,-1.003980772648766,1.102072635826985,2.000000000000004,False
USDJPY,売り,-1,2021-03-10 13:00:00,2021-03-10 17:00:00,108.41120734981547,2021-03-11 09:00:00,108.56979265018452,時間切れ,time,4,0.2801633878619839,108.97153412553943,108.97153412553943,-0.1585853003690545,-0.28302288457330105,0.18277673684006393,1.4305675457564389,False
AUDUSD,買い,1,2021-03-10 05:00:00,2021-03-10 09:00:00,0.7726842521179044,2021-03-12 01:00:00,0.7742745517707594,トレイル,trail,11,0.003827464074224075,0.7650293239694562,0.7743188038886638,0.001590299652855065,0.20774847549385025,1.9270586840428698,0.6229325923556143,True
GBPUSD,買い,1,2021-03-09 01:00:00,2021-03-09 05:00:00,1.3896862429853747,2021-03-12 01:00:00,1.3930909040580315,トレイル,trail,18,0.004915235304396,1.3798557723765827,1.393157147043406,0.0034046610726568005,0.34633754660858257,2.206152166291433,1.042929314246656,True
USDCHF,売り,-1,2021-03-11 01:00:00,2021-03-11 05:00:00,0.9249836570334298,2021-03-12 01:00:00,0.9305003436518117,初期損切り,initial,6,0.0027101718259058155,0.9304040006852414,0.9304040006852414,-0.005516686618381894,-1.017774328116274,0.5621994217730373,2.0000000000000084,False
USDJPY,買い,1,2021-03-12 01:00:00,2021-03-12 05:00:00,109.11679265018452,2021-03-14 21:00:00,109.05620734981548,時間切れ,time,4,0.26886632818671247,108.5790599938111,108.5790599938111,-0.060585300369041306,-0.11266806962709038,0.11235081023052731,1.0889896557861107,False
GBPUSD,売り,-1,2021-03-16 01:00:00,2021-03-16 05:00:00,1.3818737570146253,2021-03-16 09:00:00,1.3900981055334263,初期損切り,initial,2,0.004079052766713159,1.3900318625480517,1.3900318625480517,-0.008224348518800939,-1.0081198980698647,0.23872135770627936,2.000000000000003,False
EURUSD,売り,-1,2021-03-16 09:00:00,2021-03-16 13:00:00,1.1892736775031447,2021-03-17 05:00:00,1.1898463224968554,時間切れ,time,4,0.0027082985808149786,1.1946902746647747,1.1946902746647747,-0.0005726449937106803,-0.1057204323347466,0.2413609443859797,0.6448042727732569,False
AUDUSD,売り,-1,2021-03-17 09:00:00,2021-03-17 13:00:00,0.7703557478820956,2021-03-17 13:00:00,0.7758621128666008,初期損切り,initial,1,0.0027310564333004124,0.7758178607486964,0.7758178607486964,-0.005506364984505185,-1.0081016483886573,-0.0,1.9999999999999947,False
USDCHF,売り,-1,2021-03-15 21:00:00,2021-03-16 01:00:00,0.9263736570334298,2021-03-18 01:00:00,0.9250133917915944,トレイル,trail,13,0.00237136588334941,0.9311163888001286,0.9249170488250241,0.0013602652418354122,0.2868104941937767,2.114248614536165,1.3689759936939652,True
GBPUSD,買い,1,2021-03-17 05:00:00,2021-03-17 09:00:00,1.3908062429853747,2021-03-18 05:00:00,1.3942800605485257,トレイル,trail,6,0.0038557976440665226,1.3830946476972417,1.3943463035339003,0.003473817563151016,0.45046678843438337,2.4181136759013335,1.4669449767621177,True
EURUSD,買い,1,2021-03-17 13:00:00,2021-03-17 17:00:00,1.1977663224968553,2021-03-18 09:00:00,1.1928036775031448,時間切れ,time,4,0.0028167061011399883,1.1921329102945752,1.1921329102945752,-0.004962644993710574,-0.8809305649073705,0.3989331732870188,1.9832819954465228,False
USDJPY,売り,-1,2021-03-19 01:00:00,2021-03-19 05:00:00,108.64720734981547,2021-03-21 21:00:00,108.91079265018453,時間切れ,time,4,0.2628661535437579,109.17293965690298,109.17293965690298,-0.2635853003690585,-0.5013678954395717,0.035026760544644646,1.528506598388096,False
AUDUSD,売り,-1,2021-03-21 17:00:00,2021-03-21 21:00:00,0.7720057478820956,2021-03-22 13:00:00,0.7749742521179044,時間切れ,time,4,0.0033629685367361994,0.778731684955568,0.778731684955568,-0.0029685042358087443,-0.44135177052380525,0.44179654548228153,1.0330908778813943,False
USDCHF,売り,-1,2021-03-22 09:00:00,2021-03-22 13:00:00,0.9230736570334298,2021-03-23 01:00:00,0.9287880689235548,初期損切り,initial,4,0.002809034461777372,0.9286917259569846,0.9286917259569846,-0.005714411890125004,-1.017148769066596,0.20421858159292472,2.000000000000007,False
EURUSD,買い,1,2021-03-22 09:00:00,2021-03-22 13:00:00,1.1939363224968553,2021-03-23 05:00:00,1.1898436775031447,時間切れ,time,4,0.0028032651526720483,1.1883297921915112,1.1883297921915112,-0.004092644993710648,-0.7299782166181416,0.2688570156933966,1.9000423458973832,False
USDJPY,売り,-1,2021-03-23 05:00:00,2021-03-23 09:00:00,108.56320734981547,2021-03-24 01:00:00,108.49879265018453,時間切れ,time,4,0.22741465734252078,109.01803666450051,109.01803666450051,0.06441469963094448,0.1416238961544291,0.48021245020717723,0.8565527502087845,False
AUDUSD,売り,-1,2021-03-22 21:00:00,2021-03-23 01:00:00,0.7700057478820956,2021-03-24 05:00:00,0.7628468849061739,トレイル,trail,8,0.003001755192179708,0.7760092582664551,0.7628026327882695,0.00715886297592172,1.1924461719217267,3.8996344247498738,0.05805007628813547,True
AUDUSD,売り,-1,2021-03-24 13:00:00,2021-03-24 17:00:00,0.7582657478820957,2021-03-25 09:00:00,0.7591242521179044,時間切れ,time,4,0.003079124043523654,0.764423995969143,0.764423995969143,-0.0008585042358086881,-0.13940721836367503,0.14476450957965145,1.0179038173199286,False
GBPUSD,売り,-1,2021-03-19 05:00:00,2021-03-19 09:00:00,1.3889437570146255,2021-03-25 09:00:00,1.3741712650128164,トレイル,trail,25,0.004730014684961088,1.3984037863845475,1.3741050220274418,0.014772492001809079,1.5615693592641147,4.637143534535528,0.016118974348402062,True
EURUSD,売り,-1,2021-03-23 09:00:00,2021-03-23 13:00:00,1.1863036775031448,2021-03-26 09:00:00,1.18022969904057,トレイル,trail,18,0.0026955843624764724,1.1916948462280978,1.1802033765437148,0.006073978462574736,1.1266533793426676,3.7630718015538442,0.11734839438102156,True
USDJPY,買い,1,2021-03-25 01:00:00,2021-03-25 05:00:00,109.12979265018453,2021-03-28 21:00:00,109.54059890135808,トレイル,trail,11,0.2030722989715882,108.72364805224134,109.54239155154261,0.41080625117355396,1.0114778166544265,3.53178327840673,0.5160361640421602,True
USDCHF,買い,1,2021-03-23 09:00:00,2021-03-23 13:00:00,0.9333363429665702,2021-03-29 01:00:00,0.9376299269088743,トレイル,trail,22,0.0027224867497037094,0.9278913694671628,0.9377262698754445,0.004293583942304058,0.7885408336278097,3.1124695223409384,0.17129301607105113,True
GBPUSD,買い,1,2021-03-25 13:00:00,2021-03-25 17:00:00,1.3736562429853747,2021-03-29 09:00:00,1.3789728558800765,トレイル,trail,11,0.0037606007563659094,1.366135041472643,1.379039098865451,0.0053166128947017555,0.7068834528235739,2.9313819064585096,0.16918652805612633,True
EURUSD,売り,-1,2021-03-29 01:00:00,2021-03-29 05:00:00,1.1766236775031447,2021-03-29 21:00:00,1.1770563224968553,時間切れ,time,4,0.0023164264667741566,1.1812565304366929,1.1812565304366929,-0.00043264499371065135,-0.09338629995735426,0.23470527165137242,1.1380989358693663,False
EURUSD,売り,-1,2021-03-30 01:00:00,2021-03-30 05:00:00,1.1745836775031446,2021-03-31 01:00:00,1.1738088094291836,トレイル,trail,6,0.0022483246215521976,1.179080326746249,1.1737824869323283,0.0007748680739609881,0.1723212178822369,1.856350040886559,0.18072234452284403,True
USDJPY,買い,1,2021-03-29 17:00:00,2021-03-29 21:00:00,109.85079265018453,2021-03-31 01:00:00,110.66781881305242,トレイル,trail,8,0.19692569117537312,109.45694126783378,110.66961146323695,0.8170261628678901,2.0744529522567055,5.658009085382416,0.10558627500773955,True
AUDUSD,買い,1,2021-03-26 09:00:00,2021-03-26 13:00:00,0.7629442521179044,2021-03-31 21:00:00,0.7575341114091587,初期損切り,initial,21,0.0026829442954206468,0.7575783635270631,0.7575783635270631,-0.005410140708745681,-1.008246931921009,1.280588601097615,2.0000000000000044,False
USDCHF,買い,1,2021-03-30 01:00:00,2021-03-30 05:00:00,0.9422063429665702,2021-04-01 05:00:00,0.9438082713500319,トレイル,trail,13,0.002036923788931955,0.9381324953887064,0.9439046143166021,0.001601928383461626,0.39322246422915624,2.333743196117477,0.8966182124702259,True
GBPUSD,売り,-1,2021-03-30 05:00:00,2021-03-30 09:00:00,1.3738737570146253,2021-04-01 09:00:00,1.3814775622995823,初期損切り,initial,13,0.003768781149791155,1.3814113193142077,1.3814113193142077,-0.007603805284956966,-1.0087883831326114,0.8553845093403868,2.0000000000000124,False
USDJPY,売り,-1,2021-04-02 01:00:00,2021-04-02 05:00:00,110.38820734981547,2021-04-04 21:00:00,110.62479265018453,時間切れ,time,4,0.21288869368454927,110.81398473718457,110.81398473718457,-0.23658530036905745,-0.5556549205934368,0.0009739822809749765,1.6994451134197728,False
USDCHF,売り,-1,2021-04-05 05:00:00,2021-04-05 09:00:00,0.9403136570334297,2021-04-06 01:00:00,0.938562417945636,トレイル,trail,5,0.002050716652710431,0.9444150903388506,0.9384660749790658,0.0017512390877937323,0.42698221752847243,2.4009445804821836,0.10549627433137015,True
AUDUSD,買い,1,2021-04-05 09:00:00,2021-04-05 13:00:00,0.7655442521179043,2021-04-06 05:00:00,0.7626757478820956,時間切れ,time,4,0.0024161984400303655,0.7607118552378436,0.7607118552378436,-0.0028685042358087554,-0.5935986441106852,0.22173173909048488,1.4834262196855479,False
GBPUSD,買い,1,2021-04-05 01:00:00,2021-04-05 05:00:00,1.3862562429853746,2021-04-06 05:00:00,1.3853637570146253,トレイル,trail,7,0.0030750941137095557,1.3801060547579556,1.3872373588294358,-0.0008924859707493127,-0.1451152286316022,1.819052298167718,0.7662344299870372,True
USDJPY,売り,-1,2021-04-05 09:00:00,2021-04-05 13:00:00,110.09420734981548,2021-04-06 05:00:00,110.40479265018453,時間切れ,time,4,0.21499192722435126,110.52419120426418,110.52419120426418,-0.3105853003690555,-0.7223185176738041,0.0521291657792495,1.7851491222924711,False
AUDUSD,買い,1,2021-04-06 09:00:00,2021-04-06 13:00:00,0.7661942521179044,2021-04-07 13:00:00,0.7610992659159543,初期損切り,initial,7,0.0025253670420228363,0.7611435180338587,0.7611435180338587,-0.005094986201950036,-1.0087615220219468,0.6120884039325429,1.9999999999999951,False
EURUSD,買い,1,2021-04-01 09:00:00,2021-04-01 13:00:00,1.1773363224968554,2021-04-07 13:00:00,1.1876170530689654,トレイル,trail,25,0.002564416289452802,1.1722074899179498,1.1876433755658207,0.010280730572109986,2.004497205542182,5.5192589289645655,1.3945951410324984,True
USDCHF,売り,-1,2021-04-06 05:00:00,2021-04-06 09:00:00,0.9352236570334298,2021-04-07 13:00:00,0.9303157813733498,トレイル,trail,8,0.0022596256045196677,0.9397429082424691,0.9302194384067796,0.004907875660079997,1.0859931066153925,3.714622907724579,0.31259292033044017,True
USDJPY,売り,-1,2021-04-08 01:00:00,2021-04-08 05:00:00,109.45520734981547,2021-04-08 17:00:00,109.35177753026372,トレイル,trail,4,0.23265658671945788,109.92052052325438,109.34998488007919,0.10342981955174935,0.22228001581676077,1.9522651656673482,0.5191886113681394,True
EURUSD,買い,1,2021-04-08 09:00:00,2021-04-08 13:00:00,1.1921963224968553,2021-04-09 05:00:00,1.1885636775031447,時間切れ,time,4,0.002380506751238697,1.1874353089943779,1.1874353089943779,-0.003632644993710521,-0.7629982548506267,0.05615506155362789,1.6031555024447792,False
GBPUSD,売り,-1,2021-04-07 05:00:00,2021-04-07 09:00:00,1.3761037570146253,2021-04-09 05:00:00,1.3726572736192928,トレイル,trail,12,0.0036873537559455076,1.3834784645265163,1.3725910306339182,0.003446483395332489,0.4673383167773586,2.452641545456045,0.9020677715045374,True
USDCHF,売り,-1,2021-04-08 05:00:00,2021-04-08 09:00:00,0.9262436570334298,2021-04-12 21:00:00,0.9245945181489353,トレイル,trail,16,0.002138783454910012,0.9305212239432499,0.9244981751823651,0.001649138884494472,0.38553199032574775,2.316109666014871,0.9006722780410173,True
EURUSD,買い,1,2021-04-12 05:00:00,2021-04-12 09:00:00,1.1914463224968552,2021-04-13 01:00:00,1.1887136775031446,時間切れ,time,4,0.00219507967834119,1.1870561631401728,1.1870561631401728,-0.00273264499371062,-0.6224477910012964,0.21579057371749727,1.2921273541189517,False
GBPUSD,買い,1,2021-04-12 05:00:00,2021-04-12 09:00:00,1.3767762429853747,2021-04-13 01:00:00,1.3726637570146254,時間切れ,time,4,0.003795472108685424,1.3691852987680038,1.3691852987680038,-0.004112485970749313,-0.5417621119304824,0.03787592439323782,1.1082265565196023,False
AUDUSD,買い,1,2021-04-13 21:00:00,2021-04-14 01:00:00,0.7663442521179044,2021-04-15 01:00:00,0.7707557478820957,トレイル,trail,7,0.002339428517130019,0.7616653950836443,0.771110857224305,0.004411495764191309,0.9428575679677692,3.537508336543747,0.061661263359023666,True
EURUSD,買い,1,2021-04-13 05:00:00,2021-04-13 09:00:00,1.1924863224968554,2021-04-15 09:00:00,1.1957790367204058,トレイル,trail,13,0.002356427188492681,1.18777346811987,1.195805359217261,0.003292714223550375,0.6986666593455412,2.908503830126293,0.06209506390435907,True
AUDUSD,売り,-1,2021-04-18 17:00:00,2021-04-18 21:00:00,0.7714157478820957,2021-04-19 01:00:00,0.7760296441006551,初期損切り,initial,2,0.0022848220503275327,0.7759853919827507,0.7759853919827507,-0.0046138962185594545,-1.0096839309429033,0.33952223193244435,2.000000000000006,False
USDJPY,売り,-1,2021-04-13 09:00:00,2021-04-13 13:00:00,109.18520734981547,2021-04-20 01:00:00,108.35656573621546,トレイル,trail,28,0.253848724020617,109.6929047978567,108.35477308603093,0.8286416136000128,1.632156349804446,4.771374583380202,0.007061883771301067,True
EURUSD,買い,1,2021-04-19 01:00:00,2021-04-19 05:00:00,1.2025563224968554,2021-04-20 05:00:00,1.204205459173422,トレイル,trail,7,0.0025054788864817333,1.1975453647238918,1.2042317816702772,0.0016491366765665205,0.32910608136919617,2.168718137064258,0.42160502830606866,True
GBPUSD,買い,1,2021-04-13 21:00:00,2021-04-14 01:00:00,1.3770362429853746,2021-04-20 05:00:00,1.395685841769348,トレイル,trail,26,0.0034452768301848516,1.370145689325005,1.3957520847547227,0.01864959878397343,2.7065457586136574,6.932318705241418,1.566272683256381,True
USDCHF,売り,-1,2021-04-13 09:00:00,2021-04-13 13:00:00,0.9211836570334297,2021-04-20 05:00:00,0.916320005406908,トレイル,trail,29,0.002215774960225074,0.9256152069538799,0.9162236624403377,0.004863651626521803,1.0975057742388612,3.738492031965315,1.532801402460661,True
AUDUSD,買い,1,2021-04-19 21:00:00,2021-04-20 01:00:00,0.7798042521179044,2021-04-20 09:00:00,0.7747920017724303,初期損切り,initial,3,0.0024839991137848086,0.7748362538903347,0.7748362538903347,-0.005012250345474034,-1.0089074343180806,0.7309776690415106,2.000000000000017,False
EURUSD,売り,-1,2021-04-21 01:00:00,2021-04-21 05:00:00,1.2006036775031448,2021-04-21 21:00:00,1.2037063224968554,時間切れ,time,4,0.002475359374431747,1.2055543962520083,1.2055543962520083,-0.0031026449937106015,-0.6267059695974159,0.2963923181106653,1.37205228943165,False
USDCHF,買い,1,2021-04-21 01:00:00,2021-04-21 05:00:00,0.9185263429665702,2021-04-23 05:00:00,0.9141861138784807,初期損切り,initial,13,0.0021219430607596354,0.9142824568450509,0.9142824568450509,-0.004340229088089509,-1.0227015909031385,0.5012655867632145,1.9999999999999991,False
USDJPY,売り,-1,2021-04-23 05:00:00,2021-04-23 09:00:00,107.51420734981548,2021-04-23 09:00:00,107.98917764302897,初期損切り,initial,1,0.2365888215144825,107.98738499284444,107.98738499284444,-0.47497029321348805,-1.0037885352592901,-0.0,1.9999999999999847,False
EURUSD,買い,1,2021-04-23 05:00:00,2021-04-23 09:00:00,1.2071863224968553,2021-04-26 05:00:00,1.2078263967373861,トレイル,trail,6,0.0025715205105057448,1.2020432814758437,1.2078527192342414,0.000640074240530808,0.12445443034886072,1.7591450212680098,0.9940898726693289,True
AUDUSD,買い,1,2021-04-25 21:00:00,2021-04-26 01:00:00,0.7774242521179043,2021-04-27 21:00:00,0.7725190506301779,初期損切り,initial,12,0.0024304746849110118,0.7725633027480823,0.7725633027480823,-0.0049052014877264405,-1.0091035957253833,1.6604772339949185,2.0000000000000173,False
EURUSD,売り,-1,2021-04-27 01:00:00,2021-04-27 05:00:00,1.2058236775031448,2021-04-27 21:00:00,1.2078763224968554,時間切れ,time,4,0.0023376666458882213,1.2104990107949212,1.2104990107949212,-0.002052644993710606,-0.43903714785875336,0.06146192973981947,1.5555350901939802,False
USDCHF,売り,-1,2021-04-23 13:00:00,2021-04-25 17:00:00,0.9135236570334297,2021-04-28 01:00:00,0.9176262120330727,初期損切り,initial,15,0.00200310601653636,0.9175298690665025,0.9175298690665025,-0.00410255499964296,-1.0240483942873952,0.6707867793004391,2.0,False
USDJPY,買い,1,2021-04-26 21:00:00,2021-04-27 01:00:00,108.22479265018453,2021-04-28 09:00:00,108.71088183355218,トレイル,trail,9,0.24355034417553484,107.73769196183346,108.7126744837367,0.4860891833676533,0.9979234170519435,3.5032073253837916,0.2331864911822376,True
GBPUSD,売り,-1,2021-04-22 05:00:00,2021-04-22 09:00:00,1.3868137570146253,2021-04-28 13:00:00,1.3939549044880766,初期損切り,initial,26,0.003537452244038352,1.393888661502702,1.393888661502702,-0.0071411474734512925,-1.00936309253167,1.2562026871498324,1.999999999999994,False
EURUSD,買い,1,2021-04-28 13:00:00,2021-04-28 17:00:00,1.2125663224968553,2021-04-30 09:00:00,1.207107694404684,初期損切り,initial,11,0.002716152797657984,1.2071340169015392,1.2071340169015392,-0.005458628092171347,-1.0048455478789846,0.8960016922624077,2.0000000000000284,False
GBPUSD,売り,-1,2021-04-30 01:00:00,2021-04-30 05:00:00,1.3906737570146255,2021-05-03 01:00:00,1.3851944586199574,トレイル,trail,6,0.003225477089721826,1.3971247111940692,1.3851282156345828,0.005479298394668097,0.8493779745216927,3.219293371425244,0.5289893364338311,True
AUDUSD,売り,-1,2021-04-30 09:00:00,2021-04-30 13:00:00,0.7710557478820956,2021-05-03 09:00:00,0.7765243197445496,初期損切り,initial,6,0.0027121598722747962,0.7764800676266452,0.7764800676266452,-0.005468571862453975,-1.0081580953904583,0.5367485512108429,2.0000000000000027,False
USDCHF,売り,-1,2021-04-28 13:00:00,2021-04-28 17:00:00,0.9099936570334297,2021-05-04 01:00:00,0.9149665791284741,初期損切り,initial,21,0.0024382895642370756,0.9148702361619039,0.9148702361619039,-0.0049729220950444075,-1.0197562602865835,0.8094432516866427,2.0000000000000067,False
EURUSD,売り,-1,2021-05-04 01:00:00,2021-05-04 05:00:00,1.2003136775031447,2021-05-04 21:00:00,1.2019963224968553,時間切れ,time,4,0.002448672172431374,1.2052110218480074,1.2052110218480074,-0.0016826449937106247,-0.34358314940130724,0.16485567471606558,1.3339157987866483,False
AUDUSD,売り,-1,2021-05-04 09:00:00,2021-05-04 13:00:00,0.7695757478820956,2021-05-05 05:00:00,0.7720642521179044,時間切れ,time,4,0.002693229063542244,0.7749622060091801,0.7749622060091801,-0.0024885042358088194,-0.4619926818508036,0.028125302493211244,1.583323221789334,False
EURUSD,売り,-1,2021-05-05 01:00:00,2021-05-05 05:00:00,1.1996436775031447,2021-05-05 21:00:00,1.2000663224968553,時間切れ,time,4,0.0023720695697505563,1.2043878166426458,1.2043878166426458,-0.00042264499371058584,-0.08908781578337743,0.22498391697716294,0.9933614624561932,False
USDCHF,売り,-1,2021-05-06 01:00:00,2021-05-06 05:00:00,0.9103436570334298,2021-05-07 05:00:00,0.9091700603599855,トレイル,trail,7,0.002169144928943509,0.9146819468913168,0.9090737173934152,0.0011735966734442993,0.2705205765148907,2.0854563349223025,0.2149893076980133,True
USDJPY,買い,1,2021-04-30 09:00:00,2021-04-30 13:00:00,109.30579265018453,2021-05-07 05:00:00,108.77710960175487,初期損切り,initial,29,0.2634451991225649,108.7789022519394,108.7789022519394,-0.5286830484296559,-1.0034023208441387,1.4887625628470629,1.9999999999999976,False
AUDUSD,買い,1,2021-05-06 09:00:00,2021-05-06 13:00:00,0.7772842521179044,2021-05-07 09:00:00,0.7793945037871454,トレイル,trail,6,0.002707496063300178,0.7718692599913041,0.7794387559050497,0.002110251669240948,0.3897053993623824,2.295755095030187,0.4373975400950041,True
EURUSD,買い,1,2021-05-06 01:00:00,2021-05-06 05:00:00,1.2039663224968553,2021-05-07 09:00:00,1.2110613303795177,トレイル,trail,8,0.0023548980824181,1.1992565263320192,1.211087652876373,0.007095007882662374,1.5064362945544012,4.524050353892647,0.14706474961319044,True
GBPUSD,買い,1,2021-05-07 05:00:00,2021-05-07 09:00:00,1.3954862429853747,2021-05-11 01:00:00,1.4105010150214128,トレイル,trail,11,0.0034951613288083483,1.388495920327758,1.4105672580067874,0.015014772036038071,2.1479369081308266,5.814826585287995,1.0432259464881153,True
EURUSD,売り,-1,2021-05-10 13:00:00,2021-05-10 17:00:00,1.2129136775031446,2021-05-11 09:00:00,1.2168363224968552,時間切れ,time,4,0.0027733284206209537,1.2184603343443865,1.2184603343443865,-0.0039226449937106445,-0.707208883835034,0.21767256220215045,1.5347343881841737,False
AUDUSD,買い,1,2021-05-10 01:00:00,2021-05-10 05:00:00,0.7872042521179043,2021-05-11 21:00:00,0.7815859496065207,初期損切り,initial,11,0.0027870251967396465,0.7816302017244251,0.7816302017244251,-0.005618302511383622,-1.0079389518896522,0.6802047876400205,1.9999999999999831,False
GBPUSD,買い,1,2021-05-11 09:00:00,2021-05-11 13:00:00,1.4165562429853746,2021-05-12 05:00:00,1.4140737570146253,時間切れ,time,4,0.004038751045819161,1.4084787408937363,1.4084787408937363,-0.002482485970749293,-0.3073333739299326,0.0009302416966983667,1.4326812719403357,False
USDJPY,売り,-1,2021-05-11 05:00:00,2021-05-11 09:00:00,108.56920734981547,2021-05-12 05:00:00,109.05881187042453,初期損切り,initial,6,0.24390593521226678,109.05701922024001,109.05701922024001,-0.48960452060906334,-1.0036748802011926,0.9028371926407825,2.000000000000013,False
EURUSD,売り,-1,2021-05-11 21:00:00,2021-05-12 01:00:00,1.2120336775031446,2021-05-12 09:00:00,1.2130363224968552,トレイル,trail,3,0.0025849530613560015,1.2172035836258566,1.211097429592034,-0.0010026449937106108,-0.19393872343365653,1.8621914552752146,1.0160039406973824,True
USDCHF,買い,1,2021-05-11 05:00:00,2021-05-11 09:00:00,0.9021263429665702,2021-05-12 09:00:00,0.9044675546978858,トレイル,trail,7,0.0022507348903626663,0.8976248731858449,0.904563897664456,0.002341211731315518,0.5200993998316419,2.583003914998164,0.7758990070522644,True
EURUSD,売り,-1,2021-05-13 01:00:00,2021-05-13 05:00:00,1.2062236775031447,2021-05-13 21:00:00,1.2075663224968554,時間切れ,time,4,0.0031724271947614975,1.2125685318926678,1.2125685318926678,-0.0013426449937106177,-0.21161163224292015,0.06735458058660981,1.1903574975939284,False
USDJPY,売り,-1,2021-05-14 01:00:00,2021-05-14 05:00:00,109.27820734981547,2021-05-16 21:00:00,109.43579265018452,時間切れ,time,4,0.2490843554218636,109.7763760606592,109.7763760606592,-0.15758530036904972,-0.3163291811365555,0.3621558233261648,0.8984612855572273,False
GBPUSD,売り,-1,2021-05-12 09:00:00,2021-05-12 13:00:00,1.4057037570146254,2021-05-17 13:00:00,1.4144269277566954,初期損切り,initial,19,0.004328463878347787,1.4143606847713208,1.4143606847713208,-0.008723170742070074,-1.0076520201203325,1.1883562296443941,1.9999999999999747,False
AUDUSD,買い,1,2021-05-14 01:00:00,2021-05-14 05:00:00,0.7744642521179044,2021-05-19 01:00:00,0.7767695312395646,トレイル,trail,18,0.0030041444283539992,0.7684559632611964,0.776813783357469,0.002305279121660231,0.38368313785155067,2.2820966320357554,0.46078081494331774,True
USDCHF,売り,-1,2021-05-14 01:00:00,2021-05-14 05:00:00,0.9023736570334298,2021-05-19 01:00:00,0.8995388752239872,トレイル,trail,18,0.002261688171611352,0.9068970333766525,0.899442532257417,0.0028347818094425214,0.6266959886479103,2.7959897888683822,1.227553383096236,True
EURUSD,買い,1,2021-05-14 01:00:00,2021-05-14 05:00:00,1.2125363224968553,2021-05-19 05:00:00,1.2199553725746233,トレイル,trail,19,0.003038869952347611,1.20645858259216,1.2199816950714786,0.007419050077767997,1.2206922629309254,3.950046461801207,0.732615258884437,True
USDJPY,売り,-1,2021-05-17 09:00:00,2021-05-17 13:00:00,109.11620734981547,2021-05-19 13:00:00,108.90787918295737,トレイル,trail,13,0.2227243551818961,109.56165606017926,108.90608653277285,0.2083281668580952,0.46768160286726673,2.4434119446479867,0.9913269251771611,True
USDCHF,買い,1,2021-05-19 13:00:00,2021-05-19 17:00:00,0.9041763429665702,2021-05-20 09:00:00,0.9007736570334297,時間切れ,time,4,0.0024790442456446016,0.899218254475281,0.899218254475281,-0.0034026859331405257,-0.6862898754466883,0.22736868630724738,1.7814700057609871,False
GBPUSD,買い,1,2021-05-21 01:00:00,2021-05-21 05:00:00,1.4205662429853747,2021-05-23 17:00:00,1.4139802990170123,初期損切り,initial,4,0.003259850491493881,1.4140465420023869,1.4140465420023869,-0.006585943968362429,-1.010160433054755,0.8662228596045808,2.0000000000000178,False
USDCHF,売り,-1,2021-05-20 21:00:00,2021-05-21 01:00:00,0.8964936570334298,2021-05-23 17:00:00,0.8979563429665702,時間切れ,time,4,0.002248236666541981,0.9009901303665138,0.9009901303665138,-0.001462685933140473,-0.3252962543730403,0.49534688674156513,1.5862844955978832,False
USDJPY,売り,-1,2021-05-21 01:00:00,2021-05-21 05:00:00,108.63420734981547,2021-05-23 21:00:00,108.98579265018452,時間切れ,time,4,0.20668660403701217,109.04758055788949,109.04758055788949,-0.35158530036905233,-0.8505275462992575,0.10744455316270751,1.7939849169814952,False
AUDUSD,売り,-1,2021-05-24 01:00:00,2021-05-24 05:00:00,0.7718557478820957,2021-05-24 21:00:00,0.7755642521179044,時間切れ,time,4,0.002674280641947964,0.7772043091659916,0.7772043091659916,-0.0037085042358087073,-0.6933648207368781,0.28259856884173373,1.4786227203978264,False
GBPUSD,買い,1,2021-05-24 21:00:00,2021-05-25 01:00:00,1.4180762429853746,2021-05-25 09:00:00,1.4120118150970975,初期損切り,initial,3,0.002999092451451258,1.412078058082472,1.412078058082472,-0.006064427888277102,-1.0110438385022995,1.0148926930053341,1.9999999999999922,False
EURUSD,買い,1,2021-05-25 01:00:00,2021-05-25 05:00:00,1.2259163224968552,2021-05-25 21:00:00,1.2244936775031448,時間切れ,time,4,0.002490203356609708,1.220935915783636,1.220935915783636,-0.0014226449937104757,-0.2856483567766406,0.2986412740834702,1.3036375074504014,False
USDCHF,売り,-1,2021-05-25 01:00:00,2021-05-25 05:00:00,0.8934736570334297,2021-05-25 21:00:00,0.8956763429665703,時間切れ,time,4,0.002068624370234105,0.8976109057738979,0.8976109057738979,-0.002202685933140547,-0.5324035539838656,0.19996720496092646,1.9270501807532936,False
AUDUSD,買い,1,2021-05-25 21:00:00,2021-05-26 01:00:00,0.7791742521179044,2021-05-26 09:00:00,0.7742256795224604,初期損切り,initial,3,0.0024521602387698248,0.7742699316403647,0.7742699316403647,-0.004948572595444012,-1.0090230885414246,0.09206081989522352,1.9999999999999947,False
GBPUSD,売り,-1,2021-05-26 17:00:00,2021-05-26 21:00:00,1.4105037570146255,2021-05-27 05:00:00,1.4167021337539,初期損切り,initial,3,0.0030660668769499936,1.4166358907685255,1.4166358907685255,-0.006198376739274591,-1.0108025995572054,0.43174433818684865,1.9999999999999982,False
EURUSD,売り,-1,2021-05-28 05:00:00,2021-05-28 09:00:00,1.2134736775031447,2021-05-28 09:00:00,1.2188597690229288,初期損切り,initial,1,0.0026798845114643817,1.2188334465260735,1.2188334465260735,-0.005386091519784086,-1.0049111252262395,-0.0,2.0000000000000075,False
USDCHF,買い,1,2021-05-26 09:00:00,2021-05-26 13:00:00,0.8976063429665703,2021-05-28 09:00:00,0.8997069794017596,トレイル,trail,12,0.002131118421113448,0.8933441061243433,0.8998033223683298,0.002100636435189318,0.49284835942898847,2.530904420887003,0.7068321270402427,True
USDJPY,買い,1,2021-05-26 09:00:00,2021-05-26 13:00:00,109.09179265018453,2021-05-28 09:00:00,109.92192674816644,トレイル,trail,12,0.18352040109934922,108.72475184798583,109.92371939835097,0.8301340979819116,2.261694321201152,6.033156767220003,0.2876663840547579,True
AUDUSD,売り,-1,2021-05-28 05:00:00,2021-05-28 09:00:00,0.7680557478820956,2021-05-30 21:00:00,0.7729257198793117,初期損切り,initial,4,0.0024128599396558603,0.7728814677614073,0.7728814677614073,-0.0048699719972160604,-1.0091700552479335,0.006526645760437612,1.9999999999999853,False
GBPUSD,買い,1,2021-05-27 09:00:00,2021-05-27 13:00:00,1.4178562429853747,2021-06-01 01:00:00,1.4196981786329914,トレイル,trail,16,0.003443718921089355,1.4109688051431961,1.419764421618366,0.0018419356476166993,0.26743408649536904,2.0541040592208573,1.2214245940966857,True
EURUSD,買い,1,2021-05-31 09:00:00,2021-05-31 13:00:00,1.2228563224968554,2021-06-01 05:00:00,1.2229636775031447,時間切れ,time,4,0.002656775518017682,1.21754277146082,1.21754277146082,0.00010735500628933359,0.02020400398175814,0.4906991555377065,0.5669739451601741,False
GBPUSD,売り,-1,2021-06-01 05:00:00,2021-06-01 09:00:00,1.4159137570146254,2021-06-02 01:00:00,1.4148762429853745,時間切れ,time,4,0.003448721432107205,1.4228111998788397,1.4228111998788397,0.0010375140292508966,0.15042009766166656,0.38383993624459356,0.9644858394208663,False
USDCHF,売り,-1,2021-06-01 09:00:00,2021-06-01 13:00:00,0.8960336570334297,2021-06-02 01:00:00,0.9001622109756898,初期損切り,initial,4,0.002016105487844896,0.9000658680091196,0.9000658680091196,-0.0041285539422600825,-1.0238933347364865,-0.0,2.0000000000000253,False
EURUSD,売り,-1,2021-06-01 13:00:00,2021-06-01 17:00:00,1.2212936775031447,2021-06-02 09:00:00,1.2201061875826062,トレイル,trail,5,0.0024532433905006808,1.226200164284146,1.220079865085751,0.0011874899205384093,0.24202448178125027,1.994778635537661,0.5610215856219516,True
AUDUSD,売り,-1,2021-06-02 01:00:00,2021-06-02 05:00:00,0.7720357478820956,2021-06-02 21:00:00,0.7752042521179043,時間切れ,time,4,0.002297867146991476,0.7766314821760786,0.7766314821760786,-0.0031685042358087223,-0.6894446095278275,0.23315006822613185,1.551113223656513,False
USDJPY,売り,-1,2021-05-31 09:00:00,2021-05-31 13:00:00,109.48020734981547,2021-06-03 05:00:00,109.89653451620644,初期損切り,initial,17,0.20726725810322258,109.89474186602192,109.89474186602192,-0.4163271663909711,-1.0043244895525978,0.7150543273056146,1.9999999999999964,False
AUDUSD,売り,-1,2021-06-03 05:00:00,2021-06-03 09:00:00,0.7695957478820956,2021-06-04 05:00:00,0.7680739308316022,トレイル,trail,6,0.0023131191424652377,0.7742219861670261,0.7680296787136979,0.0015218170504933681,0.3289534513279483,2.1770378315786547,0.17476493557247777,True
EURUSD,売り,-1,2021-06-03 05:00:00,2021-06-03 09:00:00,1.2158036775031447,2021-06-04 05:00:00,1.2140992161930417,トレイル,trail,6,0.002428595797457744,1.22066086909806,1.2140728936961864,0.0017044613101029338,0.35091498385346076,2.2126685341257444,0.17142519034712214,True
GBPUSD,売り,-1,2021-06-03 09:00:00,2021-06-03 13:00:00,1.4098137570146254,2021-06-04 05:00:00,1.4127562429853746,時間切れ,time,4,0.003445088572100825,1.416703934158827,1.416703934158827,-0.002942485970749198,-0.4270551988965064,0.4481037228265265,0.9800163086418677,False
USDCHF,買い,1,2021-06-03 09:00:00,2021-06-03 13:00:00,0.9048063429665703,2021-06-04 05:00:00,0.9042936570334298,時間切れ,time,4,0.002086209959070353,0.9006339230484296,0.9006339230484296,-0.0005126859331404665,-0.12287496062211475,0.2797690764020035,0.7795682114828913,False
AUDUSD,買い,1,2021-06-07 05:00:00,2021-06-07 09:00:00,0.7762442521179044,2021-06-08 01:00:00,0.7743157478820957,時間切れ,time,4,0.0023212490432609513,0.7716017540313824,0.7716017540313824,-0.0019285042358087034,-0.41540226831919125,0.13602499180875516,0.872052968112648,False
EURUSD,買い,1,2021-06-07 09:00:00,2021-06-07 13:00:00,1.2195263224968553,2021-06-08 05:00:00,1.2175936775031446,時間切れ,time,4,0.0024648632819083134,1.2145965959330387,1.2145965959330387,-0.0019326449937107082,-0.39203898404751314,0.1556587361095637,1.2521272557015468,False
USDCHF,売り,-1,2021-06-07 09:00:00,2021-06-07 13:00:00,0.8971336570334297,2021-06-08 05:00:00,0.8970463429665703,時間切れ,time,4,0.0020020971035427135,0.9011378512405152,0.9011378512405152,8.731406685946741e-05,0.021805652359459752,0.21160663620164252,0.9022254531880112,False
EURUSD,買い,1,2021-06-09 05:00:00,2021-06-09 09:00:00,1.2195063224968552,2021-06-10 01:00:00,1.2156728167289519,初期損切り,initial,5,0.0019035916355240564,1.2156991392258072,1.2156991392258072,-0.0038335057679033113,-1.0069139032668506,1.2101742097173398,1.9999999999999456,False
AUDUSD,売り,-1,2021-06-09 09:00:00,2021-06-09 13:00:00,0.7730157478820956,2021-06-10 05:00:00,0.7739542521179044,時間切れ,time,4,0.0019230359309608174,0.7768618197440172,0.7768618197440172,-0.0009385042358087681,-0.2440163027374787,0.4241979408507567,0.667825336608628,False
USDCHF,売り,-1,2021-06-09 05:00:00,2021-06-09 09:00:00,0.8946336570334298,2021-06-10 05:00:00,0.8980007500921797,初期損切り,initial,6,0.0016353750460898538,0.8979044071256095,0.8979044071256095,-0.003367093058749937,-1.029455924132077,1.2313120701238696,1.9999999999999936,False
GBPUSD,売り,-1,2021-06-09 09:00:00,2021-06-09 13:00:00,1.4112937570146253,2021-06-10 13:00:00,1.4177138161723972,初期損切り,initial,7,0.003176908086198583,1.4176475731870226,1.4176475731870226,-0.006420059157771885,-1.0104257006462507,1.2508253014585458,2.000000000000034,False
USDCHF,売り,-1,2021-06-10 21:00:00,2021-06-11 01:00:00,0.8936536570334298,2021-06-11 05:00:00,0.8973875364403372,初期損切り,initial,2,0.00181876822016858,0.897291193473767,0.897291193473767,-0.003733879406907392,-1.0264857735861752,0.183452201182004,1.9999999999999958,False
AUDUSD,売り,-1,2021-06-11 09:00:00,2021-06-11 13:00:00,0.7699557478820956,2021-06-14 05:00:00,0.7709242521179044,時間切れ,time,4,0.002235024282240198,0.774425796446576,0.774425796446576,-0.0009685042358087426,-0.21666526030714894,0.2665509662823312,0.7088299355371842,False
USDJPY,売り,-1,2021-06-04 09:00:00,2021-06-04 13:00:00,109.49320734981548,2021-06-14 09:00:00,109.93361658792114,初期損切り,initial,36,0.21930829396056348,109.93182393773661,109.93182393773661,-0.4404092381056586,-1.0040870551499843,1.3780023744556555,2.0000000000000226,False
GBPUSD,売り,-1,2021-06-14 01:00:00,2021-06-14 05:00:00,1.4082537570146254,2021-06-14 21:00:00,1.4112762429853747,時間切れ,time,4,0.002939973318914179,1.4141337036524537,1.4141337036524537,-0.003022485970749278,-0.5140328912688182,0.12372799857913931,1.403496745643429,False
USDCHF,売り,-1,2021-06-15 01:00:00,2021-06-15 05:00:00,0.8976636570334298,2021-06-15 21:00:00,0.8987263429665703,時間切れ,time,4,0.0016978963548049404,0.9010594497430396,0.9010594497430396,-0.001062685933140517,-0.312941932566491,-0.0,1.8413037743575231,False
GBPUSD,売り,-1,2021-06-15 05:00:00,2021-06-15 09:00:00,1.4067637570146254,2021-06-16 01:00:00,1.4088762429853745,時間切れ,time,4,0.0029209364118228287,1.412605629838271,1.412605629838271,-0.0021124859707490895,-0.36161108509561485,0.042368951999298674,0.9264984251011945,False
USDJPY,売り,-1,2021-06-16 01:00:00,2021-06-16 05:00:00,109.93620734981548,2021-06-16 13:00:00,110.24237870514555,初期損切り,initial,3,0.15218935257277783,110.24058605496103,110.24058605496103,-0.3061713553300791,-1.0058895387693636,0.8621322556236303,1.999999999999979,False
AUDUSD,売り,-1,2021-06-15 01:00:00,2021-06-15 05:00:00,0.7691757478820956,2021-06-16 21:00:00,0.7626213516336939,トレイル,trail,11,0.0018780663438597472,0.7729318805698151,0.7625770995157896,0.006554396248401706,1.7449852796284346,5.013533154928211,1.2588757184399684,True
EURUSD,売り,-1,2021-06-11 05:00:00,2021-06-11 09:00:00,1.2128436775031446,2021-06-18 05:00:00,1.1919982465860222,トレイル,trail,30,0.0022812827261112817,1.2174062429553671,1.1919719240891669,0.02084543091712243,4.568796028332699,10.649130519896612,0.8312527312595963,True
GBPUSD,売り,-1,2021-06-16 13:00:00,2021-06-16 17:00:00,1.3989237570146253,2021-06-18 05:00:00,1.3905931644846434,トレイル,trail,10,0.003371280999512581,1.4056663190136505,1.3905269214992688,0.008330592529981917,1.2355233116412354,3.9906958264738264,0.5802669625158478,True
AUDUSD,売り,-1,2021-06-17 21:00:00,2021-06-18 01:00:00,0.7533357478820957,2021-06-20 21:00:00,0.7516670304278659,トレイル,trail,6,0.0026685188733076674,0.758672785628711,0.7516227783099615,0.0016687174542298067,0.3126673509641338,2.1419177279458292,0.6611353344926894,True
USDJPY,売り,-1,2021-06-18 01:00:00,2021-06-18 05:00:00,110.13720734981547,2021-06-20 21:00:00,110.23279265018452,時間切れ,time,4,0.21070254812202097,110.55861244605951,110.55861244605951,-0.0955853003690521,-0.2268252121794399,0.4518566607952531,1.6506333373012576,False
USDCHF,買い,1,2021-06-16 13:00:00,2021-06-16 17:00:00,0.9087763429665703,2021-06-21 05:00:00,0.9207126881943566,トレイル,trail,16,0.002213979226048781,0.9043483845144727,0.9208090311609268,0.011936345227786305,2.6956768806473232,6.934869511323696,0.5313252051916056,True
AUDUSD,買い,1,2021-06-21 09:00:00,2021-06-21 13:00:00,0.7536542521179044,2021-06-22 05:00:00,0.7499057478820956,時間切れ,time,4,0.003060116899617684,0.7475340183186691,0.7475340183186691,-0.0037485042358087473,-0.6124772939682577,0.3090561286118933,1.3640825677038197,False
USDJPY,買い,1,2021-06-22 05:00:00,2021-06-22 09:00:00,110.69579265018453,2021-06-24 01:00:00,110.76367300897488,トレイル,trail,11,0.23435622722706678,110.2270801957304,110.7654656591594,0.06788035879034737,0.1448230320002941,1.7972953174714197,0.4599521483169106,True
GBPUSD,買い,1,2021-06-22 13:00:00,2021-06-22 17:00:00,1.3953962429853746,2021-06-25 13:00:00,1.3871586695499944,初期損切り,initial,18,0.004085665225002764,1.387224912535369,1.387224912535369,-0.008237573435380119,-1.0081067563941861,1.1537306056744303,1.9999999999999953,False
USDJPY,売り,-1,2021-06-25 05:00:00,2021-06-25 09:00:00,110.53620734981547,2021-06-28 01:00:00,110.65479265018453,時間切れ,time,4,0.19495030675437416,110.92610796332421,110.92610796332421,-0.11858530036906245,-0.3041423795205229,0.2780572686339435,1.7532296095084814,False
AUDUSD,買い,1,2021-06-22 13:00:00,2021-06-22 17:00:00,0.7552842521179044,2021-06-28 05:00:00,0.7573639834995032,トレイル,trail,22,0.002861176255061652,0.7495618996077811,0.7574082356174076,0.0020797313815987817,0.363439927533225,2.2423462625714405,0.5257460512064744,True
USDCHF,売り,-1,2021-06-23 05:00:00,2021-06-23 09:00:00,0.9168136570334298,2021-06-28 05:00:00,0.9210092664494925,初期損切り,initial,18,0.002049633224746282,0.9209129234829223,0.9209129234829223,-0.004195609416062784,-1.0235024894715363,1.2410303476343227,1.9999999999999907,False
EURUSD,買い,1,2021-06-22 09:00:00,2021-06-22 13:00:00,1.1934763224968552,2021-06-29 05:00:00,1.1879824692555239,初期損切り,initial,29,0.0027337653722380485,1.1880087917523792,1.1880087917523792,-0.005493853241331337,-1.0048143299206564,1.493792241505194,1.9999999999999771,False
USDCHF,買い,1,2021-06-29 05:00:00,2021-06-29 09:00:00,0.9228563429665703,2021-06-30 01:00:00,0.9213736570334298,時間切れ,time,4,0.0019257558802301077,0.9190048312061101,0.9190048312061101,-0.001482685933140493,-0.3849620682355978,0.23557348991477176,1.576701905855005,False
AUDUSD,売り,-1,2021-06-28 21:00:00,2021-06-29 01:00:00,0.7551557478820956,2021-07-01 05:00:00,0.7506511009834238,トレイル,trail,14,0.0019912325770130093,0.7591382130361216,0.7506068488655194,0.004504646898671805,1.1311202294181768,3.7844639391144423,0.6650414086188298,True
EURUSD,売り,-1,2021-06-30 09:00:00,2021-06-30 13:00:00,1.1848136775031446,2021-07-01 05:00:00,1.1844863224968554,時間切れ,time,4,0.0022511672067004715,1.1893160119165456,1.1893160119165456,0.00032735500628922054,0.07270783914115019,0.47694258336246037,0.5847288877242687,False
GBPUSD,売り,-1,2021-06-28 17:00:00,2021-06-28 21:00:00,1.3863037570146255,2021-07-01 09:00:00,1.3815488120255648,トレイル,trail,16,0.003315046026793575,1.3929338490682126,1.3814825690401902,0.004754944989060705,0.717176315295364,2.9543351541632883,0.49056422512105285,True
AUDUSD,売り,-1,2021-07-02 01:00:00,2021-07-02 05:00:00,0.7452257478820956,2021-07-02 05:00:00,0.7492053567414042,初期損切り,initial,1,0.001967678370702118,0.7491611046234998,0.7491611046234998,-0.003979608859308592,-1.011244753858977,-0.0,1.9999999999999902,False
USDJPY,買い,1,2021-06-30 09:00:00,2021-06-30 13:00:00,111.09079265018453,2021-07-02 05:00:00,111.34462821581027,トレイル,trail,11,0.2083860893368022,110.67402047151091,111.3464208659948,0.2538355656257494,0.6090511282053234,2.7267047988847306,0.3205235550851543,True
EURUSD,売り,-1,2021-07-02 01:00:00,2021-07-02 05:00:00,1.1827636775031447,2021-07-02 13:00:00,1.186985254368829,初期損切り,initial,3,0.002097627184414541,1.1869589318719738,1.1869589318719738,-0.004221576865684362,-1.00627435062123,0.9981170718518098,1.9999999999999896,False
USDCHF,買い,1,2021-06-30 05:00:00,2021-06-30 09:00:00,0.9242463429665703,2021-07-02 13:00:00,0.9203650270177346,初期損切り,initial,14,0.00189248649113273,0.9204613699843048,0.9204613699843048,-0.003881315948835673,-1.0254540698233856,1.6981135920849717,1.9999999999999858,False
AUDUSD,買い,1,2021-07-02 13:00:00,2021-07-04 17:00:00,0.7526442521179044,2021-07-05 09:00:00,0.7525557478820957,時間切れ,time,4,0.002267379511819441,0.7481094930942656,0.7481094930942656,-8.850423580875066e-05,-0.019516855327349043,0.4920869560121589,0.7692810616008208,False
GBPUSD,買い,1,2021-07-05 01:00:00,2021-07-05 05:00:00,1.3851462429853747,2021-07-05 21:00:00,1.3856937570146255,時間切れ,time,4,0.0033641522727375925,1.3784179384398996,1.3784179384398996,0.0005475140292507952,0.0813747394384817,0.3072860354754529,0.409090574326123,False
USDJPY,売り,-1,2021-07-05 01:00:00,2021-07-05 05:00:00,110.89920734981547,2021-07-05 21:00:00,110.86579265018453,時間切れ,time,4,0.20938029017977916,111.31796793017503,111.31796793017503,0.03341469963093857,0.07979428150149155,0.48814217292236406,0.48138556928155624,False
AUDUSD,買い,1,2021-07-05 17:00:00,2021-07-05 21:00:00,0.7542842521179044,2021-07-06 05:00:00,0.7568045290523499,トレイル,trail,3,0.00203414588649717,0.75021596034491,0.7568487811702542,0.0025202769344454534,0.6194926704065971,2.7607399839772677,0.1692366905390201,True
USDJPY,売り,-1,2021-07-06 01:00:00,2021-07-06 05:00:00,110.79020734981547,2021-07-07 01:00:00,110.6721253724922,トレイル,trail,6,0.1822218148717765,111.15465097955902,110.67033272230768,0.1180819773232713,0.32400614988485793,2.1578500361888966,0.32813113087801,True
USDCHF,買い,1,2021-07-06 01:00:00,2021-07-06 05:00:00,0.9235063429665702,2021-07-08 01:00:00,0.9193957840160611,初期損切り,initial,12,0.0020071079919694026,0.9194921269826314,0.9194921269826314,-0.004110558950509047,-1.0240004441603834,1.6310318361184428,2.000000000000001,False
EURUSD,売り,-1,2021-07-07 09:00:00,2021-07-07 13:00:00,1.1800136775031447,2021-07-08 05:00:00,1.1844915587379479,初期損切り,initial,5,0.002225779368973985,1.1844652362410926,1.1844652362410926,-0.004477881234803194,-1.0059130966038556,0.7429655994641085,1.999999999999965,False
AUDUSD,売り,-1,2021-07-08 01:00:00,2021-07-08 05:00:00,0.7437557478820956,2021-07-09 13:00:00,0.7491981196110954,初期損切り,initial,9,0.002699059805547681,0.749153867493191,0.749153867493191,-0.005442371728999751,-1.0081976912503814,1.0284128852537329,2.0000000000000053,False
GBPUSD,買い,1,2021-07-09 05:00:00,2021-07-09 09:00:00,1.3840662429853745,2021-07-12 01:00:00,1.385672737269379,トレイル,trail,5,0.003647346496830998,1.3767715499917126,1.3857389802547535,0.0016064942840043894,0.22022781293197594,1.9586175924970153,0.4705456382785948,True
USDJPY,売り,-1,2021-07-08 01:00:00,2021-07-08 05:00:00,109.85020734981548,2021-07-12 09:00:00,110.34993507265412,初期損切り,initial,14,0.24896753632705795,110.34814242246959,110.34814242246959,-0.4997277228386423,-1.003600168541997,1.2700746229021729,1.999999999999999,False
EURUSD,買い,1,2021-07-09 05:00:00,2021-07-09 09:00:00,1.1868863224968553,2021-07-13 05:00:00,1.182268288441994,初期損切り,initial,12,0.0022958557790030147,1.1822946109388492,1.1822946109388492,-0.004618034054861386,-1.00573261114572,0.5373497387891092,2.000000000000024,False
AUDUSD,売り,-1,2021-07-13 05:00:00,2021-07-13 09:00:00,0.7430357478820956,2021-07-14 01:00:00,0.7454442521179043,時間切れ,time,4,0.002575888462423124,0.7481875248069418,0.7481875248069418,-0.0024085042358087394,-0.46750941877799185,0.1303425544209024,1.8107352806405321,False
GBPUSD,売り,-1,2021-07-13 05:00:00,2021-07-13 09:00:00,1.3805637570146254,2021-07-14 01:00:00,1.3821662429853747,時間切れ,time,4,0.003675697279543166,1.3879151515737118,1.3879151515737118,-0.001602485970749301,-0.21798394275663338,0.11800672950935857,1.3701462885432334,False
USDCHF,買い,1,2021-07-13 05:00:00,2021-07-13 09:00:00,0.9196663429665702,2021-07-14 01:00:00,0.9182736570334298,時間切れ,time,4,0.0019766061334177934,0.9157131306997347,0.9157131306997347,-0.0013926859331404584,-0.3522922219036967,0.19409887834679856,1.9965246995093306,False
USDJPY,買い,1,2021-07-12 21:00:00,2021-07-13 01:00:00,110.42979265018452,2021-07-14 09:00:00,110.01185629143028,初期損切り,initial,9,0.20807185428486288,110.0136489416148,110.0136489416148,-0.41793635875424684,-1.0043077671189176,1.2986251828445223,1.9999999999999731,False
USDCHF,売り,-1,2021-07-15 01:00:00,2021-07-15 05:00:00,0.9121536570334298,2021-07-15 05:00:00,0.9164380899808652,初期損切り,initial,1,0.0020940449904326124,0.9163417470142949,0.9163417470142949,-0.004284432947435413,-1.0230040345385043,-0.0,1.9999999999999751,False
AUDUSD,売り,-1,2021-07-15 09:00:00,2021-07-15 13:00:00,0.7423957478820956,2021-07-16 05:00:00,0.7443042521179044,時間切れ,time,4,0.002694030572762706,0.747783809027621,0.747783809027621,-0.0019085042358087945,-0.35420983249118054,0.4883938198022616,0.7068413169311414,False
USDJPY,買い,1,2021-07-16 05:00:00,2021-07-16 09:00:00,110.31979265018452,2021-07-18 17:00:00,109.86891990548303,初期損切り,initial,3,0.22454004725848384,109.87071255566755,109.87071255566755,-0.4508727447014991,-1.0039918273074642,0.10335505892524995,2.000000000000021,False
USDCHF,買い,1,2021-07-16 05:00:00,2021-07-16 09:00:00,0.9200363429665702,2021-07-19 01:00:00,0.9190336570334298,時間切れ,time,4,0.0021409086357752206,0.9157545256950198,0.9157545256950198,-0.001002685933140457,-0.2341729853355899,0.13716467322456702,0.7503089761645042,False
AUDUSD,売り,-1,2021-07-16 13:00:00,2021-07-18 17:00:00,0.7397957478820957,2021-07-19 09:00:00,0.7367950277322913,トレイル,trail,5,0.002607183742924628,0.7450101153679449,0.736750775614387,0.003000720149804348,0.5754715520046676,2.667916252919316,0.016973148909994042,True
EURUSD,売り,-1,2021-07-19 01:00:00,2021-07-19 05:00:00,1.1772836775031448,2021-07-19 09:00:00,1.1816740992150756,初期損切り,initial,2,0.0021820496075377702,1.1816477767182203,1.1816477767182203,-0.004390421711930825,-1.0060315990902213,0.41872444145569016,1.999999999999992,False
USDJPY,売り,-1,2021-07-19 05:00:00,2021-07-19 09:00:00,109.47420734981547,2021-07-19 13:00:00,109.41619660236053,トレイル,trail,2,0.23226930145067054,109.93874595271681,109.414403952176,0.05801074745494361,0.1248782062300729,1.7574743940157118,0.44255805456218206,True
USDCHF,売り,-1,2021-07-19 09:00:00,2021-07-19 13:00:00,0.9176836570334298,2021-07-20 05:00:00,0.9184363429665703,時間切れ,time,4,0.0021380686959935244,0.9219597944254169,0.9219597944254169,-0.0007526859331404845,-0.17602005364722953,0.22621211111509112,0.8682335464939831,False
GBPUSD,売り,-1,2021-07-16 09:00:00,2021-07-16 13:00:00,1.3777637570146255,2021-07-20 13:00:00,1.3632551572880547,トレイル,trail,13,0.003992609535120052,1.3857489760848656,1.36318891430268,0.014508599726570814,1.8169319587790047,5.150455318443059,0.1818968218620595,True
GBPUSD,買い,1,2021-07-21 09:00:00,2021-07-21 13:00:00,1.3699062429853746,2021-07-23 01:00:00,1.3724611387950196,トレイル,trail,10,0.004128412146403756,1.361649418692567,1.3725273817803942,0.0025548958096450747,0.30942838542302936,2.1349024036524598,0.1977135412910903,True
AUDUSD,買い,1,2021-07-21 09:00:00,2021-07-21 13:00:00,0.7350842521179044,2021-07-23 09:00:00,0.7357693649200794,トレイル,trail,12,0.0026975886413441205,0.7296890748352162,0.7358136170379838,0.0006851128021749808,0.126986151942279,1.7703766278152626,0.3277935354383181,True
USDCHF,買い,1,2021-07-23 01:00:00,2021-07-23 05:00:00,0.9205663429665703,2021-07-26 09:00:00,0.9164819522845062,初期損切り,initial,8,0.001994023857746868,0.9165782952510765,0.9165782952510765,-0.00408439068206401,-1.0241579272474541,0.8293065436530567,2.000000000000017,False
USDJPY,買い,1,2021-07-23 01:00:00,2021-07-23 05:00:00,110.48679265018453,2021-07-27 01:00:00,110.05935646512,初期損切り,initial,12,0.21282176744000078,110.06114911530453,110.06114911530453,-0.4274361850645221,-1.0042116231955125,0.5084411764693141,1.9999999999999711,False
EURUSD,買い,1,2021-07-26 09:00:00,2021-07-26 13:00:00,1.1812463224968552,2021-07-27 05:00:00,1.1777436775031447,時間切れ,time,4,0.0023326028705322843,1.1765811167557907,1.1765811167557907,-0.0035026449937105575,-0.7508018269975114,0.03587301730690988,1.8161353354969716,False
AUDUSD,売り,-1,2021-07-28 05:00:00,2021-07-28 09:00:00,0.7331957478820956,2021-07-28 13:00:00,0.7378914611118188,初期損切り,initial,2,0.002325730555909406,0.7378472089939144,0.7378472089939144,-0.004695713229723175,-1.009513595156568,0.36794798946992485,1.9999999999999947,False
GBPUSD,買い,1,2021-07-26 05:00:00,2021-07-26 09:00:00,1.3779362429853745,2021-07-28 13:00:00,1.3843832251820265,トレイル,trail,14,0.003387021221732576,1.3711622005419093,1.384449468167401,0.0064469821966519625,0.9517186008882036,3.4229950908588624,0.3620417189908165,True
EURUSD,買い,1,2021-07-28 13:00:00,2021-07-28 17:00:00,1.1844663224968552,2021-07-30 09:00:00,1.1865383317619598,トレイル,trail,11,0.0028635638274566062,1.1787391948419421,1.186564654258815,0.002072009265104535,0.36178855963285383,2.2327693351342552,0.15586259770978705,True
USDCHF,売り,-1,2021-07-27 05:00:00,2021-07-27 09:00:00,0.9141536570334298,2021-07-30 09:00:00,0.9072370110305245,トレイル,trail,19,0.002127112042636099,0.918407881118702,0.9071406680639542,0.006916646002905313,1.6258302017635173,4.796953253475304,1.2252965120446824,True
USDCHF,売り,-1,2021-08-03 05:00:00,2021-08-03 09:00:00,0.9027236570334297,2021-08-04 01:00:00,0.9038163429665702,時間切れ,time,4,0.0017999789708415244,0.9063236149751127,0.9063236149751127,-0.0010926859331404914,-0.30352741638688147,0.057587913586166266,1.1702042083222515,False
USDJPY,売り,-1,2021-07-29 09:00:00,2021-07-29 13:00:00,109.52620734981548,2021-08-04 09:00:00,109.12603367027822,トレイル,trail,24,0.2414940133957943,110.00919537660707,109.12424102009369,0.4001736795372608,0.8285374736834573,3.1644981135121903,1.2496899858544472,True
AUDUSD,買い,1,2021-07-28 21:00:00,2021-07-29 01:00:00,0.7379842521179044,2021-08-04 13:00:00,0.7379357478820956,トレイル,trail,28,0.002554148021848405,0.7328759560742076,0.7388287779672273,-4.850423580882168e-05,-0.009495188883712341,1.8306487494455355,1.9827559227516751,True
GBPUSD,買い,1,2021-08-04 05:00:00,2021-08-04 09:00:00,1.3939662429853745,2021-08-04 21:00:00,1.3881003147046336,初期損切り,initial,4,0.0028998426476831707,1.3881665576900082,1.3881665576900082,-0.005865928280740951,-1.0114218241164799,0.6151220018957417,2.0,False
USDJPY,買い,1,2021-08-05 17:00:00,2021-08-05 21:00:00,109.86779265018453,2021-08-09 09:00:00,110.02863012525282,トレイル,trail,10,0.21705148304177,109.43368968410098,110.03042277543734,0.16083747506829127,0.3705053584852476,2.2492698182648043,0.773054612818439,True
EURUSD,売り,-1,2021-08-03 13:00:00,2021-08-03 17:00:00,1.1863736775031446,2021-08-11 05:00:00,1.173616109269013,トレイル,trail,34,0.0019865245147718123,1.1903467265326881,1.1735897867721576,0.012757568234131655,3.2110271328811386,7.935304792830814,1.8153928985214114,True
GBPUSD,売り,-1,2021-08-06 09:00:00,2021-08-06 13:00:00,1.3865537570146254,2021-08-11 05:00:00,1.3853481048108534,トレイル,trail,17,0.003014574550319104,1.3925829061152635,1.3852818618254787,0.0012056522037720008,0.19997054039422876,1.9219153210233517,0.9706984970947029,True
USDCHF,買い,1,2021-08-04 09:00:00,2021-08-04 13:00:00,0.9063963429665702,2021-08-11 05:00:00,0.9209693831347816,トレイル,trail,29,0.00210951593243208,0.9021773111017061,0.9210657261013518,0.01457304016821137,3.4541194840396345,8.453909619383237,0.5860789897637221,True
USDJPY,買い,1,2021-08-10 01:00:00,2021-08-10 05:00:00,110.49079265018453,2021-08-11 05:00:00,110.54064647960514,トレイル,trail,7,0.17237391347355294,110.14604482323743,110.54243912978967,0.04985382942061278,0.14460955377758417,1.7996188841130278,0.5267192021979329,True
EURUSD,買い,1,2021-08-11 09:00:00,2021-08-11 13:00:00,1.1748563224968553,2021-08-12 05:00:00,1.1746736775031448,時間切れ,time,4,0.001833425568529456,1.1711894713597963,1.1711894713597963,-0.00018264499371056786,-0.04980976507736356,0.28562790447216063,0.8597690159407838,False
GBPUSD,買い,1,2021-08-11 09:00:00,2021-08-11 13:00:00,1.3879962429853747,2021-08-12 05:00:00,1.3862537570146254,時間切れ,time,4,0.002963259790791455,1.3820697234037918,1.3820697234037918,-0.00174248597074933,-0.2940150533146354,0.2712408196956103,0.8221496451123241,False
EURUSD,買い,1,2021-08-13 05:00:00,2021-08-13 09:00:00,1.1766163224968553,2021-08-16 01:00:00,1.1779534190011525,トレイル,trail,5,0.001666839001328145,1.173282644494199,1.1779797414980078,0.0013370965042971417,0.40108747852424165,2.3179668222702077,0.12978007874969924,True
USDCHF,売り,-1,2021-08-13 05:00:00,2021-08-13 09:00:00,0.9198636570334298,2021-08-16 21:00:00,0.913423624635344,トレイル,trail,10,0.0015981877791824517,0.9230600325917947,0.9133272816687737,0.006440032398085771,2.0147921545802805,5.5898669416679745,0.17291019876998445,True
USDJPY,売り,-1,2021-08-13 01:00:00,2021-08-13 05:00:00,110.27120734981547,2021-08-16 21:00:00,109.34594466789572,トレイル,trail,11,0.1534346784741309,110.57807670676372,109.3441520177112,0.9252626819197474,3.0151680543187855,7.54201958334061,0.3962119306345327,True
USDCHF,売り,-1,2021-08-17 01:00:00,2021-08-17 05:00:00,0.9105836570334298,2021-08-17 09:00:00,0.9143053484097142,初期損切り,initial,2,0.0018126742048571035,0.914209005443144,0.914209005443144,-0.0037216913762844195,-1.0265748159023997,0.3164700153467689,1.999999999999985,False
EURUSD,売り,-1,2021-08-17 05:00:00,2021-08-17 09:00:00,1.1743836775031447,2021-08-18 01:00:00,1.1728209556619362,トレイル,trail,5,0.001736422110053947,1.1778565217232526,1.172794633165081,0.0015627218412084254,0.4499832823367686,2.4151256073411203,0.0612307895872617,True
GBPUSD,売り,-1,2021-08-16 21:00:00,2021-08-17 01:00:00,1.3818737570146253,2021-08-18 05:00:00,1.3764838595734663,トレイル,trail,8,0.0025250777253944686,1.3869239124654142,1.3764176165880917,0.005389897441159031,1.0672735708198882,3.6607811797877456,0.4579039186581934,True
AUDUSD,売り,-1,2021-08-06 09:00:00,2021-08-06 13:00:00,0.7351957478820956,2021-08-18 13:00:00,0.7262794923163853,トレイル,trail,49,0.00225016013232068,0.7396960681467369,0.726235240198481,0.008916255565710296,1.9812491203714033,5.482164449057824,1.6551053697958027,True
EURUSD,売り,-1,2021-08-18 09:00:00,2021-08-18 13:00:00,1.1699036775031446,2021-08-18 13:00:00,1.1736061446097437,初期損切り,initial,1,0.0018380723048718214,1.1735798221128884,1.1735798221128884,-0.00370246710659905,-1.0071603540256928,-0.0,2.0000000000000573,False
USDCHF,買い,1,2021-08-18 05:00:00,2021-08-18 09:00:00,0.9157463429665702,2021-08-18 13:00:00,0.9166460969728761,トレイル,trail,2,0.0019517067070357187,0.9118429295524988,0.9167424399394464,0.0008997540063059306,0.23050441007924044,2.0103722650977067,0.21844622710638592,True
USDCHF,買い,1,2021-08-18 21:00:00,2021-08-19 01:00:00,0.9198863429665702,2021-08-19 01:00:00,0.9152825726124715,初期損切り,initial,1,0.0022537136937642375,0.9153789155790417,0.9153789155790417,-0.004603770354098757,-1.0213742692421073,0.0,2.0000000000000187,False
USDJPY,買い,1,2021-08-18 05:00:00,2021-08-18 09:00:00,109.86779265018453,2021-08-19 01:00:00,109.9379239790144,トレイル,trail,5,0.1921889138673784,109.48341482244977,109.93971662919893,0.0701313288298735,0.182454147376753,1.8742358368497376,0.5712746275276529,True
GBPUSD,売り,-1,2021-08-18 21:00:00,2021-08-19 01:00:00,1.3720637570146255,2021-08-22 17:00:00,1.3644427745164032,トレイル,trail,11,0.002777687687352394,1.3776191323893303,1.3643765315310286,0.007620982498222295,1.3718213413485625,4.2674909308915785,0.056249299043212034,True
EURUSD,売り,-1,2021-08-20 05:00:00,2021-08-20 09:00:00,1.1668036775031447,2021-08-22 21:00:00,1.1708577861482758,初期損切り,initial,4,0.0020138930741378587,1.1708314636514205,1.1708314636514205,-0.004054108645131116,-1.0065352270171213,0.19548083669403196,2.000000000000048,False
USDJPY,買い,1,2021-08-23 01:00:00,2021-08-23 05:00:00,109.93579265018452,2021-08-24 05:00:00,109.54805020853874,初期損切り,initial,7,0.19297489573063076,109.54984285872327,109.54984285872327,-0.3877424416457842,-1.004644775626735,1.0944809635254364,1.9999999999999793,False
AUDUSD,買い,1,2021-08-25 13:00:00,2021-08-25 17:00:00,0.7277242521179044,2021-08-26 09:00:00,0.7255757478820957,時間切れ,time,4,0.002158452293789629,0.7234073475303251,0.7234073475303251,-0.0021485042358087014,-0.4976955575970916,0.12775259517618373,1.262132188764468,False
GBPUSD,買い,1,2021-08-25 13:00:00,2021-08-25 17:00:00,1.3763162429853746,2021-08-26 09:00:00,1.3718537570146254,時間切れ,time,4,0.002840948750032442,1.3706343454853096,1.3706343454853096,-0.004462485970749164,-0.785386566846411,0.18083994462045427,1.6037751421325228,False
USDCHF,売り,-1,2021-08-23 01:00:00,2021-08-23 05:00:00,0.9139936570334297,2021-08-26 09:00:00,0.918441355835428,初期損切り,initial,20,0.002175677917713985,0.9183450128688577,0.9183450128688577,-0.0044476988019982455,-1.0221409073893402,1.3391950204151253,2.0000000000000164,False
AUDUSD,売り,-1,2021-08-26 13:00:00,2021-08-26 17:00:00,0.7236357478820956,2021-08-27 09:00:00,0.7276652562914194,初期損切り,initial,5,0.001992628145709698,0.727621004173515,0.727621004173515,-0.004029508409323812,-1.0111039578557832,0.7104927656190494,2.0000000000000204,False
GBPUSD,売り,-1,2021-08-26 17:00:00,2021-08-26 21:00:00,1.3681937570146254,2021-08-27 09:00:00,1.3735808201411754,初期損切り,initial,4,0.0026604100705877047,1.3735145771558008,1.3735145771558008,-0.005387063126550018,-1.0124497697003483,0.05779447925166421,1.9999999999999998,False
USDCHF,売り,-1,2021-08-27 09:00:00,2021-08-27 13:00:00,0.9106436570334298,2021-08-30 01:00:00,0.9158187946916774,初期損切り,initial,4,0.0025393973458386946,0.9157224517251071,0.9157224517251071,-0.005175137658247619,-1.0189696517419984,0.19046134478416818,1.9999999999999962,False
EURUSD,買い,1,2021-08-24 05:00:00,2021-08-24 09:00:00,1.1751063224968552,2021-08-31 09:00:00,1.1816099752437665,トレイル,trail,31,0.0019224681729188074,1.1712613861510175,1.1816362977406218,0.006503652746911337,1.6914851539615083,4.896662340501793,1.2984987382470976,True
USDJPY,買い,1,2021-08-25 05:00:00,2021-08-25 09:00:00,109.98579265018452,2021-08-31 09:00:00,109.597382973405,初期損切り,initial,25,0.19330851329749438,109.59917562358953,109.59917562358953,-0.3884096767795171,-1.0046367595351828,1.454707529526686,2.0000000000000084,False
AUDUSD,買い,1,2021-08-31 01:00:00,2021-08-31 05:00:00,0.7328042521179043,2021-08-31 21:00:00,0.7310557478820956,時間切れ,time,4,0.0020562234680618846,0.7286918051817806,0.7286918051817806,-0.0017485042358087455,-0.42517368928213256,0.40644798343993205,1.2227523695535791,False
USDJPY,買い,1,2021-08-31 13:00:00,2021-08-31 17:00:00,110.01479265018453,2021-09-01 05:00:00,110.1350205765918,トレイル,trail,4,0.18879118214911314,109.63721028588631,110.13681322677633,0.1202279264072672,0.31841510032048914,2.146325613319294,0.15780742429485567,True
USDCHF,買い,1,2021-08-31 21:00:00,2021-09-01 01:00:00,0.9184063429665702,2021-09-01 17:00:00,0.9153336570334297,時間切れ,time,4,0.002326309996340487,0.9137537229738892,0.9137537229738892,-0.0030726859331404732,-0.6604205669008233,0.23369930674977574,1.924224619079961,False
EURUSD,買い,1,2021-09-01 09:00:00,2021-09-01 13:00:00,1.1848463224968553,2021-09-02 05:00:00,1.1845236775031447,時間切れ,time,4,0.001953001340278759,1.1809403198162978,1.1809403198162978,-0.00032264499371059685,-0.08260234825659274,0.1657333748161026,0.7149623853591894,False
AUDUSD,買い,1,2021-09-01 01:00:00,2021-09-01 05:00:00,0.7347042521179044,2021-09-03 09:00:00,0.744657150377219,トレイル,trail,14,0.0020523983365843923,0.7305994554447356,0.7447014024951234,0.009952898259314669,2.4246994557300003,6.370960085582775,0.70368996707913,True
EURUSD,買い,1,2021-09-02 09:00:00,2021-09-02 13:00:00,1.1865263224968554,2021-09-03 09:00:00,1.1881119812280483,トレイル,trail,6,0.001841130850064298,1.1828440607967268,1.1881383037249036,0.0015856587311928738,0.43062086845633424,2.375538654947808,0.05231702942349415,True
GBPUSD,買い,1,2021-08-30 21:00:00,2021-08-31 01:00:00,1.3779962429853747,2021-09-05 17:00:00,1.3852031336457213,トレイル,trail,23,0.002593748912602642,1.3728087451601694,1.385269376631096,0.007206890660346632,1.3892807097343571,4.304100894416648,1.8915643536412017,True
EURUSD,売り,-1,2021-09-06 01:00:00,2021-09-06 05:00:00,1.1863936775031447,2021-09-06 21:00:00,1.1879763224968554,時間切れ,time,4,0.0018456627240444486,1.1900850029512335,1.1900850029512335,-0.0015826449937106357,-0.42874707634625264,0.44085926022367566,0.9678488239394417,False
USDCHF,売り,-1,2021-09-03 05:00:00,2021-09-03 09:00:00,0.9137636570334298,2021-09-07 09:00:00,0.9179347243885166,初期損切り,initial,13,0.0020373621942583377,0.9178383814219464,0.9178383814219464,-0.004171067355086877,-1.023644044942454,1.0374478526137771,1.9999999999999813,False
USDJPY,売り,-1,2021-09-03 05:00:00,2021-09-03 09:00:00,109.85520734981547,2021-09-07 09:00:00,110.22819690958602,初期損切り,initial,13,0.1855984547930078,110.22640425940149,110.22640425940149,-0.37298955977054504,-1.004829377988434,1.4127668794866899,2.000000000000015,False
AUDUSD,売り,-1,2021-09-07 01:00:00,2021-09-07 05:00:00,0.7415757478820956,2021-09-08 05:00:00,0.7381575853654427,トレイル,trail,7,0.002128888831692249,0.7458335255454801,0.7381133332475384,0.003418162516652834,0.8028043704695806,3.1263952269433033,0.06775934739147917,True
EURUSD,売り,-1,2021-09-07 05:00:00,2021-09-07 09:00:00,1.1850436775031448,2021-09-08 13:00:00,1.1828805234865971,トレイル,trail,8,0.0017628006598278758,1.1885692788228006,1.1828542009897418,0.0021631540165476526,0.6135560491447933,2.742044301036713,0.570865736431902,True
GBPUSD,売り,-1,2021-09-07 01:00:00,2021-09-07 05:00:00,1.3817137570146254,2021-09-08 13:00:00,1.3771762429853747,トレイル,trail,9,0.0024065860824889493,1.3865269291796034,1.3762898791237332,0.004537514029250733,0.9427283865445459,3.7537643387692867,0.3100836453782035,True
USDCHF,買い,1,2021-09-08 05:00:00,2021-09-08 09:00:00,0.9214663429665703,2021-09-09 05:00:00,0.9178157162394898,初期損切り,initial,6,0.001777141880255111,0.91791205920606,0.91791205920606,-0.003650626727080497,-1.027106155012352,1.133087377998566,2.00000000000002,False
EURUSD,買い,1,2021-09-09 01:00:00,2021-09-09 05:00:00,1.1834163224968552,2021-09-09 21:00:00,1.1823836775031447,時間切れ,time,4,0.001763830242106008,1.1798886620126432,1.1798886620126432,-0.0010326449937105853,-0.29272799872101357,0.40461802168247885,1.642064200802584,False
AUDUSD,買い,1,2021-09-10 01:00:00,2021-09-10 05:00:00,0.7408442521179044,2021-09-10 09:00:00,0.7360890122008532,初期損切り,initial,2,0.002355493899573422,0.7361332643187576,0.7361332643187576,-0.004755239917051179,-1.0093933841035099,0.0491395380461501,1.9999999999999831,False
GBPUSD,買い,1,2021-09-09 01:00:00,2021-09-09 05:00:00,1.3812162429853747,2021-09-10 09:00:00,1.3846637166464584,トレイル,trail,8,0.0027466935787779185,1.375722855827819,1.384729959631833,0.0034474736610836665,0.6275679398168515,2.779253235092093,0.235280335006341,True
EURUSD,買い,1,2021-09-10 01:00:00,2021-09-10 05:00:00,1.1847963224968554,2021-09-10 13:00:00,1.1810248509158947,初期損切り,initial,3,0.0018725745420527064,1.18105117341275,1.18105117341275,-0.0037714715809606947,-1.0070284243067908,0.001963875435709513,1.9999999999999891,False
USDCHF,売り,-1,2021-09-09 09:00:00,2021-09-09 13:00:00,0.9166136570334298,2021-09-13 01:00:00,0.920659161665181,初期損切り,initial,10,0.0019745808325904728,0.9205628186986108,0.9205628186986108,-0.00404550463175124,-1.0243958021318127,0.8070862469272051,2.0000000000000275,False
GBPUSD,買い,1,2021-09-14 01:00:00,2021-09-14 05:00:00,1.3867662429853747,2021-09-14 13:00:00,1.3812411661580049,初期損切り,initial,3,0.002729416920997581,1.3813074091433795,1.3813074091433795,-0.0055250768273698014,-1.0121350067234192,1.6610716302617026,2.000000000000011,False
AUDUSD,売り,-1,2021-09-10 13:00:00,2021-09-12 17:00:00,0.7354057478820957,2021-09-15 09:00:00,0.7338512128125269,トレイル,trail,17,0.002457973796415017,0.7403216954749257,0.7338069606946225,0.0015545350695688187,0.3162228726433386,2.150449239859679,0.8845709100217066,True
USDJPY,売り,-1,2021-09-09 01:00:00,2021-09-09 05:00:00,109.88720734981547,2021-09-15 09:00:00,109.38179265018452,トレイル,trail,26,0.1597611392190069,110.20672962825348,109.35264170882851,0.505414699630947,1.5817823473895756,4.8460304777506344,1.726281194117301,True
EURUSD,買い,1,2021-09-14 01:00:00,2021-09-14 05:00:00,1.1821563224968552,2021-09-16 01:00:00,1.1785192735513739,初期損切り,initial,12,0.0018053632243130093,1.1785455960482292,1.1785455960482292,-0.003637048945481336,-1.0072900833751428,1.3480265191902912,2.0000000000000084,False
USDCHF,売り,-1,2021-09-15 01:00:00,2021-09-15 05:00:00,0.9177736570334297,2021-09-16 01:00:00,0.9218391647497554,初期損切り,initial,6,0.001984582374877701,0.9217428217831851,0.9217428217831851,-0.004065507716325634,-1.0242728565439791,0.6972031249219138,1.999999999999996,False
AUDUSD,売り,-1,2021-09-16 09:00:00,2021-09-16 13:00:00,0.7287157478820956,2021-09-17 05:00:00,0.7317442521179044,時間切れ,time,4,0.002348503216575984,0.7334127543152476,0.7334127543152476,-0.0030285042358088043,-0.6447732782380925,0.2451552452778813,1.4665733023461707,False
GBPUSD,売り,-1,2021-09-16 09:00:00,2021-09-16 13:00:00,1.3782037570146255,2021-09-17 05:00:00,1.3796262429853745,時間切れ,time,4,0.0030543662855507846,1.384312489585727,1.384312489585727,-0.00142248597074901,-0.23286106474497337,0.2271361551846037,1.0202584412080962,False
USDJPY,買い,1,2021-09-16 05:00:00,2021-09-16 09:00:00,109.69379265018452,2021-09-20 01:00:00,109.79649670069878,トレイル,trail,11,0.18847376607779753,109.31684511802892,109.79828935088331,0.10270405051426224,0.2724624563183728,2.05443631691242,0.44989099517184095,True
AUDUSD,売り,-1,2021-09-17 09:00:00,2021-09-17 13:00:00,0.7273357478820957,2021-09-20 09:00:00,0.7256647446958596,トレイル,trail,6,0.00241366171863684,0.7321630713193693,0.7256204925779552,0.0016710031862360308,0.34615521581453446,2.2106444498399465,0.11776800191574897,True
GBPUSD,売り,-1,2021-09-17 09:00:00,2021-09-17 13:00:00,1.3746537570146253,2021-09-21 01:00:00,1.3688169638424885,トレイル,trail,10,0.003147147238075905,1.380948051490777,1.368750720857114,0.005836793172136812,0.9273149189717123,3.375678419520144,0.26571460504212985,True
USDCHF,売り,-1,2021-09-21 01:00:00,2021-09-21 05:00:00,0.9256036570334297,2021-09-22 13:00:00,0.9248063868027262,トレイル,trail,9,0.0020666958907705935,0.9297370488149709,0.924710043836156,0.0007972702307035284,0.19288523150986095,1.9323873682937465,0.11919652410900725,True
USDJPY,売り,-1,2021-09-21 05:00:00,2021-09-21 09:00:00,109.28520734981548,2021-09-22 13:00:00,109.67892071241916,初期損切り,initial,8,0.1959603562095725,109.67712806223463,109.67712806223463,-0.39371336260367684,-1.0045740123645588,0.8430651638476899,2.000000000000026,False
EURUSD,売り,-1,2021-09-17 09:00:00,2021-09-17 13:00:00,1.1725336775031447,2021-09-23 01:00:00,1.1715292508986925,トレイル,trail,22,0.0021019522678914645,1.1767375820389276,1.1715029284018372,0.0010044266044522132,0.2389270726541725,1.9903770257074036,1.4445249510356823,True
GBPUSD,売り,-1,2021-09-22 01:00:00,2021-09-22 05:00:00,1.3638237570146254,2021-09-23 05:00:00,1.3697534911977214,初期損切り,initial,7,0.0029317455988606598,1.3696872482123468,1.3696872482123468,-0.005929734183095947,-1.0112975330124774,0.9768095211734634,2.000000000000006,False
AUDUSD,買い,1,2021-09-23 09:00:00,2021-09-23 13:00:00,0.7304042521179044,2021-09-24 05:00:00,0.7280957478820956,時間切れ,time,4,0.0027415368590676765,0.724921178399769,0.724921178399769,-0.0023085042358087504,-0.4210237458915309,0.4507500521134038,1.2563216527665553,False
EURUSD,売り,-1,2021-09-27 01:00:00,2021-09-27 05:00:00,1.1689336775031447,2021-09-27 21:00:00,1.1689063224968552,時間切れ,time,4,0.0019512424316952492,1.172836162366535,1.172836162366535,2.7355006289475625e-05,0.0070096380247608335,0.1607578320609706,1.089727479433672,False
USDCHF,買い,1,2021-09-27 01:00:00,2021-09-27 05:00:00,0.9284463429665702,2021-09-27 21:00:00,0.9263536570334298,時間切れ,time,4,0.002086436393661546,0.9242734701792471,0.9242734701792471,-0.0020926859331404923,-0.501497658758717,0.08323140545156858,1.7092986766356855,False
AUDUSD,買い,1,2021-09-27 21:00:00,2021-09-28 01:00:00,0.7307842521179043,2021-09-28 05:00:00,0.7255078711700494,初期損切り,initial,2,0.0026160644149752256,0.7255521232879538,0.7255521232879538,-0.005276380947854875,-1.0084577653461264,0.11305068804983244,2.0000000000000187,False
USDJPY,買い,1,2021-09-27 21:00:00,2021-09-28 01:00:00,111.15979265018453,2021-09-28 09:00:00,111.33999767856757,トレイル,trail,3,0.1981397808319371,110.76351308852065,111.3417903287521,0.18020502838304253,0.454742171477148,2.4185317446269576,0.19578425908039582,True
GBPUSD,売り,-1,2021-09-28 05:00:00,2021-09-28 09:00:00,1.3545137570146253,2021-09-30 05:00:00,1.3475360577345603,トレイル,trail,12,0.0041665431661237744,1.3628468433468728,1.3474698147491857,0.006977699280064975,0.8373487327333369,3.1905962531987107,0.4047103121563324,True
EURUSD,売り,-1,2021-09-28 01:00:00,2021-09-28 05:00:00,1.1680336775031448,2021-09-30 09:00:00,1.1597442960633184,トレイル,trail,14,0.0019386490443087847,1.1719109755917623,1.1597179735664631,0.008289381439826382,2.137927301530205,5.789432355533256,1.0710151499316316,True
USDCHF,買い,1,2021-09-28 13:00:00,2021-09-28 17:00:00,0.9295263429665702,2021-09-30 09:00:00,0.9334881943774926,トレイル,trail,11,0.0021703084372914423,0.9251857260919873,0.9335845373440629,0.003961851410922423,0.9127392546717547,3.3698698801343068,0.6986762528844156,True
USDJPY,買い,1,2021-09-28 17:00:00,2021-09-28 21:00:00,111.65179265018453,2021-09-30 09:00:00,111.7350105689603,トレイル,trail,10,0.2281311872367769,111.19553027571098,111.73680321914483,0.08321791877577311,0.18239049159333354,1.8726389626511852,1.9497231201575669,True
AUDUSD,売り,-1,2021-09-29 05:00:00,2021-09-29 09:00:00,0.7206757478820957,2021-10-01 09:00:00,0.7264018578001844,初期損切り,initial,13,0.0028409289000921856,0.72635760568228,0.72635760568228,-0.005726109918088751,-1.0077883184445313,1.272734379934075,2.0000000000000013,False
AUDUSD,買い,1,2021-10-04 05:00:00,2021-10-04 09:00:00,0.7292842521179044,2021-10-05 01:00:00,0.7264557478820957,時間切れ,time,4,0.002718066235339929,0.7238481196472245,0.7238481196472245,-0.0028285042358087154,-0.5203155462204869,0.40313509209190307,1.2230210120279077,False
USDJPY,売り,-1,2021-10-04 09:00:00,2021-10-04 13:00:00,110.86720734981547,2021-10-05 05:00:00,111.17179265018453,時間切れ,time,4,0.2686709955327131,111.4045493408809,111.4045493408809,-0.3045853003690553,-0.5668369593917876,0.060324151415520444,1.4582618023493457,False
EURUSD,買い,1,2021-10-04 01:00:00,2021-10-04 05:00:00,1.1612763224968552,2021-10-06 01:00:00,1.1570102547243961,初期損切り,initial,12,0.0021198726378019376,1.1570365772212514,1.1570365772212514,-0.004266067772459081,-1.0062085090363022,1.2942652564211286,1.9999999999999545,False
GBPUSD,買い,1,2021-10-01 05:00:00,2021-10-01 09:00:00,1.3543162429853746,2021-10-06 01:00:00,1.3584894051255059,トレイル,trail,17,0.004156234592746268,1.346003773799882,1.3585556481108805,0.0041731621401313035,0.5020364042268667,2.520011029431512,0.27338278434945884,True
USDCHF,売り,-1,2021-10-04 05:00:00,2021-10-04 09:00:00,0.9248936570334297,2021-10-06 01:00:00,0.9300065079168842,初期損切り,initial,11,0.0025082539584421076,0.929910164950314,0.929910164950314,-0.005112850883454478,-1.019205185791893,0.7390228677566149,2.0000000000000093,False
AUDUSD,売り,-1,2021-10-06 01:00:00,2021-10-06 05:00:00,0.7231557478820956,2021-10-06 17:00:00,0.7284839758497537,初期損切り,initial,4,0.002641987924876845,0.7284397237318493,0.7284397237318493,-0.0053282279676580835,-1.0083747767141018,0.20278210852175346,2.000000000000007,False
AUDUSD,買い,1,2021-10-07 09:00:00,2021-10-07 13:00:00,0.7313442521179043,2021-10-08 05:00:00,0.7294357478820956,時間切れ,time,4,0.002797239390731112,0.7257497733364421,0.7257497733364421,-0.0019085042358086834,-0.3411406692849873,0.3631251173787455,0.8881085137497174,False
USDJPY,買い,1,2021-10-05 09:00:00,2021-10-05 13:00:00,111.45879265018452,2021-10-08 05:00:00,111.62227581732603,トレイル,trail,17,0.24995435499295834,110.9588839401986,111.62406846751055,0.16348316714150712,0.32702604270710295,2.1612239955998906,1.0273581758227674,True
GBPUSD,買い,1,2021-10-08 05:00:00,2021-10-08 09:00:00,1.3641362429853745,2021-10-11 01:00:00,1.3639737570146253,時間切れ,time,4,0.0033545099980643897,1.3574272229892457,1.3574272229892457,-0.00016248597074919324,-0.024219032115413347,0.4274117577389097,0.9438764490794385,False
USDCHF,買い,1,2021-10-12 05:00:00,2021-10-12 09:00:00,0.9303563429665702,2021-10-13 09:00:00,0.9263549987933775,初期損切り,initial,7,0.0019525006033112471,0.9264513417599477,0.9264513417599477,-0.004001344173192756,-1.0246716867607808,0.5037934594035697,2.000000000000011,False
EURUSD,売り,-1,2021-10-12 05:00:00,2021-10-12 09:00:00,1.1541136775031446,2021-10-13 13:00:00,1.1579164839595777,初期損切り,initial,8,0.0018882419797888457,1.1578901614627224,1.1578901614627224,-0.00380280645643305,-1.0069701068870163,0.8810721935812005,2.0000000000000298,False
GBPUSD,買い,1,2021-10-13 09:00:00,2021-10-13 13:00:00,1.3642562429853746,2021-10-14 09:00:00,1.3680867184291796,トレイル,trail,6,0.003531359056963945,1.3571935248714468,1.3681529614145542,0.0038304754438049926,0.5423514547821442,2.603461405742663,0.307599133323055,True
USDJPY,売り,-1,2021-10-13 13:00:00,2021-10-13 17:00:00,113.26720734981548,2021-10-14 09:00:00,113.51179265018453,時間切れ,time,4,0.27785344001723417,113.82291422984994,113.82291422984994,-0.24458530036905302,-0.4401336552714308,0.19869233870939723,1.1797322004154003,False
USDJPY,買い,1,2021-10-14 17:00:00,2021-10-14 21:00:00,113.88679265018453,2021-10-15 09:00:00,114.07639964843554,トレイル,trail,4,0.25720513425328995,113.37238238167795,114.07819229862007,0.18960699825100846,0.3685910057772946,2.244151740948708,0.2635742493295973,True
AUDUSD,買い,1,2021-10-11 01:00:00,2021-10-11 05:00:00,0.7343642521179043,2021-10-17 21:00:00,0.7401306057164535,トレイル,trail,29,0.0025634281104281254,0.7292373958970481,0.7401748578343579,0.0057663535985491565,1.1247347985089586,3.7667324637721293,0.7974680895431707,True
USDCHF,買い,1,2021-10-15 05:00:00,2021-10-15 09:00:00,0.9261963429665703,2021-10-18 01:00:00,0.9250136570334297,時間切れ,time,4,0.0021181097336783654,0.9219601234992135,0.9219601234992135,-0.001182685933140526,-0.2791842920920443,0.0,1.8867497292645454,False
GBPUSD,買い,1,2021-10-15 09:00:00,2021-10-15 13:00:00,1.3758962429853747,2021-10-18 05:00:00,1.3719237570146254,時間切れ,time,4,0.003441196431741778,1.3690138501218911,1.3690138501218911,-0.003972485970749284,-0.5771954681381836,0.18126167075836774,1.2252258971571222,False
EURUSD,売り,-1,2021-10-17 17:00:00,2021-10-17 21:00:00,1.1584036775031448,2021-10-18 17:00:00,1.1623777669794193,初期損切り,initial,6,0.001973883489709598,1.162351444482564,1.162351444482564,-0.003974089476274534,-1.0066676926456308,0.6148678528758486,2.000000000000018,False
USDJPY,売り,-1,2021-10-19 01:00:00,2021-10-19 05:00:00,113.94520734981548,2021-10-19 17:00:00,114.45119400859235,初期損切り,initial,4,0.2520970042961736,114.44940135840783,114.44940135840783,-0.5059866587768767,-1.0035554769671586,0.08809049467872355,2.000000000000011,False
AUDUSD,買い,1,2021-10-18 21:00:00,2021-10-19 01:00:00,0.7453642521179044,2021-10-21 01:00:00,0.7507757478820957,トレイル,trail,13,0.002253178893460915,0.7408578943309825,0.7512402316598086,0.00541149576419131,1.2008579922118778,4.107861967355215,0.019639859947562108,True
USDJPY,売り,-1,2021-10-21 09:00:00,2021-10-21 13:00:00,113.67720734981548,2021-10-22 05:00:00,113.94079265018452,時間切れ,time,4,0.28084526463437787,114.23889787908423,114.23889787908423,-0.26358530036904426,-0.46927139881136376,-0.0,1.8935432323448613,False
EURUSD,買い,1,2021-10-24 21:00:00,2021-10-25 01:00:00,1.1660263224968552,2021-10-25 05:00:00,1.162047033124661,初期損切り,initial,2,0.0019764834376693866,1.1620733556215164,1.1620733556215164,-0.003979289372194161,-1.006658921687304,0.2042402660458695,2.0000000000000435,False
USDCHF,売り,-1,2021-10-18 21:00:00,2021-10-19 01:00:00,0.9211136570334297,2021-10-25 05:00:00,0.918411054791017,トレイル,trail,26,0.002196474549631203,0.9255066061326921,0.9183147118244468,0.0027026022424126994,0.6152136483590209,2.7742898429908687,1.883173637165426,True
USDJPY,売り,-1,2021-10-22 09:00:00,2021-10-22 13:00:00,113.46320734981548,2021-10-25 05:00:00,113.59079265018453,時間切れ,time,4,0.28867919297345773,114.04056573576239,114.04056573576239,-0.12758530036904858,-0.22098111584505375,0.16699281066613916,1.267125096259186,False
AUDUSD,買い,1,2021-10-25 21:00:00,2021-10-26 01:00:00,0.7515242521179044,2021-10-26 17:00:00,0.7502057478820956,時間切れ,time,4,0.0022469250333316676,0.747030402051241,0.747030402051241,-0.001318504235808815,-0.29340191956777917,0.4520613135852853,1.1545788486132778,False
GBPUSD,買い,1,2021-10-19 01:00:00,2021-10-19 05:00:00,1.3794762429853746,2021-10-27 01:00:00,1.3734701885847098,初期損切り,initial,36,0.0029699057076450603,1.3735364315700844,1.3735364315700844,-0.0060060544006648175,-1.011152371808333,1.327906473418848,2.0000000000000293,False
EURUSD,売り,-1,2021-10-26 09:00:00,2021-10-26 13:00:00,1.1586836775031446,2021-10-27 05:00:00,1.1595263224968553,時間切れ,time,4,0.0021795911931109546,1.1630428598893665,1.1630428598893665,-0.0008426449937106728,-0.193303449833626,0.006275260786401745,1.204961051942443,False
USDCHF,買い,1,2021-10-25 17:00:00,2021-10-25 21:00:00,0.9207263429665702,2021-10-27 09:00:00,0.916755924545083,初期損切り,initial,10,0.001937037727458469,0.9168522675116533,0.9168522675116533,-0.003970418421487154,-1.0248686345145752,0.9827671430682432,1.9999999999999878,False
USDJPY,買い,1,2021-10-25 21:00:00,2021-10-26 01:00:00,113.94379265018452,2021-10-27 09:00:00,113.43512779450117,初期損切り,initial,9,0.2534361027494093,113.4369204446857,113.4369204446857,-0.5086648556833495,-1.0035366906393433,1.4489149171401672,2.0000000000000164,False
EURUSD,買い,1,2021-10-28 05:00:00,2021-10-28 09:00:00,1.1630163224968553,2021-10-29 01:00:00,1.1655164810078238,トレイル,trail,5,0.002451464330213912,1.1581133938364274,1.165542803504679,0.00250015851096852,0.5099316519017755,2.530600762444432,0.22285557661273686,True
AUDUSD,買い,1,2021-10-28 09:00:00,2021-10-28 13:00:00,0.7546042521179044,2021-10-29 05:00:00,0.7533757478820956,時間切れ,time,4,0.002723937787073034,0.7491563765437583,0.7491563765437583,-0.0012285042358087805,-0.22550152239872762,0.3325141588747108,0.823899917448512,False
GBPUSD,買い,1,2021-10-28 09:00:00,2021-10-28 13:00:00,1.3792462429853747,2021-10-29 05:00:00,1.3771337570146254,時間切れ,time,4,0.003278433880070413,1.3726893752252338,1.3726893752252338,-0.0021124859707493115,-0.32217913309020896,0.36107393283769373,0.7004085088717628,False
USDCHF,売り,-1,2021-10-28 09:00:00,2021-10-28 13:00:00,0.9121636570334297,2021-10-29 09:00:00,0.9167895285712102,初期損切り,initial,6,0.0022647642856051145,0.91669318560464,0.91669318560464,-0.00462587153778049,-1.0212699765672346,0.8405541563550092,2.0000000000000098,False
EURUSD,売り,-1,2021-10-29 09:00:00,2021-10-29 13:00:00,1.1538236775031447,2021-11-01 05:00:00,1.1572663224968553,時間切れ,time,4,0.0031626701976372944,1.1601490178984193,1.1601490178984193,-0.0034426449937106085,-0.5442624078037717,0.004324669437539119,1.1750584995019686,False
USDJPY,買い,1,2021-10-29 05:00:00,2021-10-29 09:00:00,113.87879265018452,2021-11-01 13:00:00,114.05705251940711,トレイル,trail,8,0.2561032202722375,113.36658620964005,114.05884516959163,0.17825986922258608,0.3480234825495283,2.2030466825669897,0.6044150870886115,True
USDCHF,売り,-1,2021-11-01 13:00:00,2021-11-01 17:00:00,0.9090236570334298,2021-11-02 05:00:00,0.9137547417905633,初期損切り,initial,4,0.002317370895281637,0.913658398823993,0.913658398823993,-0.0047310847571334635,-1.0207871270771443,0.07925232590249556,1.9999999999999782,False
GBPUSD,売り,-1,2021-10-29 09:00:00,2021-10-29 13:00:00,1.3672737570146254,2021-11-03 05:00:00,1.3660133399767884,トレイル,trail,17,0.0035713979942759697,1.3744165530031773,1.3659470969914138,0.0012604170378369695,0.17645989607670343,1.8714679868605413,0.7213542118530825,True
AUDUSD,売り,-1,2021-11-02 01:00:00,2021-11-02 05:00:00,0.7462457478820956,2021-11-03 13:00:00,0.7454015458214903,トレイル,trail,9,0.002571529135723953,0.7513888061535435,0.7453572937035859,0.0008442020606053147,0.16414398127510418,1.845496446517816,0.5188555320524345,True
AUDUSD,買い,1,2021-11-03 17:00:00,2021-11-03 21:00:00,0.7458842521179043,2021-11-04 09:00:00,0.7408121998541841,初期損切り,initial,4,0.002513900072907905,0.7408564519720885,0.7408564519720885,-0.005072052263720206,-1.0088014870561677,0.1812911686535349,2.0000000000000084,False
USDJPY,買い,1,2021-11-03 09:00:00,2021-11-03 13:00:00,114.07079265018453,2021-11-04 09:00:00,113.59546367079717,初期損切り,initial,6,0.2367681646014125,113.5972563209817,113.5972563209817,-0.4753289793873563,-1.0037856655846218,0.8709251523008239,2.0000000000000195,False
GBPUSD,売り,-1,2021-11-04 05:00:00,2021-11-04 09:00:00,1.3544537570146253,2021-11-05 09:00:00,1.3482763451580786,トレイル,trail,7,0.003840068115136096,1.3621338932448974,1.348210102172704,0.006177411856546744,0.8043362345836683,3.1259229406142945,0.48859627723249455,True
USDCHF,買い,1,2021-11-05 05:00:00,2021-11-05 09:00:00,0.9170763429665703,2021-11-05 09:00:00,0.9129668809227117,初期損切り,initial,1,0.002006559538644148,0.913063223889282,0.913063223889282,-0.004109462043858536,-1.024007004206648,0.0,2.0,False
USDJPY,売り,-1,2021-11-05 09:00:00,2021-11-05 13:00:00,113.37220734981547,2021-11-08 05:00:00,113.39479265018453,時間切れ,time,4,0.26998374546075254,113.91217484073698,113.91217484073698,-0.022585300369058814,-0.04182714839094273,0.2600428766392822,1.0881864376062478,False
AUDUSD,売り,-1,2021-11-05 01:00:00,2021-11-05 05:00:00,0.7377757478820957,2021-11-08 09:00:00,0.7425033345876162,初期損切り,initial,8,0.0023416672938080933,0.7424590824697118,0.7424590824697118,-0.004727586705520537,-1.0094488482675064,0.7497853716188673,1.9999999999999893,False
EURUSD,売り,-1,2021-11-04 01:00:00,2021-11-04 05:00:00,1.1552636775031446,2021-11-08 21:00:00,1.1600286782435745,初期損切り,initial,17,0.002369339121787244,1.1600023557467192,1.1600023557467192,-0.004765000740429848,-1.0055548183485663,1.6602424984133983,2.000000000000024,False
USDJPY,売り,-1,2021-11-08 09:00:00,2021-11-08 13:00:00,113.23520734981547,2021-11-09 05:00:00,113.11102906942277,トレイル,trail,5,0.25415761282550237,113.74352257546647,113.10923641923824,0.12417828039269807,0.24429384391085596,1.9956409889783955,0.2273890187354613,True
USDCHF,売り,-1,2021-11-09 09:00:00,2021-11-09 13:00:00,0.9110236570334298,2021-11-10 05:00:00,0.9124563429665702,時間切れ,time,4,0.002148387020276727,0.9153204310739833,0.9153204310739833,-0.0014326859331403874,-0.33343292424002996,0.38803857292079796,1.2969464720613093,False
GBPUSD,買い,1,2021-11-08 05:00:00,2021-11-08 09:00:00,1.3542462429853745,2021-11-10 09:00:00,1.3460622327742109,初期損切り,initial,13,0.004058883612894515,1.3461284757595855,1.3461284757595855,-0.008184010211163661,-1.008160246965962,1.5974237334688393,2.0000000000000058,False
AUDUSD,売り,-1,2021-11-09 09:00:00,2021-11-09 13:00:00,0.7375957478820956,2021-11-12 09:00:00,0.7316104229133205,トレイル,trail,18,0.0026174471969440693,0.7428306422759837,0.7315661707954161,0.00598532496877513,1.1433516167514548,3.8036098278197175,0.6816764517685805,True
GBPUSD,売り,-1,2021-11-11 17:00:00,2021-11-11 21:00:00,1.3357037570146253,2021-11-12 13:00:00,1.3422662429853747,時間切れ,time,4,0.003846110962611897,1.343395978939849,1.343395978939849,-0.0065624859707493766,-0.8531326883887909,0.0997779362987022,1.7592427912635673,False
USDCHF,買い,1,2021-11-10 09:00:00,2021-11-10 13:00:00,0.9169063429665703,2021-11-14 17:00:00,0.9201664052217069,トレイル,trail,14,0.0023581678744818836,0.9121900072176065,0.9202627481882771,0.003260062255136642,0.6912277727159087,2.9233105530895744,0.15959125329573265,True
GBPUSD,買い,1,2021-11-14 17:00:00,2021-11-14 21:00:00,1.3437862429853746,2021-11-15 13:00:00,1.3422837570146253,時間切れ,time,4,0.003620702292854956,1.3365448383996648,1.3365448383996648,-0.0015024859707493121,-0.20748543365665512,0.3297031675266904,0.9656256445811884,False
GBPUSD,買い,1,2021-11-16 01:00:00,2021-11-16 05:00:00,1.3466362429853747,2021-11-16 21:00:00,1.3430037570146254,時間切れ,time,4,0.003404289542886362,1.3398276638996018,1.3398276638996018,-0.0036324859707492774,-0.5335160133984133,0.0,1.5087562090914048,False
EURUSD,売り,-1,2021-11-10 05:00:00,2021-11-10 09:00:00,1.1553036775031447,2021-11-17 01:00:00,1.130004104614073,トレイル,trail,29,0.0023985214114784765,1.1601007203261016,1.1299777821172177,0.025299572889071698,5.2739935461899305,12.058961560537346,0.8906831044457946,True
USDCHF,買い,1,2021-11-15 13:00:00,2021-11-15 17:00:00,0.9252063429665702,2021-11-17 09:00:00,0.9296259245114006,トレイル,trail,11,0.0021718216813528075,0.9208626996038646,0.9297222674779708,0.004419581544830353,1.017482600615129,3.5793256417753714,0.6751672935030517,True
USDJPY,買い,1,2021-11-10 09:00:00,2021-11-10 13:00:00,113.93279265018452,2021-11-17 09:00:00,114.55196089139346,トレイル,trail,30,0.27749763894800894,113.37779737228851,114.55375354157799,0.6191682412089392,1.1156279447209,3.737715945070807,0.7163760057136002,True
AUDUSD,売り,-1,2021-11-17 17:00:00,2021-11-17 21:00:00,0.7256557478820956,2021-11-18 13:00:00,0.7276442521179044,時間切れ,time,4,0.00219088692317835,0.7300375217284524,0.7300375217284524,-0.0019885042358087635,-0.4538126123195835,0.30843576404909195,1.654239696061835,False
EURUSD,買い,1,2021-11-18 05:00:00,2021-11-18 09:00:00,1.1335063224968553,2021-11-19 01:00:00,1.1283959113129098,初期損切り,initial,5,0.002542044343545135,1.1284222338097651,1.1284222338097651,-0.005110411183945507,-1.0051774267671758,1.5789171866086595,1.9999999999999745,False
GBPUSD,買い,1,2021-11-17 09:00:00,2021-11-17 13:00:00,1.3491562429853745,2021-11-19 05:00:00,1.3416707278350877,初期損切り,initial,11,0.00370963608245614,1.3417369708204623,1.3417369708204623,-0.007485515150286837,-1.0089285018667784,0.5832801295142,1.9999999999999858,False
USDJPY,売り,-1,2021-11-19 05:00:00,2021-11-19 09:00:00,113.81420734981548,2021-11-22 01:00:00,114.13679265018453,時間切れ,time,4,0.2796229306500997,114.37345321111567,114.37345321111567,-0.32258530036905597,-0.5768219716799914,0.49068704593172535,1.42975631238482,False
USDCHF,売り,-1,2021-11-18 01:00:00,2021-11-18 05:00:00,0.9270836570334298,2021-11-22 09:00:00,0.9316182645898595,初期損切り,initial,14,0.002219132294929737,0.9315219216232893,0.9315219216232893,-0.0045346075564297594,-1.0217073508394272,0.9254324485844903,2.000000000000021,False
USDCHF,買い,1,2021-11-22 21:00:00,2021-11-23 01:00:00,0.9331063429665702,2021-11-24 13:00:00,0.9339225421954557,トレイル,trail,10,0.002234076558649433,0.9286381898492714,0.9340188851620259,0.0008161992288854281,0.18267038023505455,1.9084650509950747,1.3277714029475889,True
USDJPY,買い,1,2021-11-22 09:00:00,2021-11-22 13:00:00,114.83179265018452,2021-11-25 17:00:00,115.08933131125563,トレイル,trail,20,0.28525069237322503,114.26129126543808,115.09112396144016,0.25753866107110923,0.45142512876733515,2.409134730219449,1.2122412300127987,True
EURUSD,売り,-1,2021-11-22 09:00:00,2021-11-22 13:00:00,1.1248036775031447,2021-11-26 01:00:00,1.123006885825908,トレイル,trail,22,0.0029137088860350354,1.1306310952752148,1.1229805633290526,0.0017967916772367865,0.3083341108386868,2.1257022391049247,0.9288239157406256,True
AUDUSD,売り,-1,2021-11-19 01:00:00,2021-11-19 05:00:00,0.7242757478820956,2021-11-26 05:00:00,0.7147341608762402,トレイル,trail,31,0.0022999391722239118,0.7288756262265434,0.7146899087583358,0.00954158700585539,2.0743129038124106,5.667866367739966,1.3323187651704018,True
GBPUSD,売り,-1,2021-11-22 09:00:00,2021-11-22 13:00:00,1.3393337570146253,2021-11-26 05:00:00,1.3328926567757886,トレイル,trail,23,0.0033176091936094054,1.3459689754018442,1.332826413790414,0.006441100238836706,0.9707442713933835,3.4614556279703166,0.4992278742670935,True
USDCHF,売り,-1,2021-11-25 21:00:00,2021-11-26 01:00:00,0.9318236570334297,2021-11-28 17:00:00,0.9248093227693949,トレイル,trail,5,0.002035319868549763,0.9358942967705293,0.9247129798028246,0.0070143342640348605,1.7231528008009915,4.993641142348626,0.20947221768835605,True
AUDUSD,売り,-1,2021-11-29 21:00:00,2021-11-30 01:00:00,0.7102757478820956,2021-11-30 09:00:00,0.7154472791311794,初期損切り,initial,3,0.0025636395655897542,0.7154030270132751,0.7154030270132751,-0.005171531249083872,-1.0086307214357146,0.40401462670409566,1.9999999999999953,False
EURUSD,買い,1,2021-11-30 01:00:00,2021-11-30 05:00:00,1.1363763224968553,2021-11-30 09:00:00,1.1308439811472928,初期損切り,initial,2,0.00275300942635363,1.130870303644148,1.130870303644148,-0.005532341349562486,-1.004780676848261,0.3282507842124315,1.9999999999999722,False
GBPUSD,買い,1,2021-11-30 01:00:00,2021-11-30 05:00:00,1.3363962429853746,2021-11-30 09:00:00,1.33005833097999,初期損切り,initial,2,0.0031358345100049702,1.3301245739653647,1.3301245739653647,-0.006337912005384583,-1.0105622578556508,0.22123521264014756,2.0000000000000107,False
USDCHF,売り,-1,2021-11-29 21:00:00,2021-11-30 01:00:00,0.9210536570334298,2021-11-30 09:00:00,0.9205029323311785,トレイル,trail,3,0.0023910595764055796,0.9258357761862409,0.9204065893646083,0.0005507247022512596,0.11516331664958979,1.7706196345781429,0.40414842695925024,True
AUDUSD,売り,-1,2021-12-03 01:00:00,2021-12-03 05:00:00,0.7052557478820957,2021-12-06 01:00:00,0.7036707899688373,トレイル,trail,6,0.0028976919006219013,0.7110511316833394,0.7036265378509329,0.0015849579132584113,0.2734862724567523,2.0622440504503388,1.3128559723992375,True
GBPUSD,売り,-1,2021-12-03 09:00:00,2021-12-03 13:00:00,1.3236237570146254,2021-12-06 05:00:00,1.3259762429853745,時間切れ,time,4,0.0038668920726626257,1.3313575411599508,1.3313575411599508,-0.0023524859707491075,-0.30418303983452744,0.38629395042743986,0.7826034263456707,False
USDCHF,売り,-1,2021-12-03 13:00:00,2021-12-05 17:00:00,0.9181636570334297,2021-12-06 09:00:00,0.9225563429665702,時間切れ,time,4,0.0025462117376182937,0.9232560805086664,0.9232560805086664,-0.004392685933140461,-0.8625924286346556,0.24493525978835798,1.9661927139072943,False
USDJPY,売り,-1,2021-11-30 01:00:00,2021-11-30 05:00:00,112.84820734981547,2021-12-06 21:00:00,113.70709528039072,初期損切り,initial,29,0.42854764019535924,113.70530263020619,113.70530263020619,-0.8588879305752499,-1.0020915413088196,0.73552464242196,2.000000000000011,False
EURUSD,売り,-1,2021-12-02 09:00:00,2021-12-02 13:00:00,1.1302136775031446,2021-12-07 17:00:00,1.1276938309352609,トレイル,trail,20,0.0032783389589371445,1.136770355421019,1.1276675084384056,0.0025198465678837323,0.38431757659078064,2.2766643707777123,0.965831336086731,True
USDJPY,買い,1,2021-12-08 05:00:00,2021-12-08 09:00:00,113.87579265018452,2021-12-09 01:00:00,113.63320734981548,時間切れ,time,4,0.31282922903605076,113.25013419211243,113.25013419211243,-0.24258530036904347,-0.3877279963840714,0.253196768280078,0.9231638970386551,False
AUDUSD,買い,1,2021-12-07 01:00:00,2021-12-07 05:00:00,0.7096442521179044,2021-12-09 05:00:00,0.7145303528507914,トレイル,trail,13,0.002763596687536199,0.704117058742832,0.7145746049686957,0.004886100732886978,0.8840111791498478,3.284034867687893,0.37785980950619374,True
USDJPY,買い,1,2021-12-10 01:00:00,2021-12-10 05:00:00,113.67679265018452,2021-12-12 21:00:00,113.53020734981547,時間切れ,time,4,0.26730717006382576,113.14217831005688,113.14217831005688,-0.14658530036905404,-0.27418886731331116,0.427251352023978,1.6939038712519585,False
EURUSD,買い,1,2021-12-08 05:00:00,2021-12-08 09:00:00,1.1316463224968554,2021-12-13 01:00:00,1.126020412751542,初期損切り,initial,17,0.0027997936242289477,1.1260467352483974,1.1260467352483974,-0.005625909745313296,-1.0047007923419087,1.3728431516816786,2.000000000000035,False
GBPUSD,買い,1,2021-12-10 09:00:00,2021-12-10 13:00:00,1.3268962429853746,2021-12-13 05:00:00,1.3244637570146254,時間切れ,time,4,0.0035254419731928217,1.319845359038989,1.319845359038989,-0.0024324859707491875,-0.344990215304296,0.21664149358663287,1.3349370153190667,False
EURUSD,買い,1,2021-12-14 05:00:00,2021-12-14 09:00:00,1.1308963224968553,2021-12-14 13:00:00,1.1259589242534647,初期損切り,initial,2,0.0024555378732676663,1.12598524675032,1.12598524675032,-0.004937398243390678,-1.0053598230232788,0.0014976364994030917,2.0000000000000178,False
AUDUSD,売り,-1,2021-12-13 09:00:00,2021-12-13 13:00:00,0.7121757478820956,2021-12-15 13:00:00,0.7167940611815794,初期損切り,initial,13,0.0022870305907896913,0.716749809063675,0.716749809063675,-0.004618313299483812,-1.0096745793612558,1.397334996289696,2.0000000000000235,False
GBPUSD,買い,1,2021-12-15 01:00:00,2021-12-15 05:00:00,1.3261162429853746,2021-12-15 13:00:00,1.320360282272108,初期損切り,initial,3,0.002844858863945892,1.3204265252574827,1.3204265252574827,-0.00575596071326645,-1.011642578514912,0.24034830806229543,2.00000000000002,False
USDCHF,売り,-1,2021-12-08 05:00:00,2021-12-08 09:00:00,0.9224836570334297,2021-12-15 13:00:00,0.9271798882956569,初期損切り,initial,32,0.00229994414782849,0.9270835453290867,0.9270835453290867,-0.00469623126222718,-1.020944631777507,1.5755413177537418,1.9999999999999827,False
EURUSD,買い,1,2021-12-15 13:00:00,2021-12-15 17:00:00,1.1291463224968552,2021-12-16 09:00:00,1.131836688539144,トレイル,trail,5,0.0027246593093338545,1.1236970038781875,1.1318630110359993,0.002690366042288783,0.4937068706301017,2.4970745809714563,0.3656686520190321,True
GBPUSD,買い,1,2021-12-16 01:00:00,2021-12-16 05:00:00,1.3292862429853747,2021-12-16 09:00:00,1.3322603626238771,トレイル,trail,2,0.0034489295938320646,1.3223883837977106,1.3323266056092518,0.0029741196385024704,0.43116560625378864,2.3815380369939723,0.9847237796469888,True
USDJPY,買い,1,2021-12-15 05:00:00,2021-12-15 09:00:00,113.84479265018453,2021-12-16 09:00:00,113.96903538360029,トレイル,trail,7,0.19744797747678786,113.44989669523096,113.97082803378481,0.12424273341575542,0.3146214385264126,2.13832197833022,0.48008924373851386,True
AUDUSD,買い,1,2021-12-16 01:00:00,2021-12-16 05:00:00,0.7201842521179044,2021-12-17 09:00:00,0.7143905687745823,初期損切り,initial,8,0.0028747156127088636,0.7144348208924867,0.7144348208924867,-0.005793683343322087,-1.007696781850129,0.7638139482001062,1.9999999999999947,False
USDCHF,売り,-1,2021-12-16 21:00:00,2021-12-17 01:00:00,0.9180036570334298,2021-12-17 09:00:00,0.9227824369323112,初期損切り,initial,3,0.0023412184661556054,0.922686093965741,0.922686093965741,-0.0047787798988814245,-1.0205753901147923,0.22366859009518045,1.999999999999989,False
USDJPY,売り,-1,2021-12-17 05:00:00,2021-12-17 09:00:00,113.33620734981547,2021-12-20 01:00:00,113.45379265018452,時間切れ,time,4,0.2395167048986693,113.8152407596128,113.8152407596128,-0.11758530036905768,-0.24546367323064938,0.21379448183847777,1.7902411039177404,False
GBPUSD,買い,1,2021-12-21 01:00:00,2021-12-21 05:00:00,1.3247962429853746,2021-12-24 13:00:00,1.3386914617292358,トレイル,trail,21,0.0033681968569264234,1.3180598492715216,1.3387577047146104,0.013895218743861237,2.0627088222719,5.645084839838007,0.5006367077111132,True
AUDUSD,買い,1,2021-12-21 05:00:00,2021-12-21 09:00:00,0.7128442521179044,2021-12-27 01:00:00,0.7216865964215341,トレイル,trail,23,0.002272767640374321,0.7082987168371557,0.7217308485394385,0.008842344303629734,1.945281195171675,5.41003297638933,0.32746511551961033,True
USDJPY,買い,1,2021-12-21 05:00:00,2021-12-21 09:00:00,113.76779265018453,2021-12-29 09:00:00,114.71445886972332,トレイル,trail,37,0.21383232006144318,113.34012801006165,114.71625151990784,0.946666219538784,2.2135714078834443,5.9355262546409095,0.008383438874027899,True
EURUSD,買い,1,2021-12-22 05:00:00,2021-12-22 09:00:00,1.1312063224968554,2021-12-29 21:00:00,1.1329876962912793,トレイル,trail,34,0.00259065414124359,1.1260250142143682,1.1330140187881346,0.0017813737944238905,0.3438077213905479,2.197776002786506,1.4731115343028913,True
USDCHF,売り,-1,2021-12-22 17:00:00,2021-12-22 21:00:00,0.9189736570334298,2021-12-29 21:00:00,0.9159401068891043,トレイル,trail,31,0.0021091759483560586,0.923192008930142,0.9158437639225341,0.003033550144325492,0.7191315989284612,2.983941210943161,1.406399010420257,True
GBPUSD,買い,1,2021-12-27 05:00:00,2021-12-27 09:00:00,1.3427662429853746,2021-12-30 01:00:00,1.3462029138793907,トレイル,trail,17,0.0028072287568230376,1.3371517854717285,1.3462691568647653,0.003436670894016114,0.6121109449422677,2.747819177855319,0.6754857368733286,True
EURUSD,買い,1,2021-12-31 09:00:00,2021-12-31 13:00:00,1.1386563224968553,2022-01-03 05:00:00,1.1351536775031448,時間切れ,time,4,0.0027599060517367055,1.133136510393382,1.133136510393382,-0.0035026449937105575,-0.6345587364299002,0.0,1.8682963840782554,False
GBPUSD,買い,1,2021-12-31 09:00:00,2021-12-31 13:00:00,1.3536062429853746,2022-01-03 05:00:00,1.3516337570146253,時間切れ,time,4,0.0030436617650183326,1.3475189194553379,1.3475189194553379,-0.0019724859707492826,-0.3240317293826178,0.25421911971900135,1.3261141667462275,False
AUDUSD,買い,1,2021-12-28 01:00:00,2021-12-28 05:00:00,0.7250142521179044,2022-01-03 09:00:00,0.721261599504779,初期損切り,initial,26,0.0018542002476105133,0.7213058516226833,0.7213058516226833,-0.0037526526131254068,-1.0119329392716367,1.4916122925017357,2.0000000000000027,False
USDCHF,売り,-1,2021-12-31 01:00:00,2021-12-31 05:00:00,0.9125136570334298,2022-01-03 09:00:00,0.9166265762291957,初期損切り,initial,8,0.0020082881145978815,0.9165302332626255,0.9165302332626255,-0.004112919195765952,-1.0239863408715835,1.137116241853109,1.9999999999999745,False
EURUSD,売り,-1,2022-01-03 09:00:00,2022-01-03 13:00:00,1.1283636775031447,2022-01-04 05:00:00,1.1302263224968554,時間切れ,time,4,0.0029270474860173578,1.1342177724751794,1.1342177724751794,-0.0018626449937106937,-0.3181781304554565,0.011505622408083843,0.880177895699529,False
USDJPY,買い,1,2021-12-29 21:00:00,2021-12-30 01:00:00,115.11679265018452,2022-01-04 09:00:00,116.11974701578501,トレイル,trail,21,0.15364022268697955,114.80951220481056,116.12153966596954,1.0029543656004876,3.2639706844342014,8.039609213090275,1.0856053660136604,True
AUDUSD,買い,1,2022-01-05 05:00:00,2022-01-05 09:00:00,0.7258242521179044,2022-01-05 17:00:00,0.7214478757691777,初期損切り,initial,3,0.0021660621154111345,0.7214921278870821,0.7214921278870821,-0.004376376348726674,-1.010214877401151,0.6443711249853508,2.0000000000000138,False
GBPUSD,買い,1,2022-01-05 09:00:00,2022-01-05 13:00:00,1.3589662429853746,2022-01-05 21:00:00,1.3528477555026968,初期損切り,initial,3,0.0030261222486515707,1.3529139984880714,1.3529139984880714,-0.006118487482677848,-1.0109451932095976,0.2887381747431633,2.000000000000032,False
AUDUSD,売り,-1,2022-01-07 05:00:00,2022-01-07 09:00:00,0.7139157478820957,2022-01-09 17:00:00,0.7188266902888214,初期損切り,initial,3,0.0024333451444106782,0.718782438170917,0.718782438170917,-0.004910942406725738,-1.0090928568037352,0.0311291155180449,2.0000000000000027,False
USDJPY,売り,-1,2022-01-07 09:00:00,2022-01-07 13:00:00,115.62320734981547,2022-01-10 21:00:00,115.38332194735028,トレイル,trail,9,0.22435286477717378,116.07191307936982,115.38152929716576,0.23988540246519108,0.5346163123511798,2.5772229402541593,1.0153320324693351,True
USDCHF,買い,1,2022-01-06 09:00:00,2022-01-06 13:00:00,0.9205663429665703,2022-01-11 09:00:00,0.9241223921007232,トレイル,trail,18,0.002260843288471056,0.9160446563896282,0.9242187350672935,0.003556049134152972,0.7864430834916089,3.1154998974710986,1.0555101181666025,True
AUDUSD,買い,1,2022-01-11 09:00:00,2022-01-11 13:00:00,0.7197842521179044,2022-01-13 13:00:00,0.7275437971029316,トレイル,trail,13,0.002547967186109386,0.7146883177456856,0.727588049220836,0.007759544985027178,1.522693272372083,4.562754161621483,0.08801216873081702,True
GBPUSD,買い,1,2022-01-07 09:00:00,2022-01-07 13:00:00,1.3580362429853745,2022-01-13 13:00:00,1.3701464184219954,トレイル,trail,25,0.0031115590617533722,1.3518131248618677,1.37021266140737,0.012110175436620851,1.9459980023321064,5.413285327495628,1.53499994394552,True
EURUSD,買い,1,2022-01-05 05:00:00,2022-01-05 09:00:00,1.1324063224968552,2022-01-14 05:00:00,1.1445478613074842,トレイル,trail,42,0.002477210797107075,1.1274519009026411,1.1445741838043395,0.01214153881062896,2.4506470795315516,6.411920019763354,1.5930507413675905,True
USDJPY,売り,-1,2022-01-12 05:00:00,2022-01-12 09:00:00,115.20520734981547,2022-01-14 05:00:00,113.98976253927283,トレイル,trail,12,0.23197992605886975,115.6691672019332,113.9879698890883,1.2154448105426354,2.619719799018711,6.747167207124044,0.4603529796687227,True
USDJPY,買い,1,2022-01-17 21:00:00,2022-01-18 01:00:00,114.81679265018452,2022-01-18 21:00:00,114.26294238652565,初期損切り,initial,6,0.27602880673717595,114.26473503671018,114.26473503671018,-0.5538502636588731,-1.0032472157629333,0.6202517477767899,1.9999999999999802,False
GBPUSD,売り,-1,2022-01-14 05:00:00,2022-01-14 09:00:00,1.3699937570146254,2022-01-19 01:00:00,1.3617378496696448,トレイル,trail,17,0.002927737789513492,1.3758492325936524,1.3616716066842702,0.008255907344980606,1.4099465079406082,4.342519012516512,0.1660814664195984,True
AUDUSD,売り,-1,2022-01-13 17:00:00,2022-01-13 21:00:00,0.7267157478820956,2022-01-19 05:00:00,0.7206684465434741,トレイル,trail,21,0.0024161296170464976,0.7315480071161886,0.7206241944255697,0.006047301338621525,1.2514438993578934,4.021203090077695,1.11097190273497,True
EURUSD,売り,-1,2022-01-18 05:00:00,2022-01-18 09:00:00,1.1377936775031448,2022-01-19 09:00:00,1.1352427845772821,トレイル,trail,7,0.0024843080536177944,1.1427622936103803,1.1352164620804268,0.0025508929258626356,0.5134010901240441,2.5373976846248443,0.030721832883824688,True
AUDUSD,買い,1,2022-01-19 09:00:00,2022-01-19 13:00:00,0.7230442521179044,2022-01-20 13:00:00,0.7241034714411482,トレイル,trail,7,0.0023548509606316674,0.718334550196641,0.7241477235590525,0.0010592193232438207,0.22490156297613306,1.968595023462608,0.9615267189975412,True
EURUSD,売り,-1,2022-01-20 13:00:00,2022-01-20 17:00:00,1.1312136775031447,2022-01-21 09:00:00,1.1350263224968553,時間切れ,time,4,0.0023954925443595405,1.1360046625918638,1.1360046625918638,-0.00381264499371059,-0.7957956293138745,0.4649054349039395,1.6599185441916333,False
USDJPY,売り,-1,2022-01-19 17:00:00,2022-01-19 21:00:00,114.20020734981547,2022-01-24 09:00:00,113.89226671624944,トレイル,trail,16,0.2789827107099413,114.75817277123535,113.89047406606491,0.30794063356603374,0.5518991352231143,2.6102239381156327,1.2430614402664053,True
AUDUSD,売り,-1,2022-01-20 17:00:00,2022-01-20 21:00:00,0.7199557478820956,2022-01-24 13:00:00,0.7132575320564605,トレイル,trail,11,0.002782186625704051,0.7255201211335037,0.7132132799385561,0.006698215825635123,1.2037682454066314,3.923442008256111,0.5406726148443515,True
GBPUSD,売り,-1,2022-01-20 13:00:00,2022-01-20 17:00:00,1.3598037570146253,2022-01-24 13:00:00,1.3483923792956238,トレイル,trail,12,0.002857424206832882,1.365518605428291,1.3483261363102492,0.01141137771900147,1.9967944716982777,5.516771705415651,0.24016139561416183,True
EURUSD,売り,-1,2022-01-24 05:00:00,2022-01-24 09:00:00,1.1295436775031447,2022-01-25 01:00:00,1.1310363224968554,時間切れ,time,4,0.0022857707685510495,1.1341152190402468,1.1341152190402468,-0.0014926449937107122,-0.3265080239557224,0.20722878674527237,1.7439729966370145,False
USDCHF,売り,-1,2022-01-12 09:00:00,2022-01-12 13:00:00,0.9132236570334298,2022-01-25 01:00:00,0.9183422966565925,初期損切り,initial,52,0.0025111483282962434,0.9182459536900223,0.9182459536900223,-0.005118639623162724,-1.0191830497395595,1.6062997904096215,1.999999999999999,False
USDJPY,買い,1,2022-01-25 01:00:00,2022-01-25 05:00:00,114.05679265018453,2022-01-25 21:00:00,113.86520734981548,時間切れ,time,4,0.2834945728511024,113.48980350448232,113.48980350448232,-0.19158530036905574,-0.33789941451486016,0.3499444409737547,0.9763596085837944,False
AUDUSD,買い,1,2022-01-26 09:00:00,2022-01-26 13:00:00,0.7170642521179044,2022-01-26 13:00:00,0.7121717559722988,初期損切り,initial,1,0.0024241220138505985,0.7122160080902031,0.7122160080902031,-0.004892496145605607,-1.0091274526718474,0.0,2.000000000000014,False
GBPUSD,売り,-1,2022-01-26 21:00:00,2022-01-27 01:00:00,1.3431837570146254,2022-01-27 09:00:00,1.3403419483353955,トレイル,trail,3,0.0029771369000140377,1.3491380308146534,1.340275705350021,0.0028418086792298958,0.47727208634854784,2.476794740137995,0.052480954226121125,True
USDCHF,買い,1,2022-01-26 09:00:00,2022-01-26 13:00:00,0.9210063429665702,2022-01-27 13:00:00,0.9306119540985228,トレイル,trail,7,0.0020544686232712743,0.9168974057200276,0.9307082970650931,0.009605611131952574,2.337736148206007,6.2223666444098304,0.4752289499635324,True
EURUSD,売り,-1,2022-01-26 13:00:00,2022-01-26 17:00:00,1.1241236775031447,2022-01-28 05:00:00,1.115765099223252,トレイル,trail,10,0.0024058511509310572,1.1289353798050068,1.1157387767263967,0.008358578279892726,1.7371353744511544,4.985211781910572,0.09407169548610438,True
USDJPY,買い,1,2022-01-26 05:00:00,2022-01-26 09:00:00,114.30579265018453,2022-01-28 05:00:00,115.30890628757744,トレイル,trail,12,0.24953404149201977,113.80672456720049,115.31069893776197,1.0031136373929144,2.0099735318577654,5.527131054219636,0.37987863145943446,True
GBPUSD,買い,1,2022-01-31 01:00:00,2022-01-31 05:00:00,1.3445762429853747,2022-01-31 21:00:00,1.3437937570146254,時間切れ,time,4,0.0032528376432632592,1.3380705676988482,1.3380705676988482,-0.0007824859707492582,-0.12027744027892294,0.4469196357328618,1.6251173790744233,False
EURUSD,買い,1,2022-01-31 01:00:00,2022-01-31 05:00:00,1.1175163224968554,2022-02-01 09:00:00,1.1242795614777925,トレイル,trail,8,0.0023894106835681897,1.112737501129719,1.1243058839746478,0.006763238980937114,1.415252519679316,4.341521352726728,1.2079641715442326,True
AUDUSD,買い,1,2022-01-31 01:00:00,2022-01-31 05:00:00,0.7052842521179044,2022-02-03 01:00:00,0.7114747140549796,トレイル,trail,18,0.0029340225514106542,0.699416207015083,0.711518966172884,0.006190461937075287,1.0549445051298196,3.624971415772543,0.6694741037215313,True
USDCHF,売り,-1,2022-01-31 13:00:00,2022-01-31 17:00:00,0.9273036570334298,2022-02-03 01:00:00,0.9216102877576496,トレイル,trail,15,0.002449296527386301,0.9322022500882023,0.9215139447910794,0.005693369275780125,1.1622458146902381,3.8638265835164733,0.17406751767424924,True
USDJPY,売り,-1,2022-01-31 13:00:00,2022-01-31 17:00:00,115.12220734981547,2022-02-03 01:00:00,114.56129262048574,トレイル,trail,15,0.2649999802008044,115.65220731021708,114.55949997030122,0.5609147293297241,1.0583297570526033,3.623424232288104,0.26714209612727513,True
GBPUSD,買い,1,2022-02-01 01:00:00,2022-02-01 05:00:00,1.3498762429853746,2022-02-03 09:00:00,1.3576216017167342,トレイル,trail,14,0.0034147701985941495,1.3430467025881863,1.3576878447021088,0.0077453587313596195,1.134096627431673,3.7875922133648414,0.6607305482235414,True
EURUSD,買い,1,2022-02-02 01:00:00,2022-02-02 05:00:00,1.1293563224968552,2022-02-04 05:00:00,1.143415088230364,トレイル,trail,13,0.0024990595151870684,1.1243582034664812,1.1434414107272193,0.014058765733508727,2.812811309228934,7.13615557963602,1.0309168233884587,True
AUDUSD,売り,-1,2022-02-04 05:00:00,2022-02-04 09:00:00,0.7055057478820956,2022-02-07 01:00:00,0.7084742521179044,時間切れ,time,4,0.002789981660474553,0.7110857112030448,0.7110857112030448,-0.0029685042358087443,-0.5319935033737508,0.11675628077074854,1.30260788785479,False
GBPUSD,売り,-1,2022-02-04 05:00:00,2022-02-04 09:00:00,1.3511637570146253,2022-02-07 01:00:00,1.3521762429853745,時間切れ,time,4,0.0034329578119012094,1.3580296726384278,1.3580296726384278,-0.0010124859707492107,-0.14746554228531064,0.1001343545305719,1.295163887525982,False
USDJPY,買い,1,2022-02-03 05:00:00,2022-02-03 09:00:00,114.85779265018452,2022-02-07 01:00:00,115.0747481696747,トレイル,trail,11,0.23497278676051092,114.3878470766635,115.07654081985923,0.21695551949018466,0.46166094908537253,2.4309510802953835,0.5183266192806003,True
EURUSD,売り,-1,2022-02-08 01:00:00,2022-02-08 05:00:00,1.1405636775031447,2022-02-08 21:00:00,1.1423363224968552,時間切れ,time,4,0.0030053982024730074,1.1465744739080908,1.1465744739080908,-0.0017726449937105482,-0.2949101706808632,0.170918283880652,0.9304332765469391,False
AUDUSD,買い,1,2022-02-08 13:00:00,2022-02-08 17:00:00,0.7147042521179043,2022-02-10 05:00:00,0.7157156405431883,トレイル,trail,10,0.002480071559271583,0.7097441089993611,0.7157598926610926,0.0010113884252839211,0.20390307318006867,1.9256492274353354,0.2113858835824388,True
EURUSD,売り,-1,2022-02-10 05:00:00,2022-02-10 09:00:00,1.1407836775031448,2022-02-10 09:00:00,1.1462095125621952,初期損切り,initial,1,0.00269975628109752,1.1461831900653399,1.1461831900653399,-0.005425835059050366,-1.004874976500587,-0.0,2.000000000000009,False
USDCHF,買い,1,2022-02-04 05:00:00,2022-02-04 09:00:00,0.9246763429665702,2022-02-10 09:00:00,0.9252165330468463,トレイル,trail,25,0.002431415991055657,0.9198135109844588,0.9253128760134165,0.0005401900802760595,0.11108549138922197,1.7617952046000813,1.0308161893275876,True
USDJPY,買い,1,2022-02-07 21:00:00,2022-02-08 01:00:00,115.46379265018453,2022-02-10 09:00:00,115.8477749799377,トレイル,trail,15,0.2289549132518461,115.00588282368084,115.84956763012222,0.3839823297531666,0.8385544653736984,3.18493863904704,1.0036589602764616,True
AUDUSD,買い,1,2022-02-10 09:00:00,2022-02-10 13:00:00,0.7216042521179044,2022-02-10 13:00:00,0.7156818926019801,初期損切り,initial,1,0.0029390536990099546,0.7157261447198845,0.7157261447198845,-0.005922359515924236,-1.0075282935319,0.0,1.9999999999999836,False
GBPUSD,買い,1,2022-02-09 01:00:00,2022-02-09 05:00:00,1.3569562429853745,2022-02-10 13:00:00,1.3598368081156313,トレイル,trail,9,0.0029646325993293705,1.3510269777867159,1.359903051101006,0.002880565130256807,0.48582160415230197,2.49398762473905,1.5537314763443457,True
AUDUSD,売り,-1,2022-02-10 21:00:00,2022-02-11 01:00:00,0.7118557478820956,2022-02-11 09:00:00,0.7185231493999452,初期損切り,initial,3,0.003311574699972632,0.7184788972820408,0.7184788972820408,-0.006667401517849614,-1.006681431330043,0.29464770403751106,1.9999999999999925,False
AUDUSD,売り,-1,2022-02-14 01:00:00,2022-02-14 05:00:00,0.7095557478820956,2022-02-14 21:00:00,0.7129142521179044,時間切れ,time,4,0.0034276955540535133,0.7164111389902027,0.7164111389902027,-0.003358504235808746,-0.4899070210359051,0.12712560821813806,1.3782589624442,False
GBPUSD,売り,-1,2022-02-14 01:00:00,2022-02-14 05:00:00,1.3512137570146254,2022-02-14 21:00:00,1.3538262429853747,時間切れ,time,4,0.004080063957440728,1.359373884929507,1.359373884929507,-0.0026124859707492565,-0.3201525757929505,0.2509169035839307,0.8716145193972157,False
USDCHF,売り,-1,2022-02-14 17:00:00,2022-02-14 21:00:00,0.9236336570334298,2022-02-15 13:00:00,0.9263263429665702,時間切れ,time,4,0.0023216597822137796,0.9282769765978574,0.9282769765978574,-0.0026926859331404263,-0.5799053663609706,0.41076519511421394,1.6308776141867811,False
AUDUSD,買い,1,2022-02-15 01:00:00,2022-02-15 05:00:00,0.7144042521179044,2022-02-15 21:00:00,0.7149557478820956,時間切れ,time,4,0.0034887484872328724,0.7074267551434387,0.7074267551434387,0.0005514957641912233,0.07903919789710126,0.331278648009474,0.8439278809231803,False
USDJPY,売り,-1,2022-02-16 05:00:00,2022-02-16 09:00:00,115.48320734981547,2022-02-17 17:00:00,115.24151050768477,トレイル,trail,9,0.2604785716668195,116.0041644931491,115.23971785750024,0.24169684213070752,0.46394764948239997,2.434777439683942,0.2948136950119479,True
GBPUSD,買い,1,2022-02-16 09:00:00,2022-02-16 13:00:00,1.3581462429853746,2022-02-18 09:00:00,1.3590481072509377,トレイル,trail,12,0.0034570998424585378,1.3512320433004574,1.3591143502363123,0.000901864265563157,0.13043653736679336,1.780034507261793,0.7423109260129312,True
AUDUSD,売り,-1,2022-02-18 09:00:00,2022-02-18 13:00:00,0.7168157478820957,2022-02-21 05:00:00,0.7216242521179044,時間切れ,time,4,0.0029330767798752583,0.7226819014418462,0.7226819014418462,-0.004808504235808697,-0.8197030962164583,0.02582540034934072,1.8629761605274944,False
USDCHF,売り,-1,2022-02-16 09:00:00,2022-02-16 13:00:00,0.9217936570334297,2022-02-22 01:00:00,0.9184550662376425,トレイル,trail,22,0.0022124821807148554,0.9262186213948594,0.9183587232710723,0.003338590795787244,0.7544898722548223,3.0525249388664766,0.6582394105880309,True
USDJPY,売り,-1,2022-02-21 13:00:00,2022-02-21 17:00:00,114.74420734981547,2022-02-22 09:00:00,115.18857571297681,初期損切り,initial,5,0.2212878564884103,115.18678306279229,115.18678306279229,-0.4443683631613453,-1.0040504938069628,1.0945352070331904,1.9999999999999911,False
AUDUSD,買い,1,2022-02-22 17:00:00,2022-02-22 21:00:00,0.7234842521179043,2022-02-23 09:00:00,0.7243726284399756,トレイル,trail,4,0.0026554129614133337,0.7181734261950776,0.72441688055788,0.0008883763220712826,0.16727649050836288,1.8512178533162358,0.536358049990936,True
AUDUSD,売り,-1,2022-02-23 21:00:00,2022-02-24 01:00:00,0.7193357478820956,2022-02-24 13:00:00,0.7140342521179044,トレイル,trail,4,0.00295601497604391,0.7252477778341835,0.7138940224640659,0.005301495764191255,0.8967301937161268,3.340899136888867,0.26530722078881935,True
EURUSD,売り,-1,2022-02-11 13:00:00,2022-02-13 17:00:00,1.1338236775031447,2022-02-24 13:00:00,1.1166963224968554,トレイル,trail,54,0.003776687874282449,1.1413770532517096,1.1163050318114238,0.01712735500628937,2.267509995056644,6.138626827230045,1.5268199779286638,True
GBPUSD,売り,-1,2022-02-21 17:00:00,2022-02-21 21:00:00,1.3583037570146255,2022-02-24 13:00:00,1.3368262429853746,トレイル,trail,17,0.002827055116020164,1.363957867246666,1.33151058267403,0.02147751402925091,3.798566555625957,10.977414921543456,1.3286769557795168,True
USDCHF,買い,1,2022-02-24 05:00:00,2022-02-24 09:00:00,0.9233963429665702,2022-02-24 13:00:00,0.9256436570334298,トレイル,trail,2,0.0020944739628874546,0.9192073950407953,0.9257682890556689,0.002247314066859518,0.5364865132439645,2.632478193153857,0.723973175813452,True
EURUSD,売り,-1,2022-02-27 21:00:00,2022-02-28 01:00:00,1.1156136775031447,2022-02-28 17:00:00,1.1218863224968554,時間切れ,time,4,0.004792440096546716,1.125198557696238,1.125198557696238,-0.006272644993710719,-0.65443123621207,0.03415327053593246,1.885536869488793,False
USDCHF,売り,-1,2022-02-28 01:00:00,2022-02-28 05:00:00,0.9225436570334298,2022-03-01 05:00:00,0.9188581782321218,トレイル,trail,7,0.002487890177034361,0.9275194373874985,0.9187618352655516,0.0036854788013079842,0.7406835790680246,3.020091924791579,0.5210611700374563,True
USDJPY,買い,1,2022-02-24 09:00:00,2022-02-24 13:00:00,115.34579265018452,2022-03-01 05:00:00,114.74102618309989,初期損切り,initial,17,0.3014869084500547,114.74281883328442,114.74281883328442,-0.6047664670846302,-1.0029730149705949,1.453487158259411,1.9999999999999805,False
GBPUSD,売り,-1,2022-03-01 09:00:00,2022-03-01 13:00:00,1.3311937570146255,2022-03-02 13:00:00,1.3401264738211758,初期損切り,initial,7,0.0044332369105878665,1.3400602308358012,1.3400602308358012,-0.008932716806550278,-1.0074711758823827,0.9008670403080208,1.9999999999999856,False
USDCHF,買い,1,2022-03-02 09:00:00,2022-03-02 13:00:00,0.9223263429665702,2022-03-03 05:00:00,0.9197736570334297,時間切れ,time,4,0.0028400683277026314,0.916646206311165,0.916646206311165,-0.0025526859331405083,-0.4494057252498234,0.01537182503813349,1.1782614291104454,False
USDJPY,買い,1,2022-03-03 01:00:00,2022-03-03 05:00:00,115.78679265018452,2022-03-03 17:00:00,115.2891834086447,初期損切り,initial,4,0.2479082956776483,115.29097605882923,115.29097605882923,-0.4976092415398199,-1.0036155510238638,0.0,1.9999999999999862,False
AUDUSD,買い,1,2022-02-28 09:00:00,2022-02-28 13:00:00,0.7252442521179043,2022-03-04 05:00:00,0.7324603836330459,トレイル,trail,23,0.0033302428326998728,0.7185837664525045,0.7325046357509503,0.007216131515141555,1.0834242242466354,3.680136403794859,0.43367771975158265,True
EURUSD,売り,-1,2022-03-01 09:00:00,2022-03-01 13:00:00,1.1108836775031448,2022-03-07 01:00:00,1.0890205708705052,トレイル,trail,22,0.004549498915766539,1.1199826753346778,1.0889942483736499,0.021863106632639573,2.4028038073458786,6.31139341601684,0.7838934711020354,True
USDCHF,売り,-1,2022-03-04 13:00:00,2022-03-06 17:00:00,0.9172236570334298,2022-03-07 01:00:00,0.9227458350713774,初期損切り,initial,3,0.0027129175356886944,0.9226494921048072,0.9226494921048072,-0.005522178037947634,-1.0177563389419038,0.11193006401233703,2.0000000000000018,False
USDJPY,売り,-1,2022-03-04 09:00:00,2022-03-04 13:00:00,114.76920734981547,2022-03-07 05:00:00,115.07179265018452,時間切れ,time,4,0.26464861629588504,115.29850458240725,115.29850458240725,-0.30258530036904574,-0.5716736868005128,0.25017077641339097,1.355732197682776,False
GBPUSD,売り,-1,2022-03-04 05:00:00,2022-03-04 09:00:00,1.3230637570146253,2022-03-09 01:00:00,1.3150307015755602,トレイル,trail,17,0.004489639060123694,1.3320430351348727,1.3149644585901856,0.008033055439065073,0.8946215198470492,3.303997674640825,0.41790508329259907,True
USDJPY,買い,1,2022-03-08 17:00:00,2022-03-08 21:00:00,115.89179265018453,2022-03-09 13:00:00,115.79120734981548,時間切れ,time,4,0.2413783842895453,115.40903588160543,115.40903588160543,-0.10058530036904756,-0.2083560644112824,0.2080026758122617,1.378717697378107,False
AUDUSD,売り,-1,2022-03-07 21:00:00,2022-03-08 01:00:00,0.7282957478820956,2022-03-10 09:00:00,0.7361716795055172,初期損切り,initial,15,0.003915839752758602,0.7361274273876128,0.7361274273876128,-0.007875931623421595,-1.005650399492627,0.9591168482953953,2.000000000000004,False
EURUSD,買い,1,2022-03-08 09:00:00,2022-03-08 13:00:00,1.0943763224968552,2022-03-10 09:00:00,1.1036451284064173,トレイル,trail,12,0.005632366064484902,1.0831115903678854,1.1036714509032726,0.009268805909562028,0.8228163620265055,3.1503061590808508,0.9527652207644586,True
USDCHF,買い,1,2022-03-08 01:00:00,2022-03-08 05:00:00,0.9288463429665702,2022-03-14 05:00:00,0.9321014793583224,トレイル,trail,25,0.0027881184500715144,0.9232701060664271,0.9321978223248927,0.0032551363917522336,0.5837514528245277,2.7020577383419813,1.3616146639942037,True
USDJPY,買い,1,2022-03-09 17:00:00,2022-03-09 21:00:00,116.05079265018453,2022-03-15 01:00:00,118.09921188959835,トレイル,trail,20,0.23199697347807774,115.58679870322838,118.10100453978288,2.0484192394138176,4.414754228695532,10.337235498643608,1.0163608888924427,True
AUDUSD,売り,-1,2022-03-13 17:00:00,2022-03-13 21:00:00,0.7275957478820956,2022-03-15 05:00:00,0.7211356255666633,トレイル,trail,9,0.0030409156325059716,0.7336775791471075,0.721091373448759,0.0064601223154322485,1.0622001883867724,3.6389526114463315,0.1066297645479964,True
GBPUSD,売り,-1,2022-03-10 09:00:00,2022-03-10 13:00:00,1.3097237570146254,2022-03-15 05:00:00,1.3069632547439962,トレイル,trail,17,0.00463134117241448,1.3189864393594544,1.3068970117586216,0.0027605022706291837,0.2980240677442942,2.1103513325342127,0.5994468733831688,True
USDJPY,買い,1,2022-03-16 09:00:00,2022-03-16 13:00:00,118.58079265018452,2022-03-16 21:00:00,118.70543648822112,トレイル,trail,3,0.2765139077295677,118.02776483472539,118.70722913840565,0.12464383803660439,0.2253843921632087,1.9572518223740984,0.13305894986123704,True
GBPUSD,買い,1,2022-03-16 05:00:00,2022-03-16 09:00:00,1.3093162429853746,2022-03-17 05:00:00,1.3132313594938734,トレイル,trail,6,0.003908265013834804,1.301499712957705,1.313297602479248,0.003915116508498739,0.500876539159919,2.5187025393057327,1.2758200807068927,True
EURUSD,売り,-1,2022-03-11 01:00:00,2022-03-11 05:00:00,1.0967136775031447,2022-03-17 09:00:00,1.106975290342473,初期損切り,initial,26,0.005117645171236422,1.1069489678456177,1.1069489678456177,-0.010261612839328249,-1.0025717391470739,1.2962363120501597,2.00000000000002,False
USDCHF,売り,-1,2022-03-17 09:00:00,2022-03-17 13:00:00,0.9338736570334297,2022-03-18 05:00:00,0.9354563429665702,時間切れ,time,4,0.00286195789828399,0.9395975728299977,0.9395975728299977,-0.001582685933140482,-0.2765040558579582,0.08863059571275057,1.5361312509895193,False
AUDUSD,買い,1,2022-03-16 01:00:00,2022-03-16 05:00:00,0.7229642521179044,2022-03-18 09:00:00,0.7362347482412515,トレイル,trail,14,0.0030806664272294733,0.7168029192634454,0.7362790003591558,0.013270496123347075,2.1538352880486302,5.822035038771051,0.7577101166398096,True
GBPUSD,買い,1,2022-03-18 09:00:00,2022-03-18 13:00:00,1.3188562429853745,2022-03-21 05:00:00,1.3149237570146255,時間切れ,time,4,0.004694330059844742,1.309467582865685,1.309467582865685,-0.003932485970749022,-0.41885486540320976,0.17760937215673514,0.9109378613901437,False
GBPUSD,買い,1,2022-03-21 09:00:00,2022-03-21 13:00:00,1.3198762429853745,2022-03-22 05:00:00,1.3176637570146255,時間切れ,time,4,0.0041200626269439575,1.3116361177314866,1.3116361177314866,-0.0022124859707490785,-0.2685014975597813,0.08343490032829735,1.899544665703222,False
USDJPY,買い,1,2022-03-18 05:00:00,2022-03-18 09:00:00,119.18579265018452,2022-03-22 09:00:00,120.54620734981548,トレイル,trail,13,0.29812838697324334,118.58953587623803,120.58480741954013,1.360414699630951,2.2815920238971517,6.192658701706145,0.3347304535394072,True
USDJPY,買い,1,2022-03-22 17:00:00,2022-03-22 21:00:00,121.12279265018452,2022-03-23 13:00:00,121.06620734981547,時間切れ,time,4,0.3310623906139972,120.46066786895653,120.46066786895653,-0.05658530036905063,-0.0854601760473396,0.20300508822772462,1.5972598071433441,False
GBPUSD,売り,-1,2022-03-24 01:00:00,2022-03-24 05:00:00,1.3159937570146254,2022-03-24 21:00:00,1.3189262429853745,時間切れ,time,4,0.003905645400775572,1.3238050478161765,1.3238050478161765,-0.0029324859707491324,-0.37541631021684757,0.07777383337592626,1.394454034227749,False
USDJPY,買い,1,2022-03-24 01:00:00,2022-03-24 05:00:00,121.62679265018453,2022-03-24 21:00:00,121.91568581903967,トレイル,trail,5,0.3470143538505422,120.93276394248345,121.91747846922419,0.2888931688551395,0.4162553589635729,2.3376766430960365,0.24146738961872885,True
USDCHF,売り,-1,2022-03-18 09:00:00,2022-03-18 13:00:00,0.9322436570334297,2022-03-25 09:00:00,0.9307192502847087,トレイル,trail,30,0.0030552715454256786,0.9383542001242811,0.9306229073181385,0.0015244067487210078,0.24947156513851182,2.030476486686686,1.743328829329378,True
USDJPY,買い,1,2022-03-27 21:00:00,2022-03-28 01:00:00,123.05379265018453,2022-03-28 05:00:00,124.4420629242736,トレイル,trail,2,0.438762950361249,122.17626674946203,124.44385557445813,1.3882702740890664,1.582027690517231,4.668141072825564,0.054226661947967394,True
AUDUSD,買い,1,2022-03-22 05:00:00,2022-03-22 09:00:00,0.7439242521179044,2022-03-28 09:00:00,0.7494059279485568,トレイル,trail,25,0.0030465466223592564,0.7378311588731858,0.7494501800664611,0.005481675830652399,0.89965401980413,3.313833377109942,0.34276584190124876,True
USDCHF,買い,1,2022-03-28 01:00:00,2022-03-28 05:00:00,0.9362863429665702,2022-03-28 21:00:00,0.9349636570334298,時間切れ,time,4,0.002488154078765968,0.9313100348090383,0.9313100348090383,-0.001322685933140444,-0.265796629000654,0.3631837116284782,1.2122814227269063,False
EURUSD,売り,-1,2022-03-21 17:00:00,2022-03-21 21:00:00,1.0986436775031447,2022-03-29 05:00:00,1.106703345761888,初期損切り,initial,33,0.004016672880943947,1.1066770232650327,1.1066770232650327,-0.008059668258743269,-1.0032766542902032,1.0341089818020297,2.000000000000018,False
GBPUSD,売り,-1,2022-03-27 17:00:00,2022-03-27 21:00:00,1.3158337570146255,2022-03-29 05:00:00,1.3114121406181323,トレイル,trail,9,0.003830598421838396,1.3234949538583023,1.3113458976327577,0.004421616396493189,0.577144340070389,2.6715817967976765,0.25224335181310575,True
AUDUSD,買い,1,2022-03-29 21:00:00,2022-03-30 01:00:00,0.7525242521179044,2022-03-30 17:00:00,0.7507857478820956,時間切れ,time,4,0.003007543793082077,0.7465091645317402,0.7465091645317402,-0.001738504235808791,-0.2890239270676094,0.37098308748221587,0.7661574615154843,False
USDJPY,売り,-1,2022-03-29 21:00:00,2022-03-30 01:00:00,121.89720734981547,2022-03-30 17:00:00,121.83179265018452,時間切れ,time,4,0.7485813715542721,123.39437009292402,123.39437009292402,0.06541469963094926,0.0436924442129313,0.49988867481235216,0.4632664709041362,False
EURUSD,買い,1,2022-03-30 01:00:00,2022-03-30 05:00:00,1.1156463224968554,2022-03-30 21:00:00,1.1173736775031446,時間切れ,time,4,0.0038967450490043605,1.1078528323988466,1.1078528323988466,0.0017273550062892884,0.2216407520336283,0.4756989435627061,1.1461674912492597,False
USDCHF,売り,-1,2022-03-29 21:00:00,2022-03-30 01:00:00,0.9284136570334297,2022-03-31 13:00:00,0.9237797845579628,トレイル,trail,10,0.002782294394261673,0.9339782458219531,0.9236834415913926,0.004633872475466871,0.8327430204769084,3.200113205774685,0.22871158705662406,True
GBPUSD,売り,-1,2022-04-01 09:00:00,2022-04-01 13:00:00,1.3103837570146253,2022-04-04 05:00:00,1.3115962429853747,時間切れ,time,4,0.0034767531646037048,1.3173372633438327,1.3173372633438327,-0.0012124859707494107,-0.1743704418095518,0.3289727399315373,0.9624620520784656,False
AUDUSD,買い,1,2022-04-04 09:00:00,2022-04-04 13:00:00,0.7540642521179044,2022-04-05 09:00:00,0.7599632886879326,トレイル,trail,6,0.0026216394627753014,0.7488209731923537,0.760007540805837,0.0058990365700282155,1.1250663284919085,3.7670122159516777,0.1847134683392871,True
EURUSD,売り,-1,2022-04-04 01:00:00,2022-04-04 05:00:00,1.1022036775031447,2022-04-06 05:00:00,1.0923763224968552,トレイル,trail,13,0.003142939843160628,1.108489557189466,1.092174409764741,0.009827355006289507,1.5634017029748244,4.691046675687561,0.32336683092009366,True
USDCHF,買い,1,2022-04-05 09:00:00,2022-04-05 13:00:00,0.9297363429665703,2022-04-06 13:00:00,0.9312497112543964,トレイル,trail,7,0.0024359638526889526,0.9248644152611923,0.9313460542209666,0.0015133682878261112,0.3106302842210838,2.160810813189807,0.3515417380372634,True
GBPUSD,売り,-1,2022-04-05 09:00:00,2022-04-05 13:00:00,1.3084337570146254,2022-04-08 13:00:00,1.3031962429853745,トレイル,trail,19,0.003191161856211572,1.3148160807270486,1.3030267427843174,0.005237514029250878,0.8206280761121685,3.1943716658505603,0.7414988935044784,True
USDCHF,買い,1,2022-04-07 21:00:00,2022-04-08 01:00:00,0.9353463429665703,2022-04-11 09:00:00,0.9310358637281339,初期損切り,initial,9,0.0021070681359330623,0.9311322066947041,0.9311322066947041,-0.0043104792384364155,-1.0228618536171892,0.9651595972377853,2.0000000000000244,False
AUDUSD,売り,-1,2022-04-06 09:00:00,2022-04-06 13:00:00,0.7531557478820956,2022-04-12 05:00:00,0.7445171020564542,トレイル,trail,23,0.0030352332923665308,0.7592262144668287,0.7444728499385498,0.008638645825641444,1.4230612597995733,4.3607019978934956,0.8448286740769864,True
USDJPY,買い,1,2022-03-31 21:00:00,2022-04-01 01:00:00,122.60279265018453,2022-04-12 05:00:00,124.82516881449972,トレイル,trail,44,0.6306923568771626,121.3414079364302,124.82696146468425,2.222376164315193,1.76185436535109,5.026551083499048,0.5894992164253289,True
USDCHF,売り,-1,2022-04-12 05:00:00,2022-04-12 09:00:00,0.9290136570334298,2022-04-13 01:00:00,0.9328963429665702,時間切れ,time,4,0.0024315553550544925,0.9338767677435388,0.9338767677435388,-0.0038826859331404506,-0.7983955465108952,0.13721959186996352,1.9766537317685366,False
EURUSD,売り,-1,2022-04-07 01:00:00,2022-04-07 05:00:00,1.0877836775031446,2022-04-13 09:00:00,1.0859191107167594,トレイル,trail,26,0.003161858813269403,1.0941073951296834,1.085892788219904,0.0018645667863852466,0.2948529482974068,2.098030903626996,1.9154310342506933,True
GBPUSD,売り,-1,2022-04-12 17:00:00,2022-04-12 21:00:00,1.2991737570146253,2022-04-13 09:00:00,1.3054480410580434,初期損切り,initial,4,0.0031040205290216592,1.3053817980726687,1.3053817980726687,-0.00627428404341801,-1.0106705134124179,0.6100980959756205,2.0000000000000266,False
USDJPY,買い,1,2022-04-13 01:00:00,2022-04-13 05:00:00,126.04779265018453,2022-04-13 17:00:00,125.2305020055944,初期損切り,initial,4,0.4077489972027988,125.23229465577893,125.23229465577893,-0.8172906445901305,-1.0021982275822021,0.4027167471703178,2.000000000000015,False
USDCHF,買い,1,2022-04-13 05:00:00,2022-04-13 09:00:00,0.9357063429665703,2022-04-14 01:00:00,0.9326936570334298,時間切れ,time,4,0.0024876796275063043,0.9307309837115577,0.9307309837115577,-0.0030126859331405242,-0.6055212857454028,0.0,1.317027695344588,False
EURUSD,買い,1,2022-04-13 21:00:00,2022-04-14 01:00:00,1.0912663224968553,2022-04-14 05:00:00,1.0844939541779528,初期損切り,initial,2,0.0033730229110235936,1.084520276674808,1.084520276674808,-0.006772368318902489,-1.003901914921668,0.31534843705581134,1.9999999999999998,False
AUDUSD,売り,-1,2022-04-15 09:00:00,2022-04-15 13:00:00,0.7393157478820956,2022-04-19 01:00:00,0.7378273579148418,トレイル,trail,10,0.0023487371979582666,0.7440132222780121,0.7377831057969374,0.001488389967253867,0.3168489792190691,2.1525387712556894,0.44460151557702327,True
USDCHF,買い,1,2022-04-18 01:00:00,2022-04-18 05:00:00,0.9448163429665702,2022-04-19 09:00:00,0.9445636570334298,トレイル,trail,8,0.0022204391269639023,0.9403754647126424,0.9458693413095542,-0.00025268593314042853,-0.05689999110354725,1.974229772929535,1.2098250899782008,True
USDJPY,買い,1,2022-04-14 21:00:00,2022-04-15 01:00:00,126.38479265018452,2022-04-19 21:00:00,128.79755277936465,トレイル,trail,18,0.40443638030055445,125.57591988958342,128.79934542954916,2.4127601291801284,2.982867326855092,7.470167118918163,0.3580109437161058,True
EURUSD,売り,-1,2022-04-17 21:00:00,2022-04-18 01:00:00,1.0792336775031448,2022-04-20 05:00:00,1.0853078585115565,初期損切り,initial,14,0.0030239292557781654,1.0852815360147012,1.0852815360147012,-0.006074181008411728,-1.0043523665120637,1.0296793475558936,2.000000000000031,False
GBPUSD,売り,-1,2022-04-17 21:00:00,2022-04-18 01:00:00,1.3021337570146254,2022-04-21 05:00:00,1.3083815839414663,初期損切り,initial,20,0.00309079197073314,1.3083153409560917,1.3083153409560917,-0.006247826926840894,-1.010716183101592,1.3083239030371443,2.0000000000000013,False
AUDUSD,買い,1,2022-04-19 21:00:00,2022-04-20 01:00:00,0.7425042521179044,2022-04-21 09:00:00,0.7370697039546265,初期損切り,initial,9,0.002695148022686758,0.7371139560725308,0.7371139560725308,-0.00543454816327793,-1.0082095895164043,1.2302655936464033,2.0000000000000147,False
EURUSD,買い,1,2022-04-21 01:00:00,2022-04-21 05:00:00,1.0921463224968553,2022-04-21 09:00:00,1.0852693962576845,初期損切り,initial,2,0.0034253018711577787,1.0852957187545398,1.0852957187545398,-0.0068769262391708,-1.0038423616144443,0.11201275612389552,1.9999999999999825,False
USDCHF,買い,1,2022-04-21 09:00:00,2022-04-21 13:00:00,0.9541463429665702,2022-04-25 05:00:00,0.9550729293690329,トレイル,trail,11,0.003047151776264613,0.9480520394140409,0.9551692723356031,0.0009265864024626813,0.15204139315937656,1.835700169909782,0.6223329541184873,True
USDJPY,買い,1,2022-04-22 09:00:00,2022-04-22 13:00:00,128.8927926501845,2022-04-25 05:00:00,128.12220734981548,時間切れ,time,4,0.5466661403313356,127.79946036952184,127.79946036952184,-0.7705853003690208,-0.7048043069779,0.0,1.8416956454890154,False
GBPUSD,売り,-1,2022-04-22 01:00:00,2022-04-22 05:00:00,1.2886337570146253,2022-04-25 21:00:00,1.2758964003562396,トレイル,trail,11,0.0040601049139099375,1.2967539668424453,1.275830157370865,0.012737356658385712,1.568599448593985,4.653514481829069,0.7428977943503272,True
GBPUSD,売り,-1,2022-04-26 05:00:00,2022-04-26 09:00:00,1.2679637570146254,2022-04-27 05:00:00,1.259977987405339,トレイル,trail,6,0.004221162946642918,1.2764060829079111,1.2599117444199643,0.00798576960928643,0.9459205567552771,3.4075341787184112,0.4255327283215084,True
AUDUSD,売り,-1,2022-04-26 13:00:00,2022-04-26 17:00:00,0.7122057478820957,2022-04-27 09:00:00,0.7124442521179044,時間切れ,time,4,0.003677050267683071,0.7195598484174618,0.7195598484174618,-0.00023850423580873414,-0.032431462510168096,0.07227202859620037,1.8695018064672477,False
EURUSD,売り,-1,2022-04-22 01:00:00,2022-04-22 05:00:00,1.0797836775031446,2022-04-27 13:00:00,1.0568636998895833,トレイル,trail,21,0.003584918261818669,1.0869535140267819,1.056837377392728,0.02291997761356135,3.196722482862662,7.900787531143222,1.3156011246021386,True
USDJPY,売り,-1,2022-04-25 09:00:00,2022-04-25 13:00:00,127.69620734981547,2022-04-27 17:00:00,128.8200611830919,初期損切り,initial,14,0.561030591545956,128.81826853290738,128.81826853290738,-1.1238538332764278,-1.0015976403172384,1.346107255460779,2.0000000000000058,False
USDCHF,買い,1,2022-04-26 01:00:00,2022-04-26 05:00:00,0.9597963429665702,2022-04-28 09:00:00,0.9717616199003696,トレイル,trail,14,0.0026946914220401254,0.9544069601224899,0.9718579628669398,0.01196527693379934,2.220157164552174,5.976067204473389,1.2306948912389637,True
EURUSD,売り,-1,2022-04-28 05:00:00,2022-04-28 09:00:00,1.0485136775031447,2022-04-29 01:00:00,1.0516863224968553,時間切れ,time,4,0.00438555707768347,1.0572847916585117,1.0572847916585117,-0.003172644993710616,-0.3617151638334695,0.07836575765791103,1.0526194084546263,False
GBPUSD,売り,-1,2022-04-28 05:00:00,2022-04-28 09:00:00,1.2429937570146254,2022-04-29 01:00:00,1.2494862429853746,時間切れ,time,4,0.005276066094210808,1.253545889203047,1.253545889203047,-0.00649248597074914,-0.6152771643510168,0.3532474728984907,1.2748595004817898,False
USDJPY,買い,1,2022-04-27 21:00:00,2022-04-28 01:00:00,129.84879265018452,2022-04-29 01:00:00,130.34452730686115,トレイル,trail,7,0.6037866953029035,128.64121925957872,130.34631995704567,0.49573465667663186,0.4105213484605976,2.324011709319857,0.1106229247913489,True
AUDUSD,売り,-1,2022-04-27 21:00:00,2022-04-28 01:00:00,0.7096757478820956,2022-04-29 05:00:00,0.7172141095711044,初期損切り,initial,8,0.0037470547855521946,0.7171698574532,0.7171698574532,-0.007538361689008788,-1.0059049200554826,1.1144080140478267,2.000000000000006,False
GBPUSD,買い,1,2022-04-29 09:00:00,2022-04-29 13:00:00,1.2578562429853746,2022-05-02 13:00:00,1.2475507224467994,初期損切り,initial,7,0.00511963877660027,1.247616965432174,1.247616965432174,-0.010305520538575141,-1.0064694979729205,0.7058617164832979,1.9999999999999982,False
AUDUSD,売り,-1,2022-05-01 21:00:00,2022-05-02 01:00:00,0.7037357478820956,2022-05-02 17:00:00,0.7050942521179043,時間切れ,time,4,0.004164737586868624,0.7120652230558329,0.7120652230558329,-0.001358504235808744,-0.16309601835324444,0.1814635055227494,0.9470589768586086,False
USDCHF,買い,1,2022-05-02 05:00:00,2022-05-02 09:00:00,0.9761363429665703,2022-05-04 13:00:00,0.9787874291869273,トレイル,trail,14,0.0033441518976682952,0.9694480391712337,0.9788837721534975,0.002651086220357035,0.39637646576483276,2.3215623186383776,1.2249273035194401,True
AUDUSD,買い,1,2022-05-04 09:00:00,2022-05-04 13:00:00,0.7151442521179043,2022-05-05 01:00:00,0.7210775382966657,トレイル,trail,4,0.0036721397236200146,0.7077999726706643,0.72112179041457,0.005933286178761321,0.8078785974015521,3.127807966624144,0.7146384166769366,True
GBPUSD,買い,1,2022-05-04 13:00:00,2022-05-04 17:00:00,1.2630362429853745,2022-05-05 05:00:00,1.2515704899917752,初期損切り,initial,4,0.005699755004112346,1.2516367329771498,1.2516367329771498,-0.01146575299359931,-1.0058110379592478,0.12522591130854244,2.0000000000000013,False
EURUSD,買い,1,2022-05-04 13:00:00,2022-05-04 17:00:00,1.0624063224968554,2022-05-05 09:00:00,1.0553136775031446,時間切れ,time,4,0.004335708498466793,1.0537349054999219,1.0537349054999219,-0.007092644993710762,-0.8179337928528735,0.41139239498580565,1.8027785999957149,False
USDJPY,売り,-1,2022-05-04 13:00:00,2022-05-04 17:00:00,129.0892073498155,2022-05-05 09:00:00,130.0946947559939,初期損切り,initial,5,0.5018473779969538,130.0929021058094,130.0929021058094,-1.0054874061784176,-1.0017860511612764,0.6679467991910875,1.9999999999999951,False
USDCHF,買い,1,2022-05-05 09:00:00,2022-05-05 13:00:00,0.9876563429665702,2022-05-06 05:00:00,0.9844836570334298,時間切れ,time,4,0.004417174144227311,0.9788219946781156,0.9788219946781156,-0.003172685933140462,-0.3591307281021241,0.30418928245918203,1.0133951753793078,False
USDJPY,買い,1,2022-05-05 21:00:00,2022-05-06 01:00:00,130.5667926501845,2022-05-08 17:00:00,130.64020734981548,時間切れ,time,4,0.5122381030574725,129.54231644406957,129.54231644406957,0.07341469963097325,0.07166071714772085,0.2776196244806441,0.8117175346829837,False
AUDUSD,売り,-1,2022-05-06 13:00:00,2022-05-08 17:00:00,0.7065057478820956,2022-05-10 01:00:00,0.6982220027635169,トレイル,trail,9,0.004745167097074972,0.7159960820762455,0.6981777506456125,0.008283745118578767,0.8728612659062158,3.2550482556487284,0.019862760568003804,True
USDJPY,売り,-1,2022-05-09 17:00:00,2022-05-09 21:00:00,130.03920734981548,2022-05-10 13:00:00,130.2497926501845,時間切れ,time,4,0.49878906652212895,131.03678548285976,131.03678548285976,-0.21058530036901857,-0.21109654812338982,0.4835858802947143,1.0260703061377099,False
AUDUSD,買い,1,2022-05-11 01:00:00,2022-05-11 05:00:00,0.7004742521179044,2022-05-11 17:00:00,0.6914384856595641,初期損切り,initial,4,0.004495757170217948,0.6914827377774685,0.6914827377774685,-0.009035766458340255,-1.0049215422707334,1.0911950304152684,1.9999999999999964,False
EURUSD,売り,-1,2022-05-11 05:00:00,2022-05-11 09:00:00,1.0520636775031447,2022-05-12 01:00:00,1.0518363224968552,時間切れ,time,4,0.003890204002360669,1.059844085507866,1.059844085507866,0.0002273550062894536,0.02922147606545687,0.33511803040499893,1.4591323471495856,False
USDJPY,売り,-1,2022-05-11 17:00:00,2022-05-11 21:00:00,129.7392073498155,2022-05-12 13:00:00,128.4057926501845,トレイル,trail,5,0.5502098088093172,130.83962696743413,128.34231471321397,1.3334146996309926,1.211732941036231,4.038836302508816,0.3085961890645508,True
GBPUSD,売り,-1,2022-05-06 05:00:00,2022-05-06 09:00:00,1.2322437570146254,2022-05-13 13:00:00,1.2254260374081363,トレイル,trail,32,0.006526529615174443,1.2452968162449742,1.2253597944227617,0.0068177196064891366,0.5223081797282942,2.554766161768149,1.2849467450321748,True
USDJPY,買い,1,2022-05-13 09:00:00,2022-05-13 13:00:00,129.37279265018452,2022-05-16 05:00:00,129.37720734981548,時間切れ,time,4,0.582891521218916,128.2070096077467,128.2070096077467,0.00441469963095642,0.0037868964209023,0.44812343344648337,1.1542330359817554,False
AUDUSD,売り,-1,2022-05-11 21:00:00,2022-05-12 01:00:00,0.6889957478820956,2022-05-16 21:00:00,0.6994022947916111,初期損切り,initial,18,0.005181147395805573,0.6993580426737067,0.6993580426737067,-0.01040654690951548,-1.0042704940164564,1.1765246993417917,1.999999999999992,False
USDCHF,買い,1,2022-05-08 17:00:00,2022-05-08 21:00:00,0.9907563429665702,2022-05-17 01:00:00,1.000085767861856,トレイル,trail,38,0.004178592781049261,0.9823991574044717,1.0001821108284261,0.009329424895285765,1.1163357359918558,3.7557277906101927,0.8510862754320001,True
EURUSD,買い,1,2022-05-16 01:00:00,2022-05-16 05:00:00,1.0433163224968554,2022-05-18 01:00:00,1.0508245616982699,トレイル,trail,12,0.0037060772032498734,1.0359041680903556,1.0508508841951252,0.007508239201414524,1.012963139951661,3.5330288024390915,1.172755519783586,True
GBPUSD,買い,1,2022-05-16 13:00:00,2022-05-16 17:00:00,1.2319062429853747,2022-05-18 01:00:00,1.2424990572369963,トレイル,trail,9,0.005036466518419393,1.221833309948536,1.2425653002223709,0.010592814251621618,1.0516117016644029,3.6163760739823823,0.0806603168886167,True
USDJPY,売り,-1,2022-05-18 05:00:00,2022-05-18 09:00:00,128.90120734981548,2022-05-18 21:00:00,128.5889632550499,トレイル,trail,4,0.462780403243591,129.82676815630265,128.58717060486538,0.3122440947655889,0.3373566518559288,2.1785869556036372,0.049251545711044814,True
AUDUSD,売り,-1,2022-05-18 13:00:00,2022-05-18 17:00:00,0.6953757478820957,2022-05-19 09:00:00,0.7013242521179044,時間切れ,time,4,0.0039760570266386295,0.7033278619353729,0.7033278619353729,-0.005948504235808727,-0.7480406085671274,0.04420154965538822,1.7565774512567365,False
GBPUSD,売り,-1,2022-05-18 13:00:00,2022-05-18 17:00:00,1.2339737570146254,2022-05-19 09:00:00,1.2429762429853746,時間切れ,time,4,0.005446714750523248,1.244867186515672,1.244867186515672,-0.009002485970749152,-0.8264143050528131,0.05760481850005014,1.7967239764914122,False
EURUSD,買い,1,2022-05-19 09:00:00,2022-05-19 13:00:00,1.0593663224968553,2022-05-20 05:00:00,1.0577036775031448,時間切れ,time,4,0.004025381773967673,1.0513155589489198,1.0513155589489198,-0.0016626449937104937,-0.2065201621946637,0.3338012587611975,0.9704228607874044,False
USDCHF,売り,-1,2022-05-18 09:00:00,2022-05-18 13:00:00,0.9872136570334298,2022-05-20 09:00:00,0.9751306114122046,トレイル,trail,12,0.00375617896375621,0.9947260149609422,0.9750342684456343,0.012083045621225197,1.608422513652285,4.742494222271012,0.5581051879577861,True
USDJPY,売り,-1,2022-05-22 21:00:00,2022-05-23 01:00:00,127.43220734981547,2022-05-23 17:00:00,127.91879265018453,時間切れ,time,4,0.536243454282979,128.50469425838142,128.50469425838142,-0.48658530036905745,-0.4536981258071295,0.12905957035505392,0.9525387137219553,False
USDCHF,売り,-1,2022-05-23 01:00:00,2022-05-23 05:00:00,0.9688636570334298,2022-05-24 05:00:00,0.9665190803857232,トレイル,trail,7,0.0035884916127686644,0.9760406402589671,0.966422737419153,0.0023445766477065977,0.3266799676170433,2.180207696624247,0.09930160218355197,True
EURUSD,買い,1,2022-05-23 01:00:00,2022-05-23 05:00:00,1.0646163224968552,2022-05-25 01:00:00,1.0693749897293154,トレイル,trail,12,0.00365245851588623,1.0573114054650827,1.0694013122261707,0.004758667232460212,0.6514334402105553,2.81007366914733,0.04827501697507765,True
USDCHF,売り,-1,2022-05-24 09:00:00,2022-05-24 13:00:00,0.9604236570334298,2022-05-25 05:00:00,0.9628563429665702,時間切れ,time,4,0.0037024857828097495,0.9678286285990493,0.9678286285990493,-0.0024326859331403883,-0.32852063125199454,0.19275078293164094,0.7120467494596437,False
USDJPY,売り,-1,2022-05-24 09:00:00,2022-05-24 13:00:00,126.56620734981547,2022-05-25 05:00:00,127.06179265018453,時間切れ,time,4,0.524371096240446,127.61494954229636,127.61494954229636,-0.4955853003690578,-0.4725520761176845,0.08239841998397002,1.397469569620442,False
EURUSD,売り,-1,2022-05-25 05:00:00,2022-05-25 09:00:00,1.0650836775031447,2022-05-26 01:00:00,1.0682763224968552,時間切れ,time,4,0.0034774672018747115,1.072038611906894,1.072038611906894,-0.003192644993710525,-0.4590474630485892,0.08445155226380668,1.5978073046555001,False
USDCHF,売り,-1,2022-05-26 01:00:00,2022-05-26 05:00:00,0.9596036570334298,2022-05-26 21:00:00,0.9584863429665702,時間切れ,time,4,0.0030214970169403902,0.9656466510673105,0.9656466510673105,0.0011173140668595538,0.1848941204633327,0.4380798743167685,0.6673324366250903,False
GBPUSD,買い,1,2022-05-22 17:00:00,2022-05-22 21:00:00,1.2526662429853745,2022-05-27 05:00:00,1.2591249814513217,トレイル,trail,27,0.005012517042202424,1.2426412089009697,1.2591912244366963,0.006458738465947134,0.6442609981740094,2.8017375095955472,1.096503600705902,True
EURUSD,買い,1,2022-05-26 13:00:00,2022-05-26 17:00:00,1.0721163224968553,2022-05-30 21:00:00,1.0734216362528648,トレイル,trail,14,0.003494694166853289,1.0651269341631486,1.07344795874972,0.0013053137560095074,0.186756507678159,1.88104514709616,0.6885645444110677,True
USDCHF,買い,1,2022-05-30 17:00:00,2022-05-30 21:00:00,0.9612163429665702,2022-05-31 13:00:00,0.9583036570334298,時間切れ,time,4,0.0029597243869920013,0.9552968941925862,0.9552968941925862,-0.0029126859331404242,-0.4920535753162843,0.2782884234254269,1.4921466964897383,False
EURUSD,売り,-1,2022-05-31 05:00:00,2022-05-31 09:00:00,1.0681536775031446,2022-06-01 01:00:00,1.0714563224968554,時間切れ,time,4,0.0032956244475861054,1.0747449263983169,1.0747449263983169,-0.0033026449937108016,-0.5010651313941185,0.0800083587611844,1.9833335383960013,False
AUDUSD,買い,1,2022-05-22 17:00:00,2022-05-22 21:00:00,0.7089842521179044,2022-06-01 09:00:00,0.7160884662139118,トレイル,trail,46,0.004204854445455918,0.7005745432269925,0.7161327183318161,0.007104214096007366,0.8447633786330838,3.2000508118983464,1.2995104084540756,True
GBPUSD,売り,-1,2022-05-30 17:00:00,2022-05-30 21:00:00,1.2611837570146254,2022-06-02 01:00:00,1.2518733318201356,トレイル,trail,14,0.003951392556507302,1.26908654212764,1.251807088834761,0.009310425194489769,1.178119493488063,3.8730034527757744,0.49254609800020177,True
EURUSD,売り,-1,2022-06-01 09:00:00,2022-06-01 13:00:00,1.0638936775031447,2022-06-02 05:00:00,1.0684463224968552,時間切れ,time,4,0.0036477902782263323,1.0711892580595974,1.0711892580595974,-0.004552644993710553,-0.6240277875739321,0.05035308752290741,1.5369092160586564,False
USDCHF,買い,1,2022-06-01 09:00:00,2022-06-01 13:00:00,0.9636563429665702,2022-06-02 05:00:00,0.9606836570334297,時間切れ,time,4,0.0031039360189004683,0.9574484709287693,0.9574484709287693,-0.0029726859331404842,-0.47885747564370257,0.11715996438566967,1.9640685018790436,False
USDJPY,買い,1,2022-05-30 05:00:00,2022-05-30 09:00:00,127.73779265018453,2022-06-02 05:00:00,129.59160652300818,トレイル,trail,18,0.43240055120486637,126.8729915477748,129.5933991731927,1.8538138728236504,2.1436303303245965,5.791406469852058,0.7025723009326137,True
USDCHF,売り,-1,2022-06-02 17:00:00,2022-06-02 21:00:00,0.9569936570334298,2022-06-03 05:00:00,0.9628178059161262,初期損切り,initial,3,0.002863902958063098,0.962721462949556,0.962721462949556,-0.005824148882696445,-1.0168202219106277,0.45869467389992474,2.0000000000000036,False
AUDUSD,買い,1,2022-06-02 09:00:00,2022-06-02 13:00:00,0.7258842521179044,2022-06-05 21:00:00,0.7190344696683332,初期損切り,initial,9,0.0034027651658334276,0.7190787217862376,0.7190787217862376,-0.00684978244957124,-1.006502376118798,0.7158142755640241,2.0000000000000027,False
AUDUSD,売り,-1,2022-06-06 17:00:00,2022-06-06 21:00:00,0.7179757478820956,2022-06-06 21:00:00,0.7238161660295303,初期損切り,initial,1,0.0028980830147651566,0.7237719139116259,0.7237719139116259,-0.005840418147434634,-1.0076347222765643,-0.0,1.9999999999999811,False
EURUSD,買い,1,2022-06-02 09:00:00,2022-06-02 13:00:00,1.0744563224968553,2022-06-06 21:00:00,1.067403529432609,初期損切り,initial,15,0.0035132352836954816,1.0674298519294643,1.0674298519294643,-0.007052793064246332,-1.0037461904384157,0.570322606186813,2.000000000000019,False
USDCHF,買い,1,2022-06-06 09:00:00,2022-06-06 13:00:00,0.9697363429665702,2022-06-07 09:00:00,0.9734005495988274,トレイル,trail,6,0.002948738289734913,0.9638388663871004,0.9734968925653976,0.0036642066322571942,0.6213177081555449,2.7753080230682405,0.07336797820385296,True
USDJPY,買い,1,2022-06-03 05:00:00,2022-06-03 09:00:00,130.5007926501845,2022-06-07 09:00:00,132.4181802223926,トレイル,trail,13,0.3866847516152597,129.72742314695398,132.41997287257712,1.9173875722080993,2.4792645225843364,6.4631649926091015,0.2684167134880639,True
GBPUSD,買い,1,2022-06-07 09:00:00,2022-06-07 13:00:00,1.2593862429853746,2022-06-08 05:00:00,1.2521837570146255,時間切れ,time,4,0.004765763681870222,1.2498547156216342,1.2498547156216342,-0.0072024859707491284,-0.755648669503758,0.11619481191063706,1.5687397622789039,False
USDCHF,買い,1,2022-06-08 01:00:00,2022-06-08 05:00:00,0.9789563429665702,2022-06-08 09:00:00,0.9729847244657827,初期損切り,initial,2,0.002937637767108627,0.9730810674323529,0.9730810674323529,-0.005971618500787534,-1.0163980337618526,0.0,2.0000000000000138,False
USDJPY,買い,1,2022-06-07 17:00:00,2022-06-07 21:00:00,133.0707926501845,2022-06-08 09:00:00,133.83525943940944,トレイル,trail,4,0.42596527360403486,132.21886210297643,133.83705208959395,0.7644667892249402,0.8973346380526392,3.2988777181910347,0.43147331853945636,True
EURUSD,買い,1,2022-06-08 05:00:00,2022-06-08 09:00:00,1.0731963224968553,2022-06-09 09:00:00,1.0667787528055925,初期損切り,initial,7,0.0031956235972037056,1.0668050753024478,1.0668050753024478,-0.006417569691262726,-1.004118522731893,1.3217068201776536,2.000000000000004,False
AUDUSD,売り,-1,2022-06-09 05:00:00,2022-06-09 09:00:00,0.7157557478820956,2022-06-10 01:00:00,0.7133257951826236,トレイル,trail,5,0.003214362043146182,0.722184471968388,0.7132815430647192,0.0024299526994719933,0.37798366625397034,2.2697343311566236,0.1195422646069702,True
USDJPY,買い,1,2022-06-12 17:00:00,2022-06-12 21:00:00,134.9637926501845,2022-06-13 09:00:00,133.851635313706,初期損切り,initial,4,0.5551823431469931,133.8534279638905,133.8534279638905,-1.1121573364785036,-1.001614469738317,0.4434711457498914,2.000000000000009,False
GBPUSD,売り,-1,2022-06-10 01:00:00,2022-06-10 05:00:00,1.2481937570146253,2022-06-13 13:00:00,1.2181615991347399,トレイル,trail,9,0.0038502374329100653,1.2558942318804454,1.2180953561493653,0.030032157879885446,3.9000397252367245,9.317284359658657,0.06655251522529397,True
AUDUSD,売り,-1,2022-06-10 05:00:00,2022-06-10 09:00:00,0.7071357478820957,2022-06-13 21:00:00,0.6963303269329626,トレイル,trail,10,0.003430716543372175,0.71399718096884,0.6962860748150582,0.01080542094913306,1.5748052648080366,4.662509327096107,0.7124611103841851,True
USDCHF,買い,1,2022-06-09 13:00:00,2022-06-09 17:00:00,0.9804863429665702,2022-06-14 01:00:00,0.9942817383567049,トレイル,trail,15,0.003387945784483271,0.9737104513976037,0.9943780813232751,0.013795395390134635,2.035952796723798,5.600342579367353,1.1353023959788406,True
GBPUSD,売り,-1,2022-06-14 05:00:00,2022-06-14 09:00:00,1.2076337570146254,2022-06-14 17:00:00,1.2018446323733007,トレイル,trail,3,0.005585592925284066,1.2188049428651935,1.2017783893879261,0.005789124641324639,0.5182193474142427,2.548298310496998,0.1371820316346386,True
EURUSD,買い,1,2022-06-15 01:00:00,2022-06-15 05:00:00,1.0494263224968554,2022-06-15 05:00:00,1.0408199939614395,初期損切り,initial,1,0.004290003019280288,1.0408463164582948,1.0408463164582948,-0.008606328535415875,-1.0030678879172112,0.0,1.9999999999999991,False
USDCHF,買い,1,2022-06-14 09:00:00,2022-06-14 13:00:00,1.00272634296657,2022-06-15 05:00:00,0.9970436570334298,時間切れ,time,4,0.004519110556619539,0.993688121853331,0.993688121853331,-0.005682685933140252,-0.6287394236036471,0.21545324488771278,1.2361598364499413,False
AUDUSD,売り,-1,2022-06-14 05:00:00,2022-06-14 09:00:00,0.6902157478820956,2022-06-15 13:00:00,0.6982430563527802,初期損切り,initial,8,0.0039915281763900695,0.6981988042348758,0.6981988042348758,-0.008027308470684558,-1.005543255107927,1.2866620640369242,2.0000000000000107,False
USDJPY,買い,1,2022-06-14 09:00:00,2022-06-14 13:00:00,134.9827926501845,2022-06-15 13:00:00,133.70510488992815,初期損切り,initial,7,0.6379475550359203,133.70689754011266,133.70689754011266,-1.2776877602563559,-1.0014050137588617,0.9627865879679057,2.0000000000000044,False
EURUSD,売り,-1,2022-06-15 09:00:00,2022-06-15 13:00:00,1.0381636775031446,2022-06-16 05:00:00,1.0409763224968553,時間切れ,time,4,0.004692706684991679,1.047549090873128,1.047549090873128,-0.0028126449937107,-0.29968259072170067,0.4717272251906455,1.8808596167077707,False
USDJPY,売り,-1,2022-06-16 01:00:00,2022-06-16 05:00:00,133.2242073498155,2022-06-16 17:00:00,132.55593058216144,トレイル,trail,4,0.7067586213179424,134.63772459245138,132.55413793197692,0.6682767676540493,0.47277581588454254,2.448088070845245,0.2402413568976273,True
GBPUSD,買い,1,2022-06-16 05:00:00,2022-06-16 09:00:00,1.2222462429853747,2022-06-16 21:00:00,1.2290490404501082,トレイル,trail,4,0.0076831443763448375,1.206879954232685,1.2291152834354828,0.0068027974647335565,0.4427092041689515,2.3940402670626266,0.011224959619432462,True
AUDUSD,買い,1,2022-06-16 09:00:00,2022-06-16 13:00:00,0.7039842521179044,2022-06-17 09:00:00,0.6943897835125583,初期損切り,initial,6,0.004775108243720826,0.6944340356304627,0.6944340356304627,-0.009594468605346074,-1.004633624584596,0.6148023735286123,2.0000000000000098,False
EURUSD,買い,1,2022-06-16 09:00:00,2022-06-16 13:00:00,1.0560363224968552,2022-06-17 09:00:00,1.0447443961005092,初期損切り,initial,6,0.005632801949745396,1.0447707185973645,1.0447707185973645,-0.01129192639634602,-1.0023365366908041,0.7303074987982969,1.9999999999999867,False
USDCHF,売り,-1,2022-06-16 01:00:00,2022-06-16 05:00:00,0.9798236570334298,2022-06-17 09:00:00,0.9706863041418194,トレイル,trail,8,0.005739974116832807,0.9913036052670954,0.9705899611752492,0.009137352891610329,0.7959402521358513,3.1086650689072393,0.3303748288705916,True
USDJPY,買い,1,2022-06-17 09:00:00,2022-06-17 13:00:00,135.1417926501845,2022-06-20 05:00:00,134.76420734981548,時間切れ,time,4,0.8823667519903667,133.37705914620378,133.37705914620378,-0.37758530036902016,-0.21396165455990712,0.3413629866901441,0.6899542042027874,False
EURUSD,買い,1,2022-06-21 01:00:00,2022-06-21 05:00:00,1.0578563224968554,2022-06-21 21:00:00,1.0512536775031447,時間切れ,time,4,0.004260351590178176,1.049335619316499,1.049335619316499,-0.00660264499371066,-0.7748943783105146,0.09709938121031766,1.5999436554883735,False
GBPUSD,買い,1,2022-06-21 01:00:00,2022-06-21 05:00:00,1.2310362429853745,2022-06-21 21:00:00,1.2245437570146254,時間切れ,time,4,0.0059386388073161085,1.2191589653707422,1.2191589653707422,-0.00649248597074914,-0.5466308173811413,0.12692420587977876,1.125888137385513,False
USDJPY,買い,1,2022-06-21 05:00:00,2022-06-21 09:00:00,136.23679265018453,2022-06-23 05:00:00,134.9562533524652,初期損切り,initial,12,0.639373323767403,134.95804600264972,134.95804600264972,-1.280539297719315,-1.0014018806524068,0.7526234391200862,1.999999999999995,False
USDCHF,売り,-1,2022-06-22 09:00:00,2022-06-22 13:00:00,0.9621636570334298,2022-06-24 13:00:00,0.9584380997177133,トレイル,trail,13,0.004081171167428785,0.9703259993682873,0.9583417567511431,0.0037255573157164434,0.45643237723641167,2.436471450349509,1.3957618371980935,True
USDCHF,買い,1,2022-06-27 05:00:00,2022-06-27 09:00:00,0.9603363429665702,2022-06-28 01:00:00,0.9562936570334297,時間切れ,time,4,0.003753054405973899,0.9528302341546224,0.9528302341546224,-0.0040426859331405,-0.5385861082516659,0.0,1.6083814178024909,False
USDJPY,買い,1,2022-06-27 05:00:00,2022-06-27 09:00:00,135.41979265018452,2022-06-28 01:00:00,135.34120734981548,時間切れ,time,4,0.5443537164576765,134.33108521726916,134.33108521726916,-0.07858530036904199,-0.07218220248446856,0.33288529927685195,0.7436206237713913,False
USDCHF,売り,-1,2022-06-29 05:00:00,2022-06-29 09:00:00,0.9524836570334297,2022-06-30 01:00:00,0.9543363429665702,時間切れ,time,4,0.003359581680077966,0.9592028203935856,0.9592028203935856,-0.0018526859331404744,-0.27573164006202683,0.18563532392378979,0.9067625843523326,False
EURUSD,売り,-1,2022-06-29 09:00:00,2022-06-29 13:00:00,1.0445436775031447,2022-06-30 05:00:00,1.0442063224968554,時間切れ,time,4,0.0036366088047691644,1.051816895112683,1.051816895112683,0.00033735500628928605,0.04638318614953414,0.42723250878870184,0.6396955575217377,False
AUDUSD,売り,-1,2022-06-21 21:00:00,2022-06-22 01:00:00,0.6925357478820956,2022-06-30 09:00:00,0.690909828099827,トレイル,trail,39,0.0036570506546150963,0.6998498491913258,0.6908655759819227,0.001625919782268559,0.22229932476006223,1.956699143082761,1.073064742199311,True
GBPUSD,売り,-1,2022-06-28 05:00:00,2022-06-28 09:00:00,1.2212937570146254,2022-06-30 09:00:00,1.21646602532463,トレイル,trail,13,0.00479985489283684,1.230893466800299,1.2163997823392554,0.004827731689995396,0.5029039208247897,2.5196088808171475,0.27422557863965935,True
USDJPY,買い,1,2022-06-29 05:00:00,2022-06-29 09:00:00,136.5727926501845,2022-06-30 09:00:00,135.66052413882824,初期損切り,initial,7,0.4552379305858804,135.66231678901275,135.66231678901275,-0.9122685113562738,-1.0019689156637344,0.9559997543600943,2.0000000000000013,False
USDCHF,買い,1,2022-06-30 05:00:00,2022-06-30 09:00:00,0.9581163429665702,2022-07-01 01:00:00,0.9566236570334298,時間切れ,time,4,0.0032211365148709695,0.9516740699368282,0.9516740699368282,-0.0014926859331404474,-0.231701749716162,0.40471958496985627,1.4331410498307078,False
GBPUSD,売り,-1,2022-07-01 05:00:00,2022-07-01 09:00:00,1.2006837570146254,2022-07-01 13:00:00,1.2101886546754803,初期損切り,initial,2,0.004719327337740155,1.2101224116901057,1.2101224116901057,-0.009504897660854938,-1.0070182655952775,0.6597883112970017,2.000000000000004,False
USDCHF,買い,1,2022-07-01 05:00:00,2022-07-01 09:00:00,0.9627163429665703,2022-07-04 01:00:00,0.9592236570334297,時間切れ,time,4,0.0034103153740426854,0.9558957122184849,0.9558957122184849,-0.00349268593314056,-0.5120766776769139,0.4350498035232752,1.365370194795353,False
AUDUSD,売り,-1,2022-06-30 21:00:00,2022-07-01 01:00:00,0.6821857478820956,2022-07-04 17:00:00,0.6889515161224873,初期損切り,initial,11,0.003360758061243616,0.6889072640045829,0.6889072640045829,-0.006765768240391656,-1.006583651232551,1.73346244386896,2.0000000000000147,False
EURUSD,買い,1,2022-07-04 05:00:00,2022-07-04 09:00:00,1.0451163224968554,2022-07-05 01:00:00,1.0437836775031446,時間切れ,time,4,0.0034531994097652475,1.0382099236773248,1.0382099236773248,-0.0013326449937107743,-0.19295801307364538,0.1864003281491364,0.9864250779212975,False
USDCHF,買い,1,2022-07-05 01:00:00,2022-07-05 05:00:00,0.9644763429665703,2022-07-06 13:00:00,0.9699636735902081,トレイル,trail,9,0.002879988962147834,0.9587163650422745,0.9700600165567783,0.0054873306236378205,0.9526652177766485,3.4387829827110985,0.5126210502797423,True
GBPUSD,売り,-1,2022-07-05 05:00:00,2022-07-05 09:00:00,1.1969137570146253,2022-07-06 21:00:00,1.1951518994342771,トレイル,trail,10,0.0049904376326017534,1.2068946322798288,1.1950856564489025,0.0017618575803481917,0.17652335426839622,1.8663206917525645,0.4140404384329276,True
EURUSD,売り,-1,2022-07-06 05:00:00,2022-07-06 09:00:00,1.0186836775031447,2022-07-08 05:00:00,1.0134701835951982,トレイル,trail,12,0.004169240732228583,1.0270221589676019,1.013443861098343,0.005213493907946454,0.6252330151681703,2.7567795292551893,0.8194111868971358,True
USDJPY,売り,-1,2022-07-07 21:00:00,2022-07-08 01:00:00,135.47320734981548,2022-07-08 05:00:00,136.4366508571985,初期損切り,initial,2,0.4808254285992418,136.43485820701397,136.43485820701397,-0.9634435073830048,-1.0018641382900064,0.06282394403197633,2.000000000000018,False
AUDUSD,買い,1,2022-07-07 01:00:00,2022-07-07 05:00:00,0.6827442521179043,2022-07-11 05:00:00,0.6754671936388139,初期損切り,initial,13,0.003616403180593058,0.6755114457567183,0.6755114457567183,-0.007277058479090437,-1.0061182500532289,1.2873973530053584,1.999999999999985,False
GBPUSD,買い,1,2022-07-07 09:00:00,2022-07-07 13:00:00,1.2008662429853747,2022-07-11 09:00:00,1.1902660578213315,初期損切り,initial,12,0.0052669710893342705,1.1903323008067062,1.1903323008067062,-0.010600185164043152,-1.0062885275285405,0.894965424088022,2.0000000000000004,False
USDCHF,買い,1,2022-07-08 01:00:00,2022-07-08 05:00:00,0.9771763429665702,2022-07-11 13:00:00,0.9797482433274903,トレイル,trail,9,0.002996942470626264,0.9711824580253177,0.9798445862940606,0.002571900360920143,0.4290873759052671,2.3903218375536026,0.8196163225171491,True
USDCHF,買い,1,2022-07-12 01:00:00,2022-07-12 05:00:00,0.9848163429665703,2022-07-12 21:00:00,0.9822636570334298,時間切れ,time,4,0.003058096095107859,0.9787001507763545,0.9787001507763545,-0.0025526859331405083,-0.4173652255768103,0.3478167462203911,1.4506878883457,False
GBPUSD,売り,-1,2022-07-11 21:00:00,2022-07-12 01:00:00,1.1864337570146255,2022-07-13 09:00:00,1.1962242534879879,初期損切り,initial,9,0.004862126743993891,1.1961580105026133,1.1961580105026133,-0.009790496473362387,-1.0068121409480362,1.162815638570006,1.999999999999999,False
USDCHF,売り,-1,2022-07-13 01:00:00,2022-07-13 05:00:00,0.9786636570334297,2022-07-14 01:00:00,0.9846938225130291,初期損切り,initial,6,0.0029669112565145345,0.9845974795464588,0.9845974795464588,-0.0060301654795993365,-1.0162362400221314,1.0056441785639623,2.0000000000000093,False
AUDUSD,買い,1,2022-07-13 01:00:00,2022-07-13 05:00:00,0.6781442521179044,2022-07-14 05:00:00,0.6716312472326877,初期損切り,initial,7,0.003234376383656171,0.6716754993505921,0.6716754993505921,-0.006513004885216667,-1.0068409041891255,0.691245426287791,1.9999999999999845,False
USDJPY,買い,1,2022-07-10 21:00:00,2022-07-11 01:00:00,136.99279265018453,2022-07-14 05:00:00,138.6242790278329,トレイル,trail,20,0.510618881321728,135.97155488754106,138.6260716780174,1.631486377648372,1.5975578237777834,4.698626387659547,1.016007572696198,True
EURUSD,売り,-1,2022-07-11 09:00:00,2022-07-11 13:00:00,1.0063636775031446,2022-07-14 13:00:00,1.0015899154600363,トレイル,trail,19,0.004215728642120706,1.014795134787386,1.001563592963181,0.004773762043108309,0.5661846917057365,2.638613261775041,1.3986484893603641,True
GBPUSD,売り,-1,2022-07-14 05:00:00,2022-07-14 09:00:00,1.1811437570146255,2022-07-18 01:00:00,1.1924767101008833,初期損切り,initial,11,0.005633355050441645,1.1924104671155087,1.1924104671155087,-0.011332953086257813,-1.0058795322486667,0.905988876775197,1.9999999999999847,False
EURUSD,買い,1,2022-07-15 05:00:00,2022-07-15 09:00:00,1.0072563224968554,2022-07-18 17:00:00,1.0134823652263596,トレイル,trail,9,0.004420874851190158,0.9984145727944751,1.013508687723215,0.006226042729504222,0.7041641008937506,2.914282339314857,0.7139587984504142,True
USDCHF,売り,-1,2022-07-17 17:00:00,2022-07-17 21:00:00,0.9749836570334297,2022-07-20 05:00:00,0.9705291481402294,トレイル,trail,15,0.003341870115772779,0.9816673972649753,0.9704328051736592,0.004454508893200315,0.666469482487689,2.8617680227282705,1.2018249744698797,True
AUDUSD,買い,1,2022-07-15 09:00:00,2022-07-15 13:00:00,0.6789042521179044,2022-07-21 01:00:00,0.6869299444592856,トレイル,trail,22,0.004057202281873352,0.6707898475541577,0.6869741965771899,0.008025692341381174,0.9890673158247648,3.489041684054119,0.07006111555599938,True
USDJPY,売り,-1,2022-07-19 01:00:00,2022-07-19 05:00:00,137.7192073498155,2022-07-21 01:00:00,138.56282475694456,初期損切り,initial,12,0.4209123784722838,138.56103210676005,138.56103210676005,-0.8436174071290736,-1.002129481426767,0.7940069404195655,1.9999999999999847,False
USDJPY,売り,-1,2022-07-21 09:00:00,2022-07-21 13:00:00,137.9412073498155,2022-07-21 21:00:00,137.68208758721352,トレイル,trail,3,0.4355299580193467,138.8122672658542,137.680294937029,0.25911976260198344,0.2974763937943312,2.0990688079714204,0.004116020382765119,True
EURUSD,買い,1,2022-07-19 01:00:00,2022-07-19 05:00:00,1.0244363224968553,2022-07-22 01:00:00,1.0147810042034924,初期損切り,initial,18,0.004814497898253796,1.0148073267003477,1.0148073267003477,-0.009655318293362969,-1.0027336699913114,0.7277347663637997,2.0000000000000155,False
USDCHF,売り,-1,2022-07-21 05:00:00,2022-07-21 09:00:00,0.9671036570334297,2022-07-22 01:00:00,0.9690763429665702,時間切れ,time,4,0.003398299590732934,0.9739002562148956,0.9739002562148956,-0.0019726859331404833,-0.2902460304735847,0.36890715487487025,1.626208290063791,False
AUDUSD,買い,1,2022-07-21 13:00:00,2022-07-21 17:00:00,0.6934642521179044,2022-07-22 09:00:00,0.6938157478820957,時間切れ,time,4,0.003492286985886385,0.6864796781461316,0.6864796781461316,0.0003514957641912453,0.05032458180151987,0.35957751673059263,1.186687157914803,False
USDJPY,売り,-1,2022-07-22 05:00:00,2022-07-22 09:00:00,136.8552073498155,2022-07-24 17:00:00,136.3239730606056,トレイル,trail,3,0.5054536069474018,137.86611456371028,136.32218041042108,0.5312342892098911,0.5255025208131239,2.5545516582887076,0.05498556109307786,True
AUDUSD,売り,-1,2022-07-24 17:00:00,2022-07-24 21:00:00,0.6883957478820957,2022-07-25 05:00:00,0.6955809734628075,初期損切り,initial,3,0.0035704867314036853,0.6955367213449031,0.6955367213449031,-0.007185225580711774,-1.0061969307314869,0.004410570121204069,2.000000000000008,False
USDCHF,売り,-1,2022-07-22 09:00:00,2022-07-22 13:00:00,0.9606836570334297,2022-07-25 05:00:00,0.9636163429665703,時間切れ,time,4,0.0035700273373912212,0.9678237117082121,0.9678237117082121,-0.0029326859331405553,-0.41073718153704675,0.09626173722268518,1.5087679890166608,False
GBPUSD,買い,1,2022-07-18 05:00:00,2022-07-18 09:00:00,1.1980162429853747,2022-07-26 05:00:00,1.2014323450849607,トレイル,trail,36,0.0050142746197764645,1.1879876937458218,1.2014985880703353,0.0034161020995859825,0.3406377151854391,2.194486311385125,1.798115115158285,True
USDJPY,買い,1,2022-07-26 13:00:00,2022-07-26 17:00:00,136.91979265018452,2022-07-27 09:00:00,136.9352073498155,時間切れ,time,4,0.45405393276590406,136.01168478465272,136.01168478465272,0.015414699630980522,0.01697452496125373,0.49158774697930113,0.8540673743804832,False
EURUSD,売り,-1,2022-07-26 05:00:00,2022-07-26 09:00:00,1.0148036775031446,2022-07-29 01:00:00,1.0243792000633096,初期損切り,initial,17,0.004774600031654902,1.0243528775664543,1.0243528775664543,-0.009575522560165028,-1.0027565132870513,1.0773001862025642,1.9999999999999836,False
USDCHF,売り,-1,2022-07-27 01:00:00,2022-07-27 05:00:00,0.9612236570334297,2022-07-29 05:00:00,0.9543358389711876,トレイル,trail,13,0.0027063306697448644,0.9666363183729194,0.9542394960046173,0.006887818062242146,1.272538152717954,4.080675416678042,1.7427075779379668,True
USDJPY,売り,-1,2022-07-27 17:00:00,2022-07-27 21:00:00,136.1592073498155,2022-07-29 05:00:00,133.2422890330447,トレイル,trail,9,0.4929975885734543,137.1452025269624,133.2404963828602,2.91691831677079,2.9583494771356094,7.420335179328019,0.0036362250567993828,True
AUDUSD,買い,1,2022-07-27 13:00:00,2022-07-27 17:00:00,0.6992742521179044,2022-07-29 09:00:00,0.6923956692283898,初期損切り,initial,11,0.0034171653858051055,0.6924399213462942,0.6924399213462942,-0.006878582889514595,-1.0064749745634507,1.151758091207611,2.0000000000000027,False
AUDUSD,買い,1,2022-08-01 09:00:00,2022-08-01 13:00:00,0.7034442521179044,2022-08-02 01:00:00,0.696391493388653,初期損切り,initial,4,0.0035042533056735083,0.6964357455065574,0.6964357455065574,-0.007052758729251374,-1.00631405809516,0.0,1.999999999999995,False
GBPUSD,買い,1,2022-07-27 13:00:00,2022-07-27 17:00:00,1.2157562429853745,2022-08-02 01:00:00,1.2213590096615163,トレイル,trail,21,0.005276498235406115,1.2052032465145623,1.221425252646891,0.0056027666761417905,0.530917137292529,2.574388620747839,1.7883532912142082,True
USDJPY,売り,-1,2022-08-01 01:00:00,2022-08-01 05:00:00,132.3452073498155,2022-08-02 09:00:00,131.47722738551627,トレイル,trail,8,0.7162898235545071,133.7777869969245,131.47543473533176,0.8679799642992236,0.6058860085376974,2.714274705408457,0.22447987518039692,True
EURUSD,買い,1,2022-08-01 01:00:00,2022-08-01 05:00:00,1.0256263224968554,2022-08-02 13:00:00,1.0164632981892059,初期損切り,initial,9,0.004568350905397071,1.0164896206860612,1.0164896206860612,-0.009163024307649481,-1.0028809626712607,0.8260480819646501,2.000000000000008,False
USDCHF,売り,-1,2022-08-01 01:00:00,2022-08-01 05:00:00,0.9495436570334298,2022-08-02 13:00:00,0.956325644299202,初期損切り,initial,9,0.003342822149600979,0.9562293013326317,0.9562293013326317,-0.006781987265772171,-1.0144104236268916,0.7429821038269273,1.9999999999999922,False
AUDUSD,売り,-1,2022-08-02 17:00:00,2022-08-02 21:00:00,0.6892557478820956,2022-08-03 13:00:00,0.6939242521179044,時間切れ,time,4,0.0037111382037540307,0.6966780242896037,0.6966780242896037,-0.004668504235808779,-0.6289854997971132,0.004243410304621579,1.4616141518031776,False
EURUSD,売り,-1,2022-08-03 09:00:00,2022-08-03 13:00:00,1.0149736775031446,2022-08-04 05:00:00,1.0191863224968554,時間切れ,time,4,0.004260423821689304,1.0234945251465233,1.0234945251465233,-0.004212644993710768,-0.4943927142018946,0.029029389638407097,1.0436338455859018,False
USDJPY,買い,1,2022-08-03 09:00:00,2022-08-03 13:00:00,134.1267926501845,2022-08-04 05:00:00,134.30120734981548,時間切れ,time,4,0.8557529774899167,132.41528669520468,132.41528669520468,0.17441469963097234,0.10190715324331281,0.3484736339337045,0.8224250089656315,False
EURUSD,買い,1,2022-08-04 09:00:00,2022-08-04 13:00:00,1.0237063224968552,2022-08-05 05:00:00,1.0223636775031446,時間切れ,time,4,0.0039909801422483996,1.0157243622123584,1.0157243622123584,-0.0013426449937106177,-0.16820993162774941,0.4193650290131067,0.46763512479010066,False
AUDUSD,売り,-1,2022-08-05 05:00:00,2022-08-05 09:00:00,0.6886757478820956,2022-08-08 01:00:00,0.6951040642144771,初期損切り,initial,5,0.0031920321072385523,0.6950598120965727,0.6950598120965727,-0.006428316332381501,-1.0069316530062535,0.5312439928941037,2.0000000000000067,False
GBPUSD,売り,-1,2022-08-05 05:00:00,2022-08-05 09:00:00,1.2026937570146254,2022-08-08 01:00:00,1.2077062429853747,時間切れ,time,4,0.005303738492253175,1.2133012339991318,1.2133012339991318,-0.005012485970749214,-0.4725427147351463,0.44379205687902196,1.2682078867951505,False
EURUSD,買い,1,2022-08-09 01:00:00,2022-08-09 05:00:00,1.0239763224968552,2022-08-09 21:00:00,1.0207636775031448,時間切れ,time,4,0.003232661573103491,1.0175109993506481,1.0175109993506481,-0.003212644993710434,-0.4969040094454057,0.24242485191306676,1.143430084859306,False
USDCHF,売り,-1,2022-08-09 01:00:00,2022-08-09 05:00:00,0.9517836570334297,2022-08-09 21:00:00,0.9543663429665702,時間切れ,time,4,0.0028609271751192647,0.9575055113836682,0.9575055113836682,-0.0025826859331404828,-0.4513721907361758,0.23197271122501642,1.110249500299814,False
USDJPY,買い,1,2022-08-05 05:00:00,2022-08-05 09:00:00,134.6797926501845,2022-08-10 05:00:00,133.041095595117,初期損切り,initial,18,0.8184522024414959,133.04288824530153,133.04288824530153,-1.638697055067496,-1.0010951465333935,1.1023335842021575,1.99999999999999,False
USDCHF,売り,-1,2022-08-10 05:00:00,2022-08-10 09:00:00,0.9428836570334298,2022-08-11 13:00:00,0.9419920429747551,トレイル,trail,8,0.0032104666721232606,0.9493045903776763,0.9418957000081849,0.0008916140586746613,0.13886050685662268,1.8077300362042052,0.540838184568935,True
USDJPY,売り,-1,2022-08-11 05:00:00,2022-08-11 09:00:00,131.9352073498155,2022-08-11 17:00:00,133.30269859675522,初期損切り,initial,3,0.682849298377603,133.3009059465707,133.3009059465707,-1.3674912469397213,-1.0013126250468256,0.082312964147511,2.0000000000000044,False
AUDUSD,買い,1,2022-08-08 05:00:00,2022-08-08 09:00:00,0.6992542521179044,2022-08-12 05:00:00,0.7088771907830576,トレイル,trail,24,0.00315903806602532,0.6929361759858538,0.7089214429009619,0.00962293866515318,1.5230805175546198,4.560169134087327,1.4606510024458041,True
GBPUSD,買い,1,2022-08-10 05:00:00,2022-08-10 09:00:00,1.2219862429853745,2022-08-12 05:00:00,1.212025939871808,初期損切り,initial,12,0.004947030064095879,1.2120921828571827,1.2120921828571827,-0.009960303113566438,-1.0066952276938292,1.148923079298953,2.000000000000014,False
EURUSD,買い,1,2022-08-10 05:00:00,2022-08-10 09:00:00,1.0324463224968552,2022-08-12 09:00:00,1.0253226672873879,初期損切り,initial,13,0.003548666356306019,1.0253489897842432,1.0253489897842432,-0.007123655209467339,-1.00370878721925,1.277572205425405,1.9999999999999996,False
USDJPY,買い,1,2022-08-12 05:00:00,2022-08-12 09:00:00,133.6907926501845,2022-08-15 01:00:00,133.19920734981548,時間切れ,time,4,0.6364778140449425,132.41783702209463,132.41783702209463,-0.4915853003690245,-0.3861763045948943,0.29098791148503667,1.2157417479596002,False
USDCHF,買い,1,2022-08-15 01:00:00,2022-08-15 05:00:00,0.9458163429665702,2022-08-15 21:00:00,0.9463736570334298,時間切れ,time,4,0.0027888521984100606,0.9402386385697501,0.9402386385697501,0.0005573140668595489,0.09991817909483991,0.4746243039284624,1.3971134679677866,False
USDJPY,売り,-1,2022-08-15 05:00:00,2022-08-15 09:00:00,132.6902073498155,2022-08-16 01:00:00,133.44879265018452,時間切れ,time,4,0.5965112807923979,133.8832299114003,133.8832299114003,-0.7585853003690204,-0.6358515964369739,0.21995786842656714,1.3541950943684322,False
EURUSD,売り,-1,2022-08-15 01:00:00,2022-08-15 05:00:00,1.0207136775031447,2022-08-16 09:00:00,1.0172214922584222,トレイル,trail,8,0.0032901131743779018,1.0272939038519004,1.0171951697615669,0.003492185244722501,0.530708984711872,2.569418453133659,0.4943059434917022,True
AUDUSD,売り,-1,2022-08-15 01:00:00,2022-08-15 05:00:00,0.7044357478820956,2022-08-17 13:00:00,0.6955559926576967,トレイル,trail,15,0.0029544936931948924,0.7103447352684854,0.6955117405397924,0.008879755224398878,1.5027541342957822,4.520486170898922,0.06236334784832799,True
USDCHF,買い,1,2022-08-16 01:00:00,2022-08-16 05:00:00,0.9487663429665703,2022-08-17 13:00:00,0.9501216724866485,トレイル,trail,9,0.00276132303118751,0.9432436969041952,0.9502180154532187,0.001355329520078219,0.24541306916477607,2.0257162853649087,0.1833696966459255,True
GBPUSD,売り,-1,2022-08-15 01:00:00,2022-08-15 05:00:00,1.2074337570146254,2022-08-18 05:00:00,1.206104229140996,トレイル,trail,19,0.004365324103747654,1.2161644052221208,1.2060379861556214,0.001329527873629388,0.15228283651241167,1.8197404879527057,1.5820687814326364,True
AUDUSD,売り,-1,2022-08-19 09:00:00,2022-08-19 13:00:00,0.6875757478820956,2022-08-22 05:00:00,0.6909042521179044,時間切れ,time,4,0.0033548948259713622,0.6942855375340383,0.6942855375340383,-0.0033285042358087713,-0.49606685283271884,0.29680450021480503,1.0385577786020634,False
EURUSD,売り,-1,2022-08-18 09:00:00,2022-08-18 13:00:00,1.0090136775031446,2022-08-23 09:00:00,0.9951853957953178,トレイル,trail,18,0.003472715532308347,1.0159591085677613,0.9951590732984625,0.013828281707826795,1.9909896994406284,5.48955920108804,0.26386339115034607,True
GBPUSD,売り,-1,2022-08-18 09:00:00,2022-08-18 13:00:00,1.1936437570146254,2022-08-23 09:00:00,1.179250788709869,トレイル,trail,18,0.004943030482996295,1.203529817980618,1.1791845457244945,0.014392968304756337,1.4558850440298938,4.425171378139336,0.15096872008814247,True
USDCHF,買い,1,2022-08-18 09:00:00,2022-08-18 13:00:00,0.9567163429665703,2022-08-23 09:00:00,0.9645580909376462,トレイル,trail,18,0.0030703773971890455,0.9505755881721921,0.9646544339042165,0.007841747971075952,1.2770006674513585,4.085379551358592,0.45477893624695176,True
USDJPY,買い,1,2022-08-17 01:00:00,2022-08-17 05:00:00,134.8157926501845,2022-08-23 09:00:00,136.90552186681973,トレイル,trail,26,0.5351236553305129,133.7455453395235,136.90731451700424,2.08972921663522,1.952566659891463,5.4084832935070475,0.30982119465845676,True
AUDUSD,買い,1,2022-08-23 09:00:00,2022-08-23 13:00:00,0.6941842521179044,2022-08-24 05:00:00,0.6921957478820956,時間切れ,time,4,0.003396758446585013,0.6873907352247344,0.6873907352247344,-0.0019885042358087635,-0.29270615898636226,0.09295564788043552,1.393755897674739,False
USDJPY,買い,1,2022-08-24 09:00:00,2022-08-24 13:00:00,137.0777926501845,2022-08-25 05:00:00,136.4772073498155,時間切れ,time,4,0.5680841220242571,135.941624406136,135.941624406136,-0.6005853003690049,-0.5286059556012024,0.23448525429798747,1.193120215663339,False
EURUSD,買い,1,2022-08-25 01:00:00,2022-08-25 05:00:00,1.0007563224968552,2022-08-25 21:00:00,0.9965436775031447,時間切れ,time,4,0.0036458183271578216,0.9934646858425396,0.9934646858425396,-0.004212644993710546,-0.5777365485178476,0.10798055959406096,1.6035693422532298,False
AUDUSD,買い,1,2022-08-24 21:00:00,2022-08-25 01:00:00,0.6956842521179044,2022-08-26 13:00:00,0.6891637889103671,初期損切り,initial,10,0.003238105544816486,0.6892080410282715,0.6892080410282715,-0.006520463207537297,-1.006833025868345,1.6014758661578694,1.9999999999999845,False
EURUSD,売り,-1,2022-08-28 17:00:00,2022-08-28 21:00:00,0.9929936775031447,2022-08-29 05:00:00,1.0009901035678568,初期損切り,initial,3,0.0039850517839284194,1.0009637810710015,1.0009637810710015,-0.00799642606471207,-1.003302654304442,0.39489512018170814,1.9999999999999822,False
GBPUSD,売り,-1,2022-08-26 09:00:00,2022-08-26 13:00:00,1.1752837570146253,2022-08-29 05:00:00,1.1724161958581216,トレイル,trail,5,0.004993301915164672,1.1852703608449546,1.172349952872747,0.002867561156503662,0.2871407743035596,2.0875479175349483,0.09737904769947418,True
AUDUSD,売り,-1,2022-08-28 17:00:00,2022-08-28 21:00:00,0.6862357478820956,2022-08-30 01:00:00,0.6931228023802667,初期損切り,initial,8,0.003421401190133338,0.6930785502623623,0.6930785502623623,-0.0068870544981710635,-1.0064669583374206,0.6300774923187512,2.0000000000000036,False
USDJPY,買い,1,2022-08-26 09:00:00,2022-08-26 13:00:00,137.33579265018452,2022-08-30 01:00:00,138.2232394414529,トレイル,trail,10,0.5153119389083908,136.30516877236772,138.22503209163742,0.8874467912683883,0.8610772662751692,3.2256332995827846,0.08498279756002174,True
AUDUSD,売り,-1,2022-08-30 09:00:00,2022-08-30 13:00:00,0.6853757478820957,2022-08-31 05:00:00,0.6871242521179044,時間切れ,time,4,0.003942021577117381,0.6932597910363304,0.6932597910363304,-0.0017485042358087455,-0.22177760846851402,0.21200997146919742,1.2796104788429414,False
GBPUSD,売り,-1,2022-08-30 09:00:00,2022-08-30 13:00:00,1.1650337570146254,2022-08-31 05:00:00,1.1641962429853747,時間切れ,time,4,0.005235518445628966,1.1755047939058834,1.1755047939058834,0.0008375140292506966,0.07998386768648681,0.27385196509477755,0.8358757648974166,False
EURUSD,売り,-1,2022-08-31 01:00:00,2022-08-31 05:00:00,0.9979636775031447,2022-08-31 09:00:00,1.0061368595386646,初期損切り,initial,2,0.004073429769332243,1.0061105370418093,1.0061105370418093,-0.008173182035519866,-1.003230999224972,0.2046622994267176,2.000000000000019,False
USDCHF,買い,1,2022-08-26 13:00:00,2022-08-28 17:00:00,0.9665163429665702,2022-08-31 09:00:00,0.9761278236643349,トレイル,trail,17,0.003023888912729897,0.9604685651411103,0.9762241666309052,0.00961148069776474,1.589258232553212,4.710377082129956,0.1839826073729313,True
GBPUSD,売り,-1,2022-08-31 17:00:00,2022-08-31 21:00:00,1.1583137570146254,2022-09-02 01:00:00,1.1569999420646335,トレイル,trail,8,0.004702466052839277,1.167718689120304,1.156933699079259,0.0013138149499918317,0.13969425140225844,1.7934753637473193,0.7115932252938113,True
AUDUSD,売り,-1,2022-08-31 13:00:00,2022-08-31 17:00:00,0.6842257478820957,2022-09-02 05:00:00,0.6823824028702897,トレイル,trail,10,0.003478767168256901,0.6911832822186095,0.6823381507523854,0.0018433450118059413,0.26494228021727345,2.04260519270569,0.25418548443625727,True
EURUSD,売り,-1,2022-09-01 09:00:00,2022-09-01 13:00:00,0.9936536775031447,2022-09-02 05:00:00,0.9973163224968553,時間切れ,time,4,0.004570169309922182,1.0027940161229891,1.0027940161229891,-0.0036626449937106065,-0.4007121777478493,0.024873805637336974,1.3033045589632024,False
USDCHF,買い,1,2022-09-01 09:00:00,2022-09-01 13:00:00,0.9830763429665702,2022-09-02 05:00:00,0.9799036570334297,時間切れ,time,4,0.004041006513575892,0.9749943299394184,0.9749943299394184,-0.003172685933140462,-0.3925613485751287,0.040499076871068414,1.0780341362813683,False
USDJPY,買い,1,2022-08-31 17:00:00,2022-08-31 21:00:00,139.4777926501845,2022-09-02 09:00:00,140.08894788325046,トレイル,trail,10,0.47417297771002354,138.52944669476446,140.09074053343497,0.6111552330659435,0.6444433379749556,2.7926672587093075,0.8853154226794414,True
GBPUSD,売り,-1,2022-09-04 17:00:00,2022-09-04 21:00:00,1.1479537570146254,2022-09-05 17:00:00,1.1569093209989534,初期損切り,initial,6,0.004444660499476723,1.1568430780135788,1.1568430780135788,-0.008955563984327952,-1.007451973596443,0.8085560224562678,1.999999999999977,False
USDCHF,売り,-1,2022-09-05 17:00:00,2022-09-05 21:00:00,0.9765536570334298,2022-09-06 05:00:00,0.9831217786241745,初期損切り,initial,3,0.003235889312087236,0.9830254356576043,0.9830254356576043,-0.006568121590744713,-1.0148866288797898,-0.0,2.0000000000000004,False
USDJPY,買い,1,2022-09-05 21:00:00,2022-09-06 01:00:00,140.9287926501845,2022-09-07 09:00:00,144.3517065377877,トレイル,trail,9,0.4250005413518664,140.07879156748078,144.3534991879722,3.422913887603187,4.026952385419774,9.558122765900967,0.17127660579670637,True
AUDUSD,売り,-1,2022-09-06 01:00:00,2022-09-06 05:00:00,0.6770657478820956,2022-09-07 13:00:00,0.6748232937776973,トレイル,trail,9,0.0032660277731952673,0.6835978034284862,0.674779041659793,0.0022424541043982726,0.3432999135528481,2.200149043761964,0.5003791245490575,True
EURUSD,売り,-1,2022-09-04 21:00:00,2022-09-05 01:00:00,0.9904936775031447,2022-09-07 13:00:00,0.9988195134475277,初期損切り,initial,16,0.004149756723763864,0.9987931909506724,0.9987931909506724,-0.008325835944383075,-1.003171571083265,0.9840763627803017,2.0000000000000107,False
GBPUSD,売り,-1,2022-09-07 05:00:00,2022-09-07 09:00:00,1.1430637570146254,2022-09-07 13:00:00,1.1526553257176195,初期損切り,initial,2,0.0047626628588098175,1.152589082732245,1.152589082732245,-0.009591568702994158,-1.0069544063204041,0.534103943536552,1.9999999999999818,False
USDCHF,買い,1,2022-09-06 09:00:00,2022-09-06 13:00:00,0.9848163429665703,2022-09-07 13:00:00,0.9780044400956621,初期損切り,initial,7,0.003357779952168977,0.9781007830622324,0.9781007830622324,-0.00681190287090816,-1.014346229941002,0.641393141929556,1.99999999999999,False
AUDUSD,買い,1,2022-09-08 17:00:00,2022-09-08 21:00:00,0.6784842521179044,2022-09-09 05:00:00,0.6825774157696426,トレイル,trail,3,0.0034122214083020515,0.6716598093013003,0.682621667887547,0.004093163651738174,0.5997799031709031,2.7125285186875763,0.07744284039172805,True
USDCHF,売り,-1,2022-09-08 01:00:00,2022-09-08 05:00:00,0.9754036570334298,2022-09-09 05:00:00,0.961330826628525,トレイル,trail,7,0.003329655774636494,0.9820629685827028,0.9612344836619547,0.014072830404904813,2.113256047682763,5.755446908178355,0.14306072423422783,True
USDJPY,売り,-1,2022-09-08 21:00:00,2022-09-09 01:00:00,142.82420734981548,2022-09-09 09:00:00,142.5231564109662,トレイル,trail,3,0.678242507187812,144.18069236419112,142.5213637607817,0.30105093884927214,0.2219345850922229,1.946512251627296,0.4803483219230162,True
EURUSD,買い,1,2022-09-08 17:00:00,2022-09-08 21:00:00,1.0044363224968553,2022-09-12 05:00:00,1.0134051338837635,トレイル,trail,9,0.00424569574625412,0.9959449310043471,1.0134314563806188,0.008968811386908193,1.0562239881203417,3.6186477838643367,0.28648366947359805,True
AUDUSD,買い,1,2022-09-12 01:00:00,2022-09-12 05:00:00,0.6883642521179044,2022-09-12 21:00:00,0.6889557478820956,時間切れ,time,4,0.0035208546369420004,0.6813225428440204,0.6813225428440204,0.0005914957641911522,0.08399889021048727,0.45322742533942517,0.702741911564234,False
GBPUSD,買い,1,2022-09-08 21:00:00,2022-09-09 01:00:00,1.1588662429853747,2022-09-13 05:00:00,1.1655780650676717,トレイル,trail,14,0.005057127964635805,1.1487519870561032,1.1656443080530463,0.0067118220822970365,0.6636001826760574,2.8402992993395126,0.744739506635339,True
USDCHF,売り,-1,2022-09-12 01:00:00,2022-09-12 05:00:00,0.9543836570334298,2022-09-13 09:00:00,0.9625436759849645,初期損切り,initial,8,0.004031837992482236,0.9624473330183942,0.9624473330183942,-0.008160018951534731,-1.0119477725481405,1.5882724071180359,2.000000000000005,False
USDJPY,買い,1,2022-09-13 05:00:00,2022-09-13 09:00:00,144.4097926501845,2022-09-14 09:00:00,142.7682166999719,初期損切り,initial,7,0.8198916500140437,142.7700093501564,142.7700093501564,-1.641575950212598,-1.0010932238329784,0.6759519380469434,1.9999999999999976,False
AUDUSD,売り,-1,2022-09-13 05:00:00,2022-09-13 09:00:00,0.6794357478820956,2022-09-14 21:00:00,0.6764440823759046,トレイル,trail,10,0.003906553505333462,0.6872488548927626,0.6763998302580002,0.0029916655061910102,0.38290343420442197,2.277134530462865,0.5437662929752018,True
USDCHF,売り,-1,2022-09-15 05:00:00,2022-09-15 09:00:00,0.9567436570334298,2022-09-16 01:00:00,0.9618963429665702,時間切れ,time,4,0.0036089770945765937,0.963961611222583,0.963961611222583,-0.005152685933140444,-0.7138706894099807,0.2559331935959945,1.6033193935383145,False
GBPUSD,売り,-1,2022-09-15 13:00:00,2022-09-15 17:00:00,1.1468237570146254,2022-09-16 09:00:00,1.142371083538099,トレイル,trail,5,0.004809893701816221,1.1564435444182577,1.1423048405527243,0.0044526734765264475,0.462866099810596,2.4395044344108365,0.2653370457839083,True
USDJPY,買い,1,2022-09-20 01:00:00,2022-09-20 05:00:00,143.6607926501845,2022-09-21 21:00:00,143.9583879620063,トレイル,trail,11,0.4952129252061364,142.67036679977224,143.9601806121908,0.29759531182179444,0.30047207642845547,2.104564111249058,0.639709979404602,True
AUDUSD,売り,-1,2022-09-15 13:00:00,2022-09-15 17:00:00,0.6700257478820957,2022-09-22 01:00:00,0.6636468097714835,トレイル,trail,27,0.0035350384357194305,0.6770958247535346,0.6636025576535791,0.006378938110612187,0.902244519629103,3.31700718261337,1.3392363913409218,True
EURUSD,売り,-1,2022-09-13 09:00:00,2022-09-13 13:00:00,0.9998136775031446,2022-09-22 01:00:00,0.9884190619106982,トレイル,trail,40,0.005108492942561933,1.0100306633882685,0.9883927394138429,0.011394615592446478,1.1152619491270184,3.735676591455582,1.0289379971657922,True
GBPUSD,売り,-1,2022-09-21 01:00:00,2022-09-21 05:00:00,1.1329437570146255,2022-09-22 01:00:00,1.1286697805543051,トレイル,trail,6,0.004349025045953668,1.1416418071065328,1.1286035375689305,0.00427397646032035,0.4913717919717267,2.4979752702811253,0.6406592180853874,True
USDCHF,買い,1,2022-09-18 21:00:00,2022-09-19 01:00:00,0.9663163429665702,2022-09-22 05:00:00,0.9740836570334298,トレイル,trail,20,0.003377419962782262,0.9595615030410057,0.9749138700558265,0.007767314066859599,1.1498886949879066,4.045590179485368,1.272078395317758,True
USDJPY,売り,-1,2022-09-22 01:00:00,2022-09-22 05:00:00,142.08520734981548,2022-09-22 09:00:00,141.78202000535293,トレイル,trail,2,0.9508182367789372,143.98684382337336,141.78022735516842,0.30318734446254325,0.15943496492539064,1.8207553061668553,1.3796460768657965,True
EURUSD,売り,-1,2022-09-23 01:00:00,2022-09-23 05:00:00,0.9752936775031447,2022-09-25 21:00:00,0.9620039335370617,トレイル,trail,5,0.004518407360137598,0.9843304922234198,0.9619776110402064,0.013289743966082956,1.4706226007119294,4.447070815353113,0.48829649940818626,True
GBPUSD,売り,-1,2022-09-23 01:00:00,2022-09-23 05:00:00,1.1174237570146255,2022-09-25 21:00:00,1.0473278391520129,トレイル,trail,5,0.005694397444425479,1.1288125519034764,1.0472615961666383,0.0700959178626126,6.15481431940028,13.821261649320299,0.6245161178301631,True
AUDUSD,売り,-1,2022-09-23 09:00:00,2022-09-23 13:00:00,0.6539357478820956,2022-09-27 01:00:00,0.6496090160646258,トレイル,trail,10,0.0038431759644809885,0.6616220998110576,0.6495647639467215,0.004326731817469787,0.5629109696586715,2.6373364050387424,0.10518699160291911,True
USDCHF,買い,1,2022-09-26 01:00:00,2022-09-26 05:00:00,0.9852763429665702,2022-09-27 01:00:00,0.9889880983031718,トレイル,trail,6,0.004997039153505285,0.9752822646595596,0.989084441269742,0.0037117553366016187,0.3713954626509105,2.262070935646088,0.11533689228067706,True
USDJPY,買い,1,2022-09-27 09:00:00,2022-09-27 13:00:00,144.8157926501845,2022-09-28 05:00:00,144.7122073498155,時間切れ,time,4,0.6947994476757102,143.4261937548331,143.4261937548331,-0.10358530036901925,-0.07454330937908756,0.126953684420113,0.6099496071883896,False
AUDUSD,売り,-1,2022-09-27 09:00:00,2022-09-27 13:00:00,0.6422557478820956,2022-09-28 09:00:00,0.6507617322065413,初期損切り,initial,6,0.004230866103270647,0.650717480088637,0.650717480088637,-0.008505984324445715,-1.0052296760077342,1.4076899946069135,2.0000000000000107,False
EURUSD,売り,-1,2022-09-27 09:00:00,2022-09-27 13:00:00,0.9581436775031447,2022-09-28 09:00:00,0.9695031786867446,初期損切り,initial,6,0.005666589343372314,0.9694768561898893,0.9694768561898893,-0.011359501183599963,-1.002322604944553,0.8018363830191755,2.0000000000000058,False
GBPUSD,買い,1,2022-09-28 09:00:00,2022-09-28 13:00:00,1.0861462429853745,2022-09-29 05:00:00,1.0797737570146253,時間切れ,time,4,0.013363711130699693,1.0594188207239752,1.0594188207239752,-0.006372485970749242,-0.23842501190070223,0.41034686854522273,0.7412793413812583,False
USDCHF,売り,-1,2022-09-28 09:00:00,2022-09-28 13:00:00,0.9766636570334297,2022-09-29 05:00:00,0.9830163429665703,時間切れ,time,4,0.005694320923567886,0.9880522988805654,0.9880522988805654,-0.006352685933140534,-0.5578089133374781,0.2851362006503087,1.5763675927393883,False
USDCHF,売り,-1,2022-09-29 17:00:00,2022-09-29 21:00:00,0.9745136570334297,2022-09-30 09:00:00,0.9850950524209435,初期損切り,initial,4,0.005242526210471779,0.9849987094543733,0.9849987094543733,-0.010581395387513792,-1.0091886013252345,0.09225648361350977,1.9999999999999991,False
AUDUSD,売り,-1,2022-09-30 09:00:00,2022-09-30 13:00:00,0.6429757478820957,2022-10-04 01:00:00,0.652410566966101,初期損切り,initial,10,0.004695283483050483,0.6523663148481966,0.6523663148481966,-0.009434819084005341,-1.0047124010790958,0.8148065810948887,2.0,False
EURUSD,買い,1,2022-09-29 09:00:00,2022-09-29 13:00:00,0.9776363224968553,2022-10-05 05:00:00,0.9908049677171634,トレイル,trail,23,0.006092473190654174,0.965451376115547,0.9908312902140187,0.01316864522030814,1.080730666202092,3.665781826894947,0.6822061200418655,True
GBPUSD,買い,1,2022-09-29 09:00:00,2022-09-29 13:00:00,1.1060262429853747,2022-10-05 05:00:00,1.131145858279751,トレイル,trail,23,0.012238599156583011,1.0815490446722087,1.1312121012651255,0.02511961529437623,1.0262455274901563,3.5579036830537585,0.28567346153289624,True
AUDUSD,買い,1,2022-10-05 21:00:00,2022-10-06 01:00:00,0.6536042521179044,2022-10-06 09:00:00,0.6441544071474772,初期損切り,initial,3,0.00470279642626141,0.6441986592653816,0.6441986592653816,-0.009449844970427224,-1.0047048727919934,0.020359776060232208,2.0000000000000058,False
GBPUSD,売り,-1,2022-10-06 09:00:00,2022-10-06 13:00:00,1.1143337570146254,2022-10-07 05:00:00,1.1193262429853745,時間切れ,time,4,0.009597265756741203,1.133528288528108,1.133528288528108,-0.004992485970749083,-0.26009939170655544,0.2942251560182147,0.7925427072842907,False
USDJPY,売り,-1,2022-09-28 09:00:00,2022-09-28 13:00:00,144.21620734981548,2022-10-07 13:00:00,145.3805548751573,初期損切り,initial,43,0.5812774375786434,145.37876222497277,145.37876222497277,-1.1643475253418103,-1.0015419918860011,1.1856771057318811,2.000000000000019,False
USDJPY,買い,1,2022-10-10 09:00:00,2022-10-10 13:00:00,145.7727926501845,2022-10-11 05:00:00,145.68620734981548,時間切れ,time,4,0.3436821008438093,145.08542844849688,145.08542844849688,-0.08658530036902334,-0.12596713671797113,0.26247322625770486,0.7879160698786425,False
AUDUSD,売り,-1,2022-10-07 05:00:00,2022-10-07 09:00:00,0.6384957478820956,2022-10-11 09:00:00,0.6314754626625065,トレイル,trail,13,0.004480807029734773,0.6474573619415651,0.6314312105446022,0.007020285219589084,0.7833728581706662,3.0766216421758377,0.6213729132783353,True
EURUSD,売り,-1,2022-10-06 09:00:00,2022-10-06 13:00:00,0.9802436775031447,2022-10-11 09:00:00,0.9751055393881131,トレイル,trail,18,0.005406144594171831,0.9910559666914883,0.9750792168912578,0.00513813811503161,0.47521279032851343,2.4552945767404273,0.2730823179326232,True
USDCHF,買い,1,2022-09-30 13:00:00,2022-10-02 17:00:00,0.9867863429665702,2022-10-11 09:00:00,0.9940352030012612,トレイル,trail,41,0.0053189693547790835,0.976148404257012,0.9941315459678315,0.0072488600346910514,0.6814158487468973,2.8809447867304563,1.636847739825313,True
GBPUSD,売り,-1,2022-10-07 09:00:00,2022-10-07 13:00:00,1.1096937570146255,2022-10-12 01:00:00,1.1059361673465895,トレイル,trail,16,0.008993282907476663,1.1276803228295789,1.105869924361215,0.0037575896680359655,0.20891090087425432,1.925187630896342,0.9280529781216726,True
AUDUSD,売り,-1,2022-10-13 05:00:00,2022-10-13 09:00:00,0.6203957478820956,2022-10-13 09:00:00,0.6296176346291551,初期損切り,initial,1,0.004588817314577573,0.6295733825112507,0.6295733825112507,-0.009221886747059482,-1.0048217345419002,-0.0,1.9999999999999918,False
USDJPY,買い,1,2022-10-11 17:00:00,2022-10-11 21:00:00,146.1317926501845,2022-10-13 09:00:00,146.99654947348978,トレイル,trail,10,0.3377719175504682,145.45624881508357,146.9983421236743,0.8647568233052709,1.2800898748133247,4.065487029750807,0.3813006454726316,True
GBPUSD,買い,1,2022-10-13 05:00:00,2022-10-13 09:00:00,1.1217262429853747,2022-10-14 05:00:00,1.1250550348573802,トレイル,trail,6,0.008619148104830145,1.1044879467757145,1.1251212778427548,0.003328791872005521,0.19310445948481125,1.8938944796037918,0.6771252697356539,True
AUDUSD,買い,1,2022-10-13 17:00:00,2022-10-13 21:00:00,0.6305542521179044,2022-10-14 09:00:00,0.620881420087371,初期損切り,initial,4,0.0048142899563144775,0.6209256722052754,0.6209256722052754,-0.009672832030533374,-1.004595913240163,0.8694424141623431,2.000000000000009,False
USDCHF,買い,1,2022-10-13 05:00:00,2022-10-13 09:00:00,1.00459634296657,2022-10-17 09:00:00,0.9963569182180799,初期損切り,initial,13,0.004071540890959949,0.9964532611846502,0.9964532611846502,-0.008239424748490154,-1.0118312659936888,0.6812303026572515,2.000000000000004,False
GBPUSD,買い,1,2022-10-17 09:00:00,2022-10-17 13:00:00,1.1390862429853745,2022-10-18 05:00:00,1.1293737570146254,時間切れ,time,4,0.008615519637208907,1.1218552037109568,1.1218552037109568,-0.00971248597074914,-0.5636622269887605,0.23605738252187877,1.205527167568413,False
USDJPY,買い,1,2022-10-14 01:00:00,2022-10-14 05:00:00,147.68779265018452,2022-10-18 05:00:00,148.68263417840421,トレイル,trail,13,0.4023821142741812,146.88302842163617,148.68442682858873,0.9948415282196947,1.2361900453927912,3.976835184888755,0.4493058805822649,True
USDCHF,売り,-1,2022-10-17 21:00:00,2022-10-18 01:00:00,0.9933136570334298,2022-10-18 17:00:00,0.9948763429665702,時間切れ,time,4,0.0038945702963907925,1.0011027976262115,1.0011027976262115,-0.0015626859331404619,-0.20062366502777557,0.357846162058313,1.1776249027577,False
EURUSD,買い,1,2022-10-13 09:00:00,2022-10-13 13:00:00,0.9774963224968553,2022-10-19 05:00:00,0.9792965499137339,トレイル,trail,23,0.005504751726273819,0.9664868190443077,0.9793228724105892,0.0018002274168786858,0.1635157684120719,1.8318133141256905,1.2309951172751863,True
USDCHF,買い,1,2022-10-19 01:00:00,2022-10-19 05:00:00,0.9999363429665702,2022-10-20 05:00:00,1.00108293360011,トレイル,trail,7,0.003800482288879921,0.9923353783888104,1.00117927656668,0.0011465906335397236,0.15084804327264043,1.8270462814013646,0.1726999145583921,True
AUDUSD,売り,-1,2022-10-19 09:00:00,2022-10-19 13:00:00,0.6260257478820956,2022-10-20 09:00:00,0.6344291876750224,初期損切り,initial,6,0.004179593837511183,0.6343849355571181,0.6343849355571181,-0.008403439792926792,-1.0052938299299887,0.7622147045734721,2.000000000000012,False
GBPUSD,売り,-1,2022-10-19 05:00:00,2022-10-19 09:00:00,1.1245237570146254,2022-10-21 09:00:00,1.1171876667226395,トレイル,trail,13,0.007354282491509835,1.139232321997645,1.1171214237372649,0.007336090291985897,0.4987631560560164,2.5065337150029574,1.243662178592335,True
USDCHF,買い,1,2022-10-21 01:00:00,2022-10-21 05:00:00,1.00991634296657,2022-10-21 09:00:00,1.0024544044014514,初期損切り,initial,2,0.0036827977992743037,1.0025507473680215,1.0025507473680215,-0.007461938565118675,-1.0130801325271037,1.3233572134724225,1.9999999999999836,False
USDJPY,買い,1,2022-10-19 01:00:00,2022-10-19 05:00:00,149.4217926501845,2022-10-21 09:00:00,151.3791733286156,トレイル,trail,14,0.37535601413325276,148.671080621918,151.3809659788001,1.9573806784310932,2.6073655472804225,6.7195069609837015,0.15663169889594153,True
EURUSD,買い,1,2022-10-21 13:00:00,2022-10-23 17:00:00,0.9884963224968553,2022-10-24 09:00:00,0.9843236775031446,時間切れ,time,4,0.004622824092033789,0.9792506743127877,0.9792506743127877,-0.004172644993710617,-0.45130908192040703,0.33392520944175397,1.6864847854129124,False
USDCHF,売り,-1,2022-10-21 13:00:00,2022-10-23 17:00:00,0.9954836570334298,2022-10-24 09:00:00,1.0013563429665702,時間切れ,time,4,0.004634105963923359,1.0047518689612764,1.0047518689612764,-0.005872685933140387,-0.6336374242258817,0.23384381839045754,1.6564884416391878,False
GBPUSD,買い,1,2022-10-23 21:00:00,2022-10-24 01:00:00,1.1347962429853746,2022-10-24 17:00:00,1.1277337570146253,時間切れ,time,4,0.007846655934912431,1.1191029311155498,1.1191029311155498,-0.0070624859707493215,-0.45003158220089196,0.4401565511823225,1.1465066214191169,False
USDCHF,売り,-1,2022-10-25 09:00:00,2022-10-25 13:00:00,0.9967036570334298,2022-10-26 05:00:00,0.9925168912289519,トレイル,trail,5,0.004320365508254434,1.0053443880499386,0.9924205482623817,0.004186765804477854,0.4845383795050065,2.4913764848980575,0.11488448503301152,True
AUDUSD,買い,1,2022-10-21 09:00:00,2022-10-21 13:00:00,0.6362142521179044,2022-10-27 05:00:00,0.6451812341586184,トレイル,trail,23,0.004649675815651506,0.6269149004866014,0.6452254862765228,0.008966982040714,0.9642588425767011,3.4380349331635527,1.9386840019170979,True
EURUSD,買い,1,2022-10-25 09:00:00,2022-10-25 13:00:00,0.9953863224968553,2022-10-27 05:00:00,1.0026029241846364,トレイル,trail,11,0.004493835545672321,0.9863986514055106,1.0026292466814917,0.0072166016877810435,0.8029445686692758,3.111746605104723,0.2217087133539661,True
USDJPY,売り,-1,2022-10-25 09:00:00,2022-10-25 13:00:00,148.0362073498155,2022-10-27 05:00:00,146.3498014584896,トレイル,trail,11,0.8260058722033747,149.68821909422223,146.34800880830508,1.6864058913259043,1.020819553514437,3.5438093702737845,0.4549515479618552,True
GBPUSD,買い,1,2022-10-25 09:00:00,2022-10-25 13:00:00,1.1470662429853746,2022-10-28 01:00:00,1.1534618659311477,トレイル,trail,16,0.007367927388985077,1.1323303882074045,1.1535281089165224,0.006395622945773116,0.43401777787159396,2.3770262775401507,0.5410263667003419,True
EURUSD,売り,-1,2022-10-28 01:00:00,2022-10-28 05:00:00,0.9940736775031447,2022-10-30 21:00:00,0.9959563224968553,時間切れ,time,4,0.004396989136533688,1.002867655776212,1.002867655776212,-0.0018826449937106027,-0.21408342564097882,0.27375039277298635,1.1135625640220024,False
USDCHF,買い,1,2022-10-28 01:00:00,2022-10-28 05:00:00,0.9953563429665703,2022-11-01 01:00:00,0.9968751662802633,トレイル,trail,12,0.004178993835444251,0.9869983552956818,0.9969715092468335,0.0015188233136930185,0.18172117182981665,1.8864964495913306,0.429850590191003,True
USDJPY,買い,1,2022-10-28 01:00:00,2022-10-28 05:00:00,147.4407926501845,2022-11-01 01:00:00,147.6554882877256,トレイル,trail,12,0.794479374726575,145.85183390073135,147.65728093791012,0.214695637541098,0.13511718766455505,1.772490758869766,0.3861555881046048,True
GBPUSD,売り,-1,2022-10-31 09:00:00,2022-10-31 13:00:00,1.1486137570146253,2022-11-01 05:00:00,1.1529862429853746,時間切れ,time,4,0.00564998418662025,1.1599137253878657,1.1599137253878657,-0.00437248597074924,-0.3869467441257395,0.460843239312299,1.119692157786205,False
GBPUSD,売り,-1,2022-11-01 09:00:00,2022-11-01 13:00:00,1.1449137570146255,2022-11-02 05:00:00,1.1511862429853745,時間切れ,time,4,0.005635644961633255,1.156185046937892,1.156185046937892,-0.006272485970749031,-0.5565011647691885,0.14084581623385947,1.3798319515005208,False
EURUSD,売り,-1,2022-10-31 01:00:00,2022-10-31 05:00:00,0.9922936775031447,2022-11-03 09:00:00,0.9792751875757506,トレイル,trail,20,0.004159243385930154,1.000612164275005,0.9792488650788953,0.013018489927394072,1.5650069879816226,4.636342650294826,1.2757903311947403,True
AUDUSD,売り,-1,2022-10-28 01:00:00,2022-10-28 05:00:00,0.6416357478820957,2022-11-03 21:00:00,0.6337628554991791,トレイル,trail,29,0.004352402254183165,0.650340552390462,0.6337186033812747,0.007872892382916552,0.9044306940322194,3.319028673926355,1.7517342544744117,True
GBPUSD,売り,-1,2022-11-02 13:00:00,2022-11-02 17:00:00,1.1393437570146254,2022-11-04 01:00:00,1.124080652130682,トレイル,trail,9,0.006029606096871694,1.1514029692083687,1.1240144091453075,0.015263104883943335,1.265680099058395,4.042346485497801,0.47867853040551145,True
USDJPY,買い,1,2022-11-03 05:00:00,2022-11-03 09:00:00,148.43679265018451,2022-11-04 01:00:00,147.8672073498155,時間切れ,time,4,0.724208200060764,146.988376250063,146.988376250063,-0.5695853003690274,-0.39324692838415587,0.018236951493183506,1.1416504951409412,False
USDCHF,買い,1,2022-11-02 13:00:00,2022-11-02 17:00:00,1.0033863429665701,2022-11-04 05:00:00,1.0082168743670126,トレイル,trail,10,0.004297855110945005,0.9947906327446802,1.0083132173335827,0.004830531400442428,0.5619700147802679,2.6463565522405763,0.683211250908001,True
USDJPY,売り,-1,2022-11-07 05:00:00,2022-11-07 09:00:00,146.32420734981548,2022-11-08 01:00:00,146.75379265018452,時間切れ,time,4,0.669757033900052,147.6637214176156,147.6637214176156,-0.4295853003690411,-0.32070234325687436,0.3556623338890024,0.7268197652959182,False
GBPUSD,買い,1,2022-11-07 01:00:00,2022-11-07 05:00:00,1.1441962429853747,2022-11-09 01:00:00,1.1483346854869998,トレイル,trail,12,0.007686047685083665,1.1288241476152074,1.1484009284723744,0.004138442501625095,0.26921785234669976,2.0470543066184397,0.20247636355350826,True
AUDUSD,買い,1,2022-11-08 09:00:00,2022-11-08 13:00:00,0.6530242521179044,2022-11-09 05:00:00,0.6478957478820956,時間切れ,time,4,0.004313674526554748,0.6443969030647949,0.6443969030647949,-0.005128504235808795,-0.5944472866738091,0.1288339856599091,1.3455470694818767,False
EURUSD,買い,1,2022-11-07 01:00:00,2022-11-07 05:00:00,0.9986063224968553,2022-11-09 09:00:00,1.0018782085138882,トレイル,trail,14,0.005163645992837611,0.9882790305111802,1.0019045310107435,0.0032718860170328767,0.31681935802446987,2.138736373187293,0.39048426240918716,True
USDJPY,売り,-1,2022-11-08 09:00:00,2022-11-08 13:00:00,145.53120734981547,2022-11-09 13:00:00,146.79475944210233,初期損切り,initial,7,0.6308797210511763,146.79296679191782,146.79296679191782,-1.263552092286858,-1.0014207543250229,0.5662051543205201,1.9999999999999887,False
USDCHF,売り,-1,2022-11-07 01:00:00,2022-11-07 05:00:00,0.9917636570334297,2022-11-10 01:00:00,0.9872976038837471,トレイル,trail,18,0.0047741739447845506,1.0013120049229989,0.9872012609171769,0.004466053149682625,0.46773045990097134,2.4556409483648944,0.19612669697407895,True
AUDUSD,売り,-1,2022-11-09 13:00:00,2022-11-09 17:00:00,0.6429157478820956,2022-11-10 05:00:00,0.6516672947333576,初期損切り,initial,4,0.0043536473666788205,0.6516230426154532,0.6516230426154532,-0.008751546851262004,-1.0050821890448745,0.8718546915735081,1.9999999999999971,False
EURUSD,売り,-1,2022-11-10 01:00:00,2022-11-10 05:00:00,0.9961136775031447,2022-11-10 05:00:00,1.0051438635940355,初期損切り,initial,1,0.004501931797017737,1.0051175410971802,1.0051175410971802,-0.00903018609089079,-1.002923466862909,-0.0,2.000000000000003,False
GBPUSD,売り,-1,2022-11-09 05:00:00,2022-11-09 09:00:00,1.1409737570146254,2022-11-10 05:00:00,1.1552882941641076,初期損切り,initial,6,0.00712414708205381,1.155222051178733,1.155222051178733,-0.014314537149482165,-1.0046491870964747,1.0617070264704405,1.999999999999991,False
USDJPY,売り,-1,2022-11-10 05:00:00,2022-11-10 09:00:00,143.7132073498155,2022-11-10 17:00:00,141.3818205112883,トレイル,trail,3,0.7866852407358688,145.28657783128722,141.3800278611038,2.3313868385271803,1.4817786821234824,4.465836103050863,0.20693492359439322,True
USDCHF,売り,-1,2022-11-10 05:00:00,2022-11-10 09:00:00,0.9760636570334298,2022-11-11 09:00:00,0.9526631524505661,トレイル,trail,7,0.004964539655997268,0.9859927363454243,0.9525668094839959,0.02340050458286369,2.356764796368923,6.23293581632473,0.05163479080291162,True
GBPUSD,買い,1,2022-11-11 01:00:00,2022-11-11 05:00:00,1.1756862429853747,2022-11-15 09:00:00,1.1907765955717953,トレイル,trail,14,0.00805144096188675,1.1595833610616013,1.1908428385571699,0.015090352586420552,0.937121234438284,3.382469938429927,0.5932159234581995,True
USDJPY,売り,-1,2022-11-11 01:00:00,2022-11-11 05:00:00,140.0342073498155,2022-11-15 09:00:00,139.29373714714413,トレイル,trail,14,1.0812963313064183,142.19680001242833,139.29194449695962,0.7404702026713608,0.3423992948245405,2.186456460976867,0.7100668225303782,True
EURUSD,買い,1,2022-11-15 01:00:00,2022-11-15 05:00:00,1.0401663224968554,2022-11-15 13:00:00,1.0295108193280824,初期損切り,initial,3,0.005314590335958813,1.0295371418249377,1.0295371418249377,-0.01065550316877295,-1.0024764370526573,1.5210349231341365,2.0000000000000044,False
AUDUSD,買い,1,2022-11-15 01:00:00,2022-11-15 05:00:00,0.6763742521179044,2022-11-17 05:00:00,0.6677160353848768,初期損切り,initial,13,0.004306982307561613,0.6677602875027812,0.6677602875027812,-0.00865821673302758,-1.0051372532720486,0.7930721879443846,1.9999999999999947,False
USDCHF,売り,-1,2022-11-15 01:00:00,2022-11-15 05:00:00,0.9396536570334297,2022-11-17 05:00:00,0.9505662283448282,初期損切り,initial,13,0.005408114172414122,0.9504698853782579,0.9504698853782579,-0.010912571311398445,-1.0089072607843257,0.7310602009100872,1.9999999999999927,False
GBPUSD,売り,-1,2022-11-17 05:00:00,2022-11-17 09:00:00,1.1764137570146254,2022-11-17 21:00:00,1.1918551875004382,初期損切り,initial,4,0.007687593750219142,1.1917889445150636,1.1917889445150636,-0.015441430485812813,-1.004308434311623,0.009594291402731459,1.9999999999999893,False
EURUSD,売り,-1,2022-11-17 05:00:00,2022-11-17 09:00:00,1.0311936775031447,2022-11-18 01:00:00,1.0372163224968554,時間切れ,time,4,0.005298375159166284,1.0417904278214773,1.0417904278214773,-0.006022644993710635,-0.5683482966746278,0.1252605720069866,1.4922164360477779,False
USDJPY,買い,1,2022-11-17 05:00:00,2022-11-17 09:00:00,140.5167926501845,2022-11-18 01:00:00,139.7852073498155,時間切れ,time,4,0.8514391280415154,138.81391439410146,138.81391439410146,-0.7315853003690052,-0.4296169134555757,0.2645019971463074,1.0203814008206364,False
USDCHF,買い,1,2022-11-21 01:00:00,2022-11-21 05:00:00,0.9593363429665702,2022-11-21 21:00:00,0.9568836570334298,時間切れ,time,4,0.003632338094749768,0.9520716667770707,0.9520716667770707,-0.0024526859331404083,-0.33761806709093994,0.149671373987885,0.8689562712051538,False
AUDUSD,売り,-1,2022-11-21 01:00:00,2022-11-21 05:00:00,0.6609557478820957,2022-11-23 09:00:00,0.6684760644045966,初期損切り,initial,14,0.003738032202298282,0.6684318122866922,0.6684318122866922,-0.007520316522500958,-1.0059191729109753,0.6649883541846767,2.000000000000005,False
EURUSD,売り,-1,2022-11-20 21:00:00,2022-11-21 01:00:00,1.0282336775031446,2022-11-23 09:00:00,1.0369652504943048,初期損切り,initial,15,0.004352625247152449,1.0369389279974495,1.0369389279974495,-0.00873157299116012,-1.0030237495029513,1.3701334630281259,1.9999999999999813,False
USDJPY,買い,1,2022-11-21 01:00:00,2022-11-21 05:00:00,141.8387926501845,2022-11-23 09:00:00,140.4913442662602,初期損切り,initial,14,0.6728278668699011,140.4931369164447,140.4931369164447,-1.347448383924302,-1.001332175934418,0.615621573081449,1.9999999999999811,False
USDCHF,売り,-1,2022-11-22 21:00:00,2022-11-23 01:00:00,0.9506336570334297,2022-11-24 01:00:00,0.9433737550775533,トレイル,trail,7,0.003004941407321996,0.9566435398480737,0.943277412110983,0.007259901955876447,1.2079939292970228,3.9480493711198923,0.9006308608799577,True
GBPUSD,買い,1,2022-11-23 01:00:00,2022-11-23 05:00:00,1.1920662429853746,2022-11-25 01:00:00,1.2079305996303866,トレイル,trail,12,0.004902104922825854,1.182262033139723,1.2079968426157612,0.015864356645012068,1.6181167982698894,4.749746768211416,0.3133843541824664,True
AUDUSD,売り,-1,2022-11-25 05:00:00,2022-11-25 09:00:00,0.6729957478820956,2022-11-28 01:00:00,0.6708495367326471,トレイル,trail,5,0.002843523076495155,0.6786827940350859,0.6708052846147428,0.0021462111494484626,0.37738592086508066,2.270334267887407,0.8595858208814535,True
EURUSD,買い,1,2022-11-23 13:00:00,2022-11-23 17:00:00,1.0399163224968553,2022-11-28 09:00:00,1.0438370392980472,トレイル,trail,17,0.0038977588033982384,1.0321208048900588,1.0438633617949025,0.003920716801191881,0.5029450254558628,2.512643289935251,1.4819599642284613,True
GBPUSD,売り,-1,2022-11-27 17:00:00,2022-11-27 21:00:00,1.2037637570146253,2022-11-28 21:00:00,1.2011265925465957,トレイル,trail,7,0.0046602330408141174,1.2130842230962535,1.201060349561221,0.0026371644680296402,0.2829434112986914,2.0801013446597802,1.7373043181463348,True
AUDUSD,売り,-1,2022-11-28 13:00:00,2022-11-28 17:00:00,0.6649557478820957,2022-11-29 01:00:00,0.6716536237606163,初期損切り,initial,3,0.003326811880308138,0.671609371642712,0.671609371642712,-0.006697875878520665,-1.0066508296075176,0.28127466047432,2.000000000000004,False
EURUSD,売り,-1,2022-11-28 13:00:00,2022-11-28 17:00:00,1.0339736775031447,2022-11-29 09:00:00,1.0330563224968552,時間切れ,time,4,0.00471014827092668,1.043393974044998,1.043393974044998,0.000917355006289533,0.09738069308262472,0.31711899864477,1.160541490932671,False
USDCHF,買い,1,2022-11-25 01:00:00,2022-11-25 05:00:00,0.9452163429665702,2022-11-30 01:00:00,0.9500350259354104,トレイル,trail,18,0.003072420732012904,0.9390715015025444,0.9501313689019807,0.004818682968840249,0.7841834483526735,3.0997242448596505,1.5220386055351345,True
EURUSD,売り,-1,2022-11-29 13:00:00,2022-11-29 17:00:00,1.0333936775031447,2022-11-30 09:00:00,1.0359163224968553,時間切れ,time,4,0.004576597625065252,1.0425468727532752,1.0425468727532752,-0.0025226449937105766,-0.27560266385387217,0.32418788468943543,1.2686984901305176,False
USDJPY,売り,-1,2022-11-27 21:00:00,2022-11-28 01:00:00,138.3702073498155,2022-11-30 09:00:00,139.51624071501638,初期損切り,initial,15,0.5721203575081847,139.51444806483187,139.51444806483187,-1.1460333652008785,-1.0015666722578418,1.5210214745820376,1.9999999999999942,False
EURUSD,買い,1,2022-11-30 13:00:00,2022-11-30 17:00:00,1.0406463224968554,2022-12-02 05:00:00,1.0464429748895885,トレイル,trail,10,0.0053538017423707795,1.0299387190121139,1.0464692973864438,0.0057966523927330815,0.5413585216330964,2.5876336423712774,0.2608095263977918,True
GBPUSD,買い,1,2022-11-30 17:00:00,2022-11-30 21:00:00,1.2083862429853747,2022-12-02 05:00:00,1.221639583039546,トレイル,trail,9,0.006242782650053047,1.1959006776852685,1.2217058260249205,0.013253340054171225,1.0614929909548114,3.6335971130490483,0.22045345201359196,True
USDCHF,売り,-1,2022-11-30 13:00:00,2022-11-30 17:00:00,0.9456636570334298,2022-12-02 05:00:00,0.9401477041855367,トレイル,trail,10,0.004274240812644342,0.9542121386587185,0.9400513612189665,0.00551595284789308,0.6452552733546766,2.813050916050542,0.09272827244494947,True
USDJPY,売り,-1,2022-11-30 13:00:00,2022-11-30 17:00:00,138.06720734981548,2022-12-02 05:00:00,134.71640203278372,トレイル,trail,10,0.7297395883994774,139.52668652661444,134.7146093825992,3.3508053170317567,2.2958911441141683,6.094238849737395,0.07234450620983525,True
AUDUSD,買い,1,2022-11-30 13:00:00,2022-11-30 17:00:00,0.6785142521179044,2022-12-05 09:00:00,0.670366755016432,初期損切り,initial,17,0.004051622491784041,0.6704110071343363,0.6704110071343363,-0.008147497101472445,-1.0054610366580423,1.6205231102872444,1.9999999999999971,False
GBPUSD,買い,1,2022-12-04 17:00:00,2022-12-04 21:00:00,1.2324762429853746,2022-12-05 09:00:00,1.218196706831818,初期損切り,initial,4,0.007106646584091038,1.2182629498171926,1.2182629498171926,-0.014279536153556593,-1.004660635968785,0.2805482151157724,1.9999999999999871,False
EURUSD,買い,1,2022-12-04 17:00:00,2022-12-04 21:00:00,1.0568363224968553,2022-12-05 13:00:00,1.0495336775031447,時間切れ,time,4,0.005457677032573861,1.0459209684317077,1.0459209684317077,-0.007302644993710583,-0.6690250220125822,0.48439610613929635,1.4285056536551013,False
EURUSD,売り,-1,2022-12-06 13:00:00,2022-12-06 17:00:00,1.0466436775031447,2022-12-07 09:00:00,1.0542663224968554,時間切れ,time,4,0.004718304833292594,1.05608028716973,1.05608028716973,-0.007622644993710681,-0.8077736881183384,0.48824261774902245,1.7180582398273154,False
GBPUSD,売り,-1,2022-12-06 13:00:00,2022-12-06 17:00:00,1.2134037570146254,2022-12-07 09:00:00,1.2217762429853747,時間切れ,time,4,0.006906192274779828,1.2272161415641851,1.2272161415641851,-0.008372485970749244,-0.6061578969734203,0.4001853560779425,1.32724989700156,False
AUDUSD,売り,-1,2022-12-07 01:00:00,2022-12-07 05:00:00,0.6674357478820956,2022-12-07 21:00:00,0.6708642521179043,時間切れ,time,4,0.003628633982995131,0.6746930158480858,0.6746930158480858,-0.0034285042358087603,-0.4724235417344049,0.15866794082668742,1.8696435489766943,False
USDCHF,売り,-1,2022-12-07 05:00:00,2022-12-07 09:00:00,0.9370036570334298,2022-12-08 01:00:00,0.9419063429665703,時間切れ,time,4,0.003650019356691728,0.9443036957468133,0.9443036957468133,-0.0049026859331404715,-0.6715972511422685,0.17086403453900553,1.5113188253253742,False
GBPUSD,買い,1,2022-12-08 17:00:00,2022-12-08 21:00:00,1.2268962429853747,2022-12-13 09:00:00,1.2355372689550361,トレイル,trail,16,0.005510992039726159,1.2158742589059224,1.2356035119404107,0.008641025969661431,0.7839809881208614,3.0799821324853083,1.1624482378481076,True
USDJPY,買い,1,2022-12-05 09:00:00,2022-12-05 13:00:00,136.6307926501845,2022-12-13 09:00:00,134.9196056818075,初期損切り,initial,36,0.8546971590962472,134.921398331992,134.921398331992,-1.7111869683770067,-1.0010487048923902,1.5727293995417626,1.9999999999999998,False
EURUSD,買い,1,2022-12-08 13:00:00,2022-12-08 17:00:00,1.0556363224968552,2022-12-13 13:00:00,1.0612318641322367,トレイル,trail,18,0.00404787558060521,1.0475405713356447,1.061258186629092,0.005595541635381451,0.6911701612311963,2.8888431154290304,1.3232428690543638,True
USDCHF,売り,-1,2022-12-08 17:00:00,2022-12-08 21:00:00,0.9335936570334298,2022-12-13 13:00:00,0.9297163429665702,トレイル,trail,17,0.0034607713211320798,0.940515199675694,0.9283911569816982,0.0038773140668595385,0.5601806226236294,3.003277613277785,1.3281267498098206,True
AUDUSD,買い,1,2022-12-08 05:00:00,2022-12-08 09:00:00,0.6762742521179044,2022-12-13 17:00:00,0.6840934479672467,トレイル,trail,21,0.00346819994323258,0.6693378522314393,0.6841377000851511,0.00781919584934232,1.1272700503613897,3.7672994913659683,0.9729116467141466,True
EURUSD,買い,1,2022-12-14 13:00:00,2022-12-14 17:00:00,1.0682963224968554,2022-12-15 09:00:00,1.0652236775031447,時間切れ,time,4,0.004219038434944379,1.0598582456269665,1.0598582456269665,-0.003072644993710627,-0.3641404363920111,0.03879497797150741,1.828929178019447,False
AUDUSD,売り,-1,2022-12-15 01:00:00,2022-12-15 05:00:00,0.6773057478820956,2022-12-15 21:00:00,0.6735082236272045,トレイル,trail,5,0.0038426476728667743,0.6849910432278292,0.6734639715093002,0.003797524254891105,0.4941286032682245,2.4997732552798384,0.11300856983862034,True
USDJPY,買い,1,2022-12-15 01:00:00,2022-12-15 05:00:00,136.5717926501845,2022-12-15 21:00:00,137.13197541925427,トレイル,trail,5,0.6948212870407925,135.18215007610291,137.1337680694388,0.5601827690697689,0.4031128431999817,2.3088057026112674,0.5624362083793655,True
GBPUSD,売り,-1,2022-12-15 01:00:00,2022-12-15 05:00:00,1.2338437570146255,2022-12-16 05:00:00,1.220809849378211,トレイル,trail,7,0.005829070928557623,1.2455018988717408,1.2207436063928363,0.013033907636414543,1.1180090100258675,3.7473822642317076,0.3098680746060863,True
EURUSD,売り,-1,2022-12-16 13:00:00,2022-12-18 17:00:00,1.0585936775031446,2022-12-19 09:00:00,1.0606663224968553,時間切れ,time,4,0.004464204295412418,1.0675220860939694,1.0675220860939694,-0.002072644993710737,-0.232140473033533,0.0904254098674342,1.6164857204835121,False
USDCHF,買い,1,2022-12-16 09:00:00,2022-12-16 13:00:00,0.9322363429665702,2022-12-20 01:00:00,0.9248243682581828,初期損切り,initial,10,0.0036578158709085567,0.9249207112247531,0.9249207112247531,-0.007411974708387392,-1.013169466420729,0.6899355031785626,2.0000000000000107,False
AUDUSD,売り,-1,2022-12-19 21:00:00,2022-12-20 01:00:00,0.6645757478820956,2022-12-20 17:00:00,0.6680642521179043,時間切れ,time,4,0.003931946649019522,0.6724396411801347,0.6724396411801347,-0.0034885042358087093,-0.44361032170650255,0.31428399019699854,1.3134084917434363,False
GBPUSD,売り,-1,2022-12-19 21:00:00,2022-12-20 01:00:00,1.2115737570146254,2022-12-20 17:00:00,1.2179662429853746,時間切れ,time,4,0.006518926480269015,1.2246116099751634,1.2246116099751634,-0.006392485970749151,-0.49030204513714304,0.27055942722529436,1.2480955276916812,False
USDJPY,売り,-1,2022-12-19 21:00:00,2022-12-20 01:00:00,132.93220734981549,2022-12-20 17:00:00,131.96631678027364,トレイル,trail,5,0.9303494200594348,134.79290618993434,131.96452413008913,0.9658905695418412,0.5191009682577842,2.5401287933995,0.8295728825576278,True
GBPUSD,売り,-1,2022-12-21 09:00:00,2022-12-21 13:00:00,1.2068137570146253,2022-12-22 05:00:00,1.2100462429853747,時間切れ,time,4,0.0062190415656756875,1.2192518401459767,1.2192518401459767,-0.0032324859707493214,-0.25988618476118175,0.13245722928946985,1.27611994574479,False
USDCHF,売り,-1,2022-12-22 01:00:00,2022-12-22 05:00:00,0.9231036570334298,2022-12-22 09:00:00,0.9294688466229352,初期損切り,initial,2,0.003134423311467582,0.9293725036563649,0.9293725036563649,-0.006365189589505382,-1.0153685314644225,0.06497432324620252,1.9999999999999931,False
USDJPY,買い,1,2022-12-21 13:00:00,2022-12-21 17:00:00,132.4237926501845,2022-12-22 09:00:00,132.37220734981548,時間切れ,time,4,0.8859998293037922,130.6517929915769,130.6517929915769,-0.051585300369026754,-0.02911134893195287,0.09052750030268868,0.8789986458535382,False
EURUSD,買い,1,2022-12-22 01:00:00,2022-12-22 05:00:00,1.0646563224968553,2022-12-22 13:00:00,1.0573338810079842,初期損切り,initial,3,0.003648059496007865,1.0573602035048395,1.0573602035048395,-0.007322441488871068,-1.0036077395234566,0.26416167395277224,2.0000000000000098,False
GBPUSD,買い,1,2022-12-26 17:00:00,2022-12-26 21:00:00,1.2099062429853746,2022-12-27 09:00:00,1.2008917039258602,初期損切り,initial,4,0.0044741480370699095,1.2009579469112348,1.2009579469112348,-0.009014539059514437,-1.007402860256944,0.2958679515424154,2.0000000000000018,False
AUDUSD,買い,1,2022-12-21 05:00:00,2022-12-21 09:00:00,0.6712242521179044,2022-12-28 13:00:00,0.6743135950968555,トレイル,trail,29,0.0038281018568267623,0.6635680484042509,0.6743578472147599,0.0030893429789511373,0.4035084611766305,2.3185767291607697,1.6259369135657804,True
USDJPY,買い,1,2022-12-22 17:00:00,2022-12-22 21:00:00,132.65779265018452,2022-12-29 05:00:00,133.40828180532736,トレイル,trail,24,0.7259503629920723,131.2058919242004,133.41007445551188,0.7504891551428443,0.5169011501348613,2.536271684233022,0.46255593674547507,True
AUDUSD,売り,-1,2022-12-29 01:00:00,2022-12-29 05:00:00,0.6729757478820956,2022-12-30 01:00:00,0.678900268130476,初期損切り,initial,6,0.0029401340652379948,0.6788560160125716,0.6788560160125716,-0.005924520248380416,-1.007525527224699,0.6379803915314693,2.0000000000000173,False
USDCHF,売り,-1,2022-12-27 01:00:00,2022-12-27 05:00:00,0.9283536570334298,2022-12-30 01:00:00,0.9249691057734736,トレイル,trail,18,0.002535175204602162,0.9334240074426341,0.9248727628069033,0.003384551259956181,0.66751821606099,2.873038920626674,1.3002426659058093,True
EURUSD,買い,1,2022-12-26 17:00:00,2022-12-26 21:00:00,1.0652263224968552,2023-01-02 01:00:00,1.0668456011977552,トレイル,trail,26,0.0029787175369262835,1.0592688874230027,1.0668719236946105,0.001619278700899951,0.27180803161532274,2.0524529188670204,1.5262684160198943,True
GBPUSD,買い,1,2022-12-30 09:00:00,2022-12-30 13:00:00,1.2099062429853746,2023-01-02 05:00:00,1.2045437570146253,時間切れ,time,4,0.004523006981525436,1.2008602290223238,1.2008602290223238,-0.005362485970749287,-0.592800983134977,0.0826346313751063,1.2417055751438197,False
AUDUSD,売り,-1,2023-01-02 17:00:00,2023-01-02 21:00:00,0.6781157478820956,2023-01-02 21:00:00,0.6834459185464515,初期損切り,initial,1,0.0026429592732257847,0.6834016664285472,0.6834016664285472,-0.005330170664355927,-1.008371698790944,-0.0,1.9999999999999931,False
USDJPY,売り,-1,2023-01-02 05:00:00,2023-01-02 09:00:00,130.6422073498155,2023-01-03 01:00:00,130.26084832765616,トレイル,trail,5,0.4973704516477636,131.63694825311103,130.25905567747165,0.38135902215933015,0.3833752295657157,2.2703547146286636,1.5376720664663484,True
GBPUSD,売り,-1,2023-01-03 01:00:00,2023-01-03 05:00:00,1.1923037570146253,2023-01-03 09:00:00,1.2016048941751798,初期損切り,initial,2,0.004617447087589923,1.2015386511898052,1.2015386511898052,-0.009301137160554473,-1.0071731179716887,0.39063945518147775,2.0000000000000036,False
EURUSD,売り,-1,2023-01-03 01:00:00,2023-01-03 05:00:00,1.0547236775031448,2023-01-04 01:00:00,1.0621504744950334,初期損切り,initial,6,0.0037002372475166433,1.0621241519981781,1.0621241519981781,-0.00742679699188864,-1.0035568661000074,0.7468919742915315,2.0000000000000138,False
USDCHF,買い,1,2023-01-03 01:00:00,2023-01-03 05:00:00,0.9371263429665703,2023-01-04 01:00:00,0.9299297161596249,初期損切り,initial,6,0.003550141920187531,0.9300260591261952,0.9300260591261952,-0.007196626806945328,-1.0135688894607877,0.772830240342838,2.0000000000000075,False
AUDUSD,買い,1,2023-01-04 01:00:00,2023-01-04 05:00:00,0.6871242521179044,2023-01-04 21:00:00,0.6838457478820956,時間切れ,time,4,0.004200060162149694,0.678724131793605,0.678724131793605,-0.003278504235808777,-0.3902925326349085,0.3561253468640911,1.243851734550047,False
USDJPY,買い,1,2023-01-04 09:00:00,2023-01-04 13:00:00,132.5527926501845,2023-01-05 05:00:00,132.53220734981548,時間切れ,time,4,0.7610676827100591,131.03065728476437,131.03065728476437,-0.020585300369020842,-0.013523961690055852,0.4575248137926327,1.1402305864498223,False
EURUSD,売り,-1,2023-01-05 21:00:00,2023-01-06 01:00:00,1.0514136775031446,2023-01-06 09:00:00,1.0587708742407993,初期損切り,initial,3,0.003665437120399715,1.058744551743944,1.058744551743944,-0.00735719673765467,-1.0035906354400057,0.8494696269145309,1.999999999999983,False
GBPUSD,売り,-1,2023-01-06 01:00:00,2023-01-06 05:00:00,1.1857337570146254,2023-01-06 09:00:00,1.1963374730107226,初期損切り,initial,2,0.005268736505361348,1.196271230025348,1.196271230025348,-0.010603715996097218,-1.0062864204071618,0.30439119758475375,1.9999999999999836,False
USDCHF,買い,1,2023-01-06 01:00:00,2023-01-06 05:00:00,0.9401463429665703,2023-01-06 09:00:00,0.9326500960146562,初期損切り,initial,2,0.0036999519926718995,0.9327464389812264,0.9327464389812264,-0.007496246951914087,-1.0130194887340571,0.21180194634467098,2.0000000000000133,False
USDJPY,買い,1,2023-01-05 21:00:00,2023-01-06 01:00:00,134.16379265018452,2023-01-06 09:00:00,132.64074760220916,初期損切り,initial,3,0.7606261988954214,132.64254025239367,132.64254025239367,-1.5230450479753586,-1.0011784041800815,0.8022434024776207,2.0000000000000044,False
USDCHF,売り,-1,2023-01-08 21:00:00,2023-01-09 01:00:00,0.9255636570334298,2023-01-10 05:00:00,0.922685978995871,トレイル,trail,8,0.003913090686200564,0.9333898384058309,0.9225896360293008,0.002877678037558784,0.3676988687876386,2.2600184208908827,0.05528698001637884,True
GBPUSD,売り,-1,2023-01-11 05:00:00,2023-01-11 09:00:00,1.2105637570146255,2023-01-12 01:00:00,1.2156962429853746,時間切れ,time,4,0.0048029877025075034,1.2201697324196406,1.2201697324196406,-0.005132485970749112,-0.534301385788432,0.10488409419882022,1.3567061564560137,False
USDJPY,買い,1,2023-01-11 01:00:00,2023-01-11 05:00:00,132.48579265018452,2023-01-12 01:00:00,131.15920031696524,初期損切り,initial,6,0.6623998415173775,131.16099296714975,131.16099296714975,-1.3265923332192813,-1.0013531481079614,0.5815329740011455,2.000000000000021,False
AUDUSD,買い,1,2023-01-06 09:00:00,2023-01-06 13:00:00,0.6869042521179044,2023-01-12 09:00:00,0.6911651282232157,トレイル,trail,24,0.0047670797725865716,0.6773700925727313,0.6912093803411201,0.00426087610531134,0.44690631461778846,2.4030954858302698,0.1980776833931699,True
EURUSD,買い,1,2023-01-12 05:00:00,2023-01-12 09:00:00,1.0829663224968553,2023-01-12 09:00:00,1.0753805757428097,初期損切り,initial,1,0.003779712128595215,1.075406898239665,1.075406898239665,-0.0075857467540456636,-1.0034820769359778,0.0,1.9999999999999818,False
GBPUSD,買い,1,2023-01-12 05:00:00,2023-01-12 09:00:00,1.2236862429853745,2023-01-12 09:00:00,1.2131741738084916,初期損切り,initial,1,0.005222913095754192,1.2132404167938662,1.2132404167938662,-0.010512069176882965,-1.0063415745351414,0.0,1.9999999999999947,False
USDCHF,買い,1,2023-01-11 05:00:00,2023-01-11 09:00:00,0.9291763429665703,2023-01-12 09:00:00,0.9276736570334297,トレイル,trail,7,0.0036253156295424946,0.9219257117074853,0.9306320265556862,-0.001502685933140513,-0.20724898004675912,1.9015329250931077,0.7161701854075391,True
AUDUSD,買い,1,2023-01-15 17:00:00,2023-01-15 21:00:00,0.7015242521179044,2023-01-16 13:00:00,0.6954557478820956,時間切れ,time,4,0.004086472157886597,0.6933513078021312,0.6933513078021312,-0.006068504235808736,-0.7425113889613759,0.09194920889658682,1.8216818395636116,False
EURUSD,買い,1,2023-01-15 17:00:00,2023-01-15 21:00:00,1.0868463224968552,2023-01-16 13:00:00,1.0813636775031448,時間切れ,time,4,0.004022646648301501,1.0788010292002521,1.0788010292002521,-0.005482644993710428,-0.681472358009047,0.14261195508859323,1.659684053948436,False
GBPUSD,買い,1,2023-01-15 17:00:00,2023-01-15 21:00:00,1.2271962429853747,2023-01-16 13:00:00,1.2190537570146254,時間切れ,time,4,0.0057490241692300425,1.2156981946469145,1.2156981946469145,-0.008142485970749291,-0.7081624403607092,0.2980952878573137,1.747469255590238,False
USDCHF,売り,-1,2023-01-15 17:00:00,2023-01-15 21:00:00,0.9230836570334298,2023-01-16 13:00:00,0.9261363429665702,時間切れ,time,4,0.0038802859555022557,0.9308442289444343,0.9308442289444343,-0.0030526859331404532,-0.3933583720565409,0.30504376404302863,1.4886384747957528,False
USDJPY,売り,-1,2023-01-17 13:00:00,2023-01-17 17:00:00,128.1362073498155,2023-01-17 21:00:00,129.46996968170237,初期損切り,initial,2,0.665984840851177,129.46817703151785,129.46817703151785,-1.3337623318868737,-1.001345864105727,0.04986202054245366,2.0000000000000107,False
AUDUSD,売り,-1,2023-01-17 05:00:00,2023-01-17 09:00:00,0.6946557478820956,2023-01-18 01:00:00,0.6995942521179044,時間切れ,time,4,0.0034226927793437585,0.7015011334407831,0.7015011334407831,-0.004938504235808772,-0.7214355120642238,-0.0,1.643224350092782,False
EURUSD,売り,-1,2023-01-17 09:00:00,2023-01-17 13:00:00,1.0781836775031446,2023-01-18 01:00:00,1.0860945352211886,初期損切り,initial,4,0.003942267610594381,1.0860682127243333,1.0860682127243333,-0.007910857718044007,-1.0033384969585153,0.4017174021592649,1.9999999999999856,False
USDCHF,売り,-1,2023-01-17 05:00:00,2023-01-17 09:00:00,0.9208036570334298,2023-01-18 09:00:00,0.9167654061832089,トレイル,trail,7,0.003459375477759166,0.9277224079889481,0.9166690632166387,0.004038250850220915,0.5836676122877414,2.695185039430677,1.082953553511598,True
AUDUSD,売り,-1,2023-01-18 09:00:00,2023-01-18 13:00:00,0.6959757478820956,2023-01-19 21:00:00,0.6931371439640538,トレイル,trail,9,0.0039552612307663096,0.7038862703436282,0.6930928918461494,0.0028386039180418043,0.3588389934856263,2.2288661526378126,0.09714961806199982,True
USDJPY,買い,1,2023-01-19 17:00:00,2023-01-19 21:00:00,128.8387926501845,2023-01-22 17:00:00,129.40920066260873,トレイル,trail,6,0.7993377914711812,127.24011706724214,129.41099331279324,0.5704080124242239,0.3568003530612433,2.2158433752464086,0.16612832722459903,True
USDJPY,買い,1,2023-01-23 09:00:00,2023-01-23 13:00:00,130.6487926501845,2023-01-24 05:00:00,130.1112073498155,時間切れ,time,4,0.7710832697613126,129.1066261106619,129.1066261106619,-0.5375853003690167,-0.3485909508420701,0.10661280440040911,1.1915608679577818,False
USDCHF,買い,1,2023-01-20 01:00:00,2023-01-20 05:00:00,0.9205163429665703,2023-01-24 13:00:00,0.9225136570334298,トレイル,trail,15,0.0034813650990337046,0.9135536127685029,0.9227379523514494,0.0019973140668595457,0.286857886208764,2.1381431770818375,1.2886735056359024,True
USDCHF,売り,-1,2023-01-25 13:00:00,2023-01-25 17:00:00,0.9175436570334298,2023-01-26 09:00:00,0.9165663429665702,時間切れ,time,4,0.003148885375733933,0.9238414277848976,0.9238414277848976,0.0009773140668595248,0.15518412870645304,0.4362359595606314,0.7800674440230303,False
AUDUSD,買い,1,2023-01-24 17:00:00,2023-01-24 21:00:00,0.7086242521179044,2023-01-31 01:00:00,0.701440954664663,初期損切り,initial,26,0.0035695226676684877,0.7014852067825674,0.7014852067825674,-0.007183297453241311,-1.006198604410774,1.5676459860529726,1.999999999999989,False
EURUSD,買い,1,2023-01-22 17:00:00,2023-01-22 21:00:00,1.0895363224968553,2023-01-31 01:00:00,1.0820333620465379,初期損切り,initial,38,0.0037383189767310715,1.0820596845433932,1.0820596845433932,-0.0075029604503173974,-1.0035206328056938,0.9158334332771263,1.9999999999999873,False
USDCHF,買い,1,2023-01-30 13:00:00,2023-01-30 17:00:00,0.9242063429665702,2023-01-31 09:00:00,0.9185615758453234,初期損切り,initial,5,0.002774212077338283,0.9186579188118936,0.9186579188118936,-0.005644767121246841,-1.0173640233486962,1.6702605656145557,2.0000000000000124,False
GBPUSD,買い,1,2023-01-18 01:00:00,2023-01-18 05:00:00,1.2359462429853747,2023-02-01 05:00:00,1.2316437570146255,最大保有,max,60,0.0050798458767593105,1.225786551231856,1.225786551231856,-0.004302485970749226,-0.4234858768484919,1.7429184328469165,1.8890815229804914,False
AUDUSD,買い,1,2023-02-01 17:00:00,2023-02-01 21:00:00,0.7143042521179044,2023-02-02 09:00:00,0.7076386994775222,初期損切り,initial,4,0.0033106502612388912,0.7076829515954266,0.7076829515954266,-0.006665552640382155,-1.0066832969979458,0.4034699459905551,1.9999999999999991,False
EURUSD,買い,1,2023-02-01 13:00:00,2023-02-01 17:00:00,1.0990763224968554,2023-02-02 09:00:00,1.0921054637346421,初期損切り,initial,5,0.003472268132678961,1.0921317862314974,1.0921317862314974,-0.006970858762213261,-1.0037903894298381,1.2077631516057599,2.0000000000000107,False
USDCHF,売り,-1,2023-02-01 13:00:00,2023-02-01 17:00:00,0.9090436570334297,2023-02-03 01:00:00,0.9161142011371511,初期損切り,initial,9,0.003487100568575587,0.9160178581705809,0.9160178581705809,-0.007070544103721432,-1.0138141938661684,0.8900394388962302,2.0000000000000053,False
USDJPY,売り,-1,2023-01-25 09:00:00,2023-01-25 13:00:00,129.6122073498155,2023-02-03 05:00:00,129.05636822103872,トレイル,trail,41,0.6457170472361247,130.90364144428773,129.0545755708542,0.5558391287767677,0.43040456431802193,2.363585344924893,1.557636823264334,True
AUDUSD,売り,-1,2023-02-03 05:00:00,2023-02-03 09:00:00,0.6977757478820956,2023-02-06 21:00:00,0.6910666155932159,トレイル,trail,10,0.0036282423168743855,0.7050322325158443,0.6910223634753115,0.0067091322888797045,0.9245705913406863,3.3613377544755334,0.49727993897019107,True
EURUSD,売り,-1,2023-02-03 05:00:00,2023-02-03 09:00:00,1.0839536775031446,2023-02-07 09:00:00,1.0747679367447667,トレイル,trail,13,0.004107742831940854,1.0921691631670263,1.0747416142479114,0.00918574075837797,1.118100759248094,3.7426095381634923,0.8901050154417189,True
GBPUSD,売り,-1,2023-02-02 09:00:00,2023-02-02 13:00:00,1.2243037570146253,2023-02-07 09:00:00,1.2037396093709325,トレイル,trail,18,0.005008910923705312,1.234321578862036,1.2036733663855579,0.020564147643692854,2.0527563732837004,5.618737774199882,0.4544387033520687,True
USDJPY,買い,1,2023-02-06 05:00:00,2023-02-06 09:00:00,132.55179265018452,2023-02-07 09:00:00,131.191575960212,初期損切り,initial,7,0.6792120198940148,131.1933686103965,131.1933686103965,-1.3602166899725319,-1.0013196543435599,0.5141359981673725,1.999999999999985,False
AUDUSD,買い,1,2023-02-07 09:00:00,2023-02-07 13:00:00,0.6981042521179044,2023-02-08 05:00:00,0.6985557478820956,時間切れ,time,4,0.004220248135040057,0.6896637558478242,0.6896637558478242,0.00045149576419123427,0.053491613495725045,0.3591608440059754,1.8350229346955,False
GBPUSD,買い,1,2023-02-08 01:00:00,2023-02-08 05:00:00,1.2106362429853745,2023-02-08 21:00:00,1.2074937570146254,時間切れ,time,4,0.0054582638807323695,1.1997197152239099,1.1997197152239099,-0.003142485970749176,-0.28786497313203635,0.037330004389242485,0.9483313922668078,False
AUDUSD,買い,1,2023-02-09 05:00:00,2023-02-09 09:00:00,0.7010642521179044,2023-02-09 13:00:00,0.6937179342396156,初期損切り,initial,2,0.003651032880192199,0.69376218635752,0.69376218635752,-0.007346317878288766,-1.0060602190334202,0.0,1.999999999999998,False
USDJPY,売り,-1,2023-02-09 05:00:00,2023-02-09 09:00:00,130.4042073498155,2023-02-09 17:00:00,131.7244212478362,初期損切り,initial,3,0.6592106239181057,131.7226285976517,131.7226285976517,-1.320213898020711,-1.0013596945494028,0.0003145425877160034,1.9999999999999805,False
EURUSD,買い,1,2023-02-09 01:00:00,2023-02-09 05:00:00,1.0763963224968554,2023-02-10 05:00:00,1.0694437734031879,初期損切り,initial,7,0.0034631132984060437,1.0694700959000432,1.0694700959000432,-0.006952549093667493,-1.0038004094274826,0.7720444792768483,2.0000000000000298,False
GBPUSD,買い,1,2023-02-09 01:00:00,2023-02-09 05:00:00,1.2141562429853745,2023-02-12 17:00:00,1.2045802971646873,初期損切り,initial,10,0.0047548514176562655,1.204646540150062,1.204646540150062,-0.009575945820687215,-1.0069658312695853,1.1049255913900369,2.0000000000000155,False
AUDUSD,売り,-1,2023-02-12 17:00:00,2023-02-12 21:00:00,0.6908157478820957,2023-02-13 13:00:00,0.6967142521179044,時間切れ,time,4,0.0034284146470330546,0.6976725771761617,0.6976725771761617,-0.0058985042358087325,-0.8602378713020157,0.17960134507898162,1.8213234864423782,False
USDCHF,買い,1,2023-02-03 05:00:00,2023-02-03 09:00:00,0.9230563429665702,2023-02-14 05:00:00,0.915677007166218,初期損切り,initial,42,0.003641496416890982,0.9157733501327883,0.9157733501327883,-0.007379335800352216,-1.0132284857021097,1.6624091693046918,2.0000000000000036,False
GBPUSD,買い,1,2023-02-13 17:00:00,2023-02-13 21:00:00,1.2141762429853746,2023-02-14 09:00:00,1.220428095865271,トレイル,trail,4,0.004337107432903009,1.2055020281195685,1.2204943388506455,0.006251852879896269,0.7207399144032316,2.9567533691555288,0.1720600646673701,True
EURUSD,買い,1,2023-02-14 01:00:00,2023-02-14 05:00:00,1.0761563224968553,2023-02-15 01:00:00,1.0703470069215981,初期損切り,initial,6,0.0028914965392009035,1.0703733294184534,1.0703733294184534,-0.005809315575257212,-1.0045517081723154,1.4953078603163983,2.0000000000000355,False
GBPUSD,売り,-1,2023-02-15 01:00:00,2023-02-15 05:00:00,1.2096237570146253,2023-02-16 01:00:00,1.206433204531002,トレイル,trail,6,0.004911307697084909,1.2194463724087952,1.2063669615456274,0.0031905524836233212,0.32481700194808233,2.163121854680568,0.105113142408301,True
AUDUSD,売り,-1,2023-02-15 01:00:00,2023-02-15 05:00:00,0.6911357478820956,2023-02-16 13:00:00,0.6898642521179044,トレイル,trail,9,0.0036559913949512396,0.6984477306719982,0.6895039870924268,0.0012714957641912772,0.17389206193799525,1.9463251177019205,0.6685606867892895,True
EURUSD,売り,-1,2023-02-15 05:00:00,2023-02-15 09:00:00,1.0682636775031447,2023-02-17 09:00:00,1.0664137585259075,トレイル,trail,13,0.0033982906860347733,1.0750602588752143,1.0663874360290522,0.001849918977237186,0.2721837459107606,2.0521132967826503,1.1730375253762135,True
USDCHF,買い,1,2023-02-14 21:00:00,2023-02-15 01:00:00,0.9238863429665702,2023-02-17 09:00:00,0.9287573361635136,トレイル,trail,15,0.0028975472466107673,0.9180912484733487,0.9288536791300839,0.004870993196943396,0.8405373204252233,3.21432447540722,0.8511830029536465,True
USDJPY,買い,1,2023-02-12 21:00:00,2023-02-13 01:00:00,132.18879265018452,2023-02-17 09:00:00,134.09483676915298,トレイル,trail,27,0.6795803871083574,130.8296318759678,134.0966294193375,1.9060441189684525,1.4023683990342546,4.307374676115768,1.0076698256380743,True
AUDUSD,売り,-1,2023-02-16 21:00:00,2023-02-17 01:00:00,0.6839157478820956,2023-02-20 01:00:00,0.6913148964902255,初期損切り,initial,7,0.0036774482451127077,0.6912706443723211,0.6912706443723211,-0.007399148608129846,-1.006016688061245,0.7493641510136848,2.000000000000015,False
GBPUSD,売り,-1,2023-02-16 05:00:00,2023-02-16 09:00:00,1.1986937570146254,2023-02-21 01:00:00,1.208799690770032,初期損切り,initial,17,0.005019845385015963,1.2087334477846574,1.2087334477846574,-0.010105933755406582,-1.006598110130283,1.431071370458659,2.0000000000000093,False
USDCHF,売り,-1,2023-02-20 01:00:00,2023-02-20 05:00:00,0.9236936570334298,2023-02-22 09:00:00,0.9295031769254876,初期損切り,initial,14,0.0028565884627438027,0.9294068339589173,0.9294068339589173,-0.005809519892057802,-1.0168632912697648,0.5018773449966045,1.999999999999985,False
USDJPY,売り,-1,2023-02-22 05:00:00,2023-02-22 09:00:00,134.5482073498155,2023-02-23 01:00:00,134.8347926501845,時間切れ,time,4,0.439583552408895,135.42737445463328,135.42737445463328,-0.286585300369012,-0.32597363891180575,0.34397863383854815,0.9936510312792954,False
AUDUSD,売り,-1,2023-02-22 13:00:00,2023-02-22 17:00:00,0.6802357478820956,2023-02-23 09:00:00,0.6815842521179044,時間切れ,time,4,0.0029127465579123885,0.6860612409979204,0.6860612409979204,-0.0013485042358087895,-0.23148327686554435,0.08436981289294478,1.3472686482949425,False
USDJPY,買い,1,2023-02-23 05:00:00,2023-02-23 09:00:00,135.2747926501845,2023-02-23 17:00:00,134.4798403272076,初期損切り,initial,3,0.3965798363961934,134.4816329773921,134.4816329773921,-0.7949523229769113,-1.0022601378335505,0.06860497513621207,2.0000000000000306,False
EURUSD,売り,-1,2023-02-21 01:00:00,2023-02-21 05:00:00,1.0662836775031448,2023-02-27 05:00:00,1.0574126892284852,トレイル,trail,25,0.002724244487753382,1.0717321664786517,1.05738636673163,0.008870988274659597,1.628155680325022,4.765973671420441,1.2980929254890492,True
GBPUSD,売り,-1,2023-02-23 01:00:00,2023-02-23 05:00:00,1.2029837570146253,2023-02-27 05:00:00,1.1989882877781088,トレイル,trail,13,0.004421363195156071,1.2118264834049375,1.1989220447927342,0.003995469236516502,0.4518368046413641,2.4186560892217743,0.8993251198478687,True
USDCHF,買い,1,2023-02-23 01:00:00,2023-02-23 05:00:00,0.9332163429665702,2023-02-27 05:00:00,0.9390028565510651,トレイル,trail,13,0.002553866988243169,0.9281086089900838,0.9390991995176353,0.00578651358449489,1.132892513810105,3.8035093754479283,0.6798877837270071,True
USDJPY,買い,1,2023-02-24 05:00:00,2023-02-24 09:00:00,135.8807926501845,2023-02-28 09:00:00,136.1739975629437,トレイル,trail,13,0.4874731912478637,134.9058462676888,136.1757902131282,0.2932049127591938,0.30073952580718327,2.1051564849926603,0.0036774333782818537,True
EURUSD,買い,1,2023-02-28 05:00:00,2023-02-28 09:00:00,1.0631563224968552,2023-02-28 13:00:00,1.057650228994477,初期損切り,initial,2,0.002739885502761478,1.0576765514913322,1.0576765514913322,-0.005506093502378295,-1.004803576067104,0.5086626801522312,2.0000000000000138,False
GBPUSD,買い,1,2023-02-27 09:00:00,2023-02-27 13:00:00,1.2059862429853747,2023-02-28 13:00:00,1.2076751780612676,トレイル,trail,7,0.004365719302238625,1.1972548043808975,1.2077414210466422,0.00168893507589285,0.1934314781789577,1.902036397614348,0.7527380387670621,True
EURUSD,買い,1,2023-03-01 05:00:00,2023-03-01 09:00:00,1.0671663224968553,2023-03-02 01:00:00,1.0641236775031446,時間切れ,time,4,0.0032061218571368157,1.0607540787825815,1.0607540787825815,-0.0030426449937106526,-0.4745055130917335,0.25066966851425904,1.065562274013567,False
GBPUSD,売り,-1,2023-03-01 05:00:00,2023-03-01 09:00:00,1.2008437570146253,2023-03-03 01:00:00,1.1996157945333104,トレイル,trail,11,0.004679701031957064,1.2102031590785394,1.1995495515479357,0.0012279624813149592,0.13120095417734642,1.776557296684482,0.7834353007464291,True
USDCHF,買い,1,2023-03-02 05:00:00,2023-03-02 09:00:00,0.9431063429665703,2023-03-03 01:00:00,0.9407036570334297,時間切れ,time,4,0.002814617817434323,0.9374771073317016,0.9374771073317016,-0.002402685933140525,-0.426822767598818,0.3317171616147924,0.9366610806768061,False
USDJPY,買い,1,2023-03-02 05:00:00,2023-03-02 09:00:00,137.0537926501845,2023-03-03 01:00:00,136.65720734981548,時間切れ,time,4,0.5012335247002159,136.05132560078408,136.05132560078408,-0.3965853003690256,-0.39560931265144367,0.0163743034155898,1.1088497133485435,False
USDCHF,売り,-1,2023-03-03 13:00:00,2023-03-05 17:00:00,0.9363036570334298,2023-03-06 05:00:00,0.9356028619516945,トレイル,trail,4,0.002777679323416216,0.9418590156802622,0.9355065189851243,0.0007007950817352615,0.12614758583315636,1.7869798689811016,0.365896436641322,True
USDCHF,売り,-1,2023-03-06 21:00:00,2023-03-07 01:00:00,0.9299036570334298,2023-03-07 09:00:00,0.9354133985325165,初期損切り,initial,3,0.0027066992662582038,0.9353170555659462,0.9353170555659462,-0.005509741499086673,-1.0177971316893752,0.4816408862562815,2.0000000000000098,False
USDJPY,買い,1,2023-03-07 09:00:00,2023-03-07 13:00:00,136.8577926501845,2023-03-08 05:00:00,137.22419310277994,トレイル,trail,5,0.45734283135703946,135.94310698747043,137.22598575296445,0.3664004525954283,0.4005752659424391,2.3050702395125073,0.19852208006651992,True
AUDUSD,売り,-1,2023-02-24 05:00:00,2023-02-24 09:00:00,0.6741857478820956,2023-03-08 09:00:00,0.6615524066473237,トレイル,trail,49,0.003152103019612913,0.6804899539213215,0.6615081545294194,0.012633341234771889,2.0039543689030976,5.521947656467479,1.3147578274308094,True
GBPUSD,売り,-1,2023-03-07 05:00:00,2023-03-07 09:00:00,1.1980037570146254,2023-03-08 21:00:00,1.1861346108140869,トレイル,trail,10,0.0038389118858081542,1.2056815807862418,1.1860683678287123,0.011869146200538472,1.5458997957750495,4.60905525861023,0.17094505028904822,True
EURUSD,売り,-1,2023-03-07 09:00:00,2023-03-07 13:00:00,1.0567136775031447,2023-03-10 05:00:00,1.063107886807462,初期損切り,initial,17,0.003183943403730994,1.0630815643106066,1.0630815643106066,-0.006394209304317222,-1.0041336313994134,1.3328369776208608,1.9999999999999787,False
GBPUSD,買い,1,2023-03-09 01:00:00,2023-03-09 05:00:00,1.1870362429853747,2023-03-10 13:00:00,1.2054646022536468,トレイル,trail,9,0.0038994365073190475,1.1792373699707366,1.2055308452390214,0.018428359268272132,2.362951574372736,6.2428909841032665,0.11700228597603181,True
USDCHF,売り,-1,2023-03-09 01:00:00,2023-03-09 05:00:00,0.9370836570334298,2023-03-10 13:00:00,0.9216030189381229,トレイル,trail,9,0.0026711173143684247,0.9424258916621666,0.9215066759715527,0.015480638095306865,2.897783263212309,7.331634940961128,0.8671812930529896,True
USDJPY,売り,-1,2023-03-09 01:00:00,2023-03-09 05:00:00,136.19220734981548,2023-03-10 13:00:00,134.86035668402457,トレイル,trail,9,0.49570935589336707,137.1836260616022,134.85856403384005,1.3318506657909097,1.3433785846049338,4.190373502376055,1.613430613475367,True
USDJPY,売り,-1,2023-03-13 05:00:00,2023-03-13 09:00:00,132.5422073498155,2023-03-14 01:00:00,133.86679265018452,時間切れ,time,4,0.8524027832827569,134.247012916381,134.247012916381,-1.3245853003690229,-0.7769714777724012,0.14336807928391393,1.7489298245169695,False
USDCHF,買い,1,2023-03-14 09:00:00,2023-03-14 13:00:00,0.9152063429665702,2023-03-15 05:00:00,0.9151936570334298,時間切れ,time,4,0.004012496202840282,0.9071813505608897,0.9071813505608897,-1.2685933140410555e-05,-0.0015808031333999397,0.22271847454889138,0.744260633681417,False
AUDUSD,買い,1,2023-03-12 21:00:00,2023-03-13 01:00:00,0.6667042521179044,2023-03-15 09:00:00,0.6593806049387948,初期損切り,initial,15,0.0036396975306026173,0.6594248570566992,0.6594248570566992,-0.007323647179109605,-1.0060790927724486,1.3698247835638484,1.9999999999999987,False
GBPUSD,買い,1,2023-03-12 21:00:00,2023-03-13 01:00:00,1.2117062429853747,2023-03-15 09:00:00,1.2013040357524638,初期損切り,initial,15,0.0051679821237681075,1.2013702787378384,1.2013702787378384,-0.010402207232910854,-1.0064089797321454,1.6861043258160455,2.0000000000000058,False
EURUSD,売り,-1,2023-03-15 05:00:00,2023-03-15 09:00:00,1.0556236775031447,2023-03-16 21:00:00,1.0647289505382695,初期損切り,initial,10,0.004539475269134776,1.0647026280414142,1.0647026280414142,-0.009105273035124872,-1.0028992884964363,0.8819692289914769,2.000000000000004,False
AUDUSD,買い,1,2023-03-16 21:00:00,2023-03-17 01:00:00,0.6715242521179043,2023-03-19 17:00:00,0.6715457478820956,時間切れ,time,4,0.0034355092778478222,0.6646532335622087,0.6646532335622087,2.1495764191303834e-05,0.003128468365652308,0.2665537502694121,1.2062992071150913,False
USDJPY,売り,-1,2023-03-20 01:00:00,2023-03-20 05:00:00,130.8922073498155,2023-03-20 21:00:00,131.17579265018452,時間切れ,time,4,0.8939755212949522,132.6801583924054,132.6801583924054,-0.28358530036902607,-0.15860909701321782,0.08300825699118608,1.068029971113155,False
EURUSD,買い,1,2023-03-21 05:00:00,2023-03-21 09:00:00,1.0781563224968553,2023-03-22 01:00:00,1.0768636775031446,時間切れ,time,4,0.0036551664677806836,1.070845989561294,1.070845989561294,-0.0012926449937107343,-0.17682436697549272,0.19798756350052732,0.6802214122863349,False
AUDUSD,売り,-1,2023-03-21 09:00:00,2023-03-21 13:00:00,0.6654957478820956,2023-03-22 05:00:00,0.6691042521179044,時間切れ,time,4,0.002926355276603054,0.6713484584353018,0.6713484584353018,-0.0036085042358087183,-0.6165526559026542,0.025884718339313415,1.6348842384776858,False
USDCHF,売り,-1,2023-03-21 09:00:00,2023-03-21 13:00:00,0.9224736570334298,2023-03-22 05:00:00,0.9224563429665702,時間切れ,time,4,0.003916135989491842,0.9303059290124135,0.9303059290124135,1.7314066859563937e-05,0.002210605927120857,0.322679558835688,0.5353090322183278,False
GBPUSD,買い,1,2023-03-20 01:00:00,2023-03-20 05:00:00,1.2214162429853745,2023-03-22 09:00:00,1.223102396584225,トレイル,trail,14,0.004380906953600311,1.212654429078174,1.2231686395695995,0.0016861535988503817,0.19244343884828108,1.9000077159330881,0.8117595335942973,True
USDJPY,買い,1,2023-03-22 05:00:00,2023-03-22 09:00:00,132.78879265018452,2023-03-22 13:00:00,131.4415061492684,初期損切り,initial,2,0.6727469253658003,131.44329879945292,131.44329879945292,-1.3472865009161126,-1.001332336215091,0.07611680988009162,1.9999999999999993,False
EURUSD,買い,1,2023-03-22 09:00:00,2023-03-22 13:00:00,1.0799063224968553,2023-03-22 17:00:00,1.0857836775031446,トレイル,trail,2,0.0029972419386738924,1.0739118386195075,1.0867441370919892,0.0058773550062893865,0.9804605578303397,3.781368916838004,0.30572189886705636,True
AUDUSD,買い,1,2023-03-22 17:00:00,2023-03-22 21:00:00,0.6713042521179043,2023-03-24 05:00:00,0.6651981327565482,初期損切り,initial,9,0.0030309336217259285,0.6652423848744525,0.6652423848744525,-0.006106119361356188,-1.0073000803427579,1.3975059868462876,1.9999999999999853,False
GBPUSD,買い,1,2023-03-22 17:00:00,2023-03-22 21:00:00,1.2292262429853746,2023-03-24 05:00:00,1.2203713628595998,初期損切り,initial,9,0.004394318570200099,1.2204376058449744,1.2204376058449744,-0.008854880125774844,-1.0075373444501579,1.1659958040757394,2.0000000000000084,False
EURUSD,売り,-1,2023-03-24 05:00:00,2023-03-24 09:00:00,1.0749036775031446,2023-03-27 01:00:00,1.0768063224968554,時間切れ,time,4,0.004044384689832129,1.082992446882809,1.082992446882809,-0.0019026449937107337,-0.235220576135366,0.19871440646214655,0.7631129908622687,False
USDJPY,売り,-1,2023-03-23 21:00:00,2023-03-24 01:00:00,130.10320734981548,2023-03-27 05:00:00,131.4700753786446,初期損切り,initial,8,0.6825376893223061,131.46828272846008,131.46828272846008,-1.366868028829117,-1.0013132243190006,0.6727941284406145,1.999999999999989,False
GBPUSD,買い,1,2023-03-28 09:00:00,2023-03-28 13:00:00,1.2344662429853746,2023-03-29 05:00:00,1.2324437570146254,時間切れ,time,4,0.003952159778593309,1.226561923428188,1.226561923428188,-0.002022485970749166,-0.2558709773961908,0.1021611061405696,1.013684468698374,False
AUDUSD,買い,1,2023-03-27 17:00:00,2023-03-27 21:00:00,0.6672642521179044,2023-03-31 01:00:00,0.6695782973965834,トレイル,trail,20,0.0027583003236748603,0.6617476514705547,0.6696225495144877,0.0023140452786789556,0.4194694208634926,2.3549820976134264,0.4148395691662349,True
EURUSD,買い,1,2023-03-30 01:00:00,2023-03-30 05:00:00,1.0873563224968552,2023-03-31 01:00:00,1.088422290456085,トレイル,trail,6,0.0027942580313731805,1.0817678064341087,1.0884486129529403,0.0010659679592297522,0.19074257768276043,1.8909053651527992,0.5176052034623709,True
USDJPY,買い,1,2023-03-29 01:00:00,2023-03-29 05:00:00,131.99079265018452,2023-03-31 09:00:00,132.7201059387723,トレイル,trail,14,0.5814009406954662,130.8279907687936,132.7218985889568,0.7293132885877753,0.6272033957456087,2.757490120153119,0.6721568935149298,True
GBPUSD,買い,1,2023-03-30 05:00:00,2023-03-30 09:00:00,1.2378662429853746,2023-04-02 17:00:00,1.2308160486692366,初期損切り,initial,9,0.0034919756653817155,1.2308822916546112,1.2308822916546112,-0.00705019431613807,-1.009485029639718,1.2782898400116345,2.0000000000000084,False
AUDUSD,売り,-1,2023-04-02 17:00:00,2023-04-02 21:00:00,0.6666557478820956,2023-04-03 05:00:00,0.6720783115308556,初期損切り,initial,3,0.0026891557654278283,0.6720340594129512,0.6720340594129512,-0.005422563648760037,-1.008227882979724,0.3256590389274901,2.0000000000000018,False
EURUSD,売り,-1,2023-04-02 17:00:00,2023-04-02 21:00:00,1.0813636775031448,2023-04-03 05:00:00,1.0875876264418312,初期損切り,initial,3,0.0030988132209155486,1.0875613039449759,1.0875613039449759,-0.0062239489386863855,-1.0042471899689893,0.8208553797228695,1.9999999999999956,False
GBPUSD,売り,-1,2023-04-02 21:00:00,2023-04-03 01:00:00,1.2280437570146254,2023-04-03 05:00:00,1.2351519578071337,初期損切り,initial,2,0.0035209789035667996,1.235085714821759,1.235085714821759,-0.00710820079250829,-1.0094068989319398,0.1601137155506463,2.000000000000023,False
USDJPY,売り,-1,2023-04-03 09:00:00,2023-04-03 13:00:00,132.4522073498155,2023-04-04 05:00:00,132.9067926501845,時間切れ,time,4,0.6079734077828169,133.66815416538114,133.66815416538114,-0.45458530036901834,-0.37385294697906213,0.46088750959909613,0.8714076033630718,False
USDCHF,売り,-1,2023-03-22 13:00:00,2023-03-22 17:00:00,0.9175636570334298,2023-04-05 13:00:00,0.9074063429665702,トレイル,trail,60,0.0037426203928382883,0.9250488978191064,0.9064239305892574,0.010157314066859602,1.3569789346384402,4.476451062332917,1.2815467408204781,True
GBPUSD,買い,1,2023-04-04 01:00:00,2023-04-04 05:00:00,1.2476062429853747,2023-04-07 05:00:00,1.23963578220572,初期損切り,initial,19,0.003952108897140009,1.2397020251910946,1.2397020251910946,-0.007970460779654687,-1.0083807135758083,1.2509161926694272,2.000000000000015,False
EURUSD,買い,1,2023-04-04 01:00:00,2023-04-04 05:00:00,1.0917363224968553,2023-04-10 05:00:00,1.0851258299766768,初期損切り,initial,25,0.00329208501166157,1.0851521524735321,1.0851521524735321,-0.006610492520178424,-1.0039978458578744,1.6991291182731136,1.9999999999999944,False
USDJPY,売り,-1,2023-04-04 09:00:00,2023-04-04 13:00:00,131.62120734981548,2023-04-10 05:00:00,132.83604722932375,初期損切り,initial,23,0.606523614661881,132.83425457913924,132.83425457913924,-1.2148398795082755,-1.0014778074102795,1.630946142743225,2.0000000000000018,False
AUDUSD,売り,-1,2023-04-05 01:00:00,2023-04-05 05:00:00,0.6697457478820956,2023-04-10 21:00:00,0.6666338680932427,トレイル,trail,23,0.003086410650225559,0.6759185691825468,0.6665896159753383,0.003111879788852967,0.5041260126266002,2.5225897537408497,1.0414207576912942,True
GBPUSD,売り,-1,2023-04-10 05:00:00,2023-04-10 09:00:00,1.2351537570146254,2023-04-11 01:00:00,1.2404162429853747,時間切れ,time,4,0.0036522843440471068,1.2424583257027195,1.2424583257027195,-0.005262485970749298,-0.7204376049371229,0.18721352178941958,1.6938010304312017,False
USDCHF,買い,1,2023-04-10 05:00:00,2023-04-10 09:00:00,0.9103063429665702,2023-04-11 01:00:00,0.905351825479678,初期損切り,initial,5,0.002429087260161014,0.9054481684462482,0.9054481684462482,-0.00495451748689224,-1.019831104495568,0.7095904135265811,1.9999999999999887,False
USDCHF,売り,-1,2023-04-11 13:00:00,2023-04-11 17:00:00,0.9035436570334298,2023-04-13 13:00:00,0.8896230322850094,トレイル,trail,12,0.002357792878959423,0.9082592427913486,0.8895266893184391,0.013920624748420374,2.9520457188258273,7.444952943100223,0.08751530654438175,True
AUDUSD,買い,1,2023-04-12 05:00:00,2023-04-12 09:00:00,0.6706642521179044,2023-04-14 05:00:00,0.675757993671664,トレイル,trail,12,0.0025851694736210135,0.6654939131706623,0.6758022457895684,0.005093741553759634,0.9851852278421221,3.4874881411419962,1.1930560643609742,True
EURUSD,買い,1,2023-04-12 05:00:00,2023-04-12 09:00:00,1.0964363224968554,2023-04-14 05:00:00,1.103434131321689,トレイル,trail,12,0.0027596974543036526,1.0909169275882482,1.1034604538185444,0.006997808824833696,1.2678579700685768,4.045254122235443,0.22332973344388135,True
GBPUSD,買い,1,2023-04-12 09:00:00,2023-04-12 13:00:00,1.2484962429853745,2023-04-14 05:00:00,1.2493931713219364,トレイル,trail,11,0.003487057128459354,1.241522128728456,1.249459414307311,0.000896928336561853,0.12860820794153902,1.776213232664204,0.20253266848157847,True
USDJPY,売り,-1,2023-04-13 05:00:00,2023-04-13 09:00:00,132.51320734981547,2023-04-14 09:00:00,133.52357367629824,初期損切り,initial,7,0.5042868381491233,133.52178102611373,133.52178102611373,-1.0103663264827674,-1.001777411235935,0.9720803969714512,2.0000000000000164,False
EURUSD,売り,-1,2023-04-17 01:00:00,2023-04-17 05:00:00,1.0964736775031447,2023-04-18 01:00:00,1.095419934790453,トレイル,trail,6,0.002982408195731859,1.1024384938946084,1.0953936122935977,0.0010537427126917631,0.17665970644122092,1.8621453331213136,0.6827779308578759,True
USDCHF,買い,1,2023-04-17 09:00:00,2023-04-17 13:00:00,0.8996163429665702,2023-04-18 05:00:00,0.8958336570334298,時間切れ,time,4,0.0028709065809456535,0.893874529804679,0.893874529804679,-0.0037826859331404616,-0.6587964161297223,0.0,1.3293163183711512,False
AUDUSD,買い,1,2023-04-18 01:00:00,2023-04-18 05:00:00,0.6737442521179043,2023-04-18 21:00:00,0.6736957478820956,時間切れ,time,4,0.0025456380291785643,0.6686529760595472,0.6686529760595472,-4.850423580871066e-05,-0.009526931019403844,0.3990150486648138,0.8069694490568264,False
USDJPY,買い,1,2023-04-19 01:00:00,2023-04-19 05:00:00,134.8917926501845,2023-04-20 09:00:00,134.09286107014114,初期損切り,initial,8,0.39856946492942746,134.09465372032565,134.09465372032565,-0.7989315800433587,-1.0022488553969147,0.6102006581426289,1.9999999999999782,False
AUDUSD,買い,1,2023-04-20 05:00:00,2023-04-20 09:00:00,0.6749442521179044,2023-04-21 01:00:00,0.670011081250503,初期損切り,initial,5,0.0024444593747484982,0.6700553333684074,0.6700553333684074,-0.004933170867401415,-1.0090515142860519,0.8900732426037882,2.0000000000000178,False
USDCHF,売り,-1,2023-04-20 01:00:00,2023-04-20 05:00:00,0.8957136570334298,2023-04-21 09:00:00,0.8945606050233951,トレイル,trail,8,0.0021095080378832278,0.8999326731091962,0.8944642620568248,0.001153052010034683,0.2732987951047832,2.092268412429767,0.5291958819414824,True
GBPUSD,売り,-1,2023-04-14 09:00:00,2023-04-14 13:00:00,1.2404837570146254,2023-04-24 13:00:00,1.2478878123756518,初期損切り,initial,37,0.0036689061878258556,1.2478215693902772,1.2478215693902772,-0.007404055361026396,-1.0090276204927904,1.3965353029813194,2.0000000000000204,False
AUDUSD,売り,-1,2023-04-23 21:00:00,2023-04-24 01:00:00,0.6675357478820956,2023-04-24 17:00:00,0.6694542521179043,時間切れ,time,4,0.002413734780364069,0.6723632174428237,0.6723632174428237,-0.001918504235808749,-0.3974140513315586,0.40010521866446075,0.9712136300040662,False
EURUSD,買い,1,2023-04-21 13:00:00,2023-04-23 17:00:00,1.0989263224968553,2023-04-25 01:00:00,1.1025356579182894,トレイル,trail,9,0.002758679723236865,1.0934089630503816,1.1025619804151447,0.0036093354214341566,0.6541780459384362,2.8178977927976256,0.8505237041805453,True
USDJPY,買い,1,2023-04-24 05:00:00,2023-04-24 09:00:00,134.5077926501845,2023-04-25 01:00:00,134.2912073498155,時間切れ,time,4,0.4100102172724673,133.68777221563957,133.68777221563957,-0.2165853003690188,-0.26412183312140447,0.3956178236106782,1.3067787767553358,False
GBPUSD,売り,-1,2023-04-25 09:00:00,2023-04-25 13:00:00,1.2398837570146255,2023-04-26 01:00:00,1.2468284919914812,初期損切り,initial,4,0.0034392459957405634,1.2467622490061065,1.2467622490061065,-0.00694473497685566,-1.0096304517700354,0.09995127276477117,1.9999999999999778,False
USDCHF,売り,-1,2023-04-24 01:00:00,2023-04-24 05:00:00,0.8891936570334298,2023-04-26 13:00:00,0.8916963429665702,トレイル,trail,15,0.0022387193741084527,0.8936710957816467,0.8885580790611627,-0.0025026859331404028,-0.5589548118636066,1.7839024755035373,1.5974949821455,True
USDJPY,売り,-1,2023-04-25 05:00:00,2023-04-25 09:00:00,133.9172073498155,2023-04-26 13:00:00,133.8167926501845,トレイル,trail,8,0.383816057300571,134.68483946441665,133.59272408595086,0.10041469963098848,0.1308109675468222,2.3454134674478704,0.3095041177276091,True
AUDUSD,売り,-1,2023-04-25 05:00:00,2023-04-25 09:00:00,0.6653057478820956,2023-04-27 01:00:00,0.6627235503851485,トレイル,trail,11,0.002346198844829467,0.6699981455717545,0.6626792982672441,0.002582197496947103,0.5502938300898339,2.619448856877413,0.12115431670713916,True
USDCHF,買い,1,2023-04-27 01:00:00,2023-04-27 05:00:00,0.8925363429665703,2023-04-27 13:00:00,0.8941958236429195,トレイル,trail,3,0.0022318889270068016,0.8880725651125566,0.8942921666094897,0.0016594806763492453,0.37176596385886995,2.286698487399319,0.25823102556595967,True
GBPUSD,売り,-1,2023-04-27 05:00:00,2023-04-27 09:00:00,1.2447937570146255,2023-04-28 01:00:00,1.2483062429853746,時間切れ,time,4,0.003313473976893237,1.2514207049684118,1.2514207049684118,-0.0035124859707491574,-0.5300307162880629,0.19730259515676565,1.7040251484541702,False
AUDUSD,売り,-1,2023-04-28 01:00:00,2023-04-28 05:00:00,0.6582357478820956,2023-04-30 21:00:00,0.6618442521179044,時間切れ,time,4,0.002325257221612775,0.6628862623253211,0.6628862623253211,-0.0036085042358088293,-0.775936572149641,0.36802288974382735,1.6446576672717172,False
GBPUSD,買い,1,2023-04-28 09:00:00,2023-04-28 13:00:00,1.2575262429853746,2023-05-01 05:00:00,1.2517737570146255,時間切れ,time,4,0.0039178203545737755,1.249690602276227,1.249690602276227,-0.005752485970749177,-0.7341436628192459,0.016273593185793304,1.4641414016541159,False
USDCHF,売り,-1,2023-04-28 09:00:00,2023-04-28 13:00:00,0.8921736570334298,2023-05-01 05:00:00,0.8945063429665703,時間切れ,time,4,0.0027369642365196838,0.8976475855064692,0.8976475855064692,-0.0023326859331405103,-0.4261447595871306,-0.0,1.1861108461900352,False
AUDUSD,買い,1,2023-05-01 05:00:00,2023-05-01 09:00:00,0.6660842521179043,2023-05-02 05:00:00,0.6683484583371089,トレイル,trail,6,0.0022181930299911335,0.661647866057922,0.6683927104550133,0.0022642062192045342,0.5103717730132766,2.540693170475867,1.805186502601329,True
USDJPY,買い,1,2023-04-27 09:00:00,2023-04-27 13:00:00,133.9997926501845,2023-05-02 09:00:00,137.12179211095417,トレイル,trail,18,0.43361015924088214,133.13257233170273,137.1235847611387,3.121999460769672,3.600007281004822,8.704148805975793,1.5077890502590827,True
USDCHF,買い,1,2023-05-01 09:00:00,2023-05-01 13:00:00,0.8961163429665703,2023-05-03 01:00:00,0.8904427406710025,初期損切り,initial,10,0.0027886296644987585,0.8905390836375727,0.8905390836375727,-0.005673602295567792,-1.0172742490329192,1.2169622508981468,2.000000000000013,False
EURUSD,売り,-1,2023-04-28 01:00:00,2023-04-28 05:00:00,1.0991136775031447,2023-05-03 09:00:00,1.1052186269041773,初期損切り,initial,20,0.003039313452088652,1.105192304407322,1.105192304407322,-0.006104949401032567,-1.004330335990382,1.6068357476549668,1.999999999999987,False
GBPUSD,売り,-1,2023-05-02 01:00:00,2023-05-02 05:00:00,1.2470037570146253,2023-05-03 09:00:00,1.2541844589520692,初期損切り,initial,8,0.003557229476034641,1.2541182159666946,1.2541182159666946,-0.007180701937443912,-1.0093110362742852,0.9540450053866972,2.0000000000000058,False
USDJPY,売り,-1,2023-05-02 21:00:00,2023-05-03 01:00:00,136.0602073498155,2023-05-04 13:00:00,134.2386301963615,トレイル,trail,10,0.49055836411798964,137.04132407805147,134.236837546177,1.821577153454001,1.8566365255326411,5.216927356680338,0.08723253605399081,True
AUDUSD,買い,1,2023-05-03 09:00:00,2023-05-03 13:00:00,0.6680842521179043,2023-05-05 05:00:00,0.6708001039933617,トレイル,trail,11,0.002397095925822678,0.663290060266259,0.670844356111266,0.002715851875457309,0.5664879419719581,2.6514366044464484,1.695489977736058,True
EURUSD,売り,-1,2023-05-05 05:00:00,2023-05-05 09:00:00,1.0975836775031447,2023-05-08 01:00:00,1.1044063224968552,時間切れ,time,4,0.0036007363816052207,1.104785150266355,1.104785150266355,-0.006822644993710547,-0.9473957922280593,-0.0,1.898590113894322,False
EURUSD,売り,-1,2023-05-09 05:00:00,2023-05-09 09:00:00,1.0949736775031447,2023-05-10 01:00:00,1.0972463224968554,時間切れ,time,4,0.0030394611739840384,1.1010525998511127,1.1010525998511127,-0.002272644993710715,-0.37385655937361384,0.2775746932930076,0.9101358229324742,False
AUDUSD,買い,1,2023-05-10 05:00:00,2023-05-10 09:00:00,0.6814942521179044,2023-05-10 09:00:00,0.6764914355153957,初期損切り,initial,1,0.0024792822423021356,0.6765356876333001,0.6765356876333001,-0.005002816602508675,-1.0089243808448598,0.0,2.0000000000000115,False
GBPUSD,買い,1,2023-05-04 21:00:00,2023-05-05 01:00:00,1.2607662429853745,2023-05-10 09:00:00,1.262644957055529,トレイル,trail,21,0.0035125333060643357,1.2537411763732458,1.2627112000409035,0.0018787140701543859,0.26743007203815183,2.053719178170104,1.3654654824464922,True
USDJPY,買い,1,2023-05-05 05:00:00,2023-05-05 09:00:00,134.9757926501845,2023-05-11 05:00:00,133.85824875113448,初期損切り,initial,24,0.5578756244327522,133.860041401319,133.860041401319,-1.1175438990500197,-1.0016066754900235,0.885873711220143,2.0000000000000053,False
AUDUSD,売り,-1,2023-05-11 01:00:00,2023-05-11 05:00:00,0.6733357478820956,2023-05-15 01:00:00,0.6680926759747546,トレイル,trail,12,0.0029522825712334985,0.6792403130245626,0.6680484238568503,0.005243071907340968,0.8879691866944753,3.2909274934466253,0.6856566297644743,True
GBPUSD,売り,-1,2023-05-11 01:00:00,2023-05-11 05:00:00,1.2583137570146254,2023-05-15 05:00:00,1.2496485067877532,トレイル,trail,13,0.003588175868252369,1.26549010875113,1.2495822638023786,0.008665250226872256,1.2074728977948188,3.9334072611941444,0.9381488279764854,True
EURUSD,売り,-1,2023-05-11 01:00:00,2023-05-11 05:00:00,1.0928236775031448,2023-05-16 01:00:00,1.0892978963112352,トレイル,trail,18,0.0031877158762533427,1.0991991092556515,1.08927157381438,0.003525781191909605,0.5530262621858264,2.614310003355684,0.6450770949110312,True
USDCHF,買い,1,2023-05-05 01:00:00,2023-05-05 05:00:00,0.8919463429665703,2023-05-16 01:00:00,0.8935703859994432,トレイル,trail,42,0.0034221806893244564,0.8851019815879213,0.8936667289660134,0.0016240430328728905,0.23728189425226975,2.0027162957262474,1.5038197669177236,True
USDJPY,買い,1,2023-05-12 05:00:00,2023-05-12 09:00:00,134.97979265018452,2023-05-16 05:00:00,135.66456857771783,トレイル,trail,12,0.439092514731763,134.10160762072098,135.66636122790234,0.684775927533309,0.7797626975623023,3.063608020367281,0.5939355407683106,True
GBPUSD,売り,-1,2023-05-17 01:00:00,2023-05-17 05:00:00,1.2426637570146253,2023-05-17 09:00:00,1.2493534392851524,初期損切り,initial,2,0.0033117196425762733,1.2492871962997778,1.2492871962997778,-0.006689682270527131,-1.0100012972902277,0.13097636920977546,1.9999999999999925,False
AUDUSD,売り,-1,2023-05-17 01:00:00,2023-05-17 05:00:00,0.6638157478820956,2023-05-17 21:00:00,0.6656842521179044,時間切れ,time,4,0.0023901079036656317,0.6685959636894269,0.6685959636894269,-0.0018685042358087545,-0.39088282017374393,0.10700265109510718,1.4661480816535668,False
USDCHF,買い,1,2023-05-17 01:00:00,2023-05-17 05:00:00,0.9003363429665703,2023-05-19 01:00:00,0.9025458191822808,トレイル,trail,12,0.0024252252340992747,0.8954858924983717,0.9026421621488511,0.0022094762157105485,0.45551979763461947,2.450764963954847,1.0293241763573546,True
USDJPY,買い,1,2023-05-16 09:00:00,2023-05-16 13:00:00,136.59279265018452,2023-05-19 01:00:00,138.12131860649,トレイル,trail,16,0.41592582888366103,135.7609409924172,138.12311125667452,1.5285259563054865,1.837498239058666,5.179306501828355,0.7760822429587536,True
AUDUSD,売り,-1,2023-05-18 05:00:00,2023-05-18 09:00:00,0.6620357478820956,2023-05-19 05:00:00,0.6670110001135148,初期損切り,initial,6,0.0024655000567574002,0.6669667479956104,0.6669667479956104,-0.004975252231419147,-1.0089742682793823,0.6350630079298721,1.9999999999999885,False
EURUSD,売り,-1,2023-05-17 01:00:00,2023-05-17 05:00:00,1.0829036775031446,2023-05-19 05:00:00,1.0796076848349085,トレイル,trail,13,0.0023875748920355044,1.0876788272872155,1.0795813623380532,0.003295992668236103,0.6902385929821316,2.8915019697073934,0.8486948424590702,True
GBPUSD,売り,-1,2023-05-18 09:00:00,2023-05-18 13:00:00,1.2395637570146254,2023-05-19 05:00:00,1.2409162429853746,時間切れ,time,4,0.003497080318488714,1.2465579176516028,1.2465579176516028,-0.0013524859707492176,-0.19337359276519323,0.12117451589119389,0.9196937709353258,False
USDCHF,売り,-1,2023-05-22 01:00:00,2023-05-22 05:00:00,0.8955436570334298,2023-05-23 05:00:00,0.9008965078963107,初期損切り,initial,7,0.002628253948155359,0.9008001649297405,0.9008001649297405,-0.0053528508628809535,-1.0183283214770502,0.5492836924845018,1.9999999999999984,False
EURUSD,売り,-1,2023-05-23 05:00:00,2023-05-23 09:00:00,1.0763636775031447,2023-05-24 01:00:00,1.0780163224968553,時間切れ,time,4,0.0023854090465523898,1.0811344955962494,1.0811344955962494,-0.0016526449937106502,-0.3464070441292245,0.1398827189101487,1.3357551827266343,False
USDJPY,買い,1,2023-05-23 05:00:00,2023-05-23 09:00:00,138.86079265018452,2023-05-24 01:00:00,138.41920734981548,時間切れ,time,4,0.47715171996146405,137.90648921026158,137.90648921026158,-0.44158530036904153,-0.4627304921008197,0.0,1.1941540318256474,False
GBPUSD,売り,-1,2023-05-23 01:00:00,2023-05-23 05:00:00,1.2408737570146253,2023-05-25 05:00:00,1.2382240648773277,トレイル,trail,13,0.003278547927968777,1.2474308528705629,1.2381578218919531,0.002649692137297599,0.40409537934362527,2.32839573565573,1.853333585133591,True
USDCHF,買い,1,2023-05-24 09:00:00,2023-05-24 13:00:00,0.9059863429665702,2023-05-25 05:00:00,0.9057036570334298,時間切れ,time,4,0.0024070322142841186,0.901172278538002,0.901172278538002,-0.000282685933140403,-0.05872084541761676,0.35465127070750685,0.9124692862589919,False
AUDUSD,売り,-1,2023-05-23 05:00:00,2023-05-23 09:00:00,0.6611957478820957,2023-05-26 01:00:00,0.6524431568913188,トレイル,trail,17,0.002239269848943016,0.6656742875799817,0.6523989047734144,0.008752590990776854,1.954340383520161,5.428442618397913,0.8101980736089847,True
USDCHF,買い,1,2023-05-25 09:00:00,2023-05-25 13:00:00,0.9072763429665702,2023-05-26 01:00:00,0.9023666007453324,初期損切り,initial,4,0.002406699627333809,0.9024629437119026,0.9024629437119026,-0.004909742221237856,-1.0200155776558142,0.0,1.9999999999999993,False
USDJPY,買い,1,2023-05-24 09:00:00,2023-05-24 13:00:00,139.3107926501845,2023-05-26 01:00:00,139.5420535093989,トレイル,trail,10,0.45676922694440725,138.3972541962957,139.5438461595834,0.23126085921438744,0.25314846707321403,2.0102215640881105,1.0657299604899708,True
EURUSD,売り,-1,2023-05-24 09:00:00,2023-05-24 13:00:00,1.0755736775031446,2023-05-26 05:00:00,1.074656450506966,トレイル,trail,11,0.0026067520067405035,1.0807871815166257,1.0746301280101107,0.0009172269961785773,0.1759329222355683,1.8619636584508694,0.3975531597082389,True
GBPUSD,売り,-1,2023-05-25 09:00:00,2023-05-25 13:00:00,1.2308537570146254,2023-05-26 05:00:00,1.2354362429853747,時間切れ,time,4,0.0037925948131231246,1.2384389466408716,1.2384389466408716,-0.004582485970749284,-0.604135980317879,0.006264052923109569,1.5968600084614248,False
USDCHF,売り,-1,2023-05-26 05:00:00,2023-05-26 09:00:00,0.9034936570334298,2023-05-29 01:00:00,0.9049963429665703,時間切れ,time,4,0.002259984594833348,0.9080136262230964,0.9080136262230964,-0.001502685933140513,-0.3324549062360581,0.16091128862610338,1.7550309748296136,False
USDJPY,買い,1,2023-05-26 09:00:00,2023-05-26 13:00:00,140.5947926501845,2023-05-30 05:00:00,139.65332185490993,初期損切り,initial,11,0.46983907254502605,139.65511450509445,139.65511450509445,-0.9414707952745687,-1.0019077278681892,0.7198365771996954,2.000000000000009,False
GBPUSD,買い,1,2023-05-30 01:00:00,2023-05-30 05:00:00,1.2377062429853747,2023-05-30 09:00:00,1.2399542932217515,トレイル,trail,2,0.0030729758619158676,1.2315602912615429,1.2400205362071262,0.002248050236376864,0.3657773990738902,2.253111422199248,0.2851447667500672,True
EURUSD,売り,-1,2023-05-31 01:00:00,2023-05-31 05:00:00,1.0659636775031447,2023-06-01 05:00:00,1.0710422150096515,初期損切り,initial,7,0.002526107504825733,1.0710158925127962,1.0710158925127962,-0.005078537506506775,-1.0052100903870924,0.9673687673530943,2.0000000000000027,False
AUDUSD,売り,-1,2023-05-30 21:00:00,2023-05-31 01:00:00,0.6496157478820956,2023-06-01 09:00:00,0.6544286585322956,初期損切り,initial,9,0.002384329266147795,0.6543844064143912,0.6543844064143912,-0.004812910650199953,-1.0092797833194949,1.5877622003994483,1.999999999999995,False
USDCHF,買い,1,2023-05-31 01:00:00,2023-05-31 05:00:00,0.9113463429665702,2023-06-01 13:00:00,0.9064996915953686,初期損切り,initial,9,0.002375154202315685,0.9065960345619388,0.9065960345619388,-0.00484665137120166,-1.0202814129870725,1.441446214351806,2.0000000000000213,False
USDJPY,売り,-1,2023-05-31 17:00:00,2023-05-31 21:00:00,139.19420734981549,2023-06-04 17:00:00,140.15241344817764,初期損切り,initial,12,0.47820672408881787,140.15062079799313,140.15062079799313,-0.9582060983621545,-1.0018743464847075,1.5813398509951653,2.0000000000000133,False
GBPUSD,買い,1,2023-06-01 05:00:00,2023-06-01 09:00:00,1.2484862429853747,2023-06-05 01:00:00,1.2409171522459916,初期損切り,initial,11,0.0037514238770042,1.2409833952313662,1.2409833952313662,-0.007569090739383055,-1.0088290456565996,1.6003942000336873,2.0000000000000124,False
GBPUSD,売り,-1,2023-06-05 05:00:00,2023-06-05 09:00:00,1.2375437570146255,2023-06-05 21:00:00,1.2447978319951314,初期損切り,initial,4,0.0035939159975656725,1.2447315890097568,1.2447315890097568,-0.007254074980505898,-1.0092159896641189,0.04000010426587807,1.9999999999999842,False
EURUSD,買い,1,2023-06-05 21:00:00,2023-06-06 01:00:00,1.0723663224968554,2023-06-06 05:00:00,1.0675201690207934,初期損切り,initial,2,0.0024099154896033365,1.0675464915176487,1.0675464915176487,-0.004846153476061987,-1.0054612904412774,0.38743163698998745,2.000000000000005,False
USDJPY,売り,-1,2023-06-06 01:00:00,2023-06-06 05:00:00,139.2122073498155,2023-06-06 21:00:00,139.3827926501845,時間切れ,time,4,0.44246827329047017,140.09714389639643,140.09714389639643,-0.17058530036902653,-0.19276557288554025,0.13155146556073644,1.7668897351003625,False
AUDUSD,買い,1,2023-06-05 21:00:00,2023-06-06 01:00:00,0.6665242521179043,2023-06-07 13:00:00,0.6654757478820956,トレイル,trail,10,0.0026797733144278686,0.6611647054890486,0.6677403400283582,-0.0010485042358087115,-0.1956330093600785,1.9538025302015214,0.8598682976273543,True
USDCHF,売り,-1,2023-06-07 05:00:00,2023-06-07 09:00:00,0.9059536570334298,2023-06-07 13:00:00,0.9105432389442695,初期損切り,initial,2,0.0022466194721347354,0.9104468959776992,0.9104468959776992,-0.004589581910839691,-1.0214417634506379,0.7227111905546771,1.9999999999999911,False
USDJPY,買い,1,2023-06-07 09:00:00,2023-06-07 13:00:00,140.1897926501845,2023-06-08 05:00:00,139.7322073498155,時間切れ,time,4,0.46218419372454006,139.26542426273542,139.26542426273542,-0.45758530036900424,-0.49502482622947863,0.12377608449675544,1.2198440748073571,False
USDJPY,売り,-1,2023-06-08 09:00:00,2023-06-08 13:00:00,138.91420734981548,2023-06-09 05:00:00,139.6607926501845,時間切れ,time,4,0.4573837511272068,139.8289748520699,139.8289748520699,-0.7465853003690199,-0.8161475987385709,0.3327782183787116,1.7704884534896541,False
EURUSD,買い,1,2023-06-07 05:00:00,2023-06-07 09:00:00,1.0716463224968553,2023-06-09 09:00:00,1.075040684803384,トレイル,trail,13,0.0024219951331738094,1.0668023322305078,1.0750670073002393,0.0033943623065286754,0.7007368140498006,2.912341732867752,1.051332623248772,True
GBPUSD,買い,1,2023-06-07 05:00:00,2023-06-07 09:00:00,1.2465062429853746,2023-06-12 09:00:00,1.2550537570146254,トレイル,trail,19,0.0031964862890638975,1.2401132704072468,1.255165270566404,0.008547514029250802,1.337017158261294,4.208920607810693,1.1751162513118771,True
USDCHF,売り,-1,2023-06-08 05:00:00,2023-06-08 09:00:00,0.9027236570334297,2023-06-12 09:00:00,0.9080529656562304,初期損切り,initial,13,0.002616482828115194,0.9079566226896602,0.9079566226896602,-0.005329308622800677,-1.0184107775398035,1.621893707013826,2.000000000000019,False
USDJPY,買い,1,2023-06-12 09:00:00,2023-06-12 13:00:00,139.7197926501845,2023-06-13 05:00:00,139.51420734981548,時間切れ,time,4,0.40986333413205334,138.9000659819204,138.9000659819204,-0.20558530036902312,-0.2507973795757806,0.11273843246637394,0.9534706270129181,False
AUDUSD,買い,1,2023-06-09 05:00:00,2023-06-09 09:00:00,0.6735842521179044,2023-06-13 13:00:00,0.6769130030926929,トレイル,trail,14,0.002508496526268531,0.6685672590653673,0.6769572552105972,0.0033287509747884636,0.6634952330869055,2.8446313588124603,0.18507185999373943,True
GBPUSD,買い,1,2023-06-13 09:00:00,2023-06-13 13:00:00,1.2623862429853747,2023-06-14 05:00:00,1.2633637570146254,時間切れ,time,4,0.0033515223125509174,1.255683198360273,1.255683198360273,0.0009775140292507256,0.1458313473835593,0.4218253327244821,0.917864390714258,False
AUDUSD,買い,1,2023-06-14 09:00:00,2023-06-14 13:00:00,0.6827642521179044,2023-06-14 13:00:00,0.6778421706453063,初期損切り,initial,1,0.0024389146773468712,0.6778864227632106,0.6778864227632106,-0.004922081472598094,-1.0090720922538567,0.0,1.9999999999999905,False
EURUSD,買い,1,2023-06-13 01:00:00,2023-06-13 05:00:00,1.0808063224968554,2023-06-14 13:00:00,1.0829742264820859,トレイル,trail,9,0.0022863006807059155,1.0762337211354436,1.0830005489789412,0.0021679039852304793,0.4741073655633781,2.459727869830433,1.4855099880417972,True
USDCHF,売り,-1,2023-06-14 05:00:00,2023-06-14 09:00:00,0.8988336570334298,2023-06-15 01:00:00,0.9042000657395594,初期損切り,initial,5,0.00263503286977965,0.9041037227729891,0.9041037227729891,-0.005366408706129588,-1.0182811697863838,0.8666521999100435,2.0000000000000187,False
USDJPY,買い,1,2023-06-13 09:00:00,2023-06-13 13:00:00,139.8987926501845,2023-06-15 05:00:00,140.8064464411834,トレイル,trail,11,0.4645072724213827,138.96977810534173,140.8082390913679,0.9076537909988929,0.9770070835139747,3.4578734180902204,1.319231552587192,True
USDCHF,売り,-1,2023-06-15 09:00:00,2023-06-15 13:00:00,0.8913136570334298,2023-06-16 05:00:00,0.8909563429665702,時間切れ,time,4,0.003419836303183027,0.8981533296397959,0.8981533296397959,0.0003573140668595709,0.052241399175597864,0.33149453158757,0.6714774518396943,False
EURUSD,買い,1,2023-06-15 05:00:00,2023-06-15 09:00:00,1.0864763224968552,2023-06-16 09:00:00,1.0924616999082435,トレイル,trail,7,0.003054651729934178,1.080367019036987,1.0924880224050988,0.005985377411388271,0.979715191871848,3.4680475680194958,0.20503892169361387,True
USDJPY,買い,1,2023-06-16 09:00:00,2023-06-16 13:00:00,141.85579265018453,2023-06-19 05:00:00,141.86620734981548,時間切れ,time,4,0.5522868252757551,140.751218999633,140.751218999633,0.010414699630956648,0.00942870547903856,0.2104112292692489,0.7456137487598599,False
GBPUSD,買い,1,2023-06-15 09:00:00,2023-06-15 13:00:00,1.2775062429853745,2023-06-19 09:00:00,1.278918037562722,トレイル,trail,12,0.0038971463012687775,1.269711950382837,1.2789842805480967,0.001411794577347525,0.18113184214920194,1.879261502767046,0.19405044792089532,True
AUDUSD,買い,1,2023-06-15 09:00:00,2023-06-15 13:00:00,0.6873442521179044,2023-06-19 21:00:00,0.6810020500134802,初期損切り,initial,15,0.003148974993259877,0.6810463021313846,0.6810463021313846,-0.006342202104424155,-1.0070264320928428,0.8433689971435023,2.0000000000000084,False
EURUSD,売り,-1,2023-06-19 09:00:00,2023-06-19 13:00:00,1.0915936775031447,2023-06-20 05:00:00,1.0938163224968553,時間切れ,time,4,0.002566411615079218,1.0967265007333031,1.0967265007333031,-0.0022226449937106096,-0.43302582108248505,0.20794696377195934,1.1792038654570147,False
USDJPY,買い,1,2023-06-19 17:00:00,2023-06-19 21:00:00,142.10379265018452,2023-06-20 13:00:00,141.27120734981548,時間切れ,time,4,0.438365073529854,141.2270625031248,141.2270625031248,-0.8325853003690327,-0.9496483075907405,0.3426535526791798,1.9590809168924936,False
USDCHF,買い,1,2023-06-19 05:00:00,2023-06-19 09:00:00,0.8955063429665703,2023-06-21 09:00:00,0.8961372051508885,トレイル,trail,13,0.0026043012550275844,0.8902977404565151,0.8962335481174587,0.0006308621843181816,0.12111927971088346,1.779232346674384,0.15986743690518895,True
GBPUSD,売り,-1,2023-06-20 05:00:00,2023-06-20 09:00:00,1.2739237570146253,2023-06-22 05:00:00,1.2807729166610469,初期損切り,initial,12,0.0033914583305234094,1.2807066736756723,1.2807066736756723,-0.006849159646421521,-1.0097661505639786,1.422325308027887,2.0000000000000275,False
EURUSD,買い,1,2023-06-21 09:00:00,2023-06-21 13:00:00,1.0970963224968553,2023-06-23 01:00:00,1.0921159638800881,初期損切り,initial,10,0.002477018059955907,1.0921422863769434,1.0921422863769434,-0.004980358616767155,-1.0053133437500674,1.6809233531461336,2.0000000000000155,False
USDCHF,売り,-1,2023-06-21 13:00:00,2023-06-21 17:00:00,0.8929836570334297,2023-06-23 01:00:00,0.8979383175869117,初期損切り,initial,9,0.0024291587934558265,0.8978419746203414,0.8978419746203414,-0.004954660553481927,-1.019830520513896,0.9236353915907841,2.0000000000000138,False
USDJPY,買い,1,2023-06-22 09:00:00,2023-06-22 13:00:00,142.9887926501845,2023-06-26 01:00:00,143.2235284209278,トレイル,trail,10,0.4311192859251306,142.12655407833424,143.22532107111232,0.2347357707432991,0.2722399326668768,2.048637995677343,0.7069798548456514,True
USDCHF,売り,-1,2023-06-26 05:00:00,2023-06-26 09:00:00,0.8926836570334298,2023-06-27 01:00:00,0.8951563429665702,時間切れ,time,4,0.002646357484247333,0.8979763720019245,0.8979763720019245,-0.0024726859331404283,-0.4671866797776379,-0.0,1.4761206639023854,False
EURUSD,買い,1,2023-06-26 21:00:00,2023-06-27 01:00:00,1.0923563224968553,2023-06-28 01:00:00,1.094094393200056,トレイル,trail,7,0.00237952286872579,1.0875972767594038,1.0941207156969113,0.0017380707032006448,0.36521412045335033,2.241490331211172,0.30523871251725493,True
GBPUSD,買い,1,2023-06-27 09:00:00,2023-06-27 13:00:00,1.2750662429853745,2023-06-28 05:00:00,1.2711137570146254,時間切れ,time,4,0.003256011044287899,1.2685542208967988,1.2685542208967988,-0.003952485970749153,-0.6069521750675719,0.2007846428446079,1.4883988166675601,False
USDCHF,買い,1,2023-06-28 05:00:00,2023-06-28 09:00:00,0.8986963429665702,2023-06-29 01:00:00,0.8984736570334297,時間切れ,time,4,0.0023791155764176916,0.8939381118137348,0.8939381118137348,-0.00022268593314045404,-0.04680015030538348,0.01414686775348391,1.2426226770460942,False
AUDUSD,売り,-1,2023-06-22 21:00:00,2023-06-23 01:00:00,0.6694557478820956,2023-06-29 05:00:00,0.663929755806085,トレイル,trail,26,0.0029236691254537982,0.6753030861330032,0.6638855036881807,0.005525992076010566,0.94504402497202,3.405223865936043,0.904429333293313,True
EURUSD,売り,-1,2023-06-28 21:00:00,2023-06-29 01:00:00,1.0885236775031446,2023-06-29 05:00:00,1.0936033902216553,初期損切り,initial,2,0.0025266951108277075,1.0935770677248,1.0935770677248,-0.005079712718510709,-1.0052088787330322,0.04894832883262095,1.999999999999997,False
EURUSD,売り,-1,2023-06-30 01:00:00,2023-06-30 05:00:00,1.0838736775031448,2023-06-30 05:00:00,1.0893885752257244,初期損切り,initial,1,0.002744287612862117,1.089362252728869,1.089362252728869,-0.005514897722579626,-1.0047958706536482,-0.0,2.0000000000000324,False
USDJPY,買い,1,2023-06-27 09:00:00,2023-06-27 13:00:00,143.9767926501845,2023-06-30 05:00:00,144.3857586672051,トレイル,trail,17,0.4549657884069287,143.06686107337066,144.3875513173896,0.4089660170205889,0.44944699957835416,2.4028341859359856,0.5336503455229918,True
USDCHF,買い,1,2023-06-29 09:00:00,2023-06-29 13:00:00,0.8990563429665702,2023-06-30 09:00:00,0.8940083228051728,初期損切り,initial,6,0.002475838597413577,0.8941046657717431,0.8941046657717431,-0.005048020161397382,-1.0194566331324817,1.0597043911386872,1.9999999999999951,False
AUDUSD,買い,1,2023-06-30 05:00:00,2023-06-30 09:00:00,0.6644842521179044,2023-07-03 21:00:00,0.6651849369454833,トレイル,trail,10,0.002647207291074889,0.6591898375357547,0.6652291890633877,0.0007006848275789013,0.13234415565816735,1.7814048404878784,0.30003397186999303,True
AUDUSD,買い,1,2023-07-04 05:00:00,2023-07-04 09:00:00,0.6694942521179044,2023-07-05 01:00:00,0.6680757478820957,時間切れ,time,4,0.002689770544722349,0.6641147110284596,0.6641147110284596,-0.001418504235808693,-0.2636849895229851,0.3999403905312222,0.5852737591291113,False
GBPUSD,買い,1,2023-06-30 05:00:00,2023-06-30 09:00:00,1.2685462429853747,2023-07-06 09:00:00,1.2726218622518113,トレイル,trail,25,0.003607929841876131,1.2613303833016225,1.272688105237186,0.004075619266436625,0.5648140963180834,2.6479885788625475,0.744538586697635,True
EURUSD,売り,-1,2023-07-05 09:00:00,2023-07-05 13:00:00,1.0860636775031447,2023-07-07 05:00:00,1.0911082389369309,初期損切り,initial,11,0.002509119468465444,1.0910819164400756,1.0910819164400756,-0.005044561433786177,-1.00524536539334,1.0735549012308223,1.9999999999999944,False
USDCHF,買い,1,2023-07-04 21:00:00,2023-07-05 01:00:00,0.8976663429665702,2023-07-07 05:00:00,0.893643039577989,初期損切り,initial,14,0.0019634802110055027,0.8937393825445592,0.8937393825445592,-0.004023303388581256,-1.0245337248703192,1.0866710147983487,2.0000000000000058,False
AUDUSD,売り,-1,2023-07-06 05:00:00,2023-07-06 09:00:00,0.6639157478820956,2023-07-07 09:00:00,0.6692640830904459,初期損切り,initial,7,0.0026520415452229535,0.6692198309725416,0.6692198309725416,-0.005348335208350319,-1.008343028785526,1.4991273003460481,2.0000000000000138,False
USDJPY,売り,-1,2023-07-05 21:00:00,2023-07-06 01:00:00,143.9702073498155,2023-07-07 09:00:00,143.24079265018452,トレイル,trail,9,0.35798074962195386,144.6861688490594,143.12297112443295,0.7294146996309792,1.0187903964127663,3.8667088978311757,1.9073446013663022,True
GBPUSD,買い,1,2023-07-07 09:00:00,2023-07-07 13:00:00,1.2850362429853746,2023-07-10 05:00:00,1.2817937570146254,時間切れ,time,4,0.003854212184020317,1.277327818617334,1.277327818617334,-0.003242485970749165,-0.42064186089606226,0.0,1.348198474105357,False
GBPUSD,買い,1,2023-07-10 13:00:00,2023-07-10 17:00:00,1.2860662429853746,2023-07-12 05:00:00,1.290849602779501,トレイル,trail,10,0.004016102823416308,1.278034037338542,1.2909158457648755,0.004783359794126252,0.5955225755471663,2.7075394960569144,0.11609338850989741,True
USDJPY,売り,-1,2023-07-10 09:00:00,2023-07-10 13:00:00,141.4812073498155,2023-07-13 05:00:00,138.88951934235558,トレイル,trail,17,0.5438177947807137,142.5688429393769,138.88772669217107,2.591688007459908,2.382864290515693,6.269024997959473,0.02536263122848821,True
AUDUSD,買い,1,2023-07-11 17:00:00,2023-07-11 21:00:00,0.6711842521179043,2023-07-14 05:00:00,0.685506388102201,トレイル,trail,15,0.0026329065199297607,0.6659184390780448,0.6855506402201054,0.014322135984296658,2.719833741890452,6.956474809665588,1.0878670002992434,True
USDCHF,売り,-1,2023-07-10 09:00:00,2023-07-10 13:00:00,0.8864536570334297,2023-07-14 05:00:00,0.8606226479016266,トレイル,trail,23,0.0025975366233708663,0.8916487302801714,0.8605263049350563,0.02583100913180314,4.972212691708233,11.481515511695482,0.10253675123340728,True
EURUSD,買い,1,2023-07-10 09:00:00,2023-07-10 13:00:00,1.0989763224968554,2023-07-17 09:00:00,1.1205378467810951,トレイル,trail,30,0.002890553814699759,1.093195214867456,1.1205641692779504,0.02156152428423974,3.7296528046960664,8.968411994722643,0.44500901187648395,True
USDJPY,売り,-1,2023-07-13 09:00:00,2023-07-13 13:00:00,138.0662073498155,2023-07-17 09:00:00,139.1943387934969,初期損切り,initial,12,0.5631693967484558,139.1925461433124,139.1925461433124,-1.1281314436814114,-1.001591572797501,1.4635158703121938,1.9999999999999776,False
EURUSD,買い,1,2023-07-17 21:00:00,2023-07-18 01:00:00,1.1252063224968554,2023-07-19 01:00:00,1.1204469682093552,初期損切り,initial,7,0.0023665158953223883,1.1204732907062105,1.1204732907062105,-0.004759354287500184,-1.0055614451834944,0.9988006029524633,2.0000000000000444,False
USDCHF,売り,-1,2023-07-18 05:00:00,2023-07-18 09:00:00,0.8573836570334298,2023-07-19 01:00:00,0.8583263429665703,時間切れ,time,4,0.002695080653032003,0.8627738183394937,0.8627738183394937,-0.000942685933140508,-0.17489011545535257,0.27593127225828984,0.8520498130498625,False
GBPUSD,売り,-1,2023-07-14 13:00:00,2023-07-16 17:00:00,1.3094437570146253,2023-07-19 13:00:00,1.2923129296724112,トレイル,trail,18,0.003624457791357696,1.3166926725973407,1.2922466866870366,0.01713082734221416,2.3632262159407125,6.244729092609156,0.8597818390395117,True
AUDUSD,売り,-1,2023-07-18 21:00:00,2023-07-19 01:00:00,0.6784557478820956,2023-07-19 21:00:00,0.6836991237586637,初期損切り,initial,6,0.002599561879331875,0.6836548716407593,0.6836548716407593,-0.0052433758765680905,-1.008511456922063,1.306276995786836,1.9999999999999867,False
USDJPY,買い,1,2023-07-19 01:00:00,2023-07-19 05:00:00,139.7327926501845,2023-07-19 21:00:00,139.44220734981548,時間切れ,time,4,0.5793106306393616,138.5741713889058,138.5741713889058,-0.2905853003690311,-0.25080266527158657,0.4508934171071724,0.5969036849934365,False
EURUSD,売り,-1,2023-07-19 09:00:00,2023-07-19 13:00:00,1.1192036775031446,2023-07-20 05:00:00,1.1208663224968554,時間切れ,time,4,0.0028286525430884285,1.1248609825893214,1.1248609825893214,-0.0016626449937107157,-0.2938934648890065,0.06493462889019071,1.310278459583703,False
USDCHF,売り,-1,2023-07-19 21:00:00,2023-07-20 01:00:00,0.8563636570334298,2023-07-20 05:00:00,0.8614992498601626,初期損切り,initial,2,0.0025196249300812857,0.8614029068935923,0.8614029068935923,-0.0051355928267328155,-1.0191185135176322,0.10067253677377229,2.0000000000000018,False
EURUSD,売り,-1,2023-07-20 09:00:00,2023-07-20 13:00:00,1.1123936775031447,2023-07-21 05:00:00,1.1128563224968553,時間切れ,time,4,0.00301086139874385,1.1184154003006324,1.1184154003006324,-0.00046264499371062584,-0.07682934091613187,0.08093281983898495,0.7028960209653524,False
GBPUSD,売り,-1,2023-07-20 09:00:00,2023-07-20 13:00:00,1.2852637570146255,2023-07-21 05:00:00,1.2859262429853746,時間切れ,time,4,0.004057672426394868,1.2933791018674152,1.2933791018674152,-0.0006624859707491382,-0.08163374234446753,0.30898428529365235,1.2732035616696045,False
USDJPY,買い,1,2023-07-20 09:00:00,2023-07-20 13:00:00,140.4657926501845,2023-07-24 05:00:00,141.14729462577364,トレイル,trail,11,0.5366084826945684,139.39257568479536,141.14908727595815,0.6815019755891285,0.6350085747498627,2.7733578536487054,1.3301926324388436,True
EURUSD,売り,-1,2023-07-24 01:00:00,2023-07-24 05:00:00,1.1070536775031448,2023-07-24 21:00:00,1.1067763224968552,時間切れ,time,4,0.0027188129658167644,1.1124913034347783,1.1124913034347783,0.0002773550062895591,0.05100663594309407,0.39490671724903037,1.4257407720176578,False
GBPUSD,売り,-1,2023-07-24 01:00:00,2023-07-24 05:00:00,1.2815737570146253,2023-07-24 21:00:00,1.2816462429853746,時間切れ,time,4,0.0037803193353746984,1.2891343956853747,1.2891343956853747,-7.248597074926977e-05,-0.009587281432943427,0.47449880697646657,1.1576384419230235,False
USDCHF,買い,1,2023-07-24 13:00:00,2023-07-24 17:00:00,0.8700063429665702,2023-07-25 09:00:00,0.8678336570334297,時間切れ,time,4,0.00259660254689198,0.8648131378727862,0.8648131378727862,-0.0021726859331404613,-0.418370908505245,0.03221788160454631,0.9536857959005902,False
AUDUSD,売り,-1,2023-07-21 01:00:00,2023-07-21 05:00:00,0.6745957478820956,2023-07-26 21:00:00,0.6804448902294482,初期損切り,initial,23,0.0029024451147241087,0.6804006381115438,0.6804006381115438,-0.005849142347352565,-1.0076232480124871,1.0665999733779365,1.9999999999999905,False
USDJPY,売り,-1,2023-07-26 01:00:00,2023-07-26 05:00:00,140.3382073498155,2023-07-27 01:00:00,140.1098610901742,トレイル,trail,6,0.48337895999311514,141.30496526980173,140.1080684399897,0.22834625964128463,0.23619797150928643,1.9761045243448048,0.7443283220056602,True
GBPUSD,買い,1,2023-07-25 13:00:00,2023-07-25 17:00:00,1.2895862429853746,2023-07-27 05:00:00,1.2938578193686803,トレイル,trail,10,0.0037906250972966453,1.2820049927907813,1.2939240623540549,0.004271576383305664,0.5634395744321983,2.6443546268329072,0.5292644178411238,True
USDCHF,売り,-1,2023-07-25 13:00:00,2023-07-25 17:00:00,0.8639036570334298,2023-07-27 05:00:00,0.8595119002258943,トレイル,trail,10,0.0025437048395493553,0.8689910667125285,0.8594155572593241,0.004391756807535452,0.8632599072134287,3.2643948717339413,0.7022603168403292,True
EURUSD,買い,1,2023-07-26 21:00:00,2023-07-27 01:00:00,1.1096363224968553,2023-07-27 09:00:00,1.1059236775031447,トレイル,trail,3,0.0026780002295386887,1.104280322037778,1.110962999655692,-0.003712644993710601,-0.6931748833998681,1.99539844851518,1.8208820309531177,True
USDJPY,買い,1,2023-07-27 05:00:00,2023-07-27 09:00:00,140.7197926501845,2023-07-27 13:00:00,139.65271920604079,初期損切り,initial,2,0.5326403969795971,139.6545118562253,139.6545118562253,-1.0670734441437162,-1.0016827959301318,1.1287302901257892,2.0000000000000178,False
AUDUSD,売り,-1,2023-07-27 13:00:00,2023-07-27 17:00:00,0.6708257478820956,2023-07-28 05:00:00,0.667378498916724,トレイル,trail,4,0.003396164532546348,0.6776180769471883,0.6673342467988196,0.00344724896537163,0.5075209007596255,2.5280718292108744,0.1690884267829768,True
USDJPY,売り,-1,2023-07-27 21:00:00,2023-07-28 01:00:00,138.7662073498155,2023-07-28 09:00:00,140.46880916171045,初期損切り,initial,3,0.8504045808552215,140.46701651152594,140.46701651152594,-1.702601811894965,-1.0010539984290296,0.24836102082502626,2.000000000000011,False
USDCHF,買い,1,2023-07-27 09:00:00,2023-07-27 13:00:00,0.8680863429665703,2023-08-01 17:00:00,0.8724835382859532,トレイル,trail,20,0.00348007916498444,0.8611261846366014,0.8725798812525234,0.004397195319382874,0.6317665649141253,2.7912172605628576,0.5679017266203682,True
USDCHF,買い,1,2023-08-02 05:00:00,2023-08-02 09:00:00,0.8795563429665703,2023-08-03 01:00:00,0.8786136570334298,時間切れ,time,4,0.0033021298429905368,0.8729520832805892,0.8729520832805892,-0.000942685933140508,-0.14273907719612489,0.3130273740216117,1.13755156374116,False
USDJPY,買い,1,2023-07-30 21:00:00,2023-07-31 01:00:00,141.88479265018452,2023-08-03 05:00:00,142.5718108312558,トレイル,trail,20,0.8782643457064571,140.1282639587716,142.5736034814403,0.6870181810712666,0.3911226639393199,2.284286456148597,0.3470397627713568,True
AUDUSD,売り,-1,2023-08-01 05:00:00,2023-08-01 09:00:00,0.6606157478820956,2023-08-03 09:00:00,0.6565078606603214,トレイル,trail,13,0.0033624056949447152,0.6673405592719851,0.656463608542417,0.004107887221774242,0.610855380710058,2.734871611691952,0.7864167378373976,True
GBPUSD,売り,-1,2023-07-27 13:00:00,2023-07-27 17:00:00,1.2794337570146255,2023-08-03 09:00:00,1.269183378929931,トレイル,trail,29,0.004718090629704152,1.2888699382740338,1.2691171359445563,0.010250378084694534,1.0862845681852962,3.686609346823017,1.9936545784336348,True
EURUSD,売り,-1,2023-08-02 09:00:00,2023-08-02 13:00:00,1.0950336775031446,2023-08-04 09:00:00,1.1013715680980114,初期損切り,initial,12,0.003155784049005788,1.101345245601156,1.101345245601156,-0.00633789059486678,-1.0041705161770331,1.205303482138781,1.9999999999999687,False
AUDUSD,買い,1,2023-08-04 09:00:00,2023-08-04 13:00:00,0.6605642521179044,2023-08-07 05:00:00,0.6564557478820956,時間切れ,time,4,0.003102763016597948,0.6543587260847085,0.6543587260847085,-0.004108504235808774,-0.662071871720577,0.011521305979336358,1.548378684483621,False
USDJPY,売り,-1,2023-08-04 09:00:00,2023-08-04 13:00:00,141.83620734981548,2023-08-07 17:00:00,143.02502666816193,初期損切り,initial,8,0.5935133340809664,143.02323401797742,143.02323401797742,-1.1888193183464466,-1.0015102021147424,0.5395116359286511,2.000000000000002,False
AUDUSD,売り,-1,2023-08-07 21:00:00,2023-08-08 01:00:00,0.6546757478820956,2023-08-08 13:00:00,0.653777139231747,トレイル,trail,4,0.0027352580758950073,0.6601462640338857,0.6537328871138426,0.0008986086503486312,0.16426396073332064,1.8447063282847733,0.15510496857434639,True
EURUSD,売り,-1,2023-08-08 05:00:00,2023-08-08 09:00:00,1.0942936775031447,2023-08-09 01:00:00,1.0967163224968552,時間切れ,time,4,0.0029111552276735,1.1001159879584916,1.1001159879584916,-0.0024226449937105876,-0.41609684201668046,0.4718668005355948,0.9639893023148848,False
GBPUSD,売り,-1,2023-08-08 05:00:00,2023-08-08 09:00:00,1.2697337570146254,2023-08-09 01:00:00,1.2757662429853747,時間切れ,time,4,0.0037526715916112756,1.277239100197848,1.277239100197848,-0.006032485970749235,-0.8037588453295857,0.27547228404861024,1.6671437488320953,False
EURUSD,買い,1,2023-08-10 01:00:00,2023-08-10 05:00:00,1.1018963224968552,2023-08-10 09:00:00,1.1026481375510717,トレイル,trail,2,0.002577026634715339,1.0967422692274245,1.102674460047927,0.0007518150542165092,0.14586870079042769,1.8019516913754434,0.34781266316024606,True
USDCHF,売り,-1,2023-08-03 05:00:00,2023-08-03 09:00:00,0.8750536570334297,2023-08-10 09:00:00,0.8737505924114195,トレイル,trail,31,0.003069499629899552,0.8811926562932288,0.8736542494448493,0.0013030646220102415,0.21226010410903418,1.9559073977233943,1.0608709428894292,True
AUDUSD,買い,1,2023-08-10 05:00:00,2023-08-10 09:00:00,0.6586042521179044,2023-08-10 13:00:00,0.6529258484797964,初期損切り,initial,2,0.0028170757601018136,0.6529701005977008,0.6529701005977008,-0.005678403638108009,-1.0078542647895956,0.0907848790287232,2.0000000000000027,False
GBPUSD,売り,-1,2023-08-10 13:00:00,2023-08-10 17:00:00,1.2676737570146255,2023-08-11 09:00:00,1.2687062429853746,時間切れ,time,4,0.003972374585055549,1.2756185061847365,1.2756185061847365,-0.0010324859707491196,-0.12995828422543912,0.265271311167314,1.5547987364056906,False
AUDUSD,売り,-1,2023-08-11 05:00:00,2023-08-11 09:00:00,0.6505957478820956,2023-08-14 05:00:00,0.6498348348946933,トレイル,trail,6,0.0027337218511925897,0.6560631915844808,0.6497905827767889,0.000760912987402329,0.1391716181860967,1.7945307347034944,0.711210658486051,True
USDCHF,買い,1,2023-08-11 09:00:00,2023-08-11 13:00:00,0.8774263429665703,2023-08-14 05:00:00,0.8768236570334298,時間切れ,time,4,0.0025903958327309563,0.8722455513011084,0.8722455513011084,-0.000602685933140501,-0.11633085676043418,0.20601370133731808,0.7243460411963705,False
EURUSD,売り,-1,2023-08-11 05:00:00,2023-08-11 09:00:00,1.0967936775031446,2023-08-14 13:00:00,1.0928763224968554,トレイル,trail,8,0.0027264365836647333,1.1022465506704742,1.0915696548754972,0.003917355006289203,0.7184020031420828,3.416062401358202,0.585497754255366,True
GBPUSD,売り,-1,2023-08-14 05:00:00,2023-08-14 09:00:00,1.2656337570146254,2023-08-15 09:00:00,1.2732340070586463,初期損切り,initial,7,0.0037670035293230837,1.2731677640732717,1.2731677640732717,-0.007600250044020873,-1.008792530304134,1.049576137598151,2.0000000000000258,False
USDJPY,買い,1,2023-08-09 09:00:00,2023-08-09 13:00:00,143.64079265018452,2023-08-15 09:00:00,145.18896551601375,トレイル,trail,24,0.4508278892011583,142.7391368717822,145.19075816619826,1.5481728658292297,1.7170331549058613,4.9380426613805595,0.7781076960569483,True
AUDUSD,買い,1,2023-08-14 21:00:00,2023-08-15 01:00:00,0.6504142521179044,2023-08-15 17:00:00,0.6447028137774566,初期損切り,initial,5,0.0028335931112716995,0.644747065895361,0.644747065895361,-0.005711438340447739,-1.0078084813462296,0.640793441681082,1.9999999999999873,False
GBPUSD,買い,1,2023-08-16 01:00:00,2023-08-16 05:00:00,1.2758962429853746,2023-08-16 21:00:00,1.2720437570146255,時間切れ,time,4,0.0037769078490313,1.268342427287312,1.268342427287312,-0.0038524859707491643,-0.5100052906688269,0.20221754015554422,1.2592954807183268,False
USDCHF,買い,1,2023-08-16 05:00:00,2023-08-16 09:00:00,0.8813563429665703,2023-08-17 01:00:00,0.8802136570334298,時間切れ,time,4,0.002505671167340288,0.8763450006318897,0.8763450006318897,-0.001142685933140486,-0.22801993095395287,0.03338707589412788,1.3235347917142941,False
AUDUSD,売り,-1,2023-08-16 13:00:00,2023-08-16 17:00:00,0.6433557478820956,2023-08-17 05:00:00,0.6411022465415366,トレイル,trail,4,0.0030653296157547643,0.6494864071136052,0.6410579944236322,0.0022535013405590165,0.36757895936815027,2.2495942513502443,0.014436332613933038,True
USDJPY,買い,1,2023-08-16 09:00:00,2023-08-16 13:00:00,145.9177926501845,2023-08-17 05:00:00,146.04644082094234,トレイル,trail,5,0.341844352582097,145.2341039450203,146.04823347112685,0.12864817075782753,0.18816775790808407,1.8815795696406181,0.008169361767784543,True
GBPUSD,買い,1,2023-08-17 05:00:00,2023-08-17 09:00:00,1.2771162429853746,2023-08-18 01:00:00,1.2744437570146254,時間切れ,time,4,0.0038663875021398932,1.269383467981095,1.269383467981095,-0.0026724859707492055,-0.34560503432080847,0.42772666053520114,1.1344550909465485,False
USDCHF,売り,-1,2023-08-17 05:00:00,2023-08-17 09:00:00,0.8768936570334298,2023-08-18 01:00:00,0.8787763429665703,時間切れ,time,4,0.0024255265519095176,0.8817447101372489,0.8817447101372489,-0.0018826859331404489,-0.3880983969559697,0.31484175377451434,1.4332322867516731,False
USDJPY,売り,-1,2023-08-18 09:00:00,2023-08-18 13:00:00,145.06820734981548,2023-08-21 05:00:00,145.6777926501845,時間切れ,time,4,0.4145004604322456,145.89720827067998,145.89720827067998,-0.6095853003690195,-0.7353252391243876,0.33584365544567,1.516989027053939,False
GBPUSD,買い,1,2023-08-21 09:00:00,2023-08-21 13:00:00,1.2757362429853747,2023-08-23 01:00:00,1.2685876622060992,初期損切り,initial,10,0.0035411688969504153,1.2686539051914738,1.2686539051914738,-0.007148580779275493,-1.0093532654474218,1.2097014119587268,2.000000000000015,False
EURUSD,売り,-1,2023-08-16 09:00:00,2023-08-16 13:00:00,1.0886636775031446,2023-08-23 09:00:00,1.0844461091892819,トレイル,trail,30,0.00277985779495103,1.0942233930930467,1.0844197866924266,0.004217568313862774,0.7585942564261764,3.0266575212682474,1.5706999490354252,True
USDCHF,買い,1,2023-08-23 05:00:00,2023-08-23 09:00:00,0.8813463429665702,2023-08-23 17:00:00,0.8772176189834784,初期損切り,initial,3,0.0020161905082608134,0.8773139619500486,0.8773139619500486,-0.004128723983091831,-1.023892327182244,0.0,1.9999999999999825,False
USDJPY,売り,-1,2023-08-23 01:00:00,2023-08-23 05:00:00,145.3612073498155,2023-08-23 21:00:00,145.11150889872664,トレイル,trail,5,0.37847749902808897,146.11816234787167,145.10971624854213,0.2496984510888467,0.32987225360828537,2.1644809847855377,0.6150765918246309,True
AUDUSD,買い,1,2023-08-22 01:00:00,2023-08-22 05:00:00,0.6438442521179044,2023-08-24 05:00:00,0.6448439292218696,トレイル,trail,13,0.0026412124401507136,0.638561827237603,0.644888181339774,0.000999677103965202,0.1892458722305878,1.895246215715228,1.122307343719486,True
USDCHF,買い,1,2023-08-24 05:00:00,2023-08-24 09:00:00,0.8830963429665702,2023-08-25 13:00:00,0.8840123157281379,トレイル,trail,8,0.0023542275368612134,0.8783878878928478,0.8841086586947081,0.0009159727615676294,0.19453785737058685,1.9299991025878462,1.009393921939496,True
AUDUSD,売り,-1,2023-08-24 21:00:00,2023-08-25 01:00:00,0.6403957478820956,2023-08-28 21:00:00,0.6452294883047391,初期損切り,initial,12,0.0023947441523695383,0.6451852361868348,0.6451852361868348,-0.0048337404226435066,-1.0092394249842187,0.9878917043203971,2.0000000000000226,False
EURUSD,売り,-1,2023-08-24 17:00:00,2023-08-24 21:00:00,1.0794236775031447,2023-08-29 09:00:00,1.0847281426729578,初期損切り,initial,16,0.002639071336478925,1.0847018201761025,1.0847018201761025,-0.0053044651698130885,-1.0049870756601749,1.0737403964704884,1.999999999999976,False
USDJPY,買い,1,2023-08-25 09:00:00,2023-08-25 13:00:00,146.3567926501845,2023-08-29 09:00:00,146.7400786758539,トレイル,trail,12,0.42275244930773065,145.51128775156903,146.74187132603842,0.38328602566940617,0.45332206388992907,2.410884553086526,0.3590580029354167,True
GBPUSD,売り,-1,2023-08-24 13:00:00,2023-08-24 17:00:00,1.2602737570146254,2023-08-30 05:00:00,1.2681341524370293,初期損切り,initial,22,0.0038970762185146983,1.2680679094516547,1.2680679094516547,-0.00786039542240391,-1.008499062073741,1.4045804361280152,1.9999999999999754,False
USDCHF,売り,-1,2023-08-29 09:00:00,2023-08-29 13:00:00,0.8789236570334298,2023-08-30 13:00:00,0.8785263429665703,トレイル,trail,7,0.0023649503914900294,0.8836535578164099,0.8780574255872351,0.0003973140668594999,0.08400050764049503,1.8662789077148312,0.6073459180111107,True
AUDUSD,買い,1,2023-08-30 05:00:00,2023-08-30 09:00:00,0.6509842521179043,2023-08-31 01:00:00,0.6482357478820956,時間切れ,time,4,0.0029245708886651393,0.645135110340574,0.645135110340574,-0.0027485042358087464,-0.46989872026375207,0.42937850710428976,1.369175947631756,False
EURUSD,買い,1,2023-08-30 05:00:00,2023-08-30 09:00:00,1.0921263224968554,2023-08-31 05:00:00,1.0864051088703413,初期損切り,initial,6,0.0028474455648294203,1.0864314313671966,1.0864314313671966,-0.005721213626514121,-1.0046221246826288,0.8441522229025036,1.9999999999999925,False
EURUSD,売り,-1,2023-08-31 09:00:00,2023-08-31 13:00:00,1.0838536775031447,2023-09-01 05:00:00,1.0848763224968554,時間切れ,time,4,0.002867295298534743,1.089588268100214,1.089588268100214,-0.0010226449937107418,-0.17832920701145397,0.35353090547131344,0.738090177854001,False
AUDUSD,買い,1,2023-09-01 05:00:00,2023-09-01 09:00:00,0.6509842521179043,2023-09-01 09:00:00,0.6450517213657534,初期損切り,initial,1,0.0029441393171232887,0.6450959734836578,0.6450959734836578,-0.005932530752150944,-1.0075152893830455,0.0,1.9999999999999971,False
USDJPY,売り,-1,2023-08-31 09:00:00,2023-08-31 13:00:00,145.5002073498155,2023-09-01 09:00:00,145.10538945901263,トレイル,trail,6,0.4403978725520732,146.38100309491963,145.10359680882812,0.39481789080286944,0.4482513602017749,2.4005732445732457,0.4559346506851128,True
EURUSD,売り,-1,2023-09-01 09:00:00,2023-09-01 13:00:00,1.0783836775031448,2023-09-04 05:00:00,1.0797963224968552,時間切れ,time,4,0.003310814452925799,1.0850053064089964,1.0850053064089964,-0.0014126449937104102,-0.21333798885377617,0.3696001453852292,0.6966027633523891,False
GBPUSD,売り,-1,2023-09-01 09:00:00,2023-09-01 13:00:00,1.2588337570146253,2023-09-04 05:00:00,1.2632762429853746,時間切れ,time,4,0.003957028692477755,1.2667478143995807,1.2667478143995807,-0.004442485970749255,-0.5613411369993786,0.08939965871304943,1.146376065960332,False
USDJPY,買い,1,2023-09-04 01:00:00,2023-09-04 05:00:00,146.4347926501845,2023-09-04 21:00:00,146.5172073498155,時間切れ,time,4,0.45086855804485937,145.53305553409479,145.53305553409479,0.0824146996309878,0.09139548340692667,0.4107790319613994,0.2679110087168552,False
GBPUSD,売り,-1,2023-09-05 01:00:00,2023-09-05 05:00:00,1.2534737570146255,2023-09-05 21:00:00,1.2558162429853745,時間切れ,time,4,0.0033777376208404646,1.2602292322563065,1.2602292322563065,-0.002342485970749042,-0.34675369044297966,0.03071790241646324,1.538379699273833,False
AUDUSD,売り,-1,2023-09-04 21:00:00,2023-09-05 01:00:00,0.6425257478820956,2023-09-06 01:00:00,0.6395887013757793,トレイル,trail,7,0.0025362995052499804,0.6475983468925955,0.6395444492578749,0.002937046506316321,0.5790023024167334,2.675452117563228,0.13967282537852024,True
USDCHF,買い,1,2023-08-31 01:00:00,2023-08-31 05:00:00,0.8808963429665703,2023-09-06 13:00:00,0.8911175843080886,トレイル,trail,27,0.002184048483560744,0.8765282459994488,0.8912139272746589,0.010221241341518361,2.3399758335158958,6.224063767699627,0.6210223705102814,True
EURUSD,売り,-1,2023-09-05 01:00:00,2023-09-05 05:00:00,1.0747936775031448,2023-09-08 01:00:00,1.0725445733857402,トレイル,trail,18,0.0026055005925898563,1.0800046786883246,1.0725182508888849,0.0022491041174046433,0.4316069095898849,2.373316483109374,0.3555257287178133,True
USDJPY,売り,-1,2023-09-07 17:00:00,2023-09-07 21:00:00,146.9172073498155,2023-09-08 09:00:00,147.71727437781414,初期損切り,initial,4,0.39913718890705907,147.71548172762962,147.71548172762962,-0.8000670279986366,-1.002245656674372,0.01805732468888122,2.000000000000015,False
USDCHF,売り,-1,2023-09-08 01:00:00,2023-09-08 05:00:00,0.8907236570334297,2023-09-10 21:00:00,0.8919863429665702,時間切れ,time,4,0.0017856234865614533,0.8942949040065526,0.8942949040065526,-0.001262685933140495,-0.35357003944096554,0.4500708237083343,1.6500359615251168,False
AUDUSD,買い,1,2023-09-10 21:00:00,2023-09-11 01:00:00,0.6437042521179044,2023-09-11 17:00:00,0.6435657478820956,時間切れ,time,4,0.002473989199904037,0.6387562737180963,0.6387562737180963,-0.00013850423580874516,-0.027992085780753927,0.49141196014227584,0.5595222962000306,False
USDJPY,売り,-1,2023-09-10 21:00:00,2023-09-11 01:00:00,146.2032073498155,2023-09-12 05:00:00,147.13384279908706,初期損切り,initial,8,0.4644213995435226,147.13205014890255,147.13205014890255,-0.9306354492715627,-1.0019299823245436,0.6442583182204633,2.000000000000011,False
USDCHF,買い,1,2023-09-12 05:00:00,2023-09-12 09:00:00,0.8930563429665702,2023-09-13 01:00:00,0.8909836570334297,時間切れ,time,4,0.00174334189465771,0.8895696591772548,0.8895696591772548,-0.0020726859331404723,-0.5944576733605734,0.20859765634277783,1.4261935505533267,False
GBPUSD,売り,-1,2023-09-06 09:00:00,2023-09-06 13:00:00,1.2501737570146254,2023-09-13 09:00:00,1.248872353890557,トレイル,trail,30,0.003564073936788286,1.257301904888202,1.2488061109051825,0.0013014031240683455,0.18257240830995305,1.883731127271564,1.2980210476619292,True
EURUSD,買い,1,2023-09-11 09:00:00,2023-09-11 13:00:00,1.0751563224968552,2023-09-14 05:00:00,1.0703987138255178,初期損切り,initial,17,0.002365643087241075,1.070425036322373,1.070425036322373,-0.004757608671337454,-1.005563497088228,0.7328567493951839,2.000000000000001,False
GBPUSD,売り,-1,2023-09-14 09:00:00,2023-09-14 13:00:00,1.2413437570146253,2023-09-15 05:00:00,1.2440462429853747,時間切れ,time,4,0.003575869926127947,1.248495496866881,1.248495496866881,-0.002702485970749402,-0.37787811449782377,0.46247683746597273,0.9050225685583093,False
USDCHF,買い,1,2023-09-14 09:00:00,2023-09-14 13:00:00,0.8961263429665702,2023-09-15 05:00:00,0.8954136570334298,時間切れ,time,4,0.0021321516909044843,0.8918620395847613,0.8918620395847613,-0.0007126859331404445,-0.16712833711144504,0.42851408618217557,0.720559880014213,False
USDCHF,買い,1,2023-09-15 13:00:00,2023-09-17 17:00:00,0.8972863429665703,2023-09-18 09:00:00,0.8977136570334298,時間切れ,time,4,0.001971832619123437,0.8933426777283234,0.8933426777283234,0.0004273140668594744,0.10835454863542969,0.3061400991013295,0.9515731448870935,False
EURUSD,買い,1,2023-09-18 09:00:00,2023-09-18 13:00:00,1.0692463224968554,2023-09-19 05:00:00,1.0686536775031448,時間切れ,time,4,0.0025746168184035876,1.0640970888600483,1.0640970888600483,-0.0005926449937105893,-0.11509382473428877,0.21505239117020725,0.6744003552078183,False
AUDUSD,買い,1,2023-09-13 17:00:00,2023-09-13 21:00:00,0.6447142521179043,2023-09-20 13:00:00,0.6476519386500347,トレイル,trail,29,0.002302539488040671,0.640109173141823,0.647696190767939,0.0029376865321303347,0.6379231599259427,2.7950651511180458,1.3134420206959505,True
EURUSD,買い,1,2023-09-20 09:00:00,2023-09-20 13:00:00,1.0735363224968553,2023-09-20 13:00:00,1.069037675329442,初期損切り,initial,1,0.0022361623352789733,1.0690639978262972,1.0690639978262972,-0.004498647167413328,-1.0058856408678616,0.0,2.000000000000035,False
USDCHF,売り,-1,2023-09-20 09:00:00,2023-09-20 13:00:00,0.8934936570334298,2023-09-20 13:00:00,0.8972621791244342,初期損切り,initial,1,0.0018360895622170949,0.8971658361578639,0.8971658361578639,-0.0037685220910044226,-1.0262359115134607,-0.0,1.9999999999999962,False
USDJPY,買い,1,2023-09-15 01:00:00,2023-09-15 05:00:00,147.7817926501845,2023-09-21 05:00:00,147.9521313250254,トレイル,trail,25,0.3353840165267349,147.11102461713105,147.9539239752099,0.1703386748408775,0.25394572556694733,2.013236518567534,0.9117687042791394,True
GBPUSD,売り,-1,2023-09-20 01:00:00,2023-09-20 05:00:00,1.2368137570146254,2023-09-21 09:00:00,1.2279527038824367,トレイル,trail,8,0.0028176405980414087,1.2424490382107083,1.227886460897062,0.008861053132188657,1.572424307476995,4.66835870542496,1.8832220791618999,True
AUDUSD,買い,1,2023-09-22 01:00:00,2023-09-22 05:00:00,0.6437842521179044,2023-09-26 01:00:00,0.6390616851541795,初期損切り,initial,12,0.0023391574229102425,0.6391059372720839,0.6391059372720839,-0.004722566963724861,-1.0094589866998607,1.1652691073285948,2.0000000000000004,False
AUDUSD,売り,-1,2023-09-26 21:00:00,2023-09-27 01:00:00,0.6382557478820956,2023-09-27 21:00:00,0.636365879905582,トレイル,trail,6,0.002094418525118419,0.6424445849323325,0.6363216277876776,0.0018898679765135817,0.45116769973344467,2.4234639930950066,0.2168869843617876,True
GBPUSD,売り,-1,2023-09-25 01:00:00,2023-09-25 05:00:00,1.2219537570146255,2023-09-28 01:00:00,1.2157414631211987,トレイル,trail,18,0.003063480090549494,1.2280807171957244,1.215675220135824,0.006212293893426812,1.0139275774291907,3.5494785972887275,0.7919891475251383,True
USDCHF,買い,1,2023-09-24 21:00:00,2023-09-25 01:00:00,0.9081263429665702,2023-09-28 01:00:00,0.9190803197268304,トレイル,trail,19,0.0022422248710662865,0.9036418932244377,0.9191766626934006,0.010953976760260109,2.442657938017377,6.42828345159484,0.32839835828778713,True
USDJPY,買い,1,2023-09-25 01:00:00,2023-09-25 05:00:00,148.56379265018452,2023-09-28 01:00:00,149.2494298983738,トレイル,trail,18,0.3045183009611213,147.95475604826228,149.2512225485583,0.6856372481892663,1.125773469156462,3.757433777228247,0.15366120865918836,True
EURUSD,売り,-1,2023-09-25 09:00:00,2023-09-25 13:00:00,1.0589036775031446,2023-09-28 05:00:00,1.0528980376768027,トレイル,trail,17,0.0027078101199649314,1.0643192977430744,1.0528717151799474,0.006005639826341946,1.1089477401058914,3.727616433930503,0.7409391382588446,True
AUDUSD,買い,1,2023-09-28 05:00:00,2023-09-28 09:00:00,0.6389242521179044,2023-09-29 09:00:00,0.6466950519322668,トレイル,trail,7,0.002240463966552558,0.6344433241847993,0.6467393040501712,0.007770799814362461,1.7341943299180862,4.988139978565224,0.10901854327976022,True
USDCHF,売り,-1,2023-09-29 01:00:00,2023-09-29 05:00:00,0.9096936570334297,2023-09-29 09:00:00,0.9149703750921888,初期損切り,initial,2,0.0025901875460944304,0.9148740321256186,0.9148740321256186,-0.005276718058759067,-1.018597681607163,0.06704419287769275,1.999999999999987,False
USDJPY,売り,-1,2023-09-29 01:00:00,2023-09-29 05:00:00,149.0702073498155,2023-10-01 17:00:00,149.66739417104134,初期損切り,initial,4,0.2976970855206737,149.66560152085682,149.66560152085682,-0.5971868212258471,-1.0030108628395946,0.40714993767401425,1.9999999999999571,False
EURUSD,買い,1,2023-09-28 21:00:00,2023-09-29 01:00:00,1.0580363224968552,2023-10-02 05:00:00,1.05274395102104,初期損切り,initial,8,0.0026330244894799573,1.0527702735178952,1.0527702735178952,-0.005292371475815294,-1.0049985286807146,1.3990289561918792,2.0000000000000293,False
GBPUSD,買い,1,2023-09-29 01:00:00,2023-09-29 05:00:00,1.2236262429853746,2023-10-02 05:00:00,1.2175101189700075,初期損切り,initial,7,0.0030249405149961966,1.217576361955382,1.217576361955382,-0.006116124015367097,-1.0109494690963845,1.168207109232983,2.000000000000031,False
USDJPY,買い,1,2023-10-02 13:00:00,2023-10-02 17:00:00,149.8687926501845,2023-10-03 09:00:00,149.9222073498155,時間切れ,time,4,0.2658509350289834,149.33709078012654,149.33709078012654,0.053414699630991436,0.10045986790523814,0.41830716075293517,0.8041824271229049,False
USDCHF,買い,1,2023-10-02 09:00:00,2023-10-02 13:00:00,0.9186463429665702,2023-10-04 01:00:00,0.9198513165616786,トレイル,trail,10,0.0029882269811674343,0.9126698890042354,0.9199476595282489,0.001204973595108405,0.2016201584923861,1.9354811632047475,0.6781087846876276,True
GBPUSD,売り,-1,2023-10-02 09:00:00,2023-10-02 13:00:00,1.2107837570146254,2023-10-04 05:00:00,1.2114162429853745,トレイル,trail,11,0.0033708420108991043,1.2175254410364236,1.2088162630163486,-0.0006324859707491637,-0.09381720779320368,2.083680276890813,0.5655094422138821,True
AUDUSD,売り,-1,2023-10-02 21:00:00,2023-10-03 01:00:00,0.6316957478820956,2023-10-04 21:00:00,0.6369317500413898,初期損切り,initial,12,0.0025958750206949294,0.6368874979234854,0.6368874979234854,-0.005236002159294206,-1.0085235455388952,1.2002688331510902,1.9999999999999893,False
EURUSD,買い,1,2023-10-04 05:00:00,2023-10-04 09:00:00,1.0525663224968553,2023-10-05 01:00:00,1.0520536775031446,時間切れ,time,4,0.002773416733477499,1.0470194890299003,1.0470194890299003,-0.0005126449937107314,-0.09242119792576972,0.12391845011829612,1.5346855182193953,False
USDJPY,売り,-1,2023-10-04 17:00:00,2023-10-04 21:00:00,148.54920734981548,2023-10-06 05:00:00,149.37257654525862,初期損切り,initial,9,0.41078827262932355,149.3707838950741,149.3707838950741,-0.8233691954431492,-1.0021819636829308,0.7015958561103925,1.999999999999975,False
AUDUSD,売り,-1,2023-10-06 05:00:00,2023-10-06 09:00:00,0.6325257478820956,2023-10-06 09:00:00,0.6378658621488953,初期損切り,initial,1,0.0026479310744476603,0.6378216100309909,0.6378216100309909,-0.0053401142667997,-1.0083559799443818,-0.0,2.0000000000000018,False
EURUSD,買い,1,2023-10-05 09:00:00,2023-10-05 13:00:00,1.0536163224968553,2023-10-08 17:00:00,1.0556136775031446,トレイル,trail,8,0.002692156207791902,1.0482320100812714,1.0559617656883122,0.001997355006289281,0.37095823052695465,2.3712136333948455,1.9896031594870187,True
GBPUSD,買い,1,2023-10-05 09:00:00,2023-10-05 13:00:00,1.2180762429853746,2023-10-08 17:00:00,1.2202137570146254,トレイル,trail,8,0.0038513451511051717,1.2103735526831643,1.2204029822733422,0.0021375140292507755,0.2775022680890338,2.104136787714279,1.9412030581651154,True
USDCHF,売り,-1,2023-10-04 21:00:00,2023-10-05 01:00:00,0.9140636570334297,2023-10-09 01:00:00,0.9117779513977904,トレイル,trail,13,0.002907738954146787,0.9198791349417234,0.9116816084312201,0.0022857056356393457,0.39303831459485955,2.3192099221329507,1.4362853861465943,True
EURUSD,買い,1,2023-10-10 01:00:00,2023-10-10 05:00:00,1.0604463224968552,2023-10-10 21:00:00,1.0610436775031447,時間切れ,time,4,0.003275964166395154,1.0538943941640648,1.0538943941640648,0.000597355006289435,0.09117239626994454,0.4742657197177128,0.9940043087951047,False
AUDUSD,買い,1,2023-10-06 13:00:00,2023-10-08 17:00:00,0.6363142521179044,2023-10-11 09:00:00,0.6400438829465218,トレイル,trail,17,0.0029479099570492552,0.6304184322038059,0.6400881350644262,0.0037296308286174362,0.6325890008442886,2.780189355002986,0.6934581271778718,True
USDCHF,売り,-1,2023-10-09 13:00:00,2023-10-09 17:00:00,0.9060836570334297,2023-10-12 05:00:00,0.9035297077598932,トレイル,trail,16,0.0031622431955486115,0.9124081434245269,0.9034333647933229,0.002553949273536582,0.40381923773789674,2.3381051286117307,0.7008768236706543,True
USDJPY,売り,-1,2023-10-09 09:00:00,2023-10-09 13:00:00,148.72220734981548,2023-10-12 05:00:00,149.4141972851267,初期損切り,initial,17,0.34509864256336237,149.4124046349422,149.4124046349422,-0.6919899353112271,-1.0025973011240883,1.6175298334098758,1.9999999999999707,False
GBPUSD,買い,1,2023-10-10 01:00:00,2023-10-10 05:00:00,1.2271562429853746,2023-10-12 13:00:00,1.2185125149596079,初期損切り,initial,15,0.004288742520196055,1.2185787579449825,1.2185787579449825,-0.00864372802576674,-1.0077228913909713,1.5304618973314466,2.0000000000000044,False
USDCHF,買い,1,2023-10-12 09:00:00,2023-10-12 13:00:00,0.9071163429665703,2023-10-13 09:00:00,0.9009796989892208,初期損切り,initial,6,0.0030201505053896334,0.901076041955791,0.901076041955791,-0.006136643977349476,-1.0159500273907343,0.5607856397908944,1.99999999999999,False
AUDUSD,売り,-1,2023-10-12 05:00:00,2023-10-12 09:00:00,0.6383257478820956,2023-10-15 21:00:00,0.6327269830627914,トレイル,trail,10,0.002695153963258014,0.6437160558086117,0.632682730944887,0.005598764819304214,1.0386725388660532,3.5937642205742883,0.13144040108052793,True
GBPUSD,売り,-1,2023-10-13 09:00:00,2023-10-13 13:00:00,1.2136437570146255,2023-10-16 05:00:00,1.2160162429853747,時間切れ,time,4,0.004052559652522483,1.2217488763196704,1.2217488763196704,-0.0023724859707492385,-0.29271450319954007,0.3439201724662769,1.032987381880688,False
USDCHF,売り,-1,2023-10-16 13:00:00,2023-10-16 17:00:00,0.9000736570334298,2023-10-17 09:00:00,0.9023963429665702,時間切れ,time,4,0.002645589164510492,0.9053648353624507,0.9053648353624507,-0.002322685933140445,-0.43897328510003303,0.22817489636244698,1.1968384997358874,False
GBPUSD,売り,-1,2023-10-17 05:00:00,2023-10-17 09:00:00,1.2140637570146253,2023-10-18 01:00:00,1.2181262429853745,時間切れ,time,4,0.003583534804501801,1.221230826623629,1.221230826623629,-0.004062485970749208,-0.5668266379952173,0.11267004135641238,1.985816623417431,False
USDJPY,買い,1,2023-10-17 05:00:00,2023-10-17 09:00:00,149.7737926501845,2023-10-18 01:00:00,149.6732073498155,時間切れ,time,4,0.284924258529841,149.20394413312482,149.20394413312482,-0.10058530036900493,-0.1765123490853453,0.26746529133288616,1.0030477982434491,False
AUDUSD,買い,1,2023-10-16 09:00:00,2023-10-16 13:00:00,0.6342442521179044,2023-10-18 05:00:00,0.6355848813253203,トレイル,trail,11,0.0024605777045169047,0.6293230967088705,0.6356291334432247,0.0013406292074159554,0.2724216359749481,2.0628277143119855,0.3065345656508942,True
EURUSD,売り,-1,2023-10-12 09:00:00,2023-10-12 13:00:00,1.0548436775031447,2023-10-19 09:00:00,1.0610640292021196,初期損切り,initial,30,0.003097014601059779,1.0610377067052643,1.0610377067052643,-0.006220351698974946,-1.0042496565638375,1.706055083284587,2.0000000000000275,False
USDJPY,買い,1,2023-10-18 13:00:00,2023-10-18 17:00:00,149.90779265018452,2023-10-19 09:00:00,149.8202073498155,時間切れ,time,4,0.2425656302874346,149.42266138960966,149.42266138960966,-0.08758530036902812,-0.18053938693878763,0.0,0.9803229332315223,False
USDCHF,売り,-1,2023-10-18 05:00:00,2023-10-18 09:00:00,0.8985836570334298,2023-10-22 21:00:00,0.8940524385805577,トレイル,trail,16,0.002457397075991665,0.9034984511854132,0.8939560956139875,0.004531218452872077,0.921954880052003,3.3831150507391534,0.6577459468645058,True
USDJPY,買い,1,2023-10-20 05:00:00,2023-10-20 09:00:00,149.96779265018452,2023-10-23 01:00:00,149.93620734981548,時間切れ,time,4,0.20792778282133087,149.55193708454186,149.55193708454186,-0.031585300369044944,-0.0759525733898334,0.04428147932205359,0.9031628560474135,False
AUDUSD,売り,-1,2023-10-18 09:00:00,2023-10-18 13:00:00,0.6334157478820956,2023-10-23 09:00:00,0.6327263761812805,トレイル,trail,18,0.0025147493755841104,0.6384452466332639,0.6326821240633761,0.0006893717008151778,0.1370656868450469,1.7917284027753706,0.8924356994354852,True
GBPUSD,売り,-1,2023-10-18 21:00:00,2023-10-19 01:00:00,1.2125437570146254,2023-10-23 09:00:00,1.2194565823899972,初期損切り,initial,15,0.003423291194998662,1.2193903394046226,1.2193903394046226,-0.006912825375371856,-1.0096753360437627,1.0235053973043136,1.9999999999999774,False
EURUSD,買い,1,2023-10-23 05:00:00,2023-10-23 09:00:00,1.0610163224968554,2023-10-24 01:00:00,1.0648447056819903,トレイル,trail,5,0.0025726478807695827,1.0558710267353162,1.0648710281788456,0.003828383185134898,0.7440550286247636,2.9983417321911476,0.744883320869478,True
USDJPY,売り,-1,2023-10-23 09:00:00,2023-10-23 13:00:00,149.67620734981548,2023-10-24 05:00:00,149.59997243630758,トレイル,trail,5,0.18211985741538966,150.04044706464626,149.59817978612307,0.07623491350790346,0.2092987403730017,1.9284407246950663,0.6248228600627678,True
AUDUSD,買い,1,2023-10-24 17:00:00,2023-10-24 21:00:00,0.6392242521179043,2023-10-25 05:00:00,0.6346041778510858,初期損切り,initial,3,0.002287911074457061,0.6346484299689902,0.6346484299689902,-0.004620074266818541,-1.009670856179347,0.3128390303654875,2.0000000000000195,False
USDJPY,買い,1,2023-10-25 09:00:00,2023-10-25 13:00:00,149.9707926501845,2023-10-25 17:00:00,150.06471554409885,トレイル,trail,2,0.16632787047776057,149.638136909229,150.06650819428336,0.09392289391433906,0.28234262136752764,2.0754630527278533,0.6420610681646484,True
GBPUSD,売り,-1,2023-10-25 01:00:00,2023-10-25 05:00:00,1.2137637570146254,2023-10-26 05:00:00,1.2122319000956219,トレイル,trail,7,0.0034437714068314986,1.2206512998282883,1.2121656571102473,0.0015318569190034825,0.22240978538306844,1.9640551638264498,0.5448221626013697,True
USDCHF,買い,1,2023-10-25 05:00:00,2023-10-25 09:00:00,0.8954063429665703,2023-10-26 09:00:00,0.896655049465776,トレイル,trail,7,0.002139071711769164,0.8911281995430319,0.8967513924323463,0.0012487064992057206,0.2918804667312794,2.1288005485629533,0.5452565989971447,True
EURUSD,売り,-1,2023-10-25 05:00:00,2023-10-25 09:00:00,1.0574736775031448,2023-10-26 13:00:00,1.0561006776740778,トレイル,trail,8,0.0025895701181483446,1.0626528177394414,1.0560743551772225,0.0013729998290670231,0.26510188302002374,2.0403685793698085,0.8056636436425457,True
GBPUSD,売り,-1,2023-10-30 01:00:00,2023-10-30 05:00:00,1.2103937570146255,2023-10-30 09:00:00,1.2165235484777936,初期損切り,initial,2,0.003031774238896764,1.216457305492419,1.216457305492419,-0.006129791463168166,-1.01092478861466,-0.0,2.0000000000000093,False
USDCHF,買い,1,2023-10-27 01:00:00,2023-10-27 05:00:00,0.9006463429665702,2023-10-30 09:00:00,0.9016396813699679,トレイル,trail,8,0.002102650442307887,0.8964410420819544,0.9017360243365381,0.0009933384033976589,0.23621101810611994,2.0182418095001546,0.6498193608779419,True
USDJPY,売り,-1,2023-10-27 09:00:00,2023-10-27 13:00:00,149.63220734981547,2023-10-30 17:00:00,149.21122185462391,トレイル,trail,8,0.2682861362929344,150.16877962240133,149.2094292044394,0.4209854951915588,0.7845830220833627,3.075847903353694,0.8304292322479713,True
AUDUSD,買い,1,2023-10-30 05:00:00,2023-10-30 09:00:00,0.6374242521179043,2023-10-31 01:00:00,0.6343957478820956,時間切れ,time,4,0.0022371677857301797,0.632949916546444,0.632949916546444,-0.0030285042358086933,-0.6768612204963055,0.41827344737592037,1.4546303315565439,False
EURUSD,買い,1,2023-10-30 05:00:00,2023-10-30 09:00:00,1.0606963224968553,2023-10-31 09:00:00,1.0624036775031447,トレイル,trail,7,0.002526715860345826,1.0556428907761637,1.0637099262094811,0.0017073550062893794,0.3378605076028805,2.692695925933431,0.6436507255836661,True
USDJPY,買い,1,2023-10-30 21:00:00,2023-10-31 01:00:00,150.1477926501845,2023-10-31 13:00:00,151.16042539213444,トレイル,trail,4,0.36118797178737555,149.42541670660975,151.16221804231895,1.0126327419499432,1.4018085056083496,4.308580216872832,0.20984267501885143,True
AUDUSD,売り,-1,2023-10-31 09:00:00,2023-10-31 13:00:00,0.6328357478820956,2023-11-01 05:00:00,0.6342042521179043,時間切れ,time,4,0.002354194572971809,0.6375441370280392,0.6375441370280392,-0.0013685042358086985,-0.29065232150313985,0.41447206331119596,0.7239215218107541,False
USDCHF,買い,1,2023-10-31 09:00:00,2023-10-31 13:00:00,0.9096163429665702,2023-11-01 05:00:00,0.9098036570334298,時間切れ,time,4,0.0023955342528105723,0.9048252744609491,0.9048252744609491,0.00018731406685956742,0.03909651190330513,0.4648887955257584,0.7832670162694668,False
GBPUSD,買い,1,2023-10-30 13:00:00,2023-10-30 17:00:00,1.2164662429853745,2023-11-01 09:00:00,1.209982530610163,初期損切り,initial,11,0.0032087346949184327,1.2100487735955376,1.2100487735955376,-0.006483712375211503,-1.010322290820669,1.1168754525891536,2.000000000000009,False
EURUSD,売り,-1,2023-11-01 05:00:00,2023-11-01 09:00:00,1.0538536775031446,2023-11-01 17:00:00,1.059299533009851,初期損切り,initial,3,0.002709766504925462,1.0592732105129956,1.0592732105129956,-0.0054458555067062875,-1.004856967714288,0.8021641345088769,2.0000000000000226,False
AUDUSD,買い,1,2023-11-01 13:00:00,2023-11-01 17:00:00,0.6393242521179043,2023-11-02 09:00:00,0.6415488590750872,トレイル,trail,5,0.00266459253800566,0.633995067041893,0.6415931111929916,0.002224606957182851,0.4174384873958777,2.351484436260308,0.14045378892505245,True
GBPUSD,買い,1,2023-11-02 05:00:00,2023-11-02 09:00:00,1.2216262429853746,2023-11-03 01:00:00,1.2199837570146255,時間切れ,time,4,0.0036795814504557577,1.214267080084463,1.214267080084463,-0.001642485970749119,-0.22318923943722982,0.2401786797017182,1.317063652653851,False
USDJPY,売り,-1,2023-11-03 05:00:00,2023-11-03 09:00:00,149.3992073498155,2023-11-06 01:00:00,149.5467926501845,時間切れ,time,4,0.4428048821434765,150.28481711410245,150.28481711410245,-0.14758530036900197,-0.166648230767679,0.44987613698207307,0.8102725707262114,False
GBPUSD,買い,1,2023-11-03 05:00:00,2023-11-03 09:00:00,1.2313462429853745,2023-11-06 13:00:00,1.2365906606874493,トレイル,trail,8,0.004148730884784023,1.2230487812158064,1.2366569036728239,0.005244417702074733,0.632050842500929,2.7800687330496436,0.37029227203162984,True
USDCHF,売り,-1,2023-11-01 17:00:00,2023-11-01 21:00:00,0.9046936570334297,2023-11-06 13:00:00,0.8993773742142455,トレイル,trail,17,0.002607354165116781,0.9099083653636633,0.8992810312476752,0.0053162828191842815,1.019478460254779,3.5759073923170486,1.045635841515282,True
AUDUSD,買い,1,2023-11-03 05:00:00,2023-11-03 09:00:00,0.6494242521179043,2023-11-06 21:00:00,0.6436905682227931,初期損切り,initial,10,0.0028447158886033856,0.6437348203406975,0.6437348203406975,-0.005733683895111197,-1.0077779503537962,1.0109086442047146,2.0000000000000178,False
USDJPY,買い,1,2023-11-07 05:00:00,2023-11-07 09:00:00,150.57979265018452,2023-11-08 01:00:00,150.63920734981548,時間切れ,time,4,0.34551072716888737,149.88877119584674,149.88877119584674,0.05941469963096324,0.08598097679601283,0.3276521998119043,0.7548033380076511,False
USDCHF,買い,1,2023-11-08 01:00:00,2023-11-08 05:00:00,0.9021263429665702,2023-11-08 09:00:00,0.8976526375271869,初期損切り,initial,2,0.002188681236406546,0.8977489804937572,0.8977489804937572,-0.004473705439383302,-1.0220093645816577,0.13417076390342622,1.9999999999999865,False
GBPUSD,売り,-1,2023-11-08 01:00:00,2023-11-08 05:00:00,1.2248037570146253,2023-11-08 21:00:00,1.2289162429853746,時間切れ,time,4,0.0035210463328015054,1.2318458496802283,1.2318458496802283,-0.004112485970749313,-0.5839863469614204,0.14023019521939345,1.5098474950044074,False
AUDUSD,売り,-1,2023-11-08 13:00:00,2023-11-08 17:00:00,0.6401257478820956,2023-11-09 09:00:00,0.6412942521179044,時間切れ,time,4,0.0023844939598304865,0.6448947358017566,0.6448947358017566,-0.0011685042358087205,-0.24502142917816186,0.40501167055350645,0.8447293857047957,False
USDJPY,買い,1,2023-11-09 09:00:00,2023-11-09 13:00:00,151.0787926501845,2023-11-13 09:00:00,151.4339664327178,トレイル,trail,12,0.2794939447317925,150.51980476072092,151.4357590829023,0.355173782533285,0.6353872583431391,2.777188430899073,0.06723812998003283,True
GBPUSD,売り,-1,2023-11-09 13:00:00,2023-11-09 17:00:00,1.2220537570146255,2023-11-14 01:00:00,1.2291195622800617,初期損切り,initial,15,0.0034997811400308393,1.229053319294687,1.229053319294687,-0.007065805265436209,-1.0094638754144991,0.9468469261470308,1.9999999999999774,False
AUDUSD,売り,-1,2023-11-09 13:00:00,2023-11-09 17:00:00,0.6366557478820957,2023-11-14 05:00:00,0.6416317317257678,初期損切り,initial,16,0.0024658658628839117,0.6415874796078634,0.6415874796078634,-0.004975983843672149,-1.0089729369651461,1.1175579027128066,1.99999999999998,False
USDCHF,買い,1,2023-11-09 13:00:00,2023-11-09 17:00:00,0.9030963429665703,2023-11-14 05:00:00,0.8987331871292654,初期損切り,initial,16,0.0021334064353672874,0.8988295300958357,0.8988295300958357,-0.004363155837304844,-1.0225796090639623,0.9954301244357834,2.0000000000000138,False
USDJPY,売り,-1,2023-11-14 05:00:00,2023-11-14 09:00:00,151.0002073498155,2023-11-14 17:00:00,150.580041930658,トレイル,trail,3,0.28083285364899707,151.5618730571135,150.5782492804735,0.4201654191574846,0.7480702732925869,3.002523881587519,0.009944171944993495,True
EURUSD,買い,1,2023-11-03 05:00:00,2023-11-03 09:00:00,1.0710063224968553,2023-11-15 09:00:00,1.0837513972931043,トレイル,trail,49,0.003321520140026936,1.0643632822168014,1.0837777197899596,0.012745074796248979,1.9185605173156683,5.345045868967885,1.6186331168269443,True
AUDUSD,買い,1,2023-11-15 09:00:00,2023-11-15 13:00:00,0.6519242521179044,2023-11-15 21:00:00,0.6463228585294929,初期損切り,initial,3,0.0027785707352535848,0.6463671106473973,0.6463671106473973,-0.005601393588411496,-1.0079631080366014,0.06325118157540197,1.9999999999999825,False
USDJPY,売り,-1,2023-11-17 01:00:00,2023-11-17 05:00:00,149.6142073498155,2023-11-21 05:00:00,147.7809260474268,トレイル,trail,13,0.4167555981615129,150.44771854613853,147.77913339724228,1.8332813023887127,2.1994681180961937,5.9032376785543645,0.9017099034597008,True
EURUSD,買い,1,2023-11-17 13:00:00,2023-11-19 17:00:00,1.0911463224968554,2023-11-21 09:00:00,1.0924123742651233,トレイル,trail,11,0.0027208688253475177,1.0857045848461604,1.0924386967619786,0.001266051768267884,0.23265578929667438,1.974985876968253,0.5095146388316845,True
AUDUSD,買い,1,2023-11-17 13:00:00,2023-11-19 17:00:00,0.6506142521179044,2023-11-21 13:00:00,0.654997923607825,トレイル,trail,12,0.0026252161828470362,0.6453638197522102,0.6550421757257294,0.004383671489920693,0.8349162858592886,3.1866891331680858,0.18446180587657426,True
GBPUSD,買い,1,2023-11-17 13:00:00,2023-11-19 17:00:00,1.2454662429853747,2023-11-22 01:00:00,1.2508111710343843,トレイル,trail,15,0.0033683906534939766,1.2387294616783868,1.250877414019759,0.005344928049009656,0.7933949174608725,3.106455898686049,0.2512306535754154,True
USDCHF,売り,-1,2023-11-15 05:00:00,2023-11-15 09:00:00,0.8874236570334297,2023-11-22 01:00:00,0.8858071781572899,トレイル,trail,29,0.002500556793813176,0.8924247706210561,0.8857108351907197,0.0016164788761398041,0.3232237876258723,2.1849761808841266,1.0343068283709078,True
GBPUSD,売り,-1,2023-11-22 05:00:00,2023-11-22 09:00:00,1.2514637570146254,2023-11-22 13:00:00,1.249661448700006,トレイル,trail,2,0.003096803809754163,1.2576573646341338,1.2495952057146313,0.0018023083146194718,0.29099491368207575,2.1033805868194504,0.07628606779367363,True
GBPUSD,買い,1,2023-11-23 01:00:00,2023-11-23 05:00:00,1.2558962429853746,2023-11-23 21:00:00,1.2532237570146254,時間切れ,time,4,0.0032735046538180657,1.2493492336777385,1.2493492336777385,-0.0026724859707492055,-0.40819950685454814,0.11723124150071255,1.0405493028401906,False
EURUSD,売り,-1,2023-11-22 05:00:00,2023-11-22 09:00:00,1.0895836775031447,2023-11-24 09:00:00,1.0945756519501422,初期損切り,initial,13,0.0024828259750711386,1.0945493294532869,1.0945493294532869,-0.004991974446997505,-1.0053009145867489,1.7454616419583928,1.99999999999997,False
AUDUSD,買い,1,2023-11-24 09:00:00,2023-11-24 13:00:00,0.6590242521179044,2023-11-28 01:00:00,0.6601645084218704,トレイル,trail,10,0.00198082630681685,0.6550625995042707,0.6602087605397747,0.0011402563039659697,0.2878233947221601,2.097987020767012,1.1834718217527678,True
USDJPY,売り,-1,2023-11-26 17:00:00,2023-11-26 21:00:00,149.1122073498155,2023-11-28 01:00:00,148.56996586487176,トレイル,trail,8,0.3967821431248262,149.90577163606514,148.56817321468725,0.5422414849437303,0.6832987501319372,2.87111547118462,0.5388162090682674,True
EURUSD,買い,1,2023-11-28 05:00:00,2023-11-28 09:00:00,1.0972663224968553,2023-11-28 13:00:00,1.0977945666273716,トレイル,trail,2,0.002052740583848653,1.093160841329158,1.097820889124227,0.000528244130516331,0.128668019396278,1.7701591383417608,0.4171606015844838,True
GBPUSD,買い,1,2023-11-24 05:00:00,2023-11-24 09:00:00,1.2577762429853747,2023-11-29 01:00:00,1.2688490852943446,トレイル,trail,17,0.0029431144801873037,1.251890014025,1.2689153282797192,0.011072842308969877,1.8811436632028644,5.284795110530494,0.07347420116696986,True
USDCHF,売り,-1,2023-11-24 09:00:00,2023-11-24 13:00:00,0.8813936570334298,2023-11-30 01:00:00,0.8746738541942347,トレイル,trail,22,0.001911674151776312,0.8852170053369823,0.8745775112276645,0.006719802839195044,1.7575701468137386,5.0655374632919505,1.0809075200657174,True
AUDUSD,買い,1,2023-11-28 09:00:00,2023-11-28 13:00:00,0.6648042521179044,2023-11-30 05:00:00,0.6603477353751133,初期損切り,initial,11,0.0022061323124433715,0.6603919874930176,0.6603919874930176,-0.004456516742791128,-1.0100293435835166,1.2853933855648598,2.0000000000000044,False
EURUSD,売り,-1,2023-11-30 01:00:00,2023-11-30 05:00:00,1.0924336775031447,2023-12-01 13:00:00,1.0882063224968552,トレイル,trail,9,0.0025190517996388916,1.0974717811024224,1.0866585776994584,0.004227355006289457,0.8390766332981824,3.7925688961672597,1.0664022459722724,True
GBPUSD,売り,-1,2023-11-30 01:00:00,2023-11-30 05:00:00,1.2648337570146253,2023-12-01 13:00:00,1.2715743938021862,初期損切り,initial,9,0.003337196901093167,1.2715081508168116,1.2715081508168116,-0.006740636787560872,-1.0099249440979703,1.3465663392990885,1.9999999999999787,False
USDJPY,売り,-1,2023-11-28 09:00:00,2023-11-28 13:00:00,147.55520734981548,2023-12-04 01:00:00,146.9888698499519,トレイル,trail,22,0.5053847998449117,148.5659769495053,146.98707719976738,0.5663374998635788,0.5603032580692691,2.624153615665603,1.905068475506147,True
AUDUSD,買い,1,2023-12-01 09:00:00,2023-12-01 13:00:00,0.6671642521179044,2023-12-04 09:00:00,0.6611771454612098,初期損切り,initial,6,0.00297142726939513,0.6612213975791141,0.6612213975791141,-0.005987106656694663,-1.0074462731025233,0.6514538996236819,2.0000000000000093,False
GBPUSD,売り,-1,2023-12-05 09:00:00,2023-12-05 13:00:00,1.2594637570146254,2023-12-06 05:00:00,1.2600562429853746,時間切れ,time,4,0.003671159559454978,1.2668060761335354,1.2668060761335354,-0.0005924859707491237,-0.08069466351894065,0.4777120106666481,0.5301439378634448,False
AUDUSD,売り,-1,2023-12-04 21:00:00,2023-12-05 01:00:00,0.6582957478820957,2023-12-07 01:00:00,0.6567290510145278,トレイル,trail,13,0.0027631992644156374,0.663822146410927,0.6566847988966235,0.0015666968675678294,0.28349328398854273,2.083001380399137,0.5299118803196456,True
EURUSD,売り,-1,2023-12-04 09:00:00,2023-12-04 13:00:00,1.0825236775031446,2023-12-07 09:00:00,1.0799587269265545,トレイル,trail,18,0.002928269619799487,1.0883802167427437,1.0799324044296992,0.0025649505765901193,0.43796352618065165,2.384916148405373,0.7568710483043569,True
GBPUSD,売り,-1,2023-12-06 13:00:00,2023-12-06 17:00:00,1.2560437570146255,2023-12-07 09:00:00,1.2583862429853747,時間切れ,time,4,0.0031563791909068164,1.2623565153964391,1.2623565153964391,-0.002342485970749264,-0.3710716978330281,0.4954274882848119,1.0664887777337546,False
USDJPY,売り,-1,2023-12-06 17:00:00,2023-12-06 21:00:00,146.88820734981547,2023-12-07 13:00:00,143.2787926501845,トレイル,trail,5,0.44473328911854615,147.77767392805256,142.27709993367785,3.6094146996309746,4.057954270507581,11.868253353097938,0.21989055592923903,True
AUDUSD,買い,1,2023-12-07 09:00:00,2023-12-07 13:00:00,0.6608842521179044,2023-12-08 05:00:00,0.6606157478820956,時間切れ,time,4,0.002882766144488773,0.6551187198289268,0.6551187198289268,-0.00026850423580870864,-0.04657058921030254,0.38010293834985126,0.5669041594056088,False
EURUSD,売り,-1,2023-12-08 05:00:00,2023-12-08 09:00:00,1.0746636775031446,2023-12-12 05:00:00,1.0803096813440733,初期損切り,initial,12,0.002809840672036699,1.080283358847218,1.080283358847218,-0.005646003840928726,-1.0046839838851518,0.5742950193595481,2.0000000000000093,False
GBPUSD,売り,-1,2023-12-08 05:00:00,2023-12-08 09:00:00,1.2544937570146253,2023-12-12 05:00:00,1.2612884558295594,初期損切り,initial,12,0.003364227914779736,1.2612222128441848,1.2612222128441848,-0.006794698814934108,-1.0098451988171815,1.2584631962732393,2.000000000000008,False
USDCHF,買い,1,2023-12-08 05:00:00,2023-12-08 09:00:00,0.8795963429665702,2023-12-12 05:00:00,0.8740663130603213,初期損切り,initial,12,0.0027168434698392895,0.8741626560268916,0.8741626560268916,-0.005530029906248846,-1.0177306804090493,0.910489345776022,2.0000000000000098,False
GBPUSD,売り,-1,2023-12-13 09:00:00,2023-12-13 13:00:00,1.2507437570146254,2023-12-13 13:00:00,1.257679749268123,初期損切り,initial,1,0.0034348746340615685,1.2576135062827485,1.2576135062827485,-0.006935992253497725,-1.0096427078761037,-0.0,1.9999999999999938,False
USDJPY,買い,1,2023-12-10 17:00:00,2023-12-10 21:00:00,145.44879265018452,2023-12-13 13:00:00,143.7128396054643,初期損切り,initial,17,0.8670801972678506,143.7146322556488,143.7146322556488,-1.735953044720219,-1.0010337280162587,1.3161497095786594,2.000000000000006,False
AUDUSD,買い,1,2023-12-13 13:00:00,2023-12-13 17:00:00,0.6660642521179043,2023-12-14 09:00:00,0.6684443138045567,トレイル,trail,5,0.0029009560516926195,0.6602623400145191,0.6684885659224611,0.0023800616866523905,0.4102202246848409,2.3356947714331042,0.1462456205280232,True
USDCHF,売り,-1,2023-12-13 13:00:00,2023-12-13 17:00:00,0.8711236570334298,2023-12-14 13:00:00,0.8674341875203165,トレイル,trail,6,0.002871896369164205,0.8768674497717581,0.8673378445537463,0.0036894695131132194,0.6423402934603363,2.8182273985691384,0.7369148097729485,True
EURUSD,買い,1,2023-12-13 13:00:00,2023-12-13 17:00:00,1.0877363224968553,2023-12-15 01:00:00,1.0963680186058744,トレイル,trail,9,0.003017105931513477,1.0817021106338283,1.0963943411027297,0.008631696109019149,1.4304595703554257,4.369643559890284,0.18438944786275782,True
AUDUSD,売り,-1,2023-12-15 05:00:00,2023-12-15 09:00:00,0.6671357478820956,2023-12-18 01:00:00,0.6713642521179044,時間切れ,time,4,0.003182720337252366,0.6735011885566003,0.6735011885566003,-0.004228504235808783,-0.6642908876277895,0.01123186403693097,1.8048246497407974,False
USDJPY,買い,1,2023-12-18 01:00:00,2023-12-18 05:00:00,142.4957926501845,2023-12-19 01:00:00,142.76472344950045,トレイル,trail,6,0.6816559335433434,141.13248078309783,142.76651609968496,0.2689307993159389,0.19726286098471904,1.8971555680491203,0.36058169244834043,True
GBPUSD,売り,-1,2023-12-18 09:00:00,2023-12-18 13:00:00,1.2652237570146254,2023-12-19 05:00:00,1.2699562429853746,時間切れ,time,4,0.00410995592866971,1.2734436688719648,1.2734436688719648,-0.004732485970749156,-0.5757343938577151,0.446174374239323,1.1913127708304383,False
EURUSD,買い,1,2023-12-19 01:00:00,2023-12-19 05:00:00,1.0941763224968553,2023-12-20 05:00:00,1.0948255840576087,トレイル,trail,7,0.002598728963690557,1.0889788645694742,1.094851906554464,0.0006492615607534002,0.12491906039931122,1.7599671097094238,0.4295648035838275,True
USDCHF,売り,-1,2023-12-18 21:00:00,2023-12-19 01:00:00,0.8662236570334297,2023-12-20 05:00:00,0.8632968718615566,トレイル,trail,8,0.0025870192633242616,0.8713976955600783,0.8632005288949863,0.0029267851718731697,0.5656674485122148,2.6685758128289785,0.48176794979435195,True
USDCHF,売り,-1,2023-12-21 05:00:00,2023-12-21 09:00:00,0.8579036570334297,2023-12-22 13:00:00,0.8560563429665703,トレイル,trail,8,0.002609507643373394,0.8631226723201766,0.8553242614650601,0.0018473140668594512,0.353958355238111,2.488460629697634,0.5044411231800647,True
AUDUSD,買い,1,2023-12-19 05:00:00,2023-12-19 09:00:00,0.6743042521179043,2023-12-24 17:00:00,0.6783636749472624,トレイル,trail,21,0.002708048623222165,0.66888815487146,0.6784079270651667,0.004059422829358006,0.7495106983211977,3.0153623579992,0.6994896995795158,True
EURUSD,買い,1,2023-12-21 05:00:00,2023-12-21 09:00:00,1.0991263224968553,2023-12-24 17:00:00,1.1000523458158877,トレイル,trail,9,0.002627554458171301,1.0938712135805126,1.100078668312743,0.0009260233190324652,0.17621391559605382,1.8624457003835369,0.6037258302761651,True
GBPUSD,買い,1,2023-12-22 05:00:00,2023-12-22 09:00:00,1.2735962429853747,2023-12-25 01:00:00,1.2689437570146254,時間切れ,time,4,0.0036684108621714874,1.2662594212610316,1.2662594212610316,-0.004652485970749298,-0.6341282568326186,0.22182820987060467,1.3946755632345085,False
USDJPY,売り,-1,2023-12-20 17:00:00,2023-12-20 21:00:00,143.0292073498155,2023-12-26 17:00:00,142.84462081610238,トレイル,trail,21,0.6505521106119152,144.33031157103932,142.84282816591787,0.18458653371311584,0.1418691375387992,1.7864938578437943,0.5668917895564323,True
AUDUSD,買い,1,2023-12-26 17:00:00,2023-12-26 21:00:00,0.6828442521179043,2023-12-27 21:00:00,0.6839266141448747,トレイル,trail,7,0.0020394224914806855,0.6787654071349429,0.683970866262779,0.0010823620269703182,0.2653599319149631,2.052418221129211,0.4482897103093757,True
EURUSD,買い,1,2023-12-26 09:00:00,2023-12-26 13:00:00,1.1035663224968553,2023-12-28 05:00:00,1.1107527920154245,トレイル,trail,11,0.002113923658480146,1.099338475179895,1.1107791145122798,0.007186469518569272,1.699794003851622,4.912039969603402,0.3246675886813398,True
GBPUSD,買い,1,2023-12-26 13:00:00,2023-12-26 17:00:00,1.2720762429853747,2023-12-28 05:00:00,1.2784645099441472,トレイル,trail,10,0.002846164713652138,1.2663839135580703,1.2785307529295218,0.006388266958772482,1.122258829246603,3.767792132052944,0.7751634945061335,True
USDCHF,売り,-1,2023-12-27 01:00:00,2023-12-27 05:00:00,0.8518536570334297,2023-12-28 05:00:00,0.8373119077644775,トレイル,trail,7,0.002290376531938163,0.856434410097306,0.8372155647979073,0.014541749268952242,3.17453245485508,7.891129157761447,0.8017646622567569,True
USDJPY,売り,-1,2023-12-27 09:00:00,2023-12-27 13:00:00,142.1002073498155,2023-12-28 09:00:00,141.28617848367747,トレイル,trail,6,0.42092388899531136,142.94205512780613,141.28438583349296,0.8140288661380168,0.9669549381967772,3.4381687227821374,0.17055969514076533,True
GBPUSD,売り,-1,2023-12-29 01:00:00,2023-12-29 05:00:00,1.2705337570146253,2024-01-01 21:00:00,1.2721562429853746,時間切れ,time,4,0.003430795542026885,1.277395348098679,1.277395348098679,-0.00162248597074921,-0.23645914640991095,0.11477134378945451,1.7944068394520833,False
GBPUSD,売り,-1,2024-01-02 05:00:00,2024-01-02 09:00:00,1.2629537570146254,2024-01-03 01:00:00,1.2631462429853746,時間切れ,time,4,0.00401146666818323,1.2709766903509918,1.2709766903509918,-0.00019248597074916773,-0.02399196935572987,0.46710023281187,0.3829629191634852,False
USDJPY,買い,1,2024-01-02 05:00:00,2024-01-02 09:00:00,142.1507926501845,2024-01-03 01:00:00,142.12220734981548,時間切れ,time,4,0.5156581847556109,141.1194762806733,141.1194762806733,-0.02858530036903062,-0.02771729530733448,0.06051945016690634,1.2581835591187023,False
AUDUSD,売り,-1,2023-12-29 01:00:00,2023-12-29 05:00:00,0.6804257478820956,2024-01-03 13:00:00,0.6737796381484595,トレイル,trail,15,0.002350257353703442,0.6851262625895025,0.6737353860305552,0.0066461097336361075,1.4139110602427074,4.346650746990793,1.4782432708612612,True
USDCHF,買い,1,2024-01-02 01:00:00,2024-01-02 05:00:00,0.8463463429665702,2024-01-03 13:00:00,0.8499689885315596,トレイル,trail,9,0.003596445667913433,0.8391534516307433,0.8500653314981298,0.0036226455649893685,0.5036424708580591,2.5340733254333645,0.06293518308633916,True
EURUSD,売り,-1,2023-12-29 01:00:00,2023-12-29 05:00:00,1.1049036775031447,2024-01-04 01:00:00,1.093202708788039,トレイル,trail,18,0.002584257527455728,1.1100721925580561,1.0931763862911836,0.01170096871510573,2.2638937085008037,6.037973126659314,1.221365310276513,True
GBPUSD,買い,1,2024-01-04 01:00:00,2024-01-04 05:00:00,1.2720662429853746,2024-01-04 21:00:00,1.2692737570146253,時間切れ,time,4,0.0034600824157555725,1.2651460781538635,1.2651460781538635,-0.0027924859707493255,-0.40352882319127287,0.2640853323217262,1.6202628468751326,False
AUDUSD,売り,-1,2024-01-05 01:00:00,2024-01-05 05:00:00,0.6681957478820956,2024-01-05 09:00:00,0.6731936979321466,初期損切り,initial,2,0.002476848966073302,0.6731494458142422,0.6731494458142422,-0.004997950050050992,-1.0089331482279567,1.6697618380228638,2.0000000000000053,False
GBPUSD,売り,-1,2024-01-05 01:00:00,2024-01-05 05:00:00,1.2659137570146255,2024-01-05 09:00:00,1.2725873623700348,初期損切り,initial,2,0.003303681185017358,1.2725211193846602,1.2725211193846602,-0.0066736053554092845,-1.010025632266665,1.429846510628308,1.9999999999999876,False
SP500,売り,-1,2024-01-04 13:00:00,2024-01-04 17:00:00,4734.250569348069,2024-01-05 09:00:00,4726.698563918576,トレイル,trail,5,16.23275551109686,4766.716080370263,4726.549133266645,7.552005429492965,0.23261625003624137,1.974438001370686,0.14473393936878912,True
USDCHF,買い,1,2024-01-05 01:00:00,2024-01-05 05:00:00,0.8530963429665702,2024-01-05 09:00:00,0.8468769485350518,初期損切り,initial,2,0.0030615257324741085,0.846973291501622,0.846973291501622,-0.006219394431518421,-1.0157344695078467,1.5298440851727764,1.9999999999999885,False
SP500,買い,1,2024-01-08 09:00:00,2024-01-08 13:00:00,4769.999430651931,2024-01-09 05:00:00,4775.420073124521,トレイル,trail,5,18.320330815699275,4733.358769020532,4775.569503776452,5.420642472589861,0.1479406274679478,1.8040378026223733,0.1337001321958624,True
USDJPY,売り,-1,2024-01-08 17:00:00,2024-01-08 21:00:00,143.48420734981548,2024-01-09 13:00:00,144.40879265018452,時間切れ,time,4,0.5841537093226287,144.65251476846075,144.65251476846075,-0.9245853003690456,-0.7913887095240512,0.10306764958367894,1.7149469980190117,False
USDCHF,買い,1,2024-01-09 13:00:00,2024-01-09 17:00:00,0.8526963429665703,2024-01-10 09:00:00,0.8524936570334297,時間切れ,time,4,0.0028931350788009573,0.8469100728089684,0.8469100728089684,-0.00020268593314054506,-0.03502877114616906,0.2950629715441976,0.4895530032276345,False
AUDUSD,買い,1,2024-01-10 17:00:00,2024-01-10 21:00:00,0.6717742521179044,2024-01-11 05:00:00,0.6672752785645202,初期損切り,initial,3,0.0022273607177399077,0.6673195306824246,0.6673195306824246,-0.0044989735533842445,-1.009933756475092,0.3617500639560168,2.000000000000024,False
SP500,買い,1,2024-01-10 09:00:00,2024-01-10 13:00:00,4807.649430651931,2024-01-11 05:00:00,4812.905283957282,トレイル,trail,5,16.596856927191396,4774.455716797548,4813.054714609213,5.255853305351593,0.15833881464449712,1.8256811805388438,0.33135374222098257,True
USDJPY,買い,1,2024-01-09 17:00:00,2024-01-09 21:00:00,144.7447926501845,2024-01-11 13:00:00,145.5670004492425,トレイル,trail,11,0.5648046003819934,143.61518344942053,145.568793099427,0.8222077990579919,0.7278692476140504,2.9589124250850722,0.12888112125021411,True
USDCHF,買い,1,2024-01-11 05:00:00,2024-01-11 09:00:00,0.8549163429665703,2024-01-12 09:00:00,0.8497999054907589,初期損切り,initial,7,0.002510047254620563,0.8498962484573291,0.8498962484573291,-0.005116437475811364,-1.0191914647010902,0.6707670663691461,1.9999999999999993,False
GBPUSD,買い,1,2024-01-11 17:00:00,2024-01-11 21:00:00,1.2781162429853745,2024-01-12 13:00:00,1.2739237570146253,時間切れ,time,4,0.0034949177775456287,1.2711264074302833,1.2711264074302833,-0.004192485970749171,-0.5997975113585394,0.13269468529563352,1.755761759203302,False
EURUSD,買い,1,2024-01-10 09:00:00,2024-01-10 13:00:00,1.0967263224968553,2024-01-15 17:00:00,1.0917887296742836,初期損切り,initial,20,0.002455635162858221,1.091815052171139,1.091815052171139,-0.004937592822571668,-1.005359610672904,0.9625523933259704,1.999999999999969,False
USDJPY,売り,-1,2024-01-11 17:00:00,2024-01-11 21:00:00,145.11520734981548,2024-01-15 21:00:00,146.20757333217253,初期損切り,initial,13,0.5452866660862725,146.20578068198802,146.20578068198802,-1.0923659823570517,-1.0016437685863229,1.3978103577813812,1.9999999999999893,False
GBPUSD,売り,-1,2024-01-15 17:00:00,2024-01-15 21:00:00,1.2694437570146253,2024-01-16 09:00:00,1.2670473711285266,トレイル,trail,4,0.003267418762101336,1.275978594538828,1.266981128143152,0.0023963858860986953,0.3667093293786341,2.2536924559646745,0.023334317063675565,True
USDCHF,買い,1,2024-01-15 09:00:00,2024-01-15 13:00:00,0.8561163429665702,2024-01-17 13:00:00,0.8648007513918412,トレイル,trail,13,0.002435270427725733,0.8512458021111188,0.8648970943584114,0.008684408425270962,1.7830480603711056,5.10565762712498,0.24077119316798348,True
AUDUSD,売り,-1,2024-01-15 01:00:00,2024-01-15 05:00:00,0.6656957478820956,2024-01-17 21:00:00,0.6564377952147374,トレイル,trail,17,0.002575695397888641,0.6708471386778729,0.6563935430968331,0.009257952667358182,1.7971753715418266,5.111531391828337,0.40930776161207816,True
SP500,売り,-1,2024-01-16 09:00:00,2024-01-16 13:00:00,4788.400569348069,2024-01-18 01:00:00,4772.357109904638,トレイル,trail,10,17.171786168471336,4822.744141685012,4772.207679252707,16.043459443431857,0.4671459126625054,2.442993928324938,0.7424638605935526,True
EURUSD,買い,1,2024-01-17 17:00:00,2024-01-17 21:00:00,1.0896463224968553,2024-01-18 09:00:00,1.0847682384011612,初期損切り,initial,4,0.0024258807994193797,1.0847945608980165,1.0847945608980165,-0.004878084095694124,-1.0054253483645332,0.43434842445550464,2.0000000000000258,False
USDCHF,買い,1,2024-01-18 05:00:00,2024-01-18 09:00:00,0.8688863429665702,2024-01-19 01:00:00,0.8686236570334298,時間切れ,time,4,0.0026098674953390815,0.863666607975892,0.863666607975892,-0.000262685933140383,-0.050325530627418714,0.20064506507131702,0.6806257289852778,False
GBPUSD,買い,1,2024-01-18 13:00:00,2024-01-18 17:00:00,1.2707562429853747,2024-01-19 09:00:00,1.2673637570146254,時間切れ,time,4,0.0035937558774283176,1.2635687312305182,1.2635687312305182,-0.0033924859707492594,-0.4719972761723751,0.2041755310186448,1.1620831040875197,False
GBPUSD,買い,1,2024-01-21 21:00:00,2024-01-22 01:00:00,1.2719762429853747,2024-01-22 17:00:00,1.2709337570146253,時間切れ,time,4,0.002967925063887023,1.2660403928576007,1.2660403928576007,-0.0010424859707494072,-0.1756253861383022,0.4527597515772229,1.0971446095441537,False
USDJPY,買い,1,2024-01-18 17:00:00,2024-01-18 21:00:00,148.35479265018452,2024-01-23 01:00:00,147.4971633097173,初期損切り,initial,14,0.4279183451413484,147.49895595990182,147.49895595990182,-0.8576293404672128,-1.0020946171213154,1.0544239454526059,2.0000000000000084,False
GBPUSD,買い,1,2024-01-22 21:00:00,2024-01-23 01:00:00,1.2737962429853746,2024-01-23 09:00:00,1.2680704090770811,初期損切り,initial,3,0.002829795461459412,1.2681366520624557,1.2681366520624557,-0.0057258339082935095,-1.0117045536111862,0.326439499676428,2.000000000000027,False
USDCHF,売り,-1,2024-01-22 05:00:00,2024-01-22 09:00:00,0.8673136570334298,2024-01-23 09:00:00,0.8715320358086309,初期損切り,initial,7,0.002061017904315439,0.8714356928420607,0.8714356928420607,-0.004218378775201148,-1.023372666090999,1.1177278123622036,2.0000000000000147,False
EURUSD,売り,-1,2024-01-23 05:00:00,2024-01-23 09:00:00,1.0873736775031446,2024-01-23 13:00:00,1.0854562458261232,トレイル,trail,2,0.002179948886178569,1.0917335752755017,1.085429923329268,0.0019174316770214084,0.4397882191592687,2.3916512612752765,0.021249349995832306,True
USDJPY,買い,1,2024-01-23 09:00:00,2024-01-23 13:00:00,148.59979265018453,2024-01-24 01:00:00,147.6064172242103,初期損切り,initial,4,0.49579138789485505,147.60820987439482,147.60820987439482,-0.9933754259742216,-1.0018078674098425,0.04479172159440185,1.999999999999998,False
SP500,買い,1,2024-01-19 01:00:00,2024-01-19 05:00:00,4829.899430651931,2024-01-24 13:00:00,4907.21370397386,トレイル,trail,21,17.157910249473225,4795.583610152984,4907.363134625791,77.31427332192925,2.2530212653461956,6.014751671243766,0.8538004010354643,True
EURUSD,買い,1,2024-01-24 05:00:00,2024-01-24 09:00:00,1.0925063224968552,2024-01-24 17:00:00,1.087375674059239,初期損切り,initial,3,0.0025521629703804567,1.0874019965560944,1.0874019965560944,-0.0051306484376161254,-1.0051568996887545,0.27963633648304725,1.9999999999999647,False
USDJPY,売り,-1,2024-01-24 05:00:00,2024-01-24 09:00:00,146.77020734981548,2024-01-24 17:00:00,147.80576188413178,初期損切り,initial,3,0.5168809420658905,147.80396923394727,147.80396923394727,-1.0355545343163044,-1.0017341035803704,0.22869357369423643,2.000000000000021,False
GBPUSD,買い,1,2024-01-24 01:00:00,2024-01-24 05:00:00,1.2765162429853747,2024-01-24 21:00:00,1.2711437570146253,時間切れ,time,4,0.0032403256363616275,1.2700355917126513,1.2700355917126513,-0.005372485970749352,-0.82900402207443,0.30977041423292107,1.8906257187946043,False
USDCHF,売り,-1,2024-01-24 05:00:00,2024-01-24 09:00:00,0.8609936570334298,2024-01-25 01:00:00,0.8647763429665702,時間切れ,time,4,0.002487030391458853,0.8659677178163475,0.8659677178163475,-0.0037826859331404616,-0.7604824505022629,0.1301379486721447,1.5907899558273937,False
GBPUSD,売り,-1,2024-01-25 09:00:00,2024-01-25 13:00:00,1.2689837570146254,2024-01-26 05:00:00,1.2715162429853746,時間切れ,time,4,0.0033850892189391866,1.2757539354525038,1.2757539354525038,-0.0025324859707491765,-0.37406487790339576,0.4294589951992262,0.9353499363206509,False
SP500,買い,1,2024-01-26 05:00:00,2024-01-26 09:00:00,4926.699430651931,2024-01-29 01:00:00,4913.000569348069,時間切れ,time,4,15.961552557343051,4894.776325537245,4894.776325537245,-13.698861303862031,-0.42912057754556976,0.4667822457309208,1.4785172411736185,False
GBPUSD,売り,-1,2024-01-29 09:00:00,2024-01-29 13:00:00,1.2682437570146254,2024-01-30 05:00:00,1.2681762429853747,時間切れ,time,4,0.0029518582631095614,1.2741474735408445,1.2741474735408445,6.751402925075922e-05,0.011435852136687324,0.37730707756004855,1.323316581352222,False
SP500,買い,1,2024-01-29 13:00:00,2024-01-29 17:00:00,4951.999430651931,2024-01-30 09:00:00,4943.20056934807,時間切れ,time,4,15.88849988340125,4920.222430885128,4920.222430885128,-8.798861303861486,-0.2768940229862001,0.32102271362936113,0.7017295990025199,False
USDCHF,買い,1,2024-01-25 05:00:00,2024-01-25 09:00:00,0.8651363429665703,2024-01-31 09:00:00,0.860006204784261,初期損切り,initial,25,0.002516897607869483,0.8601025477508313,0.8601025477508313,-0.00513013818230923,-1.0191392304297624,1.3404029718497306,2.0000000000000093,False
USDJPY,買い,1,2024-01-26 09:00:00,2024-01-26 13:00:00,147.9957926501845,2024-01-31 09:00:00,147.0311079116133,初期損切り,initial,18,0.4814460441933413,147.03290056179782,147.03290056179782,-0.9646847385712078,-1.001861735293234,0.7045594286351126,2.0000000000000266,False
AUDUSD,買い,1,2024-01-18 17:00:00,2024-01-18 21:00:00,0.6583842521179044,2024-02-01 01:00:00,0.6535139394064223,初期損切り,initial,56,0.0024130302967888657,0.6535581915243267,0.6535581915243267,-0.004870312711482083,-1.0091694078526987,1.7014903988397188,1.9999999999999902,False
GBPUSD,買い,1,2024-01-31 05:00:00,2024-01-31 09:00:00,1.2706062429853746,2024-02-01 01:00:00,1.2647860510675608,初期損切り,initial,5,0.002876974466219631,1.2648522940529354,1.2648522940529354,-0.0058201919178137995,-1.01151261266868,1.5480697054909023,1.999999999999975,False
EURUSD,売り,-1,2024-01-25 09:00:00,2024-01-25 13:00:00,1.0837436775031446,2024-02-01 05:00:00,1.0821781671267476,トレイル,trail,29,0.0027678964199282403,1.089279470343001,1.0821518446298923,0.0015655103763969613,0.28279786142386576,2.0751056512777444,1.8050973515060136,True
SP500,売り,-1,2024-01-31 13:00:00,2024-01-31 17:00:00,4873.550569348069,2024-02-01 09:00:00,4889.399430651931,時間切れ,time,4,18.040843234333842,4909.632255816737,4909.632255816737,-15.848861303861668,-0.43924946018319766,0.06377580765625027,1.2332810813181851,False
EURUSD,買い,1,2024-02-02 01:00:00,2024-02-02 05:00:00,1.0891063224968554,2024-02-02 05:00:00,1.0837104888085856,初期損切り,initial,1,0.002684755595707221,1.0837368113054409,1.0837368113054409,-0.005395833688269791,-1.0049022147299809,0.0,2.0000000000000173,False
GBPUSD,買い,1,2024-02-02 01:00:00,2024-02-02 05:00:00,1.2758162429853745,2024-02-02 05:00:00,1.26895865871301,初期損切り,initial,1,0.0033956706434950133,1.2690249016983846,1.2690249016983846,-0.006857584272364603,-1.0097540357015302,0.0,1.9999999999999902,False
SP500,買い,1,2024-02-01 13:00:00,2024-02-01 17:00:00,4955.04943065193,2024-02-02 09:00:00,4929.20056934807,時間切れ,time,4,20.217246373624114,4914.614937904682,4914.614937904682,-25.848861303860758,-0.6392774967016225,0.44271950703171625,1.3700891872232082,False
GBPUSD,売り,-1,2024-02-02 09:00:00,2024-02-02 13:00:00,1.2618037570146254,2024-02-05 05:00:00,1.2601862429853745,時間切れ,time,4,0.004042389483421738,1.269888535981469,1.269888535981469,0.0016175140292509216,0.20006904776055298,0.46847465401140787,0.6323593992755796,False
USDCHF,買い,1,2024-02-02 09:00:00,2024-02-02 13:00:00,0.8676663429665702,2024-02-06 17:00:00,0.8692129596709081,トレイル,trail,14,0.0032204649083477947,0.8612254131498746,0.8693093026374783,0.0015466167043378665,0.24012320400214082,2.0101622646622896,0.8683041256936972,True
EURUSD,売り,-1,2024-02-04 17:00:00,2024-02-04 21:00:00,1.0778036775031448,2024-02-07 01:00:00,1.0767890067131582,トレイル,trail,14,0.0030017894775352344,1.0838072564582153,1.076762684216303,0.001014670789986516,0.16901098454440264,1.8467909041032016,0.27194528562523645,True
EURUSD,売り,-1,2024-02-08 05:00:00,2024-02-08 09:00:00,1.0743936775031446,2024-02-09 01:00:00,1.0771463224968554,時間切れ,time,4,0.002160650391290389,1.0787149782857255,1.0787149782857255,-0.002752644993710751,-0.6369945375722746,0.010958507327249987,1.8033100183914395,False
EURUSD,買い,1,2024-02-11 17:00:00,2024-02-11 21:00:00,1.0796063224968553,2024-02-12 09:00:00,1.075627865585437,初期損切り,initial,4,0.0019760672072814856,1.0756541880822923,1.0756541880822923,-0.003978456911418293,-1.0066603242942163,0.4826139007977727,2.00000000000001,False
SP500,買い,1,2024-02-06 17:00:00,2024-02-06 21:00:00,4978.599430651931,2024-02-12 13:00:00,5039.313668487162,トレイル,trail,23,17.924600573937997,4942.750229504055,5039.463099139093,60.71423783523187,1.693600858350761,4.895538340511606,0.4825452381073885,True
GBPUSD,買い,1,2024-02-13 01:00:00,2024-02-13 05:00:00,1.2655362429853747,2024-02-13 05:00:00,1.2605516715056173,初期損切り,initial,1,0.002459164247191395,1.260617914490992,1.260617914490992,-0.004984571479757394,-1.0134685971972508,0.0,1.9999999999999976,False
SP500,売り,-1,2024-02-13 05:00:00,2024-02-13 09:00:00,4977.70056934807,2024-02-13 17:00:00,4971.399430651931,トレイル,trail,3,15.590584993996218,5008.881739336062,4960.035877490994,6.301138696138878,0.20208153505995397,2.6330358587492486,0.6702398053667639,True
EURUSD,売り,-1,2024-02-13 05:00:00,2024-02-13 09:00:00,1.0708536775031448,2024-02-14 01:00:00,1.0714463224968553,時間切れ,time,4,0.0024207679873507033,1.0756952134778461,1.0756952134778461,-0.0005926449937105893,-0.12240846640556868,0.3278618633805316,0.7627011372022714,False
AUDUSD,売り,-1,2024-02-02 09:00:00,2024-02-02 13:00:00,0.6506857478820957,2024-02-14 05:00:00,0.6486512295594052,トレイル,trail,47,0.002897984961000505,0.6564817178040967,0.6486069774415009,0.002034518322690415,0.3510229262866869,2.217315813770533,1.254061759054009,True
USDCHF,買い,1,2024-02-07 13:00:00,2024-02-07 17:00:00,0.8742263429665702,2024-02-14 13:00:00,0.8847591947134251,トレイル,trail,30,0.002489641546669747,0.8692470598732307,0.8848555376799954,0.010532851746854921,2.1153349888750292,5.769367502981801,0.7134934621196245,True
GBPUSD,売り,-1,2024-02-14 01:00:00,2024-02-14 05:00:00,1.2539037570146254,2024-02-14 21:00:00,1.2563162429853747,時間切れ,time,4,0.0030934341798514336,1.2600906253743283,1.2600906253743283,-0.0024124859707492785,-0.3899365285452981,0.11759002890528318,1.1140508525512116,False
USDJPY,買い,1,2024-02-02 05:00:00,2024-02-02 09:00:00,147.96679265018452,2024-02-15 01:00:00,150.01545495113515,トレイル,trail,53,0.5785015991202188,146.80978945194408,150.01724760131967,2.048662300950639,1.770662608423408,5.044423998574013,0.5856382258921383,True
USDCHF,売り,-1,2024-02-15 01:00:00,2024-02-15 05:00:00,0.8831236570334298,2024-02-16 01:00:00,0.8815945399232988,トレイル,trail,6,0.0021321313044857836,0.8873879196424014,0.8814981969567286,0.0015291171101309287,0.35858886995229244,2.2623639657094854,0.23748207509779912,True
SP500,買い,1,2024-02-15 01:00:00,2024-02-15 05:00:00,5025.499430651931,2024-02-16 05:00:00,5030.132332470454,トレイル,trail,7,17.378824585077187,4990.741781481776,5030.281763122384,4.632901818522441,0.13329157549874265,1.7751815836014573,0.6616920836985382,True
AUDUSD,買い,1,2024-02-15 05:00:00,2024-02-15 09:00:00,0.6519242521179044,2024-02-20 13:00:00,0.655050073103013,トレイル,trail,20,0.0018971165193883877,0.6481300190791276,0.6550943252209174,0.003125820985108607,0.8238347389743731,3.1709954663380397,1.1829806419206559,True
EURUSD,買い,1,2024-02-20 01:00:00,2024-02-20 05:00:00,1.0798063224968553,2024-02-20 13:00:00,1.0810291112514385,トレイル,trail,3,0.0018830441678040753,1.0760402341612472,1.0810554337482938,0.0012227887545832594,0.3246840343658064,2.1633467620120865,0.22640068891874002,True
GBPUSD,買い,1,2024-02-15 09:00:00,2024-02-15 13:00:00,1.2587162429853747,2024-02-20 13:00:00,1.2625274866011258,トレイル,trail,19,0.0028308469423331015,1.2530545491007083,1.2625937295865004,0.0038112436157511365,0.6731631369320908,2.8697266860814263,1.2739095609325128,True
SP500,売り,-1,2024-02-19 17:00:00,2024-02-19 21:00:00,5003.000569348069,2024-02-21 13:00:00,4994.27137885656,トレイル,trail,11,16.38129880308593,5035.763166954241,4994.121948204629,8.729190491509144,0.2664376798335651,2.0419973867864036,0.55852901298688,True
AUDUSD,売り,-1,2024-02-21 09:00:00,2024-02-21 13:00:00,0.6540557478820956,2024-02-22 01:00:00,0.6574879645021048,初期損切り,initial,4,0.00169398225105238,0.6574437123842004,0.6574437123842004,-0.003432216620009143,-1.0130615648059156,0.42252383792743514,2.0000000000000044,False
EURUSD,買い,1,2024-02-21 17:00:00,2024-02-21 21:00:00,1.0826763224968552,2024-02-22 05:00:00,1.0852736775031446,トレイル,trail,3,0.0018597609326325322,1.0789568006315902,1.0861303586010513,0.002597355006289437,0.6983034649009494,3.3572473717397946,0.41743133928305887,True
GBPUSD,買い,1,2024-02-21 17:00:00,2024-02-21 21:00:00,1.2640762429853747,2024-02-22 05:00:00,1.2671210834044493,トレイル,trail,3,0.002515115740117514,1.2590460115051396,1.267187326389824,0.0030448404190746015,0.6053082111705,2.7369543694652285,0.3603186012157201,True
USDCHF,売り,-1,2024-02-20 05:00:00,2024-02-20 09:00:00,0.8796936570334297,2024-02-22 05:00:00,0.8772511521747396,トレイル,trail,12,0.0019232061387795894,0.8835400693109889,0.8771548092081694,0.002442504858690131,0.6350085956568529,2.8201121679402625,1.2720128733172056,True
SP500,買い,1,2024-02-21 17:00:00,2024-02-21 21:00:00,5029.29943065193,2024-02-25 17:00:00,5093.600569348069,トレイル,trail,12,19.090665926150887,4991.118098799629,5094.514001110773,64.30113869613888,1.6840988927488778,4.916044820600539,0.1256860636089148,True
USDCHF,売り,-1,2024-02-23 05:00:00,2024-02-23 09:00:00,0.8797336570334298,2024-02-26 01:00:00,0.8810363429665702,時間切れ,time,4,0.0019650987176814076,0.8836638544687926,0.8836638544687926,-0.001302685933140424,-0.3314555959502749,0.04766021807814741,1.2754285288667135,False
SP500,売り,-1,2024-02-26 13:00:00,2024-02-26 17:00:00,5075.850569348069,2024-02-27 09:00:00,5087.29943065193,時間切れ,time,4,16.5114045892209,5108.873378526511,5108.873378526511,-11.448861303861122,-0.3466955594842384,0.17264245041455695,0.8478643095615452,False
EURUSD,買い,1,2024-02-26 01:00:00,2024-02-26 05:00:00,1.0840263224968554,2024-02-28 01:00:00,1.0801320180717098,初期損切り,initial,12,0.0019339909641451585,1.080158340568565,1.080158340568565,-0.0038943044251456005,-1.006805227465713,1.3307598385198363,1.9999999999999905,False
AUDUSD,売り,-1,2024-02-26 09:00:00,2024-02-26 13:00:00,0.6534957478820956,2024-02-28 21:00:00,0.6516497761525571,トレイル,trail,15,0.0018370160231017962,0.6571697799282993,0.6516055240346528,0.001845971729538487,0.5024375689498802,2.528964267960638,1.2597887491458901,True
SP500,売り,-1,2024-02-28 01:00:00,2024-02-28 05:00:00,5064.70056934807,2024-02-28 21:00:00,5077.499430651931,時間切れ,time,4,15.047859400570678,5094.796288149211,5094.796288149211,-12.798861303861486,-0.42527182648237993,0.049878811868838836,1.5250960313371666,False
USDCHF,買い,1,2024-02-28 01:00:00,2024-02-28 05:00:00,0.8814863429665702,2024-02-28 21:00:00,0.8786336570334298,時間切れ,time,4,0.0017338658817840997,0.8780186112030021,0.8780186112030021,-0.0028526859331404752,-0.8226374263172942,0.0,1.8838498414936626,False
USDJPY,買い,1,2024-02-16 01:00:00,2024-02-16 05:00:00,150.2877926501845,2024-02-29 01:00:00,149.62276338341294,初期損切り,initial,54,0.33161830829353495,149.62455603359746,149.62455603359746,-0.6650292667715689,-1.0027028818066828,1.677251635103175,1.9999999999999596,False
EURUSD,買い,1,2024-02-29 01:00:00,2024-02-29 05:00:00,1.0851063224968553,2024-02-29 09:00:00,1.081398672796795,初期損切り,initial,2,0.0018406636016024766,1.0814249952936503,1.0814249952936503,-0.0037076497000603226,-1.0071502736383913,0.1812810895234279,2.0000000000000364,False
GBPUSD,売り,-1,2024-02-27 21:00:00,2024-02-28 01:00:00,1.2659237570146253,2024-03-01 09:00:00,1.2648083721137713,トレイル,trail,15,0.002308086085597773,1.2705399291858208,1.2647421291283967,0.001115384900854055,0.2416254982459159,2.011951392802012,0.968873301272664,True
USDCHF,買い,1,2024-02-29 09:00:00,2024-02-29 13:00:00,0.8839763429665702,2024-03-01 09:00:00,0.8847326456731635,トレイル,trail,6,0.0020406742401774766,0.8798949944862153,0.8848289886397337,0.0007563027065932149,0.1853070646217986,1.9178254698257715,0.3559328344866496,True
AUDUSD,買い,1,2024-03-01 09:00:00,2024-03-01 13:00:00,0.6530742521179044,2024-03-04 05:00:00,0.6522457478820957,時間切れ,time,4,0.0020251333392042104,0.6490239854394959,0.6490239854394959,-0.0008285042358087136,-0.2045554778467772,0.24479764986260955,0.7526675347231098,False
SP500,買い,1,2024-02-29 05:00:00,2024-02-29 09:00:00,5095.599430651931,2024-03-04 17:00:00,5132.579661369899,トレイル,trail,15,16.413938652113494,5062.771553347704,5132.72909202183,36.98023071796888,1.1264886357183754,3.76208115899828,1.5443843911690576,True
EURUSD,買い,1,2024-03-04 09:00:00,2024-03-04 13:00:00,1.0858263224968554,2024-03-05 05:00:00,1.0851036775031446,時間切れ,time,4,0.001972617741109519,1.0818810870146363,1.0818810870146363,-0.0007226449937107748,-0.18316903945726346,0.1285994229180207,0.8447265084000247,False
GBPUSD,買い,1,2024-03-04 09:00:00,2024-03-04 13:00:00,1.2696962429853746,2024-03-05 05:00:00,1.2684637570146253,時間切れ,time,4,0.0024074027305536236,1.2648814375242674,1.2648814375242674,-0.0012324859707493196,-0.25597835275070246,0.030637588671529804,1.0618260721116906,False
AUDUSD,売り,-1,2024-03-05 01:00:00,2024-03-05 05:00:00,0.6486457478820956,2024-03-05 09:00:00,0.6519849121783204,初期損切り,initial,2,0.0016474560891602192,0.6519406600604161,0.6519406600604161,-0.003339164296224828,-1.0134304392680193,0.039908731120768585,2.000000000000009,False
SP500,売り,-1,2024-03-05 17:00:00,2024-03-05 21:00:00,5086.20056934807,2024-03-06 09:00:00,5118.52151885013,初期損切り,initial,4,16.085759425064655,5118.372088198199,5118.372088198199,-32.3209495020601,-1.004644811848235,0.015577091603108795,2.000000000000003,False
GBPUSD,買い,1,2024-03-05 09:00:00,2024-03-05 13:00:00,1.2712162429853746,2024-03-06 13:00:00,1.2726530540490386,トレイル,trail,7,0.0022671353103910804,1.2666819723645923,1.2727192970344132,0.0014368110636640008,0.3168781009846631,2.1629750073362017,0.977552144866203,True
EURUSD,買い,1,2024-03-06 01:00:00,2024-03-06 05:00:00,1.0876863224968554,2024-03-07 01:00:00,1.0888467698187183,トレイル,trail,6,0.0017712717896174856,1.0841437789176205,1.0888730923155736,0.001160447321862934,0.32757460731465105,2.170010003927503,0.5173246151304898,True
USDJPY,売り,-1,2024-03-06 01:00:00,2024-03-06 05:00:00,149.64520734981548,2024-03-07 09:00:00,148.0496990868525,トレイル,trail,8,0.307937624445321,150.2610825987061,148.047906436668,1.5955082629629658,2.5906354669016296,6.687092405563158,0.5383968603484734,True
AUDUSD,買い,1,2024-03-06 01:00:00,2024-03-06 05:00:00,0.6524442521179044,2024-03-08 09:00:00,0.66418909855239,トレイル,trail,14,0.0016844328864704713,0.6490753863449634,0.6642333506702943,0.01174484643448559,3.486291002990187,8.49885323249216,0.2637398743948824,True
EURUSD,買い,1,2024-03-07 09:00:00,2024-03-07 13:00:00,1.0937163224968554,2024-03-08 09:00:00,1.0946796329477537,トレイル,trail,6,0.002262696370260656,1.089190929756334,1.094705955444609,0.0009633104508983692,0.2128678119520293,1.9373688669681013,0.8248223320570276,True
GBPUSD,買い,1,2024-03-07 09:00:00,2024-03-07 13:00:00,1.2792562429853747,2024-03-08 09:00:00,1.2856562706014747,トレイル,trail,6,0.002424990942100517,1.2744062611011737,1.2857225135868493,0.006400027616100035,1.3195982518920992,4.166513300818176,0.039687977263625815,True
USDCHF,売り,-1,2024-03-06 09:00:00,2024-03-06 13:00:00,0.8818436570334297,2024-03-08 09:00:00,0.8760983729993507,トレイル,trail,12,0.0020080200218535915,0.8858596970771369,0.8760020300327804,0.0057452840340790345,1.4305843496459754,4.409147785915453,0.4812416988144628,True
SP500,買い,1,2024-03-07 09:00:00,2024-03-07 13:00:00,5157.199430651931,2024-03-08 13:00:00,5135.800569348069,トレイル,trail,7,19.683033525758823,5117.833363600414,5163.325449711362,-21.39886130386185,-0.5435864668893022,1.811233481943431,1.1964329899206128,True
USDCHF,買い,1,2024-03-11 09:00:00,2024-03-11 13:00:00,0.8784563429665703,2024-03-12 05:00:00,0.8764436570334297,時間切れ,time,4,0.0019845811269352206,0.8744871807126998,0.8744871807126998,-0.0020126859331405234,-0.5070807904559449,0.1933188964777494,1.1722085507095725,False
USDJPY,売り,-1,2024-03-08 01:00:00,2024-03-08 05:00:00,147.1352073498155,2024-03-12 05:00:00,148.0533929740864,初期損切り,initial,13,0.4581964870431989,148.05160032390188,148.05160032390188,-0.9181856242709046,-1.0019562024537496,1.421240380994198,1.9999999999999876,False
EURUSD,買い,1,2024-03-13 09:00:00,2024-03-13 13:00:00,1.0949263224968553,2024-03-14 09:00:00,1.0912733959920693,初期損切り,initial,6,0.001813302003965298,1.0912997184889246,1.0912997184889246,-0.0036529265047859916,-1.0072581668133145,0.8016742384697896,2.0000000000000515,False
SP500,買い,1,2024-03-11 17:00:00,2024-03-11 21:00:00,5197.499430651931,2024-03-14 09:00:00,5218.269715740112,トレイル,trail,16,23.353902405304847,5150.791625841322,5218.419146392042,20.77028508818057,0.44468553322939713,2.3957695967488295,0.9013239109515977,True
USDCHF,買い,1,2024-03-14 01:00:00,2024-03-14 05:00:00,0.8800463429665702,2024-03-15 05:00:00,0.8827465517724857,トレイル,trail,7,0.0016247368406293332,0.8767968692853115,0.882842894739056,0.0027002088059154827,0.8309680492225348,3.221233680774098,1.1179305602910707,True
SP500,売り,-1,2024-03-15 09:00:00,2024-03-15 13:00:00,5168.70056934807,2024-03-18 05:00:00,5202.099430651931,時間切れ,time,4,20.971262222047763,5210.643093792165,5210.643093792165,-33.39886130386094,-0.7963006935449894,0.0024113640626180106,1.5950127511525536,False
AUDUSD,売り,-1,2024-03-14 13:00:00,2024-03-14 17:00:00,0.6580157478820956,2024-03-19 09:00:00,0.6533042671198299,トレイル,trail,17,0.001906676667950383,0.6618291012179963,0.6532600150019255,0.004711480762265685,1.2355216910821007,3.994252413169933,0.2539770512978097,True
EURUSD,売り,-1,2024-03-18 09:00:00,2024-03-18 13:00:00,1.0872136775031447,2024-03-19 09:00:00,1.0859055200639944,トレイル,trail,6,0.0015994650447594008,1.0904126075926635,1.0858791975671391,0.0013081574391502482,0.40893592624496133,2.334328915394535,0.27904485835295456,True
GBPUSD,売り,-1,2024-03-12 01:00:00,2024-03-12 05:00:00,1.2785737570146254,2024-03-19 09:00:00,1.270686247029502,トレイル,trail,32,0.002546669362751625,1.2836670957401286,1.2706200040441273,0.007887509985123442,1.5485932529146906,4.623198121763305,1.4631828693099271,True
SP500,買い,1,2024-03-19 13:00:00,2024-03-19 17:00:00,5240.349430651931,2024-03-20 09:00:00,5237.500569348069,時間切れ,time,4,20.28254031294728,5199.784350026036,5199.784350026036,-2.8488613038616677,-0.0702294007531963,0.2859883061278229,0.3549570488138114,False
USDCHF,買い,1,2024-03-18 09:00:00,2024-03-18 13:00:00,0.8870763429665702,2024-03-20 13:00:00,0.8892228003075411,トレイル,trail,13,0.0017139044839257665,0.8836485339987187,0.8893191432741113,0.002146457340970853,0.6261893125030827,2.8085911896349423,0.26042464487159456,True
USDJPY,買い,1,2024-03-14 09:00:00,2024-03-14 13:00:00,148.1907926501845,2024-03-20 13:00:00,151.1673508449271,トレイル,trail,25,0.43257100325892067,147.32565064366668,151.16914349511163,2.9765581947426085,3.4405429077743257,8.385229991119855,0.3601550936396382,True
USDCHF,売り,-1,2024-03-20 17:00:00,2024-03-20 21:00:00,0.8850136570334297,2024-03-21 01:00:00,0.8889712602362836,初期損切り,initial,2,0.0019306301181418305,0.8888749172697133,0.8888749172697133,-0.003957603202853877,-1.0249511715540165,0.5509377603895638,1.9999999999999873,False
AUDUSD,買い,1,2024-03-20 13:00:00,2024-03-20 17:00:00,0.6586842521179044,2024-03-21 05:00:00,0.6605375043379142,トレイル,trail,4,0.0019388290294542333,0.6548065940589959,0.6605817564558186,0.0018532522200098711,0.47793080046143843,2.4786857474732726,0.42512883053767736,True
GBPUSD,買い,1,2024-03-20 13:00:00,2024-03-20 17:00:00,1.2786462429853747,2024-03-21 05:00:00,1.2732505022286364,初期損切り,initial,4,0.002664748885681772,1.273316745214011,1.273316745214011,-0.00539574075673821,-1.0124294986538136,0.6543794891874475,2.0000000000000213,False
EURUSD,買い,1,2024-03-20 13:00:00,2024-03-20 17:00:00,1.0921463224968553,2024-03-21 09:00:00,1.0882505651712133,初期損切り,initial,5,0.0019347174143932943,1.0882768876680686,1.0882768876680686,-0.0038957573256419575,-1.006802672229945,1.0821619155174522,2.0000000000000346,False
GBPUSD,売り,-1,2024-03-21 09:00:00,2024-03-21 13:00:00,1.2664237570146253,2024-03-22 09:00:00,1.2624264170888306,トレイル,trail,6,0.0032067827356373826,1.2728373224859,1.262360174103456,0.003997339925794652,0.6232632914870888,2.76718373091203,0.34808812364169706,True
USDCHF,買い,1,2024-03-22 01:00:00,2024-03-22 05:00:00,0.9012063429665702,2024-03-24 21:00:00,0.8982636570334298,時間切れ,time,4,0.002752183379279744,0.8957019762080107,0.8957019762080107,-0.0029426859331403987,-0.534609349670317,0.026763127044623025,1.6773384365755168,False
USDCHF,買い,1,2024-03-26 05:00:00,2024-03-26 09:00:00,0.9034363429665703,2024-03-27 01:00:00,0.9037936570334297,時間切れ,time,4,0.002248790860195804,0.8989387612461787,0.8989387612461787,0.0003573140668594599,0.07944581979231903,0.40628813003542835,0.6120368909941494,False
EURUSD,売り,-1,2024-03-21 21:00:00,2024-03-22 01:00:00,1.0833136775031447,2024-03-28 09:00:00,1.0810105432730877,トレイル,trail,27,0.002329480517488186,1.087972638538121,1.0809842207762324,0.0023031342300570135,0.494345029453266,2.4999897871754335,1.3377757287343974,True
USDCHF,売り,-1,2024-03-28 09:00:00,2024-03-28 13:00:00,0.9007536570334298,2024-03-29 05:00:00,0.9014863429665703,時間切れ,time,4,0.0023298402563842785,0.9054133375461983,0.9054133375461983,-0.0007326859331404645,-0.15723952127892518,0.11316528363148869,0.8740268612795021,False
SP500,買い,1,2024-03-20 13:00:00,2024-03-20 17:00:00,5294.699430651931,2024-04-01 09:00:00,5303.163949015409,トレイル,trail,41,19.957746888440056,5254.783936875051,5303.31337966734,8.464518363478419,0.21206097087996553,1.9316092925498705,1.5808112422853393,True
GBPUSD,売り,-1,2024-04-01 09:00:00,2024-04-01 13:00:00,1.2544937570146253,2024-04-02 05:00:00,1.2562962429853746,時間切れ,time,4,0.0025048374235055065,1.2595034318616363,1.2595034318616363,-0.001802485970749279,-0.3598009902428537,0.21309048228700386,0.8368778610953229,False
AUDUSD,売り,-1,2024-03-21 21:00:00,2024-03-22 01:00:00,0.6523957478820956,2024-04-02 09:00:00,0.651555405399572,トレイル,trail,45,0.0022674355211117934,0.6569306189243193,0.6515111532816676,0.0008403424825236261,0.1853068091020247,1.8901299914337792,1.563110432426527,True
EURUSD,売り,-1,2024-04-01 09:00:00,2024-04-01 13:00:00,1.0736536775031447,2024-04-02 09:00:00,1.0775392323140225,初期損切り,initial,6,0.0019296161570112383,1.0775129098171672,1.0775129098171672,-0.0038855548108778226,-1.0068206562117816,0.613426405476422,2.0000000000000226,False
USDCHF,買い,1,2024-04-01 09:00:00,2024-04-01 13:00:00,0.9050463429665703,2024-04-02 09:00:00,0.9059927451557304,トレイル,trail,6,0.00202060791846626,0.9010051271296378,0.9060890881223006,0.0009464021891600893,0.23418748895096256,2.016055166467858,0.48814169119904255,True
SP500,売り,-1,2024-04-02 05:00:00,2024-04-02 09:00:00,5259.70056934807,2024-04-04 05:00:00,5290.243734039586,初期損切り,initial,12,15.196867019792972,5290.094303387656,5290.094303387656,-30.543164691516722,-1.0049164953452627,1.5924709557930519,2.000000000000002,False
AUDUSD,買い,1,2024-04-03 09:00:00,2024-04-03 13:00:00,0.6564542521179044,2024-04-04 13:00:00,0.658810314436787,トレイル,trail,7,0.0020302889635391485,0.6523936741908262,0.6588545665546913,0.0023560623188825236,0.5802283224688113,2.682252615215289,0.22373766791922858,True
EURUSD,買い,1,2024-04-03 09:00:00,2024-04-03 13:00:00,1.0830763224968554,2024-04-04 13:00:00,1.084564759835185,トレイル,trail,7,0.0020392784453064756,1.0789977656062424,1.0845910823320404,0.0014884373383297067,0.3649421543574485,2.24279205896146,0.2531888168796917,True
USDJPY,買い,1,2024-03-26 13:00:00,2024-03-26 17:00:00,151.55179265018452,2024-04-04 17:00:00,150.9220119076142,初期損切り,initial,43,0.3139940461929066,150.92380455779872,150.92380455779872,-0.6297807425703184,-1.0028545926367722,1.338265342640683,1.9999999999999767,False
GBPUSD,買い,1,2024-04-03 09:00:00,2024-04-03 13:00:00,1.2646262429853745,2024-04-05 05:00:00,1.2593925565633464,初期損切り,initial,11,0.002583721718326797,1.259458799548721,1.259458799548721,-0.00523368642202815,-1.0128192956897568,1.4412376488583514,1.9999999999999791,False
SP500,売り,-1,2024-04-04 13:00:00,2024-04-04 17:00:00,5203.650569348069,2024-04-05 09:00:00,5249.612148534698,初期損切り,initial,5,22.906074267348714,5249.462717882767,5249.462717882767,-45.961579186628114,-1.003261812787879,0.5020750921279951,1.9999999999999976,False
USDCHF,売り,-1,2024-04-03 09:00:00,2024-04-03 13:00:00,0.9037736570334297,2024-04-07 17:00:00,0.9030164371672791,トレイル,trail,14,0.0020800628004724996,0.9079337826343747,0.9029200942007088,0.0007572198661506269,0.18201851068598013,1.9103543568622186,1.8010720473051467,True
GBPUSD,買い,1,2024-04-09 05:00:00,2024-04-09 09:00:00,1.2697562429853746,2024-04-10 01:00:00,1.2676837570146253,時間切れ,time,4,0.002434460725479519,1.2648873215344156,1.2648873215344156,-0.0020724859707492715,-0.42565607016335233,0.4780348281840645,1.41150068654234,False
AUDUSD,買い,1,2024-04-08 05:00:00,2024-04-08 09:00:00,0.6592542521179043,2024-04-10 05:00:00,0.6613022179445622,トレイル,trail,12,0.0020423532916889167,0.6551695455345266,0.6613464700624666,0.0020479658266578937,0.5013740362629268,2.524415292435561,0.021667219909725415,True
EURUSD,買い,1,2024-04-08 09:00:00,2024-04-08 13:00:00,1.0850263224968553,2024-04-10 05:00:00,1.0808291667495236,初期損切り,initial,11,0.0020854166252382345,1.0808554892463789,1.0808554892463789,-0.0041971557473317045,-1.0063110882824742,1.6752899448787857,1.999999999999968,False
SP500,売り,-1,2024-04-09 09:00:00,2024-04-09 13:00:00,5233.800569348069,2024-04-10 05:00:00,5268.649430651931,時間切れ,time,4,23.501230958109655,5280.803031264289,5280.803031264289,-34.84886130386167,-0.7414262973284012,0.4510644300702589,1.6190399013461647,False
USDJPY,買い,1,2024-04-07 21:00:00,2024-04-08 01:00:00,151.79579265018452,2024-04-10 17:00:00,152.86691078704663,トレイル,trail,17,0.25019770851256806,151.29539723315938,152.86870343723115,1.0711181368621112,2.140543459070702,5.788251852605313,0.8864695504330333,True
GBPUSD,売り,-1,2024-04-10 05:00:00,2024-04-10 09:00:00,1.2611237570146254,2024-04-11 01:00:00,1.256507894822199,トレイル,trail,5,0.002921101224549687,1.2669659594637248,1.2564416518368244,0.004615862192426379,0.7900893939644207,3.102856189457361,0.053487699796715894,True
USDCHF,買い,1,2024-04-10 05:00:00,2024-04-10 09:00:00,0.9091263429665702,2024-04-11 05:00:00,0.9112509087373601,トレイル,trail,6,0.0022818321973796956,0.9045626785718108,0.9113472517039304,0.002124565770789899,0.46553944089964394,2.4733006396835524,0.059751530689612926,True
USDJPY,買い,1,2024-04-11 13:00:00,2024-04-11 17:00:00,153.26579265018452,2024-04-12 09:00:00,152.8552073498155,時間切れ,time,4,0.2994379060256748,152.66691683813318,152.66691683813318,-0.4105853003690356,-0.6855933936664496,0.404782919518163,1.572254683560897,False
EURUSD,売り,-1,2024-04-11 09:00:00,2024-04-11 13:00:00,1.0717436775031446,2024-04-15 01:00:00,1.0660806274363674,トレイル,trail,10,0.002549536626341417,1.0768427507558274,1.0660543049395121,0.005663050066777142,1.1106037874230532,3.7315319987368447,0.6653454119188646,True
GBPUSD,売り,-1,2024-04-12 01:00:00,2024-04-12 05:00:00,1.2507237570146255,2024-04-15 01:00:00,1.2475384894123454,トレイル,trail,6,0.0032148309513137558,1.257153418917253,1.2474722464269707,0.0031852676022801063,0.49540203676626166,2.5114095070305478,0.1419181886338546,True
USDJPY,買い,1,2024-04-14 17:00:00,2024-04-14 21:00:00,153.4647926501845,2024-04-15 09:00:00,153.91731946447828,トレイル,trail,4,0.33125859022480064,152.8022754697349,153.9191121146628,0.45252681429377617,0.6830416291796083,2.8714948921625747,0.05673105766632405,True
USDCHF,売り,-1,2024-04-15 13:00:00,2024-04-15 17:00:00,0.9117636570334298,2024-04-16 09:00:00,0.9120963429665703,時間切れ,time,4,0.0024173973326735492,0.9165984516987769,0.9165984516987769,-0.00033268593314050854,-0.06881076781295414,0.24971361772877135,1.0161105637746555,False
AUDUSD,売り,-1,2024-04-12 05:00:00,2024-04-12 09:00:00,0.6476357478820957,2024-04-17 01:00:00,0.6426411443686727,トレイル,trail,17,0.0024245948338455455,0.6524849375497868,0.6425968922507683,0.004994603513422957,1.0299872464673265,3.5782258383910914,0.6864042167675213,True
SP500,売り,-1,2024-04-12 09:00:00,2024-04-12 13:00:00,5165.000569348069,2024-04-17 09:00:00,5117.618758045819,トレイル,trail,18,27.679551595925776,5220.35967253992,5117.469327393888,47.381811302249844,0.8558991849641107,3.2171969635944775,1.7395307321025382,True
EURUSD,売り,-1,2024-04-15 17:00:00,2024-04-15 21:00:00,1.0618036775031447,2024-04-17 13:00:00,1.06659470034648,初期損切り,initial,11,0.0023823501732399863,1.0665683778496247,1.0665683778496247,-0.004791022843335213,-1.0055244810672483,0.7067296495942927,1.9999999999999742,False
USDCHF,売り,-1,2024-04-17 01:00:00,2024-04-17 05:00:00,0.9098736570334297,2024-04-17 21:00:00,0.9105363429665703,時間切れ,time,4,0.0022262942473640457,0.9143262455281578,0.9143262455281578,-0.000662685933140561,-0.14883161422287006,0.12292042426725681,1.4761494220547569,False
USDCHF,売り,-1,2024-04-18 01:00:00,2024-04-18 05:00:00,0.9085236570334297,2024-04-18 13:00:00,0.9126889845535834,初期損切り,initial,3,0.0020344922767916813,0.9125926415870131,0.9125926415870131,-0.004165327520153639,-1.023677397960489,0.14925445374930202,2.0000000000000178,False
USDJPY,買い,1,2024-04-16 01:00:00,2024-04-16 05:00:00,154.50879265018452,2024-04-18 21:00:00,153.8317663155587,初期損切り,initial,17,0.3376168422206517,153.8335589657432,153.8335589657432,-0.6770263346258218,-1.0026548589411703,0.8240327940561225,2.0000000000000178,False
SP500,売り,-1,2024-04-18 17:00:00,2024-04-18 21:00:00,5024.150569348069,2024-04-19 01:00:00,5005.208886812314,トレイル,trail,2,27.639637440255274,5079.42984422858,5005.059456160383,18.941682535755717,0.3426543234638894,2.1907150366553374,0.08500222396219906,True
GBPUSD,売り,-1,2024-04-15 17:00:00,2024-04-15 21:00:00,1.2436737570146255,2024-04-22 13:00:00,1.2347738823850005,トレイル,trail,29,0.003185092933084,1.2500439428807935,1.234707639399626,0.008899874629624938,1.39711380744667,4.315025433596361,1.4932823265439819,True
USDJPY,買い,1,2024-04-21 21:00:00,2024-04-22 01:00:00,154.71779265018452,2024-04-22 17:00:00,154.84720734981548,時間切れ,time,4,0.2826978797424228,154.15239689069966,154.15239689069966,0.12941469963095642,0.22889223603104358,0.49596180184737115,0.42374796122862785,False
AUDUSD,買い,1,2024-04-22 17:00:00,2024-04-22 21:00:00,0.6460342521179043,2024-04-24 05:00:00,0.6499184050903501,トレイル,trail,9,0.0020048951944970205,0.6420244617289103,0.6499626572082545,0.00388415297244582,0.9686673356061037,3.4594067067110372,0.9747402873069467,True
EURUSD,買い,1,2024-04-23 05:00:00,2024-04-23 09:00:00,1.0672063224968553,2024-04-24 05:00:00,1.0679483233247347,トレイル,trail,6,0.00231690278560671,1.062572516925642,1.06797464582159,0.0007420008278793411,0.1601277430561332,1.8316165570293592,0.5120294663311472,True
SP500,買い,1,2024-04-23 09:00:00,2024-04-23 13:00:00,5104.099430651931,2024-04-25 05:00:00,5049.674367949528,初期損切り,initial,11,27.137816025236223,5049.823798601458,5049.823798601458,-54.42506270240301,-1.0027531812396326,0.8991353366600562,1.9999999999999936,False
USDJPY,買い,1,2024-04-24 01:00:00,2024-04-24 05:00:00,154.90279265018452,2024-04-25 05:00:00,155.43014272904992,トレイル,trail,7,0.2060430805103816,154.49070648916376,155.43193537923443,0.5273500788653962,1.2797082958552093,4.068116957576051,0.6590497960337234,True
EURUSD,買い,1,2024-04-25 01:00:00,2024-04-25 05:00:00,1.0726063224968554,2024-04-25 09:00:00,1.0685115176403943,初期損切り,initial,2,0.002034241179802895,1.0685378401372496,1.0685378401372496,-0.004094804856461076,-1.0064698564547387,0.7391834941077163,1.9999999999999922,False
GBPUSD,買い,1,2024-04-25 01:00:00,2024-04-25 05:00:00,1.2521762429853747,2024-04-25 09:00:00,1.2458929700406622,初期損切り,initial,2,0.0031085149796689472,1.2459592130260368,1.2459592130260368,-0.006283272944712426,-1.010655085435938,0.17492501023215254,1.999999999999975,False
USDCHF,買い,1,2024-04-24 01:00:00,2024-04-24 05:00:00,0.9144063429665702,2024-04-26 01:00:00,0.9102758966728016,初期損切り,initial,12,0.002017051663599184,0.9103722396393719,0.9103722396393719,-0.004130446293768575,-1.0238821266477365,0.6364026547239141,1.9999999999999836,False
USDJPY,買い,1,2024-04-25 21:00:00,2024-04-26 01:00:00,156.19979265018452,2024-04-26 01:00:00,155.64666714186836,初期損切り,initial,1,0.27566642906582783,155.64845979205288,155.64845979205288,-0.5531255083161568,-1.0032514843947014,0.0,1.999999999999959,False
AUDUSD,買い,1,2024-04-26 01:00:00,2024-04-26 05:00:00,0.6548842521179044,2024-04-28 21:00:00,0.6550357478820956,時間切れ,time,4,0.0020705038418771574,0.65074324443415,0.65074324443415,0.0001514957641912673,0.036584275075268256,0.3070498442153373,1.5379117167044252,False
GBPUSD,売り,-1,2024-04-26 09:00:00,2024-04-26 13:00:00,1.2487137570146254,2024-04-29 05:00:00,1.2519162429853745,時間切れ,time,4,0.0035854090555097764,1.2558845751256449,1.2558845751256449,-0.003202485970749125,-0.4465998050944556,0.05961858502503739,1.7309720841579777,False
SP500,買い,1,2024-04-26 09:00:00,2024-04-26 13:00:00,5143.449430651931,2024-04-29 05:00:00,5140.70056934807,時間切れ,time,4,26.55128359597715,5090.346863459977,5090.346863459977,-2.748861303861304,-0.05176513018522748,0.13184181229563127,0.5498578100436001,False
USDCHF,買い,1,2024-04-26 09:00:00,2024-04-26 13:00:00,0.9140363429665702,2024-04-29 09:00:00,0.9095935557406896,初期損切り,initial,6,0.0021732221296551922,0.9096898987072598,0.9096898987072598,-0.004442787225880651,-1.0221659270940593,0.5906699623169563,2.0000000000000124,False
GBPUSD,買い,1,2024-04-29 09:00:00,2024-04-29 13:00:00,1.2563962429853746,2024-04-30 05:00:00,1.2538937570146254,時間切れ,time,4,0.0035811945965615985,1.2492338537922514,1.2492338537922514,-0.002502485970749202,-0.3493926262973682,0.15462913273607992,1.1019348094525183,False
USDCHF,買い,1,2024-04-30 05:00:00,2024-04-30 09:00:00,0.9149563429665702,2024-05-01 09:00:00,0.9187231108579034,トレイル,trail,7,0.0024203641170175774,0.9101156147325351,0.9188194538244736,0.0037667678913331226,0.7781407485032896,3.0960866510711558,0.8372058370569171,True
AUDUSD,売り,-1,2024-04-29 21:00:00,2024-04-30 01:00:00,0.6533057478820956,2024-05-01 13:00:00,0.6499567135364361,トレイル,trail,10,0.0022416409456878506,0.6577890297734713,0.6499124614185318,0.003349034345659474,0.7470050794936337,3.0137511072374896,0.16249351556727165,True
SP500,売り,-1,2024-04-30 09:00:00,2024-04-30 13:00:00,5097.300569348069,2024-05-01 13:00:00,5070.063463294059,トレイル,trail,7,21.442688428085347,5140.185946204239,5069.914032642128,27.237106054009928,0.6351140656955853,2.7771969707898445,0.5945817239610717,True
EURUSD,売り,-1,2024-04-30 09:00:00,2024-04-30 13:00:00,1.0678736775031448,2024-05-02 21:00:00,1.0733092166305238,初期損切り,initial,15,0.0027046083152619175,1.0732828941336685,1.0732828941336685,-0.005435539127379041,-1.0048662308524805,1.0846958824278667,1.9999999999999645,False
GBPUSD,売り,-1,2024-04-30 09:00:00,2024-04-30 13:00:00,1.2506337570146253,2024-05-03 05:00:00,1.2573029454057818,初期損切り,initial,17,0.0033014727028909626,1.2572367024204072,1.2572367024204072,-0.006669188391156489,-1.0100323387978578,1.2096895458587849,1.999999999999986,False
AUDUSD,買い,1,2024-05-02 09:00:00,2024-05-02 13:00:00,0.6557442521179043,2024-05-03 09:00:00,0.6611037890888622,トレイル,trail,6,0.0023746391954889623,0.6509949737269264,0.6611480412067666,0.005359536970957923,1.1284950111872343,3.775625324102999,0.11549212125585946,True
USDCHF,売り,-1,2024-05-02 01:00:00,2024-05-02 05:00:00,0.9125936570334298,2024-05-03 09:00:00,0.9049105932616024,トレイル,trail,8,0.002776166863354794,0.9181459907601394,0.9048142502950322,0.00768306377182737,1.3837539582442373,4.302211510080766,0.4489438235942742,True
AUDUSD,買い,1,2024-05-06 17:00:00,2024-05-06 21:00:00,0.6639642521179043,2024-05-07 01:00:00,0.6595615810825203,初期損切り,initial,2,0.002179209458739827,0.6596058332004247,0.6596058332004247,-0.004402671035384054,-1.0101532502364388,0.1632463004732965,2.000000000000011,False
USDJPY,売り,-1,2024-05-02 21:00:00,2024-05-03 01:00:00,152.9162073498155,2024-05-07 17:00:00,154.7796380800877,初期損切り,initial,17,0.9308190400438449,154.77784542990318,154.77784542990318,-1.8634307302721993,-1.0009629423697786,1.1347075042273835,1.999999999999997,False
GBPUSD,売り,-1,2024-05-07 09:00:00,2024-05-07 13:00:00,1.2526137570146254,2024-05-09 05:00:00,1.2511918270202649,トレイル,trail,11,0.002897056023260135,1.2584078690611458,1.2511255840348903,0.0014219299943605268,0.24540947481581504,2.0136845707458995,0.03667274105907393,True
USDJPY,買い,1,2024-05-09 01:00:00,2024-05-09 05:00:00,155.84979265018453,2024-05-09 21:00:00,155.53320734981548,時間切れ,time,4,0.4843680602416839,154.88105652970117,154.88105652970117,-0.31658530036904153,-0.3268024115907599,0.2110117454162324,1.2011375190474562,False
EURUSD,売り,-1,2024-05-07 17:00:00,2024-05-07 21:00:00,1.0747436775031447,2024-05-10 09:00:00,1.0788952440788453,初期損切り,initial,16,0.002062622039422634,1.07886892158199,1.07886892158199,-0.004151566575700594,-1.0063808338009164,1.1411094510575406,2.0000000000000115,False
AUDUSD,売り,-1,2024-05-07 17:00:00,2024-05-07 21:00:00,0.6581657478820956,2024-05-13 09:00:00,0.6628122270531226,初期損切り,initial,22,0.0023011135265613336,0.6627679749352182,0.6627679749352182,-0.004646479171027007,-1.0096153704268707,1.0280882949876835,1.9999999999999845,False
GBPUSD,買い,1,2024-05-09 09:00:00,2024-05-09 13:00:00,1.2514862429853746,2024-05-14 01:00:00,1.2526525745367478,トレイル,trail,16,0.0027741216519183284,1.2459379996815378,1.2527188175221224,0.0011663315513732453,0.21021636714574454,1.9443116385669614,0.4384245314308951,True
SP500,買い,1,2024-05-03 05:00:00,2024-05-03 09:00:00,5148.399430651931,2024-05-14 05:00:00,5225.127578299492,トレイル,trail,42,25.781994032385064,5096.83544258716,5225.277008951422,76.72814764756095,1.4880181019199257,4.481832134586822,0.835832582416313,True
USDCHF,買い,1,2024-05-06 21:00:00,2024-05-07 01:00:00,0.9072363429665702,2024-05-15 05:00:00,0.9025515963452241,初期損切り,initial,38,0.0022942018273879065,0.9026479393117943,0.9026479393117943,-0.004684746621346103,-1.0209970555816317,1.3441088733421374,2.0000000000000218,False
USDJPY,買い,1,2024-05-13 09:00:00,2024-05-13 13:00:00,156.2217926501845,2024-05-15 05:00:00,155.4926853585388,初期損切り,initial,11,0.36365732073059664,155.49447800872332,155.49447800872332,-0.729107291645704,-1.002464751955095,1.545981113994878,1.9999999999999951,False
AUDUSD,買い,1,2024-05-14 21:00:00,2024-05-15 01:00:00,0.6642142521179044,2024-05-15 09:00:00,0.6652230248938596,トレイル,trail,3,0.001761815325490621,0.6606906214669231,0.665267277011764,0.0010087727759552356,0.28628788765766866,2.0976931172206816,0.4848704092561893,True
EURUSD,買い,1,2024-05-13 05:00:00,2024-05-13 09:00:00,1.0798663224968552,2024-05-15 09:00:00,1.0844314858091033,トレイル,trail,13,0.0016814611293608976,1.0765034002381335,1.0844578083059586,0.0045651633122480995,1.3574989134548894,4.230652364737486,1.9247084814177793,True
GBPUSD,買い,1,2024-05-14 09:00:00,2024-05-14 13:00:00,1.2585862429853747,2024-05-15 09:00:00,1.2631237135324485,トレイル,trail,6,0.0025533623214513703,1.2534795183424718,1.263189956517823,0.004537470547073763,0.8885285313708623,3.303000496158127,0.17476680909155304,True
USDCHF,売り,-1,2024-05-15 17:00:00,2024-05-15 21:00:00,0.8988736570334298,2024-05-16 05:00:00,0.9029628985267093,初期損切り,initial,3,0.0019964492633546536,0.9028665555601391,0.9028665555601391,-0.004089241493279494,-1.024128578756943,-0.0,1.9999999999999736,False
SP500,買い,1,2024-05-14 13:00:00,2024-05-14 17:00:00,5267.79943065193,2024-05-16 13:00:00,5325.657103390288,トレイル,trail,12,15.362310638520777,5237.074809374889,5325.806534042219,57.857672738357905,1.8831045049069834,5.275936104614161,0.10085921892799145,True
EURUSD,売り,-1,2024-05-17 01:00:00,2024-05-17 05:00:00,1.0844136775031448,2024-05-19 21:00:00,1.0875363224968553,時間切れ,time,4,0.0017788207995131208,1.087971319102171,1.087971319102171,-0.0031226449937105105,-0.8777289411516906,0.47991203126158005,1.9261763173631459,False
GBPUSD,買い,1,2024-05-17 09:00:00,2024-05-17 13:00:00,1.2701762429853747,2024-05-20 05:00:00,1.2704337570146254,時間切れ,time,4,0.0025057233232511225,1.2651647963388724,1.2651647963388724,0.0002575140292506717,0.05138516827878521,0.4005857331937756,0.5053403037857253,False
GBPUSD,買い,1,2024-05-20 09:00:00,2024-05-20 13:00:00,1.2718562429853746,2024-05-21 05:00:00,1.2710337570146253,時間切れ,time,4,0.002167809419887022,1.2675206241456005,1.2675206241456005,-0.0008224859707492982,-0.18970440002796995,0.32463970687146715,0.9808256048104874,False
AUDUSD,買い,1,2024-05-17 09:00:00,2024-05-17 13:00:00,0.6686242521179043,2024-05-22 05:00:00,0.664396726946956,初期損切り,initial,17,0.0020916365265220044,0.6644409790648603,0.6644409790648603,-0.004227525170948376,-1.0105783479450778,1.107146415130885,1.9999999999999962,False
USDCHF,買い,1,2024-05-16 17:00:00,2024-05-16 21:00:00,0.9069163429665702,2024-05-23 05:00:00,0.9127791663956792,トレイル,trail,27,0.002042993758500341,0.9028303554495695,0.9128755093622495,0.005862823429109043,1.4348608273313197,4.416879393725408,0.2429488413780256,True
SP500,買い,1,2024-05-22 21:00:00,2024-05-23 01:00:00,5360.199430651931,2024-05-23 09:00:00,5333.074229634694,初期損切り,initial,3,13.487885182652716,5333.223660286625,5333.223660286625,-27.125201017236577,-1.005539439649269,0.5820459799113781,2.0000000000000298,False
GBPUSD,買い,1,2024-05-22 01:00:00,2024-05-22 05:00:00,1.2729462429853746,2024-05-24 01:00:00,1.2684536087829126,初期損切り,initial,12,0.0022131956085437087,1.2685198517682872,1.2685198517682872,-0.0044926342024620425,-1.0149654610552505,0.950551775226807,2.000000000000007,False
SP500,売り,-1,2024-05-23 13:00:00,2024-05-23 17:00:00,5287.20056934807,2024-05-24 09:00:00,5300.599430651931,時間切れ,time,4,18.578724716309484,5324.358018780688,5324.358018780688,-13.39886130386094,-0.3605969060970757,0.072694405492948,0.9715107429351995,False
AUDUSD,売り,-1,2024-05-23 13:00:00,2024-05-23 17:00:00,0.6604257478820956,2024-05-27 05:00:00,0.6645513895284,初期損切り,initial,10,0.0020406947642000015,0.6645071374104956,0.6645071374104956,-0.004125641646304357,-1.010842414720876,0.6006522404031055,1.9999999999999893,False
EURUSD,売り,-1,2024-05-22 05:00:00,2024-05-22 09:00:00,1.0831536775031447,2024-05-27 05:00:00,1.0863215203427286,初期損切り,initial,18,0.0015707601713642646,1.0862951978458733,1.0862951978458733,-0.003167842839583823,-1.0083789038375068,1.7085214866466933,1.9999999999999947,False
EURUSD,買い,1,2024-05-27 09:00:00,2024-05-27 13:00:00,1.0859963224968554,2024-05-28 09:00:00,1.0864414884078493,トレイル,trail,6,0.0016214593968636476,1.0827534037031281,1.0864678109047046,0.00044516591099386105,0.13727322184414098,1.7907802740920264,0.4109399829217745,True
SP500,買い,1,2024-05-27 09:00:00,2024-05-27 17:00:00,5331.999430651931,2024-05-28 09:00:00,5328.900569348069,時間切れ,time,4,14.708684744605327,5302.5820611627205,5302.5820611627205,-3.0988613038616677,-0.10534121023289422,0.4657499611297214,0.5948479285437209,False
USDCHF,売り,-1,2024-05-27 17:00:00,2024-05-27 21:00:00,0.9128436570334297,2024-05-28 09:00:00,0.9107398223046382,トレイル,trail,4,0.0013889862253786151,0.915621629484187,0.910643479338068,0.0021038347287914982,0.757327427137741,3.084016929154243,0.11255904753676245,True
GBPUSD,買い,1,2024-05-27 05:00:00,2024-05-27 09:00:00,1.2757062429853747,2024-05-28 13:00:00,1.2769240296853426,トレイル,trail,8,0.0020531515528552356,1.2715999398796642,1.2769902726707172,0.00121778669996786,0.2965652239052526,2.125394498305214,0.1199341495430467,True
EURUSD,売り,-1,2024-05-29 01:00:00,2024-05-29 05:00:00,1.0836936775031447,2024-05-30 01:00:00,1.0817703161336525,トレイル,trail,6,0.0017026624245314625,1.0870990023522076,1.0817439936367972,0.001923361369492227,0.5648099534531915,2.645079516794963,1.2723147381674675,True
USDJPY,買い,1,2024-05-20 05:00:00,2024-05-20 09:00:00,156.1567926501845,2024-05-30 01:00:00,157.05672420542922,トレイル,trail,47,0.43365542959084397,155.28948179100283,157.05851685561373,0.8999315552447058,1.037611308238197,3.5793564288587483,0.7166810997333629,True
AUDUSD,売り,-1,2024-05-29 05:00:00,2024-05-29 09:00:00,0.6630057478820957,2024-05-30 05:00:00,0.6618376796756252,トレイル,trail,6,0.0018022850384805933,0.6666103179590568,0.6617934275577209,0.0011680682064704184,0.3240520177249965,2.1726573757705103,0.09668399514165701,True
SP500,売り,-1,2024-05-29 01:00:00,2024-05-29 05:00:00,5295.500569348069,2024-05-30 09:00:00,5273.050078940375,トレイル,trail,8,14.83376552562979,5325.168100399328,5272.900648288444,22.450490407693906,0.7567360549451835,3.0235457929125555,0.17860809835190228,True
USDCHF,売り,-1,2024-05-30 01:00:00,2024-05-30 05:00:00,0.9069736570334298,2024-05-31 01:00:00,0.9053292226467723,トレイル,trail,6,0.0018819197868013033,0.9107374966070324,0.905232879680202,0.0016444343866575117,0.43690342122725506,2.425000823859023,0.40721340619556395,True
USDJPY,売り,-1,2024-05-30 05:00:00,2024-05-30 09:00:00,156.64620734981548,2024-05-31 01:00:00,157.2922699263085,初期損切り,initial,5,0.3221349631542561,157.290477276124,157.290477276124,-0.6460625764930228,-1.0027824520613309,0.8574274183433349,1.9999999999999942,False
SP500,売り,-1,2024-05-30 13:00:00,2024-05-30 17:00:00,5246.600569348069,2024-05-31 13:00:00,5231.349510426282,トレイル,trail,6,17.03338651623429,5280.667342380538,5231.200079774351,15.251058921787262,0.4476813494266593,2.4041355081703912,1.4999618911705879,True
AUDUSD,買い,1,2024-05-31 05:00:00,2024-05-31 09:00:00,0.6665842521179044,2024-06-03 01:00:00,0.6647757478820956,時間切れ,time,4,0.0018660525739055756,0.6628521469700932,0.6628521469700932,-0.0018085042358088055,-0.484580193800134,0.362126925867503,1.7492819674809177,False
EURUSD,買い,1,2024-05-31 05:00:00,2024-05-31 09:00:00,1.0880263224968554,2024-06-03 01:00:00,1.0851536775031447,時間切れ,time,4,0.0021061724995271734,1.083813977497801,1.083813977497801,-0.002872644993710649,-0.6819586226568681,0.01598990735668956,1.9164254104359961,False
USDJPY,買い,1,2024-06-02 21:00:00,2024-06-03 01:00:00,157.41479265018452,2024-06-03 05:00:00,156.64780665675028,初期損切り,initial,2,0.38259667162487343,156.6495993069348,156.6495993069348,-0.7669859934342469,-1.0023427414787571,0.12338672371345494,1.9999999999999676,False
AUDUSD,買い,1,2024-06-03 13:00:00,2024-06-03 17:00:00,0.6689042521179044,2024-06-04 05:00:00,0.6645265235327292,初期損切り,initial,4,0.0021667382336354062,0.6645707756506336,0.6645707756506336,-0.004377728585175156,-1.0102116899072981,0.4364846050225279,1.9999999999999851,False
USDJPY,売り,-1,2024-06-03 09:00:00,2024-06-03 13:00:00,156.0652073498155,2024-06-04 17:00:00,155.1977925887194,トレイル,trail,8,0.43199995902326643,156.92920726786204,155.1959999385349,0.8674147610960858,1.0039523650155822,3.512054383629652,0.9763719680394305,True
USDCHF,売り,-1,2024-05-31 13:00:00,2024-06-02 17:00:00,0.9020936570334298,2024-06-05 01:00:00,0.891704090367103,トレイル,trail,15,0.002098498267021818,0.9062906535674734,0.8916077474005327,0.010389566666326844,2.475476589521249,6.496863613225004,0.7130541826435729,True
AUDUSD,買い,1,2024-06-05 17:00:00,2024-06-05 21:00:00,0.6665742521179043,2024-06-07 05:00:00,0.6625663549684809,初期損切り,initial,9,0.00198182251575952,0.6626106070863853,0.6626106070863853,-0.004007897149423401,-1.011164500744256,0.9010634746024405,1.9999999999999925,False
EURUSD,買い,1,2024-06-03 09:00:00,2024-06-03 13:00:00,1.0885563224968553,2024-06-07 05:00:00,1.0840479961231246,初期損切り,initial,23,0.002241001938437702,1.08407431861998,1.08407431861998,-0.0045083263737306645,-1.0058729304075504,1.3581770952266472,1.9999999999999813,False
USDJPY,売り,-1,2024-06-07 01:00:00,2024-06-07 05:00:00,155.3572073498155,2024-06-07 05:00:00,156.34736702730825,初期損切り,initial,1,0.49418351365412405,156.34557437712374,156.34557437712374,-0.9901596774927555,-1.0018137494827093,-0.0,1.9999999999999896,False
GBPUSD,買い,1,2024-06-03 09:00:00,2024-06-03 13:00:00,1.2779862429853746,2024-06-07 09:00:00,1.2721881793387646,初期損切り,initial,24,0.00286591033061763,1.2722544223241392,1.2722544223241392,-0.005798063646609952,-1.0115570582699314,1.3167742808659952,2.000000000000029,False
SP500,売り,-1,2024-06-07 05:00:00,2024-06-07 09:00:00,5339.70056934807,2024-06-07 09:00:00,5378.440956799371,初期損切り,initial,1,19.295478399685063,5378.29152614744,5378.29152614744,-38.7403874513011,-1.0038721675834017,-0.0,2.000000000000012,False
USDJPY,買い,1,2024-06-09 21:00:00,2024-06-10 01:00:00,157.12779265018452,2024-06-10 17:00:00,157.0292073498155,時間切れ,time,4,0.5213351530150759,156.08512234415437,156.08512234415437,-0.0985853003690238,-0.0945507892560747,0.10781423330157607,0.7342544387630103,False
GBPUSD,売り,-1,2024-06-10 01:00:00,2024-06-10 05:00:00,1.2707137570146254,2024-06-12 01:00:00,1.2755177518435494,初期損切り,initial,12,0.002368875921774666,1.2754515088581748,1.2754515088581748,-0.004803994828924019,-1.0139819449313032,0.8036541707930401,2.0000000000000324,False
EURUSD,売り,-1,2024-06-11 05:00:00,2024-06-11 09:00:00,1.0732136775031447,2024-06-12 05:00:00,1.077807698964934,初期損切り,initial,6,0.002283849482466919,1.0777813764680786,1.0777813764680786,-0.004594021461789222,-1.0057627477330404,0.562067471170668,2.0000000000000355,False
USDCHF,買い,1,2024-06-07 05:00:00,2024-06-07 09:00:00,0.8954263429665702,2024-06-12 05:00:00,0.890558330045066,初期損切り,initial,18,0.002385834977466971,0.8906546730116363,0.8906546730116363,-0.004868012921504183,-1.020190618269946,1.6403720585842612,2.000000000000001,False
AUDUSD,買い,1,2024-06-11 21:00:00,2024-06-12 01:00:00,0.6613142521179044,2024-06-12 13:00:00,0.667761485035571,トレイル,trail,4,0.0017628418976830616,0.6577885683225383,0.6678057371534754,0.006447232917666579,1.8286475168704313,5.182397748829822,0.30306297950289474,True
SP500,買い,1,2024-06-11 13:00:00,2024-06-11 17:00:00,5382.499430651931,2024-06-12 13:00:00,5424.682705440855,トレイル,trail,6,19.011909271476334,5344.475612108979,5424.832136092786,42.18327478892388,1.1093908083238033,3.7266414612217162,0.11831692544977264,True
USDJPY,売り,-1,2024-06-12 05:00:00,2024-06-12 09:00:00,156.16320734981548,2024-06-12 21:00:00,157.0411891271401,初期損切り,initial,4,0.4380945635700539,157.03939647695557,157.03939647695557,-0.8779817773246066,-1.0020459625998215,1.0093878961014873,1.999999999999969,False
USDJPY,買い,1,2024-06-13 21:00:00,2024-06-14 01:00:00,157.94979265018452,2024-06-14 05:00:00,156.93419445774697,初期損切り,initial,2,0.5069027711265189,156.93598710793148,156.93598710793148,-1.015598192437551,-1.001768238690557,0.6060478800160445,2.0000000000000013,False
GBPUSD,売り,-1,2024-06-14 01:00:00,2024-06-14 05:00:00,1.2721437570146255,2024-06-17 13:00:00,1.2701411653976207,トレイル,trail,9,0.002909948274830755,1.2779636535642869,1.270074922412246,0.0020025916170047786,0.3440940229635613,2.210952363062108,0.05025621473734716,True
AUDUSD,売り,-1,2024-06-17 05:00:00,2024-06-17 09:00:00,0.6590557478820956,2024-06-18 01:00:00,0.6609042521179044,時間切れ,time,4,0.00205325487365767,0.663162257629411,0.663162257629411,-0.0018485042358087345,-0.45013998493908536,0.09533540361062784,1.4826469704081815,False
EURUSD,売り,-1,2024-06-14 01:00:00,2024-06-14 05:00:00,1.0691736775031446,2024-06-18 09:00:00,1.0743931019361155,初期損切り,initial,14,0.0025965509680577216,1.0743667794392602,1.0743667794392602,-0.005219424432970854,-1.0050687425702836,0.9257193610732912,2.0000000000000417,False
USDJPY,買い,1,2024-06-18 01:00:00,2024-06-18 05:00:00,158.1547926501845,2024-06-18 21:00:00,157.8812073498155,時間切れ,time,4,0.41524114575427173,157.32431035867597,157.32431035867597,-0.27358530036900675,-0.3294294209116105,0.014948783084156713,1.2710509437251858,False
GBPUSD,買い,1,2024-06-19 01:00:00,2024-06-19 05:00:00,1.2733362429853745,2024-06-19 21:00:00,1.2714737570146253,時間切れ,time,4,0.0023673382927357858,1.2686015663999028,1.2686015663999028,-0.001862485970749228,-0.39337131842633033,0.2930536023323277,0.8221228843155065,False
USDCHF,売り,-1,2024-06-14 01:00:00,2024-06-14 05:00:00,0.8920736570334298,2024-06-20 01:00:00,0.8859906903079894,トレイル,trail,24,0.002136231560946082,0.8963461201553219,0.8858943473414191,0.006082966725440397,1.4237610839216346,4.392621663764777,1.1123995216687874,True
SP500,買い,1,2024-06-16 17:00:00,2024-06-16 21:00:00,5500.999430651931,2024-06-20 09:00:00,5553.508610021277,トレイル,trail,21,22.794639551195093,5455.410151549541,5553.658040673207,52.509179369345475,1.1517878852923666,3.8101312877972573,0.49351210957583724,True
USDJPY,買い,1,2024-06-20 01:00:00,2024-06-20 05:00:00,158.4397926501845,2024-06-21 01:00:00,158.6645119007086,トレイル,trail,6,0.30846363273792615,157.82286538470865,158.6663045508931,0.22471925052408892,0.3642556636733457,2.2343228720289616,0.6282512089492881,True
EURUSD,売り,-1,2024-06-20 01:00:00,2024-06-20 05:00:00,1.0716336775031448,2024-06-21 05:00:00,1.069694985975265,トレイル,trail,7,0.001712442318939731,1.0750585621410242,1.0696686634784096,0.0019386915278798433,0.5660603882646967,2.6474920953552883,0.9263509078877992,True
GBPUSD,売り,-1,2024-06-20 01:00:00,2024-06-20 05:00:00,1.2696337570146254,2024-06-24 01:00:00,1.265356166899163,トレイル,trail,12,0.0020466159425257748,1.273726988899677,1.2652899239137885,0.00427759011546236,1.0450397718937168,3.622446625465088,0.5649535710875482,True
USDCHF,買い,1,2024-06-21 09:00:00,2024-06-21 13:00:00,0.8944263429665702,2024-06-24 05:00:00,0.8938236570334298,時間切れ,time,4,0.0018468995463213915,0.8907325438739274,0.8907325438739274,-0.00060268593314039,-0.16316153586717935,0.06153936940218701,0.7019022605491686,False
USDJPY,買い,1,2024-06-21 09:00:00,2024-06-21 13:00:00,159.47979265018452,2024-06-24 05:00:00,158.80829039033125,初期損切り,initial,5,0.3348548048343777,158.81008304051576,158.81008304051576,-0.6715022598532698,-1.0026767574462625,1.3414988924458262,2.0000000000000058,False
EURUSD,買い,1,2024-06-24 05:00:00,2024-06-24 09:00:00,1.0735063224968553,2024-06-25 09:00:00,1.0698520548580017,初期損切り,initial,7,0.00181397257099917,1.069878377354857,1.069878377354857,-0.00365426763885357,-1.007255483703574,0.6249694848033435,1.99999999999996,False
SP500,売り,-1,2024-06-20 13:00:00,2024-06-20 17:00:00,5543.400569348069,2024-06-25 13:00:00,5535.617447597401,トレイル,trail,18,16.678677963647008,5576.757925275363,5535.4680169454705,7.783121750668215,0.23332550000762575,1.97561038230302,0.8963198812588644,True
USDCHF,売り,-1,2024-06-24 17:00:00,2024-06-24 21:00:00,0.8918036570334298,2024-06-25 13:00:00,0.8950763429665702,時間切れ,time,4,0.001624514020373195,0.8950526850741761,0.8950526850741761,-0.003272685933140451,-1.007281529151908,0.28541276197988774,1.9614130297491532,False
GBPUSD,買い,1,2024-06-24 09:00:00,2024-06-24 13:00:00,1.2680062429853747,2024-06-26 09:00:00,1.263660567046984,初期損切り,initial,12,0.002139716476508026,1.2637268100323586,1.2637268100323586,-0.004345675938390636,-1.015479383858064,1.053297032279414,1.9999999999999882,False
USDJPY,買い,1,2024-06-26 01:00:00,2024-06-26 05:00:00,159.96079265018452,2024-06-26 21:00:00,160.41899097065237,トレイル,trail,5,0.30147758610874226,159.35783747796702,160.4207836208369,0.4581983204678579,0.7599210382137445,3.025788290232773,0.33101183896480674,True
EURUSD,売り,-1,2024-06-26 05:00:00,2024-06-26 09:00:00,1.0676736775031448,2024-06-27 05:00:00,1.071322362178186,初期損切り,initial,6,0.0018111810890929507,1.0712960396813307,1.0712960396813307,-0.0036486846750412028,-1.007266666214057,0.5928051643265015,1.9999999999999996,False
USDJPY,買い,1,2024-06-27 17:00:00,2024-06-27 21:00:00,161.1257926501845,2024-06-28 05:00:00,160.43514235737914,初期損切り,initial,3,0.34442882131042335,160.43693500756365,160.43693500756365,-0.6906502928053726,-1.0026023521749798,0.4593324949217783,2.000000000000039,False
SP500,買い,1,2024-06-27 17:00:00,2024-06-27 21:00:00,5552.29943065193,2024-06-28 13:00:00,5543.900569348069,トレイル,trail,5,15.899219582137901,5520.500991487655,5560.901170626793,-8.39886130386094,-0.26412809951051636,2.041016490175811,1.0534750190347375,True
USDCHF,買い,1,2024-06-27 13:00:00,2024-06-27 17:00:00,0.8986363429665702,2024-07-01 09:00:00,0.9000098203364809,トレイル,trail,11,0.0015758911312992246,0.8954845607039718,0.9001061633030512,0.0013734773699106695,0.43577799970811515,2.4326915465722156,0.42918127600138334,True
GBPUSD,買い,1,2024-07-01 01:00:00,2024-07-01 05:00:00,1.2674262429853747,2024-07-02 01:00:00,1.2628581258635911,初期損切り,initial,6,0.002250937068204493,1.2629243688489658,1.2629243688489658,-0.00456811712178351,-1.0147145351840876,1.5165937168329513,1.9999999999999623,False
AUDUSD,買い,1,2024-06-18 09:00:00,2024-06-18 13:00:00,0.6654142521179044,2024-07-02 13:00:00,0.6657057478820956,最大保有,max,60,0.0020450363783091887,0.6613241793612861,0.6613241793612861,0.0002914957641911853,0.07126909019393347,1.724051424948554,1.6548615730261207,False
USDCHF,買い,1,2024-07-02 09:00:00,2024-07-02 13:00:00,0.9046063429665703,2024-07-03 05:00:00,0.9035636570334298,時間切れ,time,4,0.0016590722500902072,0.9012881984663899,0.9012881984663899,-0.001042685933140497,-0.314237650917193,0.27344019129066466,0.7210915416764894,False
SP500,買い,1,2024-07-02 13:00:00,2024-07-02 17:00:00,5562.999430651931,2024-07-03 09:00:00,5561.300569348069,時間切れ,time,4,19.51613154885788,5523.967167554215,5523.967167554215,-1.6988613038620315,-0.043524540188945686,0.463748121671107,0.16137576466146814,False
EURUSD,買い,1,2024-06-30 17:00:00,2024-06-30 21:00:00,1.0745863224968553,2024-07-03 13:00:00,1.0785747752095949,トレイル,trail,17,0.002052601529033169,1.0704811194387889,1.0786010977064502,0.003988452712739621,0.9715603969705435,3.4559447621994255,1.756952065876076,True
GBPUSD,買い,1,2024-07-03 05:00:00,2024-07-03 09:00:00,1.2719062429853747,2024-07-03 13:00:00,1.274132252068904,トレイル,trail,2,0.002341003297147571,1.2672242363910795,1.2741984950542786,0.0022260090835293234,0.4754391175445238,2.4791750706617464,0.03684018107955012,True
USDJPY,買い,1,2024-07-01 05:00:00,2024-07-01 09:00:00,161.3567926501845,2024-07-04 21:00:00,160.62904856156007,初期損切り,initial,22,0.36297571921995403,160.63084121174458,160.63084121174458,-0.7277440886244335,-1.0024693803050766,1.631534338131988,2.000000000000036,False
SP500,買い,1,2024-07-04 05:00:00,2024-07-04 09:00:00,5596.29943065193,2024-07-05 05:00:00,5591.20056934807,時間切れ,time,4,13.718458887487555,5568.862512876955,5568.862512876955,-5.098861303860758,-0.18583943523391572,0.15676464577452995,0.7981531119298584,False
AUDUSD,買い,1,2024-07-03 09:00:00,2024-07-03 13:00:00,0.6714642521179044,2024-07-05 09:00:00,0.6722064099808895,トレイル,trail,12,0.0020195586008040583,0.6674251349162963,0.6722506620987939,0.0007421578629851489,0.1837425917449658,1.8893969605914946,0.7200841398340252,True
USDCHF,売り,-1,2024-07-04 21:00:00,2024-07-05 01:00:00,0.8984236570334297,2024-07-08 05:00:00,0.8966407998734311,トレイル,trail,8,0.001562971271240623,0.901549599575911,0.8965444569068609,0.0017828571599985965,0.5703422682182242,2.7023254433059307,1.4756144332324188,True
GBPUSD,買い,1,2024-07-04 21:00:00,2024-07-05 01:00:00,1.2771162429853746,2024-07-08 13:00:00,1.281464811594419,トレイル,trail,10,0.0020259636134710166,1.2730643157584325,1.2815310545797935,0.004348568609044312,1.0732099481278572,3.679116922467865,0.42263492773579725,True
SP500,買い,1,2024-07-05 09:00:00,2024-07-05 13:00:00,5610.499430651931,2024-07-08 13:00:00,5616.843992849015,トレイル,trail,7,13.637717666036172,5583.223995319859,5616.993423500946,6.3445621970840875,0.23261085001359125,1.9761788598386452,0.16494186982130918,True
GBPUSD,売り,-1,2024-07-09 09:00:00,2024-07-09 13:00:00,1.2782737570146254,2024-07-10 05:00:00,1.2797262429853746,時間切れ,time,4,0.0022472284726084315,1.2827682139598422,1.2827682139598422,-0.0014524859707492066,-0.3231727411016777,0.028371398548252307,0.8571638393041224,False
USDCHF,買い,1,2024-07-10 09:00:00,2024-07-10 13:00:00,0.8992963429665702,2024-07-11 05:00:00,0.8965669418627843,初期損切り,initial,5,0.0013165290686078751,0.8966632848293545,0.8966632848293545,-0.0027294011037859445,-1.036589760479831,0.6180319545014713,1.9999999999999654,False
USDJPY,買い,1,2024-07-09 05:00:00,2024-07-09 09:00:00,161.13379265018452,2024-07-11 05:00:00,161.27116349939845,トレイル,trail,12,0.3553625669446951,160.42306751629513,161.27295614958297,0.13737084921393716,0.19328266676342998,1.8916099002631006,0.6860391973206127,True
EURUSD,買い,1,2024-07-04 21:00:00,2024-07-05 01:00:00,1.0822063224968552,2024-07-11 09:00:00,1.0874127208218634,トレイル,trail,27,0.0017139711208542141,1.0787783802551467,1.0874390433187187,0.0052063983250081325,1.5188115662104482,4.552980740571336,1.328098512955507,True
GBPUSD,買い,1,2024-07-10 09:00:00,2024-07-10 13:00:00,1.2847062429853746,2024-07-11 09:00:00,1.2917631498736324,トレイル,trail,6,0.00206707142732867,1.2805721001307173,1.291829392859007,0.007056906888257775,1.7069818669443848,4.946010514904039,0.5883894331345754,True
SP500,買い,1,2024-07-10 09:00:00,2024-07-10 13:00:00,5666.29943065193,2024-07-11 09:00:00,5684.400569348069,トレイル,trail,6,11.651546839265194,5642.9963369734,5689.872679741103,18.10113869613906,0.7767697691064944,3.523186227062264,0.1844759911780346,True
AUDUSD,買い,1,2024-07-11 05:00:00,2024-07-11 09:00:00,0.6790442521179044,2024-07-11 13:00:00,0.6757516742285966,初期損切り,initial,2,0.001624162885701713,0.675795926346501,0.675795926346501,-0.003292577889307813,-1.0136230541573015,0.4653153256663778,2.000000000000007,False
EURUSD,買い,1,2024-07-12 09:00:00,2024-07-12 13:00:00,1.0904663224968554,2024-07-15 05:00:00,1.0908136775031447,時間切れ,time,4,0.0018159457232544984,1.0868344310503464,1.0868344310503464,0.00034735500628935156,0.0956402501025277,0.3599653308873159,1.1819309736905745,False
USDCHF,買い,1,2024-07-16 05:00:00,2024-07-16 09:00:00,0.8972963429665702,2024-07-16 13:00:00,0.8938927957583012,初期損切り,initial,2,0.0016536021208494406,0.8939891387248714,0.8939891387248714,-0.0034035472082690754,-1.0291312418372758,0.0022115558414200795,1.9999999999999725,False
AUDUSD,売り,-1,2024-07-15 13:00:00,2024-07-15 17:00:00,0.6758457478820956,2024-07-16 21:00:00,0.6741106886604724,トレイル,trail,8,0.0017376243617120938,0.6793209966055198,0.674066436542568,0.001735059221623203,0.4992618830210336,2.5239907880747947,0.3362361456124455,True
EURUSD,売り,-1,2024-07-16 05:00:00,2024-07-16 09:00:00,1.0880436775031448,2024-07-17 01:00:00,1.0915904268885406,初期損切り,initial,5,0.0017602134442702565,1.0915641043916853,1.0915641043916853,-0.0035467493853957865,-1.007477075277705,0.5133908652308009,1.9999999999999838,False
GBPUSD,買い,1,2024-07-12 05:00:00,2024-07-12 09:00:00,1.2966062429853746,2024-07-17 09:00:00,1.3005805874877674,トレイル,trail,19,0.0025554463512387506,1.2914953502828972,1.300646830473142,0.003974344502392757,0.7776223712280629,3.081167018360081,1.078575953683631,True
USDJPY,売り,-1,2024-07-16 21:00:00,2024-07-17 01:00:00,158.21720734981548,2024-07-17 21:00:00,156.1195392513372,トレイル,trail,6,0.5011644007684338,159.21953615135234,156.11774660115267,2.0976680984782945,2.0927943956733026,5.689165761661683,0.03749797502714411,True
SP500,売り,-1,2024-07-17 05:00:00,2024-07-17 09:00:00,5658.500569348069,2024-07-18 17:00:00,5601.29943065193,トレイル,trail,9,19.136888313978623,5696.774345976026,5599.055332470968,57.201138696138514,1.4945255926052432,4.606316758596463,0.7289288845220203,True
GBPUSD,売り,-1,2024-07-18 13:00:00,2024-07-18 17:00:00,1.2952837570146254,2024-07-21 17:00:00,1.2935864966727282,トレイル,trail,7,0.0022868357915690344,1.2998574285977635,1.2935202536873536,0.001697260341897211,0.3710936194357649,2.271154332013456,0.40503257330041276,True
SP500,売り,-1,2024-07-19 09:00:00,2024-07-19 13:00:00,5556.70056934807,2024-07-22 09:00:00,5607.82195391666,初期損切り,initial,6,25.48597695833004,5607.6725232647295,5607.6725232647295,-51.121384568590656,-1.0029316249515352,0.5670008009383561,1.9999999999999936,False
USDJPY,売り,-1,2024-07-22 01:00:00,2024-07-22 05:00:00,156.79420734981548,2024-07-22 21:00:00,156.6617926501845,時間切れ,time,4,0.5711873671624578,157.93658208414038,157.93658208414038,0.13241469963097074,0.11591178940877137,0.4117866804091701,0.6631670655923056,False
SP500,買い,1,2024-07-22 13:00:00,2024-07-22 17:00:00,5608.79943065193,2024-07-23 09:00:00,5608.890569348069,時間切れ,time,4,24.390725701057914,5560.017979249815,5560.017979249815,0.09113869613884162,0.0018683063648017781,0.3821357946584281,0.8461999411126713,False
EURUSD,売り,-1,2024-07-18 17:00:00,2024-07-18 21:00:00,1.0891736775031446,2024-07-24 05:00:00,1.0851102872655978,トレイル,trail,21,0.0016759765124949124,1.0925256305281346,1.0850839647687425,0.004063390237546871,1.2122455795928722,3.9401969263364944,0.6601062059087958,True
USDCHF,買い,1,2024-07-23 05:00:00,2024-07-23 09:00:00,0.8914963429665702,2024-07-24 05:00:00,0.8880865904877715,初期損切り,initial,6,0.0016567047561142083,0.8881829334543417,0.8881829334543417,-0.003409752478798711,-1.029076685575608,0.5454544813098042,2.000000000000033,False
AUDUSD,売り,-1,2024-07-18 13:00:00,2024-07-18 17:00:00,0.6703557478820956,2024-07-24 09:00:00,0.6609923383281958,トレイル,trail,23,0.0017253908068609874,0.6738065294958175,0.6609480862102914,0.009363409553899804,2.7134170173697356,6.952481625840816,0.32702858718187283,True
USDJPY,売り,-1,2024-07-23 01:00:00,2024-07-23 05:00:00,156.0102073498155,2024-07-24 13:00:00,153.94170606015547,トレイル,trail,9,0.5546089399806402,157.11942522977677,153.93991340997096,2.06850128966002,1.8648286572266806,5.232889592289644,0.46481877878404104,True
AUDUSD,売り,-1,2024-07-24 13:00:00,2024-07-24 17:00:00,0.6581157478820956,2024-07-25 09:00:00,0.653830049730146,トレイル,trail,5,0.0016238650748277533,0.6613634780317511,0.6537857976122416,0.0042856981519495685,1.3195979821181145,4.166447069386762,0.10114887034060197,True
SP500,売り,-1,2024-07-23 17:00:00,2024-07-23 21:00:00,5581.470569348069,2024-07-25 09:00:00,5484.56415283627,トレイル,trail,10,22.263148122892982,5625.996865593856,5484.41472218434,96.90641651179885,2.176386196077789,5.859484410200174,0.07139289749848342,True
USDCHF,売り,-1,2024-07-25 01:00:00,2024-07-25 05:00:00,0.8806136570334298,2024-07-26 05:00:00,0.8845652130510125,初期損切り,initial,7,0.0019276065255062985,0.8844688700844423,0.8844688700844423,-0.003951556017582791,-1.0249903093020731,1.506353602256611,1.9999999999999765,False
SP500,売り,-1,2024-07-25 13:00:00,2024-07-25 17:00:00,5448.190569348069,2024-07-26 09:00:00,5481.4294306519305,時間切れ,time,4,34.778318342433494,5517.747206032936,5517.747206032936,-33.238861303861086,-0.4778675750878084,0.07391298575046758,1.2752034245951227,False
AUDUSD,買い,1,2024-07-26 01:00:00,2024-07-26 05:00:00,0.6566342521179044,2024-07-28 21:00:00,0.6565657478820957,時間切れ,time,4,0.0018599829037421935,0.65291428631042,0.65291428631042,-6.850423580873066e-05,-0.018415286417661027,0.10524176415912619,1.1420815286153738,False
GBPUSD,売り,-1,2024-07-25 05:00:00,2024-07-25 09:00:00,1.2874637570146255,2024-07-29 05:00:00,1.28438414338333,トレイル,trail,12,0.0023452669319703606,1.2921542908785661,1.2843179003979555,0.003079613631295386,0.6565593002047039,2.8413639930645354,0.7573734832316886,True
USDJPY,買い,1,2024-07-29 21:00:00,2024-07-30 01:00:00,154.44279265018451,2024-07-30 13:00:00,153.10748914781718,初期損切り,initial,4,0.6667554260914121,153.1092817980017,153.1092817980017,-1.3353035023673385,-1.001344308658291,1.1626562296760274,2.0000000000000027,False
EURUSD,売り,-1,2024-07-29 01:00:00,2024-07-29 05:00:00,1.0832036775031446,2024-07-30 21:00:00,1.0824741436438656,トレイル,trail,11,0.001751880764673551,1.0867074390324918,1.0824478211470103,0.0007295338592789857,0.20821447269413013,1.931454224154994,0.5630077781230548,True
USDCHF,買い,1,2024-07-29 01:00:00,2024-07-29 05:00:00,0.8852963429665702,2024-07-30 21:00:00,0.8811683891830934,初期損切り,initial,11,0.002015805408453323,0.8812647321496636,0.8812647321496636,-0.0041279537834768565,-1.023896891576487,1.1279149385625786,1.9999999999999853,False
SP500,売り,-1,2024-07-30 09:00:00,2024-07-30 13:00:00,5441.41056934807,2024-07-31 01:00:00,5504.452316874653,初期損切り,initial,4,31.446158437326154,5504.302886222722,5504.302886222722,-63.041747526583094,-1.0023759762615934,0.2585552497382014,2.0000000000000013,False
AUDUSD,売り,-1,2024-07-29 01:00:00,2024-07-29 05:00:00,0.6542857478820956,2024-07-31 05:00:00,0.6507930177210496,トレイル,trail,13,0.0018591770687634527,0.6580041020196224,0.6507487656031452,0.0034927301610460093,0.9393215470780952,3.4024450862568436,1.06189569088083,True
EURUSD,買い,1,2024-07-31 05:00:00,2024-07-31 09:00:00,1.0840963224968554,2024-07-31 09:00:00,1.080598937542652,初期損切り,initial,1,0.001735531228674067,1.0806252600395072,1.0806252600395072,-0.0034973849542034863,-1.0075834120471179,0.0,2.000000000000029,False
GBPUSD,売り,-1,2024-08-01 01:00:00,2024-08-01 05:00:00,1.2778837570146253,2024-08-01 09:00:00,1.283528830270393,初期損切り,initial,2,0.0027894151351965666,1.2834625872850185,1.2834625872850185,-0.005645073255767796,-1.0118739918879078,0.9011770901028957,2.000000000000019,False
SP500,買い,1,2024-07-31 05:00:00,2024-07-31 09:00:00,5541.569430651931,2024-08-01 13:00:00,5488.290569348069,トレイル,trail,8,32.37166962550969,5476.8260914009115,5552.102495561735,-53.27886130386196,-0.8229242099684113,1.8253791056085715,1.8191656881832308,True
EURUSD,売り,-1,2024-08-01 01:00:00,2024-08-01 05:00:00,1.0784136775031448,2024-08-01 21:00:00,1.0791063224968553,時間切れ,time,4,0.0020907976335903227,1.0825952727703254,1.0825952727703254,-0.0006926449937105783,-0.16564132811867752,0.33177649142139454,1.6387633321410742,False
EURUSD,買い,1,2024-08-02 05:00:00,2024-08-02 09:00:00,1.0891263224968553,2024-08-05 01:00:00,1.0901053358788844,トレイル,trail,5,0.00257889441617368,1.083968533664508,1.0901316583757397,0.0009790133820291036,0.18981261425228707,1.8898321205316837,0.26225288348904374,True
USDCHF,売り,-1,2024-08-01 01:00:00,2024-08-01 05:00:00,0.8755936570334297,2024-08-05 01:00:00,0.8522148160462093,トレイル,trail,12,0.0022389820530927347,0.8800716211396152,0.8521184730796391,0.02337884098722043,5.220863864211625,11.984757535847193,0.949691831443254,True
USDJPY,売り,-1,2024-08-02 05:00:00,2024-08-02 09:00:00,147.44220734981548,2024-08-05 01:00:00,143.75984919611156,トレイル,trail,5,1.0600376972846857,149.56228274438485,143.75805654592705,3.682358153703916,1.736899623068299,4.975490365413881,0.6837423348632798,True
SP500,売り,-1,2024-08-02 01:00:00,2024-08-02 05:00:00,5431.330569348069,2024-08-05 09:00:00,5177.4859552362,トレイル,trail,8,38.06434972284655,5507.459268793762,5177.33652458427,253.8446141118684,3.3344141691655995,8.172754076010126,0.013908832169358806,True
AUDUSD,売り,-1,2024-08-05 01:00:00,2024-08-05 05:00:00,0.6449657478820956,2024-08-05 17:00:00,0.6519624176746892,初期損切り,initial,4,0.00347620883734464,0.6519181655567848,0.6519181655567848,-0.006996669792593613,-1.0063649970377118,0.4015143932381769,1.9999999999999878,False
GBPUSD,売り,-1,2024-08-06 05:00:00,2024-08-06 09:00:00,1.2678937570146254,2024-08-07 01:00:00,1.2704862429853747,時間切れ,time,4,0.00419549489015217,1.2762847467949296,1.2762847467949296,-0.0025924859707493475,-0.30896068743100275,-0.0,1.1336548154399455,False
SP500,買い,1,2024-08-06 09:00:00,2024-08-06 13:00:00,5320.12943065193,2024-08-07 05:00:00,5318.390569348069,時間切れ,time,4,58.80809031434847,5202.513250023233,5202.513250023233,-1.7388613038610856,-0.01478420141315849,0.35965407540038674,1.354055712849796,False
AUDUSD,買い,1,2024-08-06 21:00:00,2024-08-07 01:00:00,0.6557642521179043,2024-08-07 17:00:00,0.6519357478820956,時間切れ,time,4,0.0036804446165003375,0.6484033628849036,0.6484033628849036,-0.0038285042358087162,-0.5201143658900057,0.45802832476761424,1.1885118711727038,False
USDJPY,買い,1,2024-08-06 21:00:00,2024-08-07 01:00:00,147.6247926501845,2024-08-07 17:00:00,146.6712073498155,時間切れ,time,4,1.5781741494841204,144.46844435121625,144.46844435121625,-0.9535853003690136,-0.3021166265715115,0.12179096323326158,0.9756798073823655,False
EURUSD,買い,1,2024-08-08 01:00:00,2024-08-08 05:00:00,1.0937263224968552,2024-08-08 09:00:00,1.0891120067354265,初期損切り,initial,2,0.0022939966322866523,1.0891383292322818,1.0891383292322818,-0.004614315761428678,-1.0057372570833147,0.10186479781878208,2.000000000000031,False
GBPUSD,売り,-1,2024-08-08 05:00:00,2024-08-08 09:00:00,1.2674737570146253,2024-08-08 09:00:00,1.2742852868602255,初期損切り,initial,1,0.0033726434301128002,1.2742190438748509,1.2742190438748509,-0.006811529845600184,-1.0098206327984645,-0.0,1.9999999999999922,False
SP500,売り,-1,2024-08-07 17:00:00,2024-08-07 21:00:00,5209.850569348069,2024-08-08 09:00:00,5322.253037024712,初期損切り,initial,4,56.12651851235613,5322.1036063727815,5322.1036063727815,-112.40246767664303,-1.0013311947354964,0.13310231145772064,2.0000000000000004,False
SP500,買い,1,2024-08-09 01:00:00,2024-08-09 05:00:00,5369.409430651931,2024-08-11 21:00:00,5364.53056934807,時間切れ,time,4,50.98796961208404,5267.433491427762,5267.433491427762,-4.878861303861413,-0.047843259311752755,0.31126105763402456,0.9745324442210073,False
USDCHF,買い,1,2024-08-06 21:00:00,2024-08-07 01:00:00,0.8590063429665702,2024-08-12 13:00:00,0.8646391810292063,トレイル,trail,22,0.004309650669482265,0.8503870416276057,0.8647355239957766,0.005632838062636147,0.6535144602930012,2.829384089011246,1.0085139840562436,True
GBPUSD,買い,1,2024-08-13 01:00:00,2024-08-13 05:00:00,1.2798762429853745,2024-08-14 01:00:00,1.2832106730768955,トレイル,trail,6,0.002688722625153249,1.274498797735068,1.2832769160622701,0.0033344300915210123,0.6200769949877146,2.7647913343987094,0.7052579420558591,True
EURUSD,買い,1,2024-08-13 05:00:00,2024-08-13 09:00:00,1.0941263224968554,2024-08-14 13:00:00,1.1018136775031446,トレイル,trail,8,0.0018384597021348773,1.0904494030925855,1.1019723104467978,0.007687355006289254,2.090705332665833,5.767696453085858,0.17205843374652272,True
AUDUSD,買い,1,2024-08-08 09:00:00,2024-08-08 13:00:00,0.6578142521179043,2024-08-14 17:00:00,0.6593104548690943,トレイル,trail,26,0.0032901953420008774,0.6512338614339026,0.6593547069869987,0.0014962027511900011,0.22737293620385932,1.9681955656035874,0.3964056787920513,True
USDCHF,売り,-1,2024-08-14 01:00:00,2024-08-14 05:00:00,0.8623736570334297,2024-08-14 21:00:00,0.8651463429665702,時間切れ,time,4,0.002698850107124545,0.8677713572476788,0.8677713572476788,-0.0027726859331405063,-0.5136791268661135,0.23849306477991075,1.3918308974085203,False
USDJPY,売り,-1,2024-08-13 09:00:00,2024-08-13 13:00:00,146.7332073498155,2024-08-15 05:00:00,148.26183616304266,初期損切り,initial,11,0.7634180815213173,148.26004351285815,148.26004351285815,-1.528628813227158,-1.001174094659214,0.8674242408509315,2.000000000000014,False
USDCHF,買い,1,2024-08-15 01:00:00,2024-08-15 05:00:00,0.8662763429665702,2024-08-15 21:00:00,0.871091388983967,トレイル,trail,5,0.0024615120329751746,0.8613533189006198,0.8711877319505372,0.004815046017396796,0.9780667233986577,3.4952731971944715,0.10820299190181917,True
USDCHF,売り,-1,2024-08-18 21:00:00,2024-08-19 01:00:00,0.8638136570334297,2024-08-21 01:00:00,0.8562366506425656,トレイル,trail,13,0.0026868717839969086,0.8691874006014235,0.8561403076759954,0.007577006390864116,1.4100052030753756,4.3558673335799,0.951419781842928,True
EURUSD,買い,1,2024-08-19 09:00:00,2024-08-19 13:00:00,1.1073663224968553,2024-08-21 09:00:00,1.1102251063698154,トレイル,trail,12,0.0020123807555528675,1.1033415609857495,1.1102514288666707,0.0028587838729601245,0.7102989494089855,2.933678175392188,0.16215743266021126,True
AUDUSD,買い,1,2024-08-16 09:00:00,2024-08-16 13:00:00,0.6656342521179044,2024-08-21 21:00:00,0.6726913246047739,トレイル,trail,21,0.0022496155182145264,0.6611350210814754,0.6727355767226783,0.007057072486869487,1.5685063580265797,4.656683685401488,0.07745862192604323,True
USDJPY,売り,-1,2024-08-18 21:00:00,2024-08-19 01:00:00,146.1892073498155,2024-08-21 21:00:00,145.60191759538262,トレイル,trail,18,0.7620832967987374,147.71337394341296,145.6001249451981,0.5872897544328737,0.38531861077383917,2.2729895237068347,1.5205590452542812,True
GBPUSD,買い,1,2024-08-15 21:00:00,2024-08-16 01:00:00,1.2873662429853747,2024-08-22 09:00:00,1.3085963180730882,トレイル,trail,27,0.0028116259610248702,1.281742991063325,1.3086625610584628,0.021230075087713463,3.7754088527434946,9.0743780888,0.12314688730803218,True
SP500,買い,1,2024-08-13 05:00:00,2024-08-13 09:00:00,5403.50943065193,2024-08-22 13:00:00,5608.470569348069,トレイル,trail,44,35.84358599647415,5331.822258658982,5611.014621005289,204.96113869613873,2.8591048160792325,7.2891861147422565,0.25358597359160573,True
AUDUSD,売り,-1,2024-08-22 09:00:00,2024-08-22 13:00:00,0.6706257478820956,2024-08-23 05:00:00,0.6725142521179044,時間切れ,time,4,0.0019491753394046002,0.6745240985609048,0.6745240985609048,-0.0018885042358087745,-0.4844367250166528,0.46468260899109415,1.1616461957681135,False
GBPUSD,買い,1,2024-08-23 01:00:00,2024-08-23 05:00:00,1.3131662429853745,2024-08-23 13:00:00,1.3189713989374843,トレイル,trail,3,0.0026415720514273927,1.3078830988825199,1.3190376419228589,0.005805155952109731,1.0988070435127584,3.722691194174192,0.884413879270186,True
SP500,買い,1,2024-08-26 01:00:00,2024-08-26 05:00:00,5663.489430651931,2024-08-26 21:00:00,5628.41056934807,時間切れ,time,4,22.030627495697782,5619.428175660535,5619.428175660535,-35.07886130386123,-0.7961384965251569,0.23469914096085973,1.9813067358364964,False
EURUSD,買い,1,2024-08-23 09:00:00,2024-08-23 13:00:00,1.1174263224968553,2024-08-28 05:00:00,1.11230347476655,初期損切り,initial,17,0.0025482626167250416,1.1123297972634052,1.1123297972634052,-0.005122847730305358,-1.0051647928048137,1.0766855367014563,1.9999999999999891,False
USDCHF,売り,-1,2024-08-21 09:00:00,2024-08-21 13:00:00,0.8512336570334298,2024-08-28 05:00:00,0.8449454743789732,トレイル,trail,29,0.0026127542749353155,0.8564591655833004,0.8448491314124029,0.006288182654456631,1.2033628104220226,3.943599722436556,1.1315044032004902,True
GBPUSD,買い,1,2024-08-27 09:00:00,2024-08-27 13:00:00,1.3233462429853746,2024-08-28 09:00:00,1.3174858214616427,初期損切り,initial,6,0.0028970892691786766,1.3175520644470173,1.3175520644470173,-0.005860421523731896,-1.0114326793584312,1.123112445736896,1.999999999999977,False
SP500,買い,1,2024-08-28 01:00:00,2024-08-28 05:00:00,5649.54943065193,2024-08-28 09:00:00,5610.247579993418,初期損切り,initial,2,19.576210003290804,5610.397010645349,5610.397010645349,-39.301850658512194,-1.003816638969072,0.04753572565439141,1.999999999999992,False
USDCHF,売り,-1,2024-08-28 21:00:00,2024-08-29 01:00:00,0.8405136570334297,2024-08-29 01:00:00,0.8451673712154079,初期損切り,initial,1,0.002278685607703964,0.8450710282488376,0.8450710282488376,-0.00465371418197813,-1.0211400305168203,-0.0,1.9999999999999836,False
SP500,売り,-1,2024-08-28 13:00:00,2024-08-28 17:00:00,5576.290569348069,2024-08-29 05:00:00,5622.1329397793215,初期損切り,initial,4,22.846469889660966,5621.983509127391,5621.983509127391,-45.842370431252675,-1.0032703225630137,0.6596454253481278,2.0,False
AUDUSD,買い,1,2024-08-23 09:00:00,2024-08-23 13:00:00,0.6782842521179043,2024-08-29 09:00:00,0.6792454758080628,トレイル,trail,24,0.0020935147160218307,0.6740972226858607,0.6792897279259672,0.000961223690158497,0.22957175385541295,1.9802812229443247,1.0099055438797468,True
SP500,買い,1,2024-08-29 09:00:00,2024-08-29 13:00:00,5658.289430651931,2024-08-29 13:00:00,5607.915804855336,初期損切り,initial,1,25.112097572332,5608.065235507267,5608.065235507267,-50.37362579659475,-1.002975272206958,0.0,2.0000000000000004,False
GBPUSD,売り,-1,2024-08-29 05:00:00,2024-08-29 09:00:00,1.3160037570146255,2024-08-30 01:00:00,1.3164962429853746,時間切れ,time,4,0.0031679235812201952,1.3223396041770659,1.3223396041770659,-0.0004924859707491347,-0.07773009009255251,0.46521229974172473,0.9773730034806868,False
USDJPY,売り,-1,2024-08-23 13:00:00,2024-08-25 17:00:00,144.16420734981548,2024-08-30 05:00:00,145.7099866624406,初期損切り,initial,28,0.7719933312202995,145.7081940122561,145.7081940122561,-1.5457793126251147,-1.0011610528951604,0.9303284377861233,2.0000000000000044,False
GBPUSD,売り,-1,2024-08-30 09:00:00,2024-08-30 13:00:00,1.3118737570146255,2024-09-02 05:00:00,1.3135762429853746,時間切れ,time,4,0.003248965163902493,1.3183716873424305,1.3183716873424305,-0.001702485970749068,-0.26200434366986686,0.19198636586064363,0.8514227902806636,False
SP500,買い,1,2024-09-02 09:00:00,2024-09-02 17:00:00,5667.4294306519305,2024-09-03 09:00:00,5628.0705693480695,時間切れ,time,4,23.20621982615416,5621.016990999622,5621.016990999622,-39.35886130386098,-0.8480239694080263,0.07284983770446216,1.7533846941358542,False
USDCHF,買い,1,2024-08-29 05:00:00,2024-08-29 09:00:00,0.8469963429665702,2024-09-03 09:00:00,0.8496593366173433,トレイル,trail,19,0.002696213610724333,0.8416039157451216,0.8497556795839135,0.002662993650773049,0.49383951630925127,2.52341172315423,0.376951945694404,True
AUDUSD,売り,-1,2024-08-30 05:00:00,2024-08-30 09:00:00,0.6784157478820956,2024-09-04 01:00:00,0.6716218673114338,トレイル,trail,17,0.0020117434623529353,0.6824392348068015,0.6715776151935294,0.00679388057066177,1.6885553992842723,4.899107697642646,0.5290197969176681,True
EURUSD,売り,-1,2024-08-29 01:00:00,2024-08-29 05:00:00,1.1084536775031446,2024-09-04 09:00:00,1.1063305175351688,トレイル,trail,26,0.0024494633588756716,1.1133526042208959,1.1063041950383135,0.0021231599679758517,0.43339288180869207,2.377531993708914,0.6312903155919294,True
GBPUSD,売り,-1,2024-09-03 09:00:00,2024-09-03 13:00:00,1.3102637570146254,2024-09-04 09:00:00,1.3160375320368398,初期損切り,initial,6,0.0028537660184198834,1.3159712890514652,1.3159712890514652,-0.0057737750222144335,-1.0116062397805383,0.5129211733468945,2.00000000000002,False
USDJPY,売り,-1,2024-09-03 09:00:00,2024-09-03 13:00:00,145.76520734981548,2024-09-05 09:00:00,143.70355544904746,トレイル,trail,12,0.5678418659086361,146.90089108163275,143.70176279886294,2.0616519007680267,1.8153398195367827,5.1338365922539015,0.25674868116887933,True
USDCHF,売り,-1,2024-09-04 13:00:00,2024-09-04 17:00:00,0.8470836570334298,2024-09-06 05:00:00,0.8439210474770715,トレイル,trail,10,0.002256469673667581,0.851596596380765,0.8438247045105013,0.0031626095563582757,0.7007870731136149,2.944270473013488,0.8935830115956637,True
USDJPY,売り,-1,2024-09-06 01:00:00,2024-09-06 05:00:00,142.61520734981548,2024-09-06 05:00:00,143.8455792923412,初期損切り,initial,1,0.6142896461706051,143.8437866421567,143.8437866421567,-1.2303719425257214,-1.0014591245316329,-0.0,1.9999999999999978,False
AUDUSD,買い,1,2024-09-06 05:00:00,2024-09-06 09:00:00,0.6750242521179044,2024-09-06 09:00:00,0.6708008892114682,初期損切り,initial,1,0.0020895553942658924,0.6708451413293726,0.6708451413293726,-0.004223362906436212,-1.0105888836510062,0.0,2.000000000000025,False
EURUSD,買い,1,2024-09-05 01:00:00,2024-09-05 05:00:00,1.1099163224968553,2024-09-06 09:00:00,1.1120936775031447,トレイル,trail,8,0.0019591238243424265,1.1059980748481706,1.1126513142634864,0.00217735500628935,0.5556961176305872,2.896028026737456,1.1670127576662235,True
GBPUSD,買い,1,2024-09-05 13:00:00,2024-09-05 17:00:00,1.3179162429853746,2024-09-06 09:00:00,1.3198911334174332,トレイル,trail,5,0.002615082398128043,1.3126860781891185,1.3199573764028079,0.0019748904320586735,0.3775962152229622,2.2805235578406298,1.0922191160856984,True
SP500,売り,-1,2024-09-05 09:00:00,2024-09-05 13:00:00,5506.270569348069,2024-09-09 01:00:00,5449.538936282601,トレイル,trail,10,29.23300375378005,5564.736576855629,5449.38950563067,56.731633065468486,0.9703353364454149,3.445782383380433,0.8941753256728022,True
AUDUSD,売り,-1,2024-09-09 01:00:00,2024-09-09 05:00:00,0.6654257478820956,2024-09-09 21:00:00,0.6650342521179043,時間切れ,time,4,0.0023737129265394732,0.6701731737351746,0.6701731737351746,0.0003914957641912853,0.08246485070164507,0.41948959832616345,0.7895866837767781,False
USDCHF,買い,1,2024-09-09 01:00:00,2024-09-09 05:00:00,0.8483963429665703,2024-09-09 21:00:00,0.8496636570334297,時間切れ,time,4,0.0028655488038910417,0.8426652453587882,0.8426652453587882,0.0012673140668594263,0.2211293810697935,0.4933285489711774,0.5012453337454525,False
SP500,買い,1,2024-09-10 05:00:00,2024-09-10 09:00:00,5496.46943065193,2024-09-11 01:00:00,5475.510569348069,時間切れ,time,4,30.618383093737837,5435.2326644644545,5435.2326644644545,-20.95886130386134,-0.342259440018371,0.3112695180177156,1.56668725794803,False
USDCHF,売り,-1,2024-09-10 21:00:00,2024-09-11 01:00:00,0.8430236570334297,2024-09-11 05:00:00,0.8478279042146158,初期損切り,initial,2,0.002353952107307921,0.8477315612480456,0.8477315612480456,-0.004804247181186105,-1.0204640880906548,0.3456557297422075,2.0000000000000098,False
USDJPY,売り,-1,2024-09-10 09:00:00,2024-09-10 13:00:00,142.46120734981548,2024-09-11 05:00:00,141.79557519210996,トレイル,trail,5,0.7231883612836276,143.90758407238275,141.79378254192545,0.6656321577055166,0.4602066303473474,2.4228920757316765,0.1504347359675557,True
GBPUSD,売り,-1,2024-09-09 01:00:00,2024-09-09 05:00:00,1.3087537570146255,2024-09-11 13:00:00,1.3050158084155408,トレイル,trail,15,0.0031730436201108034,1.3150998442548472,1.3049495654301662,0.003737948599084717,0.589016264288574,2.6989093248981177,0.7614906300248359,True
EURUSD,売り,-1,2024-09-09 01:00:00,2024-09-09 05:00:00,1.1047336775031447,2024-09-12 09:00:00,1.103836664740566,トレイル,trail,20,0.002413561495807154,1.109560800494759,1.1038103422437107,0.0008970127625786972,0.18582761701680078,1.8825613149024587,0.4915236255285954,True
USDJPY,買い,1,2024-09-11 17:00:00,2024-09-11 21:00:00,142.68679265018451,2024-09-12 13:00:00,142.5172073498155,時間切れ,time,4,0.8006526856550299,141.08548727887447,141.08548727887447,-0.16958530036902175,-0.10590440986923103,0.4473941775670386,0.9677013067790253,False
AUDUSD,買い,1,2024-09-11 21:00:00,2024-09-12 01:00:00,0.6690742521179044,2024-09-13 05:00:00,0.6700221055101949,トレイル,trail,8,0.0021424282479338154,0.6647893956220368,0.6700663576280993,0.0009478533922905319,0.22121006694265105,1.9630752563833476,1.5656310175798387,True
EURUSD,買い,1,2024-09-12 13:00:00,2024-09-12 17:00:00,1.1073063224968553,2024-09-17 09:00:00,1.1114396447519124,トレイル,trail,17,0.002116021834154899,1.1030742788285455,1.1114659672487677,0.004133322255057026,0.9766728746227235,3.4657853642014382,0.1258599947111059,True
GBPUSD,買い,1,2024-09-12 13:00:00,2024-09-12 17:00:00,1.3124662429853746,2024-09-17 09:00:00,1.3182948127300242,トレイル,trail,17,0.0030992961897340393,1.3062676506059065,1.3183610557153989,0.005828569744649625,0.9403053770652675,3.401984311647927,0.31821514466459366,True
USDCHF,売り,-1,2024-09-17 01:00:00,2024-09-17 05:00:00,0.8431836570334298,2024-09-17 09:00:00,0.8478146754164112,初期損切り,initial,2,0.002267337708205574,0.847718332449841,0.847718332449841,-0.004631018382981411,-1.0212458351972877,-0.0,2.00000000000001,False
SP500,買い,1,2024-09-11 13:00:00,2024-09-11 17:00:00,5555.529430651931,2024-09-17 13:00:00,5679.607011934872,トレイル,trail,24,38.00237160879784,5479.524687434335,5679.756442586803,124.07758128294154,1.632497868293786,4.768927876756858,0.39811806504277847,True
USDJPY,売り,-1,2024-09-13 01:00:00,2024-09-13 05:00:00,140.70420734981548,2024-09-17 13:00:00,142.26738802481938,初期損切り,initial,15,0.7806940124096962,142.26559537463487,142.26559537463487,-1.5631806750039061,-1.001148113189046,1.4400102113572983,2.0000000000000018,False
AUDUSD,買い,1,2024-09-16 01:00:00,2024-09-16 05:00:00,0.6738442521179043,2024-09-18 09:00:00,0.6757893825140652,トレイル,trail,14,0.002104243578686988,0.6696357649605303,0.6758336346319695,0.0019451303961608435,0.46219230888055546,2.4454145585686002,0.3299295409220187,True
EURUSD,売り,-1,2024-09-18 17:00:00,2024-09-18 21:00:00,1.1081336775031447,2024-09-19 01:00:00,1.1134047997820036,初期損切り,initial,2,0.0026223998910017876,1.1133784772851483,1.1133784772851483,-0.005271122278858842,-1.0050187801154178,0.4895048644371558,1.9999999999999865,False
AUDUSD,買い,1,2024-09-19 01:00:00,2024-09-19 05:00:00,0.6827542521179044,2024-09-19 21:00:00,0.6805157478820957,時間切れ,time,4,0.0028383967569520535,0.6770774586040003,0.6770774586040003,-0.002238504235808736,-0.3943254638954178,0.40013711237296506,1.4494985973428138,False
USDJPY,買い,1,2024-09-18 17:00:00,2024-09-18 21:00:00,143.49079265018452,2024-09-20 01:00:00,141.81121312403914,初期損切り,initial,8,0.8388934379804326,141.81300577422365,141.81300577422365,-1.6795795261453748,-1.001068461203383,0.5438203818994792,1.9999999999999967,False
GBPUSD,買い,1,2024-09-20 05:00:00,2024-09-20 09:00:00,1.3321262429853746,2024-09-23 01:00:00,1.3315937570146255,時間切れ,time,4,0.004103072650837315,1.3239200976837,1.3239200976837,-0.0005324859707491747,-0.0648886841719108,0.24707264552541688,1.2859248261903973,False
EURUSD,売り,-1,2024-09-23 01:00:00,2024-09-23 05:00:00,1.1092136775031447,2024-09-23 21:00:00,1.1105863224968553,時間切れ,time,4,0.00294350435213574,1.1151006862074162,1.1151006862074162,-0.0013726449937105922,-0.23316510347855138,0.0012493622243174153,1.7415712306101616,False
USDCHF,買い,1,2024-09-18 17:00:00,2024-09-18 21:00:00,0.8500363429665703,2024-09-24 13:00:00,0.8442483166635752,初期損切り,initial,23,0.002845841668212368,0.8443446596301455,0.8443446596301455,-0.00578802630299502,-1.016926972369268,0.619731256706767,2.0000000000000155,False
AUDUSD,買い,1,2024-09-22 21:00:00,2024-09-23 01:00:00,0.6833642521179044,2024-09-25 05:00:00,0.6869689453154453,トレイル,trail,14,0.0025178683777668754,0.6783285153623707,0.6870131974333497,0.0036046931975408647,0.7158224054463692,2.9492200417090815,1.3242360670423823,True
GBPUSD,買い,1,2024-09-23 09:00:00,2024-09-23 13:00:00,1.3344262429853746,2024-09-25 05:00:00,1.3366948226670874,トレイル,trail,11,0.00414595623169209,1.3261343305219904,1.336761065652462,0.00226857968171279,0.27358943931577806,2.0631566125179317,0.30782837879927866,True
EURUSD,買い,1,2024-09-24 13:00:00,2024-09-24 17:00:00,1.1179163224968554,2024-09-25 13:00:00,1.1123420162610833,初期損切り,initial,6,0.0027739918694584245,1.1123683387579386,1.1123683387579386,-0.005574306235772042,-1.004744515862682,1.259440426487893,1.9999999999999607,False
GBPUSD,売り,-1,2024-09-25 13:00:00,2024-09-25 17:00:00,1.3321137570146253,2024-09-26 09:00:00,1.3372762429853746,時間切れ,time,4,0.003624621089192906,1.3393629991930112,1.3393629991930112,-0.005162485970749309,-0.7121414685443491,0.24106161530387468,1.8695038236075232,False
SP500,買い,1,2024-09-19 01:00:00,2024-09-19 05:00:00,5756.50943065193,2024-09-26 13:00:00,5788.431108308626,トレイル,trail,33,27.49297402629545,5701.523482599339,5788.580538960557,31.921677656695465,0.580542461978908,2.666520154492997,0.8325556423993308,True
USDCHF,買い,1,2024-09-25 09:00:00,2024-09-25 13:00:00,0.8500463429665702,2024-09-27 01:00:00,0.844479933139836,初期損切り,initial,10,0.0027350334300819856,0.8445762761064063,0.8445762761064063,-0.0055664098267341755,-1.0176127584969439,0.582682835208328,1.999999999999987,False
USDJPY,買い,1,2024-09-25 13:00:00,2024-09-25 17:00:00,144.75279265018452,2024-09-27 01:00:00,143.37750630970837,初期損切り,initial,9,0.6867468451458155,143.37929895989288,143.37929895989288,-1.3752863404761513,-1.0013051754057491,1.5277934762011163,2.000000000000011,False
AUDUSD,買い,1,2024-09-27 05:00:00,2024-09-27 09:00:00,0.6924942521179044,2024-09-30 01:00:00,0.6931557478820957,時間切れ,time,4,0.002666098472567331,0.6871620551727697,0.6871620551727697,0.0006614957641912778,0.1240568889329672,0.47100581430751304,0.9580486783163562,False
EURUSD,買い,1,2024-09-27 05:00:00,2024-09-27 09:00:00,1.1199963224968552,2024-09-30 01:00:00,1.1161636775031447,時間切れ,time,4,0.0030399341094021898,1.1139164542780509,1.1139164542780509,-0.003832644993710499,-0.6303829056453131,0.09989608070965071,1.7652759249806578,False
SP500,売り,-1,2024-09-27 13:00:00,2024-09-29 17:00:00,5787.890569348069,2024-10-01 13:00:00,5763.410465253926,トレイル,trail,12,20.000689734663485,5827.891948817396,5763.261034601996,24.480104094142916,0.6119814971109745,2.7314342691586266,1.7144124081132843,True
GBPUSD,売り,-1,2024-10-01 01:00:00,2024-10-01 05:00:00,1.3330937570146253,2024-10-01 21:00:00,1.3292041479561045,トレイル,trail,5,0.0036119366471533457,1.340317630308932,1.32913790497073,0.00388960905852076,0.5384381619187942,2.595216342460759,0.2259848566330582,True
USDCHF,買い,1,2024-10-01 05:00:00,2024-10-01 09:00:00,0.8480263429665702,2024-10-02 01:00:00,0.8455836570334297,時間切れ,time,4,0.0027390813920368145,0.8425481801824966,0.8425481801824966,-0.002442685933140454,-0.4458950983059402,0.056098016611175784,1.7802840692310125,False
USDCHF,買い,1,2024-10-02 05:00:00,2024-10-02 09:00:00,0.8505163429665702,2024-10-03 01:00:00,0.8496236570334298,時間切れ,time,4,0.0027455496055554954,0.8450252437554592,0.8450252437554592,-0.0008926859331404025,-0.16256962382578935,0.22715198158061772,0.6943392910158386,False
GBPUSD,売り,-1,2024-10-02 21:00:00,2024-10-03 01:00:00,1.3243737570146255,2024-10-04 01:00:00,1.3142893270821179,トレイル,trail,7,0.0033553893978288236,1.3310845358102832,1.3142230840967433,0.010084429932507577,1.5027212548017412,4.525184774217369,0.08232814514863812,True
USDJPY,買い,1,2024-10-02 05:00:00,2024-10-02 09:00:00,145.3747926501845,2024-10-04 01:00:00,146.0213653524353,トレイル,trail,11,0.8125613315867842,143.74966998701095,146.02315800261982,0.6465727022508077,0.39786086115380914,2.2979278944632666,0.09450689714035376,True
GBPUSD,売り,-1,2024-10-04 05:00:00,2024-10-04 09:00:00,1.3078337570146255,2024-10-07 01:00:00,1.3117462429853746,時間切れ,time,4,0.004073971837189621,1.3159817006890047,1.3159817006890047,-0.003912485970749113,-0.48018078267424813,0.21447301295737578,1.3834761777004712,False
SP500,買い,1,2024-10-04 05:00:00,2024-10-04 09:00:00,5799.46943065193,2024-10-07 01:00:00,5795.690569348069,時間切れ,time,4,25.406024960520835,5748.657380730889,5748.657380730889,-3.7788613038610492,-0.07436939288482028,0.3326206819524584,1.9180265597492232,False
USDCHF,買い,1,2024-10-04 05:00:00,2024-10-04 09:00:00,0.8599263429665702,2024-10-07 01:00:00,0.8576236570334298,時間切れ,time,4,0.002898096355326911,0.8541301502559164,0.8541301502559164,-0.002302685933140425,-0.39727559936161566,0.2945578506596867,0.902779840898381,False
AUDUSD,売り,-1,2024-10-01 09:00:00,2024-10-01 13:00:00,0.6872357478820956,2024-10-09 01:00:00,0.6755953600822641,トレイル,trail,34,0.0026740719762397493,0.6925838918345751,0.6755511079643597,0.011640387799831564,2.1765285121831592,5.869605613296464,1.6320623216886365,True
EURUSD,売り,-1,2024-10-01 01:00:00,2024-10-01 05:00:00,1.1102536775031446,2024-10-11 01:00:00,1.0947730712766026,トレイル,trail,48,0.0031511658531648903,1.1165560092094744,1.0947467487797473,0.015480606226542015,2.4563299660971487,6.421013188760864,0.389164694591917,True
GBPUSD,売り,-1,2024-10-10 09:00:00,2024-10-10 13:00:00,1.3034737570146253,2024-10-11 05:00:00,1.3074362429853745,時間切れ,time,4,0.0031687802426557565,1.3098113174999368,1.3098113174999368,-0.003962485970749219,-0.6252383673391401,0.4019707638538389,1.4631001932431758,False
GBPUSD,売り,-1,2024-10-14 05:00:00,2024-10-14 09:00:00,1.3033837570146254,2024-10-15 01:00:00,1.3050962429853745,時間切れ,time,4,0.0028289948378594832,1.3090417466903443,1.3090417466903443,-0.0017124859707491336,-0.30266686029813694,0.1285817173496691,1.2535346257675566,False
USDCHF,買い,1,2024-10-09 09:00:00,2024-10-09 13:00:00,0.8600963429665702,2024-10-15 05:00:00,0.8608051133059915,トレイル,trail,23,0.002199029151625484,0.8556982846633192,0.8609014562725618,0.0007087703394212941,0.16115528502598145,1.866122161407633,1.9082707309579634,True
SP500,買い,1,2024-10-09 09:00:00,2024-10-09 13:00:00,5828.08943065193,2024-10-15 09:00:00,5883.449392392931,トレイル,trail,24,23.18745130342529,5781.7145280450795,5883.598823044862,55.359961741000916,1.1937483127527484,3.8939410876404463,0.6878475104149949,True
AUDUSD,買い,1,2024-10-10 21:00:00,2024-10-11 01:00:00,0.6743142521179044,2024-10-15 13:00:00,0.6698612224683423,初期損切り,initial,16,0.002204388765828859,0.6699054745862467,0.6699054745862467,-0.004453029649562068,-1.010037276226027,0.7284322561369008,1.9999999999999887,False
EURUSD,売り,-1,2024-10-13 17:00:00,2024-10-13 21:00:00,1.0921336775031447,2024-10-18 01:00:00,1.0843359611344388,トレイル,trail,26,0.0021264257583889085,1.0963865290199226,1.0843096386375835,0.007797716368705965,1.8335265969064265,5.1794319456933104,0.7224905411318949,True
GBPUSD,売り,-1,2024-10-16 01:00:00,2024-10-16 05:00:00,1.3002837570146253,2024-10-18 01:00:00,1.3065377960255817,初期損切り,initial,12,0.0030938980127908724,1.3064715530402071,1.3064715530402071,-0.006254039010956447,-1.0107054248557708,0.9417753922654348,2.00000000000003,False
USDJPY,買い,1,2024-10-04 05:00:00,2024-10-04 09:00:00,148.64679265018452,2024-10-18 09:00:00,149.86520734981548,最大保有,max,60,0.7862660928154291,147.07426046455367,149.14360086077687,1.218414699630955,0.7748106593711208,2.131857605372999,1.6531205682929433,True
AUDUSD,売り,-1,2024-10-15 17:00:00,2024-10-15 21:00:00,0.6679457478820956,2024-10-20 21:00:00,0.6722513167060055,初期損切り,initial,19,0.0021306583530027517,0.6722070645881011,0.6722070645881011,-0.004305568823909867,-1.0103846113671857,0.974228401831889,1.9999999999999942,False
SP500,買い,1,2024-10-17 01:00:00,2024-10-17 05:00:00,5908.249430651931,2024-10-21 09:00:00,5872.650436259232,初期損切り,initial,14,17.724781870383843,5872.799866911163,5872.799866911163,-35.59899439269884,-1.0042153029871932,1.0612581573993687,2.000000000000023,False
AUDUSD,売り,-1,2024-10-21 17:00:00,2024-10-21 21:00:00,0.6654957478820956,2024-10-22 01:00:00,0.6693042639887946,初期損切り,initial,2,0.0018821319943973138,0.6692600118708902,0.6692600118708902,-0.003808516106698967,-1.0117558486960712,0.018993291757436304,1.999999999999981,False
GBPUSD,売り,-1,2024-10-21 09:00:00,2024-10-21 13:00:00,1.2986537570146255,2024-10-22 05:00:00,1.2989862429853747,時間切れ,time,4,0.002860660449233953,1.3043750779130934,1.3043750779130934,-0.0003324859707491967,-0.058113498027742516,0.3369001780283145,0.9879687000711019,False
USDJPY,買い,1,2024-10-21 09:00:00,2024-10-21 13:00:00,150.5187926501845,2024-10-23 13:00:00,152.53915264315222,トレイル,trail,13,0.4320364711088461,149.65471970796682,152.54094529333673,2.0203599929677125,2.338182223114572,6.180513749133832,0.0504416910187286,True
EURUSD,売り,-1,2024-10-22 09:00:00,2024-10-22 13:00:00,1.0807336775031446,2024-10-23 17:00:00,1.0786909248609362,トレイル,trail,8,0.0016964015760539458,1.0841264806552526,1.078664602364081,0.002042752642208434,0.6020840439679815,2.7196847540525746,0.08625463387966643,True
SP500,売り,-1,2024-10-23 09:00:00,2024-10-23 13:00:00,5838.49056934807,2024-10-23 17:00:00,5844.809430651931,トレイル,trail,2,17.721810046941716,5873.934189441953,5827.642715070413,-6.318861303861013,-0.17827923014419936,2.1121188664658237,0.46775304723236677,True
USDCHF,買い,1,2024-10-16 09:00:00,2024-10-16 13:00:00,0.8647163429665703,2024-10-24 01:00:00,0.8655597886512902,トレイル,trail,34,0.001969245588092972,0.8607778517903844,0.8656561316178605,0.0008434456847199456,0.21415451932959337,1.9772328332091562,0.8715738539408999,True
GBPUSD,売り,-1,2024-10-23 09:00:00,2024-10-23 13:00:00,1.2927937570146253,2024-10-24 09:00:00,1.2985011938325475,初期損切り,initial,6,0.002820596916273804,1.2984349508471729,1.2984349508471729,-0.005707436817922185,-1.0117427245616661,0.731673853402533,1.9999999999999882,False
SP500,買い,1,2024-10-25 05:00:00,2024-10-25 09:00:00,5871.529430651931,2024-10-25 13:00:00,5835.930060064535,初期損切り,initial,2,17.72496996773251,5836.079490716465,5836.079490716465,-35.59937058739615,-1.004215258254405,1.641219669259078,2.000000000000022,False
GBPUSD,買い,1,2024-10-25 05:00:00,2024-10-25 09:00:00,1.2992662429853745,2024-10-28 01:00:00,1.2946237570146253,時間切れ,time,4,0.002563397809295991,1.2941394473667824,1.2941394473667824,-0.004642485970749233,-0.9055336541822668,0.23552997214715427,1.9958833415636443,False
AUDUSD,売り,-1,2024-10-23 05:00:00,2024-10-23 09:00:00,0.6634257478820956,2024-10-28 05:00:00,0.6610374995218101,トレイル,trail,18,0.0020354982692705258,0.6674967444206367,0.6609932474039057,0.0023882483602855054,0.5866495679068784,2.695039325217221,1.3481967336124956,True
USDCHF,買い,1,2024-10-27 17:00:00,2024-10-27 21:00:00,0.8692963429665702,2024-10-28 05:00:00,0.8661295484659541,初期損切り,initial,3,0.0015352257670228921,0.8662258914325244,0.8662258914325244,-0.003166794500616077,-1.0313774588206401,0.4583410782599839,2.0000000000000346,False
USDJPY,買い,1,2024-10-27 17:00:00,2024-10-27 21:00:00,153.4697926501845,2024-10-28 05:00:00,152.44577485501964,初期損切り,initial,3,0.5111125724901835,152.44756750520415,152.44756750520415,-1.0240177951648661,-1.0017536745141733,0.798664270430022,1.999999999999974,False
EURUSD,買い,1,2024-10-24 09:00:00,2024-10-24 13:00:00,1.0811163224968554,2024-10-29 05:00:00,1.0774729124014686,初期損切り,initial,17,0.0018085437992657212,1.0774992348983239,1.0774992348983239,-0.003643410095386823,-1.007277262753069,1.5557696221053756,2.0000000000000435,False
AUDUSD,売り,-1,2024-10-28 17:00:00,2024-10-28 21:00:00,0.6575757478820956,2024-10-30 01:00:00,0.65645200697575,トレイル,trail,8,0.0018251699052304082,0.6612260876925564,0.6564077548578456,0.0011237409063455939,0.30784556087772375,2.139936600369583,0.5009134301877491,True
GBPUSD,買い,1,2024-10-29 13:00:00,2024-10-29 17:00:00,1.3015662429853747,2024-10-30 05:00:00,1.2964513524926906,初期損切り,initial,4,0.0025243237536547542,1.2965175954780652,1.2965175954780652,-0.005114890492684099,-1.0131209369001664,0.36990382603395183,1.9999999999999925,False
SP500,買い,1,2024-10-29 17:00:00,2024-10-29 21:00:00,5890.58943065193,2024-10-30 09:00:00,5852.663665948264,初期損切り,initial,4,18.888167025868025,5852.8130966001945,5852.8130966001945,-37.92576470366657,-1.003955668427907,0.12127007056496002,1.9999999999999882,False
USDJPY,買い,1,2024-10-29 01:00:00,2024-10-29 05:00:00,153.39579265018452,2024-10-31 01:00:00,152.36431770180633,初期損切り,initial,12,0.5148411490968419,152.36611035199084,152.36611035199084,-1.0314749483781895,-1.0017409740729257,0.9171903812347654,1.9999999999999871,False
EURUSD,買い,1,2024-10-30 01:00:00,2024-10-30 05:00:00,1.0834763224968553,2024-10-31 09:00:00,1.0855429984226843,トレイル,trail,8,0.0020737860536403263,1.0793287503895748,1.0855693209195396,0.002066675925828987,0.4982857132733489,2.509264393021751,1.2857268917277231,True
USDCHF,売り,-1,2024-10-31 13:00:00,2024-10-31 17:00:00,0.8638036570334298,2024-11-01 01:00:00,0.867643362078113,初期損切り,initial,3,0.0018716810390564766,0.8675470191115427,0.8675470191115427,-0.003839705044683228,-1.0257370151644112,0.31183573549689775,2.0000000000000187,False
GBPUSD,売り,-1,2024-10-31 09:00:00,2024-10-31 13:00:00,1.2863437570146254,2024-11-01 05:00:00,1.2905062429853746,時間切れ,time,4,0.004261385535543073,1.2948665280857117,1.2948665280857117,-0.004162485970749197,-0.4883958440313624,0.1933073193576859,1.2897783923871633,False
SP500,売り,-1,2024-10-30 17:00:00,2024-10-30 21:00:00,5831.790569348069,2024-11-01 05:00:00,5763.509952924611,トレイル,trail,9,20.62701484845326,5873.044599044975,5763.36052227268,68.28061642345801,1.6551259822401814,4.817496379294079,0.3049123054469847,True
AUDUSD,買い,1,2024-10-31 13:00:00,2024-10-31 17:00:00,0.6582442521179044,2024-11-01 09:00:00,0.6584457478820956,時間切れ,time,4,0.002122361788774999,0.6539995285403544,0.6539995285403544,0.0002014957641912618,0.04746970221028213,0.41734066584701085,1.2270538094296939,False
USDCHF,買い,1,2024-11-01 13:00:00,2024-11-03 17:00:00,0.8675963429665703,2024-11-04 05:00:00,0.8627557985686112,初期損切り,initial,4,0.002372100715694458,0.8628521415351814,0.8628521415351814,-0.004840544397959112,-1.0203075202357061,0.216540988344747,1.9999999999999818,False
EURUSD,売り,-1,2024-11-01 13:00:00,2024-11-03 17:00:00,1.0876636775031447,2024-11-04 09:00:00,1.0905663224968554,時間切れ,time,4,0.0025857408507692645,1.0928351592046832,1.0928351592046832,-0.0029026449937106236,-0.5612791770774475,0.26827031136487667,1.4759106643343227,False
USDJPY,売り,-1,2024-11-03 17:00:00,2024-11-03 21:00:00,151.7902073498155,2024-11-04 13:00:00,152.0117926501845,時間切れ,time,4,0.6752549293452593,153.140717208506,153.140717208506,-0.22158530036901425,-0.16407529270750218,0.37794222407668565,0.7209020312617364,False
GBPUSD,買い,1,2024-11-03 21:00:00,2024-11-04 01:00:00,1.2993762429853746,2024-11-04 17:00:00,1.2954537570146254,時間切れ,time,4,0.004044471244465187,1.2912873004964442,1.2912873004964442,-0.003922485970749179,-0.4849195029037549,0.0676867254279607,1.4652701495861993,False
EURUSD,買い,1,2024-11-05 09:00:00,2024-11-05 13:00:00,1.0930363224968553,2024-11-05 17:00:00,1.0883173877061978,初期損切り,initial,2,0.002346306146901078,1.088343710203053,1.088343710203053,-0.004718934790657547,-1.0056093483133386,0.25728846337547345,2.000000000000038,False
GBPUSD,買い,1,2024-11-05 09:00:00,2024-11-05 13:00:00,1.3034262429853747,2024-11-05 17:00:00,1.2962611378988458,初期損切り,initial,2,0.0035494310505771744,1.2963273808842204,1.2963273808842204,-0.0071651050865289,-1.0093314934746767,0.28842848333649207,1.9999999999999836,False
AUDUSD,買い,1,2024-11-03 17:00:00,2024-11-03 21:00:00,0.6602942521179044,2024-11-05 21:00:00,0.6592357478820956,トレイル,trail,13,0.0023352596140158513,0.6556237328898726,0.6609671105789763,-0.001058504235808777,-0.22663523778165937,1.7881300464554182,1.0295438260801801,True
USDCHF,買い,1,2024-11-05 17:00:00,2024-11-05 21:00:00,0.8692063429665703,2024-11-06 01:00:00,0.8713336570334298,トレイル,trail,2,0.002500463037885881,0.8642054168907986,0.8716193054431711,0.002127314066859509,0.4253840258039035,2.4650062568575333,0.3304759774689226,True
SP500,買い,1,2024-11-05 09:00:00,2024-11-05 13:00:00,5807.269430651931,2024-11-06 09:00:00,5917.0363643646015,トレイル,trail,6,24.276136655645427,5758.7171573406395,5917.185795016532,109.76693371267083,2.26079905690316,6.027753568195559,0.6018021260616585,True
USDJPY,買い,1,2024-11-05 17:00:00,2024-11-05 21:00:00,152.9337926501845,2024-11-07 01:00:00,153.7806815908456,トレイル,trail,8,0.6210171726465915,151.69175830489132,153.78247424103012,0.8468889406611027,0.6818562979924633,2.8665992314331357,0.09306127548486375,True
GBPUSD,売り,-1,2024-11-05 21:00:00,2024-11-06 01:00:00,1.2888237570146255,2024-11-07 09:00:00,1.2977453134242845,初期損切り,initial,9,0.004427656712142155,1.2976790704389098,1.2976790704389098,-0.00892155640965897,-1.0074805918436496,1.2136796874718891,2.0000000000000115,False
SP500,買い,1,2024-11-06 13:00:00,2024-11-06 17:00:00,5961.849430651931,2024-11-07 09:00:00,5973.210569348069,時間切れ,time,4,31.494352871061896,5898.860724909807,5898.860724909807,11.361138696138369,0.18036787011708022,0.4797866274608738,0.33782026560407286,False
AUDUSD,買い,1,2024-11-06 21:00:00,2024-11-07 01:00:00,0.6623942521179044,2024-11-08 01:00:00,0.6639438898786804,トレイル,trail,7,0.0032079053356101317,0.6559784414466842,0.6639881419965847,0.0015496377607759904,0.2415342098119075,1.9968631277821765,0.22888833711942802,True
EURUSD,売り,-1,2024-11-11 01:00:00,2024-11-11 05:00:00,1.0681036775031447,2024-11-13 05:00:00,1.065045736069248,トレイル,trail,13,0.0037862757149284654,1.0756762289330017,1.0650194135723927,0.003057941433896705,0.40381917009370233,2.3145904215563307,0.19975367717495685,True
USDCHF,買い,1,2024-11-11 01:00:00,2024-11-11 05:00:00,0.8784563429665703,2024-11-13 05:00:00,0.8802102910319894,トレイル,trail,13,0.002588910667626907,0.8732785216313165,0.8803066339985597,0.0017539480654191753,0.33874248488977604,2.2146986781453712,0.08356524976914591,True
USDJPY,買い,1,2024-11-11 17:00:00,2024-11-11 21:00:00,153.96279265018453,2024-11-13 05:00:00,154.42445064253715,トレイル,trail,9,0.5425044715188967,152.87778370714673,154.42624329272167,0.4616579923526274,0.42548773013804253,2.3542798573430668,1.0208075311048261,True
EURUSD,売り,-1,2024-11-13 09:00:00,2024-11-13 13:00:00,1.0568536775031447,2024-11-14 09:00:00,1.0548808630054853,トレイル,trail,6,0.0034630270057533475,1.0637797315146513,1.05485454050863,0.001972814497659403,0.28483960627246635,2.077280220799141,0.21551160173323597,True
GBPUSD,売り,-1,2024-11-11 05:00:00,2024-11-11 09:00:00,1.2866137570146254,2024-11-14 09:00:00,1.26941543733735,トレイル,trail,19,0.004232796234650318,1.2950793494839261,1.2693491943519755,0.017198319677275364,2.0315553506317277,5.578760636129778,0.282612939309914,True
USDCHF,買い,1,2024-11-13 09:00:00,2024-11-13 13:00:00,0.8852363429665703,2024-11-14 09:00:00,0.8873184856845943,トレイル,trail,6,0.002383447565890296,0.8804694478347896,0.8874148286511645,0.0020821427180239827,0.43679222228793485,2.4140061295120168,0.07398650974914563,True
SP500,買い,1,2024-11-08 09:00:00,2024-11-08 13:00:00,6024.749430651931,2024-11-14 13:00:00,5978.249992998532,初期損切り,initial,25,23.17500350073403,5978.399423650463,5978.399423650463,-46.49943765339867,-1.0032239617984497,1.2302293437481504,1.9999999999999944,False
AUDUSD,売り,-1,2024-11-11 21:00:00,2024-11-12 01:00:00,0.6550157478820956,2024-11-15 05:00:00,0.6480037978199752,トレイル,trail,20,0.002606363801380524,0.6602284754848566,0.6479595457020708,0.007011950062120409,1.34515950121897,4.207297490967037,0.2932254190683682,True
USDJPY,売り,-1,2024-11-15 01:00:00,2024-11-15 05:00:00,155.36520734981548,2024-11-17 17:00:00,154.7169150042503,トレイル,trail,4,0.5680815693771982,156.50137048856988,154.71512235406578,0.6482923455651814,0.5705979391972884,2.644351499490443,0.7301638929058564,True
EURUSD,買い,1,2024-11-18 13:00:00,2024-11-18 17:00:00,1.0600063224968552,2024-11-19 01:00:00,1.0535488266851472,初期損切り,initial,3,0.0032155866574263363,1.0535751491820025,1.0535751491820025,-0.006457495811708069,-1.0040929540484635,0.029132321136011496,2.0000000000000293,False
SP500,売り,-1,2024-11-19 05:00:00,2024-11-19 09:00:00,5861.830569348069,2024-11-19 09:00:00,5912.790214743426,初期損切り,initial,1,25.405107371713406,5912.640784091495,5912.640784091495,-50.959645395357256,-1.002940956905713,-0.0,1.9999999999999882,False
USDCHF,売り,-1,2024-11-18 05:00:00,2024-11-18 09:00:00,0.8857236570334298,2024-11-19 13:00:00,0.8837344045558667,トレイル,trail,8,0.00233870772619765,0.8904010724858251,0.8836380615892965,0.001989252477563097,0.4252888155454318,2.391772589097399,0.3405055525535395,True
USDJPY,売り,-1,2024-11-19 01:00:00,2024-11-19 05:00:00,153.7602073498155,2024-11-19 21:00:00,155.11079711542368,初期損切り,initial,5,0.6743985577118335,155.10900446523917,155.10900446523917,-1.3505897656081913,-1.001329073263892,0.5192884026972265,2.0000000000000173,False
GBPUSD,売り,-1,2024-11-15 09:00:00,2024-11-15 13:00:00,1.2626537570146255,2024-11-20 01:00:00,1.2703903644772028,初期損切り,initial,16,0.003835182238601394,1.2703241214918282,1.2703241214918282,-0.007736607462577316,-1.0086362239462556,0.754529207373664,1.9999999999999787,False
SP500,買い,1,2024-11-19 13:00:00,2024-11-19 17:00:00,5938.46943065193,2024-11-20 09:00:00,5881.028131165106,初期損切り,initial,5,28.645934417446767,5881.177561817037,5881.177561817037,-57.44129948682439,-1.0026082349026089,0.6650357104939563,2.000000000000004,False
USDCHF,買い,1,2024-11-20 01:00:00,2024-11-20 05:00:00,0.8855863429665702,2024-11-20 21:00:00,0.8833036570334297,時間切れ,time,4,0.002143965928746093,0.881298411109078,0.881298411109078,-0.002282685933140516,-0.5323512614017037,0.30488219269980776,1.1783503332293275,False
USDJPY,買い,1,2024-11-20 01:00:00,2024-11-20 05:00:00,155.75879265018452,2024-11-20 21:00:00,155.0422073498155,時間切れ,time,4,0.663507534986289,154.43177758021193,154.43177758021193,-0.7165853003690188,-0.5399978618056136,0.19322666745319225,1.3244652153086427,False
EURUSD,売り,-1,2024-11-21 09:00:00,2024-11-21 13:00:00,1.0487136775031447,2024-11-22 05:00:00,1.0402163224968553,トレイル,trail,5,0.0033436824782656226,1.055401042459676,1.0382555237173983,0.008497355006289453,1.2706581832341113,4.627735319883306,0.3308694841829373,True
USDCHF,買い,1,2024-11-21 13:00:00,2024-11-21 17:00:00,0.8867363429665702,2024-11-22 05:00:00,0.8878593866009489,トレイル,trail,4,0.0020561802883206403,0.8826239823899289,0.8879557295675191,0.001123043634378651,0.27308977737936657,2.0930348656074265,0.761773165255612,True
GBPUSD,売り,-1,2024-11-21 09:00:00,2024-11-21 13:00:00,1.2599337570146254,2024-11-22 09:00:00,1.2537613770546938,トレイル,trail,6,0.003330089379546124,1.2665939357737177,1.2536951340693192,0.006172379959931584,0.9267589029056108,3.3734100602899098,0.1970646762232378,True
AUDUSD,買い,1,2024-11-18 09:00:00,2024-11-18 13:00:00,0.6504942521179043,2024-11-25 01:00:00,0.6514443983503431,トレイル,trail,28,0.00234756635450172,0.6457991194089009,0.6514886504682474,0.00095014623243872,0.20236834426782205,1.923586898166343,1.450119657481145,True
SP500,買い,1,2024-11-21 05:00:00,2024-11-21 09:00:00,5962.709430651931,2024-11-25 09:00:00,5986.423694905119,トレイル,trail,13,30.377916295300107,5901.953598061331,5986.57312555705,23.71426425318805,0.39032078472177795,2.2855606248020073,1.8167615617687805,True
USDJPY,売り,-1,2024-11-24 17:00:00,2024-11-24 21:00:00,153.77020734981548,2024-11-25 13:00:00,154.3227926501845,時間切れ,time,4,0.6256930895443072,155.0215935289041,155.0215935289041,-0.5525853003690315,-0.44157855472838914,0.3487450212601948,1.524377791800703,False
EURUSD,買い,1,2024-11-25 05:00:00,2024-11-25 09:00:00,1.0528663224968553,2024-11-25 17:00:00,1.044474821507621,初期損切り,initial,3,0.004182589246189547,1.0445011440044762,1.0445011440044762,-0.008391500989234357,-1.0031466748592686,0.041523920452600206,1.999999999999991,False
SP500,買い,1,2024-11-26 13:00:00,2024-11-26 17:00:00,6037.569430651931,2024-11-27 09:00:00,6035.970569348069,時間切れ,time,4,25.230564102948694,5987.108302446033,5987.108302446033,-1.5988613038616677,-0.03168500904969479,0.34999492330164717,0.529097589632188,False
USDJPY,売り,-1,2024-11-26 05:00:00,2024-11-26 09:00:00,153.43220734981549,2024-11-27 17:00:00,151.46220074158788,トレイル,trail,9,0.6696053942689246,154.77141813835334,151.46040809140337,1.9700066082276066,1.47102056307242,4.444718300193684,0.432781236030691,True
EURUSD,買い,1,2024-11-27 05:00:00,2024-11-27 09:00:00,1.0572963224968552,2024-11-28 01:00:00,1.0549736775031446,時間切れ,time,4,0.0043025944154128455,1.0486911336660296,1.0486911336660296,-0.0023226449937105986,-0.2699121471210917,0.34250904474419336,0.9241685627190732,False
AUDUSD,売り,-1,2024-11-25 17:00:00,2024-11-25 21:00:00,0.6467357478820956,2024-11-29 01:00:00,0.6524781851901015,初期損切り,initial,20,0.0028490925950507375,0.6524339330721971,0.6524339330721971,-0.005742437308005832,-1.0077660020564494,0.6864458829779795,1.9999999999999936,False
GBPUSD,買い,1,2024-11-27 05:00:00,2024-11-27 09:00:00,1.2663062429853746,2024-11-29 05:00:00,1.2687168527399872,トレイル,trail,12,0.004124602849758712,1.2580570372858573,1.2687830957253619,0.0024106097546126026,0.2922232566892619,2.1005069652056614,0.7215829241713991,True
SP500,買い,1,2024-11-29 09:00:00,2024-11-29 13:00:00,6051.669430651931,2024-12-02 05:00:00,6039.750569348069,時間切れ,time,4,17.42139307438399,6016.826644503163,6016.826644503163,-11.918861303862286,-0.34207543716430755,0.12114813890353568,0.9017321740492684,False
USDCHF,売り,-1,2024-11-27 01:00:00,2024-11-27 05:00:00,0.8827836570334298,2024-12-02 09:00:00,0.8879547086619642,初期損切り,initial,20,0.0025373543309821366,0.887858365695394,0.887858365695394,-0.005171051628534484,-1.0189849256356953,1.2665385335385466,1.9999999999999887,False
EURUSD,売り,-1,2024-12-01 21:00:00,2024-12-02 01:00:00,1.0521736775031447,2024-12-02 13:00:00,1.0508384973920508,トレイル,trail,4,0.0031547832634637825,1.0584832440300722,1.0508121748951955,0.0013351801110939032,0.2116120188915842,1.931567716146146,0.5218496357330371,True
GBPUSD,売り,-1,2024-12-02 09:00:00,2024-12-02 13:00:00,1.2643837570146255,2024-12-03 05:00:00,1.2678362429853747,時間切れ,time,4,0.0037880005471338375,1.271959758108893,1.271959758108893,-0.0034524859707492084,-0.4557134994821353,0.1514669830392431,1.4034430352437732,False
SP500,買い,1,2024-12-02 09:00:00,2024-12-02 13:00:00,6061.069430651931,2024-12-03 05:00:00,6064.430569348069,時間切れ,time,4,14.761892162275931,6031.545646327379,6031.545646327379,3.3611386961383687,0.11384511752252773,0.491168020221537,0.33121977847971834,False
USDJPY,売り,-1,2024-11-28 17:00:00,2024-11-28 21:00:00,149.9412073498155,2024-12-03 17:00:00,149.64445285535365,トレイル,trail,18,0.6644401367794368,151.27008762337437,149.64266020516914,0.296754494461851,0.22331168606116253,1.9493213581187698,1.217254355079669,True
AUDUSD,売り,-1,2024-12-02 05:00:00,2024-12-02 09:00:00,0.6469757478820957,2024-12-04 01:00:00,0.6442442521179044,トレイル,trail,11,0.0021905068774490328,0.6513567616369937,0.6440557603161735,0.002731495764191294,0.6234848637800838,2.8330191272088827,1.5860493996486642,True
EURUSD,買い,1,2024-12-04 09:00:00,2024-12-04 13:00:00,1.0537763224968553,2024-12-05 05:00:00,1.0528436775031447,時間切れ,time,4,0.0035351703415594806,1.0467059818137363,1.0467059818137363,-0.0009326449937105963,-0.13190948435304756,0.2443100104657923,0.9267792440830399,False
USDCHF,売り,-1,2024-12-04 09:00:00,2024-12-04 13:00:00,0.8828636570334297,2024-12-05 05:00:00,0.8850063429665702,時間切れ,time,4,0.0024629939623126906,0.8877896449580551,0.8877896449580551,-0.002142685933140487,-0.4349758801537129,-0.0,0.9972996297010095,False
SP500,買い,1,2024-12-03 21:00:00,2024-12-04 01:00:00,6072.669430651931,2024-12-05 13:00:00,6088.743792779337,トレイル,trail,10,12.13118437915495,6048.407061893621,6088.893223431268,16.074362127405948,0.6625223731256847,2.8373626409647135,0.32391154310401465,True
AUDUSD,買い,1,2024-12-05 05:00:00,2024-12-05 09:00:00,0.6443642521179044,2024-12-06 09:00:00,0.639652611083313,初期損切り,initial,7,0.00233369445834352,0.6396968632012173,0.6396968632012173,-0.0047116410345914295,-1.0094811293196881,0.5209541796480991,2.0000000000000058,False
GBPUSD,買い,1,2024-12-04 09:00:00,2024-12-04 13:00:00,1.2716862429853746,2024-12-06 09:00:00,1.2751697769877928,トレイル,trail,12,0.003935986684555088,1.2638142696162644,1.2752360199731674,0.003483534002418187,0.44252360101822286,2.4018772857444226,0.7587025121534929,True
EURUSD,買い,1,2024-12-06 05:00:00,2024-12-06 09:00:00,1.0604663224968554,2024-12-08 21:00:00,1.0539345082977987,初期損切り,initial,4,0.003252745851100718,1.053960830794654,1.053960830794654,-0.006531814199056685,-1.004046196361505,0.0841373767495709,1.9999999999999836,False
USDCHF,売り,-1,2024-12-06 05:00:00,2024-12-06 09:00:00,0.8750436570334298,2024-12-08 21:00:00,0.8799633355850273,初期損切り,initial,4,0.0024116677925136018,0.879866992618457,0.879866992618457,-0.004919678551597473,-1.0199743444908418,0.14249766675847744,2.0000000000000124,False
GBPUSD,売り,-1,2024-12-08 21:00:00,2024-12-09 01:00:00,1.2719637570146254,2024-12-09 09:00:00,1.2790015684279163,初期損切り,initial,3,0.003485784213958169,1.2789353254425417,1.2789353254425417,-0.007037811413290962,-1.009501876953451,-0.0,2.0000000000000044,False
AUDUSD,買い,1,2024-12-09 05:00:00,2024-12-09 09:00:00,0.6464342521179044,2024-12-09 21:00:00,0.6407572141496182,初期損切り,initial,4,0.0028163929251909347,0.6408014662675225,0.6408014662675225,-0.005677037968286225,-1.0078561690573333,0.25058573176461435,1.999999999999993,False
USDJPY,買い,1,2024-12-04 01:00:00,2024-12-04 05:00:00,150.62779265018452,2024-12-11 01:00:00,151.14730956349874,トレイル,trail,30,0.6892651908778215,149.24926226842888,151.14910221368325,0.5195169133142201,0.37686286801498237,2.256326549487903,1.8335361583761332,True
SP500,売り,-1,2024-12-09 09:00:00,2024-12-09 13:00:00,6072.010569348069,2024-12-11 05:00:00,6059.62642454254,トレイル,trail,11,13.131329260406568,6098.273227868882,6059.476993890609,12.384144805529104,0.47154954993283255,2.454478804765836,0.8429786834534135,True
USDCHF,買い,1,2024-12-10 01:00:00,2024-12-10 05:00:00,0.8805463429665702,2024-12-11 05:00:00,0.8820249141849132,トレイル,trail,7,0.002205828565677744,0.8761346858352147,0.8821212571514835,0.00147857121834305,0.3351509816649683,2.2139785064980084,0.4879540429015673,True
AUDUSD,売り,-1,2024-12-10 09:00:00,2024-12-10 13:00:00,0.6372857478820956,2024-12-12 01:00:00,0.6429131213214394,初期損切り,initial,10,0.0027915606607197426,0.642868869203535,0.642868869203535,-0.00562737343934383,-1.0079260534307959,1.291660228929395,1.9999999999999891,False
SP500,買い,1,2024-12-11 09:00:00,2024-12-11 13:00:00,6099.329430651931,2024-12-12 05:00:00,6081.670569348069,時間切れ,time,4,13.680841973788716,6071.967746704354,6071.967746704354,-17.658861303862068,-0.6453864951329342,0.21859541640772853,1.328093014066108,False
EURUSD,売り,-1,2024-12-10 01:00:00,2024-12-10 05:00:00,1.0530936775031448,2024-12-12 09:00:00,1.0514791942857178,トレイル,trail,14,0.0029952478592416986,1.059084173221628,1.0514528717888625,0.0016144832174269652,0.2695074486816762,2.047802983722928,0.2858937013219274,True
EURUSD,売り,-1,2024-12-12 13:00:00,2024-12-12 17:00:00,1.0468836775031447,2024-12-13 09:00:00,1.0510463224968554,時間切れ,time,4,0.0031386411366466764,1.053160959776438,1.053160959776438,-0.004162644993710662,-0.6631285343691811,0.49820206741294126,1.760737292432127,False
SP500,売り,-1,2024-12-13 09:00:00,2024-12-13 13:00:00,6042.210569348069,2024-12-15 17:00:00,6123.50943065193,初期損切り,initial,2,15.094118631744076,6072.398806611557,6072.398806611557,-81.29886130386149,-2.693064208892721,0.05105096672877369,5.3762284921537145,False
USDCHF,買い,1,2024-12-12 01:00:00,2024-12-12 05:00:00,0.8866663429665702,2024-12-15 21:00:00,0.8908288930279451,トレイル,trail,11,0.0024431760036564237,0.8817799909592574,0.8909252359945153,0.004162550061374892,0.8518727376057388,3.2431789693298194,0.4610158927905913,True
GBPUSD,売り,-1,2024-12-12 09:00:00,2024-12-12 13:00:00,1.2702437570146254,2024-12-16 01:00:00,1.2661270956636057,トレイル,trail,10,0.0034805684521540285,1.2772048939189335,1.266060852678231,0.004116661351019735,0.5913777314840691,2.7017876947099695,0.04201698296838884,True
USDCHF,買い,1,2024-12-17 01:00:00,2024-12-17 05:00:00,0.8974963429665702,2024-12-17 09:00:00,0.892832563992438,初期損切り,initial,2,0.0022837180037809635,0.8929289069590083,0.8929289069590083,-0.004663778974132171,-1.0210934463910906,0.0,2.0000000000000018,False
USDJPY,買い,1,2024-12-12 21:00:00,2024-12-13 01:00:00,152.89679265018452,2024-12-17 09:00:00,153.62280159621693,トレイル,trail,15,0.5696038357323708,151.7575849787198,153.62459424640144,0.7260089460324082,0.637292887168622,2.7777329620352016,0.3911361479826754,True
GBPUSD,買い,1,2024-12-17 05:00:00,2024-12-17 09:00:00,1.2703362429853746,2024-12-18 13:00:00,1.263776376147381,初期損切り,initial,8,0.0032468119263094524,1.2638426191327556,1.2638426191327556,-0.006559866837993589,-1.0102012353776801,0.7773031120697395,2.000000000000023,False
AUDUSD,売り,-1,2024-12-17 01:00:00,2024-12-17 05:00:00,0.6341457478820957,2024-12-18 21:00:00,0.6231513367856115,トレイル,trail,11,0.002124723111804725,0.6383951941057051,0.6231070846677071,0.010994411096484136,2.5872573784792032,6.695341996827238,0.6279651736696572,True
EURUSD,売り,-1,2024-12-18 09:00:00,2024-12-18 13:00:00,1.0474936775031447,2024-12-18 21:00:00,1.038193091536824,トレイル,trail,3,0.002524512693312452,1.0525427028897696,1.0381667690399687,0.009300585966320662,1.8420556947402826,5.194538153000122,0.7036298536191871,True
USDCHF,買い,1,2024-12-18 13:00:00,2024-12-18 17:00:00,0.9016063429665703,2024-12-19 01:00:00,0.8960794717391534,初期損切り,initial,3,0.0027152641304233486,0.8961758147057236,0.8961758147057236,-0.005526871227416907,-1.017740993498704,0.21863693729757666,1.9999999999999891,False
USDJPY,買い,1,2024-12-18 05:00:00,2024-12-18 09:00:00,153.8507926501845,2024-12-19 05:00:00,156.4645605624419,トレイル,trail,6,0.4544311915823845,152.94193026701973,156.46635321262642,2.6137679122574013,2.875867634829318,7.255680091708094,0.3714372017395144,True
SP500,売り,-1,2024-12-18 13:00:00,2024-12-18 17:00:00,5945.0705693480695,2024-12-19 09:00:00,5979.739430651931,時間切れ,time,4,32.20589933575906,6009.482368019588,6009.482368019588,-34.66886130386138,-0.5382377455512883,0.27419104978276193,1.4754883928724376,False
GBPUSD,売り,-1,2024-12-19 09:00:00,2024-12-19 13:00:00,1.2509737570146253,2024-12-20 09:00:00,1.2604142381963577,初期損切り,initial,6,0.004687119098178921,1.260347995210983,1.260347995210983,-0.009440481181732352,-1.0070664926564643,0.7453953999126718,1.999999999999979,False
SP500,売り,-1,2024-12-20 01:00:00,2024-12-20 05:00:00,5885.930569348069,2024-12-20 09:00:00,5952.682506105584,初期損切り,initial,2,33.30125305279203,5952.5330754536535,5952.5330754536535,-66.75193675751507,-1.0022436190568282,0.5942890292054517,2.000000000000008,False
USDCHF,売り,-1,2024-12-20 05:00:00,2024-12-20 09:00:00,0.8938936570334297,2024-12-23 09:00:00,0.8990810376622206,初期損切り,initial,7,0.0025455188311103326,0.8989846946956503,0.8989846946956503,-0.005187380628790872,-1.0189240333626177,0.9914116535248413,1.9999999999999871,False
SP500,買い,1,2024-12-23 13:00:00,2024-12-23 17:00:00,6038.069430651931,2024-12-24 09:00:00,6045.430569348069,時間切れ,time,4,39.215048358447525,5959.639333935036,5959.639333935036,7.361138696138369,0.09385604511887165,0.19713272510612836,0.20347879158516397,False
USDCHF,買い,1,2024-12-24 01:00:00,2024-12-24 05:00:00,0.9008163429665702,2024-12-24 21:00:00,0.8997836570334298,時間切れ,time,4,0.0022479221162423862,0.8963204987340855,0.8963204987340855,-0.0010326859331404314,-0.22969788981538725,0.24629724910366985,0.5677878950289106,False
GBPUSD,売り,-1,2024-12-26 09:00:00,2024-12-26 13:00:00,1.2515437570146253,2024-12-27 05:00:00,1.2509562429853747,時間切れ,time,4,0.002842584906390849,1.257228926827407,1.257228926827407,0.0005875140292506131,0.10334150933007016,0.35311417167121223,0.7374425230577718,False
USDCHF,売り,-1,2024-12-26 13:00:00,2024-12-26 17:00:00,0.8995236570334297,2024-12-27 09:00:00,0.9027989676826159,初期損切り,initial,5,0.0015894838413079532,0.9027026247160457,0.9027026247160457,-0.0032753106491861805,-1.0303063686671377,0.6188531194002571,2.0000000000000218,False
SP500,売り,-1,2024-12-27 09:00:00,2024-12-27 13:00:00,5996.03056934807,2024-12-30 05:00:00,6012.12943065193,時間切れ,time,4,27.508559241697583,6051.047687831465,6051.047687831465,-16.098861303860758,-0.2926154940070078,0.07963228204074493,1.4100858685878752,False
USDJPY,買い,1,2024-12-25 17:00:00,2024-12-25 21:00:00,157.42479265018451,2024-12-30 17:00:00,156.6284326766719,初期損切り,initial,18,0.3972836616640435,156.63022532685642,156.63022532685642,-0.7963599735126081,-1.0022561337873959,1.6618034254169438,2.0000000000000218,False
USDCHF,買い,1,2024-12-30 05:00:00,2024-12-30 09:00:00,0.9059963429665703,2024-12-31 01:00:00,0.9023631115427682,初期損切り,initial,5,0.0017684442286159275,0.9024594545093384,0.9024594545093384,-0.003633231423802119,-1.0272394698716811,0.7937242298719694,2.0000000000000138,False
EURUSD,買い,1,2024-12-20 09:00:00,2024-12-20 13:00:00,1.0428663224968553,2024-12-31 09:00:00,1.0358768915643501,初期損切り,initial,39,0.0034815542178249126,1.0359032140612054,1.0359032140612054,-0.006989430932505147,-1.0037802796119841,0.8598681266595379,2.0000000000000058,False
AUDUSD,売り,-1,2024-12-26 05:00:00,2024-12-26 09:00:00,0.6224857478820957,2025-01-01 17:00:00,0.6205874174519124,トレイル,trail,21,0.0017287768893386997,0.625943301660773,0.620543165334008,0.0018983304301832815,0.549038583836414,2.6236745239177104,1.2692511864522418,True
USDCHF,買い,1,2024-12-31 09:00:00,2024-12-31 13:00:00,0.9078663429665702,2025-01-02 05:00:00,0.9047236570334297,時間切れ,time,4,0.0020240649033245193,0.9038182131599212,0.9038182131599212,-0.0031426859331404877,-0.7763303261616358,0.02650954193297469,1.954652224872797,False
EURUSD,売り,-1,2025-01-02 05:00:00,2025-01-02 09:00:00,1.0313036775031448,2025-01-02 13:00:00,1.0265263224968553,トレイル,trail,2,0.002536957695139826,1.0363775928934245,1.0261654365427098,0.004777355006289508,0.9415519650646362,3.5253553972455602,0.428198900965618,True
GBPUSD,売り,-1,2025-01-02 01:00:00,2025-01-02 05:00:00,1.2481837570146255,2025-01-03 01:00:00,1.2398550433638118,トレイル,trail,6,0.0030058669189582054,1.254195490852542,1.2397888003784372,0.008328713650813668,1.385409579892561,4.292857056724858,0.3347596591945265,True
SP500,売り,-1,2025-01-02 09:00:00,2025-01-02 13:00:00,5898.850569348069,2025-01-03 09:00:00,5971.513857281539,初期損切り,initial,6,36.25692864076934,5971.364426629608,5971.364426629608,-72.66328793346929,-1.0020607185651487,0.6583726267764523,1.9999999999999964,False
AUDUSD,買い,1,2025-01-05 17:00:00,2025-01-05 21:00:00,0.6227642521179044,2025-01-06 09:00:00,0.6273037960764605,トレイル,trail,4,0.0019146345370900987,0.6189349830437242,0.6273480481943648,0.004539543958556047,1.1854857599757238,3.894084086369285,0.4357239471781165,True
USDCHF,売り,-1,2025-01-06 01:00:00,2025-01-06 05:00:00,0.9059036570334298,2025-01-06 09:00:00,0.9043130392927493,トレイル,trail,2,0.002237797550786079,0.9103792521350019,0.9042166963261791,0.0015906177406804778,0.35539804307179973,2.2538486699380336,0.37820354494215047,True
USDJPY,売り,-1,2025-01-06 05:00:00,2025-01-06 09:00:00,156.6142073498155,2025-01-06 17:00:00,157.68904208789394,初期損切り,initial,3,0.5365210439469557,157.68724943770943,157.68724943770943,-1.0748347380784367,-1.0016706242977327,0.2725100002414205,2.000000000000024,False
EURUSD,買い,1,2025-01-06 05:00:00,2025-01-06 09:00:00,1.0417163224968553,2025-01-07 01:00:00,1.0396336775031447,時間切れ,time,4,0.0033712276328444865,1.0349738672311664,1.0349738672311664,-0.0020826449937105806,-0.3088852519806473,0.19389895146094563,1.9180913308423848,False
GBPUSD,買い,1,2025-01-07 01:00:00,2025-01-07 05:00:00,1.2564262429853745,2025-01-07 09:00:00,1.2491711135898513,初期損切り,initial,2,0.003594443205074283,1.249237356575226,1.249237356575226,-0.007255129395523197,-1.0092146379279432,0.1290205431458328,2.0000000000000058,False
SP500,買い,1,2025-01-06 01:00:00,2025-01-06 05:00:00,6017.249430651931,2025-01-07 13:00:00,5958.124006689732,初期損切り,initial,9,29.487996655134445,5958.273437341662,5958.273437341662,-59.12542396219942,-1.002533753880912,1.718345601454964,1.9999999999999927,False
USDCHF,買い,1,2025-01-08 01:00:00,2025-01-08 05:00:00,0.9119763429665703,2025-01-08 21:00:00,0.9106636570334298,時間切れ,time,4,0.002444353116931748,0.9070876367327068,0.9070876367327068,-0.0013126859331404894,-0.2685139728887098,0.3615095655814834,0.8617179539158708,False
GBPUSD,売り,-1,2025-01-08 09:00:00,2025-01-08 13:00:00,1.2345337570146253,2025-01-09 05:00:00,1.2303335329909004,トレイル,trail,5,0.004264860003683884,1.243063477021993,1.2302672900055258,0.004200224023724886,0.4924222624068355,2.500376801445815,0.744747302990301,True
SP500,売り,-1,2025-01-08 09:00:00,2025-01-08 13:00:00,5934.510569348069,2025-01-09 05:00:00,5952.709430651931,時間切れ,time,4,32.62607778587134,5999.762724919812,5999.762724919812,-18.19886130386203,-0.2789005381416551,0.1572536356267374,1.1410942772916701,False
USDCHF,買い,1,2025-01-10 01:00:00,2025-01-10 05:00:00,0.9135263429665702,2025-01-10 09:00:00,0.9159043737572041,トレイル,trail,2,0.0019461888508170357,0.9096339652649361,0.9160007167237744,0.0023780307906339226,0.610945538413601,2.771394477553104,0.2344803107769202,True
SP500,売り,-1,2025-01-10 05:00:00,2025-01-10 09:00:00,5902.95056934807,2025-01-10 13:00:00,5889.4104921704375,トレイル,trail,2,28.960707679004685,5960.871984706079,5889.261061518507,13.540077177632156,0.2337663383040904,1.9726924487238,0.6453374986233423,True
GBPUSD,売り,-1,2025-01-10 05:00:00,2025-01-10 09:00:00,1.2230937570146254,2025-01-13 09:00:00,1.2170790632745967,トレイル,trail,7,0.004695213526148024,1.2324841840669214,1.217012820289222,0.00601469374002872,0.6405133341148815,2.7951352886377077,0.6807449688016426,True
AUDUSD,売り,-1,2025-01-07 13:00:00,2025-01-07 17:00:00,0.6230057478820956,2025-01-13 13:00:00,0.616699661114483,トレイル,trail,24,0.0023769393310524036,0.6277596265442005,0.6166554089965787,0.006306086767612573,1.3265140353457228,4.171645339262967,0.5024327303194557,True
EURUSD,売り,-1,2025-01-10 05:00:00,2025-01-10 09:00:00,1.0256336775031447,2025-01-13 13:00:00,1.0225600463956985,トレイル,trail,8,0.003155815932562158,1.0319453093682691,1.0225337238988432,0.003073631107446184,0.48697883101039274,2.4822986101044986,0.6927915136926889,True
USDJPY,売り,-1,2025-01-13 01:00:00,2025-01-13 05:00:00,157.1112073498155,2025-01-13 21:00:00,157.4397926501845,時間切れ,time,4,0.5432378588776939,158.19768306757086,158.19768306757086,-0.32858530036901357,-0.30243225412147884,0.36302210273584706,1.685804174393309,False
EURUSD,買い,1,2025-01-14 09:00:00,2025-01-14 13:00:00,1.0288363224968553,2025-01-15 09:00:00,1.0303050714087787,トレイル,trail,6,0.0034057373962439077,1.0220248477043674,1.030331393905634,0.0014687489119233899,0.2156286203309791,1.9389861092718488,0.04883597221522822,True
GBPUSD,買い,1,2025-01-15 05:00:00,2025-01-15 09:00:00,1.2298162429853745,2025-01-15 09:00:00,1.219489756819202,初期損切り,initial,1,0.005130121590398904,1.2195559998045766,1.2195559998045766,-0.010326486166172488,-1.0064562782974438,0.0,2.0000000000000138,False
USDCHF,売り,-1,2025-01-14 13:00:00,2025-01-14 17:00:00,0.9128236570334297,2025-01-15 09:00:00,0.9116946126095736,トレイル,trail,5,0.002378846428668919,0.9175813498907676,0.9115982696430034,0.0011290444238560848,0.23730922901312307,2.015118326117418,0.22125975019950989,True
AUDUSD,買い,1,2025-01-15 05:00:00,2025-01-15 09:00:00,0.6243342521179044,2025-01-15 21:00:00,0.6195340483108192,初期損切り,initial,4,0.0023779758445904376,0.6195783004287235,0.6195783004287235,-0.004800203807085235,-1.009304576832651,0.15380639081245143,1.9999999999999933,False
USDJPY,売り,-1,2025-01-15 01:00:00,2025-01-15 05:00:00,156.86520734981548,2025-01-16 01:00:00,156.11779265018453,トレイル,trail,6,0.5737381095029503,158.0126835688214,156.07060716425443,0.7474146996309514,0.6513552849735424,2.884952772702226,0.3952894995610693,True
AUDUSD,売り,-1,2025-01-17 05:00:00,2025-01-17 09:00:00,0.6177057478820956,2025-01-17 09:00:00,0.6223307917929677,初期損切り,initial,1,0.0022903958964838192,0.6222865396750633,0.6222865396750633,-0.00462504391087204,-1.0096603643877324,-0.0,2.0000000000000115,False
USDJPY,売り,-1,2025-01-16 13:00:00,2025-01-16 17:00:00,155.1832073498155,2025-01-17 09:00:00,155.68879265018452,時間切れ,time,4,0.6473185438037637,156.47784443742302,156.47784443742302,-0.5055853003690345,-0.3905227999480144,0.32010105658012195,1.0239049329404675,False
USDCHF,買い,1,2025-01-17 09:00:00,2025-01-17 13:00:00,0.9147563429665703,2025-01-20 05:00:00,0.9137136570334298,時間切れ,time,4,0.0024739340496490003,0.9098084748672722,0.9098084748672722,-0.001042685933140497,-0.21073438341827105,0.2480490672404197,1.0818166179288344,False
AUDUSD,買い,1,2025-01-20 05:00:00,2025-01-20 09:00:00,0.6265942521179044,2025-01-20 17:00:00,0.6210775857166468,初期損切り,initial,3,0.0027362071416766154,0.6211218378345512,0.6211218378345512,-0.005516666401257586,-1.0080863976323884,0.7695864286083653,1.9999999999999927,False
SP500,買い,1,2025-01-15 05:00:00,2025-01-15 09:00:00,5970.62943065193,2025-01-20 17:00:00,6026.569815751382,トレイル,trail,20,34.307169064458456,5902.015092523014,6026.719246403312,55.940385099451305,0.8152871050704739,3.1349298785334705,0.5226146936881779,True
USDCHF,売り,-1,2025-01-22 01:00:00,2025-01-22 05:00:00,0.9042336570334297,2025-01-22 21:00:00,0.9065063429665703,時間切れ,time,4,0.002639546471193927,0.9095127499758175,0.9095127499758175,-0.0022726859331405613,-0.43050689918571,0.3650843218508769,1.2526178275901887,False
USDJPY,売り,-1,2025-01-20 13:00:00,2025-01-20 17:00:00,155.6072073498155,2025-01-22 21:00:00,156.73551229850673,初期損切り,initial,14,0.5632561492533591,156.73371964832222,156.73371964832222,-1.1283049486912375,-1.0015913276640616,1.484595154307626,2.0000000000000124,False
EURUSD,買い,1,2025-01-20 05:00:00,2025-01-20 09:00:00,1.0398463224968553,2025-01-24 05:00:00,1.0464351237236222,トレイル,trail,24,0.0033723691863482633,1.0331015841241586,1.0464614462204775,0.0065888012267669716,0.9768801786944314,3.4615656999835975,1.6742895527904302,True
SP500,買い,1,2025-01-21 09:00:00,2025-01-21 13:00:00,6081.829430651931,2025-01-26 17:00:00,6101.130569348069,トレイル,trail,20,29.47653294943139,6022.876364753069,6117.565200575853,19.30113869613797,0.3273983872060213,2.712346444720222,0.2513671015733854,True
GBPUSD,買い,1,2025-01-20 05:00:00,2025-01-20 09:00:00,1.2299562429853745,2025-01-27 01:00:00,1.2426356988686784,トレイル,trail,29,0.004998705430631264,1.219958832124112,1.242701941854053,0.01267945588330388,1.2682739620548764,4.0497999523186445,1.395609939850683,True
USDCHF,売り,-1,2025-01-23 21:00:00,2025-01-24 01:00:00,0.9050536570334298,2025-01-27 09:00:00,0.9001161573317986,トレイル,trail,9,0.0023198762434855627,0.9096934095204009,0.9000198143652284,0.004937499701631154,1.0641730815374595,3.669875519151912,0.9812346554961245,True
AUDUSD,買い,1,2025-01-23 09:00:00,2025-01-23 13:00:00,0.6297642521179043,2025-01-27 21:00:00,0.6247329274272759,初期損切り,initial,15,0.00249353628636199,0.6247771795451803,0.6247771795451803,-0.0050313246906283915,-1.0088733655384206,1.3177060626976107,2.0000000000000147,False
GBPUSD,買い,1,2025-01-27 05:00:00,2025-01-27 09:00:00,1.2503362429853746,2025-01-28 01:00:00,1.2444137570146254,時間切れ,time,4,0.0042529728804674895,1.2418302972244397,1.2418302972244397,-0.005922485970749181,-0.6962760094179318,0.207797472371433,1.6238624556231422,False
GBPUSD,売り,-1,2025-01-28 05:00:00,2025-01-28 09:00:00,1.2423437570146254,2025-01-29 01:00:00,1.2454962429853746,時間切れ,time,4,0.00406915315846772,1.2504820633315608,1.2504820633315608,-0.0031524859707492414,-0.387363887273334,0.025498429423694843,0.7854811212311958,False
GBPUSD,売り,-1,2025-01-29 05:00:00,2025-01-29 09:00:00,1.2397337570146254,2025-01-30 01:00:00,1.2449062429853746,時間切れ,time,4,0.0036238319715411874,1.2469814209577077,1.2469814209577077,-0.005172485970749152,-0.7136762978209134,0.012074791262144422,1.7291759205683062,False
GBPUSD,買い,1,2025-01-30 05:00:00,2025-01-30 09:00:00,1.2468162429853746,2025-01-31 01:00:00,1.2419937570146253,時間切れ,time,4,0.003579216322854785,1.2396578103396652,1.2396578103396652,-0.004822485970749302,-0.6736790313504835,0.24691355171304982,1.694852291167519,False
EURUSD,売り,-1,2025-01-27 17:00:00,2025-01-27 21:00:00,1.0437636775031447,2025-01-31 09:00:00,1.0420681044991613,トレイル,trail,22,0.0036678546682039587,1.0510993868395526,1.042041782002306,0.001695573003983375,0.2311396112122468,1.969455760002045,0.8196405716171391,True
SP500,買い,1,2025-01-30 17:00:00,2025-01-30 21:00:00,6117.869430651931,2025-01-31 13:00:00,6059.810035383673,初期損切り,initial,5,28.95498230816361,6059.959466035603,6059.959466035603,-58.05939526825841,-1.0025803961877928,1.0281674162748762,2.0000000000000155,False
AUDUSD,売り,-1,2025-01-28 17:00:00,2025-01-28 21:00:00,0.6231357478820956,2025-02-03 01:00:00,0.6121242521179043,トレイル,trail,20,0.0021724442173133803,0.6274806363167224,0.61203866632597,0.011011495764191248,2.5343563890926855,6.6081088608337515,1.4289214393469705,True
USDCHF,買い,1,2025-01-29 05:00:00,2025-01-29 09:00:00,0.9082463429665703,2025-02-03 05:00:00,0.916060869385678,トレイル,trail,18,0.002348525098501209,0.9035492927695679,0.9161572123522482,0.007814526419107737,1.6637093689343243,4.868441491524436,1.1012626470208022,True
EURUSD,売り,-1,2025-01-31 13:00:00,2025-02-02 17:00:00,1.0242636775031446,2025-02-03 09:00:00,1.0318866804461595,初期損切り,initial,5,0.003798340223079795,1.0318603579493042,1.0318603579493042,-0.007623002943014878,-1.0034649998827574,0.8671359882749224,1.9999999999999964,False
GBPUSD,売り,-1,2025-02-02 17:00:00,2025-02-02 21:00:00,1.2287637570146255,2025-02-03 09:00:00,1.2382346693433195,初期損切り,initial,4,0.004702334671659655,1.2381684263579449,1.2381684263579449,-0.009470912328694014,-1.007043627261788,0.8067815839417078,2.0000000000000204,False
SP500,売り,-1,2025-02-02 17:00:00,2025-02-02 21:00:00,5961.470569348069,2025-02-03 09:00:00,6034.050109379883,初期損切り,initial,4,36.2150546899417,6033.900678727952,6033.900678727952,-72.57954003181385,-1.0020631012877077,0.6983440882416507,1.9999999999999918,False
USDCHF,売り,-1,2025-02-04 05:00:00,2025-02-04 09:00:00,0.9086136570334298,2025-02-06 01:00:00,0.904821946612822,トレイル,trail,11,0.003030402430834511,0.9146744618950988,0.9047256036462518,0.0037917104206077745,0.6256116979756406,2.7830155320682413,0.03179213611695424,True
USDJPY,売り,-1,2025-01-27 01:00:00,2025-01-27 05:00:00,154.6002073498155,2025-02-06 01:00:00,152.87342288327824,トレイル,trail,48,0.7064201553958034,156.0130476606071,152.87163023309373,1.7267844665372536,1.2222078131177794,3.9469532805915795,1.9518025351527406,True
GBPUSD,買い,1,2025-02-04 09:00:00,2025-02-04 13:00:00,1.2483562429853745,2025-02-06 05:00:00,1.2377843455663864,初期損切り,initial,11,0.005252827216806717,1.237850588551761,1.237850588551761,-0.010571897418988119,-1.006305460149416,1.2609889381916828,2.000000000000014,False
GBPUSD,買い,1,2025-02-07 01:00:00,2025-02-07 05:00:00,1.2459862429853745,2025-02-07 09:00:00,1.2375840602612658,初期損切り,initial,2,0.004167969869367084,1.2376503032466404,1.2376503032466404,-0.008402182724108753,-1.0079466727748496,0.8046500142129495,1.9999999999999942,False
GBPUSD,売り,-1,2025-02-10 13:00:00,2025-02-10 17:00:00,1.2368237570146254,2025-02-11 13:00:00,1.2447839865051125,初期損切り,initial,6,0.003946993252556198,1.2447177435197379,1.2447177435197379,-0.007960229490487025,-1.0083915757053457,0.9003706840197462,2.000000000000005,False
USDJPY,売り,-1,2025-02-06 13:00:00,2025-02-06 17:00:00,151.41920734981548,2025-02-11 17:00:00,152.6998149715181,初期損切り,initial,19,0.6394074857590487,152.69802232133358,152.69802232133358,-1.2806076217026146,-1.001401805753329,0.7635308636337141,2.000000000000007,False
USDCHF,買い,1,2025-02-06 21:00:00,2025-02-07 01:00:00,0.9063663429665703,2025-02-12 01:00:00,0.9106904957639618,トレイル,trail,19,0.0021954408463119705,0.9019754612739463,0.910786838730532,0.004324152797391512,0.984802848287959,3.51348889512901,0.7772211077500241,True
USDCHF,買い,1,2025-02-12 05:00:00,2025-02-12 09:00:00,0.9145763429665702,2025-02-13 01:00:00,0.9112536570334298,時間切れ,time,4,0.002052763879433124,0.9104708152077039,0.9104708152077039,-0.0033226859331404457,-0.8093200505013791,0.24048408020808285,1.7519516017416124,False
USDJPY,売り,-1,2025-02-16 21:00:00,2025-02-17 01:00:00,151.5242073498155,2025-02-17 17:00:00,151.4887926501845,時間切れ,time,4,0.5344156834143068,152.59303871664412,152.59303871664412,0.035414699630990754,0.033134038474255854,0.34281806373084667,0.7911306934020758,False
EURUSD,買い,1,2025-02-04 09:00:00,2025-02-04 13:00:00,1.0377063224968552,2025-02-18 09:00:00,1.0440161830550365,トレイル,trail,60,0.004918329632072077,1.0278696632327111,1.0440425055518918,0.0063098605581812794,0.6414637722769869,2.7882794625473797,1.8759056808008527,True
AUDUSD,買い,1,2025-02-04 09:00:00,2025-02-04 13:00:00,0.6252342521179044,2025-02-18 13:00:00,0.6345557478820957,最大保有,max,60,0.0034178434497353677,0.6183985652184336,0.6322932348253969,0.009321495764191279,1.3636516565603687,3.5653323685843743,0.5191145071439006,True
GBPUSD,買い,1,2025-02-12 21:00:00,2025-02-13 01:00:00,1.2491562429853746,2025-02-19 05:00:00,1.2577584280752734,トレイル,trail,26,0.004116885959568086,1.2409224710662385,1.257824671060648,0.00860218508989874,1.044744155458853,3.6055788672326177,0.9439763509461555,True
SP500,買い,1,2025-02-05 09:00:00,2025-02-05 13:00:00,6071.3894306519305,2025-02-19 17:00:00,6156.550569348069,最大保有,max,60,34.132646583293244,6003.124137485344,6115.06103012506,85.16113869613855,1.247502716912406,2.779467133219771,1.4786263505459756,True
AUDUSD,売り,-1,2025-02-19 09:00:00,2025-02-19 13:00:00,0.6340957478820957,2025-02-20 05:00:00,0.6380096092392081,初期損切り,initial,5,0.0019348046196040372,0.6379653571213038,0.6379653571213038,-0.003913861357112469,-1.0114358104833994,0.6955471722881444,2.00000000000001,False
GBPUSD,売り,-1,2025-02-19 09:00:00,2025-02-19 13:00:00,1.2572237570146254,2025-02-20 05:00:00,1.2614462429853746,時間切れ,time,4,0.003196221116213229,1.2636161992470518,1.2636161992470518,-0.004222485970749146,-0.6605434694943445,0.17325366252555377,1.3723215090234921,False
EURUSD,売り,-1,2025-02-19 01:00:00,2025-02-19 05:00:00,1.0428836775031447,2025-02-20 09:00:00,1.0479197918455108,初期損切り,initial,8,0.0025048959227553453,1.0478934693486555,1.0478934693486555,-0.00503611434236606,-1.0052542096891626,1.1192790397697674,2.000000000000027,False
USDCHF,買い,1,2025-02-17 17:00:00,2025-02-17 21:00:00,0.9019163429665702,2025-02-20 13:00:00,0.8977380530550068,初期損切り,initial,17,0.002040973472496601,0.897834396021577,0.897834396021577,-0.0041782899115634375,-1.0236022094036294,1.7460574972934595,1.9999999999999978,False
USDJPY,売り,-1,2025-02-19 13:00:00,2025-02-19 17:00:00,151.44320734981548,2025-02-20 17:00:00,150.05271020510517,トレイル,trail,7,0.4359450366137697,152.31509742304303,150.05091755492066,1.3904971447103094,1.5948078632929081,4.693727827960911,0.0041121013750655125,True
SP500,売り,-1,2025-02-20 09:00:00,2025-02-20 13:00:00,6112.770569348069,2025-02-21 05:00:00,6137.689430651931,時間切れ,time,4,17.92418838492741,6148.618946117924,6148.618946117924,-24.918861303861377,-0.695118260551642,0.209246258046628,1.5068704965544133,False
SP500,売り,-1,2025-02-21 09:00:00,2025-02-21 13:00:00,6068.210569348069,2025-02-23 17:00:00,6055.823956243029,トレイル,trail,2,20.52968372739873,6109.269936802866,6055.674525591098,12.386613105039942,0.30167569236609526,2.110630145277895,0.01994334921899156,True
EURUSD,買い,1,2025-02-23 17:00:00,2025-02-23 21:00:00,1.0518463224968553,2025-02-24 05:00:00,1.0462528422279025,初期損切り,initial,3,0.0027835788860487544,1.0462791647247578,1.0462791647247578,-0.0055934802689527885,-1.0047281751178685,0.35697838783194247,1.999999999999992,False
USDCHF,売り,-1,2025-02-23 17:00:00,2025-02-23 21:00:00,0.8958236570334298,2025-02-24 13:00:00,0.8970463429665703,時間切れ,time,4,0.002093910266561025,0.9000114775665519,0.9000114775665519,-0.001222685933140455,-0.2919623521280493,0.21187967818626013,1.9228822891168937,False
SP500,売り,-1,2025-02-24 13:00:00,2025-02-24 17:00:00,6006.050569348069,2025-02-25 13:00:00,5976.769430651931,トレイル,trail,6,26.51504939246974,6059.080668133009,5964.012574088704,29.28113869613844,0.5521607420511588,3.0854390703606778,0.3692028065658163,True
AUDUSD,売り,-1,2025-02-24 13:00:00,2025-02-24 17:00:00,0.6350257478820956,2025-02-26 09:00:00,0.6334957383066651,トレイル,trail,11,0.0019676574591738234,0.6389610628004433,0.6334514861887607,0.001530009575430591,0.38878961586967703,2.3000689784674013,0.3121743142031672,True
GBPUSD,買い,1,2025-02-20 09:00:00,2025-02-20 13:00:00,1.2653262429853747,2025-02-26 17:00:00,1.2668456318705803,トレイル,trail,26,0.003085416762696671,1.2591554094599813,1.266911874855955,0.0015193888852056414,0.24622101357187273,2.0139117313909884,1.538282621251589,True
USDCHF,売り,-1,2025-02-25 05:00:00,2025-02-25 09:00:00,0.8936336570334298,2025-02-27 01:00:00,0.8977414562472494,初期損切り,initial,11,0.00200572812362471,0.8976451132806792,0.8976451132806792,-0.004107799213819652,-1.024016955597183,1.1934105152317382,1.999999999999996,False
EURUSD,買い,1,2025-02-25 05:00:00,2025-02-25 09:00:00,1.0500263224968553,2025-02-27 05:00:00,1.044611452549753,初期損切り,initial,12,0.0026942737251235754,1.0446377750466083,1.0446377750466083,-0.005414869947102385,-1.0048848965511155,1.0591639136494213,1.999999999999975,False
USDJPY,売り,-1,2025-02-21 09:00:00,2025-02-21 13:00:00,149.2142073498155,2025-02-28 01:00:00,150.3740128273842,初期損切り,initial,28,0.5790064136921058,150.3722201771997,150.3722201771997,-1.1598054775687103,-1.0015480400062131,1.1264250868252101,1.9999999999999762,False
GBPUSD,売り,-1,2025-02-27 05:00:00,2025-02-27 09:00:00,1.2632137570146253,2025-02-28 09:00:00,1.2620968866384077,トレイル,trail,7,0.003160429102022042,1.2695346152186695,1.262030643653033,0.0011168703762176602,0.17669600237244473,1.8743521285876374,0.4196401635860517,True
SP500,売り,-1,2025-02-27 13:00:00,2025-02-27 17:00:00,5887.550569348069,2025-02-28 13:00:00,5961.9666890388335,初期損切り,initial,6,37.13334451941684,5961.817258386903,5961.817258386903,-74.41611969076439,-1.0020120817807372,0.8184172403909954,1.9999999999999993,False
EURUSD,売り,-1,2025-02-28 13:00:00,2025-03-02 17:00:00,1.0403636775031446,2025-03-03 05:00:00,1.0459839189445246,初期損切り,initial,4,0.002796959472262371,1.0459575964476693,1.0459575964476693,-0.005620241441379958,-1.004705555642879,0.5376114734792538,1.9999999999999694,False
USDCHF,買い,1,2025-02-28 01:00:00,2025-02-28 05:00:00,0.9019863429665702,2025-03-03 09:00:00,0.8976979404240176,初期損切り,initial,8,0.0020960297879911963,0.8977942833905879,0.8977942833905879,-0.004288402542552583,-1.0229822512833953,0.7794054468068615,1.9999999999999765,False
SP500,買い,1,2025-03-03 05:00:00,2025-03-03 09:00:00,5985.529430651931,2025-03-03 13:00:00,5909.062145341749,初期損切り,initial,2,38.15892732912556,5909.21157599368,5909.21157599368,-76.46728531018198,-1.001958003832786,0.2958827760195215,2.000000000000003,False
GBPUSD,買い,1,2025-03-03 01:00:00,2025-03-03 05:00:00,1.2629462429853746,2025-03-04 09:00:00,1.2706363877716633,トレイル,trail,8,0.0031449128286414334,1.2566564173280916,1.270702630757038,0.007690144786288711,1.2226324234256702,3.9663283831030407,0.021063536251726758,True
USDCHF,売り,-1,2025-03-04 01:00:00,2025-03-04 05:00:00,0.8914136570334298,2025-03-04 09:00:00,0.8906811688708453,トレイル,trail,2,0.002269883936183384,0.8959534249057965,0.890584825904275,0.0007324881625845325,0.16134925467073633,1.8651425149729677,0.3023691897323377,True
AUDUSD,売り,-1,2025-03-03 21:00:00,2025-03-04 01:00:00,0.6201457478820956,2025-03-04 13:00:00,0.6245624645673451,初期損切り,initial,4,0.002186232283672537,0.6245182124494407,0.6245182124494407,-0.0044167166852494555,-1.010120634992647,0.21303677819323463,2.0000000000000027,False
SP500,売り,-1,2025-03-04 05:00:00,2025-03-04 09:00:00,5820.49056934807,2025-03-04 13:00:00,5807.733674538122,トレイル,trail,2,42.34949592412721,5905.189561196324,5807.584243886191,12.75689480994788,0.15061448231642427,1.8047574753900535,0.3565433382957497,True
USDJPY,売り,-1,2025-03-03 13:00:00,2025-03-03 17:00:00,149.51520734981548,2025-03-04 13:00:00,149.12710733852,トレイル,trail,6,0.6848764588903207,150.8849602675961,149.1253146883355,0.388100011295478,0.28333577994803744,2.0692890395323524,0.19827320449084598,True
USDCHF,売り,-1,2025-03-05 01:00:00,2025-03-05 05:00:00,0.8856436570334297,2025-03-05 09:00:00,0.8907637251039441,初期損切り,initial,2,0.002511862551972038,0.8906673821373738,0.8906673821373738,-0.00512006807051435,-1.0191775952260278,-0.0,2.0000000000000133,False
GBPUSD,買い,1,2025-03-05 01:00:00,2025-03-05 05:00:00,1.2836362429853747,2025-03-06 05:00:00,1.2866022516925621,トレイル,trail,7,0.0038343368813754017,1.275967569222624,1.2866684946779368,0.0029660087071874397,0.38676944657553314,2.290815149104583,0.844016341155153,True
EURUSD,買い,1,2025-03-04 01:00:00,2025-03-04 05:00:00,1.0512463224968553,2025-03-06 09:00:00,1.0798792732076936,トレイル,trail,14,0.003089602863634025,1.0450671167695873,1.079905595704549,0.028632950710838267,4.633759090506518,10.776037883388133,0.5199122889749218,True
SP500,買い,1,2025-03-05 13:00:00,2025-03-05 17:00:00,5847.29943065193,2025-03-06 09:00:00,5779.310569348069,時間切れ,time,4,50.49805577044801,5746.303319111034,5746.303319111034,-67.98886130386109,-0.6731829598838622,0.11843167537490142,1.54103815413566,False
USDCHF,売り,-1,2025-03-06 05:00:00,2025-03-06 09:00:00,0.8847436570334297,2025-03-07 05:00:00,0.8810810597236959,トレイル,trail,6,0.0028431445047503736,0.8904299460429305,0.8809847167571256,0.0036625973097338393,0.6441102982304119,2.8221066569158215,0.7830565639032785,True
GBPUSD,買い,1,2025-03-07 01:00:00,2025-03-07 05:00:00,1.2938962429853746,2025-03-09 21:00:00,1.2937237570146254,時間切れ,time,4,0.003674288218403201,1.2865476665485682,1.2865476665485682,-0.00017248597074925875,-0.023472025123850923,0.13166006199581037,1.2046531796839661,False
SP500,売り,-1,2025-03-07 09:00:00,2025-03-07 13:00:00,5718.390569348069,2025-03-10 05:00:00,5705.9294306519305,時間切れ,time,4,48.459487304894346,5815.309543957858,5815.309543957858,12.461138696138732,0.1285727459076953,0.3085168700610589,1.4950515302833924,False
SP500,売り,-1,2025-03-10 09:00:00,2025-03-10 13:00:00,5645.830569348069,2025-03-11 01:00:00,5633.391276969947,トレイル,trail,4,50.034564212011176,5745.899697772091,5633.2418463180165,12.439292378121536,0.12430699231647739,1.751600533117673,0.03176665325186738,True
USDJPY,売り,-1,2025-03-06 01:00:00,2025-03-06 05:00:00,147.8852073498155,2025-03-11 05:00:00,147.613578154971,トレイル,trail,19,0.7111903365243483,149.3075880228642,147.6117855047865,0.2716291948444791,0.19096800173913756,1.8844566369745903,0.714003866624709,True
AUDUSD,売り,-1,2025-03-06 17:00:00,2025-03-06 21:00:00,0.6319157478820956,2025-03-11 09:00:00,0.6298412093802273,トレイル,trail,16,0.002604638174881974,0.6371250242318596,0.6297969572623229,0.0020745385018683393,0.3982392874899686,2.3134683121077626,0.45467049102053037,True
EURUSD,買い,1,2025-03-07 01:00:00,2025-03-07 05:00:00,1.0861763224968553,2025-03-12 05:00:00,1.0881811145406188,トレイル,trail,19,0.0043550419750173035,1.0774662385468206,1.0882074370374741,0.0020047920437635813,0.23016908393352695,1.9663823109559742,1.3033909958658163,True
SP500,売り,-1,2025-03-11 09:00:00,2025-03-11 13:00:00,5556.760569348069,2025-03-12 05:00:00,5611.349430651931,時間切れ,time,4,54.19037458478357,5665.141318517636,5665.141318517636,-54.58886130386145,-0.5036767296972124,0.40377224766800146,1.5999046198930642,False
USDCHF,買い,1,2025-03-11 13:00:00,2025-03-11 17:00:00,0.8828563429665702,2025-03-12 09:00:00,0.8836036570334298,時間切れ,time,4,0.003038131274786101,0.8767800804169981,0.8767800804169981,0.0007473140668595724,0.12298910074453363,0.4027663464001895,0.9269984447161417,False
AUDUSD,買い,1,2025-03-12 13:00:00,2025-03-12 17:00:00,0.6321242521179044,2025-03-13 09:00:00,0.6275757478820956,時間切れ,time,4,0.0025427153816042557,0.6270388213546958,0.6270388213546958,-0.00454850423580877,-0.8944186731861073,0.49386096893920717,1.9405444091785042,False
SP500,売り,-1,2025-03-13 09:00:00,2025-03-13 13:00:00,5538.650569348069,2025-03-14 13:00:00,5640.398073326292,初期損切り,initial,7,50.79903666314618,5640.248642674362,5640.248642674362,-101.747503978223,-1.0014708020244707,0.5702976129286875,1.9999999999999978,False
EURUSD,売り,-1,2025-03-13 01:00:00,2025-03-13 05:00:00,1.0872936775031448,2025-03-18 01:00:00,1.0945085773956087,初期損切り,initial,18,0.0035942886978043687,1.0944822548987534,1.0944822548987534,-0.007214899892463933,-1.0036617115468875,1.4004655514231976,1.9999999999999702,False
AUDUSD,買い,1,2025-03-17 01:00:00,2025-03-17 05:00:00,0.6340942521179044,2025-03-18 09:00:00,0.6360100039226192,トレイル,trail,8,0.002043829306317637,0.6300065935052691,0.6360542560405236,0.0019157518047148159,0.4686672704988319,2.45898611325352,0.11950710225621622,True
USDCHF,売り,-1,2025-03-18 01:00:00,2025-03-18 05:00:00,0.8795336570334298,2025-03-19 05:00:00,0.8789822972488417,トレイル,trail,7,0.0019773028548475866,0.883488262743125,0.8788859542822715,0.0005513597845880902,0.1394221889773658,1.8275688140390094,0.5746934334233592,True
USDJPY,買い,1,2025-03-13 21:00:00,2025-03-14 01:00:00,148.49879265018453,2025-03-19 13:00:00,149.24365779986726,トレイル,trail,22,0.6023663666321405,147.29405991692025,149.24545045005178,0.7448651496827381,0.6182824863274781,2.739540985732426,0.39642427501328953,True
AUDUSD,売り,-1,2025-03-19 01:00:00,2025-03-19 05:00:00,0.6327157478820956,2025-03-19 21:00:00,0.6344142521179044,時間切れ,time,4,0.0019812779211970163,0.6366783037244896,0.6366783037244896,-0.001698504235808751,-0.4286385614145885,0.31078319477946137,1.854485975235896,False
SP500,買い,1,2025-03-17 05:00:00,2025-03-17 09:00:00,5694.04943065193,2025-03-20 05:00:00,5708.870327658405,トレイル,trail,18,40.70682779310971,5612.635775065711,5709.019758310335,14.820897006474297,0.1820443622111838,1.867759623385317,1.0536176110286406,True
AUDUSD,売り,-1,2025-03-20 01:00:00,2025-03-20 05:00:00,0.6310457478820957,2025-03-23 17:00:00,0.6292688678209574,トレイル,trail,10,0.002263077135368639,0.635571902152833,0.629224615703053,0.0017768800611382973,0.3925805341250236,2.3047150274204236,0.13886054213224083,True
SP500,売り,-1,2025-03-21 05:00:00,2025-03-21 09:00:00,5665.690569348069,2025-03-23 17:00:00,5745.709430651931,初期損切り,initial,3,36.071472076631785,5737.833513501333,5737.833513501333,-80.01886130386174,-1.1091709971506878,0.39340144804521276,2.2141993673630216,False
EURUSD,売り,-1,2025-03-20 05:00:00,2025-03-20 09:00:00,1.0833536775031447,2025-03-25 05:00:00,1.0823939987600835,トレイル,trail,18,0.0031184508421520096,1.0895905791874487,1.0823676762632282,0.000959678743061243,0.1538710711885038,1.816183031198987,0.8967024456686734,True
USDJPY,買い,1,2025-03-23 17:00:00,2025-03-23 21:00:00,149.7437926501845,2025-03-25 05:00:00,150.180011987251,トレイル,trail,9,0.5081302417096474,148.7275321667652,150.1818046374355,0.43621933706648974,0.4292396921690714,2.3620073187875734,0.48962378099641174,True
GBPUSD,買い,1,2025-03-11 13:00:00,2025-03-11 17:00:00,1.2951462429853746,2025-03-25 17:00:00,1.2942637570146254,最大保有,max,60,0.003853318610807208,1.2874396057637603,1.2874396057637603,-0.0008824859707492472,-0.11450986278090051,1.6592858417399106,1.6417648329498755,False
AUDUSD,買い,1,2025-03-25 05:00:00,2025-03-25 09:00:00,0.6320242521179044,2025-03-26 01:00:00,0.6309957478820957,時間切れ,time,4,0.0021144415774845223,0.6277953689629353,0.6277953689629353,-0.0010285042358086915,-0.2432094238877641,0.25337558994323706,1.974162900670117,False
SP500,買い,1,2025-03-24 01:00:00,2025-03-24 05:00:00,5776.58943065193,2025-03-26 09:00:00,5785.361762912092,トレイル,trail,14,34.36587095731844,5707.857688737294,5785.5111935640225,8.77233226016142,0.1276314555079433,1.7596111392949418,0.23597337783181724,True
GBPUSD,売り,-1,2025-03-26 05:00:00,2025-03-26 09:00:00,1.2892437570146253,2025-03-27 05:00:00,1.2952803414705802,初期損切り,initial,6,0.0029851707352901964,1.2952140984852056,1.2952140984852056,-0.0060365844559548965,-1.0110953428209968,0.711435694286628,1.9999999999999645,False
EURUSD,売り,-1,2025-03-26 13:00:00,2025-03-26 17:00:00,1.0753736775031446,2025-03-27 09:00:00,1.081034049214911,初期損切り,initial,5,0.002817024607455564,1.0810077267180558,1.0810077267180558,-0.0056603717117664765,-1.0046720388571833,0.7361233187869477,2.0000000000000164,False
USDJPY,買い,1,2025-03-27 09:00:00,2025-03-27 13:00:00,151.0137926501845,2025-03-28 05:00:00,150.5342073498155,時間切れ,time,4,0.461965765363802,150.0898611194569,150.0898611194569,-0.479585300369024,-0.5190701739460569,0.4290520308564124,1.4130758145475197,False
USDCHF,買い,1,2025-03-20 05:00:00,2025-03-20 09:00:00,0.8829263429665702,2025-03-31 01:00:00,0.8781490359151946,初期損切り,initial,41,0.0023404820424027264,0.8782453788817648,0.8782453788817648,-0.00477730705137569,-1.0205818640828648,0.9201766962581783,1.999999999999999,False
USDJPY,売り,-1,2025-03-28 13:00:00,2025-03-30 17:00:00,149.63420734981548,2025-03-31 05:00:00,149.4082394110001,トレイル,trail,4,0.47029784054373536,150.57480303090296,149.40644676081558,0.22596793881538701,0.24023918391176743,1.984290101644016,0.23770606740459815,True
SP500,売り,-1,2025-03-28 05:00:00,2025-03-28 09:00:00,5712.270569348069,2025-03-31 09:00:00,5594.183939417518,トレイル,trail,7,27.88967251039148,5768.049914368852,5594.034508765587,118.08662993055168,2.117031490537465,5.7394209017129345,0.7984830457809503,True
AUDUSD,売り,-1,2025-03-30 21:00:00,2025-03-31 01:00:00,0.6278557478820956,2025-03-31 13:00:00,0.6247935146254899,トレイル,trail,4,0.0018928416717237243,0.6316414312255431,0.6247492625075856,0.0030622332566057064,0.8088984151054406,3.1411754986782148,0.6309308040628717,True
GBPUSD,売り,-1,2025-03-31 09:00:00,2025-03-31 13:00:00,1.2906337570146253,2025-04-01 05:00:00,1.2926562429853745,時間切れ,time,4,0.003271335425212061,1.2971764278650495,1.2971764278650495,-0.002022485970749166,-0.30912237784635926,0.10508155537218516,1.041239293018668,False
USDCHF,買い,1,2025-03-31 09:00:00,2025-03-31 13:00:00,0.8845263429665703,2025-04-01 05:00:00,0.8824836570334298,時間切れ,time,4,0.002059315783946591,0.8804077113986771,0.8804077113986771,-0.002042685933140498,-0.4959622873442404,0.4922300121873849,0.979132478024345,False
AUDUSD,買い,1,2025-04-01 09:00:00,2025-04-01 13:00:00,0.6272642521179044,2025-04-02 13:00:00,0.6280542267049384,トレイル,trail,7,0.0021876807847715373,0.6228888905483613,0.6280984788228428,0.0007899745870340036,0.18055069837725476,1.8813292646465745,0.4224803382367726,True
SP500,買い,1,2025-04-02 09:00:00,2025-04-02 13:00:00,5722.059430651931,2025-04-02 13:00:00,5635.756532477861,初期損切り,initial,1,43.0767337610694,5635.905963129791,5635.905963129791,-86.30289817406992,-1.0017344705469078,0.0,2.000000000000009,False
EURUSD,買い,1,2025-03-28 09:00:00,2025-03-28 13:00:00,1.0821863224968553,2025-04-02 17:00:00,1.0849136775031447,トレイル,trail,20,0.00294615124092171,1.076294020015012,1.0880607731386174,0.0027273550062894003,0.46286744692647575,3.4939406233347965,1.4786486302354125,True
GBPUSD,買い,1,2025-04-02 05:00:00,2025-04-02 09:00:00,1.2944062429853747,2025-04-02 17:00:00,1.2977669418576505,トレイル,trail,3,0.003071210104649879,1.288263822776075,1.2978331848430251,0.003360698872275858,0.5471294307067573,2.615827879200483,0.3146131174522444,True
EURUSD,買い,1,2025-04-03 01:00:00,2025-04-03 05:00:00,1.1009663224968553,2025-04-03 09:00:00,1.1078879439881084,トレイル,trail,2,0.004517155676690891,1.0919320111434736,1.1079142664849637,0.006921621491253083,0.7661482121337491,3.038123652448062,0.12758526340574255,True
USDCHF,売り,-1,2025-04-02 17:00:00,2025-04-02 21:00:00,0.8781136570334298,2025-04-03 13:00:00,0.8601163429665702,トレイル,trail,5,0.002192746633612632,0.8824991503006551,0.8580191199504189,0.01799731406685956,4.103828912784217,10.664094371406863,0.24003820528183892,True
USDJPY,売り,-1,2025-04-02 17:00:00,2025-04-02 21:00:00,147.88920734981548,2025-04-03 13:00:00,146.18713029465866,トレイル,trail,5,0.6648917629827708,149.21899087578103,146.18533764447415,1.7020770551568205,1.279965514628376,4.062627182652414,0.33207307185463864,True
AUDUSD,買い,1,2025-04-03 05:00:00,2025-04-03 09:00:00,0.6362042521179043,2025-04-03 21:00:00,0.6298214405181004,初期損切り,initial,4,0.0031692797409497704,0.6298656926360048,0.6298656926360048,-0.006382811599803917,-1.0069814155772685,0.8411210432616636,2.0000000000000004,False
AUDUSD,売り,-1,2025-04-04 01:00:00,2025-04-04 05:00:00,0.6205857478820956,2025-04-04 09:00:00,0.6116542521179044,トレイル,trail,2,0.003728995736256599,0.6280437393546089,0.6105834936043849,0.008931495764191277,1.1975738772441284,4.182291690617916,0.046728966785911125,True
SP500,売り,-1,2025-04-03 13:00:00,2025-04-03 17:00:00,5426.260569348069,2025-04-04 09:00:00,5303.869430651931,トレイル,trail,5,59.34940668560777,5544.959382719285,5300.594110028412,122.39113869613811,1.031106674279677,3.61740043140367,0.1438840104529955,True
USDCHF,売り,-1,2025-04-03 21:00:00,2025-04-04 01:00:00,0.8530236570334297,2025-04-04 13:00:00,0.8602076981709276,初期損切り,initial,4,0.0035438490854637927,0.8601113552043573,0.8601113552043573,-0.007184041137497821,-1.013592983821661,1.5078681130492955,1.9999999999999987,False
GBPUSD,売り,-1,2025-04-04 01:00:00,2025-04-04 05:00:00,1.2982437570146255,2025-04-06 17:00:00,1.293068058783821,トレイル,trail,4,0.005107877198964382,1.3084595114125541,1.2930018157984464,0.0051756982308044375,0.5066388667149052,2.5262465231626487,1.3285838169230757,True
GBPUSD,売り,-1,2025-04-07 09:00:00,2025-04-07 13:00:00,1.2729737570146253,2025-04-08 05:00:00,1.2753562429853746,時間切れ,time,4,0.006874188297836713,1.2867221336102987,1.2867221336102987,-0.002382485970749304,-0.1732921668365606,0.3045824356141408,0.9755687064151304,False
USDJPY,買い,1,2025-04-07 09:00:00,2025-04-07 13:00:00,147.94379265018452,2025-04-08 05:00:00,147.42520734981548,時間切れ,time,4,1.1088248391277746,145.72614297192897,145.72614297192897,-0.5185853003690397,-0.23384455419350544,0.18777298493714067,0.8773185951982602,False
EURUSD,売り,-1,2025-04-07 13:00:00,2025-04-07 17:00:00,1.0908336775031446,2025-04-08 09:00:00,1.0948763224968554,時間切れ,time,4,0.006619059375498654,1.104071796254142,1.104071796254142,-0.0040426449937107645,-0.3053791153978134,0.047390042202344426,1.2624637464028972,False
USDCHF,売り,-1,2025-04-08 17:00:00,2025-04-08 21:00:00,0.8433136570334298,2025-04-09 13:00:00,0.8551162822449039,初期損切り,initial,5,0.005853141122451943,0.8550199392783336,0.8550199392783336,-0.011802625211474127,-1.008230022525912,1.2580692792770165,2.0000000000000004,False
USDJPY,売り,-1,2025-04-09 05:00:00,2025-04-09 09:00:00,144.3202073498155,2025-04-09 13:00:00,146.4440641180103,初期損切り,initial,2,1.0610320590051419,146.44227146782578,146.44227146782578,-2.1238567681947984,-1.000844767210048,0.10763798213843409,2.000000000000002,False
SP500,買い,1,2025-04-09 13:00:00,2025-04-09 17:00:00,5495.569430651931,2025-04-10 09:00:00,5385.41056934807,時間切れ,time,4,149.0094068354509,5197.550616981029,5197.550616981029,-110.15886130386116,-0.3696372720465498,0.2223387774749996,0.9112809287394957,False
EURUSD,買い,1,2025-04-08 17:00:00,2025-04-08 21:00:00,1.1015063224968553,2025-04-10 21:00:00,1.1291039360219561,トレイル,trail,13,0.006279827654125669,1.088946667188604,1.1291302585188114,0.027597613525100817,2.1973225257997298,5.898836647022946,1.6125159884288531,True
GBPUSD,買い,1,2025-04-08 17:00:00,2025-04-08 21:00:00,1.2815362429853747,2025-04-11 09:00:00,1.3050389332857955,トレイル,trail,16,0.006276549152553217,1.2689831446802682,1.30510517627117,0.023502690300420737,1.8722621084597222,5.2550782624251156,1.143342115381281,True
USDCHF,売り,-1,2025-04-10 09:00:00,2025-04-10 13:00:00,0.8264636570334297,2025-04-14 05:00:00,0.8218068157330263,トレイル,trail,11,0.007846981844304001,0.8421576207220377,0.821710472766456,0.004656841300403447,0.2967281811530999,2.1057340721928632,0.3002865322392343,True
GBPUSD,買い,1,2025-04-14 01:00:00,2025-04-14 05:00:00,1.3172362429853746,2025-04-14 21:00:00,1.3173237570146255,時間切れ,time,4,0.006953501995944445,1.3033292389934856,1.3033292389934856,8.751402925089025e-05,0.006292802482974181,0.4161582201764258,0.7142074580939247,False
EURUSD,売り,-1,2025-04-15 09:00:00,2025-04-15 13:00:00,1.1274136775031447,2025-04-16 05:00:00,1.1370063224968554,時間切れ,time,4,0.00749490070284227,1.1424034789088293,1.1424034789088293,-0.009592644993710708,-0.6399447687194119,0.1045614257234233,1.5779158344780302,False
SP500,売り,-1,2025-04-15 17:00:00,2025-04-15 21:00:00,5377.270569348069,2025-04-16 13:00:00,5358.289430651931,時間切れ,time,4,77.79885142045751,5532.8682721889845,5532.8682721889845,18.98113869613826,0.12198855349133789,0.4784205507985412,0.6075851993812463,False
EURUSD,買い,1,2025-04-16 13:00:00,2025-04-16 17:00:00,1.1391863224968553,2025-04-17 09:00:00,1.1356236775031447,時間切れ,time,4,0.0061023609056350975,1.126981600685585,1.126981600685585,-0.0035626449937105065,-0.2919071035622177,0.28737689072526273,0.9269072387429779,False
EURUSD,買い,1,2025-04-18 09:00:00,2025-04-18 13:00:00,1.1394763224968554,2025-04-21 09:00:00,1.150889989645049,トレイル,trail,6,0.004282458572063819,1.1309114053527278,1.1509163121419044,0.011413667148193696,1.3326068374192324,4.171360260126399,0.1018859819687758,True
USDCHF,売り,-1,2025-04-20 17:00:00,2025-04-20 21:00:00,0.8118736570334297,2025-04-21 17:00:00,0.8103542941571292,トレイル,trail,6,0.004178634127039312,0.8202309252875084,0.810257951190559,0.0015193628763005007,0.18180137697016024,1.8866588444333499,0.027842343462765012,True
SP500,売り,-1,2025-04-21 09:00:00,2025-04-21 13:00:00,5156.170569348069,2025-04-22 05:00:00,5236.789430651931,時間切れ,time,4,58.68183935995019,5273.534248067969,5273.534248067969,-80.6188613038621,-0.6869149142492944,0.48141928842383297,1.6657526709812744,False
GBPUSD,買い,1,2025-04-15 21:00:00,2025-04-16 01:00:00,1.3264862429853745,2025-04-22 09:00:00,1.3344360347525355,トレイル,trail,27,0.005278481508059925,1.3159292799692548,1.33450227773791,0.00794979176716093,0.753037758588533,3.0186251463220084,1.1757629492303956,True
USDJPY,売り,-1,2025-04-10 17:00:00,2025-04-10 21:00:00,143.3562073498155,2025-04-22 17:00:00,141.72224517690714,トレイル,trail,48,1.2216350178150779,145.79947738544564,141.72045252672262,1.6339621729083547,0.6687603699469639,2.838988158687899,0.6931633735409937,True
EURUSD,売り,-1,2025-04-22 05:00:00,2025-04-22 09:00:00,1.1470136775031448,2025-04-22 21:00:00,1.1397963224968553,トレイル,trail,4,0.0048916904992584226,1.1567970585016616,1.1381575357488876,0.007217355006289505,0.7377158272159341,3.3104460524638206,0.4551233356224788,True
AUDUSD,買い,1,2025-04-09 13:00:00,2025-04-09 17:00:00,0.6153742521179044,2025-04-23 17:00:00,0.6359057478820956,最大保有,max,60,0.007051606455343741,0.6012710392072169,0.6333725903169845,0.02053149576419122,1.4558027234086748,4.052374173609868,0.5394872986738491,True
USDJPY,買い,1,2025-04-23 13:00:00,2025-04-23 17:00:00,143.41979265018452,2025-04-24 09:00:00,142.4032073498155,時間切れ,time,4,0.7085036421818979,142.00278536582073,142.00278536582073,-1.0165853003690302,-0.7174171308691994,0.0,1.5946179848916981,False
GBPUSD,買い,1,2025-04-24 13:00:00,2025-04-24 17:00:00,1.3343862429853746,2025-04-25 09:00:00,1.3321937570146254,時間切れ,time,4,0.003955286331833205,1.3264756703217082,1.3264756703217082,-0.0021924859707491695,-0.27715894461337154,0.12230644611795484,1.7637769810058774,False
USDCHF,買い,1,2025-04-22 17:00:00,2025-04-22 21:00:00,0.8228463429665702,2025-04-28 09:00:00,0.8260891909566638,トレイル,trail,22,0.004856310717844052,0.8131337215308821,0.826185533923234,0.003242847990093556,0.333879788434667,2.187598292340357,0.641709962074617,True
USDJPY,買い,1,2025-04-24 21:00:00,2025-04-25 01:00:00,143.62179265018452,2025-04-28 09:00:00,142.34358804162434,初期損切り,initial,9,0.638205979187829,142.34538069180886,142.34538069180886,-1.2782046085601735,-1.001404444836757,0.642750715587963,2.000000000000005,False
EURUSD,買い,1,2025-04-28 09:00:00,2025-04-28 13:00:00,1.1411863224968553,2025-04-29 05:00:00,1.1384936775031447,時間切れ,time,4,0.004567839439269141,1.1320506436183169,1.1320506436183169,-0.00269264499371058,-0.2947394528102553,0.28540353059199053,0.828908841301371,False
GBPUSD,買い,1,2025-04-28 05:00:00,2025-04-28 09:00:00,1.3343362429853747,2025-04-29 05:00:00,1.339027950821982,トレイル,trail,6,0.0036838707950955984,1.3269685013951835,1.3390941938073566,0.004691707836607328,0.6367904980344969,2.7915628931167173,0.05055632939751251,True
USDJPY,売り,-1,2025-04-28 13:00:00,2025-04-28 17:00:00,142.01320734981547,2025-04-29 09:00:00,142.3107926501845,時間切れ,time,4,0.6085107028988487,143.23022875561318,143.23022875561318,-0.2975853003690361,-0.24451936420459558,0.006914175536181387,1.2288898890720508,False
SP500,買い,1,2025-04-22 17:00:00,2025-04-22 21:00:00,5397.329430651931,2025-04-30 05:00:00,5505.562718282946,トレイル,trail,33,60.9519007100825,5275.425629231766,5505.7121489348765,108.23328763101472,0.8878581830107807,3.278167981971023,0.6872538864895841,True
AUDUSD,買い,1,2025-04-28 09:00:00,2025-04-28 13:00:00,0.6418742521179044,2025-04-30 09:00:00,0.6363374958927672,初期損切り,initial,12,0.002746252053616416,0.6363817480106716,0.6363817480106716,-0.005536756225137163,-1.0080568201753473,1.1199801846466795,1.9999999999999838,False
GBPUSD,売り,-1,2025-04-30 01:00:00,2025-04-30 05:00:00,1.3366637570146254,2025-05-01 05:00:00,1.3328082349033852,トレイル,trail,7,0.0034879946120071415,1.3436397462386396,1.3327419919180106,0.003855522111240184,0.5526846426264334,2.62436099617652,0.22828102504336625,True
USDJPY,買い,1,2025-04-30 01:00:00,2025-04-30 05:00:00,142.9127926501845,2025-05-01 21:00:00,145.16056081893248,トレイル,trail,11,0.5090976872553312,141.89459727567385,145.162353469117,2.2477681687479674,2.207600058906405,5.918721348078408,0.79118931448319,True
USDCHF,買い,1,2025-04-30 21:00:00,2025-05-01 01:00:00,0.8276063429665702,2025-05-02 05:00:00,0.8207847861516426,初期損切り,initial,8,0.003362606924178659,0.8208811291182129,0.8208811291182129,-0.006821556814927576,-1.0143256361422306,1.7021487085731413,2.0000000000000053,False
AUDUSD,買い,1,2025-05-02 05:00:00,2025-05-02 09:00:00,0.6446242521179044,2025-05-05 17:00:00,0.6453990379002107,トレイル,trail,9,0.0026511399879233046,0.6393219721420578,0.6454432900181151,0.0007747857823062754,0.1461231368082494,1.8089380055152022,0.4504673926479281,True
GBPUSD,買い,1,2025-05-05 05:00:00,2025-05-05 09:00:00,1.3331762429853746,2025-05-06 01:00:00,1.3301937570146254,時間切れ,time,4,0.0036938305798501453,1.3257885818256743,1.3257885818256743,-0.002982485970749238,-0.4037117981288457,0.12825629231879807,1.934642867585037,False
SP500,買い,1,2025-04-30 13:00:00,2025-04-30 17:00:00,5622.109430651931,2025-05-06 01:00:00,5648.725667984623,トレイル,trail,21,50.41660090896412,5521.276228834003,5648.875098636554,26.616237332692435,0.2639630285741858,2.030889974771466,0.4179066075869595,True
USDJPY,売り,-1,2025-05-05 05:00:00,2025-05-05 09:00:00,143.6372073498155,2025-05-06 01:00:00,143.7157926501845,時間切れ,time,4,0.5973133354233763,144.83183402066226,144.83183402066226,-0.07858530036901357,-0.06578230863815575,0.1593926406280765,1.0711173051761913,False
GBPUSD,買い,1,2025-05-06 05:00:00,2025-05-06 09:00:00,1.3396862429853746,2025-05-07 01:00:00,1.3342237570146254,時間切れ,time,4,0.004304720427300685,1.3310768021307733,1.3310768021307733,-0.005462485970749276,-0.6344762758698569,0.014810953626861554,1.4696060039702674,False
AUDUSD,買い,1,2025-05-06 13:00:00,2025-05-06 17:00:00,0.6496142521179044,2025-05-07 13:00:00,0.6444740216099325,初期損切り,initial,6,0.0025479891950337384,0.6445182737278369,0.6445182737278369,-0.005140230507971855,-1.0086837334299983,0.7361679106613402,2.000000000000001,False
USDCHF,売り,-1,2025-05-07 09:00:00,2025-05-07 13:00:00,0.8201836570334298,2025-05-08 01:00:00,0.8271088472279841,初期損切り,initial,4,0.003414423613992017,0.8270125042614138,0.8270125042614138,-0.006925190194554287,-1.0141082328178974,0.47552887895227963,2.000000000000004,False
EURUSD,売り,-1,2025-04-30 13:00:00,2025-04-30 17:00:00,1.1326536775031446,2025-05-09 01:00:00,1.1257335175676322,トレイル,trail,39,0.004038130047184529,1.1407299375975137,1.1257071950707769,0.006920159935512427,0.8568520397624776,3.220222566187787,1.3536766852436195,True
USDJPY,買い,1,2025-05-08 01:00:00,2025-05-08 05:00:00,144.81179265018451,2025-05-09 01:00:00,145.2253260019566,トレイル,trail,6,0.6419208985725822,143.52795085303936,145.22711865214112,0.41353335177208805,0.3221061603475196,2.147004954785171,0.5869767615018822,True
GBPUSD,売り,-1,2025-05-07 13:00:00,2025-05-07 17:00:00,1.3291837570146254,2025-05-09 05:00:00,1.3278394522433468,トレイル,trail,10,0.004368806171981396,1.3379213693585883,1.3277732092579722,0.0013443047712786704,0.15385264513451558,1.822868010418862,1.475515903341411,True
SP500,買い,1,2025-05-07 21:00:00,2025-05-08 01:00:00,5697.909430651931,2025-05-12 09:00:00,5806.633783599078,トレイル,trail,15,39.157857165994166,5619.593716319942,5806.783214251009,108.72435294714705,1.3882827204544594,4.28038154992882,1.1456048389411877,True
USDCHF,買い,1,2025-05-08 09:00:00,2025-05-08 13:00:00,0.8309463429665702,2025-05-12 09:00:00,0.8418203227934787,トレイル,trail,12,0.00376888949330068,0.8234085639799689,0.841916665760049,0.01087397982690852,1.4425973282365219,4.410757349871601,1.060350263300073,True
AUDUSD,売り,-1,2025-05-08 01:00:00,2025-05-08 05:00:00,0.6413357478820956,2025-05-12 21:00:00,0.6398727666560787,トレイル,trail,17,0.002785676358782901,0.6469071005996614,0.6398285145381744,0.0014629812260168462,0.26258994900901594,2.0410654899550877,1.70667784249771,True
GBPUSD,売り,-1,2025-05-12 01:00:00,2025-05-12 05:00:00,1.3193337570146253,2025-05-13 09:00:00,1.3290494236331374,初期損切り,initial,8,0.004824711816568746,1.3289831806477628,1.3289831806477628,-0.009715666618512087,-1.0068649680947892,1.0992899091737272,1.9999999999999967,False
EURUSD,売り,-1,2025-05-12 01:00:00,2025-05-12 05:00:00,1.1137136775031447,2025-05-14 01:00:00,1.122492731492422,初期損切り,initial,12,0.004376365746211053,1.1224664089955667,1.1224664089955667,-0.008779053989277363,-1.0030073465498224,1.639186009385838,1.9999999999999898,False
USDJPY,買い,1,2025-05-12 01:00:00,2025-05-12 05:00:00,147.75979265018452,2025-05-14 01:00:00,146.2951282024343,初期損切り,initial,12,0.731435898782855,146.29692085261883,146.29692085261883,-1.4646644477502093,-1.0012254321858431,1.2211696900600721,1.999999999999982,False
SP500,買い,1,2025-05-13 09:00:00,2025-05-13 13:00:00,5915.729430651931,2025-05-14 05:00:00,5905.260569348069,時間切れ,time,4,39.35487995213218,5837.019670747666,5837.019670747666,-10.468861303861559,-0.13300588537679395,0.27596499751185416,0.4316981953088242,False
USDCHF,売り,-1,2025-05-13 17:00:00,2025-05-13 21:00:00,0.8390436570334298,2025-05-14 09:00:00,0.8378631421892643,トレイル,trail,4,0.003537866148462738,0.8461193893303552,0.837766799222694,0.0011805148441654811,0.16683995304322558,1.860911848315824,0.2618366347671883,True
AUDUSD,買い,1,2025-05-13 09:00:00,2025-05-13 13:00:00,0.6473742521179043,2025-05-15 05:00:00,0.6413086967681508,初期損切り,initial,11,0.0030106516159245744,0.6413529488860552,0.6413529488860552,-0.006065555349753504,-1.0073492591554412,0.9086896230786498,1.9999999999999933,False
SP500,売り,-1,2025-05-15 01:00:00,2025-05-15 05:00:00,5870.310569348069,2025-05-15 09:00:00,5929.494636855647,初期損切り,initial,2,29.517318427823415,5929.345206203716,5929.345206203716,-59.18406750757731,-1.002531236912592,0.11283441469162359,1.9999999999999911,False
USDJPY,売り,-1,2025-05-15 17:00:00,2025-05-15 21:00:00,145.0902073498155,2025-05-16 13:00:00,145.94279265018451,時間切れ,time,4,0.6329490518281258,146.35610545347174,146.35610545347174,-0.8525853003690145,-0.673502312632052,0.2673317059671584,1.6001171772977505,False
EURUSD,売り,-1,2025-05-16 09:00:00,2025-05-16 13:00:00,1.1144836775031446,2025-05-19 01:00:00,1.1217268186304725,初期損切り,initial,4,0.0036084093152362654,1.1217004961336172,1.1217004961336172,-0.0072431411273279345,-1.0036473823443834,0.14789827220852533,2.000000000000028,False
USDJPY,売り,-1,2025-05-18 17:00:00,2025-05-18 21:00:00,144.9052073498155,2025-05-19 13:00:00,144.98579265018452,時間切れ,time,4,0.6140709098018096,146.13334916941912,146.13334916941912,-0.08058530036902312,-0.06561563093343072,0.39280048275428037,0.7161919627921196,False
AUDUSD,買い,1,2025-05-19 05:00:00,2025-05-19 09:00:00,0.6440042521179044,2025-05-20 05:00:00,0.6391843262121347,初期損切り,initial,6,0.0023878368939326054,0.6392285783300391,0.6392285783300391,-0.004819925905769629,-1.009266151724362,1.0493798334646216,2.0000000000000178,False
GBPUSD,買い,1,2025-05-13 13:00:00,2025-05-13 17:00:00,1.3307762429853747,2025-05-20 05:00:00,1.333842856356858,トレイル,trail,28,0.00432060043851158,1.3221350421083515,1.3339090993422327,0.0030666133714833954,0.35488277788304634,2.225097449172407,1.3160770282506018,True
USDCHF,売り,-1,2025-05-20 13:00:00,2025-05-20 17:00:00,0.8282436570334297,2025-05-21 05:00:00,0.8258039510066053,トレイル,trail,4,0.003158405360023406,0.8345604677534766,0.8257076080400351,0.0024397060268244175,0.38622433613244905,2.302952345982545,0.16664832615607664,True
SP500,買い,1,2025-05-16 01:00:00,2025-05-16 05:00:00,5948.62943065193,2025-05-21 13:00:00,5891.963214683273,初期損切り,initial,21,28.258392658363565,5892.1126453352035,5892.1126453352035,-56.666215968657525,-1.0026440048048197,1.5227536069831593,1.9999999999999878,False
USDJPY,売り,-1,2025-05-20 01:00:00,2025-05-20 05:00:00,144.48520734981548,2025-05-21 17:00:00,144.15588706199225,トレイル,trail,10,0.580062941205165,145.64533323222582,144.15409441180773,0.3293202878232364,0.2838659949030925,2.0708224306138363,0.8461024059989486,True
EURUSD,買い,1,2025-05-20 13:00:00,2025-05-20 17:00:00,1.1283063224968553,2025-05-22 01:00:00,1.1308525331322035,トレイル,trail,9,0.00360076291396084,1.1211047966689336,1.1308788556290588,0.0025462106353482117,0.3535654382403338,2.2144411319693518,0.08784874328403056,True
GBPUSD,買い,1,2025-05-20 17:00:00,2025-05-20 21:00:00,1.3409762429853747,2025-05-23 09:00:00,1.3480720912568318,トレイル,trail,16,0.0034744438385291426,1.3340273553083164,1.3481383342422064,0.00709584827145715,1.0211487940557817,3.5613633691266267,0.6033319526218046,True
SP500,売り,-1,2025-05-23 05:00:00,2025-05-23 09:00:00,5774.630569348069,2025-05-25 17:00:00,5846.011447116481,初期損切り,initial,3,35.61572355824028,5845.86201646455,5845.86201646455,-71.38087776841166,-1.0020978185616072,0.3108337622276733,2.0000000000000098,False
USDCHF,売り,-1,2025-05-23 09:00:00,2025-05-23 13:00:00,0.8207936570334298,2025-05-26 05:00:00,0.8217063429665702,時間切れ,time,4,0.0031368053418408754,0.8270672677171115,0.8270672677171115,-0.0009126859331404225,-0.14548016750774861,0.4857352839547056,0.6459893891219406,False
AUDUSD,買い,1,2025-05-23 09:00:00,2025-05-23 13:00:00,0.6488142521179043,2025-05-26 09:00:00,0.6499139313089578,トレイル,trail,6,0.0025078777154252047,0.6437984966870539,0.6499581834268622,0.001099679191053471,0.21924497839142507,1.9561352022556158,0.041569856960369626,True
SP500,買い,1,2025-05-25 21:00:00,2025-05-26 01:00:00,5878.449430651931,2025-05-26 21:00:00,5881.95056934807,時間切れ,time,4,37.4729867905795,5803.503457070772,5803.503457070772,3.501138696138696,0.04671550089808778,0.4384643647407294,0.2196096803791339,False
USDJPY,売り,-1,2025-05-21 21:00:00,2025-05-22 01:00:00,143.29920734981548,2025-05-27 01:00:00,143.00633628445098,トレイル,trail,19,0.5930290895109699,144.4852655288374,143.00454363426647,0.29287106536449414,0.2469280770071538,1.9968790245888277,1.7381822720274325,True
EURUSD,買い,1,2025-05-25 17:00:00,2025-05-25 21:00:00,1.1397363224968553,2025-05-27 21:00:00,1.1322661181625875,初期損切り,initial,13,0.0037219409187063024,1.1322924406594428,1.1322924406594428,-0.007470204334267816,-1.0035361250259127,0.5759568864649838,1.9999999999999756,False
GBPUSD,売り,-1,2025-05-27 01:00:00,2025-05-27 05:00:00,1.3536437570146254,2025-05-28 05:00:00,1.351159852554685,トレイル,trail,7,0.003309073046206892,1.360261903107039,1.3510936095693105,0.0024839044599402893,0.37531726034085694,2.2706531133358157,0.8661770064762541,True
USDCHF,買い,1,2025-05-27 01:00:00,2025-05-27 05:00:00,0.8250863429665702,2025-05-29 01:00:00,0.8302893557448638,トレイル,trail,12,0.0029495341923773386,0.8191872745818156,0.8303856987114341,0.005203012778293603,0.88200584209874,3.296675474574681,0.19201098533925964,True
USDJPY,買い,1,2025-05-28 05:00:00,2025-05-28 09:00:00,144.5167926501845,2025-05-29 01:00:00,145.47321515175727,トレイル,trail,5,0.5419947987054801,143.43280305277355,145.47500780194179,0.9564225015727743,0.882317047928438,3.267941600262452,0.0033075044055664335,True
SP500,買い,1,2025-05-27 01:00:00,2025-05-27 05:00:00,5901.029430651931,2025-05-29 05:00:00,5958.617238266781,トレイル,trail,13,32.702220720858556,5835.624989210214,5958.766668918712,57.587807614850135,0.8804877214060073,3.2655448772001683,0.9953278381235494,True
AUDUSD,売り,-1,2025-05-27 21:00:00,2025-05-28 01:00:00,0.6426357478820957,2025-06-01 21:00:00,0.6470249676772335,初期損切り,initial,18,0.002172483838616732,0.6469807155593291,0.6469807155593291,-0.004389219795137844,-1.010184682877217,0.886426793085751,2.000000000000002,False
SP500,売り,-1,2025-05-30 09:00:00,2025-05-30 13:00:00,5864.770569348069,2025-06-02 05:00:00,5887.62943065193,時間切れ,time,4,36.10408591379147,5936.978741175652,5936.978741175652,-22.858861303860976,-0.31656889691713636,0.102220268278822,1.8781650036465245,False
GBPUSD,買い,1,2025-06-02 01:00:00,2025-06-02 05:00:00,1.3543562429853746,2025-06-02 21:00:00,1.3546637570146254,時間切れ,time,4,0.0037382616825453402,1.346879719620284,1.346879719620284,0.0003075140292507772,0.04113061836824039,0.4263363964237555,0.6971804562381612,False
EURUSD,買い,1,2025-05-29 05:00:00,2025-05-29 09:00:00,1.1349363224968554,2025-06-03 05:00:00,1.1394579041781296,トレイル,trail,18,0.003990515550009974,1.1269552913968355,1.139484226674985,0.004521581681274256,0.5665410427059925,2.6396783501114967,0.9237709891510346,True
USDCHF,売り,-1,2025-05-29 05:00:00,2025-05-29 09:00:00,0.8243436570334297,2025-06-03 05:00:00,0.8208481452482848,トレイル,trail,18,0.0033678681878096745,0.831079393409049,0.8207518022817145,0.0034955117851449558,0.5189502068099487,2.5665069270573846,0.23942236501089198,True
USDJPY,売り,-1,2025-05-29 17:00:00,2025-05-29 21:00:00,143.7722073498155,2025-06-03 05:00:00,143.28512890157933,トレイル,trail,15,0.6035575009298899,144.97932235167528,143.28333625139481,0.4870784482361614,0.4035062504282762,2.3099826407052735,1.1196822989414228,True
SP500,買い,1,2025-06-02 13:00:00,2025-06-02 17:00:00,5947.08943065193,2025-06-03 09:00:00,5940.03056934807,時間切れ,time,4,36.10824599617713,5874.872938659576,5874.872938659576,-7.058861303860795,-0.0977458349071862,0.010262734670327846,1.0388051154825308,False
USDJPY,買い,1,2025-06-03 21:00:00,2025-06-04 01:00:00,144.2567926501845,2025-06-04 09:00:00,143.19572293148394,初期損切り,initial,3,0.5296385342580302,143.19751558166845,143.19751558166845,-1.0610697187005655,-1.0016923336092005,0.2552823125018646,1.9999999999999862,False
AUDUSD,買い,1,2025-06-02 01:00:00,2025-06-02 05:00:00,0.6478142521179043,2025-06-05 21:00:00,0.6500560923910904,トレイル,trail,23,0.0024731036606701106,0.6428680447965641,0.6501003445089948,0.00224184027318608,0.45324429963009155,2.4243819527043464,1.2430745086808674,True
EURUSD,買い,1,2025-06-05 09:00:00,2025-06-05 13:00:00,1.1448163224968553,2025-06-06 05:00:00,1.1414436775031447,時間切れ,time,4,0.0034552432075328566,1.1379058360817895,1.1379058360817895,-0.003372644993710594,-0.4880474095655281,0.26732633498301167,1.0524071037684297,False
GBPUSD,買い,1,2025-06-05 09:00:00,2025-06-05 13:00:00,1.3587262429853746,2025-06-06 05:00:00,1.3537737570146253,時間切れ,time,4,0.0033303333759808844,1.3520655762334128,1.3520655762334128,-0.004952485970749265,-0.7435420739658845,0.05817946516187745,1.5752906370310131,False
SP500,売り,-1,2025-06-05 09:00:00,2025-06-05 13:00:00,5965.750569348069,2025-06-06 09:00:00,6021.318652252575,初期損切り,initial,6,27.709326126287785,6021.169221600644,6021.169221600644,-55.5680829045059,-1.0026963963549544,1.3295368202086466,1.9999999999999851,False
USDJPY,買い,1,2025-06-06 01:00:00,2025-06-06 05:00:00,144.0587926501845,2025-06-09 01:00:00,144.2881475222789,トレイル,trail,6,0.5347065516910569,142.98937954680238,144.28994017246342,0.22935487209440453,0.21446798376516,1.9322885544377617,0.10434255949934654,True
USDJPY,買い,1,2025-06-09 21:00:00,2025-06-10 01:00:00,144.9397926501845,2025-06-10 17:00:00,144.8522073498155,時間切れ,time,4,0.5112209953280867,143.91735065952832,143.91735065952832,-0.0875853003689997,-0.08566285536922247,0.20970842511406215,1.0011182147479092,False
GBPUSD,売り,-1,2025-06-10 01:00:00,2025-06-10 05:00:00,1.3487437570146255,2025-06-10 21:00:00,1.3492962429853745,時間切れ,time,4,0.0035255940779406678,1.3557949451705067,1.3557949451705067,-0.0005524859707490837,-0.07835359921409271,0.21946854842617708,1.3972802530494204,False
SP500,買い,1,2025-06-09 21:00:00,2025-06-10 01:00:00,6031.00943065193,2025-06-11 09:00:00,6038.518346813053,トレイル,trail,9,24.06148169001118,5982.886467271908,6038.667777464983,7.508916161122215,0.1560360300720684,1.8182824279783358,1.6428510580186337,True
USDCHF,買い,1,2025-06-06 01:00:00,2025-06-06 05:00:00,0.8221263429665703,2025-06-11 21:00:00,0.8169478656830611,初期損切り,initial,23,0.0025410671584694916,0.8170442086496313,0.8170442086496313,-0.005178477283509175,-1.0189571862060152,1.0679202335857192,1.9999999999999811,False
EURUSD,買い,1,2025-06-11 05:00:00,2025-06-11 09:00:00,1.1461063224968553,2025-06-12 09:00:00,1.1584110012523678,トレイル,trail,7,0.0032017841671845393,1.1397027541624862,1.1584373237492231,0.012304678755512555,1.921534699562926,5.351290595646586,0.2518353688919443,True
USDJPY,売り,-1,2025-06-11 17:00:00,2025-06-11 21:00:00,144.04420734981548,2025-06-12 21:00:00,143.58120046138066,トレイル,trail,7,0.5222718741307778,145.08875109807704,143.57940781119615,0.4630068884348191,0.4432623231007854,2.389957054250511,0.18341529561387007,True
AUDUSD,売り,-1,2025-06-11 21:00:00,2025-06-12 01:00:00,0.6494257478820956,2025-06-13 01:00:00,0.6488847409728843,トレイル,trail,7,0.0021136592366532625,0.6536530663554021,0.6488404888549799,0.0005410069092113279,0.12797874412054008,1.7768937475666358,1.9181200297564416,True
SP500,売り,-1,2025-06-11 17:00:00,2025-06-11 21:00:00,6008.590569348069,2025-06-13 01:00:00,5969.736329891785,トレイル,trail,8,27.95126615990287,6064.493101667875,5969.586899239855,38.85423945628372,0.695035409737924,2.895416933354064,1.510108000491303,True
EURUSD,買い,1,2025-06-16 01:00:00,2025-06-16 05:00:00,1.1578663224968553,2025-06-17 09:00:00,1.1499166426873089,初期損切り,initial,8,0.003961678656345503,1.1499429651841642,1.1499429651841642,-0.007949679809546417,-1.0033221393175404,0.9121581573398648,2.0000000000000275,False
GBPUSD,買い,1,2025-06-11 17:00:00,2025-06-11 21:00:00,1.3583662429853747,2025-06-17 09:00:00,1.351067332670605,初期損切り,initial,22,0.003616333664697447,1.3511335756559797,1.3511335756559797,-0.007298910314769591,-1.0091588597066359,1.358767600067809,2.0000000000000244,False
USDCHF,買い,1,2025-06-16 13:00:00,2025-06-16 17:00:00,0.8135463429665702,2025-06-17 09:00:00,0.8141936570334297,時間切れ,time,4,0.0027874480380636535,0.807971446890443,0.807971446890443,0.0006473140668594723,0.11611231097766753,0.39952566585005284,0.5439896801174343,False
AUDUSD,買い,1,2025-06-16 05:00:00,2025-06-16 09:00:00,0.6527642521179043,2025-06-17 13:00:00,0.6472952510985333,初期損切り,initial,8,0.0027123744507333617,0.6473395032164376,0.6473395032164376,-0.005469001019371089,-1.0081574499959622,0.9016999409629245,1.9999999999999964,False
USDJPY,買い,1,2025-06-16 17:00:00,2025-06-16 21:00:00,145.06379265018452,2025-06-17 13:00:00,145.22220734981548,時間切れ,time,4,0.5370884509749803,143.98961574823457,143.98961574823457,0.15841469963095278,0.14747542918059542,0.4211733642844713,1.226599918483841,False
SP500,買い,1,2025-06-16 01:00:00,2025-06-16 05:00:00,6065.9294306519305,2025-06-19 05:00:00,5994.944634532554,初期損切り,initial,19,35.417682733722806,5995.094065184485,5995.094065184485,-70.98479611937637,-1.002109548682987,1.1903819249000906,2.0000000000000004,False
GBPUSD,売り,-1,2025-06-18 17:00:00,2025-06-18 21:00:00,1.3414837570146254,2025-06-19 21:00:00,1.3496549801898041,初期損切り,initial,7,0.004052490094902084,1.3495887372044295,1.3495887372044295,-0.00817122317517871,-1.0081731211950244,0.7905650450955404,1.9999999999999833,False
EURUSD,売り,-1,2025-06-18 21:00:00,2025-06-19 01:00:00,1.1468936775031446,2025-06-20 13:00:00,1.1539471427570098,初期損切り,initial,10,0.003513571378504991,1.1539208202601545,1.1539208202601545,-0.007053465253865188,-1.0037458320921326,0.641420725627457,1.9999999999999727,False
AUDUSD,売り,-1,2025-06-19 05:00:00,2025-06-19 09:00:00,0.6461857478820956,2025-06-23 09:00:00,0.6412507754724911,トレイル,trail,13,0.002631015569724424,0.6514477790215445,0.6412065233545867,0.004934972409604499,0.9378455350838906,3.3925104757287476,1.282490364835756,True
USDJPY,買い,1,2025-06-19 01:00:00,2025-06-19 05:00:00,145.2877926501845,2025-06-23 09:00:00,147.31131414414938,トレイル,trail,14,0.47926213711075255,144.329268375963,147.3131067943339,2.0235214939648642,2.111080072133102,5.725900582005164,0.33967350553898257,True
USDCHF,売り,-1,2025-06-23 09:00:00,2025-06-23 13:00:00,0.8130336570334298,2025-06-25 05:00:00,0.8076646789810552,トレイル,trail,11,0.0027255573429899875,0.8184847717194098,0.807568336014485,0.005368978052374573,0.9849321398765186,3.5052122671355233,0.18577593602004114,True
USDCHF,売り,-1,2025-06-25 17:00:00,2025-06-25 21:00:00,0.8034836570334297,2025-06-26 05:00:00,0.8018011189953275,トレイル,trail,3,0.002436517352504819,0.8083566917384394,0.8017047760287572,0.0016825380381022548,0.34527520117444493,2.230091662529597,0.3719829721871581,True
EURUSD,買い,1,2025-06-23 09:00:00,2025-06-23 13:00:00,1.1545063224968553,2025-06-26 17:00:00,1.1688194967063195,トレイル,trail,20,0.0037827871978835257,1.1469407481010883,1.1688458192031748,0.014313174209464208,1.8918820251734552,5.29072254298165,0.11534418248519152,True
USDJPY,売り,-1,2025-06-24 01:00:00,2025-06-24 05:00:00,145.0932073498155,2025-06-26 17:00:00,144.5660826880155,トレイル,trail,16,0.5395266918873396,146.17226073359018,144.564290037831,0.5271246617999736,0.4885065648522579,2.480335764546245,1.5917519245995695,True
AUDUSD,買い,1,2025-06-24 01:00:00,2025-06-24 05:00:00,0.6503242521179043,2025-06-27 13:00:00,0.6519335569085424,トレイル,trail,21,0.0029547939823688354,0.6444146641531667,0.6519778090264468,0.0016093047906380331,0.27232098079268896,2.0596183417216816,0.6309245683551012,True
GBPUSD,買い,1,2025-06-23 13:00:00,2025-06-23 17:00:00,1.3517862429853746,2025-06-27 13:00:00,1.370253862649867,トレイル,trail,24,0.004499929576505516,1.3427863838323637,1.3703201056352416,0.018467619664492396,2.05198985345385,5.618700600701364,0.09027763178687123,True
EURUSD,買い,1,2025-06-27 05:00:00,2025-06-27 09:00:00,1.1747163224968553,2025-06-30 01:00:00,1.1729936775031446,時間切れ,time,4,0.003919735119653664,1.166876852257548,1.166876852257548,-0.0017226449937106647,-0.2197399749122426,0.1820728904783033,1.5093679333561705,False
USDCHF,売り,-1,2025-06-27 05:00:00,2025-06-27 09:00:00,0.7962736570334298,2025-06-30 01:00:00,0.7984763429665702,時間切れ,time,4,0.0027104578695745637,0.8016945727725789,0.8016945727725789,-0.002202685933140436,-0.40633096678351466,0.18213049498800163,1.6625762817252663,False
USDJPY,売り,-1,2025-06-29 21:00:00,2025-06-30 01:00:00,143.9462073498155,2025-06-30 17:00:00,144.0437926501845,時間切れ,time,4,0.5060741629509106,144.9583556757173,144.9583556757173,-0.09758530036901902,-0.0964140312953349,0.3264488920994655,1.1199794253070559,False
EURUSD,買い,1,2025-06-30 09:00:00,2025-06-30 13:00:00,1.1762763224968553,2025-07-01 09:00:00,1.1772313737056006,トレイル,trail,6,0.003814869198362695,1.16864658410013,1.177257696202456,0.0009550512087452834,0.1251748302609146,1.7572496341478114,0.059326410706929504,True
USDCHF,売り,-1,2025-06-30 09:00:00,2025-06-30 13:00:00,0.7941036570334298,2025-07-01 09:00:00,0.7913109352061013,トレイル,trail,6,0.0026630614930207024,0.7994297800194712,0.7912145922395311,0.0027927218273284815,0.5243442246165908,2.5848659715407605,0.03993259894632391,True
GBPUSD,買い,1,2025-06-30 17:00:00,2025-06-30 21:00:00,1.3741362429853745,2025-07-02 05:00:00,1.3668564666154117,初期損切り,initial,9,0.003606766692294105,1.3669227096007863,1.3669227096007863,-0.007279776369962798,-1.0091831536423075,1.3180106783124867,1.9999999999999942,False
EURUSD,売り,-1,2025-07-02 05:00:00,2025-07-02 09:00:00,1.1756236775031448,2025-07-03 01:00:00,1.1789863224968553,時間切れ,time,4,0.0034754202707878304,1.1825745180447205,1.1825745180447205,-0.0033626449937105285,-0.4837753036625212,0.156435038292976,1.5440787239347977,False
USDJPY,買い,1,2025-07-02 01:00:00,2025-07-02 05:00:00,143.97379265018452,2025-07-03 21:00:00,144.4879034473607,トレイル,trail,11,0.4968692683031967,142.98005411357812,144.48969609754522,0.5141107971761869,0.5173501663041767,2.5383082236550925,1.0582112513822595,True
EURUSD,売り,-1,2025-07-03 05:00:00,2025-07-03 09:00:00,1.1738136775031447,2025-07-04 01:00:00,1.1780363224968553,時間切れ,time,4,0.003519259253401702,1.180852196009948,1.180852196009948,-0.004222644993710611,-0.5999337772045381,0.12322976851603411,1.473697196886611,False
USDCHF,買い,1,2025-07-03 05:00:00,2025-07-03 09:00:00,0.7975863429665703,2025-07-04 01:00:00,0.7930336570334298,時間切れ,time,4,0.002601712305947903,0.7923829183546744,0.7923829183546744,-0.00455268593314051,-0.874940308106394,0.02446736070093865,1.7705043543974734,False
AUDUSD,買い,1,2025-06-30 09:00:00,2025-06-30 13:00:00,0.6572842521179044,2025-07-06 21:00:00,0.652682312664475,初期損切り,initial,27,0.0022788436677625415,0.6527265647823793,0.6527265647823793,-0.00460193945342946,-1.0097093360396734,0.7660674169060605,2.000000000000001,False
SP500,買い,1,2025-06-23 13:00:00,2025-06-23 17:00:00,6075.979430651931,2025-07-07 09:00:00,6275.970486491728,トレイル,trail,58,38.00005523756095,5999.979320176809,6276.119917143658,199.9910558397969,2.631457435910735,6.766847251682414,0.011037632690483197,True
EURUSD,売り,-1,2025-07-07 09:00:00,2025-07-07 13:00:00,1.1694136775031447,2025-07-08 01:00:00,1.175502642722891,初期損切り,initial,4,0.003031321361445443,1.1754763202260357,1.1754763202260357,-0.006088965219746223,-1.0043417529381948,0.2486300240979136,2.0000000000000115,False
GBPUSD,売り,-1,2025-07-06 21:00:00,2025-07-07 01:00:00,1.3616237570146255,2025-07-08 13:00:00,1.3579262429853747,トレイル,trail,10,0.0034188664700316165,1.3684614899546887,1.3576982997050475,0.0036975140292507813,0.5407514539777548,2.6481750878505887,0.9202591013580842,True
AUDUSD,買い,1,2025-07-07 21:00:00,2025-07-08 01:00:00,0.6540842521179043,2025-07-08 17:00:00,0.6530057478820956,時間切れ,time,4,0.0023405016276168986,0.6494032488626705,0.6494032488626705,-0.001078504235808686,-0.23040023195942408,0.310082195001347,1.3989531471670786,False
USDJPY,買い,1,2025-07-07 01:00:00,2025-07-07 05:00:00,145.3407926501845,2025-07-09 05:00:00,146.52457598975224,トレイル,trail,13,0.43842090670883066,144.46395083676686,146.52636863993675,1.183783339567725,1.3500534776662845,4.204195834665383,0.14550549302816673,True
USDCHF,買い,1,2025-07-07 01:00:00,2025-07-07 05:00:00,0.7972463429665703,2025-07-09 17:00:00,0.7926007293091502,初期損切り,initial,16,0.002274635345424954,0.7926970722757204,0.7926970722757204,-0.004645613657420111,-1.021177672888092,0.9863809766002746,1.999999999999984,False
SP500,買い,1,2025-07-09 13:00:00,2025-07-09 17:00:00,6304.829430651931,2025-07-10 09:00:00,6302.270569348069,時間切れ,time,4,20.22824056571013,6264.372949520511,6264.372949520511,-2.558861303861704,-0.06324972494640374,0.3485507958621392,0.8487851722030592,False
SP500,売り,-1,2025-07-13 17:00:00,2025-07-13 21:00:00,6270.730569348069,2025-07-14 13:00:00,6305.749430651931,時間切れ,time,4,22.34210717049246,6315.414783689054,6315.414783689054,-35.01886130386174,-0.7836964758210373,0.4901314484128961,1.6520120671821756,False
AUDUSD,買い,1,2025-07-10 09:00:00,2025-07-10 13:00:00,0.6573842521179044,2025-07-15 09:00:00,0.6530028743106743,初期損切り,initial,18,0.002168562844662899,0.6530471264285787,0.6530471264285787,-0.004381377807230136,-1.0102030978749932,0.9987019225316582,1.999999999999983,False
SP500,買い,1,2025-07-14 21:00:00,2025-07-15 01:00:00,6323.329430651931,2025-07-15 13:00:00,6282.572408111518,初期損切り,initial,4,20.303795944241337,6282.721838763448,6282.721838763448,-40.757022540413345,-1.0036798698219052,0.9520667662911305,1.9999999999999964,False
USDCHF,買い,1,2025-07-15 09:00:00,2025-07-15 13:00:00,0.8019863429665702,2025-07-16 05:00:00,0.8011436570334297,時間切れ,time,4,0.0020510971865004596,0.7978841485935693,0.7978841485935693,-0.000842685933140519,-0.2054232092674001,0.2309286154489167,0.7734118973059572,False
USDJPY,買い,1,2025-07-10 21:00:00,2025-07-11 01:00:00,147.0827926501845,2025-07-16 05:00:00,148.51748923338957,トレイル,trail,20,0.4451454109506233,146.19250182828324,148.51928188357408,1.434696583205067,1.611492051710949,4.727011214878984,0.8082586977952633,True
EURUSD,売り,-1,2025-07-10 09:00:00,2025-07-10 13:00:00,1.1685336775031447,2025-07-16 09:00:00,1.1636688511114275,トレイル,trail,24,0.0029016857430482035,1.174337048989241,1.1636425286145722,0.0048648263917172585,0.8382758890021611,3.1856232279083336,0.9878128614452236,True
GBPUSD,売り,-1,2025-07-10 05:00:00,2025-07-10 09:00:00,1.3559537570146254,2025-07-16 09:00:00,1.3429069389706914,トレイル,trail,25,0.0033137973235446367,1.3625813516617147,1.3428406959853167,0.013046818043934039,1.968560049106802,5.457110151589485,0.786482313464724,True
AUDUSD,売り,-1,2025-07-16 21:00:00,2025-07-17 01:00:00,0.6490057478820956,2025-07-18 09:00:00,0.6540829950080101,初期損切り,initial,9,0.0025164975040050386,0.6540387428901058,0.6540387428901058,-0.005077247125914508,-1.0087924025026853,1.412974929018071,2.000000000000022,False
SP500,買い,1,2025-07-17 05:00:00,2025-07-17 09:00:00,6314.309430651931,2025-07-18 09:00:00,6324.639936831466,トレイル,trail,7,21.447088344402392,6271.415253963126,6324.789367483397,10.330506179535405,0.24083703143395752,1.988641472594161,0.5627538087276491,True
EURUSD,買い,1,2025-07-21 09:00:00,2025-07-21 13:00:00,1.1700363224968553,2025-07-22 05:00:00,1.1698136775031447,時間切れ,time,4,0.0032301058483411916,1.163576110800173,1.163576110800173,-0.00022264499371060786,-0.03446403990521647,0.09401472193259292,0.5777898881591786,False
SP500,買い,1,2025-07-21 09:00:00,2025-07-21 13:00:00,6371.08943065193,2025-07-22 05:00:00,6337.170569348069,時間切れ,time,4,18.410706368624183,6334.268017914682,6334.268017914682,-33.91886130386138,-0.921172187115711,0.14396891107809862,1.9319970640859219,False
USDCHF,売り,-1,2025-07-21 09:00:00,2025-07-21 13:00:00,0.7974836570334297,2025-07-22 05:00:00,0.7971463429665703,時間切れ,time,4,0.0022630232785634044,0.8020097035905566,0.8020097035905566,0.0003373140668594399,0.07452730823731762,0.4125706713995593,0.7584292140644093,False
USDJPY,売り,-1,2025-07-21 01:00:00,2025-07-21 05:00:00,147.89420734981547,2025-07-22 21:00:00,146.8975385865257,トレイル,trail,11,0.46516395756079026,148.82453526493705,146.8957459363412,0.9966687632897617,1.0713091019734815,3.646472006795145,0.18228551203573873,True
EURUSD,買い,1,2025-07-22 09:00:00,2025-07-22 13:00:00,1.1755463224968552,2025-07-23 05:00:00,1.1732436775031447,時間切れ,time,4,0.0031828679522517794,1.1691805865923517,1.1691805865923517,-0.0023026449937104676,-0.3617248701884441,0.029431790620953635,0.8879798154540722,False
USDCHF,売り,-1,2025-07-22 09:00:00,2025-07-22 13:00:00,0.7921436570334298,2025-07-23 05:00:00,0.7927263429665702,時間切れ,time,4,0.0023637220179542804,0.7968711010693383,0.7968711010693383,-0.00058268593314037,-0.12325601925996875,0.4373005901617949,0.9968782067738666,False
GBPUSD,買い,1,2025-07-21 05:00:00,2025-07-21 09:00:00,1.3480562429853746,2025-07-24 05:00:00,1.3539257020150381,トレイル,trail,18,0.0032720366663915547,1.3415121696525916,1.3539919450004128,0.005869459029663515,0.8969121724629743,3.31406952923422,0.5795298704478791,True
AUDUSD,買い,1,2025-07-22 09:00:00,2025-07-22 13:00:00,0.6552842521179044,2025-07-24 09:00:00,0.6594697548546173,トレイル,trail,12,0.001990662018318867,0.6513029280812667,0.6595140069725217,0.0041855027367129205,1.0512841201058372,3.6247980901294965,0.46429384265085183,True
EURUSD,買い,1,2025-07-23 13:00:00,2025-07-23 17:00:00,1.1769963224968554,2025-07-24 09:00:00,1.1735936775031448,時間切れ,time,4,0.0029783809705312943,1.1710395605557928,1.1710395605557928,-0.0034026449937105685,-0.57122393464386,0.34370267379262964,1.2746262262675387,False
USDJPY,売り,-1,2025-07-23 21:00:00,2025-07-24 01:00:00,146.0172073498155,2025-07-24 13:00:00,147.0256460755858,初期損切り,initial,4,0.5033230377928934,147.02385342540128,147.02385342540128,-1.0084387257703042,-1.001780814755051,0.11961969807603637,2.0000000000000098,False
USDJPY,買い,1,2025-07-25 01:00:00,2025-07-25 05:00:00,147.7567926501845,2025-07-27 21:00:00,147.6172073498155,時間切れ,time,4,0.5152903447118035,146.7262119607609,146.7262119607609,-0.13958530036902062,-0.13544334936751942,0.35942328769828574,0.44012594552174183,False
SP500,買い,1,2025-07-23 09:00:00,2025-07-23 13:00:00,6375.50943065193,2025-07-28 09:00:00,6430.373090757851,トレイル,trail,18,18.118319060145364,6339.272792531639,6430.522521409782,54.863660105920644,1.5140383587405617,4.536324207297075,0.19700672231688682,True
EURUSD,売り,-1,2025-07-25 05:00:00,2025-07-25 09:00:00,1.1718136775031447,2025-07-29 05:00:00,1.157016992085098,トレイル,trail,12,0.0028804463921616634,1.177574570287468,1.1569906695882426,0.014796685418046795,2.5684708901911653,6.64608011981713,1.8178857662841563,True
GBPUSD,売り,-1,2025-07-24 09:00:00,2025-07-24 13:00:00,1.3510437570146254,2025-07-29 05:00:00,1.3362264846052627,トレイル,trail,17,0.003053494413258822,1.3571507458411431,1.3361602416198881,0.014817272409362703,2.4262812378210747,6.374256632044356,0.5751584079370362,True
USDCHF,買い,1,2025-07-24 05:00:00,2025-07-24 09:00:00,0.7955463429665702,2025-07-29 05:00:00,0.8039187984966555,トレイル,trail,18,0.0021099056911828376,0.7913265315842045,0.8040151414632257,0.008372455530085254,1.9840828822523244,5.513827979158545,1.1547165244169784,True
SP500,売り,-1,2025-07-29 13:00:00,2025-07-29 17:00:00,6405.600569348069,2025-07-30 09:00:00,6411.12943065193,時間切れ,time,4,16.05484271765061,6437.71025478337,6437.71025478337,-5.528861303861049,-0.1721867165282986,0.07104207547391819,0.7274708857216136,False
AUDUSD,売り,-1,2025-07-28 01:00:00,2025-07-28 05:00:00,0.6522557478820956,2025-07-30 21:00:00,0.645691257127521,トレイル,trail,17,0.0020113366730776755,0.656278421228251,0.6456470050096166,0.006564490754574659,1.6318726850761165,4.785746718060187,0.7180558765899641,True
USDJPY,買い,1,2025-07-28 01:00:00,2025-07-28 05:00:00,148.2757926501845,2025-07-30 21:00:00,148.82287871572674,トレイル,trail,17,0.478219089392498,147.31935447139952,148.82467136591126,0.5470860655422314,0.57200358337558,2.6477557627906596,0.9844706341241509,True
EURUSD,売り,-1,2025-07-30 05:00:00,2025-07-30 09:00:00,1.1472736775031447,2025-07-31 01:00:00,1.145646324494173,トレイル,trail,5,0.0036800013315451854,1.1546336801662351,1.1456200019973177,0.0016273530089716548,0.2211076657801575,1.9493681813785262,0.8332395074345597,True
USDCHF,買い,1,2025-07-30 05:00:00,2025-07-30 09:00:00,0.8103463429665703,2025-07-31 01:00:00,0.8112811446874769,トレイル,trail,5,0.0024883415639685704,0.8053696598386332,0.8113774876540472,0.0009348017209066528,0.18783629515390357,1.9143903322630447,0.6656413213339575,True
SP500,買い,1,2025-07-30 17:00:00,2025-07-30 21:00:00,6447.729430651931,2025-07-31 09:00:00,6409.724825692146,初期損切り,initial,4,18.927587153926925,6409.8742563440765,6409.8742563440765,-38.004604959784956,-1.0039474300320446,1.0910302079251049,2.000000000000019,False
AUDUSD,売り,-1,2025-07-31 13:00:00,2025-07-31 17:00:00,0.6427757478820956,2025-08-01 05:00:00,0.6471324559426161,初期損切り,initial,4,0.0021562279713081083,0.6470882038247118,0.6470882038247118,-0.0043567080605205755,-1.010261465506709,0.294842609666102,1.9999999999999925,False
GBPUSD,売り,-1,2025-07-30 09:00:00,2025-07-30 13:00:00,1.3281437570146253,2025-08-01 05:00:00,1.3212307696418977,トレイル,trail,11,0.0034363511043487326,1.3350164592233227,1.321164526656523,0.006912987372727608,1.0058616193175316,3.531000368172508,0.9184867580557741,True
USDCHF,買い,1,2025-08-01 01:00:00,2025-08-01 05:00:00,0.8171063429665703,2025-08-01 05:00:00,0.811771967005143,初期損切り,initial,1,0.0026190164974285216,0.8118683099717132,0.8118683099717132,-0.0053343759614272734,-1.0183929667233529,0.0,1.9999999999999964,False
USDJPY,買い,1,2025-07-31 01:00:00,2025-07-31 05:00:00,149.6327926501845,2025-08-01 05:00:00,150.1012416566175,トレイル,trail,7,0.5433104621319987,148.54617172592052,150.10303430680202,0.4684490064329907,0.43110618981526233,2.3655118746880475,0.019864609531256357,True
SP500,売り,-1,2025-07-31 17:00:00,2025-07-31 21:00:00,6356.690569348069,2025-08-03 17:00:00,6276.626902351288,トレイル,trail,6,24.378314466237814,6405.447198280545,6276.477471699357,80.06366699678165,1.6421083399277663,4.790346334641065,0.6361978254653268,True
USDJPY,売り,-1,2025-08-01 13:00:00,2025-08-03 17:00:00,147.1232073498155,2025-08-04 09:00:00,147.1957926501845,時間切れ,time,4,0.6432820613678523,148.4097714725512,148.4097714725512,-0.07258530036901334,-0.056417942243462006,0.18220211141324497,1.5029062805338642,False
USDCHF,買い,1,2025-08-05 01:00:00,2025-08-05 05:00:00,0.8111963429665703,2025-08-05 21:00:00,0.8073336570334297,時間切れ,time,4,0.003102091231029248,0.8049921605045118,0.8049921605045118,-0.0038626859331405416,-0.6225938641815725,0.19459680211577618,1.5042571668732192,False
AUDUSD,買い,1,2025-08-05 21:00:00,2025-08-06 01:00:00,0.6493842521179044,2025-08-07 09:00:00,0.6508835615962503,トレイル,trail,9,0.0021214575238968883,0.6451413370701107,0.6509278137141546,0.0014993094783458671,0.3533677816918525,2.2275948629010855,0.45452341470084223,True
EURUSD,買い,1,2025-08-01 05:00:00,2025-08-01 09:00:00,1.1545663224968552,2025-08-07 09:00:00,1.163175388068721,トレイル,trail,25,0.004452192956282504,1.1456619365842902,1.1632017105655763,0.008609065571865804,0.9668342832847713,3.4395808208482177,0.6572766557042101,True
GBPUSD,買い,1,2025-08-06 05:00:00,2025-08-06 09:00:00,1.3318162429853746,2025-08-11 05:00:00,1.3421060194875747,トレイル,trail,18,0.0036584916847005665,1.3244992596159735,1.3421722624729493,0.010289776502200088,1.4062867144444893,4.330680067111381,0.14930824843991772,True
USDCHF,売り,-1,2025-08-06 05:00:00,2025-08-06 09:00:00,0.8062836570334297,2025-08-11 05:00:00,0.8118364234805397,初期損切り,initial,18,0.0027282117402699013,0.8117400805139695,0.8117400805139695,-0.0055527664471100024,-1.0176567978848792,0.7197597622079901,1.9999999999999853,False
EURUSD,買い,1,2025-08-10 21:00:00,2025-08-11 01:00:00,1.1672263224968553,2025-08-11 09:00:00,1.161115663739161,初期損切り,initial,3,0.0030421681304195042,1.1611419862360164,1.1611419862360164,-0.006110658757694232,-1.0043262725343838,0.050515782348812925,1.999999999999974,False
AUDUSD,売り,-1,2025-08-11 05:00:00,2025-08-11 09:00:00,0.6506557478820956,2025-08-12 01:00:00,0.6515342521179044,時間切れ,time,4,0.0018129617268915564,0.6542816713358787,0.6542816713358787,-0.0008785042358088191,-0.24228427516643528,0.3561839571775025,1.0558701209796229,False
USDJPY,買い,1,2025-08-08 01:00:00,2025-08-08 05:00:00,147.6487926501845,2025-08-13 17:00:00,146.64788505924577,初期損切り,initial,22,0.49955747037711434,146.64967770943028,146.64967770943028,-1.0009075909387377,-1.0017942381916096,1.7439582059654413,1.9999999999999931,False
USDCHF,売り,-1,2025-08-13 01:00:00,2025-08-13 05:00:00,0.8033236570334298,2025-08-13 21:00:00,0.8050263429665703,時間切れ,time,4,0.002266511572498351,0.8078566801784265,0.8078566801784265,-0.0017026859331404909,-0.3756181865119795,0.47811669994489675,1.1102272748585529,False
SP500,買い,1,2025-08-06 17:00:00,2025-08-06 21:00:00,6385.989430651931,2025-08-14 05:00:00,6462.818710352245,トレイル,trail,33,26.25457266388326,6333.4802853241645,6462.968141004176,76.82927970031415,1.4631599737672227,4.432011552339578,1.9558280879036625,True
AUDUSD,買い,1,2025-08-12 09:00:00,2025-08-12 13:00:00,0.6531342521179043,2025-08-14 09:00:00,0.6488255470540054,初期損切り,initial,12,0.002132226472997278,0.6488697991719098,0.6488697991719098,-0.00430870506389891,-1.0103769741312114,1.7473509166492895,1.9999999999999898,False
GBPUSD,買い,1,2025-08-12 05:00:00,2025-08-12 09:00:00,1.3486362429853747,2025-08-14 09:00:00,1.3545556812667445,トレイル,trail,13,0.0032653838319205834,1.3421054753215336,1.3546219242521191,0.005919438281369871,0.9063924160315736,3.333071263546976,0.7001452518462532,True
SP500,買い,1,2025-08-14 21:00:00,2025-08-15 01:00:00,6503.999430651931,2025-08-15 09:00:00,6462.7948439140455,初期損切り,initial,3,20.527578042977243,6462.944274565976,6462.944274565976,-41.20458673788562,-1.0036397535943666,0.22411651966137197,2.000000000000019,False
SP500,売り,-1,2025-08-18 09:00:00,2025-08-18 13:00:00,6460.690569348069,2025-08-19 05:00:00,6465.33943065193,時間切れ,time,4,19.024672461675987,6498.739914271421,6498.739914271421,-4.64886130386094,-0.12217979871206142,0.34169152510587464,0.8856620625596937,False
GBPUSD,売り,-1,2025-08-18 09:00:00,2025-08-18 13:00:00,1.3508837570146255,2025-08-20 01:00:00,1.3500586900808569,トレイル,trail,10,0.0025216313969883145,1.3559270198086022,1.3499924470954823,0.0008250669337686034,0.16359784676579098,1.853465585893178,0.8947552715552499,True
SP500,売り,-1,2025-08-19 09:00:00,2025-08-19 13:00:00,6431.210569348069,2025-08-20 13:00:00,6397.059430651931,トレイル,trail,7,19.15551144453926,6469.521592237147,6391.603267166809,34.15113869613833,0.8914180859909625,3.5676713485794793,0.3163283146720101,True
EURUSD,買い,1,2025-08-12 09:00:00,2025-08-12 13:00:00,1.1680063224968553,2025-08-21 09:00:00,1.1612792651779928,初期損切り,initial,42,0.00335036741100362,1.1613055876748481,1.1613055876748481,-0.006727057318862473,-1.0039283000378976,1.4964560264877809,1.9999999999999793,False
USDJPY,売り,-1,2025-08-20 05:00:00,2025-08-20 09:00:00,147.27620734981548,2025-08-21 09:00:00,148.01754810681973,初期損切り,initial,7,0.36977405340987574,148.01575545663522,148.01575545663522,-0.7413407570042523,-1.0024239804929116,1.0904154742532837,1.9999999999999685,False
AUDUSD,売り,-1,2025-08-18 09:00:00,2025-08-18 13:00:00,0.6488557478820957,2025-08-22 09:00:00,0.6440606319601824,トレイル,trail,24,0.0016975865615186693,0.652250921005133,0.644016379842278,0.004795115921913284,1.412333259054416,4.350734183173755,0.5503413723236211,True
EURUSD,売り,-1,2025-08-21 21:00:00,2025-08-22 01:00:00,1.1584136775031446,2025-08-22 09:00:00,1.1633927828265342,初期損切り,initial,3,0.0024763914132671498,1.163366460329679,1.163366460329679,-0.004979105323389632,-1.0053146882827793,0.029751961967709573,2.0000000000000124,False
GBPUSD,売り,-1,2025-08-20 09:00:00,2025-08-20 13:00:00,1.3460237570146254,2025-08-22 09:00:00,1.3430847054690531,トレイル,trail,12,0.0026656416557856244,1.3513550403261967,1.3430184624836785,0.00293905154557228,0.5512840668574552,2.6274188053086736,0.861422232200903,True
USDCHF,買い,1,2025-08-14 01:00:00,2025-08-14 05:00:00,0.8068163429665702,2025-08-22 09:00:00,0.8073193879210822,トレイル,trail,38,0.0019961794082316983,0.8028239841501068,0.8074157308876524,0.000503044954511922,0.12600193961462133,1.8002675604259175,1.8466992252143024,True
USDJPY,売り,-1,2025-08-22 09:00:00,2025-08-22 13:00:00,146.7072073498155,2025-08-25 05:00:00,147.28879265018452,時間切れ,time,4,0.4865397473556932,147.68028684452688,147.68028684452688,-0.5815853003690279,-0.5976750137372127,0.26350848108973673,1.6849448675879148,False
EURUSD,売り,-1,2025-08-27 01:00:00,2025-08-27 05:00:00,1.1588636775031447,2025-08-27 21:00:00,1.1645863224968553,時間切れ,time,4,0.0032686004486905122,1.1654008784005256,1.1654008784005256,-0.005722644993710668,-0.8753968378122372,0.44779945610393496,1.8559388313385556,False
USDJPY,買い,1,2025-08-26 21:00:00,2025-08-27 01:00:00,147.9457926501845,2025-08-28 01:00:00,147.03032560650334,初期損切り,initial,7,0.4568371967483209,147.03211825668785,147.03211825668785,-0.9154670436811614,-1.0019620230109099,0.5214272207057802,2.0000000000000155,False
USDCHF,買い,1,2025-08-25 09:00:00,2025-08-25 13:00:00,0.8042463429665703,2025-08-28 05:00:00,0.8000803255544885,初期損切り,initial,17,0.002034837222755757,0.8001766685210587,0.8001766685210587,-0.0041660174120817794,-1.0236733841638177,1.67269253548457,2.000000000000013,False
USDJPY,売り,-1,2025-08-28 09:00:00,2025-08-28 13:00:00,146.84820734981548,2025-08-29 05:00:00,146.95679265018452,時間切れ,time,4,0.423260656283491,147.69472866238246,147.69472866238246,-0.10858530036904313,-0.12827237632065072,0.43993540871598985,0.8287863399937105,False
USDCHF,売り,-1,2025-08-29 09:00:00,2025-08-29 13:00:00,0.7991836570334298,2025-09-01 05:00:00,0.7988763429665703,時間切れ,time,4,0.002346250803788813,0.8038761586410074,0.8038761586410074,0.0003073140668594654,0.06549045531773569,0.23171309416359775,0.8593893556964187,False
EURUSD,買い,1,2025-08-28 05:00:00,2025-08-28 09:00:00,1.1669863224968553,2025-09-01 21:00:00,1.1689914914819752,トレイル,trail,16,0.003081457347446332,1.1608234078019626,1.1690178139788305,0.0020051689851199317,0.3253604965166331,2.1592632163670085,0.6186431554651293,True
AUDUSD,買い,1,2025-08-27 09:00:00,2025-08-27 13:00:00,0.6509442521179044,2025-09-02 01:00:00,0.653118486044569,トレイル,trail,22,0.0018915078916844253,0.6471612363345356,0.6531627381624734,0.002174233926664604,0.5747356213059216,2.67286639634021,0.3617495443252527,True
GBPUSD,買い,1,2025-08-27 09:00:00,2025-08-27 13:00:00,1.3497062429853746,2025-09-02 01:00:00,1.3430482865041875,初期損切り,initial,22,0.0032958567479062055,1.3431145294895621,1.3431145294895621,-0.006657956481187055,-1.0100494333403185,1.6122536326862686,2.0000000000000107,False
SP500,買い,1,2025-08-22 09:00:00,2025-08-22 13:00:00,6478.039430651931,2025-09-02 05:00:00,6424.011617771145,初期損切り,initial,40,26.93919111442776,6424.161048423076,6424.161048423076,-54.02781288078586,-1.0027734806753406,1.663025781203777,1.999999999999985,False
USDJPY,買い,1,2025-09-01 21:00:00,2025-09-02 01:00:00,147.7277926501845,2025-09-02 09:00:00,148.37781405752182,トレイル,trail,3,0.37692886152911725,146.97393492712627,148.37960670770633,0.6500214073373058,0.8622600624164363,3.229276062537477,0.07638749144253335,True
USDCHF,買い,1,2025-09-02 01:00:00,2025-09-02 05:00:00,0.8043763429665702,2025-09-05 05:00:00,0.8002697068913004,初期損切り,initial,19,0.0020051465543498154,0.8003660498578706,0.8003660498578706,-0.004106636075269843,-1.0240239214338753,1.4131919820437187,1.9999999999999862,False
SP500,買い,1,2025-09-05 01:00:00,2025-09-05 05:00:00,6526.489430651931,2025-09-05 09:00:00,6484.4557495738245,初期損切り,initial,2,20.94212521308761,6484.605180225755,6484.605180225755,-42.03368107810638,-1.0035677050540643,0.42978299749846116,2.00000000000002,False
EURUSD,買い,1,2025-09-05 01:00:00,2025-09-05 05:00:00,1.1683563224968554,2025-09-05 13:00:00,1.172206667569113,トレイル,trail,3,0.002471339956021145,1.1634136425848132,1.1722329900659683,0.003850345072257566,0.7789994781730916,3.068650059522489,0.2332024355658585,True
GBPUSD,買い,1,2025-09-05 01:00:00,2025-09-05 05:00:00,1.3470762429853747,2025-09-05 13:00:00,1.3508005277331625,トレイル,trail,3,0.0030954861876419685,1.3408852706100907,1.3508667707185371,0.003724284747787854,0.6015670111299837,2.72453388688834,0.42198314132029413,True
USDJPY,売り,-1,2025-09-05 05:00:00,2025-09-05 09:00:00,147.2982073498155,2025-09-07 17:00:00,148.19042769266284,初期損切り,initial,3,0.4452138463314079,148.18863504247832,148.18863504247832,-0.8922203428473381,-1.00201324621785,1.078599315300788,2.0000000000000218,False
AUDUSD,買い,1,2025-09-05 05:00:00,2025-09-05 09:00:00,0.6572042521179043,2025-09-09 09:00:00,0.6592410029123128,トレイル,trail,13,0.0017764966465219293,0.6536512588248605,0.6592852550302172,0.0020367507944084595,0.573249265174821,2.67140829755409,1.4490610623691484,True
USDJPY,売り,-1,2025-09-08 17:00:00,2025-09-08 21:00:00,147.3442073498155,2025-09-09 09:00:00,147.0198765903215,トレイル,trail,4,0.47272262675799864,148.2896526033315,147.018083940137,0.32433075949398926,0.3430455209202671,2.1898832237312145,0.1264856954162994,True
EURUSD,買い,1,2025-09-08 13:00:00,2025-09-08 17:00:00,1.1763963224968552,2025-09-09 13:00:00,1.1710222432902442,初期損切り,initial,6,0.002673878354877842,1.1710485657870995,1.1710485657870995,-0.005374079206611038,-1.004922156762916,0.6034969766672521,2.000000000000019,False
USDCHF,売り,-1,2025-09-08 05:00:00,2025-09-08 09:00:00,0.7945836570334298,2025-09-10 05:00:00,0.7988025521548837,初期損切り,initial,12,0.002061276077441829,0.7987062091883135,0.7987062091883135,-0.004218895121453903,-1.0233697386838672,1.4668860064501001,2.0000000000000027,False
AUDUSD,買い,1,2025-09-10 09:00:00,2025-09-10 13:00:00,0.6620042521179044,2025-09-11 05:00:00,0.6608357478820956,時間切れ,time,4,0.002004868901583922,0.6579945143147365,0.6579945143147365,-0.0011685042358087205,-0.29141661953196996,0.24727196960556877,0.9099109255788003,False
GBPUSD,買い,1,2025-09-08 17:00:00,2025-09-08 21:00:00,1.3559062429853745,2025-09-11 05:00:00,1.349470281851992,初期損切り,initial,15,0.0031848590740040034,1.3495365248373665,1.3495365248373665,-0.006435961133382628,-1.0103996729267115,0.9902344001238614,2.000000000000004,False
USDJPY,買い,1,2025-09-11 01:00:00,2025-09-11 05:00:00,147.8517926501845,2025-09-11 09:00:00,147.04633979373105,初期損切り,initial,2,0.4018301031344751,147.04813244391556,147.04813244391556,-0.8054528564534564,-1.0022306071278915,0.8391789146335746,1.9999999999999845,False
AUDUSD,買い,1,2025-09-11 09:00:00,2025-09-11 13:00:00,0.6659942521179044,2025-09-12 05:00:00,0.6644957478820956,時間切れ,time,4,0.002100904979800269,0.6617924421583039,0.6617924421583039,-0.001498504235808773,-0.3566330343867419,0.4216030189903297,0.7873997795281745,False
GBPUSD,買い,1,2025-09-11 09:00:00,2025-09-11 13:00:00,1.3578562429853747,2025-09-12 05:00:00,1.3533537570146255,時間切れ,time,4,0.0030695431275204214,1.3517171567303339,1.3517171567303339,-0.004502485970749204,-0.7334130493853518,0.12827870411560977,1.552753223319241,False
USDCHF,売り,-1,2025-09-11 09:00:00,2025-09-11 13:00:00,0.7958536570334298,2025-09-12 05:00:00,0.7974563429665702,時間切れ,time,4,0.0021059293338420017,0.8000655157011138,0.8000655157011138,-0.0016026859331403909,-0.38051750060779416,0.281897888922411,0.7675200400107407,False
EURUSD,売り,-1,2025-09-09 17:00:00,2025-09-09 21:00:00,1.1696736775031447,2025-09-15 05:00:00,1.1751550870722784,初期損切り,initial,21,0.0027275435361392383,1.1751287645754231,1.1751287645754231,-0.005481409569133788,-1.004825311953145,1.3138846202312813,2.0000000000000036,False
GBPUSD,買い,1,2025-09-15 05:00:00,2025-09-15 09:00:00,1.3615362429853746,2025-09-16 01:00:00,1.3614837570146254,時間切れ,time,4,0.0029176488594595856,1.3557009452664555,1.3557009452664555,-5.2485970749138744e-05,-0.008994566049127024,0.3337471579105322,1.0406471551675711,False
SP500,買い,1,2025-09-09 13:00:00,2025-09-09 17:00:00,6533.6394306519305,2025-09-16 09:00:00,6665.41964134557,トレイル,trail,29,20.86728533499925,6491.904859981932,6665.569071997501,131.78021069363967,3.157579162264434,7.822319325566228,0.5213630080422101,True
EURUSD,買い,1,2025-09-15 21:00:00,2025-09-16 01:00:00,1.1777063224968554,2025-09-17 01:00:00,1.1843172546464906,トレイル,trail,7,0.0023376152377694963,1.1730310920213163,1.184343577143346,0.006610932149635262,1.4140334223572388,4.339327250802658,0.1481520531094133,True
SP500,売り,-1,2025-09-17 09:00:00,2025-09-17 13:00:00,6651.78056934807,2025-09-17 13:00:00,6684.640543876651,初期損切り,initial,1,16.35527193832525,6684.49111322472,6684.49111322472,-32.859974528581006,-1.0045682717014428,-0.0,1.9999999999999856,False
USDCHF,売り,-1,2025-09-15 05:00:00,2025-09-15 09:00:00,0.7946836570334298,2025-09-17 13:00:00,0.7882578181287879,トレイル,trail,14,0.001714316774811819,0.7981122905830534,0.7881614751622177,0.0064258389046418785,1.8741690564590212,5.304537158500362,0.5403569399663152,True
USDJPY,売り,-1,2025-09-15 21:00:00,2025-09-16 01:00:00,147.01420734981548,2025-09-17 13:00:00,146.7279750043414,トレイル,trail,10,0.34678823610459425,147.70778382202468,146.7261823541569,0.28623234547407606,0.41269039095626353,2.3305500754406436,0.7087687083779253,True
AUDUSD,買い,1,2025-09-15 13:00:00,2025-09-15 17:00:00,0.6665942521179044,2025-09-17 17:00:00,0.6649857478820956,トレイル,trail,13,0.0016822611764028864,0.6632297297650985,0.6681966082353956,-0.0016085042358087165,-0.4780780351978753,2.452501395126741,1.4470120050618092,True
SP500,買い,1,2025-09-18 01:00:00,2025-09-18 05:00:00,6718.099430651931,2025-09-18 09:00:00,6674.874432432814,初期損切り,initial,2,21.53778378359296,6675.023863084744,6675.023863084744,-43.22499821911697,-1.0034690350091842,0.07292158579778943,2.000000000000014,False
EURUSD,売り,-1,2025-09-19 05:00:00,2025-09-19 09:00:00,1.1735736775031447,2025-09-22 01:00:00,1.1731063224968552,時間切れ,time,4,0.003098845313539453,1.1797713681302235,1.1797713681302235,0.0004673550062894716,0.07540792763154511,0.31420655264411,1.0379099862786294,False
GBPUSD,売り,-1,2025-09-17 13:00:00,2025-09-17 17:00:00,1.3628637570146254,2025-09-22 01:00:00,1.349920191448943,トレイル,trail,15,0.0030159656423789727,1.3688956882993832,1.3498539484635683,0.012943565565682436,2.145841017517799,5.8136461398131,1.0796684616095737,True
USDJPY,買い,1,2025-09-21 21:00:00,2025-09-22 01:00:00,148.28879265018452,2025-09-22 17:00:00,147.7562073498155,時間切れ,time,4,0.4177392290801202,147.45331419202427,147.45331419202427,-0.5325853003690213,-0.6374614392114875,0.04119160619265832,1.5076215168284708,False
USDCHF,買い,1,2025-09-19 01:00:00,2025-09-19 05:00:00,0.7953663429665703,2025-09-22 21:00:00,0.7910827062444125,初期損切り,initial,11,0.0020936468777937663,0.7911790492109827,0.7911790492109827,-0.004283636722157813,-1.0230084088181586,0.9235831762935003,2.0000000000000195,False
SP500,買い,1,2025-09-22 09:00:00,2025-09-22 13:00:00,6748.069430651931,2025-09-23 05:00:00,6750.640569348069,時間切れ,time,4,21.691624653640357,6704.68618134465,6704.68618134465,2.571138696138405,0.059265701329266465,0.3946486021568067,0.16916347717253,False
AUDUSD,売り,-1,2025-09-21 17:00:00,2025-09-21 21:00:00,0.6584657478820957,2025-09-23 21:00:00,0.6622555907727262,初期損切り,initial,13,0.0018727953863631164,0.6622113386548218,0.6622113386548218,-0.003789842890630557,-1.0118144561404168,0.5103322493503385,1.9999999999999727,False
GBPUSD,買い,1,2025-09-23 05:00:00,2025-09-23 09:00:00,1.3525162429853745,2025-09-24 01:00:00,1.3508237570146253,時間切れ,time,4,0.003049278913646018,1.3464176851580825,1.3464176851580825,-0.0016924859707492246,-0.2775223288324127,0.36525258796147775,0.6349838897024624,False
AUDUSD,売り,-1,2025-09-24 09:00:00,2025-09-24 13:00:00,0.6576057478820956,2025-09-25 05:00:00,0.6598842521179044,時間切れ,time,4,0.0018590258096871043,0.6613237995014698,0.6613237995014698,-0.002278504235808776,-0.612822109283215,-0.0,1.3416984879431288,False
SP500,売り,-1,2025-09-24 09:00:00,2025-09-24 13:00:00,6686.690569348069,2025-09-25 05:00:00,6690.209430651931,時間切れ,time,4,19.024850914962293,6724.740271177994,6724.740271177994,-3.5188613038617405,-0.09248065384560504,0.2770360394216932,0.9823693618136166,False
EURUSD,売り,-1,2025-09-24 01:00:00,2025-09-24 05:00:00,1.1771736775031447,2025-09-26 01:00:00,1.168378672376253,トレイル,trail,12,0.0025282332529317736,1.1822301440090082,1.1683523498793977,0.008795005126891686,1.739357932400596,4.98912728424788,0.12116069452853863,True
USDCHF,買い,1,2025-09-25 01:00:00,2025-09-25 05:00:00,0.7959263429665703,2025-09-26 01:00:00,0.7989956024911405,トレイル,trail,6,0.001552036361526175,0.7928222702435179,0.7990919454577108,0.003069259524570267,0.9887846704674336,3.539644540304215,0.5195387083439986,True
GBPUSD,売り,-1,2025-09-25 05:00:00,2025-09-25 09:00:00,1.3383237570146254,2025-09-26 05:00:00,1.3372066035518655,トレイル,trail,6,0.0031535737109939185,1.3446309044366132,1.3371403605664909,0.0011171534627598678,0.17712499613775828,1.8752556802490004,0.3603032906488251,True
USDJPY,買い,1,2025-09-24 01:00:00,2025-09-24 05:00:00,148.2667926501845,2025-09-26 09:00:00,149.435432632595,トレイル,trail,14,0.34851647814699943,147.5697596938905,149.4372252827795,1.1686399824104967,1.6765921494213833,4.858327958603259,0.14860889924019602,True
USDJPY,売り,-1,2025-09-29 01:00:00,2025-09-29 05:00:00,148.5292073498155,2025-09-29 21:00:00,148.79579265018452,時間切れ,time,4,0.35620946216595817,149.24162627414742,149.24162627414742,-0.26658530036903016,-0.3741973876101415,0.157792972353141,0.8809217146463665,False
EURUSD,買い,1,2025-09-30 01:00:00,2025-09-30 05:00:00,1.1755963224968553,2025-09-30 21:00:00,1.1735636775031446,時間切れ,time,4,0.002447712686547857,1.1707008971237596,1.1707008971237596,-0.002032644993710697,-0.4152131508084487,0.2221165523766743,1.6122490676881445,False
USDCHF,売り,-1,2025-09-30 09:00:00,2025-09-30 13:00:00,0.7945636570334298,2025-10-01 05:00:00,0.7984644554858924,初期損切り,initial,5,0.0019022277429461842,0.7983681125193222,0.7983681125193222,-0.003900798452462606,-1.025323720287304,0.8956114953886372,1.999999999999999,False
GBPUSD,買い,1,2025-09-30 09:00:00,2025-09-30 13:00:00,1.3459562429853746,2025-10-01 09:00:00,1.3478031689064554,トレイル,trail,6,0.0028603920721133836,1.3402354588411478,1.34786941189183,0.001846925921080711,0.3228448888330404,2.1688484858796926,0.8552124756685072,True
SP500,買い,1,2025-09-28 17:00:00,2025-09-28 21:00:00,6711.029430651931,2025-10-02 09:00:00,6747.3585728162825,トレイル,trail,22,22.221331021191496,6666.586768609548,6747.508003468213,36.32914216435165,0.8174384812886808,3.141601611599866,1.388730073032147,True
EURUSD,売り,-1,2025-10-02 09:00:00,2025-10-02 13:00:00,1.1714636775031446,2025-10-03 05:00:00,1.1740363224968553,時間切れ,time,4,0.002922761112468462,1.1773091997280816,1.1773091997280816,-0.002572644993710682,-0.44010524547076585,0.07995094164478907,1.028589878259414,False
USDJPY,買い,1,2025-10-02 21:00:00,2025-10-03 01:00:00,147.7277926501845,2025-10-05 17:00:00,149.1002073498155,時間切れ,time,4,0.42116232928406144,146.8854679916164,146.8854679916164,1.3724146996309798,1.6293179662625132,3.262892367775444,1.4906191901153862,False
AUDUSD,買い,1,2025-09-29 21:00:00,2025-09-30 01:00:00,0.6606842521179044,2025-10-07 21:00:00,0.6572223050537349,初期損切り,initial,36,0.001708847473132551,0.6572665571716393,0.6572665571716393,-0.0034619470641694683,-1.012947942575368,1.302484813355237,1.9999999999999947,False
EURUSD,売り,-1,2025-10-06 01:00:00,2025-10-06 05:00:00,1.1667336775031447,2025-10-08 21:00:00,1.164191416070614,トレイル,trail,17,0.0028833957158391093,1.1725004689348228,1.1641650935737586,0.002542261432530779,0.4408450457503272,2.3908190836506726,1.8645801779207685,True
GBPUSD,売り,-1,2025-10-07 05:00:00,2025-10-07 09:00:00,1.3413437570146254,2025-10-09 09:00:00,1.339120385272735,トレイル,trail,13,0.003162761524906796,1.347669280064439,1.3390541422873603,0.0022233717418904675,0.35149215715149257,2.2239289808081733,1.2919858020262658,True
USDJPY,買い,1,2025-10-06 17:00:00,2025-10-06 21:00:00,150.4947926501845,2025-10-09 09:00:00,152.4303208057169,トレイル,trail,16,0.5259243627324016,149.4429439247197,152.4321134559014,1.9355281555323813,1.8401202650857305,5.183649100512638,0.46545219718041797,True
AUDUSD,売り,-1,2025-10-09 09:00:00,2025-10-09 13:00:00,0.6548057478820957,2025-10-10 05:00:00,0.6557642521179043,時間切れ,time,4,0.0022173095866491995,0.659240367055394,0.659240367055394,-0.000958504235808677,-0.2161412735461018,0.34985997750002,1.1294102244372246,False
EURUSD,売り,-1,2025-10-09 09:00:00,2025-10-09 13:00:00,1.1557936775031448,2025-10-10 09:00:00,1.1620633292907603,初期損切り,initial,6,0.0031216646453800637,1.162037006793905,1.162037006793905,-0.0062696517876155156,-1.0042160993965743,0.5041148495799259,2.0000000000000275,False
GBPUSD,売り,-1,2025-10-10 05:00:00,2025-10-10 09:00:00,1.3278737570146253,2025-10-10 09:00:00,1.33516312537222,初期損切り,initial,1,0.0036115626861100516,1.3350968823868454,1.3350968823868454,-0.00728936835759475,-1.0091709588247513,-0.0,2.00000000000001,False
SP500,買い,1,2025-10-03 01:00:00,2025-10-03 05:00:00,6784.489430651931,2025-10-10 09:00:00,6745.776312513635,初期損切り,initial,32,19.281843743182428,6745.925743165566,6745.925743165566,-38.71311813829561,-1.0038749056864333,1.4309092903952385,2.000000000000001,False
USDCHF,買い,1,2025-10-07 21:00:00,2025-10-08 01:00:00,0.8009863429665702,2025-10-10 09:00:00,0.8046314761630698,トレイル,trail,15,0.0019347872469066012,0.797116768472757,0.8047278191296401,0.003645133196499617,0.9419984554703807,3.433792032716681,0.7940630004805904,True
AUDUSD,売り,-1,2025-10-10 09:00:00,2025-10-10 13:00:00,0.6483657478820957,2025-10-12 21:00:00,0.6531781160986878,初期損切り,initial,3,0.0023840580493438915,0.6531338639807834,0.6531338639807834,-0.004812368216592144,-1.0092808390124015,0.5309215865964338,1.9999999999999942,False
USDCHF,売り,-1,2025-10-10 13:00:00,2025-10-12 17:00:00,0.8009636570334298,2025-10-13 09:00:00,0.8047763429665702,時間切れ,time,4,0.0022731730592578077,0.8055100031519453,0.8055100031519453,-0.003812685933140436,-0.8386264120131004,0.4107285319202996,1.854827088240651,False
EURUSD,売り,-1,2025-10-14 01:00:00,2025-10-14 05:00:00,1.1558836775031447,2025-10-14 21:00:00,1.1610863224968553,時間切れ,time,4,0.003059683102067939,1.1620030437072806,1.1620030437072806,-0.005202644993710592,-0.850193438365283,0.41300927612099214,1.8355896050343903,False
GBPUSD,売り,-1,2025-10-14 01:00:00,2025-10-14 05:00:00,1.3283437570146255,2025-10-15 01:00:00,1.3358025840929677,初期損切り,initial,6,0.003696292046483838,1.335736341107593,1.335736341107593,-0.007458827078342223,-1.0089607347771075,0.9370896485088029,1.9999999999999831,False
SP500,売り,-1,2025-10-14 01:00:00,2025-10-14 05:00:00,6647.470569348069,2025-10-15 05:00:00,6727.876773879544,初期損切り,initial,7,40.12838693977203,6727.727343227613,6727.727343227613,-80.40620453147494,-1.0018619070354755,1.3397141885807018,2.0000000000000036,False
USDJPY,売り,-1,2025-10-10 09:00:00,2025-10-10 13:00:00,151.8872073498155,2025-10-15 09:00:00,151.71697133557868,トレイル,trail,18,0.5434524569294461,152.97411226367439,151.71517868539416,0.17023601423682067,0.15662456951493883,1.8165477719859795,1.3355218859167441,True
USDCHF,売り,-1,2025-10-15 01:00:00,2025-10-15 05:00:00,0.7997036570334297,2025-10-16 01:00:00,0.7965667663708536,トレイル,trail,6,0.0021002822695222164,0.8039042215724741,0.7964704234042833,0.003136890662576164,0.7467783516759775,3.0394281407145716,0.664835858890513,True
EURUSD,買い,1,2025-10-16 09:00:00,2025-10-16 13:00:00,1.1677263224968553,2025-10-17 05:00:00,1.1688105561257112,トレイル,trail,5,0.0026754142516223745,1.1623754939936106,1.1688368786225665,0.0010842336288559018,0.20262911214560908,1.915096886412144,0.02478961783773266,True
GBPUSD,買い,1,2025-10-15 09:00:00,2025-10-15 13:00:00,1.3391162429853747,2025-10-17 05:00:00,1.3414958316157821,トレイル,trail,11,0.003731950265895474,1.3316523424535838,1.3415620746011567,0.0023795886304074365,0.31881301475978524,2.155376262147252,0.5483039267897934,True
SP500,売り,-1,2025-10-16 17:00:00,2025-10-16 21:00:00,6651.390569348069,2025-10-17 05:00:00,6635.803283041289,トレイル,trail,3,42.79590159290581,6736.982372533881,6635.653852389359,15.587286306779788,0.18211190472224636,1.8677155141724862,0.26730201318686553,True
USDCHF,売り,-1,2025-10-16 13:00:00,2025-10-16 17:00:00,0.7933936570334298,2025-10-17 05:00:00,0.7908475850706773,トレイル,trail,4,0.0023008280694047285,0.7979953131722393,0.7907512421041071,0.002546071962752472,0.5532947021572092,2.6484625750442725,0.07664326114372914,True
USDJPY,売り,-1,2025-10-15 17:00:00,2025-10-15 21:00:00,150.7072073498155,2025-10-17 05:00:00,150.1450473494106,トレイル,trail,9,0.5108364661507173,151.72888028211693,150.14325469922608,0.5621600004049014,0.5502347988593297,2.603978842463875,1.3581502029649994,True
SP500,買い,1,2025-10-20 09:00:00,2025-10-20 13:00:00,6771.359430651931,2025-10-21 05:00:00,6764.590569348069,時間切れ,time,4,40.88636596985138,6689.586698712228,6689.586698712228,-6.7688613038617405,-0.08277650927515709,0.33019734153003194,0.19809612470579765,False
EURUSD,売り,-1,2025-10-20 09:00:00,2025-10-20 13:00:00,1.1649536775031446,2025-10-22 09:00:00,1.161416458978948,トレイル,trail,12,0.002466757654728379,1.1698871928126013,1.1613901364820927,0.003537218524196639,0.7169773077254585,2.9446255043421834,0.233635637351985,True
GBPUSD,売り,-1,2025-10-20 21:00:00,2025-10-21 01:00:00,1.3391937570146253,2025-10-22 09:00:00,1.3351538858317094,トレイル,trail,9,0.002998428564223155,1.3451906141430716,1.3350876428463347,0.004039871182915933,0.6736647374426609,2.8694220423605263,0.21552722418853607,True
SP500,売り,-1,2025-10-22 09:00:00,2025-10-22 13:00:00,6731.830569348069,2025-10-24 01:00:00,6794.723615431254,初期損切り,initial,10,31.371807715627263,6794.574184779323,6794.574184779323,-62.893046083185254,-1.002381607290298,1.3043739691061913,1.9999999999999996,False
AUDUSD,売り,-1,2025-10-13 21:00:00,2025-10-14 01:00:00,0.6479857478820956,2025-10-24 05:00:00,0.6526603310295009,初期損切り,initial,50,0.0023151655147504633,0.6526160789115966,0.6526160789115966,-0.00467458314740532,-1.00955700955773,1.695666187615439,2.000000000000008,False
USDJPY,買い,1,2025-10-21 01:00:00,2025-10-21 05:00:00,151.6127926501845,2025-10-24 05:00:00,152.28462004540745,トレイル,trail,19,0.5183915362720256,150.57600957764046,152.28641269559196,0.6718273952229481,0.6479922493086453,2.7994425994138346,0.2966727645487574,True
GBPUSD,売り,-1,2025-10-24 09:00:00,2025-10-24 13:00:00,1.3294937570146255,2025-10-27 05:00:00,1.3327362429853746,時間切れ,time,4,0.0033011105908459246,1.3360959781963173,1.3360959781963173,-0.003242485970749165,-0.4911204701443012,-0.0,1.2438974315980693,False
USDJPY,買い,1,2025-10-26 21:00:00,2025-10-27 01:00:00,153.1417926501845,2025-10-27 17:00:00,152.8672073498155,時間切れ,time,4,0.40261333305514796,152.3365659840742,152.3365659840742,-0.2745853003690115,-0.3410037346321566,0.28614886879497764,1.4251705124377774,False
GBPUSD,買い,1,2025-10-27 21:00:00,2025-10-28 01:00:00,1.3366862429853745,2025-10-28 01:00:00,1.3310366128359299,初期損切り,initial,1,0.0027916935820350612,1.3311028558213045,1.3311028558213045,-0.00564963014944464,-1.0118643009033657,0.0,1.9999999999999671,False
USDJPY,売り,-1,2025-10-28 17:00:00,2025-10-28 21:00:00,151.63320734981548,2025-10-29 01:00:00,152.5273613655352,初期損切り,initial,2,0.4461806827676023,152.5255687153507,152.5255687153507,-0.894154015719721,-1.0020088836807062,0.1752817924127986,2.000000000000009,False
AUDUSD,買い,1,2025-10-26 17:00:00,2025-10-26 21:00:00,0.6531542521179043,2025-10-29 05:00:00,0.6588626627438764,トレイル,trail,15,0.0019353900921461654,0.649283471933612,0.6589069148617808,0.005708410625972049,1.4747441999255972,4.472353101951274,0.14687071048771594,True
EURUSD,買い,1,2025-10-24 05:00:00,2025-10-24 09:00:00,1.1634463224968552,2025-10-29 13:00:00,1.159119750039113,初期損切り,initial,20,0.002150124980443476,1.1591460725359684,1.1591460725359684,-0.0043265724577421505,-1.0061211550711273,1.5969664714264655,1.9999999999999516,False
GBPUSD,売り,-1,2025-10-29 01:00:00,2025-10-29 05:00:00,1.3208337570146254,2025-10-29 17:00:00,1.3194762429853746,トレイル,trail,4,0.003106507319604118,1.3270467716538337,1.3187297609794062,0.0013575140292507726,0.2184952246344247,2.1772866820372503,1.2542197988032207,True
USDCHF,買い,1,2025-10-21 05:00:00,2025-10-21 09:00:00,0.7956363429665703,2025-10-29 21:00:00,0.798826874828347,トレイル,trail,40,0.0020778548033884825,0.7914806333597934,0.7989232177949173,0.0031905318617767575,0.767746585703141,3.0818597252256907,1.4997886096219306,True
SP500,買い,1,2025-10-28 09:00:00,2025-10-28 13:00:00,6924.609430651931,2025-10-30 09:00:00,6881.654723897674,初期損切り,initial,12,21.40263805116299,6881.804154549604,6881.804154549604,-42.95470675425713,-1.0034909400321104,1.3470568104338057,2.000000000000019,False
USDJPY,買い,1,2025-10-29 13:00:00,2025-10-29 17:00:00,152.6857926501845,2025-10-30 21:00:00,153.71749489021857,トレイル,trail,8,0.485141639731269,151.71550937072197,153.7192875404031,1.0317022400340647,1.0633000298691615,3.630295166564275,1.0755470309115407,True
AUDUSD,売り,-1,2025-10-30 05:00:00,2025-10-30 09:00:00,0.6538357478820956,2025-10-31 01:00:00,0.6550542521179044,時間切れ,time,4,0.0022708009820804113,0.6583773498462565,0.6583773498462565,-0.001218504235808715,-0.26829833292840427,0.23592903399434864,0.9795011255748929,False
EURUSD,売り,-1,2025-10-30 05:00:00,2025-10-30 09:00:00,1.1555136775031447,2025-10-31 01:00:00,1.1572263224968553,時間切れ,time,4,0.002972374053649934,1.1614584256104445,1.1614584256104445,-0.0017126449937105992,-0.288093786784263,0.2737466713334724,1.0450644638890108,False
USDCHF,買い,1,2025-10-30 05:00:00,2025-10-30 09:00:00,0.8029963429665702,2025-10-31 01:00:00,0.8016236570334297,時間切れ,time,4,0.00233533925633829,0.7983256644538936,0.7983256644538936,-0.0013726859331404384,-0.29389433021666195,0.3055903040609319,0.979019626533851,False
AUDUSD,買い,1,2025-11-02 21:00:00,2025-11-03 01:00:00,0.6559242521179044,2025-11-03 09:00:00,0.6521268739288792,初期損切り,initial,3,0.001876563035560406,0.6521711260467836,0.6521711260467836,-0.003797378189025147,-1.011790735793514,0.06168078551168752,1.9999999999999785,False
USDJPY,買い,1,2025-11-03 17:00:00,2025-11-03 21:00:00,154.3327926501845,2025-11-04 01:00:00,153.57736103286402,初期損切り,initial,2,0.3768194835679913,153.57915368304853,153.57915368304853,-0.7554316173204825,-1.0023786590962944,0.06954881835556369,1.9999999999999667,False
AUDUSD,売り,-1,2025-11-03 21:00:00,2025-11-04 01:00:00,0.6511357478820956,2025-11-04 21:00:00,0.648624798515274,トレイル,trail,6,0.0017936975982464568,0.6547231430785885,0.6485805463973696,0.002510949366821613,0.6999366474249482,2.9245441858337524,0.4651018759907021,True
SP500,売り,-1,2025-11-03 21:00:00,2025-11-04 01:00:00,6829.8205693480695,2025-11-04 21:00:00,6793.017940505046,トレイル,trail,6,29.459006568742893,6888.7385824855555,6792.868509853115,36.80262884302374,0.624641376774611,2.7543552481556657,0.6602201811030348,True
USDJPY,売り,-1,2025-11-04 17:00:00,2025-11-04 21:00:00,153.16420734981548,2025-11-05 05:00:00,153.96918658590948,初期損切り,initial,3,0.4015932929547478,153.96739393572497,153.96739393572497,-0.8049792360939989,-1.0022319224647824,0.23707405349078892,1.9999999999999771,False
EURUSD,売り,-1,2025-10-31 09:00:00,2025-10-31 13:00:00,1.1529936775031446,2025-11-05 17:00:00,1.1509131812170978,トレイル,trail,20,0.00266457248016166,1.1583228224634678,1.1508868587202425,0.0020804962860467846,0.3903996422571625,2.2906779787706717,0.4227028933313418,True
USDCHF,買い,1,2025-10-31 05:00:00,2025-10-31 09:00:00,0.8039163429665702,2025-11-05 17:00:00,0.8091461794795911,トレイル,trail,21,0.0021383183692257933,0.7996397062281186,0.8092425224461613,0.005229836513020891,1.222885372984572,3.9908262287993677,0.7138052913621108,True
GBPUSD,売り,-1,2025-10-30 05:00:00,2025-10-30 09:00:00,1.3136937570146254,2025-11-06 01:00:00,1.3066941030161654,トレイル,trail,29,0.0037452400205272044,1.3211842370556799,1.3066278600307908,0.0069996539984600314,0.9344733528553284,3.3866339527259406,1.1551310361052773,True
SP500,買い,1,2025-11-05 09:00:00,2025-11-05 13:00:00,6850.949430651931,2025-11-06 05:00:00,6823.690569348069,時間切れ,time,4,35.5979358956263,6779.753558860678,6779.753558860678,-27.258861303861522,-0.38287137467443233,0.18429634143128368,1.3194425314334646,False
AUDUSD,買い,1,2025-11-05 09:00:00,2025-11-05 13:00:00,0.6506442521179043,2025-11-06 09:00:00,0.6465820663177317,初期損切り,initial,6,0.002008966841134098,0.6466263184356361,0.6466263184356361,-0.004062185800172591,-1.0110136506482639,0.5902277020293242,2.0000000000000093,False
SP500,売り,-1,2025-11-07 05:00:00,2025-11-07 09:00:00,6723.20056934807,2025-11-07 13:00:00,6710.475922464662,トレイル,trail,2,36.384327875154554,6795.969225098379,6710.326491812732,12.724646883407331,0.1748643939097814,1.8538357937932117,0.05715182259420235,True
USDCHF,売り,-1,2025-11-06 05:00:00,2025-11-06 09:00:00,0.8074636570334297,2025-11-09 17:00:00,0.8061814192000488,トレイル,trail,9,0.0019167174889857049,0.8112970920114011,0.8060850762334786,0.0012822378333808837,0.3344879568191927,2.219240476425501,0.697203930286789,True
GBPUSD,買い,1,2025-11-07 09:00:00,2025-11-07 13:00:00,1.3171062429853746,2025-11-10 05:00:00,1.3172537570146254,時間切れ,time,4,0.003182039986010818,1.310742163013353,1.310742163013353,0.00014751402925083923,0.02317916020844399,0.4191515570165824,1.0861720784683009,False
SP500,買い,1,2025-11-10 13:00:00,2025-11-10 17:00:00,6858.3894306519305,2025-11-11 09:00:00,6840.95056934807,時間切れ,time,4,36.68377191952171,6785.021886812887,6785.021886812887,-17.438861303860904,-0.2376917692940486,0.22981740717842472,0.6108813101633508,False
EURUSD,買い,1,2025-11-07 05:00:00,2025-11-07 09:00:00,1.1567863224968553,2025-11-11 17:00:00,1.157552261821873,トレイル,trail,15,0.0020009437875144367,1.1527844349218264,1.1575785843187283,0.0007659393250176727,0.19139451337838906,1.8959440674028736,1.3325324346904175,True
USDCHF,売り,-1,2025-11-11 05:00:00,2025-11-11 09:00:00,0.7993036570334298,2025-11-12 01:00:00,0.8007963429665702,時間切れ,time,4,0.0020099221304436224,0.803323501294317,0.803323501294317,-0.0014926859331404474,-0.37132929443664253,0.3401410547576134,0.9783179839590473,False
USDJPY,買い,1,2025-11-09 17:00:00,2025-11-09 21:00:00,153.83679265018452,2025-11-13 01:00:00,154.4172429958151,トレイル,trail,20,0.41864290266693704,152.99950684485066,154.4190356459996,0.5804503456305667,0.6932523421904994,2.8907867352006456,0.40319004361290156,True
AUDUSD,買い,1,2025-11-09 21:00:00,2025-11-10 01:00:00,0.6527242521179044,2025-11-13 05:00:00,0.6550399553055269,トレイル,trail,20,0.0019371950510457922,0.6488498620158129,0.6550842074234313,0.002315703187622531,0.5976948956101249,2.718233189400749,0.6422957343571353,True
GBPUSD,売り,-1,2025-11-12 01:00:00,2025-11-12 05:00:00,1.3115137570146254,2025-11-13 05:00:00,1.3177592261013338,初期損切り,initial,7,0.003089613050666942,1.3176929831159592,1.3176929831159592,-0.006245469086708422,-1.0107202721324986,0.99486795408305,1.9999999999999767,False
SP500,買い,1,2025-11-11 13:00:00,2025-11-11 17:00:00,6875.569430651931,2025-11-13 09:00:00,6815.1479113174855,初期損切り,initial,11,30.136044341257467,6815.297341969416,6815.297341969416,-60.42151933444529,-1.002479267853442,0.8242810193261261,1.9999999999999873,False
EURUSD,買い,1,2025-11-13 01:00:00,2025-11-13 05:00:00,1.1616663224968553,2025-11-13 17:00:00,1.1623782186561127,トレイル,trail,4,0.002130305898021331,1.1574057107008127,1.162404541152968,0.0007118961592573747,0.167087778313574,1.8465317618461912,0.5615731045792929,True
USDCHF,売り,-1,2025-11-12 05:00:00,2025-11-12 09:00:00,0.7983636570334297,2025-11-13 17:00:00,0.7936402537822947,トレイル,trail,9,0.0017959405438163145,0.8019555381210624,0.7935439108157245,0.004723403251134961,1.315022166908122,4.183689186872178,0.5937518200376068,True
USDCHF,売り,-1,2025-11-14 05:00:00,2025-11-14 09:00:00,0.7894536570334297,2025-11-14 09:00:00,0.7941725571263721,初期損切り,initial,1,0.002311278563186104,0.7940762141598019,0.7940762141598019,-0.004718900092942402,-1.0208419201615804,-0.0,1.99999999999998,False
USDJPY,売り,-1,2025-11-14 05:00:00,2025-11-14 09:00:00,154.08620734981548,2025-11-17 01:00:00,154.6917926501845,時間切れ,time,4,0.4324558726864517,154.95111909518837,154.95111909518837,-0.6055853003690288,-0.7001700504228128,0.24096643472115983,1.62511991297216,False
EURUSD,売り,-1,2025-11-18 09:00:00,2025-11-18 13:00:00,1.1575536775031448,2025-11-19 05:00:00,1.1573663224968553,時間切れ,time,4,0.002139243657842416,1.1618321648188297,1.1618321648188297,0.0001873550062894136,0.04379001092338749,0.46449945030895423,1.0220072355200103,False
AUDUSD,売り,-1,2025-11-17 13:00:00,2025-11-17 17:00:00,0.6492657478820957,2025-11-19 13:00:00,0.6480132205302094,トレイル,trail,12,0.0019193122748699632,0.6531043724318356,0.647968968412305,0.0012525273518863012,0.32629587386220466,2.1756479843169556,1.3360265296474878,True
SP500,売り,-1,2025-11-17 21:00:00,2025-11-18 01:00:00,6656.080569348069,2025-11-19 17:00:00,6742.4824650010205,初期損切り,initial,11,43.12623250051025,6742.33303434909,6742.33303434909,-86.40189565295168,-1.0017324797839624,1.4313925833270524,2.00000000000001,False
GBPUSD,売り,-1,2025-11-18 17:00:00,2025-11-18 21:00:00,1.3131937570146255,2025-11-20 05:00:00,1.308508909559353,トレイル,trail,9,0.0031084443826522555,1.31941064577993,1.3084426665739783,0.004684847455272534,0.7535678427154654,3.0284463402859187,0.7805328603963486,True
USDJPY,買い,1,2025-11-17 05:00:00,2025-11-17 09:00:00,154.8937926501845,2025-11-20 05:00:00,157.1772073498155,トレイル,trail,18,0.3797043692182123,154.13438391174807,157.2114434461727,2.283414699630981,3.006832268393948,7.6038296734906625,0.19697600619796235,True
USDCHF,買い,1,2025-11-18 09:00:00,2025-11-18 13:00:00,0.7998863429665702,2025-11-20 21:00:00,0.8044335507453274,トレイル,trail,15,0.002193404192068246,0.7954995345824337,0.8045298937118976,0.004547207778757167,1.036564030286964,3.617052006246413,0.5910187330078213,True
AUDUSD,売り,-1,2025-11-20 09:00:00,2025-11-20 13:00:00,0.6445057478820956,2025-11-21 05:00:00,0.6436942521179044,時間切れ,time,4,0.0024277227945337814,0.6493611934711632,0.6493611934711632,0.0008114957641911502,0.1671310592004779,0.4801816272930072,0.6484480524090169,False
EURUSD,売り,-1,2025-11-19 09:00:00,2025-11-19 13:00:00,1.1533036775031447,2025-11-23 21:00:00,1.152555909544623,トレイル,trail,15,0.0022730580318451044,1.1578497935668348,1.1525295870477676,0.0007477679585217167,0.16448501271098934,1.8405502387234423,0.8562572840586749,True
SP500,売り,-1,2025-11-20 09:00:00,2025-11-20 13:00:00,6606.390569348069,2025-11-24 09:00:00,6718.494110444061,初期損切り,initial,12,55.97705522203065,6718.344679792131,6718.344679792131,-112.10354109599211,-1.001334749133713,1.4507831651013188,2.0000000000000013,False
GBPUSD,買い,1,2025-11-25 01:00:00,2025-11-25 05:00:00,1.3135562429853747,2025-11-25 13:00:00,1.3160695875345239,トレイル,trail,3,0.0028561129867343215,1.3078440170119061,1.3161358305198985,0.002513344549149199,0.43999389394306776,2.4031811929377795,0.916015226822687,True
USDCHF,買い,1,2025-11-21 09:00:00,2025-11-21 13:00:00,0.8084463429665703,2025-11-26 01:00:00,0.8041061587339862,初期損切り,initial,16,0.0021219206330069457,0.8042025017005564,0.8042025017005564,-0.004340184232584088,-1.022701830848798,0.8264479859195744,1.9999999999999796,False
EURUSD,買い,1,2025-11-25 05:00:00,2025-11-25 09:00:00,1.1558663224968553,2025-11-27 01:00:00,1.1580114038434397,トレイル,trail,11,0.002214849106469912,1.1514366242839154,1.158037726340295,0.002145081346584421,0.4842499970581091,2.480384549492242,0.5265923052943946,True
USDCHF,買い,1,2025-11-28 01:00:00,2025-11-28 05:00:00,0.8064363429665702,2025-11-28 09:00:00,0.8026725375048609,初期損切り,initial,2,0.0018337312475695102,0.8027688804714311,0.8027688804714311,-0.003763805461709291,-1.0262696528452484,0.3728229173909238,2.000000000000017,False
EURUSD,売り,-1,2025-11-28 01:00:00,2025-11-28 05:00:00,1.1568536775031446,2025-11-30 17:00:00,1.1611209220476488,初期損切り,initial,4,0.0021204610238244144,1.1610945995507935,1.1610945995507935,-0.004267244544504223,-1.0062067862978021,0.6195244752838118,2.0000000000000435,False
USDJPY,売り,-1,2025-11-25 05:00:00,2025-11-25 09:00:00,156.14520734981548,2025-12-01 09:00:00,155.30770188673804,トレイル,trail,25,0.42793949103569257,157.00108633188685,155.30590923655353,0.8375054630774343,0.9785325736712409,3.4612541745813092,1.3828886152859332,True
USDCHF,売り,-1,2025-12-03 09:00:00,2025-12-03 13:00:00,0.7994036570334297,2025-12-04 05:00:00,0.7998163429665702,時間切れ,time,4,0.0018000605746949262,0.8030037781828196,0.8030037781828196,-0.0004126859331404775,-0.11463112379160335,0.1186943575307199,1.1590404211390941,False
GBPUSD,買い,1,2025-11-26 09:00:00,2025-11-26 13:00:00,1.3226962429853746,2025-12-04 13:00:00,1.3326717851767176,トレイル,trail,37,0.0038546478919384655,1.3149869472014977,1.3327380281620922,0.009975542191343001,1.2939628301985315,4.105110883855006,1.2261153593973828,True
USDCHF,買い,1,2025-12-05 09:00:00,2025-12-05 13:00:00,0.8048963429665702,2025-12-08 05:00:00,0.8042036570334298,時間切れ,time,4,0.0017555488628313303,0.8013852452409075,0.8013852452409075,-0.0006926859331404245,-0.19728472041025052,0.047652922229067474,1.1884277394622584,False
USDJPY,売り,-1,2025-12-04 01:00:00,2025-12-04 05:00:00,154.81220734981548,2025-12-08 05:00:00,155.56786250399745,初期損切り,initial,13,0.37693125199873173,155.56606985381293,155.56606985381293,-0.7556551541819658,-1.002377953771406,1.2421558237284653,1.9999999999999731,False
AUDUSD,買い,1,2025-11-25 09:00:00,2025-11-25 13:00:00,0.6472342521179044,2025-12-08 09:00:00,0.6616891566989123,トレイル,trail,54,0.002117727455455599,0.6429987972069933,0.6617334088168166,0.014454904581007844,3.412834013123298,8.346564066381667,0.2853304453071767,True
EURUSD,買い,1,2025-12-03 05:00:00,2025-12-03 09:00:00,1.1666663224968552,2025-12-08 09:00:00,1.1625678178076226,初期損切り,initial,19,0.0020360910961886797,1.162594140304478,1.162594140304478,-0.004098504689232563,-1.00646397818459,0.7532460143927575,1.9999999999999514,False
GBPUSD,買い,1,2025-12-09 01:00:00,2025-12-09 05:00:00,1.3347662429853746,2025-12-09 09:00:00,1.3298871912512338,初期損切り,initial,2,0.0024064043743831434,1.3299534342366084,1.3299534342366084,-0.004879051734140827,-1.013763893151067,0.04311703208734032,1.9999999999999711,False
SP500,買い,1,2025-11-25 09:00:00,2025-11-25 13:00:00,6763.859430651931,2025-12-09 21:00:00,6843.6105693480695,最大保有,max,60,48.46363412148537,6666.93216240896,6832.094548817772,79.7511386961387,0.8227936280657773,2.9079653621268666,0.18032965976145068,True
AUDUSD,買い,1,2025-12-10 13:00:00,2025-12-10 17:00:00,0.6675642521179044,2025-12-10 21:00:00,0.6640119623550506,初期損切り,initial,2,0.0017540188224747445,0.6640562144729549,0.6640562144729549,-0.003552289762853822,-1.0126144934527834,0.18001396453098664,1.9999999999999758,False
SP500,買い,1,2025-12-10 13:00:00,2025-12-10 17:00:00,6890.75943065193,2025-12-10 21:00:00,6845.819735434763,初期損切り,initial,2,22.395132282618302,6845.969166086694,6845.969166086694,-44.939695217167355,-1.003336230615765,0.011188562983585457,2.0000000000000004,False
GBPUSD,買い,1,2025-12-10 13:00:00,2025-12-10 17:00:00,1.3384162429853745,2025-12-11 13:00:00,1.3397408352035285,トレイル,trail,6,0.002668614540731231,1.3330790139039121,1.339807078188903,0.0013245922181539527,0.24817975731163466,2.0211825021186685,1.0965401487217588,True
USDCHF,売り,-1,2025-12-10 05:00:00,2025-12-10 09:00:00,0.8031736570334298,2025-12-11 13:00:00,0.7950037869751673,トレイル,trail,8,0.0016516293390647229,0.8064769157115592,0.794907444008597,0.00816987005826253,2.4732758933941335,6.504883861843784,0.19758850176092915,True
EURUSD,買い,1,2025-12-10 09:00:00,2025-12-10 13:00:00,1.1659063224968553,2025-12-11 17:00:00,1.173453861828992,トレイル,trail,8,0.0018532104494352229,1.162199901597985,1.1734801843258473,0.007547539332136699,2.0363416724843253,5.586887072809297,0.6455405521914708,True
SP500,買い,1,2025-12-11 13:00:00,2025-12-11 17:00:00,6911.199430651931,2025-12-12 09:00:00,6907.840569348069,時間切れ,time,4,28.499067636828222,6854.201295378274,6854.201295378274,-3.358861303861886,-0.05892931913887179,0.14493699936805057,0.7617593294131806,False
AUDUSD,売り,-1,2025-12-15 17:00:00,2025-12-15 21:00:00,0.6622057478820956,2025-12-16 05:00:00,0.6658400221920936,初期損切り,initial,3,0.001795011096046801,0.6657957700741892,0.6657957700741892,-0.0036342743099979646,-1.0123264190404784,0.12576405939372046,1.999999999999993,False
EURUSD,買い,1,2025-12-15 13:00:00,2025-12-15 17:00:00,1.1753663224968554,2025-12-16 09:00:00,1.176515835554962,トレイル,trail,5,0.0019585612987883987,1.1714491998992786,1.1765421580518174,0.0011495130581067325,0.29345853479741535,2.100356780096454,0.47806647534314833,True
GBPUSD,買い,1,2025-12-16 01:00:00,2025-12-16 05:00:00,1.3411062429853746,2025-12-17 01:00:00,1.335623404334434,初期損切り,initial,6,0.002708297832782986,1.3356896473198085,1.3356896473198085,-0.00548283865094068,-1.0122296345277946,1.6518703964062353,2.0000000000000364,False
USDCHF,買い,1,2025-12-17 01:00:00,2025-12-17 05:00:00,0.7979963429665703,2025-12-17 09:00:00,0.7943682536141476,初期損切り,initial,2,0.001765873192926213,0.7944645965807179,0.7944645965807179,-0.0036280893524226476,-1.0272791293724133,0.08135183998779344,1.9999999999999898,False
USDJPY,売り,-1,2025-12-15 17:00:00,2025-12-15 21:00:00,154.8632073498155,2025-12-17 13:00:00,155.66490725150388,初期損切り,initial,11,0.3999536257519329,155.66311460131936,155.66311460131936,-0.8016999016883801,-1.0022410725507789,1.1631532254292916,2.000000000000005,False
GBPUSD,買い,1,2025-12-18 05:00:00,2025-12-18 09:00:00,1.3428362429853746,2025-12-19 01:00:00,1.3375337570146253,時間切れ,time,4,0.0036734142606375665,1.3354894144640994,1.3354894144640994,-0.005302485970749338,-0.7217380881279948,0.49375237474862754,1.591501140511182,False
SP500,売り,-1,2025-12-17 09:00:00,2025-12-17 13:00:00,6801.590569348069,2025-12-19 09:00:00,6873.176951949644,初期損切り,initial,12,35.71847597482196,6873.027521297713,6873.027521297713,-71.58638260157477,-1.002091783703708,0.8432770023362935,2.0000000000000027,False
USDJPY,買い,1,2025-12-18 21:00:00,2025-12-19 01:00:00,155.99679265018452,2025-12-22 05:00:00,157.21825907264207,トレイル,trail,8,0.37196551811560824,155.2528616139533,157.22005172282658,1.2214664224575529,1.6419081379445455,4.788635674723668,0.38926363636618344,True
AUDUSD,売り,-1,2025-12-17 01:00:00,2025-12-17 05:00:00,0.6614257478820956,2025-12-22 09:00:00,0.6652099364849894,初期損切り,initial,20,0.0018699682424947147,0.665165684367085,0.665165684367085,-0.0037841886028937566,-1.0118323180305167,1.1421305632689753,1.9999999999999742,False
EURUSD,売り,-1,2025-12-16 21:00:00,2025-12-17 01:00:00,1.1728936775031447,2025-12-22 17:00:00,1.1771912794059416,初期損切り,initial,23,0.002135639702970772,1.1771649569090863,1.1771649569090863,-0.0042976019027969325,-1.0061626726687027,1.2238382249163702,2.0000000000000404,False
USDCHF,売り,-1,2025-12-22 01:00:00,2025-12-22 05:00:00,0.7932936570334298,2025-12-23 09:00:00,0.7893563429665702,トレイル,trail,8,0.0016956934799556447,0.7966850439933411,0.7892235402199335,0.0039373140668595985,1.1609745845583452,3.900266829829853,0.3221944136887766,True
SP500,買い,1,2025-12-23 09:00:00,2025-12-23 13:00:00,6951.569430651931,2025-12-24 05:00:00,6956.330569348069,時間切れ,time,4,24.17258593445674,6903.224258783017,6903.224258783017,4.761138696138005,0.09848219609287341,0.4964536843765117,0.027280103738962315,False
EURUSD,買い,1,2025-12-23 17:00:00,2025-12-23 21:00:00,1.1805563224968554,2025-12-24 13:00:00,1.1776136775031447,時間切れ,time,4,0.002081051724795315,1.1763942190472647,1.1763942190472647,-0.0029426449937106636,-0.7070090951247481,0.11228817638716235,1.5791642551213254,False
USDCHF,売り,-1,2025-12-23 17:00:00,2025-12-23 21:00:00,0.7862736570334298,2025-12-24 13:00:00,0.7885563429665703,時間切れ,time,4,0.0018935002471823952,0.7900606575277945,0.7900606575277945,-0.002282685933140516,-0.6027688500535568,0.06002483157788332,1.7989662117229985,False
GBPUSD,買い,1,2025-12-21 17:00:00,2025-12-21 21:00:00,1.3396262429853747,2025-12-26 01:00:00,1.348608482908449,トレイル,trail,23,0.0031701827374508236,1.333285877510473,1.3486747258938236,0.008982239923074342,1.4166754201521288,4.354246476569032,0.14076254346570724,True
SP500,買い,1,2025-12-24 09:00:00,2025-12-24 13:00:00,6982.619430651931,2025-12-26 05:00:00,6979.330569348069,時間切れ,time,4,19.669815683424474,6943.279799285082,6943.279799285082,-3.288861303862177,-0.08360173162765482,0.3630216705124744,0.42905489241785405,False
AUDUSD,売り,-1,2025-12-26 01:00:00,2025-12-26 05:00:00,0.6697757478820956,2025-12-28 21:00:00,0.6719842521179044,時間切れ,time,4,0.0013757281793439684,0.6725272042407835,0.6725272042407835,-0.0022085042358087614,-0.8026673688046108,0.033253576384081586,1.9366123031476472,False
USDCHF,買い,1,2025-12-26 01:00:00,2025-12-26 05:00:00,0.7900263429665703,2025-12-28 21:00:00,0.7885136570334298,時間切れ,time,4,0.0016131773724793494,0.7867999882216116,0.7867999882216116,-0.0015126859331404674,-0.46885294789858317,0.15724063438843505,1.3181085991196146,False
SP500,売り,-1,2025-12-29 01:00:00,2025-12-29 05:00:00,6964.220569348069,2025-12-29 13:00:00,6959.6423342215685,トレイル,trail,3,15.495269046425191,6995.2111074409195,6959.492903569638,4.578235126500658,0.1477300946754736,1.8051038200283491,0.22906544192920314,True
EURUSD,売り,-1,2025-12-28 21:00:00,2025-12-29 01:00:00,1.1756036775031447,2025-12-29 17:00:00,1.1770763224968552,時間切れ,time,4,0.0019514155124951429,1.1795065085281349,1.1795065085281349,-0.0014726449937105812,-0.3773273770452941,0.32985158671902703,1.6840711144359741,False
AUDUSD,売り,-1,2025-12-29 05:00:00,2025-12-29 09:00:00,0.6693057478820956,2025-12-30 01:00:00,0.6714042521179043,時間切れ,time,4,0.0015997146848371825,0.67250517725177,0.67250517725177,-0.002098504235808707,-0.6558995349918573,0.4786777850786181,1.3779032841276773,False
USDCHF,買い,1,2025-12-29 09:00:00,2025-12-29 13:00:00,0.7907263429665703,2025-12-30 05:00:00,0.7886536570334297,時間切れ,time,4,0.001895702930692732,0.7869349371051848,0.7869349371051848,-0.0020726859331405834,-0.5466800466419013,0.028304557935212048,1.332668175834439,False
AUDUSD,売り,-1,2025-12-31 01:00:00,2025-12-31 05:00:00,0.6682657478820956,2025-12-31 13:00:00,0.6674042521179043,期末,end,3,0.0014415256193677224,0.671148799120831,0.671148799120831,0.0008614957641912557,0.29881389293973226,1.5856449940155317,0.4885463764516833,False
EURUSD,売り,-1,2025-12-30 13:00:00,2025-12-30 17:00:00,1.1746536775031446,2025-12-31 13:00:00,1.1746263224968554,期末,end,6,0.001999507732098285,1.1786526929673413,1.1786526929673413,2.735500628925358e-05,0.006840435235663534,1.3271654120386633,0.6333171292748903,False
GBPUSD,売り,-1,2025-12-30 13:00:00,2025-12-30 17:00:00,1.3467537570146253,2025-12-31 13:00:00,1.3453362429853746,トレイル,trail,6,0.002716584653447015,1.3521869263215194,1.3442448769801707,0.0014175140292507216,0.26090002891168307,2.4235420038434023,0.33727753862263266,True
SP500,売り,-1,2025-12-30 17:00:00,2025-12-30 21:00:00,6933.28056934807,2025-12-31 13:00:00,6893.1794306519305,期末,end,5,15.66283825262865,6964.606245853327,6913.774257378943,40.10113869613906,1.2801363983123877,2.7453880742753083,1.158119004956604,True
USDCHF,買い,1,2025-12-30 13:00:00,2025-12-30 17:00:00,0.7918163429665702,2025-12-31 13:00:00,0.7925336570334297,期末,end,6,0.0018117156317422319,0.7881929117030858,0.7881929117030858,0.0007173140668594868,0.1979654130846361,1.3322493834800582,0.135972203503774,False
USDJPY,買い,1,2025-12-25 17:00:00,2025-12-25 21:00:00,156.2857926501845,2025-12-31 13:00:00,156.6712073498155,期末,end,23,0.38443908290172935,155.51691448438103,156.4193413756474,0.38541469963098507,0.5012688833844517,1.8473859225105083,1.4041045101610474,True
