Symbol,Side,Dir,SignalTime,EntryTime,EntryPrice,ExitTime,ExitPrice,Reason,ReasonCode,Bars,ATR,InitialStop,FinalStop,PnL,R,MFE_ATR,MAE_ATR,BE
USDJPY,売り,-1,2021-01-04 01:00:00,2021-01-04 05:00:00,102.74320734981548,2021-01-04 05:00:00,103.0390281241018,初期損切り,initial,1,0.19601874940120112,103.03723547391728,103.03723547391728,-0.2958207742863266,-1.006096866379708,-0.0,1.499999999999991,False
AUDUSD,売り,-1,2021-01-04 09:00:00,2021-01-04 13:00:00,0.7660757478820956,2021-01-04 21:00:00,0.7707492546054471,初期損切り,initial,3,0.003086169736964719,0.7707050024875427,0.7707050024875427,-0.004673506723351428,-1.0095592318150484,0.17359637601221617,1.4999999999999918,False
USDJPY,売り,-1,2021-01-05 09:00:00,2021-01-05 13:00:00,102.65120734981548,2021-01-06 05:00:00,102.95639311504988,初期損切り,initial,5,0.2022620766999102,102.95460046486535,102.95460046486535,-0.30518576523439833,-1.0059086712769945,0.2877818262581966,1.5000000000000315,False
AUDUSD,買い,1,2021-01-05 09:00:00,2021-01-05 13:00:00,0.7765442521179043,2021-01-06 09:00:00,0.7765,建値,breakeven,6,0.0033018301448998924,0.7715915069005546,0.7765442521179043,-4.425211790437533e-05,-0.008934866616872768,1.6523405634668398,0.9765045373047473,True
EURUSD,買い,1,2021-01-06 01:00:00,2021-01-06 05:00:00,1.2338663224968554,2021-01-06 09:00:00,1.2290123310887633,初期損切り,initial,2,0.0032184459408244404,1.2290386535856186,1.2290386535856186,-0.004853991408092062,-1.0054524237969455,0.33360122334990727,1.5000000000000309,False
USDCHF,売り,-1,2021-01-05 09:00:00,2021-01-05 13:00:00,0.8778636570334297,2021-01-06 09:00:00,0.8812975119290375,初期損切り,initial,6,0.002225007952691711,0.8812011689624673,0.8812011689624673,-0.0034338548956077686,-1.0288667032863563,0.9409660899849216,1.4999999999999831,False
USDCHF,買い,1,2021-01-07 01:00:00,2021-01-07 05:00:00,0.8832863429665703,2021-01-08 05:00:00,0.8835072751767161,トレイル,trail,7,0.0024331909283568294,0.8796365565740351,0.8836036181432864,0.00022093221014585218,0.060532915185862825,2.130394689959786,0.4834569095507531,True
USDJPY,買い,1,2021-01-07 01:00:00,2021-01-07 05:00:00,103.56979265018452,2021-01-08 05:00:00,103.62397321383233,トレイル,trail,7,0.23261706799156595,103.22086704819718,103.62576586401686,0.05418056364780455,0.15527826946263745,2.24062384723363,0.2570432629934417,True
USDJPY,買い,1,2021-01-10 17:00:00,2021-01-10 21:00:00,104.17579265018453,2021-01-11 21:00:00,104.23520734981547,時間切れ,time,6,0.2549430806544773,103.79337802920281,103.79337802920281,0.05941469963093482,0.1553672280584051,0.8755183676390069,0.5483288655085798,False
GBPUSD,売り,-1,2021-01-10 17:00:00,2021-01-10 21:00:00,1.3508737570146254,2021-01-12 01:00:00,1.3584540232762325,初期損切り,initial,8,0.0050093488508216166,1.358387780290858,1.358387780290858,-0.007580266261607127,-1.0088159143164002,1.158585115044148,1.5000000000000184,False
AUDUSD,売り,-1,2021-01-10 17:00:00,2021-01-10 21:00:00,0.7706757478820956,2021-01-12 13:00:00,0.7761712272095294,初期損切り,initial,11,0.0036341514730195965,0.776126975091625,0.776126975091625,-0.005495479327433772,-1.0081178267211133,1.105002890470857,1.5000000000000004,False
EURUSD,売り,-1,2021-01-07 17:00:00,2021-01-07 21:00:00,1.2247836775031447,2021-01-12 13:00:00,1.2200362883704432,トレイル,trail,17,0.0033799829367940045,1.2298536519083356,1.220009965873588,0.004747389132701452,0.9363733923076082,3.412347848739344,1.0906334634789205,True
USDJPY,売り,-1,2021-01-12 17:00:00,2021-01-12 21:00:00,103.56020734981547,2021-01-13 05:00:00,103.91316762121798,初期損切り,initial,3,0.23411174747865587,103.91137497103345,103.91137497103345,-0.35296027140250885,-1.0051048276555437,0.14611547768910396,1.499999999999993,False
GBPUSD,買い,1,2021-01-12 13:00:00,2021-01-12 17:00:00,1.3662662429853747,2021-01-13 17:00:00,1.3642237570146254,時間切れ,time,6,0.004648470162585895,1.3592935377414959,1.3592935377414959,-0.002042485970749297,-0.29292590168533833,0.8204327189880727,1.0877219404506029,False
EURUSD,売り,-1,2021-01-14 05:00:00,2021-01-14 09:00:00,1.2119636775031446,2021-01-14 09:00:00,1.2170146188821949,初期損切り,initial,1,0.003349745921463303,1.2169882963853396,1.2169882963853396,-0.005050941379050267,-1.0052387051580345,-0.0,1.5000000000000029,False
USDJPY,買い,1,2021-01-14 05:00:00,2021-01-14 09:00:00,104.06779265018453,2021-01-14 09:00:00,103.73788016861228,初期損切り,initial,1,0.2187465542584855,103.7396728187968,103.7396728187968,-0.3299124815722507,-1.0054634009073475,0.0,1.499999999999981,False
AUDUSD,買い,1,2021-01-14 09:00:00,2021-01-14 13:00:00,0.7798042521179044,2021-01-15 01:00:00,0.7747644701545885,初期損切り,initial,4,0.0033303532302743515,0.7748087222724929,0.7748087222724929,-0.0050397819633158925,-1.0088583432135856,0.1158279183688538,1.499999999999997,False
GBPUSD,売り,-1,2021-01-15 05:00:00,2021-01-15 09:00:00,1.3605537570146253,2021-01-18 17:00:00,1.3604012794854583,トレイル,trail,9,0.0041975182500418465,1.366850034389688,1.3603350365000837,0.00015247752916702773,0.02421709211397435,2.0521071027003965,0.2349585937749786,True
AUDUSD,売り,-1,2021-01-15 05:00:00,2021-01-15 09:00:00,0.7720357478820956,2021-01-19 01:00:00,0.77208,建値,breakeven,11,0.0031359092229581854,0.7767396117165329,0.7720357478820956,-4.425211790437533e-05,-0.009407610309720881,1.9502311601757472,0.24370989833165202,True
EURUSD,売り,-1,2021-01-15 09:00:00,2021-01-15 13:00:00,1.2093236775031446,2021-01-19 09:00:00,1.2142575051194857,初期損切り,initial,12,0.0032716700796571866,1.2142311826226304,1.2142311826226304,-0.004933827616341091,-1.0053637227500374,1.214571581606747,1.5000000000000027,False
USDJPY,買い,1,2021-01-18 21:00:00,2021-01-19 01:00:00,103.99279265018453,2021-01-20 01:00:00,103.74620734981548,時間切れ,time,6,0.17759012304878427,103.72640746561135,103.72640746561135,-0.24658530036904835,-0.9256719767060132,0.5304762911257067,1.474139697018043,False
USDJPY,売り,-1,2021-01-20 09:00:00,2021-01-20 13:00:00,103.60020734981548,2021-01-21 09:00:00,103.602,建値,breakeven,6,0.16830957361031837,103.85267171023095,103.60020734981548,-0.0017926501845266785,-0.007100606919632283,1.6113602096301494,0.4087268995392568,True
AUDUSD,買い,1,2021-01-20 01:00:00,2021-01-20 05:00:00,0.7732642521179044,2021-01-22 01:00:00,0.77322,建値,breakeven,12,0.0025169484407936366,0.7694888294567139,0.7732642521179044,-4.425211790437533e-05,-0.011721103006364296,1.9808700890684565,0.4705110755192865,True
GBPUSD,買い,1,2021-01-21 01:00:00,2021-01-21 05:00:00,1.3734362429853746,2021-01-22 01:00:00,1.3680444342962943,初期損切り,initial,6,0.0035503771358037966,1.368110677281669,1.368110677281669,-0.005391808689080291,-1.0124386758252746,0.15597132176215595,1.4999999999999962,False
USDCHF,買い,1,2021-01-10 17:00:00,2021-01-10 21:00:00,0.8886763429665703,2021-01-22 01:00:00,0.8844876286204041,初期損切り,initial,56,0.0027282475863973144,0.8845839715869743,0.8845839715869743,-0.004188714346166189,-1.0235420878590273,1.4454908905966786,1.4999999999999918,False
EURUSD,買い,1,2021-01-21 13:00:00,2021-01-21 17:00:00,1.2165563224968552,2021-01-24 17:00:00,1.2172236775031446,時間切れ,time,6,0.0026833797246402597,1.2125312529098948,1.2125312529098948,0.0006673550062894495,0.1657996195771154,0.8994915930016207,0.5203596360341315,False
USDJPY,買い,1,2021-01-22 05:00:00,2021-01-22 09:00:00,103.83579265018453,2021-01-25 09:00:00,103.77120734981547,時間切れ,time,6,0.1653173344333912,103.58781664853444,103.58781664853444,-0.0645853003690604,-0.2604498013489032,0.3278987651310798,0.9786792821155239,False
USDJPY,売り,-1,2021-01-26 05:00:00,2021-01-26 09:00:00,103.65620734981547,2021-01-27 05:00:00,103.88054305842175,初期損切り,initial,6,0.14836203894783598,103.87875040823722,103.87875040823722,-0.22433570860627583,-1.0080552958930065,0.6754244584809868,1.4999999999999676,False
GBPUSD,買い,1,2021-01-26 09:00:00,2021-01-26 13:00:00,1.3732262429853745,2021-01-27 09:00:00,1.3675894573438292,初期損切り,initial,6,0.0037136951041138637,1.3676557003292038,1.3676557003292038,-0.00563678564154535,-1.0118916575032726,0.725357612594923,1.4999999999999851,False
USDCHF,買い,1,2021-01-25 01:00:00,2021-01-25 05:00:00,0.8872563429665702,2021-01-27 13:00:00,0.8879365414980881,トレイル,trail,15,0.00185855776767083,0.8844685063150639,0.8880328844646583,0.000680198531517906,0.24398794353693584,2.417819403623578,0.7405435496874759,True
AUDUSD,売り,-1,2021-01-27 13:00:00,2021-01-27 17:00:00,0.7660757478820956,2021-01-28 09:00:00,0.7653150811221158,トレイル,trail,5,0.003035414502105717,0.7706288696352542,0.7652708290042114,0.0007606667599798778,0.16706488453821616,2.2651759347284672,0.16941742801439494,True
EURUSD,売り,-1,2021-01-27 17:00:00,2021-01-27 21:00:00,1.2101036775031446,2021-01-28 21:00:00,1.2108563224968554,時間切れ,time,6,0.002866765613874705,1.2144038259239567,1.2144038259239567,-0.0007526449937107493,-0.17502767813037878,0.7059096472171618,1.435876890992791,False
EURUSD,買い,1,2021-01-29 05:00:00,2021-01-29 09:00:00,1.2146663224968552,2021-02-01 01:00:00,1.210401624962212,初期損切り,initial,5,0.0028255833585252473,1.2104279474590673,1.2104279474590673,-0.0042646975346432026,-1.0062105162050667,0.3375152604389737,1.5000000000000104,False
GBPUSD,買い,1,2021-01-31 21:00:00,2021-02-01 01:00:00,1.3747762429853747,2021-02-01 05:00:00,1.3685306039555767,初期損切り,initial,2,0.004119597362948971,1.3685968469409513,1.3685968469409513,-0.0062456390297980224,-1.0107199773081945,0.24850899843579813,1.4999999999999893,False
USDJPY,買い,1,2021-02-01 09:00:00,2021-02-01 13:00:00,104.99879265018453,2021-02-02 13:00:00,105.09920734981547,時間切れ,time,6,0.18055496079836275,104.72796020898699,104.72796020898699,0.10041469963094585,0.370763189176823,0.9648438849045179,0.9293162006881011,False
GBPUSD,売り,-1,2021-02-02 09:00:00,2021-02-02 13:00:00,1.3646337570146254,2021-02-03 13:00:00,1.3658162429853746,時間切れ,time,6,0.00402758413039588,1.3706751332102192,1.3706751332102192,-0.0011824859707492141,-0.19573122620830022,0.663861244870519,0.927663548273895,False
GBPUSD,売り,-1,2021-02-03 21:00:00,2021-02-04 01:00:00,1.3604937570146254,2021-02-04 05:00:00,1.3659348638136517,初期損切り,initial,2,0.0035832425424344957,1.365868620828277,1.365868620828277,-0.0054411067990263184,-1.0123245886167986,0.89688514706065,1.4999999999999905,False
USDJPY,買い,1,2021-02-03 21:00:00,2021-02-04 01:00:00,105.14779265018453,2021-02-05 01:00:00,105.36386758399856,トレイル,trail,7,0.14616988290845961,104.92853782582183,105.36566023418308,0.21607493381402776,0.9854968274567975,3.4905093967612766,0.0191055101705211,True
EURUSD,売り,-1,2021-02-02 05:00:00,2021-02-02 09:00:00,1.2047936775031447,2021-02-05 05:00:00,1.2007053053746324,トレイル,trail,18,0.0027244914388884884,1.2088804146614773,1.200678982877777,0.004088372128512319,1.0004000673682312,3.5102615360195006,0.07572881085636468,True
USDCHF,買い,1,2021-02-01 01:00:00,2021-02-01 05:00:00,0.8949063429665702,2021-02-05 05:00:00,0.9004615526028231,トレイル,trail,25,0.002051052215303305,0.8918297646436153,0.9005578955693934,0.005555209636252889,1.8056454453976922,4.75544062733061,0.3541318749229645,True
AUDUSD,売り,-1,2021-02-02 05:00:00,2021-02-02 09:00:00,0.7602357478820956,2021-02-05 09:00:00,0.7653337595043462,初期損切り,initial,19,0.0033691730028975117,0.7652895073864419,0.7652895073864419,-0.005098011622250653,-1.00875627695903,1.132547328027985,1.500000000000003,False
GBPUSD,買い,1,2021-02-05 05:00:00,2021-02-05 09:00:00,1.3705262429853746,2021-02-08 09:00:00,1.3694737570146254,時間切れ,time,6,0.003920112483723388,1.3646460742597895,1.3646460742597895,-0.0010524859707492507,-0.1789890766517975,0.9346050731548153,0.6393293549051776,False
USDJPY,売り,-1,2021-02-08 09:00:00,2021-02-08 13:00:00,105.18620734981548,2021-02-10 05:00:00,104.79379265018453,トレイル,trail,11,0.18503829323490667,105.46376478966783,104.78107658646981,0.39241469963094744,1.4138143796097953,4.1894428243095945,0.40960521662565136,True
GBPUSD,買い,1,2021-02-08 17:00:00,2021-02-08 21:00:00,1.3758362429853745,2021-02-11 21:00:00,1.3796833038429064,トレイル,trail,19,0.00343522658585953,1.3706834031065853,1.379749546828281,0.0038470608575318366,0.7465904138352029,3.139169060642096,0.11534697216352809,True
USDCHF,売り,-1,2021-02-08 17:00:00,2021-02-08 21:00:00,0.8980036570334298,2021-02-12 01:00:00,0.8911263429665702,トレイル,trail,20,0.001745564124597048,0.9006220032203254,0.89103,0.006877314066859541,2.6265870041476798,5.135106128225979,0.05519302626162755,True
AUDUSD,買い,1,2021-02-08 09:00:00,2021-02-08 13:00:00,0.7703842521179044,2021-02-12 05:00:00,0.771851399712851,トレイル,trail,23,0.0026621740846223033,0.766390990990971,0.7718956518307554,0.001467147594946594,0.3674058741240548,2.5677313597113787,0.25702756324495873,True
EURUSD,買い,1,2021-02-05 13:00:00,2021-02-07 17:00:00,1.2037663224968553,2021-02-12 05:00:00,1.2097630450157164,トレイル,trail,28,0.002585316243714215,1.199888348131284,1.2097893675125717,0.005996722518861075,1.5463543472850183,4.329713059421783,0.6909493185595553,True
AUDUSD,買い,1,2021-02-14 21:00:00,2021-02-15 01:00:00,0.7786342521179044,2021-02-16 01:00:00,0.7782957478820957,時間切れ,time,6,0.002235473847727366,0.7752810413463134,0.7752810413463134,-0.00033850423580872313,-0.10094928677808936,0.8346095768431171,0.8294671484479359,False
USDJPY,買い,1,2021-02-11 21:00:00,2021-02-12 01:00:00,104.87179265018453,2021-02-16 01:00:00,105.31171048995736,トレイル,trail,13,0.159248429929056,104.63292000529094,105.31350314014189,0.43991783977283205,1.841641766761582,4.773719591170479,0.507337185179954,True
EURUSD,買い,1,2021-02-16 01:00:00,2021-02-16 05:00:00,1.2152963224968554,2021-02-16 05:00:00,1.2122471819399896,初期損切り,initial,1,0.002015212040006975,1.212273504436845,1.212273504436845,-0.0030491405568657814,-1.0087079329065634,0.0,1.5000000000000084,False
GBPUSD,買い,1,2021-02-14 17:00:00,2021-02-14 21:00:00,1.3890062429853747,2021-02-16 05:00:00,1.3890140668422115,トレイル,trail,9,0.0030398450862068986,1.3844464753560644,1.3890803098275861,7.823856836841614e-06,0.0017158455151419527,2.0243653344532455,0.2060114800639883,True
USDCHF,売り,-1,2021-02-15 17:00:00,2021-02-15 21:00:00,0.8888936570334297,2021-02-16 05:00:00,0.891223008265453,初期損切り,initial,3,0.0014886721769687224,0.8911266652988827,0.8911266652988827,-0.002329351232023269,-1.0431449216112227,0.6137395778364922,1.4999999999999636,False
USDCHF,買い,1,2021-02-17 01:00:00,2021-02-17 05:00:00,0.8949463429665703,2021-02-18 05:00:00,0.8959796142724685,トレイル,trail,7,0.0017420213804806301,0.8923333108958493,0.8960759572390388,0.0010332713058982534,0.3954300130779375,2.648450291785068,0.21029762933745214,True
AUDUSD,買い,1,2021-02-18 01:00:00,2021-02-18 05:00:00,0.7779442521179044,2021-02-18 09:00:00,0.7743285951761593,初期損切り,initial,2,0.0023809365492272147,0.7743728472940636,0.7743728472940636,-0.003615656941745149,-1.0123906754028338,0.418216891339984,1.4999999999999798,False
USDJPY,売り,-1,2021-02-18 21:00:00,2021-02-19 01:00:00,105.58220734981548,2021-02-19 09:00:00,105.584,建値,breakeven,3,0.20109697833543153,105.88385281731863,105.58220734981548,-0.0017926501845266785,-0.005942904428053355,1.696730366810087,0.5708322976044478,True
USDJPY,売り,-1,2021-02-22 09:00:00,2021-02-22 13:00:00,105.04520734981547,2021-02-23 05:00:00,105.40504872222182,初期損切り,initial,5,0.23869914814787946,105.4032560720373,105.4032560720373,-0.3598413724063505,-1.0050067213573821,0.5077829173498898,1.5000000000000193,False
AUDUSD,買い,1,2021-02-19 01:00:00,2021-02-19 05:00:00,0.7829442521179044,2021-02-23 09:00:00,0.7881176670430535,トレイル,trail,14,0.0026690404195210565,0.7789406914886229,0.7881619191609579,0.005173414925149111,1.292203466911765,3.9548849859642567,0.25636633784183954,True
GBPUSD,買い,1,2021-02-18 05:00:00,2021-02-18 09:00:00,1.3978462429853746,2021-02-23 21:00:00,1.4165370247576483,トレイル,trail,22,0.0036983661284885594,1.3922986937926418,1.416603267743023,0.01869078177227368,3.3691962203342283,7.071705749509923,1.3941948434082947,True
AUDUSD,買い,1,2021-02-23 17:00:00,2021-02-23 21:00:00,0.7940442521179044,2021-02-24 05:00:00,0.7898443896620494,初期損切り,initial,3,0.0027704068919670627,0.7898886417799538,0.7898886417799538,-0.004199862455855019,-1.0106487649961542,0.0850950388475912,1.500000000000018,False
EURUSD,買い,1,2021-02-22 05:00:00,2021-02-22 09:00:00,1.2147463224968553,2021-02-24 09:00:00,1.2109926298407006,初期損切り,initial,13,0.0024849134395330216,1.2110189523375559,1.2110189523375559,-0.0037536926561547723,-1.0070619487011685,1.3133968577022308,1.499999999999975,False
USDCHF,買い,1,2021-02-23 09:00:00,2021-02-23 13:00:00,0.9039563429665702,2021-02-25 01:00:00,0.9046566765567388,トレイル,trail,10,0.00235849023834551,0.900418607609052,0.904753019523309,0.0007003335901685226,0.1979609889926332,2.337790906990404,0.24860945236794876,True
AUDUSD,買い,1,2021-02-24 13:00:00,2021-02-24 17:00:00,0.7968942521179043,2021-02-25 09:00:00,0.7923065977546396,初期損切り,initial,5,0.003028934830240242,0.792350849872544,0.792350849872544,-0.004587654363264693,-1.0097398635459844,1.2696700647701478,1.499999999999985,False
USDJPY,買い,1,2021-02-24 05:00:00,2021-02-24 09:00:00,106.00379265018452,2021-02-25 09:00:00,106.15120734981548,時間切れ,time,6,0.243002865279265,105.63928835226562,105.63928835226562,0.1474146996309571,0.4044251342785456,0.7868522438849882,0.7275331917644233,False
EURUSD,買い,1,2021-02-25 01:00:00,2021-02-25 05:00:00,1.2220263224968553,2021-02-25 13:00:00,1.2176919466869967,初期損切り,initial,3,0.0028720355420021946,1.217718269183852,1.217718269183852,-0.004334375809858626,-1.0061100675741137,0.7881787916756544,1.500000000000011,False
AUDUSD,売り,-1,2021-02-25 13:00:00,2021-02-25 17:00:00,0.7871657478820956,2021-02-28 17:00:00,0.7762437592771814,トレイル,trail,7,0.003499753579638517,0.7924153782515534,0.776199507159277,0.010921988604914223,2.080525262970531,5.133432246950154,0.3383815720039136,True
GBPUSD,売り,-1,2021-02-25 09:00:00,2021-02-25 13:00:00,1.4063937570146254,2021-02-28 17:00:00,1.3989909418211792,トレイル,trail,8,0.005057349417902285,1.413979781141479,1.3989246988358046,0.0074028151934462105,0.9758491496542064,3.476872084887269,0.07439529173973942,True
EURUSD,売り,-1,2021-02-26 09:00:00,2021-02-26 13:00:00,1.2079836775031447,2021-03-02 09:00:00,1.206281627111589,トレイル,trail,12,0.00354265230736679,1.2132976559641948,1.2062553046147337,0.0017020503915556873,0.3202968179173456,2.48787539347765,0.6030291181590046,True
GBPUSD,売り,-1,2021-03-01 21:00:00,2021-03-02 01:00:00,1.3881037570146253,2021-03-02 09:00:00,1.3962398267402645,初期損切り,initial,3,0.00537988449350968,1.3961735837548899,1.3961735837548899,-0.008136069725639183,-1.0082087246116627,0.4114878334833984,1.50000000000001,False
USDCHF,買い,1,2021-02-26 09:00:00,2021-02-26 13:00:00,0.9099663429665702,2021-03-02 13:00:00,0.913673984832636,トレイル,trail,13,0.002804836100396876,0.9057590888159749,0.9137703277992062,0.0037076418660657584,0.8812497969824662,3.356223571173294,1.0183635921421792,True
AUDUSD,買い,1,2021-03-02 05:00:00,2021-03-02 09:00:00,0.7792842521179044,2021-03-04 13:00:00,0.773041091408655,初期損切り,initial,14,0.004132605727563405,0.7730853435265593,0.7730853435265593,-0.006243160709249462,-1.0071386950222398,1.1120702493932968,1.4999999999999951,False
USDCHF,買い,1,2021-03-03 13:00:00,2021-03-03 17:00:00,0.9199863429665702,2021-03-05 09:00:00,0.9261086197354023,トレイル,trail,11,0.0024625186490137767,0.9162925649930496,0.9262049627019725,0.006122276768832036,1.6574566237387263,4.52530868665411,0.4370902803117001,True
USDJPY,買い,1,2021-03-03 13:00:00,2021-03-03 17:00:00,107.00079265018452,2021-03-05 09:00:00,108.23363273895554,トレイル,trail,11,0.20378730542996754,106.69511169203957,108.23542538914006,1.2328400887710131,4.033094165408925,8.05843792060851,0.15110190558511055,True
AUDUSD,売り,-1,2021-03-08 17:00:00,2021-03-08 21:00:00,0.7625157478820956,2021-03-09 01:00:00,0.7688222095205474,初期損切り,initial,2,0.004174806347031596,0.768777957402643,0.768777957402643,-0.006306461638451721,-1.0070665342255203,0.006167443458532305,1.4999999999999887,False
EURUSD,売り,-1,2021-03-04 01:00:00,2021-03-04 05:00:00,1.2032336775031447,2021-03-09 01:00:00,1.1897215844218416,トレイル,trail,18,0.0030676309624932036,1.2078351239468845,1.1896952619249863,0.013512093081303078,2.9364881774699487,6.413312990932603,0.7029276087051637,True
GBPUSD,売り,-1,2021-03-04 13:00:00,2021-03-04 17:00:00,1.3897637570146253,2021-03-09 01:00:00,1.3883717098289752,トレイル,trail,15,0.005187733421800275,1.3975453571473258,1.3883054668436006,0.0013920471856501138,0.17888958079461711,2.2811035287388717,0.1785448306735203,True
USDJPY,買い,1,2021-03-08 05:00:00,2021-03-08 09:00:00,108.69579265018453,2021-03-09 01:00:00,108.7527583681033,トレイル,trail,5,0.23922449085609168,108.3369559139004,108.75455101828783,0.056965717918771475,0.15875107579192876,2.2456202034039996,0.23322298642947661,True
USDJPY,売り,-1,2021-03-10 13:00:00,2021-03-10 17:00:00,108.41120734981547,2021-03-11 17:00:00,108.51279265018452,時間切れ,time,6,0.2801633878619839,108.83145243160844,108.83145243160844,-0.10158530036905233,-0.2417287072953682,0.18277673684006393,1.4305675457564389,False
EURUSD,買い,1,2021-03-10 13:00:00,2021-03-10 17:00:00,1.1928063224968553,2021-03-12 01:00:00,1.1928630493387533,トレイル,trail,9,0.0030553140821957285,1.1882233513735616,1.1928893718356086,5.672684189805821e-05,0.012377743688965461,2.027181931716058,0.40791959953250384,True
GBPUSD,買い,1,2021-03-10 13:00:00,2021-03-10 17:00:00,1.3932062429853747,2021-03-12 01:00:00,1.39314,建値,breakeven,9,0.004650240805921282,1.3862308817764928,1.3932062429853747,-6.624298537460938e-05,-0.009496710405514244,1.5749199493711925,0.27659707078755985,True
USDCHF,売り,-1,2021-03-11 01:00:00,2021-03-11 05:00:00,0.9249836570334298,2021-03-12 01:00:00,0.9291452577388587,初期損切り,initial,6,0.0027101718259058155,0.9290489147722885,0.9290489147722885,-0.004161600705428925,-1.023699104155017,0.5621994217730373,1.499999999999986,False
AUDUSD,買い,1,2021-03-10 05:00:00,2021-03-10 09:00:00,0.7726842521179044,2021-03-12 09:00:00,0.77264,建値,breakeven,13,0.003827464074224075,0.7669430560065682,0.7726842521179044,-4.425211790437533e-05,-0.0077078220367701065,1.9270586840428698,0.6229325923556143,True
USDJPY,買い,1,2021-03-12 01:00:00,2021-03-12 05:00:00,109.11679265018452,2021-03-15 05:00:00,109.05620734981548,時間切れ,time,6,0.26886632818671247,108.71349315790445,108.71349315790445,-0.060585300369041306,-0.1502240928361205,0.919443321455304,1.0889896557861107,False
GBPUSD,売り,-1,2021-03-16 01:00:00,2021-03-16 05:00:00,1.3818737570146253,2021-03-16 05:00:00,1.3880585791500697,初期損切り,initial,1,0.004079052766713159,1.387992336164695,1.387992336164695,-0.006184822135444357,-1.0108265307598192,-0.0,1.5000000000000022,False
AUDUSD,売り,-1,2021-03-17 09:00:00,2021-03-17 13:00:00,0.7703557478820956,2021-03-17 13:00:00,0.7744965846499506,初期損切り,initial,1,0.0027310564333004124,0.7744523325320463,0.7744523325320463,-0.004140836767855038,-1.0108021978515573,-0.0,1.5000000000000162,False
EURUSD,売り,-1,2021-03-16 09:00:00,2021-03-16 13:00:00,1.1892736775031447,2021-03-17 13:00:00,1.1901763224968553,時間切れ,time,6,0.0027082985808149786,1.1933361253743673,1.1933361253743673,-0.0009026449937106218,-0.22219238801924585,0.2413609443859797,0.884807352420569,False
USDCHF,売り,-1,2021-03-17 13:00:00,2021-03-17 17:00:00,0.9226736570334297,2021-03-18 01:00:00,0.9268841524169577,初期損切り,initial,3,0.002742768277971807,0.9267878094503874,0.9267878094503874,-0.004210495383527912,-1.0234174519575636,0.2747796959308148,1.4999999999999862,False
GBPUSD,買い,1,2021-03-17 13:00:00,2021-03-17 17:00:00,1.3967162429853746,2021-03-18 09:00:00,1.389931838251169,初期損切り,initial,5,0.0044787744992206115,1.3899980812365436,1.3899980812365436,-0.006784404734205607,-1.0098602843830333,0.7622078350271031,1.500000000000018,False
EURUSD,売り,-1,2021-03-21 17:00:00,2021-03-21 21:00:00,1.1884936775031447,2021-03-22 05:00:00,1.1925850564111051,初期損切り,initial,3,0.002710037607403422,1.1925587339142498,1.1925587339142498,-0.004091378907960408,-1.00647530912077,0.37773553412991673,1.49999999999999,False
GBPUSD,売り,-1,2021-03-21 17:00:00,2021-03-21 21:00:00,1.3829037570146254,2021-03-22 21:00:00,1.3851262429853746,時間切れ,time,6,0.004619388579759314,1.3898328398842643,1.3898328398842643,-0.002222485970749144,-0.3207474946630193,0.24759922116898805,1.0361204524656047,False
EURUSD,買い,1,2021-03-22 09:00:00,2021-03-22 13:00:00,1.1939363224968553,2021-03-23 01:00:00,1.189705102270992,初期損切り,initial,4,0.0028032651526720483,1.1897314247678472,1.1897314247678472,-0.004231220225863419,-1.0062599612527452,0.2688570156933966,1.5000000000000158,False
USDCHF,売り,-1,2021-03-22 09:00:00,2021-03-22 13:00:00,0.9230736570334298,2021-03-23 01:00:00,0.9273835516926661,初期損切り,initial,4,0.002809034461777372,0.9272872087260958,0.9272872087260958,-0.0043098946592362575,-1.0228650254221137,0.20421858159292472,1.4999999999999856,False
USDJPY,売り,-1,2021-03-23 05:00:00,2021-03-23 09:00:00,108.56320734981547,2021-03-24 09:00:00,108.69579265018453,時間切れ,time,6,0.22741465734252078,108.90432933582925,108.90432933582925,-0.13258530036905825,-0.38867415706152064,0.48021245020717723,0.8565527502087845,False
GBPUSD,売り,-1,2021-03-23 01:00:00,2021-03-23 05:00:00,1.3810537570146253,2021-03-25 17:00:00,1.3751294099296567,トレイル,trail,16,0.00402658347214107,1.3870936322228369,1.375063166944282,0.005924347084968584,0.9808724320850282,3.4877600605551824,0.08350577796312518,True
AUDUSD,売り,-1,2021-03-22 21:00:00,2021-03-23 01:00:00,0.7700057478820956,2021-03-26 01:00:00,0.7623477625022638,トレイル,trail,19,0.003001755192179708,0.7745083806703652,0.7623035103843594,0.0076579853798318664,1.7007794639133698,4.565911276776475,0.05805007628813547,True
USDJPY,買い,1,2021-03-24 17:00:00,2021-03-24 21:00:00,108.88079265018453,2021-03-29 01:00:00,109.43474379243759,トレイル,trail,14,0.20523177868894257,108.57294498215111,109.43653644262211,0.5539511422530552,1.7994326407985954,4.707883720483098,0.1061855543218125,True
GBPUSD,買い,1,2021-03-29 05:00:00,2021-03-29 09:00:00,1.3823762429853745,2021-03-29 09:00:00,1.376631648036993,初期損切り,initial,1,0.0037855679753380847,1.3766978910223675,1.3766978910223675,-0.005744594948381643,-1.0116658822500033,0.0,1.4999999999999754,False
USDJPY,買い,1,2021-03-29 17:00:00,2021-03-29 21:00:00,109.85079265018453,2021-03-31 01:00:00,110.56935596746473,トレイル,trail,8,0.19692569117537312,109.55540411342147,110.57114861764926,0.7185633172802,2.4326039363422622,5.658009085382416,0.10558627500773955,True
EURUSD,売り,-1,2021-03-23 09:00:00,2021-03-23 13:00:00,1.1863036775031448,2021-03-31 09:00:00,1.1758274912218083,トレイル,trail,36,0.0026955843624764724,1.1903470540468595,1.175801168724953,0.010476186281336508,2.5909499568179926,5.896189978095548,0.11734839438102156,True
AUDUSD,売り,-1,2021-03-31 21:00:00,2021-04-01 01:00:00,0.7543757478820956,2021-04-01 05:00:00,0.7586385761296857,初期損切り,initial,2,0.0028123840864571,0.7585943240117813,0.7585943240117813,-0.004262828247590056,-1.0104898232351454,0.42517232544932604,1.5000000000000109,False
USDCHF,買い,1,2021-03-23 09:00:00,2021-03-23 13:00:00,0.9333363429665702,2021-04-01 09:00:00,0.9417486835340223,トレイル,trail,42,0.0027224867497037094,0.9292526128420147,0.9418450265005925,0.008412340567452103,2.059964863218679,5.125335149913349,0.17129301607105113,True
GBPUSD,買い,1,2021-03-31 09:00:00,2021-03-31 13:00:00,1.3800862429853746,2021-04-01 13:00:00,1.3818237570146255,時間切れ,time,6,0.0039024556116354007,1.3742325595679215,1.3742325595679215,0.0017375140292508195,0.2968240516851867,0.9183338316367109,1.408406278597323,False
USDJPY,売り,-1,2021-04-02 01:00:00,2021-04-02 05:00:00,110.38820734981547,2021-04-02 09:00:00,110.70933304052683,初期損切り,initial,2,0.21288869368454927,110.7075403903423,110.7075403903423,-0.3211256907113551,-1.0056137322388368,0.0009739822809749765,1.5000000000000213,False
EURUSD,買い,1,2021-04-01 09:00:00,2021-04-01 13:00:00,1.1773363224968554,2021-04-02 13:00:00,1.1760536775031447,時間切れ,time,6,0.002564416289452802,1.1734896980626761,1.1734896980626761,-0.0012826449937106688,-0.3334469001740122,0.5161710712058798,0.9383509638245259,False
EURUSD,売り,-1,2021-04-05 01:00:00,2021-04-05 05:00:00,1.1747136775031446,2021-04-05 05:00:00,1.1778153672813116,初期損切り,initial,1,0.0020502448542078474,1.1777890447844563,1.1777890447844563,-0.0031016897781670494,-1.0085591392661402,-0.0,1.4999999999999885,False
GBPUSD,買い,1,2021-04-05 01:00:00,2021-04-05 05:00:00,1.3862562429853746,2021-04-06 01:00:00,1.38619,建値,breakeven,6,0.0030750941137095557,1.3816436018148104,1.3862562429853746,-6.624298537460938e-05,-0.014361183305855304,1.7312501074002018,0.2947041462354919,True
USDCHF,売り,-1,2021-04-05 05:00:00,2021-04-05 09:00:00,0.9403136570334297,2021-04-06 01:00:00,0.9395877762719912,トレイル,trail,5,0.002050716652710431,0.9433897320124954,0.939491433305421,0.0007258807614385354,0.23597629003796933,2.4009445804821836,0.10549627433137015,True
USDJPY,売り,-1,2021-04-05 09:00:00,2021-04-05 13:00:00,110.09420734981548,2021-04-06 01:00:00,110.41848789083653,初期損切り,initial,4,0.21499192722435126,110.416695240652,110.416695240652,-0.32428054102105364,-1.005558813944538,0.0521291657792495,1.5000000000000002,False
AUDUSD,買い,1,2021-04-05 09:00:00,2021-04-05 13:00:00,0.7655442521179043,2021-04-06 05:00:00,0.7618757023399544,初期損切り,initial,5,0.0024161984400303655,0.7619199544578588,0.7619199544578588,-0.0036685497779499476,-1.0122098464461784,0.22173173909048488,1.50000000000001,False
AUDUSD,買い,1,2021-04-06 09:00:00,2021-04-06 13:00:00,0.7661942521179044,2021-04-07 01:00:00,0.7623619494369658,初期損切り,initial,4,0.0025253670420228363,0.7624062015548702,0.7624062015548702,-0.003832302680938593,-1.0116820293625892,0.6120884039325429,1.4999999999999853,False
EURUSD,買い,1,2021-04-05 09:00:00,2021-04-05 13:00:00,1.1816263224968553,2021-04-07 13:00:00,1.186796826683133,トレイル,trail,13,0.002333425410005758,1.1781261843818467,1.1868231491799883,0.005170504186277736,1.477228616809876,4.227123550146097,0.8941029303568373,True
EURUSD,買い,1,2021-04-08 09:00:00,2021-04-08 13:00:00,1.1921963224968553,2021-04-09 01:00:00,1.188599239873142,初期損切り,initial,4,0.002380506751238697,1.1886255623699973,1.1886255623699973,-0.003597082623713277,-1.007371678835899,0.05615506155362789,1.4999999999999705,False
USDJPY,売り,-1,2021-04-06 05:00:00,2021-04-06 09:00:00,109.90420734981548,2021-04-09 01:00:00,109.50321890351243,トレイル,trail,17,0.2502131266639482,110.2795270398114,109.5014262533279,0.400988446303046,1.06839171242895,3.6097520616036194,0.23497028700447367,True
USDCHF,売り,-1,2021-04-06 05:00:00,2021-04-06 09:00:00,0.9352236570334298,2021-04-09 05:00:00,0.9278555941756095,トレイル,trail,18,0.0022596256045196677,0.9386130954402093,0.9277592512090392,0.007368062857820323,2.1738299899720377,5.303381679451821,0.31259292033044017,True
GBPUSD,売り,-1,2021-04-07 05:00:00,2021-04-07 09:00:00,1.3761037570146253,2021-04-09 09:00:00,1.3745009504972656,トレイル,trail,13,0.0036873537559455076,1.3816347876485435,1.374434707511891,0.0016028065173596673,0.2897844223697992,2.452641545456045,0.9020677715045374,True
USDCHF,売り,-1,2021-04-12 09:00:00,2021-04-12 13:00:00,0.9222536570334298,2021-04-13 01:00:00,0.9255240926627447,初期損切り,initial,4,0.002116061775163118,0.9254277496961745,0.9254277496961745,-0.0032704356293149495,-1.030352915559486,0.22383894411268193,1.5000000000000155,False
EURUSD,買い,1,2021-04-12 05:00:00,2021-04-12 09:00:00,1.1914463224968552,2021-04-13 05:00:00,1.1881273804824881,初期損切り,initial,6,0.00219507967834119,1.1881537029793434,1.1881537029793434,-0.00331894201436711,-1.0079943937388844,0.21579057371749727,1.5000000000000104,False
USDCHF,売り,-1,2021-04-13 09:00:00,2021-04-13 13:00:00,0.9211836570334297,2021-04-15 05:00:00,0.9246036624403376,初期損切り,initial,11,0.002215774960225074,0.9245073194737674,0.9245073194737674,-0.0034200054069079,-1.0289869889917287,1.1208976895277767,1.5000000000000222,False
GBPUSD,買い,1,2021-04-13 21:00:00,2021-04-14 01:00:00,1.3770362429853746,2021-04-16 01:00:00,1.3718020847547228,初期損切り,initial,13,0.0034452768301848516,1.3718683277400974,1.3718683277400974,-0.005234158230651875,-1.0128181253427355,1.1156598450810813,1.4999999999999967,False
AUDUSD,買い,1,2021-04-13 21:00:00,2021-04-14 01:00:00,0.7663442521179044,2021-04-18 17:00:00,0.7723757478820956,トレイル,trail,17,0.002339428517130019,0.7628351093422093,0.77242,0.006031495764191264,1.7187946315454925,4.187239665742381,0.061661263359023666,True
USDJPY,売り,-1,2021-04-13 09:00:00,2021-04-13 13:00:00,109.18520734981547,2021-04-20 01:00:00,108.48349009822576,トレイル,trail,28,0.253848724020617,109.5659804358464,108.48169744804123,0.701717251589713,1.8428751330726174,4.771374583380202,0.007061883771301067,True
EURUSD,買い,1,2021-04-19 01:00:00,2021-04-19 05:00:00,1.2025563224968554,2021-04-20 05:00:00,1.202952719730181,トレイル,trail,7,0.0025054788864817333,1.1987981041671327,1.2029790422270363,0.00039639723332562937,0.10547477515892167,2.168718137064258,0.42160502830606866,True
AUDUSD,買い,1,2021-04-19 01:00:00,2021-04-19 05:00:00,0.7778842521179044,2021-04-20 09:00:00,0.7739780745420508,初期損切り,initial,8,0.002574616971966085,0.7740223266599552,0.7740223266599552,-0.003906177575853542,-1.0114585634513813,1.4509917097465792,1.5000000000000153,False
GBPUSD,買い,1,2021-04-16 09:00:00,2021-04-16 13:00:00,1.3826362429853747,2021-04-20 09:00:00,1.3938208774382148,トレイル,trail,12,0.0035164397882052494,1.3773615833030668,1.3938871204235894,0.011184634452840125,2.120446649924228,5.199508058108135,0.46246859986891203,True
USDCHF,売り,-1,2021-04-16 01:00:00,2021-04-16 05:00:00,0.9198036570334298,2021-04-21 01:00:00,0.9170763429665703,トレイル,trail,18,0.002230910262567523,0.9231500224272811,0.91698,0.002727314066859554,0.815007850568502,3.0945471672555964,0.7827939096753842,True
USDJPY,売り,-1,2021-04-23 05:00:00,2021-04-23 09:00:00,107.51420734981548,2021-04-23 09:00:00,107.87088323227172,初期損切り,initial,1,0.2365888215144825,107.8690905820872,107.8690905820872,-0.35667588245624415,-1.0050513803457128,-0.0,1.4999999999999736,False
GBPUSD,売り,-1,2021-04-22 05:00:00,2021-04-22 09:00:00,1.3868137570146253,2021-04-26 01:00:00,1.3921861783660574,初期損切り,initial,11,0.003537452244038352,1.3921199353806828,1.3921199353806828,-0.005372421351432122,-1.0124841233755608,1.2562026871498324,1.4999999999999956,False
EURUSD,買い,1,2021-04-23 05:00:00,2021-04-23 09:00:00,1.2071863224968553,2021-04-26 09:00:00,1.20716,建値,breakeven,7,0.0025715205105057448,1.2033290417310967,1.2071863224968553,-2.632249685530219e-05,-0.0068241070468525525,1.7591450212680098,0.9940898726693289,True
USDCHF,売り,-1,2021-04-23 13:00:00,2021-04-25 17:00:00,0.9135236570334297,2021-04-26 09:00:00,0.9166246590248045,初期損切り,initial,5,0.00200310601653636,0.9165283160582343,0.9165283160582343,-0.003101001991374752,-1.0320645257165177,0.6707867793004391,1.4999999999999862,False
AUDUSD,買い,1,2021-04-25 21:00:00,2021-04-26 01:00:00,0.7774242521179043,2021-04-27 01:00:00,0.77738,建値,breakeven,7,0.0024304746849110118,0.7737785400905378,0.7774242521179043,-4.425211790437533e-05,-0.01213812763383313,1.6604772339949185,0.3802763812527458,True
GBPUSD,売り,-1,2021-04-27 01:00:00,2021-04-27 05:00:00,1.3859437570146254,2021-04-27 05:00:00,1.3909649375553959,初期損切り,initial,1,0.003303291703597191,1.3908986945700212,1.3908986945700212,-0.005021180540770498,-1.0133690858127111,-0.0,1.500000000000031,False
USDCHF,買い,1,2021-04-27 01:00:00,2021-04-27 05:00:00,0.9169363429665702,2021-04-27 05:00:00,0.9139324141257378,初期損切り,initial,1,0.0019383905828414577,0.914028757092308,0.914028757092308,-0.0030039288408324483,-1.0331350373597166,0.0,1.5000000000000113,False
EURUSD,売り,-1,2021-04-27 01:00:00,2021-04-27 05:00:00,1.2058236775031448,2021-04-27 13:00:00,1.2093564999688324,初期損切り,initial,3,0.0023376666458882213,1.2093301774719771,1.2093301774719771,-0.003532822465687646,-1.0075067723055136,0.06146192973981947,1.500000000000005,False
USDJPY,買い,1,2021-04-26 21:00:00,2021-04-27 01:00:00,108.22479265018453,2021-04-28 13:00:00,108.58910666146441,トレイル,trail,10,0.24355034417553484,107.85946713392123,108.59089931164894,0.3643140112798875,0.9972312227359292,3.5032073253837916,0.2331864911822376,True
EURUSD,買い,1,2021-04-28 13:00:00,2021-04-28 17:00:00,1.2125663224968553,2021-04-29 17:00:00,1.2119436775031447,時間切れ,time,6,0.002716152797657984,1.2084920933003682,1.2084920933003682,-0.0006226449937105638,-0.15282522501371365,0.8960016922624077,0.8785671037773862,False
USDCHF,売り,-1,2021-04-28 13:00:00,2021-04-28 17:00:00,0.9099936570334297,2021-04-29 17:00:00,0.9086663429665702,時間切れ,time,6,0.0024382895642370756,0.9136510913797853,0.9136510913797853,0.0013273140668594863,0.3629085148670037,0.8094432516866427,0.8023423449226179,False
GBPUSD,買い,1,2021-04-28 13:00:00,2021-04-28 17:00:00,1.3935662429853746,2021-04-30 05:00:00,1.3881238929681494,初期損切り,initial,10,0.00358407135456696,1.388190135953524,1.388190135953524,-0.0054423500172251504,-1.0123217385707275,1.142208569427311,1.5000000000000282,False
AUDUSD,売り,-1,2021-04-30 09:00:00,2021-04-30 13:00:00,0.7710557478820956,2021-05-03 09:00:00,0.7751682398084122,初期損切り,initial,6,0.0027121598722747962,0.7751239876905078,0.7751239876905078,-0.004112491926316575,-1.0108774605206108,0.5367485512108429,1.500000000000002,False
EURUSD,売り,-1,2021-04-30 01:00:00,2021-04-30 05:00:00,1.2095036775031447,2021-05-03 09:00:00,1.2060262964120596,トレイル,trail,8,0.002344986957602088,1.2130211579395478,1.2059999739152043,0.0034773810910850855,0.9885999805704531,3.4941249786409028,0.13915748904162628,True
USDCHF,買い,1,2021-04-30 09:00:00,2021-04-30 13:00:00,0.9130263429665703,2021-05-03 09:00:00,0.9095185710047811,初期損切り,initial,6,0.0022742859968126225,0.9096149139713513,0.9096149139713513,-0.0035077719617891967,-1.028241234598547,0.7798742268630423,1.5000000000000102,False
USDJPY,買い,1,2021-04-30 09:00:00,2021-04-30 13:00:00,109.30579265018453,2021-05-03 09:00:00,108.90883220131616,初期損切り,initial,6,0.2634451991225649,108.91062485150069,108.91062485150069,-0.39696044886837,-1.0045364277921764,1.4887625628470629,1.4999999999999847,False
USDCHF,買い,1,2021-05-04 01:00:00,2021-05-04 05:00:00,0.9154063429665702,2021-05-04 05:00:00,0.9120172916411668,初期損切り,initial,1,0.0021951389058887274,0.9121136346077371,0.9121136346077371,-0.003389051325403347,-1.0292594897789245,0.0,1.5000000000000073,False
EURUSD,売り,-1,2021-05-04 01:00:00,2021-05-04 05:00:00,1.2003136775031447,2021-05-05 05:00:00,1.1996963224968553,時間切れ,time,6,0.002448672172431374,1.2039866857617918,1.2039866857617918,0.000617355006289344,0.16807885058138813,0.6998394976829336,1.3339157987866483,False
USDJPY,売り,-1,2021-05-06 09:00:00,2021-05-06 13:00:00,109.10320734981548,2021-05-07 09:00:00,108.78838182878903,トレイル,trail,6,0.22429458930225407,109.43964923376886,108.7865891786045,0.31482552102644945,0.9357500835718572,3.411617516926849,0.8283420958236064,True
AUDUSD,買い,1,2021-05-07 05:00:00,2021-05-07 09:00:00,0.7820642521179044,2021-05-10 13:00:00,0.7835273124986583,トレイル,trail,8,0.002764217691718686,0.7779179255803264,0.7835715646165626,0.0014630603807538334,0.3528570090884455,2.5452944256792733,1.0072477743868675,True
EURUSD,買い,1,2021-05-07 01:00:00,2021-05-07 05:00:00,1.2087763224968553,2021-05-10 13:00:00,1.213240804609437,トレイル,trail,9,0.0022864364468538957,1.2053466678265745,1.2132671271062923,0.004464482112581658,1.301729340644105,3.964106466031992,1.2929825803482355,True
USDCHF,売り,-1,2021-05-06 01:00:00,2021-05-06 05:00:00,0.9103436570334298,2021-05-11 01:00:00,0.9030146328244573,トレイル,trail,18,0.002169144928943509,0.9135973744268451,0.902918289857887,0.007329024208972523,2.252507923338608,5.423177066900403,0.2149893076980133,True
GBPUSD,買い,1,2021-05-07 05:00:00,2021-05-07 09:00:00,1.3954862429853747,2021-05-12 05:00:00,1.4103237570146254,トレイル,trail,18,0.0034951613288083483,1.390243500992162,1.41039,0.014837514029250709,2.830105705842475,6.0522977409564716,1.0432259464881153,True
EURUSD,売り,-1,2021-05-11 21:00:00,2021-05-12 01:00:00,1.2120336775031446,2021-05-12 09:00:00,1.2130363224968552,建値,breakeven,3,0.0025849530613560015,1.2159111070951787,1.2120336775031446,-0.0010026449937106108,-0.25858496457820873,1.8621914552752146,1.0160039406973824,True
EURUSD,売り,-1,2021-05-13 01:00:00,2021-05-13 05:00:00,1.2062236775031447,2021-05-14 01:00:00,1.2110086407921423,初期損切り,initial,6,0.0031724271947614975,1.210982318295287,1.210982318295287,-0.004784963288997579,-1.0055315158267037,0.06735458058660981,1.5000000000000095,False
USDJPY,買い,1,2021-05-12 05:00:00,2021-05-12 09:00:00,109.00179265018453,2021-05-14 01:00:00,109.28355808371569,トレイル,trail,11,0.25082463304989605,108.62555570060968,109.28535073390022,0.281765433531163,0.7489042047825554,3.130503333216398,0.4098188002295509,True
AUDUSD,売り,-1,2021-05-12 09:00:00,2021-05-12 13:00:00,0.7729557478820956,2021-05-14 09:00:00,0.7781103793299534,初期損切り,initial,12,0.0034069195533022968,0.778066127212049,0.778066127212049,-0.0051546314478577715,-1.008659262854511,1.2021850877358362,1.4999999999999856,False
USDCHF,売り,-1,2021-05-14 01:00:00,2021-05-14 05:00:00,0.9023736570334298,2021-05-17 05:00:00,0.9019263429665703,時間切れ,time,6,0.002261688171611352,0.9057661892908467,0.9057661892908467,0.0004473140668594944,0.13185256113086036,0.5852517822944135,1.227553383096236,False
GBPUSD,売り,-1,2021-05-12 09:00:00,2021-05-12 13:00:00,1.4057037570146254,2021-05-17 09:00:00,1.4122626958175217,初期損切り,initial,18,0.004328463878347787,1.4121964528321471,1.4121964528321471,-0.006558938802896375,-1.0102026934938066,1.1883562296443941,1.5000000000000195,False
AUDUSD,買い,1,2021-05-18 01:00:00,2021-05-18 05:00:00,0.7801042521179044,2021-05-19 01:00:00,0.7761033207302971,初期損切り,initial,6,0.0026377861798019204,0.7761475728482015,0.7761475728482015,-0.004000931387607265,-1.0111841559267216,0.3395832038830915,1.5000000000000036,False
USDCHF,売り,-1,2021-05-18 01:00:00,2021-05-18 05:00:00,0.8970336570334297,2021-05-19 01:00:00,0.9004623549678448,初期損切り,initial,6,0.002221569978563214,0.9003660120012745,0.9003660120012745,-0.003428697934415026,-1.028911375738736,0.4427756239602697,1.4999999999999842,False
EURUSD,買い,1,2021-05-18 01:00:00,2021-05-18 05:00:00,1.2218963224968553,2021-05-19 13:00:00,1.2179270516625513,初期損切り,initial,9,0.0026286322249658247,1.2179533741594066,1.2179533741594066,-0.003969270834303984,-1.0066758411732777,1.0057236147514013,1.499999999999979,False
USDJPY,売り,-1,2021-05-17 09:00:00,2021-05-17 13:00:00,109.11620734981547,2021-05-19 13:00:00,109.01924136054832,トレイル,trail,13,0.2227243551818961,109.45029388258831,109.0174487103638,0.09696598926714728,0.29024213715635605,2.4434119446479867,0.9913269251771611,True
USDCHF,買い,1,2021-05-19 13:00:00,2021-05-19 17:00:00,0.9041763429665702,2021-05-20 01:00:00,0.9003614336315331,初期損切り,initial,3,0.0024790442456446016,0.9004577765981033,0.9004577765981033,-0.003814909335037142,-1.0259086317208748,0.22736868630724738,1.5,False
AUDUSD,売り,-1,2021-05-19 13:00:00,2021-05-19 17:00:00,0.7726657478820956,2021-05-20 09:00:00,0.7769509369868752,初期損切り,initial,5,0.0028272913245835168,0.7769066848689709,0.7769066848689709,-0.0042851891047795965,-1.0104345143635172,0.34865451378301415,1.499999999999981,False
GBPUSD,買い,1,2021-05-21 01:00:00,2021-05-21 05:00:00,1.4205662429853747,2021-05-21 09:00:00,1.4156102242627593,初期損切り,initial,2,0.003259850491493881,1.415676467248134,1.415676467248134,-0.004956018722615418,-1.0135472440729922,0.8662228596045808,1.4999999999999962,False
GBPUSD,買い,1,2021-05-24 21:00:00,2021-05-25 01:00:00,1.4180762429853746,2021-05-25 05:00:00,1.4135113613228232,初期損切り,initial,2,0.002999092451451258,1.4135776043081978,1.4135776043081978,-0.004564881662551423,-1.014725118003055,1.0148926930053341,1.4999999999999756,False
USDCHF,売り,-1,2021-05-25 01:00:00,2021-05-25 05:00:00,0.8934736570334297,2021-05-25 09:00:00,0.8966729365553512,初期損切り,initial,2,0.002068624370234105,0.896576593588781,0.896576593588781,-0.00319927952192145,-1.0310489643767111,0.19996720496092646,1.5000000000000255,False
AUDUSD,買い,1,2021-05-25 21:00:00,2021-05-26 01:00:00,0.7791742521179044,2021-05-26 05:00:00,0.7754517596418452,初期損切り,initial,2,0.0024521602387698248,0.7754960117597496,0.7754960117597496,-0.0037224924760591582,-1.0120307847219157,0.09206081989522352,1.5000000000000187,False
EURUSD,買い,1,2021-05-25 01:00:00,2021-05-25 05:00:00,1.2259163224968552,2021-05-26 05:00:00,1.2240736775031447,時間切れ,time,6,0.002490203356609708,1.2221810174619407,1.2221810174619407,-0.0018426449937105627,-0.4933050919501972,0.2986412740834702,1.3036375074504014,False
GBPUSD,売り,-1,2021-05-26 17:00:00,2021-05-26 21:00:00,1.4105037570146255,2021-05-27 05:00:00,1.4151691003154252,初期損切り,initial,3,0.0030660668769499936,1.4151028573300506,1.4151028573300506,-0.004665343300799707,-1.0144034660762984,0.43174433818684865,1.5000000000000349,False
USDCHF,買い,1,2021-05-26 09:00:00,2021-05-26 13:00:00,0.8976063429665703,2021-05-27 13:00:00,0.89751,建値,breakeven,7,0.002131118421113448,0.8944096653349001,0.8976063429665703,-9.634296657023977e-05,-0.03013846801934274,1.5361215974658757,0.7068321270402427,True
EURUSD,売り,-1,2021-05-28 05:00:00,2021-05-28 09:00:00,1.2134736775031447,2021-05-28 09:00:00,1.2175198267671965,初期損切り,initial,1,0.0026798845114643817,1.2174935042703412,1.2174935042703412,-0.004046149264051779,-1.0065481669682905,-0.0,1.4999999999999645,False
USDCHF,買い,1,2021-05-28 05:00:00,2021-05-28 09:00:00,0.9030163429665702,2021-05-28 09:00:00,0.8995599949491437,初期損切り,initial,1,0.0022400033672374904,0.899656337915714,0.899656337915714,-0.003456348017426447,-1.0286734588525872,0.0,1.4999999999999873,False
USDJPY,買い,1,2021-05-26 09:00:00,2021-05-26 13:00:00,109.09179265018453,2021-05-28 09:00:00,109.83016654761677,トレイル,trail,12,0.18352040109934922,108.8165120485355,109.8319591978013,0.7383738974322398,2.6822590949348797,6.033156767220003,0.2876663840547579,True
AUDUSD,売り,-1,2021-05-28 05:00:00,2021-05-28 09:00:00,0.7680557478820956,2021-05-30 21:00:00,0.7717192899094838,初期損切り,initial,4,0.0024128599396558603,0.7716750377915794,0.7716750377915794,-0.003663542027388167,-1.0122267403305882,0.006526645760437612,1.5000000000000004,False
GBPUSD,買い,1,2021-05-27 09:00:00,2021-05-27 13:00:00,1.4178562429853747,2021-06-01 01:00:00,1.4179763191724468,トレイル,trail,16,0.003443718921089355,1.4126906646037407,1.4180425621578214,0.00012007618707210455,0.023245448660508126,2.0541040592208573,1.2214245940966857,True
EURUSD,買い,1,2021-05-31 09:00:00,2021-05-31 13:00:00,1.2228563224968554,2021-06-01 13:00:00,1.2232836775031446,時間切れ,time,6,0.002656775518017682,1.218871159219829,1.218871159219829,0.0004273550062892095,0.10723651117453707,0.9762501519435036,0.5669739451601741,False
AUDUSD,買い,1,2021-06-01 09:00:00,2021-06-01 13:00:00,0.7758242521179044,2021-06-02 01:00:00,0.7724146848332258,初期損切り,initial,4,0.0022435434445161025,0.7724589369511302,0.7724589369511302,-0.0034095672846785607,-1.0131494721033292,0.6845188961459525,1.5000000000000142,False
EURUSD,売り,-1,2021-06-02 01:00:00,2021-06-02 05:00:00,1.2181336775031446,2021-06-02 09:00:00,1.2217675523299543,初期損切り,initial,2,0.0024050348866363103,1.221741229833099,1.221741229833099,-0.0036338748268096577,-1.0072964975827599,0.7208533700604272,1.4999999999999543,False
USDJPY,買い,1,2021-06-02 01:00:00,2021-06-02 05:00:00,109.85779265018452,2021-06-02 13:00:00,109.55351448302444,初期損切り,initial,3,0.20165701131703198,109.55530713320897,109.55530713320897,-0.30427816716007783,-1.005926400055295,0.1299600229335822,1.5000000000000158,False
USDCHF,買い,1,2021-06-02 01:00:00,2021-06-02 05:00:00,0.9006063429665703,2021-06-03 05:00:00,0.9002336570334297,時間切れ,time,6,0.0019994106319850577,0.8976072270185926,0.8976072270185926,-0.00037268593314054854,-0.124265263365981,0.9221002449103113,1.4886101528905327,False
AUDUSD,売り,-1,2021-06-03 05:00:00,2021-06-03 09:00:00,0.7695957478820956,2021-06-04 05:00:00,0.7692304904028349,トレイル,trail,6,0.0023131191424652377,0.7730654265957935,0.7691862382849305,0.0003652574792607499,0.10527126843726459,2.1770378315786547,0.17476493557247777,True
EURUSD,売り,-1,2021-06-03 05:00:00,2021-06-03 09:00:00,1.2158036775031447,2021-06-04 05:00:00,1.2153135140917706,トレイル,trail,6,0.002428595797457744,1.2194465711993312,1.2152871915949153,0.0004901634113740894,0.13455331180462193,2.2126685341257444,0.17142519034712214,True
GBPUSD,売り,-1,2021-06-01 05:00:00,2021-06-01 09:00:00,1.4159137570146254,2021-06-04 05:00:00,1.4152336858495889,トレイル,trail,18,0.003448721432107205,1.4210868391627862,1.4151674428642143,0.0006800711650365443,0.13146343815134096,2.2164031410200273,1.2747457490900922,True
USDCHF,買い,1,2021-06-03 09:00:00,2021-06-03 13:00:00,0.9048063429665703,2021-06-04 05:00:00,0.9015806850613944,初期損切り,initial,5,0.002086209959070353,0.9016770280279647,0.9016770280279647,-0.003225657905175816,-1.0307872388878885,0.2797690764020035,1.5000000000000224,False
USDJPY,買い,1,2021-06-03 05:00:00,2021-06-03 09:00:00,109.96479265018452,2021-06-04 05:00:00,109.963,建値,breakeven,6,0.19270254101216486,109.67573883866628,109.96479265018452,-0.0017926501845266785,-0.006201787048269083,1.9003763411317172,0.170172380770258,True
AUDUSD,買い,1,2021-06-07 05:00:00,2021-06-07 09:00:00,0.7762442521179044,2021-06-08 09:00:00,0.7740157478820956,時間切れ,time,6,0.0023212490432609513,0.772762378553013,0.772762378553013,-0.0022285042358087814,-0.6400302004872689,0.13602499180875516,1.1951548783438781,False
EURUSD,買い,1,2021-06-07 09:00:00,2021-06-07 13:00:00,1.2195263224968553,2021-06-08 13:00:00,1.2177836775031448,時間切れ,time,6,0.0024648632819083134,1.215829027573993,1.215829027573993,-0.0017426449937105737,-0.47132972350536934,0.1556587361095637,1.2521272557015468,False
USDCHF,売り,-1,2021-06-07 09:00:00,2021-06-07 13:00:00,0.8971336570334297,2021-06-08 13:00:00,0.8968063429665702,時間切れ,time,6,0.0020020971035427135,0.9001368026887439,0.9001368026887439,0.0003273140668594854,0.10899040686897844,0.9708105715703735,0.9022254531880112,False
EURUSD,買い,1,2021-06-09 05:00:00,2021-06-09 09:00:00,1.2195063224968552,2021-06-09 21:00:00,1.2166246125467137,初期損切り,initial,4,0.0019035916355240564,1.216650935043569,1.216650935043569,-0.0028817099501414756,-1.0092185376892016,1.2101742097173398,1.5000000000000466,False
USDCHF,売り,-1,2021-06-09 05:00:00,2021-06-09 09:00:00,0.8946336570334298,2021-06-10 01:00:00,0.8971830625691348,初期損切り,initial,5,0.0016353750460898538,0.8970867196025646,0.8970867196025646,-0.0025494055357050405,-1.0392745655094484,1.2313120701238696,1.5000000000000122,False
AUDUSD,売り,-1,2021-06-09 09:00:00,2021-06-09 13:00:00,0.7730157478820956,2021-06-10 09:00:00,0.7759445538964412,初期損切り,initial,6,0.0019230359309608174,0.7759003017785369,0.7759003017785369,-0.002928806014345642,-1.0153410612153966,0.6738032614129216,1.500000000000021,False
GBPUSD,売り,-1,2021-06-09 09:00:00,2021-06-09 13:00:00,1.4112937570146253,2021-06-10 09:00:00,1.4161253621292977,初期損切り,initial,6,0.003176908086198583,1.4160591191439231,1.4160591191439231,-0.004831605114672399,-1.01390093419496,1.2508253014585458,1.4999999999999734,False
USDJPY,売り,-1,2021-06-04 09:00:00,2021-06-04 13:00:00,109.49320734981548,2021-06-11 09:00:00,109.82396244094085,初期損切り,initial,30,0.21930829396056348,109.82216979075632,109.82216979075632,-0.3307550911253685,-1.0054494068666204,1.3780023744556555,1.4999999999999845,False
EURUSD,売り,-1,2021-06-11 05:00:00,2021-06-11 09:00:00,1.2128436775031446,2021-06-14 09:00:00,1.21287,建値,breakeven,7,0.0022812827261112817,1.2162656015923115,1.2128436775031446,-2.632249685530219e-05,-0.007692308820827898,1.5709045889517579,0.08605794214291043,True
AUDUSD,売り,-1,2021-06-11 09:00:00,2021-06-11 13:00:00,0.7699557478820956,2021-06-14 13:00:00,0.7709442521179044,時間切れ,time,6,0.002235024282240198,0.773308284305456,0.773308284305456,-0.0009885042358087626,-0.29485264616990203,0.2665509662823312,1.1741492648456038,False
EURUSD,買い,1,2021-06-15 01:00:00,2021-06-15 05:00:00,1.2130963224968554,2021-06-15 05:00:00,1.2101973773511803,初期損切り,initial,1,0.0019150817658798087,1.2102236998480356,1.2102236998480356,-0.0028989451456751247,-1.0091632281971412,0.0,1.5000000000000573,False
GBPUSD,売り,-1,2021-06-15 05:00:00,2021-06-15 09:00:00,1.4067637570146254,2021-06-16 01:00:00,1.4112114046177342,初期損切り,initial,5,0.0029209364118228287,1.4111451616323596,1.4111451616323596,-0.004447647603108784,-1.0151191207281827,0.042368951999298674,1.4999999999999767,False
USDJPY,買い,1,2021-06-13 17:00:00,2021-06-13 21:00:00,109.82079265018453,2021-06-16 01:00:00,109.98620734981547,トレイル,trail,14,0.18487785997749234,109.5434758602183,109.988,0.16541469963094357,0.5964828153790533,1.8834453723007156,1.1293545382338028,True
AUDUSD,売り,-1,2021-06-15 09:00:00,2021-06-15 13:00:00,0.7683757478820956,2021-06-16 05:00:00,0.7712451521335125,初期損切り,initial,5,0.0018834347556749879,0.7712009000156081,0.7712009000156081,-0.002869404251416907,-1.015663622988475,0.17826361177844244,1.5000000000000266,False
AUDUSD,売り,-1,2021-06-16 13:00:00,2021-06-16 17:00:00,0.7607757478820957,2021-06-16 21:00:00,0.7642158386933736,初期損切り,initial,2,0.0022638924622490697,0.7641715865754692,0.7641715865754692,-0.0034400908112779405,-1.0130312779551887,0.4486732029164443,1.4999999999999825,False
USDJPY,買い,1,2021-06-16 13:00:00,2021-06-16 17:00:00,110.65879265018452,2021-06-17 09:00:00,110.34963283112114,初期損切り,initial,5,0.20491144591923868,110.35142548130567,110.35142548130567,-0.30915981906338175,-1.0058322760724985,0.8062377827375623,1.4999999999999856,False
EURUSD,売り,-1,2021-06-16 13:00:00,2021-06-16 17:00:00,1.1995736775031447,2021-06-21 05:00:00,1.1898326267519104,トレイル,trail,16,0.002528152127527549,1.203365905694436,1.189806304255055,0.009741050751234326,2.5686879216826135,5.8634436360607,0.4257348618921545,True
GBPUSD,売り,-1,2021-06-16 13:00:00,2021-06-16 17:00:00,1.3989237570146253,2021-06-21 05:00:00,1.3854388049843998,トレイル,trail,16,0.003371280999512581,1.4039806785138942,1.3853725619990251,0.013484952030225594,2.6666326602410666,6.019598193552953,0.5802669625158478,True
USDJPY,売り,-1,2021-06-20 21:00:00,2021-06-21 01:00:00,109.79420734981548,2021-06-21 05:00:00,110.15001203795258,初期損切り,initial,2,0.2360080253017156,110.14821938776805,110.14821938776805,-0.3558046881370984,-1.0050638113745871,0.009352859135431121,1.499999999999993,False
USDCHF,買い,1,2021-06-16 13:00:00,2021-06-16 17:00:00,0.9087763429665703,2021-06-21 09:00:00,0.9196056985813322,トレイル,trail,17,0.002213979226048781,0.9054553741274971,0.9197020415479025,0.010829355614761949,3.2609025075297744,6.934869511323696,0.5313252051916056,True
USDJPY,買い,1,2021-06-22 05:00:00,2021-06-22 09:00:00,110.69579265018453,2021-06-23 09:00:00,110.694,建値,breakeven,7,0.23435622722706678,110.34425830934393,110.69579265018453,-0.0017926501845266785,-0.005099502313884998,1.7460912161680917,0.4599521483169106,True
USDCHF,売り,-1,2021-06-23 05:00:00,2021-06-23 09:00:00,0.9168136570334298,2021-06-24 01:00:00,0.9199844498371195,初期損切り,initial,5,0.002049633224746282,0.9198881068705492,0.9198881068705492,-0.0031707928036897037,-1.0313366526287346,0.6750754314109423,1.5000000000000202,False
GBPUSD,買い,1,2021-06-22 13:00:00,2021-06-22 17:00:00,1.3953962429853746,2021-06-24 05:00:00,1.3892015021624957,初期損切り,initial,10,0.004085665225002764,1.3892677451478703,1.3892677451478703,-0.0061947408228788525,-1.0108090085256005,1.1537306056744303,1.5000000000000238,False
EURUSD,買い,1,2021-06-23 05:00:00,2021-06-23 09:00:00,1.1954063224968554,2021-06-24 09:00:00,1.1954236775031446,時間切れ,time,6,0.0025655821911152983,1.1915579492101824,1.1915579492101824,1.735500628918807e-05,0.004509699292760676,0.6289712754994885,1.417347886747939,False
USDJPY,売り,-1,2021-06-25 05:00:00,2021-06-25 09:00:00,110.53620734981547,2021-06-25 09:00:00,110.83042546013156,初期損切り,initial,1,0.19495030675437416,110.82863280994704,110.82863280994704,-0.2942181103160948,-1.0061302808029338,-0.0,1.5000000000000353,False
EURUSD,買い,1,2021-06-25 05:00:00,2021-06-25 09:00:00,1.1958063224968554,2021-06-27 21:00:00,1.1924456886289272,初期損切り,initial,4,0.0022228742473819423,1.1924720111257825,1.1924720111257825,-0.0033606338679281755,-1.0078944327406327,0.7889233973581895,1.499999999999982,False
GBPUSD,売り,-1,2021-06-25 13:00:00,2021-06-27 17:00:00,1.3882837570146254,2021-06-28 01:00:00,1.393545230516179,初期損切り,initial,3,0.003463487010786075,1.3934789875308045,1.3934789875308045,-0.005261473501553704,-1.012750730726634,0.1887568836232094,1.499999999999995,False
AUDUSD,買い,1,2021-06-22 13:00:00,2021-06-22 17:00:00,0.7552842521179044,2021-06-28 05:00:00,0.7564957478820956,トレイル,trail,22,0.002861176255061652,0.7509924877353119,0.75654,0.0012114957641912172,0.28228384789833283,2.2423462625714405,0.5257460512064744,True
USDCHF,売り,-1,2021-06-25 01:00:00,2021-06-25 05:00:00,0.9166736570334297,2021-06-28 05:00:00,0.9194117974528879,初期損切り,initial,7,0.0017611983019252832,0.9193154544863177,0.9193154544863177,-0.0027381404194581904,-1.0364687180937913,1.3647850050741641,1.5000000000000147,False
USDCHF,買い,1,2021-06-29 05:00:00,2021-06-29 09:00:00,0.9228563429665703,2021-06-29 09:00:00,0.9198713661796548,初期損切り,initial,1,0.0019257558802301077,0.919967709146225,0.919967709146225,-0.0029849767869154498,-1.0333524332131432,0.0,1.500000000000025,False
EURUSD,売り,-1,2021-06-29 01:00:00,2021-06-29 05:00:00,1.1901036775031446,2021-07-01 05:00:00,1.1881274623529199,トレイル,trail,13,0.002180569928032237,1.193374532395193,1.1881011398560646,0.001976215150224725,0.6041891846162367,2.9183551608854965,0.5623862280637957,True
USDCHF,買い,1,2021-06-30 05:00:00,2021-06-30 09:00:00,0.9242463429665703,2021-07-01 05:00:00,0.92415,建値,breakeven,6,0.00189248649113273,0.9214076132298712,0.9242463429665703,-9.634296657023977e-05,-0.03393875976452355,1.5395919849793882,0.4419281038406401,True
AUDUSD,売り,-1,2021-06-30 01:00:00,2021-06-30 05:00:00,0.7498757478820957,2021-07-02 05:00:00,0.7491627500786525,トレイル,trail,13,0.0020492489803740463,0.7529496213526568,0.7491184979607481,0.0007129978034431383,0.23195418102651957,2.3695255816154304,0.7047714219873443,True
EURUSD,売り,-1,2021-07-02 01:00:00,2021-07-02 05:00:00,1.1827636775031447,2021-07-02 09:00:00,1.1859364407766217,初期損切り,initial,2,0.002097627184414541,1.1859101182797664,1.1859101182797664,-0.0031727632734770417,-1.0083658008282907,0.9981170718518098,1.4999999999999658,False
GBPUSD,売り,-1,2021-06-28 17:00:00,2021-06-28 21:00:00,1.3863037570146255,2021-07-02 09:00:00,1.3798463350389618,トレイル,trail,22,0.003315046026793575,1.3912763260548158,1.3797800920535872,0.00645742197566368,1.298608812360798,3.967895742113771,0.49056422512105285,True
USDJPY,買い,1,2021-06-30 09:00:00,2021-06-30 13:00:00,111.09079265018453,2021-07-02 09:00:00,111.24043517114187,トレイル,trail,12,0.2083860893368022,110.77821351617932,111.2422278213264,0.1496425209573431,0.47873483760708124,2.7267047988847306,0.3205235550851543,True
USDCHF,売り,-1,2021-07-02 05:00:00,2021-07-02 09:00:00,0.9230236570334298,2021-07-05 01:00:00,0.92312,建値,breakeven,5,0.0019565036898560673,0.9259584125682139,0.9230236570334298,-9.634296657023977e-05,-0.032828276641218554,1.5301054881475995,1.454810937146535,True
AUDUSD,買い,1,2021-07-02 13:00:00,2021-07-04 17:00:00,0.7526442521179044,2021-07-05 17:00:00,0.7529257478820957,時間切れ,time,6,0.002267379511819441,0.7492431828501752,0.7492431828501752,0.0002814957641912308,0.08276684243457968,0.4920869560121589,0.7692810616008208,False
GBPUSD,買い,1,2021-07-05 21:00:00,2021-07-06 01:00:00,1.3881762429853746,2021-07-06 05:00:00,1.3836201816956806,初期損切り,initial,2,0.0029932122028796557,1.3836864246810552,1.3836864246810552,-0.004556061289693991,-1.0147540459066635,0.5625251069755938,1.499999999999966,False
USDJPY,売り,-1,2021-07-06 01:00:00,2021-07-06 05:00:00,110.79020734981547,2021-07-07 01:00:00,110.76323627992808,トレイル,trail,6,0.1822218148717765,111.06354007212315,110.76144362974355,0.02697106988739506,0.09867486651318784,2.1578500361888966,0.32813113087801,True
USDCHF,買い,1,2021-07-06 01:00:00,2021-07-06 05:00:00,0.9235063429665702,2021-07-07 05:00:00,0.9231536570334298,時間切れ,time,6,0.0020071079919694026,0.9204956809786161,0.9204956809786161,-0.0003526859331404175,-0.11714564257015293,0.8189180851285713,0.5661593552099675,False
USDCHF,買い,1,2021-07-07 09:00:00,2021-07-07 13:00:00,0.9256563429665703,2021-07-08 01:00:00,0.9226040273286787,初期損切り,initial,4,0.0019706484475475396,0.922700370295249,0.922700370295249,-0.003052315637891545,-1.0325926445480873,0.24035592650692367,1.499999999999998,False
EURUSD,売り,-1,2021-07-07 09:00:00,2021-07-07 13:00:00,1.1800136775031447,2021-07-08 05:00:00,1.183378669053461,初期損切り,initial,5,0.002225779368973985,1.1833523465566056,1.1833523465566056,-0.003364991550316221,-1.0078841288051468,0.7429655994641085,1.4999999999999738,False
AUDUSD,売り,-1,2021-07-07 17:00:00,2021-07-07 21:00:00,0.7468557478820956,2021-07-09 05:00:00,0.7463787577023699,トレイル,trail,9,0.0026772527922328203,0.7508716270704449,0.7463345055844656,0.00047699017972568925,0.11877602820062949,2.1946929700259292,0.05388064897079013,True
USDJPY,売り,-1,2021-07-08 01:00:00,2021-07-08 05:00:00,109.85020734981548,2021-07-09 09:00:00,110.22545130449059,初期損切り,initial,8,0.24896753632705795,110.22365865430606,110.22365865430606,-0.3752439546751134,-1.004800224722663,1.2700746229021729,1.4999999999999991,False
GBPUSD,買い,1,2021-07-09 05:00:00,2021-07-09 09:00:00,1.3840662429853745,2021-07-12 05:00:00,1.384,建値,breakeven,6,0.003647346496830998,1.378595223240128,1.3840662429853745,-6.624298537460938e-05,-0.012107977755365384,1.9586175924970153,0.4705456382785948,True
EURUSD,買い,1,2021-07-09 05:00:00,2021-07-09 09:00:00,1.1868863224968553,2021-07-12 09:00:00,1.1852936775031446,時間切れ,time,6,0.0022958557790030147,1.1834425388283507,1.1834425388283507,-0.0015926449937107012,-0.4624695239356641,0.5373497387891092,1.4227036936413526,False
AUDUSD,売り,-1,2021-07-13 05:00:00,2021-07-13 09:00:00,0.7430357478820956,2021-07-13 09:00:00,0.7469438326936346,初期損切り,initial,1,0.002575888462423124,0.7468995805757302,0.7468995805757302,-0.0039080848115390365,-1.011452907362488,-0.0,1.4999999999999905,False
USDCHF,買い,1,2021-07-13 05:00:00,2021-07-13 09:00:00,0.9196663429665702,2021-07-13 09:00:00,0.9166050907998733,初期損切り,initial,1,0.0019766061334177934,0.9167014337664435,0.9167014337664435,-0.0030612521666969483,-1.0324944071022955,0.0,1.5000000000000093,False
USDJPY,買い,1,2021-07-12 09:00:00,2021-07-12 13:00:00,110.38279265018453,2021-07-13 13:00:00,110.41920734981548,時間切れ,time,6,0.2361571088564693,110.02855698689983,110.02855698689983,0.036414699630952896,0.10279794895096692,0.741910123577804,0.7782643134246434,False
GBPUSD,売り,-1,2021-07-13 05:00:00,2021-07-13 09:00:00,1.3805637570146254,2021-07-14 01:00:00,1.3861435459193148,初期損切り,initial,5,0.003675697279543166,1.3860773029339402,1.3860773029339402,-0.005579788904689353,-1.012014588496043,0.11800672950935857,1.4999999999999987,False
EURUSD,売り,-1,2021-07-13 05:00:00,2021-07-13 09:00:00,1.1799036775031446,2021-07-14 09:00:00,1.1833447067076663,初期損切り,initial,7,0.0022764711384442473,1.183318384210811,1.183318384210811,-0.0034410292045217172,-1.0077085674140769,1.1920544290314194,1.5000000000000193,False
USDCHF,売り,-1,2021-07-15 01:00:00,2021-07-15 05:00:00,0.9121536570334298,2021-07-15 05:00:00,0.9153910674856489,初期損切り,initial,1,0.0020940449904326124,0.9152947245190787,0.9152947245190787,-0.003237410452219147,-1.030672046051352,-0.0,1.4999999999999947,False
USDJPY,売り,-1,2021-07-14 05:00:00,2021-07-14 09:00:00,110.18020734981548,2021-07-16 01:00:00,110.09279265018452,トレイル,trail,11,0.2154130934371144,110.50332698997114,110.091,0.08741469963095483,0.2705335385643548,2.159605724947635,0.05474435186995824,True
AUDUSD,売り,-1,2021-07-15 09:00:00,2021-07-15 13:00:00,0.7423957478820956,2021-07-16 13:00:00,0.7415642521179043,時間切れ,time,6,0.002694030572762706,0.7464367937412397,0.7464367937412397,0.0008314957641912812,0.20576251623321143,0.9338230633053852,0.7068413169311414,False
USDJPY,買い,1,2021-07-16 05:00:00,2021-07-16 09:00:00,110.31979265018452,2021-07-18 17:00:00,109.98118992911228,初期損切り,initial,3,0.22454004725848384,109.9829825792968,109.9829825792968,-0.33860272107224887,-1.0053224364099276,0.10335505892524995,1.499999999999984,False
EURUSD,売り,-1,2021-07-19 01:00:00,2021-07-19 05:00:00,1.1772836775031448,2021-07-19 09:00:00,1.1805830744113068,初期損切り,initial,2,0.0021820496075377702,1.1805567519144515,1.1805567519144515,-0.0032993969081620556,-1.0080421321203303,0.41872444145569016,1.5000000000000449,False
USDCHF,買い,1,2021-07-16 05:00:00,2021-07-16 09:00:00,0.9200363429665702,2021-07-19 09:00:00,0.9167286370463371,初期損切り,initial,7,0.0021409086357752206,0.9168249800129074,0.9168249800129074,-0.003307705920233106,-1.030000647064944,1.0059546668370076,1.5000000000000164,False
USDJPY,売り,-1,2021-07-19 05:00:00,2021-07-19 09:00:00,109.47420734981547,2021-07-19 13:00:00,109.476,建値,breakeven,2,0.23226930145067054,109.82261130199147,109.47420734981547,-0.0017926501845266785,-0.005145321037061806,1.7574743940157118,0.44255805456218206,True
GBPUSD,売り,-1,2021-07-16 09:00:00,2021-07-16 13:00:00,1.3777637570146255,2021-07-21 09:00:00,1.3652514620556147,トレイル,trail,18,0.003992609535120052,1.3837526713173056,1.36518521907024,0.01251229495901085,2.08924261170535,5.150455318443059,0.1818968218620595,True
AUDUSD,買い,1,2021-07-21 09:00:00,2021-07-21 13:00:00,0.7350842521179044,2021-07-25 17:00:00,0.73504,建値,breakeven,14,0.0026975886413441205,0.7310378691558882,0.7350842521179044,-4.425211790437533e-05,-0.0109362159537974,1.7703766278152626,0.3277935354383181,True
USDJPY,買い,1,2021-07-23 01:00:00,2021-07-23 05:00:00,110.48679265018453,2021-07-26 01:00:00,110.16576734883999,初期損切り,initial,6,0.21282176744000078,110.16755999902452,110.16755999902452,-0.3210253013445339,-1.0056154975940548,0.5084411764693141,1.5000000000000284,False
EURUSD,買い,1,2021-07-26 09:00:00,2021-07-26 13:00:00,1.1812463224968552,2021-07-27 01:00:00,1.1777210956942015,初期損切り,initial,4,0.0023326028705322843,1.1777474181910568,1.1777474181910568,-0.003525226802653769,-1.0075230685251155,0.03587301730690988,1.5000000000000173,False
GBPUSD,買い,1,2021-07-26 09:00:00,2021-07-26 13:00:00,1.3828462429853745,2021-07-27 01:00:00,1.3774580775840153,初期損切り,initial,4,0.0035479482773230968,1.37752432056939,1.37752432056939,-0.005388165401359224,-1.0124471911081634,0.091251898088485,1.4999999999999913,False
USDCHF,売り,-1,2021-07-26 09:00:00,2021-07-26 13:00:00,0.9153436570334298,2021-07-27 05:00:00,0.9185581593938698,初期損切り,initial,5,0.0020787729292464988,0.9184618164272995,0.9184618164272995,-0.0032145023604399636,-1.0308973834883568,0.24709626828551542,1.4999999999999882,False
USDJPY,売り,-1,2021-07-27 01:00:00,2021-07-27 05:00:00,110.07420734981547,2021-07-28 01:00:00,109.9704207434982,トレイル,trail,6,0.1918140466568342,110.36192841980072,109.96862809331367,0.10378660631727143,0.36071952020264486,2.550425051459822,0.5098304941112405,True
EURUSD,買い,1,2021-07-27 05:00:00,2021-07-27 09:00:00,1.1818963224968553,2021-07-28 09:00:00,1.1798636775031448,時間切れ,time,6,0.0023447725977430145,1.1783791636002408,1.1783791636002408,-0.002032644993710475,-0.577922423597927,0.9526200985522759,1.1584588200450687,False
AUDUSD,売り,-1,2021-07-28 05:00:00,2021-07-28 09:00:00,0.7331957478820956,2021-07-28 13:00:00,0.7367285958338641,初期損切り,initial,2,0.002325730555909406,0.7366843437159597,0.7366843437159597,-0.0035328479517684475,-1.0126847935420833,0.36794798946992485,1.4999999999999842,False
GBPUSD,買い,1,2021-07-27 09:00:00,2021-07-27 13:00:00,1.3885562429853746,2021-07-28 13:00:00,1.3884237570146254,時間切れ,time,6,0.003858787327202859,1.3827680619945704,1.3827680619945704,-0.00013248597074921875,-0.022889051147450275,0.25234793525954,1.0563533669344374,False
AUDUSD,買い,1,2021-07-29 01:00:00,2021-07-29 05:00:00,0.7402842521179044,2021-07-30 05:00:00,0.7399557478820956,時間切れ,time,6,0.0026402803060020896,0.7363238316589013,0.7363238316589013,-0.00032850423580876864,-0.08294680810013175,0.26351288555005303,1.0469540342442123,False
USDJPY,売り,-1,2021-07-29 09:00:00,2021-07-29 13:00:00,109.52620734981548,2021-07-30 13:00:00,109.79079265018453,時間切れ,time,6,0.2414940133957943,109.88844836990917,109.88844836990917,-0.26458530036904904,-0.7304123102916829,0.6799644740938496,1.133745082681566,False
EURUSD,買い,1,2021-07-28 13:00:00,2021-07-28 17:00:00,1.1844663224968552,2021-08-04 01:00:00,1.1853336775031447,トレイル,trail,27,0.0028635638274566062,1.1801709767556703,1.18536,0.0008673550062894275,0.2019290316895794,2.2327693351342552,0.15586259770978705,True
AUDUSD,買い,1,2021-08-04 01:00:00,2021-08-04 05:00:00,0.7415642521179043,2021-08-04 09:00:00,0.7379528454409421,初期損切り,initial,2,0.0023781030393719175,0.7379970975588465,0.7379970975588465,-0.0036114066769622477,-1.012405438893026,0.28415416443610064,1.4999999999999984,False
GBPUSD,買い,1,2021-08-04 05:00:00,2021-08-04 09:00:00,1.3939662429853745,2021-08-04 09:00:00,1.389550236028475,初期損切り,initial,1,0.0028998426476831707,1.3896164790138497,1.3896164790138497,-0.004416006956899476,-1.0152290988219987,0.0,1.5000000000000382,False
USDCHF,売り,-1,2021-07-28 13:00:00,2021-07-28 17:00:00,0.9099536570334298,2021-08-04 09:00:00,0.9068463429665702,トレイル,trail,29,0.0025233745930199744,0.9137387189229598,0.90675,0.003107314066859601,0.8209414158999326,3.0291408396412174,0.13725388514580747,True
USDJPY,売り,-1,2021-08-02 09:00:00,2021-08-02 13:00:00,109.25020734981547,2021-08-04 09:00:00,109.19014865411181,トレイル,trail,12,0.21317800196364048,109.56997435276092,109.18835600392728,0.06005869570365974,0.18782017891290462,2.2901394389592626,0.5900826962717816,True
USDCHF,買い,1,2021-08-04 13:00:00,2021-08-04 17:00:00,0.9068563429665703,2021-08-05 17:00:00,0.9069836570334298,時間切れ,time,6,0.002023121937258361,0.9038216600606828,0.9038216600606828,0.0001273140668595074,0.041953004912805666,0.46643606401134696,0.8384778669688537,False
GBPUSD,売り,-1,2021-08-06 09:00:00,2021-08-06 13:00:00,1.3865537570146254,2021-08-09 13:00:00,1.3848362429853747,時間切れ,time,6,0.003014574550319104,1.3910756188401041,1.3910756188401041,0.0017175140292506885,0.37982452705062103,0.804012962415777,0.9706984970947029,False
AUDUSD,売り,-1,2021-08-06 09:00:00,2021-08-06 13:00:00,0.7351957478820956,2021-08-10 09:00:00,0.73524,建値,breakeven,12,0.00225016013232068,0.7385709880805766,0.7351957478820956,-4.425211790437533e-05,-0.013110805543347811,1.606884696853355,0.5440733307463385,True
EURUSD,売り,-1,2021-08-09 09:00:00,2021-08-09 13:00:00,1.1742036775031448,2021-08-11 05:00:00,1.17423,建値,breakeven,11,0.0020209099499678704,1.1772350424280966,1.1742036775031448,-2.632249685530219e-05,-0.008683381086399778,1.7782472213578893,0.3297140958041548,True
USDCHF,買い,1,2021-08-05 21:00:00,2021-08-06 01:00:00,0.9079863429665702,2021-08-11 05:00:00,0.9206889777068598,トレイル,trail,20,0.0017223396632849734,0.9054028334716427,0.92078532067343,0.012702634740289542,4.916813646410155,9.43115773252802,0.6539609988554584,True
USDJPY,買い,1,2021-08-05 17:00:00,2021-08-05 21:00:00,109.86779265018453,2021-08-11 13:00:00,110.36510438373193,トレイル,trail,23,0.21705148304177,109.54221542562188,110.36689703391646,0.49731173354740577,1.5274770347202273,4.299474653374686,0.773054612818439,True
AUDUSD,買い,1,2021-08-11 05:00:00,2021-08-11 09:00:00,0.7375842521179043,2021-08-12 09:00:00,0.7352757478820956,時間切れ,time,6,0.0021739968050747036,0.7343232569102923,0.7343232569102923,-0.0023085042358087504,-0.7079140228173503,0.6144203519424092,1.372703083527196,False
GBPUSD,買い,1,2021-08-11 09:00:00,2021-08-11 13:00:00,1.3879962429853747,2021-08-12 09:00:00,1.3834851103138128,初期損切り,initial,6,0.002963259790791455,1.3835513532991874,1.3835513532991874,-0.0045111326715618905,-1.0149031787179248,0.2712408196956103,1.5000000000000333,False
GBPUSD,売り,-1,2021-08-13 01:00:00,2021-08-13 05:00:00,1.3799137570146254,2021-08-13 09:00:00,1.3837080642955775,初期損切り,initial,2,0.002485376197051629,1.3836418213102029,1.3836418213102029,-0.0037943072809520917,-1.0177687346898046,0.2751120797875797,1.5000000000000155,False
EURUSD,買い,1,2021-08-13 05:00:00,2021-08-13 09:00:00,1.1766163224968553,2021-08-16 05:00:00,1.1771199995004884,トレイル,trail,6,0.001666839001328145,1.1741160639948631,1.1771463219973437,0.000503677003633074,0.2014499713656575,2.3179668222702077,0.12978007874969924,True
USDJPY,売り,-1,2021-08-13 01:00:00,2021-08-13 05:00:00,110.27120734981547,2021-08-17 01:00:00,109.42266200713279,トレイル,trail,12,0.1534346784741309,110.50135936752666,109.42086935694826,0.8485453426826837,3.6868907390917216,7.54201958334061,0.3962119306345327,True
USDCHF,売り,-1,2021-08-13 05:00:00,2021-08-13 09:00:00,0.9198636570334298,2021-08-17 09:00:00,0.9133027185249352,トレイル,trail,13,0.0015981877791824517,0.9222609387022035,0.9132063755583649,0.006560938508494596,2.7368242096686224,6.165518947010335,0.17291019876998445,True
EURUSD,売り,-1,2021-08-17 05:00:00,2021-08-17 09:00:00,1.1743836775031447,2021-08-18 13:00:00,1.1728691667169633,トレイル,trail,8,0.001736422110053947,1.1769883106682255,1.172842844220108,0.0015145107861813667,0.5814679803995793,2.887361013267026,0.0612307895872617,True
GBPUSD,売り,-1,2021-08-17 05:00:00,2021-08-17 09:00:00,1.3773037570146254,2021-08-18 13:00:00,1.37737,建値,breakeven,8,0.002776470079549302,1.3814684621339492,1.3773037570146254,-6.624298537460938e-05,-0.01590580448715237,1.6833449958819786,0.12470618283445438,True
USDCHF,買い,1,2021-08-18 09:00:00,2021-08-18 13:00:00,0.9182263429665702,2021-08-18 13:00:00,0.9149454799437717,初期損切り,initial,1,0.002123013370818879,0.915041822910342,0.915041822910342,-0.003280863022798508,-1.0302535279631104,0.0,1.4999999999999762,False
AUDUSD,売り,-1,2021-08-16 05:00:00,2021-08-16 09:00:00,0.7326157478820956,2021-08-19 09:00:00,0.7180984577588834,トレイル,trail,19,0.0018171028204894961,0.7353414021128298,0.718054205640979,0.014517290123212234,5.326167185667393,10.013603895674944,0.8718560667236162,True
GBPUSD,売り,-1,2021-08-18 21:00:00,2021-08-19 01:00:00,1.3720637570146255,2021-08-23 01:00:00,1.3658316183600794,トレイル,trail,13,0.002777687687352394,1.376230288545654,1.3657653753747048,0.006232138654546082,1.4957617884647465,4.2674909308915785,0.056249299043212034,True
USDCHF,売り,-1,2021-08-23 01:00:00,2021-08-23 05:00:00,0.9139936570334297,2021-08-23 05:00:00,0.917353516876571,初期損切り,initial,1,0.002175677917713985,0.9172571739100007,0.9172571739100007,-0.003359859843141244,-1.0295212098524509,-0.0,1.5000000000000122,False
USDJPY,買い,1,2021-08-23 01:00:00,2021-08-23 05:00:00,109.93579265018452,2021-08-23 17:00:00,109.64453765640405,初期損切り,initial,4,0.19297489573063076,109.64633030658858,109.64633030658858,-0.2912549937804698,-1.0061930341689833,1.0944809635254364,1.4999999999999845,False
EURUSD,買い,1,2021-08-23 13:00:00,2021-08-23 17:00:00,1.1746363224968552,2021-08-24 17:00:00,1.1756036775031447,時間切れ,time,6,0.002001476045336242,1.1716341084288509,1.1716341084288509,0.0009673550062894165,0.32221386762484877,0.9361478532359544,0.957454625210522,False
USDCHF,売り,-1,2021-08-24 05:00:00,2021-08-24 09:00:00,0.9112936570334298,2021-08-24 17:00:00,0.9145135109540549,初期損切り,initial,3,0.0020823406360365388,0.9144171679874846,0.9144171679874846,-0.003219853920625071,-1.0308444465178501,0.09780197817081097,1.500000000000011,False
USDJPY,売り,-1,2021-08-24 05:00:00,2021-08-24 09:00:00,109.53020734981547,2021-08-24 17:00:00,109.8182434758595,初期損切り,initial,3,0.19082898390633976,109.81645082567498,109.81645082567498,-0.28803612604403384,-1.0062626761331113,0.6089606905442819,1.499999999999987,False
GBPUSD,買い,1,2021-08-25 13:00:00,2021-08-25 17:00:00,1.3763162429853746,2021-08-26 05:00:00,1.3719885768749513,初期損切り,initial,4,0.002840948750032442,1.372054819860326,1.372054819860326,-0.004327666110423234,-1.015544803562264,0.18083994462045427,1.4999999999999867,False
AUDUSD,買い,1,2021-08-25 13:00:00,2021-08-25 17:00:00,0.7277242521179044,2021-08-26 09:00:00,0.7244423215593155,初期損切り,initial,5,0.002158452293789629,0.7244865736772199,0.7244865736772199,-0.0032819305585888303,-1.0136678545183233,0.12775259517618373,1.5000000000000053,False
EURUSD,買い,1,2021-08-25 13:00:00,2021-08-25 17:00:00,1.1772863224968553,2021-08-26 17:00:00,1.1751836775031448,時間切れ,time,6,0.0021164992202819533,1.1741115736664323,1.1741115736664323,-0.0021026449937104896,-0.6623027855184317,0.29467410012163997,1.2692291455214066,False
GBPUSD,売り,-1,2021-08-26 17:00:00,2021-08-26 21:00:00,1.3681937570146254,2021-08-27 05:00:00,1.3722506151058815,初期損切り,initial,3,0.0026604100705877047,1.372184372120507,1.372184372120507,-0.00405685809125611,-1.0165996929337837,0.05779447925166421,1.499999999999979,False
USDCHF,買い,1,2021-08-26 01:00:00,2021-08-26 05:00:00,0.9174263429665702,2021-08-27 05:00:00,0.9183036570334298,時間切れ,time,6,0.0021051851543963085,0.9142685652349758,0.9142685652349758,0.0008773140668595358,0.2778264151025449,0.8567688355882392,0.9862994531545811,False
AUDUSD,売り,-1,2021-08-26 13:00:00,2021-08-26 17:00:00,0.7236357478820956,2021-08-27 09:00:00,0.7266689422185645,初期損切り,initial,5,0.001992628145709698,0.7266246901006601,0.7266246901006601,-0.0030331943364688696,-1.014805277141013,0.7104927656190494,1.4999999999999736,False
USDCHF,売り,-1,2021-08-27 09:00:00,2021-08-27 13:00:00,0.9106436570334298,2021-08-30 01:00:00,0.914549096018758,初期損切り,initial,4,0.0025393973458386946,0.9144527530521878,0.9144527530521878,-0.0039054389853282467,-1.0252928689893246,0.19046134478416818,1.4999999999999862,False
EURUSD,買い,1,2021-08-27 09:00:00,2021-08-27 13:00:00,1.1800863224968554,2021-08-30 13:00:00,1.1797236775031448,時間切れ,time,6,0.00223421518722013,1.1767349997160252,1.1767349997160252,-0.00036264499371063685,-0.1082095093271803,0.4089478526378923,0.8084818808804588,False
GBPUSD,買い,1,2021-08-27 09:00:00,2021-08-27 13:00:00,1.3778462429853746,2021-08-30 13:00:00,1.3754837570146254,時間切れ,time,6,0.003049040296388375,1.3732726825407922,1.3732726825407922,-0.002362485970749173,-0.516552913069634,0.014351077838254822,1.4549637112469054,False
USDJPY,買い,1,2021-08-25 05:00:00,2021-08-25 09:00:00,109.98579265018452,2021-08-31 05:00:00,109.69403723005375,初期損切り,initial,24,0.19330851329749438,109.69582988023828,109.69582988023828,-0.2917554201307695,-1.0061823460469088,1.454707529526686,1.5000000000000064,False
GBPUSD,買い,1,2021-08-31 05:00:00,2021-08-31 09:00:00,1.3784862429853746,2021-08-31 09:00:00,1.3743981359727306,初期損切り,initial,1,0.0026812426848461606,1.3744643789581052,1.3744643789581052,-0.004088107012643949,-1.0164707172906802,0.0,1.5000000000000369,False
USDJPY,買い,1,2021-08-31 13:00:00,2021-08-31 17:00:00,110.01479265018453,2021-09-01 05:00:00,110.04062498551725,トレイル,trail,4,0.18879118214911314,109.73160587696086,110.04241763570178,0.025832335332722778,0.0912201337606951,2.146325613319294,0.15780742429485567,True
AUDUSD,買い,1,2021-08-31 01:00:00,2021-08-31 05:00:00,0.7328042521179043,2021-09-03 09:00:00,0.7436233009459718,トレイル,trail,20,0.0020562234680618846,0.7297199169158115,0.7436675530638762,0.010819048828067501,3.5077409293018498,7.283132458463383,1.2227523695535791,True
EURUSD,買い,1,2021-08-30 21:00:00,2021-08-31 01:00:00,1.1817663224968553,2021-09-03 09:00:00,1.1871861024518289,トレイル,trail,21,0.0018437875256578928,1.1790006412083684,1.1872124249486842,0.005419779954973558,1.9596545623443222,4.953758161415976,1.294250266718635,True
GBPUSD,買い,1,2021-09-02 09:00:00,2021-09-02 13:00:00,1.3833062429853746,2021-09-06 01:00:00,1.3837536283180745,トレイル,trail,10,0.0026700643482754855,1.3793011464629614,1.383819871303449,0.0004473853326998345,0.11170400768026115,2.1923655204812134,0.5678675820505437,True
USDCHF,売り,-1,2021-09-03 05:00:00,2021-09-03 09:00:00,0.9137636570334298,2021-09-06 09:00:00,0.9169160432913875,初期損切り,initial,7,0.0020373621942583377,0.9168197003248173,0.9168197003248173,-0.0031523862579577733,-1.0315253932566266,1.0374478526137771,1.500000000000013,False
EURUSD,売り,-1,2021-09-06 01:00:00,2021-09-06 05:00:00,1.1863936775031447,2021-09-07 05:00:00,1.1876463224968552,時間切れ,time,6,0.0018456627240444486,1.1891621715892113,1.1891621715892113,-0.0012526449937104722,-0.45246439210934447,0.44085926022367566,1.1629007125158326,False
USDJPY,売り,-1,2021-09-03 05:00:00,2021-09-03 09:00:00,109.85520734981547,2021-09-07 09:00:00,110.1353976821895,初期損切り,initial,13,0.1855984547930078,110.13360503200498,110.13360503200498,-0.28019033237403335,-1.0064391706512175,1.4127668794866899,1.499999999999973,False
GBPUSD,売り,-1,2021-09-07 01:00:00,2021-09-07 05:00:00,1.3817137570146254,2021-09-08 13:00:00,1.3775594151503525,トレイル,trail,9,0.0024065860824889493,1.3853236361383587,1.377493172164978,0.004154341864272881,1.1508257539594182,3.7537643387692867,0.3100836453782035,True
USDCHF,買い,1,2021-09-07 09:00:00,2021-09-07 13:00:00,0.9188363429665702,2021-09-09 01:00:00,0.9196337510313972,トレイル,trail,10,0.0018749530010162385,0.9160239134650459,0.9197300939979675,0.0007974080648269766,0.28352997449172523,2.476679165244585,0.2540559503689454,True
AUDUSD,売り,-1,2021-09-07 01:00:00,2021-09-07 05:00:00,0.7415757478820956,2021-09-09 09:00:00,0.7387820297812889,トレイル,trail,14,0.002128888831692249,0.7447690811296339,0.7387377776633846,0.0027937181008066414,0.8748595540287624,3.3330758170473156,0.06775934739147917,True
EURUSD,売り,-1,2021-09-08 01:00:00,2021-09-08 05:00:00,1.1821436775031446,2021-09-10 01:00:00,1.1847976096140822,初期損切り,initial,12,0.001751739742721541,1.184771287117227,1.184771287117227,-0.0026539321109375624,-1.010017658907236,1.1038611821071411,1.4999999999999707,False
USDJPY,売り,-1,2021-09-09 01:00:00,2021-09-09 05:00:00,109.88720734981547,2021-09-10 01:00:00,109.889,建値,breakeven,6,0.1597611392190069,110.12684905864398,109.88720734981547,-0.0017926501845266785,-0.007480543321486305,1.6600241530070243,0.46189361533890616,True
AUDUSD,買い,1,2021-09-10 01:00:00,2021-09-10 05:00:00,0.7408442521179044,2021-09-10 09:00:00,0.7372667591506399,初期損切り,initial,2,0.002355493899573422,0.7373110112685443,0.7373110112685443,-0.003577492967264506,-1.012524512138024,0.0491395380461501,1.4999999999999991,False
USDCHF,売り,-1,2021-09-09 09:00:00,2021-09-09 13:00:00,0.9166136570334298,2021-09-10 13:00:00,0.9180363429665702,時間切れ,time,6,0.0019745808325904728,0.9195755282823155,0.9195755282823155,-0.001422685933140433,-0.4803334829883858,0.8070862469272051,0.9198625534044634,False
GBPUSD,買い,1,2021-09-09 09:00:00,2021-09-09 13:00:00,1.3857662429853745,2021-09-13 01:00:00,1.3814125927437744,初期損切り,initial,10,0.0028582715041503494,1.381478835729149,1.381478835729149,-0.004353650241600171,-1.0154505931943971,1.0788887655170656,1.500000000000013,False
AUDUSD,売り,-1,2021-09-10 13:00:00,2021-09-12 17:00:00,0.7354057478820957,2021-09-13 17:00:00,0.7371542521179044,時間切れ,time,6,0.002457973796415017,0.7390927085767182,0.7390927085767182,-0.0017485042358087455,-0.47423999891264346,0.7346489554645973,0.8845709100217066,False
EURUSD,売り,-1,2021-09-12 21:00:00,2021-09-13 01:00:00,1.1795336775031446,2021-09-14 01:00:00,1.1822084235533623,初期損切り,initial,7,0.0017656157022415617,1.182182101056507,1.182182101056507,-0.002674746050217669,-1.009938930206956,1.4293469977304691,1.5000000000000138,False
USDJPY,買い,1,2021-09-13 01:00:00,2021-09-13 05:00:00,110.11879265018453,2021-09-14 05:00:00,110.03720734981547,時間切れ,time,6,0.15037354866242034,109.8932323271909,109.8932323271909,-0.08158530036905631,-0.3617005831799601,0.12773090737250256,1.4616443659113985,False
GBPUSD,買い,1,2021-09-14 01:00:00,2021-09-14 05:00:00,1.3867662429853747,2021-09-14 13:00:00,1.3848337570146254,建値,breakeven,3,0.002729416920997581,1.3826721176038783,1.3867662429853747,-0.0019324859707492426,-0.47201435976612266,1.6610716302617026,1.031811213489995,True
USDJPY,売り,-1,2021-09-14 17:00:00,2021-09-14 21:00:00,109.57020734981548,2021-09-15 13:00:00,109.43795597033215,トレイル,trail,5,0.16158166007381186,109.81257983992619,109.43616332014763,0.13225137948332133,0.5456534255307102,2.8295745297246007,0.5433330128210143,True
USDCHF,買い,1,2021-09-16 05:00:00,2021-09-16 09:00:00,0.9265063429665702,2021-09-17 09:00:00,0.9282136570334297,時間切れ,time,6,0.0021803722325548897,0.9232357846177378,0.9232357846177378,0.0017073140668595332,0.5220252583076783,0.9006063295572574,0.9110109443297462,False
AUDUSD,売り,-1,2021-09-14 09:00:00,2021-09-14 13:00:00,0.7330957478820956,2021-09-20 21:00:00,0.7272375409407424,トレイル,trail,27,0.002596644411419067,0.7369907144992243,0.7271932888228381,0.0058582069413531945,1.5040454815686994,4.273110262345021,0.6255196555837796,True
EURUSD,売り,-1,2021-09-16 01:00:00,2021-09-16 05:00:00,1.1772436775031447,2021-09-21 05:00:00,1.1740367320788516,トレイル,trail,19,0.002000204790998181,1.180243984689642,1.1740104095819963,0.0032069454242931172,1.0688723603789008,3.616468441481361,0.8280764571255489,True
USDJPY,売り,-1,2021-09-21 05:00:00,2021-09-21 09:00:00,109.28520734981548,2021-09-22 01:00:00,109.58094053431437,初期損切り,initial,5,0.1959603562095725,109.57914788412984,109.57914788412984,-0.29573318449888575,-1.0060986831527285,0.8430651638476899,1.5000000000000016,False
GBPUSD,売り,-1,2021-09-16 09:00:00,2021-09-16 13:00:00,1.3782037570146255,2021-09-22 13:00:00,1.3677849755564762,トレイル,trail,25,0.0030543662855507846,1.3827853064429516,1.3677187325711015,0.01041878145814934,2.274073786857678,5.432798644067408,1.0202584412080962,True
USDCHF,売り,-1,2021-09-22 01:00:00,2021-09-22 05:00:00,0.9222236570334298,2021-09-22 13:00:00,0.9253277770401459,初期損切り,initial,3,0.002005184693430583,0.9252314340735757,0.9252314340735757,-0.0031041200067161157,-1.032031285991055,0.30603516745376186,1.5000000000000007,False
EURUSD,売り,-1,2021-09-22 13:00:00,2021-09-22 17:00:00,1.1688836775031446,2021-09-23 01:00:00,1.1720907298697092,初期損切り,initial,3,0.0021204865798062594,1.172064407372854,1.172064407372854,-0.0032070523665646,-1.0082756153252386,0.25167690671890586,1.499999999999957,False
AUDUSD,買い,1,2021-09-23 09:00:00,2021-09-23 13:00:00,0.7304042521179044,2021-09-24 05:00:00,0.7262476947113985,初期損切り,initial,5,0.0027415368590676765,0.7262919468293029,0.7262919468293029,-0.00415655740650589,-1.0107609028996543,0.4507500521134038,1.4999999999999998,False
GBPUSD,買い,1,2021-09-23 05:00:00,2021-09-23 09:00:00,1.3725162429853746,2021-09-24 05:00:00,1.3668142312307094,初期損切り,initial,6,0.003757179179526997,1.366880474216084,1.366880474216084,-0.005702011754665115,-1.0117540282588562,0.6743774767070149,1.5000000000000027,False
USDCHF,買い,1,2021-09-27 01:00:00,2021-09-27 05:00:00,0.9284463429665702,2021-09-27 09:00:00,0.9252203454095077,初期損切り,initial,2,0.002086436393661546,0.925316688376078,0.925316688376078,-0.003225997557062543,-1.030783897642541,0.08323140545156858,1.4999999999999925,False
EURUSD,売り,-1,2021-09-27 01:00:00,2021-09-27 05:00:00,1.1689336775031447,2021-09-28 05:00:00,1.1680863224968554,時間切れ,time,6,0.0019512424316952492,1.1718605411506875,1.1718605411506875,0.0008473550062892965,0.2895095598322997,0.8628745848264537,1.089727479433672,False
USDJPY,買い,1,2021-09-22 13:00:00,2021-09-22 17:00:00,109.77479265018452,2021-09-29 01:00:00,111.2734286300548,トレイル,trail,27,0.20438935988033946,109.46820861036402,111.27522128023932,1.4986359798702722,4.8881735029248565,9.341031015182137,0.09683796747597352,True
AUDUSD,売り,-1,2021-09-28 05:00:00,2021-09-28 09:00:00,0.7239157478820957,2021-09-30 09:00:00,0.7228660366702596,トレイル,trail,13,0.0028808922761776176,0.7282370862963621,0.7228217845523552,0.0010497112118360574,0.24291344745659138,2.3797307309219775,0.8762049656551173,True
GBPUSD,売り,-1,2021-09-28 05:00:00,2021-09-28 09:00:00,1.3545137570146253,2021-09-30 09:00:00,1.3496193293176222,トレイル,trail,13,0.0041665431661237744,1.360763571763811,1.3495530863322476,0.004894427697003101,0.7831316436444512,3.1905962531987107,0.4047103121563324,True
USDCHF,買い,1,2021-09-28 13:00:00,2021-09-28 17:00:00,0.9295263429665702,2021-09-30 09:00:00,0.9324030401588469,トレイル,trail,11,0.0021703084372914423,0.9262708803106331,0.9324993831254171,0.002876697192276678,0.8836523395623321,3.3698698801343068,0.6986762528844156,True
EURUSD,売り,-1,2021-09-29 01:00:00,2021-09-29 05:00:00,1.1663536775031447,2021-10-01 05:00:00,1.1601882608300835,トレイル,trail,13,0.0019459691666141225,1.169272631253066,1.1601619383332282,0.0061654166730611415,2.1122008778753747,5.181827994063131,0.4040775724229759,True
AUDUSD,買い,1,2021-10-01 05:00:00,2021-10-01 09:00:00,0.7257942521179044,2021-10-05 01:00:00,0.72575,建値,breakeven,11,0.002859589759896557,0.7215048674780595,0.7257942521179044,-4.425211790437533e-05,-0.010316658826375644,1.603638377227065,0.3197144327225052,True
EURUSD,買い,1,2021-10-04 01:00:00,2021-10-04 05:00:00,1.1612763224968552,2021-10-05 09:00:00,1.158070191043297,初期損切り,initial,8,0.0021198726378019376,1.1580965135401522,1.1580965135401522,-0.003206131453558303,-1.008278012048463,1.2942652564211286,1.5000000000000444,False
USDCHF,売り,-1,2021-10-04 05:00:00,2021-10-04 09:00:00,0.9248936570334297,2021-10-05 09:00:00,0.9276263429665702,時間切れ,time,6,0.0025082539584421076,0.9286560379710929,0.9286560379710929,-0.0027326859331404663,-0.7263182485816427,0.7390228677566149,1.0510670012886876,False
USDJPY,売り,-1,2021-09-30 21:00:00,2021-10-01 01:00:00,111.17120734981548,2021-10-05 17:00:00,111.56939624525384,初期損切り,initial,17,0.2642641635025581,111.56760359506931,111.56760359506931,-0.39818889543836633,-1.004522369235312,1.3214328616755182,1.5000000000000095,False
GBPUSD,買い,1,2021-10-01 05:00:00,2021-10-01 09:00:00,1.3543162429853746,2021-10-06 01:00:00,1.3583937570146254,トレイル,trail,17,0.004156234592746268,1.348081891096255,1.35846,0.004077514029250828,0.6540397625561002,2.520011029431512,0.27338278434945884,True
AUDUSD,売り,-1,2021-10-06 01:00:00,2021-10-06 05:00:00,0.7231557478820956,2021-10-06 13:00:00,0.7271629818873152,初期損切り,initial,3,0.002641987924876845,0.7271187297694108,0.7271187297694108,-0.004007234005219629,-1.0111663689521277,0.20278210852175346,1.4999999999999947,False
EURUSD,売り,-1,2021-10-06 01:00:00,2021-10-06 05:00:00,1.1551936775031446,2021-10-08 05:00:00,1.158337218812353,初期損切り,initial,13,0.0020781458749021446,1.1583108963154978,1.1583108963154978,-0.003143541309208464,-1.008444224945305,1.0892774807019707,1.4999999999999736,False
USDJPY,買い,1,2021-10-07 21:00:00,2021-10-08 01:00:00,111.92779265018453,2021-10-08 05:00:00,111.60239044339997,初期損切り,initial,2,0.2157397044000213,111.6041830935845,111.6041830935845,-0.32540220678455967,-1.0055395464935029,0.3300614043831034,1.5000000000000049,False
AUDUSD,買い,1,2021-10-07 09:00:00,2021-10-07 13:00:00,0.7313442521179043,2021-10-08 13:00:00,0.7306757478820957,時間切れ,time,6,0.002797239390731112,0.7271483930318077,0.7271483930318077,-0.0006685042358086646,-0.1593247585515466,0.8779183827573034,0.8881085137497174,False
GBPUSD,買い,1,2021-10-08 05:00:00,2021-10-08 09:00:00,1.3641362429853745,2021-10-11 09:00:00,1.3619837570146254,時間切れ,time,6,0.0033545099980643897,1.359104477988278,1.359104477988278,-0.0021524859707491295,-0.4277795111638066,0.9669838565087719,0.9438764490794385,False
EURUSD,買い,1,2021-10-08 13:00:00,2021-10-10 17:00:00,1.1575163224968552,2021-10-11 17:00:00,1.1552536775031448,時間切れ,time,6,0.001929300274641443,1.1546223720848932,1.1546223720848932,-0.0022626449937104276,-0.7818534085303497,0.608343614818027,1.3612823941277545,False
AUDUSD,買い,1,2021-10-11 01:00:00,2021-10-11 05:00:00,0.7343642521179043,2021-10-12 17:00:00,0.73432,建値,breakeven,10,0.0025634281104281254,0.7305191099522622,0.7343642521179043,-4.425211790437533e-05,-0.011508577836155158,1.589959892190983,0.493188052655484,True
USDCHF,買い,1,2021-10-12 09:00:00,2021-10-12 13:00:00,0.9313163429665703,2021-10-13 01:00:00,0.9282465170168165,初期損切り,initial,4,0.0019823219887890138,0.9283428599833867,0.9283428599833867,-0.0030698259497538016,-1.0324007122674477,0.011934001420278903,1.5000000000000209,False
AUDUSD,売り,-1,2021-10-13 05:00:00,2021-10-13 09:00:00,0.7327757478820957,2021-10-13 09:00:00,0.73647167160566,初期損切り,initial,1,0.0024344477371065925,0.7364274194877556,0.7364274194877556,-0.0036959237235643094,-1.0121183180425732,-0.0,1.5000000000000187,False
EURUSD,売り,-1,2021-10-12 05:00:00,2021-10-12 09:00:00,1.1541136775031446,2021-10-13 09:00:00,1.1543163224968553,時間切れ,time,6,0.0018882419797888457,1.156946040472828,1.156946040472828,-0.00020264499371069888,-0.07154626574339087,0.8810721935812005,1.3644027219135622,False
USDCHF,売り,-1,2021-10-13 09:00:00,2021-10-13 13:00:00,0.9251536570334298,2021-10-14 09:00:00,0.923694588451122,トレイル,trail,6,0.0020691227422758494,0.9282573411468436,0.9235982454845517,0.0014590685823078209,0.4701085964263858,2.7517251234536286,0.2833775660526091,True
AUDUSD,買い,1,2021-10-13 17:00:00,2021-10-13 21:00:00,0.7389642521179044,2021-10-17 21:00:00,0.7402957478820956,トレイル,trail,13,0.002485510815751887,0.7352359858942765,0.74034,0.0013314957641912262,0.3571353772305454,2.034088063529997,0.7178613372336904,True
EURUSD,売り,-1,2021-10-17 21:00:00,2021-10-18 01:00:00,1.1578736775031446,2021-10-18 05:00:00,1.1608218377178097,初期損切り,initial,2,0.0019478918118731902,1.1607955152209544,1.1607955152209544,-0.002948160214665041,-1.0090088839276765,0.3509833035784609,1.499999999999976,False
USDJPY,買い,1,2021-10-14 17:00:00,2021-10-14 21:00:00,113.88679265018453,2021-10-19 01:00:00,113.94779708130889,トレイル,trail,14,0.25720513425328995,113.5009849488046,113.94958973149342,0.061004431124359826,0.1581213410363833,2.244151740948708,0.2635742493295973,True
EURUSD,買い,1,2021-10-18 09:00:00,2021-10-18 13:00:00,1.1622163224968554,2021-10-20 01:00:00,1.162632002349584,トレイル,trail,10,0.0021408375767803774,1.1590050661316849,1.1626583248464393,0.0004156798527286121,0.12944461776303345,2.2064623465030477,0.6475608013851436,True
USDCHF,売り,-1,2021-10-18 21:00:00,2021-10-19 01:00:00,0.9211136570334297,2021-10-20 01:00:00,0.9245047118244468,初期損切り,initial,7,0.002196474549631203,0.9244083688578766,0.9244083688578766,-0.0033910547910170896,-1.0292416975152179,1.180827264247253,1.5000000000000207,False
GBPUSD,買い,1,2021-10-13 09:00:00,2021-10-13 13:00:00,1.3642562429853746,2021-10-20 05:00:00,1.3762710389006976,トレイル,trail,29,0.003531359056963945,1.3589592043999288,1.3763372818860722,0.012014795915322951,2.2682100048005442,5.421073503379183,0.307599133323055,True
USDJPY,買い,1,2021-10-19 17:00:00,2021-10-19 21:00:00,114.62579265018452,2021-10-20 05:00:00,114.23969416884749,初期損切り,initial,3,0.2562038874350017,114.24148681903202,114.24148681903202,-0.3860984813370294,-1.0046646447678163,0.0515501538548066,1.5000000000000004,False
AUDUSD,買い,1,2021-10-18 21:00:00,2021-10-19 01:00:00,0.7453642521179044,2021-10-21 01:00:00,0.7500693900951737,トレイル,trail,13,0.002253178893460915,0.741984483777713,0.7501136422130781,0.004705137977269347,1.3921480716050876,4.107861967355215,0.019639859947562108,True
USDJPY,売り,-1,2021-10-21 09:00:00,2021-10-21 13:00:00,113.67720734981548,2021-10-21 17:00:00,114.10026789695156,初期損切り,initial,2,0.28084526463437787,114.09847524676704,114.09847524676704,-0.42306054713608887,-1.0042553686086557,-0.0,1.4999999999999836,False
USDCHF,売り,-1,2021-10-21 05:00:00,2021-10-21 09:00:00,0.9177636570334298,2021-10-22 09:00:00,0.9164563429665702,時間切れ,time,6,0.0020577270339801517,0.9208502475844,0.9208502475844,0.0013073140668595773,0.4235463192384364,0.7258771492838092,0.5862502395358141,False
USDJPY,売り,-1,2021-10-22 09:00:00,2021-10-22 13:00:00,113.46320734981548,2021-10-25 05:00:00,113.8980187894602,初期損切り,initial,5,0.28867919297345773,113.89622613927567,113.89622613927567,-0.4348114396447187,-1.0041398900652023,0.16699281066613916,1.5000000000000187,False
EURUSD,売り,-1,2021-10-25 05:00:00,2021-10-25 09:00:00,1.1594436775031447,2021-10-26 09:00:00,1.1618163224968554,時間切れ,time,6,0.002280284188602682,1.1628641037860488,1.1628641037860488,-0.002372644993710704,-0.6936693843015007,0.027925248731230177,1.3797940241752606,False
GBPUSD,買い,1,2021-10-26 05:00:00,2021-10-26 09:00:00,1.3806262429853746,2021-10-26 09:00:00,1.3762136549785193,初期損切り,initial,1,0.0028975633476537263,1.376279897963894,1.376279897963894,-0.004412588006855289,-1.0152410784342505,0.0,1.5000000000000313,False
USDCHF,買い,1,2021-10-25 17:00:00,2021-10-25 21:00:00,0.9207263429665702,2021-10-26 21:00:00,0.9197536570334297,時間切れ,time,6,0.001937037727458469,0.9178207863753824,0.9178207863753824,-0.0009726859331404825,-0.33476750585087656,0.9827671430682432,1.0306164605216468,False
AUDUSD,買い,1,2021-10-25 21:00:00,2021-10-26 01:00:00,0.7515242521179044,2021-10-27 01:00:00,0.7525557478820957,時間切れ,time,6,0.0022469250333316676,0.7481538645679069,0.7481538645679069,0.0010314957641912592,0.30604663377421504,0.9282676774502399,1.1545788486132778,False
USDJPY,買い,1,2021-10-25 21:00:00,2021-10-26 01:00:00,113.94379265018452,2021-10-27 05:00:00,113.56184584587588,初期損切り,initial,8,0.2534361027494093,113.5636384960604,113.5636384960604,-0.38194680430864025,-1.004715587519112,1.4489149171401672,1.4999999999999984,False
GBPUSD,売り,-1,2021-10-27 01:00:00,2021-10-27 05:00:00,1.3723337570146255,2021-10-28 01:00:00,1.376775710208285,初期損切り,initial,6,0.002917140138856575,1.3767094672229103,1.3767094672229103,-0.004441953193659476,-1.0151387962688183,0.4606419131966123,1.5000000000000013,False
USDCHF,売り,-1,2021-10-27 01:00:00,2021-10-27 05:00:00,0.9180836570334298,2021-10-28 05:00:00,0.9186863429665703,時間切れ,time,6,0.0018457183016228399,0.9208522344858641,0.9208522344858641,-0.000602685933140501,-0.21768794389717797,0.8851063740297659,1.2495639039513466,False
EURUSD,買い,1,2021-10-28 05:00:00,2021-10-28 09:00:00,1.1630163224968553,2021-10-29 05:00:00,1.1642907488427168,トレイル,trail,6,0.002451464330213912,1.1593391260015344,1.164317071339572,0.0012744263458615013,0.346575535869017,2.530600762444432,0.22285557661273686,True
AUDUSD,買い,1,2021-10-28 09:00:00,2021-10-28 13:00:00,0.7546042521179044,2021-10-29 09:00:00,0.7504740933193904,初期損切り,initial,6,0.002723937787073034,0.7505183454372948,0.7505183454372948,-0.004130158798513972,-1.0108304279474682,0.3325141588747108,1.5000000000000169,False
GBPUSD,買い,1,2021-10-28 09:00:00,2021-10-28 13:00:00,1.3792462429853747,2021-10-29 09:00:00,1.3742623491798944,初期損切り,initial,6,0.003278433880070413,1.374328592165269,1.374328592165269,-0.004983893805480255,-1.0134704532301895,0.36107393283769373,1.500000000000008,False
USDCHF,売り,-1,2021-10-28 09:00:00,2021-10-28 13:00:00,0.9121636570334297,2021-10-29 09:00:00,0.9156571464284077,初期損切り,initial,6,0.0022647642856051145,0.9155608034618374,0.9155608034618374,-0.0034934893949779555,-1.0283599687563194,0.8405541563550092,1.5000000000000195,False
EURUSD,売り,-1,2021-10-29 09:00:00,2021-10-29 13:00:00,1.1538236775031447,2021-11-01 09:00:00,1.158594005296456,初期損切り,initial,6,0.0031626701976372944,1.1585676827996008,1.1585676827996008,-0.004770327793311324,-1.0055485808321183,0.004324669437539119,1.5000000000000255,False
USDCHF,売り,-1,2021-11-01 13:00:00,2021-11-01 17:00:00,0.9090236570334298,2021-11-02 05:00:00,0.9125960563429225,初期損切り,initial,4,0.002317370895281637,0.9124997133763523,0.9124997133763523,-0.003572399309492713,-1.0277161694362118,0.07925232590249556,1.5000000000000078,False
GBPUSD,売り,-1,2021-11-02 01:00:00,2021-11-02 05:00:00,1.3632537570146255,2021-11-03 05:00:00,1.3621262429853747,時間切れ,time,6,0.0032154663458320476,1.3680769565333735,1.3680769565333735,0.0011275140292508201,0.23376889653187766,0.8284201195507231,0.981581719698485,False
AUDUSD,売り,-1,2021-11-02 01:00:00,2021-11-02 05:00:00,0.7462457478820956,2021-11-03 17:00:00,0.74629,建値,breakeven,10,0.002571529135723953,0.7501030415856815,0.7462457478820956,-4.425211790437533e-05,-0.011472322645080512,1.9543810771098902,0.5188555320524345,True
USDJPY,買い,1,2021-11-03 09:00:00,2021-11-03 13:00:00,114.07079265018453,2021-11-04 09:00:00,113.71384775309788,初期損切り,initial,6,0.2367681646014125,113.7156404032824,113.7156404032824,-0.3569448970866489,-1.0050475541128259,0.8709251523008239,1.5000000000000147,False
EURUSD,売り,-1,2021-11-04 01:00:00,2021-11-04 05:00:00,1.1552636775031446,2021-11-05 09:00:00,1.15529,建値,breakeven,8,0.002369339121787244,1.1588176861858255,1.1552636775031446,-2.632249685530219e-05,-0.007406424464738943,1.6602424984133983,0.8636680490515217,True
GBPUSD,売り,-1,2021-11-04 05:00:00,2021-11-04 09:00:00,1.3544537570146253,2021-11-05 09:00:00,1.3501963792156466,トレイル,trail,7,0.003840068115136096,1.3602138591873294,1.350130136230272,0.004257377798978723,0.7391149794448958,3.1259229406142945,0.48859627723249455,True
USDCHF,買い,1,2021-11-05 05:00:00,2021-11-05 09:00:00,0.9170763429665703,2021-11-05 09:00:00,0.9139701606920337,初期損切り,initial,1,0.002006559538644148,0.914066503658604,0.914066503658604,-0.0031061822745365175,-1.0320093389422158,0.0,1.5000000000000278,False
GBPUSD,買い,1,2021-11-08 05:00:00,2021-11-08 09:00:00,1.3542462429853745,2021-11-09 09:00:00,1.35418,建値,breakeven,7,0.004058883612894515,1.3481579175660328,1.3542462429853745,-6.624298537460938e-05,-0.010880329287945833,1.5974237334688393,0.2848672432245704,True
USDCHF,売り,-1,2021-11-09 09:00:00,2021-11-09 13:00:00,0.9110236570334298,2021-11-10 05:00:00,0.9143425805304152,初期損切り,initial,5,0.002148387020276727,0.9142462375638449,0.9142462375638449,-0.003318923496985371,-1.029896216917152,0.38803857292079796,1.5000000000000189,False
USDJPY,売り,-1,2021-11-05 09:00:00,2021-11-05 13:00:00,113.37220734981547,2021-11-10 05:00:00,113.26976014110603,トレイル,trail,17,0.26998374546075254,113.7771829680066,113.2679674909215,0.10244720870943524,0.2529713002650079,2.3860967952573366,1.0881864376062478,True
AUDUSD,売り,-1,2021-11-04 09:00:00,2021-11-04 13:00:00,0.7396557478820956,2021-11-10 09:00:00,0.7391316563235647,トレイル,trail,24,0.0024987021028301374,0.7434038010363408,0.7390874042056603,0.000524091558530948,0.1398303431042165,2.2274555561431764,1.4104330860059642,True
USDJPY,買い,1,2021-11-10 17:00:00,2021-11-10 21:00:00,114.06779265018453,2021-11-11 21:00:00,114.28020734981547,時間切れ,time,6,0.27440867848068123,113.6561796324635,113.6561796324635,0.21241469963094062,0.5160543775000539,0.8498541340116212,0.9430920757222008,False
AUDUSD,売り,-1,2021-11-11 17:00:00,2021-11-11 21:00:00,0.7279957478820956,2021-11-12 09:00:00,0.7318473103393495,初期損切り,initial,4,0.0025382068928996027,0.7318030582214451,0.7318030582214451,-0.003851562457253821,-1.011622934292238,0.14015716492255348,1.5000000000000164,False
GBPUSD,売り,-1,2021-11-10 05:00:00,2021-11-10 09:00:00,1.3505837570146253,2021-11-14 17:00:00,1.3429656289785807,トレイル,trail,15,0.0037896929966030704,1.3562682965095298,1.3428993859932061,0.007618128036044558,1.340148668660521,4.027702779171573,0.8697915605114441,True
USDCHF,買い,1,2021-11-10 09:00:00,2021-11-10 13:00:00,0.9169063429665703,2021-11-14 17:00:00,0.9189873212844659,トレイル,trail,14,0.0023581678744818836,0.9133690911548474,0.9190836642510362,0.0020809783178956653,0.5883036969545351,2.9233105530895744,0.15959125329573265,True
USDJPY,売り,-1,2021-11-14 17:00:00,2021-11-14 21:00:00,113.78220734981548,2021-11-15 13:00:00,114.1485944208911,初期損切り,initial,5,0.2430629472607279,114.14680177070657,114.14680177070657,-0.3663870710756214,-1.004916833834561,0.025538034017272983,1.5000000000000118,False
GBPUSD,買い,1,2021-11-16 01:00:00,2021-11-16 05:00:00,1.3466362429853747,2021-11-16 09:00:00,1.3414635656856706,初期損切り,initial,2,0.003404289542886362,1.3415298086710452,1.3415298086710452,-0.005172677299704054,-1.0129724542208682,0.0,1.499999999999971,False
EURUSD,売り,-1,2021-11-10 05:00:00,2021-11-10 09:00:00,1.1553036775031447,2021-11-17 01:00:00,1.1312033653198121,トレイル,trail,29,0.0023985214114784765,1.1589014596203624,1.1311770428229568,0.02410031218333253,6.6986580615865945,12.058961560537346,0.8906831044457946,True
USDCHF,買い,1,2021-11-15 13:00:00,2021-11-15 17:00:00,0.9252063429665702,2021-11-17 09:00:00,0.9285400136707241,トレイル,trail,11,0.0021718216813528075,0.921948610444541,0.9286363566372944,0.0033336707041539126,1.023310134153494,3.5793256417753714,0.6751672935030517,True
USDJPY,買い,1,2021-11-16 05:00:00,2021-11-16 09:00:00,114.42779265018453,2021-11-17 09:00:00,114.53819396546875,トレイル,trail,7,0.21500669217336352,114.10528261192448,114.53998661565328,0.11040131528422137,0.34231900464196696,2.5218161552770613,0.0688008825911537,True
AUDUSD,売り,-1,2021-11-17 17:00:00,2021-11-17 21:00:00,0.7256557478820956,2021-11-18 01:00:00,0.7289863303847676,初期損切り,initial,2,0.00219088692317835,0.7289420782668632,0.7289420782668632,-0.0033305825026719305,-1.013465510987428,0.025445348870282828,1.5000000000000138,False
GBPUSD,買い,1,2021-11-17 09:00:00,2021-11-17 13:00:00,1.3491562429853745,2021-11-18 13:00:00,1.3497337570146255,時間切れ,time,6,0.00370963608245614,1.3435917888616904,1.3435917888616904,0.0005775140292509917,0.10378628638394115,0.5832801295142,0.7456912009393147,False
EURUSD,買い,1,2021-11-18 05:00:00,2021-11-18 09:00:00,1.1335063224968553,2021-11-19 01:00:00,1.13348,建値,breakeven,5,0.002542044343545135,1.1296932559815376,1.1335063224968553,-2.632249685530219e-05,-0.006903235689584874,1.5789171866086595,0.32112834653266803,True
USDJPY,売り,-1,2021-11-19 05:00:00,2021-11-19 09:00:00,113.81420734981548,2021-11-22 01:00:00,114.23543439597515,初期損切り,initial,5,0.2796229306500997,114.23364174579062,114.23364174579062,-0.42122704615967166,-1.0042739703794543,0.49068704593172535,1.4999999999999838,False
AUDUSD,売り,-1,2021-11-19 01:00:00,2021-11-19 05:00:00,0.7242757478820956,2021-11-22 05:00:00,0.7255842521179043,時間切れ,time,6,0.0022999391722239118,0.7277256566404314,0.7277256566404314,-0.0013085042358087495,-0.3792866210293436,0.702517658557588,0.9844834790630443,False
GBPUSD,売り,-1,2021-11-19 01:00:00,2021-11-19 05:00:00,1.3432737570146254,2021-11-22 05:00:00,1.3429462429853747,時間切れ,time,6,0.0033587340437357224,1.348311858080229,1.348311858080229,0.0003275140292506862,0.0650074353384272,0.7514012665969331,1.2582844995592295,False
EURUSD,売り,-1,2021-11-22 09:00:00,2021-11-22 13:00:00,1.1248036775031447,2021-11-23 13:00:00,1.1254463224968554,時間切れ,time,6,0.0029137088860350354,1.1291742408321972,1.1291742408321972,-0.0006426449937106948,-0.14703939637227653,0.7528814953541001,0.9288239157406256,False
AUDUSD,売り,-1,2021-11-22 13:00:00,2021-11-22 17:00:00,0.7225657478820956,2021-11-23 17:00:00,0.7227842521179044,時間切れ,time,6,0.0022108660080272682,0.7258820468941365,0.7258820468941365,-0.00021850423580882516,-0.06588797783778678,0.8438991215756122,0.4949427572414305,False
USDCHF,買い,1,2021-11-22 21:00:00,2021-11-23 01:00:00,0.9331063429665702,2021-11-24 01:00:00,0.9335036570334297,時間切れ,time,6,0.002234076558649433,0.9297552281285961,0.9297552281285961,0.0003973140668594999,0.11856175812216817,0.6327701832583438,1.3277714029475889,False
EURUSD,売り,-1,2021-11-24 01:00:00,2021-11-24 05:00:00,1.1207736775031447,2021-11-25 05:00:00,1.1223363224968552,時間切れ,time,6,0.0026748566337672455,1.1247859624537955,1.1247859624537955,-0.0015626449937105047,-0.3894651085180314,0.808894755640532,0.6977280476624473,False
USDJPY,買い,1,2021-11-22 09:00:00,2021-11-22 13:00:00,114.83179265018452,2021-11-25 17:00:00,114.94670596506903,トレイル,trail,20,0.28525069237322503,114.40391661162468,114.94849861525356,0.11491331488450385,0.2685668383564635,2.409134730219449,1.2122412300127987,True
AUDUSD,売り,-1,2021-11-25 17:00:00,2021-11-25 21:00:00,0.7155957478820957,2021-11-26 05:00:00,0.7153879618974619,トレイル,trail,3,0.002051854889778764,0.7186735302167638,0.7153437097795575,0.00020778598463377929,0.06751159180208345,2.122834272439871,0.0605559966853901,True
GBPUSD,売り,-1,2021-11-22 09:00:00,2021-11-22 13:00:00,1.3393337570146253,2021-11-26 05:00:00,1.3345514613725935,トレイル,trail,23,0.0033176091936094054,1.3443101708050393,1.334485218387219,0.004782295642031809,0.9609923618578056,3.4614556279703166,0.4992278742670935,True
USDJPY,売り,-1,2021-11-25 21:00:00,2021-11-26 01:00:00,114.65320734981547,2021-11-26 05:00:00,114.16857210855828,トレイル,trail,2,0.25588972918687664,115.0370419435958,114.16677945837375,0.4846352412571946,1.2626148062479543,3.9009277667666025,0.03826902398794857,True
EURUSD,買い,1,2021-11-26 01:00:00,2021-11-26 05:00:00,1.1264963224968554,2021-11-28 17:00:00,1.1283671164989213,トレイル,trail,4,0.00236328050211167,1.122951401743688,1.1283934389957766,0.001870794002065912,0.527739301476428,2.802747070111247,0.281948120953012,True
USDCHF,売り,-1,2021-11-25 21:00:00,2021-11-26 01:00:00,0.9318236570334297,2021-11-28 17:00:00,0.9258269827036698,トレイル,trail,5,0.002035319868549763,0.9348766368362543,0.9257306397370996,0.005996674329759921,1.964203734401303,4.993641142348626,0.20947221768835605,True
AUDUSD,売り,-1,2021-11-29 21:00:00,2021-11-30 01:00:00,0.7102757478820956,2021-11-30 05:00:00,0.7141654593483846,初期損切り,initial,2,0.0025636395655897542,0.7141212072304802,0.7141212072304802,-0.0038897114662890253,-1.0115076285809608,0.40401462670409566,1.5000000000000073,False
EURUSD,買い,1,2021-11-30 01:00:00,2021-11-30 05:00:00,1.1363763224968553,2021-11-30 09:00:00,1.1322204858604694,初期損切り,initial,2,0.00275300942635363,1.1322468083573247,1.1322468083573247,-0.004155836636385857,-1.0063742357977261,0.3282507842124315,1.5000000000000397,False
GBPUSD,買い,1,2021-11-30 01:00:00,2021-11-30 05:00:00,1.3363962429853746,2021-11-30 09:00:00,1.3316262482349925,初期損切り,initial,2,0.0031358345100049702,1.3316924912203671,1.3316924912203671,-0.004769994750382089,-1.0140830104741994,0.22123521264014756,1.500000000000008,False
USDCHF,売り,-1,2021-11-29 21:00:00,2021-11-30 01:00:00,0.9210536570334298,2021-11-30 09:00:00,0.92115,建値,breakeven,3,0.0023910595764055796,0.9246402463980381,0.9210536570334298,-9.634296657023977e-05,-0.026862000852656786,1.7706196345781429,0.40414842695925024,True
USDJPY,売り,-1,2021-11-30 01:00:00,2021-11-30 05:00:00,112.84820734981547,2021-11-30 09:00:00,113.49282146029303,初期損切り,initial,2,0.42854764019535924,113.4910288101085,113.4910288101085,-0.644614110477562,-1.0027887217450797,0.3528367341995746,1.4999999999999918,False
AUDUSD,買い,1,2021-11-30 21:00:00,2021-12-01 01:00:00,0.7168042521179043,2021-12-01 13:00:00,0.7119105585773257,初期損切り,initial,4,0.0032329609484495142,0.71195481069523,0.71195481069523,-0.00489369354057867,-1.009125198976008,0.15643488744836995,1.500000000000007,False
USDJPY,買い,1,2021-12-03 05:00:00,2021-12-03 09:00:00,113.41979265018453,2021-12-03 09:00:00,112.86741315449115,初期損切り,initial,1,0.3670578970059085,112.86920580467567,112.86920580467567,-0.552379495693387,-1.0032558899638575,0.0,1.4999999999999931,False
USDCHF,売り,-1,2021-12-03 13:00:00,2021-12-05 17:00:00,0.9181636570334297,2021-12-06 01:00:00,0.9220793176064274,初期損切り,initial,3,0.0025462117376182937,0.9219829746398571,0.9219829746398571,-0.003915660572997637,-1.025225178028678,0.24493525978835798,1.499999999999983,False
AUDUSD,売り,-1,2021-12-03 01:00:00,2021-12-03 05:00:00,0.7052557478820957,2021-12-06 09:00:00,0.7051196359191482,トレイル,trail,8,0.0028976919006219013,0.7096022857330285,0.7050753838012438,0.00013611196294749384,0.03131502994234401,2.0622440504503388,1.3128559723992375,True
GBPUSD,売り,-1,2021-12-03 09:00:00,2021-12-03 13:00:00,1.3236237570146254,2021-12-06 13:00:00,1.3254862429853747,時間切れ,time,6,0.0038668920726626257,1.3294240951236194,1.3294240951236194,-0.001862485970749228,-0.32109955243148297,0.38629395042743986,1.29464254271969,False
EURUSD,売り,-1,2021-12-02 09:00:00,2021-12-02 13:00:00,1.1302136775031446,2021-12-07 21:00:00,1.1293330004147295,トレイル,trail,21,0.0032783389589371445,1.1351311859415503,1.1293066779178742,0.000880677088415105,0.17909010212102966,2.2766643707777123,0.965831336086731,True
USDJPY,買い,1,2021-12-06 21:00:00,2021-12-07 01:00:00,113.72879265018453,2021-12-08 01:00:00,113.49920734981548,時間切れ,time,6,0.32269002332489144,113.24475761519719,113.24475761519719,-0.22958530036905245,-0.4743154601919645,0.15559002815812484,1.1428697001060444,False
USDJPY,買い,1,2021-12-08 05:00:00,2021-12-08 09:00:00,113.87579265018452,2021-12-09 01:00:00,113.40475615644591,初期損切り,initial,5,0.31282922903605076,113.40654880663044,113.40654880663044,-0.4710364937386089,-1.0038202955865232,0.253196768280078,1.5000000000000195,False
AUDUSD,買い,1,2021-12-08 09:00:00,2021-12-08 13:00:00,0.7178242521179043,2021-12-09 05:00:00,0.7136706043961776,初期損切り,initial,5,0.002739597069214965,0.713714856514082,0.713714856514082,-0.004153647721726772,-1.0107685222282232,0.32696336704446627,1.4999999999999816,False
USDCHF,売り,-1,2021-12-08 05:00:00,2021-12-08 09:00:00,0.9224836570334297,2021-12-09 09:00:00,0.9260299162217427,初期損切り,initial,7,0.00229994414782849,0.9259335732551724,0.9259335732551724,-0.0035462591883129724,-1.0279261757033538,1.27988196418116,1.4999999999999991,False
GBPUSD,売り,-1,2021-12-08 13:00:00,2021-12-08 17:00:00,1.3200737570146255,2021-12-09 17:00:00,1.3220762429853745,時間切れ,time,6,0.0037865247970464097,1.325753544210195,1.325753544210195,-0.002002485970749035,-0.3525635559569956,0.7747888028922756,0.609065860911187,False
EURUSD,買い,1,2021-12-08 05:00:00,2021-12-08 09:00:00,1.1316463224968554,2021-12-10 05:00:00,1.1274203095636566,初期損切り,initial,12,0.0027997936242289477,1.1274466320605119,1.1274466320605119,-0.004226012933198797,-1.006267723122539,1.3728431516816786,1.5000000000000262,False
GBPUSD,買い,1,2021-12-10 09:00:00,2021-12-10 13:00:00,1.3268962429853746,2021-12-13 09:00:00,1.3215418370402108,初期損切り,initial,6,0.0035254419731928217,1.3216080800255854,1.3216080800255854,-0.005354405945163787,-1.012526653561598,0.21664149358663287,1.4999999999999845,False
EURUSD,買い,1,2021-12-14 05:00:00,2021-12-14 09:00:00,1.1308963224968553,2021-12-14 09:00:00,1.1271866931900985,初期損切り,initial,1,0.0024555378732676663,1.1272130156869538,1.1272130156869538,-0.0037096293067568897,-1.007146430697717,0.0,1.5000000000000357,False
USDCHF,売り,-1,2021-12-14 01:00:00,2021-12-14 05:00:00,0.9205036570334297,2021-12-14 09:00:00,0.9238242618158367,初期損切り,initial,2,0.0021495078772244282,0.9237279188492664,0.9237279188492664,-0.003320604782406922,-1.0298806275895682,0.7646666713090213,1.5000000000000184,False
GBPUSD,買い,1,2021-12-15 01:00:00,2021-12-15 05:00:00,1.3261162429853746,2021-12-15 09:00:00,1.321782711704081,初期損切り,initial,2,0.002844858863945892,1.3218489546894556,1.3218489546894556,-0.004333531281293546,-1.0155234380198923,0.24034830806229543,1.5000000000000346,False
AUDUSD,売り,-1,2021-12-13 09:00:00,2021-12-13 13:00:00,0.7121757478820956,2021-12-15 13:00:00,0.7156505458861845,初期損切り,initial,13,0.0022870305907896913,0.7156062937682801,0.7156062937682801,-0.003474798004088897,-1.012899439148321,1.397334996289696,1.4999999999999933,False
EURUSD,売り,-1,2021-12-14 13:00:00,2021-12-14 17:00:00,1.1259036775031448,2021-12-15 13:00:00,1.1297386676064969,初期損切り,initial,6,0.00253911173766446,1.1297123451096416,1.1297123451096416,-0.0038349901033520872,-1.0069112087414762,0.4346707105375221,1.5000000000000373,False
USDCHF,買い,1,2021-12-15 09:00:00,2021-12-15 13:00:00,0.9267363429665703,2021-12-15 17:00:00,0.9235974179008886,初期損切り,initial,2,0.002028388066074307,0.9236937608674588,0.9236937608674588,-0.003138925065681697,-1.031664869979473,1.3378391831508285,1.4999999999999984,False
EURUSD,買い,1,2021-12-16 05:00:00,2021-12-16 09:00:00,1.1359463224968553,2021-12-16 09:00:00,1.131576982850874,初期損切り,initial,1,0.0028953447660840298,1.1316033053477292,1.1316033053477292,-0.004369339645981407,-1.006060877945338,0.0,1.5000000000000209,False
USDJPY,買い,1,2021-12-14 17:00:00,2021-12-14 21:00:00,113.73179265018453,2021-12-16 09:00:00,113.83741558814383,トレイル,trail,10,0.21389588083582387,113.4109488289308,113.83920823832835,0.10562293795929634,0.3292035905399768,2.5021863334818706,0.4712229603986343,True
GBPUSD,買い,1,2021-12-16 01:00:00,2021-12-16 05:00:00,1.3292862429853747,2021-12-16 13:00:00,1.3305358978269612,トレイル,trail,3,0.0034489295938320646,1.3241128485946265,1.3306021408123359,0.0012496548415865671,0.24155414167174316,2.3815380369939723,0.9847237796469888,True
AUDUSD,買い,1,2021-12-16 01:00:00,2021-12-16 05:00:00,0.7201842521179044,2021-12-16 21:00:00,0.7158279265809367,初期損切り,initial,5,0.0028747156127088636,0.7158721786988411,0.7158721786988411,-0.004356325536967631,-1.0102623758001663,0.7638139482001062,1.4999999999999862,False
USDCHF,売り,-1,2021-12-16 21:00:00,2021-12-17 01:00:00,0.9180036570334298,2021-12-17 09:00:00,0.9216118276992334,初期損切り,initial,3,0.0023412184661556054,0.9215154847326632,0.9215154847326632,-0.003608170665803656,-1.0274338534863994,0.22366859009518045,1.5000000000000036,False
USDJPY,売り,-1,2021-12-16 21:00:00,2021-12-17 01:00:00,113.57620734981548,2021-12-17 09:00:00,113.578,建値,breakeven,3,0.22352824946827904,113.9114997240179,113.57620734981548,-0.0017926501845266785,-0.005346528350938402,1.9425166655595307,0.5493383967199517,True
USDCHF,売り,-1,2021-12-22 17:00:00,2021-12-22 21:00:00,0.9189736570334298,2021-12-23 21:00:00,0.9176663429665702,時間切れ,time,6,0.0021091759483560586,0.9221374209559638,0.9221374209559638,0.0013073140668595773,0.41321479695376717,0.7698063476853751,1.406399010420257,False
AUDUSD,買い,1,2021-12-21 05:00:00,2021-12-21 09:00:00,0.7128442521179044,2021-12-27 01:00:00,0.720550212601347,トレイル,trail,23,0.002272767640374321,0.7094351006573428,0.7205944647192514,0.007705960483442631,2.260374926895584,5.41003297638933,0.32746511551961033,True
AUDUSD,買い,1,2021-12-28 05:00:00,2021-12-28 09:00:00,0.7255442521179044,2021-12-28 09:00:00,0.7227148639408283,初期損切り,initial,1,0.001856757372781187,0.7227591160587327,0.7227591160587327,-0.0028293881770761198,-1.0158886736461623,0.0,1.4999999999999805,False
USDCHF,売り,-1,2021-12-28 01:00:00,2021-12-28 05:00:00,0.9163136570334297,2021-12-28 09:00:00,0.9190505891457532,初期損切り,initial,2,0.0017603927638354892,0.918954246179183,0.918954246179183,-0.002736932112323509,-1.0364854058137822,0.1952161134092638,1.5000000000000202,False
GBPUSD,買い,1,2021-12-22 09:00:00,2021-12-22 13:00:00,1.3357062429853745,2021-12-29 01:00:00,1.3414537570146254,トレイル,trail,28,0.0033719906977617152,1.330648256938732,1.34152,0.005747514029250889,1.1363246114658652,3.0972081333314008,0.4229676512219797,True
USDCHF,買い,1,2021-12-29 01:00:00,2021-12-29 05:00:00,0.9193263429665702,2021-12-29 05:00:00,0.9167318710018753,初期損切り,initial,1,0.0016654193320831546,0.9168282139684455,0.9168282139684455,-0.0025944719646949777,-1.038566049488464,0.0,1.5000000000000036,False
USDJPY,買い,1,2021-12-21 05:00:00,2021-12-21 09:00:00,113.76779265018453,2021-12-29 09:00:00,114.70720734981548,トレイル,trail,37,0.21383232006144318,113.44704417009237,114.709,0.9394146996309445,2.928820424530181,5.9355262546409095,0.008383438874027899,True
EURUSD,買い,1,2021-12-22 05:00:00,2021-12-22 09:00:00,1.1312063224968554,2021-12-30 01:00:00,1.1316923692206575,トレイル,trail,35,0.00259065414124359,1.12732034128499,1.1317186917175128,0.0004860467238021471,0.1250769618540771,2.197776002786506,1.4731115343028913,True
USDCHF,売り,-1,2021-12-29 09:00:00,2021-12-29 13:00:00,0.9149836570334298,2021-12-30 01:00:00,0.9180807336769545,初期損切り,initial,4,0.002000489117969658,0.9179843907103843,0.9179843907103843,-0.0030970766435247654,-1.0321064702643183,0.5266997075690795,1.500000000000019,False
AUDUSD,買い,1,2021-12-29 17:00:00,2021-12-29 21:00:00,0.7267242521179044,2021-12-30 21:00:00,0.7255157478820956,時間切れ,time,6,0.002053207604899897,0.7236444407105546,0.7236444407105546,-0.0012085042358087605,-0.39239553205261657,0.39730414018964627,1.1514919934361103,False
AUDUSD,買い,1,2021-12-31 09:00:00,2021-12-31 13:00:00,0.7277842521179044,2022-01-02 21:00:00,0.7246726883150004,初期損切り,initial,3,0.0020448744566664077,0.7247169404329048,0.7247169404329048,-0.003111563802904005,-1.0144270039855434,0.0,1.5000000000000089,False
EURUSD,買い,1,2021-12-31 09:00:00,2021-12-31 13:00:00,1.1386563224968553,2022-01-02 21:00:00,1.1344901409223949,初期損切り,initial,3,0.0027599060517367055,1.1345164634192502,1.1345164634192502,-0.00416618157446047,-1.0063583074597406,0.0,1.5000000000000397,False
GBPUSD,買い,1,2021-12-29 09:00:00,2021-12-29 13:00:00,1.3483162429853746,2022-01-03 05:00:00,1.3493755804020613,トレイル,trail,17,0.0027840883062820246,1.3441401105259516,1.349441823387436,0.0010593374166867342,0.2536647069937742,2.404290481563274,1.0223249668310963,True
USDJPY,買い,1,2022-01-02 17:00:00,2022-01-02 21:00:00,115.21679265018453,2022-01-03 05:00:00,115.00393507391121,初期損切り,initial,3,0.14070995072586587,115.00572772409573,115.00572772409573,-0.21285757627332202,-1.0084933589760388,1.0319621964644188,1.4999999999999754,False
USDCHF,売り,-1,2021-12-31 01:00:00,2021-12-31 05:00:00,0.9125136570334298,2022-01-03 09:00:00,0.9156224321718969,初期損切り,initial,8,0.0020082881145978815,0.9155260892053266,0.9155260892053266,-0.003108775138467079,-1.0319817878288007,1.137116241853109,1.5000000000000084,False
AUDUSD,売り,-1,2022-01-03 05:00:00,2022-01-03 09:00:00,0.7222557478820957,2022-01-04 09:00:00,0.7223,建値,breakeven,7,0.0021496775927423114,0.7254802642712092,0.7222557478820957,-4.425211790437533e-05,-0.01372364490184582,1.7796844954853046,0.020585467352768734,True
EURUSD,売り,-1,2022-01-03 09:00:00,2022-01-03 13:00:00,1.1283636775031447,2022-01-04 13:00:00,1.1294063224968554,時間切れ,time,6,0.0029270474860173578,1.1327542487321707,1.1327542487321707,-0.0010426449937106508,-0.2374736541837043,0.39072734849980806,1.3311442726734897,False
AUDUSD,買い,1,2022-01-05 05:00:00,2022-01-05 09:00:00,0.7258242521179044,2022-01-05 13:00:00,0.7225309068268833,初期損切り,initial,2,0.0021660621154111345,0.7225751589447876,0.7225751589447876,-0.003293345291021099,-1.0136198365348656,0.6443711249853508,1.5000000000000102,False
GBPUSD,買い,1,2022-01-05 09:00:00,2022-01-05 13:00:00,1.3589662429853746,2022-01-05 17:00:00,1.3543608166270227,初期損切り,initial,2,0.0030261222486515707,1.3544270596123973,1.3544270596123973,-0.004605426358351927,-1.0145935909461004,0.2887381747431633,1.4999999999999873,False
EURUSD,買い,1,2022-01-05 05:00:00,2022-01-05 09:00:00,1.1324063224968552,2022-01-06 01:00:00,1.1286641838043394,初期損切り,initial,5,0.002477210797107075,1.1286905063011947,1.1286905063011947,-0.0037421386925158284,-1.0070839071335003,0.9057273227473792,1.4999999999999651,False
AUDUSD,売り,-1,2022-01-05 21:00:00,2022-01-06 01:00:00,0.7173657478820956,2022-01-07 09:00:00,0.71741,建値,breakeven,9,0.002452661393124156,0.7210447399717819,0.7173657478820956,-4.425211790437533e-05,-0.01202832646159601,1.7800043227877609,0.2993695419851929,True
EURUSD,買い,1,2022-01-07 09:00:00,2022-01-07 13:00:00,1.1357063224968553,2022-01-10 05:00:00,1.1318325030401464,初期損切り,initial,5,0.002564997973235829,1.1318588255370017,1.1318588255370017,-0.003873819456708949,-1.006841460079076,0.305527533090422,1.4999999999999623,False
GBPUSD,買い,1,2022-01-07 09:00:00,2022-01-07 13:00:00,1.3580362429853745,2022-01-10 09:00:00,1.3533026614073698,初期損切り,initial,6,0.0031115590617533722,1.3533689043927444,1.3533689043927444,-0.004733581578004742,-1.0141928818876103,0.7403867221878868,1.5000000000000238,False
GBPUSD,買い,1,2022-01-11 01:00:00,2022-01-11 05:00:00,1.3610262429853746,2022-01-11 05:00:00,1.3565948404799804,初期損切り,initial,1,0.0029101063466797556,1.356661083465355,1.356661083465355,-0.0044314025053942,-1.015175387078241,0.0,1.4999999999999851,False
USDJPY,売り,-1,2022-01-07 09:00:00,2022-01-07 13:00:00,115.62320734981547,2022-01-11 05:00:00,115.49549837973888,トレイル,trail,11,0.22435286477717378,115.95973664698123,115.49370572955435,0.12770897007659698,0.3794884164682183,2.5772229402541593,1.0153320324693351,True
USDCHF,買い,1,2022-01-06 09:00:00,2022-01-06 13:00:00,0.9205663429665703,2022-01-11 13:00:00,0.9232019704564877,トレイル,trail,19,0.002260843288471056,0.9171750780338637,0.9232983134230579,0.0026356274899174137,0.7771812412821159,3.208385592411038,1.0555101181666025,True
AUDUSD,買い,1,2022-01-11 13:00:00,2022-01-11 17:00:00,0.7212242521179044,2022-01-14 05:00:00,0.7263823802507496,トレイル,trail,16,0.0024916838156730002,0.7174867263943949,0.726426632368654,0.005158128132845219,1.3800916741254656,4.087897436274205,0.48330856039178405,True
EURUSD,買い,1,2022-01-11 13:00:00,2022-01-11 17:00:00,1.1369663224968554,2022-01-14 09:00:00,1.1431336064522943,トレイル,trail,17,0.002565035525425221,1.1331187692087175,1.1431599289491496,0.0061672839554389736,1.602910601512127,4.4146279421480825,0.575556354764527,True
USDCHF,売り,-1,2022-01-12 09:00:00,2022-01-12 13:00:00,0.9132236570334298,2022-01-14 09:00:00,0.91332,建値,breakeven,12,0.0025111483282962434,0.9169903795258741,0.9132236570334298,-9.634296657023977e-05,-0.025577399652746725,1.6062997904096215,0.6436668628279945,True
USDJPY,売り,-1,2022-01-12 09:00:00,2022-01-12 13:00:00,114.52220734981547,2022-01-14 09:00:00,114.02946965572242,トレイル,trail,12,0.2718385027689499,114.9299651039689,114.0276770055379,0.49273769409305146,1.2084079065916467,3.819206401007541,0.6687523964882731,True
USDCHF,買い,1,2022-01-16 17:00:00,2022-01-16 21:00:00,0.9156263429665702,2022-01-17 01:00:00,0.9122422819255457,初期損切り,initial,2,0.002191812049636144,0.9123386248921159,0.9123386248921159,-0.003384061041024511,-1.0293039014868353,0.0,1.500000000000025,False
AUDUSD,売り,-1,2022-01-17 21:00:00,2022-01-18 01:00:00,0.7191157478820956,2022-01-19 01:00:00,0.7190442521179043,時間切れ,time,6,0.0025364360258025892,0.7229204019207995,0.7229204019207995,7.149576419129833e-05,0.018791659757756714,0.8341420247042115,0.5378618281818013,False
GBPUSD,売り,-1,2022-01-14 05:00:00,2022-01-14 09:00:00,1.3699937570146254,2022-01-19 05:00:00,1.3632017185644016,トレイル,trail,18,0.002927737789513492,1.3743853636988956,1.363135475579027,0.006792038450223803,1.5465953439207978,4.342519012516512,0.1660814664195984,True
USDCHF,買い,1,2022-01-18 09:00:00,2022-01-18 13:00:00,0.9174863429665703,2022-01-19 13:00:00,0.9156436570334298,時間切れ,time,6,0.002176074946715588,0.9142222305464969,0.9142222305464969,-0.0018426859331405199,-0.5645289426333833,0.21307034214495965,1.3769484231656264,False
EURUSD,売り,-1,2022-01-18 05:00:00,2022-01-18 09:00:00,1.1377936775031448,2022-01-19 17:00:00,1.136484938604091,トレイル,trail,9,0.0024843080536177944,1.1415201395835715,1.1364586161072356,0.0013087388990538074,0.35120145349874393,2.5373976846248443,0.030721832883824688,True
AUDUSD,買い,1,2022-01-19 09:00:00,2022-01-19 13:00:00,0.7230442521179044,2022-01-20 13:00:00,0.723,建値,breakeven,7,0.0023548509606316674,0.7195119756769569,0.7230442521179044,-4.425211790437533e-05,-0.012527931673576801,1.968595023462608,0.9615267189975412,True
EURUSD,売り,-1,2022-01-20 13:00:00,2022-01-20 17:00:00,1.1312136775031447,2022-01-21 05:00:00,1.1348332388165394,初期損切り,initial,4,0.0023954925443595405,1.1348069163196841,1.1348069163196841,-0.0036195613133946924,-1.0073255628694153,0.4649054349039395,1.5000000000000333,False
USDCHF,売り,-1,2022-01-21 01:00:00,2022-01-21 05:00:00,0.9123136570334298,2022-01-24 05:00:00,0.9117263429665703,時間切れ,time,6,0.0020135719506539046,0.9153340149594107,0.9153340149594107,0.0005873140668595234,0.1944518104319686,0.7467610148927112,0.9964098704884372,False
AUDUSD,売り,-1,2022-01-21 13:00:00,2022-01-23 17:00:00,0.7174157478820956,2022-01-24 13:00:00,0.7144176065194094,トレイル,trail,6,0.0026666772007525362,0.7214157636832245,0.7143733544015051,0.0029981413626861686,0.749532379807123,3.1408930483719484,0.5040925529062893,True
EURUSD,売り,-1,2022-01-24 05:00:00,2022-01-24 09:00:00,1.1295436775031447,2022-01-24 13:00:00,1.1329986561528265,初期損切り,initial,2,0.0022857707685510495,1.1329723336559712,1.1329723336559712,-0.003454978649681806,-1.0076772052028407,0.20722878674527237,1.4999999999999691,False
USDJPY,売り,-1,2022-01-19 17:00:00,2022-01-19 21:00:00,114.20020734981547,2022-01-24 17:00:00,114.0317580716044,トレイル,trail,18,0.2789827107099413,114.61868141588039,114.02996542141987,0.16844927821107092,0.4025321802975044,2.6102239381156327,1.2430614402664053,True
GBPUSD,売り,-1,2022-01-21 01:00:00,2022-01-21 05:00:00,1.3567837570146253,2022-01-25 01:00:00,1.3496897568209516,トレイル,trail,12,0.002791756917788562,1.360971392391308,1.349623513835577,0.007094000193673677,1.694034832443568,4.564780312148418,0.32103188485502526,True
USDCHF,買い,1,2022-01-25 01:00:00,2022-01-25 05:00:00,0.9192963429665703,2022-01-26 05:00:00,0.9201136570334297,時間切れ,time,6,0.0021535229543097473,0.9160660585351056,0.9160660585351056,0.0008173140668594758,0.2530161303749042,0.6471521609002074,1.0291708115461617,False
USDCHF,買い,1,2022-01-26 09:00:00,2022-01-26 13:00:00,0.9210063429665702,2022-01-28 01:00:00,0.9295847197868872,トレイル,trail,10,0.0020544686232712743,0.9179246400316633,0.9296810627534574,0.008578376820316924,2.7836481976080054,6.2223666444098304,0.4752289499635324,True
EURUSD,売り,-1,2022-01-25 01:00:00,2022-01-25 05:00:00,1.1287436775031447,2022-01-28 05:00:00,1.1166603816536338,トレイル,trail,19,0.002252029578389249,1.1321217218707287,1.1166340591567785,0.012083295849510955,3.577009220323966,7.37720217468348,1.0329893173601918,True
GBPUSD,売り,-1,2022-01-26 21:00:00,2022-01-27 01:00:00,1.3431837570146254,2022-01-28 05:00:00,1.3418305167854025,トレイル,trail,8,0.0029771369000140377,1.3476494623646464,1.341764273800028,0.0013532402292228962,0.3030294484647348,2.476794740137995,0.052480954226121125,True
USDJPY,買い,1,2022-01-26 05:00:00,2022-01-26 09:00:00,114.30579265018453,2022-01-28 09:00:00,115.18413926683144,トレイル,trail,13,0.24953404149201977,113.9314915879465,115.18593191701596,0.8783466166469083,2.346631375810364,5.527131054219636,0.37987863145943446,True
AUDUSD,売り,-1,2022-01-26 13:00:00,2022-01-26 17:00:00,0.7114757478820957,2022-01-31 01:00:00,0.702511907286484,トレイル,trail,15,0.002863827584289844,0.7157714892585304,0.7024676551685797,0.008963840595611616,2.0866806937644653,5.14547312936429,0.23892922941938427,True
GBPUSD,買い,1,2022-01-31 01:00:00,2022-01-31 05:00:00,1.3445762429853747,2022-01-31 05:00:00,1.3396307435351051,初期損切り,initial,1,0.0032528376432632592,1.3396969865204797,1.3396969865204797,-0.004945499450269564,-1.01357645080788,0.0,1.5000000000000202,False
USDJPY,売り,-1,2022-01-31 13:00:00,2022-01-31 17:00:00,115.12220734981547,2022-02-03 01:00:00,114.69379261058614,トレイル,trail,15,0.2649999802008044,115.51970732011668,114.69199996040162,0.42841473922932494,1.077773009403479,3.623424232288104,0.26714209612727513,True
EURUSD,買い,1,2022-01-31 01:00:00,2022-01-31 05:00:00,1.1175163224968554,2022-02-03 05:00:00,1.1282548561360082,トレイル,trail,19,0.0023894106835681897,1.1139322064715032,1.1282811786328635,0.01073853363915278,2.996145650194816,6.505234788660377,1.2079641715442326,True
USDCHF,売り,-1,2022-01-31 13:00:00,2022-01-31 17:00:00,0.9273036570334298,2022-02-03 05:00:00,0.9228349360213428,トレイル,trail,16,0.002449296527386301,0.9309776018245092,0.9227385930547726,0.004468721012086951,1.2163277529203114,3.8638265835164733,0.17406751767424924,True
AUDUSD,買い,1,2022-02-01 01:00:00,2022-02-01 05:00:00,0.7080842521179044,2022-02-04 01:00:00,0.7109440148463941,トレイル,trail,18,0.0029258665178507554,0.7036954523411283,0.7109882669642985,0.0028597627284897564,0.6516047379564996,2.9925315555842023,0.14841829429162204,True
GBPUSD,買い,1,2022-02-03 09:00:00,2022-02-03 13:00:00,1.3608662429853746,2022-02-04 05:00:00,1.3557427353644105,初期損切り,initial,5,0.0033715097570596515,1.355808978349785,1.355808978349785,-0.005123507620964141,-1.0130985799929257,0.19390630955658175,1.500000000000016,False
AUDUSD,売り,-1,2022-02-04 05:00:00,2022-02-04 09:00:00,0.7055057478820956,2022-02-07 01:00:00,0.7097349724907118,初期損切り,initial,5,0.002789981660474553,0.7096907203728074,0.7096907203728074,-0.004229224608616189,-1.0105740522793336,0.11675628077074854,1.4999999999999942,False
USDCHF,買い,1,2022-02-04 05:00:00,2022-02-04 09:00:00,0.9246763429665702,2022-02-07 09:00:00,0.9235536570334297,時間切れ,time,6,0.002431415991055657,0.9210292189799867,0.9210292189799867,-0.001122685933140466,-0.30782773968486987,0.6266541961699833,0.7552565967014603,False
EURUSD,売り,-1,2022-02-08 01:00:00,2022-02-08 05:00:00,1.1405636775031447,2022-02-09 05:00:00,1.1426863224968553,時間切れ,time,6,0.0030053982024730074,1.1450717748068542,1.1450717748068542,-0.0021226449937106207,-0.47085163666808855,0.170918283880652,0.9304332765469391,False
GBPUSD,買い,1,2022-02-09 01:00:00,2022-02-09 05:00:00,1.3569562429853745,2022-02-10 05:00:00,1.3570737570146254,時間切れ,time,6,0.0029646325993293705,1.3525092940863805,1.3525092940863805,0.00011751402925086474,0.026425765602444317,0.6725140292515744,1.455911598068122,False
USDCHF,買い,1,2022-02-10 05:00:00,2022-02-10 09:00:00,0.9276463429665702,2022-02-10 09:00:00,0.9245558779874777,初期損切り,initial,1,0.001996081341681488,0.924652220954048,0.924652220954048,-0.0030904649790924887,-1.032177368245958,0.0,1.5000000000000084,False
USDJPY,買い,1,2022-02-07 21:00:00,2022-02-08 01:00:00,115.46379265018453,2022-02-10 09:00:00,115.73329752331178,トレイル,trail,15,0.2289549132518461,115.12036028030676,115.7350901734963,0.26950487312724647,0.7847392871649397,3.18493863904704,1.0036589602764616,True
AUDUSD,買い,1,2022-02-09 05:00:00,2022-02-09 09:00:00,0.7179442521179044,2022-02-10 13:00:00,0.7201428478506319,トレイル,trail,8,0.002341450015731867,0.7144320770943066,0.7201870999685362,0.002198595732727515,0.6259926450007377,2.9578884176738987,1.3855739375629166,True
EURUSD,買い,1,2022-02-10 09:00:00,2022-02-10 13:00:00,1.1465163224968553,2022-02-10 13:00:00,1.1414428394656142,初期損切り,initial,1,0.0033647736895905597,1.1414691619624695,1.1414691619624695,-0.0050734830312411106,-1.0052153080283337,0.0,1.4999999999999907,False
GBPUSD,買い,1,2022-02-10 09:00:00,2022-02-10 13:00:00,1.3613062429853746,2022-02-10 13:00:00,1.3557005777868965,初期損切り,initial,1,0.003692948142069055,1.355766820772271,1.355766820772271,-0.00560566519847816,-1.0119584647687405,0.0,1.4999999999999913,False
AUDUSD,売り,-1,2022-02-14 01:00:00,2022-02-14 05:00:00,0.7095557478820956,2022-02-15 01:00:00,0.7147415433310803,初期損切り,initial,6,0.0034276955540535133,0.7146972912131759,0.7146972912131759,-0.005185795448984676,-1.0086067771979874,0.12712560821813806,1.5000000000000089,False
EURUSD,売り,-1,2022-02-10 21:00:00,2022-02-11 01:00:00,1.1386336775031447,2022-02-15 05:00:00,1.1353872028146617,トレイル,trail,14,0.0036604401589032274,1.1441243377414996,1.1353608803178064,0.0032464746884830475,0.591272187232584,2.8940993550674357,0.8677433201932211,True
GBPUSD,売り,-1,2022-02-14 01:00:00,2022-02-14 05:00:00,1.3512137570146254,2022-02-15 05:00:00,1.3552362429853746,時間切れ,time,6,0.004080063957440728,1.3573338529507866,1.3573338529507866,-0.004022485970749168,-0.6572586463852597,0.2509169035839307,1.3519991458258163,False
USDCHF,売り,-1,2022-02-14 17:00:00,2022-02-14 21:00:00,0.9236336570334298,2022-02-15 09:00:00,0.9272124896733207,初期損切り,initial,4,0.0023216597822137796,0.9271161467067505,0.9271161467067505,-0.0035788326398908943,-1.027664968343857,0.38922887856036087,1.4999999999999936,False
AUDUSD,買い,1,2022-02-15 21:00:00,2022-02-16 01:00:00,0.7158442521179044,2022-02-16 21:00:00,0.7158,建値,breakeven,6,0.0029666278040216742,0.7113943104118718,0.7158442521179044,-4.425211790437533e-05,-0.009944426427965444,1.7783652789013877,0.04862494638148089,True
EURUSD,買い,1,2022-02-16 01:00:00,2022-02-16 05:00:00,1.1377963224968553,2022-02-16 21:00:00,1.1332166325196509,初期損切り,initial,5,0.0030355783202327133,1.1332429550165062,1.1332429550165062,-0.004579689977204371,-1.005780885678325,0.5908849365505239,1.4999999999999996,False
USDJPY,売り,-1,2022-02-16 21:00:00,2022-02-17 01:00:00,115.23820734981547,2022-02-17 17:00:00,115.24,建値,breakeven,5,0.258788564279885,115.62639019623529,115.23820734981547,-0.0017926501845266785,-0.004618056158483344,1.5039588433843194,0.656105692525497,True
GBPUSD,買い,1,2022-02-16 09:00:00,2022-02-16 13:00:00,1.3581462429853746,2022-02-18 09:00:00,1.35808,建値,breakeven,12,0.0034570998424585378,1.3529605932216868,1.3581462429853746,-6.624298537460938e-05,-0.012774288352150547,1.780034507261793,0.7423109260129312,True
AUDUSD,売り,-1,2022-02-18 09:00:00,2022-02-18 13:00:00,0.7168157478820957,2022-02-20 21:00:00,0.721259615169813,初期損切り,initial,3,0.0029330767798752583,0.7212153630519086,0.7212153630519086,-0.004443867287717285,-1.010058179226225,0.02582540034934072,1.5000000000000075,False
EURUSD,売り,-1,2022-02-18 09:00:00,2022-02-18 13:00:00,1.1321936775031447,2022-02-20 21:00:00,1.1363558940317626,初期損切り,initial,3,0.0027572626878417687,1.1363295715349073,1.1363295715349073,-0.004162216528617924,-1.006364403114084,0.31323729398477945,1.4999999999999885,False
EURUSD,売り,-1,2022-02-21 17:00:00,2022-02-21 21:00:00,1.1303536775031446,2022-02-22 05:00:00,1.1347117026068083,初期損切り,initial,3,0.0028878017378722184,1.134685380109953,1.134685380109953,-0.004358025103663676,-1.0060767091475709,0.5380139096007985,1.5000000000000162,False
USDCHF,売り,-1,2022-02-16 09:00:00,2022-02-16 13:00:00,0.9217936570334297,2022-02-22 05:00:00,0.9195613073279999,トレイル,trail,23,0.0022124821807148554,0.925112380304502,0.9194649643614297,0.002232349705429848,0.6726531630064393,3.0525249388664766,0.6582394105880309,True
USDJPY,売り,-1,2022-02-21 13:00:00,2022-02-21 17:00:00,114.74420734981547,2022-02-22 05:00:00,115.07793178473261,初期損切り,initial,4,0.2212878564884103,115.07613913454809,115.07613913454809,-0.3337244349171442,-1.0054006584092958,1.0945352070331904,1.5000000000000095,False
GBPUSD,売り,-1,2022-02-22 05:00:00,2022-02-22 09:00:00,1.3550737570146254,2022-02-22 09:00:00,1.3595989796409784,初期損切り,initial,1,0.0029726530939855346,1.3595327366556038,1.3595327366556038,-0.00452522262635302,-1.0148560860798603,-0.0,1.5000000000000366,False
AUDUSD,買い,1,2022-02-22 17:00:00,2022-02-22 21:00:00,0.7234842521179043,2022-02-23 09:00:00,0.72344,建値,breakeven,4,0.0026554129614133337,0.7195011326757843,0.7234842521179043,-4.425211790437533e-05,-0.011109914866329569,1.8512178533162358,0.536358049990936,True
GBPUSD,買い,1,2022-02-23 05:00:00,2022-02-23 09:00:00,1.3606562429853746,2022-02-23 09:00:00,1.3560510774227135,初期損切り,initial,1,0.003025948384857609,1.356117320408088,1.356117320408088,-0.0046051655626611065,-1.0145944294591374,0.0,1.5000000000000278,False
AUDUSD,売り,-1,2022-02-24 05:00:00,2022-02-24 09:00:00,0.7151657478820956,2022-02-24 13:00:00,0.71521,建値,breakeven,2,0.002982482300772559,0.7196394713332545,0.7151657478820956,-4.425211790437533e-05,-0.009891563121299464,1.9130869211252939,0.25959990364530494,True
EURUSD,売り,-1,2022-02-23 21:00:00,2022-02-24 01:00:00,1.1237536775031447,2022-02-24 13:00:00,1.117248644664513,トレイル,trail,4,0.0032911610838287884,1.1286904191288878,1.1172223221676576,0.006505032838631797,1.317677393670065,3.9845140268518144,0.7493776311872561,True
GBPUSD,売り,-1,2022-02-23 21:00:00,2022-02-24 01:00:00,1.3496937570146255,2022-02-24 13:00:00,1.3368262429853746,トレイル,trail,4,0.003207443039877093,1.3545049215744411,1.333684886079754,0.012867514029250904,2.6745113099486204,6.991162971824677,0.49455063290394674,True
USDCHF,買い,1,2022-02-24 05:00:00,2022-02-24 09:00:00,0.9233963429665702,2022-02-24 13:00:00,0.9246247091076548,トレイル,trail,2,0.0020944739628874546,0.9202546320222391,0.9247210520742251,0.0012283661410845692,0.3909863647071033,2.632478193153857,0.723973175813452,True
USDJPY,買い,1,2022-02-24 09:00:00,2022-02-24 13:00:00,115.34579265018452,2022-02-28 13:00:00,114.89176963732491,初期損切り,initial,13,0.3014869084500547,114.89356228750944,114.89356228750944,-0.4540230128596079,-1.0039640199608042,1.453487158259411,1.4999999999999971,False
USDCHF,売り,-1,2022-03-01 01:00:00,2022-03-01 05:00:00,0.9163636570334298,2022-03-01 05:00:00,0.9204189381731201,初期損切り,initial,1,0.002639292115413361,0.9203225952065499,0.9203225952065499,-0.0040552811396903365,-1.024335557252304,-0.0,1.500000000000021,False
GBPUSD,売り,-1,2022-03-01 09:00:00,2022-03-01 13:00:00,1.3311937570146255,2022-03-02 13:00:00,1.3359762429853745,時間切れ,time,6,0.0044332369105878665,1.3378436123805073,1.3378436123805073,-0.00478248597074904,-0.7191864646088977,0.9008670403080208,1.3728666227691995,False
USDCHF,買い,1,2022-03-02 09:00:00,2022-03-02 13:00:00,0.9223263429665702,2022-03-03 09:00:00,0.917969897508446,初期損切り,initial,6,0.0028400683277026314,0.9180662404750163,0.9180662404750163,-0.004356445458124192,-1.022615175752521,0.01537182503813349,1.5000000000000018,False
USDJPY,買い,1,2022-03-03 01:00:00,2022-03-03 05:00:00,115.78679265018452,2022-03-03 13:00:00,115.41313755648352,初期損切り,initial,3,0.2479082956776483,115.41493020666805,115.41493020666805,-0.3736550937010037,-1.0048207346985063,0.0,1.5000000000000184,False
USDCHF,売り,-1,2022-03-04 13:00:00,2022-03-06 17:00:00,0.9172236570334298,2022-03-06 17:00:00,0.921389376303533,初期損切り,initial,1,0.0027129175356886944,0.9212930333369628,0.9212930333369628,-0.00416571927010323,-1.0236751185891908,-0.0,1.499999999999981,False
AUDUSD,買い,1,2022-02-28 09:00:00,2022-02-28 13:00:00,0.7252442521179043,2022-03-07 05:00:00,0.7374352622166959,トレイル,trail,29,0.0033302428326998728,0.7202488878688545,0.7374795143346002,0.012191010098791533,2.440464697065973,5.673985000900567,0.43367771975158265,True
EURUSD,売り,-1,2022-03-01 09:00:00,2022-03-01 13:00:00,1.1108836775031448,2022-03-07 05:00:00,1.0912953203283884,トレイル,trail,23,0.004549498915766539,1.1177079258767946,1.091268997831533,0.019588357174756377,2.870405076461182,6.31139341601684,0.7838934711020354,True
USDJPY,売り,-1,2022-03-04 09:00:00,2022-03-04 13:00:00,114.76920734981547,2022-03-07 05:00:00,115.16797292444383,初期損切り,initial,5,0.26464861629588504,115.1661802742593,115.1661802742593,-0.3987655746283565,-1.0045157996279985,0.25017077641339097,1.5000000000000084,False
AUDUSD,売り,-1,2022-03-07 21:00:00,2022-03-08 01:00:00,0.7282957478820956,2022-03-09 01:00:00,0.7276242521179044,時間切れ,time,6,0.003915839752758602,0.7341695075112336,0.7341695075112336,0.0006714957641912322,0.11432128765708248,0.9591168482953953,0.5577991582433015,False
GBPUSD,売り,-1,2022-03-04 05:00:00,2022-03-04 09:00:00,1.3230637570146253,2022-03-09 01:00:00,1.3145562429853745,トレイル,trail,17,0.004489639060123694,1.329798215604811,1.31449,0.008507514029250762,1.2632810663724596,3.303997674640825,0.41790508329259907,True
USDJPY,買い,1,2022-03-08 17:00:00,2022-03-08 21:00:00,115.89179265018453,2022-03-09 21:00:00,116.04720734981548,時間切れ,time,6,0.2413783842895453,115.52972507375021,115.52972507375021,0.15541469963095267,0.4292422457749297,0.9164339651479444,1.378717697378107,False
EURUSD,買い,1,2022-03-08 09:00:00,2022-03-08 13:00:00,1.0943763224968552,2022-03-10 09:00:00,1.1008289453741749,トレイル,trail,12,0.005632366064484902,1.0859277734001278,1.1008552678710302,0.006452622877319625,0.7637551493686798,3.1503061590808508,0.9527652207644586,True
AUDUSD,買い,1,2022-03-10 01:00:00,2022-03-10 05:00:00,0.7338242521179044,2022-03-11 05:00:00,0.7313757478820956,時間切れ,time,6,0.003285640214276103,0.7288957917964902,0.7288957917964902,-0.0024485042358087794,-0.49680916069670505,0.8935086286501444,0.7865292452520484,False
USDJPY,買い,1,2022-03-10 17:00:00,2022-03-10 21:00:00,116.29379265018453,2022-03-15 01:00:00,117.99084326030007,トレイル,trail,14,0.22818204475770462,115.95151958304797,117.9926359104846,1.6970506101155394,4.95817747014978,9.445122433292152,0.2708041741414998,True
AUDUSD,売り,-1,2022-03-13 17:00:00,2022-03-13 21:00:00,0.7275957478820956,2022-03-15 09:00:00,0.7226560833829163,トレイル,trail,10,0.0030409156325059716,0.7321571213308545,0.7226118312650119,0.004939664499179264,1.0829335845156967,3.6389526114463315,0.1066297645479964,True
GBPUSD,売り,-1,2022-03-10 17:00:00,2022-03-10 21:00:00,1.3079837570146253,2022-03-15 09:00:00,1.3079562429853746,トレイル,trail,16,0.0044340645823369666,1.3146348538881307,1.30789,2.751402925071922e-05,0.004136765675496468,1.8118267935536492,1.0185334249223759,True
EURUSD,買い,1,2022-03-15 01:00:00,2022-03-15 05:00:00,1.1004063224968552,2022-03-15 13:00:00,1.0930665380237026,初期損切り,initial,3,0.004875641317531604,1.0930928605205579,1.0930928605205579,-0.007339784473152644,-1.0035991842085934,0.07664171312217402,1.4999999999999867,False
USDCHF,買い,1,2022-03-07 01:00:00,2022-03-07 05:00:00,0.9246463429665702,2022-03-16 17:00:00,0.9400305011836426,トレイル,trail,46,0.002951577924893606,0.9202189760792299,0.9401268441502129,0.015384158217072397,3.474787296499367,7.244822118054234,0.5611720268676121,True
GBPUSD,買い,1,2022-03-16 05:00:00,2022-03-16 09:00:00,1.3093162429853746,2022-03-17 05:00:00,1.311277226986956,トレイル,trail,6,0.003908265013834804,1.3034538454646225,1.3113434699723305,0.0019609840015812896,0.3345020522132172,2.5187025393057327,1.2758200807068927,True
USDJPY,買い,1,2022-03-16 09:00:00,2022-03-16 13:00:00,118.58079265018452,2022-03-17 05:00:00,118.579,建値,breakeven,5,0.2765139077295677,118.16602178859017,118.58079265018452,-0.0017926501845266785,-0.00432202536512775,1.9572518223740984,0.13305894986123704,True
USDCHF,売り,-1,2022-03-17 09:00:00,2022-03-17 13:00:00,0.9338736570334297,2022-03-18 01:00:00,0.9382629368474259,初期損切り,initial,4,0.00286195789828399,0.9381665938808557,0.9381665938808557,-0.004389279813996172,-1.0224422044847814,0.08863059571275057,1.4999999999999813,False
EURUSD,買い,1,2022-03-16 13:00:00,2022-03-16 17:00:00,1.1036763224968553,2022-03-18 05:00:00,1.1039654773357832,トレイル,trail,10,0.00487910008368078,1.0963576723713342,1.1039917998326385,0.0002891548389278853,0.03950931305208339,2.064658918729361,0.5936181769549298,True
USDJPY,買い,1,2022-03-18 05:00:00,2022-03-18 09:00:00,119.18579265018452,2022-03-21 09:00:00,119.22220734981548,時間切れ,time,6,0.29812838697324334,118.73860006972465,118.73860006972465,0.036414699630952896,0.08142957021672025,0.7151527970216799,0.3347304535394072,False
USDCHF,売り,-1,2022-03-18 09:00:00,2022-03-18 13:00:00,0.9322436570334297,2022-03-21 13:00:00,0.9315663429665703,時間切れ,time,6,0.0030552715454256786,0.9368265643515682,0.9368265643515682,0.0006773140668594468,0.1477913516118318,0.9209188092110199,0.9872585535273654,False
GBPUSD,買い,1,2022-03-21 09:00:00,2022-03-21 13:00:00,1.3198762429853745,2022-03-21 17:00:00,1.313629906059584,初期損切り,initial,2,0.0041200626269439575,1.3136961490449586,1.3136961490449586,-0.006246336925790574,-1.010718766739358,0.08343490032829735,1.5000000000000069,False
USDCHF,買い,1,2022-03-21 17:00:00,2022-03-21 21:00:00,0.9359163429665702,2022-03-22 09:00:00,0.931563393981659,初期損切り,initial,4,0.002837737345560635,0.9316597369482292,0.9316597369482292,-0.004352948984911231,-1.022633752373406,0.5827378760112438,1.5000000000000138,False
USDJPY,買い,1,2022-03-21 13:00:00,2022-03-21 17:00:00,119.46979265018453,2022-03-22 09:00:00,120.54529966327243,トレイル,trail,5,0.24245384327152128,119.10611188527724,120.54709231345696,1.0755070130879005,2.9572831913782798,6.443318566272295,0.1311286707421816,True
EURUSD,売り,-1,2022-03-21 17:00:00,2022-03-21 21:00:00,1.0986436775031447,2022-03-22 21:00:00,1.1025563224968553,時間切れ,time,6,0.004016672880943947,1.1046686868245608,1.1046686868245608,-0.003912644993710579,-0.6494006540044787,0.63576934911976,1.4804099495047252,False
GBPUSD,買い,1,2022-03-22 05:00:00,2022-03-22 09:00:00,1.3234162429853746,2022-03-24 01:00:00,1.3165566095610852,初期損切り,initial,11,0.004528926959276468,1.3166228525464598,1.3166228525464598,-0.006859633424289413,-1.0097510935033631,1.427215999009609,1.5000000000000224,False
USDCHF,売り,-1,2022-03-23 13:00:00,2022-03-23 17:00:00,0.9305136570334298,2022-03-24 01:00:00,0.9345418258525545,初期損切り,initial,3,0.0026212172350363327,0.9344454828859843,0.9344454828859843,-0.004028168819124711,-1.0245033656583793,0.2570016038447386,1.4999999999999893,False
USDJPY,買い,1,2022-03-24 01:00:00,2022-03-24 05:00:00,121.62679265018453,2022-03-24 21:00:00,121.7421786421144,トレイル,trail,5,0.3470143538505422,121.10627111940872,121.74397129229892,0.11538599192986965,0.22167381195143293,2.3376766430960365,0.24146738961872885,True
GBPUSD,買い,1,2022-03-24 21:00:00,2022-03-25 01:00:00,1.3223062429853747,2022-03-25 01:00:00,1.3165579017825808,初期損切り,initial,1,0.003788065478279445,1.3166241447679554,1.3166241447679554,-0.005748341202793883,-1.0116581908372577,0.0,1.500000000000028,False
USDCHF,売り,-1,2022-03-24 17:00:00,2022-03-24 21:00:00,0.9276536570334297,2022-03-27 17:00:00,0.9315340400142191,初期損切り,initial,6,0.002522693342812796,0.9314376970476489,0.9314376970476489,-0.0038803829807894097,-1.025460345611619,0.6396564362557545,1.4999999999999905,False
EURUSD,売り,-1,2022-03-27 21:00:00,2022-03-28 01:00:00,1.0954136775031447,2022-03-28 01:00:00,1.0997372119585822,初期損切り,initial,1,0.0028648079723881223,1.099710889461727,1.099710889461727,-0.004323534455437539,-1.0061254825475352,-0.0,1.5000000000000187,False
USDJPY,買い,1,2022-03-27 21:00:00,2022-03-28 01:00:00,123.05379265018453,2022-03-28 05:00:00,124.22268144909297,トレイル,trail,2,0.438762950361249,122.39564822464266,124.2244740992775,1.1688887989084407,1.7760369206896391,4.668141072825564,0.054226661947967394,True
AUDUSD,買い,1,2022-03-16 01:00:00,2022-03-16 05:00:00,0.7229642521179044,2022-03-28 09:00:00,0.7494557478820957,トレイル,trail,50,0.0030806664272294733,0.7183432524770602,0.7495,0.026491495764191297,5.73284956138875,10.080853807344834,0.7577101166398096,True
GBPUSD,売り,-1,2022-03-27 21:00:00,2022-03-28 01:00:00,1.3146637570146253,2022-03-29 05:00:00,1.3130773543402174,トレイル,trail,8,0.003705555677421374,1.3202220905307573,1.3130111113548428,0.0015864026744079052,0.2854097671188059,2.445991317807576,0.576497338413006,True
USDCHF,買い,1,2022-03-28 01:00:00,2022-03-28 05:00:00,0.9362863429665702,2022-03-29 05:00:00,0.9368236570334297,時間切れ,time,6,0.002488154078765968,0.9325541118484213,0.9325541118484213,0.0005373140668595289,0.14396591471699016,0.43552649841013213,1.4695002201727225,False
AUDUSD,買い,1,2022-03-29 21:00:00,2022-03-30 01:00:00,0.7525242521179044,2022-03-31 01:00:00,0.7481157478820957,時間切れ,time,6,0.003007543793082077,0.7480129364282813,0.7480129364282813,-0.004408504235808741,-0.977210317147421,0.37098308748221587,1.4876764648268967,False
EURUSD,買い,1,2022-03-29 05:00:00,2022-03-29 09:00:00,1.1113363224968553,2022-03-31 01:00:00,1.11131,建値,breakeven,11,0.004074005002075788,1.1052253149937417,1.1113363224968553,-2.632249685530219e-05,-0.00430739069488793,1.7534778429345934,1.0251147199690427,True
USDCHF,売り,-1,2022-03-30 01:00:00,2022-03-30 05:00:00,0.9252836570334297,2022-04-01 05:00:00,0.9253334611273419,トレイル,trail,13,0.0028635590803858415,0.9295789956540085,0.9252371181607717,-4.980409391219798e-05,-0.011594916795055213,2.0162521084257627,0.7111230847368833,True
USDJPY,買い,1,2022-03-31 21:00:00,2022-04-01 01:00:00,122.60279265018453,2022-04-04 01:00:00,122.59420734981548,時間切れ,time,6,0.6306923568771626,121.65675411486878,121.65675411486878,-0.00858530036904881,-0.009075000698764806,0.7011458835573028,0.5894992164253289,False
GBPUSD,売り,-1,2022-04-01 09:00:00,2022-04-01 13:00:00,1.3103837570146253,2022-04-04 13:00:00,1.3104862429853745,時間切れ,time,6,0.0034767531646037048,1.315598886761531,1.315598886761531,-0.00010248597074924426,-0.01965166270504683,0.3289727399315373,0.9624620520784656,False
AUDUSD,買い,1,2022-04-04 09:00:00,2022-04-04 13:00:00,0.7540642521179044,2022-04-05 09:00:00,0.7586524689565449,トレイル,trail,6,0.0026216394627753014,0.7501317929237414,0.7586967210744493,0.004588216838640524,1.1667551046558675,3.7670122159516777,0.1847134683392871,True
EURUSD,売り,-1,2022-04-04 01:00:00,2022-04-04 05:00:00,1.1022036775031447,2022-04-06 05:00:00,1.0937722021831766,トレイル,trail,13,0.003142939843160628,1.1069180872678857,1.0937458796863213,0.00843147531996813,1.7884477041064846,4.691046675687561,0.32336683092009366,True
USDJPY,買い,1,2022-04-05 09:00:00,2022-04-05 13:00:00,123.58779265018453,2022-04-06 13:00:00,123.74520734981547,時間切れ,time,6,0.4840286164225523,122.8617497255507,122.8617497255507,0.157414699630948,0.2168118361739264,0.9611153845692267,0.1276632167768043,False
EURUSD,売り,-1,2022-04-07 17:00:00,2022-04-07 21:00:00,1.0862036775031447,2022-04-10 21:00:00,1.0888463224968552,時間切れ,time,6,0.0034362882540032165,1.0913581098841496,1.0913581098841496,-0.0026426449937104746,-0.5126936970691829,0.7460600839170434,1.4918196955343044,False
GBPUSD,売り,-1,2022-04-05 09:00:00,2022-04-05 13:00:00,1.3084337570146254,2022-04-11 05:00:00,1.3046885666977979,トレイル,trail,23,0.003191161856211572,1.3132204997989427,1.3046223237124233,0.003745190316827518,0.7824089335022882,3.1943716658505603,0.7414988935044784,True
USDCHF,買い,1,2022-04-05 09:00:00,2022-04-05 13:00:00,0.9297363429665703,2022-04-11 09:00:00,0.9325536570334297,トレイル,trail,24,0.0024359638526889526,0.9260823971875368,0.93265,0.0028173140668594776,0.7710333533205126,3.1378368053336403,0.3515417380372634,True
AUDUSD,売り,-1,2022-04-07 09:00:00,2022-04-07 13:00:00,0.7469557478820956,2022-04-12 05:00:00,0.7460206520269278,トレイル,trail,17,0.003028199954511724,0.7514980478138632,0.7459763999090234,0.0009350958551678223,0.20586396081597808,2.3234092820102643,0.7741404640111813,True
USDJPY,買い,1,2022-04-08 01:00:00,2022-04-08 05:00:00,124.10479265018452,2022-04-12 05:00:00,125.04690799165907,トレイル,trail,13,0.3621496790782014,123.56156813156721,125.0487006418436,0.9421153414745476,1.7343019491693106,4.606402949359643,0.17338866720619206,True
USDCHF,売り,-1,2022-04-12 05:00:00,2022-04-12 09:00:00,0.9290136570334298,2022-04-12 13:00:00,0.9327573330325817,初期損切り,initial,2,0.0024315553550544925,0.9326609900660114,0.9326609900660114,-0.0037436759991519297,-1.026414633846034,0.13721959186996352,1.49999999999998,False
EURUSD,売り,-1,2022-04-12 13:00:00,2022-04-12 17:00:00,1.0826536775031448,2022-04-13 09:00:00,1.0877839347300664,初期損切り,initial,5,0.003402623153377477,1.087757612233211,1.087757612233211,-0.0051302572269216196,-1.0051572949591898,0.4419171431465057,1.50000000000003,False
USDJPY,買い,1,2022-04-13 01:00:00,2022-04-13 05:00:00,126.04779265018453,2022-04-13 09:00:00,125.43437650419581,初期損切り,initial,2,0.4077489972027988,125.43616915438034,125.43616915438034,-0.6134161459887224,-1.0029309701095888,0.4027167471703178,1.499999999999994,False
EURUSD,買い,1,2022-04-13 21:00:00,2022-04-14 01:00:00,1.0912663224968553,2022-04-14 05:00:00,1.0861804656334646,初期損切り,initial,2,0.0033730229110235936,1.08620678813032,1.08620678813032,-0.005085856863390692,-1.0052025532288906,0.31534843705581134,1.4999999999999998,False
GBPUSD,買い,1,2022-04-13 09:00:00,2022-04-13 13:00:00,1.3094362429853745,2022-04-14 09:00:00,1.3036958946664388,初期損切り,initial,6,0.003782736889040717,1.3037621376518134,1.3037621376518134,-0.005740348318935773,-1.011674613261563,1.4020951417455032,1.5000000000000233,False
USDCHF,買い,1,2022-04-13 05:00:00,2022-04-13 09:00:00,0.9357063429665703,2022-04-14 09:00:00,0.9373936570334298,時間切れ,time,6,0.0024876796275063043,0.9319748235253108,0.9319748235253108,0.0016873140668595132,0.4521788224396906,0.8094519130054669,1.317027695344588,False
AUDUSD,売り,-1,2022-04-15 09:00:00,2022-04-15 13:00:00,0.7393157478820956,2022-04-19 01:00:00,0.7390017265138209,トレイル,trail,10,0.0023487371979582666,0.742838853679033,0.7389574743959165,0.0003140213682747417,0.08913197229209445,2.1525387712556894,0.44460151557702327,True
USDCHF,買い,1,2022-04-18 01:00:00,2022-04-18 05:00:00,0.9448163429665702,2022-04-19 05:00:00,0.9459736570334297,時間切れ,time,6,0.0022204391269639023,0.9414856842761243,0.9414856842761243,0.0011573140668594828,0.3474730299382795,0.8168010603873727,1.2098250899782008,False
USDJPY,買い,1,2022-04-14 21:00:00,2022-04-15 01:00:00,126.38479265018452,2022-04-19 21:00:00,128.5953345892144,トレイル,trail,18,0.40443638030055445,125.7781380797337,128.5971272393989,2.2105419390298664,3.6438231024734806,7.470167118918163,0.3580109437161058,True
GBPUSD,売り,-1,2022-04-17 21:00:00,2022-04-18 01:00:00,1.3021337570146254,2022-04-20 13:00:00,1.3068361879560997,初期損切り,initial,16,0.00309079197073314,1.306769944970725,1.306769944970725,-0.004702430941474267,-1.014288244135444,1.3083239030371443,1.4999999999999831,False
EURUSD,買い,1,2022-04-19 21:00:00,2022-04-20 01:00:00,1.0820463224968553,2022-04-21 05:00:00,1.088006156829899,トレイル,trail,8,0.002803760336622742,1.077840681991921,1.0880324793267544,0.005959834333043812,1.4171050345486391,4.135045835304803,0.51941761135317,True
AUDUSD,買い,1,2022-04-19 21:00:00,2022-04-20 01:00:00,0.7425042521179044,2022-04-21 09:00:00,0.7384172779659699,初期損切り,initial,9,0.002695148022686758,0.7384615300838743,0.7384615300838743,-0.004086974151934486,-1.0109461193551896,1.2302655936464033,1.4999999999999902,False
USDJPY,買い,1,2022-04-22 09:00:00,2022-04-22 13:00:00,128.8927926501845,2022-04-25 01:00:00,128.071000789503,初期損切り,initial,4,0.5466661403313356,128.0727934396875,128.0727934396875,-0.8217918606815147,-1.0021861608664533,0.0,1.4999999999999976,False
AUDUSD,売り,-1,2022-04-21 21:00:00,2022-04-22 01:00:00,0.7341457478820956,2022-04-25 21:00:00,0.7192403173952338,トレイル,trail,12,0.0028680326386646853,0.7384477968400927,0.7191960652773294,0.014905430486861881,3.46472823354424,7.212521783478251,0.26995931199195294,True
AUDUSD,売り,-1,2022-04-26 13:00:00,2022-04-26 17:00:00,0.7122057478820957,2022-04-26 21:00:00,0.7177655754015246,初期損切り,initial,2,0.003677050267683071,0.7177213232836203,0.7177213232836203,-0.0055598275194289615,-1.0080231190189375,0.07227202859620037,1.4999999999999944,False
USDJPY,売り,-1,2022-04-25 09:00:00,2022-04-25 13:00:00,127.69620734981547,2022-04-27 09:00:00,128.53954588731892,初期損切り,initial,12,0.561030591545956,128.5377532371344,128.5377532371344,-0.8433385375034561,-1.0021301870896586,1.346107255460779,1.500000000000017,False
AUDUSD,売り,-1,2022-04-27 17:00:00,2022-04-27 21:00:00,0.7117357478820956,2022-04-28 17:00:00,0.71178,建値,breakeven,6,0.003725289769056211,0.7173236825356799,0.7117357478820956,-4.425211790437533e-05,-0.00791922609116238,1.6738960641108414,1.203732433152561,True
GBPUSD,売り,-1,2022-04-22 01:00:00,2022-04-22 05:00:00,1.2886337570146253,2022-04-28 21:00:00,1.2493164528131946,トレイル,trail,29,0.0040601049139099375,1.2947239143854903,1.24925020982782,0.03931730420143076,6.455876557397897,11.700130420737947,0.7428977943503272,True
EURUSD,売り,-1,2022-04-25 01:00:00,2022-04-25 05:00:00,1.0744736775031447,2022-04-29 01:00:00,1.0547955924041672,トレイル,trail,24,0.0038546349536559346,1.0802556299336286,1.054769269907312,0.019678085098977505,3.40336336826808,7.111873843499515,0.3544622287927183,True
USDCHF,買い,1,2022-04-21 09:00:00,2022-04-21 13:00:00,0.9541463429665702,2022-04-29 01:00:00,0.9697093534809005,トレイル,trail,34,0.003047151776264613,0.9495756153021733,0.9698056964474707,0.015563010514330289,3.40493060559182,7.139013291978771,0.6223329541184873,True
USDJPY,買い,1,2022-04-27 21:00:00,2022-04-28 01:00:00,129.84879265018452,2022-04-29 01:00:00,130.0426339592097,トレイル,trail,7,0.6037866953029035,128.94311260723018,130.0444266093942,0.19384130902517427,0.21402846461412373,2.324011709319857,0.1106229247913489,True
AUDUSD,買い,1,2022-04-29 05:00:00,2022-04-29 09:00:00,0.7168842521179044,2022-04-29 09:00:00,0.7108337985817823,初期損切り,initial,1,0.004004134278811839,0.7108780506996867,0.7108780506996867,-0.006050453536122102,-1.0073677379133705,0.0,1.499999999999992,False
GBPUSD,買い,1,2022-04-29 09:00:00,2022-04-29 13:00:00,1.2578562429853746,2022-05-02 09:00:00,1.2501105418350995,初期損切り,initial,6,0.00511963877660027,1.2501767848204741,1.2501767848204741,-0.007745701150275064,-1.0086259972972347,0.7058617164832979,1.5000000000000095,False
AUDUSD,売り,-1,2022-05-01 21:00:00,2022-05-02 01:00:00,0.7037357478820956,2022-05-02 21:00:00,0.7100271063803029,初期損切り,initial,6,0.004164737586868624,0.7099828542623985,0.7099828542623985,-0.006291358498207278,-1.0070836184323464,0.1814635055227494,1.499999999999992,False
USDCHF,買い,1,2022-05-02 05:00:00,2022-05-02 09:00:00,0.9761363429665703,2022-05-03 09:00:00,0.9734636570334297,時間切れ,time,6,0.0033441518976682952,0.9711201151200678,0.9711201151200678,-0.0026726859331405173,-0.5328079215947186,0.9819102522583449,1.2249273035194401,False
USDCHF,買い,1,2022-05-04 01:00:00,2022-05-04 05:00:00,0.9807363429665702,2022-05-04 13:00:00,0.9759619513077584,初期損切り,initial,3,0.0031186991281609857,0.9760582942743287,0.9760582942743287,-0.004774391658811772,-1.020594690844086,1.0144155955484317,1.500000000000017,False
GBPUSD,買い,1,2022-05-04 13:00:00,2022-05-04 17:00:00,1.2630362429853745,2022-05-04 21:00:00,1.2544203674938315,初期損切り,initial,2,0.005699755004112346,1.254486610479206,1.254486610479206,-0.008615875491543079,-1.0077480506123235,0.12522591130854244,1.4999999999999913,False
AUDUSD,買い,1,2022-05-04 09:00:00,2022-05-04 13:00:00,0.7151442521179043,2022-05-05 05:00:00,0.7192414684348556,トレイル,trail,5,0.0036721397236200146,0.7096360425324744,0.71928572055276,0.004097216316951258,0.7438381298687259,3.127807966624144,0.7146384166769366,True
EURUSD,買い,1,2022-05-04 13:00:00,2022-05-04 17:00:00,1.0624063224968554,2022-05-05 05:00:00,1.0558764372523,初期損切り,initial,4,0.004335708498466793,1.0559027597491553,1.0559027597491553,-0.0065298852445554445,-1.004047396461972,0.41139239498580565,1.4999999999999891,False
USDJPY,売り,-1,2022-05-04 13:00:00,2022-05-04 17:00:00,129.0892073498155,2022-05-05 05:00:00,129.84377106699543,初期損切り,initial,4,0.5018473779969538,129.84197841681092,129.84197841681092,-0.7545637171799342,-1.00238140154836,0.6679467991910875,1.4999999999999822,False
USDCHF,買い,1,2022-05-05 09:00:00,2022-05-05 13:00:00,0.9876563429665702,2022-05-06 13:00:00,0.9864036570334298,時間切れ,time,6,0.004417174144227311,0.9810305817502293,0.9810305817502293,-0.0012526859331404294,-0.1890629457111974,0.30418928245918203,1.1084785898625185,False
USDJPY,買い,1,2022-05-05 09:00:00,2022-05-05 13:00:00,130.42079265018452,2022-05-06 13:00:00,130.4212073498155,時間切れ,time,6,0.5205836844741494,129.6399171234733,129.6399171234733,0.00041469963096574247,0.0005310700832337683,0.7418737108627964,0.835202222335733,False
GBPUSD,売り,-1,2022-05-05 05:00:00,2022-05-05 09:00:00,1.2388337570146253,2022-05-09 05:00:00,1.2389,建値,breakeven,12,0.00690432014453487,1.2491902372314276,1.2388337570146253,-6.624298537460938e-05,-0.00639628367822661,1.8457656580007704,0.3456159238594324,True
USDJPY,買い,1,2022-05-08 17:00:00,2022-05-08 21:00:00,130.8507926501845,2022-05-09 09:00:00,130.13098766790293,初期損切り,initial,4,0.4786748880647153,130.13278031808744,130.13278031808744,-0.7198049822815733,-1.002496684394354,1.0387161771233138,1.4999999999999747,False
USDCHF,買い,1,2022-05-08 17:00:00,2022-05-08 21:00:00,0.9907563429665702,2022-05-10 09:00:00,0.99066,建値,breakeven,10,0.004178592781049261,0.9844884537949964,0.9907563429665702,-9.634296657023977e-05,-0.015370879084329388,1.6138583936711033,0.3437384406263145,True
AUDUSD,売り,-1,2022-05-06 13:00:00,2022-05-08 17:00:00,0.7065057478820956,2022-05-11 01:00:00,0.7005945863120543,トレイル,trail,15,0.004745167097074972,0.7136234985277081,0.7005503341941499,0.005911161570041346,0.8304816878749635,3.2550482556487284,0.019862760568003804,True
USDCHF,売り,-1,2022-05-11 01:00:00,2022-05-11 05:00:00,0.9885236570334298,2022-05-11 05:00:00,0.9942229672815123,初期損切り,initial,1,0.0037353115210081345,0.994126624314942,0.994126624314942,-0.0056993102480824565,-1.0171949900346826,-0.0,1.500000000000004,False
GBPUSD,売り,-1,2022-05-11 05:00:00,2022-05-11 09:00:00,1.2287337570146253,2022-05-11 09:00:00,1.237245866510625,初期損切り,initial,1,0.005630577673750004,1.2371796235252503,1.2371796235252503,-0.008512109495999676,-1.0078432432351774,-0.0,1.5000000000000107,False
USDJPY,売り,-1,2022-05-11 17:00:00,2022-05-11 21:00:00,129.7392073498155,2022-05-12 17:00:00,128.61921226780314,トレイル,trail,6,0.5502098088093172,130.56452206302947,128.61741961761862,1.119995082012366,1.35705212094285,4.038836302508816,0.3085961890645508,True
USDCHF,買い,1,2022-05-12 09:00:00,2022-05-12 13:00:00,1.0037563429665701,2022-05-13 13:00:00,1.00198365703343,時間切れ,time,6,0.004214610282915386,0.997434427542197,0.997434427542197,-0.0017726859331401723,-0.28040329775780937,0.2784734422984699,1.0715920721965315,False
EURUSD,売り,-1,2022-05-11 05:00:00,2022-05-11 09:00:00,1.0520636775031447,2022-05-16 01:00:00,1.0419963224968554,トレイル,trail,17,0.003890204002360669,1.0578989835066857,1.04197,0.010067355006289302,1.725248855874943,4.39403113378421,1.4591323471495856,True
AUDUSD,売り,-1,2022-05-11 21:00:00,2022-05-12 01:00:00,0.6889957478820956,2022-05-16 13:00:00,0.6968117210937084,初期損切り,initial,16,0.005181147395805573,0.696767468975804,0.696767468975804,-0.007815973211612759,-1.0056939920219505,1.1765246993417917,1.5000000000000047,False
GBPUSD,買い,1,2022-05-16 13:00:00,2022-05-16 17:00:00,1.2319062429853747,2022-05-18 01:00:00,1.2399808239777865,トレイル,trail,9,0.005036466518419393,1.2243515432077456,1.2400470669631611,0.008074580992411873,1.0688156022191975,3.6163760739823823,0.0806603168886167,True
AUDUSD,売り,-1,2022-05-18 13:00:00,2022-05-18 17:00:00,0.6953757478820957,2022-05-18 21:00:00,0.701384085539958,初期損切り,initial,2,0.0039760570266386295,0.7013398334220536,0.7013398334220536,-0.00600833765786235,-1.0074197657977788,0.04420154965538822,1.5000000000000078,False
USDJPY,売り,-1,2022-05-18 09:00:00,2022-05-18 13:00:00,128.3372073498155,2022-05-19 17:00:00,128.00352768477975,トレイル,trail,8,0.486867517297621,129.06750862576192,128.00173503459524,0.33367966503573143,0.45690686299746686,2.6890423026828567,1.248373794904384,True
USDCHF,売り,-1,2022-05-17 01:00:00,2022-05-17 05:00:00,0.9962636570334298,2022-05-20 09:00:00,0.9759405879955345,トレイル,trail,20,0.0032221225144821336,1.001096840805153,0.9758442450289643,0.02032306903789527,4.204903019992012,8.337254996570895,0.6878518605697604,True
AUDUSD,買い,1,2022-05-19 09:00:00,2022-05-19 13:00:00,0.7060042521179044,2022-05-20 13:00:00,0.7018157478820957,時間切れ,time,6,0.004293157578672086,0.6995645157498963,0.6995645157498963,-0.004188504235808743,-0.6504154823195483,0.31579271369650663,1.3473188467714194,False
EURUSD,買い,1,2022-05-19 09:00:00,2022-05-19 13:00:00,1.0593663224968553,2022-05-20 13:00:00,1.0548536775031447,時間切れ,time,6,0.004025381773967673,1.0533282498359038,1.0533282498359038,-0.004512644993710513,-0.7473651357152413,0.3338012587611975,1.340574087097388,False
AUDUSD,買い,1,2022-05-22 17:00:00,2022-05-22 21:00:00,0.7089842521179044,2022-05-23 21:00:00,0.7074557478820956,時間切れ,time,6,0.004204854445455918,0.7026769704497206,0.7026769704497206,-0.0015285042358087475,-0.24233961890731068,0.8836805007866865,0.35298537372877836,False
EURUSD,買い,1,2022-05-23 01:00:00,2022-05-23 05:00:00,1.0646163224968552,2022-05-25 01:00:00,1.0675487604713723,トレイル,trail,12,0.00365245851588623,1.059137634723026,1.0675750829682276,0.0029324379745170326,0.5352445869473954,2.81007366914733,0.04827501697507765,True
USDJPY,売り,-1,2022-05-24 09:00:00,2022-05-24 13:00:00,126.56620734981547,2022-05-25 09:00:00,127.35455664436067,初期損切り,initial,6,0.524371096240446,127.35276399417614,127.35276399417614,-0.7883492945451991,-1.0022791113613785,0.08239841998397002,1.5000000000000067,False
AUDUSD,売り,-1,2022-05-25 05:00:00,2022-05-25 09:00:00,0.7049957478820956,2022-05-25 17:00:00,0.710594665790815,初期損切り,initial,3,0.0037031105272100095,0.7105504136729106,0.7105504136729106,-0.005598917908719359,-1.0079666571438948,0.26889499375701326,1.4999999999999916,False
EURUSD,買い,1,2022-05-26 21:00:00,2022-05-27 01:00:00,1.0755063224968553,2022-05-27 05:00:00,1.0704160205546056,初期損切り,initial,2,0.0033759862969296108,1.070442343051461,1.070442343051461,-0.0050903019422496865,-1.0051979865122103,0.06033125884719696,1.4999999999999905,False
EURUSD,買い,1,2022-05-30 09:00:00,2022-05-30 13:00:00,1.0786563224968553,2022-05-30 21:00:00,1.0737103891149367,初期損切り,initial,3,0.003279740590042241,1.073736711611792,1.073736711611792,-0.004945933381918621,-1.005350524151245,0.010268343553418975,1.4999999999999871,False
GBPUSD,買い,1,2022-05-22 17:00:00,2022-05-22 21:00:00,1.2526662429853745,2022-05-31 05:00:00,1.2585837570146254,トレイル,trail,39,0.005012517042202424,1.2451474674220708,1.25865,0.005917514029250892,0.7870316089939019,2.8017375095955472,1.096503600705902,True
USDCHF,売り,-1,2022-05-23 01:00:00,2022-05-23 05:00:00,0.9688636570334298,2022-05-31 05:00:00,0.9617533261921075,トレイル,trail,37,0.0035884916127686644,0.9742463944525828,0.9616569832255373,0.007110330841322288,1.3209507147835455,4.008273833565475,0.09930160218355197,True
EURUSD,売り,-1,2022-05-31 05:00:00,2022-05-31 09:00:00,1.0681536775031446,2022-05-31 09:00:00,1.073123436671379,初期損切り,initial,1,0.0032956244475861054,1.0730971141745238,1.0730971141745238,-0.0049697591682345,-1.005324736333276,-0.0,1.500000000000012,False
AUDUSD,買い,1,2022-05-26 21:00:00,2022-05-27 01:00:00,0.7143242521179044,2022-06-01 21:00:00,0.7158880906825642,トレイル,trail,24,0.003543828599765693,0.7090085092182559,0.7159323428004686,0.001563838564659803,0.294190030289689,2.4537721386047084,0.5542740182282739,True
EURUSD,売り,-1,2022-06-01 09:00:00,2022-06-01 13:00:00,1.0638936775031447,2022-06-02 01:00:00,1.0693916854173395,初期損切り,initial,4,0.0036477902782263323,1.0693653629204842,1.0693653629204842,-0.005498007914194858,-1.0048106743805016,0.05035308752290741,1.5000000000000158,False
GBPUSD,売り,-1,2022-06-01 09:00:00,2022-06-01 13:00:00,1.2469737570146253,2022-06-02 01:00:00,1.2539865708560298,初期損切り,initial,4,0.0046310472373532734,1.2539203278706552,1.2539203278706552,-0.007012813841404508,-1.0095360699181664,-0.0,1.4999999999999976,False
USDCHF,買い,1,2022-06-01 09:00:00,2022-06-01 13:00:00,0.9636563429665702,2022-06-02 01:00:00,0.9589040959716493,初期損切り,initial,4,0.0031039360189004683,0.9590004389382195,0.9590004389382195,-0.004752246994920939,-1.0206926444324422,0.11715996438566967,1.499999999999999,False
AUDUSD,買い,1,2022-06-02 09:00:00,2022-06-02 13:00:00,0.7258842521179044,2022-06-03 09:00:00,0.7207358522512499,初期損切り,initial,6,0.0034027651658334276,0.7207801043691543,0.7207801043691543,-0.005148399866654496,-1.0086698348250578,0.7158142755640241,1.499999999999994,False
AUDUSD,売り,-1,2022-06-06 17:00:00,2022-06-06 21:00:00,0.7179757478820956,2022-06-06 21:00:00,0.7223671245221477,初期損切り,initial,1,0.0028980830147651566,0.7223228724042433,0.7223228724042433,-0.004391376640052069,-1.010179629702089,-0.0,1.4999999999999858,False
USDCHF,買い,1,2022-06-06 09:00:00,2022-06-06 13:00:00,0.9697363429665702,2022-06-07 09:00:00,0.97192618045396,トレイル,trail,6,0.002948738289734913,0.9653132355319678,0.9720225234205302,0.0021898374873897675,0.49509027754073315,2.7753080230682405,0.07336797820385296,True
EURUSD,売り,-1,2022-06-06 09:00:00,2022-06-06 13:00:00,1.0700536775031446,2022-06-07 13:00:00,1.0701463224968553,建値,breakeven,7,0.0031038416401793557,1.0747094399634136,1.0700536775031446,-9.264499371064439e-05,-0.019898994955445146,1.5605427288696132,0.3016656793100389,True
GBPUSD,買い,1,2022-06-07 09:00:00,2022-06-07 13:00:00,1.2593862429853746,2022-06-08 01:00:00,1.2521713544771946,初期損切り,initial,4,0.004765763681870222,1.2522375974625692,1.2522375974625692,-0.007214888508179973,-1.0092665086222719,0.11619481191063706,1.5000000000000064,False
USDCHF,買い,1,2022-06-08 01:00:00,2022-06-08 05:00:00,0.9789563429665702,2022-06-08 09:00:00,0.974453543349337,初期損切り,initial,2,0.002937637767108627,0.9745498863159072,0.9745498863159072,-0.004502799617233211,-1.021864045015801,0.0,1.5000000000000104,False
USDJPY,買い,1,2022-05-30 05:00:00,2022-05-30 09:00:00,127.73779265018453,2022-06-08 09:00:00,133.60940624740576,トレイル,trail,43,0.43240055120486637,127.08919182337723,133.61119889759027,5.871613597221227,9.05273837858627,15.583253377082269,0.7025723009326137,True
EURUSD,買い,1,2022-06-08 05:00:00,2022-06-08 09:00:00,1.0731963224968553,2022-06-09 09:00:00,1.0683765646041945,初期損切り,initial,7,0.0031956235972037056,1.0684028871010498,1.0684028871010498,-0.004819757892660759,-1.0054913636425,1.3217068201776536,1.499999999999968,False
USDJPY,買い,1,2022-06-12 17:00:00,2022-06-12 21:00:00,134.9637926501845,2022-06-13 05:00:00,134.1292264852795,初期損切り,initial,3,0.5551823431469931,134.13101913546402,134.13101913546402,-0.8345661649049987,-1.0021526263177458,0.4434711457498914,1.4999999999999938,False
GBPUSD,売り,-1,2022-06-09 13:00:00,2022-06-09 17:00:00,1.2494637570146254,2022-06-13 21:00:00,1.2187902225173775,トレイル,trail,14,0.003991989766001455,1.2554517416636275,1.2187239795320028,0.030673534497247967,5.122513883257751,9.70036480163947,0.5702026104276905,True
USDCHF,買い,1,2022-06-10 05:00:00,2022-06-10 09:00:00,0.9863363429665702,2022-06-14 01:00:00,0.9925029391267958,トレイル,trail,11,0.003430358953317028,0.9811908045365947,0.992599282093366,0.006166596160225524,1.1984355464729928,3.8257387089883665,0.4536968252448717,True
AUDUSD,売り,-1,2022-06-09 09:00:00,2022-06-09 13:00:00,0.7120457478820956,2022-06-14 21:00:00,0.691825210198033,トレイル,trail,21,0.003350479040064313,0.7170714664421921,0.6917809580801286,0.020220537684062623,4.023412262797797,8.048326092969079,0.51761318222455,True
GBPUSD,売り,-1,2022-06-14 05:00:00,2022-06-14 09:00:00,1.2076337570146254,2022-06-15 01:00:00,1.2046374288359427,トレイル,trail,5,0.005585592925284066,1.2160121464025515,1.204571185850568,0.0029963281786826723,0.3576257965523315,2.548298310496998,0.1371820316346386,True
USDJPY,買い,1,2022-06-14 13:00:00,2022-06-14 17:00:00,135.46079265018452,2022-06-15 01:00:00,134.4917873340571,初期損切り,initial,3,0.6448084439619245,134.49357998424162,134.49357998424162,-0.9690053161274079,-1.0018534188474193,0.21123692019072832,1.5000000000000135,False
EURUSD,買い,1,2022-06-15 01:00:00,2022-06-15 05:00:00,1.0494263224968554,2022-06-15 05:00:00,1.0429649954710796,初期損切り,initial,1,0.004290003019280288,1.0429913179679349,1.0429913179679349,-0.006461327025775843,-1.0040905172229655,0.0,1.5000000000000253,False
EURUSD,売り,-1,2022-06-15 09:00:00,2022-06-15 13:00:00,1.0381636775031446,2022-06-15 13:00:00,1.0452290600274874,初期損切り,initial,1,0.004692706684991679,1.045202737530632,1.045202737530632,-0.007065382524342745,-1.0037394903229175,-0.0,1.4999999999999838,False
USDCHF,買い,1,2022-06-14 09:00:00,2022-06-14 13:00:00,1.00272634296657,2022-06-15 13:00:00,1.00282365703343,時間切れ,time,6,0.004519110556619539,0.9959476771316407,0.9959476771316407,9.731406685986599e-05,0.014355932159750845,0.21545324488771278,1.4574423183611689,False
USDJPY,売り,-1,2022-06-16 01:00:00,2022-06-16 05:00:00,133.2242073498155,2022-06-16 17:00:00,132.9093098928204,トレイル,trail,4,0.7067586213179424,134.2843452817924,132.9075172426359,0.31489745699508376,0.2970344211793954,2.448088070845245,0.2402413568976273,True
GBPUSD,買い,1,2022-06-16 05:00:00,2022-06-16 09:00:00,1.2222462429853747,2022-06-17 01:00:00,1.2252074682619356,トレイル,trail,5,0.0076831443763448375,1.2107215264208575,1.2252737112473102,0.0029612252765609526,0.2569456055585859,2.3940402670626266,0.011224959619432462,True
AUDUSD,買い,1,2022-06-16 09:00:00,2022-06-16 13:00:00,0.7039842521179044,2022-06-17 05:00:00,0.6967773376344187,初期損切り,initial,5,0.004775108243720826,0.6968215897523231,0.6968215897523231,-0.007206914483485649,-1.0061781661127926,0.6148023735286123,1.5000000000000073,False
EURUSD,買い,1,2022-06-16 09:00:00,2022-06-16 13:00:00,1.0560363224968552,2022-06-17 05:00:00,1.0475607970753817,初期損切り,initial,5,0.005632801949745396,1.047587119572237,1.047587119572237,-0.008475525421473451,-1.003115382254421,0.7303074987982969,1.5000000000000098,False
AUDUSD,売り,-1,2022-06-17 09:00:00,2022-06-17 13:00:00,0.6925157478820956,2022-06-20 13:00:00,0.6964642521179044,時間切れ,time,6,0.004722020149284883,0.6995987781060229,0.6995987781060229,-0.003948504235808836,-0.5574597468849302,0.01180593905429571,1.491787814368218,False
EURUSD,買い,1,2022-06-21 01:00:00,2022-06-21 05:00:00,1.0578563224968554,2022-06-21 17:00:00,1.0514394726147327,初期損切り,initial,4,0.004260351590178176,1.051465795111588,1.051465795111588,-0.006416849882122655,-1.0041189866295033,0.09709938121031766,1.5000000000000209,False
GBPUSD,買い,1,2022-06-21 01:00:00,2022-06-21 05:00:00,1.2310362429853745,2022-06-22 01:00:00,1.2220620417890258,初期損切り,initial,6,0.0059386388073161085,1.2221282847744004,1.2221282847744004,-0.00897420119634873,-1.0074363825924733,0.12692420587977876,1.499999999999993,False
EURUSD,売り,-1,2022-06-21 21:00:00,2022-06-22 01:00:00,1.0496436775031448,2022-06-22 09:00:00,1.055446310120891,初期損切り,initial,3,0.0038508734139272895,1.0554199876240358,1.0554199876240358,-0.005802632617746273,-1.0045569743148206,0.7124818731308896,1.5000000000000095,False
USDJPY,買い,1,2022-06-21 05:00:00,2022-06-21 09:00:00,136.23679265018453,2022-06-22 09:00:00,135.80120734981548,時間切れ,time,6,0.639373323767403,135.27773266453343,135.27773266453343,-0.4355853003690413,-0.45417941201386175,0.7526234391200862,0.7644870876132347,False
AUDUSD,売り,-1,2022-06-21 21:00:00,2022-06-22 01:00:00,0.6925357478820956,2022-06-23 09:00:00,0.69258,建値,breakeven,9,0.0036570506546150963,0.6980213238640183,0.6925357478820956,-4.425211790437533e-05,-0.00806699570841882,1.5410636642354094,0.6410225997132618,True
AUDUSD,買い,1,2022-06-24 09:00:00,2022-06-24 13:00:00,0.6948642521179044,2022-06-27 13:00:00,0.6933757478820957,時間切れ,time,6,0.0034751225645881104,0.6896515682710223,0.6896515682710223,-0.0014885042358087075,-0.28555429017607087,0.2980464322755065,1.1925484758824805,False
AUDUSD,買い,1,2022-06-28 01:00:00,2022-06-28 05:00:00,0.6959642521179044,2022-06-28 09:00:00,0.6912688966579151,初期損切り,initial,2,0.0031007355613899257,0.6913131487758195,0.6913131487758195,-0.0046953554599892255,-1.0095143269563434,0.09537991106957236,1.4999999999999876,False
USDCHF,売り,-1,2022-06-16 01:00:00,2022-06-16 05:00:00,0.9798236570334298,2022-06-30 05:00:00,0.9558763429665702,最大保有,max,60,0.005739974116832807,0.988433618208679,0.95872,0.02394731406685957,2.7813498318320153,5.279406564667689,0.3303748288705916,True
EURUSD,売り,-1,2022-06-29 09:00:00,2022-06-29 13:00:00,1.0445436775031447,2022-06-30 09:00:00,1.04457,建値,breakeven,6,0.0036366088047691644,1.0499985907102984,1.0445436775031447,-2.632249685530219e-05,-0.004825465750909113,1.7251450018261987,0.6396955575217377,True
GBPUSD,売り,-1,2022-06-28 05:00:00,2022-06-28 09:00:00,1.2212937570146254,2022-06-30 09:00:00,1.2188659527710484,トレイル,trail,13,0.00479985489283684,1.2284935393538807,1.2187997097856738,0.0024278042435770253,0.3372052277663932,2.5196088808171475,0.27422557863965935,True
USDJPY,買い,1,2022-06-27 05:00:00,2022-06-27 09:00:00,135.41979265018452,2022-06-30 09:00:00,135.91749991690014,トレイル,trail,19,0.5443537164576765,134.603262075498,135.91929256708465,0.49770726671562215,0.6095390450096785,2.917601739087188,0.7436206237713913,True
AUDUSD,売り,-1,2022-06-30 21:00:00,2022-07-01 01:00:00,0.6821857478820956,2022-07-01 13:00:00,0.68223,建値,breakeven,4,0.003360758061243616,0.687226884973961,0.6821857478820956,-4.425211790437533e-05,-0.008778201643391584,1.73346244386896,0.45056861883833804,True
GBPUSD,売り,-1,2022-07-01 05:00:00,2022-07-01 09:00:00,1.2006837570146254,2022-07-01 13:00:00,1.2078289910066102,初期損切り,initial,2,0.004719327337740155,1.2077627480212356,1.2077627480212356,-0.007145233991984856,-1.0093576874603694,0.6597883112970017,1.500000000000003,False
USDCHF,買い,1,2022-07-01 05:00:00,2022-07-01 09:00:00,0.9627163429665703,2022-07-04 01:00:00,0.957504526938936,初期損切り,initial,5,0.0034103153740426854,0.9576008699055062,0.9576008699055062,-0.0052118160276343195,-1.018833637753583,0.4350498035232752,1.500000000000015,False
USDCHF,買い,1,2022-07-05 01:00:00,2022-07-05 05:00:00,0.9644763429665703,2022-07-06 21:00:00,0.9685236791091341,トレイル,trail,11,0.002879988962147834,0.9601563595233485,0.9686200220757043,0.004047336142563807,0.9368869570355088,3.4387829827110985,0.5126210502797423,True
GBPUSD,売り,-1,2022-07-05 05:00:00,2022-07-05 09:00:00,1.1969137570146253,2022-07-07 01:00:00,1.19698,建値,breakeven,11,0.0049904376326017534,1.2043994134635279,1.1969137570146253,-6.624298537460938e-05,-0.008849322143860923,1.8663206917525645,0.4140404384329276,True
GBPUSD,買い,1,2022-07-07 09:00:00,2022-07-07 13:00:00,1.2008662429853747,2022-07-08 01:00:00,1.1928995433659988,初期損切り,initial,4,0.0052669710893342705,1.1929657863513734,1.1929657863513734,-0.007966699619375905,-1.0083847033713733,0.894965424088022,1.4999999999999791,False
AUDUSD,買い,1,2022-07-07 01:00:00,2022-07-07 05:00:00,0.6827442521179043,2022-07-08 05:00:00,0.6814357478820956,時間切れ,time,6,0.003616403180593058,0.6773196473470148,0.6773196473470148,-0.0013085042358087495,-0.2412165108932289,0.9445152300567026,0.6980007460037536,False
EURUSD,売り,-1,2022-07-05 01:00:00,2022-07-05 05:00:00,1.0307136775031447,2022-07-08 05:00:00,1.0149470744843083,トレイル,trail,19,0.00386537599372654,1.0365117414937346,1.014920751987453,0.015766603018836367,2.7192875146644426,6.08574108736726,0.4621342140465679,True
USDCHF,買い,1,2022-07-08 01:00:00,2022-07-08 05:00:00,0.9771763429665702,2022-07-11 05:00:00,0.9792836570334298,時間切れ,time,6,0.002996942470626264,0.9726809292606308,0.9726809292606308,0.0021073140668596,0.4687697739755055,0.9955670029282728,0.8196163225171491,False
USDJPY,買い,1,2022-07-08 05:00:00,2022-07-08 09:00:00,136.4227926501845,2022-07-12 05:00:00,136.73485533519025,トレイル,trail,12,0.5081760073126109,135.66052863921558,136.73664798537476,0.31206268500574197,0.4093892411489794,2.617611478452164,1.091733262100314,True
AUDUSD,売り,-1,2022-07-11 05:00:00,2022-07-11 09:00:00,0.6740957478820956,2022-07-12 09:00:00,0.6747142521179044,時間切れ,time,6,0.0037134175127171805,0.6796658741511714,0.6796658741511714,-0.0006185042358087811,-0.11103953589752412,0.8175078271428413,0.3350692761164961,False
EURUSD,売り,-1,2022-07-11 09:00:00,2022-07-11 13:00:00,1.0063636775031446,2022-07-12 09:00:00,1.00639,建値,breakeven,6,0.004215728642120706,1.0126872704663257,1.0063636775031446,-2.632249685530219e-05,-0.004162585575726361,1.5118803993841252,0.23396252002576912,True
AUDUSD,買い,1,2022-07-13 01:00:00,2022-07-13 05:00:00,0.6781442521179044,2022-07-13 05:00:00,0.6732484354245157,初期損切り,initial,1,0.003234376383656171,0.6732926875424201,0.6732926875424201,-0.004895816693388677,-1.0091212055855205,0.0,1.500000000000014,False
GBPUSD,売り,-1,2022-07-11 09:00:00,2022-07-11 13:00:00,1.1882537570146254,2022-07-13 09:00:00,1.1963846443688115,初期損切り,initial,12,0.005376429579207678,1.196318401383437,1.196318401383437,-0.0081308873541861,-1.0082139995696233,1.3900966997742947,1.4999999999999953,False
EURUSD,買い,1,2022-07-13 09:00:00,2022-07-13 13:00:00,1.0082463224968552,2022-07-14 01:00:00,1.0009140235610183,初期損切り,initial,4,0.004870650959321066,1.0009403460578736,1.0009403460578736,-0.007332298935836867,-1.0036028718508894,0.10546382966775097,1.4999999999999931,False
USDCHF,売り,-1,2022-07-13 01:00:00,2022-07-13 05:00:00,0.9786636570334297,2022-07-14 01:00:00,0.9832103668847718,初期損切り,initial,6,0.0029669112565145345,0.9831140239182016,0.9831140239182016,-0.00454670985134209,-1.0216483200295134,1.0056441785639623,1.5000000000000164,False
AUDUSD,売り,-1,2022-07-14 05:00:00,2022-07-14 09:00:00,0.6707957478820956,2022-07-15 05:00:00,0.6769537162319486,初期損切り,initial,6,0.004075810821299017,0.6769094641140442,0.6769094641140442,-0.006157968349852938,-1.0072381700794624,0.6466806232325552,1.5000000000000093,False
EURUSD,売り,-1,2022-07-14 09:00:00,2022-07-14 13:00:00,0.9990336775031446,2022-07-15 05:00:00,1.0064381535309033,初期損切り,initial,5,0.004918769020602275,1.006411831034048,1.006411831034048,-0.007404476027758622,-1.0035676266080609,-0.0,1.4999999999999811,False
GBPUSD,売り,-1,2022-07-14 05:00:00,2022-07-14 09:00:00,1.1811437570146255,2022-07-15 09:00:00,1.1847662429853747,時間切れ,time,6,0.005633355050441645,1.189593789590288,1.189593789590288,-0.003622485970749212,-0.4286949119205277,0.905988876775197,0.7431171917783376,False
USDJPY,買い,1,2022-07-13 05:00:00,2022-07-13 09:00:00,137.5897926501845,2022-07-15 09:00:00,138.4982911211668,トレイル,trail,13,0.44595811432434085,136.920855478698,138.5000837713513,0.9084984709822947,1.3581222717275983,4.041203180137143,1.1095047590605107,True
EURUSD,買い,1,2022-07-18 01:00:00,2022-07-18 05:00:00,1.0130763224968553,2022-07-18 17:00:00,1.01305,建値,breakeven,4,0.004266428917495234,1.0066766791206125,1.0130763224968553,-2.632249685530219e-05,-0.004113119326776579,1.655641671229749,0.26165266513117397,True
USDCHF,売り,-1,2022-07-17 17:00:00,2022-07-17 21:00:00,0.9749836570334297,2022-07-18 21:00:00,0.9784063429665703,時間切れ,time,6,0.003341870115772779,0.9799964622070889,0.9799964622070889,-0.0034226859331405457,-0.6827885414589346,0.5576689006056021,1.2018249744698797,False
USDJPY,売り,-1,2022-07-19 01:00:00,2022-07-19 05:00:00,137.7192073498155,2022-07-19 17:00:00,138.35236856770842,初期損切り,initial,4,0.4209123784722838,138.3505759175239,138.3505759175239,-0.6331612178929333,-1.002839308569025,0.7940069404195655,1.4999999999999885,False
EURUSD,買い,1,2022-07-19 01:00:00,2022-07-19 05:00:00,1.0244363224968553,2022-07-20 05:00:00,1.0231236775031447,時間切れ,time,6,0.004814497898253796,1.0172145756494746,1.0172145756494746,-0.0013126449937106432,-0.18176280911684622,0.6010341190914757,0.5247322878199903,False
GBPUSD,買い,1,2022-07-18 05:00:00,2022-07-18 09:00:00,1.1980162429853747,2022-07-21 09:00:00,1.1904285880703354,初期損切り,initial,19,0.0050142746197764645,1.19049483105571,1.19049483105571,-0.007587654915039321,-1.008807254009498,1.3169914923646002,1.500000000000003,False
USDJPY,買い,1,2022-07-20 17:00:00,2022-07-20 21:00:00,138.46779265018452,2022-07-21 09:00:00,137.91515779206236,初期損切り,initial,4,0.3672281386250952,137.91695044224687,137.91695044224687,-0.5526348581221612,-1.0032543805806569,1.1170368135494315,1.5000000000000162,False
AUDUSD,買い,1,2022-07-17 17:00:00,2022-07-17 21:00:00,0.6805842521179044,2022-07-24 17:00:00,0.690194041906212,トレイル,trail,30,0.003760852987941818,0.6749429726359917,0.6902382940241164,0.009609789788307621,1.703476989416829,4.566981995085992,0.33616100442050373,True
USDJPY,売り,-1,2022-07-21 13:00:00,2022-07-21 17:00:00,137.3802073498155,2022-07-24 17:00:00,136.46634828650616,トレイル,trail,7,0.4502778181608237,138.05562407705673,136.46455563632165,0.9138590633093315,1.3530299538805066,4.033526140003666,1.289854011811617,True
USDCHF,売り,-1,2022-07-19 01:00:00,2022-07-19 05:00:00,0.9699436570334298,2022-07-26 05:00:00,0.9661663429665702,トレイル,trail,31,0.0036009173993411694,0.9753450331324415,0.96607,0.0037773140668595495,0.6993243939355851,2.761423251543931,1.1042583113119322,True
EURUSD,売り,-1,2022-07-26 05:00:00,2022-07-26 09:00:00,1.0148036775031446,2022-07-27 09:00:00,1.0143263224968553,時間切れ,time,6,0.004774600031654902,1.021965577550627,1.021965577550627,0.00047735500628931504,0.06665200618893323,0.8448199799777901,0.4997952668358547,False
USDJPY,買い,1,2022-07-26 13:00:00,2022-07-26 17:00:00,136.91979265018452,2022-07-27 17:00:00,136.23691910085114,初期損切り,initial,7,0.45405393276590406,136.23871175103565,136.23871175103565,-0.6828735493333795,-1.0026320664502024,1.2073617477025773,1.5000000000000242,False
AUDUSD,買い,1,2022-07-27 13:00:00,2022-07-27 17:00:00,0.6992742521179044,2022-07-28 17:00:00,0.6989657478820956,時間切れ,time,6,0.0034171653858051055,0.6941485040391967,0.6941485040391967,-0.00030850423580874864,-0.06018716313629893,0.6279321132682311,1.11620354512217,False
GBPUSD,買い,1,2022-07-22 09:00:00,2022-07-22 13:00:00,1.2023162429853747,2022-07-29 05:00:00,1.2134653248559735,トレイル,trail,29,0.005504216079325914,1.1940599188663858,1.213531567841348,0.01114908187059882,1.350368724618846,4.037588040574707,1.1402610099099328,True
USDCHF,売り,-1,2022-07-27 13:00:00,2022-07-27 17:00:00,0.9596336570334297,2022-07-29 05:00:00,0.9566956057081369,トレイル,trail,10,0.003209631370783333,0.9644481040896047,0.9565992627415667,0.00293805132529279,0.6102572717098325,2.9454027398549747,1.1111378705461188,True
AUDUSD,売り,-1,2022-07-29 05:00:00,2022-07-29 09:00:00,0.6949357478820957,2022-08-01 01:00:00,0.7001033988958169,初期損切り,initial,5,0.003415599263877888,0.7000591467779125,0.7000591467779125,-0.005167651013721186,-1.0086372579617968,1.1288642443721661,1.4999999999999938,False
AUDUSD,買い,1,2022-08-01 09:00:00,2022-08-01 13:00:00,0.7034442521179044,2022-08-01 21:00:00,0.6981436200414898,初期損切り,initial,3,0.0035042533056735083,0.6981878721593942,0.6981878721593942,-0.005300632076414624,-1.0084187441268806,0.0,1.499999999999996,False
EURUSD,買い,1,2022-08-01 01:00:00,2022-08-01 05:00:00,1.0256263224968554,2022-08-02 05:00:00,1.0240436775031447,時間切れ,time,6,0.004568350905397071,1.0187737961387597,1.0187737961387597,-0.0015826449937106357,-0.23095788487422475,0.8260480819646501,0.8944852489391469,False
USDCHF,売り,-1,2022-08-01 01:00:00,2022-08-01 05:00:00,0.9495436570334298,2022-08-02 05:00:00,0.9516963429665702,時間切れ,time,6,0.003342822149600979,0.9545578902578312,0.9545578902578312,-0.0021526859331404413,-0.42931507905625993,0.7429821038269273,1.1476359778901597,False
GBPUSD,買い,1,2022-08-01 05:00:00,2022-08-01 09:00:00,1.2248262429853747,2022-08-02 09:00:00,1.2220737570146254,時間切れ,time,6,0.0053253369962574125,1.2168382374909885,1.2168382374909885,-0.0027524859707492855,-0.34457737575214514,0.8476002584996287,1.1748069633474025,False
USDJPY,売り,-1,2022-08-01 01:00:00,2022-08-01 05:00:00,132.3452073498155,2022-08-02 09:00:00,131.83537229729353,トレイル,trail,8,0.7162898235545071,133.41964208514725,131.83357964710902,0.5098350525219644,0.47451467805025777,2.714274705408457,0.22447987518039692,True
AUDUSD,売り,-1,2022-08-02 17:00:00,2022-08-02 21:00:00,0.6892557478820956,2022-08-03 13:00:00,0.694866707305631,初期損切り,initial,5,0.0037111382037540307,0.6948224551877267,0.6948224551877267,-0.0056109594235354,-1.007949424224189,0.004243410304621579,1.4999999999999942,False
USDCHF,買い,1,2022-08-03 05:00:00,2022-08-03 09:00:00,0.9597363429665703,2022-08-04 05:00:00,0.95964,建値,breakeven,6,0.003379421708508835,0.9546672104038071,0.9597363429665703,-9.634296657023977e-05,-0.019005809253826642,1.598988673069176,0.03442688619692744,True
EURUSD,売り,-1,2022-08-03 09:00:00,2022-08-03 13:00:00,1.0149736775031446,2022-08-04 09:00:00,1.021390635732534,初期損切り,initial,6,0.004260423821689304,1.0213643132356787,1.0213643132356787,-0.006416958229389369,-1.0041189167959312,0.029029389638407097,1.5000000000000258,False
USDJPY,買い,1,2022-08-03 09:00:00,2022-08-03 13:00:00,134.1267926501845,2022-08-04 13:00:00,133.0892073498155,時間切れ,time,6,0.8557529774899167,132.84316318394963,132.84316318394963,-1.0375853003690167,-0.8083215037221358,0.3484736339337045,1.3833345384982303,False
AUDUSD,売り,-1,2022-08-05 05:00:00,2022-08-05 09:00:00,0.6886757478820956,2022-08-07 21:00:00,0.6935080481608579,初期損切り,initial,4,0.0031920321072385523,0.6934637960429535,0.6934637960429535,-0.004832300278762247,-1.0092422040083429,0.5312439928941037,1.5000000000000135,False
GBPUSD,売り,-1,2022-08-05 05:00:00,2022-08-05 09:00:00,1.2026937570146254,2022-08-08 01:00:00,1.2107156077383798,初期損切り,initial,5,0.005303738492253175,1.2106493647530052,1.2106493647530052,-0.008021850723754387,-1.00832657762336,0.44379205687902196,1.5000000000000027,False
AUDUSD,買い,1,2022-08-08 05:00:00,2022-08-08 09:00:00,0.6992542521179044,2022-08-09 09:00:00,0.6974157478820956,時間切れ,time,6,0.00315903806602532,0.6945156950188663,0.6945156950188663,-0.00183850423580878,-0.38798819923094996,0.5399580019122132,0.8845262575199401,False
EURUSD,買い,1,2022-08-09 01:00:00,2022-08-09 05:00:00,1.0239763224968552,2022-08-10 05:00:00,1.0222036775031447,時間切れ,time,6,0.003232661573103491,1.0191273301372,1.0191273301372,-0.0017726449937105482,-0.36556976423790105,0.24242485191306676,1.1712709206427256,False
USDCHF,売り,-1,2022-08-09 01:00:00,2022-08-09 05:00:00,0.9517836570334297,2022-08-10 05:00:00,0.9517963429665702,時間切れ,time,6,0.0028609271751192647,0.9560750477961086,0.9560750477961086,-1.2685933140521577e-05,-0.002956135631098389,0.28789863670519505,1.110249500299814,False
USDJPY,買い,1,2022-08-05 05:00:00,2022-08-05 09:00:00,134.6797926501845,2022-08-10 05:00:00,133.45032169633777,初期損切り,initial,18,0.8184522024414959,133.45211434652228,133.45211434652228,-1.229470953846743,-1.001460195377854,1.1023335842021575,1.4999999999999838,False
USDJPY,売り,-1,2022-08-11 05:00:00,2022-08-11 09:00:00,131.9352073498155,2022-08-11 13:00:00,132.9612739475664,初期損切り,initial,2,0.682849298377603,132.9594812973819,132.9594812973819,-1.026066597750912,-1.0017501667290931,0.082312964147511,1.4999999999999927,False
GBPUSD,買い,1,2022-08-10 05:00:00,2022-08-10 09:00:00,1.2219862429853745,2022-08-12 05:00:00,1.2144994549038561,初期損切り,initial,12,0.004947030064095879,1.2145656978892307,1.2145656978892307,-0.00748678808151837,-1.0089269702584216,1.148923079298953,1.4999999999999882,False
USDCHF,売り,-1,2022-08-11 01:00:00,2022-08-11 05:00:00,0.9390436570334297,2022-08-12 05:00:00,0.9409163429665702,時間切れ,time,6,0.003190010788088052,0.9438286732155619,0.9438286732155619,-0.0018726859331404944,-0.39136459770676774,0.6155643864159589,1.139915570238459,False
AUDUSD,買い,1,2022-08-10 05:00:00,2022-08-10 09:00:00,0.7051542521179044,2022-08-15 01:00:00,0.7084357478820956,トレイル,trail,17,0.0031370125211825,0.7004487333361307,0.70848,0.0032814957641912335,0.6973717280444623,2.7114166184103468,0.3679462896977326,True
EURUSD,売り,-1,2022-08-12 05:00:00,2022-08-12 09:00:00,1.0270436775031446,2022-08-16 09:00:00,1.0190227487580377,トレイル,trail,13,0.003368213130591228,1.0320959971990316,1.0189964262611824,0.008020928745106959,1.5875734767213758,4.389175188729724,0.4145588306670774,True
GBPUSD,売り,-1,2022-08-15 01:00:00,2022-08-15 05:00:00,1.2074337570146254,2022-08-16 09:00:00,1.2075,建値,breakeven,8,0.004365324103747654,1.2139817431702469,1.2074337570146254,-6.624298537460938e-05,-0.010116543285257166,1.5219390030906716,0.9337778566945814,True
AUDUSD,売り,-1,2022-08-17 01:00:00,2022-08-17 05:00:00,0.6968157478820957,2022-08-18 05:00:00,0.696132809910927,トレイル,trail,7,0.0030842788965113124,0.7014421662268626,0.6960885577930226,0.0006829379711686956,0.14761699445991086,2.2357731299512493,0.16024884081118082,True
AUDUSD,売り,-1,2022-08-19 09:00:00,2022-08-19 13:00:00,0.6875757478820956,2022-08-22 05:00:00,0.6926523422389571,初期損切り,initial,5,0.0033548948259713622,0.6926080901210527,0.6926080901210527,-0.005076594356861475,-1.0087935430070436,0.29680450021480503,1.5000000000000167,False
EURUSD,売り,-1,2022-08-18 09:00:00,2022-08-18 13:00:00,1.0090136775031446,2022-08-23 09:00:00,0.996921753561472,トレイル,trail,18,0.003472715532308347,1.014222750801607,0.9968954310646166,0.012091923941672689,2.3213195992541844,5.48955920108804,0.26386339115034607,True
GBPUSD,売り,-1,2022-08-18 09:00:00,2022-08-18 13:00:00,1.1936437570146254,2022-08-23 09:00:00,1.1817223039513671,トレイル,trail,18,0.004943030482996295,1.20105830273912,1.1816560609659925,0.011921453063258314,1.6078467253732085,4.425171378139336,0.15096872008814247,True
USDCHF,買い,1,2022-08-15 01:00:00,2022-08-15 05:00:00,0.9458163429665702,2022-08-23 09:00:00,0.9635859526366096,トレイル,trail,38,0.0027888521984100606,0.9416330646689551,0.9636822956031799,0.017769609670039377,4.247771342434933,8.406202754952421,1.3971134679677866,True
USDJPY,買い,1,2022-08-16 01:00:00,2022-08-16 05:00:00,133.9417926501845,2022-08-23 09:00:00,136.6962073498155,トレイル,trail,32,0.557312894142422,133.10582330897088,136.698,2.754414699630985,3.2948752589804493,6.761385550955022,0.12523063958871997,True
AUDUSD,買い,1,2022-08-23 09:00:00,2022-08-23 13:00:00,0.6941842521179044,2022-08-24 05:00:00,0.6890448623301224,初期損切り,initial,5,0.003396758446585013,0.6890891144480268,0.6890891144480268,-0.005139389787781945,-1.0086851662843273,0.09295564788043552,1.5000000000000147,False
AUDUSD,買い,1,2022-08-25 01:00:00,2022-08-25 05:00:00,0.6986042521179043,2022-08-26 05:00:00,0.6963557478820956,時間切れ,time,6,0.003315383720186736,0.6936311765376242,0.6936311765376242,-0.0022485042358086904,-0.4521355445963372,0.08920472170231139,1.0690322499697549,False
EURUSD,売り,-1,2022-08-28 17:00:00,2022-08-28 21:00:00,0.9929936775031447,2022-08-29 05:00:00,0.9989975776758926,初期損切り,initial,3,0.0039850517839284194,0.9989712551790373,0.9989712551790373,-0.006003900172747878,-1.0044035390725923,0.39489512018170814,1.4999999999999867,False
AUDUSD,売り,-1,2022-08-28 17:00:00,2022-08-28 21:00:00,0.6862357478820956,2022-08-29 09:00:00,0.6914121017852,初期損切り,initial,4,0.003421401190133338,0.6913678496672956,0.6913678496672956,-0.005176353903104336,-1.0086226111165493,0.6300774923187512,1.4999999999999865,False
USDCHF,買い,1,2022-08-28 17:00:00,2022-08-28 21:00:00,0.9689963429665702,2022-08-29 21:00:00,0.9669036570334297,時間切れ,time,6,0.0030078968475349063,0.9644844976952679,0.9644844976952679,-0.0020926859331404923,-0.46382041211631164,0.5996405877109593,1.0094571457989288,False
GBPUSD,売り,-1,2022-08-26 09:00:00,2022-08-26 13:00:00,1.1752837570146253,2022-08-30 01:00:00,1.1744762429853746,トレイル,trail,10,0.004993301915164672,1.1827737098873723,1.17441,0.0008075140292507221,0.10781296531102993,2.0875479175349483,0.09737904769947418,True
AUDUSD,買い,1,2022-08-30 01:00:00,2022-08-30 05:00:00,0.6951042521179044,2022-08-30 09:00:00,0.6895858322859615,初期損切り,initial,2,0.0036494451426923456,0.6896300844038659,0.6896300844038659,-0.0055184198319429,-1.0080838074783307,0.13584198767538563,1.5000000000000018,False
USDCHF,買い,1,2022-08-30 05:00:00,2022-08-30 09:00:00,0.9722963429665702,2022-08-31 09:00:00,0.9747742535244877,トレイル,trail,7,0.002944701754471019,0.9678792903348636,0.9748705964910579,0.002477910557917462,0.5609873290009046,2.874198387181037,0.47418824824962424,True
AUDUSD,売り,-1,2022-08-31 13:00:00,2022-08-31 17:00:00,0.6842257478820957,2022-09-02 05:00:00,0.6841217864544182,トレイル,trail,10,0.003478767168256901,0.689443898634481,0.6840775343365139,0.00010396142767743477,0.01992304028968717,2.04260519270569,0.25418548443625727,True
EURUSD,売り,-1,2022-09-01 09:00:00,2022-09-01 13:00:00,0.9936536775031447,2022-09-02 05:00:00,1.0005352539648833,初期損切り,initial,5,0.004570169309922182,1.000508931468028,1.000508931468028,-0.006881576461738592,-1.0038397551702911,0.024873805637336974,1.5000000000000036,False
GBPUSD,売り,-1,2022-08-31 17:00:00,2022-08-31 21:00:00,1.1583137570146254,2022-09-02 05:00:00,1.15838,建値,breakeven,9,0.004702466052839277,1.1653674560938843,1.1583137570146254,-6.624298537460938e-05,-0.009391240628536862,1.7934753637473193,0.7115932252938113,True
EURUSD,売り,-1,2022-09-04 21:00:00,2022-09-05 01:00:00,0.9904936775031447,2022-09-05 17:00:00,0.9967446350856457,初期損切り,initial,5,0.004149756723763864,0.9967183125887904,0.9967183125887904,-0.006250957582501049,-1.0042287614443381,0.6467071883458677,1.499999999999988,False
GBPUSD,売り,-1,2022-09-04 17:00:00,2022-09-04 21:00:00,1.1479537570146254,2022-09-05 17:00:00,1.1546869907492152,初期損切り,initial,6,0.004444660499476723,1.1546207477638406,1.1546207477638406,-0.006733233734589783,-1.0099359647952861,0.8085560224562678,1.5000000000000202,False
USDCHF,売り,-1,2022-09-05 17:00:00,2022-09-05 21:00:00,0.9765536570334298,2022-09-06 01:00:00,0.9815038339681309,初期損切り,initial,2,0.003235889312087236,0.9814074910015607,0.9814074910015607,-0.004950176934701123,-1.019848838506392,-0.0,1.5000000000000089,False
USDCHF,買い,1,2022-09-06 09:00:00,2022-09-06 13:00:00,0.9848163429665703,2022-09-07 09:00:00,0.9796833300717466,初期損切り,initial,6,0.003357779952168977,0.9797796730383168,0.9797796730383168,-0.0051330128948237075,-1.01912830658801,0.641393141929556,1.5000000000000007,False
AUDUSD,売り,-1,2022-09-06 01:00:00,2022-09-06 05:00:00,0.6770657478820956,2022-09-07 13:00:00,0.676456307664295,トレイル,trail,9,0.0032660277731952673,0.6819647895418885,0.6764120555463906,0.0006094402178006275,0.1243998847371285,2.200149043761964,0.5003791245490575,True
GBPUSD,売り,-1,2022-09-07 05:00:00,2022-09-07 09:00:00,1.1430637570146254,2022-09-07 13:00:00,1.1502739942882148,初期損切り,initial,2,0.0047626628588098175,1.1502077513028401,1.1502077513028401,-0.007210237273589382,-1.0092725417605575,0.534103943536552,1.5000000000000095,False
USDJPY,買い,1,2022-08-26 09:00:00,2022-08-26 13:00:00,137.33579265018452,2022-09-07 13:00:00,143.9585834719987,トレイル,trail,49,0.5153119389083908,136.56282474182194,143.96037612218322,6.622790821814192,8.568002306646283,14.85548222700192,0.08498279756002174,True
EURUSD,買い,1,2022-09-07 13:00:00,2022-09-07 17:00:00,1.0004363224968553,2022-09-08 09:00:00,0.9941354197123765,初期損切り,initial,5,0.004183053525082374,0.9941617422092318,0.9941617422092318,-0.006300902784478812,-1.004195100811312,0.6128722684929266,1.4999999999999878,False
USDJPY,売り,-1,2022-09-08 21:00:00,2022-09-09 01:00:00,142.82420734981548,2022-09-11 17:00:00,142.826,建値,breakeven,5,0.678242507187812,143.8415711105972,142.82420734981548,-0.0017926501845124676,-0.0017620542952454272,1.946512251627296,0.4803483219230162,True
EURUSD,買い,1,2022-09-12 01:00:00,2022-09-12 05:00:00,1.0192263224968554,2022-09-12 09:00:00,1.0120725230326293,初期損切り,initial,2,0.004751651311580489,1.0120988455294846,1.0120988455294846,-0.007153799464226118,-1.003693101636931,0.0,1.5000000000000175,False
AUDUSD,買い,1,2022-09-08 17:00:00,2022-09-08 21:00:00,0.6784842521179044,2022-09-13 05:00:00,0.6830913050654915,トレイル,trail,15,0.0034122214083020515,0.6733659200054514,0.6831355571833959,0.00460705294758712,0.9001082474460778,3.363131083514895,0.07744284039172805,True
GBPUSD,買い,1,2022-09-08 21:00:00,2022-09-09 01:00:00,1.1588662429853747,2022-09-13 05:00:00,1.1630495010853539,トレイル,trail,14,0.005057127964635805,1.151280551038421,1.1631157440707285,0.004183258099979215,0.5514669102347537,2.8402992993395126,0.744739506635339,True
USDCHF,売り,-1,2022-09-12 01:00:00,2022-09-12 05:00:00,0.9543836570334298,2022-09-13 05:00:00,0.9605277569887234,初期損切り,initial,7,0.004031837992482236,0.9604314140221532,0.9604314140221532,-0.006144099955293636,-1.0159303633975245,1.1517469308261612,1.5000000000000104,False
USDJPY,買い,1,2022-09-13 05:00:00,2022-09-13 09:00:00,144.4097926501845,2022-09-14 01:00:00,143.17816252497892,初期損切り,initial,5,0.8198916500140437,143.17995517516343,143.17995517516343,-1.2316301252055837,-1.0014576317773105,0.6759519380469434,1.5000000000000069,False
EURUSD,売り,-1,2022-09-13 09:00:00,2022-09-13 13:00:00,0.9998136775031446,2022-09-14 13:00:00,0.9997763224968553,時間切れ,time,6,0.005108492942561933,1.0074764169169876,1.0074764169169876,3.735500628931909e-05,0.00487488928852735,0.8365828339583453,0.4964913381251434,False
USDCHF,買い,1,2022-09-14 21:00:00,2022-09-15 01:00:00,0.9634563429665702,2022-09-15 05:00:00,0.9582122528650561,初期損切り,initial,2,0.003431831423295928,0.9583085958316263,0.9583085958316263,-0.005244090101514165,-1.0187155592620853,0.21669392860664016,1.5000000000000098,False
EURUSD,売り,-1,2022-09-16 01:00:00,2022-09-16 05:00:00,0.9955136775031447,2022-09-16 09:00:00,1.0013640100729801,初期損切り,initial,2,0.0038826733819867323,1.0013376875761248,1.0013376875761248,-0.00585033256983547,-1.004519651670503,0.04988251240581885,1.500000000000018,False
AUDUSD,売り,-1,2022-09-15 13:00:00,2022-09-15 17:00:00,0.6700257478820957,2022-09-18 17:00:00,0.6718342521179044,時間切れ,time,6,0.0035350384357194305,0.6753283055356748,0.6753283055356748,-0.0018085042358086945,-0.34106262561576894,0.8559306884819936,0.6772916791262764,False
GBPUSD,売り,-1,2022-09-15 13:00:00,2022-09-15 17:00:00,1.1468237570146254,2022-09-19 17:00:00,1.1447760303890069,トレイル,trail,13,0.004809893701816221,1.1540385975673497,1.1447097874036323,0.0020477266256184734,0.28382146641414685,2.4395044344108365,0.2653370457839083,True
USDJPY,買い,1,2022-09-20 01:00:00,2022-09-20 05:00:00,143.6607926501845,2022-09-21 05:00:00,143.74620734981548,時間切れ,time,6,0.4952129252061364,142.9179732623753,142.9179732623753,0.0854146996309737,0.11498717054610955,0.8424807362243881,0.639709979404602,False
USDCHF,買い,1,2022-09-16 01:00:00,2022-09-16 05:00:00,0.9645163429665703,2022-09-21 21:00:00,0.96442,建値,breakeven,23,0.003492126741046573,0.9592781528550004,0.9645163429665703,-9.634296657023977e-05,-0.0183924150361481,1.576018696211547,1.1730224216726424,True
AUDUSD,売り,-1,2022-09-20 21:00:00,2022-09-21 01:00:00,0.6667957478820956,2022-09-22 01:00:00,0.664167116495565,トレイル,trail,7,0.0029114321888303258,0.6711628961653411,0.6641228643776607,0.0026286313865305777,0.6019102663894629,2.9180648323836804,1.2791821606535918,True
EURUSD,売り,-1,2022-09-21 01:00:00,2022-09-21 05:00:00,0.9901736775031447,2022-09-22 01:00:00,0.9882573579849371,トレイル,trail,6,0.0037505177440409205,0.995799454119206,0.9882310354880818,0.0019163195182075876,0.3406319960761626,2.517966357618075,0.9535543466065882,True
GBPUSD,売り,-1,2022-09-21 01:00:00,2022-09-21 05:00:00,1.1329437570146255,2022-09-22 01:00:00,1.130844293077282,トレイル,trail,6,0.004349025045953668,1.139467294583556,1.1307780500919073,0.0020994639373435042,0.32182905596230044,2.4979752702811253,0.6406592180853874,True
USDJPY,売り,-1,2022-09-22 01:00:00,2022-09-22 05:00:00,142.08520734981548,2022-09-22 09:00:00,142.087,建値,breakeven,2,0.9508182367789372,143.51143470498388,142.08520734981548,-0.0017926501845124676,-0.0012569175440480846,1.8207553061668553,1.3796460768657965,True
EURUSD,売り,-1,2022-09-23 01:00:00,2022-09-23 05:00:00,0.9752936775031447,2022-09-25 21:00:00,0.9642631372171305,トレイル,trail,5,0.004518407360137598,0.982071288543351,0.9642368147202752,0.011030540286014134,1.627496800949236,4.447070815353113,0.48829649940818626,True
GBPUSD,売り,-1,2022-09-23 01:00:00,2022-09-23 05:00:00,1.1174237570146255,2022-09-25 21:00:00,1.0501750378742256,トレイル,trail,5,0.005694397444425479,1.1259653531812637,1.050108794888851,0.06724871914039987,7.873085759200374,13.821261649320299,0.6245161178301631,True
USDCHF,買い,1,2022-09-26 01:00:00,2022-09-26 05:00:00,0.9852763429665702,2022-09-27 05:00:00,0.9864895787264192,トレイル,trail,7,0.004997039153505285,0.9777807842363122,0.9865859216929894,0.0012132357598489962,0.1618606168678833,2.262070935646088,0.11533689228067706,True
AUDUSD,売り,-1,2022-09-23 09:00:00,2022-09-23 13:00:00,0.6539357478820956,2022-09-28 05:00:00,0.6440306040468663,トレイル,trail,17,0.0038431759644809885,0.6597005118288171,0.6439863519289619,0.009905143835229335,1.7182219301212769,4.588847360903319,0.10518699160291911,True
EURUSD,売り,-1,2022-09-27 09:00:00,2022-09-27 13:00:00,0.9581436775031447,2022-09-28 09:00:00,0.9666698840150585,初期損切り,initial,6,0.005666589343372314,0.9666435615182032,0.9666435615182032,-0.008526206511913825,-1.0030968065927395,0.8018363830191755,1.5000000000000093,False
USDJPY,買い,1,2022-09-27 09:00:00,2022-09-27 13:00:00,144.8157926501845,2022-09-28 13:00:00,144.21620734981548,時間切れ,time,6,0.6947994476757102,143.77359347867093,143.77359347867093,-0.5995853003690286,-0.57530778833595,0.126953684420113,1.1165706201692402,False
AUDUSD,買い,1,2022-09-28 09:00:00,2022-09-28 13:00:00,0.6514042521179044,2022-09-29 01:00:00,0.6442151583839174,初期損切り,initial,4,0.004763227744055114,0.6442594105018218,0.6442594105018218,-0.0071890937339870176,-1.006193575768669,0.36020698028495446,1.499999999999994,False
USDCHF,売り,-1,2022-09-28 09:00:00,2022-09-28 13:00:00,0.9766636570334297,2022-09-29 01:00:00,0.9853014813853518,初期損切り,initial,4,0.005694320923567886,0.9852051384187815,0.9852051384187815,-0.008637824351922063,-1.0112794212413148,0.2851362006503087,1.499999999999999,False
USDCHF,売り,-1,2022-09-29 17:00:00,2022-09-29 21:00:00,0.9745136570334297,2022-09-30 09:00:00,0.9824737893157076,初期損切り,initial,4,0.005242526210471779,0.9823774463491374,0.9823774463491374,-0.007960132282277876,-1.0122514684336426,0.09225648361350977,1.499999999999994,False
AUDUSD,売り,-1,2022-09-30 09:00:00,2022-09-30 13:00:00,0.6429757478820957,2022-10-03 09:00:00,0.6500629252245758,初期損切り,initial,6,0.004695283483050483,0.6500186731066714,0.6500186731066714,-0.0070871773424801,-1.0062832014387944,0.8148065810948887,1.5,False
USDJPY,買い,1,2022-10-02 21:00:00,2022-10-03 01:00:00,144.94479265018452,2022-10-03 09:00:00,144.26913866670702,初期損切り,initial,3,0.44924088886199215,144.27093131689153,144.27093131689153,-0.6756539834775026,-1.0026602656896102,0.6014754144484992,1.5000000000000042,False
USDCHF,買い,1,2022-09-30 13:00:00,2022-10-02 17:00:00,0.9867863429665702,2022-10-04 01:00:00,0.98669,建値,breakeven,9,0.0053189693547790835,0.9788078889344016,0.9867863429665702,-9.634296657023977e-05,-0.01207539282444832,1.5479797840970628,0.6667349875561532,True
EURUSD,買い,1,2022-09-29 09:00:00,2022-09-29 13:00:00,0.9776363224968553,2022-10-05 09:00:00,0.9877587311218363,トレイル,trail,24,0.006092473190654174,0.968497612710874,0.9877850536186916,0.010122408624981039,1.1076408882694544,3.665781826894947,0.6822061200418655,True
GBPUSD,買い,1,2022-09-28 09:00:00,2022-09-28 13:00:00,1.0861462429853745,2022-10-05 09:00:00,1.122776334753226,トレイル,trail,30,0.013363711130699693,1.066100676289325,1.1228425777386006,0.03663009176785148,1.8273412931284363,4.745968870048803,0.7412793413812583,True
USDCHF,売り,-1,2022-10-04 09:00:00,2022-10-04 13:00:00,0.9800236570334298,2022-10-05 09:00:00,0.9876679983810115,初期損切り,initial,6,0.005031998920674331,0.9875716554144413,0.9875716554144413,-0.00764434134758174,-1.012764041764054,0.2968317475770797,1.5000000000000007,False
USDJPY,売り,-1,2022-10-04 13:00:00,2022-10-04 17:00:00,144.11620734981548,2022-10-05 09:00:00,144.7944698363352,初期損切り,initial,5,0.4509798908901318,144.79267718615068,144.79267718615068,-0.6782624865197135,-1.0026500075660838,1.3065047061245554,1.5000000000000075,False
AUDUSD,買い,1,2022-10-05 21:00:00,2022-10-06 01:00:00,0.6536042521179044,2022-10-06 05:00:00,0.6465058053606079,初期損切り,initial,2,0.00470279642626141,0.6465500574785122,0.6465500574785122,-0.007098446757296539,-1.006273163722661,0.020359776060232208,1.5000000000000104,False
AUDUSD,売り,-1,2022-10-06 09:00:00,2022-10-06 13:00:00,0.6412057478820956,2022-10-07 13:00:00,0.6382742521179043,時間切れ,time,6,0.004916335185312065,0.6485802506600638,0.6485802506600638,0.002931495764191272,0.39751775169837134,0.8513959533517627,0.4097060192157235,False
GBPUSD,売り,-1,2022-10-06 09:00:00,2022-10-06 13:00:00,1.1143337570146254,2022-10-07 13:00:00,1.1098262429853747,時間切れ,time,6,0.009597265756741203,1.1287296556497373,1.1287296556497373,0.004507514029250759,0.31311098692073774,0.5515901246047127,0.8508926596763838,False
USDCHF,買い,1,2022-10-06 09:00:00,2022-10-06 13:00:00,0.9899763429665702,2022-10-11 09:00:00,0.9930342374884795,トレイル,trail,18,0.004489709772475128,0.9832417783078575,0.9931305804550498,0.003057894521909299,0.4540597168301319,2.7025481931632034,0.47583097234198907,True
AUDUSD,売り,-1,2022-10-13 05:00:00,2022-10-13 09:00:00,0.6203957478820956,2022-10-13 09:00:00,0.6273232259718664,初期損切り,initial,1,0.004588817314577573,0.627278973853962,0.627278973853962,-0.006927478089770789,-1.0064289793892138,-0.0,1.500000000000012,False
EURUSD,売り,-1,2022-10-06 09:00:00,2022-10-06 13:00:00,0.9802436775031447,2022-10-13 09:00:00,0.9740586116851989,トレイル,trail,30,0.005406144594171831,0.9883528943944024,0.9740322891883436,0.006185065817945756,0.7627204822470159,3.1489497194539187,0.2730823179326232,True
USDCHF,買い,1,2022-10-13 05:00:00,2022-10-13 09:00:00,1.00459634296657,2022-10-13 09:00:00,0.9983926886635599,初期損切り,initial,1,0.004071540890959949,0.9984890316301301,0.9984890316301301,-0.006203654303010175,-1.0157750213249177,0.0,1.5000000000000029,False
USDJPY,買い,1,2022-10-06 09:00:00,2022-10-06 13:00:00,144.94479265018452,2022-10-13 09:00:00,146.70923884330438,トレイル,trail,30,0.3969842532555541,144.3493162703012,146.7110314934889,1.764446193119852,2.9630834282050813,6.44914081306738,0.78036508411609,True
GBPUSD,買い,1,2022-10-13 05:00:00,2022-10-13 09:00:00,1.1217262429853747,2022-10-14 05:00:00,1.12166,建値,breakeven,6,0.008619148104830145,1.1087975208281295,1.1217262429853747,-6.624298537460938e-05,-0.005123707089450214,1.8938944796037918,0.6771252697356539,True
AUDUSD,買い,1,2022-10-13 17:00:00,2022-10-13 21:00:00,0.6305542521179044,2022-10-14 09:00:00,0.6232885650655283,初期損切り,initial,4,0.0048142899563144775,0.6233328171834327,0.6233328171834327,-0.007265687052376069,-1.0061278843202082,0.8694424141623431,1.4999999999999951,False
EURUSD,買い,1,2022-10-13 13:00:00,2022-10-13 17:00:00,0.9775063224968553,2022-10-16 17:00:00,0.9725136775031447,時間切れ,time,6,0.005379412317254263,0.9694372040209739,0.9694372040209739,-0.00499264499371066,-0.6187348727910841,0.6308639871793399,1.2615360371407889,False
GBPUSD,買い,1,2022-10-17 09:00:00,2022-10-17 13:00:00,1.1390862429853745,2022-10-18 05:00:00,1.1260967205441865,初期損切り,initial,5,0.008615519637208907,1.1261629635295611,1.1261629635295611,-0.012989522441188006,-1.0051258649633894,0.23605738252187877,1.5000000000000042,False
USDJPY,買い,1,2022-10-14 01:00:00,2022-10-14 05:00:00,147.68779265018452,2022-10-18 05:00:00,148.48144312126715,トレイル,trail,13,0.4023821142741812,147.08421947877324,148.48323577145166,0.7936504710826284,1.314920060523762,3.976835184888755,0.4493058805822649,True
EURUSD,買い,1,2022-10-17 09:00:00,2022-10-17 13:00:00,0.9839563224968553,2022-10-18 13:00:00,0.9855736775031447,時間切れ,time,6,0.005033105151437687,0.9764066647696987,0.9764066647696987,0.001617355006289456,0.2142289180172688,0.7199685669411557,0.5357174975939174,False
USDCHF,売り,-1,2022-10-17 09:00:00,2022-10-17 13:00:00,0.9959636570334297,2022-10-18 13:00:00,0.9960563429665702,時間切れ,time,6,0.004217474234545454,1.002289868385248,1.002289868385248,-9.268593314049056e-05,-0.014651096523016454,0.9587864225246403,0.45912384021452035,False
AUDUSD,売り,-1,2022-10-19 09:00:00,2022-10-19 13:00:00,0.6260257478820956,2022-10-20 05:00:00,0.6323393907562668,初期損切り,initial,5,0.004179593837511183,0.6322951386383624,0.6322951386383624,-0.006313642874171133,-1.0070584399066407,0.7622147045734721,1.4999999999999958,False
EURUSD,売り,-1,2022-10-19 05:00:00,2022-10-19 09:00:00,0.9779636775031447,2022-10-20 09:00:00,0.9803163224968553,時間切れ,time,6,0.004268284869848976,0.9843661048079182,0.9843661048079182,-0.002352644993710573,-0.367461414510167,0.5865769458900519,1.357998042211352,False
USDCHF,買い,1,2022-10-19 01:00:00,2022-10-19 05:00:00,0.9999363429665702,2022-10-20 09:00:00,0.99984,建値,breakeven,8,0.003800482288879921,0.9942356195332503,0.9999363429665702,-9.634296657023977e-05,-0.016900129904062606,1.8270462814013646,0.1726999145583921,True
GBPUSD,売り,-1,2022-10-19 05:00:00,2022-10-19 09:00:00,1.1245237570146254,2022-10-21 09:00:00,1.1208648079683943,トレイル,trail,13,0.007354282491509835,1.1355551807518902,1.1207985649830197,0.003658949046231097,0.3316842080746991,2.5065337150029574,1.243662178592335,True
USDCHF,買い,1,2022-10-21 01:00:00,2022-10-21 05:00:00,1.00991634296657,2022-10-21 09:00:00,1.0042958033010885,初期損切り,initial,2,0.0036827977992743037,1.0043921462676586,1.0043921462676586,-0.005620539665481594,-1.0174401767028178,1.3233572134724225,1.5000000000000027,False
USDJPY,買い,1,2022-10-19 01:00:00,2022-10-19 05:00:00,149.4217926501845,2022-10-21 09:00:00,151.19149532154898,トレイル,trail,14,0.37535601413325276,148.85875862898462,151.1932879717335,1.7697026713644846,3.143154063040595,6.7195069609837015,0.15663169889594153,True
AUDUSD,買い,1,2022-10-21 09:00:00,2022-10-21 13:00:00,0.6362142521179044,2022-10-24 01:00:00,0.6291954862765228,初期損切り,initial,4,0.004649675815651506,0.6292397383944272,0.6292397383944272,-0.007018765841381613,-1.006344832006767,1.0593744762838837,1.4999999999999953,False
EURUSD,買い,1,2022-10-21 13:00:00,2022-10-23 17:00:00,0.9884963224968553,2022-10-24 05:00:00,0.9815357638619493,初期損切り,initial,4,0.004622824092033789,0.9815620863588046,0.9815620863588046,-0.006960558634905967,-1.0037960196813664,0.33392520944175397,1.499999999999996,False
USDCHF,売り,-1,2022-10-21 13:00:00,2022-10-23 17:00:00,0.9954836570334298,2022-10-24 05:00:00,1.002531158945885,初期損切り,initial,4,0.004634105963923359,1.0024348159793148,1.0024348159793148,-0.0070475019124551785,-1.0138599861289568,0.23384381839045754,1.5000000000000024,False
GBPUSD,買い,1,2022-10-23 21:00:00,2022-10-24 01:00:00,1.1347962429853746,2022-10-25 01:00:00,1.1298937570146255,時間切れ,time,6,0.007846655934912431,1.123026259083006,1.123026259083006,-0.00490248597074916,-0.41652444144486556,0.4401565511823225,1.1465066214191169,False
USDCHF,売り,-1,2022-10-26 01:00:00,2022-10-26 05:00:00,0.9861436570334298,2022-10-26 05:00:00,0.9926622732434892,初期損切り,initial,1,0.004281515495659479,0.992565930276919,0.992565930276919,-0.006518616210059447,-1.0150013808066947,-0.0,1.4999999999999973,False
AUDUSD,買い,1,2022-10-26 01:00:00,2022-10-26 05:00:00,0.6491942521179044,2022-10-27 05:00:00,0.6467657478820956,時間切れ,time,6,0.00459668140148365,0.6422992300156789,0.6422992300156789,-0.0024285042358087594,-0.35221123294513035,0.653895195156547,0.8798199754716596,False
EURUSD,買い,1,2022-10-25 09:00:00,2022-10-25 13:00:00,0.9953863224968553,2022-10-27 05:00:00,1.0003560064118002,トレイル,trail,11,0.004493835545672321,0.9886455691783469,1.0003823289086555,0.0049696839149449,0.7372594248923703,3.111746605104723,0.2217087133539661,True
USDJPY,売り,-1,2022-10-26 01:00:00,2022-10-26 05:00:00,146.99120734981548,2022-10-27 05:00:00,146.6929542867943,トレイル,trail,7,0.7910808183048889,148.1778285772728,146.6911616366098,0.2982530630211784,0.25134647528619447,2.379285790102492,0.4611319624285442,True
AUDUSD,売り,-1,2022-10-28 01:00:00,2022-10-28 05:00:00,0.6416357478820957,2022-10-31 05:00:00,0.6397042521179044,時間切れ,time,6,0.004352402254183165,0.6481643512633704,0.6481643512633704,0.0019314957641912711,0.29585129489274253,0.6699169129630252,0.3777803663078229,False
GBPUSD,買い,1,2022-10-25 09:00:00,2022-10-25 13:00:00,1.1470662429853746,2022-10-31 05:00:00,1.1503537570146254,トレイル,trail,23,0.007367927388985077,1.136014351901897,1.15042,0.00328751402925076,0.29746167460567324,2.3770262775401507,0.5410263667003419,True
USDCHF,買い,1,2022-10-28 01:00:00,2022-10-28 05:00:00,0.9953563429665703,2022-11-01 01:00:00,0.99526,建値,breakeven,12,0.004178993835444251,0.9890878522134039,0.9953563429665703,-9.634296657023977e-05,-0.015369403954464551,1.8864964495913306,0.429850590191003,True
USDJPY,買い,1,2022-10-28 01:00:00,2022-10-28 05:00:00,147.4407926501845,2022-11-01 05:00:00,147.439,建値,breakeven,13,0.794479374726575,146.24907358809463,147.4407926501845,-0.0017926501845124676,-0.0015042556937612292,1.772490758869766,0.3861555881046048,True
GBPUSD,売り,-1,2022-10-31 09:00:00,2022-10-31 13:00:00,1.1486137570146253,2022-11-01 13:00:00,1.1450462429853747,時間切れ,time,6,0.00564998418662025,1.1570887332945556,1.1570887332945556,0.003567514029250596,0.42094678632892935,0.8679240246792046,1.4170381227498448,False
EURUSD,売り,-1,2022-10-31 01:00:00,2022-10-31 05:00:00,0.9922936775031447,2022-11-02 13:00:00,0.99232,建値,breakeven,15,0.004159243385930154,0.9985325425820399,0.9922936775031447,-2.632249685530219e-05,-0.004219116221048867,1.6838825847115961,0.7732950920197339,True
AUDUSD,売り,-1,2022-11-02 13:00:00,2022-11-02 17:00:00,0.6349757478820957,2022-11-04 01:00:00,0.63502,建値,breakeven,9,0.004312582207365732,0.6414446211931443,0.6349757478820957,-4.425211790437533e-05,-0.006840776712815559,1.8053563984931944,0.5157587753586226,True
GBPUSD,売り,-1,2022-11-02 13:00:00,2022-11-02 17:00:00,1.1393437570146254,2022-11-04 05:00:00,1.127095455179118,トレイル,trail,10,0.006029606096871694,1.1483881661599329,1.1270292121937433,0.012248301835507514,1.3542401320778628,4.042346485497801,0.47867853040551145,True
USDCHF,買い,1,2022-11-03 01:00:00,2022-11-03 05:00:00,1.0110763429665701,2022-11-04 05:00:00,1.01066365703343,時間切れ,time,6,0.00449298749225444,1.0043368617281885,1.0043368617281885,-0.00041268593314014446,-0.06123407997486198,0.8198680810441439,0.6067995896427582,False
USDJPY,買い,1,2022-11-03 05:00:00,2022-11-03 09:00:00,148.43679265018451,2022-11-04 05:00:00,147.34868769990885,初期損切り,initial,6,0.724208200060764,147.35048035009336,147.35048035009336,-1.088104950275664,-1.0016502162263718,0.018236951493183506,1.5000000000000073,False
EURUSD,買い,1,2022-11-07 01:00:00,2022-11-07 05:00:00,0.9986063224968553,2022-11-08 05:00:00,1.0003536775031447,時間切れ,time,6,0.005163645992837611,0.9908608535075989,0.9908608535075989,0.0017473550062894194,0.22559705664216592,0.9283513063819552,0.39048426240918716,False
USDCHF,売り,-1,2022-11-07 05:00:00,2022-11-07 09:00:00,0.9886436570334297,2022-11-08 09:00:00,0.9905163429665702,時間切れ,time,6,0.004746018663014222,0.9957626850279511,0.9957626850279511,-0.0018726859331404944,-0.26305359869095574,0.2325437617914466,0.8546833155506618,False
USDJPY,売り,-1,2022-11-07 05:00:00,2022-11-07 09:00:00,146.32420734981548,2022-11-08 09:00:00,146.3697926501845,時間切れ,time,6,0.669757033900052,147.32884290066556,147.32884290066556,-0.04558530036902653,-0.04537496242339251,0.3556623338890024,0.9119615312254713,False
GBPUSD,買い,1,2022-11-08 09:00:00,2022-11-08 13:00:00,1.1578762429853746,2022-11-09 01:00:00,1.1469808343265622,初期損切り,initial,4,0.007219443782291926,1.1470470773119368,1.1470470773119368,-0.010895408658812444,-1.006117090399405,0.09332533571048304,1.4999999999999925,False
AUDUSD,買い,1,2022-11-08 09:00:00,2022-11-08 13:00:00,0.6530242521179044,2022-11-09 05:00:00,0.6465094882101678,初期損切り,initial,5,0.004313674526554748,0.6465537403280722,0.6465537403280722,-0.006514763907736532,-1.0068390444746502,0.1288339856599091,1.500000000000008,False
EURUSD,買い,1,2022-11-08 09:00:00,2022-11-08 13:00:00,1.0088563224968552,2022-11-09 09:00:00,1.001975835541855,初期損切り,initial,6,0.004569442972096543,1.0020021580387104,1.0020021580387104,-0.006880486955000098,-1.0038403655202648,0.1736923970802041,1.499999999999996,False
AUDUSD,売り,-1,2022-11-09 13:00:00,2022-11-09 17:00:00,0.6429157478820956,2022-11-10 05:00:00,0.6494904710500182,初期損切り,initial,4,0.0043536473666788205,0.6494462189321139,0.6494462189321139,-0.006574723167922625,-1.0067762520598373,0.8718546915735081,1.5000000000000042,False
EURUSD,売り,-1,2022-11-10 01:00:00,2022-11-10 05:00:00,0.9961136775031447,2022-11-10 05:00:00,1.0028928976955267,初期損切り,initial,1,0.004501931797017737,1.0028665751986714,1.0028665751986714,-0.006779220192381974,-1.0038979558172199,-0.0,1.5000000000000147,False
GBPUSD,売り,-1,2022-11-09 05:00:00,2022-11-09 09:00:00,1.1409737570146254,2022-11-10 05:00:00,1.1517262206230807,初期損切り,initial,6,0.00712414708205381,1.1516599776377061,1.1516599776377061,-0.010752463608455276,-1.0061989161286344,1.0617070264704405,1.4999999999999933,False
USDJPY,売り,-1,2022-11-10 05:00:00,2022-11-10 09:00:00,143.7132073498155,2022-11-10 17:00:00,141.77516313165623,トレイル,trail,3,0.7866852407358688,144.8932352109193,141.77337048147172,1.9380442181592628,1.6423715761646576,4.465836103050863,0.20693492359439322,True
EURUSD,買い,1,2022-11-15 01:00:00,2022-11-15 05:00:00,1.0401663224968554,2022-11-15 09:00:00,1.04014,建値,breakeven,2,0.005314590335958813,1.0321944369929172,1.0401663224968554,-2.632249685530219e-05,-0.0033019160702067937,1.5210349231341365,0.17806123088217424,True
USDCHF,売り,-1,2022-11-10 05:00:00,2022-11-10 09:00:00,0.9760636570334298,2022-11-15 09:00:00,0.9457254222785647,トレイル,trail,19,0.004964539655997268,0.9835104665174257,0.9456290793119945,0.03033823475486508,4.0739909917214385,8.130392711169034,0.05163479080291162,True
GBPUSD,買い,1,2022-11-15 05:00:00,2022-11-15 09:00:00,1.1968262429853747,2022-11-15 13:00:00,1.1849286163403014,初期損切り,initial,2,0.00788758910646568,1.184994859325676,1.184994859325676,-0.011897626645073212,-1.0055989212487746,0.25911048192788355,1.5000000000000104,False
AUDUSD,買い,1,2022-11-10 09:00:00,2022-11-10 13:00:00,0.6561742521179044,2022-11-17 01:00:00,0.6693093538509023,トレイル,trail,28,0.005218197015596697,0.6483469565945094,0.6693536059688067,0.013135101732997922,1.6781149624079414,4.525652789940741,0.008480346328839242,True
AUDUSD,売り,-1,2022-11-17 05:00:00,2022-11-17 09:00:00,0.6637957478820956,2022-11-17 17:00:00,0.6706318075696958,初期損切り,initial,3,0.0045278717131304975,0.6705875554517914,0.6705875554517914,-0.006836059687600149,-1.0065155140881568,0.0874026269224856,1.500000000000006,False
EURUSD,売り,-1,2022-11-17 05:00:00,2022-11-17 09:00:00,1.0311936775031447,2022-11-18 01:00:00,1.0391675627387496,初期損切り,initial,5,0.005298375159166284,1.0391412402418942,1.0391412402418942,-0.007973885235604827,-1.003312021272517,0.1252605720069866,1.5000000000000189,False
USDCHF,買い,1,2022-11-17 05:00:00,2022-11-17 09:00:00,0.9521963429665702,2022-11-18 09:00:00,0.9530636570334298,時間切れ,time,6,0.004595986214601768,0.9453023636446676,0.9453023636446676,0.0008673140668595813,0.12580746566849485,0.7710329987873774,0.5126958299143507,False
USDJPY,買い,1,2022-11-17 05:00:00,2022-11-17 09:00:00,140.5167926501845,2022-11-18 09:00:00,139.93120734981548,時間切れ,time,6,0.8514391280415154,139.23963395812223,139.23963395812223,-0.5855853003690186,-0.4585062952697392,0.2645019971463074,1.0356496678897196,False
AUDUSD,売り,-1,2022-11-21 01:00:00,2022-11-21 05:00:00,0.6609557478820957,2022-11-22 05:00:00,0.6642442521179044,時間切れ,time,6,0.003738032202298282,0.666562796185543,0.666562796185543,-0.0032885042358087313,-0.5864947219710656,0.6649883541846767,1.0712192675714176,False
USDCHF,買い,1,2022-11-21 01:00:00,2022-11-21 05:00:00,0.9593363429665702,2022-11-22 05:00:00,0.9554236570334298,時間切れ,time,6,0.003632338094749768,0.9538878358244456,0.9538878358244456,-0.003912685933140425,-0.7181207312531241,0.149671373987885,1.1057183725203203,False
USDJPY,買い,1,2022-11-21 01:00:00,2022-11-21 05:00:00,141.8387926501845,2022-11-22 05:00:00,141.28120734981547,時間切れ,time,6,0.6728278668699011,140.82955084987964,140.82955084987964,-0.557585300369027,-0.5524793961175634,0.615621573081449,0.9880575447583834,False
EURUSD,売り,-1,2022-11-20 21:00:00,2022-11-21 01:00:00,1.0282336775031446,2022-11-23 01:00:00,1.0347889378707287,初期損切り,initial,13,0.004352625247152449,1.0347626153738734,1.0347626153738734,-0.006555260367584026,-1.0040316660039552,1.3701334630281259,1.5000000000000115,False
USDCHF,売り,-1,2022-11-23 05:00:00,2022-11-23 09:00:00,0.9491636570334298,2022-11-25 01:00:00,0.9453464970261357,トレイル,trail,11,0.003240077029782737,0.9540237725781039,0.9452501540595655,0.0038171600072940404,0.7854051971001029,3.2078425722263475,0.048252854834375136,True
USDJPY,売り,-1,2022-11-23 09:00:00,2022-11-23 13:00:00,139.84220734981548,2022-11-25 01:00:00,139.28535558915524,トレイル,trail,10,0.6162814694853692,140.76662955404353,139.28356293897073,0.556851760660237,0.6023781753763049,2.9064760803391607,0.22034193287999032,True
AUDUSD,買い,1,2022-11-23 13:00:00,2022-11-23 17:00:00,0.6732542521179044,2022-11-27 17:00:00,0.6683108040191584,初期損切り,initial,13,0.0032661306538943813,0.6683550561370628,0.6683550561370628,-0.004943448098745917,-1.0090325265772986,1.4775121982158521,1.499999999999991,False
GBPUSD,買い,1,2022-11-23 05:00:00,2022-11-23 09:00:00,1.1971262429853746,2022-11-27 17:00:00,1.2050827050150916,トレイル,trail,15,0.0051005259997668586,1.1894754539857244,1.2051489480004662,0.007956462029717004,1.0399531381770806,3.5729171884347424,0.09337134746424183,True
USDJPY,売り,-1,2022-11-28 01:00:00,2022-11-28 05:00:00,137.77120734981548,2022-11-28 05:00:00,138.6659890693864,初期損切り,initial,1,0.5953260462575994,138.6641964192019,138.6641964192019,-0.8947817195709149,-1.0020074715872476,-0.0,1.5000000000000056,False
EURUSD,買い,1,2022-11-23 13:00:00,2022-11-23 17:00:00,1.0399163224968553,2022-11-28 09:00:00,1.041888159896348,トレイル,trail,17,0.0038977588033982384,1.0340696842917578,1.0419144823932034,0.001971837399492804,0.33726003394115767,2.512643289935251,1.4819599642284613,True
AUDUSD,売り,-1,2022-11-28 13:00:00,2022-11-28 17:00:00,0.6649557478820957,2022-11-28 21:00:00,0.6699902178204622,初期損切り,initial,2,0.003326811880308138,0.6699459657025578,0.6699459657025578,-0.005034469938366537,-1.0088677728100117,0.28127466047432,1.4999999999999865,False
EURUSD,売り,-1,2022-11-28 13:00:00,2022-11-28 17:00:00,1.0339736775031447,2022-11-29 17:00:00,1.0334463224968553,時間切れ,time,6,0.00471014827092668,1.0410388999095348,1.0410388999095348,0.0005273550062894206,0.07464096329260114,0.4126573923674644,1.160541490932671,False
USDCHF,買い,1,2022-11-29 01:00:00,2022-11-29 05:00:00,0.9519363429665703,2022-11-30 05:00:00,0.9502836570334298,時間切れ,time,6,0.0036408239704317598,0.9464751070109226,0.9464751070109226,-0.0016526859331404964,-0.30262122833777233,0.7810476574874006,0.9603163995197723,False
EURUSD,売り,-1,2022-11-30 09:00:00,2022-11-30 13:00:00,1.0314936775031447,2022-11-30 13:00:00,1.0387584489684452,初期損切り,initial,1,0.004825632645630078,1.0387321264715899,1.0387321264715899,-0.007264771465300468,-1.0036364830324978,-0.0,1.5000000000000102,False
USDJPY,買い,1,2022-11-30 05:00:00,2022-11-30 09:00:00,139.39079265018452,2022-11-30 13:00:00,138.45844118941156,初期損切り,initial,2,0.6203725403922947,138.46023383959607,138.46023383959607,-0.9323514607729635,-1.0019264233105136,0.8143612376782416,1.5000000000000144,False
GBPUSD,買い,1,2022-11-30 17:00:00,2022-11-30 21:00:00,1.2083862429853747,2022-12-02 05:00:00,1.2185181917145194,トレイル,trail,9,0.006242782650053047,1.199022069010295,1.218584434699894,0.01013194872914469,1.0819906546064142,3.6335971130490483,0.22045345201359196,True
USDJPY,売り,-1,2022-11-30 17:00:00,2022-11-30 21:00:00,136.77620734981548,2022-12-02 05:00:00,135.20916617149783,トレイル,trail,9,0.7936867606566576,137.96673749080045,135.20737352131331,1.5670411783176519,1.3162549391829417,3.9766410456490204,0.2756662464717278,True
EURUSD,買い,1,2022-12-01 09:00:00,2022-12-01 13:00:00,1.0507763224968554,2022-12-02 13:00:00,1.0525436775031447,時間切れ,time,6,0.005671462337735166,1.0422691289902526,1.0422691289902526,0.0017673550062893284,0.20774830205961795,0.6565639126912771,1.4011064560870778,False
AUDUSD,買い,1,2022-11-30 13:00:00,2022-11-30 17:00:00,0.6785142521179044,2022-12-05 09:00:00,0.67847,建値,breakeven,17,0.004051622491784041,0.6724368183802283,0.6785142521179044,-4.425211790437533e-05,-0.00728138221072515,1.6205231102872444,1.0500119708909894,True
GBPUSD,買い,1,2022-12-04 17:00:00,2022-12-04 21:00:00,1.2324762429853746,2022-12-05 09:00:00,1.2217500301238635,初期損切り,initial,4,0.007106646584091038,1.2218162731092381,1.2218162731092381,-0.010726212861511097,-1.0062141812917156,0.2805482151157724,1.4999999999999902,False
EURUSD,買い,1,2022-12-04 17:00:00,2022-12-04 21:00:00,1.0568363224968553,2022-12-05 13:00:00,1.0486234844511393,初期損切り,initial,5,0.005457677032573861,1.0486498069479946,1.0486498069479946,-0.008212838045716042,-1.0032153480559765,0.48439610613929635,1.4999999999999905,False
USDCHF,売り,-1,2022-12-01 09:00:00,2022-12-01 13:00:00,0.9379836570334298,2022-12-06 01:00:00,0.9445025474989471,初期損切り,initial,16,0.004281698332631403,0.9444062045323769,0.9444062045323769,-0.006518890465517346,-1.01500074021812,1.2433517309842754,1.5000000000000004,False
USDJPY,買い,1,2022-12-05 09:00:00,2022-12-05 13:00:00,136.6307926501845,2022-12-06 13:00:00,136.8342073498155,時間切れ,time,6,0.8546971590962472,135.34874691154013,135.34874691154013,0.20341469963099712,0.15866415175334295,0.9315666272453688,0.7801507739765602,False
USDJPY,買い,1,2022-12-07 01:00:00,2022-12-07 05:00:00,137.62179265018452,2022-12-07 05:00:00,136.54608564956993,初期損切り,initial,1,0.7159429002867143,136.54787829975444,136.54787829975444,-1.0757070006145852,-1.0016692673710859,0.0,1.500000000000002,False
AUDUSD,売り,-1,2022-12-07 01:00:00,2022-12-07 05:00:00,0.6674357478820956,2022-12-07 09:00:00,0.6729229509744926,初期損切り,initial,2,0.003628633982995131,0.6728786988565882,0.6728786988565882,-0.0054872030923970305,-1.008130170216802,0.15866794082668742,1.4999999999999887,False
GBPUSD,売り,-1,2022-12-06 13:00:00,2022-12-06 17:00:00,1.2134037570146254,2022-12-07 17:00:00,1.2205762429853746,時間切れ,time,6,0.006906192274779828,1.2237630454267951,1.2237630454267951,-0.007172485970749154,-0.6923724570042051,0.4001853560779425,1.4604636801392965,False
USDCHF,売り,-1,2022-12-07 05:00:00,2022-12-07 09:00:00,0.9370036570334298,2022-12-07 21:00:00,0.9425750290350376,初期損切り,initial,4,0.003650019356691728,0.9424786860684674,0.9424786860684674,-0.005571372001607844,-1.017596795551896,0.17086403453900553,1.5000000000000033,False
EURUSD,買い,1,2022-12-07 05:00:00,2022-12-07 09:00:00,1.0542663224968554,2022-12-08 09:00:00,1.0520436775031448,時間切れ,time,6,0.004536680923148428,1.0474613011121328,1.0474613011121328,-0.0022226449937106096,-0.32661837017889106,0.16172120446050725,1.2005081664583035,False
EURUSD,買い,1,2022-12-08 13:00:00,2022-12-08 17:00:00,1.0556363224968552,2022-12-11 17:00:00,1.0532436775031446,時間切れ,time,6,0.00404787558060521,1.0495645091259473,1.0495645091259473,-0.002392644993710613,-0.39405772996492505,0.7963874973308076,1.3232428690543638,False
GBPUSD,買い,1,2022-12-08 17:00:00,2022-12-08 21:00:00,1.2268962429853747,2022-12-11 21:00:00,1.2222137570146254,時間切れ,time,6,0.005510992039726159,1.2186297549257854,1.2186297549257854,-0.004682485970749273,-0.5664419928989706,0.9732833899886634,1.1624482378481076,False
USDCHF,売り,-1,2022-12-08 17:00:00,2022-12-08 21:00:00,0.9335936570334298,2022-12-11 21:00:00,0.9365063429665702,時間切れ,time,6,0.0034607713211320798,0.9387848140151279,0.9387848140151279,-0.0029126859331404242,-0.5610860822374193,0.6858751455017453,1.3281267498098206,False
USDJPY,売り,-1,2022-12-08 17:00:00,2022-12-08 21:00:00,136.1062073498155,2022-12-11 21:00:00,136.86079265018452,時間切れ,time,6,0.6615009612668136,137.0984587917157,137.0984587917157,-0.7545853003690297,-0.7604779076198207,0.7561702538686722,1.494771297521489,False
USDJPY,買い,1,2022-12-12 09:00:00,2022-12-12 13:00:00,137.5647926501845,2022-12-13 05:00:00,136.602661311399,初期損切り,initial,5,0.6402257924006577,136.60445396158352,136.60445396158352,-0.9621313387854968,-1.0018666853744296,0.6407229366335543,1.4999999999999967,False
AUDUSD,買い,1,2022-12-08 05:00:00,2022-12-08 09:00:00,0.6762742521179044,2022-12-13 21:00:00,0.6823593479956305,トレイル,trail,22,0.00346819994323258,0.6710719522030555,0.6824036001135348,0.006085095877726099,1.1696934004818664,3.7672994913659683,0.9729116467141466,True
EURUSD,買い,1,2022-12-13 05:00:00,2022-12-13 09:00:00,1.0646763224968554,2022-12-14 09:00:00,1.0646336775031446,時間切れ,time,6,0.004284230236456059,1.0582499771421714,1.0582499771421714,-4.2644993710760914e-05,-0.006635963577599744,0.6194059041373159,0.8534374426804514,False
GBPUSD,買い,1,2022-12-13 05:00:00,2022-12-13 09:00:00,1.2411862429853746,2022-12-14 09:00:00,1.2371537570146254,時間切れ,time,6,0.00587043496232791,1.2323805905418828,1.2323805905418828,-0.004032485970749233,-0.45794289481974587,0.554261657867871,1.1832586562921543,False
USDCHF,売り,-1,2022-12-13 05:00:00,2022-12-13 09:00:00,0.9257236570334297,2022-12-14 09:00:00,0.9267363429665703,時間切れ,time,6,0.0037696423460427298,0.9313781205524938,0.9313781205524938,-0.0010126859331405225,-0.17909496271860967,0.6694685600820948,1.1184994701145738,False
EURUSD,買い,1,2022-12-14 13:00:00,2022-12-14 17:00:00,1.0682963224968554,2022-12-15 01:00:00,1.0619414423475835,初期損切り,initial,3,0.004219038434944379,1.0619677648444388,1.0619677648444388,-0.00635488014927188,-1.0041593200695993,0.03879497797150741,1.5000000000000022,False
USDJPY,買い,1,2022-12-15 09:00:00,2022-12-15 13:00:00,138.10379265018452,2022-12-16 01:00:00,136.94009083538347,初期損切り,initial,4,0.7746061097443554,136.94188348556798,136.94188348556798,-1.163701814801044,-1.001542848820805,0.09321815166072225,1.499999999999998,False
GBPUSD,売り,-1,2022-12-15 09:00:00,2022-12-15 13:00:00,1.2158737570146254,2022-12-16 13:00:00,1.2180462429853747,時間切れ,time,6,0.006906800953705287,1.2262339584451833,1.2262339584451833,-0.0021724859707492605,-0.20969534089765907,0.5608612497436014,0.9304224963840964,False
EURUSD,売り,-1,2022-12-16 13:00:00,2022-12-18 17:00:00,1.0585936775031446,2022-12-19 01:00:00,1.0653163064431186,初期損切り,initial,3,0.004464204295412418,1.0652899839462633,1.0652899839462633,-0.006722628939973996,-1.0039308978881065,0.0904254098674342,1.5000000000000149,False
USDCHF,買い,1,2022-12-16 09:00:00,2022-12-16 13:00:00,0.9322363429665702,2022-12-19 13:00:00,0.9294636570334298,時間切れ,time,6,0.0036578158709085567,0.9267496191602074,0.9267496191602074,-0.0027726859331403952,-0.5053445427533588,0.6899355031785626,1.0433392771140917,False
AUDUSD,売り,-1,2022-12-15 01:00:00,2022-12-15 05:00:00,0.6773057478820956,2022-12-19 21:00:00,0.6732942521179044,トレイル,trail,17,0.0038426476728667743,0.6830697193913958,0.67325,0.004011495764191242,0.6959603734540842,2.55182070199534,0.11300856983862034,True
GBPUSD,売り,-1,2022-12-19 21:00:00,2022-12-20 01:00:00,1.2115737570146254,2022-12-21 01:00:00,1.2167962429853747,時間切れ,time,6,0.006518926480269015,1.221352146735029,1.221352146735029,-0.005222485970749258,-0.5340844576742583,0.27055942722529436,1.2480955276916812,False
USDCHF,売り,-1,2022-12-20 01:00:00,2022-12-20 05:00:00,0.9257836570334298,2022-12-21 05:00:00,0.9264363429665703,時間切れ,time,6,0.003559062806124551,0.9311222512426166,0.9311222512426166,-0.0006526859331404955,-0.12225801541861568,0.4505840781090375,1.2015362469050366,False
USDJPY,売り,-1,2022-12-19 21:00:00,2022-12-20 01:00:00,132.93220734981549,2022-12-21 09:00:00,132.43149149030336,トレイル,trail,9,0.9303494200594348,134.32773147990463,132.42969884011885,0.5007158595121268,0.3588012910103811,2.5401287933995,0.8295728825576278,True
USDCHF,売り,-1,2022-12-22 01:00:00,2022-12-22 05:00:00,0.9231036570334298,2022-12-22 05:00:00,0.9279016349672013,初期損切り,initial,1,0.003134423311467582,0.9278052920006311,0.9278052920006311,-0.004797977933771569,-1.020491375285892,-0.0,1.499999999999986,False
AUDUSD,買い,1,2022-12-21 21:00:00,2022-12-22 01:00:00,0.6751442521179044,2022-12-22 09:00:00,0.6696387311094533,初期損切り,initial,3,0.003640845927031152,0.6696829832273576,0.6696829832273576,-0.005505521008451142,-1.008102900404888,0.4382904176878523,1.5000000000000104,False
EURUSD,買い,1,2022-12-22 01:00:00,2022-12-22 05:00:00,1.0646563224968553,2022-12-22 09:00:00,1.059157910755988,初期損切り,initial,2,0.003648059496007865,1.0591842332528434,1.0591842332528434,-0.005498411740867182,-1.0048103193646174,0.26416167395277224,1.5000000000000224,False
USDCHF,買い,1,2022-12-22 09:00:00,2022-12-22 13:00:00,0.9312963429665703,2022-12-23 13:00:00,0.9328436570334298,時間切れ,time,6,0.0034107017328470425,0.9261802903672997,0.9261802903672997,0.0015473140668594842,0.3024429551565003,0.8542690805735091,0.8110773627399923,False
USDJPY,買い,1,2022-12-22 17:00:00,2022-12-22 21:00:00,132.65779265018452,2022-12-25 21:00:00,132.4802073498155,時間切れ,time,6,0.7259503629920723,131.5688671056964,131.5688671056964,-0.17758530036903153,-0.16308305124067263,0.6642428661761464,0.46255593674547507,False
EURUSD,買い,1,2022-12-27 01:00:00,2022-12-27 05:00:00,1.0660863224968553,2022-12-27 09:00:00,1.0616456127774958,初期損切り,initial,2,0.0029429248150027788,1.061671935274351,1.061671935274351,-0.0044407097193595035,-1.0059628880586517,0.286679937878001,1.5000000000000113,False
AUDUSD,買い,1,2022-12-26 17:00:00,2022-12-26 21:00:00,0.6752242521179044,2022-12-27 21:00:00,0.6732757478820957,時間切れ,time,6,0.003239062420478948,0.670365658487186,0.670365658487186,-0.0019485042358087235,-0.4010428498257849,0.7334677674239787,1.0201261010017302,False
USDCHF,売り,-1,2022-12-27 01:00:00,2022-12-27 05:00:00,0.9283536570334298,2022-12-28 05:00:00,0.9302963429665703,時間切れ,time,6,0.002535175204602162,0.932156419840333,0.932156419840333,-0.0019426859331405089,-0.5108617160170775,0.5378945924345975,1.3002426659058093,False
AUDUSD,買い,1,2022-12-28 05:00:00,2022-12-28 09:00:00,0.6787842521179044,2022-12-28 13:00:00,0.6742899558158817,初期損切り,initial,2,0.00296669612274554,0.6743342079337861,0.6743342079337861,-0.004494296302022693,-1.0099441974221997,0.4165400940868676,1.5000000000000029,False
USDJPY,買い,1,2022-12-27 01:00:00,2022-12-27 05:00:00,133.1777926501845,2022-12-29 01:00:00,133.47914928716062,トレイル,trail,12,0.509029031327433,132.41424910319336,133.48094193734514,0.3013566369761236,0.3946816631005025,2.5955441998466844,0.0781736359529921,True
USDCHF,売り,-1,2022-12-29 01:00:00,2022-12-29 05:00:00,0.9233636570334297,2022-12-30 05:00:00,0.9232563429665702,時間切れ,time,6,0.0029672605437360508,0.9278145478490338,0.9278145478490338,0.00010731406685948741,0.02411069408471273,0.7729880809663346,0.9221781930632292,False
EURUSD,買い,1,2022-12-29 09:00:00,2022-12-29 13:00:00,1.0682363224968554,2022-12-30 13:00:00,1.0710536775031447,時間切れ,time,6,0.0032977260498892663,1.0632897334220215,1.0632897334220215,0.0028173550062893238,0.5695550941602983,0.8896061888594593,1.3270727861103957,False
AUDUSD,買い,1,2022-12-30 09:00:00,2022-12-30 13:00:00,0.6819842521179044,2023-01-02 13:00:00,0.6814957478820957,時間切れ,time,6,0.003113856972343108,0.6773134666593897,0.6773134666593897,-0.0004885042358087066,-0.10458717064775094,0.20095588450384821,0.8427657857161343,False
AUDUSD,売り,-1,2023-01-02 17:00:00,2023-01-02 21:00:00,0.6781157478820956,2023-01-02 21:00:00,0.6821244389098386,初期損切り,initial,1,0.0026429592732257847,0.6820801867919343,0.6820801867919343,-0.004008691027743039,-1.011162265054593,-0.0,1.499999999999995,False
USDJPY,売り,-1,2022-12-30 01:00:00,2022-12-30 05:00:00,132.1202073498155,2023-01-03 01:00:00,130.60277105765041,トレイル,trail,12,0.5439892037329487,132.93619115541492,130.6009784074659,1.5174362921650868,1.859640205788613,4.792755686922434,0.39300899487971297,True
GBPUSD,売り,-1,2022-12-21 09:00:00,2022-12-21 13:00:00,1.2068137570146253,2023-01-03 09:00:00,1.2025343261167258,トレイル,trail,51,0.0062190415656756875,1.2161423193631389,1.2024680831313512,0.0042794308978995055,0.45874495319007175,2.6987690687354164,1.27611994574479,True
USDCHF,買い,1,2023-01-03 01:00:00,2023-01-03 05:00:00,0.9371263429665703,2023-01-03 09:00:00,0.9317047871197187,初期損切り,initial,2,0.003550141920187531,0.931801130086289,0.931801130086289,-0.005421555846851556,-1.0180918526143823,0.772830240342838,1.5000000000000056,False
EURUSD,売り,-1,2023-01-03 01:00:00,2023-01-03 05:00:00,1.0547236775031448,2023-01-04 01:00:00,1.0603003558712751,初期損切り,initial,6,0.0037002372475166433,1.0602740333744198,1.0602740333744198,-0.005576678368130361,-1.0047424881333509,0.7468919742915315,1.5000000000000253,False
AUDUSD,買い,1,2023-01-04 01:00:00,2023-01-04 05:00:00,0.6871242521179044,2023-01-04 21:00:00,0.6807799097567755,初期損切り,initial,5,0.004200060162149694,0.6808241618746799,0.6808241618746799,-0.006344342361128907,-1.0070240450844268,0.3561253468640911,1.4999999999999978,False
USDCHF,買い,1,2023-01-06 01:00:00,2023-01-06 05:00:00,0.9401463429665703,2023-01-06 05:00:00,0.9345000720109922,初期損切り,initial,1,0.0036999519926718995,0.9345964149775624,0.9345964149775624,-0.005646270955578125,-1.017359318312074,0.0,1.5000000000000098,False
EURUSD,売り,-1,2023-01-05 21:00:00,2023-01-06 01:00:00,1.0514136775031446,2023-01-06 09:00:00,1.0569381556805995,初期損切り,initial,3,0.003665437120399715,1.0569118331837442,1.0569118331837442,-0.005524478177454828,-1.0047875139200104,0.8494696269145309,1.4999999999999871,False
GBPUSD,売り,-1,2023-01-06 01:00:00,2023-01-06 05:00:00,1.1857337570146254,2023-01-06 09:00:00,1.193703104758042,初期損切り,initial,2,0.005268736505361348,1.1936368617726674,1.1936368617726674,-0.007969347743416622,-1.0083818938762252,0.30439119758475375,1.4999999999999982,False
USDJPY,買い,1,2023-01-04 09:00:00,2023-01-04 13:00:00,132.5527926501845,2023-01-06 09:00:00,133.25007198439536,トレイル,trail,12,0.7610676827100591,131.4111911261194,133.25186463457987,0.6972793342108616,0.6107904724302962,2.9185411498568454,1.1402305864498223,True
USDCHF,売り,-1,2023-01-08 21:00:00,2023-01-09 01:00:00,0.9255636570334298,2023-01-10 05:00:00,0.9246425243389713,トレイル,trail,8,0.003913090686200564,0.9314332930627306,0.9245461813724011,0.0009211326944584819,0.1569318250501814,2.2600184208908827,0.05528698001637884,True
GBPUSD,買い,1,2023-01-06 13:00:00,2023-01-08 17:00:00,1.2090662429853747,2023-01-11 05:00:00,1.2109637570146254,トレイル,trail,16,0.0063420823987896755,1.1995531193871902,1.21103,0.0018975140292507575,0.1994627747307813,1.8848315526311308,0.05932483397668314,True
USDJPY,買い,1,2023-01-11 05:00:00,2023-01-11 09:00:00,132.6957926501845,2023-01-11 17:00:00,131.71201450645793,初期損切り,initial,3,0.6546569956947079,131.71380715664245,131.71380715664245,-0.9837781437265676,-1.0018255363203377,0.08433019150268005,1.4999999999999896,False
USDCHF,買い,1,2023-01-11 05:00:00,2023-01-11 09:00:00,0.9291763429665703,2023-01-12 05:00:00,0.92908,建値,breakeven,6,0.0036253156295424946,0.9237383695222565,0.9291763429665703,-9.634296657023977e-05,-0.01771670412825968,1.5622521215192748,0.2748293027098409,True
AUDUSD,買い,1,2023-01-08 17:00:00,2023-01-08 21:00:00,0.6903442521179044,2023-01-12 09:00:00,0.6903,建値,breakeven,22,0.004531308579424134,0.6835472892487682,0.6903442521179044,-4.425211790437533e-05,-0.006510572259459637,1.7689697670323459,0.9675465797700238,True
EURUSD,買い,1,2023-01-11 17:00:00,2023-01-11 21:00:00,1.0766863224968553,2023-01-12 09:00:00,1.0771797038291664,トレイル,trail,4,0.0033769868369891913,1.0716208422413716,1.0772060263260217,0.000493381332311138,0.09740070189337198,2.1538957225044295,1.115290843186432,True
GBPUSD,買い,1,2023-01-12 05:00:00,2023-01-12 09:00:00,1.2236862429853745,2023-01-12 09:00:00,1.2157856303563686,初期損切り,initial,1,0.005222913095754192,1.2158518733417432,1.2158518733417432,-0.007900612629005987,-1.0084554327135369,0.0,1.5000000000000173,False
AUDUSD,買い,1,2023-01-15 17:00:00,2023-01-15 21:00:00,0.7015242521179044,2023-01-16 01:00:00,0.6953502917631701,初期損切り,initial,2,0.004086472157886597,0.6953945438810745,0.6953945438810745,-0.006173960354734276,-1.0072192861706688,0.09194920889658682,1.5000000000000013,False
EURUSD,買い,1,2023-01-15 17:00:00,2023-01-15 21:00:00,1.0868463224968552,2023-01-16 01:00:00,1.0807860300275476,初期損切り,initial,2,0.004022646648301501,1.0808123525244029,1.0808123525244029,-0.0060602924693076154,-1.0043623844625573,0.14261195508859323,1.500000000000015,False
GBPUSD,買い,1,2023-01-15 17:00:00,2023-01-15 21:00:00,1.2271962429853747,2023-01-16 01:00:00,1.218506463746155,初期損切り,initial,2,0.0057490241692300425,1.2185727067315295,1.2185727067315295,-0.008689779239219764,-1.007681649780873,0.2980952878573137,1.5000000000000158,False
USDJPY,売り,-1,2023-01-12 01:00:00,2023-01-12 05:00:00,130.9592073498155,2023-01-16 01:00:00,128.5476411392905,トレイル,trail,12,0.6619242445530056,131.952093716645,128.545848489106,2.4115662105249953,2.428844116598786,5.64597441560586,0.431760360096039,True
USDCHF,売り,-1,2023-01-15 17:00:00,2023-01-15 21:00:00,0.9230836570334298,2023-01-16 21:00:00,0.9265463429665702,時間切れ,time,6,0.0038802859555022557,0.9289040859666832,0.9289040859666832,-0.0034626859331404747,-0.5949193732711678,0.30504376404302863,1.4886384747957528,False
EURUSD,売り,-1,2023-01-17 09:00:00,2023-01-17 13:00:00,1.0781836775031446,2023-01-18 01:00:00,1.0841234014158914,初期損切り,initial,4,0.003942267610594381,1.084097078919036,1.084097078919036,-0.005939723912746775,-1.0044513292780133,0.4017174021592649,1.4999999999999751,False
USDJPY,買い,1,2023-01-17 21:00:00,2023-01-18 01:00:00,130.8207926501845,2023-01-18 01:00:00,129.52033338185828,初期損切り,initial,1,0.8657777454278007,129.5221260320428,129.5221260320428,-1.3004592683262217,-1.0013803775037244,0.0,1.5000000000000093,False
AUDUSD,買い,1,2023-01-18 01:00:00,2023-01-18 05:00:00,0.7025742521179044,2023-01-18 09:00:00,0.6975643680364184,初期損切り,initial,2,0.0033104213090544153,0.6976086201543228,0.6976086201543228,-0.005009884081485949,-1.00891167896229,0.8989030713270862,1.4999999999999851,False
GBPUSD,買い,1,2023-01-18 01:00:00,2023-01-18 05:00:00,1.2359462429853747,2023-01-18 13:00:00,1.2345037570146253,建値,breakeven,3,0.0050798458767593105,1.2283264741702358,1.2359462429853747,-0.0014424859707493631,-0.18930836430147727,1.5106279207669042,0.5465211057044322,True
USDCHF,売り,-1,2023-01-17 05:00:00,2023-01-17 09:00:00,0.9208036570334298,2023-01-18 13:00:00,0.9159563429665702,トレイル,trail,8,0.003459375477759166,0.9259927202500685,0.9154687509555183,0.004847314066859565,0.934140492125175,3.5421587255302023,1.082953553511598,True
AUDUSD,売り,-1,2023-01-18 17:00:00,2023-01-18 21:00:00,0.6900957478820956,2023-01-19 21:00:00,0.6921842521179044,時間切れ,time,6,0.0039876487142832,0.6960772209535204,0.6960772209535204,-0.0020885042358087524,-0.3491621897933691,0.7362102563297938,0.5778473188099308,False
GBPUSD,買い,1,2023-01-20 13:00:00,2023-01-22 17:00:00,1.2403062429853746,2023-01-23 05:00:00,1.233647671836378,初期損切り,initial,4,0.004394885442414658,1.2337139148217526,1.2337139148217526,-0.006658571148996595,-1.010048496332472,1.0224969623227103,1.4999999999999996,False
USDCHF,買い,1,2023-01-20 01:00:00,2023-01-20 05:00:00,0.9205163429665703,2023-01-23 05:00:00,0.9176736570334297,時間切れ,time,6,0.0034813650990337046,0.9152942953180196,0.9152942953180196,-0.0028426859331405208,-0.5443623123449559,0.8541640847307719,1.2886735056359024,False
EURUSD,買い,1,2023-01-22 17:00:00,2023-01-22 21:00:00,1.0895363224968553,2023-01-23 21:00:00,1.0880836775031446,時間切れ,time,6,0.0037383189767310715,1.0839288440317587,1.0839288440317587,-0.0014526449937106722,-0.25905493935510737,0.8783834454961343,1.3151158388186508,False
USDJPY,買い,1,2023-01-23 09:00:00,2023-01-23 13:00:00,130.6487926501845,2023-01-24 13:00:00,130.0182073498155,時間切れ,time,6,0.7710832697613126,129.49216774554253,129.49216774554253,-0.6305853003690061,-0.5451942957809668,0.6085041242831445,1.1915608679577818,False
USDCHF,買い,1,2023-01-24 05:00:00,2023-01-24 09:00:00,0.9261863429665702,2023-01-25 05:00:00,0.9211212543341984,初期損切り,initial,6,0.0033124971105343297,0.9212175973007687,0.9212175973007687,-0.0050650886323717614,-1.0193897963490803,0.5354440997968735,1.5000000000000082,False
GBPUSD,売り,-1,2023-01-24 05:00:00,2023-01-24 09:00:00,1.2292037570146255,2023-01-25 09:00:00,1.2316362429853747,時間切れ,time,6,0.004666631231966127,1.2362037038625746,1.2362037038625746,-0.0024324859707491875,-0.34750063444579515,0.6115240036704358,1.0792031199886942,False
USDCHF,売り,-1,2023-01-25 13:00:00,2023-01-25 17:00:00,0.9175436570334298,2023-01-26 09:00:00,0.9223633280636009,初期損切り,initial,5,0.003148885375733933,0.9222669850970306,0.9222669850970306,-0.004819671030171113,-1.0203972633856742,0.4362359595606314,1.4999999999999918,False
USDJPY,売り,-1,2023-01-25 09:00:00,2023-01-25 13:00:00,129.6122073498155,2023-01-26 09:00:00,130.5825755708542,初期損切り,initial,6,0.6457170472361247,130.5807829206697,130.5807829206697,-0.9703682210387115,-1.0018508108592328,0.9078393583143518,1.5000000000000187,False
EURUSD,買い,1,2023-01-25 09:00:00,2023-01-25 13:00:00,1.0899463224968553,2023-01-26 13:00:00,1.0864436775031447,時間切れ,time,6,0.0033194979587902796,1.0849670755586698,1.0849670755586698,-0.0035026449937105575,-0.7034487417864481,0.9078714735052587,1.468993973604489,False
AUDUSD,買い,1,2023-01-24 17:00:00,2023-01-24 21:00:00,0.7086242521179044,2023-01-27 09:00:00,0.70858,建値,breakeven,16,0.0035695226676684877,0.7032699681164016,0.7086242521179044,-4.425211790437533e-05,-0.008264805881039472,1.5676459860529726,0.6735500350456646,True
USDCHF,買い,1,2023-01-30 13:00:00,2023-01-30 17:00:00,0.9242063429665702,2023-01-31 05:00:00,0.92411,建値,breakeven,4,0.002774212077338283,0.9200450248505628,0.9242063429665702,-9.634296657023977e-05,-0.023152031131586738,1.6702605656145557,0.10321596135685304,True
AUDUSD,売り,-1,2023-01-30 01:00:00,2023-01-30 05:00:00,0.7076957478820957,2023-01-31 09:00:00,0.7043645957461542,トレイル,trail,8,0.0029901718141249075,0.712181005603283,0.7043203436282498,0.003331152135941484,0.7426891258011467,3.128832877730044,0.62345986578363,True
USDJPY,買い,1,2023-01-30 09:00:00,2023-01-30 13:00:00,130.4157926501845,2023-01-31 13:00:00,130.1962073498155,時間切れ,time,6,0.5824867291356047,129.54206255648108,129.54206255648108,-0.2195853003690047,-0.25131937419972195,0.26473967921008806,1.1516016016020385,False
EURUSD,売り,-1,2023-01-30 21:00:00,2023-01-31 01:00:00,1.0834436775031446,2023-02-01 01:00:00,1.0878082821082227,初期損切り,initial,7,0.0028921880721484647,1.0877819596113674,1.0877819596113674,-0.004364604605078037,-1.006067493122554,1.1146154477948458,1.500000000000013,False
GBPUSD,売り,-1,2023-01-30 21:00:00,2023-01-31 01:00:00,1.2338237570146253,2023-02-01 13:00:00,1.2393252546891134,初期損切り,initial,10,0.0036235031260756874,1.2392590117037388,1.2392590117037388,-0.005501497674488043,-1.0121876506554868,1.4885476366255925,1.4999999999999731,False
AUDUSD,買い,1,2023-02-01 17:00:00,2023-02-01 21:00:00,0.7143042521179044,2023-02-02 09:00:00,0.7092940246081416,初期損切り,initial,4,0.0033106502612388912,0.709338276726046,0.709338276726046,-0.005010227509762766,-1.008911062663939,0.4034699459905551,1.5000000000000162,False
EURUSD,買い,1,2023-02-01 13:00:00,2023-02-01 17:00:00,1.0990763224968554,2023-02-02 09:00:00,1.0938415978009817,初期損切り,initial,5,0.003472268132678961,1.093867920297837,1.093867920297837,-0.005234724695873716,-1.005053852573105,1.2077631516057599,1.499999999999992,False
USDCHF,売り,-1,2023-01-31 09:00:00,2023-01-31 13:00:00,0.9174536570334297,2023-02-02 09:00:00,0.912589158217772,トレイル,trail,12,0.0032764076256008834,0.9223682684718311,0.9124928152512017,0.0048644988156577584,0.9898033398221472,3.514110070879291,0.28273129366812183,True
USDJPY,売り,-1,2023-02-01 05:00:00,2023-02-01 09:00:00,129.37720734981548,2023-02-03 05:00:00,129.10392901988104,トレイル,trail,12,0.5080681848482494,130.13930962708784,129.10213636969652,0.2732783299344419,0.3585848488900035,2.5414056386961628,0.9758388046529548,True
AUDUSD,売り,-1,2023-02-03 05:00:00,2023-02-03 09:00:00,0.6977757478820956,2023-02-06 21:00:00,0.6928807367516531,トレイル,trail,10,0.0036282423168743855,0.7032181113574072,0.6928364846337487,0.00489501113044255,0.899427455120922,3.3613377544755334,0.49727993897019107,True
GBPUSD,売り,-1,2023-02-02 09:00:00,2023-02-02 13:00:00,1.2243037570146253,2023-02-07 09:00:00,1.206244064832785,トレイル,trail,18,0.005008910923705312,1.2318171234001833,1.2061778218474104,0.018059692181840337,2.403675164378286,5.618737774199882,0.4544387033520687,True
USDCHF,買い,1,2023-02-03 05:00:00,2023-02-03 09:00:00,0.9230563429665702,2023-02-07 09:00:00,0.92296,建値,breakeven,13,0.003641496416890982,0.9175940983412337,0.9230563429665702,-9.634296657023977e-05,-0.017637980936144007,1.6624091693046918,0.22417788543844477,True
USDJPY,買い,1,2023-02-03 09:00:00,2023-02-03 13:00:00,131.05179265018452,2023-02-07 09:00:00,131.56015805781442,トレイル,trail,12,0.6695246460005382,130.0475056811837,131.56195070799893,0.5083654076298956,0.5061953637969457,2.7619705426258503,0.12365885360471585,True
EURUSD,売り,-1,2023-02-03 05:00:00,2023-02-03 09:00:00,1.0839536775031446,2023-02-07 13:00:00,1.0760863224968553,トレイル,trail,14,0.004107742831940854,1.090115291751056,1.0751354856638817,0.007867355006289323,1.2768334221760587,4.146724417773828,0.8901050154417189,True
GBPUSD,買い,1,2023-02-08 01:00:00,2023-02-08 05:00:00,1.2106362429853745,2023-02-09 05:00:00,1.2140237570146253,時間切れ,time,6,0.0054582638807323695,1.202448847164276,1.202448847164276,0.003387514029250749,0.4137474360921059,0.6730632843886134,0.9483313922668078,False
USDCHF,売り,-1,2023-02-08 01:00:00,2023-02-08 05:00:00,0.9179636570334297,2023-02-09 05:00:00,0.9184763429665702,時間切れ,time,6,0.0034122744774280505,0.9230820687495718,0.9230820687495718,-0.0005126859331404665,-0.10016504368407778,0.22086647437513146,1.147722140313334,False
AUDUSD,買い,1,2023-02-09 05:00:00,2023-02-09 09:00:00,0.7010642521179044,2023-02-09 09:00:00,0.6955434506797117,初期損切り,initial,1,0.003651032880192199,0.6955877027976161,0.6955877027976161,-0.0055208014381926684,-1.0080802920445608,0.0,1.4999999999999987,False
EURUSD,買い,1,2023-02-09 05:00:00,2023-02-09 09:00:00,1.0789963224968553,2023-02-09 13:00:00,1.0738110207629343,初期損切り,initial,2,0.003439319491377046,1.0738373432597896,1.0738373432597896,-0.005185301733920955,-1.0051022684228437,0.02142211659295065,1.5000000000000244,False
USDJPY,売り,-1,2023-02-09 05:00:00,2023-02-09 09:00:00,130.4042073498155,2023-02-09 13:00:00,131.39481593587718,初期損切り,initial,2,0.6592106239181057,131.39302328569266,131.39302328569266,-0.9906085860616827,-1.001812926065895,0.0003145425877160034,1.5000000000000178,False
USDCHF,買い,1,2023-02-09 13:00:00,2023-02-09 17:00:00,0.9223663429665703,2023-02-12 17:00:00,0.9239036570334298,時間切れ,time,6,0.003209368033294409,0.9175522909166287,0.9175522909166287,0.0015373140668595298,0.3193388959884999,0.9203235661314403,0.78717770612833,False
AUDUSD,売り,-1,2023-02-10 09:00:00,2023-02-10 13:00:00,0.6916157478820957,2023-02-13 09:00:00,0.697076236131525,初期損切り,initial,6,0.003610824087683301,0.6970319840136207,0.6970319840136207,-0.005460488249429352,-1.0081702711679854,0.7078018258528443,1.5000000000000069,False
EURUSD,売り,-1,2023-02-10 01:00:00,2023-02-10 05:00:00,1.0706336775031446,2023-02-13 09:00:00,1.07066,建値,breakeven,8,0.003316561202013776,1.0756085193061653,1.0706336775031446,-2.632249685530219e-05,-0.005291122390931002,1.5328158274473869,0.1526649038009325,True
USDCHF,売り,-1,2023-02-13 13:00:00,2023-02-13 17:00:00,0.9202336570334297,2023-02-14 05:00:00,0.92033,建値,breakeven,4,0.002741606998164171,0.924346067530676,0.9202336570334297,-9.634296657023977e-05,-0.02342737103573506,1.6098795474279275,0.03878855234959439,True
EURUSD,買い,1,2023-02-14 01:00:00,2023-02-14 05:00:00,1.0761563224968553,2023-02-14 09:00:00,1.0717927551911988,初期損切り,initial,2,0.0028914965392009035,1.071819077688054,1.071819077688054,-0.004363567305656568,-1.0060689442297095,1.4953078603163983,1.4999999999999691,False
GBPUSD,買い,1,2023-02-14 05:00:00,2023-02-14 09:00:00,1.2210562429853746,2023-02-14 09:00:00,1.2138157060695585,初期損切り,initial,1,0.004782862620294438,1.213881949054933,1.213881949054933,-0.007240536915816165,-1.0092333804576126,0.0,1.4999999999999787,False
EURUSD,売り,-1,2023-02-15 05:00:00,2023-02-15 09:00:00,1.0682636775031447,2023-02-16 09:00:00,1.0679563224968553,時間切れ,time,6,0.0033982906860347733,1.0733611135321968,1.0733611135321968,0.00030735500628931156,0.06029600068300661,0.6455237958775784,1.1730375253762135,False
GBPUSD,売り,-1,2023-02-15 01:00:00,2023-02-15 05:00:00,1.2096237570146253,2023-02-17 09:00:00,1.2013988583795445,トレイル,trail,14,0.004911307697084909,1.2169907185602526,1.20133261539417,0.008224898635080802,1.1164573866905365,3.6881739308202204,0.105113142408301,True
USDCHF,買い,1,2023-02-16 17:00:00,2023-02-16 21:00:00,0.9283763429665702,2023-02-17 09:00:00,0.92828,建値,breakeven,4,0.0028477687366186273,0.9241046898616423,0.9283763429665702,-9.634296657023977e-05,-0.022554023981744886,1.693837344094623,0.16024579548974102,True
AUDUSD,売り,-1,2023-02-15 01:00:00,2023-02-15 05:00:00,0.6911357478820956,2023-02-19 21:00:00,0.6885162349078069,トレイル,trail,17,0.0036559913949512396,0.6966197349745225,0.6884719827899025,0.0026195129742887513,0.47766578041479735,2.728602670091542,0.6685606867892895,True
EURUSD,売り,-1,2023-02-16 17:00:00,2023-02-16 21:00:00,1.0653436775031446,2023-02-20 01:00:00,1.0702063435087605,初期損切り,initial,8,0.003224229005840379,1.0701800210119052,1.0701800210119052,-0.004862666005615912,-1.0054426441810147,1.2572548338848497,1.5000000000000129,False
GBPUSD,買い,1,2023-02-21 01:00:00,2023-02-21 05:00:00,1.2091962429853746,2023-02-23 01:00:00,1.2025726266102252,初期損切り,initial,12,0.004371582259849911,1.2026388695955998,1.2026388695955998,-0.00662361637514941,-1.0101020609071671,1.2841476337261086,1.499999999999985,False
AUDUSD,売り,-1,2023-02-22 13:00:00,2023-02-22 17:00:00,0.6802357478820956,2023-02-23 17:00:00,0.6806642521179044,時間切れ,time,6,0.0029127465579123885,0.6846048677189642,0.6846048677189642,-0.00042850423580875763,-0.09807564264839973,0.7195091781681517,1.3472686482949425,False
EURUSD,売り,-1,2023-02-22 13:00:00,2023-02-22 17:00:00,1.0604736775031447,2023-02-23 17:00:00,1.0597363224968552,時間切れ,time,6,0.0028549481083498967,1.0647560996656695,1.0647560996656695,0.000737355006289464,0.17218176496983467,0.9610253493295288,0.8113361115323366,False
USDJPY,買い,1,2023-02-12 21:00:00,2023-02-13 01:00:00,132.18879265018452,2023-02-23 17:00:00,134.3672073498155,トレイル,trail,53,0.6795803871083574,131.169422069522,134.369,2.178414699630963,2.1370193930995245,4.6737772455888225,1.0076698256380743,True
USDCHF,買い,1,2023-02-23 05:00:00,2023-02-23 09:00:00,0.9335363429665703,2023-02-27 05:00:00,0.937677904055264,トレイル,trail,12,0.0025778764890829467,0.9296695282329459,0.9377742470218342,0.004141561088693679,1.0710523710071147,3.6439515520665835,0.5998514564677215,True
EURUSD,売り,-1,2023-02-24 05:00:00,2023-02-24 09:00:00,1.0553536775031447,2023-02-27 09:00:00,1.0583263224968553,時間切れ,time,6,0.0028317918225802276,1.059601365237015,1.059601365237015,-0.002972644993710638,-0.6998266303822833,0.7252219201881662,1.0616325934990627,False
GBPUSD,売り,-1,2023-02-24 05:00:00,2023-02-24 09:00:00,1.1964337570146253,2023-02-27 09:00:00,1.2019462429853747,時間切れ,time,6,0.004539552855717848,1.203243086298202,1.203243086298202,-0.005512485970749381,-0.8095490379713006,0.9128117121504373,1.3098741603779447,False
USDJPY,買い,1,2023-02-24 05:00:00,2023-02-24 09:00:00,135.8807926501845,2023-02-28 09:00:00,135.93026096731978,トレイル,trail,13,0.4874731912478637,135.1495828633127,135.9320536175043,0.049468317135278994,0.0676527010762677,2.1051564849926603,0.0036774333782818537,True
EURUSD,買い,1,2023-02-28 05:00:00,2023-02-28 09:00:00,1.0631563224968552,2023-02-28 13:00:00,1.0590201717458576,初期損切り,initial,2,0.002739885502761478,1.059046494242713,1.059046494242713,-0.0041361507509976025,-1.006404768089483,0.5086626801522312,1.5000000000000304,False
EURUSD,買い,1,2023-03-01 05:00:00,2023-03-01 09:00:00,1.0671663224968553,2023-03-02 01:00:00,1.0623308172142947,初期損切り,initial,5,0.0032061218571368157,1.06235713971115,1.06235713971115,-0.004835505282560604,-1.0054733824910171,0.25066966851425904,1.5000000000000244,False
USDCHF,買い,1,2023-03-02 05:00:00,2023-03-02 09:00:00,0.9431063429665703,2023-03-03 01:00:00,0.9387880732738485,初期損切り,initial,5,0.002814617817434323,0.9388844162404187,0.9388844162404187,-0.0043182696927217545,-1.0228196680850716,0.3317171616147924,1.5000000000000107,False
USDJPY,買い,1,2023-03-02 05:00:00,2023-03-02 09:00:00,137.0537926501845,2023-03-03 01:00:00,136.30014971294966,初期損切り,initial,5,0.5012335247002159,136.30194236313417,136.30194236313417,-0.7536429372348437,-1.0023843180156953,0.0163743034155898,1.5000000000000147,False
GBPUSD,売り,-1,2023-03-02 05:00:00,2023-03-02 09:00:00,1.1928537570146254,2023-03-03 05:00:00,1.200151011462398,初期損切り,initial,6,0.004820674308265439,1.2000847684770235,1.2000847684770235,-0.007297254447772739,-1.0091609570416322,0.06716010954529189,1.499999999999994,False
USDCHF,売り,-1,2023-03-06 01:00:00,2023-03-06 05:00:00,0.9341136570334297,2023-03-07 05:00:00,0.93421,建値,breakeven,7,0.0027772417906506753,0.9382795197194057,0.9341136570334297,-9.634296657023977e-05,-0.023126774412073003,1.9852996062463752,0.6684124417324514,True
USDJPY,買い,1,2023-03-07 09:00:00,2023-03-07 13:00:00,136.8577926501845,2023-03-08 09:00:00,136.99552168710142,トレイル,trail,6,0.45734283135703946,136.17177840314895,136.99731433728593,0.13772903691690885,0.20076702125658585,2.3050702395125073,0.19852208006651992,True
GBPUSD,売り,-1,2023-03-07 05:00:00,2023-03-07 09:00:00,1.1980037570146254,2023-03-09 01:00:00,1.188054066756991,トレイル,trail,11,0.0038389118858081542,1.2037621248433377,1.1879878237716164,0.00994969025763437,1.7278663943667283,4.60905525861023,0.17094505028904822,True
AUDUSD,売り,-1,2023-02-24 05:00:00,2023-02-24 09:00:00,0.6741857478820956,2023-03-09 05:00:00,0.6629242521179044,トレイル,trail,54,0.003152103019612913,0.678913902411515,0.66288,0.01126149576419122,2.381795200245742,5.521947656467479,1.3147578274308094,True
USDJPY,売り,-1,2023-03-09 01:00:00,2023-03-09 05:00:00,136.19220734981548,2023-03-09 21:00:00,136.93756403384003,初期損切り,initial,5,0.49570935589336707,136.93577138365552,136.93577138365552,-0.7453566840245571,-1.002410888777458,0.7609445844242245,1.499999999999988,False
EURUSD,売り,-1,2023-03-07 09:00:00,2023-03-07 13:00:00,1.0567136775031447,2023-03-10 05:00:00,1.0615159151055964,初期損切り,initial,17,0.003183943403730994,1.061489592608741,1.061489592608741,-0.004802237602451687,-1.005511508532543,1.3328369776208608,1.4999999999999667,False
USDJPY,売り,-1,2023-03-10 09:00:00,2023-03-10 13:00:00,134.7382073498155,2023-03-12 21:00:00,134.74,建値,breakeven,3,0.7073525558420577,135.79923618357859,134.7382073498155,-0.0017926501845124676,-0.0016895395558239302,1.6925185891076644,0.5779192381624371,True
USDCHF,売り,-1,2023-03-09 01:00:00,2023-03-09 05:00:00,0.9370836570334298,2023-03-13 17:00:00,0.912578577595307,トレイル,trail,16,0.0026711173143684247,0.9410903330049825,0.9124822346287368,0.024505079438122745,6.116062195223319,11.210161707371467,0.8671812930529896,True
GBPUSD,買い,1,2023-03-12 17:00:00,2023-03-12 21:00:00,1.2074762429853747,2023-03-15 05:00:00,1.2134837570146253,トレイル,trail,15,0.004897057671750263,1.2001306564777494,1.21355,0.0060075140292505935,0.817839940080243,2.643170222252889,0.5750887929339176,True
AUDUSD,買い,1,2023-03-12 21:00:00,2023-03-13 01:00:00,0.6667042521179044,2023-03-15 09:00:00,0.6612004537040961,初期損切り,initial,15,0.0036396975306026173,0.6612447058220005,0.6612447058220005,-0.005503798413808325,-1.0081054570299368,1.3698247835638484,1.5000000000000067,False
EURUSD,売り,-1,2023-03-15 05:00:00,2023-03-15 09:00:00,1.0556236775031447,2023-03-16 01:00:00,1.062459212903702,初期損切り,initial,5,0.004539475269134776,1.0624328904068467,1.0624328904068467,-0.006835535400557369,-1.0038657179952315,0.8819692289914769,1.4999999999999785,False
USDCHF,買い,1,2023-03-15 05:00:00,2023-03-15 09:00:00,0.9217763429665703,2023-03-16 01:00:00,0.9259481809570882,トレイル,trail,5,0.004092738038170811,0.9156372359093141,0.9260445239236584,0.0041718379905179015,0.6795512688749955,3.0428668820923823,0.33384569298772193,True
AUDUSD,買い,1,2023-03-16 21:00:00,2023-03-17 01:00:00,0.6715242521179043,2023-03-20 01:00:00,0.6683357478820956,時間切れ,time,6,0.0034355092778478222,0.6663709882011326,0.6663709882011326,-0.0031885042358087423,-0.6187349003088093,0.4324680162198264,1.2062992071150913,False
EURUSD,買い,1,2023-03-16 21:00:00,2023-03-17 01:00:00,1.0649463224968554,2023-03-20 01:00:00,1.0669436775031447,時間切れ,time,6,0.004120277162814121,1.0587659067526343,1.0587659067526343,0.001997355006289281,0.3231748621695636,0.9886901638341233,0.9019593464234995,False
USDJPY,売り,-1,2023-03-20 01:00:00,2023-03-20 05:00:00,130.8922073498155,2023-03-21 01:00:00,132.23496328194244,初期損切り,initial,6,0.8939755212949522,132.23317063175793,132.23317063175793,-1.3427559321269484,-1.001336837636541,0.08300825699118608,1.5000000000000087,False
GBPUSD,買い,1,2023-03-20 01:00:00,2023-03-20 05:00:00,1.2214162429853745,2023-03-21 09:00:00,1.22135,建値,breakeven,8,0.004380906953600311,1.214844882554974,1.2214162429853745,-6.624298537460938e-05,-0.010080558824342625,1.6238091997774882,0.6725189593340543,True
AUDUSD,売り,-1,2023-03-21 09:00:00,2023-03-21 13:00:00,0.6654957478820956,2023-03-22 01:00:00,0.6699295329149046,初期損切り,initial,4,0.002926355276603054,0.6698852807970003,0.6698852807970003,-0.004433785032809001,-1.010081281713178,0.025884718339313415,1.5000000000000153,False
EURUSD,買い,1,2023-03-21 05:00:00,2023-03-21 09:00:00,1.0781563224968553,2023-03-22 09:00:00,1.0781636775031447,時間切れ,time,6,0.0036551664677806836,1.0726735727951844,1.0726735727951844,7.355006289344601e-06,0.0013414813167748568,0.5098748633126465,0.6802214122863349,False
USDCHF,売り,-1,2023-03-21 09:00:00,2023-03-21 13:00:00,0.9224736570334298,2023-03-22 13:00:00,0.9233463429665703,時間切れ,time,6,0.003916135989491842,0.9283478610176675,0.9283478610176675,-0.0008726859331404935,-0.14856241551743343,0.46312411987129887,0.5378625696916912,False
USDJPY,買い,1,2023-03-22 05:00:00,2023-03-22 09:00:00,132.78879265018452,2023-03-22 13:00:00,131.7778796119513,初期損切り,initial,2,0.6727469253658003,131.77967226213582,131.77967226213582,-1.0109130382332125,-1.0017764482867881,0.07611680988009162,1.4999999999999996,False
AUDUSD,買い,1,2023-03-22 21:00:00,2023-03-23 01:00:00,0.6741842521179043,2023-03-23 05:00:00,0.6695444138840245,初期損切り,initial,2,0.003063724077316933,0.6695886660019289,0.6695886660019289,-0.004639838233879812,-1.009629265296668,0.4425163127885176,1.500000000000012,False
USDJPY,売り,-1,2023-03-22 17:00:00,2023-03-22 21:00:00,130.90020734981547,2023-03-23 21:00:00,130.5287926501845,時間切れ,time,6,0.7212186570804148,131.9820353354361,131.9820353354361,0.37141469963097506,0.3433214009692144,0.7975491817474586,1.0576440898969788,False
GBPUSD,買い,1,2023-03-22 17:00:00,2023-03-22 21:00:00,1.2292262429853746,2023-03-24 05:00:00,1.2225685221446998,初期損切り,initial,9,0.004394318570200099,1.2226347651300744,1.2226347651300744,-0.006657720840674841,-1.0100497926002174,1.1659958040757394,1.5000000000000189,False
USDCHF,買い,1,2023-03-24 05:00:00,2023-03-24 09:00:00,0.9191963429665703,2023-03-27 09:00:00,0.9174636570334298,時間切れ,time,6,0.0035803934771790153,0.9138257527508018,0.9138257527508018,-0.0017326859331404654,-0.3226248631022244,0.31662917516063616,0.9849037512348174,False
USDJPY,買い,1,2023-03-27 05:00:00,2023-03-27 09:00:00,131.7097926501845,2023-03-27 17:00:00,130.76129517611605,初期損切り,initial,3,0.6311365492559615,130.76308782630056,130.76308782630056,-0.9484974740684606,-1.001893568237208,0.07955069291212624,1.5000000000000093,False
GBPUSD,買い,1,2023-03-28 09:00:00,2023-03-28 13:00:00,1.2344662429853746,2023-03-29 13:00:00,1.2308337570146255,時間切れ,time,6,0.003952159778593309,1.2285380033174846,1.2285380033174846,-0.0036324859707490553,-0.6127427658541282,0.4260346516721118,1.0566989239642772,False
AUDUSD,売り,-1,2023-03-24 01:00:00,2023-03-24 05:00:00,0.6667557478820956,2023-03-30 01:00:00,0.6714930812304962,初期損切り,initial,24,0.0031287208203308677,0.6714488291125918,0.6714488291125918,-0.004737333348400652,-1.0094292247951715,1.347434981958452,1.499999999999992,False
AUDUSD,買い,1,2023-03-30 17:00:00,2023-03-30 21:00:00,0.6720242521179044,2023-03-31 01:00:00,0.6683484018803946,初期損切り,initial,2,0.0024210654130702764,0.668392653998299,0.668392653998299,-0.0036758502375098256,-1.0121853014697615,0.7169355576784843,1.5000000000000149,False
EURUSD,買い,1,2023-03-30 01:00:00,2023-03-30 05:00:00,1.0873563224968552,2023-03-31 01:00:00,1.08733,建値,breakeven,6,0.0027942580313731805,1.0831649354497954,1.0873563224968552,-2.632249685530219e-05,-0.006280139858180657,1.8909053651527992,0.5176052034623709,True
GBPUSD,買い,1,2023-03-30 05:00:00,2023-03-30 09:00:00,1.2378662429853746,2023-03-31 13:00:00,1.2325620365019274,初期損切り,initial,8,0.0034919756653817155,1.232628279487302,1.232628279487302,-0.005304206483447205,-1.0126467061862894,1.2782898400116345,1.5000000000000064,False
USDCHF,売り,-1,2023-03-30 01:00:00,2023-03-30 05:00:00,0.9160836570334298,2023-04-02 17:00:00,0.91618,建値,breakeven,10,0.002581397271321123,0.9199557529404114,0.9160836570334298,-9.634296657023977e-05,-0.024881348211578655,1.7369108905639756,0.6493936385515495,True
GBPUSD,売り,-1,2023-04-02 21:00:00,2023-04-03 01:00:00,1.2280437570146254,2023-04-03 01:00:00,1.2333914683553502,初期損切り,initial,1,0.0035209789035667996,1.2333252253699756,1.2333252253699756,-0.005347711340724759,-1.0125425319092283,-0.0,1.4999999999999858,False
AUDUSD,売り,-1,2023-04-02 17:00:00,2023-04-02 21:00:00,0.6666557478820956,2023-04-03 05:00:00,0.6707337336481417,初期損切り,initial,3,0.0026891557654278283,0.6706894815302373,0.6706894815302373,-0.004077985766046122,-1.0109705106396316,0.3256590389274901,1.5000000000000016,False
EURUSD,売り,-1,2023-04-02 17:00:00,2023-04-02 21:00:00,1.0813636775031448,2023-04-03 05:00:00,1.0860382198313734,初期損切り,initial,3,0.0030988132209155486,1.086011897334518,1.086011897334518,-0.004674542328228615,-1.0056629199586533,0.8208553797228695,1.4999999999999967,False
USDJPY,買い,1,2023-03-29 01:00:00,2023-03-29 05:00:00,131.99079265018452,2023-04-03 09:00:00,132.6202073498155,トレイル,trail,20,0.5814009406954662,131.11869123914133,132.622,0.6294146996309848,0.7217219140582344,3.0361274402204432,0.6721568935149298,True
EURUSD,買い,1,2023-04-04 01:00:00,2023-04-04 05:00:00,1.0917363224968553,2023-04-05 09:00:00,1.09171,建値,breakeven,8,0.00329208501166157,1.0867981949793628,1.0917363224968553,-2.632249685530219e-05,-0.005330461143836378,1.6991291182731136,0.9283850465673703,True
USDCHF,売り,-1,2023-04-04 09:00:00,2023-04-04 13:00:00,0.9061936570334298,2023-04-05 13:00:00,0.9074063429665702,建値,breakeven,7,0.0029827439501430015,0.9106677729586443,0.9061936570334298,-0.0012126859331403894,-0.2710448172131905,1.8049343568936556,0.47484564221555925,True
AUDUSD,売り,-1,2023-04-05 01:00:00,2023-04-05 05:00:00,0.6697457478820956,2023-04-06 05:00:00,0.6699642521179043,時間切れ,time,6,0.003086410650225559,0.6743753638574339,0.6743753638574339,-0.00021850423580871414,-0.0471970541342245,0.6660642782402849,1.0414207576912942,False
USDJPY,売り,-1,2023-04-04 09:00:00,2023-04-04 13:00:00,131.62120734981548,2023-04-06 05:00:00,131.623,建値,breakeven,11,0.606523614661881,132.5309927718083,131.62120734981548,-0.0017926501845124676,-0.0019704098803713438,1.630946142743225,0.37062472878296904,True
GBPUSD,買い,1,2023-04-04 01:00:00,2023-04-04 05:00:00,1.2476062429853747,2023-04-06 09:00:00,1.24161183665429,初期損切り,initial,14,0.003952108897140009,1.2416780796396647,1.2416780796396647,-0.005994406331084612,-1.0111742847677325,1.2509161926694272,1.4999999999999971,False
AUDUSD,売り,-1,2023-04-10 05:00:00,2023-04-10 09:00:00,0.6623557478820956,2023-04-10 21:00:00,0.6662289036064492,初期損切り,initial,4,0.002552602404299432,0.6661846514885448,0.6661846514885448,-0.0038731557243535386,-1.0115573862527787,0.1550370247356382,1.5000000000000058,False
GBPUSD,売り,-1,2023-04-10 05:00:00,2023-04-10 09:00:00,1.2351537570146254,2023-04-10 21:00:00,1.2406984265160705,初期損切り,initial,4,0.0036522843440471068,1.240632183530696,1.240632183530696,-0.005544669501445165,-1.0120916079060631,0.18721352178941958,1.4999999999999714,False
EURUSD,売り,-1,2023-04-10 05:00:00,2023-04-10 09:00:00,1.0848736775031447,2023-04-11 01:00:00,1.0890679766890534,初期損切り,initial,5,0.0027786511260356104,1.0890416541921981,1.0890416541921981,-0.004194299185908745,-1.0063154136452974,0.6203288664035493,1.50000000000001,False
USDCHF,買い,1,2023-04-10 05:00:00,2023-04-10 09:00:00,0.9103063429665702,2023-04-11 01:00:00,0.9065663691097584,初期損切り,initial,5,0.002429087260161014,0.9066627120763286,0.9066627120763286,-0.0037399738568117957,-1.0264414726607745,0.7095904135265811,1.5000000000000142,False
USDJPY,買い,1,2023-04-10 05:00:00,2023-04-10 09:00:00,133.33079265018452,2023-04-11 09:00:00,133.1062073498155,時間切れ,time,6,0.5475462941903818,132.50947320889895,132.50947320889895,-0.22458530036902857,-0.27344451997568175,0.9884229983069087,0.6516209751946086,False
EURUSD,買い,1,2023-04-11 17:00:00,2023-04-11 21:00:00,1.0925563224968553,2023-04-14 05:00:00,1.102481151499859,トレイル,trail,15,0.0025462630016428065,1.088736927994391,1.1025074739967142,0.009924829003003621,2.5985346621304206,5.90813969076984,0.37950616108068486,True
GBPUSD,買い,1,2023-04-12 09:00:00,2023-04-12 13:00:00,1.2484962429853745,2023-04-14 05:00:00,1.24843,建値,breakeven,11,0.003487057128459354,1.2432656572926855,1.2484962429853745,-6.624298537460938e-05,-0.012664544520740664,1.776213232664204,0.20253266848157847,True
USDCHF,売り,-1,2023-04-11 13:00:00,2023-04-11 17:00:00,0.9035436570334298,2023-04-14 05:00:00,0.8908019287244892,トレイル,trail,16,0.002357792878959423,0.9070803463518688,0.8907055857579189,0.012741728308940603,3.6027276251010867,7.444952943100223,0.08751530654438175,True
AUDUSD,買い,1,2023-04-12 05:00:00,2023-04-12 09:00:00,0.6706642521179044,2023-04-14 09:00:00,0.6754054089348536,トレイル,trail,13,0.0025851694736210135,0.6667864979074728,0.6754496610527579,0.004741156816949199,1.2226553204932498,3.851100666197619,1.1930560643609742,True
USDJPY,売り,-1,2023-04-13 05:00:00,2023-04-13 09:00:00,132.51320734981547,2023-04-14 09:00:00,133.01479265018452,時間切れ,time,6,0.5042868381491233,133.26963760703916,133.26963760703916,-0.5015853003690438,-0.6630952365787232,0.9720803969714512,1.3420787515861927,False
EURUSD,売り,-1,2023-04-16 17:00:00,2023-04-16 21:00:00,1.0972636775031448,2023-04-18 01:00:00,1.0969172338147657,トレイル,trail,8,0.0029854556589552833,1.1017418609915777,1.0968909113179104,0.00034644368837910555,0.0773625487374432,2.1248607341114503,0.9132014701599231,True
GBPUSD,売り,-1,2023-04-16 17:00:00,2023-04-16 21:00:00,1.2390437570146253,2023-04-18 01:00:00,1.2443186363194583,初期損切り,initial,8,0.003472424212972278,1.2442523933340837,1.2442523933340837,-0.005274879304832947,-1.012717913348463,1.0608603064290176,1.4999999999999771,False
USDCHF,買い,1,2023-04-17 09:00:00,2023-04-17 13:00:00,0.8996163429665702,2023-04-18 13:00:00,0.8968736570334298,時間切れ,time,6,0.0028709065809456535,0.8953099830951518,0.8953099830951518,-0.0027426859331404208,-0.6368919493569872,0.0,1.4442625873268458,False
AUDUSD,買い,1,2023-04-18 01:00:00,2023-04-18 05:00:00,0.6737442521179043,2023-04-19 05:00:00,0.6705957478820956,時間切れ,time,6,0.0025456380291785643,0.6699257950741365,0.6699257950741365,-0.0031485042358087023,-0.8245488163726804,0.3990150486648138,1.3137186353958894,False
USDJPY,買い,1,2023-04-19 01:00:00,2023-04-19 05:00:00,134.8917926501845,2023-04-20 05:00:00,134.67020734981548,時間切れ,time,6,0.39856946492942746,134.29393845279037,134.29393845279037,-0.22158530036901425,-0.3706343475296068,0.6102006581426289,1.497336606782414,False
GBPUSD,買い,1,2023-04-19 09:00:00,2023-04-19 13:00:00,1.2452862429853746,2023-04-20 13:00:00,1.2448237570146254,時間切れ,time,6,0.003657190438837004,1.239800457327119,1.239800457327119,-0.0004624859707491602,-0.08430624154138606,0.4139125484279359,1.2977839313404593,False
AUDUSD,買い,1,2023-04-20 05:00:00,2023-04-20 09:00:00,0.6749442521179044,2023-04-20 21:00:00,0.6712333109378773,初期損切り,initial,4,0.0024444593747484982,0.6712775630557817,0.6712775630557817,-0.0037109411800271275,-1.0120686857147252,0.8900732426037882,1.500000000000002,False
USDJPY,売り,-1,2023-04-21 01:00:00,2023-04-21 05:00:00,133.7722073498155,2023-04-21 09:00:00,134.36838593281396,初期損切り,initial,2,0.3962572885426509,134.36659328262945,134.36659328262945,-0.5961785829984763,-1.0030159700718573,0.42449023571050387,1.4999999999999682,False
GBPUSD,売り,-1,2023-04-21 01:00:00,2023-04-21 05:00:00,1.2399837570146255,2023-04-23 17:00:00,1.2449615776283216,初期損切り,initial,4,0.003274385085547737,1.244895334642947,1.244895334642947,-0.004977820613696116,-1.0134871095170181,0.9967541780686697,1.4999999999999696,False
AUDUSD,売り,-1,2023-04-21 01:00:00,2023-04-21 05:00:00,0.6687957478820956,2023-04-24 05:00:00,0.6688642521179043,時間切れ,time,6,0.0025332874967061623,0.6725956791271549,0.6725956791271549,-6.850423580873066e-05,-0.01802775665949257,0.8786005871775654,0.814851105762131,False
EURUSD,買い,1,2023-04-21 13:00:00,2023-04-23 17:00:00,1.0989263224968553,2023-04-25 05:00:00,1.101156318056671,トレイル,trail,10,0.002758679723236865,1.094788302912,1.1011826405535263,0.002229995559815734,0.5389040612512506,2.8178977927976256,0.8505237041805453,True
GBPUSD,買い,1,2023-04-24 13:00:00,2023-04-24 17:00:00,1.2481762429853747,2023-04-25 05:00:00,1.2432434998703996,初期損切り,initial,4,0.00324433341973365,1.2433097428557742,1.2433097428557742,-0.004932743114975047,-1.0136120381404385,0.7778969323172874,1.4999999999999885,False
USDJPY,買い,1,2023-04-24 05:00:00,2023-04-24 09:00:00,134.5077926501845,2023-04-25 05:00:00,133.8909846740913,初期損切り,initial,6,0.4100102172724673,133.8927773242758,133.8927773242758,-0.616807976093213,-1.0029148057113266,0.3956178236106782,1.4999999999999991,False
USDCHF,売り,-1,2023-04-20 01:00:00,2023-04-20 05:00:00,0.8957136570334298,2023-04-25 09:00:00,0.8904053590423368,トレイル,trail,20,0.0021095080378832278,0.8988779190902546,0.8903090160757665,0.005308297991093003,1.6775784987984148,4.562038570417825,0.5291958819414824,True
GBPUSD,売り,-1,2023-04-25 09:00:00,2023-04-25 13:00:00,1.2398837570146255,2023-04-26 01:00:00,1.245108868993611,初期損切り,initial,4,0.0034392459957405634,1.2450426260082363,1.2450426260082363,-0.005225111978985453,-1.0128406023600616,0.09995127276477117,1.4999999999999996,False
AUDUSD,売り,-1,2023-04-25 05:00:00,2023-04-25 09:00:00,0.6653057478820956,2023-04-27 17:00:00,0.6635642521179044,トレイル,trail,15,0.002346198844829467,0.6688250461493398,0.66352,0.0017414957641912476,0.4948417644506535,2.619448856877413,0.12115431670713916,True
USDJPY,買い,1,2023-04-27 09:00:00,2023-04-27 13:00:00,133.9997926501845,2023-04-27 21:00:00,133.34758476113868,初期損切り,initial,3,0.43361015924088214,133.3493774113232,133.3493774113232,-0.652207889045826,-1.0027561626440997,0.17575084022225423,1.4999999999999778,False
AUDUSD,売り,-1,2023-04-28 01:00:00,2023-04-28 05:00:00,0.6582357478820956,2023-04-28 09:00:00,0.6617678858324192,初期損切り,initial,2,0.002325257221612775,0.6617236337145148,0.6617236337145148,-0.0035321379503235883,-1.012687375685612,0.36802288974382735,1.5000000000000218,False
EURUSD,売り,-1,2023-04-28 01:00:00,2023-04-28 05:00:00,1.0991136775031447,2023-04-28 09:00:00,1.103698970178133,初期損切り,initial,2,0.003039313452088652,1.1036726476812777,1.1036726476812777,-0.004585292674988306,-1.0057737813205236,0.9422119660533217,1.5000000000000084,False
USDCHF,買い,1,2023-04-27 05:00:00,2023-04-27 09:00:00,0.8963563429665702,2023-04-28 09:00:00,0.8947536570334298,時間切れ,time,6,0.0024753254322206,0.8926433548182393,0.8926433548182393,-0.0016026859331403909,-0.43164315885598675,0.5185811193634636,1.2993616615835348,False
GBPUSD,買い,1,2023-04-28 09:00:00,2023-04-28 13:00:00,1.2575262429853746,2023-05-01 05:00:00,1.2515832694681392,初期損切り,initial,5,0.0039178203545737755,1.2516495124535139,1.2516495124535139,-0.005942973517235384,-1.0112720814772065,0.016273593185793304,1.5000000000000284,False
AUDUSD,買い,1,2023-05-01 05:00:00,2023-05-01 09:00:00,0.6660842521179043,2023-05-01 13:00:00,0.6627127104550132,初期損切り,initial,2,0.0022181930299911335,0.6627569625729176,0.6627569625729176,-0.003371541662891109,-1.0132997496328757,0.32267159458997513,1.5000000000000149,False
EURUSD,売り,-1,2023-05-02 05:00:00,2023-05-02 09:00:00,1.0955036775031446,2023-05-02 09:00:00,1.1001125500897346,初期損切り,initial,1,0.003055033393156461,1.1000862275928793,1.1000862275928793,-0.00460887258659004,-1.0057440718246187,-0.0,1.5000000000000153,False
USDCHF,買い,1,2023-05-02 01:00:00,2023-05-02 05:00:00,0.8983863429665703,2023-05-02 09:00:00,0.8944182006775401,初期損切り,initial,2,0.0025811995483066667,0.8945145436441103,0.8945145436441103,-0.0039681422890301965,-1.0248832541530029,0.43532358207907906,1.4999999999999831,False
GBPUSD,売り,-1,2023-05-02 01:00:00,2023-05-02 05:00:00,1.2470037570146253,2023-05-03 01:00:00,1.2524058442140518,初期損切り,initial,6,0.003557229476034641,1.2523396012286772,1.2523396012286772,-0.005402087199426475,-1.0124147150323586,0.9540450053866972,1.4999999999999731,False
EURUSD,買い,1,2023-05-03 01:00:00,2023-05-03 05:00:00,1.1040063224968553,2023-05-04 01:00:00,1.10398,建値,breakeven,6,0.0029756223107284875,1.0995428890307626,1.1040063224968553,-2.632249685530219e-05,-0.005897365123792196,1.728605638087701,0.5868763957572672,True
USDCHF,売り,-1,2023-05-02 21:00:00,2023-05-03 01:00:00,0.8913336570334297,2023-05-04 01:00:00,0.8872381592629401,トレイル,trail,7,0.0025559081481849543,0.8951675192557071,0.8871418162963699,0.0040954977704895645,1.0682433361042154,3.6400592251472723,0.10811928698085266,True
EURUSD,売り,-1,2023-05-05 05:00:00,2023-05-05 09:00:00,1.0975836775031447,2023-05-05 09:00:00,1.1030111045724078,初期損切り,initial,1,0.0036007363816052207,1.1029847820755525,1.1029847820755525,-0.0054274270692631355,-1.0048735395699937,-0.0,1.5000000000000007,False
USDCHF,買い,1,2023-05-05 01:00:00,2023-05-05 05:00:00,0.8919463429665703,2023-05-05 09:00:00,0.89185,建値,breakeven,2,0.0034221806893244564,0.8868130719325836,0.8919463429665703,-9.634296657023977e-05,-0.018768338147813778,1.6053088752932565,0.2589994646791352,True
USDJPY,買い,1,2023-05-05 05:00:00,2023-05-05 09:00:00,134.9757926501845,2023-05-08 09:00:00,135.05620734981548,時間切れ,time,6,0.5578756244327522,134.13897921353538,134.13897921353538,0.08041469963097825,0.0960963293717949,0.581146290708011,0.6252157916724624,False
GBPUSD,買い,1,2023-05-04 09:00:00,2023-05-04 13:00:00,1.2595962429853746,2023-05-09 05:00:00,1.25953,建値,breakeven,17,0.0037363410977881285,1.2539917313386924,1.2595962429853746,-6.624298537460938e-05,-0.01181958207078122,1.9440829475995944,0.9705331741583528,True
AUDUSD,買い,1,2023-05-04 17:00:00,2023-05-04 21:00:00,0.6705442521179044,2023-05-09 09:00:00,0.6747392159007425,トレイル,trail,16,0.002773265990676572,0.6663843531318895,0.6747834680186469,0.004194963782838124,1.0084292423785168,3.528600543544789,0.535200057583467,True
EURUSD,売り,-1,2023-05-09 05:00:00,2023-05-09 09:00:00,1.0949736775031447,2023-05-10 05:00:00,1.099559191760976,初期損切り,initial,6,0.0030394611739840384,1.0995328692641206,1.0995328692641206,-0.004585514257831269,-1.005773500706971,0.2775746932930076,1.4999999999999702,False
AUDUSD,買い,1,2023-05-10 05:00:00,2023-05-10 09:00:00,0.6814942521179044,2023-05-10 09:00:00,0.6777310766365467,初期損切り,initial,1,0.0024792822423021356,0.6777753287544511,0.6777753287544511,-0.003763175481357628,-1.0118991744598185,0.0,1.5000000000000198,False
GBPUSD,買い,1,2023-05-10 05:00:00,2023-05-10 09:00:00,1.2674262429853747,2023-05-10 09:00:00,1.262214156872738,初期損切り,initial,1,0.003430562084841272,1.2622803998581127,1.2622803998581127,-0.005212086112636571,-1.0128731062600251,0.0,1.5000000000000158,False
USDCHF,買い,1,2023-05-11 01:00:00,2023-05-11 05:00:00,0.8948363429665702,2023-05-12 01:00:00,0.8904115789762731,初期損切り,initial,6,0.002885614015817893,0.8905079219428433,0.8905079219428433,-0.00442476399029712,-1.0222582244292235,0.3408830938710714,1.5000000000000142,False
EURUSD,売り,-1,2023-05-11 01:00:00,2023-05-11 05:00:00,1.0928236775031448,2023-05-12 05:00:00,1.0914063224968553,時間切れ,time,6,0.0031877158762533427,1.0976052513175247,1.0976052513175247,0.001417355006289478,0.2964201874343028,0.8795255323821672,0.6450770949110312,False
USDJPY,売り,-1,2023-05-10 05:00:00,2023-05-10 09:00:00,134.4052073498155,2023-05-12 09:00:00,135.07280628409006,初期損切り,initial,13,0.4438708560600329,135.07101363390555,135.07101363390555,-0.6675989342745652,-1.0026924500824828,1.4851332111931494,1.5000000000000075,False
GBPUSD,売り,-1,2023-05-11 01:00:00,2023-05-11 05:00:00,1.2583137570146254,2023-05-15 05:00:00,1.2514425947218792,トレイル,trail,13,0.003588175868252369,1.263696020817004,1.2513763517365046,0.006871162292746202,1.2766305303931158,3.9334072611941444,0.9381488279764854,True
AUDUSD,売り,-1,2023-05-11 01:00:00,2023-05-11 05:00:00,0.6733357478820956,2023-05-15 09:00:00,0.6695688172603713,トレイル,trail,14,0.0029522825712334985,0.6777641717389459,0.6695245651424669,0.003766930621724285,0.8506255822593153,3.2909274934466253,0.6856566297644743,True
USDCHF,買い,1,2023-05-12 09:00:00,2023-05-12 13:00:00,0.8981763429665702,2023-05-15 13:00:00,0.8941836570334297,時間切れ,time,6,0.0029543327328962325,0.8937448438672259,0.8937448438672259,-0.003992685933140505,-0.9009786177619291,0.21109911774169798,1.3222420491346278,False
GBPUSD,売り,-1,2023-05-17 01:00:00,2023-05-17 05:00:00,1.2426637570146253,2023-05-17 05:00:00,1.2476975794638643,初期損切り,initial,1,0.0033117196425762733,1.2476313364784897,1.2476313364784897,-0.0050338224492390005,-1.0133350630536382,-0.0,1.4999999999999942,False
EURUSD,売り,-1,2023-05-17 01:00:00,2023-05-17 05:00:00,1.0829036775031446,2023-05-18 05:00:00,1.0816863224968554,時間切れ,time,6,0.0023875748920355044,1.0864850398411978,1.0864850398411978,0.001217355006289278,0.3399139465321465,0.822456924679133,0.8486948424590702,False
USDCHF,買い,1,2023-05-17 01:00:00,2023-05-17 05:00:00,0.9003363429665703,2023-05-18 05:00:00,0.9003736570334298,時間切れ,time,6,0.0024252252340992747,0.8966985051154214,0.8966985051154214,3.7314066859472916e-05,0.01025721002042141,0.9210101404289901,1.0293241763573546,False
AUDUSD,売り,-1,2023-05-18 05:00:00,2023-05-18 09:00:00,0.6620357478820956,2023-05-19 05:00:00,0.6657782500851361,初期損切り,initial,6,0.0024655000567574002,0.6657339979672318,0.6657339979672318,-0.0037425022030405097,-1.0119656910391934,0.6350630079298721,1.5000000000000138,False
GBPUSD,売り,-1,2023-05-18 09:00:00,2023-05-18 13:00:00,1.2395637570146254,2023-05-19 05:00:00,1.2448756204777331,初期損切り,initial,5,0.003497080318488714,1.2448093774923585,1.2448093774923585,-0.005311863463107747,-1.0126282459159728,0.12117451589119389,1.5000000000000189,False
USDCHF,買い,1,2023-05-18 09:00:00,2023-05-18 13:00:00,0.9054963429665702,2023-05-19 05:00:00,0.901578098900871,初期損切り,initial,5,0.0025479340660859427,0.9016744418674413,0.9016744418674413,-0.0039182440656991835,-1.0252081265504824,0.15842522724691288,1.5000000000000118,False
USDJPY,買い,1,2023-05-16 09:00:00,2023-05-16 13:00:00,136.59279265018452,2023-05-19 09:00:00,137.91335569204819,トレイル,trail,18,0.41592582888366103,135.96890390685903,137.9151483422327,1.3205630418636645,2.1166643187449017,5.179306501828355,0.7760822429587536,True
GBPUSD,売り,-1,2023-05-23 01:00:00,2023-05-23 05:00:00,1.2408737570146253,2023-05-24 01:00:00,1.2458578218919532,初期損切り,initial,6,0.003278547927968777,1.2457915789065785,1.2457915789065785,-0.004984064877327832,-1.0134699846456532,1.0778421094531792,1.5000000000000173,False
EURUSD,売り,-1,2023-05-23 05:00:00,2023-05-23 09:00:00,1.0763636775031447,2023-05-24 05:00:00,1.0799681135698285,初期損切り,initial,6,0.0023854090465523898,1.0799417910729732,1.0799417910729732,-0.0036044360666838138,-1.0073565291714568,0.1398827189101487,1.4999999999999694,False
USDJPY,買い,1,2023-05-23 05:00:00,2023-05-23 09:00:00,138.86079265018452,2023-05-24 09:00:00,138.6912073498155,時間切れ,time,6,0.47715171996146405,138.14506507024234,138.14506507024234,-0.16958530036902175,-0.2369411283308628,0.0,1.3094213518396018,False
USDCHF,買い,1,2023-05-24 09:00:00,2023-05-24 13:00:00,0.9059863429665702,2023-05-25 13:00:00,0.9070836570334297,時間切れ,time,6,0.0024070322142841186,0.9023757946451441,0.9023757946451441,0.0010973140668595338,0.30391895334780933,0.5665304458068275,0.9166237798883714,False
AUDUSD,売り,-1,2023-05-23 05:00:00,2023-05-23 09:00:00,0.6611957478820957,2023-05-26 05:00:00,0.6535627918157904,トレイル,trail,18,0.002239269848943016,0.6645546526555102,0.653518539697886,0.007632956066305319,2.27245384469354,5.428442618397913,0.8101980736089847,True
EURUSD,売り,-1,2023-05-24 09:00:00,2023-05-24 13:00:00,1.0755736775031446,2023-05-26 05:00:00,1.0756,建値,breakeven,11,0.0026067520067405035,1.0794838055132554,1.0755736775031446,-2.632249685530219e-05,-0.006731875986473549,1.8619636584508694,0.3975531597082389,True
GBPUSD,売り,-1,2023-05-24 09:00:00,2023-05-24 13:00:00,1.2370937570146254,2023-05-26 05:00:00,1.23716,建値,breakeven,11,0.0037832181403539477,1.2427685842251563,1.2370937570146254,-6.624298537460938e-05,-0.011673128170612945,1.655669005128876,0.42457054438426023,True
USDCHF,売り,-1,2023-05-26 05:00:00,2023-05-26 09:00:00,0.9034936570334298,2023-05-26 09:00:00,0.9069799768922501,初期損切り,initial,1,0.002259984594833348,0.9068836339256798,0.9068836339256798,-0.003486319858820308,-1.0284199478735505,-0.0,1.5000000000000204,False
USDJPY,買い,1,2023-05-26 09:00:00,2023-05-26 13:00:00,140.5947926501845,2023-05-29 13:00:00,140.3442073498155,時間切れ,time,6,0.46983907254502605,139.89003404136696,139.89003404136696,-0.2505853003690106,-0.3555618863449553,0.6921675288815409,1.0169283018468485,False
GBPUSD,買い,1,2023-05-30 01:00:00,2023-05-30 05:00:00,1.2377062429853747,2023-05-30 13:00:00,1.2384178052907935,トレイル,trail,3,0.0030729758619158676,1.233096779192501,1.238484048276168,0.0007115623054188003,0.1543698654318254,2.253111422199248,0.2851447667500672,True
EURUSD,売り,-1,2023-05-31 01:00:00,2023-05-31 05:00:00,1.0659636775031447,2023-05-31 09:00:00,1.0697791612572385,初期損切り,initial,2,0.002526107504825733,1.0697528387603832,1.0697528387603832,-0.003815483754093796,-1.0069467871827602,-0.0,1.499999999999958,False
AUDUSD,売り,-1,2023-05-30 21:00:00,2023-05-31 01:00:00,0.6496157478820956,2023-05-31 13:00:00,0.64966,建値,breakeven,4,0.002384329266147795,0.6531922417813173,0.6496157478820956,-4.425211790437533e-05,-0.012373044425996467,1.5877622003994483,0.0479179279164658,True
USDCHF,買い,1,2023-05-31 01:00:00,2023-05-31 05:00:00,0.9113463429665702,2023-06-01 05:00:00,0.9076872686965265,初期損切り,initial,7,0.002375154202315685,0.9077836116630967,0.9077836116630967,-0.0036590742700437495,-1.0270418839827442,1.441446214351806,1.4999999999999925,False
USDJPY,売り,-1,2023-05-31 13:00:00,2023-05-31 17:00:00,139.33620734981548,2023-06-02 05:00:00,139.338,建値,breakeven,10,0.4833764720956499,140.06127205795894,139.33620734981548,-0.0017926501845124676,-0.0024724002759733557,1.858194185416946,1.2677337139058606,True
EURUSD,買い,1,2023-06-01 09:00:00,2023-06-01 13:00:00,1.0760163224968553,2023-06-02 09:00:00,1.0713862653635184,初期損切り,initial,6,0.0030691564243209763,1.0714125878603737,1.0714125878603737,-0.004630057133336862,-1.00571763990192,0.6137443788195067,1.500000000000031,False
GBPUSD,買い,1,2023-06-01 05:00:00,2023-06-01 09:00:00,1.2484862429853747,2023-06-02 09:00:00,1.24842,建値,breakeven,7,0.0037514238770042,1.2428591071698685,1.2484862429853747,-6.624298537460938e-05,-0.011772060875457862,1.6003942000336873,0.2815578884191959,True
AUDUSD,買い,1,2023-06-01 09:00:00,2023-06-01 13:00:00,0.6579042521179044,2023-06-05 05:00:00,0.65811152128087,トレイル,trail,11,0.0028721133006127998,0.6535960821669852,0.6581557733987744,0.0002072691629656509,0.04811072110129442,2.087573592871982,0.4053642722437092,True
USDJPY,買い,1,2023-06-02 13:00:00,2023-06-04 17:00:00,140.0407926501845,2023-06-05 09:00:00,139.2971771988069,初期損切り,initial,5,0.494548534128716,139.29896984899142,139.29896984899142,-0.7436154513775932,-1.0024165477006584,0.8335023185170702,1.5000000000000135,False
USDJPY,売り,-1,2023-06-06 01:00:00,2023-06-06 05:00:00,139.2122073498155,2023-06-06 05:00:00,139.8777024099357,初期損切り,initial,1,0.44246827329047017,139.87590975975118,139.87590975975118,-0.6654950601202074,-1.0027009848957393,-0.0,1.4999999999999767,False
AUDUSD,買い,1,2023-06-05 21:00:00,2023-06-06 01:00:00,0.6665242521179043,2023-06-07 01:00:00,0.6678957478820956,時間切れ,time,6,0.0026797733144278686,0.6625045921462626,0.6625045921462626,0.0013714957641912662,0.341196960406352,0.9238646674949349,0.8598682976273543,False
EURUSD,売り,-1,2023-06-06 05:00:00,2023-06-06 09:00:00,1.0670536775031447,2023-06-07 05:00:00,1.070939406003135,初期損切り,initial,6,0.0025729373354232764,1.0709130835062797,1.0709130835062797,-0.0038857284999902486,-1.0068203492542513,0.08304807901960173,1.5000000000000124,False
USDCHF,買い,1,2023-06-07 13:00:00,2023-06-07 17:00:00,0.9098463429665702,2023-06-08 05:00:00,0.9061487855296624,初期損切り,initial,4,0.0024008096468916816,0.9062451284962326,0.9062451284962326,-0.0036975574369078057,-1.0267529099874058,0.38472730840016245,1.5000000000000182,False
USDJPY,買い,1,2023-06-07 09:00:00,2023-06-07 13:00:00,140.1897926501845,2023-06-08 05:00:00,139.49472370941317,初期損切り,initial,5,0.46218419372454006,139.49651635959768,139.49651635959768,-0.6950689407713355,-1.0025857658899717,0.12377608449675544,1.500000000000028,False
USDJPY,売り,-1,2023-06-08 09:00:00,2023-06-08 13:00:00,138.91420734981548,2023-06-09 01:00:00,139.6020756266908,初期損切り,initial,4,0.4573837511272068,139.6002829765063,139.6002829765063,-0.6878682768753208,-1.0026129046343728,0.3327782183787116,1.499999999999996,False
EURUSD,買い,1,2023-06-08 05:00:00,2023-06-08 09:00:00,1.0747063224968554,2023-06-09 09:00:00,1.07468,建値,breakeven,7,0.0024786326058816566,1.070988373588033,1.0747063224968554,-2.632249685530219e-05,-0.007079843618302655,1.611242220274129,0.2042749278993035,True
GBPUSD,買い,1,2023-06-07 05:00:00,2023-06-07 09:00:00,1.2465062429853746,2023-06-12 09:00:00,1.2535007844364976,トレイル,trail,19,0.0031964862890638975,1.2417115135517787,1.2535670274218722,0.006994541451122993,1.458797946368661,4.208920607810693,1.1751162513118771,True
AUDUSD,買い,1,2023-06-09 05:00:00,2023-06-09 09:00:00,0.6735842521179044,2023-06-13 13:00:00,0.6756587548295585,トレイル,trail,14,0.002508496526268531,0.6698215073285017,0.6757030069474629,0.0020745027116541026,0.5513269774491819,2.8446313588124603,0.18507185999373943,True
EURUSD,買い,1,2023-06-13 01:00:00,2023-06-13 05:00:00,1.0808063224968554,2023-06-14 05:00:00,1.0801936775031447,時間切れ,time,6,0.0022863006807059155,1.0773768714757965,1.0773768714757965,-0.0006126449937107203,-0.1786422928768234,0.6795595681075951,1.4855099880417972,False
AUDUSD,買い,1,2023-06-14 09:00:00,2023-06-14 13:00:00,0.6827642521179044,2023-06-14 13:00:00,0.6790616279839797,初期損切り,initial,1,0.0024389146773468712,0.6791058801018841,0.6791058801018841,-0.003702624133924637,-1.0120961230051364,0.0,1.4999999999999813,False
GBPUSD,買い,1,2023-06-13 09:00:00,2023-06-13 13:00:00,1.2623862429853747,2023-06-14 13:00:00,1.2631507123895236,トレイル,trail,7,0.0033515223125509174,1.2573589595165484,1.2632169553748982,0.0007644694041488709,0.15206411352955537,2.247861214115299,0.917864390714258,True
USDCHF,売り,-1,2023-06-14 05:00:00,2023-06-14 09:00:00,0.8988336570334298,2023-06-14 13:00:00,0.9028825493046695,初期損切り,initial,2,0.00263503286977965,0.9027862063380993,0.9027862063380993,-0.0040488922712397235,-1.0243748930485017,0.8666521999100435,1.5000000000000033,False
USDJPY,買い,1,2023-06-13 09:00:00,2023-06-13 13:00:00,139.8987926501845,2023-06-14 13:00:00,139.35920734981548,時間切れ,time,6,0.4645072724213827,139.20203174155242,139.20203174155242,-0.5395853003690263,-0.7744195945613179,0.8766436479946116,1.319231552587192,False
USDJPY,買い,1,2023-06-14 17:00:00,2023-06-14 21:00:00,140.3637926501845,2023-06-15 09:00:00,140.59388585634585,トレイル,trail,4,0.45466074673482176,139.68180153008228,140.59567850653036,0.23009320616134232,0.3373844605584463,2.510019521172983,0.012740598844530722,True
AUDUSD,買い,1,2023-06-15 09:00:00,2023-06-15 13:00:00,0.6873442521179044,2023-06-16 13:00:00,0.6869157478820956,時間切れ,time,6,0.003148974993259877,0.6826207896280145,0.6826207896280145,-0.00042850423580875763,-0.09071824677891183,0.8433689971435023,0.5793161653582647,False
USDCHF,売り,-1,2023-06-15 09:00:00,2023-06-15 13:00:00,0.8913136570334298,2023-06-16 13:00:00,0.8938763429665703,時間切れ,time,6,0.003419836303183027,0.8964434114882044,0.8964434114882044,-0.0025626859331404628,-0.49957282667891284,0.33149453158757,1.057460839047846,False
EURUSD,買い,1,2023-06-15 05:00:00,2023-06-15 09:00:00,1.0864763224968552,2023-06-19 05:00:00,1.0917636775031447,トレイル,trail,12,0.003054651729934178,1.081894344901954,1.09179,0.005287355006289518,1.1539460629779554,3.4680475680194958,0.20503892169361387,True
GBPUSD,買い,1,2023-06-15 09:00:00,2023-06-15 13:00:00,1.2775062429853745,2023-06-19 09:00:00,1.27744,建値,breakeven,12,0.0038971463012687775,1.2716605235334713,1.2775062429853745,-6.624298537460938e-05,-0.01133187897907809,1.879261502767046,0.19405044792089532,True
USDJPY,買い,1,2023-06-16 09:00:00,2023-06-16 13:00:00,141.85579265018453,2023-06-19 13:00:00,141.93120734981548,時間切れ,time,6,0.5522868252757551,141.0273624122709,141.0273624122709,0.07541469963095437,0.09103325322948518,0.2647308302936301,0.7456137487598599,False
EURUSD,売り,-1,2023-06-19 09:00:00,2023-06-19 13:00:00,1.0915936775031447,2023-06-20 13:00:00,1.0915463224968553,時間切れ,time,6,0.002566411615079218,1.0954432949257635,1.0954432949257635,4.7355006289384605e-05,0.012301224015442508,0.9171083427597779,1.1792038654570147,False
GBPUSD,売り,-1,2023-06-20 05:00:00,2023-06-20 09:00:00,1.2739237570146253,2023-06-21 01:00:00,1.2790771874957851,初期損切り,initial,5,0.0033914583305234094,1.2790109445104105,1.2790109445104105,-0.005153430481159793,-1.0130215340853002,0.7618424768399488,1.5000000000000204,False
USDCHF,買い,1,2023-06-19 05:00:00,2023-06-19 09:00:00,0.8955063429665703,2023-06-21 09:00:00,0.89541,建値,breakeven,13,0.0026043012550275844,0.8915998910840289,0.8955063429665703,-9.634296657023977e-05,-0.02466252483508462,1.779232346674384,0.15986743690518895,True
AUDUSD,売り,-1,2023-06-19 21:00:00,2023-06-20 01:00:00,0.6800557478820957,2023-06-21 13:00:00,0.679394126721587,トレイル,trail,10,0.0026149373018413214,0.6839781538348576,0.6793498746036827,0.0006616211605086075,0.16867738028051982,2.2699388921929113,0.4375830032707225,True
EURUSD,買い,1,2023-06-21 09:00:00,2023-06-21 13:00:00,1.0970963224968553,2023-06-22 09:00:00,1.09707,建値,breakeven,6,0.002477018059955907,1.0933807954069215,1.0970963224968553,-2.632249685530219e-05,-0.007084458333412596,1.6809233531461336,0.1519256169097425,True
EURUSD,売り,-1,2023-06-23 01:00:00,2023-06-23 05:00:00,1.0848836775031447,2023-06-23 05:00:00,1.0889920897497782,初期損切り,initial,1,0.0027213931665187275,1.088965767252923,1.088965767252923,-0.004108412246633497,-1.0064482895940339,-0.0,1.5000000000000382,False
USDCHF,買い,1,2023-06-23 01:00:00,2023-06-23 05:00:00,0.9005363429665703,2023-06-23 05:00:00,0.896651742382745,初期損切り,initial,1,0.0025255050781699826,0.8967480853493153,0.8967480853493153,-0.003884600583825226,-1.0254319996959615,0.0,1.5000000000000049,False
USDJPY,買い,1,2023-06-22 09:00:00,2023-06-22 13:00:00,142.9887926501845,2023-06-26 01:00:00,143.00796877796523,トレイル,trail,10,0.4311192859251306,142.3421137212968,143.00976142814974,0.019176127780724528,0.029653243555821357,2.048637995677343,0.7069798548456514,True
USDCHF,売り,-1,2023-06-26 05:00:00,2023-06-26 09:00:00,0.8926836570334298,2023-06-27 09:00:00,0.8932363429665703,時間切れ,time,6,0.002646357484247333,0.8966531932598008,0.8966531932598008,-0.0005526859331405065,-0.1392318652916739,0.09963016523626457,1.4761206639023854,False
EURUSD,買い,1,2023-06-26 21:00:00,2023-06-27 01:00:00,1.0923563224968553,2023-06-28 05:00:00,1.0929046317656932,トレイル,trail,8,0.00237952286872579,1.0887870381937665,1.0929309542625485,0.0005483092688378655,0.1536188272711662,2.241490331211172,0.30523871251725493,True
GBPUSD,買い,1,2023-06-27 09:00:00,2023-06-27 13:00:00,1.2750662429853745,2023-06-28 05:00:00,1.270115983433568,初期損切り,initial,5,0.003256011044287899,1.2701822264189426,1.2701822264189426,-0.004950259551806502,-1.0135632188125538,0.2007846428446079,1.5000000000000135,False
USDCHF,買い,1,2023-06-28 05:00:00,2023-06-28 09:00:00,0.8986963429665702,2023-06-29 05:00:00,0.8950313266353734,初期損切り,initial,6,0.0023791155764176916,0.8951276696019437,0.8951276696019437,-0.0036650163311967576,-1.0269968575788393,0.13183766124639681,1.4999999999999918,False
AUDUSD,売り,-1,2023-06-22 21:00:00,2023-06-23 01:00:00,0.6694557478820956,2023-06-30 05:00:00,0.6641042521179044,トレイル,trail,32,0.0029236691254537982,0.6738412515702763,0.66406,0.00535149576419125,1.2202693566565643,3.405223865936043,0.904429333293313,True
EURUSD,売り,-1,2023-06-30 01:00:00,2023-06-30 05:00:00,1.0838736775031448,2023-06-30 05:00:00,1.0880164314192933,初期損切り,initial,1,0.002744287612862117,1.087990108922438,1.087990108922438,-0.004142753916148489,-1.0063944942048453,-0.0,1.5000000000000042,False
USDCHF,買い,1,2023-06-29 09:00:00,2023-06-29 13:00:00,0.8990563429665702,2023-06-30 09:00:00,0.8952462421038796,初期損切り,initial,6,0.002475838597413577,0.8953425850704498,0.8953425850704498,-0.003810100862690624,-1.0259421775099837,1.0597043911386872,1.5000000000000075,False
USDJPY,買い,1,2023-06-27 09:00:00,2023-06-27 13:00:00,143.9767926501845,2023-07-03 09:00:00,144.20420734981548,トレイル,trail,24,0.4549657884069287,143.29434396757412,144.206,0.2274146996309696,0.33323340703230525,2.4028341859359856,0.5336503455229918,True
AUDUSD,買い,1,2023-07-04 05:00:00,2023-07-04 09:00:00,0.6694942521179044,2023-07-05 09:00:00,0.6664757478820956,時間切れ,time,6,0.002689770544722349,0.6654595963008209,0.6654595963008209,-0.003018504235808739,-0.7481441720574529,0.3999403905312222,1.3883162358333483,False
EURUSD,売り,-1,2023-07-05 09:00:00,2023-07-05 13:00:00,1.0860636775031447,2023-07-06 05:00:00,1.0898536792026983,初期損切り,initial,5,0.002509119468465444,1.089827356705843,1.089827356705843,-0.003790001699553569,-1.0069938205244837,1.069569439348379,1.5000000000000402,False
GBPUSD,買い,1,2023-06-30 05:00:00,2023-06-30 09:00:00,1.2685462429853747,2023-07-06 09:00:00,1.2708178973308732,トレイル,trail,25,0.003607929841876131,1.2631343482225605,1.2708841403162479,0.002271654345498586,0.4197521284241161,2.6479885788625475,0.744538586697635,True
USDJPY,売り,-1,2023-07-05 21:00:00,2023-07-06 01:00:00,143.9702073498155,2023-07-06 09:00:00,144.50897112443295,初期損切り,initial,3,0.35798074962195386,144.50717847424843,144.50717847424843,-0.5387637746174505,-1.0033384480150824,1.1542725418947144,1.5000000000000202,False
AUDUSD,売り,-1,2023-07-06 05:00:00,2023-07-06 09:00:00,0.6639157478820956,2023-07-07 09:00:00,0.6679380623178345,初期損切り,initial,7,0.0026520415452229535,0.6678938101999301,0.6678938101999301,-0.004022314435738861,-1.011124038380706,1.4991273003460481,1.5000000000000209,False
USDJPY,売り,-1,2023-07-07 01:00:00,2023-07-07 05:00:00,142.9632073498155,2023-07-09 21:00:00,142.93134337198435,トレイル,trail,5,0.4272753608999267,143.6041203911654,142.92955072179984,0.03186397783113648,0.049716538399694005,2.0787703460006712,1.0667421805566566,True
GBPUSD,買い,1,2023-07-07 09:00:00,2023-07-07 13:00:00,1.2850362429853746,2023-07-10 05:00:00,1.2791886817239695,初期損切り,initial,5,0.003854212184020317,1.279254924709344,1.279254924709344,-0.005847561261405065,-1.011458110799614,0.0,1.499999999999995,False
USDJPY,売り,-1,2023-07-10 09:00:00,2023-07-10 13:00:00,141.4812073498155,2023-07-14 01:00:00,138.33142823974592,トレイル,trail,22,0.5438177947807137,142.29693404198656,138.3296355895614,3.1497791100695736,3.8613167134281,7.795271487070219,0.02536263122848821,True
USDCHF,売り,-1,2023-07-07 05:00:00,2023-07-07 09:00:00,0.8930836570334297,2023-07-14 05:00:00,0.8611139502254909,トレイル,trail,30,0.0021938036294603053,0.8963743624776201,0.8610176072589206,0.03196970680793887,9.715152981674327,16.61664542071965,0.7322182099614017,True
AUDUSD,買い,1,2023-07-11 17:00:00,2023-07-11 21:00:00,0.6711842521179043,2023-07-14 09:00:00,0.6841899348422361,トレイル,trail,16,0.0026329065199297607,0.6672348923380097,0.6842341869601405,0.01300568272433178,3.293111655853936,6.956474809665588,1.0878670002992434,True
GBPUSD,買い,1,2023-07-10 13:00:00,2023-07-10 17:00:00,1.2860662429853746,2023-07-17 05:00:00,1.3061815513677926,トレイル,trail,28,0.004016102823416308,1.2800420887502502,1.3062477943531672,0.02011530838241793,3.3391091259140606,7.0251580338336925,0.11609338850989741,True
EURUSD,買い,1,2023-07-07 05:00:00,2023-07-07 09:00:00,1.0912363224968553,2023-07-18 09:00:00,1.1219335579588672,トレイル,trail,43,0.0028050597721387934,1.0870287328386472,1.1219598804557225,0.030697235462011863,7.295681840582414,12.952906695261277,0.5976066939839483,True
USDCHF,売り,-1,2023-07-18 05:00:00,2023-07-18 09:00:00,0.8573836570334298,2023-07-19 09:00:00,0.8579163429665703,時間切れ,time,6,0.002695080653032003,0.8614262780129778,0.8614262780129778,-0.0005326859331404865,-0.1317674686386367,0.27593127225828984,0.9633637359421006,False
GBPUSD,売り,-1,2023-07-18 09:00:00,2023-07-18 13:00:00,1.3034637570146255,2023-07-19 13:00:00,1.294246404562027,トレイル,trail,7,0.0036850807883261863,1.3089913781971148,1.2941801615766524,0.00921735245259847,1.6675079836870401,4.519237968237277,0.3951726078808864,True
AUDUSD,売り,-1,2023-07-18 21:00:00,2023-07-19 01:00:00,0.6784557478820956,2023-07-19 21:00:00,0.6823993428189978,初期損切り,initial,6,0.002599561879331875,0.6823550907010935,0.6823550907010935,-0.003943594936902217,-1.0113486092294337,1.306276995786836,1.5000000000000113,False
USDCHF,売り,-1,2023-07-19 21:00:00,2023-07-20 01:00:00,0.8563636570334298,2023-07-20 05:00:00,0.8602394373951219,初期損切り,initial,2,0.0025196249300812857,0.8601430944285516,0.8601430944285516,-0.003875780361692116,-1.025491351356828,0.10067253677377229,1.4999999999999793,False
USDJPY,買い,1,2023-07-19 01:00:00,2023-07-19 05:00:00,139.7327926501845,2023-07-20 05:00:00,139.4532073498155,時間切れ,time,6,0.5793106306393616,138.86382670422546,138.86382670422546,-0.279585300369007,-0.32174482978206936,0.4508934171071724,1.0698796421195784,False
GBPUSD,売り,-1,2023-07-20 09:00:00,2023-07-20 13:00:00,1.2852637570146255,2023-07-21 13:00:00,1.2859362429853747,時間切れ,time,6,0.004057672426394868,1.2913502656542177,1.2913502656542177,-0.0006724859707492037,-0.11048796782686394,0.8905985094110328,1.2732035616696045,False
EURUSD,売り,-1,2023-07-19 09:00:00,2023-07-19 13:00:00,1.1192036775031446,2023-07-24 01:00:00,1.1145363224968552,トレイル,trail,16,0.0028286525430884285,1.1234466563177772,1.11451,0.004667355006289453,1.100018456418702,2.9744471528335303,1.310278459583703,True
USDJPY,買い,1,2023-07-20 09:00:00,2023-07-20 13:00:00,140.4657926501845,2023-07-24 05:00:00,140.87899038442634,トレイル,trail,11,0.5366084826945684,139.66087992614266,140.88078303461086,0.4131977342418338,0.5133447663331373,2.7733578536487054,1.3301926324388436,True
GBPUSD,売り,-1,2023-07-24 01:00:00,2023-07-24 05:00:00,1.2815737570146253,2023-07-25 05:00:00,1.2851962429853747,時間切れ,time,6,0.0037803193353746984,1.2872442360176872,1.2872442360176872,-0.003622485970749434,-0.6388324458645025,0.47449880697646657,1.3031287963630236,False
AUDUSD,売り,-1,2023-07-21 01:00:00,2023-07-21 05:00:00,0.6745957478820956,2023-07-25 09:00:00,0.6789936676720861,初期損切り,initial,14,0.0029024451147241087,0.6789494155541818,0.6789494155541818,-0.00439791978999049,-1.0101643306833115,1.0665999733779365,1.4999999999999833,False
USDCHF,買い,1,2023-07-24 13:00:00,2023-07-24 17:00:00,0.8700063429665702,2023-07-25 09:00:00,0.866015096179662,初期損切り,initial,5,0.00259660254689198,0.8661114391462322,0.8661114391462322,-0.003991246786908209,-1.0247356471467064,0.03221788160454631,1.4999999999999998,False
EURUSD,買い,1,2023-07-26 21:00:00,2023-07-27 01:00:00,1.1096363224968553,2023-07-27 05:00:00,1.10961,建値,breakeven,2,0.0026780002295386887,1.1056193221525472,1.1096363224968553,-2.632249685530219e-05,-0.006552774358757615,1.6107830968661945,0.3085595317508827,True
GBPUSD,買い,1,2023-07-25 13:00:00,2023-07-25 17:00:00,1.2895862429853746,2023-07-27 05:00:00,1.291962506820032,トレイル,trail,10,0.0037906250972966453,1.2839003053394296,1.2920287498054066,0.0023762638346573883,0.4179194325762726,2.6443546268329072,0.5292644178411238,True
USDCHF,売り,-1,2023-07-25 13:00:00,2023-07-25 17:00:00,0.8639036570334298,2023-07-27 05:00:00,0.860783752645669,トレイル,trail,10,0.0025437048395493553,0.8677192142927538,0.8606874096790987,0.0031199043877607746,0.8176798762845716,3.2643948717339413,0.7022603168403292,True
USDJPY,売り,-1,2023-07-26 01:00:00,2023-07-26 05:00:00,140.3382073498155,2023-07-27 05:00:00,140.34,建値,breakeven,7,0.48337895999311514,141.06327578980518,140.3382073498155,-0.0017926501845124676,-0.0024723875508055495,1.9761045243448048,0.7443283220056602,True
AUDUSD,買い,1,2023-07-26 21:00:00,2023-07-27 01:00:00,0.6811842521179043,2023-07-27 09:00:00,0.6767353392730139,初期損切り,initial,3,0.0029364404846574125,0.6767795913909183,0.6767795913909183,-0.0044489128448904625,-1.010046657540097,0.23693580228542238,1.4999999999999891,False
USDJPY,売り,-1,2023-07-27 21:00:00,2023-07-28 01:00:00,138.7662073498155,2023-07-28 01:00:00,140.04360687128283,初期損切り,initial,1,0.8504045808552215,140.04181422109832,140.04181422109832,-1.2773995214673448,-1.0014053312386988,-0.0,1.5,False
GBPUSD,売り,-1,2023-07-27 13:00:00,2023-07-27 17:00:00,1.2794337570146255,2023-07-28 05:00:00,1.2865771359445564,初期損切り,initial,4,0.004718090629704152,1.2865108929591818,1.2865108929591818,-0.007143378929930888,-1.0093601403016166,0.6642002582349684,1.5000000000000107,False
EURUSD,売り,-1,2023-07-27 09:00:00,2023-07-27 13:00:00,1.0989936775031448,2023-07-28 09:00:00,1.1046032287742147,初期損切り,initial,6,0.003722152516143043,1.1045769062773594,1.1045769062773594,-0.005609551271069879,-1.004714565338408,1.2422052785563642,1.5000000000000033,False
USDCHF,買い,1,2023-07-28 01:00:00,2023-07-28 05:00:00,0.8712663429665702,2023-07-28 09:00:00,0.8661116650211714,初期損切り,initial,2,0.0033722233192190797,0.8662080079877417,0.8662080079877417,-0.005154677945398811,-1.0190463792875382,0.2086626438467106,1.4999999999999858,False
AUDUSD,売り,-1,2023-07-27 13:00:00,2023-07-27 17:00:00,0.6708257478820956,2023-07-31 01:00:00,0.6690765811829972,トレイル,trail,9,0.003396164532546348,0.6759199946809151,0.6690323290650928,0.0017491666990984145,0.34336120101282586,2.5280718292108744,0.1690884267829768,True
USDCHF,買い,1,2023-08-01 01:00:00,2023-08-01 05:00:00,0.8750263429665702,2023-08-03 05:00:00,0.87493,建値,breakeven,13,0.0031823215329949786,0.8702528606670777,0.8750263429665702,-9.634296657023977e-05,-0.020182952512567874,1.7483013503646923,1.0358296395863975,True
GBPUSD,売り,-1,2023-08-01 09:00:00,2023-08-01 13:00:00,1.2760537570146253,2023-08-03 09:00:00,1.2701170734100649,トレイル,trail,12,0.004005415212345076,1.282061879833143,1.2700508304246902,0.005936683604560455,0.9881095616526054,3.4987026991442765,1.1300309070141898,True
USDJPY,買い,1,2023-07-30 21:00:00,2023-07-31 01:00:00,141.88479265018452,2023-08-03 09:00:00,142.2312073498155,トレイル,trail,21,0.8782643457064571,140.56739613162483,142.233,0.3464146996309694,0.26295401175775523,2.284286456148597,0.3470397627713568,True
AUDUSD,売り,-1,2023-08-01 05:00:00,2023-08-01 09:00:00,0.6606157478820956,2023-08-03 21:00:00,0.6581890635077938,トレイル,trail,16,0.0033624056949447152,0.6656593564245127,0.6581448113898895,0.002426684374301824,0.48114050761339866,2.734871611691952,0.7864167378373976,True
EURUSD,売り,-1,2023-08-02 09:00:00,2023-08-02 13:00:00,1.0950336775031446,2023-08-04 05:00:00,1.0997936760735085,初期損切り,initial,11,0.003155784049005788,1.0997673535766532,1.0997673535766532,-0.00475999857036391,-1.0055606882360493,1.205303482138781,1.4999999999999765,False
USDCHF,売り,-1,2023-08-04 09:00:00,2023-08-04 13:00:00,0.8709536570334298,2023-08-07 01:00:00,0.8757745524055188,初期損切り,initial,4,0.003149701603679218,0.8756782094389486,0.8756782094389486,-0.0048208953720890735,-1.0203919775464247,0.06465915158179812,1.500000000000002,False
USDJPY,売り,-1,2023-08-04 09:00:00,2023-08-04 13:00:00,141.83620734981548,2023-08-07 13:00:00,142.5197926501845,時間切れ,time,6,0.5935133340809664,142.72647735093693,142.72647735093693,-0.6835853003690318,-0.7678404298785059,0.5395116359286511,1.2633122242241748,False
AUDUSD,売り,-1,2023-08-07 21:00:00,2023-08-08 01:00:00,0.6546757478820956,2023-08-08 21:00:00,0.65472,建値,breakeven,6,0.0027352580758950073,0.6587786349959381,0.6546757478820956,-4.425211790437533e-05,-0.010785604545412785,1.8447063282847733,0.15510496857434639,True
GBPUSD,売り,-1,2023-08-08 05:00:00,2023-08-08 09:00:00,1.2697337570146254,2023-08-08 21:00:00,1.275429007387417,初期損切り,initial,4,0.0037526715916112756,1.2753627644020424,1.2753627644020424,-0.005695250372791616,-1.0117681468179953,0.27547228404861024,1.5000000000000249,False
USDJPY,買い,1,2023-08-07 17:00:00,2023-08-07 21:00:00,143.0177926501845,2023-08-08 21:00:00,143.34220734981548,時間切れ,time,6,0.537600743540125,142.2113915348743,142.2113915348743,0.324414699630978,0.4022994183312727,0.8858011368802234,0.33257515420672107,False
EURUSD,売り,-1,2023-08-08 05:00:00,2023-08-08 09:00:00,1.0942936775031447,2023-08-09 01:00:00,1.0986867328415102,初期損切り,initial,5,0.0029111552276735,1.098660410344655,1.098660410344655,-0.004393055338365537,-1.0060279613639433,0.4718668005355948,1.4999999999999947,False
USDCHF,買い,1,2023-08-08 05:00:00,2023-08-08 09:00:00,0.8776863429665702,2023-08-09 01:00:00,0.8734527640392281,初期損切り,initial,5,0.002758157307181249,0.8735491070057984,0.8735491070057984,-0.004233578927342108,-1.023286795213938,0.22611365631903435,1.499999999999998,False
EURUSD,買い,1,2023-08-10 01:00:00,2023-08-10 05:00:00,1.1018963224968552,2023-08-10 09:00:00,1.10187,建値,breakeven,2,0.002577026634715339,1.0980307825447821,1.1018963224968552,-2.632249685530219e-05,-0.006809526529711842,1.8019516913754434,0.34781266316024606,True
AUDUSD,買い,1,2023-08-10 05:00:00,2023-08-10 09:00:00,0.6586042521179044,2023-08-10 13:00:00,0.6543343863598473,初期損切り,initial,2,0.0028170757601018136,0.6543786384777517,0.6543786384777517,-0.004269865758057101,-1.010472353052794,0.0907848790287232,1.5000000000000018,False
USDCHF,売り,-1,2023-08-10 05:00:00,2023-08-10 09:00:00,0.8717836570334297,2023-08-10 13:00:00,0.8758366388552697,初期損切り,initial,2,0.0026377592368465,0.8757402958886995,0.8757402958886995,-0.004052981821839996,-1.0243496993519967,0.050670672123018574,1.5000000000000024,False
GBPUSD,売り,-1,2023-08-10 13:00:00,2023-08-10 17:00:00,1.2676737570146255,2023-08-11 05:00:00,1.2736985618775833,初期損切り,initial,4,0.003972374585055549,1.2736323188922087,1.2736323188922087,-0.0060248048629578665,-1.0111172774128194,0.265271311167314,1.4999999999999833,False
USDCHF,買い,1,2023-08-14 05:00:00,2023-08-14 09:00:00,0.8807663429665702,2023-08-14 09:00:00,0.8769119662382429,初期損切り,initial,1,0.0025053558411713963,0.8770083092048131,0.8770083092048131,-0.0038543767283273356,-1.0256365356667778,0.0,1.5000000000000004,False
EURUSD,売り,-1,2023-08-11 05:00:00,2023-08-11 09:00:00,1.0967936775031446,2023-08-14 13:00:00,1.0929591956641849,トレイル,trail,8,0.0027264365836647333,1.1008833323786418,1.0929328731673296,0.0038344818389597357,0.9376052394870245,3.416062401358202,0.585497754255366,True
GBPUSD,売り,-1,2023-08-14 05:00:00,2023-08-14 09:00:00,1.2656337570146254,2023-08-15 01:00:00,1.2713505052939846,初期損切り,initial,5,0.0037670035293230837,1.27128426230861,1.27128426230861,-0.005716748279359196,-1.0117233737388214,1.049576137598151,1.4999999999999898,False
AUDUSD,買い,1,2023-08-14 21:00:00,2023-08-15 01:00:00,0.6504142521179044,2023-08-15 05:00:00,0.6461196103330925,初期損切り,initial,2,0.0028335931112716995,0.6461638624509969,0.6461638624509969,-0.00429464178481187,-1.010411308461635,0.640793441681082,1.4999999999999807,False
AUDUSD,売り,-1,2023-08-15 17:00:00,2023-08-15 21:00:00,0.6440957478820957,2023-08-17 05:00:00,0.6422806488464379,トレイル,trail,9,0.0028881983642667476,0.6484280454284957,0.6422363967285335,0.0018150990356577967,0.4189691534843987,2.643775433351926,1.3621821016795526,True
USDCHF,買い,1,2023-08-16 05:00:00,2023-08-16 09:00:00,0.8813563429665703,2023-08-17 05:00:00,0.8775014932489896,初期損切り,initial,6,0.002505671167340288,0.8775978362155599,0.8775978362155599,-0.003854849717580655,-1.0256333094371382,0.03338707589412788,1.4999999999999933,False
USDJPY,買い,1,2023-08-09 09:00:00,2023-08-09 13:00:00,143.64079265018452,2023-08-17 09:00:00,145.65755157141317,トレイル,trail,36,0.4508278892011583,142.9645508163828,145.65934422159768,2.016758921228643,2.9823042888232827,6.477432784803815,0.7781076960569483,True
EURUSD,売り,-1,2023-08-16 09:00:00,2023-08-16 13:00:00,1.0886636775031446,2023-08-17 13:00:00,1.0878163224968553,時間切れ,time,6,0.00277985779495103,1.0928334641955713,1.0928334641955713,0.0008473550062892965,0.2032130343329843,0.8934548765968305,1.1426204975752159,False
GBPUSD,買い,1,2023-08-15 05:00:00,2023-08-15 09:00:00,1.2716862429853746,2023-08-18 01:00:00,1.27162,建値,breakeven,17,0.0038632986266840708,1.2658912950453485,1.2716862429853746,-6.624298537460938e-05,-0.01143116142891716,1.8336032751124598,0.7755659799838482,True
USDJPY,売り,-1,2023-08-18 09:00:00,2023-08-18 13:00:00,145.06820734981548,2023-08-21 01:00:00,145.69175069064835,初期損切り,initial,4,0.4145004604322456,145.68995804046384,145.68995804046384,-0.6235433408328674,-1.0028832299046258,0.33584365544567,1.4999999999999676,False
EURUSD,売り,-1,2023-08-18 05:00:00,2023-08-18 09:00:00,1.0855236775031447,2023-08-21 05:00:00,1.0897298671949085,初期損切り,initial,6,0.002786578129939031,1.0897035446980532,1.0897035446980532,-0.004206189691763784,-1.0062974481311993,0.07668096610999776,1.499999999999977,False
USDCHF,買い,1,2023-08-18 05:00:00,2023-08-18 09:00:00,0.8815463429665702,2023-08-21 09:00:00,0.8791836570334297,時間切れ,time,6,0.0024234128053170698,0.8779112237585945,0.8779112237585945,-0.002362685933140485,-0.6499610598619854,0.521436971306445,1.1456335299040803,False
GBPUSD,買い,1,2023-08-21 09:00:00,2023-08-21 13:00:00,1.2757362429853747,2023-08-23 01:00:00,1.2703582466545744,初期損切り,initial,10,0.0035411688969504153,1.270424489639949,1.270424489639949,-0.005377996330800272,-1.01247102059656,1.2097014119587268,1.500000000000011,False
AUDUSD,買い,1,2023-08-22 01:00:00,2023-08-22 05:00:00,0.6438442521179044,2023-08-23 05:00:00,0.6429757478820957,時間切れ,time,6,0.0026412124401507136,0.6398824334576784,0.6398824334576784,-0.0008685042358087536,-0.2192185736636403,0.732901243636861,1.122307343719486,False
EURUSD,売り,-1,2023-08-23 01:00:00,2023-08-23 05:00:00,1.0818636775031447,2023-08-23 09:00:00,1.0857371456605036,初期損切り,initial,2,0.0025647637736690375,1.0857108231636483,1.0857108231636483,-0.0038734681573588947,-1.0068420848021369,0.6291719805587896,1.5000000000000142,False
USDCHF,買い,1,2023-08-23 05:00:00,2023-08-23 09:00:00,0.8813463429665702,2023-08-23 09:00:00,0.8782257142376088,初期損切り,initial,1,0.0020161905082608134,0.878322057204179,0.878322057204179,-0.003120628728961461,-1.031856436243004,0.0,1.5000000000000004,False
USDJPY,売り,-1,2023-08-23 01:00:00,2023-08-23 05:00:00,145.3612073498155,2023-08-24 01:00:00,145.3007476482407,トレイル,trail,6,0.37847749902808897,145.9289235983576,145.2989549980562,0.06045970157478564,0.10649633814435132,2.1644809847855377,0.6150765918246309,True
AUDUSD,買い,1,2023-08-23 09:00:00,2023-08-23 13:00:00,0.6472942521179044,2023-08-24 05:00:00,0.6431506771249275,初期損切り,initial,5,0.00273288191671501,0.6431949292428318,0.6431949292428318,-0.004143574992976906,-1.010794982306342,0.5692700707558258,1.5000000000000058,False
AUDUSD,売り,-1,2023-08-24 21:00:00,2023-08-25 01:00:00,0.6403957478820956,2023-08-25 09:00:00,0.6440321162285543,初期損切り,initial,3,0.0023947441523695383,0.6439878641106499,0.6439878641106499,-0.0036363683464586405,-1.0123192333122646,0.06921319003187244,1.4999999999999822,False
EURUSD,売り,-1,2023-08-24 17:00:00,2023-08-24 21:00:00,1.0794236775031447,2023-08-25 09:00:00,1.0834086070047184,初期損切り,initial,4,0.002639071336478925,1.0833822845078631,1.0833822845078631,-0.003984929501573697,-1.0066494342135845,1.0699511847649013,1.500000000000003,False
USDCHF,買い,1,2023-08-24 05:00:00,2023-08-24 09:00:00,0.8830963429665702,2023-08-25 09:00:00,0.883,建値,breakeven,7,0.0023542275368612134,0.8795650016612784,0.8830963429665702,-9.634296657023977e-05,-0.0272822585644347,1.6114232690046701,1.009393921939496,True
USDJPY,買い,1,2023-08-25 13:00:00,2023-08-27 17:00:00,146.4297926501845,2023-08-28 17:00:00,146.5472073498155,時間切れ,time,6,0.41255584578575,145.81095888150588,145.81095888150588,0.11741469963098439,0.18973544362599357,0.7640355918727896,0.37278019874275986,False
AUDUSD,買い,1,2023-08-28 21:00:00,2023-08-29 01:00:00,0.6443842521179044,2023-08-29 05:00:00,0.6408320376479393,初期損切り,initial,2,0.0023386415680404686,0.6408762897658437,0.6408762897658437,-0.0035522144699651204,-1.0126147642030485,0.4300564463746914,1.500000000000018,False
EURUSD,売り,-1,2023-08-29 05:00:00,2023-08-29 09:00:00,1.0792236775031447,2023-08-29 09:00:00,1.0828326673963349,初期損切り,initial,1,0.0023884449308898374,1.0828063448994796,1.0828063448994796,-0.00360898989319014,-1.0073471784967571,-0.0,1.5000000000000342,False
USDJPY,買い,1,2023-08-29 05:00:00,2023-08-29 09:00:00,147.24079265018452,2023-08-29 09:00:00,146.69598601547716,初期損切り,initial,1,0.36200932301523847,146.69777866566167,146.69777866566167,-0.5448066347073564,-1.0033012965330421,0.0,1.4999999999999618,False
GBPUSD,売り,-1,2023-08-24 13:00:00,2023-08-24 17:00:00,1.2602737570146254,2023-08-30 05:00:00,1.266185614327772,初期損切り,initial,22,0.0038970762185146983,1.2661193713423975,1.2661193713423975,-0.005911857313146696,-1.0113320827650112,1.4045804361280152,1.50000000000001,False
EURUSD,買い,1,2023-08-30 05:00:00,2023-08-30 09:00:00,1.0921263224968554,2023-08-31 01:00:00,1.087828831652756,初期損切り,initial,5,0.0028474455648294203,1.0878551541496113,1.0878551541496113,-0.004297490844099361,-1.0061628329101602,0.8441522229025036,1.4999999999999747,False
USDCHF,売り,-1,2023-08-29 09:00:00,2023-08-29 13:00:00,0.8789236570334298,2023-08-31 01:00:00,0.87902,建値,breakeven,10,0.0023649503914900294,0.8824710826206649,0.8789236570334298,-9.634296657023977e-05,-0.02715855884811723,1.8662789077148312,0.6073459180111107,True
AUDUSD,買い,1,2023-08-30 05:00:00,2023-08-30 09:00:00,0.6509842521179043,2023-08-31 05:00:00,0.6465531436670022,初期損切り,initial,6,0.0029245708886651393,0.6465973957849066,0.6465973957849066,-0.00443110845090211,-1.0100874326728093,0.42937850710428976,1.5000000000000089,False
EURUSD,売り,-1,2023-08-31 09:00:00,2023-08-31 13:00:00,1.0838536775031447,2023-09-01 05:00:00,1.088180942947802,初期損切り,initial,5,0.002867295298534743,1.0881546204509467,1.0881546204509467,-0.0043272654446573355,-1.0061201688036043,0.35353090547131344,1.4999999999999716,False
USDJPY,売り,-1,2023-08-31 09:00:00,2023-08-31 13:00:00,145.5002073498155,2023-09-01 09:00:00,145.32558839528866,トレイル,trail,6,0.4403978725520732,146.1608041586436,145.32379574510415,0.17461895452683507,0.26433514693570326,2.4005732445732457,0.4559346506851128,True
AUDUSD,売り,-1,2023-09-01 09:00:00,2023-09-01 13:00:00,0.6448557478820957,2023-09-04 13:00:00,0.6459842521179043,時間切れ,time,6,0.003253843651614487,0.6497365133595174,0.6497365133595174,-0.0011285042358086805,-0.23121459964202462,0.11547816131520722,0.9755392261485416,False
EURUSD,売り,-1,2023-09-01 09:00:00,2023-09-01 13:00:00,1.0783836775031448,2023-09-04 13:00:00,1.0793963224968552,時間切れ,time,6,0.003310814452925799,1.0833498991825334,1.0833498991825334,-0.0010126449937104542,-0.20390652272193832,0.3696001453852292,0.7600312650053478,False
GBPUSD,売り,-1,2023-09-01 09:00:00,2023-09-01 13:00:00,1.2588337570146253,2023-09-04 13:00:00,1.2629362429853745,時間切れ,time,6,0.003957028692477755,1.264769300053342,1.264769300053342,-0.004102485970749248,-0.6911728116516659,0.08939965871304943,1.3662380047058815,False
USDCHF,買い,1,2023-09-01 09:00:00,2023-09-01 13:00:00,0.8859163429665703,2023-09-04 13:00:00,0.8841936570334298,時間切れ,time,6,0.00263624089364026,0.88196198162611,0.88196198162611,-0.0017226859331405109,-0.4356420126593554,0.08104609633554877,1.00383199917519,False
GBPUSD,売り,-1,2023-09-05 01:00:00,2023-09-05 05:00:00,1.2534737570146255,2023-09-05 09:00:00,1.2586066064312609,初期損切り,initial,2,0.0033777376208404646,1.2585403634458863,1.2585403634458863,-0.005132849416635388,-1.0130744288654385,0.03071790241646324,1.5000000000000242,False
EURUSD,売り,-1,2023-09-05 01:00:00,2023-09-05 05:00:00,1.0747936775031448,2023-09-06 01:00:00,1.07482,建値,breakeven,6,0.0026055005925898563,1.0787019283920296,1.0747936775031448,-2.632249685530219e-05,-0.006735109286398266,1.5903575362559819,0.3555257287178133,True
USDJPY,買い,1,2023-09-04 01:00:00,2023-09-04 05:00:00,146.4347926501845,2023-09-07 17:00:00,147.0182073498155,トレイル,trail,22,0.45086855804485937,145.75848981311722,147.02,0.5834146996309926,0.8626530418841722,3.189859492647057,0.2679110087168552,True
GBPUSD,売り,-1,2023-09-06 09:00:00,2023-09-06 13:00:00,1.2501737570146254,2023-09-07 21:00:00,1.25024,建値,breakeven,9,0.003564073936788286,1.2555198679198079,1.2501737570146254,-6.624298537460938e-05,-0.01239087376776912,1.5750955547471202,0.26549476867118377,True
AUDUSD,売り,-1,2023-09-04 21:00:00,2023-09-05 01:00:00,0.6425257478820956,2023-09-08 01:00:00,0.6404842521179044,トレイル,trail,19,0.0025362995052499804,0.6463301971399705,0.64044,0.0020414957641912146,0.5366074366652274,2.675452117563228,0.13967282537852024,True
USDCHF,買い,1,2023-09-05 01:00:00,2023-09-05 05:00:00,0.8879863429665702,2023-09-08 01:00:00,0.8903221358813836,トレイル,trail,18,0.002035760576023075,0.8849327021025356,0.8904184788479539,0.0023357929148134504,0.7649206369760497,3.194706248872801,0.3076702505919143,True
EURUSD,売り,-1,2023-09-07 05:00:00,2023-09-07 09:00:00,1.0693236775031447,2023-09-08 09:00:00,1.0702763224968552,時間切れ,time,6,0.0023597804314791464,1.0728633481503635,1.0728633481503635,-0.0009526449937105053,-0.2691337948232675,0.285483129768285,1.48163043061758,False
USDJPY,売り,-1,2023-09-10 21:00:00,2023-09-11 01:00:00,146.2032073498155,2023-09-11 05:00:00,146.9016320993153,初期損切り,initial,2,0.4644213995435226,146.89983944913078,146.89983944913078,-0.698424749499793,-1.002573309766046,0.6442583182204633,1.499999999999993,False
AUDUSD,買い,1,2023-09-10 21:00:00,2023-09-11 01:00:00,0.6437042521179044,2023-09-12 01:00:00,0.6427357478820956,時間切れ,time,6,0.002473989199904037,0.6399932683180484,0.6399932683180484,-0.0009685042358087426,-0.26098314841641446,0.49141196014227584,0.8424661344460447,False
EURUSD,買い,1,2023-09-11 09:00:00,2023-09-11 13:00:00,1.0751563224968552,2023-09-12 01:00:00,1.0715815353691382,初期損切り,initial,4,0.002365643087241075,1.0716078578659936,1.0716078578659936,-0.003574787127716972,-1.0074179961176526,0.7328567493951839,1.500000000000024,False
USDCHF,買い,1,2023-09-12 05:00:00,2023-09-12 09:00:00,0.8930563429665702,2023-09-14 09:00:00,0.8934869732441144,トレイル,trail,13,0.00174334189465771,0.8904413301245836,0.8935833162106847,0.00043063027754419725,0.16467616167309426,2.302277623069378,1.4261935505533267,True
AUDUSD,買い,1,2023-09-13 17:00:00,2023-09-13 21:00:00,0.6447142521179043,2023-09-14 21:00:00,0.6441757478820956,時間切れ,time,6,0.002302539488040671,0.6412604428858434,0.6412604428858434,-0.0005385042358087011,-0.15591603346527544,0.5323460850344239,1.2048662497706457,False
EURUSD,売り,-1,2023-09-14 05:00:00,2023-09-14 09:00:00,1.0676636775031447,2023-09-15 09:00:00,1.06769,建値,breakeven,7,0.0028636471470250844,1.0719591482236823,1.0676636775031447,-2.632249685530219e-05,-0.006127965610252753,1.5587386552780844,0.7285543189294954,True
GBPUSD,売り,-1,2023-09-14 09:00:00,2023-09-14 13:00:00,1.2413437570146253,2023-09-15 13:00:00,1.2400262429853746,時間切れ,time,6,0.003575869926127947,1.2467075619038173,1.2467075619038173,0.0013175140292507326,0.24563049112869978,0.7840769022774008,0.9050225685583093,False
USDJPY,買い,1,2023-09-15 01:00:00,2023-09-15 05:00:00,147.7817926501845,2023-09-18 05:00:00,147.6352073498155,時間切れ,time,6,0.3353840165267349,147.27871662539442,147.27871662539442,-0.14658530036902562,-0.29137802865915785,0.5015365715917071,0.6583278847664055,False
USDCHF,買い,1,2023-09-15 13:00:00,2023-09-17 17:00:00,0.8972863429665703,2023-09-18 17:00:00,0.8970136570334297,時間切れ,time,6,0.001971832619123437,0.8943285940378851,0.8943285940378851,-0.00027268593314055956,-0.09219373912909504,0.48871137645450674,0.9515731448870935,False
EURUSD,買い,1,2023-09-18 09:00:00,2023-09-18 13:00:00,1.0692463224968554,2023-09-19 13:00:00,1.0684636775031446,時間切れ,time,6,0.0025746168184035876,1.06538439726925,1.06538439726925,-0.0007826449937107238,-0.20265669260406924,0.9918670168278297,0.6744003552078183,False
GBPUSD,売り,-1,2023-09-20 01:00:00,2023-09-20 05:00:00,1.2368137570146254,2023-09-20 09:00:00,1.2411064608970621,初期損切り,initial,2,0.0028176405980414087,1.2410402179116875,1.2410402179116875,-0.004292703882436744,-1.015673393647313,0.3633383957262177,1.5000000000000075,False
USDJPY,買い,1,2023-09-20 01:00:00,2023-09-20 05:00:00,148.09379265018453,2023-09-20 09:00:00,147.73466469392676,初期損切り,initial,2,0.23822353738217633,147.73645734411127,147.73645734411127,-0.3591279562577654,-1.005016717223384,0.009265876242686344,1.4999999999999514,False
AUDUSD,買い,1,2023-09-19 01:00:00,2023-09-19 05:00:00,0.6450942521179044,2023-09-20 13:00:00,0.6469711549536974,トレイル,trail,9,0.002067296464199116,0.6419933074216058,0.6470154070716018,0.001876902835793004,0.6052680778323131,2.929307908646598,0.1810345658620451,True
EURUSD,買い,1,2023-09-20 09:00:00,2023-09-20 13:00:00,1.0735363224968553,2023-09-20 13:00:00,1.0701557564970816,初期損切り,initial,1,0.0022361623352789733,1.070182078993937,1.070182078993937,-0.003380565999773655,-1.0078475211570932,0.0,1.499999999999952,False
USDCHF,売り,-1,2023-09-20 09:00:00,2023-09-20 13:00:00,0.8934936570334298,2023-09-20 13:00:00,0.8963441343433256,初期損切り,initial,1,0.0018360895622170949,0.8962477913767554,0.8962477913767554,-0.002850477309895849,-1.0349812153512714,-0.0,1.499999999999982,False
EURUSD,売り,-1,2023-09-25 09:00:00,2023-09-25 13:00:00,1.0589036775031446,2023-09-26 13:00:00,1.0569463224968554,時間切れ,time,6,0.0027078101199649314,1.062965392683092,1.062965392683092,0.001957355006289241,0.48190356033644643,0.7879716112340516,0.7409391382588446,False
AUDUSD,売り,-1,2023-09-26 21:00:00,2023-09-27 01:00:00,0.6382557478820956,2023-09-27 21:00:00,0.6374130891681412,トレイル,trail,6,0.002094418525118419,0.6413973756697733,0.6373688370502368,0.0008426587139543917,0.2682235996445991,2.4234639930950066,0.2168869843617876,True
GBPUSD,売り,-1,2023-09-25 01:00:00,2023-09-25 05:00:00,1.2219537570146255,2023-09-28 01:00:00,1.2172732031664735,トレイル,trail,18,0.003063480090549494,1.2265489771504496,1.2172069601810989,0.004680553848152025,1.018570103238912,3.5494785972887275,0.7919891475251383,True
USDCHF,買い,1,2023-09-24 21:00:00,2023-09-25 01:00:00,0.9081263429665702,2023-09-28 05:00:00,0.9179592072912972,トレイル,trail,20,0.0022422248710662865,0.9047630056599708,0.9180555502578674,0.009832864324726964,2.9235439173565023,6.42828345159484,0.32839835828778713,True
USDJPY,買い,1,2023-09-25 01:00:00,2023-09-25 05:00:00,148.56379265018452,2023-09-29 01:00:00,149.1472073498155,トレイル,trail,24,0.3045183009611213,148.10701519874283,149.149,0.5834146996309642,1.2772405857372982,3.757433777228247,0.15366120865918836,True
AUDUSD,買い,1,2023-09-28 21:00:00,2023-09-29 01:00:00,0.6457442521179044,2023-09-29 09:00:00,0.6457,建値,breakeven,3,0.002369719422863068,0.6421896729836098,0.6457442521179044,-4.425211790437533e-05,-0.012449326975852252,1.8380859101171645,0.09463235003302858,True
EURUSD,買い,1,2023-09-29 01:00:00,2023-09-29 05:00:00,1.0609463224968554,2023-09-29 13:00:00,1.0567982873182244,初期損切り,initial,3,0.002747808454517105,1.0568246098150798,1.0568246098150798,-0.004148035178630938,-1.0063863007656177,0.2815616575721521,1.499999999999992,False
USDJPY,買い,1,2023-10-01 17:00:00,2023-10-01 21:00:00,149.6837926501845,2023-10-02 21:00:00,149.87720734981548,時間切れ,time,6,0.29859721104633213,149.23589683361502,149.23589683361502,0.1934146996309778,0.4318296632292086,0.663795047250959,0.4212787177204711,False
GBPUSD,売り,-1,2023-10-02 09:00:00,2023-10-02 13:00:00,1.2107837570146254,2023-10-04 01:00:00,1.2102562429853747,トレイル,trail,10,0.0033708420108991043,1.215840020030974,1.21019,0.0005275140292506642,0.10432883486183923,1.6416542207356142,0.5655094422138821,True
EURUSD,売り,-1,2023-10-02 13:00:00,2023-10-02 17:00:00,1.0478536775031446,2023-10-04 05:00:00,1.052065622006206,初期損切り,initial,10,0.002790414670803972,1.0520392995093506,1.0520392995093506,-0.004211944503061282,-1.0062887897703847,1.0835943255249283,1.500000000000008,False
AUDUSD,売り,-1,2023-10-02 21:00:00,2023-10-03 01:00:00,0.6316957478820956,2023-10-04 21:00:00,0.6356338125310423,初期損切り,initial,12,0.0025958750206949294,0.635589560413138,0.635589560413138,-0.003938064648946749,-1.0113647273851953,1.2002688331510902,1.499999999999992,False
USDCHF,売り,-1,2023-10-04 21:00:00,2023-10-05 01:00:00,0.9140636570334297,2023-10-06 01:00:00,0.9136063429665703,時間切れ,time,6,0.002907738954146787,0.9184252654646499,0.9184252654646499,0.00045731406685944886,0.10484986767404819,0.6615645571231265,1.4362853861465943,False
EURUSD,買い,1,2023-10-05 09:00:00,2023-10-05 13:00:00,1.0536163224968553,2023-10-06 05:00:00,1.0495517656883122,初期損切り,initial,5,0.002692156207791902,1.0495780881851675,1.0495780881851675,-0.004064556808543118,-1.0065183183598536,0.6402590972083195,1.4999999999999862,False
GBPUSD,買い,1,2023-10-05 09:00:00,2023-10-05 13:00:00,1.2180762429853746,2023-10-06 05:00:00,1.2122329822733422,初期損切り,initial,5,0.0038513451511051717,1.2122992252587168,1.2122992252587168,-0.00584326071203245,-1.0114666404897839,0.6812573040544921,1.5000000000000215,False
USDJPY,買い,1,2023-10-06 05:00:00,2023-10-06 09:00:00,149.4217926501845,2023-10-09 09:00:00,149.0662073498155,時間切れ,time,6,0.403658930030932,148.8163042551381,148.8163042551381,-0.3555853003690004,-0.5872702157103311,0.09217521785694685,1.0474007106744958,False
AUDUSD,買い,1,2023-10-06 09:00:00,2023-10-06 13:00:00,0.6379642521179044,2023-10-09 13:00:00,0.6377357478820956,時間切れ,time,6,0.002992364569129969,0.6334757052642095,0.6334757052642095,-0.00022850423580877965,-0.05090828797312786,0.6903396409001684,1.234559503883754,False
USDCHF,売り,-1,2023-10-09 13:00:00,2023-10-09 17:00:00,0.9060836570334297,2023-10-10 17:00:00,0.9050563429665702,時間切れ,time,6,0.0031622431955486115,0.9108270218267527,0.9108270218267527,0.0010273140668595193,0.2165791819987441,0.8391691812841146,0.7008768236706543,False
EURUSD,買い,1,2023-10-10 01:00:00,2023-10-10 05:00:00,1.0604463224968552,2023-10-11 05:00:00,1.0608436775031447,時間切れ,time,6,0.003275964166395154,1.0555323762472626,1.0555323762472626,0.0003973550062894571,0.08086270913573586,0.736783853713726,0.9940043087951047,False
GBPUSD,買い,1,2023-10-10 01:00:00,2023-10-10 05:00:00,1.2271562429853746,2023-10-11 05:00:00,1.2279937570146253,時間切れ,time,6,0.004288742520196055,1.2207231292050806,1.2207231292050806,0.0008375140292506966,0.13018797084176714,0.7656689575468478,0.8431942389512436,False
AUDUSD,買い,1,2023-10-10 17:00:00,2023-10-10 21:00:00,0.6439342521179043,2023-10-11 13:00:00,0.6396618780818636,初期損切り,initial,5,0.0028187479454242744,0.639706130199768,0.639706130199768,-0.004272374036040749,-1.0104661404664135,0.10846939421881382,1.4999999999999867,False
EURUSD,買い,1,2023-10-11 17:00:00,2023-10-11 21:00:00,1.0622663224968554,2023-10-12 05:00:00,1.0577236716371463,初期損切り,initial,3,0.003010885575235888,1.0577499941340016,1.0577499941340016,-0.004542650859709063,-1.0058282956287523,0.5691606207951933,1.4999999999999765,False
USDCHF,売り,-1,2023-10-11 01:00:00,2023-10-11 05:00:00,0.9026636570334298,2023-10-12 09:00:00,0.9070844019983101,初期損切り,initial,8,0.0028829346655400803,0.9069880590317398,0.9069880590317398,-0.004420744964880319,-1.0222789108431285,1.3783375256217836,1.4999999999999856,False
USDCHF,買い,1,2023-10-12 13:00:00,2023-10-12 17:00:00,0.9087663429665702,2023-10-13 09:00:00,0.9042705046532072,初期損切り,initial,5,0.002932996897861804,0.9043668476197775,0.9043668476197775,-0.0044958383133629765,-1.021898640406679,0.0,1.5000000000000107,False
AUDUSD,売り,-1,2023-10-12 05:00:00,2023-10-12 09:00:00,0.6383257478820956,2023-10-16 09:00:00,0.6340745600444204,トレイル,trail,13,0.002695153963258014,0.6423684788269827,0.634030307926516,0.004251187837675197,1.051563385154735,3.5937642205742883,0.13144040108052793,True
EURUSD,売り,-1,2023-10-12 09:00:00,2023-10-12 13:00:00,1.0548436775031447,2023-10-16 09:00:00,1.05487,建値,breakeven,12,0.003097014601059779,1.0594891994047344,1.0548436775031447,-2.632249685530219e-05,-0.005666208751764747,1.706055083284587,0.3313909132053213,True
GBPUSD,売り,-1,2023-10-12 05:00:00,2023-10-12 09:00:00,1.2262137570146254,2023-10-16 09:00:00,1.2201063279520494,トレイル,trail,13,0.003895042483337393,1.2320563207396316,1.2200400849666748,0.0061074290625759975,1.0453337524477975,3.5850076281224017,0.21212682246960518,True
USDJPY,買い,1,2023-10-11 09:00:00,2023-10-11 13:00:00,149.15179265018452,2023-10-17 05:00:00,149.3752073498155,トレイル,trail,23,0.3699067870338024,148.59693246963383,149.377,0.22341469963097893,0.4026504468373237,1.8280479664561882,0.5265992866649516,True
GBPUSD,売り,-1,2023-10-17 05:00:00,2023-10-17 09:00:00,1.2140637570146253,2023-10-17 09:00:00,1.2195053022067526,初期損切り,initial,1,0.003583534804501801,1.219439059221378,1.219439059221378,-0.005441545192127251,-1.0123235834612856,-0.0,1.4999999999999833,False
USDCHF,売り,-1,2023-10-16 13:00:00,2023-10-16 17:00:00,0.9000736570334298,2023-10-17 17:00:00,0.9009163429665702,時間切れ,time,6,0.002645589164510492,0.9040420407801956,0.9040420407801956,-0.000842685933140408,-0.21234991042063492,0.4020492099447408,1.1968384997358874,False
USDCHF,売り,-1,2023-10-17 21:00:00,2023-10-18 01:00:00,0.8991436570334298,2023-10-18 13:00:00,0.89924,建値,breakeven,4,0.0024542593307359016,0.9028250460295336,0.8991436570334298,-9.634296657023977e-05,-0.026170276130070207,1.500924122930902,0.38559208259641753,True
GBPUSD,売り,-1,2023-10-18 21:00:00,2023-10-19 01:00:00,1.2125437570146254,2023-10-19 09:00:00,1.217744936792498,初期損切り,initial,3,0.003423291194998662,1.2176786938071233,1.2176786938071233,-0.0052011797778726,-1.0129004480583648,1.0235053973043136,1.4999999999999993,False
USDJPY,買い,1,2023-10-18 13:00:00,2023-10-18 17:00:00,149.90779265018452,2023-10-19 17:00:00,149.74620734981548,時間切れ,time,6,0.2425656302874346,149.54394420475336,149.54394420475336,-0.1615853003690404,-0.44410056549112253,0.23172017300586178,0.9803229332315223,False
EURUSD,買い,1,2023-10-16 13:00:00,2023-10-16 17:00:00,1.0560763224968552,2023-10-20 01:00:00,1.0564882160810467,トレイル,trail,21,0.0025577307110490125,1.0522397264302816,1.056514538577902,0.0004118935841914695,0.10735912174338788,2.171330030621983,1.4686153161584072,True
USDJPY,買い,1,2023-10-20 05:00:00,2023-10-20 09:00:00,149.96779265018452,2023-10-23 09:00:00,149.9392073498155,時間切れ,time,6,0.20792778282133087,149.65590097595253,149.65590097595253,-0.02858530036903062,-0.09165137363611649,0.10680318673224576,0.9031628560474135,False
EURUSD,買い,1,2023-10-23 09:00:00,2023-10-23 13:00:00,1.0665163224968552,2023-10-24 05:00:00,1.062114883308928,初期損切り,initial,5,0.0029167444607146134,1.0621412058057833,1.0621412058057833,-0.004401439187927236,-1.0060164102386187,1.0400902595359685,1.5000000000000049,False
USDCHF,売り,-1,2023-10-19 09:00:00,2023-10-19 13:00:00,0.8932936570334298,2023-10-24 05:00:00,0.89339,建値,breakeven,17,0.0025853508708771665,0.8971716833397455,0.8932936570334298,-9.634296657023977e-05,-0.024843298874310294,1.7265188581213056,0.9423645331914418,True
USDJPY,売り,-1,2023-10-24 01:00:00,2023-10-24 05:00:00,149.5172073498155,2023-10-24 05:00:00,149.81582633203513,初期損切り,initial,1,0.19788422135675193,149.81403368185062,149.81403368185062,-0.29861898221963656,-1.006039390684168,-0.0,1.4999999999999807,False
GBPUSD,買い,1,2023-10-23 09:00:00,2023-10-23 13:00:00,1.2234462429853745,2023-10-24 09:00:00,1.2177576120774811,初期損切り,initial,6,0.0037482586150124554,1.2178238550628557,1.2178238550628557,-0.005688630907893399,-1.011782001933627,1.4496750552009054,1.5000000000000284,False
AUDUSD,買い,1,2023-10-23 09:00:00,2023-10-23 13:00:00,0.6344242521179044,2023-10-25 01:00:00,0.6351368805514267,トレイル,trail,10,0.0023794336653344384,0.6308551016199028,0.6351811326693311,0.0007126284335222666,0.1996633187424465,2.3180927304061925,0.606973053691517,True
USDJPY,買い,1,2023-10-25 09:00:00,2023-10-25 13:00:00,149.9707926501845,2023-10-26 01:00:00,150.14455160885998,トレイル,trail,4,0.16632787047776057,149.72130084446786,150.1463442590445,0.17375895867547797,0.6964515655188447,3.055455158271015,0.6420610681646484,True
AUDUSD,売り,-1,2023-10-25 17:00:00,2023-10-25 21:00:00,0.6279257478820957,2023-10-26 05:00:00,0.6316660122540199,初期損切り,initial,3,0.002464008169346552,0.6316217601361155,0.6316217601361155,-0.003740264371924207,-1.011972935927431,0.35541598156628773,1.5000000000000013,False
GBPUSD,売り,-1,2023-10-25 01:00:00,2023-10-25 05:00:00,1.2137637570146254,2023-10-26 13:00:00,1.21383,建値,breakeven,9,0.0034437714068314986,1.2189294141248725,1.2137637570146254,-6.624298537460938e-05,-0.01282372870688638,1.9640551638264498,0.5448221626013697,True
EURUSD,売り,-1,2023-10-25 05:00:00,2023-10-25 09:00:00,1.0574736775031448,2023-10-27 09:00:00,1.0573954627331519,トレイル,trail,13,0.0025895701181483446,1.0613580326803673,1.0573691402362966,7.821476999292365e-05,0.020135844026717097,2.0403685793698085,0.8056636436425457,True
GBPUSD,売り,-1,2023-10-30 01:00:00,2023-10-30 05:00:00,1.2103937570146255,2023-10-30 09:00:00,1.2150076613583451,初期損切り,initial,2,0.003031774238896764,1.2149414183729705,1.2149414183729705,-0.004613904343719666,-1.0145663848195208,-0.0,1.4999999999999705,False
USDJPY,売り,-1,2023-10-27 09:00:00,2023-10-27 13:00:00,149.63220734981547,2023-10-30 17:00:00,149.34536492277036,トレイル,trail,8,0.2682861362929344,150.0346365542549,149.34357227258585,0.28684242704511576,0.712777362777877,3.075847903353694,0.8304292322479713,True
AUDUSD,買い,1,2023-10-30 05:00:00,2023-10-30 09:00:00,0.6374242521179043,2023-10-31 09:00:00,0.6345657478820956,時間切れ,time,6,0.0022371677857301797,0.6340685004393091,0.6340685004393091,-0.00285850423580869,-0.8518223365696924,0.41827344737592037,1.4546303315565439,False
EURUSD,買い,1,2023-10-30 05:00:00,2023-10-30 09:00:00,1.0606963224968553,2023-10-31 09:00:00,1.0624036775031447,トレイル,trail,7,0.002526715860345826,1.0569062487063365,1.0624465682793083,0.0017073550062893794,0.4504806768038407,2.692695925933431,0.6436507255836661,True
GBPUSD,買い,1,2023-10-30 13:00:00,2023-10-30 17:00:00,1.2164662429853745,2023-11-01 09:00:00,1.2115868979576223,初期損切り,initial,11,0.0032087346949184327,1.211653140942997,1.211653140942997,-0.004879345027752224,-1.0137630544275458,1.1168754525891536,1.4999999999999893,False
USDJPY,買い,1,2023-10-30 21:00:00,2023-10-31 01:00:00,150.1477926501845,2023-11-01 09:00:00,151.01183140624073,トレイル,trail,9,0.36118797178737555,149.60601069250345,151.01362405642524,0.8640387560562317,1.594809025672418,4.397176744164776,0.20984267501885143,True
EURUSD,売り,-1,2023-11-01 05:00:00,2023-11-01 09:00:00,1.0538536775031446,2023-11-01 17:00:00,1.0579446497573881,初期損切り,initial,3,0.002709766504925462,1.0579183272605328,1.0579183272605328,-0.004090972254243486,-1.0064759569523665,0.8021641345088769,1.4999999999999967,False
USDCHF,買い,1,2023-10-25 05:00:00,2023-10-25 09:00:00,0.8954063429665703,2023-11-01 17:00:00,0.9068755136098914,トレイル,trail,33,0.002139071711769164,0.8921977353989166,0.9069718565764616,0.011469170643321092,3.5745009015570504,7.406790967436003,0.5452565989971447,True
USDCHF,買い,1,2023-11-03 01:00:00,2023-11-03 05:00:00,0.9069863429665702,2023-11-03 05:00:00,0.9032156650276416,初期損切り,initial,1,0.0024495566482389277,0.9033120079942119,0.9033120079942119,-0.0037706779389286016,-1.0262205180787782,0.0,1.4999999999999878,False
USDJPY,売り,-1,2023-11-03 05:00:00,2023-11-03 09:00:00,149.3992073498155,2023-11-06 09:00:00,149.8097926501845,時間切れ,time,6,0.4428048821434765,150.0634146730307,150.0634146730307,-0.4105853003690072,-0.6181583460740772,0.44987613698207307,0.9909390521180373,False
GBPUSD,買い,1,2023-11-02 05:00:00,2023-11-02 09:00:00,1.2216262429853746,2023-11-06 13:00:00,1.2354545941137138,トレイル,trail,14,0.0036795814504557577,1.216106870809691,1.2355208370990884,0.013828351128339245,2.505421031265471,5.776134405719672,1.317063652653851,True
AUDUSD,買い,1,2023-11-01 13:00:00,2023-11-01 17:00:00,0.6393242521179043,2023-11-06 21:00:00,0.6469265628060843,トレイル,trail,20,0.00266459253800566,0.6353273633108959,0.6469708149239887,0.0076023106881799585,1.9020570887159558,4.869693094542508,0.14045378892505245,True
EURUSD,買い,1,2023-11-03 05:00:00,2023-11-03 09:00:00,1.0710063224968553,2023-11-08 01:00:00,1.0659977197899597,初期損切り,initial,17,0.003321520140026936,1.066024042286815,1.066024042286815,-0.005008602706895626,-1.0052832228910322,1.39504723975782,1.499999999999976,False
GBPUSD,売り,-1,2023-11-08 01:00:00,2023-11-08 05:00:00,1.2248037570146253,2023-11-08 09:00:00,1.2301515694992022,初期損切り,initial,2,0.0035210463328015054,1.2300853265138276,1.2300853265138276,-0.0053478124845769415,-1.0125422917155003,0.14023019521939345,1.500000000000021,False
USDCHF,買い,1,2023-11-08 01:00:00,2023-11-08 05:00:00,0.9021263429665702,2023-11-08 09:00:00,0.8987469781453902,初期損切り,initial,2,0.002188681236406546,0.8988433211119604,0.8988433211119604,-0.003379364821180064,-1.0293458194422211,0.13417076390342622,1.5000000000000027,False
GBPUSD,売り,-1,2023-11-09 13:00:00,2023-11-09 17:00:00,1.2220537570146255,2023-11-12 17:00:00,1.2214562429853746,時間切れ,time,6,0.0034997811400308393,1.2273034287246718,1.2273034287246718,0.0005975140292509007,0.11381931333104933,0.9468469261470308,0.5046724108464846,False
USDCHF,買い,1,2023-11-09 13:00:00,2023-11-09 17:00:00,0.9030963429665703,2023-11-12 17:00:00,0.9022936570334298,時間切れ,time,6,0.0021334064353672874,0.8998962333135193,0.8998962333135193,-0.000802685933140479,-0.25083075899452745,0.7095024221998136,1.338864887261145,False
AUDUSD,売り,-1,2023-11-08 13:00:00,2023-11-08 17:00:00,0.6401257478820956,2023-11-13 09:00:00,0.6387132400375654,トレイル,trail,17,0.0023844939598304865,0.6437024888218413,0.638668987919661,0.0014125078445302863,0.3949147753011996,2.6109304477073243,1.129905197199929,True
USDJPY,買い,1,2023-11-07 05:00:00,2023-11-07 09:00:00,150.57979265018452,2023-11-14 05:00:00,151.2151858954777,トレイル,trail,30,0.34551072716888737,150.06152655943117,151.21697854566222,0.6353932452931872,1.225998105277551,3.8441855646532135,0.7548033380076511,True
EURUSD,買い,1,2023-11-13 09:00:00,2023-11-13 13:00:00,1.0696163224968553,2023-11-15 05:00:00,1.0841277325937155,トレイル,trail,11,0.0023029724547145884,1.0661618638147834,1.0841540550905708,0.014511410096860189,4.2007768604013735,8.312595082913017,0.2589360092581589,True
GBPUSD,買い,1,2023-11-14 05:00:00,2023-11-14 09:00:00,1.2401562429853745,2023-11-15 05:00:00,1.243561830672083,トレイル,trail,6,0.0034759631712711846,1.2349422982284677,1.2436280736574576,0.003405587686708511,0.6531691158018539,2.998811121124007,0.030565049207806626,True
AUDUSD,買い,1,2023-11-14 05:00:00,2023-11-14 09:00:00,0.6442142521179044,2023-11-15 09:00:00,0.6494257831744059,トレイル,trail,7,0.0023849823538449047,0.6406367785871371,0.6494700352923103,0.005211531056501517,1.4567629953599293,4.203698977450641,0.03951900011017819,True
USDJPY,売り,-1,2023-11-17 01:00:00,2023-11-17 05:00:00,149.6142073498155,2023-11-21 09:00:00,147.98930384650754,トレイル,trail,14,0.4167555981615129,150.23934074705778,147.98751119632303,1.6249035033079622,2.5992908241282677,5.9032376785543645,0.9017099034597008,True
AUDUSD,買い,1,2023-11-19 21:00:00,2023-11-20 01:00:00,0.6546142521179044,2023-11-21 13:00:00,0.65457,建値,breakeven,10,0.002765467014801785,0.6504660515957017,0.6546142521179044,-4.425211790437533e-05,-0.010667786590238806,1.5786656860228596,0.4101484891461301,True
EURUSD,買い,1,2023-11-17 13:00:00,2023-11-19 17:00:00,1.0911463224968554,2023-11-21 13:00:00,1.09112,建値,breakeven,12,0.0027208688253475177,1.087065019258834,1.0911463224968554,-2.632249685530219e-05,-0.006449532249915356,1.974985876968253,0.5095146388316845,True
GBPUSD,買い,1,2023-11-17 13:00:00,2023-11-19 17:00:00,1.2454662429853747,2023-11-22 09:00:00,1.2491269757076375,トレイル,trail,17,0.0033683906534939766,1.2404136570051336,1.2491932186930121,0.0036607327222628605,0.7245265566145348,3.106455898686049,0.2512306535754154,True
USDCHF,売り,-1,2023-11-14 05:00:00,2023-11-14 09:00:00,0.8961536570334298,2023-11-22 09:00:00,0.8866120384246092,トレイル,trail,37,0.002277847729019507,0.899570428626959,0.886515695458039,0.009541618608820523,2.7925831000499426,6.231170263316681,0.05546594048435285,True
EURUSD,買い,1,2023-11-24 09:00:00,2023-11-24 13:00:00,1.0940963224968554,2023-11-27 13:00:00,1.0934136775031447,時間切れ,time,6,0.0022612912698507267,1.0907043855920793,1.0907043855920793,-0.0006826449937107348,-0.20125521578821878,0.8153206655532791,0.705934046683314,False
USDJPY,売り,-1,2023-11-26 17:00:00,2023-11-26 21:00:00,149.1122073498155,2023-11-28 01:00:00,148.76835693643417,トレイル,trail,8,0.3967821431248262,149.70738056450273,148.76656428624966,0.3438504133813183,0.5777316668425847,2.87111547118462,0.5388162090682674,True
AUDUSD,買い,1,2023-11-24 09:00:00,2023-11-24 13:00:00,0.6590242521179044,2023-11-29 01:00:00,0.663634095268462,トレイル,trail,16,0.00198082630681685,0.6560530126576791,0.6636783473863663,0.004609843150557569,1.5514882634898963,4.349572626557534,1.1834718217527678,True
EURUSD,買い,1,2023-11-28 05:00:00,2023-11-28 09:00:00,1.0972663224968553,2023-11-29 01:00:00,1.0975881963354475,トレイル,trail,5,0.002052740583848653,1.0941872116210822,1.0976145188323028,0.0003218738385921682,0.10453466977260605,2.169625104208055,0.4171606015844838,True
GBPUSD,買い,1,2023-11-24 05:00:00,2023-11-24 09:00:00,1.2577762429853747,2023-11-29 01:00:00,1.2673775280542507,トレイル,trail,17,0.0029431144801873037,1.2533615712650938,1.2674437710396254,0.009601285068876031,2.174858217603775,5.284795110530494,0.07347420116696986,True
USDCHF,売り,-1,2023-11-24 09:00:00,2023-11-24 13:00:00,0.8813936570334298,2023-11-30 01:00:00,0.8756296912701228,トレイル,trail,22,0.001911674151776312,0.8842611682610942,0.8755333483035526,0.005763965763306955,2.0100935290850086,5.0655374632919505,1.0809075200657174,True
AUDUSD,売り,-1,2023-11-30 05:00:00,2023-11-30 09:00:00,0.6590957478820956,2023-11-30 09:00:00,0.6628641074892995,初期損切り,initial,1,0.002482738326199688,0.6628198553713951,0.6628198553713951,-0.003768359607203897,-1.0118826102714582,-0.0,1.499999999999996,False
USDJPY,買い,1,2023-11-30 09:00:00,2023-11-30 13:00:00,148.21179265018452,2023-12-01 09:00:00,147.4042021069653,初期損切り,initial,6,0.5371985953564743,147.4059947571498,147.4059947571498,-0.8075905432192201,-1.002224689590286,0.24982818454025532,1.499999999999993,False
EURUSD,売り,-1,2023-11-30 01:00:00,2023-11-30 05:00:00,1.0924336775031447,2023-12-01 13:00:00,1.0882063224968552,トレイル,trail,9,0.0025190517996388916,1.096212255202603,1.0879181035992778,0.004227355006289457,1.1187688443975765,3.7925688961672597,1.0664022459722724,True
GBPUSD,売り,-1,2023-11-30 01:00:00,2023-11-30 05:00:00,1.2648337570146253,2023-12-01 13:00:00,1.2699057953516397,初期損切り,initial,9,0.003337196901093167,1.2698395523662651,1.2698395523662651,-0.005072038337014417,-1.0132332587973192,1.3465663392990885,1.5000000000000173,False
AUDUSD,買い,1,2023-12-01 09:00:00,2023-12-01 13:00:00,0.6671642521179044,2023-12-04 09:00:00,0.6626628590959074,初期損切り,initial,6,0.00297142726939513,0.6627071112138118,0.6627071112138118,-0.0045013930219970355,-1.0099283641366839,0.6514538996236819,1.4999999999999882,False
USDJPY,売り,-1,2023-12-01 13:00:00,2023-12-03 17:00:00,146.7492073498155,2023-12-04 17:00:00,147.18279265018452,時間切れ,time,6,0.5716100099196184,147.6066223646949,147.6066223646949,-0.43358530036903176,-0.5056889520764969,0.9100738979162245,1.2277473067401135,False
GBPUSD,売り,-1,2023-12-05 09:00:00,2023-12-05 13:00:00,1.2594637570146254,2023-12-06 13:00:00,1.2581662429853746,時間切れ,time,6,0.003671159559454978,1.264970496353808,1.264970496353808,0.0012975140292508236,0.23562292480752378,0.4886077506507686,0.5301439378634448,False
AUDUSD,売り,-1,2023-12-04 21:00:00,2023-12-05 01:00:00,0.6582957478820957,2023-12-07 05:00:00,0.6581106506467357,トレイル,trail,14,0.0027631992644156374,0.6624405467787191,0.6580663985288313,0.00018509723535997669,0.04465771198471545,2.083001380399137,0.5299118803196456,True
EURUSD,売り,-1,2023-12-04 09:00:00,2023-12-04 13:00:00,1.0825236775031446,2023-12-07 09:00:00,1.0805063224968554,トレイル,trail,18,0.002928269619799487,1.0869160819328438,1.08048,0.00201735500628919,0.4592826181143178,2.384916148405373,0.7568710483043569,True
USDJPY,売り,-1,2023-12-06 17:00:00,2023-12-06 21:00:00,146.88820734981547,2023-12-07 13:00:00,143.2787926501845,トレイル,trail,5,0.44473328911854615,147.5553072834933,142.4994665782371,3.6094146996309746,5.410605694010109,11.868253353097938,0.21989055592923903,True
AUDUSD,買い,1,2023-12-07 09:00:00,2023-12-07 13:00:00,0.6608842521179044,2023-12-08 09:00:00,0.6565158507832668,初期損切り,initial,6,0.002882766144488773,0.6565601029011712,0.6565601029011712,-0.004368401334637562,-1.0102337166657338,0.38010293834985126,1.5000000000000093,False
EURUSD,売り,-1,2023-12-08 05:00:00,2023-12-08 09:00:00,1.0746636775031446,2023-12-11 09:00:00,1.0763763224968552,時間切れ,time,6,0.002809840672036699,1.0788784385111996,1.0788784385111996,-0.0017126449937105992,-0.40634450931795996,0.5742950193595481,1.3866702605707222,False
USDCHF,買い,1,2023-12-08 05:00:00,2023-12-08 09:00:00,0.8795963429665702,2023-12-11 09:00:00,0.8801436570334298,時間切れ,time,6,0.0027168434698392895,0.8755210777618112,0.8755210777618112,0.0005473140668595944,0.13430145999344106,0.910489345776022,0.9409239048730926,False
GBPUSD,売り,-1,2023-12-13 09:00:00,2023-12-13 13:00:00,1.2507437570146254,2023-12-13 13:00:00,1.2559623119510923,初期損切り,initial,1,0.0034348746340615685,1.2558960689657177,1.2558960689657177,-0.005218554936466946,-1.0128569438348058,-0.0,1.4999999999999953,False
USDCHF,売り,-1,2023-12-13 13:00:00,2023-12-13 17:00:00,0.8711236570334298,2023-12-14 01:00:00,0.87122,建値,breakeven,3,0.002871896369164205,0.8754315015871761,0.8711236570334298,-9.634296657023977e-05,-0.022364541098971485,1.58211037216223,0.13800740542930964,True
EURUSD,買い,1,2023-12-12 01:00:00,2023-12-12 05:00:00,1.0793763224968553,2023-12-15 01:00:00,1.0960629556424601,トレイル,trail,18,0.0024153609303422794,1.075753281101342,1.0960892781393154,0.016686633145604812,4.605697623623248,8.91944439131572,1.0997621363689973,True
AUDUSD,買い,1,2023-12-13 13:00:00,2023-12-13 17:00:00,0.6660642521179043,2023-12-15 05:00:00,0.6681757478820957,トレイル,trail,10,0.0029009560516926195,0.6617128180403654,0.66822,0.00211149576419134,0.4852413541297524,2.3356947714331042,0.1462456205280232,True
USDJPY,売り,-1,2023-12-13 13:00:00,2023-12-13 17:00:00,142.8262073498155,2023-12-18 01:00:00,142.46879265018453,トレイル,trail,15,0.7680550045030549,143.9782898565701,142.467,0.35741469963096506,0.3102335965831151,2.436293414982931,0.1117011798393593,True
AUDUSD,買い,1,2023-12-18 01:00:00,2023-12-18 05:00:00,0.6729842521179044,2023-12-19 05:00:00,0.6730657478820956,時間切れ,time,6,0.0030575731878448027,0.6683978923361371,0.6683978923361371,8.149576419125282e-05,0.017769160743828755,0.109808616660565,1.2834532084154182,False
EURUSD,買い,1,2023-12-19 01:00:00,2023-12-19 05:00:00,1.0941763224968553,2023-12-20 05:00:00,1.09415,建値,breakeven,7,0.002598728963690557,1.0902782290513193,1.0941763224968553,-2.632249685530219e-05,-0.006752659273842492,1.7599671097094238,0.4295648035838275,True
USDCHF,売り,-1,2023-12-18 21:00:00,2023-12-19 01:00:00,0.8662236570334297,2023-12-20 05:00:00,0.8645903814932188,トレイル,trail,8,0.0025870192633242616,0.8701041859284161,0.8644940385266485,0.0016332755402109767,0.4208899313496038,2.6685758128289785,0.48176794979435195,True
USDJPY,売り,-1,2023-12-21 05:00:00,2023-12-21 09:00:00,142.2212073498155,2023-12-22 09:00:00,142.0427926501845,時間切れ,time,6,0.6475324296699624,143.19250599432044,143.19250599432044,0.17841469963099144,0.18368675858898859,0.5470109813589487,0.5880673040245837,False
USDCHF,売り,-1,2023-12-21 05:00:00,2023-12-21 09:00:00,0.8579036570334297,2023-12-22 13:00:00,0.8567253582533171,トレイル,trail,8,0.002609507643373394,0.8618179184984899,0.8566290152867468,0.0011782987801126632,0.3010271006754461,2.488460629697634,0.5044411231800647,True
AUDUSD,買い,1,2023-12-21 09:00:00,2023-12-21 13:00:00,0.6780642521179043,2023-12-24 17:00:00,0.67802,建値,breakeven,8,0.002557565566930194,0.6742279037675091,0.6780642521179043,-4.425211790437533e-05,-0.011534958210928804,1.7226334054003705,0.3027301148856592,True
GBPUSD,買い,1,2023-12-22 05:00:00,2023-12-22 09:00:00,1.2735962429853747,2023-12-25 21:00:00,1.2705537570146255,時間切れ,time,6,0.0036684108621714874,1.2680936266921174,1.2680936266921174,-0.003042485970749187,-0.5529162508527758,0.22182820987060467,1.3946755632345085,False
AUDUSD,買い,1,2023-12-26 17:00:00,2023-12-26 21:00:00,0.6828442521179043,2023-12-28 01:00:00,0.6829869028991342,トレイル,trail,8,0.0020394224914806855,0.6797851183806833,0.6830311550170386,0.0001426507812298805,0.04663110327417951,2.091645012210585,0.4482897103093757,True
EURUSD,買い,1,2023-12-21 05:00:00,2023-12-21 09:00:00,1.0991263224968553,2023-12-28 05:00:00,1.108668568586802,トレイル,trail,27,0.002627554458171301,1.0951849908095983,1.1086948910836574,0.009542246089946804,2.421071568474847,5.641625221903702,0.6037258302761651,True
GBPUSD,買い,1,2023-12-27 05:00:00,2023-12-27 09:00:00,1.2755462429853746,2023-12-28 05:00:00,1.2770020764447263,トレイル,trail,6,0.002865840284949481,1.2712474825579503,1.277068319430101,0.0014558334593517408,0.33866354823221984,2.5311100038337457,0.39298874793865274,True
USDCHF,売り,-1,2023-12-27 09:00:00,2023-12-27 13:00:00,0.8435336570334298,2023-12-28 05:00:00,0.8396497473940963,トレイル,trail,5,0.002886702213763004,0.8478637103540743,0.839553404427526,0.0038839096393334938,0.8969657765681726,3.3788234154971115,0.1511562101867949,True
USDJPY,売り,-1,2023-12-27 13:00:00,2023-12-27 17:00:00,141.77020734981548,2023-12-28 13:00:00,141.22279265018452,トレイル,trail,6,0.4352864683527881,142.42313705234466,141.12457293670556,0.5474146996309628,0.8383976062208573,3.483240256820119,0.027091699471287412,True
AUDUSD,売り,-1,2023-12-29 01:00:00,2023-12-29 05:00:00,0.6804257478820956,2024-01-02 05:00:00,0.6821742521179044,時間切れ,time,6,0.002350257353703442,0.6839511339126508,0.6839511339126508,-0.0017485042358087455,-0.49597525509380835,0.9810618732720453,1.4782432708612612,False
GBPUSD,売り,-1,2024-01-02 05:00:00,2024-01-02 09:00:00,1.2629537570146254,2024-01-03 09:00:00,1.2630762429853746,時間切れ,time,6,0.00401146666818323,1.2689709570169003,1.2689709570169003,-0.00012248597074915324,-0.02035597465645924,0.46710023281187,0.5848840784304133,False
EURUSD,売り,-1,2024-01-02 05:00:00,2024-01-02 09:00:00,1.0952536775031447,2024-01-04 01:00:00,1.0950969525473264,トレイル,trail,11,0.0028853150252356116,1.099581650040998,1.0950706300504711,0.00015672495581831036,0.036212095720931405,2.063441063132655,0.5497917845992469,True
USDCHF,買い,1,2024-01-02 01:00:00,2024-01-02 05:00:00,0.8463463429665702,2024-01-04 01:00:00,0.8481707656976029,トレイル,trail,12,0.003596445667913433,0.8409516744647,0.8482671086641731,0.001824422731032671,0.3381899611440824,2.5340733254333645,0.06293518308633916,True
AUDUSD,売り,-1,2024-01-05 01:00:00,2024-01-05 05:00:00,0.6681957478820956,2024-01-05 09:00:00,0.6686842521179044,建値,breakeven,2,0.002476848966073302,0.6719110213312055,0.6681957478820956,-0.0004885042358088176,-0.13148540544864762,1.6697618380228638,0.3125956118074702,True
SP500,売り,-1,2024-01-04 13:00:00,2024-01-04 17:00:00,4734.250569348069,2024-01-05 09:00:00,4734.4,建値,breakeven,5,16.23275551109686,4758.599702614714,4734.250569348069,-0.1494306519307429,-0.006137000865465744,1.974438001370686,0.14473393936878912,True
USDCHF,買い,1,2024-01-05 01:00:00,2024-01-05 05:00:00,0.8530963429665702,2024-01-05 09:00:00,0.8527236570334298,建値,breakeven,2,0.0030615257324741085,0.848504054367859,0.8530963429665702,-0.0003726859331404375,-0.08115472822092076,1.5298440851727764,0.2339823438267481,True
USDJPY,買い,1,2024-01-02 05:00:00,2024-01-02 09:00:00,142.1507926501845,2024-01-05 09:00:00,144.94589098030428,トレイル,trail,19,0.5156581847556109,141.3773053730511,144.9476836304888,2.795098330119771,3.6136319403708224,7.423924341722272,1.2581835591187023,True
SP500,買い,1,2024-01-08 09:00:00,2024-01-08 13:00:00,4769.999430651931,2024-01-09 09:00:00,4769.85,建値,breakeven,6,18.320330815699275,4742.518934428383,4769.999430651931,-0.1494306519307429,-0.005437698457667988,1.8040378026223733,0.1337001321958624,True
USDJPY,売り,-1,2024-01-08 17:00:00,2024-01-08 21:00:00,143.48420734981548,2024-01-09 09:00:00,144.36223056398393,初期損切り,initial,4,0.5841537093226287,144.36043791379942,144.36043791379942,-0.8780232141684507,-1.0020458658464928,0.10306764958367894,1.499999999999992,False
EURUSD,買い,1,2024-01-10 17:00:00,2024-01-10 21:00:00,1.0979163224968553,2024-01-11 05:00:00,1.0944563596235481,初期損切り,initial,3,0.0022890935843012375,1.0944826821204034,1.0944826821204034,-0.0034599628733071874,-1.0076660610807855,0.40788087894177627,1.5000000000000127,False
SP500,買い,1,2024-01-10 09:00:00,2024-01-10 13:00:00,4807.649430651931,2024-01-11 05:00:00,4807.5,建値,breakeven,5,16.596856927191396,4782.754145261144,4807.649430651931,-0.1494306519307429,-0.006002367499913945,1.8256811805388438,0.33135374222098257,True
USDCHF,買い,1,2024-01-11 05:00:00,2024-01-11 09:00:00,0.8549163429665703,2024-01-11 09:00:00,0.8510549291180691,初期損切り,initial,1,0.002510047254620563,0.8511512720846394,0.8511512720846394,-0.0038614138485011384,-1.0255886196014685,0.0,1.5000000000000215,False
USDJPY,買い,1,2024-01-11 05:00:00,2024-01-11 09:00:00,146.2517926501845,2024-01-11 13:00:00,145.4723086401406,初期損切り,initial,2,0.5184609065729322,145.4741012903251,145.4741012903251,-0.779484010043916,-1.0023050920674261,0.31672079366775785,1.50000000000001,False
AUDUSD,売り,-1,2024-01-11 05:00:00,2024-01-11 09:00:00,0.6664357478820956,2024-01-11 17:00:00,0.6700308244334227,初期損切り,initial,3,0.0023672162889484608,0.6699865723155183,0.6699865723155183,-0.00359507655132707,-1.0124624911014606,0.7163468289789672,1.5000000000000016,False
GBPUSD,買い,1,2024-01-11 17:00:00,2024-01-11 21:00:00,1.2781162429853745,2024-01-12 05:00:00,1.2728076233336814,初期損切り,initial,3,0.0034949177775456287,1.272873866319056,1.272873866319056,-0.005308619651693158,-1.012636059861993,0.10980430415016877,1.5000000000000302,False
GBPUSD,売り,-1,2024-01-15 17:00:00,2024-01-15 21:00:00,1.2694437570146253,2024-01-17 01:00:00,1.2672410805095773,トレイル,trail,8,0.003267418762101336,1.2743448851577772,1.2671748375242027,0.002202676505048018,0.449422345368721,2.694407315260524,0.023334317063675565,True
EURUSD,売り,-1,2024-01-15 17:00:00,2024-01-15 21:00:00,1.0927236775031448,2024-01-17 17:00:00,1.0891116126584015,トレイル,trail,12,0.002312645080773164,1.0961926451243045,1.0890852901615462,0.0036120648447433013,1.0412506656766416,3.573257985778827,0.011381987263909103,True
USDCHF,買い,1,2024-01-15 09:00:00,2024-01-15 13:00:00,0.8561163429665702,2024-01-17 17:00:00,0.8635831161779783,トレイル,trail,14,0.002435270427725733,0.8524634373249816,0.8636794591445486,0.007466773211408095,2.0440640804948074,5.10565762712498,0.24077119316798348,True
SP500,売り,-1,2024-01-16 09:00:00,2024-01-16 13:00:00,4788.400569348069,2024-01-18 05:00:00,4780.943002988874,トレイル,trail,11,17.171786168471336,4814.1582486007765,4780.793572336943,7.45756635919588,0.2895278835499952,2.442993928324938,0.7424638605935526,True
AUDUSD,売り,-1,2024-01-15 01:00:00,2024-01-15 05:00:00,0.6656957478820956,2024-01-18 17:00:00,0.6577256429136817,トレイル,trail,22,0.002575695397888641,0.6695592909789286,0.6576813907957774,0.007970104968413882,2.0629004953891075,5.111531391828337,0.40930776161207816,True
USDCHF,買い,1,2024-01-18 05:00:00,2024-01-18 09:00:00,0.8688863429665702,2024-01-19 09:00:00,0.8689836570334297,時間切れ,time,6,0.0026098674953390815,0.8649715417235616,0.8649715417235616,9.731406685953292e-05,0.024857984050486462,0.20064506507131702,0.6806257289852778,False
GBPUSD,買い,1,2024-01-18 13:00:00,2024-01-18 17:00:00,1.2707562429853747,2024-01-21 17:00:00,1.2690137570146254,時間切れ,time,6,0.0035937558774283176,1.2653656091692322,1.2653656091692322,-0.00174248597074933,-0.32324324563308005,0.2041755310186448,1.2928654988940087,False
USDJPY,買い,1,2024-01-15 01:00:00,2024-01-15 05:00:00,145.67079265018452,2024-01-21 21:00:00,147.7799868953114,トレイル,trail,29,0.5121102272520448,144.90262730930647,147.7817795454959,2.109194245126872,2.7457555462160195,6.1221338355979285,0.23587236449597762,True
GBPUSD,買い,1,2024-01-21 21:00:00,2024-01-22 01:00:00,1.2719762429853747,2024-01-23 01:00:00,1.2736637570146254,時間切れ,time,6,0.002967925063887023,1.267524355389544,1.267524355389544,0.001687514029250714,0.37905584831727884,0.6347050461436428,1.0971446095441537,False
USDCHF,売り,-1,2024-01-22 05:00:00,2024-01-22 09:00:00,0.8673136570334298,2024-01-23 09:00:00,0.8705015268564732,初期損切り,initial,7,0.002061017904315439,0.870405183889903,0.870405183889903,-0.003187869823043421,-1.031163554787996,1.1177278123622036,1.500000000000011,False
GBPUSD,売り,-1,2024-01-23 09:00:00,2024-01-23 13:00:00,1.2657237570146254,2024-01-23 21:00:00,1.270358019658615,初期損切り,initial,3,0.0030453464390766505,1.2702917766732404,1.2702917766732404,-0.004634262643989695,-1.0145014667898353,0.007801087692511342,1.5000000000000362,False
AUDUSD,売り,-1,2024-01-23 09:00:00,2024-01-23 13:00:00,0.6558757478820956,2024-01-24 01:00:00,0.6595183451044876,初期損切り,initial,4,0.002398896736325075,0.6594740929865832,0.6594740929865832,-0.003642597222392019,-1.0122979082382115,0.02323896700156219,1.500000000000013,False
EURUSD,売り,-1,2024-01-23 09:00:00,2024-01-23 13:00:00,1.0831336775031446,2024-01-24 01:00:00,1.0867599288057486,初期損切り,initial,4,0.002399952537165817,1.0867336063088933,1.0867336063088933,-0.0036262513026039667,-1.0073119492844433,0.039033064901867864,1.4999999999999747,False
AUDUSD,買い,1,2024-01-24 05:00:00,2024-01-24 09:00:00,0.6617042521179044,2024-01-24 13:00:00,0.6581178390256283,初期損切り,initial,2,0.002361440649581175,0.6581620911435326,0.6581620911435326,-0.0035864130922761417,-1.012492972009051,0.17182218073849898,1.5000000000000016,False
EURUSD,買い,1,2024-01-24 05:00:00,2024-01-24 09:00:00,1.0925063224968552,2024-01-24 13:00:00,1.0886517555444293,初期損切り,initial,2,0.0025521629703804567,1.0886780780412846,1.0886780780412846,-0.0038545669524259196,-1.0068758662516788,0.27963633648304725,1.4999999999999736,False
GBPUSD,買い,1,2024-01-24 01:00:00,2024-01-24 05:00:00,1.2765162429853747,2024-01-24 13:00:00,1.2715895115454576,初期損切り,initial,3,0.0032403256363616275,1.2716557545308322,1.2716557545308322,-0.004926731439917065,-1.0136288741335688,0.30977041423292107,1.5000000000000044,False
SP500,買い,1,2024-01-19 01:00:00,2024-01-19 05:00:00,4829.899430651931,2024-01-24 13:00:00,4898.634748849123,トレイル,trail,21,17.157910249473225,4804.162565277721,4898.784179501054,68.7353181971921,2.670695020461573,6.014751671243766,0.8538004010354643,True
USDJPY,売り,-1,2024-01-24 05:00:00,2024-01-24 09:00:00,146.77020734981548,2024-01-24 13:00:00,147.5473214130988,初期損切り,initial,2,0.5168809420658905,147.5455287629143,147.5455287629143,-0.7771140632833351,-1.0023121381071296,0.22869357369423643,1.4999999999999745,False
USDCHF,売り,-1,2024-01-24 05:00:00,2024-01-24 09:00:00,0.8609936570334298,2024-01-24 17:00:00,0.8648205455871883,初期損切り,initial,3,0.002487030391458853,0.8647242026206181,0.8647242026206181,-0.0038268885537585673,-1.0258254360705725,0.1301379486721447,1.5000000000000193,False
GBPUSD,買い,1,2024-01-26 05:00:00,2024-01-26 09:00:00,1.2749262429853747,2024-01-26 13:00:00,1.269994156365184,初期損切り,initial,2,0.003243895756544113,1.2700603993505586,1.2700603993505586,-0.004932086620190734,-1.0136138746630865,0.17070740128073011,1.4999999999999862,False
SP500,買い,1,2024-01-26 05:00:00,2024-01-26 09:00:00,4926.699430651931,2024-01-29 09:00:00,4916.000569348069,時間切れ,time,6,15.961552557343051,4902.757101815916,4902.757101815916,-10.698861303862031,-0.44685967589621317,0.4667822457309208,1.4785172411736185,False
USDJPY,買い,1,2024-01-26 09:00:00,2024-01-26 13:00:00,147.9957926501845,2024-01-29 13:00:00,147.65820734981548,時間切れ,time,6,0.4814460441933413,147.2736235838945,147.2736235838945,-0.3375853003690281,-0.46746020582590153,0.7045594286351126,0.8428621547081375,False
EURUSD,売り,-1,2024-01-29 09:00:00,2024-01-29 13:00:00,1.0811536775031447,2024-01-30 05:00:00,1.0848367067588367,初期損切り,initial,5,0.002437804505891172,1.0848103842619814,1.0848103842619814,-0.003683029255691972,-1.0071984161135161,0.09175366712312027,1.4999999999999638,False
AUDUSD,買い,1,2024-01-29 13:00:00,2024-01-29 17:00:00,0.6611642521179044,2024-01-30 09:00:00,0.6580401325941925,初期損切り,initial,5,0.0020532449372050615,0.6580843847120968,0.6580843847120968,-0.0031241195237119435,-1.0143681892996128,0.6456842328320822,1.4999999999999882,False
SP500,買い,1,2024-01-29 13:00:00,2024-01-29 17:00:00,4951.999430651931,2024-01-30 17:00:00,4930.750569348069,時間切れ,time,6,15.88849988340125,4928.166680826829,4928.166680826829,-21.248861303862213,-0.891582442638735,0.32102271362936113,1.3279687073525481,False
USDCHF,売り,-1,2024-01-29 13:00:00,2024-01-29 17:00:00,0.8617236570334298,2024-01-30 17:00:00,0.8618563429665702,時間切れ,time,6,0.0024331939069575817,0.8653734478938662,0.8653734478938662,-0.00013268593314041954,-0.036354393502030825,0.38371665766546414,1.067051400690298,False
USDJPY,売り,-1,2024-01-29 17:00:00,2024-01-29 21:00:00,147.31220734981548,2024-01-30 21:00:00,147.5487926501845,時間切れ,time,6,0.4258128085477776,147.95092656263714,147.95092656263714,-0.23658530036902903,-0.3704057990112235,0.5007067554934022,1.4461581188331558,False
AUDUSD,売り,-1,2024-01-30 17:00:00,2024-01-30 21:00:00,0.6573657478820957,2024-01-31 09:00:00,0.6606227765742999,初期損切り,initial,4,0.002141851049533242,0.6605785244563955,0.6605785244563955,-0.0032570286922042335,-1.0137737925065686,0.6843369815165512,1.4999999999999978,False
EURUSD,買い,1,2024-01-31 05:00:00,2024-01-31 09:00:00,1.0857863224968554,2024-01-31 13:00:00,1.0821231545836019,初期損切り,initial,2,0.0024245636109320712,1.0821494770804572,1.0821494770804572,-0.0036631679132534956,-1.0072377277122375,1.2182305672768894,1.5000000000000357,False
USDCHF,売り,-1,2024-01-31 09:00:00,2024-01-31 13:00:00,0.8595836570334298,2024-01-31 13:00:00,0.8635057347218836,初期損切り,initial,1,0.0025504898145890594,0.8634093917553134,0.8634093917553134,-0.003922077688453873,-1.0251828664489444,-0.0,1.5000000000000173,False
USDJPY,売り,-1,2024-01-31 09:00:00,2024-01-31 13:00:00,146.3562073498155,2024-01-31 13:00:00,147.10279786783434,初期損切り,initial,1,0.4965319118895521,147.10100521764983,147.10100521764983,-0.7465905180188486,-1.0024068948931513,-0.0,1.500000000000016,False
SP500,売り,-1,2024-01-31 13:00:00,2024-01-31 17:00:00,4873.550569348069,2024-02-01 09:00:00,4900.7612648515005,初期損切り,initial,5,18.040843234333842,4900.61183419957,4900.61183419957,-27.210695503431452,-1.005521938931927,0.06377580765625027,1.4999999999999971,False
AUDUSD,売り,-1,2024-01-31 21:00:00,2024-02-01 01:00:00,0.6537357478820957,2024-02-01 17:00:00,0.6577248948115761,初期損切り,initial,5,0.002629929874384061,0.6576806426936718,0.6576806426936718,-0.0039891469294804915,-1.0112175659980958,1.1200860946094913,1.5000000000000095,False
EURUSD,買い,1,2024-02-02 01:00:00,2024-02-02 05:00:00,1.0891063224968554,2024-02-02 05:00:00,1.0850528666064392,初期損切り,initial,1,0.002684755595707221,1.0850791891032945,1.0850791891032945,-0.004053455890416169,-1.006536286306638,0.0,1.500000000000013,False
GBPUSD,買い,1,2024-02-02 01:00:00,2024-02-02 05:00:00,1.2758162429853745,2024-02-02 05:00:00,1.2706564940347573,初期損切り,initial,1,0.0033956706434950133,1.270722737020132,1.270722737020132,-0.005159748950617216,-1.013005380935397,0.0,1.5000000000000253,False
SP500,買い,1,2024-02-01 17:00:00,2024-02-01 21:00:00,4958.499430651931,2024-02-02 05:00:00,4928.620621122453,初期損切り,initial,3,19.819585918365288,4928.770051774383,4928.770051774383,-29.87880952947853,-1.0050263630648353,0.07066592379060399,1.4999999999999927,False
GBPUSD,売り,-1,2024-02-02 09:00:00,2024-02-02 13:00:00,1.2618037570146254,2024-02-06 09:00:00,1.260001021952218,トレイル,trail,12,0.004042389483421738,1.267867341239758,1.2599347789668434,0.0018027350624074678,0.29730519037492925,2.4623448718751444,0.6323593992755796,True
USDJPY,買い,1,2024-02-02 05:00:00,2024-02-02 09:00:00,147.96679265018452,2024-02-06 09:00:00,147.965,建値,breakeven,13,0.5785015991202188,147.0990402515042,147.96679265018452,-0.0017926501845124676,-0.002065854484803174,1.6010454443411297,0.480193400687203,True
EURUSD,売り,-1,2024-02-04 17:00:00,2024-02-04 21:00:00,1.0778036775031448,2024-02-06 17:00:00,1.0762863224968553,トレイル,trail,12,0.0030017894775352344,1.0823063617194477,1.07626,0.001517355006289467,0.3369889899885907,1.8467909041032016,0.27194528562523645,True
USDCHF,買い,1,2024-02-02 09:00:00,2024-02-02 13:00:00,0.8676663429665702,2024-02-07 01:00:00,0.8689236570334298,トレイル,trail,16,0.0032204649083477947,0.8628356456040485,0.86902,0.0012573140668595828,0.2602758923823883,2.0101622646622896,0.8683041256936972,True
EURUSD,売り,-1,2024-02-08 05:00:00,2024-02-08 09:00:00,1.0743936775031446,2024-02-08 09:00:00,1.0776609755869355,初期損切り,initial,1,0.002160650391290389,1.0776346530900802,1.0776346530900802,-0.0032672980837908927,-1.0081217818984554,-0.0,1.500000000000003,False
USDCHF,買い,1,2024-02-07 13:00:00,2024-02-07 17:00:00,0.8742263429665702,2024-02-08 17:00:00,0.8737036570334298,時間切れ,time,6,0.002489641546669747,0.8704918806465656,0.8704918806465656,-0.000522685933140421,-0.1399628349014308,0.7606143285818979,0.7134934621196245,False
USDJPY,買い,1,2024-02-08 05:00:00,2024-02-08 09:00:00,149.3927926501845,2024-02-09 09:00:00,149.3862073498155,時間切れ,time,6,0.42491840497604644,148.75541504272044,148.75541504272044,-0.006585300369010838,-0.010331866529186258,0.42880550167215387,0.8961547575374365,False
EURUSD,買い,1,2024-02-11 17:00:00,2024-02-11 21:00:00,1.0796063224968553,2024-02-12 05:00:00,1.0766158991890777,初期損切り,initial,3,0.0019760672072814856,1.076642221685933,1.076642221685933,-0.0029904233077775455,-1.0088804323922866,0.4826139007977727,1.5000000000000075,False
SP500,買い,1,2024-02-06 17:00:00,2024-02-06 21:00:00,4978.599430651931,2024-02-13 01:00:00,5030.351368200194,トレイル,trail,26,17.924600573937997,4951.712529791023,5030.500798852125,51.75193754826341,1.9248011444677013,4.895538340511606,0.4825452381073885,True
GBPUSD,買い,1,2024-02-13 01:00:00,2024-02-13 05:00:00,1.2655362429853747,2024-02-13 05:00:00,1.261781253629213,初期損切り,initial,1,0.002459164247191395,1.2618474966145876,1.2618474966145876,-0.0037549893561616976,-1.017958129596335,0.0,1.4999999999999982,False
SP500,売り,-1,2024-02-13 05:00:00,2024-02-13 09:00:00,4977.70056934807,2024-02-13 17:00:00,4971.399430651931,トレイル,trail,3,15.590584993996218,5001.086446839064,4967.831169987992,6.301138696138878,0.26944204674660527,2.6330358587492486,0.6702398053667639,True
EURUSD,売り,-1,2024-02-13 05:00:00,2024-02-13 09:00:00,1.0708536775031448,2024-02-14 09:00:00,1.0709163224968552,時間切れ,time,6,0.0024207679873507033,1.074484829484171,1.074484829484171,-6.264499371044785e-05,-0.017252099068777137,0.5674552498722205,0.7627011372022714,False
AUDUSD,売り,-1,2024-02-02 09:00:00,2024-02-02 13:00:00,0.6506857478820957,2024-02-14 17:00:00,0.6501002220399055,トレイル,trail,50,0.002897984961000505,0.6550327253235965,0.6500559699220011,0.0005855258421901821,0.13469723504892037,2.217315813770533,1.254061759054009,True
USDJPY,買い,1,2024-02-13 01:00:00,2024-02-13 05:00:00,149.58179265018452,2024-02-14 17:00:00,150.3452073498155,トレイル,trail,10,0.2933825532581433,149.1417188202973,150.347,0.763414699630971,1.734742326819625,4.442006981474429,1.0320744939393363,True
USDCHF,買い,1,2024-02-12 05:00:00,2024-02-12 09:00:00,0.8770163429665703,2024-02-15 01:00:00,0.8845194540811276,トレイル,trail,17,0.001987101476151031,0.8740356907523438,0.8846157970476979,0.00750311111455737,2.5172715819528655,5.824391543328537,0.9794884609216227,True
AUDUSD,買い,1,2024-02-16 09:00:00,2024-02-16 13:00:00,0.6539742521179044,2024-02-19 13:00:00,0.6536857478820957,時間切れ,time,6,0.002095676728740785,0.6508307370247932,0.6508307370247932,-0.00028850423580872864,-0.09177758886571537,0.594437045089565,0.6318971336290633,False
GBPUSD,買い,1,2024-02-18 17:00:00,2024-02-18 21:00:00,1.2615162429853746,2024-02-19 21:00:00,1.2583937570146253,時間切れ,time,6,0.0029797175875385085,1.2570466666040667,1.2570466666040667,-0.003122485970749267,-0.6986089294296056,0.4912401835486045,1.1330748254446448,False
EURUSD,買い,1,2024-02-20 01:00:00,2024-02-20 05:00:00,1.0798063224968553,2024-02-21 01:00:00,1.0800875891675366,トレイル,trail,6,0.0018830441678040753,1.0769817562451491,1.0801139116643919,0.0002812666706812905,0.0995787124877662,2.1633467620120865,0.22640068891874002,True
GBPUSD,買い,1,2024-02-20 05:00:00,2024-02-20 09:00:00,1.2643262429853745,2024-02-21 01:00:00,1.2602621879937905,初期損切り,initial,5,0.002665208004139591,1.2603284309791651,1.2603284309791651,-0.004064054991584021,-1.0165698100040086,0.9431747956336088,1.5000000000000093,False
SP500,売り,-1,2024-02-19 17:00:00,2024-02-19 21:00:00,5003.000569348069,2024-02-21 17:00:00,5017.599430651931,トレイル,trail,12,16.38129880308593,5027.572517552698,4992.112597606172,-14.598861303861668,-0.5941271397076897,2.6646586374363417,0.8820686824422569,True
AUDUSD,買い,1,2024-02-20 01:00:00,2024-02-20 05:00:00,0.6554742521179043,2024-02-22 05:00:00,0.6560597146904725,トレイル,trail,13,0.00168801659581155,0.652942227224187,0.6561039668083769,0.0005854625725681961,0.23122307131375192,2.373050058888653,1.264354937741719,True
EURUSD,買い,1,2024-02-22 01:00:00,2024-02-22 05:00:00,1.0853263224968552,2024-02-22 05:00:00,1.0821045438958043,初期損切り,initial,1,0.002130304069463774,1.0821308663926597,1.0821308663926597,-0.003221778601050884,-1.0082374772166833,0.0,1.499999999999963,False
GBPUSD,買い,1,2024-02-22 01:00:00,2024-02-22 05:00:00,1.2676762429853745,2024-02-22 05:00:00,1.2634914702034703,初期損切り,initial,1,0.002745686531019708,1.263557713188845,1.263557713188845,-0.004184772781904211,-1.0160841340593112,0.0,1.5000000000000144,False
USDCHF,売り,-1,2024-02-21 21:00:00,2024-02-22 01:00:00,0.8780036570334298,2024-02-22 05:00:00,0.8778872458193239,トレイル,trail,2,0.0017604514263768116,0.8806443341729949,0.8777909028527536,0.00011641121410588262,0.0440838496920716,2.120852059584516,0.066087007472683,True
USDJPY,買い,1,2024-02-22 05:00:00,2024-02-22 09:00:00,150.5667926501845,2024-02-23 09:00:00,150.4762073498155,時間切れ,time,6,0.2716796928718987,150.15927311087665,150.15927311087665,-0.09058530036901402,-0.22228455725796295,0.7442858451361665,0.8531835697186104,False
SP500,買い,1,2024-02-23 09:00:00,2024-02-23 13:00:00,5107.999430651931,2024-02-26 13:00:00,5093.500569348069,時間切れ,time,6,18.66564171805794,5080.000968074844,5080.000968074844,-14.498861303862213,-0.5178449089460948,0.21968542041081773,1.1062802428032035,False
USDJPY,買い,1,2024-02-26 09:00:00,2024-02-26 13:00:00,150.7727926501845,2024-02-27 01:00:00,150.39868363881922,初期損切り,initial,4,0.24821090745385146,150.40047628900373,150.40047628900373,-0.3741090113652774,-1.0048148573938973,0.17810397725461546,1.4999999999999507,False
AUDUSD,売り,-1,2024-02-26 09:00:00,2024-02-26 13:00:00,0.6534957478820956,2024-02-27 13:00:00,0.6543942521179044,時間切れ,time,6,0.0018370160231017962,0.6562512719167484,0.6562512719167484,-0.0008985042358087281,-0.326073815546296,0.5366027675856455,1.2597887491458901,False
EURUSD,買い,1,2024-02-26 01:00:00,2024-02-26 05:00:00,1.0840263224968554,2024-02-28 01:00:00,1.0810990135537824,初期損切り,initial,12,0.0019339909641451585,1.0811253360506377,1.0811253360506377,-0.002927308943073026,-1.0090736366209525,1.3307598385198363,1.4999999999999927,False
GBPUSD,売り,-1,2024-02-28 01:00:00,2024-02-28 05:00:00,1.2624437570146254,2024-02-28 09:00:00,1.266144834190654,初期損切り,initial,2,0.002423222793769371,1.2660785912052794,1.2660785912052794,-0.003701077176028633,-1.0182244861526013,0.10471881301131397,1.4999999999999865,False
USDCHF,売り,-1,2024-02-27 13:00:00,2024-02-27 17:00:00,0.8793636570334298,2024-02-28 17:00:00,0.8793463429665702,時間切れ,time,6,0.0018027118705578337,0.8820677248392665,0.8820677248392665,1.7314066859563937e-05,0.006402970673365288,0.5234652574500408,1.2294493661288324,False
AUDUSD,売り,-1,2024-02-27 21:00:00,2024-02-28 01:00:00,0.6515557478820956,2024-02-28 21:00:00,0.6516,建値,breakeven,6,0.0017805201188776233,0.654226528060412,0.6515557478820956,-4.425211790437533e-05,-0.016568985446144168,1.519639038845094,0.1203311974028329,True
EURUSD,買い,1,2024-02-29 01:00:00,2024-02-29 05:00:00,1.0851063224968553,2024-02-29 05:00:00,1.0823190045975963,初期損切り,initial,1,0.0018406636016024766,1.0823453270944516,1.0823453270944516,-0.002787317899259012,-1.0095336981844956,0.0,1.4999999999999973,False
USDCHF,売り,-1,2024-02-28 21:00:00,2024-02-29 01:00:00,0.8782336570334298,2024-02-29 05:00:00,0.8807462358546065,初期損切り,initial,2,0.0016108239030710096,0.8806498928880363,0.8806498928880363,-0.0025125788211767253,-1.0398731632040532,0.15126236515688588,1.499999999999982,False
SP500,買い,1,2024-02-29 05:00:00,2024-02-29 09:00:00,5095.599430651931,2024-02-29 09:00:00,5070.82909202183,初期損切り,initial,1,16.413938652113494,5070.97852267376,5070.97852267376,-24.770338630100923,-1.006069258374353,0.0,1.4999999999999962,False
USDJPY,売り,-1,2024-02-28 21:00:00,2024-02-29 01:00:00,149.9092073498155,2024-02-29 13:00:00,149.99679265018452,トレイル,trail,4,0.26885558899588907,150.31249073330932,149.7487111779918,-0.08758530036902812,-0.21718053347558103,2.5969605185561235,0.8956207720427884,True
GBPUSD,売り,-1,2024-02-29 09:00:00,2024-02-29 13:00:00,1.2617137570146253,2024-03-01 09:00:00,1.2658608476819349,初期損切り,initial,6,0.0027205651212900152,1.2657946046965602,1.2657946046965602,-0.004147090667309561,-1.0162326532469665,0.15943636534591027,1.4999999999999738,False
USDCHF,買い,1,2024-02-29 09:00:00,2024-02-29 13:00:00,0.8839763429665702,2024-03-01 09:00:00,0.88388,建値,breakeven,6,0.0020406742401774766,0.880915331606304,0.8839763429665702,-9.634296657023977e-05,-0.031474227054766914,1.9178254698257715,0.3559328344866496,True
AUDUSD,売り,-1,2024-03-05 01:00:00,2024-03-05 05:00:00,0.6486457478820956,2024-03-05 09:00:00,0.6511611841337404,初期損切り,initial,2,0.0016474560891602192,0.651116932015836,0.651116932015836,-0.0025154362516447426,-1.017907252357369,0.039908731120768585,1.5000000000000233,False
EURUSD,買い,1,2024-03-04 09:00:00,2024-03-04 13:00:00,1.0858263224968554,2024-03-05 13:00:00,1.0859736775031448,時間切れ,time,6,0.001972617741109519,1.082867395885191,1.082867395885191,0.0001473550062893736,0.04980015580937043,0.9092879303294505,0.9461146262456475,False
GBPUSD,買い,1,2024-03-04 09:00:00,2024-03-04 13:00:00,1.2696962429853746,2024-03-05 13:00:00,1.26963,建値,breakeven,7,0.0024074027305536236,1.2660851388895442,1.2696962429853746,-6.624298537460938e-05,-0.018344246971749415,1.5841790682642598,1.0618260721116906,True
SP500,売り,-1,2024-03-05 17:00:00,2024-03-05 21:00:00,5086.20056934807,2024-03-06 05:00:00,5110.478639137597,初期損切り,initial,3,16.085759425064655,5110.329208485667,5110.329208485667,-24.278069789527763,-1.0061930824643126,0.015577091603108795,1.5000000000000022,False
EURUSD,買い,1,2024-03-06 01:00:00,2024-03-06 05:00:00,1.0876863224968554,2024-03-07 05:00:00,1.0879611339239097,トレイル,trail,7,0.0017712717896174856,1.085029414812429,1.087987456420765,0.00027481142705432227,0.10343280975291735,2.170010003927503,0.5173246151304898,True
USDJPY,売り,-1,2024-03-06 01:00:00,2024-03-06 05:00:00,149.64520734981548,2024-03-07 09:00:00,148.20366789907516,トレイル,trail,8,0.307937624445321,150.10711378648347,148.20187524889064,1.441539450740322,3.120847289202209,6.687092405563158,0.5383968603484734,True
AUDUSD,買い,1,2024-03-06 01:00:00,2024-03-06 05:00:00,0.6524442521179044,2024-03-08 09:00:00,0.6633468821091547,トレイル,trail,14,0.0016844328864704713,0.6499176027881987,0.6633911342270591,0.010902629991250357,4.315054670653583,8.49885323249216,0.2637398743948824,True
GBPUSD,買い,1,2024-03-06 09:00:00,2024-03-06 13:00:00,1.2745262429853745,2024-03-08 09:00:00,1.2845411880779969,トレイル,trail,12,0.0023762844683142955,1.270961816282903,1.2846074310633715,0.010014945092622352,2.809693094734801,6.24241634889294,0.9200257858544186,True
USDCHF,売り,-1,2024-03-06 09:00:00,2024-03-06 13:00:00,0.8818436570334297,2024-03-08 09:00:00,0.8771023830102774,トレイル,trail,12,0.0020080200218535915,0.8848556870662101,0.8770060400437072,0.004741274023152275,1.5741124661946457,4.409147785915453,0.4812416988144628,True
EURUSD,買い,1,2024-03-07 09:00:00,2024-03-07 13:00:00,1.0937163224968554,2024-03-08 13:00:00,1.09369,建値,breakeven,7,0.002262696370260656,1.0903222779414643,1.0937163224968554,-2.632249685530219e-05,-0.007755495376008673,1.9373688669681013,0.8248223320570276,True
SP500,買い,1,2024-03-07 09:00:00,2024-03-07 13:00:00,5157.199430651931,2024-03-08 13:00:00,5135.800569348069,建値,breakeven,7,19.683033525758823,5127.674880363293,5157.199430651931,-21.39886130386185,-0.724781955852403,1.811233481943431,1.1964329899206128,True
GBPUSD,売り,-1,2024-03-12 01:00:00,2024-03-12 05:00:00,1.2785737570146254,2024-03-12 13:00:00,1.27864,建値,breakeven,3,0.002546669362751625,1.2823937610587528,1.2785737570146254,-6.624298537460938e-05,-0.01734107728928872,1.5603741391587127,0.8820316520978051,True
EURUSD,買い,1,2024-03-13 09:00:00,2024-03-13 13:00:00,1.0949263224968553,2024-03-14 09:00:00,1.0921800469940521,初期損切り,initial,6,0.001813302003965298,1.0922063694909074,1.0922063694909074,-0.0027462755028031527,-1.0096775557510163,0.8016742384697896,1.4999999999999467,False
SP500,買い,1,2024-03-11 17:00:00,2024-03-11 21:00:00,5197.499430651931,2024-03-14 09:00:00,5217.500569348069,トレイル,trail,16,23.353902405304847,5162.468577043974,5217.65,20.001138696137787,0.5709577882394086,2.3957695967488295,0.9013239109515977,True
USDCHF,買い,1,2024-03-14 01:00:00,2024-03-14 05:00:00,0.8800463429665702,2024-03-15 05:00:00,0.881934183352171,トレイル,trail,7,0.0016247368406293332,0.8776092377056263,0.8820305263187412,0.0018878403856007475,0.7746240656300183,3.221233680774098,1.1179305602910707,True
GBPUSD,売り,-1,2024-03-14 09:00:00,2024-03-14 13:00:00,1.2747937570146255,2024-03-15 13:00:00,1.2731362429853745,時間切れ,time,6,0.0028399804088911247,1.279053727627962,1.279053727627962,0.0016575140292509616,0.38909048434789284,0.6421723927798675,0.3895248649994997,False
SP500,売り,-1,2024-03-15 09:00:00,2024-03-15 13:00:00,5168.70056934807,2024-03-18 01:00:00,5200.306893333072,初期損切り,initial,4,20.971262222047763,5200.157462681142,5200.157462681142,-31.606323985002746,-1.0047503308845187,0.0024113640626180106,1.500000000000017,False
USDCHF,買い,1,2024-03-18 09:00:00,2024-03-18 13:00:00,0.8870763429665702,2024-03-19 05:00:00,0.88698,建値,breakeven,5,0.0017139044839257665,0.8845054862406816,0.8870763429665702,-9.634296657023977e-05,-0.037475043085855975,1.6299957550906434,0.26042464487159456,True
GBPUSD,売り,-1,2024-03-18 17:00:00,2024-03-18 21:00:00,1.2719337570146254,2024-03-19 09:00:00,1.2710022554319633,トレイル,trail,4,0.002068006223294363,1.275035766349567,1.2709360124465887,0.0009315015826620865,0.3002897419325916,2.4824669078835444,0.46723408009637013,True
EURUSD,売り,-1,2024-03-18 09:00:00,2024-03-18 13:00:00,1.0872136775031447,2024-03-19 13:00:00,1.086705252586374,トレイル,trail,7,0.0015994650447594008,1.0896128750702838,1.0866789300895188,0.0005084249167706112,0.21191456832664152,2.334328915394535,0.27904485835295456,True
AUDUSD,売り,-1,2024-03-14 13:00:00,2024-03-14 17:00:00,0.6580157478820956,2024-03-20 13:00:00,0.6541542521179043,トレイル,trail,24,0.001906676667950383,0.6608757628840212,0.65411,0.0038614957641912584,1.350166261922197,3.994252413169933,0.2539770512978097,True
USDCHF,買い,1,2024-03-20 01:00:00,2024-03-20 05:00:00,0.8902163429665703,2024-03-20 13:00:00,0.8876344858398584,初期損切り,initial,3,0.0016570094400944252,0.8877308288064286,0.8877308288064286,-0.002581857126711884,-1.038761785434671,1.0100467703637974,1.5000000000000038,False
USDJPY,買い,1,2024-03-14 09:00:00,2024-03-14 13:00:00,148.1907926501845,2024-03-20 13:00:00,150.95106534329767,トレイル,trail,25,0.43257100325892067,147.54193614529612,150.95285799348218,2.7602726931131656,4.2540572103657945,8.385229991119855,0.3601550936396382,True
EURUSD,買い,1,2024-03-20 13:00:00,2024-03-20 17:00:00,1.0921463224968553,2024-03-21 01:00:00,1.08921792387841,初期損切り,initial,3,0.0019347174143932943,1.0892442463752654,1.0892442463752654,-0.0029283986184451827,-1.0090702296398828,0.9064256568418527,1.4999999999999685,False
USDCHF,売り,-1,2024-03-20 17:00:00,2024-03-20 21:00:00,0.8850136570334297,2024-03-21 01:00:00,0.8880059451772127,初期損切り,initial,2,0.0019306301181418305,0.8879096022106424,0.8879096022106424,-0.0029922881437829396,-1.033268228738681,0.5509377603895638,1.4999999999999762,False
GBPUSD,買い,1,2024-03-20 13:00:00,2024-03-20 17:00:00,1.2786462429853747,2024-03-21 05:00:00,1.2745828766714773,初期損切り,initial,4,0.002664748885681772,1.274649119656852,1.274649119656852,-0.004063366313897365,-1.016572664871762,0.6543794891874475,1.5000000000000366,False
GBPUSD,売り,-1,2024-03-21 09:00:00,2024-03-21 13:00:00,1.2664237570146253,2024-03-25 05:00:00,1.2640298084566493,トレイル,trail,11,0.0032067827356373826,1.2712339311180814,1.2639635654712746,0.0023939485579760333,0.49768438864946685,2.76718373091203,0.34808812364169706,True
SP500,買い,1,2024-03-19 13:00:00,2024-03-19 17:00:00,5240.349430651931,2024-03-25 05:00:00,5281.935488722174,トレイル,trail,22,20.28254031294728,5209.925620182509,5282.084919374105,41.58605807024378,1.3668918333567084,4.057705202515132,0.3549570488138114,True
USDJPY,買い,1,2024-03-26 13:00:00,2024-03-26 17:00:00,151.55179265018452,2024-03-27 05:00:00,151.07900893071064,初期損切り,initial,4,0.3139940461929066,151.08080158089516,151.08080158089516,-0.4727837194738811,-1.0038061235157303,1.338265342640683,1.5000000000000278,False
SP500,売り,-1,2024-03-26 13:00:00,2024-03-26 17:00:00,5272.20056934807,2024-03-27 09:00:00,5293.129905861899,初期損切り,initial,5,13.853270574598907,5292.980475209968,5292.980475209968,-20.929336513829185,-1.007191113036023,0.007259610467268224,1.5000000000000058,False
USDCHF,買い,1,2024-03-26 05:00:00,2024-03-26 09:00:00,0.9034363429665703,2024-03-27 17:00:00,0.90334,建値,breakeven,9,0.002248790860195804,0.9000631566762766,0.9034363429665703,-9.634296657023977e-05,-0.02856141294285028,1.6602953611723004,0.6120368909941494,True
AUDUSD,売り,-1,2024-03-28 01:00:00,2024-03-28 05:00:00,0.6493457478820956,2024-03-28 09:00:00,0.6522520582071464,初期損切り,initial,2,0.0019080388047642393,0.652207806089242,0.652207806089242,-0.0029063103250507316,-1.015461641483698,0.4327731071474162,1.4999999999999987,False
USDCHF,売り,-1,2024-03-28 09:00:00,2024-03-28 13:00:00,0.9007536570334298,2024-03-29 13:00:00,0.9022963429665702,時間切れ,time,6,0.0023298402563842785,0.9042484174180062,0.9042484174180062,-0.0015426859331404419,-0.4414282421046223,0.11316528363148869,0.8740268612795021,False
SP500,買い,1,2024-03-27 13:00:00,2024-03-27 17:00:00,5303.449430651931,2024-04-01 09:00:00,5303.3,建値,breakeven,11,15.115210072560854,5280.77661554309,5303.449430651931,-0.1494306519307429,-0.006590740991508915,1.971561705395484,0.16866657093700307,True
AUDUSD,売り,-1,2024-04-01 09:00:00,2024-04-01 13:00:00,0.6483657478820957,2024-04-02 09:00:00,0.6512412970622459,初期損切り,initial,6,0.0018875313748305182,0.6511970449443415,0.6511970449443415,-0.0028755491801502053,-1.0156296273162264,0.06132236191627102,1.500000000000028,False
EURUSD,売り,-1,2024-03-21 21:00:00,2024-03-22 01:00:00,1.0833136775031447,2024-04-02 09:00:00,1.0771552835318317,トレイル,trail,45,0.002329480517488186,1.086807898279377,1.0771289610349764,0.006158393971313014,1.7624513062261162,4.654976687608046,1.3377757287343974,True
USDCHF,買い,1,2024-04-02 01:00:00,2024-04-02 05:00:00,0.9086163429665702,2024-04-02 09:00:00,0.9055985683272862,初期損切り,initial,2,0.0019476211151425108,0.9056949112938565,0.9056949112938565,-0.0030177746392839877,-1.0329779975585487,0.2586011362856639,1.4999999999999907,False
GBPUSD,売り,-1,2024-04-01 09:00:00,2024-04-01 13:00:00,1.2544937570146253,2024-04-02 13:00:00,1.2572062429853745,時間切れ,time,6,0.0025048374235055065,1.2582510131498836,1.2582510131498836,-0.0027124859707492455,-0.721932674564067,0.21309048228700386,1.3199431445525402,False
SP500,売り,-1,2024-04-02 05:00:00,2024-04-02 09:00:00,5259.70056934807,2024-04-02 13:00:00,5259.85,建値,breakeven,2,15.196867019792972,5282.495869877759,5259.70056934807,-0.1494306519307429,-0.006555327127015448,1.5924709557930519,0.0723458756662555,True
USDJPY,買い,1,2024-04-01 09:00:00,2024-04-01 13:00:00,151.7037926501845,2024-04-02 13:00:00,151.5932073498155,時間切れ,time,6,0.22774549745745812,151.36217440399832,151.36217440399832,-0.11058530036902425,-0.3237101694759991,0.4268244637136459,1.0397248368377932,False
USDJPY,買い,1,2024-04-03 05:00:00,2024-04-03 09:00:00,151.85379265018452,2024-04-03 17:00:00,151.5621962635093,初期損切り,initial,3,0.19320249099381065,151.5639889136938,151.5639889136938,-0.2915963866752236,-1.0061857386872064,0.5134889788696606,1.499999999999975,False
EURUSD,買い,1,2024-04-03 09:00:00,2024-04-03 13:00:00,1.0830763224968554,2024-04-04 13:00:00,1.0835451206125317,トレイル,trail,7,0.0020392784453064756,1.0800174048288957,1.083571443109387,0.0004687981156763499,0.15325620580989238,2.24279205896146,0.2531888168796917,True
AUDUSD,買い,1,2024-04-03 09:00:00,2024-04-03 13:00:00,0.6564542521179044,2024-04-04 21:00:00,0.6577951699550174,トレイル,trail,9,0.0020302889635391485,0.6534088186725957,0.6578394220729218,0.001340917837112987,0.4403044299584275,2.682252615215289,0.22373766791922858,True
USDJPY,売り,-1,2024-04-04 13:00:00,2024-04-04 17:00:00,151.3382073498155,2024-04-04 21:00:00,151.24280388872074,トレイル,trail,2,0.21450561926810835,151.65996577871766,151.24101123853623,0.0954034610947474,0.29650648600026835,2.45311685358591,0.036328419791990356,True
GBPUSD,買い,1,2024-04-03 09:00:00,2024-04-03 13:00:00,1.2646262429853745,2024-04-05 05:00:00,1.2606844174225098,初期損切り,initial,11,0.002583721718326797,1.2607506604078844,1.2607506604078844,-0.003941825562864709,-1.0170923942529981,1.4412376488583514,1.499999999999963,False
SP500,売り,-1,2024-04-04 13:00:00,2024-04-04 17:00:00,5203.650569348069,2024-04-05 09:00:00,5238.159111401023,初期損切り,initial,5,22.906074267348714,5238.009680749093,5238.009680749093,-34.508542052954,-1.004349083717179,0.5020750921279951,1.500000000000008,False
USDJPY,買い,1,2024-04-07 21:00:00,2024-04-08 01:00:00,151.79579265018452,2024-04-09 01:00:00,151.88920734981548,時間切れ,time,6,0.25019770851256806,151.42049608741567,151.42049608741567,0.09341469963095506,0.2489090199541472,0.5843672617334915,0.29493735423563405,False
EURUSD,買い,1,2024-04-08 09:00:00,2024-04-08 13:00:00,1.0850263224968553,2024-04-09 13:00:00,1.085,建値,breakeven,7,0.0020854166252382345,1.0818981975589979,1.0850263224968553,-2.632249685530219e-05,-0.008414784376653483,1.6752899448787857,0.060574225469627825,True
SP500,売り,-1,2024-04-09 09:00:00,2024-04-09 13:00:00,5233.800569348069,2024-04-09 13:00:00,5269.201846437164,初期損切り,initial,1,23.501230958109655,5269.052415785233,5269.052415785233,-35.40127708909495,-1.0042389453896217,-0.0,1.4999999999999882,False
AUDUSD,買い,1,2024-04-09 05:00:00,2024-04-09 09:00:00,0.6632142521179044,2024-04-10 05:00:00,0.6603973036261125,初期損切り,initial,6,0.0018484642492583513,0.6604415557440169,0.6604415557440169,-0.0028169484917919263,-1.0159599580830967,0.6468872105994452,1.5000000000000129,False
GBPUSD,買い,1,2024-04-09 05:00:00,2024-04-09 09:00:00,1.2697562429853746,2024-04-10 05:00:00,1.2660383089117806,初期損切り,initial,6,0.002434460725479519,1.2661045518971552,1.2661045518971552,-0.003717934073593998,-1.0181403584734827,0.4780348281840645,1.500000000000045,False
USDJPY,買い,1,2024-04-10 05:00:00,2024-04-10 09:00:00,152.3867926501845,2024-04-10 17:00:00,152.8124340531316,トレイル,trail,3,0.21488664834194665,152.06446267767157,152.8142267033161,0.4256414029470932,1.320514501424568,3.989114058177464,0.07349293362965663,True
USDCHF,買い,1,2024-04-10 05:00:00,2024-04-10 09:00:00,0.9091263429665702,2024-04-11 05:00:00,0.9101099926386703,トレイル,trail,6,0.0022818321973796956,0.9057035946705007,0.9102063356052406,0.0009836496721000731,0.28738592119953166,2.4733006396835524,0.059751530689612926,True
SP500,売り,-1,2024-04-10 05:00:00,2024-04-10 09:00:00,5192.150569348069,2024-04-11 09:00:00,5212.249430651931,時間切れ,time,6,27.418002722320853,5233.277573431551,5233.277573431551,-20.098861303861668,-0.48870229552982203,0.6656418242023191,1.2473348623636011,False
GBPUSD,売り,-1,2024-04-12 01:00:00,2024-04-12 05:00:00,1.2507237570146255,2024-04-15 05:00:00,1.2491459048880023,トレイル,trail,7,0.0032148309513137558,1.2555460034415962,1.2490796619026276,0.0015778521266232026,0.3272027156883435,2.5114095070305478,0.1419181886338546,True
SP500,売り,-1,2024-04-12 09:00:00,2024-04-12 13:00:00,5165.000569348069,2024-04-15 05:00:00,5206.669327393888,初期損切り,initial,5,27.679551595925776,5206.519896741957,5206.519896741957,-41.66875804581923,-1.0035990624441706,0.5329049243066519,1.4999999999999936,False
AUDUSD,売り,-1,2024-04-12 05:00:00,2024-04-12 09:00:00,0.6476357478820957,2024-04-15 09:00:00,0.6479942521179044,時間切れ,time,6,0.0024245948338455455,0.651272640132864,0.651272640132864,-0.00035850423580874313,-0.09857433519868691,0.8313751452231692,0.6864042167675213,False
EURUSD,売り,-1,2024-04-10 05:00:00,2024-04-10 09:00:00,1.0780536775031446,2024-04-16 05:00:00,1.0647211348779668,トレイル,trail,24,0.0022424061905556617,1.0814172867889782,1.0646948123811115,0.013332542625177801,3.9637607974655227,7.957379701454943,0.0384954774112904,True
USDJPY,買い,1,2024-04-14 17:00:00,2024-04-14 21:00:00,153.4647926501845,2024-04-16 09:00:00,154.04169016936586,トレイル,trail,10,0.33125859022480064,152.9679047648473,154.04348281955038,0.5768975191813581,1.1610215024458899,3.7469438874722227,0.05673105766632405,True
SP500,売り,-1,2024-04-15 13:00:00,2024-04-15 17:00:00,5104.650569348069,2024-04-16 17:00:00,5099.54943065193,時間切れ,time,6,30.473417305901656,5150.360695306922,5150.360695306922,5.10113869613906,0.11159756375930843,0.8302504800854489,0.5857377422673806,False
AUDUSD,売り,-1,2024-04-15 13:00:00,2024-04-15 17:00:00,0.6441557478820956,2024-04-17 09:00:00,0.6437232227020387,トレイル,trail,11,0.0023594852920671835,0.6476949758201964,0.6436789705841344,0.00043252518005687524,0.12220890759835532,2.2020683492133863,0.14590136207322463,True
USDCHF,売り,-1,2024-04-17 01:00:00,2024-04-17 05:00:00,0.9098736570334297,2024-04-18 05:00:00,0.9087163429665702,時間切れ,time,6,0.0022262942473640457,0.9132130984044757,0.9132130984044757,0.0011573140668594828,0.34655918109350076,0.7877022704909805,1.4761494220547569,False
EURUSD,買い,1,2024-04-17 13:00:00,2024-04-17 17:00:00,1.0673463224968553,2024-04-18 17:00:00,1.0645036775031447,時間切れ,time,6,0.002502382632593134,1.0635927485479657,1.0635927485479657,-0.0028426449937106746,-0.7573169018160739,0.6608411845597536,1.2813078444093338,False
SP500,売り,-1,2024-04-18 17:00:00,2024-04-18 21:00:00,5024.150569348069,2024-04-19 01:00:00,5019.028705532442,トレイル,trail,2,27.639637440255274,5065.610025508452,5018.879274880511,5.121863815627876,0.12353909795184759,2.1907150366553374,0.08500222396219906,True
USDCHF,売り,-1,2024-04-19 05:00:00,2024-04-19 09:00:00,0.9078636570334297,2024-04-21 21:00:00,0.9118378561822587,初期損切り,initial,4,0.0025852374548391015,0.9117415132156884,0.9117415132156884,-0.003974199148828905,-1.0248443887658922,0.16000736514763036,1.500000000000005,False
GBPUSD,売り,-1,2024-04-19 09:00:00,2024-04-19 13:00:00,1.2389637570146255,2024-04-23 01:00:00,1.2372198907466028,トレイル,trail,10,0.0036118238806141035,1.2443814928355466,1.2371536477612282,0.001743866268022698,0.3218810081673926,2.501162103477074,0.10970717246245663,True
USDJPY,買い,1,2024-04-21 21:00:00,2024-04-22 01:00:00,154.71779265018452,2024-04-23 01:00:00,154.7392073498155,時間切れ,time,6,0.2826978797424228,154.29374583057088,154.29374583057088,0.02141469963098075,0.050500790574240194,0.49596180184737115,0.42374796122862785,False
AUDUSD,買い,1,2024-04-22 17:00:00,2024-04-22 21:00:00,0.6460342521179043,2024-04-24 09:00:00,0.6489159574931016,トレイル,trail,10,0.0020048951944970205,0.6430269093261588,0.648960209611006,0.0028817053751972743,0.9582231141414599,3.4594067067110372,0.9747402873069467,True
EURUSD,買い,1,2024-04-23 09:00:00,2024-04-23 13:00:00,1.0700363224968552,2024-04-24 13:00:00,1.0690436775031447,時間切れ,time,6,0.0025171240152062316,1.066260636474046,1.066260636474046,-0.0009926449937105453,-0.26290453912583417,0.5616240974241316,0.8924162986348316,False
SP500,買い,1,2024-04-23 09:00:00,2024-04-23 13:00:00,5104.099430651931,2024-04-24 13:00:00,5093.650569348069,時間切れ,time,6,27.137816025236223,5063.392706614076,5063.392706614076,-10.448861303861122,-0.2566863718668304,0.8991353366600562,0.8143407940926298,False
EURUSD,買い,1,2024-04-25 01:00:00,2024-04-25 05:00:00,1.0726063224968554,2024-04-25 05:00:00,1.0695286382302958,初期損切り,initial,1,0.002034241179802895,1.069554960727151,1.069554960727151,-0.0030776842665596327,-1.0086264752729863,0.0,1.4999999999999942,False
GBPUSD,買い,1,2024-04-24 21:00:00,2024-04-25 01:00:00,1.2467962429853745,2024-04-25 05:00:00,1.24673,建値,breakeven,2,0.0029114776704127075,1.2424290264797555,1.2467962429853745,-6.624298537460938e-05,-0.015168239378418292,1.9041042529581438,0.04336045117483699,True
USDCHF,買い,1,2024-04-24 01:00:00,2024-04-24 05:00:00,0.9144063429665702,2024-04-25 05:00:00,0.9125036570334297,時間切れ,time,6,0.002017051663599184,0.9113807654711714,0.9113807654711714,-0.0019026859331404689,-0.6288670298592671,0.5124593742856344,1.1682115084576268,False
USDJPY,買い,1,2024-04-25 21:00:00,2024-04-26 01:00:00,156.19979265018452,2024-04-26 01:00:00,155.78450035640125,初期損切り,initial,1,0.27566642906582783,155.78629300658577,155.78629300658577,-0.41529229378326704,-1.0043353125263268,0.0,1.5000000000000464,False
AUDUSD,買い,1,2024-04-26 01:00:00,2024-04-26 05:00:00,0.6548842521179044,2024-04-26 09:00:00,0.6517342442371843,初期損切り,initial,2,0.0020705038418771574,0.6517784963550887,0.6517784963550887,-0.0031500078807200627,-1.0142484217317227,0.3070498442153373,1.4999999999999765,False
SP500,買い,1,2024-04-26 09:00:00,2024-04-26 13:00:00,5143.449430651931,2024-04-29 13:00:00,5146.000569348069,時間切れ,time,6,26.55128359597715,5103.622505257965,5103.622505257965,2.5511386961379685,0.0640556274656466,0.40301514272891803,0.5498578100436001,False
AUDUSD,買い,1,2024-04-28 21:00:00,2024-04-29 01:00:00,0.6576342521179044,2024-04-29 21:00:00,0.6542607323037961,初期損切り,initial,6,0.002219511797469241,0.6543049844217005,0.6543049844217005,-0.0033735198141082723,-1.0132918473197179,0.1828095180923219,1.5000000000000162,False
GBPUSD,買い,1,2024-04-28 21:00:00,2024-04-29 01:00:00,1.2543062429853746,2024-04-30 01:00:00,1.2545037570146254,時間切れ,time,6,0.0034072316672576486,1.249195395484488,1.249195395484488,0.0001975140292507227,0.038646042406169236,0.790599899769471,1.0437338381034968,False
AUDUSD,売り,-1,2024-04-30 05:00:00,2024-04-30 09:00:00,0.6499657478820956,2024-05-01 13:00:00,0.6535199029578156,初期損切り,initial,8,0.0023399353052104394,0.6534756508399112,0.6534756508399112,-0.003554155075719989,-1.0126077895703047,1.4597616756709655,1.4999999999999807,False
EURUSD,売り,-1,2024-04-30 09:00:00,2024-04-30 13:00:00,1.0678736775031448,2024-05-01 13:00:00,1.071956912472893,初期損切り,initial,7,0.0027046083152619175,1.0719305899760376,1.0719305899760376,-0.004083234969748162,-1.006488307803327,1.0846958824278667,1.4999999999999938,False
SP500,売り,-1,2024-04-30 09:00:00,2024-04-30 13:00:00,5097.300569348069,2024-05-01 13:00:00,5080.784807508101,トレイル,trail,7,21.442688428085347,5129.4646019901975,5080.63537685617,16.515761839968036,0.5134854209274714,2.7771969707898445,0.5945817239610717,True
USDCHF,買い,1,2024-04-30 09:00:00,2024-04-30 13:00:00,0.9178163429665702,2024-05-01 13:00:00,0.91772,建値,breakeven,7,0.002644623822944894,0.9138494072321529,0.9178163429665702,-9.634296657023977e-05,-0.024286495426271513,1.7521043988290215,0.1952424999315204,True
EURUSD,買い,1,2024-05-03 01:00:00,2024-05-03 05:00:00,1.0743063224968552,2024-05-03 09:00:00,1.0766536881749256,トレイル,trail,2,0.002289994664109579,1.070871330500691,1.0766800106717809,0.0023473656780703678,0.6833686019331393,3.036547469794525,0.1818006405779429,True
GBPUSD,買い,1,2024-05-03 01:00:00,2024-05-03 05:00:00,1.2560162429853745,2024-05-03 09:00:00,1.257582827976256,トレイル,trail,2,0.002920464519184702,1.2516355462065976,1.2576490709616306,0.00156658499088147,0.35761091670873624,2.559098720607611,0.29661137113090075,True
USDCHF,売り,-1,2024-05-03 01:00:00,2024-05-03 05:00:00,0.9077536570334298,2024-05-03 09:00:00,0.9056726051084983,トレイル,trail,2,0.0024631310709640848,0.911448353639876,0.9055762621419281,0.002081051924931465,0.5632538058201205,2.8839947322208235,0.08783250275251117,True
AUDUSD,買い,1,2024-05-03 05:00:00,2024-05-03 09:00:00,0.6637742521179044,2024-05-06 09:00:00,0.6633657478820957,時間切れ,time,6,0.002524924493534477,0.6599868653776026,0.6599868653776026,-0.0004085042358087376,-0.10785912921483028,0.41813047669308395,1.4829164703705962,False
USDJPY,売り,-1,2024-05-02 21:00:00,2024-05-03 01:00:00,152.9162073498155,2024-05-06 21:00:00,154.31422856006577,初期損切り,initial,12,0.9308190400438449,154.31243590988126,154.31243590988126,-1.3980212102502776,-1.0012839231597053,1.1347075042273835,1.4999999999999978,False
EURUSD,売り,-1,2024-05-09 01:00:00,2024-05-09 05:00:00,1.0727836775031447,2024-05-09 05:00:00,1.0753720747148454,初期損切り,initial,1,0.0017080498098969007,1.0753457522179901,1.0753457522179901,-0.002588397211700677,-1.0102738990017763,-0.0,1.500000000000014,False
GBPUSD,売り,-1,2024-05-07 09:00:00,2024-05-07 13:00:00,1.2526137570146254,2024-05-09 05:00:00,1.2505562429853747,トレイル,trail,11,0.002897056023260135,1.2569593410495157,1.25049,0.0020575140292506955,0.4734723831667155,2.0136845707458995,0.03667274105907393,True
AUDUSD,売り,-1,2024-05-07 17:00:00,2024-05-07 21:00:00,0.6581657478820956,2024-05-09 13:00:00,0.6616616702898419,初期損切り,initial,11,0.0023011135265613336,0.6616174181719375,0.6616174181719375,-0.0034959224077463213,-1.0128204939024887,1.0280882949876835,1.4999999999999762,False
USDCHF,売り,-1,2024-05-09 05:00:00,2024-05-09 09:00:00,0.9072136570334297,2024-05-10 09:00:00,0.9076563429665703,時間切れ,time,6,0.001766095684730363,0.9098628005605253,0.9098628005605253,-0.00044268593314056304,-0.16710530351140052,0.987294770326062,0.5867988781867809,False
GBPUSD,買い,1,2024-05-09 09:00:00,2024-05-09 13:00:00,1.2514862429853746,2024-05-10 13:00:00,1.2533837570146253,時間切れ,time,6,0.0027741216519183284,1.247325060507497,1.247325060507497,0.0018975140292507575,0.45600356132870884,0.9530068779778279,0.4384245314308951,False
GBPUSD,買い,1,2024-05-13 05:00:00,2024-05-13 09:00:00,1.2556462429853745,2024-05-14 01:00:00,1.2521329951131173,初期損切り,initial,5,0.0022980032579218357,1.2521992380984919,1.2521992380984919,-0.0035132478722572635,-1.0192175490167106,0.5368821869039467,1.4999999999999567,False
AUDUSD,買い,1,2024-05-13 05:00:00,2024-05-13 09:00:00,0.6622942521179044,2024-05-14 05:00:00,0.6596367226798971,初期損切り,initial,6,0.0017421848800685963,0.6596809747978015,0.6596809747978015,-0.0026575294380072334,-1.016933571329734,0.33621453658384465,1.4999999999999791,False
EURUSD,買い,1,2024-05-13 05:00:00,2024-05-13 09:00:00,1.0798663224968552,2024-05-14 05:00:00,1.0773178083059585,初期損切り,initial,6,0.0016814611293608976,1.0773441308028138,1.0773441308028138,-0.0025485141908967446,-1.0104363585518041,0.5195942314033121,1.500000000000057,False
SP500,買い,1,2024-05-03 05:00:00,2024-05-03 09:00:00,5148.399430651931,2024-05-14 05:00:00,5233.300569348069,トレイル,trail,42,25.781994032385064,5109.726439603353,5233.45,84.90113869613833,2.195360027609269,4.481832134586822,0.835832582416313,True
USDCHF,買い,1,2024-05-13 21:00:00,2024-05-14 01:00:00,0.9087563429665703,2024-05-14 09:00:00,0.9063740063053618,初期損切り,initial,3,0.0015239957964255043,0.906470349271932,0.906470349271932,-0.0023823366612084618,-1.0421448960231934,1.0260245055119412,1.4999999999999774,False
USDJPY,買い,1,2024-05-07 13:00:00,2024-05-07 17:00:00,154.6077926501845,2024-05-15 01:00:00,156.2312073498155,トレイル,trail,33,0.6278830370980722,153.6659680945374,156.233,1.6234146996309846,1.7236912011872207,3.4659438481940894,0.07452446939921262,True
AUDUSD,買い,1,2024-05-14 21:00:00,2024-05-15 01:00:00,0.6642142521179044,2024-05-15 09:00:00,0.6643421172311144,トレイル,trail,3,0.001761815325490621,0.6615715291296684,0.6643863693490187,0.0001278651132099462,0.04838385021023282,2.0976931172206816,0.4848704092561893,True
EURUSD,買い,1,2024-05-14 09:00:00,2024-05-14 13:00:00,1.0817063224968553,2024-05-15 09:00:00,1.0834230557129698,トレイル,trail,6,0.0017653108950874167,1.0790583561542242,1.0834493782098251,0.001716733216114541,0.6483213885599188,2.987393052306309,0.23017050310292705,True
GBPUSD,買い,1,2024-05-14 09:00:00,2024-05-14 13:00:00,1.2585862429853747,2024-05-15 09:00:00,1.2618470323717226,トレイル,trail,6,0.0025533623214513703,1.2547561995031977,1.2619132753570972,0.0032607893863478843,0.8513713751610992,3.303000496158127,0.17476680909155304,True
USDCHF,売り,-1,2024-05-15 01:00:00,2024-05-15 05:00:00,0.9049036570334298,2024-05-15 09:00:00,0.904622985584198,トレイル,trail,2,0.001518321308813849,0.9071811389966505,0.9045266426176277,0.0002806714492318285,0.1232376167031892,2.2483100339918223,0.5837650841261199,True
SP500,買い,1,2024-05-14 13:00:00,2024-05-14 17:00:00,5267.79943065193,2024-05-16 13:00:00,5317.975948071028,トレイル,trail,12,15.362310638520777,5244.755964694149,5318.125378722959,50.17651741909776,2.177472673209322,5.275936104614161,0.10085921892799145,True
GBPUSD,買い,1,2024-05-17 09:00:00,2024-05-17 13:00:00,1.2701762429853747,2024-05-20 13:00:00,1.2717237570146254,時間切れ,time,6,0.0025057233232511225,1.266417658000498,1.266417658000498,0.001547514029250685,0.41172782722151424,0.6599918671306535,0.5053403037857253,False
AUDUSD,買い,1,2024-05-17 09:00:00,2024-05-17 13:00:00,0.6686242521179043,2024-05-20 21:00:00,0.665442545210217,初期損切り,initial,9,0.0020916365265220044,0.6654867973281213,0.6654867973281213,-0.003181706907687376,-1.014104463926771,1.107146415130885,1.4999999999999971,False
USDCHF,買い,1,2024-05-20 05:00:00,2024-05-20 09:00:00,0.9106463429665702,2024-05-21 09:00:00,0.9098836570334298,時間切れ,time,6,0.0018331751400350517,0.9078965802565176,0.9078965802565176,-0.000762685933140439,-0.2773642723251039,0.5474965329338687,1.4926795082535838,False
USDJPY,買い,1,2024-05-20 05:00:00,2024-05-20 09:00:00,156.1567926501845,2024-05-21 09:00:00,156.2452073498155,時間切れ,time,6,0.43365542959084397,155.50630950579824,155.50630950579824,0.08841469963098803,0.1359215844315347,0.8998096718946791,0.3615604451959664,False
AUDUSD,売り,-1,2024-05-22 05:00:00,2024-05-22 09:00:00,0.6645057478820956,2024-05-23 05:00:00,0.66455,建値,breakeven,6,0.0018790965194418147,0.6673243926612583,0.6645057478820956,-4.425211790437533e-05,-0.015699785312259323,1.9774119336878835,0.6195807963340947,True
EURUSD,売り,-1,2024-05-21 09:00:00,2024-05-21 13:00:00,1.0853736775031446,2024-05-23 05:00:00,1.0844408335078564,トレイル,trail,11,0.001587255505500548,1.0877545607613954,1.084414511011001,0.0009328439952882572,0.39180585274625995,2.6042924335871596,0.6214012132497426,True
GBPUSD,買い,1,2024-05-22 01:00:00,2024-05-22 05:00:00,1.2729462429853746,2024-05-23 05:00:00,1.2720237570146253,時間切れ,time,6,0.0022131956085437087,1.269626449572559,1.269626449572559,-0.0009224859707492872,-0.2778745108620822,0.950551775226807,1.335735067412269,False
USDCHF,買い,1,2024-05-22 01:00:00,2024-05-22 05:00:00,0.9129263429665703,2024-05-23 05:00:00,0.91283,建値,breakeven,7,0.001626206207079317,0.9104870336559513,0.9129263429665703,-9.634296657023977e-05,-0.03949600247530426,1.853182591672839,0.10228897531328941,True
SP500,買い,1,2024-05-22 21:00:00,2024-05-23 01:00:00,5360.199430651931,2024-05-23 09:00:00,5339.8181722260215,初期損切り,initial,3,13.487885182652716,5339.967602877952,5339.967602877952,-20.381258425909436,-1.0073859195323198,0.5820459799113781,1.4999999999999718,False
AUDUSD,売り,-1,2024-05-23 13:00:00,2024-05-23 17:00:00,0.6604257478820956,2024-05-24 09:00:00,0.6635310421463,初期損切り,initial,5,0.0020406947642000015,0.6634867900283956,0.6634867900283956,-0.0031052942642043613,-1.0144565529611698,0.6006522404031055,1.499999999999992,False
GBPUSD,売り,-1,2024-05-23 13:00:00,2024-05-23 17:00:00,1.2694737570146253,2024-05-24 09:00:00,1.2733374497473016,初期損切り,initial,5,0.002531633164867722,1.273271206761927,1.273271206761927,-0.0038636927326762827,-1.0174440716224806,0.7559377247790382,1.5000000000000355,False
SP500,売り,-1,2024-05-23 13:00:00,2024-05-23 17:00:00,5287.20056934807,2024-05-24 09:00:00,5315.218087074464,初期損切り,initial,5,18.578724716309484,5315.068656422533,5315.068656422533,-28.017517726394544,-1.0053620706556226,0.072694405492948,1.4999999999999771,False
EURUSD,買い,1,2024-05-27 09:00:00,2024-05-27 13:00:00,1.0859963224968554,2024-05-28 09:00:00,1.08597,建値,breakeven,6,0.0016214593968636476,1.08356413340156,1.0859963224968554,-2.632249685530219e-05,-0.010822553602520955,1.7907802740920264,0.4109399829217745,True
USDCHF,売り,-1,2024-05-27 17:00:00,2024-05-27 21:00:00,0.9128436570334297,2024-05-28 09:00:00,0.9114343154173276,トレイル,trail,4,0.0013889862253786151,0.9149271363714977,0.9113379724507573,0.0014093416161021777,0.6764365695169818,3.084016929154243,0.11255904753676245,True
AUDUSD,買い,1,2024-05-27 09:00:00,2024-05-27 13:00:00,0.6654942521179044,2024-05-28 13:00:00,0.66545,建値,breakeven,7,0.0016139879636760078,0.6630732701723904,0.6654942521179044,-4.425211790437533e-05,-0.018278582368766873,1.5463237262385237,0.2132928656545096,True
GBPUSD,買い,1,2024-05-27 05:00:00,2024-05-27 09:00:00,1.2757062429853747,2024-05-28 13:00:00,1.275897453908915,トレイル,trail,8,0.0020531515528552356,1.2726265156560919,1.2759636968942896,0.0001912109235402415,0.06208696520700323,2.125394498305214,0.1199341495430467,True
SP500,買い,1,2024-05-27 09:00:00,2024-05-27 17:00:00,5331.999430651931,2024-05-28 13:00:00,5309.786972883092,初期損切り,initial,6,14.708684744605327,5309.936403535023,5309.936403535023,-22.21245776883916,-1.0067728988927658,0.4657499611297214,1.5000000000000289,False
USDJPY,買い,1,2024-05-22 13:00:00,2024-05-22 17:00:00,156.7387926501845,2024-05-30 01:00:00,157.0526295071497,トレイル,trail,33,0.32728892133289855,156.24785926818515,157.05442215733422,0.3138368569651959,0.6392656691771121,2.964375774970579,0.6348905711145266,True
EURUSD,売り,-1,2024-05-29 01:00:00,2024-05-29 05:00:00,1.0836936775031447,2024-05-30 05:00:00,1.082251647345918,トレイル,trail,7,0.0017026624245314625,1.0862476711399418,1.0822253248490628,0.0014420301572266592,0.5646177564620014,2.8623862445816055,1.2723147381674675,True
USDJPY,売り,-1,2024-05-30 05:00:00,2024-05-30 09:00:00,156.64620734981548,2024-05-31 01:00:00,157.13120244473137,初期損切り,initial,5,0.3221349631542561,157.12940979454686,157.12940979454686,-0.4849950949158881,-1.0037099360817607,0.8574274183433349,1.4999999999999736,False
SP500,売り,-1,2024-05-29 17:00:00,2024-05-29 21:00:00,5263.70056934807,2024-05-31 05:00:00,5263.85,建値,breakeven,9,15.393129872384192,5286.790264156646,5263.70056934807,-0.1494306519307429,-0.00647174651590628,1.9002353381391486,0.8477438155927931,True
USDCHF,売り,-1,2024-05-30 01:00:00,2024-05-30 05:00:00,0.9069736570334298,2024-05-31 05:00:00,0.9062701825401729,トレイル,trail,7,0.0018819197868013033,0.9097965367136318,0.9061738395736026,0.000703474493256917,0.24920456163636026,2.425000823859023,0.40721340619556395,True
AUDUSD,買い,1,2024-05-31 05:00:00,2024-05-31 09:00:00,0.6665842521179044,2024-05-31 09:00:00,0.6637409211391416,初期損切り,initial,1,0.0018660525739055756,0.663785173257046,0.663785173257046,-0.0028433309787627703,-1.0158095288143603,0.0,1.5000000000000169,False
EURUSD,買い,1,2024-05-31 05:00:00,2024-05-31 09:00:00,1.0880263224968554,2024-05-31 09:00:00,1.0848407412507093,初期損切り,initial,1,0.0021061724995271734,1.0848670637475646,1.0848670637475646,-0.0031855812461460964,-1.0083318584972647,0.0,1.5000000000000162,False
GBPUSD,買い,1,2024-06-02 17:00:00,2024-06-02 21:00:00,1.2754862429853746,2024-06-03 01:00:00,1.2718171318619267,初期損切り,initial,2,0.0024019120920488433,1.2718833748473013,1.2718833748473013,-0.0036691111234479212,-1.0183861809081032,0.06401442214912374,1.5000000000000195,False
USDJPY,買い,1,2024-06-02 21:00:00,2024-06-03 01:00:00,157.41479265018452,2024-06-03 05:00:00,156.8391049925627,初期損切り,initial,2,0.38259667162487343,156.84089764274722,156.84089764274722,-0.5756876576218133,-1.003123655305015,0.12338672371345494,1.4999999999999756,False
SP500,買い,1,2024-05-31 13:00:00,2024-06-02 17:00:00,5302.699430651931,2024-06-03 09:00:00,5263.695538542407,初期損切り,initial,5,25.90297430506186,5263.844969194338,5263.844969194338,-39.003892109523804,-1.0038459071706374,0.40345055455760925,1.5000000000000104,False
AUDUSD,買い,1,2024-06-03 13:00:00,2024-06-03 17:00:00,0.6689042521179044,2024-06-04 01:00:00,0.665609892649547,初期損切り,initial,3,0.0021667382336354062,0.6656541447674513,0.6656541447674513,-0.003294359468357433,-1.013615586543058,0.4364846050225279,1.499999999999976,False
USDJPY,売り,-1,2024-06-03 09:00:00,2024-06-03 13:00:00,156.0652073498155,2024-06-04 17:00:00,155.41379256823106,トレイル,trail,8,0.43199995902326643,156.7132072883504,155.41199991804655,0.6514147815844353,1.0052698200207495,3.512054383629652,0.9763719680394305,True
USDCHF,売り,-1,2024-05-31 13:00:00,2024-06-02 17:00:00,0.9020936570334298,2024-06-05 01:00:00,0.8927533395006139,トレイル,trail,15,0.002098498267021818,0.9052414044339625,0.8926569965340436,0.009340317532815945,2.967302119361669,6.496863613225004,0.7130541826435729,True
AUDUSD,買い,1,2024-06-05 17:00:00,2024-06-05 21:00:00,0.6665742521179043,2024-06-06 05:00:00,0.6635572662263607,初期損切り,initial,3,0.00198182251575952,0.6636015183442651,0.6636015183442651,-0.0030169858915436443,-1.0148860009923424,0.9010634746024405,1.4999999999999944,False
EURUSD,買い,1,2024-06-03 09:00:00,2024-06-03 13:00:00,1.0885563224968553,2024-06-07 05:00:00,1.0851684970923434,初期損切り,initial,23,0.002241001938437702,1.0851948195891987,1.0851948195891987,-0.0033878254045118794,-1.0078305738767535,1.3581770952266472,1.5000000000000109,False
GBPUSD,買い,1,2024-06-03 09:00:00,2024-06-03 13:00:00,1.2779862429853746,2024-06-07 05:00:00,1.2736211345040735,初期損切り,initial,23,0.00286591033061763,1.2736873774894482,1.2736873774894482,-0.0043651084813010055,-1.0154094110265446,1.3167742808659952,1.4999999999999831,False
SP500,売り,-1,2024-06-07 05:00:00,2024-06-07 09:00:00,5339.70056934807,2024-06-07 09:00:00,5368.793217599528,初期損切り,initial,1,19.295478399685063,5368.643786947598,5368.643786947598,-29.09264825145874,-1.0051628901112082,-0.0,1.5000000000000209,False
USDJPY,買い,1,2024-06-07 05:00:00,2024-06-07 09:00:00,156.7807926501845,2024-06-10 09:00:00,156.9752073498155,時間切れ,time,6,0.5694561198216868,155.92660847045198,155.92660847045198,0.19441469963098257,0.22760278666347983,0.7273736033343267,0.6247937949914498,False
USDJPY,買い,1,2024-06-10 17:00:00,2024-06-10 21:00:00,157.21779265018452,2024-06-11 21:00:00,157.18120734981548,時間切れ,time,6,0.43407320232720376,156.5666828466937,156.5666828466937,-0.0365853003690404,-0.056189140714661384,0.42667307915465813,0.9417597031856757,False
AUDUSD,売り,-1,2024-06-07 05:00:00,2024-06-07 09:00:00,0.6607157478820956,2024-06-12 05:00:00,0.6640654607293613,初期損切り,initial,18,0.002203640486240867,0.664021208611457,0.664021208611457,-0.0033497128472657067,-1.0133875793807892,1.4002955116147315,1.5000000000000138,False
EURUSD,売り,-1,2024-06-11 05:00:00,2024-06-11 09:00:00,1.0732136775031447,2024-06-12 05:00:00,1.0766657742237002,初期損切り,initial,6,0.002283849482466919,1.076639451726845,1.076639451726845,-0.0034520967205555753,-1.0076836636439994,0.562067471170668,1.4999999999999538,False
USDCHF,買い,1,2024-06-07 05:00:00,2024-06-07 09:00:00,0.8954263429665702,2024-06-12 05:00:00,0.8953536570334297,トレイル,trail,18,0.002385834977466971,0.8918475905003698,0.89545,-7.268593314047056e-05,-0.020310410911889877,1.6403720585842612,0.10744371215579034,True
GBPUSD,買い,1,2024-06-12 05:00:00,2024-06-12 09:00:00,1.2853562429853747,2024-06-12 13:00:00,1.2809318633926754,初期損切り,initial,2,0.002905424404883135,1.28099810637805,1.28099810637805,-0.004424379592699257,-1.0151998414329693,0.2318962467214679,1.4999999999999811,False
USDJPY,売り,-1,2024-06-12 05:00:00,2024-06-12 09:00:00,156.16320734981548,2024-06-12 13:00:00,156.82214184535508,初期損切り,initial,2,0.4380945635700539,156.82034919517056,156.82034919517056,-0.6589344955395973,-1.002727950133122,1.0093878961014873,1.500000000000009,False
SP500,買い,1,2024-06-11 13:00:00,2024-06-11 17:00:00,5382.499430651931,2024-06-13 09:00:00,5416.176750805117,トレイル,trail,11,19.011909271476334,5353.9815667447165,5416.326181457048,33.677320153185974,1.1809201510589376,3.7792400711625023,0.11831692544977264,True
USDJPY,買い,1,2024-06-13 21:00:00,2024-06-14 01:00:00,157.94979265018452,2024-06-14 05:00:00,157.18764584331024,初期損切り,initial,2,0.5069027711265189,157.18943849349475,157.18943849349475,-0.7621468068742843,-1.0023576515874,0.6060478800160445,1.499999999999987,False
EURUSD,売り,-1,2024-06-14 01:00:00,2024-06-14 05:00:00,1.0691736775031446,2024-06-17 05:00:00,1.0707363224968554,時間切れ,time,6,0.0025965509680577216,1.0730685039552312,1.0730685039552312,-0.0015626449937107267,-0.40121042951055447,0.9257193610732912,0.791943821689529,False
GBPUSD,売り,-1,2024-06-14 01:00:00,2024-06-14 05:00:00,1.2721437570146255,2024-06-17 17:00:00,1.271596139535036,トレイル,trail,10,0.002909948274830755,1.2765086794268716,1.2715298965496613,0.000547617479589535,0.12545869728477904,2.210952363062108,0.05025621473734716,True
AUDUSD,売り,-1,2024-06-17 05:00:00,2024-06-17 09:00:00,0.6590557478820956,2024-06-18 01:00:00,0.6621798823104865,初期損切り,initial,5,0.00205325487365767,0.6621356301925821,0.6621356301925821,-0.003124134428390879,-1.0143681197666878,0.09533540361062784,1.4999999999999993,False
USDJPY,買い,1,2024-06-18 01:00:00,2024-06-18 05:00:00,158.1547926501845,2024-06-19 05:00:00,157.79920734981548,時間切れ,time,6,0.41524114575427173,157.5319309315531,157.5319309315531,-0.3555853003690288,-0.5708896368689089,0.014948783084156713,1.3240322058784282,False
GBPUSD,買い,1,2024-06-19 01:00:00,2024-06-19 05:00:00,1.2733362429853745,2024-06-20 01:00:00,1.2697189925608963,初期損切り,initial,6,0.0023673382927357858,1.2697852355462709,1.2697852355462709,-0.0036172504244782466,-1.0186547019432008,0.2930536023323277,1.4999999999999825,False
USDCHF,売り,-1,2024-06-17 17:00:00,2024-06-17 21:00:00,0.8881036570334297,2024-06-20 01:00:00,0.8855463429665702,トレイル,trail,14,0.0019116373258958957,0.8909711130222736,0.88545,0.0025573140668595506,0.891840738553291,2.831947754991991,0.9919993405033225,True
SP500,買い,1,2024-06-16 17:00:00,2024-06-16 21:00:00,5500.999430651931,2024-06-20 09:00:00,5542.11129024568,トレイル,trail,21,22.794639551195093,5466.807471325138,5542.260720897611,41.111859593748704,1.2023838470565114,3.8101312877972573,0.49351210957583724,True
EURUSD,売り,-1,2024-06-20 01:00:00,2024-06-20 05:00:00,1.0716336775031448,2024-06-24 01:00:00,1.0705512071347347,トレイル,trail,12,0.001712442318939731,1.0742023409815544,1.0705248846378794,0.0010824703684100268,0.42141385101961465,2.6474920953552883,0.9263509078877992,True
GBPUSD,売り,-1,2024-06-20 09:00:00,2024-06-20 13:00:00,1.2663037570146254,2024-06-24 01:00:00,1.26637,建値,breakeven,10,0.0021843270116676367,1.269580247532127,1.2663037570146254,-6.624298537460938e-05,-0.020217664302939635,1.8695721807275192,0.8818473493600123,True
USDJPY,買い,1,2024-06-20 01:00:00,2024-06-20 05:00:00,158.4397926501845,2024-06-24 05:00:00,159.31028008433964,トレイル,trail,13,0.30846363273792615,157.9770972010776,159.31207273452415,0.8704874341551374,1.8813399523063874,4.82782147314185,0.6282512089492881,True
AUDUSD,売り,-1,2024-06-21 09:00:00,2024-06-21 13:00:00,0.6640957478820956,2024-06-24 09:00:00,0.6667864911623874,初期損切り,initial,6,0.0017643274415916116,0.666742239044483,0.666742239044483,-0.0026907432802918407,-1.0167210525896877,0.8251007425142867,1.5000000000000273,False
USDCHF,買い,1,2024-06-21 09:00:00,2024-06-21 13:00:00,0.8944263429665702,2024-06-24 13:00:00,0.8939136570334297,時間切れ,time,6,0.0018468995463213915,0.8916559936470881,0.8916559936470881,-0.0005126859331404665,-0.18506183661933015,0.06153936940218701,1.2108633471833656,False
EURUSD,買い,1,2024-06-24 05:00:00,2024-06-24 09:00:00,1.0735063224968553,2024-06-25 05:00:00,1.0707590411435013,初期損切り,initial,6,0.00181397257099917,1.0707853636403566,1.0707853636403566,-0.002747281353354003,-1.0096739782714388,0.6249694848033435,1.49999999999997,False
GBPUSD,買い,1,2024-06-25 01:00:00,2024-06-25 05:00:00,1.2702062429853747,2024-06-25 09:00:00,1.2671274496712746,初期損切り,initial,2,0.0020083668858170115,1.2671936926566492,1.2671936926566492,-0.0030787933141001034,-1.0219890053762557,0.026766531058103973,1.4999999999999885,False
SP500,売り,-1,2024-06-24 13:00:00,2024-06-24 17:00:00,5518.400569348069,2024-06-25 17:00:00,5534.199430651931,時間切れ,time,6,17.866320823110637,5545.2000505827355,5545.2000505827355,-15.798861303861486,-0.5895211614553633,0.39462905753651006,1.1893568274248945,False
AUDUSD,買い,1,2024-06-25 21:00:00,2024-06-26 01:00:00,0.6678542521179044,2024-06-26 05:00:00,0.6652147612535766,初期損切り,initial,2,0.0017301591642822458,0.665259013371481,0.665259013371481,-0.002639490864327798,-1.017051270510436,0.6044229361577188,1.5000000000000313,False
EURUSD,売り,-1,2024-06-26 05:00:00,2024-06-26 09:00:00,1.0676736775031448,2024-06-27 05:00:00,1.0704167716336395,初期損切り,initial,6,0.0018111810890929507,1.0703904491367842,1.0703904491367842,-0.002743094130494672,-1.009688888285389,0.5928051643265015,1.499999999999969,False
GBPUSD,売り,-1,2024-06-26 01:00:00,2024-06-26 05:00:00,1.2665137570146254,2024-06-27 05:00:00,1.2652440622187944,トレイル,trail,7,0.001963909616709925,1.2694596214396903,1.2651778192334198,0.0012696947958310556,0.43100924300108906,2.680244024388277,0.47163218586717626,True
AUDUSD,売り,-1,2024-06-27 21:00:00,2024-06-28 01:00:00,0.6622157478820956,2024-06-28 05:00:00,0.6648562055247061,初期損切り,initial,2,0.00173080368313742,0.6648119534068018,0.6648119534068018,-0.002640457642610561,-1.0170449209368506,0.07265288566273763,1.500000000000032,False
USDJPY,買い,1,2024-06-26 01:00:00,2024-06-26 05:00:00,159.96079265018452,2024-06-28 05:00:00,160.679252177598,トレイル,trail,13,0.30147758610874226,159.5085762710214,160.6810448277825,0.7184595274134722,1.588751669594713,4.389073718197406,0.33101183896480674,True
SP500,買い,1,2024-06-27 17:00:00,2024-06-27 21:00:00,5552.29943065193,2024-06-28 13:00:00,5543.900569348069,トレイル,trail,5,15.899219582137901,5528.450601278723,5552.951560835724,-8.39886130386094,-0.3521707993473552,2.041016490175811,1.0534750190347375,True
AUDUSD,買い,1,2024-06-28 09:00:00,2024-06-28 13:00:00,0.6674342521179044,2024-07-01 09:00:00,0.6645216951392933,初期損切り,initial,6,0.0019122032404711828,0.6645659472571976,0.6645659472571976,-0.002912556978611147,-1.015427968801569,0.6567020991901289,1.4999999999999987,False
GBPUSD,買い,1,2024-07-01 01:00:00,2024-07-01 05:00:00,1.2674262429853747,2024-07-01 09:00:00,1.2639835943976934,初期損切り,initial,2,0.002250937068204493,1.264049837383068,1.264049837383068,-0.003442648587681285,-1.0196193802454565,0.2726673363262797,1.4999999999999716,False
EURUSD,買い,1,2024-06-30 17:00:00,2024-06-30 21:00:00,1.0745863224968553,2024-07-02 01:00:00,1.0714810977064502,初期損切り,initial,8,0.002052601529033169,1.0715074202033055,1.0715074202033055,-0.0031052247904050923,-1.0085493121722258,1.4828389534419184,1.5000000000000178,False
USDCHF,買い,1,2024-06-25 09:00:00,2024-06-25 13:00:00,0.8950763429665702,2024-07-03 09:00:00,0.9017696886381841,トレイル,trail,36,0.001596984197622836,0.892680866670136,0.9018660316047543,0.006693345671613837,2.794160677597647,6.251569081454121,0.5111778612370343,True
USDJPY,買い,1,2024-07-01 05:00:00,2024-07-01 09:00:00,161.3567926501845,2024-07-03 09:00:00,161.355,建値,breakeven,13,0.36297571921995403,160.81232907135458,161.3567926501845,-0.0017926501845124676,-0.003292507073411463,1.631534338131988,1.0821458003544344,True
AUDUSD,買い,1,2024-07-03 09:00:00,2024-07-03 13:00:00,0.6714642521179044,2024-07-04 13:00:00,0.6728057478820956,時間切れ,time,6,0.0020195586008040583,0.6684349142166983,0.6684349142166983,0.0013414957641911807,0.4428346417403894,0.8495657820538152,0.7200841398340252,False
EURUSD,買い,1,2024-07-03 09:00:00,2024-07-03 13:00:00,1.0796063224968553,2024-07-04 13:00:00,1.0811836775031447,時間切れ,time,6,0.0022148973952401635,1.076283976403995,1.076283976403995,0.001577355006289416,0.4747714302489941,0.8007944327156519,0.8110183797749125,False
SP500,買い,1,2024-07-03 09:00:00,2024-07-03 13:00:00,5590.899430651931,2024-07-04 17:00:00,5588.20056934807,時間切れ,time,6,17.87062948319549,5564.093486427138,5564.093486427138,-2.698861303861122,-0.10068144890657882,0.3329803996924223,0.3105335856886711,False
AUDUSD,買い,1,2024-07-04 21:00:00,2024-07-05 01:00:00,0.6734342521179044,2024-07-05 05:00:00,0.6710704422412282,初期損切り,initial,2,0.0015463718391812255,0.6711146943591326,0.6711146943591326,-0.0023638098766761706,-1.0190778253901998,0.15245226026645417,1.4999999999999722,False
USDJPY,売り,-1,2024-07-04 21:00:00,2024-07-05 01:00:00,160.6422073498155,2024-07-05 09:00:00,161.199190269466,初期損切り,initial,3,0.3701268463106485,161.19739761928147,161.19739761928147,-0.5569829196504941,-1.0032288933778426,0.824602032675421,1.5000000000000238,False
USDCHF,売り,-1,2024-07-04 21:00:00,2024-07-05 01:00:00,0.8984236570334297,2024-07-08 13:00:00,0.8974222855090515,トレイル,trail,10,0.001562971271240623,0.9007681139402907,0.8973259425424812,0.0010013715243782917,0.4271230242909685,2.7023254433059307,1.4756144332324188,True
GBPUSD,買い,1,2024-07-03 05:00:00,2024-07-03 09:00:00,1.2719062429853747,2024-07-08 21:00:00,1.2798217504203302,トレイル,trail,22,0.002341003297147571,1.2683947380396534,1.2798879934057048,0.007915507434955504,2.254163829272195,5.409542579481044,0.03684018107955012,True
USDCHF,買い,1,2024-07-10 09:00:00,2024-07-10 13:00:00,0.8992963429665702,2024-07-11 05:00:00,0.8972252063970881,初期損切り,initial,5,0.0013165290686078751,0.8973215493636584,0.8973215493636584,-0.0020711365694821016,-1.0487863473064891,0.6180319545014713,1.5000000000000373,False
USDJPY,買い,1,2024-07-09 05:00:00,2024-07-09 09:00:00,161.13379265018452,2024-07-11 05:00:00,161.132,建値,breakeven,12,0.3553625669446951,160.60074879976747,161.13379265018452,-0.0017926501845124676,-0.0033630444908236625,1.8916099002631006,0.6860391973206127,True
AUDUSD,買い,1,2024-07-11 05:00:00,2024-07-11 09:00:00,0.6790442521179044,2024-07-11 09:00:00,0.6765637556714474,初期損切り,initial,1,0.001624162885701713,0.6766080077893518,0.6766080077893518,-0.002480496446456981,-1.0181640722097456,0.0,1.5000000000000222,False
EURUSD,買い,1,2024-07-04 21:00:00,2024-07-05 01:00:00,1.0822063224968552,2024-07-11 09:00:00,1.0865557352614361,トレイル,trail,27,0.0017139711208542141,1.079635365815574,1.0865820577582914,0.0043494127645808955,1.6917487549472134,4.552980740571336,1.328098512955507,True
GBPUSD,買い,1,2024-07-10 09:00:00,2024-07-10 13:00:00,1.2847062429853746,2024-07-11 09:00:00,1.290729614159968,トレイル,trail,6,0.00206707142732867,1.2816056358443817,1.2907958571453426,0.006023371174593395,1.9426424892591652,4.946010514904039,0.5883894331345754,True
SP500,買い,1,2024-07-08 05:00:00,2024-07-08 09:00:00,5626.599430651931,2024-07-11 09:00:00,5682.525102260786,トレイル,trail,19,12.337733543641662,5608.092830336468,5682.674532912717,55.92567160885574,3.021931130275135,6.545008373088523,0.8469489647323526,True
GBPUSD,買い,1,2024-07-12 05:00:00,2024-07-12 09:00:00,1.2966062429853746,2024-07-15 09:00:00,1.2976637570146254,時間切れ,time,6,0.0025554463512387506,1.2927730734585166,1.2927730734585166,0.0010575140292508056,0.27588501417457567,0.9993389269892227,0.3154998675608066,False
EURUSD,買い,1,2024-07-12 09:00:00,2024-07-12 13:00:00,1.0904663224968554,2024-07-15 13:00:00,1.0906036775031447,時間切れ,time,6,0.0018159457232544984,1.0877424039119736,1.0877424039119736,0.00013735500628930808,0.05042551824113018,0.9822306252347108,1.1819309736905745,False
AUDUSD,売り,-1,2024-07-15 13:00:00,2024-07-15 17:00:00,0.6758457478820956,2024-07-17 01:00:00,0.6749795008413285,トレイル,trail,9,0.0017376243617120938,0.6784521844246637,0.6749352487234241,0.0008662470407670986,0.332349177361356,2.5239907880747947,0.3362361456124455,True
GBPUSD,買い,1,2024-07-17 01:00:00,2024-07-17 05:00:00,1.3029462429853746,2024-07-18 01:00:00,1.2992279627554055,初期損切り,initial,6,0.0024346914963963412,1.2992942057407801,1.2992942057407801,-0.0037182802299691176,-1.0181386390493838,0.6299594905126976,1.4999999999999984,False
EURUSD,買い,1,2024-07-17 01:00:00,2024-07-17 05:00:00,1.0941963224968554,2024-07-18 05:00:00,1.0930436775031447,時間切れ,time,6,0.0018626314749126637,1.0914023752844864,1.0914023752844864,-0.0011526449937107053,-0.41255074133393327,0.3240992709912796,0.9697691256613781,False
USDCHF,売り,-1,2024-07-17 01:00:00,2024-07-17 05:00:00,0.8873436570334298,2024-07-18 09:00:00,0.8860173249318843,トレイル,trail,8,0.001960490982657052,0.8902843935074154,0.8859209819653141,0.0013263321015454244,0.4510203866543156,2.7256728445583085,0.8805666447037408,True
USDJPY,売り,-1,2024-07-17 01:00:00,2024-07-17 05:00:00,156.2442073498155,2024-07-18 13:00:00,157.1726932724989,初期損切り,initial,9,0.617795514999259,157.17090062231438,157.17090062231438,-0.928485922683393,-1.0019344590467032,1.421517846105659,1.4999999999999871,False
GBPUSD,売り,-1,2024-07-18 21:00:00,2024-07-19 01:00:00,1.2937737570146255,2024-07-21 17:00:00,1.29384,建値,breakeven,5,0.002193649228444742,1.2970642308572926,1.2937737570146255,-6.624298537460938e-05,-0.020131746533172783,1.6792826158616299,0.24445247600263167,True
SP500,売り,-1,2024-07-17 05:00:00,2024-07-17 09:00:00,5658.500569348069,2024-07-22 05:00:00,5580.673207279888,トレイル,trail,18,19.136888313978623,5687.205901819037,5580.523776627957,77.82736206818117,2.711251024418351,6.074685050189333,0.7289288845220203,True
USDCHF,買い,1,2024-07-23 05:00:00,2024-07-23 09:00:00,0.8914963429665702,2024-07-24 01:00:00,0.8889149428658286,初期損切り,initial,5,0.0016567047561142083,0.8890112858323989,0.8890112858323989,-0.002581400100741593,-1.0387689141008052,0.5454544813098042,1.5000000000000246,False
EURUSD,売り,-1,2024-07-23 05:00:00,2024-07-23 09:00:00,1.0855736775031446,2024-07-24 05:00:00,1.0856,建値,breakeven,6,0.0015367919113616444,1.087878865370187,1.0855736775031446,-2.632249685530219e-05,-0.011418807651921964,1.9545115255605519,0.15377651008454146,True
USDJPY,売り,-1,2024-07-22 01:00:00,2024-07-22 05:00:00,156.79420734981548,2024-07-25 05:00:00,153.08716738450943,トレイル,trail,19,0.5711873671624578,157.65098840055916,153.08537473432492,3.707039965306052,4.326706294552545,8.493197904420182,0.6631670655923056,True
AUDUSD,売り,-1,2024-07-18 13:00:00,2024-07-18 17:00:00,0.6703557478820956,2024-07-25 09:00:00,0.6548450337316263,トレイル,trail,29,0.0017253908068609874,0.6729438340923871,0.6548007816137219,0.01551071415046934,5.993121128960561,11.015329284542146,0.32702858718187283,True
SP500,売り,-1,2024-07-23 17:00:00,2024-07-23 21:00:00,5581.470569348069,2024-07-25 09:00:00,5495.695726897718,トレイル,trail,10,22.263148122892982,5614.865291532408,5495.546296245787,85.77484245035157,2.568514928103695,5.859484410200174,0.07139289749848342,True
USDCHF,売り,-1,2024-07-24 05:00:00,2024-07-24 09:00:00,0.8846936570334297,2024-07-25 09:00:00,0.881415203796017,トレイル,trail,7,0.0018044304147234074,0.8874003026555148,0.8813188608294468,0.003278453237412715,1.2112606137507955,3.870283373881296,0.7682994895554114,True
GBPUSD,売り,-1,2024-07-25 05:00:00,2024-07-25 09:00:00,1.2874637570146255,2024-07-29 09:00:00,1.2854267768493153,トレイル,trail,13,0.0023452669319703606,1.290981657412581,1.2853605338639407,0.002036980165310176,0.5790329272807113,2.8967947835761914,0.7573734832316886,True
EURUSD,売り,-1,2024-07-29 01:00:00,2024-07-29 05:00:00,1.0832036775031446,2024-07-30 01:00:00,1.08323,建値,breakeven,6,0.001751880764673551,1.085831498650155,1.0832036775031446,-2.632249685530219e-05,-0.010016852511157127,1.6802955786167022,0.5630077781230548,True
USDJPY,買い,1,2024-07-30 05:00:00,2024-07-30 09:00:00,154.94379265018452,2024-07-30 09:00:00,153.96208163002973,初期損切り,initial,1,0.6532789133135134,153.96387428021424,153.96387428021424,-0.9817110201547905,-1.0018293872627113,0.0,1.5000000000000122,False
EURUSD,売り,-1,2024-07-30 05:00:00,2024-07-30 09:00:00,1.0801836775031446,2024-07-30 21:00:00,1.0828882576870429,初期損切り,initial,4,0.001785505124695339,1.0828619351901876,1.0828619351901876,-0.0027045801838982975,-1.0098282166733368,0.2036832592158718,1.4999999999999925,False
USDJPY,売り,-1,2024-07-30 13:00:00,2024-07-30 17:00:00,152.7902073498155,2024-07-30 21:00:00,153.90190920676008,初期損切り,initial,2,0.7399394711733869,153.90011655657557,153.90011655657557,-1.1117018569445918,-1.0016151322771207,0.9246801616495564,1.4999999999999987,False
AUDUSD,売り,-1,2024-07-30 21:00:00,2024-07-31 01:00:00,0.6493957478820956,2024-07-31 05:00:00,0.6523669775259421,初期損切り,initial,2,0.0019513183506280492,0.6523227254080377,0.6523227254080377,-0.0029712296438464403,-1.0151187077837653,0.7357835186829218,1.4999999999999953,False
EURUSD,買い,1,2024-07-31 05:00:00,2024-07-31 09:00:00,1.0840963224968554,2024-07-31 09:00:00,1.081466703156989,初期損切り,initial,1,0.001735531228674067,1.0814930256538442,1.0814930256538442,-0.0026296193398664958,-1.0101112160628403,0.0,1.5000000000000535,False
GBPUSD,売り,-1,2024-08-01 01:00:00,2024-08-01 05:00:00,1.2778837570146253,2024-08-01 05:00:00,1.2821341227027947,初期損切り,initial,1,0.0027894151351965666,1.28206787971742,1.28206787971742,-0.0042503656881693885,-1.0158319891838474,-0.0,1.4999999999999747,False
EURUSD,売り,-1,2024-08-01 01:00:00,2024-08-01 05:00:00,1.0784136775031448,2024-08-01 09:00:00,1.0815761964503856,初期損切り,initial,2,0.0020907976335903227,1.0815498739535303,1.0815498739535303,-0.0031625189472408444,-1.0083931275581046,0.33177649142139454,1.5000000000000278,False
SP500,買い,1,2024-07-31 05:00:00,2024-07-31 09:00:00,5541.569430651931,2024-08-01 09:00:00,5541.42,建値,breakeven,7,32.37166962550969,5493.011926213666,5541.569430651931,-0.1494306519307429,-0.003077395629355857,1.697489501893569,0.38828490458909753,True
USDCHF,売り,-1,2024-07-31 17:00:00,2024-07-31 21:00:00,0.8773636570334298,2024-08-05 01:00:00,0.8534479463086552,トレイル,trail,14,0.0022958016710424678,0.8808073595399935,0.8533516033420849,0.023915710724774608,6.944766767510036,12.459114998571106,0.15521504800036148,True
AUDUSD,売り,-1,2024-08-05 01:00:00,2024-08-05 05:00:00,0.6449657478820956,2024-08-05 09:00:00,0.6502243132560169,初期損切り,initial,2,0.00347620883734464,0.6501800611381126,0.6501800611381126,-0.005258565373921331,-1.0084866627169564,0.4015143932381769,1.499999999999999,False
EURUSD,買い,1,2024-08-02 05:00:00,2024-08-02 09:00:00,1.0891263224968553,2024-08-05 09:00:00,1.0956858886707974,トレイル,trail,7,0.00257889441617368,1.0852579808725948,1.0957122111676527,0.006559566173942155,1.6957049844831362,4.553764368751829,0.26225288348904374,True
SP500,売り,-1,2024-08-02 01:00:00,2024-08-02 05:00:00,5431.330569348069,2024-08-05 09:00:00,5196.518130097624,トレイル,trail,8,38.06434972284655,5488.427093932339,5196.368699445693,234.8124392504451,4.112552225554132,8.172754076010126,0.013908832169358806,True
USDJPY,売り,-1,2024-08-02 05:00:00,2024-08-02 09:00:00,147.44220734981548,2024-08-05 09:00:00,143.80986804475387,トレイル,trail,7,1.0600376972846857,149.03226389574252,143.80807539456936,3.632339305061606,2.2844088874486497,5.428304450450244,0.6837423348632798,True
GBPUSD,売り,-1,2024-08-06 05:00:00,2024-08-06 09:00:00,1.2678937570146254,2024-08-07 09:00:00,1.2723262429853746,時間切れ,time,6,0.00419549489015217,1.2741869993498536,1.2741869993498536,-0.004432485970749189,-0.7043246922078719,-0.0,1.3624716833267827,False
USDCHF,買い,1,2024-08-06 21:00:00,2024-08-07 01:00:00,0.8590063429665702,2024-08-07 17:00:00,0.85891,建値,breakeven,5,0.004309650669482265,0.8525418669623468,0.8590063429665702,-9.634296657023977e-05,-0.014903445616829053,1.6807991155116018,1.0085139840562436,True
AUDUSD,買い,1,2024-08-06 21:00:00,2024-08-07 01:00:00,0.6557642521179043,2024-08-08 01:00:00,0.6555057478820956,時間切れ,time,6,0.0036804446165003375,0.6502435851931538,0.6502435851931538,-0.00025850423580875415,-0.04682482014080874,0.45802832476761424,1.3678380311265996,False
USDJPY,買い,1,2024-08-06 21:00:00,2024-08-07 01:00:00,147.6247926501845,2024-08-08 01:00:00,146.1412073498155,時間切れ,time,6,1.5781741494841204,145.25753142595832,145.25753142595832,-1.4835853003690147,-0.6267095854003077,0.12179096323326158,1.3907163863391998,False
SP500,売り,-1,2024-08-07 17:00:00,2024-08-07 21:00:00,5209.850569348069,2024-08-08 09:00:00,5294.189777768534,初期損切り,initial,4,56.12651851235613,5294.040347116604,5294.040347116604,-84.33920842046518,-1.001774926313998,0.13310231145772064,1.5000000000000044,False
EURUSD,売り,-1,2024-08-08 05:00:00,2024-08-08 09:00:00,1.0897236775031447,2024-08-09 09:00:00,1.0912063224968553,時間切れ,time,6,0.002472996872837616,1.0934331728124012,1.0934331728124012,-0.0014826449937106467,-0.39968914100280833,0.6323006390826738,1.2844021485601995,False
AUDUSD,買い,1,2024-08-08 09:00:00,2024-08-08 13:00:00,0.6578142521179043,2024-08-09 13:00:00,0.6574057478820956,時間切れ,time,6,0.0032901953420008774,0.652878959104903,0.652878959104903,-0.0004085042358087376,-0.08277203293352438,0.8223669420339643,0.35385501372583084,False
GBPUSD,買い,1,2024-08-08 09:00:00,2024-08-08 13:00:00,1.2743062429853746,2024-08-09 13:00:00,1.2757537570146253,時間切れ,time,6,0.0036188831851047465,1.2688779182077174,1.2688779182077174,0.001447514029250696,0.26665943703454076,0.854892754582211,0.47148329970902586,False
USDCHF,買い,1,2024-08-08 13:00:00,2024-08-08 17:00:00,0.8668563429665702,2024-08-11 17:00:00,0.8643036570334297,時間切れ,time,6,0.004309935676749493,0.860391439451446,0.860391439451446,-0.0025526859331405083,-0.39485290494570546,0.07973600053561324,0.8413914356385732,False
SP500,買い,1,2024-08-09 01:00:00,2024-08-09 05:00:00,5369.409430651931,2024-08-12 05:00:00,5371.810569348069,時間切れ,time,6,50.98796961208404,5292.927476233805,5292.927476233805,2.4011386961383323,0.0313948396638942,0.31126105763402456,0.9745324442210073,False
EURUSD,買い,1,2024-08-12 21:00:00,2024-08-13 01:00:00,1.0939663224968552,2024-08-13 05:00:00,1.091388330459008,初期損切り,initial,2,0.0017011130273280085,1.0914146529558633,1.0914146529558633,-0.0025779920378472543,-1.0103157938096514,0.07858237577242545,1.4999999999999643,False
USDCHF,買い,1,2024-08-12 01:00:00,2024-08-12 05:00:00,0.8686163429665702,2024-08-13 05:00:00,0.8672136570334298,時間切れ,time,6,0.003197801700701592,0.8638196404155178,0.8638196404155178,-0.001402685933140413,-0.2924271243028539,0.8079478576995335,1.2934957679404155,False
GBPUSD,買い,1,2024-08-13 01:00:00,2024-08-13 05:00:00,1.2798762429853745,2024-08-14 01:00:00,1.2818663117643188,トレイル,trail,6,0.002688722625153249,1.2758431590476447,1.2819325547496934,0.001990068778944254,0.4934359933169197,2.7647913343987094,0.7052579420558591,True
AUDUSD,買い,1,2024-08-13 05:00:00,2024-08-13 09:00:00,0.6608142521179043,2024-08-14 09:00:00,0.66077,建値,breakeven,7,0.002208533892805277,0.6575014512786964,0.6608142521179043,-4.425211790437533e-05,-0.01335791677562963,1.57378063946341,0.6539415684809097,True
USDJPY,売り,-1,2024-08-13 09:00:00,2024-08-13 13:00:00,146.7332073498155,2024-08-14 13:00:00,146.94979265018452,時間切れ,time,6,0.7634180815213173,147.87833447209746,147.87833447209746,-0.2165853003690188,-0.189136468916581,0.8674242408509315,1.1170715900324122,False
USDCHF,売り,-1,2024-08-14 01:00:00,2024-08-14 05:00:00,0.8623736570334297,2024-08-15 05:00:00,0.8662763429665702,時間切れ,time,6,0.002698850107124545,0.8664219321941166,0.8664219321941166,-0.0039026859331404706,-0.9640367263173764,0.23849306477991075,1.484462940714713,False
USDJPY,買い,1,2024-08-15 05:00:00,2024-08-15 09:00:00,148.9597926501845,2024-08-16 05:00:00,147.81612970066652,初期損切り,initial,6,0.761246866222322,147.81792235085103,147.81792235085103,-1.1436629495179886,-1.0015699245225593,0.5782714771622224,1.4999999999999911,False
EURUSD,買い,1,2024-08-19 09:00:00,2024-08-19 13:00:00,1.1073663224968553,2024-08-22 01:00:00,1.113348915992039,トレイル,trail,16,0.0020123807555528675,1.104347751363526,1.1133752384888942,0.005982593495183597,1.9819289428456035,4.985973690842652,0.16215743266021126,True
AUDUSD,買い,1,2024-08-16 09:00:00,2024-08-16 13:00:00,0.6656342521179044,2024-08-22 09:00:00,0.6715665168456666,トレイル,trail,24,0.0022496155182145264,0.6622598288405827,0.671610768963571,0.005932264727762204,1.7580084773687672,4.656683685401488,0.07745862192604323,True
SP500,買い,1,2024-08-13 05:00:00,2024-08-13 09:00:00,5403.50943065193,2024-08-22 09:00:00,5613.430569348069,トレイル,trail,43,35.84358599647415,5349.74405165722,5613.58,209.92113869613877,3.9043924291278267,7.05037072387033,0.25358597359160573,True
USDCHF,売り,-1,2024-08-18 21:00:00,2024-08-19 01:00:00,0.8638136570334297,2024-08-23 09:00:00,0.8535063429665702,トレイル,trail,27,0.0026868717839969086,0.867843964709425,0.85341,0.010307314066859474,2.557450918263674,5.539399803919664,0.951419781842928,True
EURUSD,買い,1,2024-08-23 13:00:00,2024-08-25 17:00:00,1.1193963224968553,2024-08-26 09:00:00,1.1155227770695615,初期損切り,initial,5,0.0025648152869589677,1.1155490995664168,1.1155490995664168,-0.0038735454272937897,-1.0068419473815984,0.30165037890980456,1.500000000000014,False
SP500,買い,1,2024-08-26 01:00:00,2024-08-26 05:00:00,5663.489430651931,2024-08-26 09:00:00,5630.2940587564535,初期損切り,initial,2,22.030627495697782,5630.443489408384,5630.443489408384,-33.195371895477365,-1.0045219063614923,0.030438050309729816,1.4999999999999976,False
AUDUSD,買い,1,2024-08-23 09:00:00,2024-08-23 13:00:00,0.6782842521179043,2024-08-26 13:00:00,0.6781757478820957,時間切れ,time,6,0.0020935147160218307,0.6751439800438715,0.6751439800438715,-0.00010850423580865964,-0.03455249521399533,0.771787210154376,0.7806260473820877,False
USDCHF,売り,-1,2024-08-23 13:00:00,2024-08-25 17:00:00,0.8473636570334298,2024-08-26 17:00:00,0.8477163429665703,時間切れ,time,6,0.002584770702613751,0.8512408130873503,0.8512408130873503,-0.00035268593314052854,-0.09096511160129557,0.686195116509273,0.4744494222756825,False
USDJPY,売り,-1,2024-08-23 13:00:00,2024-08-25 17:00:00,144.16420734981548,2024-08-26 17:00:00,144.55579265018451,時間切れ,time,6,0.7719933312202995,145.32219734664594,145.32219734664594,-0.39158530036903016,-0.3381594844867778,0.9303284377861233,0.6370426146131843,False
GBPUSD,買い,1,2024-08-16 01:00:00,2024-08-16 05:00:00,1.2886462429853747,2024-08-28 05:00:00,1.3210093088012935,トレイル,trail,49,0.0027622241066659436,1.2845029068253757,1.3210755517866681,0.03236306581591886,7.810871376636582,13.740288821255792,0.1724128698411314,True
SP500,買い,1,2024-08-28 01:00:00,2024-08-28 05:00:00,5649.54943065193,2024-08-28 09:00:00,5620.035684995063,初期損切り,initial,2,19.576210003290804,5620.185115646994,5620.185115646994,-29.513745656867286,-1.0050888519587793,0.04753572565439141,1.5000000000000173,False
SP500,売り,-1,2024-08-28 13:00:00,2024-08-28 17:00:00,5576.290569348069,2024-08-29 01:00:00,5610.709704834491,初期損切り,initial,3,22.846469889660966,5610.5602741825605,5610.5602741825605,-34.41913548642242,-1.004360430084025,0.6596454253481278,1.50000000000001,False
USDCHF,売り,-1,2024-08-27 05:00:00,2024-08-27 09:00:00,0.8452436570334297,2024-08-29 01:00:00,0.844868914489692,トレイル,trail,11,0.002256285761560899,0.8486280856757711,0.8447725715231218,0.000374742543737705,0.11072549707487939,2.208788052618848,0.15350137490147173,True
SP500,買い,1,2024-08-29 09:00:00,2024-08-29 13:00:00,5658.289430651931,2024-08-29 13:00:00,5620.471853641502,初期損切り,initial,1,25.112097572332,5620.621284293433,5620.621284293433,-37.81757701042898,-1.0039670296092833,0.0,1.5000000000000093,False
GBPUSD,売り,-1,2024-08-29 05:00:00,2024-08-29 09:00:00,1.3160037570146255,2024-08-30 09:00:00,1.3156062429853745,時間切れ,time,6,0.0031679235812201952,1.3207556423864557,1.3207556423864557,0.0003975140292509227,0.08365396009075267,0.5094052849608015,1.264627407404616,False
USDJPY,買い,1,2024-08-29 05:00:00,2024-08-29 09:00:00,145.40279265018452,2024-08-30 09:00:00,145.6352073498155,時間切れ,time,6,0.5840691834128763,144.52668887506522,144.52668887506522,0.23241469963096506,0.26528215746965944,0.5927505844298921,1.282027320477903,False
AUDUSD,売り,-1,2024-08-30 05:00:00,2024-08-30 09:00:00,0.6784157478820956,2024-09-02 01:00:00,0.67846,建値,breakeven,5,0.0020117434623529353,0.681433363075625,0.6784157478820956,-4.425211790437533e-05,-0.014664599382739073,1.62334211255541,0.3997786660948389,True
SP500,買い,1,2024-09-02 09:00:00,2024-09-02 17:00:00,5667.4294306519305,2024-09-03 05:00:00,5632.470670260768,初期損切り,initial,4,23.20621982615416,5632.620100912699,5632.620100912699,-34.958760391162286,-1.004292833359633,0.07284983770446216,1.500000000000013,False
USDCHF,買い,1,2024-08-29 05:00:00,2024-08-29 09:00:00,0.8469963429665702,2024-09-03 09:00:00,0.8484236570334298,トレイル,trail,19,0.002696213610724333,0.8429520225504837,0.84852,0.0014273140668595863,0.35291814693572965,2.52341172315423,0.376951945694404,True
USDCHF,売り,-1,2024-09-03 17:00:00,2024-09-03 21:00:00,0.8483636570334298,2024-09-04 05:00:00,0.8516639149503381,初期損切り,initial,3,0.0021359433002254157,0.8515675719837679,0.8515675719837679,-0.0033002579169083557,-1.0300703882792097,0.5447977169183251,1.4999999999999964,False
AUDUSD,売り,-1,2024-09-02 21:00:00,2024-09-03 01:00:00,0.6741857478820956,2024-09-04 09:00:00,0.6729059453387956,トレイル,trail,9,0.0021508466104455727,0.6774120177977639,0.6728616932208912,0.0012798025433000682,0.3966817956193669,2.61559697226858,0.5320008002185336,True
EURUSD,売り,-1,2024-08-28 01:00:00,2024-08-28 05:00:00,1.1140936775031447,2024-09-04 09:00:00,1.1069289844237453,トレイル,trail,32,0.0021363309634450547,1.1172981739483123,1.10690266192689,0.007164693079399376,2.2358249422319743,5.36605877052792,0.21828195388944083,True
GBPUSD,売り,-1,2024-09-03 09:00:00,2024-09-03 13:00:00,1.3102637570146254,2024-09-04 09:00:00,1.31461064902763,初期損切り,initial,6,0.0028537660184198834,1.3145444060422553,1.3145444060422553,-0.004346892013004533,-1.0154749863740609,0.5129211733468945,1.5000000000000344,False
SP500,売り,-1,2024-09-03 09:00:00,2024-09-03 13:00:00,5570.550569348069,2024-09-04 09:00:00,5557.159417480009,トレイル,trail,6,25.10499341403934,5608.208059469128,5557.009986828079,13.391151868059751,0.3556039402788314,2.539358138704708,0.38754961976965624,True
USDCHF,売り,-1,2024-09-04 13:00:00,2024-09-04 17:00:00,0.8470836570334298,2024-09-05 09:00:00,0.84718,建値,breakeven,5,0.002256469673667581,0.8504683615439311,0.8470836570334298,-9.634296657023977e-05,-0.02846421785751945,1.6369185354156788,0.24655459502182706,True
USDJPY,売り,-1,2024-09-04 21:00:00,2024-09-05 01:00:00,143.5762073498155,2024-09-06 05:00:00,143.20946088971482,トレイル,trail,8,0.5743341197651491,144.4377085294632,143.2076682395303,0.36674646010067136,0.42570627732702304,2.641680683076767,1.1400901107046455,True
AUDUSD,買い,1,2024-09-06 05:00:00,2024-09-06 09:00:00,0.6750242521179044,2024-09-06 09:00:00,0.6718456669086011,初期損切り,initial,1,0.0020895553942658924,0.6718899190265055,0.6718899190265055,-0.003178585209303253,-1.0141185115346707,0.0,1.5000000000000187,False
EURUSD,買い,1,2024-09-05 01:00:00,2024-09-05 05:00:00,1.1099163224968553,2024-09-06 09:00:00,1.11164542985446,トレイル,trail,8,0.0019591238243424265,1.1069776367603417,1.1116717523513153,0.0017291073576046756,0.5883947834639957,2.896028026737456,1.1670127576662235,True
GBPUSD,買い,1,2024-09-05 13:00:00,2024-09-05 17:00:00,1.3179162429853746,2024-09-06 09:00:00,1.3185835922183693,トレイル,trail,5,0.002615082398128043,1.3139936193881825,1.318649835203744,0.0006673492329947184,0.17012828696396656,2.2805235578406298,1.0922191160856984,True
SP500,売り,-1,2024-09-05 09:00:00,2024-09-05 13:00:00,5506.270569348069,2024-09-09 05:00:00,5464.155438159491,トレイル,trail,11,29.23300375378005,5550.1200749787395,5464.00600750756,42.115131188578744,0.9604471152605597,3.445782383380433,0.8941753256728022,True
AUDUSD,売り,-1,2024-09-09 01:00:00,2024-09-09 05:00:00,0.6654257478820956,2024-09-10 05:00:00,0.6658242521179044,時間切れ,time,6,0.0023737129265394732,0.6689863172719048,0.6689863172719048,-0.00039850423580878314,-0.11192149125062738,0.41948959832616345,0.8148635398485948,False
EURUSD,売り,-1,2024-09-09 01:00:00,2024-09-09 05:00:00,1.1047336775031447,2024-09-10 05:00:00,1.1038063224968553,時間切れ,time,6,0.002413561495807154,1.1083540197468553,1.1083540197468553,0.0009273550062893765,0.25615119893716687,0.7845988206367733,0.4915236255285954,False
GBPUSD,売り,-1,2024-09-09 01:00:00,2024-09-09 05:00:00,1.3087537570146255,2024-09-10 05:00:00,1.3086362429853746,時間切れ,time,6,0.0031730436201108034,1.3135133224447917,1.3135133224447917,0.00011751402925086474,0.024690075380844407,0.9371938651513716,0.6354287008837584,False
USDCHF,買い,1,2024-09-09 01:00:00,2024-09-09 05:00:00,0.8483963429665703,2024-09-10 05:00:00,0.8480436570334298,時間切れ,time,6,0.0028655488038910417,0.8440980197607337,0.8440980197607337,-0.00035268593314052854,-0.08205198079605251,0.5177566794238724,0.5012453337454525,False
SP500,買い,1,2024-09-10 05:00:00,2024-09-10 09:00:00,5496.46943065193,2024-09-10 09:00:00,5450.392425359393,初期損切り,initial,1,30.618383093737837,5450.541856011324,5450.541856011324,-46.07700529253725,-1.003253615134259,0.0,1.499999999999992,False
USDJPY,売り,-1,2024-09-10 21:00:00,2024-09-11 01:00:00,141.09220734981548,2024-09-11 05:00:00,142.202879826753,初期損切り,initial,2,0.7392532178353229,142.20108717656848,142.20108717656848,-1.1106724769375091,-1.0016166316144228,0.518370891827274,1.5000000000000167,False
AUDUSD,買い,1,2024-09-11 21:00:00,2024-09-12 01:00:00,0.6690742521179044,2024-09-12 01:00:00,0.6658163576280993,初期損切り,initial,1,0.0021424282479338154,0.6658606097460037,0.6658606097460037,-0.003257894489805069,-1.0137700816653636,0.0,1.4999999999999862,False
EURUSD,売り,-1,2024-09-11 13:00:00,2024-09-11 17:00:00,1.1012336775031446,2024-09-12 09:00:00,1.1044911222954092,初期損切り,initial,5,0.002154081530272956,1.104464799798554,1.104464799798554,-0.003257444792264641,-1.0081465492323223,0.32667171286475316,1.4999999999999558,False
GBPUSD,売り,-1,2024-09-11 09:00:00,2024-09-11 13:00:00,1.3036037570146255,2024-09-12 09:00:00,1.3086933680898876,初期損切り,initial,6,0.003348912059925035,1.308627125104513,1.308627125104513,-0.005089611075262068,-1.0131869662324504,0.10861945853355306,1.499999999999972,False
USDCHF,買い,1,2024-09-11 05:00:00,2024-09-11 09:00:00,0.8504363429665702,2024-09-12 17:00:00,0.85034,建値,breakeven,9,0.0027053974802808104,0.846378246746149,0.8504363429665702,-9.634296657023977e-05,-0.02374092710897814,1.6794785485488524,1.1112389171953247,True
USDCHF,売り,-1,2024-09-17 01:00:00,2024-09-17 05:00:00,0.8431836570334298,2024-09-17 05:00:00,0.8466810065623084,初期損切り,initial,1,0.002267337708205574,0.8465846635957381,0.8465846635957381,-0.0034973495288785905,-1.0283277802630404,-0.0,1.4999999999999956,False
GBPUSD,買い,1,2024-09-12 13:00:00,2024-09-12 17:00:00,1.3124662429853746,2024-09-17 09:00:00,1.3167451646351573,トレイル,trail,17,0.0030992961897340393,1.3078172987007735,1.316811407620532,0.004278921649782719,0.9204071694203809,3.401984311647927,0.31821514466459366,True
USDJPY,売り,-1,2024-09-13 01:00:00,2024-09-13 05:00:00,140.70420734981548,2024-09-17 09:00:00,141.87704101861453,初期損切り,initial,14,0.7806940124096962,141.87524836843002,141.87524836843002,-1.1728336687990577,-1.0015308175853945,1.4400102113572983,1.5000000000000013,False
EURUSD,買い,1,2024-09-12 13:00:00,2024-09-12 17:00:00,1.1073063224968553,2024-09-18 09:00:00,1.1110536775031448,トレイル,trail,23,0.002116021834154899,1.104132289745623,1.11108,0.003747355006289421,1.1806289663628944,3.4657853642014382,0.1258599947111059,True
AUDUSD,買い,1,2024-09-16 01:00:00,2024-09-16 05:00:00,0.6738442521179043,2024-09-18 13:00:00,0.6747372607247216,トレイル,trail,15,0.002104243578686988,0.6706878867498739,0.674781512842626,0.0008930086068172916,0.2829230785073889,2.4454145585686002,0.3299295409220187,True
SP500,買い,1,2024-09-11 13:00:00,2024-09-11 17:00:00,5555.529430651931,2024-09-18 13:00:00,5677.690569348069,トレイル,trail,30,38.00237160879784,5498.525873238734,5677.84,122.16113869613855,2.1430441228542927,4.768927876756858,0.39811806504277847,True
EURUSD,売り,-1,2024-09-18 17:00:00,2024-09-18 21:00:00,1.1081336775031447,2024-09-18 21:00:00,1.1120935998365027,初期損切り,initial,1,0.0026223998910017876,1.1120672773396474,1.1120672773396474,-0.003959922333357957,-1.0066917068205592,-0.0,1.4999999999999898,False
USDCHF,買い,1,2024-09-18 17:00:00,2024-09-18 21:00:00,0.8500363429665703,2024-09-19 01:00:00,0.8456712374976815,初期損切り,initial,2,0.002845841668212368,0.8457675804642517,0.8457675804642517,-0.004365105468888797,-1.022569296492348,0.5108003897992062,1.500000000000002,False
USDJPY,買い,1,2024-09-18 17:00:00,2024-09-18 21:00:00,143.49079265018452,2024-09-19 01:00:00,142.23065984302934,初期損切り,initial,2,0.8388934379804326,142.23245249321386,142.23245249321386,-1.2601328071551734,-1.001424614937856,0.5438203818994792,1.5000000000000144,False
GBPUSD,買い,1,2024-09-20 05:00:00,2024-09-20 09:00:00,1.3321262429853746,2024-09-23 01:00:00,1.325905391023744,初期損切り,initial,5,0.004103072650837315,1.3259716340091185,1.3259716340091185,-0.006220851961630691,-1.0107631509378223,0.24707264552541688,1.5000000000000266,False
EURUSD,売り,-1,2024-09-23 01:00:00,2024-09-23 05:00:00,1.1092136775031447,2024-09-23 09:00:00,1.1136552565282036,初期損切り,initial,2,0.00294350435213574,1.1136289340313483,1.1136289340313483,-0.004441579025058928,-1.0059617140447394,0.0012493622243174153,1.5000000000000056,False
USDJPY,買い,1,2024-09-22 17:00:00,2024-09-22 21:00:00,144.12879265018452,2024-09-23 21:00:00,143.55120734981548,時間切れ,time,6,0.881645569505307,142.80632429592657,142.80632429592657,-0.5775853003690372,-0.43674791801965,0.37566949948075734,1.0909062365324242,False
USDCHF,売り,-1,2024-09-24 09:00:00,2024-09-24 13:00:00,0.8450236570334297,2024-09-25 05:00:00,0.8488548878927069,初期損切り,initial,5,0.0024899252618046006,0.8487585449261367,0.8487585449261367,-0.0038312308592771682,-1.0257954105552662,1.4071334136713738,1.500000000000011,False
AUDUSD,買い,1,2024-09-22 21:00:00,2024-09-23 01:00:00,0.6833642521179044,2024-09-25 09:00:00,0.6857100111265619,トレイル,trail,15,0.0025178683777668754,0.679587449551254,0.6857542632444663,0.002345759008657522,0.6210965405951842,2.9492200417090815,1.3242360670423823,True
EURUSD,買い,1,2024-09-24 17:00:00,2024-09-24 21:00:00,1.1193463224968554,2024-09-25 09:00:00,1.115280511324683,初期損切り,initial,4,0.0026929924502114002,1.1153068338215384,1.1153068338215384,-0.004065811172172307,-1.0065162942567578,0.5360867250226525,1.4999999999999645,False
GBPUSD,買い,1,2024-09-23 09:00:00,2024-09-23 13:00:00,1.3344262429853746,2024-09-25 09:00:00,1.3346218445512412,トレイル,trail,12,0.00414595623169209,1.3282073086378365,1.3346880875366158,0.00019560156586662103,0.03145258575435083,2.0631566125179317,0.30782837879927866,True
USDCHF,買い,1,2024-09-25 09:00:00,2024-09-25 13:00:00,0.8500463429665702,2024-09-26 01:00:00,0.845847449854877,初期損切り,initial,4,0.0027350334300819856,0.8459437928214473,0.8459437928214473,-0.004198893111693192,-1.0234836779959273,0.3304007269127504,1.4999999999999902,False
GBPUSD,売り,-1,2024-09-25 13:00:00,2024-09-25 17:00:00,1.3321137570146253,2024-09-26 05:00:00,1.3376169316337894,初期損切り,initial,4,0.003624621089192906,1.3375506886484148,1.3375506886484148,-0.005503174619164053,-1.0121838915470278,0.24106161530387468,1.5000000000000233,False
USDJPY,買い,1,2024-09-25 13:00:00,2024-09-25 17:00:00,144.75279265018452,2024-09-26 17:00:00,144.81920734981549,時間切れ,time,6,0.6867468451458155,143.7226723824658,143.7226723824658,0.06641469963096824,0.06447276275618619,0.6788634751084849,0.9345403691636279,False
EURUSD,買い,1,2024-09-27 05:00:00,2024-09-27 09:00:00,1.1199963224968552,2024-09-27 09:00:00,1.1154100988358966,初期損切り,initial,1,0.0030399341094021898,1.115436421332752,1.115436421332752,-0.0045862236609586216,-1.005772602499053,0.0,1.5000000000000113,False
SP500,買い,1,2024-09-19 01:00:00,2024-09-19 05:00:00,5756.50943065193,2024-09-30 05:00:00,5778.210569348069,トレイル,trail,43,27.49297402629545,5715.269969612487,5778.36,21.701138696138514,0.5262226554169227,2.666520154492997,0.8325556423993308,True
AUDUSD,買い,1,2024-09-27 05:00:00,2024-09-27 09:00:00,0.6924942521179044,2024-09-30 09:00:00,0.6927657478820957,時間切れ,time,6,0.002666098472567331,0.6884951044090534,0.6884951044090534,0.0002714957641912763,0.06788840621975434,0.6360409788100064,0.9580486783163562,False
EURUSD,買い,1,2024-09-30 01:00:00,2024-09-30 05:00:00,1.1205863224968553,2024-09-30 09:00:00,1.1159771837107986,初期損切り,initial,2,0.003055210859467555,1.1160035062076539,1.1160035062076539,-0.004609138786056732,-1.0057437381719676,0.004476778780212064,1.500000000000032,False
USDCHF,売り,-1,2024-09-27 05:00:00,2024-09-27 09:00:00,0.8407636570334298,2024-09-30 09:00:00,0.8437263429665702,時間切れ,time,6,0.0030105529771574983,0.8452794864991661,0.8452794864991661,-0.0029626859331404187,-0.6560668323770263,0.19387037459837397,1.3407314195085898,False
USDJPY,売り,-1,2024-09-27 01:00:00,2024-09-27 05:00:00,143.14420734981547,2024-09-30 09:00:00,143.146,建値,breakeven,8,0.8944129305308509,144.48582674561175,143.14420734981547,-0.0017926501845124676,-0.0013361838611825494,1.6750734461388805,0.3955585145381717,True
GBPUSD,売り,-1,2024-10-01 01:00:00,2024-10-01 05:00:00,1.3330937570146253,2024-10-04 01:00:00,1.3164801162796813,トレイル,trail,18,0.0036119366471533457,1.3385116619853552,1.3164138732943067,0.01661364073494398,3.0664326570322675,6.617989004171583,0.2259848566330582,True
AUDUSD,売り,-1,2024-10-03 01:00:00,2024-10-03 05:00:00,0.6850457478820956,2024-10-04 05:00:00,0.6841942521179044,時間切れ,time,6,0.0024607664061500603,0.6887368974913207,0.6887368974913207,0.0008514957641911902,0.23068579015683705,0.8313458266427577,0.19272537072968168,False
SP500,売り,-1,2024-10-01 17:00:00,2024-10-01 21:00:00,5755.250569348069,2024-10-04 05:00:00,5793.695650095444,初期損切り,initial,15,25.53043339696281,5793.546219443513,5793.546219443513,-38.44508074737496,-1.0039020267721874,1.1903663708147074,1.5,False
USDCHF,買い,1,2024-10-02 05:00:00,2024-10-02 09:00:00,0.8505163429665702,2024-10-07 05:00:00,0.8551925578223187,トレイル,trail,18,0.0027455496055554954,0.8463980185582369,0.855288900788889,0.0046762148557485395,1.1354653961417973,3.738288688232677,0.6943392910158386,True
GBPUSD,売り,-1,2024-10-04 05:00:00,2024-10-04 09:00:00,1.3078337570146255,2024-10-07 09:00:00,1.3079362429853747,時間切れ,time,6,0.004073971837189621,1.31394471477041,1.31394471477041,-0.00010248597074924426,-0.016770852433439655,0.4697521463343412,1.3834761777004712,False
USDJPY,買い,1,2024-10-02 05:00:00,2024-10-02 09:00:00,145.3747926501845,2024-10-08 01:00:00,147.51008468664193,トレイル,trail,23,0.8125613315867842,144.15595065280434,147.51187733682644,2.135292036457429,1.7519022490586178,4.630059545743571,0.09450689714035376,True
AUDUSD,売り,-1,2024-10-07 09:00:00,2024-10-07 13:00:00,0.6760857478820956,2024-10-09 01:00:00,0.676095048445784,トレイル,trail,10,0.002255398163939825,0.6794688451280053,0.6760507963278797,-9.300563688419139e-06,-0.0027491269131160183,2.0154968443154635,0.3743250887593271,True
USDCHF,買い,1,2024-10-09 09:00:00,2024-10-09 13:00:00,0.8600963429665702,2024-10-10 05:00:00,0.8567014562725618,初期損切り,initial,5,0.002199029151625484,0.856797799239132,0.856797799239132,-0.0033948866940084477,-1.0292077275704468,0.5519058410538485,1.499999999999992,False
USDJPY,買い,1,2024-10-09 09:00:00,2024-10-09 13:00:00,149.24179265018452,2024-10-10 05:00:00,148.42212735647726,初期損切り,initial,5,0.5452484290151719,148.42392000666177,148.42392000666177,-0.8196652937072599,-1.0021918451469176,0.5597583295503321,1.499999999999981,False
SP500,買い,1,2024-10-09 09:00:00,2024-10-09 13:00:00,5828.08943065193,2024-10-10 13:00:00,5828.99056934807,時間切れ,time,6,23.18745130342529,5793.308253696792,5793.308253696792,0.9011386961392418,0.025908803986178047,0.7793253821475453,0.6550711612572485,False
GBPUSD,売り,-1,2024-10-10 09:00:00,2024-10-10 13:00:00,1.3034737570146253,2024-10-11 05:00:00,1.3082931703639835,初期損切り,initial,5,0.0031687802426557565,1.308226927378609,1.308226927378609,-0.004819413349358204,-1.0139365897499728,0.4019707638538389,1.4999999999999871,False
USDJPY,買い,1,2024-10-14 05:00:00,2024-10-14 09:00:00,149.74279265018453,2024-10-15 01:00:00,149.07791964999845,初期損切り,initial,5,0.4420535666677102,149.07971230018296,149.07971230018296,-0.664873000186077,-1.0027035187884958,0.5411275190440532,1.4999999999999982,False
EURUSD,売り,-1,2024-10-01 01:00:00,2024-10-01 05:00:00,1.1102536775031446,2024-10-15 05:00:00,1.0910763224968554,最大保有,max,60,0.0031511658531648903,1.114980426282892,1.09367,0.019177355006289254,4.057197854148357,6.903374343592923,0.389164694591917,True
USDCHF,買い,1,2024-10-14 05:00:00,2024-10-14 09:00:00,0.8632363429665703,2024-10-15 09:00:00,0.8614636570334298,時間切れ,time,6,0.0020733984593092314,0.8601262452776064,0.8601262452776064,-0.0017726859331405054,-0.5699775731903423,0.46477175147065547,1.2329241179343418,False
SP500,買い,1,2024-10-11 09:00:00,2024-10-11 13:00:00,5853.449430651931,2024-10-15 13:00:00,5876.7939869001675,トレイル,trail,13,20.718291223950718,5822.371993816005,5876.943417552098,23.344556248236586,0.7511737976167281,3.133973195289787,0.2330998536379354,True
GBPUSD,買い,1,2024-10-15 05:00:00,2024-10-15 09:00:00,1.3088762429853746,2024-10-16 01:00:00,1.3045701997418566,初期損切り,initial,5,0.0028265335054289764,1.3046364427272312,1.3046364427272312,-0.004306043243518021,-1.0156240816409503,0.4895597423372246,1.4999999999999811,False
AUDUSD,売り,-1,2024-10-15 17:00:00,2024-10-15 21:00:00,0.6679457478820956,2024-10-16 21:00:00,0.6693642521179044,時間切れ,time,6,0.0021306583530027517,0.6711417354115997,0.6711417354115997,-0.001418504235808804,-0.443839102222308,0.974228401831889,1.006380077257556,False
SP500,買い,1,2024-10-17 05:00:00,2024-10-17 09:00:00,5918.8894306519305,2024-10-17 09:00:00,5892.550839537679,初期損切り,initial,1,17.459440308213583,5892.70027018961,5892.70027018961,-26.338591114251358,-1.005705820625521,0.0,1.5000000000000138,False
USDJPY,買い,1,2024-10-17 09:00:00,2024-10-17 13:00:00,150.21279265018453,2024-10-18 09:00:00,149.56875533929792,初期損切り,initial,6,0.42816310713472544,149.57054798948244,149.57054798948244,-0.6440373108866027,-1.0027912262945944,0.2573957166767396,1.5000000000000047,False
AUDUSD,買い,1,2024-10-18 01:00:00,2024-10-18 05:00:00,0.6712642521179044,2024-10-21 01:00:00,0.6681866959160615,初期損切り,initial,6,0.002022202722625673,0.6682309480339659,0.6682309480339659,-0.0030775562018429126,-1.0145887509724858,0.5171330601007829,1.5000000000000135,False
GBPUSD,買い,1,2024-10-18 01:00:00,2024-10-18 05:00:00,1.3042362429853747,2024-10-21 05:00:00,1.3026137570146255,時間切れ,time,6,0.0028892604267279067,1.2999023523452828,1.2999023523452828,-0.00162248597074921,-0.3743716917404313,0.8527292977239582,1.0508720353787213,False
AUDUSD,売り,-1,2024-10-21 17:00:00,2024-10-21 21:00:00,0.6654957478820956,2024-10-21 21:00:00,0.6683631979915959,初期損切り,initial,1,0.0018821319943973138,0.6683189458736916,0.6683189458736916,-0.0028674501095002913,-1.0156744649280884,-0.0,1.499999999999971,False
GBPUSD,売り,-1,2024-10-22 05:00:00,2024-10-22 09:00:00,1.2955137570146253,2024-10-23 01:00:00,1.299585934683588,初期損切り,initial,5,0.0026706231223921316,1.2995196916982135,1.2995196916982135,-0.004072177668962729,-1.0165362120470711,0.40206235227362347,1.4999999999999707,False
SP500,売り,-1,2024-10-23 09:00:00,2024-10-23 13:00:00,5838.49056934807,2024-10-23 17:00:00,5844.809430651931,トレイル,trail,2,17.721810046941716,5865.073284418482,5836.503620093884,-6.318861303861013,-0.23770564019226578,2.1121188664658237,0.46775304723236677,True
USDJPY,買い,1,2024-10-21 09:00:00,2024-10-21 13:00:00,150.5187926501845,2024-10-23 21:00:00,152.3231344075978,トレイル,trail,15,0.4320364711088461,149.87073794352125,152.3249270577823,1.8043417574132832,2.7842429641527526,6.180513749133832,0.0504416910187286,True
EURUSD,売り,-1,2024-10-22 09:00:00,2024-10-22 13:00:00,1.0807336775031446,2024-10-24 01:00:00,1.0795391256489633,トレイル,trail,10,0.0016964015760539458,1.0832782798672256,1.079512803152108,0.0011945518541813804,0.46944539195727697,2.7196847540525746,0.08625463387966643,True
GBPUSD,売り,-1,2024-10-23 09:00:00,2024-10-23 13:00:00,1.2927937570146253,2024-10-24 01:00:00,1.2970908953744107,初期損切り,initial,4,0.002820596916273804,1.297024652389036,1.297024652389036,-0.004297138359785402,-1.0156569660822499,0.731673853402533,1.5000000000000306,False
USDCHF,買い,1,2024-10-16 09:00:00,2024-10-16 13:00:00,0.8647163429665703,2024-10-25 01:00:00,0.8649836570334297,トレイル,trail,40,0.001969245588092972,0.8617624745844308,0.86508,0.0002673140668594254,0.09049626871519996,1.9772328332091562,0.8715738539408999,True
EURUSD,買い,1,2024-10-25 05:00:00,2024-10-25 09:00:00,1.0838763224968553,2024-10-25 09:00:00,1.0812452784288333,初期損切り,initial,1,0.0017364810474444598,1.0812716009256886,1.0812716009256886,-0.0026310440680219482,-1.010105685439334,0.0,1.499999999999975,False
SP500,買い,1,2024-10-25 05:00:00,2024-10-25 09:00:00,5871.529430651931,2024-10-25 13:00:00,5871.38,建値,breakeven,2,17.72496996773251,5844.9419757003325,5871.529430651931,-0.1494306519307429,-0.005620344339192093,1.641219669259078,0.10321205932994121,True
GBPUSD,買い,1,2024-10-25 05:00:00,2024-10-25 09:00:00,1.2992662429853745,2024-10-27 17:00:00,1.2953549032860558,初期損切り,initial,3,0.002563397809295991,1.2954211462714305,1.2954211462714305,-0.003911339699318672,-1.0172279113642213,0.23552997214715427,1.5000000000000298,False
USDCHF,買い,1,2024-10-27 17:00:00,2024-10-27 21:00:00,0.8692963429665702,2024-10-28 05:00:00,0.8668971613494656,初期損切り,initial,3,0.0015352257670228921,0.8669935043160358,0.8669935043160358,-0.0023991816171046176,-1.0418366117608477,0.4583410782599839,1.5000000000000258,False
USDJPY,買い,1,2024-10-27 17:00:00,2024-10-27 21:00:00,153.4697926501845,2024-10-28 05:00:00,152.70133114126472,初期損切り,initial,3,0.5111125724901835,152.70312379144923,152.70312379144923,-0.7684615089197848,-1.0023382326855779,0.798664270430022,1.4999999999999944,False
EURUSD,売り,-1,2024-10-29 05:00:00,2024-10-29 09:00:00,1.0777236775031447,2024-10-29 09:00:00,1.0806806788190717,初期損切り,initial,1,0.001953785879381115,1.0806543563222164,1.0806543563222164,-0.0029570013159270214,-1.0089817064510969,-0.0,1.500000000000024,False
AUDUSD,売り,-1,2024-10-23 05:00:00,2024-10-23 09:00:00,0.6634257478820956,2024-10-30 01:00:00,0.6577852486564454,トレイル,trail,29,0.0020354982692705258,0.6664789952860014,0.657740996538541,0.005640499225650242,1.847377064313484,4.792805785873689,1.3481967336124956,True
GBPUSD,買い,1,2024-10-29 13:00:00,2024-10-29 17:00:00,1.3015662429853747,2024-10-30 05:00:00,1.297713514369518,初期損切り,initial,4,0.0025243237536547542,1.2977797573548926,1.2977797573548926,-0.0038527286158567264,-1.0174945825335564,0.36990382603395183,1.4999999999999942,False
SP500,買い,1,2024-10-29 17:00:00,2024-10-29 21:00:00,5890.58943065193,2024-10-30 09:00:00,5862.107749461197,初期損切り,initial,4,18.888167025868025,5862.257180113128,5862.257180113128,-28.48168119073307,-1.0052742245705608,0.12127007056496002,1.5000000000000153,False
USDCHF,売り,-1,2024-10-31 13:00:00,2024-10-31 17:00:00,0.8638036570334298,2024-11-01 01:00:00,0.8667075215585848,初期損切り,initial,3,0.0018716810390564766,0.8666111785920145,0.8666111785920145,-0.002903864525155009,-1.0343160202192216,0.31183573549689775,1.5000000000000289,False
GBPUSD,売り,-1,2024-10-31 09:00:00,2024-10-31 13:00:00,1.2863437570146254,2024-11-01 05:00:00,1.2928020783033147,初期損切り,initial,5,0.004261385535543073,1.2927358353179401,1.2927358353179401,-0.006458321288689284,-1.0103632937882385,0.1933073193576859,1.5000000000000153,False
EURUSD,買い,1,2024-10-30 01:00:00,2024-10-30 05:00:00,1.0834763224968553,2024-11-01 09:00:00,1.0863961053958642,トレイル,trail,14,0.0020737860536403263,1.0803656434163948,1.0864224278927195,0.0029197828990088492,0.9386319911138563,3.4206409531458,1.2857268917277231,True
SP500,売り,-1,2024-10-30 17:00:00,2024-10-30 21:00:00,5831.790569348069,2024-11-01 09:00:00,5773.823460348837,トレイル,trail,10,20.62701484845326,5862.731091620749,5773.6740296969065,57.96710899923164,1.8735013096535833,4.817496379294079,0.3049123054469847,True
AUDUSD,買い,1,2024-11-01 05:00:00,2024-11-01 09:00:00,0.6585342521179044,2024-11-04 01:00:00,0.65849,建値,breakeven,5,0.0021025909789983985,0.6553803656494068,0.6585342521179044,-4.425211790437533e-05,-0.01403097998180496,1.5960060304711026,1.4906618306702055,True
USDCHF,買い,1,2024-11-01 13:00:00,2024-11-03 17:00:00,0.8675963429665703,2024-11-04 01:00:00,0.8639418489264583,初期損切り,initial,3,0.002372100715694458,0.8640381918930286,0.8640381918930286,-0.0036544940401119774,-1.0270766936476345,0.216540988344747,1.5000000000000213,False
USDJPY,売り,-1,2024-10-31 01:00:00,2024-10-31 05:00:00,152.3972073498155,2024-11-04 17:00:00,152.399,建値,breakeven,16,0.5725076659437577,153.25596884873113,152.3972073498155,-0.0017926501845124676,-0.002087483179877135,1.5060188729423822,1.2205821716510667,True
USDCHF,売り,-1,2024-11-04 05:00:00,2024-11-04 09:00:00,0.8630836570334297,2024-11-05 09:00:00,0.8633163429665702,時間切れ,time,6,0.0024492245038772774,0.8667574937892456,0.8667574937892456,-0.00023268593314051955,-0.06333594784040499,0.6384294420353818,0.6191114633100644,False
AUDUSD,買い,1,2024-11-05 05:00:00,2024-11-05 09:00:00,0.6626742521179044,2024-11-05 17:00:00,0.6594225659793739,初期損切り,initial,3,0.0021382893470840926,0.6594668180972783,0.6594668180972783,-0.0032516861385305518,-1.0137967352157018,0.6995067735502248,1.5000000000000175,False
EURUSD,買い,1,2024-11-05 09:00:00,2024-11-05 13:00:00,1.0930363224968553,2024-11-05 17:00:00,1.0894905407796485,初期損切り,initial,2,0.002346306146901078,1.0895168632765038,1.0895168632765038,-0.003545781717206875,-1.0074791310844136,0.25728846337547345,1.4999999999999813,False
GBPUSD,買い,1,2024-11-05 09:00:00,2024-11-05 13:00:00,1.3034262429853747,2024-11-05 17:00:00,1.2980358534241343,初期損切り,initial,2,0.0035494310505771744,1.298102096409509,1.298102096409509,-0.005390389561240383,-1.0124419912995821,0.28842848333649207,1.5000000000000033,False
AUDUSD,売り,-1,2024-11-05 21:00:00,2024-11-06 01:00:00,0.6547357478820957,2024-11-06 01:00:00,0.658927978786524,初期損切り,initial,1,0.002765319191015953,0.6588837266686196,0.6588837266686196,-0.004192230904428329,-1.0106683568508517,-0.0,1.5000000000000087,False
SP500,買い,1,2024-11-05 09:00:00,2024-11-05 13:00:00,5807.269430651931,2024-11-06 09:00:00,5904.898296036778,トレイル,trail,6,24.276136655645427,5770.8552256684625,5905.047726688709,97.62886538484781,2.681065409204205,6.027753568195559,0.6018021260616585,True
GBPUSD,売り,-1,2024-11-05 21:00:00,2024-11-06 01:00:00,1.2888237570146255,2024-11-07 05:00:00,1.2955314850682134,初期損切り,initial,8,0.004427656712142155,1.2954652420828388,1.2954652420828388,-0.00670772805358788,-1.0099741224581975,1.2136796874718891,1.5000000000000089,False
USDJPY,買い,1,2024-11-05 17:00:00,2024-11-05 21:00:00,152.9337926501845,2024-11-07 05:00:00,153.4701730045223,トレイル,trail,9,0.6210171726465915,152.00226689121462,153.47196565470682,0.5363803543378083,0.5758083973232858,2.8665992314331357,0.09306127548486375,True
USDCHF,買い,1,2024-11-05 17:00:00,2024-11-05 21:00:00,0.8692063429665703,2024-11-07 09:00:00,0.872372730957658,トレイル,trail,10,0.002500463037885881,0.8654556484097414,0.8724690739242282,0.0031663879910877046,0.8442137697730463,3.3048507049384463,0.3304759774689226,True
AUDUSD,買い,1,2024-11-07 05:00:00,2024-11-07 09:00:00,0.6663442521179044,2024-11-08 05:00:00,0.6615221479460349,初期損切り,initial,6,0.0031852347026434242,0.6615664000639393,0.6615664000639393,-0.004822104171869457,-1.0092619272017005,0.7709786283747153,1.4999999999999827,False
SP500,買い,1,2024-11-08 09:00:00,2024-11-08 13:00:00,6024.749430651931,2024-11-12 09:00:00,5989.837494748899,初期損切り,initial,12,23.17500350073403,5989.98692540083,5989.98692540083,-34.91193590303192,-1.0042986157312739,1.2302293437481504,1.5000000000000058,False
EURUSD,売り,-1,2024-11-11 01:00:00,2024-11-11 05:00:00,1.0681036775031447,2024-11-14 09:00:00,1.0572588739267124,トレイル,trail,20,0.0037862757149284654,1.0737830910755375,1.057232551429857,0.01084480357643236,1.9094935486206404,4.871192404299892,0.19975367717495685,True
GBPUSD,売り,-1,2024-11-11 05:00:00,2024-11-11 09:00:00,1.2866137570146254,2024-11-14 09:00:00,1.2715318354546752,トレイル,trail,19,0.004232796234650318,1.292962951366601,1.2714655924693006,0.015081921559950251,2.3754071341756435,5.578760636129778,0.282612939309914,True
USDJPY,買い,1,2024-11-12 09:00:00,2024-11-12 13:00:00,154.7877926501845,2024-11-15 01:00:00,155.64816407560417,トレイル,trail,16,0.5505216371056652,153.96201019452602,155.64995672578868,0.8603714254196575,1.0418862976854815,3.5660857221469753,0.8097640858009311,True
USDCHF,買い,1,2024-11-11 01:00:00,2024-11-11 05:00:00,0.8784563429665703,2024-11-15 09:00:00,0.8865158356981759,トレイル,trail,26,0.002588910667626907,0.8745729769651299,0.8866121786647462,0.008059492731605666,2.0753883946597766,5.150296300355483,0.08356524976914591,True
AUDUSD,売り,-1,2024-11-11 21:00:00,2024-11-12 01:00:00,0.6550157478820956,2024-11-18 09:00:00,0.6482042521179043,トレイル,trail,27,0.002606363801380524,0.6589252935841664,0.64816,0.006811495764191267,1.742272960406472,4.207297490967037,0.2932254190683682,True
SP500,売り,-1,2024-11-14 13:00:00,2024-11-14 17:00:00,5970.95056934807,2024-11-18 09:00:00,5922.756460615132,トレイル,trail,11,22.82351498160073,6005.185841820471,5922.607029963201,48.19410873293782,1.4077325884229401,4.118146106059495,0.02494929691547794,True
GBPUSD,売り,-1,2024-11-15 09:00:00,2024-11-15 13:00:00,1.2626537570146255,2024-11-18 13:00:00,1.2666162429853747,時間切れ,time,6,0.003835182238601394,1.2684065303725276,1.2684065303725276,-0.003962485970749219,-0.6887957727912732,0.754529207373664,1.0967517900553705,False
EURUSD,買い,1,2024-11-18 13:00:00,2024-11-18 17:00:00,1.0600063224968552,2024-11-19 01:00:00,1.0551566200138605,初期損切り,initial,3,0.0032155866574263363,1.0551829425107158,1.0551829425107158,-0.004849702482994767,-1.0054572720645902,0.029132321136011496,1.4999999999999876,False
SP500,売り,-1,2024-11-19 05:00:00,2024-11-19 09:00:00,5861.830569348069,2024-11-19 09:00:00,5900.08766105757,初期損切り,initial,1,25.405107371713406,5899.938230405639,5899.938230405639,-38.257091709500855,-1.003921275874292,-0.0,1.5000000000000002,False
USDJPY,売り,-1,2024-11-19 01:00:00,2024-11-19 05:00:00,153.7602073498155,2024-11-19 13:00:00,154.77359783656775,初期損切り,initial,3,0.6743985577118335,154.77180518638323,154.77180518638323,-1.0133904867522574,-1.0017720976851725,0.5192884026972265,1.499999999999992,False
GBPUSD,買い,1,2024-11-19 17:00:00,2024-11-19 21:00:00,1.2690662429853745,2024-11-20 09:00:00,1.263925022324578,初期損切り,initial,4,0.0033833184502813306,1.2639912653099525,1.2639912653099525,-0.005141220660796586,-1.0130528624185686,0.7193402129862139,1.4999999999999942,False
SP500,買い,1,2024-11-19 13:00:00,2024-11-19 17:00:00,5938.46943065193,2024-11-20 09:00:00,5895.35109837383,初期損切り,initial,5,28.645934417446767,5895.50052902576,5895.50052902576,-43.11833227810075,-1.0034776465368058,0.6650357104939563,1.4999999999999951,False
USDJPY,買い,1,2024-11-20 01:00:00,2024-11-20 05:00:00,155.75879265018452,2024-11-21 01:00:00,154.76173869752057,初期損切り,initial,6,0.663507534986289,154.76353134770508,154.76353134770508,-0.997053952663947,-1.0018011854575755,0.19322666745319225,1.5000000000000016,False
SP500,買い,1,2024-11-21 05:00:00,2024-11-21 09:00:00,5962.709430651931,2024-11-21 09:00:00,5916.99312555705,初期損切り,initial,1,30.377916295300107,5917.142556208981,5917.142556208981,-45.716305094881136,-1.0032793702389675,0.0,1.5000000000000075,False
EURUSD,売り,-1,2024-11-21 09:00:00,2024-11-21 13:00:00,1.0487136775031447,2024-11-22 05:00:00,1.0402163224968553,トレイル,trail,5,0.0033436824782656226,1.053729201220543,1.0399273649565313,0.008497355006289453,1.6942109109788148,4.627735319883306,0.3308694841829373,True
GBPUSD,売り,-1,2024-11-21 09:00:00,2024-11-21 13:00:00,1.2599337570146254,2024-11-24 17:00:00,1.2594062429853745,トレイル,trail,8,0.003330089379546124,1.2649288910839447,1.2553601787590922,0.0005275140292508862,0.10560557973627803,3.3734100602899098,0.1970646762232378,True
USDCHF,買い,1,2024-11-21 13:00:00,2024-11-21 17:00:00,0.8867363429665702,2024-11-24 17:00:00,0.8904336570334298,トレイル,trail,7,0.0020561802883206403,0.8836520725340893,0.8916676394233587,0.0036973140668595805,1.1987645531735986,4.398280192062385,0.761773165255612,True
AUDUSD,買い,1,2024-11-24 17:00:00,2024-11-24 21:00:00,0.6536342521179044,2024-11-25 01:00:00,0.6499216768671285,初期損切り,initial,2,0.002445548755247617,0.6499659289850329,0.6499659289850329,-0.0037125752507758403,-1.0120633096653553,0.13320032217579872,1.500000000000016,False
USDJPY,売り,-1,2024-11-24 17:00:00,2024-11-24 21:00:00,153.77020734981548,2024-11-25 01:00:00,154.71053963431646,初期損切り,initial,2,0.6256930895443072,154.70874698413195,154.70874698413195,-0.9403322845009825,-1.001910042068524,0.3487450212601948,1.5000000000000147,False
EURUSD,買い,1,2024-11-25 05:00:00,2024-11-25 09:00:00,1.0528663224968553,2024-11-25 17:00:00,1.0465661161307156,初期損切り,initial,3,0.004182589246189547,1.046592438627571,1.046592438627571,-0.0063002063661397045,-1.004195566479044,0.041523920452600206,1.5000000000000198,False
SP500,買い,1,2024-11-22 09:00:00,2024-11-22 13:00:00,5989.149430651931,2024-11-25 17:00:00,5989.0,建値,breakeven,8,29.908763341935988,5944.286285639027,5989.149430651931,-0.1494306519307429,-0.003330810889155501,1.6921652282796613,0.5399564825633273,True
AUDUSD,売り,-1,2024-11-25 17:00:00,2024-11-25 21:00:00,0.6467357478820956,2024-11-26 21:00:00,0.6473442521179044,時間切れ,time,6,0.0028490925950507375,0.6510093867746718,0.6510093867746718,-0.0006085042358087156,-0.1423855059129517,0.6864458829779795,1.4265075571655899,False
SP500,買い,1,2024-11-26 13:00:00,2024-11-26 17:00:00,6037.569430651931,2024-11-27 17:00:00,6016.690569348069,時間切れ,time,6,25.230564102948694,5999.7235844975075,5999.7235844975075,-20.878861303861413,-0.551681714782358,0.34999492330164717,1.4605076010814981,False
USDJPY,売り,-1,2024-11-26 05:00:00,2024-11-26 09:00:00,153.43220734981549,2024-11-28 01:00:00,151.79700343872236,トレイル,trail,11,0.6696053942689246,154.43661544121886,151.79521078853784,1.6352039110931287,1.6280274174298779,4.444718300193684,0.432781236030691,True
EURUSD,買い,1,2024-11-27 05:00:00,2024-11-27 09:00:00,1.0572963224968552,2024-11-28 09:00:00,1.0533536775031447,時間切れ,time,6,0.0043025944154128455,1.050842430873736,1.050842430873736,-0.0039426449937105534,-0.6108942052245078,0.34250904474419336,1.0589709503023268,False
GBPUSD,買い,1,2024-11-27 05:00:00,2024-11-27 09:00:00,1.2663062429853746,2024-11-28 09:00:00,1.2663137570146255,時間切れ,time,6,0.004124602849758712,1.2601193387107366,1.2601193387107366,7.514029250810239e-06,0.0012145054969756757,0.7573473443165941,0.7215829241713991,False
AUDUSD,買い,1,2024-11-27 17:00:00,2024-11-27 21:00:00,0.6504842521179044,2024-11-28 21:00:00,0.6507357478820956,時間切れ,time,6,0.002504081761813348,0.6467281294751843,0.6467281294751843,0.0002514957641912563,0.06695621738515277,0.421610786914197,1.1118854665065347,False
USDJPY,売り,-1,2024-11-28 17:00:00,2024-11-28 21:00:00,149.9412073498155,2024-12-01 21:00:00,150.5357926501845,時間切れ,time,6,0.6644401367794368,150.93786755498465,150.93786755498465,-0.5945853003690047,-0.5965777476467925,0.7106845653610121,0.9252792180262202,False
USDCHF,売り,-1,2024-11-27 01:00:00,2024-11-27 05:00:00,0.8827836570334298,2024-12-02 05:00:00,0.8866860314964732,初期損切り,initial,19,0.0025373543309821366,0.8865896885299029,0.8865896885299029,-0.003902374463043423,-1.025313234180929,1.2665385335385466,1.4999999999999916,False
GBPUSD,買い,1,2024-11-28 17:00:00,2024-11-28 21:00:00,1.2702562429853745,2024-12-02 09:00:00,1.2652788854587969,初期損切り,initial,10,0.003274076360802082,1.2653451284441715,1.2653451284441715,-0.004977357526577686,-1.0134883812663702,1.439721159548833,1.4999999999999858,False
SP500,買い,1,2024-11-29 09:00:00,2024-11-29 13:00:00,6051.669430651931,2024-12-02 13:00:00,6060.770569348069,時間切れ,time,6,17.42139307438399,6025.537341040355,6025.537341040355,9.10113869613815,0.34827443313628204,0.7559997809494733,0.9017321740492684,False
AUDUSD,売り,-1,2024-12-02 05:00:00,2024-12-02 09:00:00,0.6469757478820957,2024-12-03 01:00:00,0.6503057603161736,初期損切り,initial,5,0.0021905068774490328,0.6502615081982692,0.6502615081982692,-0.0033300124340779336,-1.0134678472092324,1.2032593502582907,1.5000000000000042,False
EURUSD,売り,-1,2024-12-01 21:00:00,2024-12-02 01:00:00,1.0521736775031447,2024-12-03 01:00:00,1.0522,建値,breakeven,7,0.0031547832634637825,1.0569058523983403,1.0521736775031447,-2.632249685530219e-05,-0.00556245224199681,1.931567716146146,0.5218496357330371,True
USDJPY,売り,-1,2024-12-03 05:00:00,2024-12-03 09:00:00,148.85420734981548,2024-12-03 17:00:00,149.8746138858745,初期損切り,initial,3,0.6790759239163473,149.87282123569,149.87282123569,-1.0204065360590278,-1.001759891760132,0.30660393408549663,1.4999999999999916,False
USDJPY,買い,1,2024-12-04 05:00:00,2024-12-04 09:00:00,151.0777926501845,2024-12-04 09:00:00,150.05005919842017,初期損切り,initial,1,0.6839605343865471,150.05185184860468,150.05185184860468,-1.027733451764334,-1.0017473232195784,0.0,1.500000000000001,False
AUDUSD,売り,-1,2024-12-03 21:00:00,2024-12-04 01:00:00,0.6441557478820956,2024-12-04 13:00:00,0.6442,建値,breakeven,4,0.0025623445369310728,0.6479992646874922,0.6441557478820956,-4.425211790437533e-05,-0.011513444625048021,1.6413670454843816,0.3841216915673912,True
SP500,買い,1,2024-12-03 21:00:00,2024-12-04 01:00:00,6072.669430651931,2024-12-05 13:00:00,6082.678200589759,トレイル,trail,10,12.13118437915495,6054.472654083199,6082.82763124169,10.00876993782822,0.5500298308342324,2.8373626409647135,0.32391154310401465,True
EURUSD,買い,1,2024-12-04 09:00:00,2024-12-04 13:00:00,1.0537763224968553,2024-12-06 09:00:00,1.0559033368200257,トレイル,trail,12,0.0035351703415594806,1.048473566984516,1.055929659316881,0.0021270143231704175,0.4011149143536737,2.609118263612669,0.9267792440830399,True
GBPUSD,買い,1,2024-12-05 01:00:00,2024-12-05 05:00:00,1.2722762429853747,2024-12-06 09:00:00,1.2739738420990911,トレイル,trail,8,0.0035499574577670403,1.2669513067987241,1.2740400850844658,0.0016975991137164748,0.3188017760611479,2.4968628835909112,0.2580997085950864,True
USDCHF,売り,-1,2024-12-04 09:00:00,2024-12-04 13:00:00,0.8828636570334297,2024-12-06 09:00:00,0.8786323308911956,トレイル,trail,12,0.0024629939623126906,0.8865581479768988,0.8785359879246254,0.004231326142234093,1.1453069467429746,3.7570766209839888,0.9972996297010095,True
AUDUSD,売り,-1,2024-12-06 09:00:00,2024-12-06 13:00:00,0.6378757478820957,2024-12-09 01:00:00,0.6420022654693109,初期損切り,initial,4,0.0027215103128739033,0.6419580133514066,0.6419580133514066,-0.004126517587215273,-1.0108400882395059,0.1601125228276327,1.5000000000000155,False
AUDUSD,買い,1,2024-12-09 05:00:00,2024-12-09 09:00:00,0.6464342521179044,2024-12-09 17:00:00,0.6421654106122137,初期損切り,initial,3,0.0028163929251909347,0.642209662730118,0.642209662730118,-0.004268841505690735,-1.0104748920764393,0.25058573176461435,1.499999999999985,False
SP500,売り,-1,2024-12-09 09:00:00,2024-12-09 13:00:00,6072.010569348069,2024-12-11 05:00:00,6066.192089172743,トレイル,trail,11,13.131329260406568,6091.707563238679,6066.042658520812,5.818480175325931,0.295399399910449,2.454478804765836,0.8429786834534135,True
AUDUSD,売り,-1,2024-12-11 01:00:00,2024-12-11 05:00:00,0.6346657478820956,2024-12-11 17:00:00,0.638632403322736,初期損切り,initial,4,0.0026149355484906523,0.6385881512048316,0.6385881512048316,-0.003966655440640343,-1.0112818887460808,0.3769683282115983,1.499999999999996,False
EURUSD,売り,-1,2024-12-10 01:00:00,2024-12-10 05:00:00,1.0530936775031448,2024-12-12 01:00:00,1.05312,建値,breakeven,12,0.0029952478592416986,1.0575865492920073,1.0530936775031448,-2.632249685530219e-05,-0.005858724239706428,1.6972476876860771,0.2858937013219274,True
SP500,買い,1,2024-12-11 09:00:00,2024-12-11 13:00:00,6099.329430651931,2024-12-12 05:00:00,6078.658737039317,初期損切り,initial,5,13.680841973788716,6078.808167691248,6078.808167691248,-20.67069361261383,-1.0072817473377274,0.21859541640772853,1.500000000000001,False
EURUSD,売り,-1,2024-12-12 13:00:00,2024-12-12 17:00:00,1.0468836775031447,2024-12-13 05:00:00,1.0516179617049701,初期損切り,initial,4,0.0031386411366466764,1.0515916392081148,1.0515916392081148,-0.004734284201825423,-1.0055910601030633,0.49820206741294126,1.5000000000000338,False
SP500,売り,-1,2024-12-13 09:00:00,2024-12-13 13:00:00,6042.210569348069,2024-12-15 17:00:00,6123.50943065193,初期損切り,initial,2,15.094118631744076,6064.851747295685,6064.851747295685,-81.29886130386149,-3.5907522785236283,0.05105096672877369,5.3762284921537145,False
USDCHF,買い,1,2024-12-10 01:00:00,2024-12-10 05:00:00,0.8805463429665702,2024-12-16 01:00:00,0.8900819999020743,トレイル,trail,24,0.002205828565677744,0.8772376001180536,0.8901783428686445,0.009535656935504067,2.8819577017836595,6.3666130958435865,0.4879540429015673,True
GBPUSD,売り,-1,2024-12-12 09:00:00,2024-12-12 13:00:00,1.2702437570146254,2024-12-16 09:00:00,1.2678673798896827,トレイル,trail,12,0.0034805684521540285,1.2754646096928566,1.267801136904308,0.0023763771249427634,0.45517030864543384,2.7017876947099695,0.04201698296838884,True
USDJPY,買い,1,2024-12-09 05:00:00,2024-12-09 09:00:00,150.87879265018452,2024-12-17 09:00:00,153.28269217727052,トレイル,trail,37,0.5972575862724966,149.98290627077577,153.28448482745503,2.403899527085997,2.6832638405246105,6.027897229877813,0.301030333170988,True
AUDUSD,売り,-1,2024-12-17 01:00:00,2024-12-17 05:00:00,0.6341457478820957,2024-12-19 01:00:00,0.6242136983415139,トレイル,trail,12,0.002124723111804725,0.6373328325498028,0.6241694462236095,0.0099320495405818,3.116343171305613,6.695341996827238,0.6279651736696572,True
EURUSD,売り,-1,2024-12-18 09:00:00,2024-12-18 13:00:00,1.0474936775031447,2024-12-19 01:00:00,1.0394553478834803,トレイル,trail,4,0.002524512693312452,1.0512804465431134,1.039429025386625,0.008038329619664442,2.1227409263203785,5.194538153000122,0.7036298536191871,True
GBPUSD,売り,-1,2024-12-18 13:00:00,2024-12-18 17:00:00,1.2576637570146254,2024-12-19 01:00:00,1.2637070267491939,初期損切り,initial,3,0.0039846844994626245,1.2636407837638193,1.2636407837638193,-0.006043269734568479,-1.0110829327279616,0.3322112490471743,1.4999999999999833,False
USDCHF,買い,1,2024-12-16 21:00:00,2024-12-17 01:00:00,0.8947063429665703,2024-12-19 01:00:00,0.8976371874868246,トレイル,trail,13,0.002233234773302581,0.8913564908066164,0.8977335304533949,0.002930844520254383,0.8749175725697523,3.355516904453301,1.4402171258572236,True
SP500,売り,-1,2024-12-18 13:00:00,2024-12-18 17:00:00,5945.0705693480695,2024-12-19 09:00:00,5993.528849003639,初期損切り,initial,5,32.20589933575906,5993.379418351708,5993.379418351708,-48.45827965556964,-1.0030932356082383,0.27419104978276193,1.5000000000000098,False
USDJPY,買い,1,2024-12-18 13:00:00,2024-12-18 17:00:00,154.7967926501845,2024-12-19 21:00:00,156.92499437657648,トレイル,trail,8,0.5011064866195046,154.04513292025524,156.926787026761,2.1282017263919784,2.8313366296638987,6.2505823282104505,0.7179963935643133,True
GBPUSD,売り,-1,2024-12-19 09:00:00,2024-12-19 13:00:00,1.2509737570146253,2024-12-20 09:00:00,1.2580706786472684,初期損切り,initial,6,0.004687119098178921,1.2580044356618938,1.2580044356618938,-0.007096921632643083,-1.0094219902086463,0.7453953999126718,1.5000000000000198,False
SP500,売り,-1,2024-12-20 01:00:00,2024-12-20 05:00:00,5885.930569348069,2024-12-20 09:00:00,5936.031879579188,初期損切り,initial,2,33.30125305279203,5935.882448927257,5935.882448927257,-50.10131023111899,-1.0029914920757697,0.5942890292054517,1.500000000000006,False
USDCHF,売り,-1,2024-12-20 05:00:00,2024-12-20 09:00:00,0.8938936570334297,2024-12-23 05:00:00,0.8978082782466654,初期損切り,initial,6,0.0025455188311103326,0.8977119352800952,0.8977119352800952,-0.003914621213235714,-1.0252320444834924,0.9914116535248413,1.4999999999999902,False
USDCHF,買い,1,2024-12-24 01:00:00,2024-12-24 05:00:00,0.9008163429665702,2024-12-25 17:00:00,0.8998436570334297,時間切れ,time,6,0.0022479221162423862,0.8974444597922067,0.8974444597922067,-0.0009726859331404825,-0.28846964228648597,0.24629724910366985,0.6923473706339215,False
SP500,買い,1,2024-12-24 09:00:00,2024-12-24 13:00:00,6098.569430651931,2024-12-26 13:00:00,6091.91056934807,時間切れ,time,6,33.50677731033405,6048.30926468643,6048.30926468643,-6.658861303861158,-0.1324878494916202,0.26235197932203697,1.0484276158989696,False
GBPUSD,売り,-1,2024-12-26 09:00:00,2024-12-26 13:00:00,1.2515437570146253,2024-12-27 05:00:00,1.255873877359586,初期損切り,initial,5,0.002842584906390849,1.2558076343742115,1.2558076343742115,-0.0043301203449608305,-1.0155358561675387,0.35311417167121223,1.4999999999999816,False
USDCHF,売り,-1,2024-12-26 13:00:00,2024-12-26 17:00:00,0.8995236570334297,2024-12-27 09:00:00,0.9020042257619619,初期損切り,initial,5,0.0015894838413079532,0.9019078827953917,0.9019078827953917,-0.0024805687285321953,-1.04040849155618,0.6188531194002571,1.5000000000000162,False
USDJPY,買い,1,2024-12-25 17:00:00,2024-12-25 21:00:00,157.42479265018451,2024-12-27 09:00:00,157.423,建値,breakeven,10,0.3972836616640435,156.82886715768845,157.42479265018451,-0.0017926501845124676,-0.0030081783831798466,1.6618034254169438,0.28894379825159927,True
AUDUSD,売り,-1,2024-12-26 21:00:00,2024-12-27 01:00:00,0.6204957478820956,2024-12-29 17:00:00,0.6229934779806487,初期損切り,initial,5,0.0016356519870991924,0.6229492258627444,0.6229492258627444,-0.0024977300985531414,-1.018036484636659,0.24806492169227495,1.4999999999999862,False
EURUSD,買い,1,2024-12-26 09:00:00,2024-12-26 13:00:00,1.0412263224968552,2024-12-30 01:00:00,1.0412,建値,breakeven,10,0.002020316074258636,1.0381958483854672,1.0412263224968552,-2.632249685530219e-05,-0.00868593358259923,1.5708816771699372,0.3595093392115649,True
SP500,売り,-1,2024-12-27 09:00:00,2024-12-27 13:00:00,5996.03056934807,2024-12-30 13:00:00,5986.909430651931,トレイル,trail,7,27.508559241697583,6037.293408210616,5973.337118483395,9.121138696138587,0.22104971319405994,2.8249596303929962,1.4100858685878752,True
USDCHF,買い,1,2024-12-30 05:00:00,2024-12-30 09:00:00,0.9059963429665703,2024-12-30 17:00:00,0.9032473336570761,初期損切り,initial,3,0.0017684442286159275,0.9033436766236463,0.9033436766236463,-0.002749009309494177,-1.0363192931622498,0.7937242298719694,1.500000000000026,False
EURUSD,売り,-1,2024-12-30 05:00:00,2024-12-30 09:00:00,1.0387736775031446,2024-12-31 01:00:00,1.0422042792825952,初期損切り,initial,5,0.002269519521730219,1.0421779567857399,1.0421779567857399,-0.0034306017794505372,-1.0077321790223805,0.7022092067882618,1.4999999999999587,False
USDJPY,売り,-1,2024-12-30 09:00:00,2024-12-30 13:00:00,157.1482073498155,2024-12-31 05:00:00,156.7618541955664,トレイル,trail,5,0.3685307726909511,157.70100350885193,156.7600615453819,0.3863531542490932,0.698907088867154,3.053224949437514,0.013004748964389669,True
USDCHF,買い,1,2024-12-31 09:00:00,2024-12-31 13:00:00,0.9078663429665702,2025-01-01 21:00:00,0.9047339026450132,初期損切り,initial,3,0.0020240649033245193,0.9048302456115834,0.9048302456115834,-0.0031324403215570173,-1.0317325023889619,0.02650954193297469,1.4999999999999993,False
EURUSD,売り,-1,2024-12-31 09:00:00,2024-12-31 13:00:00,1.0348336775031446,2025-01-02 17:00:00,1.0273827252053949,トレイル,trail,8,0.0024982013542697796,1.0385809795345493,1.0273564027085396,0.0074509522977497245,1.9883511484545986,4.993063302053445,1.0873112738542088,True
GBPUSD,売り,-1,2025-01-02 01:00:00,2025-01-02 05:00:00,1.2481837570146255,2025-01-03 01:00:00,1.241357976823291,トレイル,trail,6,0.0030058669189582054,1.2526925573930627,1.2412917338379164,0.006825780191334507,1.5138794398567352,4.292857056724858,0.3347596591945265,True
USDCHF,買い,1,2025-01-02 05:00:00,2025-01-02 09:00:00,0.9088263429665703,2025-01-03 01:00:00,0.9093775988800188,トレイル,trail,5,0.0021280290767055187,0.905634299351512,0.909473941846589,0.0005512559134485118,0.17269686129850934,2.304318623794981,0.4635006999515681,True
SP500,売り,-1,2025-01-02 09:00:00,2025-01-02 13:00:00,5898.850569348069,2025-01-03 09:00:00,5953.385392961154,初期損切り,initial,6,36.25692864076934,5953.235962309223,5953.235962309223,-54.53482361308488,-1.0027476247535363,0.6583726267764523,1.5000000000000036,False
AUDUSD,売り,-1,2024-12-31 05:00:00,2024-12-31 09:00:00,0.6200157478820956,2025-01-05 17:00:00,0.622921119776704,初期損切り,initial,15,0.001907413184469316,0.6228768676587996,0.6228768676587996,-0.0029053718946083773,-1.0154667128110875,1.083010172581095,1.5000000000000147,False
USDCHF,売り,-1,2025-01-06 01:00:00,2025-01-06 05:00:00,0.9059036570334298,2025-01-06 09:00:00,0.9054319380681424,トレイル,trail,2,0.002237797550786079,0.9092603533596089,0.9053355951015721,0.0004717189652874154,0.14053072409572617,2.2538486699380336,0.37820354494215047,True
USDJPY,売り,-1,2025-01-06 05:00:00,2025-01-06 09:00:00,156.6142073498155,2025-01-06 09:00:00,157.42078156592044,初期損切り,initial,1,0.5365210439469557,157.41898891573592,157.41898891573592,-0.8065742161049343,-1.002227499063613,-0.0,1.4999999999999782,False
SP500,買い,1,2025-01-06 01:00:00,2025-01-06 05:00:00,6017.249430651931,2025-01-06 13:00:00,6017.1,建値,breakeven,3,29.487996655134445,5973.01743566923,6017.249430651931,-0.1494306519307429,-0.003378338507887391,1.718345601454964,0.3224847982433403,True
USDJPY,買い,1,2025-01-06 17:00:00,2025-01-06 21:00:00,158.3147926501845,2025-01-07 01:00:00,157.44193855673205,初期損切り,initial,2,0.5807076288452847,157.44373120691657,157.44373120691657,-0.872854093452446,-1.0020580065830873,0.00896724884749173,1.500000000000011,False
GBPUSD,買い,1,2025-01-07 01:00:00,2025-01-07 05:00:00,1.2564262429853745,2025-01-07 09:00:00,1.2509683351923886,初期損切り,initial,2,0.003594443205074283,1.2510345781777632,1.2510345781777632,-0.005457907792985939,-1.0122861839039026,0.1290205431458328,1.4999999999999734,False
SP500,売り,-1,2025-01-08 09:00:00,2025-01-08 13:00:00,5934.510569348069,2025-01-09 17:00:00,5944.029430651931,時間切れ,time,6,32.62607778587134,5983.449686026876,5983.449686026876,-9.51886130386174,-0.1945041502554104,0.1572536356267374,1.1410942772916701,False
USDCHF,買い,1,2025-01-10 01:00:00,2025-01-10 05:00:00,0.9135263429665702,2025-01-10 09:00:00,0.9149312793317956,トレイル,trail,2,0.0019461888508170357,0.9106070596903446,0.9150276222983659,0.0014049363652254288,0.48126071788480956,2.771394477553104,0.2344803107769202,True
SP500,売り,-1,2025-01-10 05:00:00,2025-01-10 09:00:00,5902.95056934807,2025-01-10 13:00:00,5903.1,建値,breakeven,2,28.960707679004685,5946.391630866577,5902.95056934807,-0.1494306519307429,-0.003439848077079828,1.9726924487238,0.6453374986233423,True
EURUSD,売り,-1,2025-01-10 05:00:00,2025-01-10 09:00:00,1.0256336775031447,2025-01-13 13:00:00,1.0241379543619797,トレイル,trail,8,0.003155815932562158,1.030367401401988,1.0241116318651244,0.001495723141164973,0.31597177468049575,2.4822986101044986,0.6927915136926889,True
GBPUSD,売り,-1,2025-01-08 09:00:00,2025-01-08 13:00:00,1.2345337570146253,2025-01-13 13:00:00,1.2185659629927423,トレイル,trail,19,0.004264860003683884,1.2409310470201511,1.2184997200073677,0.015967794021882975,2.496024724233289,5.759569362982076,0.744747302990301,True
AUDUSD,売り,-1,2025-01-10 05:00:00,2025-01-10 09:00:00,0.6153257478820956,2025-01-13 17:00:00,0.6185985583775784,初期損切り,initial,9,0.0021523722517189673,0.618554306259674,0.618554306259674,-0.003272810495482781,-1.0137064636066828,1.0387366220271699,1.499999999999979,False
USDJPY,売り,-1,2025-01-12 17:00:00,2025-01-12 21:00:00,157.4472073498155,2025-01-13 21:00:00,157.4397926501845,時間切れ,time,6,0.5492166884025319,158.2710323824193,158.2710323824193,0.007414699630999166,0.009000333004647988,0.9708505969955418,1.0556719459324684,False
EURUSD,買い,1,2025-01-14 09:00:00,2025-01-14 13:00:00,1.0288363224968553,2025-01-15 09:00:00,1.02881,建値,breakeven,6,0.0034057373962439077,1.0237277164024894,1.0288363224968553,-2.632249685530219e-05,-0.005152579073249068,1.9389861092718488,0.04883597221522822,True
GBPUSD,買い,1,2025-01-15 05:00:00,2025-01-15 09:00:00,1.2298162429853745,2025-01-15 09:00:00,1.2220548176144015,初期損切り,initial,1,0.005130121590398904,1.222121060599776,1.222121060599776,-0.0077614253709730185,-1.008608371063256,0.0,1.5000000000000104,False
USDCHF,売り,-1,2025-01-14 09:00:00,2025-01-14 13:00:00,0.9140436570334297,2025-01-15 09:00:00,0.9129315506590879,トレイル,trail,6,0.002402603846258843,0.917647562802818,0.9128352076925177,0.0011121063743417814,0.3085836438311074,2.5029748632067377,0.06091015245734693,True
AUDUSD,買い,1,2025-01-15 05:00:00,2025-01-15 09:00:00,0.6243342521179044,2025-01-15 21:00:00,0.6207230362331143,初期損切り,initial,4,0.0023779758445904376,0.6207672883510187,0.6207672883510187,-0.0036112158847900755,-1.0124061024435513,0.15380639081245143,1.5000000000000184,False
USDJPY,売り,-1,2025-01-15 01:00:00,2025-01-15 05:00:00,156.86520734981548,2025-01-16 05:00:00,156.35926886919043,トレイル,trail,7,0.5737381095029503,157.7258145140699,156.35747621900592,0.5059384806250478,0.5878855087888563,2.884952772702226,0.3952894995610693,True
AUDUSD,売り,-1,2025-01-17 05:00:00,2025-01-17 09:00:00,0.6177057478820956,2025-01-17 09:00:00,0.6211855938447257,初期損切り,initial,1,0.0022903958964838192,0.6211413417268213,0.6211413417268213,-0.003479845962630068,-1.0128804858502918,-0.0,1.4999999999999842,False
GBPUSD,売り,-1,2025-01-17 09:00:00,2025-01-17 13:00:00,1.2172937570146254,2025-01-20 05:00:00,1.224445687945331,初期損切り,initial,5,0.004723791963553914,1.2243794449599563,1.2243794449599563,-0.007151930930705541,-1.0093488431731348,0.25906242782646133,1.5000000000000127,False
USDCHF,買い,1,2025-01-17 09:00:00,2025-01-17 13:00:00,0.9147563429665703,2025-01-20 05:00:00,0.9109490989255266,初期損切り,initial,5,0.0024739340496490003,0.9110454418920968,0.9110454418920968,-0.0038072440410437114,-1.0259621489866528,0.2480490672404197,1.4999999999999882,False
AUDUSD,買い,1,2025-01-20 05:00:00,2025-01-20 09:00:00,0.6265942521179044,2025-01-20 17:00:00,0.6224456892874851,初期損切り,initial,3,0.0027362071416766154,0.6224899414053895,0.6224899414053895,-0.004148562830419311,-1.010781863509859,0.7695864286083653,1.5000000000000047,False
SP500,買い,1,2025-01-15 05:00:00,2025-01-15 09:00:00,5970.62943065193,2025-01-20 17:00:00,6009.416231219153,トレイル,trail,20,34.307169064458456,5919.168677055242,6009.565661871084,38.7868005672226,0.7537161400939754,3.1349298785334705,0.5226146936881779,True
EURUSD,買い,1,2025-01-20 05:00:00,2025-01-20 09:00:00,1.0398463224968553,2025-01-21 01:00:00,1.0347614462204775,初期損切り,initial,5,0.0033723691863482633,1.0347877687173328,1.0347877687173328,-0.00508487627637777,-1.0052035617298232,1.098242006876833,1.5000000000000215,False
GBPUSD,買い,1,2025-01-21 13:00:00,2025-01-21 17:00:00,1.2347862429853746,2025-01-22 17:00:00,1.2318137570146255,時間切れ,time,6,0.005366253220098043,1.2267368631552276,1.2267368631552276,-0.0029724859707491724,-0.36928136495887837,0.5299334373515461,0.7577434046804675,False
EURUSD,買い,1,2025-01-22 01:00:00,2025-01-22 05:00:00,1.0446663224968553,2025-01-23 05:00:00,1.0411536775031447,時間切れ,time,6,0.003901688774463732,1.0388137893351597,1.0388137893351597,-0.003512644993710623,-0.6001922409770573,0.2751827644920624,1.4522743418032362,False
USDCHF,売り,-1,2025-01-22 01:00:00,2025-01-22 05:00:00,0.9042336570334297,2025-01-23 05:00:00,0.9073263429665702,時間切れ,time,6,0.002639546471193927,0.9081929767402206,0.9081929767402206,-0.0030926859331404932,-0.7811154850253753,0.3650843218508769,1.419313131045473,False
USDJPY,買い,1,2025-01-22 09:00:00,2025-01-22 13:00:00,156.6197926501845,2025-01-23 13:00:00,155.9162073498155,時間切れ,time,6,0.5758613386334103,155.7560006422344,155.7560006422344,-0.7035853003690136,-0.8145309216725771,0.22958191659340488,1.3124559672265756,False
SP500,買い,1,2025-01-21 09:00:00,2025-01-21 13:00:00,6081.829430651931,2025-01-26 17:00:00,6101.130569348069,トレイル,trail,20,29.47653294943139,6037.614631227784,6102.826934101137,19.30113869613797,0.43653118294136173,2.712346444720222,0.2513671015733854,True
EURUSD,買い,1,2025-01-24 01:00:00,2025-01-24 05:00:00,1.0494663224968552,2025-01-27 05:00:00,1.0488436775031447,時間切れ,time,6,0.0035249802642309653,1.0441788521005089,1.0441788521005089,-0.0006226449937105638,-0.11775857773895074,0.7641681091035627,1.1592469150310991,False
USDCHF,売り,-1,2025-01-27 01:00:00,2025-01-27 05:00:00,0.9014136570334298,2025-01-27 09:00:00,0.90151,建値,breakeven,2,0.00253281862390467,0.9052128849692868,0.9014136570334298,-9.634296657023977e-05,-0.025358564475944596,1.924202936377818,0.041986017303620705,True
AUDUSD,買い,1,2025-01-23 09:00:00,2025-01-23 13:00:00,0.6297642521179043,2025-01-27 17:00:00,0.625979695570457,初期損切り,initial,14,0.00249353628636199,0.6260239476883613,0.6260239476883613,-0.0037845565474473597,-1.0118311540512177,1.3177060626976107,1.4999999999999998,False
GBPUSD,買い,1,2025-01-23 21:00:00,2025-01-24 01:00:00,1.2400162429853747,2025-01-27 17:00:00,1.244141246421099,トレイル,trail,11,0.004056255296763204,1.2339318600402298,1.2442074894064736,0.004125003435724306,0.6779657810683927,3.0332797406621546,0.5759605385881634,True
USDJPY,売り,-1,2025-01-27 01:00:00,2025-01-27 05:00:00,154.6002073498155,2025-01-27 21:00:00,155.66163023309372,初期損切り,initial,5,0.7064201553958034,155.6598375829092,155.6598375829092,-1.061422883278226,-1.0016917695706804,1.2530890335646088,1.500000000000012,False
EURUSD,売り,-1,2025-01-27 17:00:00,2025-01-27 21:00:00,1.0437636775031447,2025-01-28 21:00:00,1.0427463224968554,時間切れ,time,6,0.0036678546682039587,1.0492654595054507,1.0492654595054507,0.0010173550062893,0.1849137253825943,0.6553360807836044,0.18439184701571532,False
GBPUSD,売り,-1,2025-01-28 05:00:00,2025-01-28 09:00:00,1.2423437570146254,2025-01-29 09:00:00,1.2398662429853746,時間切れ,time,6,0.00406915315846772,1.248447486752327,1.248447486752327,0.0024775140292507825,0.4059016594308966,0.7430924560637707,0.9869972519999379,False
EURUSD,売り,-1,2025-01-29 01:00:00,2025-01-29 05:00:00,1.0403536775031448,2025-01-30 05:00:00,1.0407763224968554,時間切れ,time,6,0.0029878329747671218,1.0448354269652955,1.0448354269652955,-0.00042264499371058584,-0.09430357436976604,0.7107751742080958,0.8555774430645571,False
USDCHF,買い,1,2025-01-29 05:00:00,2025-01-29 09:00:00,0.9082463429665703,2025-01-30 09:00:00,0.9065536570334297,時間切れ,time,6,0.002348525098501209,0.9047235553188184,0.9047235553188184,-0.0016926859331405364,-0.4804961588362504,0.5465800788115512,1.1012626470208022,False
GBPUSD,買い,1,2025-01-30 05:00:00,2025-01-30 09:00:00,1.2468162429853746,2025-01-30 13:00:00,1.2413811755157178,初期損切り,initial,2,0.003579216322854785,1.2414474185010924,1.2414474185010924,-0.005435067469656829,-1.012338452405845,0.24691355171304982,1.5000000000000118,False
AUDUSD,売り,-1,2025-01-27 21:00:00,2025-01-28 01:00:00,0.6252657478820957,2025-01-31 09:00:00,0.6240442521179044,トレイル,trail,21,0.0023137923384829585,0.6287364363898201,0.624,0.0012214957641912827,0.3519462381808958,2.3276712402059574,0.23954272329719184,True
SP500,買い,1,2025-01-30 17:00:00,2025-01-30 21:00:00,6117.869430651931,2025-01-31 13:00:00,6074.287526537755,初期損切り,initial,5,28.95498230816361,6074.436957189686,6074.436957189686,-43.58190411417581,-1.0034405282503722,1.0281674162748762,1.499999999999988,False
AUDUSD,売り,-1,2025-02-02 17:00:00,2025-02-02 21:00:00,0.6115757478820957,2025-02-03 05:00:00,0.616102452222822,初期損切り,initial,3,0.0029883014818813344,0.6160582001049176,0.6160582001049176,-0.0045267043407263285,-1.009872301076411,0.9355641989427319,1.4999999999999838,False
GBPUSD,売り,-1,2025-02-02 17:00:00,2025-02-02 21:00:00,1.2287637570146255,2025-02-03 05:00:00,1.2358835020074896,初期損切り,initial,3,0.004702334671659655,1.235817259022115,1.235817259022115,-0.007119744992864163,-1.0093915030157137,0.8067815839417078,1.5000000000000153,False
USDCHF,買い,1,2025-01-30 17:00:00,2025-01-30 21:00:00,0.9099063429665702,2025-02-03 05:00:00,0.9151791646945028,トレイル,trail,9,0.002202246169463518,0.906602973712375,0.915275507661073,0.005272821727932531,1.5961950730261383,4.438040201387084,1.2425236581234727,True
USDJPY,買い,1,2025-02-02 17:00:00,2025-02-02 21:00:00,155.71079265018452,2025-02-03 05:00:00,154.78533048765732,初期損切り,initial,3,0.6157796748951174,154.78712313784183,154.78712313784183,-0.9254621625271966,-1.0019407917664986,0.2650417941178033,1.5000000000000129,False
EURUSD,売り,-1,2025-01-31 13:00:00,2025-02-02 17:00:00,1.0242636775031446,2025-02-03 09:00:00,1.0299875103346197,初期損切り,initial,5,0.003798340223079795,1.0299611878377644,1.0299611878377644,-0.00572383283147504,-1.0046199998436869,0.8671359882749224,1.5000000000000118,False
SP500,売り,-1,2025-02-02 17:00:00,2025-02-02 21:00:00,5961.470569348069,2025-02-03 09:00:00,6015.942582034912,初期損切り,initial,4,36.2150546899417,6015.793151382982,6015.793151382982,-54.4720126868433,-1.002750801716949,0.6983440882416507,1.5,False
USDCHF,売り,-1,2025-02-04 09:00:00,2025-02-04 13:00:00,0.9053836570334297,2025-02-06 01:00:00,0.90548,建値,breakeven,10,0.0030753736857749027,0.9099967175620921,0.9053836570334297,-9.634296657023977e-05,-0.020884826022037103,1.6920405664843832,0.18415419537142189,True
GBPUSD,買い,1,2025-02-04 09:00:00,2025-02-04 13:00:00,1.2483562429853745,2025-02-06 05:00:00,1.2404107591747897,初期損切り,initial,11,0.005252827216806717,1.2404770021601643,1.2404770021601643,-0.007945483810584797,-1.0084072801992259,1.2609889381916828,1.5000000000000213,False
USDJPY,売り,-1,2025-02-04 17:00:00,2025-02-04 21:00:00,153.61020734981548,2025-02-07 05:00:00,152.186393668833,トレイル,trail,15,0.6138005093242516,154.53090811380187,152.1846010186485,1.4238136809824766,1.5464456386652279,4.322589032610076,0.056683970860226286,True
SP500,買い,1,2025-02-05 09:00:00,2025-02-05 13:00:00,6071.3894306519305,2025-02-07 13:00:00,6062.270569348069,建値,breakeven,13,34.132646583293244,6020.19046077699,6071.3894306519305,-9.118861303861195,-0.1781063432747807,1.5126447702224561,0.7057592382455713,True
EURUSD,買い,1,2025-02-04 09:00:00,2025-02-04 13:00:00,1.0377063224968552,2025-02-09 17:00:00,1.0287636775031448,初期損切り,initial,20,0.004918329632072077,1.030328828048747,1.030328828048747,-0.008942644993710447,-1.2121520465533795,1.3589324024890295,1.8128761518366807,False
GBPUSD,売り,-1,2025-02-10 13:00:00,2025-02-10 17:00:00,1.2368237570146254,2025-02-11 13:00:00,1.2428104898788344,初期損切り,initial,6,0.003946993252556198,1.2427442468934597,1.2427442468934597,-0.005986732864208921,-1.0111887676071267,0.9003706840197462,1.5000000000000036,False
USDCHF,買い,1,2025-02-11 05:00:00,2025-02-11 09:00:00,0.9134563429665702,2025-02-12 01:00:00,0.9105847035744449,初期損切り,initial,5,0.0018501976170367032,0.9106810465410151,0.9106810465410151,-0.0028716393921253136,-1.0347144779502213,0.3370759035073616,1.5000000000000102,False
AUDUSD,買い,1,2025-02-04 09:00:00,2025-02-04 13:00:00,0.6252342521179044,2025-02-12 05:00:00,0.6260357478820956,トレイル,trail,35,0.0034178434497353677,0.6201074869433013,0.62608,0.0008014957641911957,0.1563355716313363,1.6723258294753562,0.5191145071439006,True
SP500,売り,-1,2025-02-12 05:00:00,2025-02-12 09:00:00,6030.970569348069,2025-02-12 09:00:00,6068.406853923883,初期損切り,initial,1,24.8579026159225,6068.257423271953,6068.257423271953,-37.43628457581417,-1.0040075961419395,-0.0,1.499999999999987,False
USDCHF,買い,1,2025-02-12 05:00:00,2025-02-12 09:00:00,0.9145763429665702,2025-02-12 09:00:00,0.9114008541808503,初期損切り,initial,1,0.002052763879433124,0.9114971971474205,0.9114971971474205,-0.0031754887857199376,-1.0312888613365045,0.0,1.5000000000000058,False
EURUSD,買い,1,2025-02-11 09:00:00,2025-02-11 13:00:00,1.0345863224968552,2025-02-13 05:00:00,1.0384923530288397,トレイル,trail,11,0.0027406622371525173,1.0304753291411264,1.038518675525695,0.0039060305319844613,0.9501427499368994,3.4348185542649716,1.049499080136103,True
USDJPY,買い,1,2025-02-11 17:00:00,2025-02-11 21:00:00,153.4767926501845,2025-02-13 05:00:00,153.68022223036934,トレイル,trail,9,0.5589925597230778,152.6383038105999,153.68201488055385,0.2034295801848316,0.24261453531761926,2.367128733289429,0.19998951370637066,True
USDCHF,売り,-1,2025-02-13 01:00:00,2025-02-13 05:00:00,0.9078136570334298,2025-02-17 17:00:00,0.9019429381318524,トレイル,trail,16,0.002313297582641096,0.9112836034073915,0.9018465951652822,0.00587071890157731,1.6918759741161933,4.5794614203223,0.3226316286200317,True
USDJPY,売り,-1,2025-02-16 21:00:00,2025-02-17 01:00:00,151.5242073498155,2025-02-18 01:00:00,152.0077926501845,時間切れ,time,6,0.5344156834143068,152.32583087493697,152.32583087493697,-0.4835853003690147,-0.6032573710904292,0.5430367386701586,1.311325007730369,False
SP500,買い,1,2025-02-13 09:00:00,2025-02-13 13:00:00,6100.289430651931,2025-02-18 09:00:00,6136.210569348069,トレイル,trail,17,26.54807192880679,6060.467322758721,6136.36,35.92113869613786,0.902040112805343,2.1572402508796187,0.45839225856271576,True
AUDUSD,買い,1,2025-02-13 13:00:00,2025-02-13 17:00:00,0.6317042521179044,2025-02-19 17:00:00,0.6333357478820957,トレイル,trail,25,0.002765641385787563,0.627555790039223,0.63338,0.0016314957641913042,0.39327725148445886,2.0666988538240854,0.22933274037759627,True
GBPUSD,売り,-1,2025-02-19 09:00:00,2025-02-19 13:00:00,1.2572237570146254,2025-02-20 05:00:00,1.2620843316743198,初期損切り,initial,5,0.003196221116213229,1.2620180886889452,1.2620180886889452,-0.004860574659694361,-1.013816938391922,0.17325366252555377,1.4999999999999711,False
SP500,売り,-1,2025-02-20 09:00:00,2025-02-20 13:00:00,6112.770569348069,2025-02-20 13:00:00,6139.806282577391,初期損切り,initial,1,17.92418838492741,6139.656851925461,6139.656851925461,-27.035713229322027,-1.0055578770140787,-0.0,1.5000000000000093,False
USDJPY,売り,-1,2025-02-19 13:00:00,2025-02-19 17:00:00,151.44320734981548,2025-02-20 17:00:00,150.27068272341205,トレイル,trail,7,0.4359450366137697,152.09712490473615,150.26889007322754,1.1725246264034297,1.7930771510572185,4.693727827960911,0.0041121013750655125,True
AUDUSD,買い,1,2025-02-20 01:00:00,2025-02-20 05:00:00,0.6376042521179044,2025-02-21 09:00:00,0.63756,建値,breakeven,8,0.0020562493424747703,0.6345198781041922,0.6376042521179044,-4.425211790437533e-05,-0.01434719580298769,1.5784797179262633,0.39112577511461316,True
EURUSD,買い,1,2025-02-20 09:00:00,2025-02-20 13:00:00,1.0489463224968554,2025-02-21 09:00:00,1.0450521652289284,初期損切り,initial,6,0.0025785565140477593,1.0450784877257837,1.0450784877257837,-0.0038941572679269676,-1.0068054863801836,0.6296846682626378,1.5000000000000102,False
GBPUSD,買い,1,2025-02-20 09:00:00,2025-02-20 13:00:00,1.2653262429853747,2025-02-21 13:00:00,1.2644137570146254,時間切れ,time,6,0.003085416762696671,1.2606981178413297,1.2606981178413297,-0.0009124859707492217,-0.19716104088570602,0.8276862450158071,0.7409835238519062,False
EURUSD,買い,1,2025-02-23 17:00:00,2025-02-23 21:00:00,1.0518463224968553,2025-02-24 01:00:00,1.047644631670927,初期損切り,initial,2,0.0027835788860487544,1.0476709541677822,1.0476709541677822,-0.004201690825928361,-1.0063042334904793,0.35697838783194247,1.499999999999974,False
SP500,売り,-1,2025-02-21 09:00:00,2025-02-21 13:00:00,6068.210569348069,2025-02-24 01:00:00,6066.088798106728,トレイル,trail,4,20.52968372739873,6099.005094939167,6065.939367454797,2.1217712413408663,0.06890092315480306,2.110630145277895,0.01994334921899156,True
USDCHF,売り,-1,2025-02-20 01:00:00,2025-02-20 05:00:00,0.9019736570334298,2025-02-24 01:00:00,0.8992913813391923,トレイル,trail,12,0.0019075191863110557,0.9048349358128964,0.899195038372622,0.0026822756942375126,0.9374394810762054,3.456666166583254,0.5747480677719705,True
USDJPY,売り,-1,2025-02-21 09:00:00,2025-02-21 13:00:00,149.2142073498155,2025-02-24 13:00:00,149.58179265018452,時間切れ,time,6,0.5790064136921058,150.08271697035366,150.08271697035366,-0.36758530036902926,-0.4232368780685016,0.634202559992288,1.1412527297769959,False
GBPUSD,売り,-1,2025-02-24 17:00:00,2025-02-24 21:00:00,1.2622937570146253,2025-02-25 05:00:00,1.2668286622076101,初期損切り,initial,3,0.002979108138406882,1.2667624192222355,1.2667624192222355,-0.004534905192984828,-1.0148238963468061,0.5752584112444262,1.499999999999965,False
SP500,売り,-1,2025-02-24 13:00:00,2025-02-24 17:00:00,6006.050569348069,2025-02-25 13:00:00,5977.41952943687,トレイル,trail,6,26.51504939246974,6045.8231434367735,5977.270098784939,28.631039911198968,0.7198689189023388,3.0854390703606778,0.3692028065658163,True
USDCHF,売り,-1,2025-02-25 05:00:00,2025-02-25 09:00:00,0.8936336570334298,2025-02-26 21:00:00,0.8967385921854371,初期損切り,initial,10,0.00200572812362471,0.8966422492188668,0.8966422492188668,-0.003104935152007271,-1.0320226074629022,1.1934105152317382,1.4999999999999833,False
GBPUSD,買い,1,2025-02-26 09:00:00,2025-02-26 13:00:00,1.2685362429853746,2025-02-27 05:00:00,1.2637011525882555,初期損切り,initial,5,0.003179231607829662,1.2637673955736302,1.2637673955736302,-0.004835090397119046,-1.0138907747837378,0.35346811847802445,1.4999999999999825,False
USDJPY,買い,1,2025-02-27 09:00:00,2025-02-27 13:00:00,149.9707926501845,2025-02-27 21:00:00,149.11174509814447,初期損切り,initial,3,0.571503267903693,149.11353774832898,149.11353774832898,-0.8590475520400389,-1.0020911518623214,0.32232072878809215,1.4999999999999771,False
SP500,売り,-1,2025-02-27 13:00:00,2025-02-27 17:00:00,5887.550569348069,2025-02-28 13:00:00,5943.4000167791255,初期損切り,initial,6,37.13334451941684,5943.250586127195,5943.250586127195,-55.84944743105643,-1.002682775707658,0.8184172403909954,1.5000000000000118,False
EURUSD,売り,-1,2025-02-27 05:00:00,2025-02-27 09:00:00,1.0423336775031447,2025-03-02 17:00:00,1.041832632054088,トレイル,trail,9,0.002908154778616363,1.0466959096710693,1.0418063095572327,0.000501045449056603,0.11485987672567861,2.1813410860349287,0.6383162651812152,True
AUDUSD,売り,-1,2025-02-24 13:00:00,2025-02-24 17:00:00,0.6350257478820956,2025-03-03 05:00:00,0.623289567036252,トレイル,trail,28,0.0019676574591738234,0.6379772340708564,0.6232453149183477,0.011736180845843602,3.976363125307854,7.987034434689828,0.3121743142031672,True
USDCHF,買い,1,2025-02-28 01:00:00,2025-02-28 05:00:00,0.9019863429665702,2025-03-03 05:00:00,0.9007336570334298,時間切れ,time,6,0.0020960297879911963,0.8988422982845834,0.8988422982845834,-0.0012526859331404294,-0.3984313391973896,0.7794054468068615,0.7949996589348085,False
USDJPY,買い,1,2025-02-28 01:00:00,2025-02-28 05:00:00,150.2567926501845,2025-03-03 09:00:00,150.255,建値,breakeven,8,0.6247252143533262,149.31970482865452,150.2567926501845,-0.0017926501845124676,-0.0019130012612751665,1.6778694468103599,0.4958862601778957,True
SP500,売り,-1,2025-03-04 05:00:00,2025-03-04 09:00:00,5820.49056934807,2025-03-04 13:00:00,5820.64,建値,breakeven,2,42.34949592412721,5884.01481323426,5820.49056934807,-0.1494306519307429,-0.0023523405048072803,1.8047574753900535,0.3565433382957497,True
USDJPY,売り,-1,2025-03-03 17:00:00,2025-03-03 21:00:00,148.9352073498155,2025-03-04 17:00:00,150.00354221059726,初期損切り,initial,6,0.7110281403981561,150.00174956041275,150.00174956041275,-1.0683348607817607,-1.0016808056603055,1.177460218869359,1.5000000000000198,False
EURUSD,買い,1,2025-03-04 05:00:00,2025-03-04 09:00:00,1.0539463224968553,2025-03-06 13:00:00,1.078911557899253,トレイル,trail,14,0.003276059801945883,1.0490322327939365,1.0789378803961083,0.0249652354023977,5.080337745476865,9.628541421743517,1.3144822613731089,True
AUDUSD,買い,1,2025-03-04 13:00:00,2025-03-04 17:00:00,0.6263342521179044,2025-03-06 21:00:00,0.6310935539913224,トレイル,trail,14,0.002631096945386594,0.6223876066998245,0.6311378061092268,0.004759301873417998,1.2059106834415032,3.8256849105256325,1.10381798093632,True
USDCHF,売り,-1,2025-03-04 05:00:00,2025-03-04 09:00:00,0.8889336570334297,2025-03-07 05:00:00,0.8817346988480538,トレイル,trail,18,0.0024591779407417166,0.8926224239445423,0.8816383558814835,0.00719895818537597,1.9515893410583325,4.966560910897693,1.4827487292239265,True
USDJPY,売り,-1,2025-03-06 01:00:00,2025-03-06 05:00:00,147.8852073498155,2025-03-07 05:00:00,147.44379265018452,時間切れ,time,6,0.7111903365243483,148.951992854602,148.951992854602,0.44141469963096824,0.4137801813489217,0.9578411218923508,0.714003866624709,False
SP500,売り,-1,2025-03-06 09:00:00,2025-03-06 13:00:00,5749.050569348069,2025-03-07 13:00:00,5749.2,建値,breakeven,7,48.66805959045518,5822.052658733752,5749.050569348069,-0.1494306519307429,-0.002046936645077029,1.5589396821349455,0.7633226178431104,True
GBPUSD,買い,1,2025-03-03 01:00:00,2025-03-03 05:00:00,1.2629462429853746,2025-03-10 01:00:00,1.2882639313573425,トレイル,trail,30,0.0031449128286414334,1.2582288737424125,1.2883301743427171,0.025317688371967906,5.366908348278948,10.071426058670184,0.021063536251726758,True
EURUSD,買い,1,2025-03-07 01:00:00,2025-03-07 05:00:00,1.0861763224968553,2025-03-10 05:00:00,1.0809636775031446,時間切れ,time,6,0.0043550419750173035,1.0796437595343293,1.0796437595343293,-0.005212644993710658,-0.7979479147178518,0.625407864899834,1.3033909958658163,False
SP500,売り,-1,2025-03-10 09:00:00,2025-03-10 13:00:00,5645.830569348069,2025-03-11 05:00:00,5645.98,建値,breakeven,5,50.034564212011176,5720.882415666086,5645.830569348069,-0.1494306519307429,-0.0019910323231431405,1.751600533117673,0.03176665325186738,True
USDJPY,売り,-1,2025-03-10 17:00:00,2025-03-10 21:00:00,146.7482073498155,2025-03-11 05:00:00,147.77683730384163,初期損切り,initial,3,0.684558202561088,147.77504465365712,147.77504465365712,-1.0286299540261439,-1.0017457976816824,0.22088311738837985,1.4999999999999991,False
AUDUSD,売り,-1,2025-03-10 13:00:00,2025-03-10 17:00:00,0.6277957478820956,2025-03-11 17:00:00,0.6299042521179044,時間切れ,time,6,0.002556083819576812,0.6316298736114608,0.6316298736114608,-0.0021085042358087724,-0.5499309059324611,0.7455733131674648,1.3161744118631702,False
EURUSD,買い,1,2025-03-11 01:00:00,2025-03-11 05:00:00,1.0917463224968553,2025-03-12 05:00:00,1.0921336775031447,時間切れ,time,6,0.004237399864663113,1.0853902226998606,1.0853902226998606,0.00038735500628939157,0.060942247393998304,0.7064892619905551,0.8557895437474023,False
USDCHF,買い,1,2025-03-11 13:00:00,2025-03-11 17:00:00,0.8828563429665702,2025-03-12 17:00:00,0.8822736570334297,時間切れ,time,6,0.003038131274786101,0.8782991460543911,0.8782991460543911,-0.000582685933140481,-0.12786060035791902,0.7845799992950004,0.9269984447161417,False
AUDUSD,買い,1,2025-03-12 13:00:00,2025-03-12 17:00:00,0.6321242521179044,2025-03-13 05:00:00,0.6282659269275936,初期損切り,initial,4,0.0025427153816042557,0.628310179045498,0.628310179045498,-0.0038583251903107074,-1.011602325667139,0.49386096893920717,1.4999999999999798,False
SP500,売り,-1,2025-03-13 09:00:00,2025-03-13 13:00:00,5538.650569348069,2025-03-14 09:00:00,5614.99855499472,初期損切り,initial,6,50.79903666314618,5614.849124342789,5614.849124342789,-76.34798564665016,-1.0019610693659642,0.5702976129286875,1.5000000000000029,False
EURUSD,売り,-1,2025-03-13 01:00:00,2025-03-13 05:00:00,1.0872936775031448,2025-03-17 09:00:00,1.0927114330467067,初期損切り,initial,14,0.0035942886978043687,1.0926851105498514,1.0926851105498514,-0.005417755543561942,-1.0048822820625527,1.4004655514231976,1.500000000000024,False
EURUSD,買い,1,2025-03-18 01:00:00,2025-03-18 05:00:00,1.0951463224968554,2025-03-18 05:00:00,1.0907419179897053,初期損切り,initial,1,0.002918721340196552,1.0907682404865606,1.0907682404865606,-0.004404404507150073,-1.0060123352631012,0.0,1.4999999999999802,False
AUDUSD,買い,1,2025-03-17 01:00:00,2025-03-17 05:00:00,0.6340942521179044,2025-03-18 09:00:00,0.6349880892694604,トレイル,trail,8,0.002043829306317637,0.6310285081584279,0.6350323413873648,0.0008938371515559984,0.2915563606651095,2.45898611325352,0.11950710225621622,True
SP500,買い,1,2025-03-17 05:00:00,2025-03-17 09:00:00,5694.04943065193,2025-03-18 09:00:00,5693.9,建値,breakeven,7,40.70682779310971,5632.989188962266,5694.04943065193,-0.1494306519307429,-0.002447265975300528,1.613256863979602,0.2483472970016584,True
USDCHF,売り,-1,2025-03-18 01:00:00,2025-03-18 05:00:00,0.8795336570334298,2025-03-19 05:00:00,0.87963,建値,breakeven,7,0.0019773028548475866,0.8824996113157012,0.8795336570334298,-9.634296657023977e-05,-0.032482957389504546,1.8275688140390094,0.5746934334233592,True
AUDUSD,売り,-1,2025-03-19 01:00:00,2025-03-19 05:00:00,0.6327157478820956,2025-03-19 13:00:00,0.6357319168817955,初期損切り,initial,3,0.0019812779211970163,0.6356876647638912,0.6356876647638912,-0.0030161689996999197,-1.0148900927127074,0.2653579674364646,1.50000000000001,False
USDJPY,買い,1,2025-03-12 01:00:00,2025-03-12 05:00:00,148.34279265018452,2025-03-19 13:00:00,149.09720734981548,トレイル,trail,33,0.6760792289441018,147.32867380676836,149.099,0.7544146996309564,0.7439115292342277,2.671591246245516,1.376750845663789,True
GBPUSD,買い,1,2025-03-11 13:00:00,2025-03-11 17:00:00,1.2951462429853746,2025-03-20 05:00:00,1.2954737570146253,トレイル,trail,40,0.003853318610807208,1.2893662650691637,1.29554,0.0003275140292506862,0.056663543355784135,1.6592858417399106,1.0370912423817065,True
USDCHF,買い,1,2025-03-20 05:00:00,2025-03-20 09:00:00,0.8829263429665702,2025-03-21 09:00:00,0.8810136570334297,時間切れ,time,6,0.0023404820424027264,0.8794156199029661,0.8794156199029661,-0.0019126859331405344,-0.5448125353348098,0.5783667675741081,1.3913129464677914,False
SP500,売り,-1,2025-03-21 05:00:00,2025-03-21 09:00:00,5665.690569348069,2025-03-21 13:00:00,5719.947208114948,初期損切り,initial,2,36.071472076631785,5719.797777463017,5719.797777463017,-54.256638766878496,-1.0027617512922373,0.39340144804521276,1.500000000000002,False
EURUSD,売り,-1,2025-03-19 09:00:00,2025-03-19 13:00:00,1.0884736775031447,2025-03-24 01:00:00,1.085799585664917,トレイル,trail,16,0.0030716315840308155,1.093081124879191,1.0857732631680617,0.0026740918382277545,0.5803846728950524,2.8791465581752234,1.0568723520531214,True
GBPUSD,売り,-1,2025-03-21 09:00:00,2025-03-21 13:00:00,1.2919737570146255,2025-03-24 05:00:00,1.296294804690888,初期損切り,initial,5,0.0028365364605919866,1.2962285617055134,1.2962285617055134,-0.004321047676262513,-1.0155689838164366,0.37501968665104324,1.499999999999973,False
AUDUSD,売り,-1,2025-03-21 13:00:00,2025-03-23 17:00:00,0.6278357478820956,2025-03-24 17:00:00,0.6285642521179043,時間切れ,time,6,0.002049425053049021,0.6309098854616692,0.6309098854616692,-0.0007285042358087246,-0.23697841002606929,0.5297816968131006,1.3097586144518285,False
USDJPY,買い,1,2025-03-23 17:00:00,2025-03-23 21:00:00,149.7437926501845,2025-03-25 05:00:00,149.92594686639617,トレイル,trail,9,0.5081302417096474,148.98159728762002,149.9277395165807,0.18215421621167138,0.23898625622543548,2.3620073187875734,0.48962378099641174,True
EURUSD,売り,-1,2025-03-24 09:00:00,2025-03-24 13:00:00,1.0791736775031446,2025-03-25 13:00:00,1.0806963224968553,時間切れ,time,6,0.0031039116870092017,1.0838295450336584,1.0838295450336584,-0.0015226449937106867,-0.3270378686102038,0.478002486138453,1.2391855454372198,False
AUDUSD,買い,1,2025-03-25 05:00:00,2025-03-25 09:00:00,0.6320242521179044,2025-03-25 21:00:00,0.6288083376337732,初期損切り,initial,4,0.0021144415774845223,0.6288525897516776,0.6288525897516776,-0.003215914484131166,-1.0139523419565708,0.25337558994323706,1.5000000000000033,False
SP500,買い,1,2025-03-24 01:00:00,2025-03-24 05:00:00,5776.58943065193,2025-03-26 09:00:00,5776.44,建値,breakeven,14,34.36587095731844,5725.040624215952,5776.58943065193,-0.1494306519307429,-0.002898818852698986,1.7596111392949418,0.23597337783181724,True
EURUSD,売り,-1,2025-03-26 13:00:00,2025-03-26 17:00:00,1.0753736775031446,2025-03-27 05:00:00,1.0796255369111833,初期損切り,initial,4,0.002817024607455564,1.079599214414328,1.079599214414328,-0.004251859408038738,-1.0062293851429216,0.7361233187869477,1.500000000000032,False
GBPUSD,売り,-1,2025-03-26 05:00:00,2025-03-26 09:00:00,1.2892437570146253,2025-03-27 05:00:00,1.2937877561029352,初期損切り,initial,6,0.0029851707352901964,1.2937215131175606,1.2937215131175606,-0.004543999088309825,-1.0147937904280016,0.711435694286628,1.4999999999999734,False
USDJPY,買い,1,2025-03-27 09:00:00,2025-03-27 13:00:00,151.0137926501845,2025-03-28 09:00:00,150.3190513519543,初期損切り,initial,6,0.461965765363802,150.3208440021388,150.3208440021388,-0.6947412982302126,-1.0025869885013345,0.4290520308564124,1.4999999999999938,False
USDCHF,売り,-1,2025-03-30 17:00:00,2025-03-30 21:00:00,0.8788836570334297,2025-03-31 05:00:00,0.8817722023995707,初期損切り,initial,3,0.0018614682663804592,0.8816758594330004,0.8816758594330004,-0.0028885453661409155,-1.0345042918754885,0.40487235105824804,1.4999999999999931,False
USDJPY,売り,-1,2025-03-28 13:00:00,2025-03-30 17:00:00,149.63420734981548,2025-03-31 05:00:00,149.636,建値,breakeven,4,0.47029784054373536,150.33965411063107,149.63420734981548,-0.0017926501845124676,-0.0025411558803387136,1.984290101644016,0.23770606740459815,True
SP500,売り,-1,2025-03-28 05:00:00,2025-03-28 09:00:00,5712.270569348069,2025-03-31 09:00:00,5608.128775672713,トレイル,trail,7,27.88967251039148,5754.105078113656,5607.979345020783,104.14179367535598,2.489375320716621,5.7394209017129345,0.7984830457809503,True
EURUSD,買い,1,2025-03-28 09:00:00,2025-03-28 13:00:00,1.0821863224968553,2025-03-31 13:00:00,1.0811336775031446,時間切れ,time,6,0.00294615124092171,1.0777670956354728,1.0777670956354728,-0.0010526449937107163,-0.23819664088966777,0.9346694307123243,1.2783873565421837,False
AUDUSD,売り,-1,2025-03-30 21:00:00,2025-03-31 01:00:00,0.6278557478820956,2025-03-31 21:00:00,0.6257399354613518,トレイル,trail,6,0.0018928416717237243,0.6306950103896812,0.6256956833434474,0.002115812420743879,0.7451978868072663,3.1411754986782148,0.6309308040628717,True
USDCHF,買い,1,2025-03-31 09:00:00,2025-03-31 13:00:00,0.8845263429665703,2025-04-01 13:00:00,0.8830936570334298,時間切れ,time,6,0.002059315783946591,0.8814373692906504,0.8814373692906504,-0.0014326859331404984,-0.4638064559465205,0.4922300121873849,1.3724670051106411,False
SP500,買い,1,2025-04-02 09:00:00,2025-04-02 13:00:00,5722.059430651931,2025-04-02 13:00:00,5657.294899358396,初期損切り,initial,1,43.0767337610694,5657.444330010327,5657.444330010327,-64.76453129353467,-1.0023126273958685,0.0,1.4999999999999962,False
EURUSD,買い,1,2025-04-02 09:00:00,2025-04-02 13:00:00,1.0852363224968553,2025-04-02 17:00:00,1.0849136775031447,トレイル,trail,2,0.0028856192876915323,1.080907893565318,1.086708761424617,-0.00032264499371059685,-0.07454090128632544,2.5102679116549216,1.4403571928507197,True
GBPUSD,買い,1,2025-04-02 13:00:00,2025-04-02 17:00:00,1.3008362429853746,2025-04-03 09:00:00,1.3137757518341577,トレイル,trail,5,0.0034490025902338267,1.295662739100024,1.3138419948195323,0.012939508848783143,2.501111265311421,5.770873315950757,1.0252943837699329,True
USDCHF,売り,-1,2025-04-02 17:00:00,2025-04-02 21:00:00,0.8781136570334298,2025-04-03 13:00:00,0.8601163429665702,トレイル,trail,5,0.002192746633612632,0.8814027769838487,0.8591154932672252,0.01799731406685956,5.471771883712289,10.664094371406863,0.24003820528183892,True
USDJPY,売り,-1,2025-04-02 17:00:00,2025-04-02 21:00:00,147.88920734981548,2025-04-03 13:00:00,146.51957617615005,トレイル,trail,5,0.6648917629827708,148.88654499428964,146.51778352596554,1.3696311736654252,1.3732873528378244,4.062627182652414,0.33207307185463864,True
AUDUSD,買い,1,2025-04-03 05:00:00,2025-04-03 09:00:00,0.6362042521179043,2025-04-03 21:00:00,0.6314060803885753,初期損切り,initial,4,0.0031692797409497704,0.6314503325064796,0.6314503325064796,-0.004798171729329059,-1.0093085541030304,0.8411210432616636,1.5000000000000089,False
AUDUSD,売り,-1,2025-04-04 01:00:00,2025-04-04 05:00:00,0.6205857478820956,2025-04-04 09:00:00,0.6124922435904177,トレイル,trail,2,0.003728995736256599,0.6261792414864805,0.6124479914725133,0.008093504291677989,1.4469497713080894,4.182291690617916,0.046728966785911125,True
SP500,売り,-1,2025-04-03 13:00:00,2025-04-03 17:00:00,5426.260569348069,2025-04-06 21:00:00,4956.348244023146,トレイル,trail,8,59.34940668560777,5515.284679376481,4956.198813371216,469.9123253249227,5.278483830671851,9.920243558068181,0.1438840104529955,True
USDJPY,買い,1,2025-04-07 09:00:00,2025-04-07 13:00:00,147.94379265018452,2025-04-08 13:00:00,146.53220734981548,時間切れ,time,6,1.1088248391277746,146.28055539149287,146.28055539149287,-1.4115853003690404,-0.8486974982026458,0.18777298493714067,1.3002889178769257,False
EURUSD,売り,-1,2025-04-07 13:00:00,2025-04-07 17:00:00,1.0908336775031446,2025-04-08 17:00:00,1.0956463224968553,時間切れ,time,6,0.006619059375498654,1.1007622665663925,1.1007622665663925,-0.004812644993710702,-0.4847259729507146,0.29818096366540153,1.2624637464028972,False
GBPUSD,売り,-1,2025-04-04 09:00:00,2025-04-04 13:00:00,1.2894437570146253,2025-04-08 21:00:00,1.2827761536652214,トレイル,trail,15,0.005914955339923364,1.2983161900245104,1.2827099106798467,0.006667603349403972,0.7514966122567951,3.1384441551617583,0.678998023580473,True
USDCHF,売り,-1,2025-04-08 17:00:00,2025-04-08 21:00:00,0.8433136570334298,2025-04-09 13:00:00,0.8521897116836779,初期損切り,initial,5,0.005853141122451943,0.8520933687171076,0.8520933687171076,-0.0088760546502481,-1.0109733633678761,1.2580692792770165,1.4999999999999907,False
USDJPY,売り,-1,2025-04-09 05:00:00,2025-04-09 09:00:00,144.3202073498155,2025-04-09 13:00:00,145.91354808850772,初期損切り,initial,2,1.0610320590051419,145.9117554383232,145.9117554383232,-1.593340738692234,-1.0011263562800683,0.10763798213843409,1.5000000000000082,False
SP500,買い,1,2025-04-09 13:00:00,2025-04-09 17:00:00,5495.569430651931,2025-04-10 09:00:00,5271.905889746824,初期損切り,initial,5,149.0094068354509,5272.055320398755,5272.055320398755,-223.66354090510686,-1.000668551313209,0.2223387774749996,1.4999999999999984,False
EURUSD,買い,1,2025-04-10 05:00:00,2025-04-10 09:00:00,1.1097263224968552,2025-04-11 05:00:00,1.13332972508759,トレイル,trail,6,0.007071976207777382,1.099118358185189,1.1333560475844453,0.02360340259073479,2.2250642910607294,5.341318521632366,0.09280609515250096,True
USDCHF,売り,-1,2025-04-10 09:00:00,2025-04-10 13:00:00,0.8264636570334297,2025-04-14 09:00:00,0.8257303066551782,トレイル,trail,12,0.007846981844304001,0.8382341297998858,0.825633963688608,0.0007333503782515072,0.062304241537471675,2.1057340721928632,0.3002865322392343,True
EURUSD,売り,-1,2025-04-15 09:00:00,2025-04-15 13:00:00,1.1274136775031447,2025-04-16 01:00:00,1.1386823510542634,初期損切り,initial,4,0.00749490070284227,1.138656028557408,1.138656028557408,-0.011268673551118713,-1.0023413694100332,0.1045614257234233,1.5000000000000007,False
EURUSD,買い,1,2025-04-16 13:00:00,2025-04-16 17:00:00,1.1391863224968553,2025-04-17 17:00:00,1.1367936775031446,時間切れ,time,6,0.0061023609056350975,1.1300327811384026,1.1300327811384026,-0.002392644993710613,-0.26139008936701585,0.28737689072526273,0.9269072387429779,False
EURUSD,買い,1,2025-04-18 09:00:00,2025-04-18 13:00:00,1.1394763224968554,2025-04-21 09:00:00,1.1487487603590172,トレイル,trail,6,0.004282458572063819,1.1330526346387597,1.1487750828558725,0.009272437862161809,1.4434757832256466,4.171360260126399,0.1018859819687758,True
USDCHF,売り,-1,2025-04-20 17:00:00,2025-04-20 21:00:00,0.8118736570334297,2025-04-21 21:00:00,0.81197,建値,breakeven,7,0.004178634127039312,0.8181416082239887,0.8118736570334297,-9.634296657023977e-05,-0.01537072699534663,1.8866588444333499,0.027842343462765012,True
SP500,売り,-1,2025-04-15 17:00:00,2025-04-15 21:00:00,5377.270569348069,2025-04-22 09:00:00,5283.667133492846,トレイル,trail,22,77.79885142045751,5493.968846478756,5283.517702840915,93.60343585522332,0.8020978386030512,3.205067488727752,0.6075851993812463,True
USDJPY,売り,-1,2025-04-10 17:00:00,2025-04-10 21:00:00,143.3562073498155,2025-04-22 09:00:00,141.17579265018452,トレイル,trail,46,1.2216350178150779,145.1886598765381,141.174,2.1804146996309726,1.1898887790182997,2.838988158687899,0.6931633735409937,True
GBPUSD,買い,1,2025-04-10 01:00:00,2025-04-10 05:00:00,1.2870062429853746,2025-04-22 17:00:00,1.3304207820255167,トレイル,trail,52,0.0059664874945543475,1.278056511743543,1.3304870250108913,0.04341453904014214,4.850932152824911,9.28750073895267,0.14686077632348002,True
SP500,買い,1,2025-04-22 17:00:00,2025-04-22 21:00:00,5397.329430651931,2025-04-23 13:00:00,5397.18,建値,breakeven,5,60.9519007100825,5305.901579586807,5397.329430651931,-0.1494306519307429,-0.001634410632973359,1.6709990691270011,0.3095790357987912,True
AUDUSD,買い,1,2025-04-09 13:00:00,2025-04-09 17:00:00,0.6153742521179044,2025-04-23 17:00:00,0.6359057478820956,最大保有,max,60,0.007051606455343741,0.6047968424348888,0.63493,0.02053149576419122,1.941070297878233,4.052374173609868,0.5394872986738491,True
USDJPY,買い,1,2025-04-23 13:00:00,2025-04-23 17:00:00,143.41979265018452,2025-04-24 05:00:00,142.35524453672716,初期損切り,initial,4,0.7085036421818979,142.35703718691167,142.35703718691167,-1.0645481134573629,-1.0016867946074777,0.0,1.500000000000005,False
USDCHF,買い,1,2025-04-23 09:00:00,2025-04-23 13:00:00,0.8295963429665703,2025-04-24 13:00:00,0.8269836570334298,時間切れ,time,6,0.00496105295742254,0.8221547635304365,0.8221547635304365,-0.0026126859331404573,-0.35109293068271663,0.3071237187964456,1.1341025816207733,False
GBPUSD,買い,1,2025-04-24 13:00:00,2025-04-24 17:00:00,1.3343862429853746,2025-04-24 21:00:00,1.3283870705022502,初期損切り,initial,2,0.003955286331833205,1.3284533134876249,1.3284533134876249,-0.005999172483124315,-1.0111653080319989,0.12230644611795484,1.4999999999999745,False
SP500,買い,1,2025-04-24 09:00:00,2025-04-24 13:00:00,5500.229430651931,2025-04-25 13:00:00,5534.510569348069,時間切れ,time,6,57.94956307187,5413.305086044125,5413.305086044125,34.28113869613844,0.39437902984269735,0.9006205842025383,0.34529044899120964,False
USDCHF,買い,1,2025-04-24 21:00:00,2025-04-25 01:00:00,0.8317363429665703,2025-04-28 01:00:00,0.8269136570334298,時間切れ,time,6,0.004050480657350073,0.8256606219805451,0.8256606219805451,-0.0048226859331405025,-0.7937635622559464,0.42801266814688627,1.2483315918062678,False
USDJPY,買い,1,2025-04-24 21:00:00,2025-04-25 01:00:00,143.62179265018452,2025-04-28 01:00:00,143.3212073498155,時間切れ,time,6,0.638205979187829,142.66448368140277,142.66448368140277,-0.300585300369022,-0.31398985089583165,0.642750715587963,0.6217313267567234,False
AUDUSD,買い,1,2025-04-28 13:00:00,2025-04-28 17:00:00,0.6431442521179044,2025-04-29 09:00:00,0.6390509346396057,初期損切り,initial,5,0.0026993769069295313,0.6390951867575101,0.6390951867575101,-0.004093317478298664,-1.0109289710008675,0.668949888939234,1.499999999999997,False
EURUSD,買い,1,2025-04-28 09:00:00,2025-04-28 13:00:00,1.1411863224968553,2025-04-29 13:00:00,1.1403136775031446,時間切れ,time,6,0.004567839439269141,1.1343345633379516,1.1343345633379516,-0.0008726449937106473,-0.12736072203831977,0.28540353059199053,0.9120991559024567,False
GBPUSD,買い,1,2025-04-28 09:00:00,2025-04-28 13:00:00,1.3413562429853747,2025-04-29 13:00:00,1.3406937570146253,時間切れ,time,6,0.003984308595445909,1.3353797800922058,1.3353797800922058,-0.0006624859707493602,-0.11084917326376878,0.8191526676311467,0.8222864536947598,False
USDCHF,売り,-1,2025-04-28 09:00:00,2025-04-28 13:00:00,0.8209836570334298,2025-04-29 13:00:00,0.8233363429665702,時間切れ,time,6,0.004137111278720945,0.8271893239515112,0.8271893239515112,-0.0023526859331404193,-0.37911895114534927,0.31269573049282773,1.321294642154328,False
USDJPY,売り,-1,2025-04-28 13:00:00,2025-04-28 17:00:00,142.01320734981547,2025-04-29 17:00:00,142.3157926501845,時間切れ,time,6,0.6085107028988487,142.92597340416376,142.92597340416376,-0.30258530036903153,-0.33150367383576884,0.06771836488521925,1.2288898890720508,False
SP500,買い,1,2025-04-29 13:00:00,2025-04-29 17:00:00,5578.319430651931,2025-04-30 05:00:00,5512.773189299076,初期損切り,initial,4,43.59787380061605,5512.922619951007,5512.922619951007,-65.54624135285485,-1.0022849837832941,0.10277036372370192,1.5000000000000007,False
AUDUSD,売り,-1,2025-04-30 05:00:00,2025-04-30 09:00:00,0.6372257478820956,2025-04-30 13:00:00,0.6412267037408755,初期損切り,initial,2,0.0026378024939169883,0.6411824516229712,0.6411824516229712,-0.004000955858779909,-1.0111840867556678,0.6125355805909202,1.5000000000000193,False
GBPUSD,売り,-1,2025-04-30 01:00:00,2025-04-30 05:00:00,1.3366637570146254,2025-05-01 05:00:00,1.3345522322093888,トレイル,trail,7,0.0034879946120071415,1.341895748932636,1.3344859892240142,0.0021115248052365754,0.40357952350190385,2.62436099617652,0.22828102504336625,True
USDCHF,買い,1,2025-04-30 21:00:00,2025-05-01 01:00:00,0.8276063429665702,2025-05-02 01:00:00,0.82751,建値,breakeven,7,0.003362606924178659,0.8225624325803023,0.8276063429665702,-9.634296657023977e-05,-0.01910084818963732,1.7021487085731413,0.5907151835938617,True
USDJPY,買い,1,2025-04-30 01:00:00,2025-04-30 05:00:00,142.9127926501845,2025-05-02 01:00:00,144.9060119753048,トレイル,trail,12,0.5090976872553312,142.14914611930152,144.90780462548932,1.9932193251202932,2.610133411875195,5.918721348078408,0.79118931448319,True
EURUSD,売り,-1,2025-04-30 09:00:00,2025-04-30 13:00:00,1.1355436775031447,2025-05-02 05:00:00,1.1341263224968554,トレイル,trail,11,0.003982601589275639,1.141517579887058,1.1341,0.001417355006289256,0.2372578115949657,2.245687222951997,0.24012507287462234,True
GBPUSD,買い,1,2025-05-05 05:00:00,2025-05-05 09:00:00,1.3331762429853746,2025-05-05 09:00:00,1.3275692541302249,初期損切り,initial,1,0.0036938305798501453,1.3276354971155995,1.3276354971155995,-0.005606988855149764,-1.01195560795089,0.0,1.499999999999983,False
AUDUSD,買い,1,2025-05-02 05:00:00,2025-05-02 09:00:00,0.6446242521179044,2025-05-05 17:00:00,0.64458,建値,breakeven,9,0.0026511399879233046,0.6406475421360195,0.6446242521179044,-4.425211790437533e-05,-0.011127821265809247,1.8089380055152022,0.4504673926479281,True
SP500,買い,1,2025-04-30 13:00:00,2025-04-30 17:00:00,5622.109430651931,2025-05-05 21:00:00,5655.040569348069,トレイル,trail,20,50.41660090896412,5546.484529288485,5655.19,32.93113869613808,0.43545364162359845,2.030889974771466,0.4179066075869595,True
EURUSD,売り,-1,2025-05-05 17:00:00,2025-05-05 21:00:00,1.1285936775031447,2025-05-06 01:00:00,1.1343540882491232,初期損切り,initial,2,0.003822725499415516,1.134327765752268,1.134327765752268,-0.00576041074597855,-1.0045905287312766,0.15791808834741256,1.4999999999999933,False
SP500,売り,-1,2025-05-06 01:00:00,2025-05-06 05:00:00,5634.290569348069,2025-05-06 17:00:00,5687.993127710704,初期損切り,initial,4,35.70208514047004,5687.843697058774,5687.843697058774,-53.7025583626355,-1.002790325389353,0.8176152522525798,1.4999999999999916,False
GBPUSD,買い,1,2025-05-06 05:00:00,2025-05-06 09:00:00,1.3396862429853746,2025-05-07 05:00:00,1.333162919359049,初期損切り,initial,6,0.004304720427300685,1.3332291623444237,1.3332291623444237,-0.006523323626325572,-1.0102589682641456,0.014810953626861554,1.499999999999985,False
AUDUSD,買い,1,2025-05-06 13:00:00,2025-05-06 17:00:00,0.6496142521179044,2025-05-07 09:00:00,0.6457480162074494,初期損切り,initial,5,0.0025479891950337384,0.6457922683253537,0.6457922683253537,-0.003866235910454985,-1.0115783112399974,0.7361679106613402,1.5000000000000007,False
USDJPY,売り,-1,2025-05-05 05:00:00,2025-05-05 09:00:00,143.6372073498155,2025-05-07 09:00:00,143.55041932103128,トレイル,trail,13,0.5973133354233763,144.53317735295056,143.54862667084677,0.08678802878421266,0.0968648821729913,2.1482985122137706,1.0711173051761913,True
EURUSD,買い,1,2025-05-06 13:00:00,2025-05-06 17:00:00,1.1368863224968553,2025-05-07 13:00:00,1.1310823316395666,初期損切り,initial,6,0.003851778906955604,1.131108654136422,1.131108654136422,-0.005803990857288666,-1.0045559030413587,0.23980543158297912,1.499999999999989,False
AUDUSD,売り,-1,2025-05-07 13:00:00,2025-05-07 17:00:00,0.6423457478820956,2025-05-07 21:00:00,0.646357343601616,初期損切り,initial,2,0.0026448957344106807,0.6463130914837116,0.6463130914837116,-0.004011595719520367,-1.0111540925989673,-0.0,1.4999999999999887,False
USDCHF,売り,-1,2025-05-07 09:00:00,2025-05-07 13:00:00,0.8201836570334298,2025-05-08 01:00:00,0.825401635420988,初期損切り,initial,4,0.003414423613992017,0.8253052924544177,0.8253052924544177,-0.00521797838755822,-1.0188109770905185,0.47552887895227963,1.4999999999999867,False
EURUSD,売り,-1,2025-05-08 09:00:00,2025-05-08 13:00:00,1.1225936775031446,2025-05-09 09:00:00,1.1290620510124907,初期損切り,initial,6,0.004294700674993879,1.1290357285156354,1.1290357285156354,-0.006468373509346037,-1.0040860429084124,0.6854208770088058,1.4999999999999807,False
USDJPY,買い,1,2025-05-08 01:00:00,2025-05-08 05:00:00,144.81179265018451,2025-05-09 09:00:00,144.90436555267033,トレイル,trail,8,0.6419208985725822,143.84891130232563,144.90615820285484,0.09257290248581285,0.09614154713004264,2.147004954785171,0.5869767615018822,True
USDCHF,買い,1,2025-05-08 09:00:00,2025-05-08 13:00:00,0.8309463429665702,2025-05-09 13:00:00,0.8312636570334297,時間切れ,time,6,0.00376888949330068,0.8252930087266191,0.8252930087266191,0.0003173140668595309,0.05612865848566563,0.8447201859032673,1.060350263300073,False
GBPUSD,売り,-1,2025-05-08 13:00:00,2025-05-08 17:00:00,1.3248337570146254,2025-05-11 17:00:00,1.3275362429853745,時間切れ,time,6,0.005035464153458511,1.3323869532448132,1.3323869532448132,-0.00270248597074918,-0.35779369268180633,0.7176611538666714,1.4728022600023625,False
AUDUSD,売り,-1,2025-05-12 09:00:00,2025-05-12 13:00:00,0.6363757478820956,2025-05-12 21:00:00,0.6407246536051755,初期損切り,initial,3,0.0028697690701169924,0.6406804014872711,0.6406804014872711,-0.004348905723079888,-1.0102800647771508,0.25289417523270447,1.5000000000000082,False
USDCHF,買い,1,2025-05-12 01:00:00,2025-05-12 05:00:00,0.8416763429665702,2025-05-13 01:00:00,0.84158,建値,breakeven,6,0.003949406361345575,0.8357522334245518,0.8416763429665702,-9.634296657023977e-05,-0.016262860415882083,1.512545554161344,0.15859167410589606,True
EURUSD,売り,-1,2025-05-12 01:00:00,2025-05-12 05:00:00,1.1137136775031447,2025-05-13 09:00:00,1.11374,建値,breakeven,8,0.004376365746211053,1.1202782261224613,1.1137136775031447,-2.632249685530219e-05,-0.00400979539977001,1.639186009385838,0.10655473602932487,True
GBPUSD,売り,-1,2025-05-12 01:00:00,2025-05-12 05:00:00,1.3193337570146253,2025-05-13 09:00:00,1.3266370677248531,初期損切り,initial,8,0.004824711816568746,1.3265708247394785,1.3265708247394785,-0.007303310710227828,-1.009153290793068,1.0992899091737272,1.5000000000000207,False
USDJPY,買い,1,2025-05-12 01:00:00,2025-05-12 05:00:00,147.75979265018452,2025-05-14 01:00:00,146.66084615182572,初期損切り,initial,12,0.731435898782855,146.66263880201024,146.66263880201024,-1.0989464983587993,-1.0016339095811404,1.2211696900600721,1.500000000000006,False
AUDUSD,買い,1,2025-05-13 09:00:00,2025-05-13 13:00:00,0.6473742521179043,2025-05-14 09:00:00,0.6428140225761131,初期損切り,initial,6,0.0030106516159245744,0.6428582746940175,0.6428582746940175,-0.00456022954179125,-1.0097990122072622,0.9086896230786498,1.5000000000000042,False
GBPUSD,買い,1,2025-05-14 01:00:00,2025-05-14 05:00:00,1.3347862429853745,2025-05-14 09:00:00,1.3284166987080483,初期損切り,initial,2,0.004202200861301009,1.328482941693423,1.328482941693423,-0.006369544277326167,-1.010509252581538,0.29359782060572326,1.5000000000000102,False
USDJPY,売り,-1,2025-05-15 17:00:00,2025-05-15 21:00:00,145.0902073498155,2025-05-16 09:00:00,146.0414235777422,初期損切り,initial,4,0.6329490518281258,146.03963092755768,146.03963092755768,-0.9512162279266931,-1.0018881458461013,0.2673317059671584,1.4999999999999873,False
EURUSD,売り,-1,2025-05-16 09:00:00,2025-05-16 13:00:00,1.1144836775031446,2025-05-18 21:00:00,1.1199226139728542,初期損切り,initial,3,0.0036084093152362654,1.119896291475999,1.119896291475999,-0.00543893646970961,-1.0048631764591427,0.14789827220852533,1.499999999999975,False
SP500,買い,1,2025-05-07 21:00:00,2025-05-08 01:00:00,5697.909430651931,2025-05-19 01:00:00,5898.794855016081,トレイル,trail,43,39.157857165994166,5639.172644902939,5898.944285668012,200.8854243641499,3.4200956317668427,7.1339595566701615,1.1456048389411877,True
USDJPY,売り,-1,2025-05-18 17:00:00,2025-05-18 21:00:00,144.9052073498155,2025-05-19 21:00:00,145.2757926501845,時間切れ,time,6,0.6140709098018096,145.82631371451822,145.82631371451822,-0.37058530036901516,-0.40232628344569193,0.39280048275428037,0.9930329550724,False
AUDUSD,買い,1,2025-05-19 05:00:00,2025-05-19 09:00:00,0.6440042521179044,2025-05-20 05:00:00,0.6403782446591011,初期損切り,initial,6,0.0023878368939326054,0.6404224967770055,0.6404224967770055,-0.00362600745880326,-1.0123548689657977,1.0493798334646216,1.49999999999999,False
EURUSD,買い,1,2025-05-19 01:00:00,2025-05-19 05:00:00,1.1257663224968553,2025-05-20 05:00:00,1.1258036775031448,時間切れ,time,6,0.0038277758864135557,1.1200246586672349,1.1200246586672349,3.735500628954114e-05,0.0065059549632342775,0.7977681018325815,1.030970102210645,False
GBPUSD,買い,1,2025-05-19 01:00:00,2025-05-19 05:00:00,1.3368062429853746,2025-05-20 05:00:00,1.3373237570146255,時間切れ,time,6,0.0037676622781115917,1.3311547495682072,1.3311547495682072,0.0005175140292508207,0.09157119915928459,0.9511884957007224,0.6094609378114099,False
SP500,買い,1,2025-05-19 09:00:00,2025-05-19 13:00:00,5977.50943065193,2025-05-20 13:00:00,5964.430569348069,時間切れ,time,6,31.40569720700525,5930.400884841422,5930.400884841422,-13.078861303861231,-0.2776324566771896,0.4505733228846472,0.8396384413350394,False
GBPUSD,買い,1,2025-05-20 17:00:00,2025-05-20 21:00:00,1.3409762429853747,2025-05-21 05:00:00,1.3398337570146255,建値,breakeven,3,0.0034744438385291426,1.335764577227581,1.3409762429853747,-0.0011424859707491741,-0.2192170457287402,1.7135856244393188,0.5371343075629281,True
EURUSD,買い,1,2025-05-20 17:00:00,2025-05-20 21:00:00,1.1295663224968553,2025-05-22 01:00:00,1.12954,建値,breakeven,8,0.0034978512772493474,1.1243195455809813,1.1295663224968553,-2.632249685530219e-05,-0.005016888897194007,1.91937191464132,0.25624945882778694,True
USDCHF,売り,-1,2025-05-20 13:00:00,2025-05-20 17:00:00,0.8282436570334297,2025-05-22 05:00:00,0.8273831536866171,トレイル,trail,10,0.003158405360023406,0.8329812650734648,0.8272868107200468,0.0008605033468126466,0.18163244817658442,2.302952345982545,0.16664832615607664,True
USDJPY,売り,-1,2025-05-20 01:00:00,2025-05-20 05:00:00,144.48520734981548,2025-05-22 09:00:00,143.96691853259486,トレイル,trail,14,0.580062941205165,145.35530176162322,143.96512588241035,0.5182888172206219,0.595669631004527,2.896594887314471,0.8461024059989486,True
SP500,売り,-1,2025-05-21 13:00:00,2025-05-21 17:00:00,5862.45056934807,2025-05-23 13:00:00,5823.657999138054,トレイル,trail,12,33.27428424306169,5912.361995712662,5823.508568486123,38.79257021001558,0.7772282428204709,3.170333239251159,0.9740083487652487,True
USDJPY,売り,-1,2025-05-23 05:00:00,2025-05-23 09:00:00,142.60920734981548,2025-05-26 09:00:00,142.97879265018452,時間切れ,time,6,0.589078465586451,143.49282504819516,143.49282504819516,-0.3695853003690388,-0.41826380463718804,0.6454273446186028,0.8076897696656758,False
AUDUSD,買い,1,2025-05-23 09:00:00,2025-05-23 13:00:00,0.6488142521179043,2025-05-26 13:00:00,0.64877,建値,breakeven,7,0.0025078777154252047,0.6450524355447665,0.6488142521179043,-4.425211790437533e-05,-0.011763496981848785,1.9561352022556158,0.041569856960369626,True
USDCHF,売り,-1,2025-05-23 09:00:00,2025-05-23 13:00:00,0.8207936570334298,2025-05-26 13:00:00,0.8203763429665702,時間切れ,time,6,0.0031368053418408754,0.8254988650461911,0.8254988650461911,0.0004173140668595199,0.0886919485233584,0.4857352839547056,0.8053872304003619,False
GBPUSD,買い,1,2025-05-23 01:00:00,2025-05-23 05:00:00,1.3488662429853746,2025-05-27 01:00:00,1.3522061593111485,トレイル,trail,12,0.0035187988517384867,1.3435880447077668,1.3522724022965231,0.003339916325773906,0.6327758356375496,2.9679892073016907,0.4280560068474922,True
EURUSD,買い,1,2025-05-23 13:00:00,2025-05-25 17:00:00,1.1366763224968552,2025-05-27 21:00:00,1.1310426339005513,初期損切り,initial,14,0.0037382440662990855,1.1310689563974066,1.1310689563974066,-0.005633688596303976,-1.004694271140587,1.3920111717843184,1.5000000000000122,False
SP500,買い,1,2025-05-27 01:00:00,2025-05-27 05:00:00,5901.029430651931,2025-05-28 13:00:00,5900.88,建値,breakeven,9,32.702220720858556,5851.976099570643,5901.029430651931,-0.1494306519307429,-0.0030462895920995987,1.5665776885724711,0.9953278381235494,True
USDJPY,買い,1,2025-05-27 09:00:00,2025-05-27 13:00:00,144.37879265018452,2025-05-29 01:00:00,145.21307782343618,トレイル,trail,10,0.5365647631896561,143.57394550540005,145.2148704736207,0.8342851732516579,1.0365759245813768,3.5582048632229206,0.9817876355744146,True
EURUSD,売り,-1,2025-05-28 17:00:00,2025-05-28 21:00:00,1.1234536775031447,2025-05-29 05:00:00,1.1288376522548207,初期損切り,initial,3,0.0035717681698804312,1.1288113297579654,1.1288113297579654,-0.005383974751675957,-1.004913065574875,0.30060111745179174,1.5000000000000022,False
USDCHF,買い,1,2025-05-27 01:00:00,2025-05-27 05:00:00,0.8250863429665702,2025-05-29 05:00:00,0.8288145886486752,トレイル,trail,13,0.0029495341923773386,0.8206620416780043,0.8289109316152454,0.003728245682104947,0.8426744561316563,3.296675474574681,0.19201098533925964,True
SP500,売り,-1,2025-05-30 09:00:00,2025-05-30 13:00:00,5864.770569348069,2025-05-30 13:00:00,5919.076128870687,初期損切り,initial,1,36.10408591379147,5918.926698218756,5918.926698218756,-54.30555952261784,-1.0027592565245467,-0.0,1.499999999999997,False
AUDUSD,買い,1,2025-06-02 01:00:00,2025-06-02 05:00:00,0.6478142521179043,2025-06-03 05:00:00,0.6454757478820956,時間切れ,time,6,0.0024731036606701106,0.6441045966268991,0.6441045966268991,-0.002338504235808725,-0.6303831289668047,0.8999816374427798,1.1055954351559507,False
EURUSD,買い,1,2025-06-02 01:00:00,2025-06-02 05:00:00,1.1420463224968553,2025-06-03 05:00:00,1.1411336775031446,時間切れ,time,6,0.00382339278978841,1.1363112333121728,1.1363112333121728,-0.0009126449937106873,-0.15913353120090912,0.8954553432984111,0.42013012661048993,False
GBPUSD,買い,1,2025-06-02 01:00:00,2025-06-02 05:00:00,1.3543562429853746,2025-06-03 05:00:00,1.3514737570146254,時間切れ,time,6,0.0037382616825453402,1.3487488504615566,1.3487488504615566,-0.002882485970749249,-0.5140510421743396,0.4263363964237555,1.020860311409792,False
USDCHF,売り,-1,2025-06-02 01:00:00,2025-06-02 05:00:00,0.8176236570334298,2025-06-03 05:00:00,0.8190263429665703,時間切れ,time,6,0.0030650850405294556,0.822221284594224,0.822221284594224,-0.001402685933140524,-0.30508907356954923,0.6276031522758317,0.5012399154526729,False
USDJPY,売り,-1,2025-06-02 01:00:00,2025-06-02 05:00:00,142.93120734981548,2025-06-03 05:00:00,142.8027926501845,時間切れ,time,6,0.5798748499260435,143.80101962470454,143.80101962470454,0.12841469963098007,0.1476349591035122,0.9540116283471333,0.5877003464247076,False
AUDUSD,買い,1,2025-06-04 09:00:00,2025-06-04 13:00:00,0.6503842521179044,2025-06-05 13:00:00,0.65034,建値,breakeven,7,0.0021792945510595843,0.6471153102913151,0.6503842521179044,-4.425211790437533e-05,-0.013537138392745708,1.5719526671738713,0.8095519336964532,True
SP500,買い,1,2025-06-02 13:00:00,2025-06-02 17:00:00,5947.08943065193,2025-06-05 13:00:00,5946.94,建値,breakeven,18,36.10824599617713,5892.927061657665,5947.08943065193,-0.1494306519307429,-0.0027589386266794105,1.880195713612258,1.0388051154825308,True
GBPUSD,買い,1,2025-06-05 09:00:00,2025-06-05 13:00:00,1.3587262429853746,2025-06-06 01:00:00,1.3536644999360286,初期損切り,initial,4,0.0033303333759808844,1.3537307429214032,1.3537307429214032,-0.005061743049346035,-1.0132605313835281,0.05817946516187745,1.5000000000000295,False
USDJPY,買い,1,2025-06-06 01:00:00,2025-06-06 05:00:00,144.0587926501845,2025-06-09 01:00:00,144.057,建値,breakeven,6,0.5347065516910569,143.2567328226479,144.0587926501845,-0.0017926501845124676,-0.002235057938281664,1.9322885544377617,0.10434255949934654,True
EURUSD,売り,-1,2025-06-06 05:00:00,2025-06-06 09:00:00,1.1396336775031446,2025-06-09 09:00:00,1.1400663224968552,時間切れ,time,6,0.003212199299872238,1.144451976452953,1.144451976452953,-0.00043264499371065135,-0.08979206110236462,0.7700884260958006,1.3375018471071145,False
SP500,買い,1,2025-06-09 21:00:00,2025-06-10 01:00:00,6031.00943065193,2025-06-10 01:00:00,5994.767777464983,初期損切り,initial,1,24.06148169001118,5994.917208116914,5994.917208116914,-36.24165318694759,-1.0041402452227994,0.0,1.500000000000003,False
GBPUSD,売り,-1,2025-06-10 01:00:00,2025-06-10 05:00:00,1.3487437570146255,2025-06-11 05:00:00,1.3495162429853746,時間切れ,time,6,0.0035255940779406678,1.3540321481315365,1.3540321481315365,-0.0007724859707491927,-0.14607201957490787,0.6449287593407582,1.3972802530494204,False
USDCHF,買い,1,2025-06-06 01:00:00,2025-06-06 05:00:00,0.8221263429665703,2025-06-11 17:00:00,0.8182183992622958,初期損切り,initial,22,0.0025410671584694916,0.818314742228866,0.818314742228866,-0.003907943704274497,-1.0252762482747046,1.0679202335857192,1.5000000000000078,False
SP500,買い,1,2025-06-10 13:00:00,2025-06-10 17:00:00,6041.449430651931,2025-06-11 21:00:00,6002.639022078753,初期損切り,initial,8,25.773985280831216,6002.788452730684,6002.788452730684,-38.81040857317748,-1.0038651544778576,1.2924105055977988,1.4999999999999967,False
GBPUSD,買い,1,2025-06-11 17:00:00,2025-06-11 21:00:00,1.3583662429853747,2025-06-12 01:00:00,1.352875499502954,初期損切り,initial,2,0.003616333664697447,1.3529417424883285,1.3529417424883285,-0.005490743482420735,-1.0122118129421567,0.26926636336992643,1.4999999999999876,False
AUDUSD,売り,-1,2025-06-11 21:00:00,2025-06-12 01:00:00,0.6494257478820956,2025-06-12 05:00:00,0.6526404888549799,初期損切り,initial,2,0.0021136592366532625,0.6525962367370756,0.6525962367370756,-0.0032147409728843224,-1.0139575062170372,0.7928183753729969,1.5000000000000253,False
EURUSD,買い,1,2025-06-11 05:00:00,2025-06-11 09:00:00,1.1461063224968553,2025-06-12 09:00:00,1.1568101091687757,トレイル,trail,7,0.0032017841671845393,1.1413036462460784,1.156836431665631,0.010703786671920401,2.2287129327505926,5.351290595646586,0.2518353688919443,True
USDJPY,売り,-1,2025-06-11 21:00:00,2025-06-12 01:00:00,143.9452073498155,2025-06-13 01:00:00,143.8234404164274,トレイル,trail,7,0.5128238831214356,144.71444317449763,143.82164776624288,0.12176693338810196,0.15829597306965754,2.2409396044906282,0.37984317149747415,True
AUDUSD,売り,-1,2025-06-12 21:00:00,2025-06-13 01:00:00,0.6469357478820956,2025-06-13 09:00:00,0.6508569254220468,初期損切り,initial,3,0.0025846169480312,0.6508126733041424,0.6508126733041424,-0.003921177539951137,-1.0114142298566513,0.2769260963953748,1.4999999999999853,False
SP500,売り,-1,2025-06-12 17:00:00,2025-06-12 21:00:00,5959.290569348069,2025-06-13 09:00:00,6007.362695539675,初期損切り,initial,4,31.948463693116587,6007.213264887744,6007.213264887744,-48.072126191606,-1.0031181604091408,0.9900497767873553,1.500000000000012,False
GBPUSD,買い,1,2025-06-16 09:00:00,2025-06-16 13:00:00,1.3609262429853746,2025-06-17 01:00:00,1.3547930191314355,初期損切り,initial,4,0.004044653912376266,1.35485926211681,1.35485926211681,-0.006133223853939107,-1.0109186079220953,0.04543207369688533,1.5000000000000244,False
EURUSD,買い,1,2025-06-16 01:00:00,2025-06-16 05:00:00,1.1578663224968553,2025-06-17 05:00:00,1.1551336775031447,時間切れ,time,6,0.003961678656345503,1.151923804512337,1.151923804512337,-0.00273264499371062,-0.45984631444613944,0.9121581573398648,0.9153499845443027,False
AUDUSD,買い,1,2025-06-16 05:00:00,2025-06-16 09:00:00,0.6527642521179043,2025-06-17 09:00:00,0.6521457478820957,時間切れ,time,6,0.0027123744507333617,0.6486956904418043,0.6486956904418043,-0.0006185042358086701,-0.15202036617558248,0.9016999409629245,0.908522094815514,False
USDJPY,買い,1,2025-06-16 17:00:00,2025-06-16 21:00:00,145.06379265018452,2025-06-17 21:00:00,145.31720734981548,時間切れ,time,6,0.5370884509749803,144.25815997372206,144.25815997372206,0.25341469963095165,0.3145536508569817,0.7060426436783552,1.226599918483841,False
EURUSD,売り,-1,2025-06-17 09:00:00,2025-06-17 13:00:00,1.1502536775031447,2025-06-18 13:00:00,1.1503463224968553,時間切れ,time,6,0.0037240425890385774,1.1558397413867025,1.1558397413867025,-9.264499371064439e-05,-0.01658502223423143,0.7448028417582307,0.7428278358034134,False
SP500,買い,1,2025-06-16 01:00:00,2025-06-16 05:00:00,6065.9294306519305,2025-06-18 21:00:00,6012.653475899416,初期損切り,initial,17,35.417682733722806,6012.8029065513465,6012.8029065513465,-53.275954752514735,-1.0028127315773119,1.1903819249000906,1.4999999999999938,False
USDCHF,買い,1,2025-06-17 09:00:00,2025-06-17 13:00:00,0.8152863429665702,2025-06-19 05:00:00,0.8159536570334298,トレイル,trail,11,0.0025764354777711063,0.8114216897499136,0.8164171290444578,0.0006673140668596034,0.1726711374732095,2.4388955545922895,0.4526963615557985,True
GBPUSD,売り,-1,2025-06-17 09:00:00,2025-06-17 13:00:00,1.3471437570146254,2025-06-19 13:00:00,1.3467279165164243,トレイル,trail,13,0.004190836765524858,1.3534300121629126,1.3466616735310497,0.00041584049820109215,0.06615075086705469,2.1150327513449225,0.12795606590690514,True
EURUSD,売り,-1,2025-06-18 21:00:00,2025-06-19 01:00:00,1.1468936775031446,2025-06-19 17:00:00,1.1521903570677574,初期損切り,initial,5,0.003513571378504991,1.152164034570902,1.152164034570902,-0.005296679564612772,-1.0049944427895254,0.641420725627457,1.4999999999999953,False
SP500,売り,-1,2025-06-19 01:00:00,2025-06-19 05:00:00,6008.440569348069,2025-06-20 05:00:00,6054.189837454143,初期損切り,initial,6,30.39989163609519,6054.040406802213,6054.040406802213,-45.74926810607394,-1.0032769996621465,1.2329178602586517,1.5000000000000135,False
AUDUSD,売り,-1,2025-06-19 05:00:00,2025-06-19 09:00:00,0.6461857478820956,2025-06-20 09:00:00,0.6490442521179044,時間切れ,time,6,0.002631015569724424,0.6501322712366823,0.6501322712366823,-0.002858504235808801,-0.7243094691145454,0.6217172946137183,1.282490364835756,False
USDJPY,買い,1,2025-06-19 05:00:00,2025-06-19 09:00:00,145.54579265018452,2025-06-20 09:00:00,145.5892073498155,時間切れ,time,6,0.4819576987456985,144.82285610206597,144.82285610206597,0.04341469963097211,0.060053264347970044,0.44237772395863284,0.8730904211710743,False
EURUSD,買い,1,2025-06-20 09:00:00,2025-06-20 13:00:00,1.1536263224968553,2025-06-22 17:00:00,1.1479536775031447,初期損切り,initial,2,0.0032889781938343055,1.1486928552061038,1.1486928552061038,-0.005672644993710563,-1.1498292497742524,0.2352333939444199,1.716740630096046,False
GBPUSD,買い,1,2025-06-19 17:00:00,2025-06-19 21:00:00,1.3488662429853746,2025-06-22 17:00:00,1.3404437570146255,初期損切り,initial,6,0.004027844817062336,1.3428244757597811,1.3428244757597811,-0.008422485970749127,-1.3940434406460862,0.5669923044083653,2.0746189004046713,False
AUDUSD,売り,-1,2025-06-22 17:00:00,2025-06-22 21:00:00,0.6436457478820956,2025-06-23 09:00:00,0.6423764280863625,トレイル,trail,4,0.0025360879842290275,0.6474498798584392,0.6423321759684582,0.0012693197957330815,0.3336687064556386,2.5179520276134397,0.25797690063314893,True
AUDUSD,買い,1,2025-06-24 01:00:00,2025-06-24 05:00:00,0.6503242521179043,2025-06-25 05:00:00,0.6496457478820956,時間切れ,time,6,0.0029547939823688354,0.645892061144351,0.645892061144351,-0.0006785042358087301,-0.15308551455867855,0.5535911782195634,0.5530849621516382,False
USDJPY,売り,-1,2025-06-24 01:00:00,2025-06-24 05:00:00,145.0932073498155,2025-06-25 05:00:00,145.904290037831,初期損切り,initial,7,0.5395266918873396,145.9024973876465,145.9024973876465,-0.8110826880155173,-1.0022150898944864,1.0716936872814393,1.4999999999999916,False
USDJPY,売り,-1,2025-06-26 01:00:00,2025-06-26 05:00:00,143.9282073498155,2025-06-26 17:00:00,144.74393955218724,初期損切り,initial,4,0.5426263681248172,144.74214690200273,144.74214690200273,-0.8157322023717484,-1.0022024365073614,0.050140117424639315,1.5000000000000184,False
AUDUSD,買い,1,2025-06-25 17:00:00,2025-06-25 21:00:00,0.6520142521179044,2025-06-27 13:00:00,0.65197,建値,breakeven,11,0.0023418950544897644,0.6485014095361697,0.6520142521179044,-4.425211790437533e-05,-0.012597239094762845,1.8770046393275888,0.4330903368022099,True
GBPUSD,買い,1,2025-06-23 13:00:00,2025-06-23 17:00:00,1.3517862429853746,2025-06-30 09:00:00,1.3682637570146254,トレイル,trail,29,0.004499929576505516,1.3450363486206163,1.36833,0.016477514029250795,2.441151392721223,5.618700600701364,0.09027763178687123,True
USDCHF,売り,-1,2025-06-23 09:00:00,2025-06-23 13:00:00,0.8130336570334298,2025-07-01 09:00:00,0.7927674576525503,トレイル,trail,36,0.0027255573429899875,0.8171219930479148,0.7926711146859801,0.02026619938087948,4.957077722837923,9.470964571639385,0.18577593602004114,True
USDJPY,売り,-1,2025-06-30 17:00:00,2025-06-30 21:00:00,143.56720734981548,2025-07-01 09:00:00,143.569,建値,breakeven,4,0.48155189836179274,144.28953519735816,143.56720734981548,-0.0017926501845124676,-0.0024817680650288418,1.8361621100934236,0.7679185804116767,True
AUDUSD,買い,1,2025-06-30 09:00:00,2025-06-30 13:00:00,0.6572842521179044,2025-07-01 13:00:00,0.6566557478820956,時間切れ,time,6,0.0022788436677625415,0.6538659866162606,0.6538659866162606,-0.0006285042358088466,-0.18386641865782655,0.7660674169060605,0.8180693323885685,False
EURUSD,買い,1,2025-06-23 09:00:00,2025-06-23 13:00:00,1.1545063224968553,2025-07-02 05:00:00,1.1761136775031447,トレイル,trail,41,0.0037827871978835257,1.14883214170003,1.17614,0.021607355006289408,3.808013135284436,7.527168728675969,0.11534418248519152,True
GBPUSD,買い,1,2025-06-30 17:00:00,2025-06-30 21:00:00,1.3741362429853745,2025-07-02 05:00:00,1.3686598499615588,初期損切り,initial,9,0.003606766692294105,1.3687260929469334,1.3687260929469334,-0.005476393023815751,-1.012244204856411,1.3180106783124867,1.4999999999999958,False
USDCHF,買い,1,2025-07-03 05:00:00,2025-07-03 09:00:00,0.7975863429665703,2025-07-03 09:00:00,0.7935874315410781,初期損切り,initial,1,0.002601712305947903,0.7936837745076484,0.7936837745076484,-0.003998911425492135,-1.0246870663729235,0.0,1.500000000000016,False
USDJPY,買い,1,2025-07-03 05:00:00,2025-07-03 09:00:00,145.00979265018452,2025-07-04 01:00:00,144.20975272928646,初期損切り,initial,5,0.5321648471423608,144.21154537947098,144.21154537947098,-0.8000399208980582,-1.002245732932998,0.38560861529545115,1.5000000000000087,False
EURUSD,売り,-1,2025-07-03 05:00:00,2025-07-03 09:00:00,1.1738136775031447,2025-07-04 09:00:00,1.1766863224968553,時間切れ,time,6,0.003519259253401702,1.1790925663832472,1.1790925663832472,-0.002872644993710649,-0.5441760679104961,0.12322976851603411,1.473697196886611,False
SP500,買い,1,2025-06-23 13:00:00,2025-06-23 17:00:00,6075.979430651931,2025-07-07 09:00:00,6276.330569348069,トレイル,trail,58,38.00005523756095,6018.979347795589,6276.48,200.35113869613815,3.514927148458496,6.766847251682414,0.011037632690483197,True
EURUSD,売り,-1,2025-07-07 09:00:00,2025-07-07 13:00:00,1.1694136775031447,2025-07-07 17:00:00,1.1739869820421682,初期損切り,initial,2,0.003031321361445443,1.173960659545313,1.173960659545313,-0.004573304539023493,-1.0057890039175912,0.2486300240979136,1.5000000000000087,False
AUDUSD,売り,-1,2025-07-06 21:00:00,2025-07-07 01:00:00,0.6503857478820956,2025-07-07 21:00:00,0.6534811178254205,初期損切り,initial,6,0.0020340785502803425,0.6534368657075161,0.6534368657075161,-0.0030953699433249326,-1.0145035755537628,0.8975798313412834,1.5000000000000215,False
GBPUSD,売り,-1,2025-07-06 21:00:00,2025-07-07 01:00:00,1.3616237570146255,2025-07-08 13:00:00,1.359473975925438,トレイル,trail,10,0.0034188664700316165,1.366752056719673,1.3594077329400633,0.002149781089187508,0.4191995813098891,2.6481750878505887,0.9202591013580842,True
USDJPY,買い,1,2025-07-07 01:00:00,2025-07-07 05:00:00,145.3407926501845,2025-07-09 09:00:00,146.30536553639783,トレイル,trail,14,0.43842090670883066,144.68316129012126,146.30715818658234,0.9645728862133183,1.4667379702217258,4.204195834665383,0.14550549302816673,True
USDCHF,売り,-1,2025-07-09 13:00:00,2025-07-09 17:00:00,0.7941836570334297,2025-07-10 09:00:00,0.7973895333147429,初期損切り,initial,5,0.0020730222098286695,0.7972931903481727,0.7972931903481727,-0.0032058762813131914,-1.0309830951523828,1.0678404808855126,1.4999999999999747,False
SP500,買い,1,2025-07-09 13:00:00,2025-07-09 17:00:00,6304.829430651931,2025-07-10 17:00:00,6304.68,建値,breakeven,7,20.22824056571013,6274.487069803366,6304.829430651931,-0.1494306519307429,-0.004924819551007649,1.5162252618282646,0.8487851722030592,True
AUDUSD,買い,1,2025-07-10 09:00:00,2025-07-10 13:00:00,0.6573842521179044,2025-07-11 13:00:00,0.6578657478820956,時間切れ,time,6,0.002168562844662899,0.6541314078509101,0.6541314078509101,0.00048149576419120876,0.14802299915701603,0.9987019225316582,0.7905014706506763,False
EURUSD,売り,-1,2025-07-10 09:00:00,2025-07-10 13:00:00,1.1685336775031447,2025-07-11 13:00:00,1.1691863224968553,時間切れ,time,6,0.0029016857430482035,1.172886206117717,1.172886206117717,-0.0006526449937105383,-0.14994616957266566,0.7077532458726573,0.9878128614452236,False
USDJPY,買い,1,2025-07-11 09:00:00,2025-07-11 13:00:00,147.3707926501845,2025-07-14 13:00:00,147.7142073498155,時間切れ,time,6,0.44587079732453194,146.7019864541977,146.7019864541977,0.3434146996309835,0.5134741599160699,0.8706722937338122,1.1635492911792997,False
SP500,買い,1,2025-07-14 21:00:00,2025-07-15 01:00:00,6323.329430651931,2025-07-15 09:00:00,6292.724306083638,初期損切り,initial,3,20.303795944241337,6292.873736735569,6292.873736735569,-30.605124568292922,-1.0049064930958818,0.9520667662911305,1.5000000000000087,False
AUDUSD,売り,-1,2025-07-15 09:00:00,2025-07-15 13:00:00,0.6509157478820956,2025-07-16 09:00:00,0.6545068377466201,初期損切り,initial,6,0.0023645584977467454,0.6544625856287157,0.6544625856287157,-0.0035910898645244993,-1.0124764990861368,0.01934732515150444,1.5000000000000024,False
EURUSD,売り,-1,2025-07-15 09:00:00,2025-07-15 13:00:00,1.1595736775031447,2025-07-16 09:00:00,1.1640510889657378,初期損切り,initial,6,0.002967392643825281,1.1640247664688825,1.1640247664688825,-0.004477411462593173,-1.005913720677764,0.0955982362950931,1.499999999999983,False
GBPUSD,売り,-1,2025-07-11 05:00:00,2025-07-11 09:00:00,1.3503637570146254,2025-07-16 09:00:00,1.3448147851599417,トレイル,trail,19,0.003439271087283591,1.3555226636455509,1.344748542174567,0.005548971854683726,1.0756100568713667,3.6326758483273123,0.4786604322821094,True
USDCHF,買い,1,2025-07-15 09:00:00,2025-07-15 13:00:00,0.8019863429665702,2025-07-16 09:00:00,0.7988133542202493,初期損切り,initial,6,0.0020510971865004596,0.7989096971868196,0.7989096971868196,-0.0031729887463208817,-1.031314286228296,1.2840235220268927,1.499999999999977,False
AUDUSD,売り,-1,2025-07-16 21:00:00,2025-07-17 01:00:00,0.6490057478820956,2025-07-18 05:00:00,0.6528247462560076,初期損切り,initial,8,0.0025164975040050386,0.6527804941381032,0.6527804941381032,-0.003818998373911975,-1.0117232033369101,1.412974929018071,1.5000000000000167,False
SP500,買い,1,2025-07-17 17:00:00,2025-07-17 21:00:00,6347.269430651931,2025-07-20 21:00:00,6341.770569348069,時間切れ,time,6,21.21552226408608,6315.446147255801,6315.446147255801,-5.498861303861304,-0.17279365034125194,0.4567678903890916,1.1269781791987825,False
SP500,買い,1,2025-07-21 09:00:00,2025-07-21 13:00:00,6371.08943065193,2025-07-21 13:00:00,6343.323940447063,初期損切り,initial,1,18.410706368624183,6343.473371098994,6343.473371098994,-27.765490204867092,-1.0054110055652357,0.0,1.500000000000004,False
USDJPY,売り,-1,2025-07-21 01:00:00,2025-07-21 05:00:00,147.89420734981547,2025-07-22 01:00:00,147.896,建値,breakeven,6,0.46516395756079026,148.59195328615667,147.89420734981547,-0.0017926501845124676,-0.002569201898778087,1.7439170353379378,0.18228551203573873,True
GBPUSD,買い,1,2025-07-21 05:00:00,2025-07-21 09:00:00,1.3480562429853746,2025-07-22 09:00:00,1.3480537570146254,時間切れ,time,6,0.0032720366663915547,1.3431481879857874,1.3431481879857874,-2.485970749255273e-06,-0.0005065083316027006,0.9118959592576676,0.5795298704478791,False
USDCHF,売り,-1,2025-07-21 09:00:00,2025-07-21 13:00:00,0.7974836570334297,2025-07-24 05:00:00,0.7950663429665702,トレイル,trail,17,0.0022630232785634044,0.8008781919512749,0.79497,0.0024173140668595217,0.7121193699177096,2.8164345872198955,0.7584292140644093,True
USDJPY,売り,-1,2025-07-22 05:00:00,2025-07-22 09:00:00,146.80120734981548,2025-07-24 05:00:00,146.803,建値,breakeven,12,0.48320417863910825,147.52601361777414,146.80120734981548,-0.0017926501845124676,-0.0024732818461425158,1.9602631593194773,0.856351555878346,True
AUDUSD,買い,1,2025-07-22 09:00:00,2025-07-22 13:00:00,0.6552842521179044,2025-07-24 21:00:00,0.6584744238454578,トレイル,trail,15,0.001990662018318867,0.6522982590904262,0.6585186759633622,0.003190171727553426,1.0683788268077625,3.6247980901294965,0.46429384265085183,True
EURUSD,買い,1,2025-07-21 09:00:00,2025-07-21 13:00:00,1.1700363224968553,2025-07-25 05:00:00,1.1730336775031447,トレイル,trail,23,0.0032301058483411916,1.1651911637243435,1.17306,0.0029973550062893928,0.618628851399957,2.740986803169769,0.6613784801982445,True
SP500,買い,1,2025-07-23 09:00:00,2025-07-23 13:00:00,6375.50943065193,2025-07-28 09:00:00,6421.313931227778,トレイル,trail,18,18.118319060145364,6348.331952061712,6421.463361879709,45.80450057584767,1.6853844783207381,4.536324207297075,0.19700672231688682,True
USDJPY,買い,1,2025-07-25 01:00:00,2025-07-25 05:00:00,147.7567926501845,2025-07-29 17:00:00,148.15720734981548,トレイル,trail,16,0.5152903447118035,146.9838571331168,148.159,0.4004146996309714,0.5180441198381328,2.043910507200639,0.45953248030861776,True
GBPUSD,売り,-1,2025-07-24 09:00:00,2025-07-24 13:00:00,1.3510437570146254,2025-07-29 21:00:00,1.3369232318118924,トレイル,trail,21,0.003053494413258822,1.3556239986345135,1.3368569888265178,0.014120525202732992,3.0829214645400214,6.6460763532123,0.5751584079370362,True
SP500,売り,-1,2025-07-29 13:00:00,2025-07-29 17:00:00,6405.600569348069,2025-07-30 13:00:00,6429.832264076476,初期損切り,initial,6,16.05484271765061,6429.682833424546,6429.682833424546,-24.231694728407092,-1.0062050084434189,0.20931811087597157,1.5000000000000269,False
AUDUSD,売り,-1,2025-07-28 01:00:00,2025-07-28 05:00:00,0.6522557478820956,2025-07-30 21:00:00,0.6466969254640598,トレイル,trail,17,0.0020113366730776755,0.6552727528917122,0.6466526733461554,0.005558822418035847,1.8424969134348308,4.785746718060187,0.7180558765899641,True
GBPUSD,売り,-1,2025-07-30 09:00:00,2025-07-30 13:00:00,1.3281437570146253,2025-07-31 01:00:00,1.32821,建値,breakeven,4,0.0034363511043487326,1.3332982836711484,1.3281437570146253,-6.624298537460938e-05,-0.012851419691617714,1.5463370456821843,0.9184867580557741,True
SP500,買い,1,2025-07-30 17:00:00,2025-07-30 21:00:00,6447.729430651931,2025-07-31 09:00:00,6419.18861926911,初期損切り,initial,4,18.927587153926925,6419.338049921041,6419.338049921041,-28.54081138282072,-1.0052632400426988,1.0910302079251049,1.4999999999999782,False
AUDUSD,売り,-1,2025-07-31 13:00:00,2025-07-31 17:00:00,0.6427757478820956,2025-08-01 05:00:00,0.6460543419569621,初期損切り,initial,4,0.0021562279713081083,0.6460100898390577,0.6460100898390577,-0.0032785940748665254,-1.0136819540089468,0.294842609666102,1.4999999999999942,False
EURUSD,売り,-1,2025-07-28 01:00:00,2025-07-28 05:00:00,1.1678736775031446,2025-08-01 05:00:00,1.14646135716353,トレイル,trail,25,0.003167517333337438,1.1726249535031508,1.1464350346666747,0.0214123203396146,4.506646286089643,8.76827956419773,0.18194770105586558,True
GBPUSD,売り,-1,2025-07-31 05:00:00,2025-07-31 09:00:00,1.3215737570146253,2025-08-01 05:00:00,1.327216151884037,初期損切り,initial,6,0.0037174345893581573,1.3271499088986625,1.3271499088986625,-0.00564239486941176,-1.011879695308185,1.496665746467388,1.499999999999977,False
USDCHF,買い,1,2025-07-28 01:00:00,2025-07-28 05:00:00,0.7991963429665703,2025-08-01 05:00:00,0.8128543415624984,トレイル,trail,25,0.002069657735465693,0.7960918563633718,0.8129506845290686,0.01365799859592809,4.399438729049856,8.645708286352702,0.1770065457165078,True
USDJPY,買い,1,2025-07-30 05:00:00,2025-07-30 09:00:00,148.8527926501845,2025-08-01 05:00:00,149.97528546340405,トレイル,trail,12,0.4704609432057199,148.14710123537594,149.97707811358856,1.1224928132195373,1.5906284101869308,4.3897530276226036,0.6988734238895968,True
SP500,売り,-1,2025-07-31 17:00:00,2025-07-31 21:00:00,6356.690569348069,2025-08-03 21:00:00,6288.8160595844065,トレイル,trail,7,24.378314466237814,6393.258041047427,6288.666628932476,67.8745097636629,1.8561444532370257,4.790346334641065,0.6361978254653268,True
USDJPY,売り,-1,2025-08-01 13:00:00,2025-08-03 17:00:00,147.1232073498155,2025-08-04 01:00:00,148.08992309205178,初期損切り,initial,3,0.6432820613678523,148.08813044186726,148.08813044186726,-0.9667157422362891,-1.0018578166480594,0.09670306938639789,1.4999999999999973,False
EURUSD,買い,1,2025-08-01 13:00:00,2025-08-03 17:00:00,1.1594663224968553,2025-08-04 17:00:00,1.1569336775031447,時間切れ,time,6,0.004764799028631336,1.1523191239539083,1.1523191239539083,-0.002532644993710642,-0.3543549236098815,0.04484501903663575,0.9457528994984201,False
USDCHF,買い,1,2025-08-05 01:00:00,2025-08-05 05:00:00,0.8111963429665703,2025-08-05 09:00:00,0.8064468631534562,初期損切り,initial,2,0.003102091231029248,0.8065432061200264,0.8065432061200264,-0.0047494798131141325,-1.0207049501760987,0.19459680211577618,1.5000000000000067,False
AUDUSD,買い,1,2025-08-05 21:00:00,2025-08-06 01:00:00,0.6493842521179044,2025-08-07 09:00:00,0.6498228328343019,トレイル,trail,9,0.0021214575238968883,0.6462020658320591,0.6498670849522062,0.0004385807163974631,0.13782370892248258,2.2275948629010855,0.45452341470084223,True
EURUSD,買い,1,2025-08-06 05:00:00,2025-08-06 09:00:00,1.1623763224968553,2025-08-07 09:00:00,1.1629809782303555,トレイル,trail,7,0.003436349636394619,1.1572217980422634,1.1630073007272108,0.0006046557335002145,0.11730582303505314,2.183618751617345,0.1851739677813822,True
SP500,買い,1,2025-08-06 17:00:00,2025-08-06 21:00:00,6385.989430651931,2025-08-07 09:00:00,6385.84,建値,breakeven,4,26.25457266388326,6346.607571656106,6385.989430651931,-0.1494306519307429,-0.0037944032034288927,1.5528940375462597,0.21251272010251765,True
GBPUSD,買い,1,2025-08-06 05:00:00,2025-08-06 09:00:00,1.3318162429853746,2025-08-11 05:00:00,1.3417337570146255,トレイル,trail,18,0.0036584916847005665,1.3263285054583238,1.3418,0.009917514029250896,1.8072136249892112,4.330680067111381,0.14930824843991772,True
USDJPY,買い,1,2025-08-08 05:00:00,2025-08-08 09:00:00,147.8457926501845,2025-08-11 09:00:00,147.8082073498155,時間切れ,time,6,0.4888033653501768,147.11258760215924,147.11258760215924,-0.03758530036901675,-0.051261649753019174,0.21318869140933253,1.0081613284954845,False
EURUSD,売り,-1,2025-08-11 05:00:00,2025-08-11 09:00:00,1.1620136775031447,2025-08-12 09:00:00,1.1642663224968552,時間切れ,time,6,0.0031350327246984617,1.1667162265901923,1.1667162265901923,-0.002252644993710584,-0.4790263646402078,0.961290604529334,1.1375710590703394,False
USDCHF,買い,1,2025-08-11 05:00:00,2025-08-11 09:00:00,0.8115563429665702,2025-08-12 09:00:00,0.8095436570334298,時間切れ,time,6,0.0022334044076845515,0.8082062363550434,0.8082062363550434,-0.0020126859331404123,-0.6007826515775033,0.744897353880763,1.4804049616782016,False
EURUSD,買い,1,2025-08-13 01:00:00,2025-08-13 05:00:00,1.1714263224968553,2025-08-14 01:00:00,1.1667820966410216,初期損切り,initial,6,0.00307860223931889,1.166808419137877,1.166808419137877,-0.0046442258558336835,-1.0057000969507452,0.5176626856145072,1.500000000000015,False
USDCHF,売り,-1,2025-08-13 01:00:00,2025-08-13 05:00:00,0.8033236570334298,2025-08-14 01:00:00,0.8068197673587475,初期損切り,initial,6,0.002266511572498351,0.8067234243921773,0.8067234243921773,-0.003496110325317714,-1.0283381056419345,0.47811669994489675,1.499999999999977,False
AUDUSD,買い,1,2025-08-13 01:00:00,2025-08-13 05:00:00,0.6551342521179043,2025-08-14 05:00:00,0.6525457478820956,時間切れ,time,6,0.0019901413550415235,0.652149040085342,0.652149040085342,-0.0025885042358086974,-0.8671090051807532,0.8671483951247608,1.298526916873421,False
SP500,買い,1,2025-08-12 05:00:00,2025-08-12 09:00:00,6431.979430651931,2025-08-14 05:00:00,6455.009141922066,トレイル,trail,12,23.595713713001725,6396.585860082428,6455.158572573997,23.02971127013552,0.6506749926490725,2.982345446465307,0.9954956623748036,True
USDJPY,売り,-1,2025-08-13 01:00:00,2025-08-13 05:00:00,147.2682073498155,2025-08-14 05:00:00,147.08791637084136,トレイル,trail,7,0.4355618603284252,147.92155014030814,147.08612372065684,0.18029097897414204,0.2759515855959746,2.418043097302753,0.685993603662203,True
GBPUSD,買い,1,2025-08-12 05:00:00,2025-08-12 09:00:00,1.3486362429853747,2025-08-14 09:00:00,1.3529229893507844,トレイル,trail,13,0.0032653838319205834,1.3437381672374937,1.352989232336159,0.0042867463654097104,0.8751898880421249,3.333071263546976,0.7001452518462532,True
SP500,買い,1,2025-08-14 21:00:00,2025-08-15 01:00:00,6503.999430651931,2025-08-15 09:00:00,6473.058632935535,初期損切り,initial,3,20.527578042977243,6473.208063587465,6473.208063587465,-30.940797716396446,-1.0048530047924709,0.22411651966137197,1.4999999999999922,False
GBPUSD,売り,-1,2025-08-18 09:00:00,2025-08-18 13:00:00,1.3508837570146255,2025-08-19 13:00:00,1.3490362429853746,時間切れ,time,6,0.0025216313969883145,1.3546662041101079,1.3546662041101079,0.001847514029250874,0.4884441163651526,0.9294605934176806,0.8947552715552499,False
USDCHF,買い,1,2025-08-19 17:00:00,2025-08-19 21:00:00,0.8086763429665702,2025-08-20 05:00:00,0.8059348396642747,初期損切り,initial,3,0.001763440223816829,0.806031182630845,0.806031182630845,-0.0027415033022955004,-1.036422354164721,0.359330032780055,1.5000000000000098,False
SP500,売り,-1,2025-08-18 09:00:00,2025-08-18 13:00:00,6460.690569348069,2025-08-20 13:00:00,6401.068775575282,トレイル,trail,13,19.024672461675987,6489.2275780405835,6400.919344923352,59.62179377278699,2.089279728482102,5.14177416431862,0.8856620625596937,True
EURUSD,売り,-1,2025-08-19 17:00:00,2025-08-19 21:00:00,1.1638536775031447,2025-08-20 21:00:00,1.1647063224968552,時間切れ,time,6,0.0023887962360836794,1.1674368718572703,1.1674368718572703,-0.0008526449937105163,-0.23795666922973951,0.6880777348508766,1.4761922526454592,False
USDCHF,売り,-1,2025-08-20 09:00:00,2025-08-20 13:00:00,0.8038736570334297,2025-08-21 05:00:00,0.806756029241687,初期損切り,initial,5,0.0018573528277913518,0.8066596862751167,0.8066596862751167,-0.0028823722082572667,-1.0345807449285422,0.4003854422824029,1.4999999999999996,False
AUDUSD,売り,-1,2025-08-19 09:00:00,2025-08-19 13:00:00,0.6456757478820956,2025-08-22 09:00:00,0.644793699792613,トレイル,trail,18,0.0016397238373543112,0.648135333638127,0.6447494476747087,0.0008820480894825566,0.35861652203814115,2.5649123262619398,0.6185505722359285,True
EURUSD,売り,-1,2025-08-21 09:00:00,2025-08-21 13:00:00,1.1611036775031447,2025-08-22 09:00:00,1.1650185353013234,初期損切り,initial,6,0.0025923568675489577,1.164992212804468,1.164992212804468,-0.003914857798178684,-1.0067692575264235,1.081516799728052,1.4999999999999787,False
USDCHF,買い,1,2025-08-21 21:00:00,2025-08-22 01:00:00,0.8104663429665703,2025-08-22 09:00:00,0.8077323313954053,初期損切り,initial,3,0.0017584457363964833,0.8078286743619756,0.8078286743619756,-0.0027340115711649293,-1.0365258040386036,0.0,1.4999999999999798,False
USDJPY,買い,1,2025-08-21 09:00:00,2025-08-21 13:00:00,148.28879265018452,2025-08-22 09:00:00,147.6836127994254,初期損切り,initial,6,0.4022581337164186,147.6854054496099,147.6854054496099,-0.6051798507591286,-1.002970978142714,1.2136668196239422,1.4999999999999707,False
GBPUSD,買い,1,2025-08-22 09:00:00,2025-08-22 13:00:00,1.3526262429853746,2025-08-25 13:00:00,1.3487937570146253,時間切れ,time,6,0.003337891136045252,1.3476194062813067,1.3476194062813067,-0.0038324859707492553,-0.7654505623551685,0.5284045952184936,1.2661416484606571,False
SP500,買い,1,2025-08-22 09:00:00,2025-08-22 13:00:00,6478.039430651931,2025-08-25 13:00:00,6479.53056934807,時間切れ,time,6,26.93919111442776,6437.630643980289,6437.630643980289,1.4911386961384778,0.03690134792354306,0.632185624123941,0.6384538636989536,False
EURUSD,売り,-1,2025-08-27 01:00:00,2025-08-27 05:00:00,1.1588636775031447,2025-08-27 09:00:00,1.1637929006730356,初期損切り,initial,2,0.0032686004486905122,1.1637665781761803,1.1637665781761803,-0.004929223169890973,-1.005368759966925,0.44779945610393496,1.49999999999997,False
SP500,買い,1,2025-08-26 13:00:00,2025-08-26 17:00:00,6487.329430651931,2025-08-27 17:00:00,6480.920569348069,時間切れ,time,6,22.09784684313427,6454.18266038723,6454.18266038723,-6.408861303862068,-0.19334798692851776,0.7643536253993481,1.240366577182925,False
USDJPY,買い,1,2025-08-26 21:00:00,2025-08-27 01:00:00,147.9457926501845,2025-08-27 17:00:00,147.2587442048775,初期損切り,initial,5,0.4568371967483209,147.260536855062,147.260536855062,-0.6870484453069992,-1.0026160306812106,0.5214272207057802,1.5000000000000118,False
GBPUSD,買い,1,2025-08-27 09:00:00,2025-08-27 13:00:00,1.3497062429853746,2025-08-28 13:00:00,1.3521737570146255,時間切れ,time,6,0.0032958567479062055,1.3447624578635153,1.3447624578635153,0.002467514029250939,0.499114336167372,0.9204759935494105,0.42363582284383844,False
EURUSD,買い,1,2025-08-28 05:00:00,2025-08-28 09:00:00,1.1669863224968553,2025-08-29 09:00:00,1.1658336775031446,時間切れ,time,6,0.003081457347446332,1.1623641364756858,1.1623641364756858,-0.0011526449937107053,-0.24937226421256514,0.8936283039668658,0.6186431554651293,False
USDJPY,売り,-1,2025-08-28 09:00:00,2025-08-28 13:00:00,146.84820734981548,2025-08-29 13:00:00,146.9167926501845,時間切れ,time,6,0.423260656283491,147.4830983342407,147.4830983342407,-0.06858530036902266,-0.10802689288636312,0.43993540871598985,1.3249345098801315,False
GBPUSD,売り,-1,2025-08-29 01:00:00,2025-08-29 05:00:00,1.3477137570146254,2025-08-31 17:00:00,1.3519737699096108,初期損切り,initial,4,0.002795846606407246,1.3519075269242362,1.3519075269242362,-0.004260012894985454,-1.0157955698100594,1.0886709620084143,1.4999999999999916,False
AUDUSD,買い,1,2025-08-27 09:00:00,2025-08-27 13:00:00,0.6509442521179044,2025-09-02 01:00:00,0.6522457478820957,トレイル,trail,22,0.0018915078916844253,0.6481069902803778,0.65229,0.0013014957641912517,0.4587154230805222,2.67286639634021,0.3617495443252527,True
GBPUSD,買い,1,2025-09-01 01:00:00,2025-09-01 05:00:00,1.3536362429853745,2025-09-02 01:00:00,1.3492540004472202,初期損切り,initial,6,0.002877333035186484,1.3493202434325948,1.3493202434325948,-0.004382242538154335,-1.015348237312014,0.4809165285017689,1.4999999999999998,False
USDCHF,売り,-1,2025-08-27 09:00:00,2025-08-27 13:00:00,0.8018536570334298,2025-09-02 05:00:00,0.8054725030801573,初期損切り,initial,23,0.002348335386771456,0.805376160113587,0.805376160113587,-0.003618846046727464,-1.0273507118029208,1.394033003918811,1.500000000000017,False
USDJPY,買い,1,2025-09-01 21:00:00,2025-09-02 01:00:00,147.7277926501845,2025-09-02 09:00:00,148.18934962675723,トレイル,trail,3,0.37692886152911725,147.16239935789085,148.19114227694175,0.461556976572723,0.816346749888539,3.229276062537477,0.07638749144253335,True
SP500,売り,-1,2025-09-02 01:00:00,2025-09-02 05:00:00,6441.45056934807,2025-09-02 13:00:00,6413.674039324561,トレイル,trail,3,20.887304336315246,6472.7815258525425,6413.52460867263,27.776530023508712,0.8865522512708247,3.336982514631449,0.1479094957485238,True
EURUSD,売り,-1,2025-09-02 01:00:00,2025-09-02 05:00:00,1.1644936775031447,2025-09-05 05:00:00,1.1688126813279558,初期損切り,initial,19,0.0028617875519705966,1.1687863588311005,1.1687863588311005,-0.004319003824811096,-1.0061319475740669,1.2767116485039987,1.4999999999999647,False
SP500,買い,1,2025-09-05 01:00:00,2025-09-05 05:00:00,6526.489430651931,2025-09-05 09:00:00,6494.926812180369,初期損切り,initial,2,20.94212521308761,6495.0762428323,6495.0762428323,-31.56261847156202,-1.004756940072068,0.42978299749846116,1.4999999999999933,False
GBPUSD,買い,1,2025-09-05 01:00:00,2025-09-05 05:00:00,1.3470762429853747,2025-09-07 17:00:00,1.3492527846393414,トレイル,trail,4,0.0030954861876419685,1.3424330137039118,1.349319027624716,0.002176541653966746,0.4687560148399517,2.72453388688834,0.42198314132029413,True
USDJPY,売り,-1,2025-09-05 05:00:00,2025-09-05 09:00:00,147.2982073498155,2025-09-07 17:00:00,147.9678207694971,初期損切り,initial,3,0.4452138463314079,147.9660281193126,147.9660281193126,-0.6696134196816104,-1.002684328290431,1.078599315300788,1.4999999999999685,False
USDCHF,売り,-1,2025-09-05 05:00:00,2025-09-05 09:00:00,0.7996336570334298,2025-09-09 05:00:00,0.7956594311811803,トレイル,trail,12,0.0020015441073050456,0.8026359731943874,0.7955630882146101,0.003974225852249491,1.3237199679136853,4.033714272877277,0.18802631688037547,True
EURUSD,買い,1,2025-09-08 13:00:00,2025-09-08 17:00:00,1.1763963224968552,2025-09-09 09:00:00,1.1723591824676831,初期損切り,initial,5,0.002673878354877842,1.1723855049645384,1.1723855049645384,-0.004037140029172104,-1.0065628756838847,0.6034969766672521,1.5000000000000144,False
USDJPY,売り,-1,2025-09-09 01:00:00,2025-09-09 05:00:00,146.62220734981548,2025-09-09 09:00:00,147.34896778511813,初期損切り,initial,2,0.48331185674541877,147.34717513493362,147.34717513493362,-0.7267604353026513,-1.002472730818282,0.6480440019092375,1.5000000000000222,False
AUDUSD,買い,1,2025-09-05 05:00:00,2025-09-05 09:00:00,0.6572042521179043,2025-09-09 13:00:00,0.6583527545890518,トレイル,trail,14,0.0017764966465219293,0.6545395071481215,0.6583970067069562,0.0011485024711475056,0.4309990202330988,2.67140829755409,1.4490610623691484,True
GBPUSD,買い,1,2025-09-08 17:00:00,2025-09-08 21:00:00,1.3559062429853745,2025-09-09 21:00:00,1.3521637570146254,時間切れ,time,6,0.0031848590740040034,1.3511289543743685,1.3511289543743685,-0.00374248597074911,-0.7833912236591907,0.9902344001238614,1.3332593018114567,False
USDJPY,買い,1,2025-09-11 01:00:00,2025-09-11 05:00:00,147.8517926501845,2025-09-11 09:00:00,147.24725484529827,初期損切り,initial,2,0.4018301031344751,147.24904749548278,147.24904749548278,-0.6045378048862347,-1.0029741428372148,0.8391789146335746,1.5000000000000238,False
GBPUSD,買い,1,2025-09-11 09:00:00,2025-09-11 13:00:00,1.3578562429853747,2025-09-12 01:00:00,1.3531856853087194,初期損切り,initial,4,0.0030695431275204214,1.353251928294094,1.353251928294094,-0.0046705576766552515,-1.0143871541838934,0.12827870411560977,1.5000000000000033,False
EURUSD,買い,1,2025-09-11 09:00:00,2025-09-11 13:00:00,1.1736663224968553,2025-09-12 13:00:00,1.1726536775031446,時間切れ,time,6,0.002796418615197486,1.169471694574059,1.169471694574059,-0.0010126449937106763,-0.2414147362647663,0.3982513551770101,1.26458981414186,False
USDCHF,売り,-1,2025-09-11 09:00:00,2025-09-11 13:00:00,0.7958536570334298,2025-09-12 13:00:00,0.7966763429665702,時間切れ,time,6,0.0021059293338420017,0.7990125510341928,0.7990125510341928,-0.000822685933140388,-0.2604348018457332,0.281897888922411,1.3420882273451378,False
SP500,買い,1,2025-09-09 13:00:00,2025-09-09 17:00:00,6533.6394306519305,2025-09-17 01:00:00,6661.350569348069,トレイル,trail,33,20.86728533499925,6502.338502649432,6661.5,127.71113869613873,4.080107103723668,7.822319325566228,0.5213630080422101,True
AUDUSD,買い,1,2025-09-10 09:00:00,2025-09-10 13:00:00,0.6620042521179044,2025-09-17 13:00:00,0.6659257478820956,トレイル,trail,31,0.002004868901583922,0.6589969487655285,0.66597,0.003921495764191207,1.3039907534080584,3.4943670763513865,1.478526658557344,True
EURUSD,買い,1,2025-09-15 05:00:00,2025-09-15 09:00:00,1.1769863224968553,2025-09-17 13:00:00,1.18287206187525,トレイル,trail,14,0.00247580781394744,1.1732726107759341,1.1828983843721053,0.00588573937839465,1.5848670604229707,4.387932472764784,0.7619018270435594,True
SP500,売り,-1,2025-09-17 09:00:00,2025-09-17 13:00:00,6651.78056934807,2025-09-17 13:00:00,6676.462907907488,初期損切り,initial,1,16.35527193832525,6676.313477255558,6676.313477255558,-24.682338559418895,-1.006091028935278,-0.0,1.500000000000017,False
USDCHF,売り,-1,2025-09-15 05:00:00,2025-09-15 09:00:00,0.7946836570334298,2025-09-17 13:00:00,0.7891149765161939,トレイル,trail,14,0.001714316774811819,0.7972551321956475,0.7890186335496236,0.005568680517235913,2.16555874194534,5.304537158500362,0.5403569399663152,True
USDJPY,売り,-1,2025-09-16 09:00:00,2025-09-16 13:00:00,146.3552073498155,2025-09-17 13:00:00,146.28979265018452,時間切れ,time,6,0.3844416015749979,146.931869752178,146.931869752178,0.06541469963096347,0.1134367341497721,0.38811447357470813,0.8526461466230241,False
GBPUSD,買い,1,2025-09-15 05:00:00,2025-09-15 09:00:00,1.3615362429853746,2025-09-17 17:00:00,1.3628637570146254,トレイル,trail,15,0.0029176488594595856,1.3571597696961852,1.3667847022810808,0.001327514029250798,0.30332963131066737,3.798865987142245,1.0406471551675711,True
SP500,買い,1,2025-09-18 01:00:00,2025-09-18 05:00:00,6718.099430651931,2025-09-18 09:00:00,6685.64332432461,初期損切り,initial,2,21.53778378359296,6685.792754976541,6685.792754976541,-32.45610632732041,-1.004625380012243,0.07292158579778943,1.5000000000000107,False
EURUSD,売り,-1,2025-09-19 05:00:00,2025-09-19 09:00:00,1.1735736775031447,2025-09-22 05:00:00,1.1782482679703092,初期損切り,initial,6,0.003098845313539453,1.178221945473454,1.178221945473454,-0.004674590467164563,-1.0056628613116796,0.31420655264411,1.5000000000000264,False
USDCHF,買い,1,2025-09-19 01:00:00,2025-09-19 05:00:00,0.7953663429665703,2025-09-22 05:00:00,0.7941136570334297,時間切れ,time,6,0.0020936468777937663,0.7922258726498796,0.7922258726498796,-0.0012526859331405404,-0.398884818774721,0.9235831762935003,0.6526138581736629,False
SP500,買い,1,2025-09-22 09:00:00,2025-09-22 13:00:00,6748.069430651931,2025-09-23 13:00:00,6734.080569348069,時間切れ,time,6,21.691624653640357,6715.53199367147,6715.53199367147,-13.988861303861995,-0.42993126078930627,0.3946486021568067,0.7680121207119966,False
AUDUSD,買い,1,2025-09-23 05:00:00,2025-09-23 09:00:00,0.6608442521179044,2025-09-24 09:00:00,0.6582817532979571,初期損切り,initial,7,0.0016788311346952725,0.6583260054158615,0.6583260054158615,-0.002562498819947301,-1.0175725904330553,1.1649461590730545,1.50000000000001,False
SP500,売り,-1,2025-09-24 09:00:00,2025-09-24 13:00:00,6686.690569348069,2025-09-25 17:00:00,6662.619132481856,トレイル,trail,8,19.024850914962293,6715.227845720513,6662.469701829925,24.071436866213844,0.8435085588426384,3.2731173361834855,0.9823693618136166,True
EURUSD,売り,-1,2025-09-24 01:00:00,2025-09-24 05:00:00,1.1771736775031447,2025-09-26 09:00:00,1.1696427890027188,トレイル,trail,14,0.0025282332529317736,1.1809660273825424,1.1696164665058635,0.007530888500425936,1.9858105765341645,4.98912728424788,0.12116069452853863,True
GBPUSD,売り,-1,2025-09-19 01:00:00,2025-09-19 05:00:00,1.3499137570146253,2025-09-26 09:00:00,1.3395921627961003,トレイル,trail,32,0.003557959905362818,1.3552506968726696,1.3395259198107257,0.010321594218525076,1.933991105964519,4.919604908487672,1.0444870330813365,True
USDCHF,買い,1,2025-09-25 01:00:00,2025-09-25 05:00:00,0.7959263429665703,2025-09-26 09:00:00,0.7982195843103774,トレイル,trail,8,0.001552036361526175,0.793598288424281,0.7983159272769477,0.002293241343807151,0.9850462272898991,3.539644540304215,0.5195387083439986,True
AUDUSD,売り,-1,2025-09-25 05:00:00,2025-09-25 09:00:00,0.6559957478820956,2025-09-28 21:00:00,0.6559903938295281,トレイル,trail,10,0.0019580708558118603,0.6589328541658134,0.6559461417116237,5.354052567518863e-06,0.001822900518513651,2.025334206024579,0.175811879780887,True
USDJPY,買い,1,2025-09-18 05:00:00,2025-09-18 09:00:00,147.7917926501845,2025-09-28 21:00:00,149.091829772674,トレイル,trail,40,0.43318878857074683,147.1420094673284,149.09362242285852,1.300037122489499,2.000724482857789,5.005224989707691,1.3753648891751127,True
SP500,買い,1,2025-09-29 01:00:00,2025-09-29 05:00:00,6731.199430651931,2025-09-29 13:00:00,6699.414426459836,初期損切り,initial,3,21.090382360109032,6699.563857111767,6699.563857111767,-31.785004192094675,-1.0047235006421305,0.22192908920049503,1.5000000000000182,False
AUDUSD,買い,1,2025-09-29 21:00:00,2025-09-30 01:00:00,0.6606842521179044,2025-09-30 01:00:00,0.6580767287903012,初期損切り,initial,1,0.001708847473132551,0.6581209809082056,0.6581209809082056,-0.0026075233276031673,-1.017263923433814,0.0,1.4999999999999798,False
EURUSD,買い,1,2025-09-30 01:00:00,2025-09-30 05:00:00,1.1755963224968553,2025-09-30 09:00:00,1.1718984309701783,初期損切り,initial,2,0.002447712686547857,1.1719247534670336,1.1719247534670336,-0.0036978915266769885,-1.0071692773965033,0.10772404154855203,1.4999999999999594,False
USDCHF,売り,-1,2025-09-30 09:00:00,2025-09-30 13:00:00,0.7945636570334298,2025-10-01 05:00:00,0.7975133416144193,初期損切り,initial,5,0.0019022277429461842,0.7974169986478491,0.7974169986478491,-0.0029496845809895422,-1.0337649603830819,0.8956114953886372,1.5000000000000138,False
GBPUSD,買い,1,2025-09-30 09:00:00,2025-09-30 13:00:00,1.3459562429853746,2025-10-01 13:00:00,1.3469329728703985,トレイル,trail,7,0.0028603920721133836,1.3416656548772046,1.346999215855773,0.0009767298850238415,0.22764475647614993,2.3646258429278615,0.8552124756685072,True
USDJPY,売り,-1,2025-09-29 01:00:00,2025-09-29 05:00:00,148.5292073498155,2025-10-01 17:00:00,147.30221157451643,トレイル,trail,16,0.35620946216595817,149.06352154306444,147.30041892433192,1.2269957752990592,2.2963937525938065,5.449623202067244,0.8809217146463665,True
SP500,買い,1,2025-10-01 09:00:00,2025-10-01 13:00:00,6744.269430651931,2025-10-02 09:00:00,6744.12,建値,breakeven,6,22.65671401512217,6710.284359629248,6744.269430651931,-0.1494306519307429,-0.004396949820437502,1.6141162095995285,0.04764285991386794,True
EURUSD,売り,-1,2025-10-02 09:00:00,2025-10-02 13:00:00,1.1714636775031446,2025-10-03 09:00:00,1.1758741416687026,初期損切り,initial,6,0.002922761112468462,1.1758478191718473,1.1758478191718473,-0.004410464165558015,-1.0060040251534823,0.07995094164478907,1.5000000000000067,False
SP500,買い,1,2025-10-03 01:00:00,2025-10-03 05:00:00,6784.489430651931,2025-10-03 13:00:00,6755.417234385227,初期損切り,initial,3,19.281843743182428,6755.566665037158,6755.566665037158,-29.07219626670394,-1.0051665409152288,0.7930034882413781,1.499999999999977,False
EURUSD,売り,-1,2025-10-06 01:00:00,2025-10-06 05:00:00,1.1667336775031447,2025-10-06 09:00:00,1.1710850935737587,初期損切り,initial,2,0.0028833957158391093,1.1710587710769034,1.1710587710769034,-0.004351416070613956,-1.006085994766679,0.5110909664773132,1.4999999999999964,False
AUDUSD,買い,1,2025-10-06 09:00:00,2025-10-06 13:00:00,0.6617342521179044,2025-10-07 01:00:00,0.65910426970698,初期損切り,initial,4,0.0017238201953466354,0.6591485218248844,0.6591485218248844,-0.002629982410924381,-1.017113972800599,0.42101135840895265,1.5000000000000304,False
SP500,買い,1,2025-10-07 05:00:00,2025-10-07 09:00:00,6798.9294306519305,2025-10-07 09:00:00,6771.446610627049,初期損切り,initial,1,18.22225958196715,6771.59604127898,6771.59604127898,-27.48282002488122,-1.005466963862095,0.0,1.4999999999999865,False
AUDUSD,売り,-1,2025-10-07 13:00:00,2025-10-07 17:00:00,0.6582857478820956,2025-10-08 09:00:00,0.65833,建値,breakeven,5,0.0016629144340240573,0.6607801195331316,0.6582857478820956,-4.425211790437533e-05,-0.017740787699376856,1.5790036025735694,0.20100379855115996,True
GBPUSD,売り,-1,2025-10-07 05:00:00,2025-10-07 09:00:00,1.3413437570146254,2025-10-08 09:00:00,1.3419862429853746,時間切れ,time,6,0.003162761524906796,1.3460878993019856,1.3460878993019856,-0.0006424859707492292,-0.13542721356840473,0.9275934943314254,1.2919858020262658,False
EURUSD,売り,-1,2025-10-07 17:00:00,2025-10-07 21:00:00,1.1646936775031447,2025-10-08 21:00:00,1.16472,建値,breakeven,7,0.0026170291456935513,1.168619221221685,1.1646936775031447,-2.632249685530219e-05,-0.006705439740992094,1.8546516805636863,0.01005815961148814,True
USDCHF,買い,1,2025-10-07 21:00:00,2025-10-08 01:00:00,0.8009863429665702,2025-10-09 01:00:00,0.8004136570334298,時間切れ,time,6,0.0019347872469066012,0.7980841620962104,0.7980841620962104,-0.0005726859331404155,-0.19732951139926586,0.9942473191847763,0.7940630004805904,False
SP500,買い,1,2025-10-08 13:00:00,2025-10-08 17:00:00,6802.899430651931,2025-10-09 09:00:00,6773.5646417320795,初期損切り,initial,5,19.45690551194684,6773.71407238401,6773.71407238401,-29.334788919851235,-1.0051200554250255,0.47184118473681097,1.500000000000012,False
USDJPY,買い,1,2025-10-05 17:00:00,2025-10-05 21:00:00,149.7097926501845,2025-10-09 09:00:00,152.13607689179625,トレイル,trail,22,0.5415652290096141,148.89744480667008,152.13786954198076,2.4262842416117394,2.986755317912858,6.483443104788325,0.22858308390825532,True
EURUSD,売り,-1,2025-10-09 09:00:00,2025-10-09 13:00:00,1.1557936775031448,2025-10-10 09:00:00,1.1605024969680702,初期損切り,initial,6,0.0031216646453800637,1.1604761744712149,1.1604761744712149,-0.004708819464925407,-1.0056214658620826,0.5041148495799259,1.5000000000000029,False
SP500,売り,-1,2025-10-10 09:00:00,2025-10-10 13:00:00,6655.300569348069,2025-10-12 17:00:00,6669.00943065193,トレイル,trail,2,27.541433051532177,6696.6127189253675,6595.542866103065,-13.70886130386134,-0.33183606866573206,4.169738340528372,0.6528139119808961,True
AUDUSD,売り,-1,2025-10-09 09:00:00,2025-10-09 13:00:00,0.6548057478820957,2025-10-12 21:00:00,0.6515788712912027,トレイル,trail,9,0.0022173095866491995,0.6581317122620695,0.6515346191732984,0.0032268765908929353,0.9702078020806572,3.475269276105279,1.1294102244372246,True
AUDUSD,売り,-1,2025-10-14 01:00:00,2025-10-14 05:00:00,0.6457557478820957,2025-10-14 09:00:00,0.6493568376812596,初期損切り,initial,2,0.002371225120839715,0.6493125855633552,0.6493125855633552,-0.003601089799163959,-1.0124414218106,0.7151357613380838,1.5000000000000047,False
GBPUSD,売り,-1,2025-10-14 01:00:00,2025-10-14 05:00:00,1.3283437570146255,2025-10-14 21:00:00,1.333954438069726,初期損切り,initial,5,0.003696292046483838,1.3338881950843513,1.3338881950843513,-0.0056106810551004305,-1.0119476463694994,0.9370896485088029,1.5000000000000173,False
SP500,買い,1,2025-10-15 05:00:00,2025-10-15 09:00:00,6738.739430651931,2025-10-15 13:00:00,6678.555971749034,初期損切り,initial,2,40.02268550064396,6678.705402400965,6678.705402400965,-60.183458902896746,-1.0024890992039737,0.6986180212124709,1.5000000000000016,False
EURUSD,買い,1,2025-10-15 01:00:00,2025-10-15 05:00:00,1.1632863224968553,2025-10-17 05:00:00,1.1671268328651192,トレイル,trail,13,0.00284842231901269,1.1590136890183362,1.1671531553619745,0.0038405103682639385,0.8988625838308796,3.357534955160586,0.7851091749732159,True
SP500,売り,-1,2025-10-16 17:00:00,2025-10-16 21:00:00,6651.390569348069,2025-10-17 05:00:00,6651.54,建値,breakeven,3,42.79590159290581,6715.584421737428,6651.390569348069,-0.1494306519307429,-0.002327803151996432,1.8677155141724862,0.26730201318686553,True
USDCHF,売り,-1,2025-10-15 09:00:00,2025-10-15 13:00:00,0.7966136570334298,2025-10-17 05:00:00,0.7919345848395218,トレイル,trail,11,0.002269120936475789,0.8000173384381435,0.7918382418729516,0.004679072193907952,1.3747092155652427,4.104522100922038,0.8313100180107235,True
USDJPY,売り,-1,2025-10-10 09:00:00,2025-10-10 13:00:00,151.8872073498155,2025-10-17 05:00:00,150.4656975640434,トレイル,trail,29,0.5434524569294461,152.70238603520966,150.4639049138589,1.4215097857720878,1.743801464932483,4.619000830354837,1.3355218859167441,True
GBPUSD,買い,1,2025-10-15 09:00:00,2025-10-15 13:00:00,1.3391162429853747,2025-10-17 09:00:00,1.3396298564828344,トレイル,trail,12,0.003731950265895474,1.3335183175865315,1.339696099468209,0.0005136134974597084,0.09175068634638192,2.155376262147252,0.5483039267897934,True
AUDUSD,売り,-1,2025-10-16 21:00:00,2025-10-17 01:00:00,0.6473757478820956,2025-10-19 21:00:00,0.650974321778,初期損切り,initial,6,0.0023695478519999485,0.6509300696600956,0.6509300696600956,-0.0035985738959043445,-1.0124502283890917,1.2727102681426,1.5000000000000195,False
AUDUSD,買い,1,2025-10-20 17:00:00,2025-10-20 21:00:00,0.6524742521179043,2025-10-21 01:00:00,0.6492609131381891,初期損切り,initial,2,0.002112724574540546,0.6493051652560935,0.6493051652560935,-0.003213338979715208,-1.0139636809699508,0.0,1.5000000000000064,False
SP500,買い,1,2025-10-20 09:00:00,2025-10-20 13:00:00,6771.359430651931,2025-10-21 13:00:00,6774.850569348069,時間切れ,time,6,40.88636596985138,6710.0298816971535,6710.0298816971535,3.491138696138478,0.05692425194114437,0.4507754335922014,0.29568366777435773,False
GBPUSD,売り,-1,2025-10-20 21:00:00,2025-10-21 01:00:00,1.3391937570146253,2025-10-22 09:00:00,1.3366531001138209,トレイル,trail,9,0.002998428564223155,1.34369139986096,1.3365868571284463,0.0025406569008044055,0.5648863165902257,2.8694220423605263,0.21552722418853607,True
USDCHF,買い,1,2025-10-21 05:00:00,2025-10-21 09:00:00,0.7956363429665703,2025-10-22 09:00:00,0.7968836570334298,時間切れ,time,6,0.0020778548033884825,0.7925195607614876,0.7925195607614876,0.0012473140668595173,0.4001928863766764,0.7717849345461985,0.7875155491624067,False
SP500,売り,-1,2025-10-22 09:00:00,2025-10-22 13:00:00,6731.830569348069,2025-10-23 13:00:00,6779.037711573441,初期損切り,initial,7,31.371807715627263,6778.88828092151,6778.88828092151,-47.20714222537208,-1.0031754763870737,1.3043739691061913,1.5000000000000142,False
EURUSD,売り,-1,2025-10-20 09:00:00,2025-10-20 13:00:00,1.1649536775031446,2025-10-24 01:00:00,1.1622663224968552,トレイル,trail,22,0.002466757654728379,1.1686538139852372,1.16224,0.0026873550062893603,0.726285373335623,2.9446255043421834,0.233635637351985,True
AUDUSD,買い,1,2025-10-23 13:00:00,2025-10-23 17:00:00,0.6512742521179044,2025-10-26 17:00:00,0.6540657478820956,時間切れ,time,6,0.0018136795448091595,0.6485537328006906,0.6485537328006906,0.002791495764191243,1.026089300865614,1.5635330343839786,1.0775068415462417,False
USDCHF,売り,-1,2025-10-24 05:00:00,2025-10-24 09:00:00,0.7944936570334298,2025-10-27 01:00:00,0.7972422771086999,初期損切り,initial,5,0.0017681847391332539,0.7971459341421296,0.7971459341421296,-0.002748620075270103,-1.0363246231904661,0.2791886065432989,1.49999999999999,False
GBPUSD,売り,-1,2025-10-24 09:00:00,2025-10-24 13:00:00,1.3294937570146255,2025-10-27 05:00:00,1.334511665886269,初期損切り,initial,5,0.0033011105908459246,1.3344454229008944,1.3344454229008944,-0.0050179088716435505,-1.013377919047074,-0.0,1.5000000000000164,False
EURUSD,買い,1,2025-10-24 05:00:00,2025-10-24 09:00:00,1.1634463224968552,2025-10-27 09:00:00,1.1641136775031447,時間切れ,time,6,0.002150124980443476,1.16022113502619,1.16022113502619,0.0006673550062894495,0.20691975655970274,0.7877111882098744,0.7889413463329298,False
USDJPY,買い,1,2025-10-21 01:00:00,2025-10-21 05:00:00,151.6127926501845,2025-10-27 21:00:00,152.2542073498155,トレイル,trail,29,0.5183915362720256,150.83520534577647,152.256,0.6414146996309853,0.824878050342246,3.1717480606255615,0.2966727645487574,True
GBPUSD,買い,1,2025-10-27 21:00:00,2025-10-28 01:00:00,1.3366862429853745,2025-10-28 01:00:00,1.3324324596269472,初期損切り,initial,1,0.0027916935820350612,1.3324987026123218,1.3324987026123218,-0.004253783358427299,-1.0158190678711994,0.0,1.5000000000000349,False
USDCHF,売り,-1,2025-10-27 21:00:00,2025-10-28 01:00:00,0.7931536570334298,2025-10-28 05:00:00,0.7957449192566868,初期損切り,initial,2,0.00166327950445784,0.7956485762901165,0.7956485762901165,-0.002591262223257007,-1.0386156651410796,0.03827200014140664,1.5000000000000044,False
EURUSD,買い,1,2025-10-27 17:00:00,2025-10-27 21:00:00,1.1655763224968554,2025-10-28 09:00:00,1.1626069656239695,初期損切り,initial,4,0.0019620229173536743,1.1626332881208248,1.1626332881208248,-0.0029693568728859088,-1.0089439991152602,0.6338751153946867,1.5000000000000486,False
USDJPY,売り,-1,2025-10-28 17:00:00,2025-10-28 21:00:00,151.63320734981548,2025-10-29 01:00:00,152.3042710241514,初期損切り,initial,2,0.4461806827676023,152.3024783739669,152.3024783739669,-0.671063674335926,-1.002678511574284,0.1752817924127986,1.5000000000000224,False
EURUSD,売り,-1,2025-10-29 01:00:00,2025-10-29 05:00:00,1.1622936775031447,2025-10-29 09:00:00,1.165397857233915,初期損切り,initial,2,0.0020519048226099682,1.1653715347370597,1.1653715347370597,-0.0031041797307702623,-1.0085522150167532,0.20648009521506597,1.5000000000000038,False
SP500,買い,1,2025-10-24 01:00:00,2025-10-24 05:00:00,6789.749430651931,2025-10-29 13:00:00,6899.528443429863,トレイル,trail,21,26.091062959103123,6750.612836213277,6899.677874081794,109.77901277793171,2.8050221117222316,6.213260441024251,0.021058193481519053,True
GBPUSD,売り,-1,2025-10-28 05:00:00,2025-10-28 09:00:00,1.3283937570146254,2025-10-29 17:00:00,1.3205591635503127,トレイル,trail,9,0.0032114602824690015,1.333210947438329,1.320492920564938,0.0078345934643127,1.62638234639049,4.46020058003428,0.21991334883693997,True
USDCHF,買い,1,2025-10-29 05:00:00,2025-10-29 09:00:00,0.7976063429665703,2025-10-29 21:00:00,0.7981810674290711,トレイル,trail,4,0.0018812948021793272,0.7947844007633013,0.7982774103956414,0.0005747244625008419,0.20366273335969468,2.3567050885877383,1.05583822602884,True
AUDUSD,売り,-1,2025-10-30 05:00:00,2025-10-30 09:00:00,0.6538357478820956,2025-10-31 09:00:00,0.6537442521179043,時間切れ,time,6,0.0022708009820804113,0.6572419493552163,0.6572419493552163,9.149576419131833e-05,0.026861524461585594,0.23592903399434864,0.9795011255748929,False
EURUSD,売り,-1,2025-10-30 05:00:00,2025-10-30 09:00:00,1.1555136775031447,2025-10-31 09:00:00,1.1556063224968554,時間切れ,time,6,0.002972374053649934,1.1599722385836195,1.1599722385836195,-9.264499371064439e-05,-0.020779124035411076,0.2737466713334724,1.0450644638890108,False
GBPUSD,売り,-1,2025-10-30 05:00:00,2025-10-30 09:00:00,1.3136937570146254,2025-10-31 09:00:00,1.3107562429853745,時間切れ,time,6,0.0037452400205272044,1.3193116170454162,1.3193116170454162,0.0029375140292509094,0.5228884331668558,0.8527509577813005,1.1551310361052773,False
USDCHF,買い,1,2025-10-30 05:00:00,2025-10-30 09:00:00,0.8029963429665702,2025-10-31 09:00:00,0.8037236570334297,時間切れ,time,6,0.00233533925633829,0.7994933340820628,0.7994933340820628,0.0007273140668595524,0.20762552732201286,0.4040770654065115,0.979019626533851,False
AUDUSD,売り,-1,2025-11-03 21:00:00,2025-11-04 01:00:00,0.6511357478820956,2025-11-04 21:00:00,0.6495216473143972,トレイル,trail,6,0.0017936975982464568,0.6538262942794653,0.6494773951964928,0.0016141005676983955,0.5999155298999349,2.9245441858337524,0.4651018759907021,True
SP500,売り,-1,2025-11-03 21:00:00,2025-11-04 01:00:00,6829.8205693480695,2025-11-05 09:00:00,6807.747443789417,トレイル,trail,9,29.459006568742893,6874.009079201184,6807.598013137486,22.073125558652464,0.4995218356994852,2.7543552481556657,0.6602201811030348,True
GBPUSD,売り,-1,2025-11-04 01:00:00,2025-11-04 05:00:00,1.3062637570146254,2025-11-05 17:00:00,1.30633,建値,breakeven,10,0.003427119959978087,1.3114044369545925,1.3062637570146254,-6.624298537460938e-05,-0.01288603572838517,1.532994781618025,0.46868595325883383,True
USDCHF,買い,1,2025-11-05 05:00:00,2025-11-05 09:00:00,0.8110863429665702,2025-11-06 05:00:00,0.8079885134728303,初期損切り,initial,6,0.0020009910181130975,0.8080848564394005,0.8080848564394005,-0.003097829493739934,-1.0320984171337053,0.681490831835759,1.500000000000024,False
USDJPY,買い,1,2025-10-30 01:00:00,2025-10-30 05:00:00,153.7497926501845,2025-11-06 09:00:00,152.89785850082563,初期損切り,initial,32,0.5667609994495646,152.89965115101015,152.89965115101015,-0.8519341493588684,-1.0021086491910611,1.2954443769570672,1.5000000000000158,False
SP500,売り,-1,2025-11-07 05:00:00,2025-11-07 09:00:00,6723.20056934807,2025-11-07 13:00:00,6723.35,建値,breakeven,2,36.384327875154554,6777.777061160801,6723.20056934807,-0.1494306519307429,-0.0027380039824377845,1.8538357937932117,0.05715182259420235,True
EURUSD,買い,1,2025-11-06 05:00:00,2025-11-06 09:00:00,1.1535763224968554,2025-11-09 17:00:00,1.1548881360358663,トレイル,trail,9,0.002102770733639192,1.1504221663963965,1.1549144585327216,0.0013118135390108865,0.41590000533584137,2.6363680140964783,0.7971969887341455,True
GBPUSD,買い,1,2025-11-07 09:00:00,2025-11-07 13:00:00,1.3171062429853746,2025-11-10 13:00:00,1.3177837570146254,時間切れ,time,6,0.003182039986010818,1.3123331830063583,1.3123331830063583,0.0006775140292507587,0.14194542541457875,0.6359935838400353,1.0861720784683009,False
AUDUSD,買い,1,2025-11-09 21:00:00,2025-11-10 01:00:00,0.6527242521179044,2025-11-11 01:00:00,0.6517657478820956,時間切れ,time,6,0.0019371950510457922,0.6498184595413358,0.6498184595413358,-0.0009585042358087881,-0.32985982672604935,0.6585541716136957,0.6422957343571353,False
SP500,買い,1,2025-11-10 13:00:00,2025-11-10 17:00:00,6858.3894306519305,2025-11-11 17:00:00,6875.270569348069,時間切れ,time,6,36.68377191952171,6803.363772772648,6803.363772772648,16.881138696138805,0.3067866763751068,0.586923541976658,0.7556319648029222,False
EURUSD,買い,1,2025-11-11 05:00:00,2025-11-11 09:00:00,1.1601263224968552,2025-11-12 01:00:00,1.1568518306668298,初期損切り,initial,5,0.0021654462221134536,1.1568781531636851,1.1568781531636851,-0.0032744918300253723,-1.008103794524007,0.172563741980242,1.499999999999949,False
USDCHF,売り,-1,2025-11-11 05:00:00,2025-11-11 09:00:00,0.7993036570334298,2025-11-12 09:00:00,0.7985563429665702,時間切れ,time,6,0.0020099221304436224,0.8023185402290952,0.8023185402290952,0.0007473140668595724,0.24787496508455212,0.43467208017504455,0.9783179839590473,False
GBPUSD,売り,-1,2025-11-12 01:00:00,2025-11-12 05:00:00,1.3115137570146254,2025-11-13 01:00:00,1.3162144195760004,初期損切り,initial,6,0.003089613050666942,1.3161481765906258,1.3161481765906258,-0.004700662561375024,-1.0142936961766806,0.99486795408305,1.5000000000000004,False
AUDUSD,買い,1,2025-11-12 09:00:00,2025-11-12 13:00:00,0.6543042521179043,2025-11-13 05:00:00,0.6548097467606728,トレイル,trail,5,0.0015680005607113762,0.6519522512768373,0.6548539988785772,0.0005054946427685003,0.21492111479822673,2.3506036760748814,0.6851095240788563,True
GBPUSD,買い,1,2025-11-13 09:00:00,2025-11-13 13:00:00,1.3212362429853746,2025-11-13 17:00:00,1.3158956540276936,初期損切り,initial,2,0.0035162306482042125,1.3159618970130682,1.3159618970130682,-0.0053405889576809695,-1.012559469121379,0.05225965899572639,1.5000000000000118,False
EURUSD,買い,1,2025-11-13 01:00:00,2025-11-13 05:00:00,1.1616663224968553,2025-11-14 05:00:00,1.16164,建値,breakeven,7,0.002130305898021331,1.1584708636498233,1.1616663224968553,-2.632249685530219e-05,-0.008237470146032714,1.8465317618461912,0.5615731045792929,True
USDJPY,買い,1,2025-11-11 21:00:00,2025-11-12 01:00:00,154.64579265018452,2025-11-14 05:00:00,154.06203113493353,初期損切り,initial,14,0.38797924337765083,154.06382378511805,154.06382378511805,-0.5837615152509841,-1.003080319742368,1.034094881784571,1.499999999999988,False
SP500,売り,-1,2025-11-13 09:00:00,2025-11-13 13:00:00,6782.340569348069,2025-11-14 09:00:00,6738.933806909596,トレイル,trail,6,30.5371881288324,6828.146351541318,6738.784376257665,43.40676243847338,0.9476262681280264,3.426332801391088,0.20694212660543482,True
USDCHF,売り,-1,2025-11-13 01:00:00,2025-11-13 05:00:00,0.7953936570334298,2025-11-14 09:00:00,0.791868279556738,トレイル,trail,8,0.0019759682950838764,0.7983576094760556,0.7917719365901678,0.0035253774766917934,1.1894176930749276,3.8328838839533796,0.3928924206434695,True
AUDUSD,売り,-1,2025-11-17 13:00:00,2025-11-17 17:00:00,0.6492657478820957,2025-11-19 17:00:00,0.6489728766676444,トレイル,trail,13,0.0019193122748699632,0.6521447162944006,0.64892862454974,0.0002928712144513179,0.10172783181627229,2.1756479843169556,1.3360265296474878,True
SP500,売り,-1,2025-11-17 21:00:00,2025-11-18 01:00:00,6656.080569348069,2025-11-19 17:00:00,6720.919348750765,初期損切り,initial,11,43.12623250051025,6720.769918098834,6720.769918098834,-64.83877940269576,-1.0023099730452707,1.4313925833270524,1.4999999999999918,False
EURUSD,売り,-1,2025-11-18 09:00:00,2025-11-18 13:00:00,1.1575536775031448,2025-11-20 09:00:00,1.1546748098125401,トレイル,trail,12,0.002139243657842416,1.1607625429899084,1.1546484873156848,0.002878867690604636,0.8971606016144309,3.358045483416379,1.0220072355200103,True
GBPUSD,売り,-1,2025-11-18 17:00:00,2025-11-18 21:00:00,1.3131937570146255,2025-11-20 09:00:00,1.310063131750679,トレイル,trail,10,0.0031084443826522555,1.3178564235886039,1.3099968887653044,0.0031306252639464738,0.6714237902873018,3.0284463402859187,0.7805328603963486,True
USDJPY,買い,1,2025-11-17 05:00:00,2025-11-17 09:00:00,154.8937926501845,2025-11-20 21:00:00,157.13479861137904,トレイル,trail,22,0.3797043692182123,154.3242360963572,157.13659126156355,2.2410059611945314,3.934650468220181,7.9066968757742675,0.19697600619796235,True
AUDUSD,売り,-1,2025-11-20 09:00:00,2025-11-20 13:00:00,0.6445057478820956,2025-11-21 13:00:00,0.6454742521179043,時間切れ,time,6,0.0024277227945337814,0.6481473320738963,0.6481473320738963,-0.0009685042358087426,-0.26595684317539875,0.962114738698624,0.6484480524090169,False
SP500,売り,-1,2025-11-20 13:00:00,2025-11-20 17:00:00,6558.540569348069,2025-11-21 13:00:00,6647.71839834497,初期損切り,initial,6,59.35226556331414,6647.56896769304,6647.56896769304,-89.17782899690155,-1.001678460521679,0.5620774376755866,1.4999999999999933,False
USDCHF,買い,1,2025-11-18 09:00:00,2025-11-18 13:00:00,0.7998863429665702,2025-11-25 09:00:00,0.8059636570334298,トレイル,trail,30,0.002193404192068246,0.7965962366784679,0.80606,0.006077314066859518,1.847148248321401,4.702123334461508,0.5910187330078213,True
SP500,買い,1,2025-11-24 09:00:00,2025-11-24 13:00:00,6722.319430651931,2025-11-25 13:00:00,6763.560569348069,時間切れ,time,6,55.99400259644659,6638.328426757261,6638.328426757261,41.24113869613848,0.49101852322014766,0.9236805184445122,0.849366511529732,False
EURUSD,買い,1,2025-11-25 05:00:00,2025-11-25 09:00:00,1.1558663224968553,2025-11-26 05:00:00,1.15584,建値,breakeven,6,0.002214849106469912,1.1525440488371503,1.1558663224968553,-2.632249685530219e-05,-0.00792303691732623,1.685748023302374,0.39114289742113534,True
GBPUSD,買い,1,2025-11-25 01:00:00,2025-11-25 05:00:00,1.3135562429853747,2025-11-26 05:00:00,1.3156315310411568,トレイル,trail,7,0.0028561129867343215,1.3092720735052732,1.3156977740265314,0.002075288055782165,0.48440848697073635,2.7498061355077206,0.916015226822687,True
USDCHF,売り,-1,2025-11-25 21:00:00,2025-11-26 01:00:00,0.8044536570334297,2025-11-26 05:00:00,0.8074736380326993,初期損切り,initial,2,0.0019490920217995861,0.8073772950661291,0.8073772950661291,-0.003019980999269589,-1.032953110300476,0.13527172164316495,1.4999999999999847,False
EURUSD,売り,-1,2025-11-28 01:00:00,2025-11-28 05:00:00,1.1568536775031446,2025-11-28 09:00:00,1.1600606915357365,初期損切り,initial,2,0.0021204610238244144,1.1600343690388812,1.1600343690388812,-0.003207014032591937,-1.0082757150637116,0.6195244752838118,1.5000000000000064,False
USDCHF,買い,1,2025-11-28 01:00:00,2025-11-28 05:00:00,0.8064363429665702,2025-11-28 09:00:00,0.8035894031286457,初期損切り,initial,2,0.0018337312475695102,0.8036857460952159,0.8036857460952159,-0.0028469398379245003,-1.0350262037936515,0.3728229173909238,1.4999999999999976,False
SP500,買い,1,2025-11-28 09:00:00,2025-11-28 13:00:00,6860.349430651931,2025-11-30 17:00:00,6822.082047418543,初期損切り,initial,2,25.41196838763773,6822.231478070474,6822.231478070474,-38.26738323338759,-1.0039202171630721,0.11610943721718923,1.5000000000000098,False
SP500,売り,-1,2025-11-30 21:00:00,2025-12-01 01:00:00,6811.62056934807,2025-12-01 09:00:00,6850.334745561757,初期損切り,initial,3,25.709830374504467,6850.185314909826,6850.185314909826,-38.7141762136871,-1.0038747993732022,0.24895416480136168,1.4999999999999865,False
USDJPY,売り,-1,2025-11-25 05:00:00,2025-11-25 09:00:00,156.14520734981548,2025-12-01 13:00:00,155.52167163225587,トレイル,trail,26,0.42793949103569257,156.78711658636902,155.51987898207136,0.623535717559605,0.9713767648950143,3.4612541745813092,1.3828886152859332,True
EURUSD,買い,1,2025-12-03 05:00:00,2025-12-03 09:00:00,1.1666663224968552,2025-12-04 09:00:00,1.1664636775031447,時間切れ,time,6,0.0020360910961886797,1.163612185852572,1.163612185852572,-0.00020264499371047684,-0.06635099123341588,0.7532460143927575,0.7054313530194393,False
USDCHF,売り,-1,2025-12-03 09:00:00,2025-12-03 13:00:00,0.7994036570334297,2025-12-04 09:00:00,0.8022000908620424,初期損切り,initial,6,0.0018000605746949262,0.8021037478954721,0.8021037478954721,-0.00279643382861261,-1.0356813794397073,0.1186943575307199,1.4999999999999893,False
SP500,買い,1,2025-12-03 13:00:00,2025-12-03 17:00:00,6864.229430651931,2025-12-04 17:00:00,6867.49056934807,時間切れ,time,6,23.56739198008842,6828.878342681798,6828.878342681798,3.2611386961389144,0.09225002350406245,0.6916577516019199,1.1693882240009825,False
GBPUSD,買い,1,2025-11-26 09:00:00,2025-11-26 13:00:00,1.3226962429853746,2025-12-05 09:00:00,1.3320237570146254,トレイル,trail,42,0.0038546478919384655,1.3169142711474668,1.33209,0.009327514029250805,1.6132064096365644,4.105110883855006,1.2261153593973828,True
USDJPY,売り,-1,2025-12-04 01:00:00,2025-12-04 05:00:00,154.81220734981548,2025-12-05 09:00:00,155.3793968779981,初期損切り,initial,8,0.37693125199873173,155.37760422781358,155.37760422781358,-0.5671895281826096,-1.0031706050285585,1.2421558237284653,1.4999999999999987,False
USDCHF,買い,1,2025-12-05 09:00:00,2025-12-05 13:00:00,0.8048963429665702,2025-12-09 01:00:00,0.804952559307767,トレイル,trail,10,0.0017555488628313303,0.8022630196723232,0.8050489022743372,5.6216341196790864e-05,0.021348059055113493,2.0869012028073315,1.1884277394622584,True
GBPUSD,買い,1,2025-12-09 01:00:00,2025-12-09 05:00:00,1.3347662429853746,2025-12-09 05:00:00,1.3310903934384253,初期損切り,initial,1,0.0024064043743831434,1.3311566364237999,1.3311566364237999,-0.003675849546949328,-1.0183518575347763,0.0,1.5000000000000013,False
AUDUSD,買い,1,2025-11-25 21:00:00,2025-11-26 01:00:00,0.6506642521179044,2025-12-10 01:00:00,0.6641957478820957,最大保有,max,60,0.0020768247884970716,0.6475490149351587,0.6612563504230058,0.013531495764191326,4.343648643878015,7.1001405432793385,1.0758019310436169,True
GBPUSD,売り,-1,2025-12-09 09:00:00,2025-12-09 13:00:00,1.3297037570146253,2025-12-10 09:00:00,1.3336147628005413,初期損切り,initial,6,0.0025631752003609717,1.3335485198151666,1.3335485198151666,-0.003911005785915966,-1.0172294075892483,0.21604337251204989,1.4999999999999607,False
USDJPY,買い,1,2025-12-08 05:00:00,2025-12-08 09:00:00,155.6307926501845,2025-12-10 13:00:00,156.18728879910046,トレイル,trail,14,0.3829592753575278,155.0563537371482,156.18908144928497,0.5564961489159543,0.968764713334795,3.457828116525549,0.6235458064348286,True
AUDUSD,買い,1,2025-12-10 13:00:00,2025-12-10 17:00:00,0.6675642521179044,2025-12-10 21:00:00,0.6648889717662879,初期損切り,initial,2,0.0017540188224747445,0.6649332238841923,0.6649332238841923,-0.0026752803516164603,-1.0168193246037152,0.18001396453098664,1.4999999999999818,False
SP500,買い,1,2025-12-10 13:00:00,2025-12-10 17:00:00,6890.75943065193,2025-12-10 21:00:00,6857.017301576072,初期損切り,initial,2,22.395132282618302,6857.166732228003,6857.166732228003,-33.74212907585843,-1.0044483074876933,0.011188562983585457,1.5000000000000104,False
GBPUSD,買い,1,2025-12-10 13:00:00,2025-12-10 17:00:00,1.3384162429853745,2025-12-11 13:00:00,1.338406527933163,トレイル,trail,6,0.002668614540731231,1.3344133211742777,1.3384727709185376,-9.715052211589636e-06,-0.002426990251135482,2.0211825021186685,1.0965401487217588,True
EURUSD,買い,1,2025-12-10 09:00:00,2025-12-10 13:00:00,1.1659063224968553,2025-12-12 05:00:00,1.1725272566042744,トレイル,trail,11,0.0018532104494352229,1.1631265068227026,1.1725535791011297,0.006620934107419041,2.38178889664575,5.586887072809297,0.6455405521914708,True
USDCHF,売り,-1,2025-12-10 05:00:00,2025-12-10 09:00:00,0.8031736570334298,2025-12-12 05:00:00,0.7958296016446996,トレイル,trail,12,0.0016516293390647229,0.8056511010420269,0.7957332586781294,0.007344055388730175,2.9643678578588473,6.504883861843784,0.19758850176092915,True
SP500,買い,1,2025-12-11 13:00:00,2025-12-11 17:00:00,6911.199430651931,2025-12-12 09:00:00,6868.301398544758,初期損切り,initial,5,28.499067636828222,6868.450829196689,6868.450829196689,-42.898032107173094,-1.0034955682020898,0.14493699936805057,1.5000000000000007,False
AUDUSD,売り,-1,2025-12-15 17:00:00,2025-12-15 21:00:00,0.6622057478820956,2025-12-16 05:00:00,0.6649425166440702,初期損切り,initial,3,0.001795011096046801,0.6648982645261658,0.6648982645261658,-0.002736768761974595,-1.0164352253873161,0.12576405939372046,1.5000000000000102,False
GBPUSD,買い,1,2025-12-16 01:00:00,2025-12-16 05:00:00,1.3411062429853746,2025-12-16 09:00:00,1.34104,建値,breakeven,2,0.002708297832782986,1.3370437962362,1.3411062429853746,-6.624298537460938e-05,-0.01630617937036848,1.6518703964062353,0.16846115661729005,True
EURUSD,買い,1,2025-12-15 13:00:00,2025-12-15 17:00:00,1.1753663224968554,2025-12-16 13:00:00,1.1763536775031447,トレイル,trail,6,0.0019585612987883987,1.1724284805486727,1.1765028774024233,0.0009873550062893255,0.33608173063909075,2.5803009108119146,0.47806647534314833,True
USDJPY,売り,-1,2025-12-15 17:00:00,2025-12-15 21:00:00,154.8632073498155,2025-12-17 01:00:00,155.4649304386279,初期損切り,initial,8,0.3999536257519329,155.4631377884434,155.4631377884434,-0.6017230888124061,-1.0029880967343594,1.1631532254292916,1.4999999999999858,False
USDCHF,買い,1,2025-12-17 01:00:00,2025-12-17 05:00:00,0.7979963429665703,2025-12-17 05:00:00,0.7952511902106107,初期損切り,initial,1,0.001765873192926213,0.795347533177181,0.795347533177181,-0.0027451527559595457,-1.0363721724965527,0.0,1.4999999999999922,False
EURUSD,売り,-1,2025-12-17 01:00:00,2025-12-17 05:00:00,1.1715736775031447,2025-12-17 09:00:00,1.1748660695862807,初期損切り,initial,2,0.002177379724187149,1.1748397470894254,1.1748397470894254,-0.003292392083136031,-1.0080593802917968,0.3736957289103115,1.5000000000000022,False
GBPUSD,売り,-1,2025-12-17 01:00:00,2025-12-17 05:00:00,1.3325437570146255,2025-12-17 09:00:00,1.337578285521968,初期損切り,initial,2,0.0033121903479786234,1.3375120425365934,1.3375120425365934,-0.005034528507342539,-1.013333167967441,0.15209180684105517,1.4999999999999984,False
SP500,売り,-1,2025-12-17 09:00:00,2025-12-17 13:00:00,6801.590569348069,2025-12-18 09:00:00,6855.317713962233,初期損切り,initial,6,35.71847597482196,6855.168283310302,6855.168283310302,-53.72714461416399,-1.0027890449382812,0.8432770023362935,1.5000000000000084,False
AUDUSD,売り,-1,2025-12-17 01:00:00,2025-12-17 05:00:00,0.6614257478820956,2025-12-22 05:00:00,0.6642749523637421,初期損切り,initial,19,0.0018699682424947147,0.6642307002458377,0.6642307002458377,-0.0028492044816464945,-1.0157764240407228,1.1421305632689753,1.5000000000000253,False
EURUSD,売り,-1,2025-12-19 01:00:00,2025-12-19 05:00:00,1.1711936775031446,2025-12-22 05:00:00,1.1730263224968553,時間切れ,time,6,0.0021853706790005093,1.1744717335216455,1.1744717335216455,-0.0018326449937107192,-0.5590645746648616,0.418088112888251,1.2109261473507453,False
USDJPY,買い,1,2025-12-18 21:00:00,2025-12-19 01:00:00,155.99679265018452,2025-12-22 05:00:00,157.03227631358428,トレイル,trail,8,0.37196551811560824,155.4388443730111,157.0340689637688,1.0354836633997593,1.855877517259413,4.788635674723668,0.38926363636618344,True
USDCHF,売り,-1,2025-12-22 01:00:00,2025-12-22 05:00:00,0.7932936570334298,2025-12-23 09:00:00,0.7901677299264815,トレイル,trail,8,0.0016956934799556447,0.7958371972533632,0.7900713869599113,0.0031259271069482564,1.2289670446139134,3.900266829829853,0.3221944136887766,True
GBPUSD,買い,1,2025-12-22 09:00:00,2025-12-22 13:00:00,1.3471362429853746,2025-12-25 21:00:00,1.3491737570146254,トレイル,trail,18,0.0030814754051523537,1.3425140298776461,1.34924,0.0020375140292507865,0.44080919286131115,2.0424492125109586,0.5634453490920616,True
GBPUSD,売り,-1,2025-12-26 01:00:00,2025-12-26 05:00:00,1.3485037570146254,2025-12-26 05:00:00,1.3523338215488525,初期損切り,initial,1,0.00250921436590168,1.352267578563478,1.352267578563478,-0.0038300645342270734,-1.0175999272321368,-0.0,1.4999999999999776,False
AUDUSD,売り,-1,2025-12-26 01:00:00,2025-12-26 05:00:00,0.6697757478820956,2025-12-26 09:00:00,0.671883592269016,初期損切り,initial,2,0.0013757281793439684,0.6718393401511116,0.6718393401511116,-0.0021078443869203545,-1.0214442157827544,0.033253576384081586,1.5000000000000193,False
AUDUSD,買い,1,2025-12-28 17:00:00,2025-12-28 21:00:00,0.6719842521179044,2025-12-29 01:00:00,0.6697411125886255,初期損切り,initial,2,0.0014659249409163626,0.6697853647065298,0.6697853647065298,-0.0022431395292789036,-1.0201247765917663,0.5360082635639204,1.4999999999999893,False
EURUSD,売り,-1,2025-12-28 21:00:00,2025-12-29 01:00:00,1.1756036775031447,2025-12-29 01:00:00,1.1785571232687426,初期損切り,initial,1,0.0019514155124951429,1.1785308007718873,1.1785308007718873,-0.002953445765597973,-1.0089926164491752,-0.0,1.4999999999999776,False
USDCHF,買い,1,2025-12-26 01:00:00,2025-12-26 05:00:00,0.7900263429665703,2025-12-29 01:00:00,0.787510233941281,初期損切り,initial,6,0.0016131773724793494,0.7876065769078512,0.7876065769078512,-0.002516109025289315,-1.0398149921241944,0.15724063438843505,1.5000000000000315,False
USDJPY,買い,1,2025-12-26 09:00:00,2025-12-26 13:00:00,156.5717926501845,2025-12-29 09:00:00,156.0046784550673,初期損切り,initial,6,0.37688102995512984,156.00647110525182,156.00647110525182,-0.567114195117199,-1.0031710275339278,0.18363182095879188,1.499999999999978,False
AUDUSD,売り,-1,2025-12-29 05:00:00,2025-12-29 09:00:00,0.6693057478820956,2025-12-30 01:00:00,0.6717495720272558,初期損切り,initial,5,0.0015997146848371825,0.6717053199093515,0.6717053199093515,-0.0024438241451602005,-1.018441671015408,0.4786777850786181,1.5000000000000322,False
USDCHF,買い,1,2025-12-29 09:00:00,2025-12-29 13:00:00,0.7907263429665703,2025-12-30 05:00:00,0.7877864456039609,初期損切り,initial,5,0.001895702930692732,0.7878827885705312,0.7878827885705312,-0.002939897362609356,-1.0338811758637212,0.028304557935212048,1.5000000000000095,False
SP500,買い,1,2025-12-19 09:00:00,2025-12-19 13:00:00,6889.309430651931,2025-12-30 17:00:00,6936.100569348069,トレイル,trail,38,34.35707770454549,6837.773814095112,6936.25,46.79113869613866,0.9079378849489699,3.0401470767186543,0.2890068456147192,True
GBPUSD,売り,-1,2025-12-30 13:00:00,2025-12-30 17:00:00,1.3467537570146253,2025-12-31 05:00:00,1.34682,建値,breakeven,4,0.002716584653447015,1.350828633994796,1.3467537570146253,-6.624298537460938e-05,-0.01625643809542375,1.517993193914558,0.11641197522536949,True
AUDUSD,売り,-1,2025-12-31 01:00:00,2025-12-31 05:00:00,0.6682657478820956,2025-12-31 13:00:00,0.6674042521179043,期末,end,3,0.0014415256193677224,0.6704280363111471,0.6682657478820956,0.0008614957641912557,0.39841852391964305,1.5856449940155317,0.4885463764516833,True
EURUSD,売り,-1,2025-12-30 13:00:00,2025-12-30 17:00:00,1.1746536775031446,2025-12-31 13:00:00,1.1746263224968554,期末,end,6,0.001999507732098285,1.177652939101292,1.177652939101292,2.735500628925358e-05,0.009120580314218045,1.3271654120386633,0.6333171292748903,False
USDCHF,買い,1,2025-12-30 13:00:00,2025-12-30 17:00:00,0.7918163429665702,2025-12-31 13:00:00,0.7925336570334297,期末,end,6,0.0018117156317422319,0.7890987695189569,0.7890987695189569,0.0007173140668594868,0.26395388411284815,1.3322493834800582,0.135972203503774,False
USDJPY,買い,1,2025-12-31 05:00:00,2025-12-31 09:00:00,156.8147926501845,2025-12-31 13:00:00,156.6712073498155,期末,end,2,0.3107877723478389,156.34861099166275,156.34861099166275,-0.1435853003690113,-0.30800289488933136,0.5830581700386152,0.6299882672519254,False
