Symbol,Side,Dir,SignalTime,EntryTime,EntryPrice,ExitTime,ExitPrice,Reason,ReasonCode,Bars,ATR,InitialStop,FinalStop,PnL,R,MFE_ATR,MAE_ATR,BE
USDJPY,売り,-1,2021-01-04 01:00:00,2021-01-04 05:00:00,102.74320734981548,2021-01-04 05:00:00,102.93686956966495,初期損切り,initial,1,0.1918695696649413,102.93507691948042,102.93507691948042,-0.19366221984947174,-1.009343066686713,-0.0,1.0000000000000198,False
AUDUSD,買い,1,2021-01-05 09:00:00,2021-01-05 13:00:00,0.7765442521179043,2021-01-05 21:00:00,0.773395607915915,初期損切り,initial,3,0.003104392084085015,0.7734398600338194,0.7734398600338194,-0.003148644201989348,-1.0142546806929433,0.39162188575609375,0.9999999999999863,False
USDJPY,売り,-1,2021-01-05 09:00:00,2021-01-05 13:00:00,102.65120734981548,2021-01-05 21:00:00,102.85088826159974,初期損切り,initial,3,0.19788826159972936,102.84909561141521,102.84909561141521,-0.19968091178425595,-1.0090589010688902,0.29414250923691576,0.9999999999999996,False
USDCHF,売り,-1,2021-01-05 09:00:00,2021-01-05 13:00:00,0.8778636570334297,2021-01-06 05:00:00,0.8768863429665702,時間切れ,time,4,0.002210427248376679,0.8800740842818064,0.8800740842818064,0.0009773140668595248,0.4421380832946467,0.8295486923518389,0.8940999836215572,False
EURUSD,買い,1,2021-01-06 01:00:00,2021-01-06 05:00:00,1.2338663224968554,2021-01-06 09:00:00,1.230702280528606,初期損切り,initial,2,0.0031377194713940503,1.2307286030254614,1.2307286030254614,-0.003164041968249265,-1.0083890536089002,0.3421840330001059,0.9999999999999721,False
AUDUSD,買い,1,2021-01-14 09:00:00,2021-01-14 13:00:00,0.7798042521179044,2021-01-14 21:00:00,0.7764561546826719,初期損切り,initial,3,0.0033038453173280975,0.7765004068005763,0.7765004068005763,-0.0033480974352324555,-1.0133941252250107,0.11675724649470881,0.9999999999999948,False
GBPUSD,買い,1,2021-01-21 01:00:00,2021-01-21 05:00:00,1.3734362429853746,2021-01-21 21:00:00,1.3716337570146253,時間切れ,time,4,0.0036536677743462644,1.3697825752110284,1.3697825752110284,-0.001802485970749279,-0.49333603438309065,0.15156195057295185,0.8474341884926019,False
GBPUSD,買い,1,2021-01-26 09:00:00,2021-01-26 13:00:00,1.3732262429853745,2021-01-27 05:00:00,1.3734437570146254,時間切れ,time,4,0.003682324172662363,1.369543918812712,1.369543918812712,0.00021751402925085372,0.05906976655278793,0.7315371728062358,0.30856679968863165,False
USDCHF,買い,1,2021-02-01 01:00:00,2021-02-01 05:00:00,0.8949063429665702,2021-02-01 21:00:00,0.8957536570334298,時間切れ,time,4,0.0020034067025763175,0.8929029362639939,0.8949063429665702,0.0008473140668595613,0.4229366237868438,1.2447083411585762,0.36255392658725016,True
USDJPY,買い,1,2021-02-01 09:00:00,2021-02-01 13:00:00,104.99879265018453,2021-02-02 05:00:00,104.92220734981548,時間切れ,time,4,0.17831507654100864,104.82047757364352,104.82047757364352,-0.07658530036904665,-0.4294942517181584,0.20305265554560728,0.9409896989048752,False
EURUSD,売り,-1,2021-02-02 05:00:00,2021-02-02 09:00:00,1.2047936775031447,2021-02-02 17:00:00,1.20482,建値,breakeven,3,0.0027150712372705794,1.2075087487404152,1.2047936775031447,-2.632249685530219e-05,-0.00969495624791186,1.3346528273001992,0.05389269159740206,True
USDJPY,買い,1,2021-02-04 01:00:00,2021-02-04 05:00:00,105.23379265018453,2021-02-05 01:00:00,105.35443309831471,トレイル,trail,6,0.1519561493305432,105.08183650085398,105.35622574849924,0.12064044813018882,0.7939161966243645,2.791643192357531,0.18289914759597428,True
GBPUSD,買い,1,2021-02-08 21:00:00,2021-02-09 01:00:00,1.3784062429853745,2021-02-09 17:00:00,1.3813637570146253,時間切れ,time,4,0.0035182259634122283,1.3748880170219622,1.3784062429853745,0.0029575140292508184,0.8406265146148852,1.0783153367858525,0.6498283535936207,True
GBPUSD,買い,1,2021-02-14 17:00:00,2021-02-14 21:00:00,1.3890062429853747,2021-02-15 13:00:00,1.3911337570146254,時間切れ,time,4,0.0030964004311856883,1.385909842554189,1.385909842554189,0.00212751402925071,0.6870926666406748,0.9474733904173609,0.20224870758557587,False
GBPUSD,買い,1,2021-02-18 05:00:00,2021-02-18 09:00:00,1.3978462429853746,2021-02-18 09:00:00,1.3942349354515438,初期損切り,initial,1,0.003545064548456301,1.3943011784369184,1.3943011784369184,-0.0036113075338308764,-1.0186859743931662,0.0,0.9999999999999905,False
AUDUSD,買い,1,2021-02-19 01:00:00,2021-02-19 05:00:00,0.7829442521179044,2021-02-23 09:00:00,0.7882252541161653,トレイル,trail,14,0.002584041622925715,0.7803602104949787,0.7882695062340697,0.00528100199826087,2.043698503695769,4.084975949475648,0.26479918583112194,True
AUDUSD,買い,1,2021-02-23 17:00:00,2021-02-23 21:00:00,0.7940442521179044,2021-02-23 21:00:00,0.7912880177037178,初期損切り,initial,1,0.002711982296282275,0.7913322698216222,0.7913322698216222,-0.002756234414186598,-1.0163172591373424,0.0,0.9999999999999807,False
USDCHF,買い,1,2021-02-23 09:00:00,2021-02-23 13:00:00,0.9039563429665702,2021-02-25 01:00:00,0.9050087090779826,トレイル,trail,10,0.0022049142207863784,0.9017514287457838,0.9051050520445528,0.0010523661114123506,0.4772821098849942,2.5006220112559885,0.26592552265417024,True
USDJPY,買い,1,2021-02-24 05:00:00,2021-02-24 09:00:00,106.00379265018452,2021-02-25 01:00:00,105.88520734981547,時間切れ,time,4,0.2348721163142188,105.7689205338703,105.7689205338703,-0.11858530036904824,-0.5048930551228199,0.5714060567152922,0.7527187686596456,False
EURUSD,買い,1,2021-02-25 01:00:00,2021-02-25 05:00:00,1.2220263224968553,2021-02-25 13:00:00,1.2192576620517406,初期損切り,initial,3,0.002742337948259367,1.2192839845485959,1.2192839845485959,-0.0027686604451147012,-1.0095985605537938,0.825455339879477,1.0000000000000118,False
USDCHF,買い,1,2021-02-26 09:00:00,2021-02-26 13:00:00,0.9099663429665702,2021-02-28 17:00:00,0.9072468736416018,初期損切り,initial,2,0.0026231263583981613,0.9073432166081721,0.9073432166081721,-0.00271946932496836,-1.0367282979951569,0.012830885299169398,0.9999999999999843,False
USDCHF,買い,1,2021-03-03 13:00:00,2021-03-03 17:00:00,0.9199863429665702,2021-03-05 09:00:00,0.9261780296415459,トレイル,trail,11,0.002450959238016315,0.9175353837285539,0.9262743726081162,0.006191686674975716,2.5262299670013935,4.546651311283704,0.4391517206305558,True
USDJPY,買い,1,2021-03-03 13:00:00,2021-03-03 17:00:00,107.00079265018452,2021-03-05 09:00:00,108.16192013129863,トレイル,trail,11,0.2135334004868521,106.78725924969767,108.16371278148316,1.1611274811141072,5.437685525855715,7.69063456148442,0.1442053098686968,True
EURUSD,売り,-1,2021-03-04 13:00:00,2021-03-04 17:00:00,1.1968936775031447,2021-03-09 01:00:00,1.1898179557410788,トレイル,trail,15,0.0032164126902431978,1.2001100901933879,1.1897916332442235,0.007075721762065834,2.199879941877368,4.145512030714118,0.30665296771379075,True
USDJPY,買い,1,2021-03-08 05:00:00,2021-03-08 09:00:00,108.69579265018453,2021-03-09 01:00:00,108.76261932482426,トレイル,trail,5,0.23659519954035008,108.45919745064418,108.76441197500878,0.06682667463972791,0.2824515238244763,2.270575864849096,0.2358148022145884,True
EURUSD,売り,-1,2021-03-16 09:00:00,2021-03-16 13:00:00,1.1892736775031447,2021-03-17 05:00:00,1.1898463224968554,時間切れ,time,4,0.002772057712645049,1.1920457352157898,1.1920457352157898,-0.0005726449937106803,-0.20657758714708452,0.23580948555395845,0.6299733547715122,False
GBPUSD,売り,-1,2021-03-23 01:00:00,2021-03-23 05:00:00,1.3810537570146253,2021-03-25 17:00:00,1.3748411779277576,トレイル,trail,16,0.004127272964085832,1.385181029978711,1.374774934942383,0.006212579086867676,1.5052503531817472,3.402672209187368,0.0814685600638672,True
USDCHF,買い,1,2021-03-25 09:00:00,2021-03-25 13:00:00,0.9397563429665703,2021-03-26 05:00:00,0.9405336570334297,時間切れ,time,4,0.0024066215293906917,0.9373497214371797,0.9373497214371797,0.0007773140668594358,0.32298974199579944,0.8284048858876616,0.41815588960724664,False
EURUSD,売り,-1,2021-03-23 09:00:00,2021-03-23 13:00:00,1.1863036775031448,2021-03-30 13:00:00,1.1718563224968552,最大保有,max,30,0.0027118822042516253,1.1890155597073964,1.1758018512394386,0.014447355006289575,5.327427195635323,5.591569382833619,0.11664315520758263,True
USDCHF,買い,1,2021-03-30 01:00:00,2021-03-30 05:00:00,0.9422063429665702,2021-03-30 21:00:00,0.9425936570334298,時間切れ,time,4,0.002116747921326278,0.9400895950452439,0.9400895950452439,0.0003873140668595454,0.18297599962534433,0.7953979859703112,0.48959205587454013,False
USDJPY,買い,1,2021-03-29 17:00:00,2021-03-29 21:00:00,109.85079265018453,2021-03-31 01:00:00,110.5116650653396,トレイル,trail,8,0.20238654266880385,109.64840610751573,110.51345771552413,0.6608724151550689,3.265397029073004,5.5053430683818805,0.10273731598132164,True
AUDUSD,売り,-1,2021-03-31 21:00:00,2021-04-01 01:00:00,0.7543757478820956,2021-04-01 01:00:00,0.7572260591193275,初期損切り,initial,1,0.0028060591193274833,0.7571818070014231,0.7571818070014231,-0.002850311237231895,-1.0157702015611907,-0.0,1.0000000000000129,False
USDCHF,売り,-1,2021-04-19 01:00:00,2021-04-19 05:00:00,0.9145036570334297,2021-04-19 21:00:00,0.9155763429665702,時間切れ,time,4,0.0022392089049235995,0.9167428659383533,0.9167428659383533,-0.0010726859331404714,-0.4790468324691978,0.7161712468647046,0.7263024736076427,False
USDJPY,売り,-1,2021-04-23 05:00:00,2021-04-23 09:00:00,107.51420734981548,2021-04-23 09:00:00,107.75059912026113,初期損切り,initial,1,0.2345991202611284,107.7488064700766,107.7488064700766,-0.23639177044564974,-1.0076413337890013,-0.0,0.9999999999999772,False
USDCHF,売り,-1,2021-04-23 13:00:00,2021-04-25 17:00:00,0.9135236570334297,2021-04-26 05:00:00,0.9156481259613158,初期損切り,initial,4,0.0020281259613157986,0.9155517829947456,0.9155517829947456,-0.0021244689278860918,-1.0475034432811008,0.6625116284976822,1.0000000000000262,False
EURUSD,買い,1,2021-04-23 13:00:00,2021-04-25 17:00:00,1.2096663224968554,2021-04-26 09:00:00,1.2080436775031447,時間切れ,time,4,0.0025502354861222905,1.2071160870107331,1.2071160870107331,-0.0016226449937106757,-0.6362726118982667,0.8013681537512393,0.7867204843526306,False
AUDUSD,買い,1,2021-04-25 21:00:00,2021-04-26 01:00:00,0.7774242521179043,2021-04-27 01:00:00,0.77738,建値,breakeven,7,0.0024687974883868505,0.7749554546295175,0.7774242521179043,-4.425211790437533e-05,-0.01792456372486442,1.6347018745278807,0.37437340334799496,True
GBPUSD,買い,1,2021-04-28 13:00:00,2021-04-28 17:00:00,1.3935662429853746,2021-04-29 01:00:00,1.3935,建値,breakeven,3,0.0035300774391446117,1.3900361655462299,1.3935662429853746,-6.624298537460938e-05,-0.018765306573745023,1.1596790963365688,0.0867524836647307,True
EURUSD,買い,1,2021-04-28 13:00:00,2021-04-28 17:00:00,1.2125663224968553,2021-04-29 09:00:00,1.2122336775031446,時間切れ,time,4,0.002622101455869251,1.209944221040986,1.209944221040986,-0.00033264499371066236,-0.1268619842935816,0.9281400983540661,0.5515890674702401,False
USDCHF,売り,-1,2021-04-28 13:00:00,2021-04-28 17:00:00,0.9099936570334297,2021-04-29 09:00:00,0.9088063429665703,時間切れ,time,4,0.002323102803506999,0.9123167598369367,0.9123167598369367,0.0011873140668594573,0.5110897654064496,0.8495779999275953,0.5537176248198646,False
USDCHF,売り,-1,2021-05-06 05:00:00,2021-05-06 09:00:00,0.9089036570334298,2021-05-07 01:00:00,0.9074863429665703,時間切れ,time,4,0.002195297531574734,0.9110989545650046,0.9110989545650046,0.0014173140668595208,0.6456136566795349,0.8398210296839892,0.5540674779048017,False
GBPUSD,買い,1,2021-05-07 05:00:00,2021-05-07 09:00:00,1.3954862429853747,2021-05-07 09:00:00,1.3919590806754714,初期損切り,initial,1,0.0034609193245286446,1.392025323660846,1.392025323660846,-0.0035271623099033533,-1.0191402859076268,0.0,1.0000000000000286,False
GBPUSD,買い,1,2021-05-11 09:00:00,2021-05-11 13:00:00,1.4165562429853746,2021-05-11 17:00:00,1.412556768573278,初期損切り,initial,2,0.003933231426722016,1.4126230115586527,1.4126230115586527,-0.003999474412096582,-1.0168418733066449,0.0009551979575573165,0.999999999999989,False
GBPUSD,買い,1,2021-05-17 21:00:00,2021-05-18 01:00:00,1.4171962429853746,2021-05-18 17:00:00,1.4187937570146254,時間切れ,time,4,0.003426002972589401,1.4137702400127852,1.4171962429853746,0.0015975140292507906,0.46629090576747995,1.407983896458682,0.23824935118422116,True
EURUSD,買い,1,2021-05-18 01:00:00,2021-05-18 05:00:00,1.2218963224968553,2021-05-18 21:00:00,1.2226336775031448,時間切れ,time,4,0.002671823954802339,1.219224498542053,1.219224498542053,0.000737355006289464,0.27597439755120895,0.5590478745652109,0.7733752417113163,False
USDCHF,売り,-1,2021-05-18 01:00:00,2021-05-18 05:00:00,0.8970336570334297,2021-05-18 21:00:00,0.8977563429665703,時間切れ,time,4,0.0022191572132927917,0.8992528142467225,0.8992528142467225,-0.00072268593314051,-0.32565783479043675,0.4432570290818545,0.7599024334413963,False
USDCHF,売り,-1,2021-05-25 01:00:00,2021-05-25 05:00:00,0.8934736570334297,2021-05-25 05:00:00,0.8956927198629896,初期損切り,initial,1,0.0021227198629896137,0.8955963768964194,0.8955963768964194,-0.002219062829559859,-1.0453865666638447,-0.0,1.0000000000000027,False
EURUSD,買い,1,2021-05-25 01:00:00,2021-05-25 05:00:00,1.2259163224968552,2021-05-25 09:00:00,1.2233497086931804,初期損切り,initial,2,0.0025402913068196037,1.2233760311900357,1.2233760311900357,-0.0025666138036748443,-1.0103619993441602,0.29275284340358876,0.9999999999999758,False
GBPUSD,買い,1,2021-05-27 09:00:00,2021-05-27 13:00:00,1.4178562429853747,2021-05-28 01:00:00,1.41779,建値,breakeven,4,0.0033892678103124942,1.4144669751750623,1.4178562429853747,-6.624298537460938e-05,-0.01954492506406618,1.1901558803797998,0.03724786368036837,True
AUDUSD,売り,-1,2021-05-28 05:00:00,2021-05-28 09:00:00,0.7680557478820956,2021-05-28 09:00:00,0.7705269015387275,初期損切り,initial,1,0.002426901538727441,0.7704826494208231,0.7704826494208231,-0.0024711536566318637,-1.0182339980416455,-0.0,1.0000000000000195,False
GBPUSD,買い,1,2021-05-31 17:00:00,2021-05-31 21:00:00,1.4228062429853745,2021-06-01 01:00:00,1.4194814114475462,初期損切り,initial,2,0.0032585885524536035,1.4195476544329209,1.4195476544329209,-0.0033248315378282545,-1.0203287356805977,0.6517413844796122,1.0000000000000129,False
AUDUSD,売り,-1,2021-06-03 05:00:00,2021-06-03 09:00:00,0.7695957478820956,2021-06-04 05:00:00,0.7691784698597324,トレイル,trail,6,0.002304254420733876,0.7719000023028295,0.769134217741828,0.0004172780223632433,0.18109025574977328,2.185413137014521,0.17543727561805136,True
USDJPY,買い,1,2021-06-03 05:00:00,2021-06-03 09:00:00,109.96479265018452,2021-06-04 05:00:00,109.963,建値,breakeven,6,0.19493170375060823,109.76986094643391,109.96479265018452,-0.0017926501845266785,-0.009196298755076597,1.8786443804133626,0.16822635596758878,True
USDCHF,売り,-1,2021-06-09 05:00:00,2021-06-09 09:00:00,0.8946336570334298,2021-06-09 09:00:00,0.8964491920664065,初期損切り,initial,1,0.0017191920664064524,0.8963528490998363,0.8963528490998363,-0.0018155350329767117,-1.0560396761088136,-0.0,1.0000000000000113,False
AUDUSD,売り,-1,2021-06-15 09:00:00,2021-06-15 13:00:00,0.7683757478820956,2021-06-16 01:00:00,0.7703430317688584,初期損切り,initial,4,0.0019230317688583895,0.7702987796509541,0.7702987796509541,-0.001967283886762816,-1.0230116416281032,0.17459299816715396,1.0000000000000266,False
AUDUSD,売り,-1,2021-06-16 13:00:00,2021-06-16 17:00:00,0.7607757478820957,2021-06-16 21:00:00,0.7629844885708764,初期損切り,initial,2,0.00216448857087632,0.762940236452972,0.762940236452972,-0.0022087406887807415,-1.02044460686919,0.469278468716722,1.0000000000000213,False
USDJPY,買い,1,2021-06-16 13:00:00,2021-06-16 17:00:00,110.65879265018452,2021-06-17 05:00:00,110.46114929668475,初期損切り,initial,4,0.19585070331523885,110.46294194686928,110.46294194686928,-0.19764335349977102,-1.009153146525324,0.8435371791826513,1.000000000000028,False
USDJPY,買い,1,2021-06-22 05:00:00,2021-06-22 09:00:00,110.69579265018453,2021-06-23 01:00:00,110.79220734981547,時間切れ,time,4,0.22631229246751433,110.46948035771702,110.46948035771702,0.09641469963094096,0.42602502312056545,0.6990665336403658,0.4763004652078648,False
GBPUSD,売り,-1,2021-06-25 13:00:00,2021-06-27 17:00:00,1.3882837570146254,2021-06-28 01:00:00,1.3918873266191936,初期損切り,initial,3,0.003537326619193594,1.391821083633819,1.391821083633819,-0.003603569604568202,-1.0187268501062843,0.18481669492382977,0.9999999999999997,False
EURUSD,売り,-1,2021-06-28 21:00:00,2021-06-29 01:00:00,1.1910336775031447,2021-06-29 09:00:00,1.19106,建値,breakeven,3,0.002238585273572049,1.1932722627767167,1.1910336775031447,-2.632249685530219e-05,-0.01175854105986327,1.355176208366637,0.5746140261178398,True
USDCHF,買い,1,2021-06-28 17:00:00,2021-06-28 21:00:00,0.9204163429665703,2021-06-29 09:00:00,0.92032,建値,breakeven,4,0.0019058262283369834,0.9185105167382333,0.9204163429665703,-9.634296657023977e-05,-0.050551810620377634,1.4448625968552284,0.7536589355387322,True
GBPUSD,売り,-1,2021-06-28 17:00:00,2021-06-28 21:00:00,1.3863037570146255,2021-06-29 13:00:00,1.3841662429853747,時間切れ,time,4,0.0034035790659996583,1.3897073360806251,1.3863037570146255,0.0021375140292507755,0.6280195017661417,1.4348886627644721,0.47780379237259607,True
GBPUSD,売り,-1,2021-06-30 09:00:00,2021-06-30 13:00:00,1.3799737570146253,2021-06-30 13:00:00,1.383415496683461,初期損切り,initial,1,0.0033754966834612446,1.3833492536980865,1.3833492536980865,-0.0034417396688357638,-1.0196246631493038,-0.0,0.9999999999999732,False
AUDUSD,売り,-1,2021-06-30 17:00:00,2021-06-30 21:00:00,0.7484957478820956,2021-07-01 05:00:00,0.7505633871496814,初期損切り,initial,3,0.0020233871496814384,0.750519135031777,0.750519135031777,-0.002067639267585797,-1.0218703167662824,0.432812812038237,0.9999999999999917,False
EURUSD,売り,-1,2021-07-02 01:00:00,2021-07-02 05:00:00,1.1827636775031447,2021-07-02 05:00:00,1.184938103020835,初期損切り,initial,1,0.002148103020834979,1.1849117805239797,1.1849117805239797,-0.002174425517690315,-1.0122538335452387,-0.0,1.0000000000000158,False
USDJPY,買い,1,2021-06-30 09:00:00,2021-06-30 13:00:00,111.09079265018453,2021-07-02 05:00:00,111.27395476274188,トレイル,trail,11,0.20581510695009442,110.88497754323443,111.2757474129264,0.18316211255735482,0.8899352203614846,2.7607660012695683,0.32452744200512035,True
EURUSD,売り,-1,2021-07-07 09:00:00,2021-07-07 13:00:00,1.1800136775031447,2021-07-08 01:00:00,1.1822650696068737,初期損切り,initial,4,0.0022250696068736872,1.1822387471100184,1.1822387471100184,-0.002251392103729044,-1.0118299655768257,0.743202593768779,1.0000000000000246,False
USDCHF,買い,1,2021-07-07 09:00:00,2021-07-07 13:00:00,0.9256563429665703,2021-07-08 01:00:00,0.9235976230966388,初期損切り,initial,4,0.001962376903361254,0.9236939660632091,0.9236939660632091,-0.002058719869931447,-1.0490950369448255,0.2413690421133764,0.9999999999999761,False
GBPUSD,売り,-1,2021-07-08 05:00:00,2021-07-08 09:00:00,1.3760337570146255,2021-07-08 09:00:00,1.3796243642844408,初期損切り,initial,1,0.003524364284440673,1.3795581212990662,1.3795581212990662,-0.0035906072698153046,-1.0187957259886784,-0.0,1.0000000000000062,False
AUDUSD,売り,-1,2021-07-07 17:00:00,2021-07-07 21:00:00,0.7468557478820956,2021-07-09 05:00:00,0.7460212469058245,トレイル,trail,9,0.0025623763929166063,0.7494181242750122,0.7459769947879201,0.0008345009762711353,0.3256746271070936,2.2930853946120044,0.05629622498206456,True
AUDUSD,売り,-1,2021-07-13 05:00:00,2021-07-13 09:00:00,0.7430357478820956,2021-07-13 09:00:00,0.745613232464347,初期損切り,initial,1,0.0025332324643470064,0.7455689803464426,0.7455689803464426,-0.002577484582251377,-1.0174686368216024,-0.0,0.9999999999999981,False
EURUSD,売り,-1,2021-07-13 05:00:00,2021-07-13 09:00:00,1.1799036775031446,2021-07-13 09:00:00,1.1821783157186245,初期損切り,initial,1,0.00224831571862463,1.1821519932217692,1.1821519932217692,-0.002274638215479907,-1.0117076514820522,-0.0,0.9999999999999888,False
AUDUSD,売り,-1,2021-07-15 09:00:00,2021-07-15 13:00:00,0.7423957478820956,2021-07-16 05:00:00,0.7443042521179044,時間切れ,time,4,0.0026501920871080135,0.7450459399692037,0.7450459399692037,-0.0019085042358087945,-0.7201380779502002,0.4964726475851208,0.7185336214562235,False
AUDUSD,売り,-1,2021-07-28 05:00:00,2021-07-28 09:00:00,0.7331957478820956,2021-07-28 13:00:00,0.7356021512489705,初期損切り,initial,2,0.002362151248970586,0.7355578991310662,0.7355578991310662,-0.0024064033668749207,-1.018733820674531,0.3622748045742487,0.9999999999999828,False
USDJPY,売り,-1,2021-07-29 09:00:00,2021-07-29 13:00:00,109.52620734981548,2021-07-30 05:00:00,109.49779265018452,時間切れ,time,4,0.2333812130070772,109.75958856282256,109.75958856282256,0.02841469963095733,0.12175230073080331,0.7036014068986127,0.44044954973050304,False
USDJPY,売り,-1,2021-08-02 09:00:00,2021-08-02 13:00:00,109.25020734981547,2021-08-03 05:00:00,109.15179265018453,時間切れ,time,4,0.21408890043802226,109.4642962502535,109.4642962502535,0.0984146996309363,0.4596908080221884,0.706282995083338,0.587572031652115,False
USDCHF,売り,-1,2021-08-03 05:00:00,2021-08-03 09:00:00,0.9027236570334297,2021-08-03 09:00:00,0.9046909662718903,初期損切り,initial,1,0.0018709662718903244,0.90459462330532,0.90459462330532,-0.0019673092384605573,-1.0514936950054654,-0.0,0.9999999999999963,False
AUDUSD,売り,-1,2021-08-09 21:00:00,2021-08-10 01:00:00,0.7321957478820956,2021-08-10 01:00:00,0.73438219296545,初期損切り,initial,1,0.0021421929654500856,0.7343379408475457,0.7343379408475457,-0.002186445083354416,-1.0206573911025016,-0.0,0.9999999999999789,False
AUDUSD,売り,-1,2021-08-16 05:00:00,2021-08-16 09:00:00,0.7326157478820956,2021-08-17 01:00:00,0.7309642521179044,時間切れ,time,4,0.0018762178328300694,0.7344919657149257,0.7326157478820956,0.0016514957641912131,0.880226024555002,1.2342638693517805,0.8443860250036587,True
EURUSD,売り,-1,2021-08-17 09:00:00,2021-08-17 13:00:00,1.1708436775031448,2021-08-18 01:00:00,1.1727089077668453,初期損切り,initial,4,0.0018389077668452501,1.17268258526999,1.17268258526999,-0.0018652302637005569,-1.0143142017940707,0.3554705216489092,1.0000000000000024,False
GBPUSD,売り,-1,2021-08-26 17:00:00,2021-08-26 21:00:00,1.3681937570146254,2021-08-27 01:00:00,1.3709445614180376,初期損切り,initial,2,0.0026845614180375215,1.370878318432663,1.370878318432663,-0.0027508044034121326,-1.0246755335637046,0.057274537878853844,1.0000000000000007,False
USDJPY,買い,1,2021-09-13 01:00:00,2021-09-13 05:00:00,110.11879265018453,2021-09-13 09:00:00,109.96289822636686,初期損切り,initial,2,0.1541017736331492,109.96469087655139,109.96469087655139,-0.1558944238176707,-1.011632897806803,0.12464067974453462,0.9999999999999665,False
USDCHF,買い,1,2021-09-16 05:00:00,2021-09-16 09:00:00,0.9265063429665702,2021-09-17 01:00:00,0.9266136570334298,時間切れ,time,4,0.002102056876928729,0.9244042860896414,0.9244042860896414,0.00010731406685959843,0.05105193300782268,0.7581417281906755,0.9449520554707306,False
USDCHF,買い,1,2021-09-27 01:00:00,2021-09-27 05:00:00,0.9284463429665702,2021-09-27 05:00:00,0.9262588123741846,初期損切り,initial,1,0.002091187625815403,0.9263551553407549,0.9263551553407549,-0.0021875305923856336,-1.0460709337511809,0.0,0.9999999999999957,False
EURUSD,売り,-1,2021-09-28 01:00:00,2021-09-28 05:00:00,1.1680336775031448,2021-09-28 09:00:00,1.1699946113128037,初期損切り,initial,2,0.0019346113128036284,1.1699682888159484,1.1699682888159484,-0.0019609338096588935,-1.0136060906297082,0.3740686815771674,0.9999999999999808,False
AUDUSD,売り,-1,2021-09-28 09:00:00,2021-09-28 13:00:00,0.7231557478820956,2021-09-29 01:00:00,0.7259804368231056,初期損切り,initial,4,0.0027804368231056876,0.7259361847052013,0.7259361847052013,-0.0028246889410100673,-1.0159155272066032,0.2070710175146079,1.0000000000000016,False
GBPUSD,売り,-1,2021-09-28 05:00:00,2021-09-28 09:00:00,1.3545137570146253,2021-09-29 01:00:00,1.3549862429853745,時間切れ,time,4,0.003907725149958298,1.3584214821645837,1.3584214821645837,-0.0004724859707492257,-0.12091074797168574,0.6176885328414065,0.43151524753289805,False
USDCHF,買い,1,2021-09-28 13:00:00,2021-09-28 17:00:00,0.9295263429665702,2021-09-29 09:00:00,0.9300836570334298,時間切れ,time,4,0.002152505287541695,0.9273738376790285,0.9273738376790285,0.0005573140668595489,0.2589141453380766,0.554543136473783,0.7044549322812497,False
USDJPY,買い,1,2021-10-05 09:00:00,2021-10-05 13:00:00,111.45879265018452,2021-10-06 05:00:00,111.57620734981548,時間切れ,time,4,0.24712472549282732,111.2116679246917,111.45879265018452,0.11741469963095597,0.4751232374534853,1.332150593830529,0.1974413935603538,True
EURUSD,売り,-1,2021-10-06 01:00:00,2021-10-06 05:00:00,1.1551936775031446,2021-10-06 09:00:00,1.15522,建値,breakeven,2,0.0020726716373588865,1.1572663491405035,1.1551936775031446,-2.632249685530219e-05,-0.012699791120239277,1.0921544263659173,0.11401830014737932,True
USDJPY,買い,1,2021-10-07 21:00:00,2021-10-08 01:00:00,111.92779265018453,2021-10-08 05:00:00,111.70406218616078,初期損切り,initial,2,0.221937813839222,111.70585483634531,111.70585483634531,-0.2237304640237454,-1.0080772634167787,0.32084370204282187,0.9999999999999852,False
EURUSD,売り,-1,2021-10-12 05:00:00,2021-10-12 09:00:00,1.1541136775031446,2021-10-13 01:00:00,1.1552763224968554,時間切れ,time,4,0.001904162125716803,1.1560178396288614,1.1560178396288614,-0.0011626449937107708,-0.6105808838483775,0.8737058051285377,0.7648101373233261,False
USDJPY,買い,1,2021-10-14 17:00:00,2021-10-14 21:00:00,113.88679265018453,2021-10-19 01:00:00,113.96062224464636,トレイル,trail,14,0.25790763956428225,113.62888501062025,113.96241489483089,0.07382959446182724,0.286263697293176,2.2380389770175872,0.2628563089447848,True
AUDUSD,買い,1,2021-10-18 21:00:00,2021-10-19 01:00:00,0.7453642521179044,2021-10-19 17:00:00,0.7472157478820957,時間切れ,time,4,0.002282204399111673,0.7430820477187927,0.7453642521179044,0.0018514957641913021,0.8112751710197298,1.409053406148619,0.019390076507432928,True
USDJPY,買い,1,2021-10-19 17:00:00,2021-10-19 21:00:00,114.62579265018452,2021-10-20 01:00:00,114.3672350541681,初期損切り,initial,2,0.2567649458318952,114.36902770435263,114.36902770435263,-0.25855759601641637,-1.0069816780429788,0.05143751134985842,0.9999999999999786,False
AUDUSD,買い,1,2021-10-25 21:00:00,2021-10-26 01:00:00,0.7515242521179044,2021-10-26 01:00:00,0.7492026676427118,初期損切り,initial,1,0.0022773323572882116,0.7492469197606162,0.7492469197606162,-0.002321584475192595,-1.0194315589302378,0.0,1.0000000000000036,False
AUDUSD,買い,1,2021-10-28 09:00:00,2021-10-28 13:00:00,0.7546042521179044,2021-10-29 05:00:00,0.7533757478820956,時間切れ,time,4,0.002632076588718178,0.7519721755291862,0.7519721755291862,-0.0012285042358087805,-0.4667433467074993,0.3441191209928775,0.8526545646596502,False
USDCHF,売り,-1,2021-10-28 09:00:00,2021-10-28 13:00:00,0.9121636570334297,2021-10-29 05:00:00,0.9118963429665703,時間切れ,time,4,0.002170906411543743,0.9143345634449734,0.9143345634449734,0.0002673140668594254,0.12313477238723385,0.8768950256478636,0.32997413557819355,False
USDCHF,売り,-1,2021-11-01 13:00:00,2021-11-01 17:00:00,0.9090236570334298,2021-11-02 01:00:00,0.9113673761306778,初期損切り,initial,3,0.002247376130677707,0.9112710331641075,0.9112710331641075,-0.002343719097247954,-1.0428690886474772,0.08172064788035083,1.000000000000003,False
EURUSD,売り,-1,2021-11-05 05:00:00,2021-11-05 09:00:00,1.1514436775031447,2021-11-05 09:00:00,1.1538160629505791,初期損切り,initial,1,0.002346062950579137,1.1537897404537238,1.1537897404537238,-0.0023723854474344552,-1.0112198595731714,-0.0,1.0000000000000069,False
USDCHF,売り,-1,2021-11-09 09:00:00,2021-11-09 13:00:00,0.9110236570334298,2021-11-10 01:00:00,0.9132414591576824,初期損切り,initial,4,0.002121459157682376,0.9131451161911122,0.9131451161911122,-0.002217802124252599,-1.0454135382344456,0.39296397972633584,0.9999999999999922,False
GBPUSD,売り,-1,2021-11-10 13:00:00,2021-11-10 17:00:00,1.3405237570146253,2021-11-11 05:00:00,1.34059,建値,breakeven,4,0.004081299378756787,1.3446050563933822,1.3405237570146253,-6.624298537460938e-05,-0.016230856702011354,1.0079527701489865,0.692486074431426,True
EURUSD,売り,-1,2021-11-10 09:00:00,2021-11-10 13:00:00,1.1512036775031447,2021-11-17 01:00:00,1.1316496084873193,トレイル,trail,28,0.0026126726921301144,1.1538163501952747,1.131623285990464,0.01955406901582535,7.484316376378128,9.501258071062077,0.1325548729845081,True
USDJPY,買い,1,2021-11-16 05:00:00,2021-11-16 09:00:00,114.42779265018453,2021-11-17 09:00:00,114.52525437537467,トレイル,trail,7,0.2233040670446836,114.20448858313985,114.5270470255592,0.09746172519014351,0.4364529785775967,2.428112290973068,0.06624442796902516,True
AUDUSD,売り,-1,2021-11-17 09:00:00,2021-11-17 13:00:00,0.7268957478820957,2021-11-18 01:00:00,0.7292292490146924,初期損切り,initial,4,0.002289249014692425,0.7291849968967881,0.7291849968967881,-0.0023335011325967825,-1.0193304081907852,0.7494806685877857,0.9999999999999922,False
USDCHF,買い,1,2021-11-22 21:00:00,2021-11-23 01:00:00,0.9331063429665702,2021-11-23 01:00:00,0.9307825666992855,初期損切り,initial,1,0.002227433300714475,0.9308789096658557,0.9308789096658557,-0.0023237762672847495,-1.0432529075233685,0.0,1.0000000000000155,False
USDJPY,買い,1,2021-11-22 09:00:00,2021-11-22 13:00:00,114.83179265018452,2021-11-23 01:00:00,114.83,建値,breakeven,4,0.2756374373362565,114.55615521284827,114.83179265018452,-0.0017926501845266785,-0.006503652776091453,1.1181621509544304,0.33301953127851097,True
EURUSD,売り,-1,2021-11-22 09:00:00,2021-11-22 13:00:00,1.1248036775031447,2021-11-23 05:00:00,1.1259363224968553,時間切れ,time,4,0.002828572516134425,1.127632250019279,1.127632250019279,-0.0011326449937105743,-0.4004298943194379,0.7755422534270054,0.9567803128320798,False
GBPUSD,売り,-1,2021-11-22 09:00:00,2021-11-22 13:00:00,1.3393337570146253,2021-11-23 05:00:00,1.3379662429853747,時間切れ,time,4,0.0033442439074083197,1.3426780009220336,1.3426780009220336,0.001367514029250616,0.40891575707777694,0.5662735933913841,0.4952518510105096,False
AUDUSD,売り,-1,2021-11-22 13:00:00,2021-11-22 17:00:00,0.7225657478820956,2021-11-23 09:00:00,0.7217442521179044,時間切れ,time,4,0.002225045445983722,0.7247907933280793,0.7247907933280793,0.0008214957641912157,0.36920403835977456,0.6497610575573802,0.49178865981345715,False
EURUSD,売り,-1,2021-11-24 01:00:00,2021-11-24 05:00:00,1.1207736775031447,2021-11-24 21:00:00,1.1207563224968553,時間切れ,time,4,0.0026704864641975837,1.1234441639673423,1.1234441639673423,1.7355006289410113e-05,0.00649881829475023,0.8102184872128698,0.4667024205381212,False
GBPUSD,売り,-1,2021-11-24 09:00:00,2021-11-24 13:00:00,1.3322837570146253,2021-11-25 01:00:00,1.3354480971908558,初期損切り,initial,4,0.0030980971908559215,1.3353818542054812,1.3353818542054812,-0.0031643401762304624,-1.0213818293273877,0.23038561112028946,0.9999999999999779,False
AUDUSD,売り,-1,2021-11-29 21:00:00,2021-11-30 01:00:00,0.7102757478820956,2021-11-30 01:00:00,0.7127818811580203,初期損切り,initial,1,0.002461881158020399,0.712737629040116,0.712737629040116,-0.002506133275924749,-1.0179749204222082,-0.0,0.9999999999999898,False
GBPUSD,売り,-1,2021-11-30 09:00:00,2021-11-30 13:00:00,1.3264037570146254,2021-11-30 13:00:00,1.3303273150747563,初期損切り,initial,1,0.003857315074756304,1.3302610720893817,1.3302610720893817,-0.003923558060130894,-1.017173340546669,-0.0,0.9999999999999949,False
AUDUSD,売り,-1,2021-12-03 01:00:00,2021-12-03 05:00:00,0.7052557478820957,2021-12-03 05:00:00,0.7081508936649349,初期損切り,initial,1,0.0028508936649348526,0.7081066415470305,0.7081066415470305,-0.0028951457828392257,-1.0155221916722679,-0.0,0.9999999999999992,False
GBPUSD,売り,-1,2021-12-03 09:00:00,2021-12-03 13:00:00,1.3236237570146254,2021-12-06 05:00:00,1.3259762429853745,時間切れ,time,4,0.003775573187007876,1.3273993302016334,1.3273993302016334,-0.0023524859707491075,-0.623080484532586,0.3956371498149111,0.8015320682402044,False
GBPUSD,売り,-1,2021-12-08 13:00:00,2021-12-08 17:00:00,1.3200737570146255,2021-12-09 09:00:00,1.3206862429853745,時間切れ,time,4,0.0037065755998749055,1.3237803326145003,1.3237803326145003,-0.0006124859707490327,-0.16524308064017462,0.7915006548698256,0.4117663175212549,False
EURUSD,売り,-1,2021-12-14 13:00:00,2021-12-14 17:00:00,1.1259036775031448,2021-12-15 09:00:00,1.1273863224968552,時間切れ,time,4,0.002562985659010681,1.1284666631621554,1.1284666631621554,-0.0014826449937104247,-0.5784835309155532,0.2004215284385109,0.7086744674007913,False
USDCHF,買い,1,2021-12-15 09:00:00,2021-12-15 13:00:00,0.9267363429665703,2021-12-15 13:00:00,0.924545541083837,初期損切り,initial,1,0.0020944589161629996,0.9246418840504073,0.9246418840504073,-0.00219080188273324,-1.0459989765503437,0.0,1.0000000000000002,False
USDCHF,売り,-1,2021-12-22 17:00:00,2021-12-22 21:00:00,0.9189736570334298,2021-12-23 01:00:00,0.9212279028945862,初期損切り,initial,2,0.0021579028945861805,0.921131559928016,0.921131559928016,-0.002254245861156412,-1.044646571823014,0.07120664874000757,0.9999999999999962,False
USDCHF,売り,-1,2021-12-28 01:00:00,2021-12-28 05:00:00,0.9163136570334297,2021-12-28 09:00:00,0.9182711840061751,初期損切り,initial,2,0.0018611840061751883,0.9181748410396049,0.9181748410396049,-0.001957526972745427,-1.0517643426177015,0.1846443082949041,0.9999999999999994,False
USDJPY,買い,1,2021-12-29 01:00:00,2021-12-29 05:00:00,115.00079265018452,2021-12-29 05:00:00,114.84121879798623,初期損切り,initial,1,0.15778120201376417,114.84301144817076,114.84301144817076,-0.15957385219829234,-1.011361620786561,0.0,1.0000000000000095,False
USDCHF,売り,-1,2021-12-29 09:00:00,2021-12-29 13:00:00,0.9149836570334298,2021-12-30 01:00:00,0.9170702111729179,初期損切り,initial,4,0.001990211172917866,0.9169738682063476,0.9169738682063476,-0.002086554139488106,-1.048408414082507,0.5294197157405004,1.0,False
AUDUSD,買い,1,2021-12-31 09:00:00,2021-12-31 13:00:00,0.7277842521179044,2022-01-02 17:00:00,0.7256854311942852,初期損切り,initial,2,0.0020545688057148166,0.7257296833121896,0.7257296833121896,-0.002098820923619238,-1.0215383966608143,0.0,1.0000000000000224,False
EURUSD,買い,1,2021-12-31 09:00:00,2021-12-31 13:00:00,1.1386563224968553,2022-01-02 17:00:00,1.1359860666549413,初期損切り,initial,2,0.002643933345058702,1.1360123891517966,1.1360123891517966,-0.0026702558419140487,-1.0099558095534222,0.0,1.0000000000000169,False
USDCHF,売り,-1,2021-12-31 01:00:00,2021-12-31 05:00:00,0.9125136570334298,2022-01-02 17:00:00,0.91261,建値,breakeven,4,0.0020022508306133556,0.9145159078640431,0.9125136570334298,-9.634296657023977e-05,-0.04811733130395393,1.1405449299927368,0.8971618036586777,True
GBPUSD,買い,1,2021-12-31 09:00:00,2021-12-31 13:00:00,1.3536062429853746,2022-01-02 21:00:00,1.3505585668027968,初期損切り,initial,3,0.002981433197203019,1.3506248097881715,1.3506248097881715,-0.00304767618257773,-1.0222185039855516,0.25952518921142675,1.000000000000034,False
USDJPY,買い,1,2022-01-02 17:00:00,2022-01-02 21:00:00,115.21679265018453,2022-01-03 05:00:00,115.06816816604909,初期損切り,initial,3,0.14683183395091653,115.06996081623362,115.06996081623362,-0.14862448413543916,-1.0122088659951076,0.9889364309377564,0.9999999999999724,False
GBPUSD,買い,1,2022-01-05 09:00:00,2022-01-05 13:00:00,1.3589662429853746,2022-01-05 13:00:00,1.3558991586229021,初期損切り,initial,1,0.0030008413770979273,1.3559654016082767,1.3559654016082767,-0.003067084362472494,-1.022074804046667,0.0,0.9999999999999858,False
GBPUSD,買い,1,2022-01-11 01:00:00,2022-01-11 05:00:00,1.3610262429853746,2022-01-11 05:00:00,1.3580287485464104,初期損切り,initial,1,0.0029312514535895715,1.358094991531785,1.358094991531785,-0.0029974944389641323,-1.0225988750618582,0.0,0.9999999999999835,False
EURUSD,買い,1,2022-01-11 13:00:00,2022-01-11 17:00:00,1.1369663224968554,2022-01-14 05:00:00,1.1433265924965736,トレイル,trail,16,0.002537514305014165,1.1344288081918412,1.143352914993429,0.006360269999718282,2.506496214484504,4.462507849027262,0.5817986893465069,True
USDCHF,売り,-1,2022-01-21 01:00:00,2022-01-21 05:00:00,0.9123136570334298,2022-01-23 21:00:00,0.9132563429665702,時間切れ,time,4,0.00202337385725545,0.9143370308906853,0.9143370308906853,-0.000942685933140397,-0.46589804931999934,0.7431434522285468,0.5319545682132103,False
GBPUSD,買い,1,2022-02-03 09:00:00,2022-02-03 13:00:00,1.3608662429853746,2022-02-04 01:00:00,1.3575018779759696,初期損切り,initial,4,0.0032981220240304145,1.3575681209613442,1.3575681209613442,-0.003364365009405068,-1.0200850620116544,0.19822099057042522,1.0000000000000133,False
USDCHF,買い,1,2022-02-10 05:00:00,2022-02-10 09:00:00,0.9276463429665702,2022-02-10 09:00:00,0.9255308894641046,初期損切り,initial,1,0.0020191105358954796,0.9256272324306748,0.9256272324306748,-0.0021154535024656695,-1.0477155484345297,0.0,0.9999999999999754,False
USDJPY,買い,1,2022-02-10 01:00:00,2022-02-10 05:00:00,115.79279265018452,2022-02-10 09:00:00,115.791,建値,breakeven,2,0.21780259056737897,115.57499005961715,115.79279265018452,-0.0017926501845266785,-0.008230619203641234,1.8374774550336077,0.21483973199140027,True
AUDUSD,買い,1,2022-02-28 09:00:00,2022-02-28 13:00:00,0.7252442521179043,2022-03-01 05:00:00,0.7273357478820957,時間切れ,time,4,0.0032594315136584675,0.7219848206042458,0.7252442521179043,0.00209149576419132,0.6416750146235695,1.1430667791248674,0.2651542498385705,True
EURUSD,売り,-1,2022-03-01 09:00:00,2022-03-01 13:00:00,1.1108836775031448,2022-03-02 05:00:00,1.1082763224968553,時間切れ,time,4,0.0043401144137784654,1.1152237919169232,1.1108836775031448,0.0026073550062895023,0.6007572053888695,1.150586603729018,0.6765541681420637,True
GBPUSD,売り,-1,2022-03-01 09:00:00,2022-03-01 13:00:00,1.3311937570146255,2022-03-02 05:00:00,1.3308962429853746,時間切れ,time,4,0.0042768118415451445,1.3354705688561705,1.3354705688561705,0.00029751402925093373,0.06956444198944385,0.9338163946868151,0.6374474927542161,False
AUDUSD,買い,1,2022-03-02 13:00:00,2022-03-02 17:00:00,0.7297342521179043,2022-03-03 09:00:00,0.7319957478820956,時間切れ,time,4,0.0029310783658792394,0.7268031737520251,0.7268031737520251,0.0022614957641913236,0.7715575914030329,0.8753597010450368,0.7144988487116605,False
USDJPY,買い,1,2022-03-03 01:00:00,2022-03-03 05:00:00,115.78679265018452,2022-03-03 09:00:00,115.52942998099769,初期損切り,initial,2,0.255570019002311,115.53122263118222,115.53122263118222,-0.2573626691868327,-1.0070143211301537,0.0,0.9999999999999805,False
EURUSD,売り,-1,2022-03-03 09:00:00,2022-03-03 13:00:00,1.1050936775031448,2022-03-04 05:00:00,1.1014463224968554,時間切れ,time,4,0.004176739994209208,1.109270417497354,1.1050936775031448,0.003647355006289432,0.8732540237951764,1.0160262570876548,0.4372602794014441,True
GBPUSD,売り,-1,2022-03-04 05:00:00,2022-03-04 09:00:00,1.3230637570146253,2022-03-07 01:00:00,1.3214962429853747,時間切れ,time,4,0.0043719495687222125,1.3274357065833475,1.3230637570146253,0.001567514029250594,0.3585389091550593,1.030148436945869,0.42915476399767055,True
USDJPY,買い,1,2022-03-08 17:00:00,2022-03-08 21:00:00,115.89179265018453,2022-03-09 09:00:00,115.64510659945988,初期損切り,initial,4,0.244893400540118,115.6468992496444,115.6468992496444,-0.246686050724648,-1.0073201245136711,0.2050171613638112,1.0000000000000135,False
GBPUSD,売り,-1,2022-03-10 17:00:00,2022-03-10 21:00:00,1.3079837570146253,2022-03-11 05:00:00,1.3124842851260248,初期損切り,initial,3,0.0044342851260248195,1.3124180421406502,1.3124180421406502,-0.004500528111399449,-1.014938819559854,0.6503318872529483,1.0000000000000044,False
USDJPY,買い,1,2022-03-16 09:00:00,2022-03-16 13:00:00,118.58079265018452,2022-03-17 05:00:00,118.579,建値,breakeven,5,0.27310523857875063,118.30768741160577,118.58079265018452,-0.0017926501845266785,-0.006563953858430888,1.981680588156939,0.13471967940268567,True
USDJPY,買い,1,2022-03-18 05:00:00,2022-03-18 09:00:00,119.18579265018452,2022-03-21 01:00:00,119.24520734981547,時間切れ,time,4,0.29234659192669005,118.89344605825784,118.89344605825784,0.05941469963094903,0.2032337686558292,0.7292965120966467,0.3413504824080523,False
AUDUSD,買い,1,2022-03-22 05:00:00,2022-03-22 09:00:00,0.7439242521179044,2022-03-23 01:00:00,0.7457757478820957,時間切れ,time,4,0.0030846857215334118,0.7408395663963709,0.7439242521179044,0.0018514957641913021,0.6002218479718948,1.230513648634781,0.3385278800413008,True
USDJPY,買い,1,2022-03-21 13:00:00,2022-03-21 17:00:00,119.46979265018453,2022-03-23 05:00:00,120.7802565035802,トレイル,trail,10,0.2522761430715404,119.21751650711299,120.78204915376473,1.3104638533956745,5.194561156042621,7.706663524121397,0.12602321328304145,True
USDJPY,買い,1,2022-03-24 01:00:00,2022-03-24 05:00:00,121.62679265018453,2022-03-24 21:00:00,121.74557864768504,トレイル,trail,5,0.33292090430886606,121.29387174587566,121.74737129786956,0.11878599750050967,0.3567994558560565,2.4366368687467017,0.2516893625483548,True
EURUSD,売り,-1,2022-03-27 21:00:00,2022-03-28 01:00:00,1.0954136775031447,2022-03-28 01:00:00,1.098549057899516,初期損切り,initial,1,0.0031090578995161627,1.0985227354026608,1.0985227354026608,-0.003135380396371401,-1.0084663900467516,-0.0,0.9999999999999795,False
USDJPY,買い,1,2022-03-27 21:00:00,2022-03-28 01:00:00,123.05379265018453,2022-03-28 05:00:00,124.11781007230718,トレイル,trail,2,0.4079985671096302,122.6457940830749,124.1196027224917,1.064017422122646,2.6078949974271404,5.020133684109514,0.05831552388305106,True
GBPUSD,売り,-1,2022-04-01 09:00:00,2022-04-01 13:00:00,1.3103837570146253,2022-04-04 05:00:00,1.3115962429853747,時間切れ,time,4,0.0036098752499980915,1.3139936322646233,1.3139936322646233,-0.0012124859707494107,-0.3358802969022411,0.3168411469692557,0.9269691481378893,False
AUDUSD,買い,1,2022-04-04 09:00:00,2022-04-04 13:00:00,0.7540642521179044,2022-04-05 13:00:00,0.7590757478820956,トレイル,trail,7,0.002678124940857954,0.7513861271770464,0.7600308587677895,0.005011495764191243,1.8712703383382028,4.501562902525933,0.18081759760963134,True
EURUSD,売り,-1,2022-04-05 09:00:00,2022-04-05 13:00:00,1.0914036775031446,2022-04-06 05:00:00,1.0923763224968552,時間切れ,time,4,0.0031576832762904004,1.0945613607794349,1.0914036775031446,-0.0009726449937106363,-0.30802487412647833,1.2489148397990943,0.41052961409679667,True
GBPUSD,売り,-1,2022-04-05 09:00:00,2022-04-05 13:00:00,1.3084337570146254,2022-04-06 05:00:00,1.3097762429853745,時間切れ,time,4,0.00328862403612743,1.3117223810507528,1.3084337570146254,-0.001342485970749152,-0.4082211757869462,1.180967168019202,0.4397714574505123,True
USDJPY,買い,1,2022-04-05 09:00:00,2022-04-05 13:00:00,123.58779265018453,2022-04-06 05:00:00,123.78920734981547,時間切れ,time,4,0.5030802210342286,123.0847124291503,123.0847124291503,0.20141469963094494,0.40036298627856626,0.9247180277910793,0.1228286217603548,False
USDCHF,買い,1,2022-04-07 21:00:00,2022-04-08 01:00:00,0.9353463429665703,2022-04-08 09:00:00,0.9330447309783264,初期損切り,initial,3,0.0022052690216735667,0.9331410739448966,0.9331410739448966,-0.002301611988243857,-1.0436876252391085,0.41430638368843825,1.0000000000000229,False
EURUSD,売り,-1,2022-04-07 17:00:00,2022-04-07 21:00:00,1.0862036775031447,2022-04-08 13:00:00,1.0872663224968553,時間切れ,time,4,0.003387937492600844,1.0895916149957456,1.0895916149957456,-0.0010626449937105598,-0.3136554307838752,0.7567074388898221,0.8844090256680059,False
GBPUSD,売り,-1,2022-04-08 01:00:00,2022-04-08 05:00:00,1.3043237570146253,2022-04-11 05:00:00,1.30439,建値,breakeven,7,0.0031422279124640787,1.3074659849270893,1.3043237570146253,-6.624298537460938e-05,-0.02108153425531212,1.9361284999389161,0.29795514884869473,True
USDJPY,買い,1,2022-04-08 01:00:00,2022-04-08 05:00:00,124.10479265018452,2022-04-12 05:00:00,125.00190356987994,トレイル,trail,13,0.3948421297177954,123.70995052046672,125.00369622006447,0.8971109196954217,2.2720749691442794,4.224998358224308,0.15903229533636432,True
USDJPY,買い,1,2022-04-13 01:00:00,2022-04-13 05:00:00,126.04779265018453,2022-04-13 05:00:00,125.63567013277893,初期損切り,initial,1,0.41032986722108156,125.63746278296345,125.63746278296345,-0.41212251740560646,-1.0043688025847728,0.0,0.9999999999999957,False
EURUSD,売り,-1,2022-04-12 13:00:00,2022-04-12 17:00:00,1.0826536775031448,2022-04-13 09:00:00,1.0818463224968553,時間切れ,time,4,0.003367404697491331,1.0860210822006362,1.0860210822006362,0.0008073550062894785,0.23975585913120176,0.44653899314951595,0.6373818087425553,False
EURUSD,売り,-1,2022-04-14 21:00:00,2022-04-15 01:00:00,1.0805236775031446,2022-04-17 17:00:00,1.0806763224968554,時間切れ,time,4,0.0036113911409344683,1.0841350686440792,1.0841350686440792,-0.0001526449937108154,-0.04226764361816473,0.07024370754780476,0.5167876931692434,False
USDJPY,買い,1,2022-04-14 21:00:00,2022-04-15 01:00:00,126.38479265018452,2022-04-17 17:00:00,126.37220734981547,時間切れ,time,4,0.40835370501371815,125.9764389451708,125.9764389451708,-0.012585300369053698,-0.030819606176050025,0.7327161383424298,0.1758099640166313,False
GBPUSD,売り,-1,2022-04-17 21:00:00,2022-04-18 01:00:00,1.3021337570146254,2022-04-18 17:00:00,1.3025662429853746,時間切れ,time,4,0.00316848445857313,1.3053022414731985,1.3053022414731985,-0.0004324859707491857,-0.13649616288285282,0.5156272773265104,0.7562741798814622,False
USDCHF,買い,1,2022-04-14 05:00:00,2022-04-14 09:00:00,0.9375863429665703,2022-04-20 01:00:00,0.9483868126306023,トレイル,trail,23,0.0024848538827800352,0.9351014890837902,0.9484831555971726,0.01080046966403203,4.346521032435335,6.456579658309797,0.0508452297520906,True
USDCHF,買い,1,2022-04-21 09:00:00,2022-04-21 13:00:00,0.9541463429665702,2022-04-22 05:00:00,0.9554836570334297,時間切れ,time,4,0.00288682331910979,0.9512595196474604,0.9512595196474604,0.0013373140668595518,0.46324763209684044,0.6143975011178521,0.6568960954475482,False
USDJPY,買い,1,2022-04-22 09:00:00,2022-04-22 13:00:00,128.8927926501845,2022-04-24 21:00:00,128.3707697229232,初期損切り,initial,3,0.5202302770767933,128.3725623731077,128.3725623731077,-0.522022927261304,-1.0034458782264342,0.0,0.9999999999999966,False
EURUSD,売り,-1,2022-04-25 01:00:00,2022-04-25 05:00:00,1.0744736775031447,2022-04-25 21:00:00,1.0730763224968554,時間切れ,time,4,0.0036969523123920713,1.0781706298155367,1.0744736775031447,0.001397355006289347,0.377974852855271,1.2966565695414798,0.36958077394596833,True
AUDUSD,売り,-1,2022-04-26 13:00:00,2022-04-26 17:00:00,0.7122057478820957,2022-04-26 21:00:00,0.7157290726372492,初期損切り,initial,2,0.0034790726372491464,0.7156848205193448,0.7156848205193448,-0.0035233247551534896,-1.0127195153761817,0.07638468919860789,0.9999999999999908,False
GBPUSD,売り,-1,2022-04-22 01:00:00,2022-04-22 05:00:00,1.2886337570146253,2022-04-29 01:00:00,1.2506149326517002,トレイル,trail,30,0.003812356400650209,1.2924461134152756,1.2505486896663256,0.03801882436292514,9.972526271793717,12.460471168572637,0.7911755010261339,True
USDCHF,買い,1,2022-04-26 09:00:00,2022-04-26 13:00:00,0.9611163429665702,2022-04-29 01:00:00,0.9699786913928594,トレイル,trail,16,0.002822664086225981,0.9582936788803442,0.9700750343594297,0.00886234842628919,3.1397106264027745,5.237483661471077,0.10498697596228695,True
USDJPY,買い,1,2022-04-27 21:00:00,2022-04-28 01:00:00,129.84879265018452,2022-04-29 01:00:00,130.06391309313798,トレイル,trail,7,0.5821884119606594,129.26660423822386,130.0657057433225,0.215120442953463,0.3695031342671236,2.41022892415507,0.1147268630091243,True
AUDUSD,売り,-1,2022-05-01 21:00:00,2022-05-02 01:00:00,0.7037357478820956,2022-05-02 17:00:00,0.7050942521179043,時間切れ,time,4,0.0040215454952995736,0.7077572933773951,0.7077572933773951,-0.001358504235808744,-0.3378065068259401,0.18792473763603146,0.9807801807823572,False
USDCHF,買い,1,2022-05-02 05:00:00,2022-05-02 09:00:00,0.9761363429665703,2022-05-03 01:00:00,0.9789936570334298,時間切れ,time,4,0.00322691232725634,0.9729094306393139,0.9729094306393139,0.0028573140668595176,0.8854638047414599,0.9153198890721286,0.2870679066009376,False
GBPUSD,売り,-1,2022-05-05 05:00:00,2022-05-05 09:00:00,1.2388337570146253,2022-05-06 01:00:00,1.2368662429853745,時間切れ,time,4,0.006277017113258262,1.2451107741278835,1.2388337570146253,0.001967514029250772,0.3134472941128367,1.0042599694862446,0.380155564708356,True
GBPUSD,売り,-1,2022-05-09 01:00:00,2022-05-09 05:00:00,1.2269837570146254,2022-05-09 05:00:00,1.2328240167938036,初期損切り,initial,1,0.005774016793803531,1.232757773808429,1.232757773808429,-0.005840259779178236,-1.011472600053016,-0.0,1.0000000000000167,False
AUDUSD,売り,-1,2022-05-08 17:00:00,2022-05-08 21:00:00,0.7012657478820956,2022-05-09 13:00:00,0.6992042521179044,時間切れ,time,4,0.0046528868920675415,0.7059186347741632,0.7059186347741632,0.0020614957641912346,0.4430573560053155,0.9554816150108736,0.35123400929657345,False
USDCHF,買い,1,2022-05-08 17:00:00,2022-05-08 21:00:00,0.9907563429665702,2022-05-09 13:00:00,0.9920836570334297,時間切れ,time,4,0.004011014266593831,0.9867453286999764,0.9907563429665702,0.0013273140668594863,0.3309173138360953,1.4519163100297994,0.3580996902785878,True
AUDUSD,売り,-1,2022-05-11 21:00:00,2022-05-12 01:00:00,0.6889957478820956,2022-05-12 17:00:00,0.6856742521179043,時間切れ,time,4,0.004993838190186445,0.693989586072282,0.6889957478820956,0.0033214957641912735,0.6651188199726722,1.220653863810528,0.27318708895800825,True
USDCHF,買い,1,2022-05-12 09:00:00,2022-05-12 13:00:00,1.0037563429665701,2022-05-13 01:00:00,0.9995512636981053,初期損切り,initial,4,0.004108736301894593,0.9996476066646756,0.9996476066646756,-0.004205079268464806,-1.023448320722308,0.2856491502968411,0.9999999999999937,False
GBPUSD,売り,-1,2022-05-11 13:00:00,2022-05-11 17:00:00,1.2253837570146253,2022-05-13 13:00:00,1.22545,建値,breakeven,12,0.005930143045279894,1.2313139000599052,1.2253837570146253,-6.624298537460938e-05,-0.011170554381033957,1.6548938094227852,0.04995545353844018,True
EURUSD,売り,-1,2022-05-12 01:00:00,2022-05-12 05:00:00,1.0440236775031446,2022-05-16 01:00:00,1.0425739169186203,トレイル,trail,12,0.003992801497206837,1.0480164790003514,1.042547594421765,0.0014497605845242845,0.363093578666123,2.2675000271058234,0.14684489005165416,True
USDJPY,買い,1,2022-06-12 17:00:00,2022-06-12 21:00:00,134.9637926501845,2022-06-13 01:00:00,134.42852535350707,初期損切り,initial,2,0.5334746464929115,134.43031800369158,134.43031800369158,-0.5352672966774321,-1.003360328735968,0.4615164964897312,1.000000000000015,False
USDJPY,買い,1,2022-06-14 13:00:00,2022-06-14 17:00:00,135.46079265018452,2022-06-15 01:00:00,134.84618375469526,初期損切り,initial,3,0.6128162453047543,134.84797640487977,134.84797640487977,-0.6146088954892548,-1.002925265441697,0.22226458723814782,0.9999999999999805,False
USDJPY,買い,1,2022-06-21 05:00:00,2022-06-21 09:00:00,136.23679265018453,2022-06-22 01:00:00,136.2182073498155,時間切れ,time,4,0.6528085589467596,135.58398409123777,135.58398409123777,-0.018585300369039714,-0.02846975597106939,0.7371339471894217,0.3274967021410729,False
AUDUSD,売り,-1,2022-06-22 01:00:00,2022-06-22 05:00:00,0.6885557478820956,2022-06-22 09:00:00,0.6923919731434336,初期損切り,initial,2,0.003791973143433558,0.6923477210255292,0.6923477210255292,-0.0038362252613379777,-1.0116699449681097,0.014701549822986095,1.0000000000000118,False
AUDUSD,売り,-1,2022-06-23 01:00:00,2022-06-23 05:00:00,0.6879757478820956,2022-06-23 09:00:00,0.6916829122609558,初期損切り,initial,2,0.0036629122609558086,0.6916386601430514,0.6916386601430514,-0.003707164378860206,-1.0120811296454177,-0.0,1.000000000000006,False
USDCHF,売り,-1,2022-06-29 05:00:00,2022-06-29 09:00:00,0.9524836570334297,2022-06-30 01:00:00,0.9543363429665702,時間切れ,time,4,0.003505064945945221,0.955988721979375,0.955988721979375,-0.0018526859331404744,-0.5285739242246352,0.17793023611478895,0.8691259687197413,False
GBPUSD,売り,-1,2022-07-01 05:00:00,2022-07-01 09:00:00,1.2006837570146254,2022-07-01 09:00:00,1.2054781671006747,初期損切り,initial,1,0.004728167100674681,1.2054119241153,1.2054119241153,-0.0047944100860493055,-1.0140102885460989,-0.0,1.000000000000003,False
AUDUSD,売り,-1,2022-06-30 21:00:00,2022-07-01 01:00:00,0.6821857478820956,2022-07-01 13:00:00,0.68223,建値,breakeven,4,0.00332935350485713,0.6855151013869527,0.6821857478820956,-4.425211790437533e-05,-0.01329150474403417,1.7498135519693523,0.45481866545418903,True
GBPUSD,売り,-1,2022-07-05 05:00:00,2022-07-05 09:00:00,1.1969137570146253,2022-07-05 21:00:00,1.19698,建値,breakeven,4,0.004915481063530383,1.2018292380781557,1.1969137570146253,-6.624298537460938e-05,-0.013476399261526708,1.437042869930606,0.07043928781326433,True
EURUSD,売り,-1,2022-07-05 01:00:00,2022-07-05 05:00:00,1.0307136775031447,2022-07-08 05:00:00,1.0154298228812655,トレイル,trail,19,0.0037833344917238727,1.0344970119948687,1.0154035003844102,0.0152838546218792,4.039784125699953,6.217710211614442,0.4721555814752583,True
USDJPY,買い,1,2022-07-08 05:00:00,2022-07-08 09:00:00,136.4227926501845,2022-07-08 09:00:00,135.91794051325417,初期損切り,initial,1,0.5030594867458196,135.91973316343868,135.91973316343868,-0.5048521369303387,-1.0035634954349344,0.0,1.0000000000000133,False
AUDUSD,売り,-1,2022-07-11 05:00:00,2022-07-11 09:00:00,0.6740957478820956,2022-07-12 01:00:00,0.6725842521179044,時間切れ,time,4,0.00365605272657012,0.6777518006086657,0.6777518006086657,0.0015114957641911841,0.41342285717229654,0.7209272073513924,0.34032663393007045,False
EURUSD,売り,-1,2022-07-11 09:00:00,2022-07-11 13:00:00,1.0063636775031446,2022-07-12 05:00:00,1.00639,建値,breakeven,5,0.0041330071184993815,1.0104966846216439,1.0063636775031446,-2.632249685530219e-05,-0.006368848661663908,1.493749545097863,0.23864524511476998,True
GBPUSD,売り,-1,2022-07-11 09:00:00,2022-07-11 13:00:00,1.1882537570146254,2022-07-12 05:00:00,1.1830562429853746,時間切れ,time,4,0.005307027245612095,1.1935607842602376,1.1882537570146254,0.005197514029250838,0.9793644895168376,1.4082756068013167,0.5155886447797896,True
AUDUSD,売り,-1,2022-07-14 05:00:00,2022-07-14 09:00:00,0.6707957478820956,2022-07-14 09:00:00,0.674764636301342,初期損切り,initial,1,0.003924636301342032,0.6747203841834376,0.6747203841834376,-0.003968888419246364,-1.0112754697522417,-0.0,0.9999999999999889,False
EURUSD,売り,-1,2022-07-14 09:00:00,2022-07-14 13:00:00,0.9990336775031446,2022-07-14 13:00:00,1.003756621371633,初期損切り,initial,1,0.004696621371633038,1.0037302988747776,1.0037302988747776,-0.004722943868488261,-1.0056045601236256,-0.0,0.999999999999983,False
GBPUSD,売り,-1,2022-07-14 09:00:00,2022-07-14 13:00:00,1.1779337570146253,2022-07-14 13:00:00,1.1836508068536125,初期損切り,initial,1,0.005650806853612428,1.1835845638682378,1.1835845638682378,-0.005717049838987132,-1.0117227481120428,-0.0,1.0000000000000167,False
USDJPY,買い,1,2022-07-13 17:00:00,2022-07-13 21:00:00,137.9177926501845,2022-07-15 09:00:00,138.4116342039417,トレイル,trail,10,0.4737652239667064,137.44402742621781,138.41342685412621,0.49384155375719274,1.0423761153729114,3.111683330136291,0.3182856034091482,True
USDJPY,買い,1,2022-07-20 17:00:00,2022-07-20 21:00:00,138.46779265018452,2022-07-20 21:00:00,138.07617193185527,初期損切り,initial,1,0.38982806814473736,138.07796458203978,138.07796458203978,-0.39162071832924994,-1.0045985662167534,0.0,1.0000000000000002,False
AUDUSD,買い,1,2022-08-01 09:00:00,2022-08-01 13:00:00,0.7034442521179044,2022-08-01 21:00:00,0.6999375666159611,初期損切り,initial,3,0.003462433384038912,0.6999818187338654,0.6999818187338654,-0.0035066855019433296,-1.0127806409528082,0.0,1.0000000000000122,False
USDCHF,売り,-1,2022-08-09 01:00:00,2022-08-09 05:00:00,0.9517836570334297,2022-08-09 05:00:00,0.9548281941326742,初期損切り,initial,1,0.0029481941326742343,0.9547318511661039,0.9547318511661039,-0.00304453709924446,-1.0326786372384626,-0.0,0.9999999999999951,False
GBPUSD,売り,-1,2022-08-26 09:00:00,2022-08-26 13:00:00,1.1752837570146253,2022-08-29 09:00:00,1.1742588654712707,トレイル,trail,6,0.004836925506032671,1.180120682520658,1.174192622485896,0.0010248915433546113,0.21188904854464977,2.1550377407352346,0.10052728427763634,True
GBPUSD,売り,-1,2022-08-31 01:00:00,2022-08-31 05:00:00,1.1640637570146255,2022-08-31 21:00:00,1.1584462429853746,時間切れ,time,4,0.004768642324483936,1.1688323993391094,1.1640637570146255,0.005617514029250925,1.178011192076322,1.3953147587653307,0.2781175217451337,True
AUDUSD,売り,-1,2022-08-31 17:00:00,2022-08-31 21:00:00,0.6814957478820957,2022-09-01 13:00:00,0.6777042521179044,時間切れ,time,4,0.0035066815243097052,0.6850024294064053,0.6814957478820957,0.003791495764191244,1.0812204467121105,1.2478315614809006,0.8909426465579477,True
USDJPY,買い,1,2022-08-31 17:00:00,2022-08-31 21:00:00,139.4777926501845,2022-09-01 13:00:00,140.04320734981548,時間切れ,time,4,0.4820514198552942,138.99574123032923,139.4777926501845,0.5654146996309635,1.172934413927655,1.5479828895421157,0.8708462062211856,True
EURUSD,売り,-1,2022-09-01 09:00:00,2022-09-01 13:00:00,0.9936536775031447,2022-09-02 01:00:00,0.9980514776581006,初期損切り,initial,4,0.004371477658100612,0.9980251551612453,0.9980251551612453,-0.004397800154955944,-1.0060214185943637,0.026004365579697184,1.0000000000000069,False
GBPUSD,売り,-1,2022-09-04 17:00:00,2022-09-04 21:00:00,1.1479537570146254,2022-09-05 13:00:00,1.1516062429853746,時間切れ,time,4,0.004496809065723099,1.1524505660803486,1.1524505660803486,-0.0036524859707491864,-0.8122395052505652,0.7991793652122745,0.9331601417904118,False
EURUSD,売り,-1,2022-09-04 21:00:00,2022-09-05 01:00:00,0.9904936775031447,2022-09-05 17:00:00,0.9927363224968553,時間切れ,time,4,0.004113334050390065,0.9946070115535347,0.9946070115535347,-0.0022426449937106296,-0.5452134366519444,0.6524336390549648,0.947241932973048,False
GBPUSD,売り,-1,2022-09-07 05:00:00,2022-09-07 09:00:00,1.1430637570146254,2022-09-07 09:00:00,1.1478153605326111,初期損切り,initial,1,0.004685360532611092,1.1477491175472365,1.1477491175472365,-0.0047516035179857585,-1.0141382898740878,-0.0,1.0000000000000122,False
AUDUSD,売り,-1,2022-09-06 01:00:00,2022-09-06 05:00:00,0.6770657478820956,2022-09-07 13:00:00,0.6761889581127947,トレイル,trail,9,0.0032948033900458153,0.6803605512721415,0.6761447059948903,0.0008767897693009452,0.2661129255693625,2.1809337406307767,0.49600899490443673,True
USDJPY,買い,1,2022-09-05 21:00:00,2022-09-06 01:00:00,140.9287926501845,2022-09-07 13:00:00,143.8541334537116,トレイル,trail,10,0.44078626728935877,140.48800638289515,143.8559261038961,2.9253408035270922,6.636642338057963,9.21582102545139,0.1651427360297614,True
USDJPY,買い,1,2022-09-13 05:00:00,2022-09-13 09:00:00,144.4097926501845,2022-09-14 01:00:00,143.86520734981548,時間切れ,time,4,0.7631962254858966,143.6465964246986,143.6465964246986,-0.5445853003690218,-0.7135586919632707,0.7261662614521677,0.9824375765316972,False
AUDUSD,売り,-1,2022-09-15 13:00:00,2022-09-15 17:00:00,0.6700257478820957,2022-09-16 09:00:00,0.6672942521179044,時間切れ,time,4,0.0035365542511610224,0.6735623021332567,0.6735623021332567,0.002731495764191294,0.7723607698919268,0.8555638249016859,0.677001382664588,False
USDJPY,買い,1,2022-09-20 21:00:00,2022-09-21 01:00:00,144.0237926501845,2022-09-21 01:00:00,143.5332469473529,初期損切り,initial,1,0.4887530526470976,143.5350395975374,143.5350395975374,-0.4905457028316107,-1.0036678035560167,0.0,1.0000000000000013,False
AUDUSD,売り,-1,2022-09-20 21:00:00,2022-09-21 01:00:00,0.6667957478820956,2022-09-21 13:00:00,0.6698868437104242,初期損切り,initial,4,0.0030468437104242347,0.6698425915925198,0.6698425915925198,-0.0030910958283285606,-1.0145239211820827,0.5434305266236047,0.9999999999999838,False
EURUSD,売り,-1,2022-09-21 01:00:00,2022-09-21 05:00:00,0.9901736775031447,2022-09-22 01:00:00,0.9890148627338878,トレイル,trail,6,0.0038139069557606375,0.9939875844589053,0.9889885402370325,0.001158814769256833,0.3038392867729835,2.476116384769342,0.9377057537949562,True
GBPUSD,売り,-1,2022-09-21 01:00:00,2022-09-21 05:00:00,1.1329437570146255,2022-09-22 01:00:00,1.1316233389908505,トレイル,trail,6,0.004467914174175458,1.137411671188801,1.131557096005476,0.0013204180237749163,0.29553343513331837,2.4315053045150257,0.6236115728182351,True
EURUSD,売り,-1,2022-09-23 01:00:00,2022-09-23 05:00:00,0.9752936775031447,2022-09-25 21:00:00,0.9653976069726297,トレイル,trail,5,0.004392729399420974,0.9796864069025656,0.9653712844757744,0.009896070530515,2.2528295350538654,4.574303508382113,0.5022668815306944,True
GBPUSD,売り,-1,2022-09-23 01:00:00,2022-09-23 05:00:00,1.1174237570146255,2022-09-25 21:00:00,1.0566339797645712,トレイル,trail,5,0.005466208917486242,1.1228899659321117,1.0565677367791966,0.0607897772500543,11.121012417873306,14.398234352670713,0.6505867300458067,True
AUDUSD,売り,-1,2022-09-23 09:00:00,2022-09-23 13:00:00,0.6539357478820956,2022-09-26 05:00:00,0.6522042521179043,時間切れ,time,4,0.003710679050835798,0.6576464269329314,0.6539357478820956,0.0017314957641912931,0.46662504098846513,1.5080118235596824,0.10894289491659162,True
USDCHF,買い,1,2022-09-26 01:00:00,2022-09-26 05:00:00,0.9852763429665702,2022-09-27 05:00:00,0.9866415552769543,トレイル,trail,7,0.004731572465543886,0.9805447705010263,0.9867378982435245,0.0013652123103841118,0.2885324742093288,2.3889852931018147,0.1218079128592433,True
EURUSD,売り,-1,2022-09-27 21:00:00,2022-09-28 01:00:00,0.9550436775031447,2022-09-28 05:00:00,0.960178762243577,初期損切り,initial,2,0.005108762243577049,0.9601524397467217,0.9601524397467217,-0.0051350847404323385,-1.005152421584775,0.2825885085883026,0.9999999999999974,False
USDJPY,買い,1,2022-10-02 21:00:00,2022-10-03 01:00:00,144.94479265018452,2022-10-03 09:00:00,144.44765975765299,初期損切り,initial,3,0.49534024234702567,144.4494524078375,144.4494524078375,-0.49713289253153903,-1.0036190279554502,0.5454984810747052,1.0000000000000018,False
AUDUSD,売り,-1,2022-10-06 09:00:00,2022-10-06 13:00:00,0.6412057478820956,2022-10-07 05:00:00,0.6416642521179043,時間切れ,time,4,0.004783676633190337,0.645989424515286,0.645989424515286,-0.0004585042358087321,-0.09584766508411456,0.56980186812454,0.4210677837061605,False
USDCHF,買い,1,2022-10-06 09:00:00,2022-10-06 13:00:00,0.9899763429665702,2022-10-07 05:00:00,0.9904036570334298,時間切れ,time,4,0.004572992093852483,0.9854033508727177,0.9854033508727177,0.0004273140668595854,0.09344299270362348,0.29819798622939986,0.4671652438328238,False
USDJPY,買い,1,2022-10-06 09:00:00,2022-10-06 13:00:00,144.94479265018452,2022-10-07 05:00:00,144.8262073498155,時間切れ,time,4,0.4277620762956585,144.51703057388886,144.51703057388886,-0.11858530036903403,-0.2772225658617545,0.4797231011980757,0.5184953563560267,False
AUDUSD,売り,-1,2022-10-13 05:00:00,2022-10-13 09:00:00,0.6203957478820956,2022-10-13 09:00:00,0.6249768747327514,初期損切り,initial,1,0.004536874732751389,0.624932622614847,0.624932622614847,-0.0045811268506558145,-1.0097538769552028,-0.0,1.000000000000011,False
EURUSD,売り,-1,2022-10-13 05:00:00,2022-10-13 09:00:00,0.9668136775031447,2022-10-13 09:00:00,0.9716169706171318,初期損切り,initial,1,0.004776970617131767,0.9715906481202765,0.9715906481202765,-0.004803293113987084,-1.0055102907187488,-0.0,1.000000000000003,False
USDCHF,買い,1,2022-10-13 05:00:00,2022-10-13 09:00:00,1.00459634296657,2022-10-13 09:00:00,1.000457445134653,初期損切り,initial,1,0.0040425548653468275,1.0005537881012232,1.0005537881012232,-0.00413889783191701,-1.0238321976520453,0.0,1.0000000000000133,False
AUDUSD,売り,-1,2022-10-19 09:00:00,2022-10-19 13:00:00,0.6260257478820956,2022-10-20 05:00:00,0.6276042521179044,時間切れ,time,4,0.004277485438220421,0.630303233320316,0.630303233320316,-0.001578504235808742,-0.36902620911444955,0.7447711811313775,0.3984238269232769,False
USDCHF,買い,1,2022-10-21 01:00:00,2022-10-21 05:00:00,1.00991634296657,2022-10-21 09:00:00,1.00982,建値,breakeven,2,0.003742630238732793,1.0061737127278372,1.00991634296657,-9.634296657012875e-05,-0.025742047817886828,1.3022010518143439,0.4505769629919635,True
USDCHF,買い,1,2022-11-03 01:00:00,2022-11-03 05:00:00,1.0110763429665701,2022-11-03 21:00:00,1.01276365703343,時間切れ,time,4,0.004322588115334799,1.0067537548512353,1.0067537548512353,0.0016873140668598463,0.39034810207198245,0.8521878409746834,0.47109345425395915,False
AUDUSD,買い,1,2022-11-08 09:00:00,2022-11-08 13:00:00,0.6530242521179044,2022-11-08 13:00:00,0.6486835054609501,初期損切り,initial,1,0.004296494539049892,0.6487277575788545,0.6487277575788545,-0.004340746656954275,-1.0102995866751803,0.0,1.0000000000000018,False
AUDUSD,買い,1,2022-11-10 09:00:00,2022-11-10 13:00:00,0.6561742521179044,2022-11-15 09:00:00,0.6707566007444598,トレイル,trail,18,0.0049381621605937166,0.6512360899573106,0.6708008528623641,0.014582348626555386,2.9529910424817127,4.7822949336391,0.008961252479212811,True
EURUSD,買い,1,2022-11-10 05:00:00,2022-11-10 09:00:00,1.0122863224968552,2022-11-15 09:00:00,1.0373048532049702,トレイル,trail,19,0.0053802445442226645,1.0069060779526326,1.0373311757018255,0.025018530708114994,4.650073152340265,6.684394586071864,0.2372238819935792,True
GBPUSD,買い,1,2022-11-10 05:00:00,2022-11-10 09:00:00,1.1608062429853747,2022-11-15 09:00:00,1.1874376829935385,トレイル,trail,19,0.007692547282285448,1.1531136957030892,1.187503925978913,0.026631440008163754,3.4619793718383987,5.474617895635907,0.18670577283055664,True
USDCHF,売り,-1,2022-11-15 01:00:00,2022-11-15 05:00:00,0.9396536570334297,2022-11-15 09:00:00,0.9450731715349613,初期損切り,initial,2,0.0053231715349613086,0.944976828568391,0.944976828568391,-0.005419514501531553,-1.018098790530699,0.7427258369306889,1.0000000000000009,False
AUDUSD,買い,1,2022-11-23 13:00:00,2022-11-23 17:00:00,0.6732542521179044,2022-11-24 05:00:00,0.67321,建値,breakeven,4,0.003413060358675734,0.6698411917592286,0.6732542521179044,-4.425211790437533e-05,-0.012965524559766396,1.0505960942006063,0.17118130255717184,True
EURUSD,買い,1,2022-11-23 13:00:00,2022-11-23 17:00:00,1.0399163224968553,2022-11-24 05:00:00,1.03989,建値,breakeven,4,0.0040681458829001866,1.0358481766139551,1.0399163224968553,-2.632249685530219e-05,-0.00647039157714198,1.215216377545503,0.1785389506084843,True
USDJPY,売り,-1,2022-11-23 17:00:00,2022-11-23 21:00:00,138.7852073498155,2022-11-24 13:00:00,138.4107926501845,時間切れ,time,4,0.6620706359120458,139.44727798572754,138.7852073498155,0.3744146996309894,0.5655207757631608,1.108956220062663,0.665778885627943,True
GBPUSD,買い,1,2022-11-23 05:00:00,2022-11-23 09:00:00,1.1971262429853746,2022-11-27 17:00:00,1.2055206192825951,トレイル,trail,15,0.005477853918746706,1.1916483890666278,1.2055868622679697,0.008394376297220507,1.5324206197782435,3.326805950822941,0.08693970164936268,True
USDJPY,売り,-1,2022-11-28 01:00:00,2022-11-28 05:00:00,137.77120734981548,2022-11-28 05:00:00,138.3834032715496,初期損切り,initial,1,0.6104032715496233,138.3816106213651,138.3816106213651,-0.6121959217341271,-1.0029368292538028,-0.0,0.9999999999999858,False
EURUSD,買い,1,2022-11-28 05:00:00,2022-11-28 09:00:00,1.0463163224968552,2022-11-28 09:00:00,1.042004178634953,初期損切り,initial,1,0.004285821365046993,1.0420305011318083,1.0420305011318083,-0.004312143861902262,-1.0061417624798696,0.0,0.9999999999999923,False
AUDUSD,買い,1,2022-11-30 13:00:00,2022-11-30 17:00:00,0.6785142521179044,2022-12-01 09:00:00,0.6802757478820957,時間切れ,time,4,0.003853156723027542,0.6746610953948768,0.6785142521179044,0.0017614957641912676,0.457156531854538,1.4133211477099563,0.07117595717439457,True
EURUSD,買い,1,2022-12-01 09:00:00,2022-12-01 13:00:00,1.0507763224968554,2022-12-02 05:00:00,1.0529636775031448,時間切れ,time,4,0.005336822975330157,1.0454394995215253,1.0454394995215253,0.0021873550062894154,0.40986088847252744,0.6977329996437172,0.21666870012375536,False
GBPUSD,買い,1,2022-12-01 05:00:00,2022-12-01 09:00:00,1.2215062429853747,2022-12-02 05:00:00,1.22144,建値,breakeven,6,0.006189391878458508,1.2153168511069161,1.2215062429853747,-6.624298537460938e-05,-0.010702664603474332,1.5451852463746905,0.08825471001049125,True
USDCHF,売り,-1,2022-12-01 09:00:00,2022-12-01 13:00:00,0.9379836570334298,2022-12-02 05:00:00,0.9352563429665702,時間切れ,time,4,0.004121557510057201,0.942105214543487,0.9379836570334298,0.002727314066859554,0.6617192797151344,1.0538872799495345,0.1519675426199688,True
USDJPY,売り,-1,2022-11-30 17:00:00,2022-11-30 21:00:00,136.77620734981548,2022-12-02 05:00:00,135.13616270334072,トレイル,trail,9,0.7463255717383876,137.52253292155387,135.1343700531562,1.6400446464747631,2.197492232049171,4.228995319648289,0.29315979308453827,True
GBPUSD,買い,1,2022-12-04 17:00:00,2022-12-04 21:00:00,1.2324762429853746,2022-12-05 05:00:00,1.2256584602128962,初期損切り,initial,3,0.006751539787103763,1.2257247031982708,1.2257247031982708,-0.0068177827724784645,-1.009811537436428,0.2953040458168746,1.0000000000000135,False
EURUSD,買い,1,2022-12-08 13:00:00,2022-12-08 17:00:00,1.0556363224968552,2022-12-09 05:00:00,1.0513675258058137,初期損切り,initial,4,0.0042424741941861875,1.051393848302669,1.051393848302669,-0.004268796691041521,-1.0062045154903725,0.7598578931988188,1.0000000000000073,False
USDCHF,売り,-1,2022-12-08 17:00:00,2022-12-08 21:00:00,0.9335936570334298,2022-12-09 05:00:00,0.9372345843827358,初期損切り,initial,3,0.003544584382735703,0.9371382414161655,0.9371382414161655,-0.003640927349305989,-1.0271803281195775,0.30290068383168756,1.000000000000013,False
USDJPY,売り,-1,2022-12-08 17:00:00,2022-12-08 21:00:00,136.1062073498155,2022-12-09 09:00:00,136.79188263298568,初期損切り,initial,4,0.6838826329856642,136.79008998280116,136.79008998280116,-0.685675283170184,-1.0026212833870243,0.7314227993065333,1.0000000000000107,False
GBPUSD,買い,1,2022-12-09 05:00:00,2022-12-09 09:00:00,1.2270662429853747,2022-12-11 17:00:00,1.2213445254027835,初期損切り,initial,3,0.005655474597216682,1.221410768388158,1.221410768388158,-0.0057217175825912125,-1.0117130727467385,0.9183591801793781,0.999999999999986,False
GBPUSD,買い,1,2022-12-13 05:00:00,2022-12-13 09:00:00,1.2411862429853746,2022-12-13 09:00:00,1.2353028588487773,初期損切り,initial,1,0.005817141151222593,1.235369101834152,1.235369101834152,-0.0058833841365972805,-1.0113875499412224,0.0,1.0000000000000133,False
USDCHF,売り,-1,2022-12-13 05:00:00,2022-12-13 09:00:00,0.9257236570334297,2022-12-13 09:00:00,0.9295076790058815,初期損切り,initial,1,0.0036876790058815194,0.9294113360393113,0.9294113360393113,-0.0037840219724517565,-1.0261256379464099,-0.0,0.9999999999999993,False
AUDUSD,買い,1,2022-12-13 05:00:00,2022-12-13 09:00:00,0.6866242521179043,2022-12-13 17:00:00,0.6828086421661924,初期損切り,initial,3,0.003771357833807532,0.6828528942840968,0.6828528942840968,-0.003815609951711929,-1.0117337361911691,0.7200981720034273,1.0000000000000058,False
EURUSD,買い,1,2022-12-13 05:00:00,2022-12-13 09:00:00,1.0646763224968554,2022-12-14 01:00:00,1.0625836775031448,時間切れ,time,4,0.004266345680597496,1.0604099768162578,1.0604099768162578,-0.002092644993710646,-0.49050057130334873,0.6220024587348598,0.8570150593946388,False
USDJPY,売り,-1,2022-12-13 05:00:00,2022-12-13 09:00:00,135.15620734981547,2022-12-14 01:00:00,135.4337926501845,時間切れ,time,4,0.7279935235441517,135.88420087335962,135.88420087335962,-0.27758530036902584,-0.38130188166734524,0.685730482031119,0.7950519221197937,False
EURUSD,買い,1,2022-12-14 13:00:00,2022-12-14 17:00:00,1.0682963224968554,2022-12-15 01:00:00,1.0640589038239576,初期損切り,initial,3,0.004211096176042396,1.064085226320813,1.064085226320813,-0.00423741867289773,-1.0062507470157265,0.03886814651154204,1.0000000000000075,False
EURUSD,買い,1,2022-12-27 01:00:00,2022-12-27 05:00:00,1.0660863224968553,2022-12-27 05:00:00,1.0628837974769374,初期損切り,initial,1,0.0031762025230627085,1.0629101199737927,1.0629101199737927,-0.0032025250199179123,-1.0082874113549352,0.0,0.999999999999969,False
EURUSD,買い,1,2022-12-29 09:00:00,2022-12-29 13:00:00,1.0682363224968554,2022-12-29 21:00:00,1.064886350245851,初期損切り,initial,3,0.0033236497541490203,1.0649126727427063,1.0649126727427063,-0.0033499722510044183,-1.0079197565334732,0.03119387144064662,1.0000000000000289,False
AUDUSD,買い,1,2022-12-30 09:00:00,2022-12-30 13:00:00,0.6819842521179044,2023-01-02 05:00:00,0.6794557478820956,時間切れ,time,4,0.0031384277049037457,0.6788458244130007,0.6788458244130007,-0.0025285042358087484,-0.8056595447006789,0.19938260203284675,0.8361677771974954,False
USDJPY,売り,-1,2022-12-30 01:00:00,2022-12-30 05:00:00,132.1202073498155,2023-01-03 01:00:00,130.6285385543696,トレイル,trail,12,0.5576803282125729,132.67788767802807,130.6267459041851,1.4916687954458894,2.67477391613732,4.675092912407157,0.38336057301811355,True
GBPUSD,売り,-1,2023-01-03 01:00:00,2023-01-03 05:00:00,1.1923037570146253,2023-01-03 05:00:00,1.196940187091307,初期損切り,initial,1,0.004570187091307153,1.1968739441059324,1.1968739441059324,-0.004636430076681686,-1.0144945894010624,-0.0,0.9999999999999833,False
GBPUSD,売り,-1,2023-01-06 01:00:00,2023-01-06 05:00:00,1.1857337570146254,2023-01-06 05:00:00,1.19096693325901,初期損切り,initial,1,0.005166933259009991,1.1909006902736354,1.1909006902736354,-0.005233176244384685,-1.0128205614537755,-0.0,1.0000000000000164,False
AUDUSD,買い,1,2023-01-08 17:00:00,2023-01-08 21:00:00,0.6903442521179044,2023-01-09 13:00:00,0.6936557478820956,時間切れ,time,4,0.004298688041365004,0.6860455640765394,0.6903442521179044,0.003311495764191208,0.7703503330145532,1.078409932864914,0.0824093571097843,True
EURUSD,買い,1,2023-01-11 17:00:00,2023-01-11 21:00:00,1.0766863224968553,2023-01-12 05:00:00,1.073174621245225,初期損切り,initial,3,0.0034853787547750037,1.0732009437420802,1.0732009437420802,-0.0035117012516303614,-1.0075522629554379,0.2391927999224286,1.000000000000016,False
AUDUSD,買い,1,2023-01-12 05:00:00,2023-01-12 09:00:00,0.6981642521179043,2023-01-12 09:00:00,0.6943084505847036,初期損切り,initial,1,0.0038115494152963247,0.694352702702608,0.694352702702608,-0.0038558015332007534,-1.0116100076590475,0.0,1.000000000000014,False
EURUSD,買い,1,2023-01-15 17:00:00,2023-01-15 21:00:00,1.0868463224968552,2023-01-16 01:00:00,1.082869175982572,初期損切り,initial,2,0.003950824017427889,1.0828954984794272,1.0828954984794272,-0.00397714651428327,-1.0066625333700683,0.14520451951649718,1.0000000000000198,False
USDJPY,売り,-1,2023-01-12 01:00:00,2023-01-12 05:00:00,130.9592073498155,2023-01-16 01:00:00,128.6746763398271,トレイル,trail,12,0.6752219632291366,131.63442931304465,128.6728836896426,2.284531009988399,3.383377814108726,5.534783453937035,0.42325733721360087,True
USDCHF,売り,-1,2023-01-17 05:00:00,2023-01-17 09:00:00,0.9208036570334298,2023-01-17 21:00:00,0.9244235565960923,初期損切り,initial,4,0.0035235565960922742,0.9243272136295221,0.9243272136295221,-0.0036198995626625097,-1.027342534153441,0.5771603145768173,0.9999999999999988,False
AUDUSD,買い,1,2023-01-18 01:00:00,2023-01-18 05:00:00,0.7025742521179044,2023-01-18 09:00:00,0.6990934615724779,初期損切り,initial,2,0.003436538427522097,0.6991377136903822,0.6991377136903822,-0.003480790545426493,-1.012876945460582,0.8659143335234866,1.000000000000006,False
USDJPY,売り,-1,2023-01-18 21:00:00,2023-01-19 01:00:00,127.98020734981547,2023-01-19 17:00:00,128.43179265018452,時間切れ,time,4,0.8946356428756459,128.87484299269113,128.87484299269113,-0.45158530036904665,-0.5047700747954851,0.23943529583388404,0.940933503922042,False
EURUSD,買い,1,2023-01-22 17:00:00,2023-01-22 21:00:00,1.0895363224968553,2023-01-23 05:00:00,1.0857349656312723,初期損切り,initial,3,0.0037750343687276465,1.0857612881281276,1.0857612881281276,-0.0038013568655830277,-1.006972783366805,0.869840425916802,1.0000000000000209,False
AUDUSD,買い,1,2023-01-24 17:00:00,2023-01-24 21:00:00,0.7086242521179044,2023-01-25 05:00:00,0.70858,建値,breakeven,3,0.0035706023922365874,0.7050536497256678,0.7086242521179044,-4.425211790437533e-05,-0.012393459994479048,1.0126436620210617,0.012393459994479048,True
EURUSD,買い,1,2023-02-01 13:00:00,2023-02-01 17:00:00,1.0990763224968554,2023-02-02 01:00:00,1.09905,建値,breakeven,3,0.003369558955874613,1.0957067635409807,1.0990763224968554,-2.632249685530219e-05,-0.007811852292838083,1.244577571742194,0.12948949775596683,True
AUDUSD,買い,1,2023-02-01 17:00:00,2023-02-01 21:00:00,0.7143042521179044,2023-02-02 09:00:00,0.7110040387394214,初期損切り,initial,4,0.0032559612605785417,0.7110482908573258,0.7110482908573258,-0.0033002133784829635,-1.0135911070073846,0.4102468595889644,1.0000000000000142,False
GBPUSD,売り,-1,2023-02-15 05:00:00,2023-02-15 09:00:00,1.2013737570146255,2023-02-16 01:00:00,1.2046262429853747,時間切れ,time,4,0.005077274371421688,1.206451031386047,1.206451031386047,-0.0032524859707492304,-0.6405968503605807,0.46752584969338823,0.7831451866685469,False
EURUSD,売り,-1,2023-02-16 17:00:00,2023-02-16 21:00:00,1.0653436775031446,2023-02-17 09:00:00,1.06537,建値,breakeven,4,0.003249251942653324,1.0685929294457979,1.0653436775031446,-2.632249685530219e-05,-0.008101094442620341,1.247572541215239,0.24507871685849894,True
USDJPY,買い,1,2023-02-16 17:00:00,2023-02-16 21:00:00,134.6367926501845,2023-02-17 13:00:00,134.26420734981548,時間切れ,time,4,0.592872411955607,134.0439202382289,134.0439202382289,-0.3725853003690247,-0.6284409475894505,0.8082807365497595,0.9509510626827943,False
AUDUSD,売り,-1,2023-02-22 13:00:00,2023-02-22 17:00:00,0.6802357478820956,2023-02-22 17:00:00,0.6832857210338674,初期損切り,initial,1,0.0030057210338673757,0.683241468915963,0.683241468915963,-0.003049973151771801,-1.0147226297470087,-0.0,1.0000000000000167,False
EURUSD,売り,-1,2023-02-22 13:00:00,2023-02-22 17:00:00,1.0604736775031447,2023-02-23 09:00:00,1.0607863224968552,時間切れ,time,4,0.0028981256131844673,1.063371803116329,1.063371803116329,-0.00031264499371053134,-0.10787834464048515,0.6430630524316135,0.7992484819559028,False
USDJPY,買い,1,2023-02-23 05:00:00,2023-02-23 09:00:00,135.2747926501845,2023-02-23 09:00:00,134.84579021877124,初期損切り,initial,1,0.42720978122875825,134.84758286895575,134.84758286895575,-0.42900243141326655,-1.0041961824454304,0.0,0.9999999999999902,False
USDCHF,買い,1,2023-02-23 05:00:00,2023-02-23 09:00:00,0.9335363429665703,2023-02-24 01:00:00,0.9339436570334297,時間切れ,time,4,0.00260624723522087,0.9309300957313494,0.9309300957313494,0.00040731406685945437,0.15628374060411654,0.5155524062612145,0.5933216717404998,False
GBPUSD,売り,-1,2023-02-24 05:00:00,2023-02-24 09:00:00,1.1964337570146253,2023-02-27 01:00:00,1.1939162429853747,時間切れ,time,4,0.004536332917543999,1.2009700899321694,1.2009700899321694,0.0025175140292506004,0.5549667705194793,0.7878074822956583,0.05648681215255153,False
USDJPY,買い,1,2023-02-24 05:00:00,2023-02-24 09:00:00,135.8807926501845,2023-02-27 01:00:00,136.3512073498155,時間切れ,time,4,0.4852439946363156,135.3955486555482,135.8807926501845,0.470414699630993,0.9694395084344383,1.391480074517085,0.003694327398850215,True
USDJPY,買い,1,2023-02-28 01:00:00,2023-02-28 05:00:00,136.7387926501845,2023-02-28 09:00:00,136.2948114027269,初期損切り,initial,2,0.4421885972730847,136.29660405291142,136.29660405291142,-0.44398124745760015,-1.004054039827283,0.380397302989753,1.0000000000000069,False
USDJPY,買い,1,2023-03-02 05:00:00,2023-03-02 09:00:00,137.0537926501845,2023-03-02 09:00:00,136.55984758804573,初期損切り,initial,1,0.49215241195426884,136.56164023823024,136.56164023823024,-0.49394506213877776,-1.0036424695703319,0.0,0.9999999999999928,False
USDCHF,買い,1,2023-03-02 05:00:00,2023-03-02 09:00:00,0.9431063429665703,2023-03-03 01:00:00,0.9407036570334297,時間切れ,time,4,0.002762107505983096,0.9403442354605872,0.9403442354605872,-0.002402685933140525,-0.8698741551282795,0.33802342284190934,0.9544679057058979,False
GBPUSD,売り,-1,2023-03-07 09:00:00,2023-03-07 13:00:00,1.1849137570146253,2023-03-08 05:00:00,1.1834062429853747,時間切れ,time,4,0.00447464227573659,1.189388399290362,1.189388399290362,0.001507514029250645,0.3369015747750443,0.8746524914063668,0.22934637500284805,False
USDJPY,買い,1,2023-03-07 13:00:00,2023-03-07 17:00:00,137.16479265018452,2023-03-08 05:00:00,137.163,建値,breakeven,4,0.45809309020977124,136.70669955997477,137.16479265018452,-0.0017926501845124676,-0.003913287981906849,1.6311255633070552,0.2112947177181559,True
AUDUSD,売り,-1,2023-03-07 01:00:00,2023-03-07 05:00:00,0.6674757478820956,2023-03-08 09:00:00,0.6623359691028652,トレイル,trail,8,0.002804873690580912,0.6702806215726765,0.6622917169849608,0.005139778779230442,1.8324457163580694,3.813272561261188,0.14412489206267196,True
GBPUSD,買い,1,2023-03-22 17:00:00,2023-03-22 21:00:00,1.2292262429853746,2023-03-23 05:00:00,1.22916,建値,breakeven,3,0.004399426110499968,1.2248268168748746,1.2292262429853746,-6.624298537460938e-05,-0.015057187849230921,1.1646421342085307,0.21281025339646797,True
USDJPY,売り,-1,2023-03-23 17:00:00,2023-03-23 21:00:00,130.52520734981547,2023-03-24 09:00:00,130.527,建値,breakeven,4,0.7074489162878177,131.2326562661033,130.52520734981547,-0.0017926501845124676,-0.002533964139656902,1.245612693054094,0.22304458534264288,True
GBPUSD,買い,1,2023-03-28 09:00:00,2023-03-28 13:00:00,1.2344662429853746,2023-03-29 05:00:00,1.2324437570146254,時間切れ,time,4,0.004048632923988977,1.2304176100613855,1.2304176100613855,-0.002022485970749166,-0.4995478742381221,0.09972675275968297,0.9895298142828988,False
USDCHF,売り,-1,2023-03-30 05:00:00,2023-03-30 09:00:00,0.9130036570334298,2023-03-31 01:00:00,0.9140163429665702,時間切れ,time,4,0.0027965010524715448,0.9158001580859013,0.9158001580859013,-0.0010126859331404114,-0.36212606901949873,0.19440616085205856,0.5636840240689326,False
GBPUSD,買い,1,2023-04-04 01:00:00,2023-04-04 05:00:00,1.2476062429853747,2023-04-04 09:00:00,1.2470837570146254,建値,breakeven,2,0.0038843608722012772,1.2437218821131735,1.2476062429853747,-0.0005224859707493312,-0.1345101518472554,1.154310107156513,0.2539009679643217,True
EURUSD,買い,1,2023-04-04 09:00:00,2023-04-04 13:00:00,1.0946463224968552,2023-04-05 05:00:00,1.0951036775031446,時間切れ,time,4,0.0035866826804156838,1.0910596398164396,1.0910596398164396,0.00045735500628940606,0.12751476699812214,0.6450744906367238,0.15510781031533735,False
USDCHF,売り,-1,2023-04-04 09:00:00,2023-04-04 13:00:00,0.9061936570334298,2023-04-05 05:00:00,0.9047863429665702,時間切れ,time,4,0.002914615557713271,0.909108272591143,0.909108272591143,0.0014073140668595663,0.48284723627966464,0.7148994411683619,0.09481283589490237,False
AUDUSD,売り,-1,2023-04-10 05:00:00,2023-04-10 09:00:00,0.6623557478820956,2023-04-10 17:00:00,0.6650020737275139,初期損切り,initial,3,0.0026020737275138242,0.6649578216096095,0.6649578216096095,-0.0026463258454182403,-1.017006481190945,0.15208941926243635,1.0000000000000158,False
GBPUSD,買い,1,2023-04-12 09:00:00,2023-04-12 13:00:00,1.2484962429853745,2023-04-13 05:00:00,1.2520037570146254,時間切れ,time,4,0.003493799494145188,1.2450024434912295,1.2484962429853745,0.003507514029250869,1.0039253927217813,1.0286099762300913,0.20214181911643345,True
EURUSD,買い,1,2023-04-12 05:00:00,2023-04-12 09:00:00,1.0964363224968554,2023-04-14 05:00:00,1.102232897803156,トレイル,trail,12,0.0027799033971300457,1.0936564190997253,1.1022592203000112,0.005796575306300511,2.0851714891549316,4.015850879807484,0.22170644400509745,True
USDCHF,売り,-1,2023-04-11 13:00:00,2023-04-11 17:00:00,0.9035436570334298,2023-04-14 05:00:00,0.8913045651560454,トレイル,trail,16,0.0023988990617534968,0.9059425560951833,0.8912082221894752,0.012239091877384367,5.101962009371955,7.317380423917753,0.08601569355713784,True
AUDUSD,買い,1,2023-04-20 05:00:00,2023-04-20 09:00:00,0.6749442521179044,2023-04-20 21:00:00,0.6724344052380632,初期損切り,initial,4,0.0024655947619369014,0.6724786573559676,0.6724786573559676,-0.0025098468798412377,-1.0179478471432073,0.8824434232600408,0.9999999999999841,False
USDCHF,売り,-1,2023-04-20 05:00:00,2023-04-20 09:00:00,0.8929136570334297,2023-04-21 01:00:00,0.8934763429665702,時間切れ,time,4,0.0023357194844949077,0.8952493765179247,0.8952493765179247,-0.000562685933140461,-0.24090475627561936,0.3740419340718054,0.7305427633315443,False
EURUSD,買い,1,2023-04-21 05:00:00,2023-04-21 09:00:00,1.0988463224968552,2023-04-21 09:00:00,1.0961542811066158,初期損切り,initial,1,0.002665718893384016,1.0961806036034711,1.0961806036034711,-0.0026920413902393747,-1.0098744458467424,0.0,1.000000000000021,False
GBPUSD,買い,1,2023-04-24 13:00:00,2023-04-24 17:00:00,1.2481762429853747,2023-04-25 05:00:00,1.2448219169577581,初期損切り,initial,4,0.0032880830422418322,1.2448881599431327,1.2448881599431327,-0.0033543260276165388,-1.0201463845419008,0.7675466167376813,1.0000000000000295,False
GBPUSD,買い,1,2023-04-28 09:00:00,2023-04-28 13:00:00,1.2575262429853746,2023-05-01 01:00:00,1.2537162575470768,初期損切り,initial,4,0.0037437424529232245,1.2537825005324514,1.2537825005324514,-0.0038099854382978027,-1.0176943222477426,0.017030288655559292,0.9999999999999917,False
USDJPY,買い,1,2023-04-27 21:00:00,2023-04-28 01:00:00,134.77679265018452,2023-05-02 09:00:00,136.83667747618088,トレイル,trail,15,0.47326373189013005,134.30352891829438,136.8384701263654,2.059884825996363,4.3525093667531936,6.33305945047844,0.13056705177412609,True
EURUSD,買い,1,2023-05-03 01:00:00,2023-05-03 05:00:00,1.1040063224968553,2023-05-04 01:00:00,1.10398,建値,breakeven,6,0.002966887699185309,1.10103943479767,1.1040063224968553,-2.632249685530219e-05,-0.008872090730812023,1.7336947079450435,0.5886041784914126,True
GBPUSD,買い,1,2023-05-04 09:00:00,2023-05-04 13:00:00,1.2595962429853746,2023-05-05 05:00:00,1.2607237570146255,時間切れ,time,4,0.0036698302197005427,1.2559264127656742,1.2595962429853746,0.0011275140292508201,0.3072387445059584,1.0392189246663504,0.7347051018602039,True
GBPUSD,買い,1,2023-05-10 05:00:00,2023-05-10 09:00:00,1.2674262429853747,2023-05-10 09:00:00,1.2639204323722681,初期損切り,initial,1,0.003439567627731871,1.2639866753576428,1.2639866753576428,-0.003505810613106508,-1.0192591024640847,0.0,1.000000000000008,False
USDJPY,買い,1,2023-05-16 09:00:00,2023-05-16 13:00:00,136.59279265018452,2023-05-17 05:00:00,137.0472073498155,時間切れ,time,4,0.4263121004386464,136.16648054974587,136.59279265018452,0.4544146996309735,1.0659202475449592,1.1733360355026023,0.7571744969293119,True
USDJPY,買い,1,2023-05-23 05:00:00,2023-05-23 09:00:00,138.86079265018452,2023-05-23 09:00:00,138.39230328600595,初期損切り,initial,1,0.466696713994042,138.39409593619047,138.39409593619047,-0.46848936417856635,-1.0038411459321894,0.0,1.0000000000000255,False
USDJPY,買い,1,2023-05-24 09:00:00,2023-05-24 13:00:00,139.3107926501845,2023-05-24 17:00:00,138.85574225883482,初期損切り,initial,2,0.4532577411651876,138.85753490901934,138.85753490901934,-0.45505039134968683,-1.0039550348988875,0.3843450072527601,0.9999999999999708,False
USDCHF,買い,1,2023-05-24 09:00:00,2023-05-24 13:00:00,0.9059863429665702,2023-05-25 05:00:00,0.9057036570334298,時間切れ,time,4,0.0024348569101735698,0.9035514860563967,0.9035514860563967,-0.000282685933140403,-0.11609960813682954,0.3505984396302423,0.9020419053757304,False
EURUSD,売り,-1,2023-05-24 09:00:00,2023-05-24 13:00:00,1.0755736775031446,2023-05-26 05:00:00,1.0753786281364992,トレイル,trail,11,0.0025579664019539446,1.0781316439050985,1.075352305639644,0.00019504936664538342,0.07625173125667005,1.8974750799842923,0.40513530438236706,True
EURUSD,売り,-1,2023-05-31 01:00:00,2023-05-31 05:00:00,1.0659636775031447,2023-05-31 05:00:00,1.0684650204825747,初期損切り,initial,1,0.0024750204825748088,1.0684386979857194,1.0684386979857194,-0.0025013429794300546,-1.0106352642495557,-0.0,0.9999999999999772,False
AUDUSD,売り,-1,2023-05-31 01:00:00,2023-05-31 05:00:00,0.6477757478820956,2023-05-31 13:00:00,0.6501419240892979,初期損切り,initial,3,0.002321924089297992,0.6500976719713936,0.6500976719713936,-0.002366176207202364,-1.019058382704385,0.8379894463663694,0.9999999999999986,False
USDCHF,買い,1,2023-05-30 21:00:00,2023-05-31 01:00:00,0.9083563429665702,2023-06-01 05:00:00,0.9099936570334297,トレイル,trail,8,0.0022437001710402466,0.9061126427955299,0.9101021495076682,0.0016373140668595187,0.7297383527409596,2.8585178698168985,0.2925270386131604,True
EURUSD,売り,-1,2023-06-06 05:00:00,2023-06-06 09:00:00,1.0670536775031447,2023-06-06 09:00:00,1.0696630573477448,初期損切り,initial,1,0.002583057347744879,1.0696367348508895,1.0696367348508895,-0.0026093798446000793,-1.010190442298225,-0.0,0.9999999999999606,False
USDJPY,買い,1,2023-06-07 09:00:00,2023-06-07 13:00:00,140.1897926501845,2023-06-07 21:00:00,139.7286812980757,初期損切り,initial,3,0.4593187019242773,139.73047394826023,139.73047394826023,-0.4611113521087873,-1.003902846056561,0.12454827024427274,0.9999999999999946,False
USDCHF,買い,1,2023-06-07 13:00:00,2023-06-07 17:00:00,0.9098463429665702,2023-06-08 05:00:00,0.9073547932951134,初期損切り,initial,4,0.0023952067048865653,0.9074511362616836,0.9074511362616836,-0.0024915496714568164,-1.0402232368395168,0.385627274483404,1.0000000000000047,False
USDJPY,買い,1,2023-06-14 17:00:00,2023-06-14 21:00:00,140.3637926501845,2023-06-15 09:00:00,140.56582388865738,トレイル,trail,4,0.44727892584936296,139.91651372433515,140.5676165388419,0.20203123847286975,0.451689598585986,2.5514444876838,0.012950867679498107,True
AUDUSD,買い,1,2023-06-15 09:00:00,2023-06-15 13:00:00,0.6873442521179044,2023-06-16 05:00:00,0.6883957478820957,時間切れ,time,4,0.0029551239929955643,0.6843891281249088,0.6843891281249088,0.0010514957641912792,0.3558211996124717,0.8986925382455638,0.2247797789462966,False
GBPUSD,買い,1,2023-06-15 09:00:00,2023-06-15 13:00:00,1.2775062429853745,2023-06-16 05:00:00,1.2795237570146254,時間切れ,time,4,0.003695569793147459,1.273810673192227,1.2775062429853745,0.0020175140292508775,0.5459277302763622,1.1753957461931481,0.20463501643961282,True
USDJPY,買い,1,2023-06-16 09:00:00,2023-06-16 13:00:00,141.85579265018453,2023-06-19 05:00:00,141.86620734981548,時間切れ,time,4,0.5232359322548296,141.3325567179297,141.3325567179297,0.010414699630956648,0.0199044044740498,0.222093596123453,0.7870114126336104,False
USDJPY,買い,1,2023-06-22 09:00:00,2023-06-22 13:00:00,142.9887926501845,2023-06-23 05:00:00,143.05620734981548,時間切れ,time,4,0.43611525651243516,142.55267739367207,142.9887926501845,0.06741469963097302,0.15458000751929848,1.0598284350602787,0.49251349723964966,True
GBPUSD,買い,1,2023-06-27 09:00:00,2023-06-27 13:00:00,1.2750662429853745,2023-06-28 01:00:00,1.2716708131239391,初期損切り,initial,4,0.003329186876060723,1.2717370561093138,1.2717370561093138,-0.003395429861435373,-1.0198976470353722,0.19637137804622304,1.0000000000000122,False
USDJPY,買い,1,2023-06-27 09:00:00,2023-06-27 13:00:00,143.9767926501845,2023-06-28 05:00:00,144.0702073498155,時間切れ,time,4,0.45117998386132097,143.52561266632318,143.52561266632318,0.09341469963098348,0.20704531001467547,0.6210544790072634,0.5381281503372831,False
GBPUSD,買い,1,2023-07-07 09:00:00,2023-07-07 13:00:00,1.2850362429853746,2023-07-09 21:00:00,1.281312721583037,初期損切り,initial,3,0.003657278416962932,1.2813789645684117,1.2813789645684117,-0.0037235214023374485,-1.0181126449294298,0.0,0.9999999999999746,False
GBPUSD,買い,1,2023-07-10 13:00:00,2023-07-10 17:00:00,1.2860662429853746,2023-07-17 01:00:00,1.307377031080314,トレイル,trail,27,0.003817824934631112,1.2822484180507436,1.3074432740656885,0.021310788094939248,5.581918621158136,7.390008053722174,0.122122672819626,True
USDCHF,売り,-1,2023-07-25 13:00:00,2023-07-25 17:00:00,0.8639036570334298,2023-07-26 05:00:00,0.864,建値,breakeven,4,0.002550501078453049,0.8664541581118828,0.8639036570334298,-9.634296657023977e-05,-0.03777413284948482,1.0090789826251343,0.7003890261648807,True
AUDUSD,売り,-1,2023-08-08 05:00:00,2023-08-08 09:00:00,0.6508057478820957,2023-08-08 13:00:00,0.6537064685050995,初期損切り,initial,2,0.0028564685050994645,0.6536622163871951,0.6536622163871951,-0.0029007206230038385,-1.0154918977140388,0.41160890799133215,0.9999999999999996,False
GBPUSD,売り,-1,2023-08-10 13:00:00,2023-08-10 17:00:00,1.2676737570146255,2023-08-11 01:00:00,1.2716364262527116,初期損切り,initial,3,0.0038964262527114895,1.271570183267337,1.271570183267337,-0.003962669238086081,-1.017000959617417,0.27044192454357374,0.9999999999999953,False
AUDUSD,売り,-1,2023-08-10 13:00:00,2023-08-10 17:00:00,0.6517657478820956,2023-08-11 09:00:00,0.6506842521179044,時間切れ,time,4,0.0029433002469634478,0.6547090481290591,0.6547090481290591,0.0010814957641912537,0.3674432349560716,0.4300437522136956,0.5416545999848942,False
EURUSD,売り,-1,2023-08-14 05:00:00,2023-08-14 09:00:00,1.0905536775031448,2023-08-14 09:00:00,1.0933325445801423,初期損切り,initial,1,0.0027525445801422667,1.093306222083287,1.093306222083287,-0.002778867076997482,-1.0095629684057124,-0.0,0.9999999999999685,False
GBPUSD,売り,-1,2023-08-14 05:00:00,2023-08-14 09:00:00,1.2656337570146254,2023-08-14 09:00:00,1.2694505617070384,初期損切り,initial,1,0.0037505617070384594,1.2693843187216638,1.2693843187216638,-0.0038168046924129673,-1.0176621505120669,-0.0,0.9999999999999729,False
AUDUSD,売り,-1,2023-08-15 17:00:00,2023-08-15 21:00:00,0.6440957478820957,2023-08-16 01:00:00,0.6470143483807893,初期損切り,initial,2,0.0028743483807892067,0.6469700962628849,0.6469700962628849,-0.0029186004986936354,-1.015395530409671,0.4577551875372842,1.0000000000000187,False
EURUSD,売り,-1,2023-08-16 17:00:00,2023-08-16 21:00:00,1.0869436775031447,2023-08-17 05:00:00,1.0897330440406767,初期損切り,initial,3,0.0027630440406766358,1.0897067215438214,1.0897067215438214,-0.0027893665375320342,-1.0095266294955445,0.2763899134078771,1.0000000000000349,False
USDJPY,買い,1,2023-08-16 09:00:00,2023-08-16 13:00:00,145.9177926501845,2023-08-17 05:00:00,145.916,建値,breakeven,5,0.3668305190937896,145.55096213109073,145.9177926501845,-0.0017926501845124676,-0.004886862164415853,1.7534183126432983,0.00761291669901443,True
USDCHF,買い,1,2023-08-18 05:00:00,2023-08-18 09:00:00,0.8815463429665702,2023-08-21 01:00:00,0.8820436570334298,時間切れ,time,4,0.0024614064604864517,0.8790849365060838,0.8790849365060838,0.0004973140668595999,0.20204467439372648,0.5133882004925142,0.9207512058460853,False
EURUSD,売り,-1,2023-08-23 01:00:00,2023-08-23 05:00:00,1.0818636775031447,2023-08-23 09:00:00,1.08446371699958,初期損切り,initial,2,0.0025737169995801957,1.0844373945027248,1.0844373945027248,-0.0026000394964353912,-1.0102274247166605,0.6269832710465035,0.9999999999999586,False
USDCHF,買い,1,2023-08-24 05:00:00,2023-08-24 09:00:00,0.8830963429665702,2023-08-24 09:00:00,0.8806769603828043,初期損切り,initial,1,0.002323039617195709,0.8807733033493745,0.8807733033493745,-0.00241938258376595,-1.0414728039320065,0.0,1.0000000000000007,False
EURUSD,売り,-1,2023-08-24 17:00:00,2023-08-24 21:00:00,1.0794236775031447,2023-08-25 05:00:00,1.07945,建値,breakeven,3,0.002630477860240562,1.0820541553633853,1.0794236775031447,-2.632249685530219e-05,-0.010006735754428646,1.0734465953218426,0.04041946083730156,True
GBPUSD,売り,-1,2023-08-24 13:00:00,2023-08-24 17:00:00,1.2602737570146254,2023-08-25 05:00:00,1.26034,建値,breakeven,4,0.0038126590822184043,1.264086416096844,1.2602737570146254,-6.624298537460938e-05,-0.01737448430245322,1.120938673630034,0.1354023463000772,True
USDJPY,買い,1,2023-08-25 13:00:00,2023-08-27 17:00:00,146.4297926501845,2023-08-28 09:00:00,146.4332073498155,時間切れ,time,4,0.40968464480479405,146.0201080053797,146.0201080053797,0.003414699630980067,0.008334946584603136,0.45207295944359027,0.3753927615661021,False
USDJPY,買い,1,2023-08-29 05:00:00,2023-08-29 09:00:00,147.24079265018452,2023-08-29 09:00:00,146.86991072181738,初期損切り,initial,1,0.36908927818264015,146.8717033720019,146.8717033720019,-0.3708819283671403,-1.0048569554589257,0.0,0.9999999999999666,False
GBPUSD,売り,-1,2023-09-05 01:00:00,2023-09-05 05:00:00,1.2534737570146255,2023-09-05 05:00:00,1.256932264749726,初期損切り,initial,1,0.0033922647497258915,1.2568660217643515,1.2568660217643515,-0.003458507735100591,-1.0195276578516026,-0.0,1.0000000000000266,False
EURUSD,売り,-1,2023-09-05 01:00:00,2023-09-05 05:00:00,1.0747936775031448,2023-09-05 09:00:00,1.07482,建値,breakeven,2,0.002639562358560184,1.077433239861705,1.0747936775031448,-2.632249685530219e-05,-0.009972295888345847,1.183407352743428,0.35093790978307826,True
USDCHF,買い,1,2023-09-05 01:00:00,2023-09-05 05:00:00,0.8879863429665702,2023-09-05 09:00:00,0.88789,建値,breakeven,2,0.002093209262094891,0.8858931337044753,0.8879863429665702,-9.634296657023977e-05,-0.0460264381181934,1.1244250997983238,0.299226158565395,True
USDJPY,買い,1,2023-09-05 09:00:00,2023-09-05 13:00:00,147.6367926501845,2023-09-06 01:00:00,147.2357082718428,初期損切り,initial,4,0.39929172815717606,147.23750092202732,147.23750092202732,-0.4010843783416931,-1.0044895750602962,0.4513175132557907,1.0000000000000113,False
GBPUSD,売り,-1,2023-09-06 09:00:00,2023-09-06 13:00:00,1.2501737570146254,2023-09-07 05:00:00,1.2478662429853746,時間切れ,time,4,0.003514053839885211,1.2536878108545106,1.2501737570146254,0.002307514029250779,0.6566530094274695,1.2588757077125492,0.269273900881812,True
EURUSD,売り,-1,2023-09-07 05:00:00,2023-09-07 09:00:00,1.0693236775031447,2023-09-07 21:00:00,1.071792136306286,初期損切り,initial,4,0.002442136306285856,1.0717658138094306,1.0717658138094306,-0.0024684588031411714,-1.0107784716142023,0.2758558158324868,1.0000000000000053,False
USDCHF,買い,1,2023-09-13 13:00:00,2023-09-13 17:00:00,0.8932963429665702,2023-09-14 09:00:00,0.8932,建値,breakeven,5,0.0019245948285208218,0.8913717481380494,0.8932963429665702,-9.634296657023977e-05,-0.05005883063932252,1.9607540130044436,0.9437534278142912,True
GBPUSD,売り,-1,2023-09-14 09:00:00,2023-09-14 13:00:00,1.2413437570146253,2023-09-15 05:00:00,1.2440462429853747,時間切れ,time,4,0.0034684736584051578,1.2448122306730305,1.2448122306730305,-0.002702485970749402,-0.7791571269974801,0.47679676350367617,0.9330452827664797,False
EURUSD,売り,-1,2023-09-14 05:00:00,2023-09-14 09:00:00,1.0676636775031447,2023-09-15 09:00:00,1.06769,建値,breakeven,7,0.00273194105339993,1.0703956185565446,1.0676636775031447,-2.632249685530219e-05,-0.009635089608739383,1.6338849982102315,0.7636777134187438,True
USDJPY,買い,1,2023-09-15 01:00:00,2023-09-15 05:00:00,147.7817926501845,2023-09-17 21:00:00,147.71620734981548,時間切れ,time,4,0.3508387344200471,147.43095391576446,147.43095391576446,-0.06558530036903676,-0.18693859581226782,0.47944349729094105,0.48966272344039,False
USDCHF,買い,1,2023-09-15 13:00:00,2023-09-17 17:00:00,0.8972863429665703,2023-09-18 09:00:00,0.8977136570334298,時間切れ,time,4,0.0019597198058388943,0.8953266231607314,0.8953266231607314,0.0004273140668594744,0.21804855244423815,0.3080323174931003,0.9574547141789181,False
USDJPY,買い,1,2023-09-20 01:00:00,2023-09-20 05:00:00,148.09379265018453,2023-09-20 05:00:00,147.83059508580232,初期損切り,initial,1,0.26140491419769196,147.83238773598683,147.83238773598683,-0.2631975643822102,-1.006857752426041,0.0,1.000000000000022,False
GBPUSD,売り,-1,2023-09-20 01:00:00,2023-09-20 05:00:00,1.2368137570146254,2023-09-20 09:00:00,1.239778265760265,初期損切り,initial,2,0.0028982657602649184,1.2397120227748903,1.2397120227748903,-0.0029645087456395824,-1.0228560769970967,0.3532308971320313,1.0000000000000189,False
EURUSD,売り,-1,2023-09-20 17:00:00,2023-09-20 21:00:00,1.0631336775031448,2023-09-21 01:00:00,1.0658120904743926,初期損切り,initial,2,0.0026520904743926165,1.0657857679775373,1.0657857679775373,-0.0026784129712478233,-1.0099251881145703,0.5368133240141149,0.999999999999964,False
GBPUSD,売り,-1,2023-09-25 01:00:00,2023-09-25 05:00:00,1.2219537570146255,2023-09-25 21:00:00,1.2206762429853746,時間切れ,time,4,0.0031066460747489815,1.2250604030893746,1.2250604030893746,0.0012775140292509146,0.41121968789255736,0.8220302387782625,0.7809846783304947,False
USDJPY,買い,1,2023-09-25 01:00:00,2023-09-25 05:00:00,148.56379265018452,2023-09-25 21:00:00,148.8802073498155,時間切れ,time,4,0.30714772358578757,148.25664492659874,148.56379265018452,0.31641469963096824,1.0301710718770551,1.2964685043620188,0.15234574958996566,True
EURUSD,売り,-1,2023-09-25 09:00:00,2023-09-25 13:00:00,1.0589036775031446,2023-09-26 05:00:00,1.0596363224968552,時間切れ,time,4,0.002669465438455288,1.0615731429416,1.0615731429416,-0.0007326449937106183,-0.27445382253555994,0.7131306049971812,0.41818203778705165,False
AUDUSD,売り,-1,2023-09-26 21:00:00,2023-09-27 01:00:00,0.6382557478820956,2023-09-27 09:00:00,0.6383,建値,breakeven,3,0.0021158050639845227,0.6403715529460802,0.6382557478820956,-4.425211790437533e-05,-0.020915025990645347,0.9905203072672984,0.14852602598112818,True
USDCHF,買い,1,2023-09-24 21:00:00,2023-09-25 01:00:00,0.9081263429665702,2023-09-28 05:00:00,0.9179605203083455,トレイル,trail,20,0.00222038371325206,0.9059059592533182,0.9180568632749158,0.009834177341775274,4.429044080570991,6.491516284957334,0.33162870101030295,True
USDJPY,買い,1,2023-09-27 05:00:00,2023-09-27 09:00:00,149.18879265018452,2023-09-28 05:00:00,149.187,建値,breakeven,6,0.2567304368342475,148.93206221335026,149.18879265018452,-0.0017926501845124676,-0.006982616500862552,2.0223833068561685,0.08099020295728415,True
USDJPY,買い,1,2023-10-01 21:00:00,2023-10-02 01:00:00,149.7327926501845,2023-10-02 17:00:00,149.86520734981548,時間切れ,time,4,0.28867947420760853,149.4441131759769,149.4441131759769,0.13241469963097074,0.45869107942098636,0.49954140387478146,0.6054903995661615,False
GBPUSD,売り,-1,2023-10-02 09:00:00,2023-10-02 13:00:00,1.2107837570146254,2023-10-03 05:00:00,1.2087662429853747,時間切れ,time,4,0.0032822982806041193,1.2140660552952296,1.2107837570146254,0.0020175140292506555,0.6146650477114238,1.433068116453934,0.5807647027813152,True
EURUSD,売り,-1,2023-10-02 13:00:00,2023-10-02 17:00:00,1.0478536775031446,2023-10-03 09:00:00,1.0466463224968554,時間切れ,time,4,0.002736739074228034,1.0505904165773727,1.0505904165773727,0.0012073550062892124,0.4411655527042808,0.6846387077194155,0.5467538030739959,False
AUDUSD,売り,-1,2023-10-02 21:00:00,2023-10-03 01:00:00,0.6316957478820956,2023-10-03 17:00:00,0.6304742521179044,時間切れ,time,4,0.0025184464353228448,0.6342141943174184,0.6316957478820956,0.0012214957641911717,0.48501955295093885,1.2371705978714418,0.5972936715295114,True
GBPUSD,売り,-1,2023-10-18 21:00:00,2023-10-19 01:00:00,1.2125437570146254,2023-10-19 09:00:00,1.2161245842757809,初期損切り,initial,3,0.003514584275780829,1.2160583412904062,1.2160583412904062,-0.0035808272611554948,-1.0188480287216755,0.9969193337516541,1.000000000000016,False
USDJPY,買い,1,2023-10-18 13:00:00,2023-10-18 17:00:00,149.90779265018452,2023-10-19 09:00:00,149.8202073498155,時間切れ,time,4,0.2574947665148399,149.65029788366968,149.65029788366968,-0.08758530036902812,-0.3401440019713194,0.0,0.9234853717728918,False
AUDUSD,売り,-1,2023-10-25 17:00:00,2023-10-25 21:00:00,0.6279257478820957,2023-10-26 01:00:00,0.630410237404152,初期損切り,initial,2,0.0024402374041519567,0.6303659852862477,0.6303659852862477,-0.0024844895220563767,-1.018134349481377,0.3588781487430731,1.0000000000000182,False
USDJPY,買い,1,2023-10-25 13:00:00,2023-10-25 17:00:00,150.18779265018452,2023-10-26 01:00:00,150.186,建値,breakeven,3,0.19527243367695524,149.99252021650756,150.18779265018452,-0.0017926501845124676,-0.009180252177724686,1.4912875531486771,0.7517325790457755,True
GBPUSD,売り,-1,2023-10-25 21:00:00,2023-10-26 01:00:00,1.2078837570146255,2023-10-26 05:00:00,1.2112587748131083,初期損切り,initial,2,0.0033087748131081013,1.2111925318277337,1.2111925318277337,-0.0033750177984828156,-1.0200203970098796,0.26709494134333034,1.0000000000000318,False
USDJPY,買い,1,2023-10-31 05:00:00,2023-10-31 09:00:00,150.93279265018452,2023-11-01 09:00:00,150.97348144745158,トレイル,trail,7,0.35724995143877447,150.57554269874575,150.9752740976361,0.04068879726705177,0.11389447949029327,2.248306393270762,0.3241222279196344,True
EURUSD,買い,1,2023-11-03 05:00:00,2023-11-03 09:00:00,1.0710063224968553,2023-11-06 01:00:00,1.0735236775031447,時間切れ,time,4,0.0031715002575976826,1.0678348222392577,1.0710063224968553,0.002517355006289357,0.7937426460107491,1.1551875155513296,0.5222520455066706,True
USDJPY,買い,1,2023-11-12 21:00:00,2023-11-13 01:00:00,151.77779265018452,2023-11-13 09:00:00,151.51791219946463,初期損切り,initial,3,0.25808780053537184,151.51970484964914,151.51970484964914,-0.25988045071989063,-1.0069458927574266,0.2991514889712321,1.0000000000000244,False
GBPUSD,買い,1,2023-11-14 05:00:00,2023-11-14 09:00:00,1.2401562429853745,2023-11-15 05:00:00,1.2436118475973086,トレイル,trail,6,0.00340096103763285,1.2367552819477416,1.2436780905826832,0.00345560461193406,1.0160670980045226,3.0649445551662904,0.03123910688737998,True
EURUSD,買い,1,2023-11-14 05:00:00,2023-11-14 09:00:00,1.0789563224968552,2023-11-15 09:00:00,1.0834417572534387,トレイル,trail,7,0.002508921125348001,1.0764474013715073,1.083468079750294,0.004485434756583473,1.787794248000251,3.907527185329463,0.030420444901231927,True
USDCHF,売り,-1,2023-11-14 05:00:00,2023-11-14 09:00:00,0.8961536570334298,2023-11-16 05:00:00,0.8900671392568921,トレイル,trail,12,0.0022356259184985695,0.8983892829519283,0.8899707962903218,0.006086517776537681,2.7225117253182245,4.7832944433796465,0.05651346476384802,True
EURUSD,買い,1,2023-11-17 13:00:00,2023-11-19 17:00:00,1.0911463224968554,2023-11-20 09:00:00,1.0926236775031446,時間切れ,time,4,0.0026961244491523558,1.088450198047703,1.0911463224968554,0.001477355006289205,0.5479550496097003,1.0732729730091886,0.5141908405938683,True
AUDUSD,買い,1,2023-11-19 21:00:00,2023-11-20 01:00:00,0.6546142521179044,2023-11-20 17:00:00,0.6554157478820957,時間切れ,time,4,0.002707193442972625,0.6519070586749317,0.6519070586749317,0.0008014957641913067,0.29606150468184755,0.6965693149821509,0.41897712217378485,False
USDCHF,売り,-1,2023-11-17 13:00:00,2023-11-19 17:00:00,0.8864636570334298,2023-11-22 01:00:00,0.8859044176003729,トレイル,trail,15,0.0021080877535910093,0.8885717447870208,0.8858080746338026,0.0005592394330569128,0.2652828052837363,2.136370758645166,0.3350633603212312,True
GBPUSD,買い,1,2023-11-17 13:00:00,2023-11-19 17:00:00,1.2454662429853747,2023-11-22 09:00:00,1.2496043962839936,トレイル,trail,17,0.0033879740444407364,1.242078268940934,1.2496706392693682,0.004138153298618885,1.2214241444408653,3.0884997574863666,0.2497784735875402,True
USDCHF,売り,-1,2023-11-24 09:00:00,2023-11-24 13:00:00,0.8813936570334298,2023-11-24 13:00:00,0.8834418351378805,初期損切り,initial,1,0.0019518351378805924,0.8833454921713103,0.8833454921713103,-0.002048178104450793,-1.0493601968221635,-0.0,0.9999999999999799,False
AUDUSD,買い,1,2023-11-24 09:00:00,2023-11-24 13:00:00,0.6590242521179044,2023-11-26 21:00:00,0.6568813832455977,初期損切り,initial,3,0.002098616754402229,0.6569256353635021,0.6569256353635021,-0.002142868872306636,-1.0210863264155212,0.21716584561690735,1.000000000000015,False
GBPUSD,買い,1,2023-11-24 05:00:00,2023-11-24 09:00:00,1.2577762429853747,2023-11-27 01:00:00,1.2610237570146254,時間切れ,time,4,0.0030246120610228117,1.2547516309243518,1.2577762429853747,0.00324751402925072,1.0736960521649612,1.2476829882603488,0.07149445317677484,True
EURUSD,買い,1,2023-11-24 09:00:00,2023-11-24 13:00:00,1.0940963224968554,2023-11-27 05:00:00,1.0948236775031448,時間切れ,time,4,0.0023255820605472344,1.0917707404363082,1.0917707404363082,0.0007273550062893985,0.31276256324330437,0.7927810995887529,0.604718500677004,False
GBPUSD,買い,1,2023-11-28 09:00:00,2023-11-28 13:00:00,1.2693062429853745,2023-11-29 01:00:00,1.26924,建値,breakeven,4,0.0031328552223874187,1.266173387762987,1.2693062429853745,-6.624298537460938e-05,-0.02114460473667479,1.2843737514174696,0.6308121011313294,True
USDJPY,売り,-1,2023-11-28 17:00:00,2023-11-28 21:00:00,146.8992073498155,2023-11-29 01:00:00,147.39793389828375,初期損切り,initial,2,0.4969338982837369,147.39614124809924,147.39614124809924,-0.49872654846825526,-1.0036074218134639,0.19561424598167082,1.0000000000000118,False
USDCHF,売り,-1,2023-11-28 05:00:00,2023-11-28 09:00:00,0.8789836570334297,2023-11-30 05:00:00,0.8759668611281781,トレイル,trail,12,0.0018618640614029628,0.8808455210948327,0.8758705181616079,0.0030167959052516125,1.6203094349317742,3.90665311405649,0.4223417718143125,True
AUDUSD,買い,1,2023-12-01 09:00:00,2023-12-01 13:00:00,0.6671642521179044,2023-12-04 01:00:00,0.6643289311871986,初期損切り,initial,4,0.0027910688128014666,0.664373183305103,0.664373183305103,-0.0028353209307058203,-1.015854900352649,0.69355075489975,0.9999999999999922,False
USDJPY,売り,-1,2023-12-03 17:00:00,2023-12-03 21:00:00,146.6422073498155,2023-12-04 09:00:00,147.19410465296053,初期損切り,initial,4,0.5501046529605227,147.19231200277602,147.19231200277602,-0.55189730314504,-1.0032587439042184,0.327587394227033,1.0000000000000089,False
USDJPY,売り,-1,2023-12-06 21:00:00,2023-12-07 01:00:00,146.54320734981548,2023-12-07 13:00:00,143.2787926501845,トレイル,trail,4,0.46153353715536866,147.00474088697084,142.9753578828372,3.2644146996309757,7.072973980939672,10.6887299679693,0.2812204092133698,True
USDJPY,売り,-1,2023-12-13 13:00:00,2023-12-13 17:00:00,142.8262073498155,2023-12-18 01:00:00,142.38437457580054,トレイル,trail,15,0.7413604718966467,143.56756782171215,142.38258192561602,0.441832774014955,0.5959756296213093,2.524018235054139,0.11572325938153881,True
AUDUSD,買い,1,2023-12-18 01:00:00,2023-12-18 05:00:00,0.6729842521179044,2023-12-18 09:00:00,0.6699506313910961,初期損切り,initial,2,0.002989368608903911,0.6699948835090005,0.6699948835090005,-0.0030336207268082394,-1.0148031653816536,0.11231397864272676,0.9999999999999843,False
AUDUSD,買い,1,2023-12-19 05:00:00,2023-12-19 09:00:00,0.6743042521179043,2023-12-20 01:00:00,0.6769157478820956,時間切れ,time,4,0.00275126292444762,0.6715529891934567,0.6743042521179043,0.002611495764191285,0.949198908248874,1.2160771158457586,0.18691493035242854,True
USDCHF,売り,-1,2023-12-19 09:00:00,2023-12-19 13:00:00,0.8617436570334298,2023-12-20 05:00:00,0.8615663429665702,時間切れ,time,4,0.0028434651077527003,0.8645871221411825,0.8645871221411825,0.00017731406685961293,0.062358446522226205,0.6307997339370957,0.18862301672276477,False
EURUSD,買い,1,2023-12-21 05:00:00,2023-12-21 09:00:00,1.0991263224968553,2023-12-22 01:00:00,1.0996536775031447,時間切れ,time,4,0.0026530350841104085,1.096473287412745,1.096473287412745,0.0005273550062894206,0.19877423010643994,0.8343943570150666,0.5979274478336645,False
USDCHF,売り,-1,2023-12-21 05:00:00,2023-12-21 09:00:00,0.8579036570334297,2023-12-22 01:00:00,0.8573363429665702,時間切れ,time,4,0.0026370416704204957,0.8605406987038502,0.8605406987038502,0.0005673140668595034,0.21513276533436082,0.8166943501830664,0.4991741242982854,False
EURUSD,買い,1,2023-12-26 13:00:00,2023-12-26 17:00:00,1.1043963224968554,2023-12-27 09:00:00,1.1070136775031447,時間切れ,time,4,0.0021865418239495945,1.1022097806729059,1.1043963224968554,0.002617355006289346,1.1970294725767308,1.3691380015485735,0.6934797588807744,True
AUDUSD,買い,1,2023-12-26 17:00:00,2023-12-26 21:00:00,0.6828442521179043,2023-12-27 13:00:00,0.6844757478820956,時間切れ,time,4,0.002176231283996061,0.6806680208339083,0.6828442521179043,0.0016314957641913042,0.7496885906333921,1.0319435708009534,0.4201079750243847,True
GBPUSD,買い,1,2023-12-27 05:00:00,2023-12-27 09:00:00,1.2755462429853746,2023-12-28 05:00:00,1.2767053084517421,トレイル,trail,6,0.0030271651660991566,1.2725190778192754,1.2767715514371167,0.0011590654663675704,0.3828880826681673,2.3962210902329675,0.3720454364324426,True
USDCHF,売り,-1,2023-12-27 09:00:00,2023-12-27 13:00:00,0.8435336570334298,2023-12-28 05:00:00,0.839705172364204,トレイル,trail,5,0.0027770456166750553,0.8463107026501048,0.8396088293976338,0.0038284846692256957,1.3786178542538756,3.512242281820274,0.15712488262712743,True
USDJPY,売り,-1,2023-12-27 13:00:00,2023-12-27 17:00:00,141.77020734981548,2023-12-28 13:00:00,141.28112426625836,トレイル,trail,6,0.46945820289018103,142.23966555270567,141.27933161607385,0.4890830835571194,1.0418032543602804,3.229696148626399,0.0251197020563946,True
GBPUSD,買い,1,2024-01-11 17:00:00,2024-01-11 21:00:00,1.2781162429853745,2024-01-12 05:00:00,1.2745865480541683,初期損切り,initial,3,0.0034634519458315604,1.2746527910395429,1.2746527910395429,-0.003529694931206251,-1.0191262897279165,0.11080188800867385,1.0000000000000233,False
USDJPY,買い,1,2024-01-18 21:00:00,2024-01-19 01:00:00,148.6537926501845,2024-01-19 01:00:00,148.20245289979678,初期損切り,initial,1,0.449547100203218,148.2042455499813,148.2042455499813,-0.45133975038771723,-1.0039876804537031,0.0,0.9999999999999706,False
EURUSD,売り,-1,2024-01-23 09:00:00,2024-01-23 13:00:00,1.0831336775031446,2024-01-23 13:00:00,1.0855308186561046,初期損切り,initial,1,0.00237081865610476,1.0855044961592493,1.0855044961592493,-0.0023971411529599695,-1.0111027036114424,-0.0,0.9999999999999608,False
EURUSD,売り,-1,2024-01-29 09:00:00,2024-01-29 13:00:00,1.0811536775031447,2024-01-29 13:00:00,1.0836305534512054,初期損切り,initial,1,0.002450553451205421,1.08360423095435,1.08360423095435,-0.002476875948060675,-1.0107414497905793,-0.0,0.9999999999999803,False
AUDUSD,売り,-1,2024-02-02 09:00:00,2024-02-02 13:00:00,0.6506857478820957,2024-02-05 05:00:00,0.6500242521179044,時間切れ,time,4,0.0027435061201916042,0.6534292540022872,0.6534292540022872,0.0006614957641912778,0.2411132817684691,0.7675389774412262,0.5009108993014898,False
GBPUSD,売り,-1,2024-02-02 09:00:00,2024-02-02 13:00:00,1.2618037570146254,2024-02-05 05:00:00,1.2601862429853745,時間切れ,time,4,0.0038053943751774873,1.265609151389803,1.265609151389803,0.0016175140292509216,0.42505818576963633,0.49765065796551655,0.6717419361443359,False
EURUSD,売り,-1,2024-02-04 17:00:00,2024-02-04 21:00:00,1.0778036775031448,2024-02-07 01:00:00,1.0770296199597618,トレイル,trail,14,0.0028997989458553787,1.0807034764490002,1.0770032974629065,0.0007740575433829999,0.2669349006038312,1.9117454715500997,0.2815100329703551,True
USDCHF,買い,1,2024-02-07 13:00:00,2024-02-07 17:00:00,0.8742263429665702,2024-02-08 09:00:00,0.8759136570334297,時間切れ,time,4,0.0025302148647488192,0.8716961281018214,0.8716961281018214,0.0016873140668595132,0.6668659212967738,0.7167996120400173,0.7020522214608824,False
USDJPY,買い,1,2024-02-08 05:00:00,2024-02-08 09:00:00,149.3927926501845,2024-02-09 01:00:00,149.3992073498155,時間切れ,time,4,0.4381320888382575,148.95466056134626,148.95466056134626,0.0064146996309943916,0.014641017616407608,0.22186767938695978,0.6112144191368803,False
USDCHF,買い,1,2024-02-12 05:00:00,2024-02-12 09:00:00,0.8770163429665703,2024-02-13 01:00:00,0.8760336570334297,時間切れ,time,4,0.0020991296250974104,0.8749172133414729,0.8749172133414729,-0.000982685933140548,-0.4681397096165256,0.135130784701556,0.927214281242845,False
AUDUSD,売り,-1,2024-02-13 05:00:00,2024-02-13 09:00:00,0.6467157478820956,2024-02-13 21:00:00,0.64676,建値,breakeven,4,0.00206397697527107,0.6487797248573667,0.6467157478820956,-4.425211790437533e-05,-0.021440218778876412,1.1898136033097213,0.4381115335773493,True
EURUSD,売り,-1,2024-02-13 05:00:00,2024-02-13 09:00:00,1.0708536775031448,2024-02-14 01:00:00,1.0714463224968553,時間切れ,time,4,0.002351362190599028,1.0732050396937438,1.0732050396937438,-0.0005926449937105893,-0.2520432607447891,0.33753945109687467,0.7852139939295655,False
GBPUSD,売り,-1,2024-02-13 05:00:00,2024-02-13 09:00:00,1.2592637570146255,2024-02-14 01:00:00,1.2603762429853747,時間切れ,time,4,0.0029245052396168116,1.2621882622542422,1.2621882622542422,-0.0011124859707491996,-0.38040142848058806,0.6680641183879423,0.5423970399801422,False
USDJPY,買い,1,2024-02-13 01:00:00,2024-02-13 05:00:00,149.58179265018452,2024-02-14 17:00:00,150.1940152609102,トレイル,trail,10,0.32510354449946355,149.25668910568507,150.1958079110947,0.6122226107256665,1.8831619066727117,4.008591637540932,0.9313729588851907,True
USDJPY,買い,1,2024-02-22 05:00:00,2024-02-22 09:00:00,150.5667926501845,2024-02-23 01:00:00,150.60320734981548,時間切れ,time,4,0.2807616265741645,150.28603102361035,150.28603102361035,0.03641469963096711,0.12969970317987167,0.43527084276668815,0.6831156113631052,False
USDJPY,買い,1,2024-02-26 09:00:00,2024-02-26 13:00:00,150.7727926501845,2024-02-26 17:00:00,150.51279190126044,初期損切り,initial,2,0.25820809873954953,150.51458455144495,150.51458455144495,-0.2600007489240568,-1.0069426566914752,0.17120822325600052,0.9999999999999798,False
SP500,買い,1,2024-02-29 05:00:00,2024-02-29 09:00:00,5095.599430651931,2024-02-29 09:00:00,5079.126107003695,初期損切り,initial,1,16.323892996304846,5079.275537655626,5079.275537655626,-16.473323648235237,-1.0091541063130112,0.0,0.9999999999999785,False
AUDUSD,売り,-1,2024-03-05 01:00:00,2024-03-05 05:00:00,0.6486457478820956,2024-03-05 09:00:00,0.6503874716997793,初期損切り,initial,2,0.0016974716997793249,0.6503432195818749,0.6503432195818749,-0.0017417238176836713,-1.0260694289690364,0.03873282959834648,0.999999999999983,False
EURUSD,買い,1,2024-03-06 01:00:00,2024-03-06 05:00:00,1.0876863224968554,2024-03-07 05:00:00,1.0879162135399951,トレイル,trail,7,0.0018112269499381602,1.0858750955469172,1.0879425360368504,0.00022989104313975162,0.12692558662932918,2.122140189707175,0.5059125787006676,True
GBPUSD,買い,1,2024-03-06 09:00:00,2024-03-06 13:00:00,1.2745262429853745,2024-03-07 05:00:00,1.2749637570146255,時間切れ,time,4,0.0023771442711531887,1.2721490987142214,1.2721490987142214,0.0004375140292509627,0.18405026340227892,0.35494564838340154,0.9196930164924022,False
EURUSD,買い,1,2024-03-07 09:00:00,2024-03-07 13:00:00,1.0937163224968554,2024-03-08 05:00:00,1.0935036775031446,時間切れ,time,4,0.0021457681133711906,1.0915705543834842,1.0915705543834842,-0.0002126449937107644,-0.09909970811183338,0.8685363024696288,0.5202437718684787,False
SP500,買い,1,2024-03-07 17:00:00,2024-03-07 21:00:00,5160.599430651931,2024-03-08 09:00:00,5142.3468673756415,初期損切り,initial,4,18.10313262435851,5142.496298027572,5142.496298027572,-18.252563276289038,-1.0082544085065954,0.9970964541121072,0.9999999999999882,False
EURUSD,買い,1,2024-03-13 09:00:00,2024-03-13 13:00:00,1.0949263224968553,2024-03-14 05:00:00,1.0937536775031447,時間切れ,time,4,0.0018537171782934084,1.093072605318562,1.093072605318562,-0.0011726449937106143,-0.6325911025921381,0.7841959497202944,0.9420652283445776,False
SP500,買い,1,2024-03-14 01:00:00,2024-03-14 05:00:00,5249.899430651931,2024-03-14 09:00:00,5230.043582113537,初期損切り,initial,2,19.706417886462567,5230.193012765468,5230.193012765468,-19.85584853839373,-1.0075828419346478,0.1801732495740973,1.0000000000000213,False
USDCHF,買い,1,2024-03-18 09:00:00,2024-03-18 13:00:00,0.8870763429665702,2024-03-19 05:00:00,0.88698,建値,breakeven,5,0.0017296440002944051,0.8853466989662758,0.8870763429665702,-9.634296657023977e-05,-0.055701038221646244,1.6151630236940706,0.2580548173463606,True
SP500,買い,1,2024-03-19 13:00:00,2024-03-19 17:00:00,5240.349430651931,2024-03-20 09:00:00,5237.500569348069,時間切れ,time,4,20.212749231647887,5220.136681420283,5220.136681420283,-2.8488613038616677,-0.14094378113597208,0.2869757736363195,0.35618265330569165,False
USDCHF,買い,1,2024-03-20 01:00:00,2024-03-20 05:00:00,0.8902163429665703,2024-03-20 13:00:00,0.8884355956473876,初期損切り,initial,3,0.001684404352612423,0.8885319386139579,0.8885319386139579,-0.0017807473191826517,-1.0571970539145223,0.9936195135294824,0.9999999999999934,False
USDCHF,買い,1,2024-03-26 05:00:00,2024-03-26 09:00:00,0.9034363429665703,2024-03-27 01:00:00,0.9037936570334297,時間切れ,time,4,0.0022392644973161036,0.9011970784692541,0.9011970784692541,0.0003573140668594599,0.1595676023478793,0.4080165762127653,0.6146406412551668,False
SP500,買い,1,2024-03-27 13:00:00,2024-03-27 17:00:00,5303.449430651931,2024-03-28 09:00:00,5308.400569348069,時間切れ,time,4,15.243092581123117,5288.206338070808,5288.206338070808,4.951138696138514,0.3248119546469167,0.5871885446102323,0.16725153628525988,False
AUDUSD,売り,-1,2024-04-01 09:00:00,2024-04-01 13:00:00,0.6483657478820957,2024-04-02 01:00:00,0.6502776625156976,初期損切り,initial,4,0.00186766251569764,0.6502334103977933,0.6502334103977933,-0.0019119146336019632,-1.0236938512886486,0.06197473104633018,0.9999999999999721,False
EURUSD,売り,-1,2024-04-01 09:00:00,2024-04-01 13:00:00,1.0736536775031447,2024-04-02 05:00:00,1.0731763224968554,時間切れ,time,4,0.0019067080081232764,1.0755603855112679,1.0755603855112679,0.00047735500628931504,0.25035558892898513,0.6207964188023181,0.44386581125673175,False
GBPUSD,売り,-1,2024-04-01 09:00:00,2024-04-01 13:00:00,1.2544937570146253,2024-04-02 05:00:00,1.2562962429853746,時間切れ,time,4,0.002496304895917096,1.2569900619105423,1.2569900619105423,-0.001802485970749279,-0.7220616254438259,0.21381883899612034,0.8397383624105288,False
USDCHF,買い,1,2024-04-02 01:00:00,2024-04-02 05:00:00,0.9086163429665702,2024-04-02 09:00:00,0.9065288736112285,初期損切り,initial,2,0.0019911263887715633,0.9066252165777987,0.9066252165777987,-0.0020874693553417645,-1.0483861632860185,0.25295081029011884,0.9999999999999806,False
USDJPY,買い,1,2024-04-03 05:00:00,2024-04-03 09:00:00,151.85379265018452,2024-04-03 09:00:00,151.6365877311532,初期損切り,initial,1,0.21541226884680076,151.63838038133773,151.63838038133773,-0.21720491903130323,-1.0083219502496277,0.0,0.9999999999999536,False
USDCHF,買い,1,2024-04-10 05:00:00,2024-04-10 09:00:00,0.9091263429665702,2024-04-11 05:00:00,0.910066997542641,トレイル,trail,6,0.0022475597122727474,0.9068787832542975,0.9101633405092112,0.0009406545760707319,0.41852261852457556,2.511015392655719,0.06066266708100443,True
USDJPY,買い,1,2024-04-10 05:00:00,2024-04-10 09:00:00,152.3867926501845,2024-04-12 05:00:00,152.81773533029272,トレイル,trail,12,0.21808617829434676,152.16870647189015,152.81952798047723,0.4309426801082168,1.9760201379042999,4.586294086301684,0.07241472296872942,True
GBPUSD,売り,-1,2024-04-12 01:00:00,2024-04-12 05:00:00,1.2507237570146255,2024-04-15 05:00:00,1.2488545348942992,トレイル,trail,7,0.0030838122241899,1.2538075692388153,1.2487882919089246,0.0018692221203262527,0.6061400579658467,2.618109154407531,0.14794771931820597,True
EURUSD,売り,-1,2024-04-15 17:00:00,2024-04-15 21:00:00,1.0618036775031447,2024-04-16 05:00:00,1.0641771499426442,初期損切り,initial,3,0.0023471499426441413,1.064150827445789,1.064150827445789,-0.00237347243949948,-1.0112146635274972,0.6789841050160276,1.0000000000000155,False
SP500,売り,-1,2024-04-18 17:00:00,2024-04-18 21:00:00,5024.150569348069,2024-04-19 01:00:00,5022.076328122737,トレイル,trail,2,27.387840774108593,5051.538410122178,5021.926897470807,2.0742412253321163,0.07573584359717118,2.210855899429328,0.08578371224326753,True
GBPUSD,売り,-1,2024-04-19 09:00:00,2024-04-19 13:00:00,1.2389637570146255,2024-04-22 05:00:00,1.2366462429853746,時間切れ,time,4,0.0034582919933395795,1.2424220490079652,1.2389637570146255,0.0023175140292508445,0.6701325491642143,1.1172442992282596,0.11457765455828663,True
USDJPY,買い,1,2024-04-21 21:00:00,2024-04-22 01:00:00,154.71779265018452,2024-04-22 17:00:00,154.84720734981548,時間切れ,time,4,0.2902056896153562,154.42758696056916,154.42758696056916,0.12941469963095642,0.44594129013281913,0.48313094757486236,0.412785325964087,False
USDCHF,買い,1,2024-04-24 01:00:00,2024-04-24 05:00:00,0.9144063429665702,2024-04-24 09:00:00,0.912226808199148,初期損切り,initial,2,0.0020831918008519697,0.9123231511657183,0.9123231511657183,-0.0021795347674221643,-1.0462477658229996,0.4385851715891765,0.9999999999999784,False
USDCHF,買い,1,2024-04-30 09:00:00,2024-04-30 13:00:00,0.9178163429665702,2024-05-01 13:00:00,0.91772,建値,breakeven,7,0.0025120933453919676,0.9153042496211783,0.9178163429665702,-9.634296657023977e-05,-0.03835166664764488,1.8445401489277748,0.20554290608562142,True
USDJPY,買い,1,2024-05-13 09:00:00,2024-05-13 13:00:00,156.2217926501845,2024-05-14 05:00:00,156.4522073498155,時間切れ,time,4,0.4174555627106657,155.80433708747384,155.80433708747384,0.23041469963098393,0.5519502438411201,0.7694408183946531,0.21030418091559464,False
AUDUSD,買い,1,2024-05-14 21:00:00,2024-05-15 01:00:00,0.6642142521179044,2024-05-15 09:00:00,0.66417,建値,breakeven,3,0.0018085131192863563,0.6624057389986181,0.6642142521179044,-4.425211790437533e-05,-0.024468784568086144,2.0435283784692375,0.47235052308691783,True
GBPUSD,買い,1,2024-05-17 09:00:00,2024-05-17 13:00:00,1.2701762429853747,2024-05-20 05:00:00,1.2704337570146254,時間切れ,time,4,0.002516778839370316,1.2676594641460044,1.2676594641460044,0.0002575140292506717,0.10231889478024228,0.3988260704212013,0.5031204830423265,False
USDJPY,買い,1,2024-05-20 05:00:00,2024-05-20 09:00:00,156.1567926501845,2024-05-21 01:00:00,156.44820734981548,時間切れ,time,4,0.443119152828056,155.71367349735647,155.71367349735647,0.29141469963096256,0.6576441071687112,0.8805923809095565,0.3538385763373989,False
SP500,買い,1,2024-05-22 21:00:00,2024-05-23 01:00:00,5360.199430651931,2024-05-23 09:00:00,5346.617613678061,初期損切り,initial,3,13.432386321938898,5346.767044329992,5346.767044329992,-13.581816973869536,-1.0111246541269123,0.5844508309924834,0.9999999999999922,False
USDJPY,買い,1,2024-05-22 13:00:00,2024-05-22 17:00:00,156.7387926501845,2024-05-23 09:00:00,156.7502073498155,時間切れ,time,4,0.3538876687858836,156.38490498139862,156.38490498139862,0.011414699630989844,0.03225514940984338,0.47531283130770996,0.5871712085854687,False
GBPUSD,買い,1,2024-05-27 09:00:00,2024-05-27 13:00:00,1.2770862429853747,2024-05-28 05:00:00,1.2768237570146255,時間切れ,time,4,0.002143323185020825,1.274942919800354,1.274942919800354,-0.00026248597074918223,-0.12246681815585915,0.5896250380985661,0.3948275235805794,False
EURUSD,買い,1,2024-05-27 17:00:00,2024-05-27 21:00:00,1.0865263224968553,2024-05-28 09:00:00,1.0865,建値,breakeven,4,0.0015756262688038924,1.0849506962280515,1.0865263224968553,-2.632249685530219e-05,-0.01670605357150108,1.506497797188028,0.06113283255199733,True
SP500,買い,1,2024-05-27 09:00:00,2024-05-27 17:00:00,5331.999430651931,2024-05-28 09:00:00,5328.900569348069,時間切れ,time,4,14.735700591763498,5317.263730060167,5317.263730060167,-3.0988613038616677,-0.2102961636987774,0.4648960736823314,0.5937573580194477,False
USDJPY,買い,1,2024-05-28 17:00:00,2024-05-28 21:00:00,157.3767926501845,2024-05-29 01:00:00,157.09903105684904,初期損切り,initial,2,0.2759689431509582,157.10082370703356,157.10082370703356,-0.27776159333546957,-1.006495840307403,0.036987313496013384,0.999999999999996,False
GBPUSD,買い,1,2024-06-03 09:00:00,2024-06-03 13:00:00,1.2779862429853746,2024-06-04 01:00:00,1.27792,建値,breakeven,4,0.0026771330397989098,1.2753091099455756,1.2779862429853746,-6.624298537460938e-05,-0.02474400203121215,1.4096262526082448,0.15548087419881287,True
USDCHF,売り,-1,2024-06-03 09:00:00,2024-06-03 13:00:00,0.8954536570334297,2024-06-04 05:00:00,0.8952463429665702,時間切れ,time,4,0.0022163454798560566,0.8976700025132858,0.8976700025132858,0.0002073140668594764,0.0935386963556515,0.9446438077720851,0.8330573835854247,False
SP500,買い,1,2024-06-11 13:00:00,2024-06-11 17:00:00,5382.499430651931,2024-06-13 09:00:00,5416.968520854009,トレイル,trail,11,19.222772498357802,5363.276658153573,5417.117951505939,34.469090202077496,1.7931383313734885,3.7377838890933885,0.11701905394361167,True
USDJPY,買い,1,2024-06-13 21:00:00,2024-06-14 01:00:00,157.94979265018452,2024-06-14 01:00:00,157.4574864836331,初期損切り,initial,1,0.4905135163669246,157.4592791338176,157.4592791338176,-0.49230616655142967,-1.0036546397289572,0.0,0.9999999999999849,False
USDCHF,売り,-1,2024-06-17 17:00:00,2024-06-17 21:00:00,0.8881036570334297,2024-06-20 01:00:00,0.8860229883841884,トレイル,trail,14,0.0019489231631543643,0.8900525801965841,0.8859266454176181,0.0020806686492413906,1.0675991175936326,2.777768326519185,0.9730208981153475,True
SP500,買い,1,2024-06-16 17:00:00,2024-06-16 21:00:00,5500.999430651931,2024-06-20 09:00:00,5557.839087924115,トレイル,trail,21,21.753332592059664,5479.246098059872,5557.988518576046,56.83965727218401,2.612917217701689,3.9925178811347366,0.5171359654583381,True
EURUSD,売り,-1,2024-06-20 09:00:00,2024-06-20 13:00:00,1.0706836775031447,2024-06-24 01:00:00,1.07071,建値,breakeven,10,0.0018853721380297569,1.0725690496411746,1.0706836775031447,-2.632249685530219e-05,-0.013961433037198486,1.9007799207692808,0.7300004434634019,True
USDJPY,買い,1,2024-06-20 01:00:00,2024-06-20 05:00:00,158.4397926501845,2024-06-24 05:00:00,159.26453511543136,トレイル,trail,13,0.34091627321965484,158.09887637696485,159.26632776561587,0.8247424652468567,2.4191935968849134,4.368249528692912,0.5684464644479711,True
GBPUSD,売り,-1,2024-06-26 13:00:00,2024-06-26 17:00:00,1.2623737570146254,2024-06-27 01:00:00,1.2646178570915874,初期損切り,initial,3,0.002177857091587248,1.2645516141062128,1.2645516141062128,-0.0022441000769619635,-1.0304165896057198,0.5159920818341701,1.0000000000000488,False
USDJPY,買い,1,2024-06-26 01:00:00,2024-06-26 05:00:00,159.96079265018452,2024-06-28 05:00:00,160.5930287435931,トレイル,trail,13,0.3184995616854362,159.6422930884991,160.5948213937776,0.6322360934085793,1.9850454112492713,4.154502891034847,0.3133211539018856,True
SP500,買い,1,2024-06-27 17:00:00,2024-06-27 21:00:00,5552.29943065193,2024-06-28 09:00:00,5552.15,建値,breakeven,4,16.071832956530823,5536.2275976954,5552.29943065193,-0.1494306519307429,-0.009297673285611237,1.2164492625668792,0.04040800160673928,True
USDJPY,買い,1,2024-07-01 05:00:00,2024-07-01 09:00:00,161.3567926501845,2024-07-01 09:00:00,160.99445854561185,初期損切り,initial,1,0.36054145438812907,160.99625119579636,160.99625119579636,-0.36233410457265336,-1.0049721056003575,0.0,1.0000000000000329,False
USDJPY,買い,1,2024-07-03 01:00:00,2024-07-03 05:00:00,161.8507926501845,2024-07-03 09:00:00,161.5299457631241,初期損切り,initial,2,0.31905423687590734,161.5317384133086,161.5317384133086,-0.3208468870604122,-1.0056186377653467,0.3078076968265021,0.9999999999999761,False
AUDUSD,買い,1,2024-07-03 09:00:00,2024-07-03 13:00:00,0.6714642521179044,2024-07-04 05:00:00,0.6721257478820957,時間切れ,time,4,0.0019626454055767842,0.6695016067123276,0.6695016067123276,0.0006614957641912778,0.3370429331307948,0.5837773236265954,0.7409652878569885,False
SP500,買い,1,2024-07-03 09:00:00,2024-07-03 13:00:00,5590.899430651931,2024-07-04 05:00:00,5593.100569348069,時間切れ,time,4,17.69744035921075,5573.20199029272,5573.20199029272,2.201138696138514,0.12437610476211704,0.18932508204924853,0.2570671554523758,False
AUDUSD,買い,1,2024-07-04 21:00:00,2024-07-05 01:00:00,0.6734342521179044,2024-07-05 05:00:00,0.6717604974424956,初期損切り,initial,2,0.0016295025575045405,0.6718047495603999,0.6718047495603999,-0.0016737546754088672,-1.0271568262967905,0.14467475427384516,0.9999999999999702,False
AUDUSD,買い,1,2024-07-11 05:00:00,2024-07-11 09:00:00,0.6790442521179044,2024-07-11 09:00:00,0.677374286347712,初期損切り,initial,1,0.001625713652288081,0.6774185384656164,0.6774185384656164,-0.0016699657701924053,-1.0272201182797736,0.0,0.9999999999999687,False
GBPUSD,買い,1,2024-07-12 05:00:00,2024-07-12 09:00:00,1.2966062429853746,2024-07-14 17:00:00,1.29654,建値,breakeven,3,0.0024516707685518844,1.2941545722168228,1.2966062429853746,-6.624298537460938e-05,-0.027019527346135785,1.0416394596627963,0.3288545084097045,True
GBPUSD,買い,1,2024-07-17 01:00:00,2024-07-17 05:00:00,1.3029462429853746,2024-07-17 09:00:00,1.3004908513719777,初期損切り,initial,2,0.0023891486280223323,1.3005570943573523,1.3005570943573523,-0.002455391613396918,-1.0277266071259115,0.6419680201708656,0.99999999999999,False
EURUSD,買い,1,2024-07-17 01:00:00,2024-07-17 05:00:00,1.0941963224968554,2024-07-17 21:00:00,1.0936636775031447,時間切れ,time,4,0.0018294811899873947,1.092366841306868,1.092366841306868,-0.0005326449937106403,-0.2911453786055654,0.3299719649748165,0.9873413876793468,False
USDCHF,売り,-1,2024-07-24 05:00:00,2024-07-24 09:00:00,0.8846936570334297,2024-07-25 01:00:00,0.8830663429665703,時間切れ,time,4,0.0017926737575560438,0.8864863307909858,0.8846936570334297,0.0016273140668594532,0.9077580680814864,1.1065354334935182,0.7733381273234332,True
USDJPY,売り,-1,2024-07-23 21:00:00,2024-07-24 01:00:00,154.6082073498155,2024-07-25 05:00:00,153.31474157613306,トレイル,trail,8,0.5699921456808253,155.17819949549633,153.31294892594855,1.293465773682442,2.269269468858147,4.675866799238155,0.5996444911994959,True
USDJPY,売り,-1,2024-07-30 13:00:00,2024-07-30 17:00:00,152.7902073498155,2024-07-30 21:00:00,153.51443496503794,初期損切り,initial,2,0.72243496503793,153.51264231485342,153.51264231485342,-0.7242276152224463,-1.0024814000861961,0.9470850428447516,1.0000000000000053,False
AUDUSD,売り,-1,2024-07-30 21:00:00,2024-07-31 01:00:00,0.6493957478820956,2024-07-31 05:00:00,0.6513327992779662,初期損切り,initial,2,0.0018927992779660956,0.6512885471600618,0.6512885471600618,-0.001937051395870526,-1.0233791920884403,0.7585315034769256,1.000000000000029,False
AUDUSD,売り,-1,2024-08-05 01:00:00,2024-08-05 05:00:00,0.6449657478820956,2024-08-05 09:00:00,0.6480919038054311,初期損切り,initial,2,0.003081903805431142,0.6480476516875268,0.6480476516875268,-0.0031261559233355385,-1.014358695370833,0.4528849601457187,1.0000000000000069,False
SP500,売り,-1,2024-08-02 01:00:00,2024-08-02 05:00:00,5431.330569348069,2024-08-05 09:00:00,5214.970308899402,トレイル,trail,8,36.114829176785975,5467.445398524855,5214.820878247471,216.36026044866685,5.9908980709713475,8.613928860780351,0.014659647131078262,True
USDCHF,売り,-1,2024-07-31 17:00:00,2024-07-31 21:00:00,0.8773636570334298,2024-08-05 09:00:00,0.850690431258242,トレイル,trail,16,0.002187595446007309,0.8795512524794371,0.8505940882916717,0.026673225775187825,12.192942631998289,15.59870546252535,0.16289253445857474,True
USDJPY,売り,-1,2024-08-02 05:00:00,2024-08-02 09:00:00,147.44220734981548,2024-08-05 09:00:00,144.11002243245278,トレイル,trail,7,1.0029805115341768,148.44518786134967,144.10822978226827,3.332184917362696,3.3222828151124557,5.737107833744197,0.722638816855843,True
EURUSD,買い,1,2024-08-12 21:00:00,2024-08-13 01:00:00,1.0939663224968552,2024-08-13 01:00:00,1.0920743234072199,初期損切り,initial,1,0.0018656765927800804,1.0921006459040752,1.0921006459040752,-0.0018919990896353323,-1.0141088208734121,0.0,0.999999999999973,False
USDCHF,売り,-1,2024-08-14 01:00:00,2024-08-14 05:00:00,0.8623736570334297,2024-08-14 05:00:00,0.8653614582623783,初期損切り,initial,1,0.00289145826237838,0.8652651152958081,0.8652651152958081,-0.0029878012289485945,-1.033319853799642,-0.0,0.9999999999999913,False
EURUSD,買い,1,2024-08-19 09:00:00,2024-08-19 13:00:00,1.1073663224968553,2024-08-20 05:00:00,1.1079536775031447,時間切れ,time,4,0.002020248209017708,1.1053460742878376,1.1053460742878376,0.0005873550062893695,0.29073408092511327,0.759153007189356,0.1615259429008155,False
USDJPY,売り,-1,2024-08-21 21:00:00,2024-08-22 01:00:00,145.13320734981548,2024-08-22 05:00:00,145.90628252859133,初期損切り,initial,2,0.7712825285913338,145.90448987840682,145.90448987840682,-0.773075178775855,-1.0023242458088546,0.15585384779170255,1.0000000000000113,False
AUDUSD,買い,1,2024-08-23 09:00:00,2024-08-23 13:00:00,0.6782842521179043,2024-08-26 05:00:00,0.6774057478820956,時間切れ,time,4,0.002071611112231384,0.6762126410056729,0.6762126410056729,-0.0008785042358087081,-0.4240681229318418,0.7799474875162535,0.5957933468385603,False
EURUSD,買い,1,2024-08-23 13:00:00,2024-08-25 17:00:00,1.1193963224968553,2024-08-26 05:00:00,1.1169565656594127,初期損切り,initial,4,0.0024134343405871794,1.116982888156268,1.116982888156268,-0.002439756837442575,-1.0109066554713029,0.320571183617367,1.0000000000000386,False
USDCHF,売り,-1,2024-08-23 13:00:00,2024-08-25 17:00:00,0.8473636570334298,2024-08-26 09:00:00,0.8475563429665702,時間切れ,time,4,0.002589599328090608,0.8499532563615203,0.8499532563615203,-0.00019268593314047955,-0.07440762400975477,0.6849156215751613,0.47356475315215074,False
USDJPY,売り,-1,2024-08-23 13:00:00,2024-08-25 17:00:00,144.16420734981548,2024-08-26 09:00:00,143.9397926501845,時間切れ,time,4,0.7694856977905179,144.933693047606,144.933693047606,0.2244146996309837,0.29164245713125336,0.9333602325263863,0.26224353586291715,False
GBPUSD,買い,1,2024-08-27 09:00:00,2024-08-27 13:00:00,1.3233462429853746,2024-08-28 01:00:00,1.32328,建値,breakeven,4,0.0028918336371159393,1.3204544093482586,1.3233462429853746,-6.624298537460938e-05,-0.02290691432743493,1.1251535955817955,0.054029036583984086,True
USDCHF,売り,-1,2024-08-27 05:00:00,2024-08-27 09:00:00,0.8452436570334297,2024-08-29 01:00:00,0.845017970172693,トレイル,trail,11,0.0023400927138439356,0.8475837497472737,0.8449216272061227,0.00022568686073676236,0.09644355516411977,2.129683582170284,0.14800395066454208,True
SP500,買い,1,2024-08-29 09:00:00,2024-08-29 13:00:00,5658.289430651931,2024-08-29 13:00:00,5633.703758248854,初期損切り,initial,1,24.43624175114646,5633.8531889007845,5633.8531889007845,-24.585672403077297,-1.0061151241444002,0.0,1.0000000000000038,False
SP500,買い,1,2024-09-02 09:00:00,2024-09-02 17:00:00,5667.4294306519305,2024-09-03 01:00:00,5643.802738424573,初期損切り,initial,3,23.477261575426517,5643.952169076504,5643.952169076504,-23.626692227357125,-1.0063649097851777,0.07200879636826595,0.9999999999999942,False
USDJPY,売り,-1,2024-09-10 21:00:00,2024-09-11 01:00:00,141.09220734981548,2024-09-11 05:00:00,141.8124658347624,初期損切り,initial,2,0.7184658347624151,141.8106731845779,141.8106731845779,-0.7202584849469247,-1.002495108462746,0.5333689248316155,0.999999999999996,False
USDJPY,売り,-1,2024-09-13 01:00:00,2024-09-13 05:00:00,140.70420734981548,2024-09-15 21:00:00,140.5317926501845,時間切れ,time,4,0.7634316194452339,141.46763896926072,141.46763896926072,0.1724146996309628,0.22584170636821688,0.5477993564366322,0.4149587757639843,False
EURUSD,買い,1,2024-09-19 01:00:00,2024-09-19 05:00:00,1.1162863224968553,2024-09-19 05:00:00,1.1135563601924259,初期損切り,initial,1,0.0027036398075741337,1.1135826826892812,1.1135826826892812,-0.0027299623044294563,-1.0097359481028432,0.0,1.0000000000000075,False
GBPUSD,買い,1,2024-09-19 01:00:00,2024-09-19 05:00:00,1.3263962429853746,2024-09-19 09:00:00,1.3239337570146255,建値,breakeven,2,0.003765117793544521,1.3226311251918301,1.3263962429853746,-0.002462485970749162,-0.6540262764079293,1.3342894671818522,0.6364324084316907,True
SP500,買い,1,2024-09-19 01:00:00,2024-09-19 05:00:00,5756.50943065193,2024-09-20 09:00:00,5756.36,建値,breakeven,8,27.277878388308814,5729.231552263622,5756.50943065193,-0.1494306519307429,-0.00547808923419749,1.4968381619286617,0.29692304279067183,True
AUDUSD,買い,1,2024-09-23 09:00:00,2024-09-23 13:00:00,0.6839742521179044,2024-09-24 01:00:00,0.68393,建値,breakeven,4,0.0025243073078113835,0.681449944810093,0.6839742521179044,-4.425211790437533e-05,-0.017530400426064865,1.0045321638331253,0.5642150278205523,True
GBPUSD,買い,1,2024-09-23 09:00:00,2024-09-23 13:00:00,1.3344262429853746,2024-09-24 05:00:00,1.3376237570146254,時間切れ,time,4,0.003971972840675215,1.3304542701446993,1.3304542701446993,0.0031975140292508364,0.8050191070055945,0.9249199735215076,0.32131211278815996,False
EURUSD,買い,1,2024-09-24 17:00:00,2024-09-24 21:00:00,1.1193463224968554,2024-09-25 09:00:00,1.1166570183789266,初期損切り,initial,4,0.002662981621073463,1.116683340875782,1.116683340875782,-0.0026893041179287813,-1.0098845957655191,0.5421282263910644,1.000000000000006,False
SP500,買い,1,2024-09-25 21:00:00,2024-09-26 01:00:00,5807.46943065193,2024-09-26 09:00:00,5807.32,建値,breakeven,3,19.964180831388187,5787.505249820542,5807.46943065193,-0.1494306519307429,-0.007484937809008636,1.0378872803782535,0.11868409086962434,True
AUDUSD,買い,1,2024-09-27 05:00:00,2024-09-27 09:00:00,0.6924942521179044,2024-09-30 01:00:00,0.6931557478820957,時間切れ,time,4,0.002624632318081704,0.6898696197998226,0.6898696197998226,0.0006614957641912778,0.2520336885414689,0.4784471613202552,0.9731847391756738,False
USDCHF,売り,-1,2024-09-27 05:00:00,2024-09-27 09:00:00,0.8407636570334298,2024-09-30 01:00:00,0.8415563429665702,時間切れ,time,4,0.002908100513991075,0.8436717575474209,0.8436717575474209,-0.0007926859331404135,-0.27257858843831084,0.20070043336595808,0.7861980545618689,False
USDJPY,買い,1,2024-10-04 05:00:00,2024-10-04 09:00:00,148.64679265018452,2024-10-07 01:00:00,148.5402073498155,時間切れ,time,4,0.7809703445483251,147.8658223056362,147.8658223056362,-0.10658530036903358,-0.1364780380113886,0.6276900950688333,0.5426488382598066,False
EURUSD,売り,-1,2024-10-09 09:00:00,2024-10-09 13:00:00,1.0941136775031446,2024-10-10 05:00:00,1.0933163224968554,時間切れ,time,4,0.0021714486595364796,1.0962851261626811,1.0962851261626811,0.000797355006289191,0.36719956642189067,0.6003722433957126,0.23777789752838024,False
SP500,買い,1,2024-10-09 09:00:00,2024-10-09 13:00:00,5828.08943065193,2024-10-10 05:00:00,5830.510569348069,時間切れ,time,4,23.466428559257864,5804.623002092672,5804.623002092672,2.421138696138769,0.10317457085661179,0.7700604845955733,0.3873376227225009,False
USDJPY,買い,1,2024-10-09 09:00:00,2024-10-09 13:00:00,149.24179265018452,2024-10-10 05:00:00,149.06820734981548,時間切れ,time,4,0.5899801710980987,148.65181247908643,148.65181247908643,-0.17358530036904085,-0.294222261819335,0.5173179790897197,0.5674642413174312,False
SP500,買い,1,2024-10-11 09:00:00,2024-10-11 13:00:00,5853.449430651931,2024-10-14 05:00:00,5862.790569348069,時間切れ,time,4,21.279477677003772,5832.169952974928,5832.169952974928,9.341138696137932,0.43897405932255,0.6856638856242567,0.22695249973875464,False
EURUSD,売り,-1,2024-10-14 21:00:00,2024-10-15 01:00:00,1.0892936775031448,2024-10-15 01:00:00,1.0913616133010322,初期損切り,initial,1,0.0020416133010321734,1.091335290804177,1.091335290804177,-0.0020679357978874435,-1.0128929885213631,-0.0,0.9999999999999842,False
USDCHF,買い,1,2024-10-14 05:00:00,2024-10-14 09:00:00,0.8632363429665703,2024-10-15 01:00:00,0.8634836570334298,時間切れ,time,4,0.002139965818678862,0.8610963771478914,0.8610963771478914,0.0002473140668595164,0.11556916690015134,0.45031421764700774,0.7926962906433463,False
USDJPY,買い,1,2024-10-14 05:00:00,2024-10-14 09:00:00,149.74279265018453,2024-10-15 01:00:00,149.67620734981548,時間切れ,time,4,0.4858169870967596,149.25697566308776,149.25697566308776,-0.06658530036904153,-0.13705840293266613,0.4923816090601837,0.6109145173332866,False
GBPUSD,売り,-1,2024-10-16 01:00:00,2024-10-16 05:00:00,1.3002837570146253,2024-10-16 05:00:00,1.3034144387516393,初期損切り,initial,1,0.003064438751639507,1.3033481957662647,1.3033481957662647,-0.0031306817370140294,-1.0216166778791325,-0.0,0.9999999999999716,False
USDCHF,買い,1,2024-10-16 09:00:00,2024-10-16 13:00:00,0.8647163429665703,2024-10-17 05:00:00,0.8650536570334297,時間切れ,time,4,0.0020237948747348,0.8626925480918355,0.8647163429665703,0.0003373140668594399,0.1666740394841853,1.1185209833710592,0.19090025940542962,True
SP500,買い,1,2024-10-17 05:00:00,2024-10-17 09:00:00,5918.8894306519305,2024-10-17 09:00:00,5900.756372082368,初期損切り,initial,1,17.98362791763153,5900.905802734299,5900.905802734299,-18.13305856956231,-1.0083092606572601,0.0,1.000000000000002,False
USDJPY,買い,1,2024-10-17 09:00:00,2024-10-17 13:00:00,150.21279265018453,2024-10-18 05:00:00,149.92020734981548,時間切れ,time,4,0.4439988481158137,149.7687938020687,149.7687938020687,-0.2925853003690406,-0.658977611339933,0.24821539579025115,0.9927788147539438,False
AUDUSD,売り,-1,2024-10-21 17:00:00,2024-10-21 21:00:00,0.6654957478820956,2024-10-21 21:00:00,0.6674799871370979,初期損切り,initial,1,0.0019399871370978342,0.6674357350191935,0.6674357350191935,-0.0019842392550022403,-1.0228105212958298,-0.0,1.0000000000000158,False
USDJPY,買い,1,2024-10-21 09:00:00,2024-10-21 13:00:00,150.5187926501845,2024-10-22 05:00:00,150.9882073498155,時間切れ,time,4,0.436671730255048,150.08212091992945,150.5187926501845,0.46941469963098825,1.074983029830706,1.3493141620854545,0.04990625377045999,True
GBPUSD,売り,-1,2024-10-22 05:00:00,2024-10-22 09:00:00,1.2955137570146253,2024-10-22 09:00:00,1.2983093644495993,初期損切り,initial,1,0.0027293644495994273,1.2982431214642247,1.2982431214642247,-0.002795607434973979,-1.0242704800321825,-0.0,0.9999999999999789,False
USDCHF,買い,1,2024-10-22 17:00:00,2024-10-22 21:00:00,0.8668163429665703,2024-10-23 05:00:00,0.8665236570334297,建値,breakeven,3,0.0015474620677108932,0.8652688808988593,0.8668163429665703,-0.00029268593314057956,-0.18913932641563205,1.159095961610873,0.2367379299397953,True
AUDUSD,売り,-1,2024-10-23 05:00:00,2024-10-23 09:00:00,0.6634257478820956,2024-10-23 17:00:00,0.66347,建値,breakeven,3,0.0020299324302136133,0.6654556803123093,0.6634257478820956,-4.425211790437533e-05,-0.021799798478867892,1.0077911223283345,0.42575413104438725,True
EURUSD,売り,-1,2024-10-22 09:00:00,2024-10-22 13:00:00,1.0807336775031446,2024-10-24 01:00:00,1.0795929080082745,トレイル,trail,10,0.0017539124460050708,1.0824875899491497,1.0795665855114192,0.0011407694948701863,0.6504141626160101,2.6305061656032835,0.08342634045884362,True
GBPUSD,売り,-1,2024-10-23 09:00:00,2024-10-23 13:00:00,1.2927937570146253,2024-10-24 01:00:00,1.295675989924522,初期損切り,initial,4,0.002815989924522049,1.2956097469391474,1.2956097469391474,-0.0028822329098967536,-1.0235238715869865,0.7328708802023262,1.000000000000034,False
USDCHF,買い,1,2024-10-27 17:00:00,2024-10-27 21:00:00,0.8692963429665702,2024-10-28 01:00:00,0.8676517356511431,初期損切り,initial,2,0.0015482643488568641,0.8677480786177133,0.8677480786177133,-0.001644607315427149,-1.0622264322248447,0.3963515880752743,1.000000000000029,False
USDJPY,買い,1,2024-10-27 17:00:00,2024-10-27 21:00:00,153.4697926501845,2024-10-28 05:00:00,152.9729744422867,初期損切り,initial,3,0.49502555771330375,152.9747670924712,152.9747670924712,-0.4968182078978032,-1.0036213285487325,0.8246187362550262,0.9999999999999737,False
EURUSD,売り,-1,2024-10-29 05:00:00,2024-10-29 09:00:00,1.0777236775031447,2024-10-29 09:00:00,1.0796574739706302,初期損切り,initial,1,0.001907473970630134,1.0796311514737749,1.0796311514737749,-0.0019337964674854824,-1.0137996624125114,-0.0,1.0000000000000242,False
AUDUSD,売り,-1,2024-10-25 09:00:00,2024-10-25 13:00:00,0.6612357478820956,2024-10-30 01:00:00,0.657703567724607,トレイル,trail,16,0.001999141236901129,0.6632348891189968,0.6576593156067027,0.0035321801574885736,1.7668487309900172,3.7844989350643896,0.02713771138478295,True
GBPUSD,売り,-1,2024-10-31 09:00:00,2024-10-31 13:00:00,1.2863437570146254,2024-10-31 13:00:00,1.2902323853908986,初期損切り,initial,1,0.0038223853908984154,1.290166142405524,1.290166142405524,-0.003888628376273129,-1.017330273795114,-0.0,1.0000000000000273,False
AUDUSD,売り,-1,2024-11-05 21:00:00,2024-11-06 01:00:00,0.6547357478820957,2024-11-06 01:00:00,0.6573538042688299,初期損切り,initial,1,0.0025738042688298705,0.6573095521509256,0.6573095521509256,-0.002618056386734291,-1.0171932724023878,-0.0,1.0000000000000175,False
USDJPY,買い,1,2024-11-05 21:00:00,2024-11-06 01:00:00,153.7497926501845,2024-11-06 17:00:00,154.6072073498155,時間切れ,time,4,0.6463172243981747,153.1034754257863,153.7497926501845,0.8574146996309935,1.3266158896343578,1.4686400330725737,0.12500463725026473,True
USDCHF,買い,1,2024-11-11 01:00:00,2024-11-11 05:00:00,0.8784563429665703,2024-11-11 21:00:00,0.8814636570334298,時間切れ,time,4,0.002562195949408774,0.8758941470171615,0.8784563429665703,0.003007314066859501,1.1737252443761914,1.2191327654508797,0.08443654226374445,True
USDJPY,買い,1,2024-11-12 09:00:00,2024-11-12 13:00:00,154.7877926501845,2024-11-13 05:00:00,154.89520734981548,時間切れ,time,4,0.5636945222015994,154.22409812798293,154.22409812798293,0.10741469963096506,0.1905548047751816,0.8022205858047491,0.49458108816750296,False
AUDUSD,売り,-1,2024-11-13 09:00:00,2024-11-13 13:00:00,0.6487257478820956,2024-11-14 05:00:00,0.6464642521179044,時間切れ,time,4,0.0026655408564650344,0.6513912887385607,0.6487257478820956,0.0022614957641912126,0.848419096149344,1.03759350579359,0.4142694399998297,True
EURUSD,売り,-1,2024-11-11 01:00:00,2024-11-11 05:00:00,1.0681036775031447,2024-11-14 09:00:00,1.0563533876669686,トレイル,trail,20,0.0036414588103428577,1.0717451363134876,1.0563270651701133,0.011750289836176098,3.226808388660522,5.064914492718961,0.20769766630533132,True
GBPUSD,売り,-1,2024-11-11 21:00:00,2024-11-12 01:00:00,1.2832337570146255,2024-11-14 09:00:00,1.270454175462999,トレイル,trail,15,0.003814407421962392,1.2870481644365879,1.2703879324776244,0.012779581551626507,3.3503451881004933,5.304561043512224,0.017366520679778213,True
GBPUSD,売り,-1,2024-11-15 09:00:00,2024-11-15 13:00:00,1.2626537570146255,2024-11-18 05:00:00,1.2630662429853745,時間切れ,time,4,0.003839324621206531,1.266493081635832,1.266493081635832,-0.0004124859707490547,-0.10743711757809854,0.7537151192274238,0.41315677674478296,False
EURUSD,売り,-1,2024-11-21 01:00:00,2024-11-21 05:00:00,1.0516536775031446,2024-11-22 05:00:00,1.0407435200287967,トレイル,trail,7,0.003081858761708001,1.0547355362648527,1.0407171975319414,0.010910157474347981,3.540122477352417,5.974860928714215,0.9170837197253835,True
GBPUSD,売り,-1,2024-11-21 09:00:00,2024-11-21 13:00:00,1.2599337570146254,2024-11-24 17:00:00,1.2594062429853745,トレイル,trail,8,0.003375535521357731,1.2633092925359832,1.2555246297931597,0.0005275140292508862,0.15627565638494773,3.3279925343836876,0.1944115181791188,True
USDCHF,買い,1,2024-11-21 13:00:00,2024-11-21 17:00:00,0.8867363429665702,2024-11-24 17:00:00,0.8904336570334298,トレイル,trail,7,0.0021042803535453194,0.8846320626130248,0.8910495683417646,0.0036973140668595805,1.7570444264379017,4.2977434153167495,0.7443604004244091,True
AUDUSD,売り,-1,2024-11-25 17:00:00,2024-11-25 21:00:00,0.6467357478820956,2024-11-25 21:00:00,0.6494747827247888,初期損切り,initial,1,0.0026947827247887643,0.6494305306068844,0.6494305306068844,-0.002739034842693111,-1.0164214047749678,-0.0,0.9999999999999893,False
SP500,買い,1,2024-11-26 13:00:00,2024-11-26 17:00:00,6037.569430651931,2024-11-27 09:00:00,6035.970569348069,時間切れ,time,4,25.69726969541614,6011.872160956515,6011.872160956515,-1.5988613038616677,-0.062219112100725296,0.3436384274569065,0.5194882884508085,False
SP500,買い,1,2024-11-29 09:00:00,2024-11-29 13:00:00,6051.669430651931,2024-12-02 05:00:00,6039.750569348069,時間切れ,time,4,18.970184298776626,6032.699246353154,6032.699246353154,-11.918861303862286,-0.6282944391125881,0.11125718732235379,0.8281116516587682,False
SP500,買い,1,2024-12-02 09:00:00,2024-12-02 13:00:00,6061.069430651931,2024-12-03 05:00:00,6064.430569348069,時間切れ,time,4,16.564245997004917,6044.505184654926,6044.505184654926,3.3611386961383687,0.20291528493033228,0.4377240804911925,0.2951797898204731,False
AUDUSD,売り,-1,2024-12-03 21:00:00,2024-12-04 01:00:00,0.6441557478820956,2024-12-04 13:00:00,0.6442,建値,breakeven,4,0.002496021603176422,0.646651769485272,0.6441557478820956,-4.425211790437533e-05,-0.01772906045687279,1.6849805613634878,0.3943283650477519,True
SP500,買い,1,2024-12-03 21:00:00,2024-12-04 01:00:00,6072.669430651931,2024-12-05 17:00:00,6081.3803295916605,トレイル,trail,11,13.896020054217782,6058.773410597713,6081.529760243591,8.710898939729304,0.6268628647441634,2.4770091877941325,0.2827738184458592,True
AUDUSD,売り,-1,2024-12-06 09:00:00,2024-12-06 13:00:00,0.6378757478820957,2024-12-09 01:00:00,0.640547097036524,初期損切り,initial,4,0.0026270970365240274,0.6405028449186196,0.6405028449186196,-0.0026713491544283485,-1.0168444930998333,0.1658666870837054,0.9999999999999793,False
AUDUSD,売り,-1,2024-12-10 21:00:00,2024-12-11 01:00:00,0.6371057478820956,2024-12-11 05:00:00,0.63715,建値,breakeven,2,0.0025570457753357296,0.6396627936574314,0.6371057478820956,-4.425211790437533e-05,-0.017305954524245937,1.2106736265560976,0.14636113342761337,True
SP500,買い,1,2024-12-15 17:00:00,2024-12-15 21:00:00,6131.809430651931,2024-12-17 05:00:00,6131.66,建値,breakeven,9,18.077016118601684,6113.732414533329,6131.809430651931,-0.1494306519307429,-0.008266333943076765,1.7608309435159109,0.2892861641335519,True
USDCHF,買い,1,2024-12-16 21:00:00,2024-12-17 01:00:00,0.8947063429665703,2024-12-17 09:00:00,0.89461,建値,breakeven,3,0.0022635766759259816,0.8924427662906442,0.8947063429665703,-9.634296657023977e-05,-0.04256227217521929,1.229760433138859,0.09557571822997664,True
AUDUSD,売り,-1,2024-12-17 17:00:00,2024-12-17 21:00:00,0.6328557478820956,2024-12-18 13:00:00,0.6303542521179044,時間切れ,time,4,0.0021156643895621726,0.6349714122716578,0.6328557478820956,0.0025014957641912305,1.1823688939193726,1.4018045096034544,0.12962931136780304,True
EURUSD,売り,-1,2024-12-18 13:00:00,2024-12-18 17:00:00,1.0352036775031448,2024-12-18 21:00:00,1.03846877515085,初期損切り,initial,2,0.0032387751508498653,1.0384424526539946,1.0384424526539946,-0.0032650976477051064,-1.0081272998677706,0.13698928838220456,0.9999999999999811,False
GBPUSD,売り,-1,2024-12-18 13:00:00,2024-12-18 17:00:00,1.2576637570146254,2024-12-19 01:00:00,1.2615002806361226,初期損切り,initial,3,0.0037702806361225314,1.261434037650748,1.261434037650748,-0.003836523621497223,-1.017569775772134,0.35110304573687756,1.0000000000000218,False
USDCHF,買い,1,2024-12-18 13:00:00,2024-12-18 17:00:00,0.9016063429665703,2024-12-19 01:00:00,0.8989206992994917,初期損切り,initial,3,0.00258930070050839,0.8990170422660619,0.8990170422660619,-0.0026856436670785744,-1.0372081027712494,0.22927311351407292,0.9999999999999786,False
AUDUSD,売り,-1,2024-12-26 21:00:00,2024-12-27 01:00:00,0.6204957478820956,2024-12-27 01:00:00,0.622314020900255,初期損切り,initial,1,0.0017740209002549885,0.6222697687823506,0.6222697687823506,-0.0018182730181593998,-1.0249445301901747,-0.0,1.0000000000000202,False
GBPUSD,売り,-1,2024-12-26 09:00:00,2024-12-26 13:00:00,1.2515437570146253,2024-12-27 05:00:00,1.2509562429853747,時間切れ,time,4,0.003072219410503907,1.2546159764251292,1.2546159764251292,0.0005875140292506131,0.19123439792154975,0.32672048460909187,0.6823220301934687,False
USDJPY,買い,1,2024-12-25 17:00:00,2024-12-25 21:00:00,157.42479265018451,2024-12-27 09:00:00,157.423,建値,breakeven,10,0.4369091660543686,156.98788348413015,157.42479265018451,-0.0017926501845124676,-0.0041030271822894,1.5110860588659247,0.26273802223281195,True
USDCHF,買い,1,2024-12-27 09:00:00,2024-12-27 13:00:00,0.9027063429665703,2024-12-30 05:00:00,0.9017936570334297,時間切れ,time,4,0.0017142780889724957,0.9009920648775978,0.9009920648775978,-0.0009126859331405335,-0.5324024958445216,0.7604699854800706,0.907870768798718,False
EURUSD,売り,-1,2024-12-30 05:00:00,2024-12-30 09:00:00,1.0387736775031446,2024-12-30 17:00:00,1.0411072635816878,初期損切り,initial,3,0.0023072635816879026,1.0410809410848325,1.0410809410848325,-0.0023335860785431706,-1.0114085347960164,0.6907219078882966,0.9999999999999851,False
AUDUSD,売り,-1,2024-12-31 05:00:00,2024-12-31 09:00:00,0.6200157478820956,2025-01-01 17:00:00,0.62006,建値,breakeven,3,0.0019160208294054088,0.621931768711501,0.6200157478820956,-4.425211790437533e-05,-0.02309584385787075,1.0781447938311952,0.3258065404738434,True
USDCHF,買い,1,2024-12-31 09:00:00,2024-12-31 13:00:00,0.9078663429665702,2025-01-01 17:00:00,0.905784951229702,初期損切り,initial,2,0.0019850487702979783,0.9058812941962723,0.9058812941962723,-0.0020813917368681656,-1.0485343070718234,0.02703058697227332,0.9999999999999736,False
EURUSD,売り,-1,2024-12-31 09:00:00,2024-12-31 13:00:00,1.0348336775031446,2025-01-01 21:00:00,1.0373158836151677,初期損切り,initial,3,0.0024558836151677764,1.0372895611183124,1.0372895611183124,-0.0024822061120231,-1.0107181369234084,0.18880271861453848,1.0000000000000087,False
GBPUSD,売り,-1,2025-01-02 01:00:00,2025-01-02 05:00:00,1.2481837570146255,2025-01-03 09:00:00,1.2417725294672044,トレイル,trail,8,0.0030383339050627524,1.2512220909196883,1.2417062864818298,0.006411227547421072,2.1101128933650424,4.246984504607643,0.33118248909307013,True
USDJPY,買い,1,2025-01-06 17:00:00,2025-01-06 21:00:00,158.3147926501845,2025-01-07 01:00:00,157.7669207140436,初期損切り,initial,2,0.5460792859563781,157.76871336422812,157.76871336422812,-0.5478719361408935,-1.003282765398024,0.009535885995698632,1.0000000000000053,False
GBPUSD,売り,-1,2025-01-08 09:00:00,2025-01-08 13:00:00,1.2345337570146253,2025-01-09 05:00:00,1.232205276562544,トレイル,trail,5,0.004016999686723928,1.2385507567013492,1.2321390335771694,0.0023284804520813385,0.579656617792852,2.654657168599917,0.7907003318601622,True
SP500,売り,-1,2025-01-10 05:00:00,2025-01-10 09:00:00,5902.95056934807,2025-01-10 13:00:00,5903.1,建値,breakeven,2,29.341892628470475,5932.29246197654,5902.95056934807,-0.1494306519307429,-0.005092740738399068,1.9470649038036507,0.6369538219152342,True
AUDUSD,売り,-1,2025-01-10 05:00:00,2025-01-10 09:00:00,0.6153257478820956,2025-01-13 01:00:00,0.6139542521179043,時間切れ,time,4,0.0021479826281493755,0.617473730510245,0.6153257478820956,0.0013714957641912662,0.638504122993256,1.0408593872203769,0.8585973153299383,True
EURUSD,売り,-1,2025-01-10 05:00:00,2025-01-10 09:00:00,1.0256336775031447,2025-01-13 13:00:00,1.0241505135969924,トレイル,trail,8,0.0030862282191893454,1.028719905722334,1.024124191100137,0.0014831639061523294,0.4805749286233633,2.538269028335933,0.7084124509202757,True
GBPUSD,売り,-1,2025-01-10 05:00:00,2025-01-10 09:00:00,1.2230937570146254,2025-01-13 13:00:00,1.2191852204004026,トレイル,trail,8,0.004418100301622572,1.227511857316248,1.219118977415028,0.003908536614222857,0.8846645271469789,2.9704524837984447,0.7234428299875512,True
USDCHF,買い,1,2025-01-10 01:00:00,2025-01-10 05:00:00,0.9135263429665702,2025-01-13 17:00:00,0.9155730327707527,トレイル,trail,10,0.0020344287445987963,0.9114919142219714,0.915669375737323,0.0020466898041825443,1.006026782513912,3.236120729668575,0.22431012527801744,True
AUDUSD,売り,-1,2025-01-17 05:00:00,2025-01-17 09:00:00,0.6177057478820956,2025-01-17 09:00:00,0.620030562833168,初期損切り,initial,1,0.0022805628331680704,0.6199863107152637,0.6199863107152637,-0.002324814951072396,-1.0194040336274586,-0.0,0.9999999999999781,False
USDCHF,買い,1,2025-01-17 09:00:00,2025-01-17 13:00:00,0.9147563429665703,2025-01-20 01:00:00,0.9122416327603162,初期損切り,initial,4,0.00241836723968378,0.9123379757268865,0.9123379757268865,-0.002514710206254045,-1.0398380216988312,0.25374848921208054,1.0000000000000104,False
SP500,買い,1,2025-01-30 17:00:00,2025-01-30 21:00:00,6117.869430651931,2025-01-31 13:00:00,6138.630569348069,時間切れ,time,4,28.28842859866416,6089.581002053267,6117.869430651931,20.761138696138005,0.7339092245342461,1.052393887636274,0.24601686967722844,True
USDJPY,売り,-1,2025-02-04 17:00:00,2025-02-04 21:00:00,153.61020734981548,2025-02-07 05:00:00,152.17431448389814,トレイル,trail,15,0.6136320854906192,154.2238394353061,152.17252183371363,1.4358928659173387,2.33998987319787,4.3237754552781595,0.05669952893142811,True
AUDUSD,買い,1,2025-02-11 09:00:00,2025-02-11 13:00:00,0.6291742521179043,2025-02-12 05:00:00,0.6277857478820956,時間切れ,time,4,0.0021361028433053643,0.627038149274599,0.627038149274599,-0.0013885042358087185,-0.6500175027435354,0.8313026161923508,0.6995225546313818,False
SP500,買い,1,2025-02-13 09:00:00,2025-02-13 13:00:00,6100.289430651931,2025-02-18 13:00:00,6120.668164954273,トレイル,trail,18,26.606298577849394,6073.683132074082,6120.817595606204,20.37873430234231,0.7659364658603157,2.15251923075647,0.45738908838911646,True
AUDUSD,買い,1,2025-02-13 13:00:00,2025-02-13 17:00:00,0.6317042521179044,2025-02-19 17:00:00,0.6334286351634422,トレイル,trail,25,0.0026466335539790677,0.6290576185639253,0.6334728872813465,0.0017243830455377918,0.651538269415982,2.1596294936646214,0.23964485636887345,True
USDJPY,売り,-1,2025-02-19 17:00:00,2025-02-19 21:00:00,150.6372073498155,2025-02-20 17:00:00,150.40193723154204,トレイル,trail,6,0.4810546646850774,151.11826201450057,150.40014458135752,0.235270118273462,0.48907148302466136,2.5781006626916474,0.26149346304927296,True
GBPUSD,買い,1,2025-02-20 09:00:00,2025-02-20 13:00:00,1.2653262429853747,2025-02-21 05:00:00,1.2649137570146254,時間切れ,time,4,0.003223079649513479,1.2621031633358613,1.2621031633358613,-0.00041248597074927673,-0.12797883254654943,0.7923344416917288,0.35253332493543893,False
USDCHF,売り,-1,2025-02-20 09:00:00,2025-02-20 13:00:00,0.8982536570334297,2025-02-21 05:00:00,0.8990563429665702,時間切れ,time,4,0.002122340390440376,0.9003759974238701,0.9003759974238701,-0.000802685933140479,-0.37820791460031783,0.5435777590749027,0.6296553430305181,False
AUDUSD,買い,1,2025-02-20 01:00:00,2025-02-20 05:00:00,0.6376042521179044,2025-02-21 09:00:00,0.63756,建値,breakeven,8,0.0020898793118039006,0.6355143728061005,0.6376042521179044,-4.425211790437533e-05,-0.021174484887444847,1.553079100674976,0.38483184811765986,True
EURUSD,買い,1,2025-02-23 17:00:00,2025-02-23 21:00:00,1.0518463224968553,2025-02-24 01:00:00,1.049032605855013,初期損切り,initial,2,0.0027873941449869225,1.0490589283518683,1.0490589283518683,-0.0028137166418422677,-1.0094434068115863,0.3564897719728046,1.0000000000000153,False
USDCHF,売り,-1,2025-02-25 05:00:00,2025-02-25 09:00:00,0.8936336570334298,2025-02-25 17:00:00,0.89373,建値,breakeven,3,0.002027139330299467,0.8956607963637293,0.8936336570334298,-9.634296657023977e-05,-0.04752656372959186,1.1808053830597527,0.27938038501110085,True
GBPUSD,買い,1,2025-03-03 09:00:00,2025-03-03 13:00:00,1.2717262429853746,2025-03-03 13:00:00,1.2683191933970621,初期損切り,initial,1,0.003340806602937834,1.2683854363824367,1.2683854363824367,-0.003407049588312505,-1.0198284406276072,0.0,1.0000000000000184,False
USDCHF,売り,-1,2025-03-04 05:00:00,2025-03-04 09:00:00,0.8889336570334297,2025-03-04 09:00:00,0.8913725989579144,初期損切り,initial,1,0.0023425989579144717,0.8912762559913442,0.8912762559913442,-0.0024389419244846833,-1.0411265301065369,-0.0,0.999999999999988,False
SP500,売り,-1,2025-03-04 05:00:00,2025-03-04 09:00:00,5820.49056934807,2025-03-04 13:00:00,5820.64,建値,breakeven,2,39.66973028056131,5860.160299628631,5820.49056934807,-0.1494306519307429,-0.0037668683621972063,1.9266722714654092,0.38062851814572285,True
USDJPY,売り,-1,2025-03-03 17:00:00,2025-03-03 21:00:00,148.9352073498155,2025-03-04 13:00:00,148.74679265018452,時間切れ,time,4,0.6722613579290562,149.60746870774454,148.9352073498155,0.18841469963098234,0.28027001315590383,1.2453599183427062,0.9606273550719839,True
USDJPY,売り,-1,2025-03-06 01:00:00,2025-03-06 05:00:00,147.8852073498155,2025-03-06 21:00:00,147.9067926501845,時間切れ,time,4,0.6932556203129361,148.5784629701284,148.5784629701284,-0.021585300369025617,-0.03113613469052295,0.825391577146111,0.7324753457538429,False
USDCHF,売り,-1,2025-03-06 05:00:00,2025-03-06 09:00:00,0.8847436570334297,2025-03-07 01:00:00,0.8815063429665703,時間切れ,time,4,0.0026805292585987085,0.8874241862920285,0.8847436570334297,0.0032373140668594536,1.2077145050645013,1.2511174883362004,0.8305609645664431,True
SP500,売り,-1,2025-03-06 09:00:00,2025-03-06 13:00:00,5749.050569348069,2025-03-07 05:00:00,5767.989430651931,時間切れ,time,4,46.08151383509849,5795.132083183167,5795.132083183167,-18.938861303861813,-0.4109860924194904,0.6252088299695876,0.5548739293468171,False
GBPUSD,買い,1,2025-03-07 01:00:00,2025-03-07 05:00:00,1.2938962429853746,2025-03-07 09:00:00,1.2902013150338443,初期損切り,initial,2,0.003628684966155842,1.2902675580192189,1.2902675580192189,-0.003694927951530369,-1.0182553696428223,0.1140239559191474,0.9999999999999772,False
SP500,売り,-1,2025-03-10 09:00:00,2025-03-10 13:00:00,5645.830569348069,2025-03-11 05:00:00,5645.98,建値,breakeven,5,48.106909736749415,5693.937479084818,5645.830569348069,-0.1494306519307429,-0.0031062201406919956,1.8217875525086908,0.03303955004860909,True
EURUSD,買い,1,2025-03-11 01:00:00,2025-03-11 05:00:00,1.0917463224968553,2025-03-11 21:00:00,1.0908736775031447,時間切れ,time,4,0.004135457399762543,1.0876108650970928,1.0876108650970928,-0.0008726449937106473,-0.21101535074711553,0.7239048099773961,0.8768854678719632,False
EURUSD,買い,1,2025-03-17 09:00:00,2025-03-17 13:00:00,1.0921463224968553,2025-03-18 05:00:00,1.0950936775031448,時間切れ,time,4,0.003295048241587652,1.0888512742552676,1.0921463224968553,0.0029473550062895093,0.8944800774356452,1.0026188574261794,0.5451581783184546,True
GBPUSD,買い,1,2025-03-17 09:00:00,2025-03-17 13:00:00,1.2991262429853747,2025-03-18 05:00:00,1.2996037570146255,時間切れ,time,4,0.0029581690219136177,1.2961680739634611,1.2961680739634611,0.0004775140292507807,0.1614221586776946,0.4677748311116448,0.8032816812602106,False
SP500,売り,-1,2025-04-02 17:00:00,2025-04-02 21:00:00,5531.6105693480695,2025-04-03 13:00:00,5494.949430651931,時間切れ,time,4,51.02297680108652,5582.633546149156,5531.6105693480695,36.66113869613855,0.7185221442304766,1.4971797832548748,0.6371527631300049,True
AUDUSD,売り,-1,2025-04-04 01:00:00,2025-04-04 05:00:00,0.6205857478820956,2025-04-04 09:00:00,0.6129736522802539,トレイル,trail,2,0.003348631664394454,0.6239343795464901,0.6129294001623495,0.0076120956018417285,2.273195849749648,4.657349462445537,0.052036812456006415,True
USDCHF,売り,-1,2025-04-08 17:00:00,2025-04-08 21:00:00,0.8433136570334298,2025-04-09 13:00:00,0.8418863429665703,時間切れ,time,4,0.005289778089974353,0.8486034351234041,0.8433136570334298,0.0014273140668594753,0.2698249421019466,1.39205405372033,0.6344959863120748,True
USDJPY,売り,-1,2025-04-09 05:00:00,2025-04-09 09:00:00,144.3202073498155,2025-04-09 13:00:00,145.3189371875051,初期損切り,initial,2,0.9969371875050989,145.3171445373206,145.3171445373206,-0.9987298376896092,-1.001798157604088,0.11455822016361215,0.9999999999999979,False
EURUSD,買い,1,2025-04-10 05:00:00,2025-04-10 09:00:00,1.1097263224968552,2025-04-11 09:00:00,1.1305034989826226,トレイル,trail,7,0.006671978827516708,1.1030543436693385,1.130529821479478,0.02077717648576738,3.114095086764624,5.661540373503255,0.0983699909460732,True
USDJPY,売り,-1,2025-04-10 17:00:00,2025-04-10 21:00:00,143.3562073498155,2025-04-11 09:00:00,143.358,建値,breakeven,4,1.1456474642853827,144.50185481410088,143.3562073498155,-0.0017926501845124676,-0.0015647485290168769,1.1279275607016992,0.6928768883363748,True
USDCHF,売り,-1,2025-04-10 09:00:00,2025-04-10 13:00:00,0.8264636570334297,2025-04-14 09:00:00,0.8244537477644771,トレイル,trail,12,0.006997076336083282,0.833460733369513,0.8243574047979069,0.0020099092689526143,0.2872498701475781,2.3615087559097705,0.336761077540177,True
USDJPY,売り,-1,2025-04-16 13:00:00,2025-04-16 17:00:00,141.8802073498155,2025-04-16 21:00:00,142.78274847898987,初期損切り,initial,2,0.9007484789898683,142.78095582880536,142.78095582880536,-0.9025411291743808,-1.0019901784197547,0.2944299724079429,1.0,False
USDJPY,売り,-1,2025-04-20 17:00:00,2025-04-20 21:00:00,141.18820734981549,2025-04-21 13:00:00,140.8397926501845,時間切れ,time,4,0.6723533263459778,141.86056067616147,141.18820734981549,0.34841469963097893,0.5182017935785338,1.065224669457399,0.026463244082097253,True
USDCHF,売り,-1,2025-04-20 17:00:00,2025-04-20 21:00:00,0.8118736570334297,2025-04-21 21:00:00,0.81197,建値,breakeven,7,0.004667158323643277,0.816540815357073,0.8118736570334297,-9.634296657023977e-05,-0.020642746589970517,1.6891771152249249,0.02492800940154096,True
EURUSD,買い,1,2025-04-20 17:00:00,2025-04-20 21:00:00,1.1466463224968553,2025-04-22 05:00:00,1.1472089745929612,トレイル,trail,9,0.004933886702554682,1.1417124357943005,1.1472352970898165,0.0005626520961059533,0.1140383089491337,2.16739421633005,0.029656639010262817,True
GBPUSD,買い,1,2025-04-18 13:00:00,2025-04-20 17:00:00,1.3283762429853747,2025-04-22 13:00:00,1.3342163632646988,トレイル,trail,12,0.004038213007456025,1.3243380299779186,1.3342826062500734,0.005840120279324124,1.4462140230198643,3.4777157590982197,0.04612014894480712,True
AUDUSD,買い,1,2025-04-28 13:00:00,2025-04-28 17:00:00,0.6431442521179044,2025-04-29 05:00:00,0.6403033606045613,初期損切り,initial,4,0.0027966393954387725,0.6403476127224657,0.6403476127224657,-0.0028408915133431023,-1.0158233192225297,0.6456849192072309,0.9999999999999837,False
GBPUSD,買い,1,2025-04-28 09:00:00,2025-04-28 13:00:00,1.3413562429853747,2025-04-29 05:00:00,1.3410237570146253,時間切れ,time,4,0.004034243479228723,1.337321999506146,1.337321999506146,-0.00033248597074941877,-0.08241594055026749,0.8090133953068189,0.4749943812863498,False
AUDUSD,買い,1,2025-05-02 05:00:00,2025-05-02 09:00:00,0.6446242521179044,2025-05-05 01:00:00,0.6467957478820956,時間切れ,time,4,0.002689054114368732,0.6419351980035357,0.6446242521179044,0.002171495764191178,0.8075314485446667,1.2888353059080175,0.4441160598156378,True
AUDUSD,買い,1,2025-05-06 13:00:00,2025-05-06 17:00:00,0.6496142521179044,2025-05-07 05:00:00,0.6469874341756203,初期損切り,initial,4,0.0025825658243796333,0.6470316862935247,0.6470316862935247,-0.002626817942284032,-1.0171349428876721,0.7263117417525019,1.000000000000009,False
SP500,買い,1,2025-05-07 21:00:00,2025-05-08 01:00:00,5697.909430651931,2025-05-08 09:00:00,5657.691460384378,初期損切り,initial,3,40.068539615621845,5657.840891036309,5657.840891036309,-40.21797026755303,-1.0037293760482582,0.49391791010903097,1.000000000000011,False
SP500,買い,1,2025-05-11 17:00:00,2025-05-11 21:00:00,5751.50943065193,2025-05-18 21:00:00,5931.440569348069,最大保有,max,30,40.80197701375684,5710.707453638173,5917.328723362141,179.931138696139,4.409863243525509,5.532834089680397,0.029641471821879137,True
GBPUSD,買い,1,2025-05-19 01:00:00,2025-05-19 05:00:00,1.3368062429853746,2025-05-19 21:00:00,1.3355337570146253,時間切れ,time,4,0.0038398344557863057,1.3329664085295883,1.3329664085295883,-0.0012724859707493597,-0.3313908412983354,0.9333102913394881,0.5980057244171867,False
GBPUSD,買い,1,2025-05-20 17:00:00,2025-05-20 21:00:00,1.3409762429853747,2025-05-21 05:00:00,1.3398337570146255,建値,breakeven,3,0.0035832920985356285,1.337392950886839,1.3409762429853747,-0.0011424859707491741,-0.3188369631423768,1.6615327053740347,0.5208179891718301,True
GBPUSD,買い,1,2025-05-23 01:00:00,2025-05-23 05:00:00,1.3488662429853746,2025-05-23 09:00:00,1.3488,建値,breakeven,2,0.003587180564463449,1.3452790624209112,1.3488662429853746,-6.624298537460938e-05,-0.01846658794677029,1.2499390354207331,0.41989605995760987,True
AUDUSD,買い,1,2025-05-23 09:00:00,2025-05-23 13:00:00,0.6488142521179043,2025-05-26 09:00:00,0.6490055410126244,トレイル,trail,6,0.0024780410521364196,0.6463362110657679,0.6490497931305288,0.00019128889472008748,0.07719359392983807,1.9796878981751294,0.04207037563580488,True
GBPUSD,買い,1,2025-06-02 01:00:00,2025-06-02 05:00:00,1.3543562429853746,2025-06-02 21:00:00,1.3546637570146254,時間切れ,time,4,0.0036794942436356197,1.350676748741739,1.350676748741739,0.0003075140292507772,0.0835750809456166,0.4331456741322776,0.7083155490411721,False
SP500,買い,1,2025-06-02 13:00:00,2025-06-02 17:00:00,5947.08943065193,2025-06-03 01:00:00,5911.539279685939,初期損切り,initial,3,35.40072031406047,5911.688710337869,5911.688710337869,-35.550150965991634,-1.0042211189660966,0.01046784768168999,1.0000000000000118,False
AUDUSD,買い,1,2025-06-04 09:00:00,2025-06-04 13:00:00,0.6503842521179044,2025-06-05 05:00:00,0.6504457478820956,時間切れ,time,4,0.002210243731234803,0.6481740083866696,0.6481740083866696,6.149576419123282e-05,0.02782306915847548,0.24239312367434784,0.7982160939865173,False
SP500,買い,1,2025-06-09 21:00:00,2025-06-10 01:00:00,6031.00943065193,2025-06-10 01:00:00,6005.348835623625,初期損切り,initial,1,25.511164376374644,6005.498266275556,6005.498266275556,-25.66059502830558,-1.0058574610600417,0.0,1.0000000000000075,False
GBPUSD,買い,1,2025-06-11 17:00:00,2025-06-11 21:00:00,1.3583662429853747,2025-06-12 01:00:00,1.3547670340560112,初期損切り,initial,2,0.0035329659439889234,1.3548332770413858,1.3548332770413858,-0.0035992089293634955,-1.0187499643146234,0.2756202663889515,0.9999999999999895,False
EURUSD,買い,1,2025-06-11 05:00:00,2025-06-11 09:00:00,1.1461063224968553,2025-06-12 17:00:00,1.1561269598364772,トレイル,trail,9,0.003204038067718645,1.1429022844291366,1.1561532823333325,0.010020637339621885,3.127502585122788,5.347526196948205,0.25165821373321784,True
USDCHF,売り,-1,2025-06-11 17:00:00,2025-06-11 21:00:00,0.8175336570334297,2025-06-13 01:00:00,0.8112548437310826,トレイル,trail,8,0.002352856316037413,0.8198865133494672,0.8111585007645123,0.0062788133023471415,2.6685918980899217,5.063486857325071,0.17270198940775902,True
AUDUSD,買い,1,2025-06-16 09:00:00,2025-06-16 13:00:00,0.6546042521179044,2025-06-16 17:00:00,0.6519612392434392,初期損切り,initial,2,0.002598760756560855,0.6520054913613436,0.6520054913613436,-0.0026430128744652226,-1.0170281615160797,0.013755741849396572,0.999999999999997,False
SP500,買い,1,2025-06-16 01:00:00,2025-06-16 05:00:00,6065.9294306519305,2025-06-16 17:00:00,6065.78,建値,breakeven,4,33.72553909426186,6032.203891557669,6065.9294306519305,-0.1494306519307429,-0.0044307861621748655,1.2501080925713934,0.3673604925128829,True
EURUSD,買い,1,2025-06-20 09:00:00,2025-06-20 13:00:00,1.1536263224968553,2025-06-22 17:00:00,1.1479536775031447,初期損切り,initial,2,0.003350211261425639,1.1502761112354296,1.1502761112354296,-0.005672644993710563,-1.6932200840661737,0.23093394498817466,1.6853631178030668,False
USDCHF,売り,-1,2025-06-23 09:00:00,2025-06-23 13:00:00,0.8130336570334298,2025-06-24 05:00:00,0.8114563429665702,時間切れ,time,4,0.002676872018974432,0.8157105290524043,0.8157105290524043,0.0015773140668595698,0.5892377579798802,0.9464991286361462,0.18915471601972672,False
USDCHF,売り,-1,2025-06-26 01:00:00,2025-06-26 05:00:00,0.7994236570334298,2025-06-26 05:00:00,0.8021583708023003,初期損切り,initial,1,0.0026383708023003335,0.8020620278357301,0.8020620278357301,-0.002734713768870578,-1.0365160827607118,-0.0,1.0000000000000018,False
GBPUSD,買い,1,2025-06-25 13:00:00,2025-06-25 17:00:00,1.3664662429853747,2025-06-27 13:00:00,1.3690303169887315,トレイル,trail,12,0.003925544675493855,1.362540698309881,1.369096559974106,0.0025640740033567866,0.6531766201423277,2.7012192934197947,0.187551803949839,True
SP500,買い,1,2025-06-23 13:00:00,2025-06-23 17:00:00,6075.979430651931,2025-06-27 13:00:00,6192.062032274896,トレイル,trail,24,36.056824048293585,6039.922606603637,6192.211462926827,116.08260162296574,3.219435008127385,4.517329899325325,0.011632490187391304,True
AUDUSD,買い,1,2025-06-30 09:00:00,2025-06-30 13:00:00,0.6572842521179044,2025-07-01 05:00:00,0.6586657478820956,時間切れ,time,4,0.002324975728071821,0.6549592763898326,0.6549592763898326,0.0013814957641912207,0.59419792968632,0.7508671428339552,0.8018372387270059,False
GBPUSD,買い,1,2025-07-01 01:00:00,2025-07-01 05:00:00,1.3774562429853745,2025-07-01 09:00:00,1.3736595902612088,初期損切り,initial,2,0.003730409738791051,1.3737258332465834,1.3737258332465834,-0.003796652724165739,-1.0177575628451356,0.3843430387060105,1.000000000000021,False
USDCHF,売り,-1,2025-06-30 09:00:00,2025-06-30 13:00:00,0.7941036570334298,2025-07-01 09:00:00,0.7925233913275374,トレイル,trail,6,0.0026487474117744833,0.7967524044452042,0.7924270483609671,0.0015802657058924252,0.5966086833601673,2.5988348314489365,0.04014839848355023,True
EURUSD,買い,1,2025-06-25 13:00:00,2025-06-25 17:00:00,1.1658263224968552,2025-07-02 05:00:00,1.175948787750602,トレイル,trail,28,0.0035216869031523177,1.162304635593703,1.1759751102474574,0.010122465253746826,2.874322883356282,4.870869550552646,0.10117949342296549,True
SP500,買い,1,2025-07-02 09:00:00,2025-07-02 13:00:00,6268.00943065193,2025-07-03 05:00:00,6274.49056934807,時間切れ,time,4,21.750733680680195,6246.25869697125,6246.25869697125,6.481138696139169,0.2979733369590174,0.7737931784351377,0.22203529880096887,False
SP500,買い,1,2025-07-10 09:00:00,2025-07-10 13:00:00,6322.00943065193,2025-07-10 17:00:00,6302.351995487444,初期損切り,initial,2,19.50800451255582,6302.501426139374,6302.501426139374,-19.657435164486742,-1.007659966032648,0.6915402003001757,1.000000000000009,False
USDJPY,買い,1,2025-07-11 09:00:00,2025-07-11 13:00:00,147.3707926501845,2025-07-13 17:00:00,146.92369833584206,初期損切り,initial,2,0.4453016641579371,146.92549098602657,146.92549098602657,-0.4470943143424506,-1.0040256983721438,0.2452435250202534,1.0000000000000024,False
SP500,買い,1,2025-07-17 17:00:00,2025-07-17 21:00:00,6347.269430651931,2025-07-18 09:00:00,6325.870129840901,初期損切り,initial,4,21.24987015909809,6326.019560492832,6326.019560492832,-21.399300811029207,-1.007032073646207,0.45602957926405985,1.0000000000000175,False
SP500,買い,1,2025-07-21 09:00:00,2025-07-21 13:00:00,6371.08943065193,2025-07-21 13:00:00,6351.944985851697,初期損切り,initial,1,18.995014148302136,6352.094416503628,6352.094416503628,-19.144444800233032,-1.0078668355161111,0.0,1.000000000000008,False
EURUSD,買い,1,2025-07-23 13:00:00,2025-07-23 17:00:00,1.1769963224968554,2025-07-24 05:00:00,1.1739736569179484,初期損切り,initial,4,0.0029963430820517433,1.1739999794148037,1.1739999794148037,-0.003022665578906958,-1.0087848741397099,0.34164228698528437,0.9999999999999708,False
SP500,買い,1,2025-07-23 09:00:00,2025-07-23 13:00:00,6375.50943065193,2025-07-28 09:00:00,6425.987909129795,トレイル,trail,18,18.465176669107546,6357.044253982823,6426.137339781726,50.47847847786488,2.733712186047803,4.451111994264056,0.19330606556841204,True
USDJPY,買い,1,2025-07-30 13:00:00,2025-07-30 17:00:00,149.49179265018452,2025-07-30 21:00:00,149.00077409005382,初期損切り,initial,2,0.489225909946172,149.00256674023834,149.00256674023834,-0.4910185601306978,-1.0036642584705358,0.0065559688280530356,1.0000000000000273,False
GBPUSD,売り,-1,2025-07-30 09:00:00,2025-07-30 13:00:00,1.3281437570146253,2025-07-31 01:00:00,1.32821,建値,breakeven,4,0.003330729104034865,1.33147448611866,1.3281437570146253,-6.624298537460938e-05,-0.01988843382500313,1.5953735199263772,0.9476132362584381,True
SP500,買い,1,2025-07-30 17:00:00,2025-07-30 21:00:00,6447.729430651931,2025-07-31 09:00:00,6447.58,建値,breakeven,4,18.158156793720607,6429.57127385821,6447.729430651931,-0.1494306519307429,-0.008229395396696789,1.1372613191230263,0.1150684331932249,True
AUDUSD,売り,-1,2025-07-31 13:00:00,2025-07-31 17:00:00,0.6427757478820956,2025-08-01 05:00:00,0.6449385169110863,初期損切り,initial,4,0.0021185169110862863,0.6448942647931819,0.6448942647931819,-0.0021627690289907076,-1.020888253321391,0.3000910112015782,1.0000000000000218,False
USDCHF,買い,1,2025-08-11 05:00:00,2025-08-11 09:00:00,0.8115563429665702,2025-08-12 01:00:00,0.8108636570334298,時間切れ,time,4,0.002335527187855028,0.8092208157787152,0.8092208157787152,-0.0006926859331404245,-0.29658654232006365,0.7123261258019328,0.33240587847031444,False
SP500,買い,1,2025-08-12 05:00:00,2025-08-12 09:00:00,6431.979430651931,2025-08-14 05:00:00,6459.7597349741845,トレイル,trail,12,23.89057981737744,6408.088850834553,6459.909165626115,27.78030432225387,1.162814152465531,2.9455362693576745,0.9832088978788717,True
SP500,買い,1,2025-08-14 21:00:00,2025-08-15 01:00:00,6503.999430651931,2025-08-15 09:00:00,6482.497499882446,初期損切り,initial,3,21.352500117553525,6482.646930534377,6482.646930534377,-21.501930769484716,-1.0069982742586825,0.21545811135658105,1.0000000000000209,False
AUDUSD,売り,-1,2025-08-19 09:00:00,2025-08-19 13:00:00,0.6456757478820956,2025-08-22 09:00:00,0.6446905920338362,トレイル,trail,18,0.0016892380561224832,0.6473649859382181,0.6446463399159318,0.0009851558482594225,0.583195390779185,2.489730720221621,0.6004198841177779,True
SP500,買い,1,2025-08-28 01:00:00,2025-08-28 05:00:00,6499.269430651931,2025-08-28 21:00:00,6513.980569348069,時間切れ,time,4,20.277023821134634,6478.992406830796,6499.269430651931,14.711138696138732,0.7255077878246309,1.1624274625303754,0.9044439072372767,True
USDJPY,売り,-1,2025-08-28 09:00:00,2025-08-28 13:00:00,146.84820734981548,2025-08-29 05:00:00,146.95679265018452,時間切れ,time,4,0.42828979576463455,147.27649714558012,147.27649714558012,-0.10858530036904313,-0.2535323078972348,0.43476952207800307,0.8190544198193028,False
SP500,買い,1,2025-09-05 01:00:00,2025-09-05 05:00:00,6526.489430651931,2025-09-05 05:00:00,6504.855640497626,初期損切り,initial,1,21.484359502374346,6505.005071149557,6505.005071149557,-21.633790154304734,-1.006955322634304,0.0,0.9999999999999835,False
EURUSD,買い,1,2025-09-08 13:00:00,2025-09-08 17:00:00,1.1763963224968552,2025-09-09 05:00:00,1.1736521050348618,初期損切り,initial,4,0.0027178949651380417,1.1736784275317171,1.1736784275317171,-0.0027442174619933812,-1.0096848837769574,0.5937232762277939,1.0000000000000138,False
GBPUSD,買い,1,2025-09-08 17:00:00,2025-09-08 21:00:00,1.3559062429853745,2025-09-09 09:00:00,1.352611557299056,初期損切り,initial,4,0.003228442700944016,1.3526778002844306,1.3526778002844306,-0.0032946856863185214,-1.0205185569361772,0.9768663429285004,0.9999999999999678,False
SP500,買い,1,2025-09-10 05:00:00,2025-09-10 09:00:00,6554.989430651931,2025-09-10 13:00:00,6534.148674784272,初期損切り,initial,2,20.691325215728046,6534.298105436203,6534.298105436203,-20.840755867659027,-1.007221898567299,0.3479994284075802,1.0000000000000115,False
AUDUSD,買い,1,2025-09-10 09:00:00,2025-09-10 13:00:00,0.6620042521179044,2025-09-11 05:00:00,0.6608357478820956,時間切れ,time,4,0.001937324558295699,0.6600669275596087,0.6600669275596087,-0.0011685042358087205,-0.6031535763097309,0.2558930458878446,0.941634745759486,False
AUDUSD,買い,1,2025-09-11 09:00:00,2025-09-11 13:00:00,0.6659942521179044,2025-09-12 05:00:00,0.6644957478820956,時間切れ,time,4,0.002014274729811829,0.6639799773880926,0.6639799773880926,-0.001498504235808773,-0.7439423300260345,0.43973538911365706,0.8212643952788475,False
EURUSD,買い,1,2025-09-11 09:00:00,2025-09-11 13:00:00,1.1736663224968553,2025-09-12 05:00:00,1.1717136775031447,時間切れ,time,4,0.002785720888342197,1.1708806016085131,1.1708806016085131,-0.0019526449937106172,-0.7009478235533678,0.3997807202455858,0.7525242408986836,False
SP500,買い,1,2025-09-11 09:00:00,2025-09-11 13:00:00,6588.079430651931,2025-09-12 05:00:00,6582.900569348069,時間切れ,time,4,21.064169117318233,6567.015261534612,6567.015261534612,-5.178861303861595,-0.2458611718799634,0.5521494478748156,0.5710849825090262,False
GBPUSD,買い,1,2025-09-15 05:00:00,2025-09-15 09:00:00,1.3615362429853746,2025-09-15 09:00:00,1.3585141001730447,初期損切り,initial,1,0.0029558998269552965,1.3585803431584194,1.3585803431584194,-0.00302214281232982,-1.0224104297346086,0.0,0.9999999999999709,False
EURUSD,買い,1,2025-09-15 05:00:00,2025-09-15 09:00:00,1.1769863224968553,2025-09-16 01:00:00,1.1776536775031448,時間切れ,time,4,0.0025326513789933826,1.174453671117862,1.174453671117862,0.0006673550062894495,0.26350054011566876,0.6766337907216761,0.7448014805752717,False
USDCHF,売り,-1,2025-09-15 05:00:00,2025-09-15 09:00:00,0.7946836570334298,2025-09-16 01:00:00,0.7937963429665702,時間切れ,time,4,0.0017923850064122723,0.7964760420398421,0.7964760420398421,0.0008873140668596013,0.49504657966074694,0.7887016619601267,0.5168214213220025,False
AUDUSD,買い,1,2025-09-15 13:00:00,2025-09-15 17:00:00,0.6665942521179044,2025-09-16 09:00:00,0.6667457478820956,時間切れ,time,4,0.0017274699798538711,0.6648667821380505,0.6648667821380505,0.0001514957641912673,0.08769805898686733,0.6111526651160222,0.36136785309415714,False
SP500,買い,1,2025-09-14 17:00:00,2025-09-14 21:00:00,6645.269430651931,2025-09-17 01:00:00,6662.869335965483,トレイル,trail,14,20.737594458575366,6624.531836193355,6663.018766617413,17.59990531355197,0.8486956068462461,2.488262052339031,0.09786239459860042,True
USDJPY,売り,-1,2025-09-16 09:00:00,2025-09-16 13:00:00,146.3552073498155,2025-09-17 05:00:00,146.4577926501845,時間切れ,time,4,0.39148978631763764,146.74669713613312,146.74669713613312,-0.10258530036901448,-0.26203825477526316,0.3606922958161641,0.8372955352621876,False
SP500,買い,1,2025-09-18 01:00:00,2025-09-18 05:00:00,6718.099430651931,2025-09-18 05:00:00,6697.17693925131,初期損切り,initial,1,20.77306074869034,6697.32636990324,6697.32636990324,-20.922491400620856,-1.0071934826426547,0.0,0.999999999999989,False
SP500,買い,1,2025-09-22 09:00:00,2025-09-22 13:00:00,6748.069430651931,2025-09-23 05:00:00,6750.640569348069,時間切れ,time,4,21.265893814672708,6726.803536837258,6726.803536837258,2.571138696138405,0.12090433247458478,0.4025492378863853,0.1725500317037887,False
SP500,買い,1,2025-10-01 09:00:00,2025-10-01 13:00:00,6744.269430651931,2025-10-02 05:00:00,6773.66056934807,時間切れ,time,4,21.967503731103037,6722.301926920828,6744.269430651931,29.391138696139024,1.3379371209358266,1.388895603321111,0.049137610952249666,True
SP500,買い,1,2025-10-08 13:00:00,2025-10-08 17:00:00,6802.899430651931,2025-10-09 09:00:00,6804.670569348069,時間切れ,time,4,19.63008549161531,6783.269345160315,6783.269345160315,1.7711386961382232,0.09022572504305892,0.46767852091069717,0.4233007877362451,False
EURUSD,売り,-1,2025-10-09 09:00:00,2025-10-09 13:00:00,1.1557936775031448,2025-10-10 01:00:00,1.1588171733630355,初期損切り,initial,4,0.0029971733630354885,1.1587908508661802,1.1587908508661802,-0.0030234958598907014,-1.008782440542096,0.5250538799500569,0.9999999999999702,False
AUDUSD,売り,-1,2025-10-14 01:00:00,2025-10-14 05:00:00,0.6457557478820957,2025-10-14 09:00:00,0.6480672756053268,初期損切り,initial,2,0.00226727560532682,0.6480230234874225,0.6480230234874225,-0.002311527723231177,-1.0195177497611625,0.747923136521933,0.999999999999992,False
GBPUSD,売り,-1,2025-10-14 05:00:00,2025-10-14 09:00:00,1.3260837570146253,2025-10-14 09:00:00,1.3297675561697728,初期損切り,initial,1,0.0036175561697728287,1.3297013131843982,1.3297013131843982,-0.0036837991551474936,-1.0183115291832012,-0.0,1.0000000000000153,False
GBPUSD,売り,-1,2025-10-24 09:00:00,2025-10-24 13:00:00,1.3294937570146255,2025-10-26 17:00:00,1.3328038483896036,初期損切り,initial,2,0.0032438483896035293,1.332737605404229,1.332737605404229,-0.0033100913749781746,-1.0204211101810285,-0.0,1.000000000000011,False
GBPUSD,売り,-1,2025-10-28 05:00:00,2025-10-28 09:00:00,1.3283937570146254,2025-10-28 13:00:00,1.3290462429853747,建値,breakeven,2,0.0031692762303783873,1.3315630332450037,1.3283937570146254,-0.0006524859707492947,-0.20587854239243542,1.130780895737021,0.22284046389047737,True
SP500,買い,1,2025-10-24 05:00:00,2025-10-24 09:00:00,6812.989430651931,2025-10-29 13:00:00,6908.276305805358,トレイル,trail,20,29.262111739862387,6783.727318912069,6908.425736457289,95.28687515342699,3.2563225785110443,4.745746670049517,0.01945965680785462,True
USDJPY,買い,1,2025-10-30 01:00:00,2025-10-30 05:00:00,153.7497926501845,2025-10-30 21:00:00,153.89420734981547,時間切れ,time,4,0.5325528296789309,153.21723982050557,153.7497926501845,0.1444146996309712,0.2711744104674778,1.3091796925308554,0.2380846427216509,True
EURUSD,売り,-1,2025-10-31 09:00:00,2025-10-31 13:00:00,1.1529936775031446,2025-11-03 05:00:00,1.1514663224968553,時間切れ,time,4,0.002589112432491103,1.1555827899356357,1.1555827899356357,0.0015273550062893104,0.5899145155391234,0.7893351704230159,0.4350226288827932,False
GBPUSD,売り,-1,2025-11-04 01:00:00,2025-11-04 05:00:00,1.3062637570146254,2025-11-05 17:00:00,1.30633,建値,breakeven,10,0.0033929424228449833,1.3096566994374703,1.3062637570146254,-6.624298537460938e-05,-0.01952375758827779,1.54843683148036,0.47340708600291276,True
USDJPY,買い,1,2025-11-11 21:00:00,2025-11-12 01:00:00,154.64579265018452,2025-11-12 13:00:00,154.5962073498155,建値,breakeven,4,0.3922362148558779,154.25355643532865,154.64579265018452,-0.049585300369017205,-0.12641693574173582,1.0228717660935454,0.3895424348836953,True
GBPUSD,売り,-1,2025-11-12 01:00:00,2025-11-12 05:00:00,1.3115137570146254,2025-11-12 21:00:00,1.3124562429853746,時間切れ,time,4,0.0031001749277494717,1.3146139319423749,1.3146139319423749,-0.0009424859707491962,-0.30401057769774964,0.9914785733902641,0.9374448387931158,False
USDJPY,買い,1,2025-11-17 09:00:00,2025-11-17 13:00:00,155.1617926501845,2025-11-18 05:00:00,155.2312073498155,時間切れ,time,4,0.38937509639274,154.77241755379177,154.77241755379177,0.06941469963098257,0.1782720576484121,0.5604039699431453,0.880366138872851,False
AUDUSD,売り,-1,2025-11-19 09:00:00,2025-11-19 13:00:00,0.6459857478820956,2025-11-19 13:00:00,0.6480929322129918,初期損切り,initial,1,0.002062932212991772,0.6480486800950874,0.6480486800950874,-0.0021071843308961835,-1.0214510770764662,-0.0,1.0000000000000175,False
AUDUSD,売り,-1,2025-11-20 09:00:00,2025-11-20 13:00:00,0.6445057478820956,2025-11-21 05:00:00,0.6436942521179044,時間切れ,time,4,0.0022840817075543336,0.6467898295896499,0.6467898295896499,0.0008114957641911502,0.35528315887615697,0.510379238290812,0.6892275844151072,False
SP500,売り,-1,2025-11-20 13:00:00,2025-11-20 17:00:00,6558.540569348069,2025-11-21 09:00:00,6591.189430651931,時間切れ,time,4,53.84274345106496,6612.383312799134,6612.383312799134,-32.64886130386185,-0.6063744009168999,0.6195926732148846,0.7467938681184686,False
USDCHF,買い,1,2025-11-21 09:00:00,2025-11-21 13:00:00,0.8084463429665703,2025-11-24 05:00:00,0.8071336570334298,時間切れ,time,4,0.00210825524821883,0.8063380877183515,0.8063380877183515,-0.0013126859331404894,-0.6226408942890187,0.8318048940759732,0.6907811413255897,False
AUDUSD,買い,1,2025-12-10 13:00:00,2025-12-10 17:00:00,0.6675642521179044,2025-12-10 21:00:00,0.6658236885981136,初期損切り,initial,2,0.0016963114018863905,0.665867940716018,0.665867940716018,-0.0017405635197907943,-1.026087260779591,0.18613792358202794,1.0000000000000167,False
SP500,買い,1,2025-12-10 13:00:00,2025-12-10 17:00:00,6890.75943065193,2025-12-10 21:00:00,6868.223970316145,初期損切り,initial,2,22.38602968385518,6868.373400968076,6868.373400968076,-22.5354603357855,-1.006675174385125,0.011193112472754093,0.9999999999999811,False
GBPUSD,買い,1,2025-12-10 13:00:00,2025-12-10 17:00:00,1.3384162429853745,2025-12-11 01:00:00,1.3356746601435514,初期損切り,initial,3,0.0026753398564485723,1.335740903128926,1.335740903128926,-0.0027415828418231314,-1.0247605870390217,0.30790742814969274,0.9999999999999812,False
EURUSD,買い,1,2025-12-10 13:00:00,2025-12-10 17:00:00,1.1695563224968553,2025-12-12 05:00:00,1.172069113852469,トレイル,trail,10,0.0020467968215647733,1.1675095256752905,1.1720954363493243,0.002512791355613775,1.2276701473929148,3.2752041788006445,0.6431134165280699,True
SP500,買い,1,2025-12-11 13:00:00,2025-12-11 17:00:00,6911.199430651931,2025-12-12 09:00:00,6907.840569348069,時間切れ,time,4,26.845553298580022,6884.353877353351,6884.353877353351,-3.358861303861886,-0.125117976392744,0.15386419129187723,0.8086788307350495,False
EURUSD,買い,1,2025-12-16 05:00:00,2025-12-16 09:00:00,1.1776063224968554,2025-12-16 13:00:00,1.1763536775031447,建値,breakeven,2,0.002013220912354844,1.1755931015845005,1.1776063224968554,-0.0012526449937106943,-0.622209408825129,1.3975999781631125,0.7283465455066566,True
EURUSD,買い,1,2025-12-22 17:00:00,2025-12-22 21:00:00,1.1773263224968553,2025-12-23 09:00:00,1.1773,建値,breakeven,4,0.002106969361142116,1.1752193531357131,1.1773263224968553,-2.632249685530219e-05,-0.012493061048136774,1.3638914528813453,0.22132381488571845,True
USDCHF,売り,-1,2025-12-22 09:00:00,2025-12-22 13:00:00,0.7918936570334297,2025-12-23 09:00:00,0.7903716479821365,トレイル,trail,6,0.0016978970448701912,0.7935915540783,0.7902753050155663,0.0015220090512931828,0.896408328108931,3.0706555790185055,0.6810442188258277,True
GBPUSD,買い,1,2025-12-22 09:00:00,2025-12-22 13:00:00,1.3471362429853746,2025-12-26 01:00:00,1.348122761472431,トレイル,trail,19,0.003086200738757737,1.3440500422466168,1.3481890044578055,0.0009865184870563315,0.31965467270720266,2.03932198433686,0.5625826484875852,True
AUDUSD,買い,1,2025-12-28 17:00:00,2025-12-28 21:00:00,0.6719842521179044,2025-12-29 01:00:00,0.670453157785301,初期損切り,initial,2,0.001486842214698923,0.6704974099032054,0.6704974099032054,-0.0015310943326033444,-1.0297624841875923,0.528467563220709,1.0000000000000309,False
USDJPY,買い,1,2025-12-31 05:00:00,2025-12-31 09:00:00,156.8147926501845,2025-12-31 13:00:00,156.6712073498155,期末,end,2,0.3297888777497088,156.4850037724348,156.4850037724348,-0.1435853003690113,-0.43538551496568195,0.549464709216285,0.5936908834539183,False
