filter,mode,Pair,Side,EntryTime,ExitTime,R
none,fixed,AUDUSD,S,2021-01-18 04:01:00-05:00,2021-01-18 21:27:00-05:00,-1.0216527999999865
none,fixed,AUDUSD,S,2021-01-27 09:41:00-05:00,2021-01-27 13:01:00-05:00,-1.024312349999982
none,fixed,AUDUSD,S,2021-02-02 07:47:00-05:00,2021-02-03 20:47:00-05:00,-1.0194262499999949
none,fixed,AUDUSD,L,2021-02-14 22:47:00-05:00,2021-02-16 09:01:00-05:00,-1.0308545000000124
none,fixed,AUDUSD,L,2021-02-19 03:08:00-05:00,2021-02-19 08:58:00-05:00,1.6428290000000203
none,fixed,AUDUSD,S,2021-03-04 20:14:00-05:00,2021-03-11 00:54:00-05:00,-1.0164073000000067
none,fixed,AUDUSD,L,2021-03-17 14:46:00-04:00,2021-03-18 09:14:00-04:00,-1.0260396499999818
none,fixed,AUDUSD,S,2021-03-23 00:49:00-04:00,2021-03-23 15:50:00-04:00,1.6430210500000015
none,fixed,AUDUSD,S,2021-04-01 00:48:00-04:00,2021-04-01 09:41:00-04:00,-1.0251896000000038
none,fixed,AUDUSD,L,2021-04-06 12:45:00-04:00,2021-04-07 04:15:00-04:00,-1.02677119999998
none,fixed,AUDUSD,L,2021-04-14 02:19:00-04:00,2021-04-14 12:48:00-04:00,1.6343040500000137
none,fixed,AUDUSD,L,2021-04-28 21:49:00-04:00,2021-04-29 04:28:00-04:00,-1.0271502999999853
none,fixed,AUDUSD,S,2021-05-04 11:11:00-04:00,2021-05-04 20:57:00-04:00,-1.0261478499999828
none,fixed,AUDUSD,L,2021-05-07 08:37:00-04:00,2021-05-10 06:04:00-04:00,1.6374046999999958
none,fixed,AUDUSD,S,2021-05-28 07:19:00-04:00,2021-05-31 04:21:00-04:00,-1.0316577499999813
none,fixed,AUDUSD,S,2021-06-03 09:45:00-04:00,2021-06-04 08:55:00-04:00,-1.0281612999999965
none,fixed,AUDUSD,L,2021-06-11 03:04:00-04:00,2021-06-11 07:30:00-04:00,-1.0374664000000058
none,fixed,AUDUSD,S,2021-06-16 14:01:00-04:00,2021-06-16 20:10:00-04:00,1.6249731500000038
none,fixed,AUDUSD,S,2021-07-01 02:35:00-04:00,2021-07-01 03:24:00-04:00,-1.0364672499999983
none,fixed,AUDUSD,S,2021-07-01 10:57:00-04:00,2021-07-02 13:18:00-04:00,-1.0325687500000313
none,fixed,AUDUSD,S,2021-07-08 02:33:00-04:00,2021-07-09 10:41:00-04:00,-1.0240540000000058
none,fixed,AUDUSD,S,2021-07-16 08:41:00-04:00,2021-07-19 07:08:00-04:00,1.6451321999999846
none,fixed,AUDUSD,L,2021-07-29 04:12:00-04:00,2021-07-30 09:05:00-04:00,-1.0243154999999973
none,fixed,AUDUSD,L,2021-08-04 03:21:00-04:00,2021-08-04 10:52:00-04:00,-1.0281774500000205
none,fixed,AUDUSD,S,2021-08-09 21:56:00-04:00,2021-08-10 07:55:00-04:00,-1.0310387999999842
none,fixed,AUDUSD,S,2021-08-16 21:32:00-04:00,2021-08-17 09:08:00-04:00,1.6300271499999885
none,fixed,AUDUSD,L,2021-09-02 04:54:00-04:00,2021-09-03 07:26:00-04:00,1.6346293500000013
none,fixed,AUDUSD,S,2021-09-29 08:36:00-04:00,2021-10-01 08:01:00-04:00,-1.0231041000000156
none,fixed,AUDUSD,L,2021-10-07 11:28:00-04:00,2021-10-12 07:19:00-04:00,1.6427901000000111
none,fixed,AUDUSD,L,2021-10-28 10:28:00-04:00,2021-10-29 10:26:00-04:00,-1.0250041999999753
none,fixed,AUDUSD,S,2021-11-22 14:18:00-05:00,2021-11-25 19:13:00-05:00,1.640098650000006
none,fixed,AUDUSD,L,2021-12-08 12:11:00-05:00,2021-12-09 20:04:00-05:00,-1.0243816000000068
none,fixed,AUDUSD,L,2021-12-16 03:36:00-05:00,2021-12-17 10:23:00-05:00,-1.0216714000000144
none,fixed,AUDUSD,S,2021-12-20 02:09:00-05:00,2021-12-21 05:01:00-05:00,-1.0234901999999806
none,fixed,AUDUSD,L,2021-12-23 02:30:00-05:00,2022-01-03 10:17:00-05:00,-1.026825900000011
none,fixed,AUDUSD,L,2022-01-12 10:25:00-05:00,2022-01-14 08:32:00-05:00,-1.0247386000000067
none,fixed,AUDUSD,S,2022-01-24 00:32:00-05:00,2022-01-24 09:49:00-05:00,1.6462557999999818
none,fixed,AUDUSD,L,2022-02-09 03:49:00-05:00,2022-02-10 10:31:00-05:00,1.6399824499999875
none,fixed,AUDUSD,L,2022-02-23 03:13:00-05:00,2022-02-23 19:50:00-05:00,-1.0247803500000014
none,fixed,AUDUSD,L,2022-03-01 02:06:00-05:00,2022-03-01 14:17:00-05:00,-1.0210946000000043
none,fixed,AUDUSD,S,2022-03-14 00:37:00-04:00,2022-03-14 21:33:00-04:00,1.648520899999987
none,fixed,AUDUSD,L,2022-03-17 11:42:00-04:00,2022-03-22 14:55:00-04:00,1.647783700000002
none,fixed,AUDUSD,L,2022-04-04 10:51:00-04:00,2022-04-05 00:46:00-04:00,1.6379322499999989
none,fixed,AUDUSD,S,2022-04-08 08:56:00-04:00,2022-04-17 20:19:00-04:00,1.6423766499999848
none,fixed,AUDUSD,S,2022-04-21 23:03:00-04:00,2022-04-22 10:03:00-04:00,1.641747850000001
none,fixed,AUDUSD,S,2022-05-08 20:19:00-04:00,2022-05-11 22:52:00-04:00,1.6561554000000094
none,fixed,AUDUSD,L,2022-05-26 21:49:00-04:00,2022-06-01 08:10:00-04:00,1.6477735499999973
none,fixed,AUDUSD,S,2022-06-09 09:33:00-04:00,2022-06-10 09:21:00-04:00,1.6474737000000017
none,fixed,AUDUSD,S,2022-06-29 05:56:00-04:00,2022-06-30 09:20:00-04:00,-1.0205240500000174
none,fixed,AUDUSD,S,2022-07-11 08:32:00-04:00,2022-07-17 19:39:00-04:00,-1.017500700000005
none,fixed,AUDUSD,L,2022-07-19 03:36:00-04:00,2022-07-22 09:45:00-04:00,1.6489612999999914
none,fixed,AUDUSD,L,2022-08-10 08:30:00-04:00,2022-08-10 12:13:00-04:00,1.6415883499999984
none,fixed,AUDUSD,S,2022-08-19 10:52:00-04:00,2022-08-22 05:58:00-04:00,-1.0182472999999896
none,fixed,AUDUSD,S,2022-08-28 21:21:00-04:00,2022-08-29 09:55:00-04:00,-1.0168676000000119
none,fixed,AUDUSD,S,2022-09-15 15:11:00-04:00,2022-09-21 19:28:00-04:00,1.6503021000000055
none,fixed,AUDUSD,S,2022-10-07 15:13:00-04:00,2022-10-11 00:23:00-04:00,1.6542045000000025
none,fixed,AUDUSD,L,2022-10-20 10:20:00-04:00,2022-10-20 13:50:00-04:00,-1.0141615000000013
none,fixed,AUDUSD,L,2022-11-08 10:07:00-05:00,2022-11-09 10:41:00-05:00,-1.0145332499999977
none,fixed,AUDUSD,L,2022-11-30 14:18:00-05:00,2022-12-05 11:23:00-05:00,-1.0157913999999981
none,fixed,AUDUSD,L,2022-12-13 08:31:00-05:00,2022-12-15 03:19:00-05:00,-1.0189722999999995
none,fixed,AUDUSD,S,2022-12-19 22:51:00-05:00,2022-12-21 08:43:00-05:00,-1.0180490000000055
none,fixed,AUDUSD,L,2023-01-08 18:36:00-05:00,2023-01-15 20:59:00-05:00,1.6543532500000129
none,fixed,AUDUSD,L,2023-01-24 19:30:00-05:00,2023-01-31 03:39:00-05:00,-1.0182964999999968
none,fixed,AUDUSD,L,2023-02-01 15:33:00-05:00,2023-02-02 09:51:00-05:00,-1.0224338999999871
none,fixed,AUDUSD,S,2023-02-06 10:16:00-05:00,2023-02-06 22:30:00-05:00,-1.0151882999999993
none,fixed,AUDUSD,S,2023-02-16 10:03:00-05:00,2023-02-20 03:05:00-05:00,-1.0157204500000112
none,fixed,AUDUSD,S,2023-03-06 22:49:00-05:00,2023-03-07 10:00:00-05:00,1.6455452000000022
none,fixed,AUDUSD,L,2023-03-17 03:02:00-04:00,2023-03-20 05:19:00-04:00,-1.0169199000000027
none,fixed,AUDUSD,L,2023-04-03 07:54:00-04:00,2023-04-05 03:40:00-04:00,-1.0205223000000203
none,fixed,AUDUSD,S,2023-04-07 08:35:00-04:00,2023-04-12 08:30:00-04:00,-1.0252541500000263
none,fixed,AUDUSD,L,2023-04-13 13:10:00-04:00,2023-04-14 10:00:00-04:00,-1.019563100000009
none,fixed,AUDUSD,S,2023-04-25 12:40:00-04:00,2023-05-01 08:41:00-04:00,-1.0245544000000166
none,fixed,AUDUSD,L,2023-05-08 00:01:00-04:00,2023-05-11 03:24:00-04:00,-1.020822700000022
none,fixed,AUDUSD,S,2023-05-23 21:16:00-04:00,2023-05-24 09:42:00-04:00,1.6370508000000092
none,fixed,AUDUSD,S,2023-05-30 23:34:00-04:00,2023-06-01 07:00:00-04:00,-1.0255466500000245
none,fixed,AUDUSD,L,2023-06-14 09:38:00-04:00,2023-06-14 14:00:00-04:00,-1.024537749999995
none,fixed,AUDUSD,L,2023-07-11 20:32:00-04:00,2023-07-12 09:33:00-04:00,1.6469821999999874
none,fixed,AUDUSD,S,2023-07-27 14:15:00-04:00,2023-07-28 03:11:00-04:00,1.650192200000007
none,fixed,AUDUSD,S,2023-08-08 05:22:00-04:00,2023-08-08 22:52:00-04:00,-1.0208899499999995
none,fixed,AUDUSD,L,2023-08-30 08:30:00-04:00,2023-09-01 02:30:00-04:00,-1.0203731500000142
none,fixed,AUDUSD,S,2023-09-05 02:50:00-04:00,2023-09-10 22:34:00-04:00,-1.0227744999999937
none,fixed,AUDUSD,L,2023-09-20 06:10:00-04:00,2023-09-20 15:52:00-04:00,-1.0316980499999908
none,fixed,AUDUSD,S,2023-09-26 23:01:00-04:00,2023-09-27 13:21:00-04:00,1.6430042499999984
none,fixed,AUDUSD,S,2023-10-03 00:16:00-04:00,2023-10-04 23:18:00-04:00,-1.0227159000000186
none,fixed,AUDUSD,L,2023-10-24 21:08:00-04:00,2023-10-25 03:42:00-04:00,-1.0241463999999936
none,fixed,AUDUSD,S,2023-10-25 18:16:00-04:00,2023-10-26 08:54:00-04:00,-1.0230701999999965
none,fixed,AUDUSD,L,2023-11-01 15:25:00-04:00,2023-11-03 08:30:00-04:00,1.6488846000000077
none,fixed,AUDUSD,L,2023-11-15 06:46:00-05:00,2023-11-15 20:48:00-05:00,-1.0221093499999947
none,fixed,AUDUSD,L,2023-12-13 19:52:00-05:00,2023-12-19 10:20:00-05:00,1.6480329999999825
none,fixed,AUDUSD,S,2024-01-15 19:27:00-05:00,2024-01-16 11:01:00-05:00,1.636273399999994
none,fixed,AUDUSD,L,2024-01-29 19:44:00-05:00,2024-01-30 07:20:00-05:00,-1.028721349999994
none,fixed,AUDUSD,S,2024-02-01 02:47:00-05:00,2024-02-01 11:45:00-05:00,-1.0200449499999895
none,fixed,AUDUSD,S,2024-02-13 08:48:00-05:00,2024-02-14 13:02:00-05:00,-1.0349835500000286
none,fixed,AUDUSD,L,2024-02-16 13:50:00-05:00,2024-02-28 01:50:00-05:00,-1.0257718000000184
none,fixed,AUDUSD,L,2024-03-07 04:34:00-05:00,2024-03-08 04:31:00-05:00,1.6418585999999984
none,fixed,AUDUSD,S,2024-03-28 03:25:00-04:00,2024-03-31 18:04:00-04:00,-1.0327535499999674
none,fixed,AUDUSD,L,2024-04-09 08:48:00-04:00,2024-04-10 08:30:00-04:00,-1.0336423500000205
none,fixed,AUDUSD,S,2024-04-12 08:43:00-04:00,2024-04-15 21:07:00-04:00,1.6420353999999988
none,fixed,AUDUSD,L,2024-05-03 08:30:00-04:00,2024-05-03 08:31:00-04:00,1.6441745000000159
none,fixed,AUDUSD,L,2024-05-14 23:30:00-04:00,2024-05-15 13:00:00-04:00,1.6306607500000012
none,fixed,AUDUSD,S,2024-05-30 01:48:00-04:00,2024-05-30 05:08:00-04:00,-1.032652099999983
none,fixed,AUDUSD,L,2024-06-03 10:00:00-04:00,2024-06-04 04:40:00-04:00,-1.027494199999975
none,fixed,AUDUSD,S,2024-06-07 10:11:00-04:00,2024-06-12 08:30:00-04:00,-1.0247373000000055
none,fixed,AUDUSD,L,2024-06-12 10:25:00-04:00,2024-06-12 15:23:00-04:00,-1.0246606499999722
none,fixed,AUDUSD,L,2024-06-26 00:48:00-04:00,2024-06-26 07:01:00-04:00,-1.0377248500000062
none,fixed,AUDUSD,S,2024-06-27 21:20:00-04:00,2024-06-28 05:39:00-04:00,-1.033728749999977
none,fixed,AUDUSD,L,2024-07-01 10:00:00-04:00,2024-07-01 10:20:00-04:00,-1.0291149000000095
none,fixed,AUDUSD,S,2024-07-23 08:30:00-04:00,2024-07-24 00:14:00-04:00,1.627603650000019
none,fixed,AUDUSD,S,2024-07-30 21:30:00-04:00,2024-07-31 10:28:00-04:00,-1.0347877000000179
none,fixed,AUDUSD,L,2024-08-23 16:46:00-04:00,2024-08-26 20:44:00-04:00,-1.0266263499999908
none,fixed,AUDUSD,S,2024-09-03 20:41:00-04:00,2024-09-04 09:34:00-04:00,-1.0263585999999907
none,fixed,AUDUSD,L,2024-09-17 05:09:00-04:00,2024-09-18 14:30:00-04:00,1.6347727999999773
none,fixed,AUDUSD,S,2024-10-15 13:10:00-04:00,2024-10-23 06:45:00-04:00,1.6425886999999912
none,fixed,AUDUSD,S,2024-11-05 22:06:00-05:00,2024-11-06 03:37:00-05:00,-1.023388500000006
none,fixed,AUDUSD,S,2024-11-13 09:33:00-05:00,2024-11-14 05:20:00-05:00,1.6427331500000062
none,fixed,AUDUSD,S,2024-11-25 20:03:00-05:00,2024-11-25 22:01:00-05:00,-1.0215639999999986
none,fixed,AUDUSD,S,2024-12-03 21:37:00-05:00,2024-12-06 12:04:00-05:00,1.6437964500000002
none,fixed,AUDUSD,S,2024-12-17 05:23:00-05:00,2024-12-18 14:00:00-05:00,1.6351687000000081
none,fixed,AUDUSD,S,2024-12-31 08:01:00-05:00,2025-01-05 19:48:00-05:00,-1.0288450999999852
none,fixed,AUDUSD,S,2025-01-09 03:01:00-05:00,2025-01-15 08:30:00-05:00,-1.0246131000000125
none,fixed,AUDUSD,L,2025-01-23 21:14:00-05:00,2025-01-27 18:23:00-05:00,-1.0251308500000063
none,fixed,AUDUSD,S,2025-02-02 17:01:00-05:00,2025-02-02 21:03:00-05:00,1.3887122000000158
none,fixed,AUDUSD,L,2025-02-14 02:12:00-05:00,2025-02-20 12:14:00-05:00,1.645991550000011
none,fixed,AUDUSD,S,2025-02-25 05:23:00-05:00,2025-02-27 08:46:00-05:00,1.6373428500000002
none,fixed,AUDUSD,L,2025-03-17 11:00:00-04:00,2025-03-19 03:37:00-04:00,-1.0293754999999691
none,fixed,AUDUSD,S,2025-03-21 11:53:00-04:00,2025-03-23 20:04:00-04:00,-1.0263930000000268
none,fixed,AUDUSD,S,2025-03-31 04:16:00-04:00,2025-04-01 18:24:00-04:00,-1.0292261500000017
none,fixed,AUDUSD,L,2025-04-02 16:14:00-04:00,2025-04-02 16:26:00-04:00,-1.0267331000000204
none,fixed,AUDUSD,S,2025-04-04 03:44:00-04:00,2025-04-04 07:12:00-04:00,1.6557062999999945
none,fixed,AUDUSD,L,2025-04-16 11:34:00-04:00,2025-04-17 02:06:00-04:00,-1.0150305500000072
none,fixed,AUDUSD,L,2025-04-28 22:10:00-04:00,2025-04-29 06:55:00-04:00,-1.0220067000000015
none,fixed,AUDUSD,L,2025-05-02 08:42:00-04:00,2025-05-06 18:21:00-04:00,1.6447867999999901
none,fixed,AUDUSD,L,2025-05-25 18:07:00-04:00,2025-05-27 01:10:00-04:00,-1.0228088500000045
none,fixed,AUDUSD,L,2025-06-05 09:29:00-04:00,2025-06-05 15:15:00-04:00,-1.0274341499999908
none,fixed,AUDUSD,L,2025-06-11 08:35:00-04:00,2025-06-11 09:30:00-04:00,-1.0308419499999872
none,fixed,AUDUSD,L,2025-06-16 10:02:00-04:00,2025-06-16 20:03:00-04:00,-1.0199782000000157
none,fixed,AUDUSD,S,2025-06-19 10:15:00-04:00,2025-06-23 05:10:00-04:00,1.6454689499999862
none,fixed,AUDUSD,L,2025-06-26 10:16:00-04:00,2025-06-27 13:48:00-04:00,-1.0249765500000012
none,fixed,AUDUSD,L,2025-07-10 16:01:00-04:00,2025-07-10 20:55:00-04:00,-1.0260463999999985
none,fixed,AUDUSD,S,2025-07-16 22:05:00-04:00,2025-07-18 05:07:00-04:00,-1.0233965999999823
none,fixed,AUDUSD,L,2025-07-23 07:40:00-04:00,2025-07-25 00:41:00-04:00,-1.0311133999999873
none,fixed,AUDUSD,S,2025-07-30 09:30:00-04:00,2025-08-01 08:55:00-04:00,-1.0261123500000144
none,fixed,AUDUSD,L,2025-08-13 02:39:00-04:00,2025-08-14 08:30:00-04:00,-1.029051249999989
none,fixed,AUDUSD,S,2025-08-18 11:10:00-04:00,2025-08-19 22:00:00-04:00,1.6315534999999715
none,fixed,AUDUSD,L,2025-09-05 08:30:00-04:00,2025-09-08 22:09:00-04:00,1.6334837500000052
none,fixed,AUDUSD,S,2025-09-25 08:30:00-04:00,2025-09-25 13:50:00-04:00,1.6387056000000242
none,fixed,AUDUSD,L,2025-09-30 10:48:00-04:00,2025-09-30 21:05:00-04:00,-1.0310388999999944
none,fixed,AUDUSD,S,2025-10-10 11:14:00-04:00,2025-10-14 01:37:00-04:00,1.6391545499999978
none,fixed,AUDUSD,L,2025-10-24 08:30:00-04:00,2025-10-24 10:29:00-04:00,-1.0342930500000072
none,fixed,AUDUSD,S,2025-11-19 12:25:00-05:00,2025-11-19 18:38:00-05:00,-1.0282406500000094
none,fixed,AUDUSD,L,2025-12-02 22:49:00-05:00,2025-12-04 10:29:00-05:00,1.6310300500000015
none,fixed,AUDUSD,L,2025-12-23 03:45:00-05:00,2025-12-26 09:04:00-05:00,1.6165778499999948
none,trail,AUDUSD,S,2021-01-18 04:01:00-05:00,2021-01-18 19:01:00-05:00,-0.49988299999999564
none,trail,AUDUSD,S,2021-01-27 09:41:00-05:00,2021-01-27 13:01:00-05:00,-1.0242587499999982
none,trail,AUDUSD,S,2021-02-02 07:47:00-05:00,2021-02-03 18:06:00-05:00,-0.6808223000000058
none,trail,AUDUSD,L,2021-02-14 22:47:00-05:00,2021-02-16 08:21:00-05:00,-0.28639199999999915
none,trail,AUDUSD,L,2021-02-19 03:08:00-05:00,2021-02-24 08:46:00-05:00,2.6481682500000057
none,trail,AUDUSD,S,2021-03-04 20:14:00-05:00,2021-03-07 18:06:00-05:00,-0.3053752499999973
none,trail,AUDUSD,L,2021-03-17 14:46:00-04:00,2021-03-18 09:14:00-04:00,-1.0260396499999818
none,trail,AUDUSD,S,2021-03-23 00:49:00-04:00,2021-03-25 23:44:00-04:00,2.0239977499999857
none,trail,AUDUSD,S,2021-04-01 00:48:00-04:00,2021-04-01 09:41:00-04:00,-1.0251896000000038
none,trail,AUDUSD,L,2021-04-06 12:45:00-04:00,2021-04-07 04:15:00-04:00,-1.02677119999998
none,trail,AUDUSD,L,2021-04-14 02:19:00-04:00,2021-04-15 21:01:00-04:00,1.7028700000000185
none,trail,AUDUSD,L,2021-04-28 21:49:00-04:00,2021-04-29 04:28:00-04:00,-1.0271502999999853
none,trail,AUDUSD,S,2021-05-04 11:11:00-04:00,2021-05-04 20:57:00-04:00,-1.0261478499999828
none,trail,AUDUSD,L,2021-05-07 08:37:00-04:00,2021-05-10 15:58:00-04:00,0.5191466500000204
none,trail,AUDUSD,S,2021-05-28 07:19:00-04:00,2021-05-31 04:21:00-04:00,-1.0316577499999813
none,trail,AUDUSD,S,2021-06-03 09:45:00-04:00,2021-06-04 02:41:00-04:00,0.2770039499999915
none,trail,AUDUSD,L,2021-06-11 03:04:00-04:00,2021-06-11 07:13:00-04:00,-0.7986787000000155
none,trail,AUDUSD,S,2021-06-16 14:01:00-04:00,2021-06-21 09:20:00-04:00,5.173718450000016
none,trail,AUDUSD,S,2021-07-01 02:35:00-04:00,2021-07-01 03:24:00-04:00,-1.0366084500000157
none,trail,AUDUSD,S,2021-07-01 10:57:00-04:00,2021-07-02 08:32:00-04:00,0.14200229999998823
none,trail,AUDUSD,S,2021-07-08 02:33:00-04:00,2021-07-09 03:20:00-04:00,0.1028791500000026
none,trail,AUDUSD,S,2021-07-16 08:41:00-04:00,2021-07-20 15:14:00-04:00,1.9278729000000059
none,trail,AUDUSD,L,2021-07-29 04:12:00-04:00,2021-07-30 02:33:00-04:00,-0.5637908500000027
none,trail,AUDUSD,L,2021-08-04 03:21:00-04:00,2021-08-04 10:52:00-04:00,-1.0281774500000205
none,trail,AUDUSD,S,2021-08-09 21:56:00-04:00,2021-08-10 07:55:00-04:00,-1.0310387999999842
none,trail,AUDUSD,S,2021-08-16 21:32:00-04:00,2021-08-22 20:38:00-04:00,6.42876410000001
none,trail,AUDUSD,L,2021-09-02 04:54:00-04:00,2021-09-07 01:02:00-04:00,1.207994599999982
none,trail,AUDUSD,S,2021-09-29 08:36:00-04:00,2021-10-01 05:27:00-04:00,-0.5255357500000103
none,trail,AUDUSD,L,2021-10-07 11:28:00-04:00,2021-10-12 17:12:00-04:00,0.7481168000000207
none,trail,AUDUSD,L,2021-10-28 10:28:00-04:00,2021-10-29 08:47:00-04:00,-0.6045190499999817
none,trail,AUDUSD,S,2021-11-22 14:18:00-05:00,2021-11-25 17:17:00-05:00,0.9164057500000099
none,trail,AUDUSD,L,2021-12-08 12:11:00-05:00,2021-12-09 04:05:00-05:00,-0.42290965000000297
none,trail,AUDUSD,L,2021-12-16 03:36:00-05:00,2021-12-16 22:35:00-05:00,-0.479661700000017
none,trail,AUDUSD,S,2021-12-20 02:09:00-05:00,2021-12-21 04:39:00-05:00,-0.9928761999999781
none,trail,AUDUSD,L,2021-12-23 02:30:00-05:00,2021-12-24 09:52:00-05:00,0.070799100000002
none,trail,AUDUSD,L,2022-01-12 10:25:00-05:00,2022-01-13 19:03:00-05:00,-0.1458578500000042
none,trail,AUDUSD,S,2022-01-24 00:32:00-05:00,2022-01-25 10:48:00-05:00,0.3678321499999912
none,trail,AUDUSD,L,2022-02-09 03:49:00-05:00,2022-02-10 08:32:00-05:00,-0.26414715000000677
none,trail,AUDUSD,L,2022-02-23 03:13:00-05:00,2022-02-23 19:50:00-05:00,-1.0247803500000014
none,trail,AUDUSD,L,2022-03-01 02:06:00-05:00,2022-03-01 11:56:00-05:00,-0.8596702500000171
none,trail,AUDUSD,S,2022-03-14 00:37:00-04:00,2022-03-16 01:57:00-04:00,0.39054499999998477
none,trail,AUDUSD,L,2022-03-17 11:42:00-04:00,2022-03-18 08:50:00-04:00,0.050287450000005125
none,trail,AUDUSD,L,2022-04-04 10:51:00-04:00,2022-04-05 21:14:00-04:00,0.8812747999999945
none,trail,AUDUSD,S,2022-04-08 08:56:00-04:00,2022-04-12 01:19:00-04:00,0.5185675999999962
none,trail,AUDUSD,S,2022-04-21 23:03:00-04:00,2022-04-25 22:49:00-04:00,3.1994203999999984
none,trail,AUDUSD,S,2022-05-08 20:19:00-04:00,2022-05-11 03:22:00-04:00,0.6398193500000037
none,trail,AUDUSD,L,2022-05-26 21:49:00-04:00,2022-05-31 08:40:00-04:00,0.6966251499999935
none,trail,AUDUSD,S,2022-06-09 09:33:00-04:00,2022-06-15 04:07:00-04:00,4.610118200000003
none,trail,AUDUSD,S,2022-06-29 05:56:00-04:00,2022-06-29 22:27:00-04:00,-0.7239532000000145
none,trail,AUDUSD,S,2022-07-11 08:32:00-04:00,2022-07-12 08:53:00-04:00,0.30328085000000005
none,trail,AUDUSD,L,2022-07-19 03:36:00-04:00,2022-07-20 07:44:00-04:00,0.3611002000000065
none,trail,AUDUSD,L,2022-08-10 08:30:00-04:00,2022-08-12 06:46:00-04:00,1.144360150000017
none,trail,AUDUSD,S,2022-08-19 10:52:00-04:00,2022-08-22 04:56:00-04:00,-0.7585218499999911
none,trail,AUDUSD,S,2022-08-28 21:21:00-04:00,2022-08-29 09:55:00-04:00,-1.0168676000000119
none,trail,AUDUSD,S,2022-09-15 15:11:00-04:00,2022-09-18 18:46:00-04:00,-0.4975196499999974
none,trail,AUDUSD,S,2022-10-07 15:13:00-04:00,2022-10-11 11:57:00-04:00,0.5019379999999907
none,trail,AUDUSD,L,2022-10-20 10:20:00-04:00,2022-10-20 13:50:00-04:00,-1.0141615000000013
none,trail,AUDUSD,L,2022-11-08 10:07:00-05:00,2022-11-09 10:41:00-05:00,-1.0145332499999977
none,trail,AUDUSD,L,2022-11-30 14:18:00-05:00,2022-12-01 10:41:00-05:00,0.18990390000000537
none,trail,AUDUSD,L,2022-12-13 08:31:00-05:00,2022-12-14 14:08:00-05:00,-0.6584844499999963
none,trail,AUDUSD,S,2022-12-19 22:51:00-05:00,2022-12-21 08:00:00-05:00,-0.6180294999999987
none,trail,AUDUSD,L,2023-01-08 18:36:00-05:00,2023-01-09 19:16:00-05:00,0.15381894999999984
none,trail,AUDUSD,L,2023-01-24 19:30:00-05:00,2023-01-26 10:38:00-05:00,0.6281568500000002
none,trail,AUDUSD,L,2023-02-01 15:33:00-05:00,2023-02-02 09:51:00-05:00,-1.0224338999999871
none,trail,AUDUSD,S,2023-02-06 10:16:00-05:00,2023-02-06 22:30:00-05:00,-1.0151882999999993
none,trail,AUDUSD,S,2023-02-16 10:03:00-05:00,2023-02-19 21:20:00-05:00,-0.5165751500000114
none,trail,AUDUSD,S,2023-03-06 22:49:00-05:00,2023-03-09 08:59:00-05:00,1.8825528499999822
none,trail,AUDUSD,L,2023-03-17 03:02:00-04:00,2023-03-20 02:33:00-04:00,-0.8603998500000071
none,trail,AUDUSD,L,2023-04-03 07:54:00-04:00,2023-04-05 03:00:00-04:00,-0.9120895500000014
none,trail,AUDUSD,S,2023-04-07 08:35:00-04:00,2023-04-12 06:43:00-04:00,-0.773778200000002
none,trail,AUDUSD,L,2023-04-13 13:10:00-04:00,2023-04-14 10:00:00-04:00,-1.0195290999999986
none,trail,AUDUSD,S,2023-04-25 12:40:00-04:00,2023-04-27 01:14:00-04:00,-0.007360900000014579
none,trail,AUDUSD,L,2023-05-08 00:01:00-04:00,2023-05-08 20:02:00-04:00,0.0981512999999869
none,trail,AUDUSD,S,2023-05-23 21:16:00-04:00,2023-05-28 21:22:00-04:00,2.0711038999999998
none,trail,AUDUSD,S,2023-05-30 23:34:00-04:00,2023-06-01 06:20:00-04:00,-0.9164488000000162
none,trail,AUDUSD,L,2023-06-14 09:38:00-04:00,2023-06-14 14:00:00-04:00,-1.0245952000000076
none,trail,AUDUSD,L,2023-07-11 20:32:00-04:00,2023-07-14 08:12:00-04:00,4.106629249999993
none,trail,AUDUSD,S,2023-07-27 14:15:00-04:00,2023-07-31 02:06:00-04:00,0.5415558999999978
none,trail,AUDUSD,S,2023-08-08 05:22:00-04:00,2023-08-08 22:52:00-04:00,-1.0208899499999995
none,trail,AUDUSD,L,2023-08-30 08:30:00-04:00,2023-08-31 05:02:00-04:00,-0.4754052500000093
none,trail,AUDUSD,S,2023-09-05 02:50:00-04:00,2023-09-06 01:32:00-04:00,-0.22813910000000778
none,trail,AUDUSD,L,2023-09-20 06:10:00-04:00,2023-09-20 15:52:00-04:00,-1.0316980499999908
none,trail,AUDUSD,S,2023-09-26 23:01:00-04:00,2023-09-28 05:43:00-04:00,-0.08655600000000119
none,trail,AUDUSD,S,2023-10-03 00:16:00-04:00,2023-10-04 20:56:00-04:00,-0.3154957000000168
none,trail,AUDUSD,L,2023-10-24 21:08:00-04:00,2023-10-25 03:42:00-04:00,-1.0241463999999936
none,trail,AUDUSD,S,2023-10-25 18:16:00-04:00,2023-10-26 08:54:00-04:00,-1.0230701999999965
none,trail,AUDUSD,L,2023-11-01 15:25:00-04:00,2023-11-02 11:24:00-04:00,0.42562375000002406
none,trail,AUDUSD,L,2023-11-15 06:46:00-05:00,2023-11-15 20:47:00-05:00,-1.0194848500000067
none,trail,AUDUSD,L,2023-12-13 19:52:00-05:00,2023-12-15 08:33:00-05:00,0.05412075000000149
none,trail,AUDUSD,S,2024-01-15 19:27:00-05:00,2024-01-17 22:45:00-05:00,2.265141399999993
none,trail,AUDUSD,L,2024-01-29 19:44:00-05:00,2024-01-30 07:20:00-05:00,-1.028616799999979
none,trail,AUDUSD,S,2024-02-01 02:47:00-05:00,2024-02-01 11:45:00-05:00,-1.0200449499999895
none,trail,AUDUSD,S,2024-02-13 08:48:00-05:00,2024-02-14 08:01:00-05:00,-0.5307862500000101
none,trail,AUDUSD,L,2024-02-16 13:50:00-05:00,2024-02-19 18:15:00-05:00,-0.32765330000001414
none,trail,AUDUSD,L,2024-03-07 04:34:00-05:00,2024-03-10 21:53:00-04:00,0.6967164500000037
none,trail,AUDUSD,S,2024-03-28 03:25:00-04:00,2024-03-29 08:39:00-04:00,-0.6024952499999889
none,trail,AUDUSD,L,2024-04-09 08:48:00-04:00,2024-04-10 08:30:00-04:00,-0.7277813000000194
none,trail,AUDUSD,S,2024-04-12 08:43:00-04:00,2024-04-16 21:21:00-04:00,1.721360349999984
none,trail,AUDUSD,L,2024-05-03 08:30:00-04:00,2024-05-06 22:19:00-04:00,0.9920803500000046
none,trail,AUDUSD,L,2024-05-14 23:30:00-04:00,2024-05-17 04:12:00-04:00,0.3890795000000087
none,trail,AUDUSD,S,2024-05-30 01:48:00-04:00,2024-05-30 05:08:00-04:00,-1.032652099999983
none,trail,AUDUSD,L,2024-06-03 10:00:00-04:00,2024-06-04 04:40:00-04:00,-1.0275742999999893
none,trail,AUDUSD,S,2024-06-07 10:11:00-04:00,2024-06-11 09:09:00-04:00,-0.5462489000000257
none,trail,AUDUSD,L,2024-06-12 10:25:00-04:00,2024-06-12 15:23:00-04:00,-1.0246606499999722
none,trail,AUDUSD,L,2024-06-26 00:48:00-04:00,2024-06-26 07:01:00-04:00,-1.0375571999999864
none,trail,AUDUSD,S,2024-06-27 21:20:00-04:00,2024-06-28 05:39:00-04:00,-1.021963349999987
none,trail,AUDUSD,L,2024-07-01 10:00:00-04:00,2024-07-01 10:20:00-04:00,-1.0291149000000095
none,trail,AUDUSD,S,2024-07-23 08:30:00-04:00,2024-07-26 04:47:00-04:00,2.677897700000005
none,trail,AUDUSD,S,2024-07-30 21:30:00-04:00,2024-07-31 10:28:00-04:00,-1.0347877000000179
none,trail,AUDUSD,L,2024-08-23 16:46:00-04:00,2024-08-26 20:43:00-04:00,-0.9932952000000078
none,trail,AUDUSD,S,2024-09-03 20:41:00-04:00,2024-09-04 09:34:00-04:00,-1.0263585999999907
none,trail,AUDUSD,L,2024-09-17 05:09:00-04:00,2024-09-18 15:48:00-04:00,-0.6766471500000014
none,trail,AUDUSD,S,2024-10-15 13:10:00-04:00,2024-10-17 22:01:00-04:00,-0.2940542499999926
none,trail,AUDUSD,S,2024-11-05 22:06:00-05:00,2024-11-06 03:37:00-05:00,-1.023388500000006
none,trail,AUDUSD,S,2024-11-13 09:33:00-05:00,2024-11-18 10:34:00-05:00,0.9247386499999841
none,trail,AUDUSD,S,2024-11-25 20:03:00-05:00,2024-11-25 22:01:00-05:00,-1.021498949999987
none,trail,AUDUSD,S,2024-12-03 21:37:00-05:00,2024-12-05 02:07:00-05:00,-0.2681586000000158
none,trail,AUDUSD,S,2024-12-17 05:23:00-05:00,2024-12-20 10:09:00-05:00,2.8504761499999915
none,trail,AUDUSD,S,2024-12-31 08:01:00-05:00,2025-01-03 00:48:00-05:00,-0.8066103000000018
none,trail,AUDUSD,S,2025-01-09 03:01:00-05:00,2025-01-09 20:24:00-05:00,-0.7908330499999977
none,trail,AUDUSD,L,2025-01-23 21:14:00-05:00,2025-01-26 17:32:00-05:00,-0.02828819999998595
none,trail,AUDUSD,S,2025-02-02 17:01:00-05:00,2025-02-03 16:36:00-05:00,-1.2742774999999826
none,trail,AUDUSD,L,2025-02-14 02:12:00-05:00,2025-02-17 14:11:00-05:00,0.6560869500000089
none,trail,AUDUSD,L,2025-02-20 03:12:00-05:00,2025-02-24 09:43:00-05:00,-0.7268903999999936
none,trail,AUDUSD,S,2025-02-25 05:23:00-05:00,2025-02-25 18:38:00-05:00,-0.8796320500000061
none,trail,AUDUSD,L,2025-03-17 11:00:00-04:00,2025-03-19 03:02:00-04:00,-0.7401108499999772
none,trail,AUDUSD,S,2025-03-21 11:53:00-04:00,2025-03-23 20:04:00-04:00,-1.0264706500000056
none,trail,AUDUSD,S,2025-03-31 04:16:00-04:00,2025-03-31 22:25:00-04:00,0.14402305000001298
none,trail,AUDUSD,L,2025-04-02 16:14:00-04:00,2025-04-02 16:26:00-04:00,-1.0267331000000204
none,trail,AUDUSD,S,2025-04-04 03:44:00-04:00,2025-04-07 08:29:00-04:00,2.5679763499999915
none,trail,AUDUSD,L,2025-04-16 11:34:00-04:00,2025-04-16 21:00:00-04:00,-0.5873065500000141
none,trail,AUDUSD,L,2025-04-28 22:10:00-04:00,2025-04-29 06:55:00-04:00,-1.0220067000000015
none,trail,AUDUSD,L,2025-05-02 08:42:00-04:00,2025-05-06 05:22:00-04:00,-0.18581205000000509
none,trail,AUDUSD,L,2025-05-25 18:07:00-04:00,2025-05-27 01:10:00-04:00,-1.0228696499999868
none,trail,AUDUSD,L,2025-06-05 09:29:00-04:00,2025-06-05 15:15:00-04:00,-1.0274341499999908
none,trail,AUDUSD,L,2025-06-11 08:35:00-04:00,2025-06-11 09:30:00-04:00,-1.030735550000011
none,trail,AUDUSD,L,2025-06-16 10:02:00-04:00,2025-06-16 20:03:00-04:00,-1.0199782000000157
none,trail,AUDUSD,S,2025-06-19 10:15:00-04:00,2025-06-23 23:13:00-04:00,-1.0086164499999988
none,trail,AUDUSD,L,2025-06-26 10:16:00-04:00,2025-06-27 00:50:00-04:00,-0.299360449999996
none,trail,AUDUSD,L,2025-07-10 16:01:00-04:00,2025-07-10 20:55:00-04:00,-1.0260463999999985
none,trail,AUDUSD,S,2025-07-16 22:05:00-04:00,2025-07-18 05:07:00-04:00,-1.0233965999999823
none,trail,AUDUSD,L,2025-07-23 07:40:00-04:00,2025-07-24 12:23:00-04:00,-0.005621699999994729
none,trail,AUDUSD,S,2025-07-30 09:30:00-04:00,2025-07-31 02:17:00-04:00,-0.5587945999999967
none,trail,AUDUSD,L,2025-08-13 02:39:00-04:00,2025-08-14 02:56:00-04:00,-0.11159190000000618
none,trail,AUDUSD,S,2025-08-18 11:10:00-04:00,2025-08-22 04:50:00-04:00,2.1984013499999664
none,trail,AUDUSD,L,2025-09-05 08:30:00-04:00,2025-09-09 21:29:00-04:00,0.8205094000000044
none,trail,AUDUSD,S,2025-09-25 08:30:00-04:00,2025-09-29 10:48:00-04:00,0.029112600000019064
none,trail,AUDUSD,L,2025-09-30 10:48:00-04:00,2025-09-30 21:05:00-04:00,-1.0310388999999944
none,trail,AUDUSD,S,2025-10-10 11:14:00-04:00,2025-10-14 21:00:00-04:00,0.7338737499999815
none,trail,AUDUSD,L,2025-10-24 08:30:00-04:00,2025-10-24 10:29:00-04:00,-1.0342930500000072
none,trail,AUDUSD,S,2025-11-19 12:25:00-05:00,2025-11-19 18:38:00-05:00,-1.0282406500000094
none,trail,AUDUSD,L,2025-12-02 22:49:00-05:00,2025-12-08 09:58:00-05:00,2.072666300000027
none,trail,AUDUSD,L,2025-12-23 03:45:00-05:00,2025-12-24 19:54:00-05:00,0.6699859499999883
d1roc_h4ma,fixed,AUDUSD,S,2021-02-02 07:47:00-05:00,2021-02-03 20:47:00-05:00,-1.0194262499999949
d1roc_h4ma,fixed,AUDUSD,L,2021-02-14 22:47:00-05:00,2021-02-16 09:01:00-05:00,-1.0308545000000124
d1roc_h4ma,fixed,AUDUSD,L,2021-02-19 03:08:00-05:00,2021-02-19 08:58:00-05:00,1.6428290000000203
d1roc_h4ma,fixed,AUDUSD,S,2021-03-23 00:49:00-04:00,2021-03-23 15:50:00-04:00,1.6430210500000015
d1roc_h4ma,fixed,AUDUSD,S,2021-04-01 00:48:00-04:00,2021-04-01 09:41:00-04:00,-1.0251896000000038
d1roc_h4ma,fixed,AUDUSD,L,2021-04-06 12:45:00-04:00,2021-04-07 04:15:00-04:00,-1.02677119999998
d1roc_h4ma,fixed,AUDUSD,L,2021-04-28 21:49:00-04:00,2021-04-29 04:28:00-04:00,-1.0271502999999853
d1roc_h4ma,fixed,AUDUSD,L,2021-05-07 08:37:00-04:00,2021-05-10 06:04:00-04:00,1.6374046999999958
d1roc_h4ma,fixed,AUDUSD,S,2021-05-28 07:19:00-04:00,2021-05-31 04:21:00-04:00,-1.0316577499999813
d1roc_h4ma,fixed,AUDUSD,L,2021-06-11 03:04:00-04:00,2021-06-11 07:30:00-04:00,-1.0374664000000058
d1roc_h4ma,fixed,AUDUSD,S,2021-06-16 14:01:00-04:00,2021-06-16 20:10:00-04:00,1.6249731500000038
d1roc_h4ma,fixed,AUDUSD,S,2021-07-01 02:35:00-04:00,2021-07-01 03:24:00-04:00,-1.0364672499999983
d1roc_h4ma,fixed,AUDUSD,S,2021-07-01 10:57:00-04:00,2021-07-02 13:18:00-04:00,-1.0325687500000313
d1roc_h4ma,fixed,AUDUSD,S,2021-07-08 02:33:00-04:00,2021-07-09 10:41:00-04:00,-1.0240540000000058
d1roc_h4ma,fixed,AUDUSD,S,2021-07-16 08:41:00-04:00,2021-07-19 07:08:00-04:00,1.6451321999999846
d1roc_h4ma,fixed,AUDUSD,S,2021-08-09 21:56:00-04:00,2021-08-10 07:55:00-04:00,-1.0310387999999842
d1roc_h4ma,fixed,AUDUSD,S,2021-08-16 21:32:00-04:00,2021-08-17 09:08:00-04:00,1.6300271499999885
d1roc_h4ma,fixed,AUDUSD,S,2021-09-29 08:36:00-04:00,2021-10-01 08:01:00-04:00,-1.0231041000000156
d1roc_h4ma,fixed,AUDUSD,L,2021-10-28 10:28:00-04:00,2021-10-29 10:26:00-04:00,-1.0250041999999753
d1roc_h4ma,fixed,AUDUSD,S,2021-11-22 14:18:00-05:00,2021-11-25 19:13:00-05:00,1.640098650000006
d1roc_h4ma,fixed,AUDUSD,L,2021-12-23 02:30:00-05:00,2022-01-03 10:17:00-05:00,-1.026825900000011
d1roc_h4ma,fixed,AUDUSD,L,2022-01-12 10:25:00-05:00,2022-01-14 08:32:00-05:00,-1.0247386000000067
d1roc_h4ma,fixed,AUDUSD,S,2022-01-24 00:32:00-05:00,2022-01-24 09:49:00-05:00,1.6462557999999818
d1roc_h4ma,fixed,AUDUSD,L,2022-02-23 03:13:00-05:00,2022-02-23 19:50:00-05:00,-1.0247803500000014
d1roc_h4ma,fixed,AUDUSD,L,2022-03-01 02:06:00-05:00,2022-03-01 14:17:00-05:00,-1.0210946000000043
d1roc_h4ma,fixed,AUDUSD,L,2022-03-17 11:42:00-04:00,2022-03-22 14:55:00-04:00,1.647783700000002
d1roc_h4ma,fixed,AUDUSD,L,2022-04-04 10:51:00-04:00,2022-04-05 00:46:00-04:00,1.6379322499999989
d1roc_h4ma,fixed,AUDUSD,S,2022-04-21 23:03:00-04:00,2022-04-22 10:03:00-04:00,1.641747850000001
d1roc_h4ma,fixed,AUDUSD,S,2022-05-08 20:19:00-04:00,2022-05-11 22:52:00-04:00,1.6561554000000094
d1roc_h4ma,fixed,AUDUSD,L,2022-05-26 21:49:00-04:00,2022-06-01 08:10:00-04:00,1.6477735499999973
d1roc_h4ma,fixed,AUDUSD,S,2022-06-29 05:56:00-04:00,2022-06-30 09:20:00-04:00,-1.0205240500000174
d1roc_h4ma,fixed,AUDUSD,S,2022-07-11 08:32:00-04:00,2022-07-17 19:39:00-04:00,-1.017500700000005
d1roc_h4ma,fixed,AUDUSD,L,2022-08-10 08:30:00-04:00,2022-08-10 12:13:00-04:00,1.6415883499999984
d1roc_h4ma,fixed,AUDUSD,S,2022-08-19 10:52:00-04:00,2022-08-22 05:58:00-04:00,-1.0182472999999896
d1roc_h4ma,fixed,AUDUSD,S,2022-08-28 21:21:00-04:00,2022-08-29 09:55:00-04:00,-1.0168676000000119
d1roc_h4ma,fixed,AUDUSD,S,2022-09-15 15:11:00-04:00,2022-09-21 19:28:00-04:00,1.6503021000000055
d1roc_h4ma,fixed,AUDUSD,S,2022-10-07 15:13:00-04:00,2022-10-11 00:23:00-04:00,1.6542045000000025
d1roc_h4ma,fixed,AUDUSD,L,2022-11-08 10:07:00-05:00,2022-11-09 10:41:00-05:00,-1.0145332499999977
d1roc_h4ma,fixed,AUDUSD,L,2022-11-30 14:18:00-05:00,2022-12-05 11:23:00-05:00,-1.0157913999999981
d1roc_h4ma,fixed,AUDUSD,L,2022-12-13 08:31:00-05:00,2022-12-15 03:19:00-05:00,-1.0189722999999995
d1roc_h4ma,fixed,AUDUSD,L,2023-01-08 18:36:00-05:00,2023-01-15 20:59:00-05:00,1.6543532500000129
d1roc_h4ma,fixed,AUDUSD,L,2023-01-24 19:30:00-05:00,2023-01-31 03:39:00-05:00,-1.0182964999999968
d1roc_h4ma,fixed,AUDUSD,L,2023-02-01 15:33:00-05:00,2023-02-02 09:51:00-05:00,-1.0224338999999871
d1roc_h4ma,fixed,AUDUSD,S,2023-02-16 10:03:00-05:00,2023-02-20 03:05:00-05:00,-1.0157204500000112
d1roc_h4ma,fixed,AUDUSD,S,2023-03-06 22:49:00-05:00,2023-03-07 10:00:00-05:00,1.6455452000000022
d1roc_h4ma,fixed,AUDUSD,L,2023-04-13 13:10:00-04:00,2023-04-14 10:00:00-04:00,-1.019563100000009
d1roc_h4ma,fixed,AUDUSD,L,2023-05-08 00:01:00-04:00,2023-05-11 03:24:00-04:00,-1.020822700000022
d1roc_h4ma,fixed,AUDUSD,S,2023-05-23 21:16:00-04:00,2023-05-24 09:42:00-04:00,1.6370508000000092
d1roc_h4ma,fixed,AUDUSD,S,2023-05-30 23:34:00-04:00,2023-06-01 07:00:00-04:00,-1.0255466500000245
d1roc_h4ma,fixed,AUDUSD,L,2023-06-14 09:38:00-04:00,2023-06-14 14:00:00-04:00,-1.024537749999995
d1roc_h4ma,fixed,AUDUSD,S,2023-08-08 05:22:00-04:00,2023-08-08 22:52:00-04:00,-1.0208899499999995
d1roc_h4ma,fixed,AUDUSD,S,2023-09-05 02:50:00-04:00,2023-09-10 22:34:00-04:00,-1.0227744999999937
d1roc_h4ma,fixed,AUDUSD,L,2023-09-20 06:10:00-04:00,2023-09-20 15:52:00-04:00,-1.0316980499999908
d1roc_h4ma,fixed,AUDUSD,S,2023-09-26 23:01:00-04:00,2023-09-27 13:21:00-04:00,1.6430042499999984
d1roc_h4ma,fixed,AUDUSD,S,2023-10-03 00:16:00-04:00,2023-10-04 23:18:00-04:00,-1.0227159000000186
d1roc_h4ma,fixed,AUDUSD,S,2023-10-25 18:16:00-04:00,2023-10-26 08:54:00-04:00,-1.0230701999999965
d1roc_h4ma,fixed,AUDUSD,L,2023-11-01 15:25:00-04:00,2023-11-03 08:30:00-04:00,1.6488846000000077
d1roc_h4ma,fixed,AUDUSD,L,2023-11-15 06:46:00-05:00,2023-11-15 20:48:00-05:00,-1.0221093499999947
d1roc_h4ma,fixed,AUDUSD,L,2023-12-13 19:52:00-05:00,2023-12-19 10:20:00-05:00,1.6480329999999825
d1roc_h4ma,fixed,AUDUSD,S,2024-01-15 19:27:00-05:00,2024-01-16 11:01:00-05:00,1.636273399999994
d1roc_h4ma,fixed,AUDUSD,S,2024-02-01 02:47:00-05:00,2024-02-01 11:45:00-05:00,-1.0200449499999895
d1roc_h4ma,fixed,AUDUSD,S,2024-02-13 08:48:00-05:00,2024-02-14 13:02:00-05:00,-1.0349835500000286
d1roc_h4ma,fixed,AUDUSD,L,2024-03-07 04:34:00-05:00,2024-03-08 04:31:00-05:00,1.6418585999999984
d1roc_h4ma,fixed,AUDUSD,L,2024-05-14 23:30:00-04:00,2024-05-15 13:00:00-04:00,1.6306607500000012
d1roc_h4ma,fixed,AUDUSD,L,2024-06-03 10:00:00-04:00,2024-06-04 04:40:00-04:00,-1.027494199999975
d1roc_h4ma,fixed,AUDUSD,L,2024-07-01 10:00:00-04:00,2024-07-01 10:20:00-04:00,-1.0291149000000095
d1roc_h4ma,fixed,AUDUSD,S,2024-07-23 08:30:00-04:00,2024-07-24 00:14:00-04:00,1.627603650000019
d1roc_h4ma,fixed,AUDUSD,S,2024-07-30 21:30:00-04:00,2024-07-31 10:28:00-04:00,-1.0347877000000179
d1roc_h4ma,fixed,AUDUSD,L,2024-08-23 16:46:00-04:00,2024-08-26 20:44:00-04:00,-1.0266263499999908
d1roc_h4ma,fixed,AUDUSD,L,2024-09-17 05:09:00-04:00,2024-09-18 14:30:00-04:00,1.6347727999999773
d1roc_h4ma,fixed,AUDUSD,S,2024-10-15 13:10:00-04:00,2024-10-23 06:45:00-04:00,1.6425886999999912
d1roc_h4ma,fixed,AUDUSD,S,2024-11-05 22:06:00-05:00,2024-11-06 03:37:00-05:00,-1.023388500000006
d1roc_h4ma,fixed,AUDUSD,S,2024-11-13 09:33:00-05:00,2024-11-14 05:20:00-05:00,1.6427331500000062
d1roc_h4ma,fixed,AUDUSD,S,2024-11-25 20:03:00-05:00,2024-11-25 22:01:00-05:00,-1.0215639999999986
d1roc_h4ma,fixed,AUDUSD,S,2024-12-03 21:37:00-05:00,2024-12-06 12:04:00-05:00,1.6437964500000002
d1roc_h4ma,fixed,AUDUSD,S,2024-12-17 05:23:00-05:00,2024-12-18 14:00:00-05:00,1.6351687000000081
d1roc_h4ma,fixed,AUDUSD,S,2024-12-31 08:01:00-05:00,2025-01-05 19:48:00-05:00,-1.0288450999999852
d1roc_h4ma,fixed,AUDUSD,S,2025-01-09 03:01:00-05:00,2025-01-15 08:30:00-05:00,-1.0246131000000125
d1roc_h4ma,fixed,AUDUSD,L,2025-01-23 21:14:00-05:00,2025-01-27 18:23:00-05:00,-1.0251308500000063
d1roc_h4ma,fixed,AUDUSD,S,2025-02-02 17:14:00-05:00,2025-02-02 21:06:00-05:00,1.6429853500000207
d1roc_h4ma,fixed,AUDUSD,L,2025-02-14 02:12:00-05:00,2025-02-20 12:14:00-05:00,1.645991550000011
d1roc_h4ma,fixed,AUDUSD,S,2025-04-04 03:44:00-04:00,2025-04-04 07:12:00-04:00,1.6557062999999945
d1roc_h4ma,fixed,AUDUSD,L,2025-04-28 22:10:00-04:00,2025-04-29 06:55:00-04:00,-1.0220067000000015
d1roc_h4ma,fixed,AUDUSD,L,2025-05-02 08:42:00-04:00,2025-05-06 18:21:00-04:00,1.6447867999999901
d1roc_h4ma,fixed,AUDUSD,L,2025-05-25 18:07:00-04:00,2025-05-27 01:10:00-04:00,-1.0228088500000045
d1roc_h4ma,fixed,AUDUSD,L,2025-06-05 09:29:00-04:00,2025-06-05 15:15:00-04:00,-1.0274341499999908
d1roc_h4ma,fixed,AUDUSD,L,2025-06-11 08:35:00-04:00,2025-06-11 09:30:00-04:00,-1.0308419499999872
d1roc_h4ma,fixed,AUDUSD,L,2025-06-16 10:02:00-04:00,2025-06-16 20:03:00-04:00,-1.0199782000000157
d1roc_h4ma,fixed,AUDUSD,L,2025-06-26 10:16:00-04:00,2025-06-27 13:48:00-04:00,-1.0249765500000012
d1roc_h4ma,fixed,AUDUSD,L,2025-07-10 16:01:00-04:00,2025-07-10 20:55:00-04:00,-1.0260463999999985
d1roc_h4ma,fixed,AUDUSD,S,2025-07-30 09:30:00-04:00,2025-08-01 08:55:00-04:00,-1.0261123500000144
d1roc_h4ma,fixed,AUDUSD,L,2025-08-13 02:39:00-04:00,2025-08-14 08:30:00-04:00,-1.029051249999989
d1roc_h4ma,fixed,AUDUSD,S,2025-10-10 11:14:00-04:00,2025-10-14 01:37:00-04:00,1.6391545499999978
d1roc_h4ma,fixed,AUDUSD,L,2025-12-02 22:49:00-05:00,2025-12-04 10:29:00-05:00,1.6310300500000015
d1roc_h4ma,fixed,AUDUSD,L,2025-12-23 03:45:00-05:00,2025-12-26 09:04:00-05:00,1.6165778499999948
d1roc_h4ma,trail,AUDUSD,S,2021-02-02 07:47:00-05:00,2021-02-03 18:06:00-05:00,-0.6808223000000058
d1roc_h4ma,trail,AUDUSD,L,2021-02-14 22:47:00-05:00,2021-02-16 08:21:00-05:00,-0.28639199999999915
d1roc_h4ma,trail,AUDUSD,L,2021-02-19 03:08:00-05:00,2021-02-24 08:46:00-05:00,2.6481682500000057
d1roc_h4ma,trail,AUDUSD,S,2021-03-23 00:49:00-04:00,2021-03-25 23:44:00-04:00,2.0239977499999857
d1roc_h4ma,trail,AUDUSD,S,2021-04-01 00:48:00-04:00,2021-04-01 09:41:00-04:00,-1.0251896000000038
d1roc_h4ma,trail,AUDUSD,L,2021-04-06 12:45:00-04:00,2021-04-07 04:15:00-04:00,-1.02677119999998
d1roc_h4ma,trail,AUDUSD,L,2021-04-28 21:49:00-04:00,2021-04-29 04:28:00-04:00,-1.0271502999999853
d1roc_h4ma,trail,AUDUSD,L,2021-05-07 08:37:00-04:00,2021-05-10 15:58:00-04:00,0.5191466500000204
d1roc_h4ma,trail,AUDUSD,S,2021-05-28 07:19:00-04:00,2021-05-31 04:21:00-04:00,-1.0316577499999813
d1roc_h4ma,trail,AUDUSD,L,2021-06-11 03:04:00-04:00,2021-06-11 07:13:00-04:00,-0.7986787000000155
d1roc_h4ma,trail,AUDUSD,S,2021-06-16 14:01:00-04:00,2021-06-21 09:20:00-04:00,5.173718450000016
d1roc_h4ma,trail,AUDUSD,S,2021-07-01 02:35:00-04:00,2021-07-01 03:24:00-04:00,-1.0366084500000157
d1roc_h4ma,trail,AUDUSD,S,2021-07-01 10:57:00-04:00,2021-07-02 08:32:00-04:00,0.14200229999998823
d1roc_h4ma,trail,AUDUSD,S,2021-07-08 02:33:00-04:00,2021-07-09 03:20:00-04:00,0.1028791500000026
d1roc_h4ma,trail,AUDUSD,S,2021-07-16 08:41:00-04:00,2021-07-20 15:14:00-04:00,1.9278729000000059
d1roc_h4ma,trail,AUDUSD,S,2021-08-09 21:56:00-04:00,2021-08-10 07:55:00-04:00,-1.0310387999999842
d1roc_h4ma,trail,AUDUSD,S,2021-08-16 21:32:00-04:00,2021-08-22 20:38:00-04:00,6.42876410000001
d1roc_h4ma,trail,AUDUSD,S,2021-09-29 08:36:00-04:00,2021-10-01 05:27:00-04:00,-0.5255357500000103
d1roc_h4ma,trail,AUDUSD,L,2021-10-28 10:28:00-04:00,2021-10-29 08:47:00-04:00,-0.6045190499999817
d1roc_h4ma,trail,AUDUSD,S,2021-11-22 14:18:00-05:00,2021-11-25 17:17:00-05:00,0.9164057500000099
d1roc_h4ma,trail,AUDUSD,L,2021-12-23 02:30:00-05:00,2021-12-24 09:52:00-05:00,0.070799100000002
d1roc_h4ma,trail,AUDUSD,L,2022-01-12 10:25:00-05:00,2022-01-13 19:03:00-05:00,-0.1458578500000042
d1roc_h4ma,trail,AUDUSD,S,2022-01-24 00:32:00-05:00,2022-01-25 10:48:00-05:00,0.3678321499999912
d1roc_h4ma,trail,AUDUSD,L,2022-02-23 03:13:00-05:00,2022-02-23 19:50:00-05:00,-1.0247803500000014
d1roc_h4ma,trail,AUDUSD,L,2022-03-01 02:06:00-05:00,2022-03-01 11:56:00-05:00,-0.8596702500000171
d1roc_h4ma,trail,AUDUSD,L,2022-03-17 11:42:00-04:00,2022-03-18 08:50:00-04:00,0.050287450000005125
d1roc_h4ma,trail,AUDUSD,L,2022-04-04 10:51:00-04:00,2022-04-05 21:14:00-04:00,0.8812747999999945
d1roc_h4ma,trail,AUDUSD,S,2022-04-21 23:03:00-04:00,2022-04-25 22:49:00-04:00,3.1994203999999984
d1roc_h4ma,trail,AUDUSD,S,2022-05-08 20:19:00-04:00,2022-05-11 03:22:00-04:00,0.6398193500000037
d1roc_h4ma,trail,AUDUSD,L,2022-05-26 21:49:00-04:00,2022-05-31 08:40:00-04:00,0.6966251499999935
d1roc_h4ma,trail,AUDUSD,S,2022-06-29 05:56:00-04:00,2022-06-29 22:27:00-04:00,-0.7239532000000145
d1roc_h4ma,trail,AUDUSD,S,2022-07-11 08:32:00-04:00,2022-07-12 08:53:00-04:00,0.30328085000000005
d1roc_h4ma,trail,AUDUSD,L,2022-08-10 08:30:00-04:00,2022-08-12 06:46:00-04:00,1.144360150000017
d1roc_h4ma,trail,AUDUSD,S,2022-08-19 10:52:00-04:00,2022-08-22 04:56:00-04:00,-0.7585218499999911
d1roc_h4ma,trail,AUDUSD,S,2022-08-28 21:21:00-04:00,2022-08-29 09:55:00-04:00,-1.0168676000000119
d1roc_h4ma,trail,AUDUSD,S,2022-09-15 15:11:00-04:00,2022-09-18 18:46:00-04:00,-0.4975196499999974
d1roc_h4ma,trail,AUDUSD,S,2022-10-07 15:13:00-04:00,2022-10-11 11:57:00-04:00,0.5019379999999907
d1roc_h4ma,trail,AUDUSD,L,2022-11-08 10:07:00-05:00,2022-11-09 10:41:00-05:00,-1.0145332499999977
d1roc_h4ma,trail,AUDUSD,L,2022-11-30 14:18:00-05:00,2022-12-01 10:41:00-05:00,0.18990390000000537
d1roc_h4ma,trail,AUDUSD,L,2022-12-13 08:31:00-05:00,2022-12-14 14:08:00-05:00,-0.6584844499999963
d1roc_h4ma,trail,AUDUSD,L,2023-01-08 18:36:00-05:00,2023-01-09 19:16:00-05:00,0.15381894999999984
d1roc_h4ma,trail,AUDUSD,L,2023-01-24 19:30:00-05:00,2023-01-26 10:38:00-05:00,0.6281568500000002
d1roc_h4ma,trail,AUDUSD,L,2023-02-01 15:33:00-05:00,2023-02-02 09:51:00-05:00,-1.0224338999999871
d1roc_h4ma,trail,AUDUSD,S,2023-02-16 10:03:00-05:00,2023-02-19 21:20:00-05:00,-0.5165751500000114
d1roc_h4ma,trail,AUDUSD,S,2023-03-06 22:49:00-05:00,2023-03-09 08:59:00-05:00,1.8825528499999822
d1roc_h4ma,trail,AUDUSD,L,2023-04-13 13:10:00-04:00,2023-04-14 10:00:00-04:00,-1.0195290999999986
d1roc_h4ma,trail,AUDUSD,L,2023-05-08 00:01:00-04:00,2023-05-08 20:02:00-04:00,0.0981512999999869
d1roc_h4ma,trail,AUDUSD,S,2023-05-23 21:16:00-04:00,2023-05-28 21:22:00-04:00,2.0711038999999998
d1roc_h4ma,trail,AUDUSD,S,2023-05-30 23:34:00-04:00,2023-06-01 06:20:00-04:00,-0.9164488000000162
d1roc_h4ma,trail,AUDUSD,L,2023-06-14 09:38:00-04:00,2023-06-14 14:00:00-04:00,-1.0245952000000076
d1roc_h4ma,trail,AUDUSD,S,2023-08-08 05:22:00-04:00,2023-08-08 22:52:00-04:00,-1.0208899499999995
d1roc_h4ma,trail,AUDUSD,S,2023-09-05 02:50:00-04:00,2023-09-06 01:32:00-04:00,-0.22813910000000778
d1roc_h4ma,trail,AUDUSD,L,2023-09-20 06:10:00-04:00,2023-09-20 15:52:00-04:00,-1.0316980499999908
d1roc_h4ma,trail,AUDUSD,S,2023-09-26 23:01:00-04:00,2023-09-28 05:43:00-04:00,-0.08655600000000119
d1roc_h4ma,trail,AUDUSD,S,2023-10-03 00:16:00-04:00,2023-10-04 20:56:00-04:00,-0.3154957000000168
d1roc_h4ma,trail,AUDUSD,S,2023-10-25 18:16:00-04:00,2023-10-26 08:54:00-04:00,-1.0230701999999965
d1roc_h4ma,trail,AUDUSD,L,2023-11-01 15:25:00-04:00,2023-11-02 11:24:00-04:00,0.42562375000002406
d1roc_h4ma,trail,AUDUSD,L,2023-11-15 06:46:00-05:00,2023-11-15 20:47:00-05:00,-1.0194848500000067
d1roc_h4ma,trail,AUDUSD,L,2023-12-13 19:52:00-05:00,2023-12-15 08:33:00-05:00,0.05412075000000149
d1roc_h4ma,trail,AUDUSD,S,2024-01-15 19:27:00-05:00,2024-01-17 22:45:00-05:00,2.265141399999993
d1roc_h4ma,trail,AUDUSD,S,2024-02-01 02:47:00-05:00,2024-02-01 11:45:00-05:00,-1.0200449499999895
d1roc_h4ma,trail,AUDUSD,S,2024-02-13 08:48:00-05:00,2024-02-14 08:01:00-05:00,-0.5307862500000101
d1roc_h4ma,trail,AUDUSD,L,2024-03-07 04:34:00-05:00,2024-03-10 21:53:00-04:00,0.6967164500000037
d1roc_h4ma,trail,AUDUSD,L,2024-05-14 23:30:00-04:00,2024-05-17 04:12:00-04:00,0.3890795000000087
d1roc_h4ma,trail,AUDUSD,L,2024-06-03 10:00:00-04:00,2024-06-04 04:40:00-04:00,-1.0275742999999893
d1roc_h4ma,trail,AUDUSD,L,2024-07-01 10:00:00-04:00,2024-07-01 10:20:00-04:00,-1.0291149000000095
d1roc_h4ma,trail,AUDUSD,S,2024-07-23 08:30:00-04:00,2024-07-26 04:47:00-04:00,2.677897700000005
d1roc_h4ma,trail,AUDUSD,S,2024-07-30 21:30:00-04:00,2024-07-31 10:28:00-04:00,-1.0347877000000179
d1roc_h4ma,trail,AUDUSD,L,2024-08-23 16:46:00-04:00,2024-08-26 20:43:00-04:00,-0.9932952000000078
d1roc_h4ma,trail,AUDUSD,L,2024-09-17 05:09:00-04:00,2024-09-18 15:48:00-04:00,-0.6766471500000014
d1roc_h4ma,trail,AUDUSD,S,2024-10-15 13:10:00-04:00,2024-10-17 22:01:00-04:00,-0.2940542499999926
d1roc_h4ma,trail,AUDUSD,S,2024-11-05 22:06:00-05:00,2024-11-06 03:37:00-05:00,-1.023388500000006
d1roc_h4ma,trail,AUDUSD,S,2024-11-13 09:33:00-05:00,2024-11-18 10:34:00-05:00,0.9247386499999841
d1roc_h4ma,trail,AUDUSD,S,2024-11-25 20:03:00-05:00,2024-11-25 22:01:00-05:00,-1.021498949999987
d1roc_h4ma,trail,AUDUSD,S,2024-12-03 21:37:00-05:00,2024-12-05 02:07:00-05:00,-0.2681586000000158
d1roc_h4ma,trail,AUDUSD,S,2024-12-17 05:23:00-05:00,2024-12-20 10:09:00-05:00,2.8504761499999915
d1roc_h4ma,trail,AUDUSD,S,2024-12-31 08:01:00-05:00,2025-01-03 00:48:00-05:00,-0.8066103000000018
d1roc_h4ma,trail,AUDUSD,S,2025-01-09 03:01:00-05:00,2025-01-09 20:24:00-05:00,-0.7908330499999977
d1roc_h4ma,trail,AUDUSD,L,2025-01-23 21:14:00-05:00,2025-01-26 17:32:00-05:00,-0.02828819999998595
d1roc_h4ma,trail,AUDUSD,S,2025-02-02 17:14:00-05:00,2025-02-03 16:36:00-05:00,-1.020473599999992
d1roc_h4ma,trail,AUDUSD,L,2025-02-14 02:12:00-05:00,2025-02-17 14:11:00-05:00,0.6560869500000089
d1roc_h4ma,trail,AUDUSD,L,2025-02-20 03:12:00-05:00,2025-02-24 09:43:00-05:00,-0.7268903999999936
d1roc_h4ma,trail,AUDUSD,S,2025-04-04 03:44:00-04:00,2025-04-07 08:29:00-04:00,2.5679763499999915
d1roc_h4ma,trail,AUDUSD,L,2025-04-28 22:10:00-04:00,2025-04-29 06:55:00-04:00,-1.0220067000000015
d1roc_h4ma,trail,AUDUSD,L,2025-05-02 08:42:00-04:00,2025-05-06 05:22:00-04:00,-0.18581205000000509
d1roc_h4ma,trail,AUDUSD,L,2025-05-25 18:07:00-04:00,2025-05-27 01:10:00-04:00,-1.0228696499999868
d1roc_h4ma,trail,AUDUSD,L,2025-06-05 09:29:00-04:00,2025-06-05 15:15:00-04:00,-1.0274341499999908
d1roc_h4ma,trail,AUDUSD,L,2025-06-11 08:35:00-04:00,2025-06-11 09:30:00-04:00,-1.030735550000011
d1roc_h4ma,trail,AUDUSD,L,2025-06-16 10:02:00-04:00,2025-06-16 20:03:00-04:00,-1.0199782000000157
d1roc_h4ma,trail,AUDUSD,L,2025-06-26 10:16:00-04:00,2025-06-27 00:50:00-04:00,-0.299360449999996
d1roc_h4ma,trail,AUDUSD,L,2025-07-10 16:01:00-04:00,2025-07-10 20:55:00-04:00,-1.0260463999999985
d1roc_h4ma,trail,AUDUSD,S,2025-07-30 09:30:00-04:00,2025-07-31 02:17:00-04:00,-0.5587945999999967
d1roc_h4ma,trail,AUDUSD,L,2025-08-13 02:39:00-04:00,2025-08-14 02:56:00-04:00,-0.11159190000000618
d1roc_h4ma,trail,AUDUSD,S,2025-10-10 11:14:00-04:00,2025-10-14 21:00:00-04:00,0.7338737499999815
d1roc_h4ma,trail,AUDUSD,L,2025-12-02 22:49:00-05:00,2025-12-08 09:58:00-05:00,2.072666300000027
d1roc_h4ma,trail,AUDUSD,L,2025-12-23 03:45:00-05:00,2025-12-24 19:54:00-05:00,0.6699859499999883
none,fixed,EURUSD,S,2021-01-18 05:30:00-05:00,2021-01-19 02:47:00-05:00,-1.0132276000000024
none,fixed,EURUSD,S,2021-02-01 15:36:00-05:00,2021-02-04 04:00:00-05:00,1.652921000000003
none,fixed,EURUSD,L,2021-02-22 19:50:00-05:00,2021-02-24 08:49:00-05:00,-1.014703099999997
none,fixed,EURUSD,S,2021-03-01 21:50:00-05:00,2021-03-02 11:11:00-05:00,-1.0114691999999785
none,fixed,EURUSD,S,2021-03-24 02:16:00-04:00,2021-03-25 11:57:00-04:00,1.6511750499999693
none,fixed,EURUSD,L,2021-04-14 20:55:00-04:00,2021-04-15 09:02:00-04:00,-1.0177478499999797
none,fixed,EURUSD,L,2021-04-23 13:13:00-04:00,2021-04-28 21:30:00-04:00,1.655586350000005
none,fixed,EURUSD,S,2021-05-05 02:49:00-04:00,2021-05-06 03:08:00-04:00,-1.0174178500000524
none,fixed,EURUSD,L,2021-05-07 10:35:00-04:00,2021-05-12 08:30:00-04:00,-1.0130403000000205
none,fixed,EURUSD,L,2021-05-18 02:23:00-04:00,2021-05-19 01:45:00-04:00,1.6451207999999908
none,fixed,EURUSD,L,2021-05-25 02:43:00-04:00,2021-05-26 11:16:00-04:00,-1.0173658499999894
none,fixed,EURUSD,S,2021-06-03 10:16:00-04:00,2021-06-04 08:56:00-04:00,-1.0157004999999741
none,fixed,EURUSD,S,2021-06-11 10:39:00-04:00,2021-06-15 03:07:00-04:00,-1.0162948000000278
none,fixed,EURUSD,S,2021-06-30 11:42:00-04:00,2021-07-01 08:04:00-04:00,-1.0180884000000037
none,fixed,EURUSD,S,2021-07-07 09:09:00-04:00,2021-07-08 06:04:00-04:00,-1.0180261999999325
none,fixed,EURUSD,S,2021-07-13 15:22:00-04:00,2021-07-14 08:33:00-04:00,-1.0147693999999483
none,fixed,EURUSD,S,2021-07-19 04:43:00-04:00,2021-07-19 09:22:00-04:00,-1.0194719999999977
none,fixed,EURUSD,L,2021-07-29 08:32:00-04:00,2021-08-04 10:25:00-04:00,-1.013631900000008
none,fixed,EURUSD,S,2021-08-08 18:51:00-04:00,2021-08-13 10:15:00-04:00,-1.0180654999999614
none,fixed,EURUSD,S,2021-08-17 16:59:00-04:00,2021-08-18 14:04:00-04:00,-1.018838400000025
none,fixed,EURUSD,L,2021-08-29 20:53:00-04:00,2021-09-02 09:45:00-04:00,1.6497525999999831
none,fixed,EURUSD,S,2021-09-28 02:26:00-04:00,2021-09-29 09:32:00-04:00,1.6413505500000292
none,fixed,EURUSD,S,2021-10-06 03:53:00-04:00,2021-10-13 13:38:00-04:00,-1.0196706000000484
none,fixed,EURUSD,L,2021-10-28 10:06:00-04:00,2021-10-29 08:48:00-04:00,-1.014136900000037
none,fixed,EURUSD,S,2021-11-04 11:25:00-04:00,2021-11-05 16:40:00-04:00,-1.0156950000000167
none,fixed,EURUSD,S,2021-11-10 10:49:00-05:00,2021-11-11 12:52:00-05:00,1.6553131499999625
none,fixed,EURUSD,S,2021-12-15 14:01:00-05:00,2021-12-15 14:53:00-05:00,-1.0156398999999936
none,fixed,EURUSD,L,2021-12-16 08:57:00-05:00,2021-12-16 10:24:00-05:00,-1.0136848000000138
none,fixed,EURUSD,L,2021-12-29 09:48:00-05:00,2021-12-30 03:12:00-05:00,-1.0164270499999846
none,fixed,EURUSD,S,2022-01-04 07:24:00-05:00,2022-01-04 10:26:00-05:00,-1.013500900000024
none,fixed,EURUSD,L,2022-01-12 08:35:00-05:00,2022-01-12 12:46:00-05:00,1.6506390499999801
none,fixed,EURUSD,S,2022-01-25 06:45:00-05:00,2022-01-25 15:56:00-05:00,-1.0160307499999892
none,fixed,EURUSD,L,2022-02-04 06:58:00-05:00,2022-02-04 08:34:00-05:00,-1.011215400000018
none,fixed,EURUSD,L,2022-02-10 11:12:00-05:00,2022-02-10 15:37:00-05:00,-1.0134858999999559
none,fixed,EURUSD,S,2022-02-23 19:56:00-05:00,2022-02-23 23:16:00-05:00,1.6570207999999966
none,fixed,EURUSD,L,2022-03-17 12:56:00-04:00,2022-03-18 06:20:00-04:00,-1.0077199500000071
none,fixed,EURUSD,S,2022-03-27 21:22:00-04:00,2022-03-29 02:44:00-04:00,-1.012890499999972
none,fixed,EURUSD,L,2022-03-30 04:37:00-04:00,2022-03-31 09:12:00-04:00,-1.008917500000014
none,fixed,EURUSD,S,2022-04-05 10:19:00-04:00,2022-04-06 02:00:00-04:00,1.6532267000000171
none,fixed,EURUSD,S,2022-04-25 02:13:00-04:00,2022-04-26 09:18:00-04:00,1.6573901500000177
none,fixed,EURUSD,S,2022-05-12 03:12:00-04:00,2022-05-12 07:50:00-04:00,1.6571405499999867
none,fixed,EURUSD,L,2022-05-23 04:56:00-04:00,2022-05-24 03:20:00-04:00,1.656510350000016
none,fixed,EURUSD,L,2022-06-09 08:26:00-04:00,2022-06-09 09:06:00-04:00,-1.0119260000000145
none,fixed,EURUSD,S,2022-06-09 13:19:00-04:00,2022-06-10 08:57:00-04:00,1.6606322999999747
none,fixed,EURUSD,L,2022-06-22 10:51:00-04:00,2022-06-23 03:15:00-04:00,-1.0092574999999675
none,fixed,EURUSD,S,2022-07-05 04:06:00-04:00,2022-07-05 05:46:00-04:00,1.655119249999973
none,fixed,EURUSD,L,2022-08-01 20:38:00-04:00,2022-08-02 08:17:00-04:00,-1.0074078000000184
none,fixed,EURUSD,L,2022-08-10 08:30:00-04:00,2022-08-10 11:01:00-04:00,1.65394789999996
none,fixed,EURUSD,S,2022-08-16 07:31:00-04:00,2022-08-16 09:54:00-04:00,-1.0103674999999614
none,fixed,EURUSD,S,2022-09-05 01:04:00-04:00,2022-09-05 20:05:00-04:00,-1.007607500000008
none,fixed,EURUSD,L,2022-09-09 03:11:00-04:00,2022-09-12 03:34:00-04:00,1.659205200000022
none,fixed,EURUSD,S,2022-09-21 14:00:00-04:00,2022-09-23 04:11:00-04:00,1.6586922500000052
none,fixed,EURUSD,L,2022-10-23 18:01:00-04:00,2022-10-26 03:27:00-04:00,1.5385952000000058
none,fixed,EURUSD,L,2022-11-08 11:47:00-05:00,2022-11-09 05:29:00-05:00,-1.007998300000005
none,fixed,EURUSD,L,2022-11-28 06:02:00-05:00,2022-11-28 10:25:00-05:00,-1.0073585999999952
none,fixed,EURUSD,L,2022-12-13 08:30:00-05:00,2022-12-14 13:39:00-05:00,1.6593217000000084
none,fixed,EURUSD,S,2022-12-22 14:28:00-05:00,2022-12-23 08:43:00-05:00,-1.009199699999987
none,fixed,EURUSD,S,2023-01-03 03:18:00-05:00,2023-01-04 03:09:00-05:00,-1.011666599999972
none,fixed,EURUSD,L,2023-01-09 08:25:00-05:00,2023-01-12 08:54:00-05:00,1.6584462000000113
none,fixed,EURUSD,L,2023-02-01 14:38:00-05:00,2023-02-01 15:07:00-05:00,1.6511276000000061
none,fixed,EURUSD,S,2023-02-03 14:51:00-05:00,2023-02-07 09:45:00-05:00,1.6575038999999934
none,fixed,EURUSD,S,2023-02-16 10:03:00-05:00,2023-02-20 03:05:00-05:00,-1.010401499999999
none,fixed,EURUSD,S,2023-02-22 14:15:00-05:00,2023-02-24 09:04:00-05:00,1.6544989500000313
none,fixed,EURUSD,L,2023-03-06 11:55:00-05:00,2023-03-07 09:15:00-05:00,-1.0120914999999955
none,fixed,EURUSD,S,2023-03-07 21:58:00-05:00,2023-03-09 06:25:00-05:00,-1.010817800000043
none,fixed,EURUSD,L,2023-03-10 10:33:00-05:00,2023-03-10 13:22:00-05:00,-1.0117526999999722
none,fixed,EURUSD,S,2023-03-15 09:29:00-04:00,2023-03-16 00:01:00-04:00,-1.0066778000000083
none,fixed,EURUSD,L,2023-03-21 06:57:00-04:00,2023-03-22 14:00:00-04:00,1.6561216999999755
none,fixed,EURUSD,L,2023-04-04 03:52:00-04:00,2023-04-07 08:35:00-04:00,-1.0110911000000038
none,fixed,EURUSD,L,2023-04-12 08:31:00-04:00,2023-04-13 05:33:00-04:00,1.6553720500000342
none,fixed,EURUSD,L,2023-04-26 09:24:00-04:00,2023-04-26 14:21:00-04:00,-1.0121022000000024
none,fixed,EURUSD,S,2023-05-09 09:17:00-04:00,2023-05-10 08:31:00-04:00,-1.0118854999999758
none,fixed,EURUSD,S,2023-05-24 06:09:00-04:00,2023-05-24 08:21:00-04:00,-1.0156274999999846
none,fixed,EURUSD,L,2023-06-08 11:30:00-04:00,2023-06-11 21:39:00-04:00,-1.0138411000000098
none,fixed,EURUSD,L,2023-06-21 12:51:00-04:00,2023-06-22 22:05:00-04:00,-1.0169284999999908
none,fixed,EURUSD,S,2023-06-30 04:25:00-04:00,2023-06-30 08:34:00-04:00,-1.01295375000004
none,fixed,EURUSD,S,2023-07-06 00:05:00-04:00,2023-07-06 02:52:00-04:00,-1.0151830000000204
none,fixed,EURUSD,L,2023-07-10 21:31:00-04:00,2023-07-12 09:18:00-04:00,1.6568563500000046
none,fixed,EURUSD,S,2023-08-02 10:09:00-04:00,2023-08-04 08:48:00-04:00,-1.0118869999999758
none,fixed,EURUSD,L,2023-08-10 08:30:00-04:00,2023-08-10 13:21:00-04:00,-1.0137955000000067
none,fixed,EURUSD,S,2023-08-14 08:43:00-04:00,2023-08-15 09:15:00-04:00,-1.0138278999999961
none,fixed,EURUSD,L,2023-08-30 09:34:00-04:00,2023-08-31 04:09:00-04:00,-1.0116922999999998
none,fixed,EURUSD,S,2023-09-05 02:28:00-04:00,2023-09-05 10:48:00-04:00,1.6514334499999486
none,fixed,EURUSD,S,2023-09-14 08:30:00-04:00,2023-09-20 10:01:00-04:00,-1.0143883999999652
none,fixed,EURUSD,S,2023-09-20 20:49:00-04:00,2023-09-26 20:44:00-04:00,1.6517332000000036
none,fixed,EURUSD,L,2023-10-10 11:56:00-04:00,2023-10-12 09:32:00-04:00,-1.0097516000000104
none,fixed,EURUSD,L,2023-10-23 11:34:00-04:00,2023-10-24 09:45:00-04:00,-1.0131575999999594
none,fixed,EURUSD,S,2023-11-01 09:31:00-04:00,2023-11-01 10:27:00-04:00,-1.0122858000000206
none,fixed,EURUSD,L,2023-11-03 08:31:00-04:00,2023-11-14 08:30:00-05:00,1.6576072999999965
none,fixed,EURUSD,L,2023-11-28 08:43:00-05:00,2023-11-28 20:00:00-05:00,1.648304400000011
none,fixed,EURUSD,S,2023-12-01 09:44:00-05:00,2023-12-03 18:26:00-05:00,-1.0125466999999762
none,fixed,EURUSD,L,2023-12-21 16:41:00-05:00,2023-12-27 09:07:00-05:00,1.6566978500000078
none,fixed,EURUSD,S,2024-01-16 06:04:00-05:00,2024-01-23 01:55:00-05:00,-1.0144389000000569
none,fixed,EURUSD,S,2024-01-23 10:23:00-05:00,2024-01-24 02:43:00-05:00,-1.0158455000000124
none,fixed,EURUSD,S,2024-02-13 08:40:00-05:00,2024-02-15 08:21:00-05:00,-1.0186400999999872
none,fixed,EURUSD,L,2024-02-20 05:36:00-05:00,2024-02-22 02:39:00-05:00,1.6477863500000196
none,fixed,EURUSD,L,2024-03-06 09:46:00-05:00,2024-03-07 11:28:00-05:00,1.6415632499999537
none,fixed,EURUSD,S,2024-03-28 03:33:00-04:00,2024-04-01 10:00:00-04:00,1.6506947999999462
none,fixed,EURUSD,S,2024-04-11 08:15:00-04:00,2024-04-12 05:18:00-04:00,1.6519101500000417
none,fixed,EURUSD,L,2024-05-03 08:26:00-04:00,2024-05-03 08:31:00-04:00,1.6511162500000183
none,fixed,EURUSD,L,2024-05-14 09:08:00-04:00,2024-05-15 08:30:00-04:00,1.6517321499999371
none,fixed,EURUSD,S,2024-05-29 15:02:00-04:00,2024-05-30 10:06:00-04:00,-1.0169329999999774
none,fixed,EURUSD,L,2024-06-03 11:36:00-04:00,2024-06-05 12:10:00-04:00,-1.0163751000000163
none,fixed,EURUSD,S,2024-06-09 18:01:00-04:00,2024-06-11 07:18:00-04:00,1.2804142999999883
none,fixed,EURUSD,S,2024-06-26 09:19:00-04:00,2024-06-27 02:31:00-04:00,-1.0186271000000444
none,fixed,EURUSD,L,2024-07-11 05:05:00-04:00,2024-07-11 08:30:00-04:00,1.640921299999982
none,fixed,EURUSD,S,2024-07-29 07:43:00-04:00,2024-08-01 05:05:00-04:00,1.6524362000000148
none,fixed,EURUSD,L,2024-08-05 03:30:00-04:00,2024-08-06 06:31:00-04:00,-1.0128089999999883
none,fixed,EURUSD,L,2024-08-14 04:17:00-04:00,2024-08-15 08:30:00-04:00,-1.0187482000000252
none,fixed,EURUSD,S,2024-09-10 09:49:00-04:00,2024-09-12 13:58:00-04:00,-1.0172798999999777
none,fixed,EURUSD,L,2024-09-18 14:00:00-04:00,2024-09-18 15:21:00-04:00,-1.018033500000056
none,fixed,EURUSD,L,2024-09-24 19:51:00-04:00,2024-09-25 11:55:00-04:00,-1.0126983000000174
none,fixed,EURUSD,S,2024-10-01 09:36:00-04:00,2024-10-04 08:30:00-04:00,1.6562310499999926
none,fixed,EURUSD,S,2024-11-05 21:36:00-05:00,2024-11-06 07:32:00-05:00,1.655932500000026
none,fixed,EURUSD,S,2024-11-21 11:16:00-05:00,2024-11-22 04:09:00-05:00,1.6518838000000036
none,fixed,EURUSD,L,2024-12-06 08:30:00-05:00,2024-12-06 10:16:00-05:00,-1.0114029500000057
none,fixed,EURUSD,S,2024-12-12 21:51:00-05:00,2024-12-13 07:40:00-05:00,-1.0108415000000346
none,fixed,EURUSD,S,2024-12-18 14:00:00-05:00,2024-12-18 14:44:00-05:00,1.6566993500000233
none,fixed,EURUSD,S,2025-01-02 05:32:00-05:00,2025-01-02 10:28:00-05:00,1.6568433500000233
none,fixed,EURUSD,S,2025-01-10 08:33:00-05:00,2025-01-10 09:02:00-05:00,-1.013096200000045
none,fixed,EURUSD,L,2025-01-22 04:44:00-05:00,2025-01-23 11:12:00-05:00,-1.008432899999996
none,fixed,EURUSD,L,2025-02-13 11:22:00-05:00,2025-02-13 13:42:00-05:00,-1.0088158999999925
none,fixed,EURUSD,L,2025-02-23 20:43:00-05:00,2025-02-24 03:18:00-05:00,-1.0132142000000308
none,fixed,EURUSD,S,2025-02-27 12:48:00-05:00,2025-03-03 06:07:00-05:00,-1.010902700000012
none,fixed,EURUSD,L,2025-03-04 06:51:00-05:00,2025-03-04 15:05:00-05:00,1.6560926499999795
none,fixed,EURUSD,L,2025-03-18 04:14:00-04:00,2025-03-18 08:31:00-04:00,-1.014086799999992
none,fixed,EURUSD,L,2025-04-03 02:34:00-04:00,2025-04-03 06:05:00-04:00,1.6607934999999951
none,fixed,EURUSD,L,2025-04-10 10:38:00-04:00,2025-04-10 20:32:00-04:00,1.662947300000006
none,fixed,EURUSD,L,2025-04-20 20:11:00-04:00,2025-04-21 03:57:00-04:00,1.6526784000000259
none,fixed,EURUSD,S,2025-04-30 21:48:00-04:00,2025-05-02 09:38:00-04:00,-1.009792100000011
none,fixed,EURUSD,S,2025-05-08 11:39:00-04:00,2025-05-12 03:13:00-04:00,1.659797500000021
none,fixed,EURUSD,L,2025-05-25 19:19:00-04:00,2025-05-27 11:55:00-04:00,-1.0095271999999997
none,fixed,EURUSD,L,2025-06-02 03:24:00-04:00,2025-06-03 10:08:00-04:00,-1.0102714000000206
none,fixed,EURUSD,L,2025-06-11 12:38:00-04:00,2025-06-12 05:53:00-04:00,1.652658900000026
none,fixed,EURUSD,L,2025-06-24 10:24:00-04:00,2025-06-26 04:13:00-04:00,1.6566912499999757
none,fixed,EURUSD,L,2025-07-22 10:54:00-04:00,2025-07-24 10:07:00-04:00,1.6560124500000049
none,fixed,EURUSD,S,2025-07-29 02:34:00-04:00,2025-07-30 08:54:00-04:00,1.6523174500000315
none,fixed,EURUSD,L,2025-08-13 03:09:00-04:00,2025-08-14 08:30:00-04:00,-1.0127852000000024
none,fixed,EURUSD,S,2025-08-21 23:57:00-04:00,2025-08-22 10:00:00-04:00,-1.0154685000000203
none,fixed,EURUSD,L,2025-08-22 11:27:00-04:00,2025-08-24 21:46:00-04:00,-1.0157884500000094
none,fixed,EURUSD,S,2025-08-27 04:31:00-04:00,2025-08-27 12:47:00-04:00,-1.0115641999999876
none,fixed,EURUSD,L,2025-09-05 08:30:00-04:00,2025-09-09 19:23:00-04:00,-1.0160234999999793
none,fixed,EURUSD,L,2025-09-15 23:31:00-04:00,2025-09-16 10:05:00-04:00,1.6494784499999864
none,fixed,EURUSD,S,2025-09-25 08:30:00-04:00,2025-09-25 10:54:00-04:00,1.6446787500000009
none,fixed,EURUSD,S,2025-10-07 20:20:00-04:00,2025-10-09 10:27:00-04:00,1.6529100500000373
none,fixed,EURUSD,S,2025-10-30 08:28:00-04:00,2025-11-03 08:29:00-05:00,1.650476750000006
none,fixed,EURUSD,L,2025-12-03 05:15:00-05:00,2025-12-08 10:15:00-05:00,-1.019635100000016
none,fixed,EURUSD,L,2025-12-10 15:03:00-05:00,2025-12-11 08:42:00-05:00,1.645417150000048
none,fixed,EURUSD,L,2025-12-23 20:37:00-05:00,2025-12-24 19:53:00-05:00,-1.0177535000000164
none,trail,EURUSD,S,2021-01-18 05:30:00-05:00,2021-01-18 19:36:00-05:00,-0.6606919499999951
none,trail,EURUSD,S,2021-02-01 15:36:00-05:00,2021-02-03 15:43:00-05:00,0.6073462999999689
none,trail,EURUSD,L,2021-02-22 19:50:00-05:00,2021-02-24 08:10:00-05:00,-0.6584816000000364
none,trail,EURUSD,S,2021-03-01 21:50:00-05:00,2021-03-02 11:11:00-05:00,-1.0114691999999785
none,trail,EURUSD,S,2021-03-24 02:16:00-04:00,2021-03-26 11:39:00-04:00,1.0395949
none,trail,EURUSD,L,2021-04-14 20:55:00-04:00,2021-04-15 06:31:00-04:00,-0.6127750000000244
none,trail,EURUSD,L,2021-04-23 13:13:00-04:00,2021-04-27 04:11:00-04:00,-0.4856454999999869
none,trail,EURUSD,S,2021-05-05 02:49:00-04:00,2021-05-06 03:08:00-04:00,-1.0174178500000524
none,trail,EURUSD,L,2021-05-07 10:35:00-04:00,2021-05-10 16:28:00-04:00,-0.31171299999999724
none,trail,EURUSD,L,2021-05-18 02:23:00-04:00,2021-05-19 07:18:00-04:00,0.4839742499999985
none,trail,EURUSD,L,2021-05-25 02:43:00-04:00,2021-05-26 07:58:00-04:00,-0.5773147000000115
none,trail,EURUSD,S,2021-06-03 10:16:00-04:00,2021-06-04 08:56:00-04:00,-1.0157004999999741
none,trail,EURUSD,S,2021-06-11 10:39:00-04:00,2021-06-14 03:27:00-04:00,-0.2507422000000306
none,trail,EURUSD,S,2021-06-30 11:42:00-04:00,2021-07-01 08:04:00-04:00,-1.0180884000000037
none,trail,EURUSD,S,2021-07-07 09:09:00-04:00,2021-07-08 04:57:00-04:00,-0.5084031499999389
none,trail,EURUSD,S,2021-07-13 15:22:00-04:00,2021-07-14 08:33:00-04:00,-1.0147693999999483
none,trail,EURUSD,S,2021-07-19 04:43:00-04:00,2021-07-19 09:22:00-04:00,-1.0194719999999977
none,trail,EURUSD,L,2021-07-29 08:32:00-04:00,2021-07-30 09:32:00-04:00,-0.16341370000001568
none,trail,EURUSD,S,2021-08-08 18:51:00-04:00,2021-08-09 08:38:00-04:00,-0.49387599999997617
none,trail,EURUSD,S,2021-08-17 16:59:00-04:00,2021-08-18 14:04:00-04:00,-0.8188986500000474
none,trail,EURUSD,L,2021-08-29 20:53:00-04:00,2021-09-01 01:10:00-04:00,-0.2601099499999932
none,trail,EURUSD,S,2021-09-28 02:26:00-04:00,2021-10-03 18:21:00-04:00,2.787637099999961
none,trail,EURUSD,S,2021-10-06 03:53:00-04:00,2021-10-07 02:35:00-04:00,0.03391744999995445
none,trail,EURUSD,S,2021-10-12 12:54:00-04:00,2021-10-13 04:19:00-04:00,-1.0194088499999605
none,trail,EURUSD,L,2021-10-28 10:06:00-04:00,2021-10-29 08:48:00-04:00,-1.0141635000000204
none,trail,EURUSD,S,2021-11-04 11:25:00-04:00,2021-11-05 03:12:00-04:00,-0.6776313500000097
none,trail,EURUSD,S,2021-11-10 10:49:00-05:00,2021-11-12 10:16:00-05:00,1.5536624499999676
none,trail,EURUSD,S,2021-12-15 14:01:00-05:00,2021-12-15 14:53:00-05:00,-1.0156398999999936
none,trail,EURUSD,L,2021-12-16 08:57:00-05:00,2021-12-16 10:26:00-05:00,-1.0136402000000304
none,trail,EURUSD,L,2021-12-29 09:48:00-05:00,2021-12-30 03:12:00-05:00,-1.0164270499999846
none,trail,EURUSD,S,2022-01-04 07:24:00-05:00,2022-01-04 10:26:00-05:00,-0.8800210000000277
none,trail,EURUSD,L,2022-01-12 08:35:00-05:00,2022-01-14 07:19:00-05:00,1.7774795999999595
none,trail,EURUSD,S,2022-01-25 06:45:00-05:00,2022-01-25 15:56:00-05:00,-1.0160829999999696
none,trail,EURUSD,L,2022-02-04 06:58:00-05:00,2022-02-04 08:34:00-05:00,-1.011215400000018
none,trail,EURUSD,L,2022-02-10 11:12:00-05:00,2022-02-10 15:37:00-05:00,-1.0134858999999559
none,trail,EURUSD,S,2022-02-23 19:56:00-05:00,2022-02-24 23:11:00-05:00,1.4010385999999664
none,trail,EURUSD,L,2022-03-17 12:56:00-04:00,2022-03-18 06:20:00-04:00,-1.007706399999984
none,trail,EURUSD,S,2022-03-27 21:22:00-04:00,2022-03-28 12:50:00-04:00,-0.9635073499999776
none,trail,EURUSD,L,2022-03-30 04:37:00-04:00,2022-03-31 05:47:00-04:00,-0.4438029499999934
none,trail,EURUSD,S,2022-04-05 10:19:00-04:00,2022-04-07 09:31:00-04:00,0.26561254999999223
none,trail,EURUSD,S,2022-04-25 02:13:00-04:00,2022-04-29 01:18:00-04:00,4.090359700000027
none,trail,EURUSD,S,2022-05-12 03:12:00-04:00,2022-05-15 21:08:00-04:00,1.2644127000000085
none,trail,EURUSD,L,2022-05-23 04:56:00-04:00,2022-05-25 06:46:00-04:00,0.37111690000001557
none,trail,EURUSD,L,2022-06-09 08:26:00-04:00,2022-06-09 09:06:00-04:00,-1.0119260000000145
none,trail,EURUSD,S,2022-06-09 13:19:00-04:00,2022-06-15 02:26:00-04:00,2.2964924499999837
none,trail,EURUSD,L,2022-06-22 10:51:00-04:00,2022-06-23 03:15:00-04:00,-1.0092574999999675
none,trail,EURUSD,S,2022-07-05 04:06:00-04:00,2022-07-06 02:55:00-04:00,2.047144399999987
none,trail,EURUSD,L,2022-08-01 20:38:00-04:00,2022-08-02 08:17:00-04:00,-1.0074078000000184
none,trail,EURUSD,L,2022-08-10 08:30:00-04:00,2022-08-11 20:26:00-04:00,0.39042640000000156
none,trail,EURUSD,S,2022-08-16 07:31:00-04:00,2022-08-16 09:54:00-04:00,-1.0103674999999614
none,trail,EURUSD,S,2022-09-05 01:04:00-04:00,2022-09-05 18:15:00-04:00,-0.7225775999999999
none,trail,EURUSD,L,2022-09-09 03:11:00-04:00,2022-09-13 08:30:00-04:00,0.4509083500000215
none,trail,EURUSD,S,2022-09-21 14:00:00-04:00,2022-09-28 06:02:00-04:00,4.469933599999994
none,trail,EURUSD,L,2022-10-23 18:01:00-04:00,2022-10-28 03:13:00-04:00,1.0003645999999984
none,trail,EURUSD,L,2022-11-08 11:47:00-05:00,2022-11-09 05:29:00-05:00,-1.007998300000005
none,trail,EURUSD,L,2022-11-28 06:02:00-05:00,2022-11-28 10:25:00-05:00,-1.0073665499999855
none,trail,EURUSD,L,2022-12-13 08:30:00-05:00,2022-12-15 04:00:00-05:00,0.4900604999999974
none,trail,EURUSD,S,2022-12-22 14:28:00-05:00,2022-12-23 02:57:00-05:00,-1.009224249999975
none,trail,EURUSD,S,2023-01-03 03:18:00-05:00,2023-01-04 02:43:00-05:00,-0.5718441499999691
none,trail,EURUSD,L,2023-01-09 08:25:00-05:00,2023-01-10 07:42:00-05:00,0.10669405000000859
none,trail,EURUSD,L,2023-02-01 14:38:00-05:00,2023-02-02 10:09:00-05:00,-0.9720124999999732
none,trail,EURUSD,S,2023-02-03 14:51:00-05:00,2023-02-07 12:47:00-05:00,0.8219946500000002
none,trail,EURUSD,S,2023-02-16 10:03:00-05:00,2023-02-17 10:12:00-05:00,-0.13156435000001857
none,trail,EURUSD,S,2023-02-22 14:15:00-05:00,2023-02-27 03:42:00-05:00,1.26801775000002
none,trail,EURUSD,L,2023-03-06 11:55:00-05:00,2023-03-07 09:15:00-05:00,-1.0120914999999955
none,trail,EURUSD,S,2023-03-07 21:58:00-05:00,2023-03-09 06:07:00-05:00,-0.8963667999999985
none,trail,EURUSD,L,2023-03-10 10:33:00-05:00,2023-03-10 13:22:00-05:00,-1.0117526999999722
none,trail,EURUSD,S,2023-03-15 09:29:00-04:00,2023-03-16 00:01:00-04:00,-1.0066778000000083
none,trail,EURUSD,L,2023-03-21 06:57:00-04:00,2023-03-23 13:51:00-04:00,2.173481750000005
none,trail,EURUSD,L,2023-04-04 03:52:00-04:00,2023-04-05 21:00:00-04:00,-0.8422918999999892
none,trail,EURUSD,L,2023-04-12 08:31:00-04:00,2023-04-14 11:50:00-04:00,0.08869105000003977
none,trail,EURUSD,L,2023-04-26 09:24:00-04:00,2023-04-26 14:21:00-04:00,-1.0121022000000024
none,trail,EURUSD,S,2023-05-09 09:17:00-04:00,2023-05-09 21:08:00-04:00,-0.7020836999999694
none,trail,EURUSD,S,2023-05-24 06:09:00-04:00,2023-05-24 08:21:00-04:00,-1.0156274999999846
none,trail,EURUSD,L,2023-06-08 11:30:00-04:00,2023-06-11 21:39:00-04:00,-1.0138411000000098
none,trail,EURUSD,L,2023-06-21 12:51:00-04:00,2023-06-22 09:05:00-04:00,0.28591330000003173
none,trail,EURUSD,S,2023-06-30 04:25:00-04:00,2023-06-30 08:26:00-04:00,-0.7923985000000421
none,trail,EURUSD,S,2023-07-06 00:05:00-04:00,2023-07-06 02:52:00-04:00,-1.0151830000000204
none,trail,EURUSD,L,2023-07-10 21:31:00-04:00,2023-07-14 02:46:00-04:00,4.994259650000025
none,trail,EURUSD,S,2023-08-02 10:09:00-04:00,2023-08-03 08:41:00-04:00,-0.14170849999999074
none,trail,EURUSD,L,2023-08-10 08:30:00-04:00,2023-08-10 13:21:00-04:00,-1.0138344999999895
none,trail,EURUSD,S,2023-08-14 08:43:00-04:00,2023-08-15 09:15:00-04:00,-1.0137929000000134
none,trail,EURUSD,L,2023-08-30 09:34:00-04:00,2023-08-31 04:09:00-04:00,-1.0116922999999998
none,trail,EURUSD,S,2023-09-05 02:28:00-04:00,2023-09-08 10:00:00-04:00,1.1067850499999492
none,trail,EURUSD,S,2023-09-14 08:30:00-04:00,2023-09-18 11:05:00-04:00,0.22010045000003065
none,trail,EURUSD,S,2023-09-20 20:49:00-04:00,2023-09-22 10:30:00-04:00,-0.8506107499999958
none,trail,EURUSD,L,2023-10-10 11:56:00-04:00,2023-10-12 08:36:00-04:00,-0.7132523000000042
none,trail,EURUSD,L,2023-10-23 11:34:00-04:00,2023-10-24 09:45:00-04:00,-1.0131575999999594
none,trail,EURUSD,S,2023-11-01 09:31:00-04:00,2023-11-01 10:27:00-04:00,-1.0122858000000206
none,trail,EURUSD,L,2023-11-03 08:31:00-04:00,2023-11-06 14:57:00-05:00,0.6274442500000037
none,trail,EURUSD,L,2023-11-14 08:30:00-05:00,2023-11-15 02:19:00-05:00,3.6594387000000137
none,trail,EURUSD,L,2023-11-28 08:43:00-05:00,2023-11-30 02:40:00-05:00,-0.19725420000000368
none,trail,EURUSD,S,2023-12-01 09:44:00-05:00,2023-12-03 18:26:00-05:00,-1.012527599999992
none,trail,EURUSD,L,2023-12-21 16:41:00-05:00,2023-12-24 19:54:00-05:00,-0.24869869999996846
none,trail,EURUSD,S,2024-01-16 06:04:00-05:00,2024-01-17 16:59:00-05:00,-0.20999290000004048
none,trail,EURUSD,S,2024-01-23 10:23:00-05:00,2024-01-24 02:43:00-05:00,-1.0158455000000124
none,trail,EURUSD,S,2024-02-13 08:40:00-05:00,2024-02-14 09:30:00-05:00,0.12006220000001715
none,trail,EURUSD,L,2024-02-20 05:36:00-05:00,2024-02-21 03:49:00-05:00,-0.05546809999999597
none,trail,EURUSD,L,2024-03-06 09:46:00-05:00,2024-03-11 09:58:00-04:00,1.1112351499999527
none,trail,EURUSD,S,2024-03-28 03:33:00-04:00,2024-04-02 06:58:00-04:00,2.364992299999961
none,trail,EURUSD,S,2024-04-11 08:15:00-04:00,2024-04-17 12:31:00-04:00,2.040325050000012
none,trail,EURUSD,L,2024-05-03 08:26:00-04:00,2024-05-06 21:31:00-04:00,0.36629960000001177
none,trail,EURUSD,L,2024-05-14 09:08:00-04:00,2024-05-16 22:31:00-04:00,1.6126499499999418
none,trail,EURUSD,S,2024-05-29 15:02:00-04:00,2024-05-30 10:06:00-04:00,-1.016872899999999
none,trail,EURUSD,L,2024-06-03 11:36:00-04:00,2024-06-05 12:03:00-04:00,-0.962691699999966
none,trail,EURUSD,S,2024-06-09 18:01:00-04:00,2024-06-12 04:04:00-04:00,0.6547418999999857
none,trail,EURUSD,S,2024-06-26 09:19:00-04:00,2024-06-27 02:31:00-04:00,-1.0186271000000444
none,trail,EURUSD,L,2024-07-11 05:05:00-04:00,2024-07-16 02:33:00-04:00,1.5364466999999606
none,trail,EURUSD,S,2024-07-29 07:43:00-04:00,2024-07-30 03:15:00-04:00,-0.022872150000024353
none,trail,EURUSD,L,2024-08-05 03:30:00-04:00,2024-08-06 02:12:00-04:00,-0.11874314999998287
none,trail,EURUSD,L,2024-08-14 04:17:00-04:00,2024-08-15 05:02:00-04:00,-0.2159065000000181
none,trail,EURUSD,S,2024-09-10 09:49:00-04:00,2024-09-12 08:15:00-04:00,0.06476150000002737
none,trail,EURUSD,L,2024-09-18 14:00:00-04:00,2024-09-18 15:21:00-04:00,-1.018033500000056
none,trail,EURUSD,L,2024-09-24 19:51:00-04:00,2024-09-25 11:55:00-04:00,-1.0126983000000174
none,trail,EURUSD,S,2024-10-01 09:36:00-04:00,2024-10-02 04:15:00-04:00,-0.11958070000001002
none,trail,EURUSD,S,2024-11-05 21:36:00-05:00,2024-11-07 02:10:00-05:00,0.21567139999999368
none,trail,EURUSD,S,2024-11-21 11:16:00-05:00,2024-11-24 18:29:00-05:00,-0.049055899999985504
none,trail,EURUSD,L,2024-12-06 08:30:00-05:00,2024-12-06 10:16:00-05:00,-1.0114029500000057
none,trail,EURUSD,S,2024-12-12 21:51:00-05:00,2024-12-13 04:56:00-05:00,-0.4499619500000289
none,trail,EURUSD,S,2024-12-18 14:00:00-05:00,2024-12-20 11:36:00-05:00,0.8352520500000102
none,trail,EURUSD,S,2025-01-02 05:32:00-05:00,2025-01-06 06:14:00-05:00,-1.0135471500000242
none,trail,EURUSD,S,2025-01-10 08:33:00-05:00,2025-01-10 09:02:00-05:00,-1.013096200000045
none,trail,EURUSD,L,2025-01-22 04:44:00-05:00,2025-01-22 21:05:00-05:00,-0.6432613000000287
none,trail,EURUSD,L,2025-02-13 11:22:00-05:00,2025-02-13 13:42:00-05:00,-1.0087777500000041
none,trail,EURUSD,L,2025-02-23 20:43:00-05:00,2025-02-24 03:18:00-05:00,-1.0132142000000308
none,trail,EURUSD,S,2025-02-27 12:48:00-05:00,2025-03-02 18:22:00-05:00,-0.4338129500000316
none,trail,EURUSD,L,2025-03-04 06:51:00-05:00,2025-03-06 13:40:00-05:00,5.263911200000015
none,trail,EURUSD,L,2025-03-18 04:14:00-04:00,2025-03-18 08:31:00-04:00,-1.014086799999992
none,trail,EURUSD,L,2025-04-03 02:34:00-04:00,2025-04-04 03:46:00-04:00,0.9130688000000012
none,trail,EURUSD,L,2025-04-10 10:38:00-04:00,2025-04-15 07:40:00-04:00,1.5264010000000063
none,trail,EURUSD,L,2025-04-20 20:11:00-04:00,2025-04-22 08:01:00-04:00,0.13634350000001105
none,trail,EURUSD,S,2025-04-30 21:48:00-04:00,2025-05-02 05:38:00-04:00,-0.6061532000000311
none,trail,EURUSD,S,2025-05-08 11:39:00-04:00,2025-05-19 03:22:00-04:00,0.7826613499999963
none,trail,EURUSD,L,2025-05-25 19:19:00-04:00,2025-05-27 01:11:00-04:00,-0.22510884999999978
none,trail,EURUSD,L,2025-06-02 03:24:00-04:00,2025-06-03 05:03:00-04:00,-0.2840842000000205
none,trail,EURUSD,L,2025-06-11 12:38:00-04:00,2025-06-12 20:15:00-04:00,1.4006194500000129
none,trail,EURUSD,L,2025-06-24 10:24:00-04:00,2025-06-25 02:57:00-04:00,-0.5116981500000243
none,trail,EURUSD,L,2025-07-22 10:54:00-04:00,2025-07-24 02:45:00-04:00,0.9960082500000109
none,trail,EURUSD,S,2025-07-29 02:34:00-04:00,2025-07-29 20:19:00-04:00,-0.08718629999998234
none,trail,EURUSD,L,2025-08-13 03:09:00-04:00,2025-08-14 02:47:00-04:00,-0.14646425000000574
none,trail,EURUSD,S,2025-08-21 23:57:00-04:00,2025-08-22 09:05:00-04:00,-0.763363499999986
none,trail,EURUSD,L,2025-08-22 11:27:00-04:00,2025-08-24 21:31:00-04:00,-1.0158340999999909
none,trail,EURUSD,S,2025-08-27 04:31:00-04:00,2025-08-27 12:47:00-04:00,-1.0115641999999876
none,trail,EURUSD,L,2025-09-05 08:30:00-04:00,2025-09-09 19:22:00-04:00,-0.9585538499999856
none,trail,EURUSD,L,2025-09-15 23:31:00-04:00,2025-09-17 14:46:00-04:00,1.5944339500000329
none,trail,EURUSD,S,2025-09-25 08:30:00-04:00,2025-09-29 08:01:00-04:00,-0.25344759999998817
none,trail,EURUSD,S,2025-10-07 20:20:00-04:00,2025-10-08 21:29:00-04:00,0.01108799999999726
none,trail,EURUSD,S,2025-10-30 08:28:00-04:00,2025-10-31 05:59:00-04:00,-0.02964504999995082
none,trail,EURUSD,L,2025-12-03 05:15:00-05:00,2025-12-04 08:30:00-05:00,-0.11895985000002057
none,trail,EURUSD,L,2025-12-10 15:03:00-05:00,2025-12-12 03:56:00-05:00,1.7533276000000364
none,trail,EURUSD,L,2025-12-23 20:37:00-05:00,2025-12-24 09:54:00-05:00,-0.7962403000000406
d1roc_h4ma,fixed,EURUSD,S,2021-01-18 05:30:00-05:00,2021-01-19 02:47:00-05:00,-1.0132276000000024
d1roc_h4ma,fixed,EURUSD,S,2021-02-01 15:36:00-05:00,2021-02-04 04:00:00-05:00,1.652921000000003
d1roc_h4ma,fixed,EURUSD,L,2021-02-22 19:50:00-05:00,2021-02-24 08:49:00-05:00,-1.014703099999997
d1roc_h4ma,fixed,EURUSD,S,2021-03-01 21:50:00-05:00,2021-03-02 11:11:00-05:00,-1.0114691999999785
d1roc_h4ma,fixed,EURUSD,S,2021-03-24 02:16:00-04:00,2021-03-25 11:57:00-04:00,1.6511750499999693
d1roc_h4ma,fixed,EURUSD,L,2021-04-14 20:55:00-04:00,2021-04-15 09:02:00-04:00,-1.0177478499999797
d1roc_h4ma,fixed,EURUSD,L,2021-04-23 13:13:00-04:00,2021-04-28 21:30:00-04:00,1.655586350000005
d1roc_h4ma,fixed,EURUSD,L,2021-05-07 10:35:00-04:00,2021-05-12 08:30:00-04:00,-1.0130403000000205
d1roc_h4ma,fixed,EURUSD,L,2021-05-18 02:23:00-04:00,2021-05-19 01:45:00-04:00,1.6451207999999908
d1roc_h4ma,fixed,EURUSD,L,2021-05-25 02:43:00-04:00,2021-05-26 11:16:00-04:00,-1.0173658499999894
d1roc_h4ma,fixed,EURUSD,S,2021-06-30 11:42:00-04:00,2021-07-01 08:04:00-04:00,-1.0180884000000037
d1roc_h4ma,fixed,EURUSD,S,2021-07-07 09:09:00-04:00,2021-07-08 06:04:00-04:00,-1.0180261999999325
d1roc_h4ma,fixed,EURUSD,S,2021-07-13 15:22:00-04:00,2021-07-14 08:33:00-04:00,-1.0147693999999483
d1roc_h4ma,fixed,EURUSD,S,2021-07-19 04:43:00-04:00,2021-07-19 09:22:00-04:00,-1.0194719999999977
d1roc_h4ma,fixed,EURUSD,S,2021-08-08 18:51:00-04:00,2021-08-13 10:15:00-04:00,-1.0180654999999614
d1roc_h4ma,fixed,EURUSD,S,2021-08-17 16:59:00-04:00,2021-08-18 14:04:00-04:00,-1.018838400000025
d1roc_h4ma,fixed,EURUSD,S,2021-09-28 02:26:00-04:00,2021-09-29 09:32:00-04:00,1.6413505500000292
d1roc_h4ma,fixed,EURUSD,S,2021-10-06 03:53:00-04:00,2021-10-13 13:38:00-04:00,-1.0196706000000484
d1roc_h4ma,fixed,EURUSD,L,2021-10-28 10:06:00-04:00,2021-10-29 08:48:00-04:00,-1.014136900000037
d1roc_h4ma,fixed,EURUSD,S,2021-12-15 14:01:00-05:00,2021-12-15 14:53:00-05:00,-1.0156398999999936
d1roc_h4ma,fixed,EURUSD,L,2022-01-12 08:35:00-05:00,2022-01-12 12:46:00-05:00,1.6506390499999801
d1roc_h4ma,fixed,EURUSD,S,2022-01-25 06:45:00-05:00,2022-01-25 15:56:00-05:00,-1.0160307499999892
d1roc_h4ma,fixed,EURUSD,L,2022-02-04 06:58:00-05:00,2022-02-04 08:34:00-05:00,-1.011215400000018
d1roc_h4ma,fixed,EURUSD,S,2022-03-27 21:22:00-04:00,2022-03-29 02:44:00-04:00,-1.012890499999972
d1roc_h4ma,fixed,EURUSD,S,2022-04-25 02:13:00-04:00,2022-04-26 09:18:00-04:00,1.6573901500000177
d1roc_h4ma,fixed,EURUSD,S,2022-05-12 03:12:00-04:00,2022-05-12 07:50:00-04:00,1.6571405499999867
d1roc_h4ma,fixed,EURUSD,L,2022-06-09 08:26:00-04:00,2022-06-09 09:06:00-04:00,-1.0119260000000145
d1roc_h4ma,fixed,EURUSD,S,2022-07-05 04:06:00-04:00,2022-07-05 05:46:00-04:00,1.655119249999973
d1roc_h4ma,fixed,EURUSD,L,2022-08-10 08:30:00-04:00,2022-08-10 11:01:00-04:00,1.65394789999996
d1roc_h4ma,fixed,EURUSD,S,2022-09-05 01:04:00-04:00,2022-09-05 20:05:00-04:00,-1.007607500000008
d1roc_h4ma,fixed,EURUSD,S,2022-09-21 14:00:00-04:00,2022-09-23 04:11:00-04:00,1.6586922500000052
d1roc_h4ma,fixed,EURUSD,L,2022-10-23 19:40:00-04:00,2022-10-26 03:26:00-04:00,1.6601398500000002
d1roc_h4ma,fixed,EURUSD,L,2022-11-08 11:47:00-05:00,2022-11-09 05:29:00-05:00,-1.007998300000005
d1roc_h4ma,fixed,EURUSD,L,2022-11-28 06:02:00-05:00,2022-11-28 10:25:00-05:00,-1.0073585999999952
d1roc_h4ma,fixed,EURUSD,L,2022-12-13 08:30:00-05:00,2022-12-14 13:39:00-05:00,1.6593217000000084
d1roc_h4ma,fixed,EURUSD,L,2023-01-09 08:25:00-05:00,2023-01-12 08:54:00-05:00,1.6584462000000113
d1roc_h4ma,fixed,EURUSD,L,2023-02-01 14:38:00-05:00,2023-02-01 15:07:00-05:00,1.6511276000000061
d1roc_h4ma,fixed,EURUSD,S,2023-02-16 10:03:00-05:00,2023-02-20 03:05:00-05:00,-1.010401499999999
d1roc_h4ma,fixed,EURUSD,S,2023-02-22 14:15:00-05:00,2023-02-24 09:04:00-05:00,1.6544989500000313
d1roc_h4ma,fixed,EURUSD,S,2023-03-07 21:58:00-05:00,2023-03-09 06:25:00-05:00,-1.010817800000043
d1roc_h4ma,fixed,EURUSD,L,2023-03-21 06:57:00-04:00,2023-03-22 14:00:00-04:00,1.6561216999999755
d1roc_h4ma,fixed,EURUSD,L,2023-04-04 03:52:00-04:00,2023-04-07 08:35:00-04:00,-1.0110911000000038
d1roc_h4ma,fixed,EURUSD,L,2023-04-12 08:31:00-04:00,2023-04-13 05:33:00-04:00,1.6553720500000342
d1roc_h4ma,fixed,EURUSD,L,2023-04-26 09:24:00-04:00,2023-04-26 14:21:00-04:00,-1.0121022000000024
d1roc_h4ma,fixed,EURUSD,S,2023-05-24 06:09:00-04:00,2023-05-24 08:21:00-04:00,-1.0156274999999846
d1roc_h4ma,fixed,EURUSD,L,2023-06-21 12:51:00-04:00,2023-06-22 22:05:00-04:00,-1.0169284999999908
d1roc_h4ma,fixed,EURUSD,L,2023-07-10 21:31:00-04:00,2023-07-12 09:18:00-04:00,1.6568563500000046
d1roc_h4ma,fixed,EURUSD,S,2023-08-14 08:43:00-04:00,2023-08-15 09:15:00-04:00,-1.0138278999999961
d1roc_h4ma,fixed,EURUSD,S,2023-09-05 02:28:00-04:00,2023-09-05 10:48:00-04:00,1.6514334499999486
d1roc_h4ma,fixed,EURUSD,S,2023-09-14 08:30:00-04:00,2023-09-20 10:01:00-04:00,-1.0143883999999652
d1roc_h4ma,fixed,EURUSD,S,2023-09-20 20:49:00-04:00,2023-09-26 20:44:00-04:00,1.6517332000000036
d1roc_h4ma,fixed,EURUSD,L,2023-11-03 08:31:00-04:00,2023-11-14 08:30:00-05:00,1.6576072999999965
d1roc_h4ma,fixed,EURUSD,L,2023-11-28 08:43:00-05:00,2023-11-28 20:00:00-05:00,1.648304400000011
d1roc_h4ma,fixed,EURUSD,L,2023-12-21 16:41:00-05:00,2023-12-27 09:07:00-05:00,1.6566978500000078
d1roc_h4ma,fixed,EURUSD,S,2024-01-23 10:23:00-05:00,2024-01-24 02:43:00-05:00,-1.0158455000000124
d1roc_h4ma,fixed,EURUSD,S,2024-02-13 08:40:00-05:00,2024-02-15 08:21:00-05:00,-1.0186400999999872
d1roc_h4ma,fixed,EURUSD,L,2024-03-06 09:46:00-05:00,2024-03-07 11:28:00-05:00,1.6415632499999537
d1roc_h4ma,fixed,EURUSD,S,2024-03-28 03:33:00-04:00,2024-04-01 10:00:00-04:00,1.6506947999999462
d1roc_h4ma,fixed,EURUSD,S,2024-04-11 08:15:00-04:00,2024-04-12 05:18:00-04:00,1.6519101500000417
d1roc_h4ma,fixed,EURUSD,L,2024-05-14 09:08:00-04:00,2024-05-15 08:30:00-04:00,1.6517321499999371
d1roc_h4ma,fixed,EURUSD,L,2024-06-03 11:36:00-04:00,2024-06-05 12:10:00-04:00,-1.0163751000000163
d1roc_h4ma,fixed,EURUSD,S,2024-06-26 09:19:00-04:00,2024-06-27 02:31:00-04:00,-1.0186271000000444
d1roc_h4ma,fixed,EURUSD,L,2024-07-11 05:05:00-04:00,2024-07-11 08:30:00-04:00,1.640921299999982
d1roc_h4ma,fixed,EURUSD,L,2024-08-14 04:17:00-04:00,2024-08-15 08:30:00-04:00,-1.0187482000000252
d1roc_h4ma,fixed,EURUSD,S,2024-11-05 21:36:00-05:00,2024-11-06 07:32:00-05:00,1.655932500000026
d1roc_h4ma,fixed,EURUSD,S,2024-11-21 11:16:00-05:00,2024-11-22 04:09:00-05:00,1.6518838000000036
d1roc_h4ma,fixed,EURUSD,S,2024-12-12 21:51:00-05:00,2024-12-13 07:40:00-05:00,-1.0108415000000346
d1roc_h4ma,fixed,EURUSD,S,2024-12-18 14:00:00-05:00,2024-12-18 14:44:00-05:00,1.6566993500000233
d1roc_h4ma,fixed,EURUSD,S,2025-01-02 05:32:00-05:00,2025-01-02 10:28:00-05:00,1.6568433500000233
d1roc_h4ma,fixed,EURUSD,S,2025-01-10 08:33:00-05:00,2025-01-10 09:02:00-05:00,-1.013096200000045
d1roc_h4ma,fixed,EURUSD,L,2025-01-22 04:44:00-05:00,2025-01-23 11:12:00-05:00,-1.008432899999996
d1roc_h4ma,fixed,EURUSD,L,2025-02-13 11:22:00-05:00,2025-02-13 13:42:00-05:00,-1.0088158999999925
d1roc_h4ma,fixed,EURUSD,L,2025-03-04 06:51:00-05:00,2025-03-04 15:05:00-05:00,1.6560926499999795
d1roc_h4ma,fixed,EURUSD,L,2025-03-18 04:14:00-04:00,2025-03-18 08:31:00-04:00,-1.014086799999992
d1roc_h4ma,fixed,EURUSD,L,2025-04-03 02:34:00-04:00,2025-04-03 06:05:00-04:00,1.6607934999999951
d1roc_h4ma,fixed,EURUSD,L,2025-04-10 10:38:00-04:00,2025-04-10 20:32:00-04:00,1.662947300000006
d1roc_h4ma,fixed,EURUSD,L,2025-04-20 20:11:00-04:00,2025-04-21 03:57:00-04:00,1.6526784000000259
d1roc_h4ma,fixed,EURUSD,L,2025-05-25 19:19:00-04:00,2025-05-27 11:55:00-04:00,-1.0095271999999997
d1roc_h4ma,fixed,EURUSD,L,2025-06-02 03:24:00-04:00,2025-06-03 10:08:00-04:00,-1.0102714000000206
d1roc_h4ma,fixed,EURUSD,L,2025-06-11 12:38:00-04:00,2025-06-12 05:53:00-04:00,1.652658900000026
d1roc_h4ma,fixed,EURUSD,L,2025-06-24 10:24:00-04:00,2025-06-26 04:13:00-04:00,1.6566912499999757
d1roc_h4ma,fixed,EURUSD,S,2025-07-29 02:34:00-04:00,2025-07-30 08:54:00-04:00,1.6523174500000315
d1roc_h4ma,fixed,EURUSD,L,2025-08-13 03:09:00-04:00,2025-08-14 08:30:00-04:00,-1.0127852000000024
d1roc_h4ma,fixed,EURUSD,S,2025-08-21 23:57:00-04:00,2025-08-22 10:00:00-04:00,-1.0154685000000203
d1roc_h4ma,fixed,EURUSD,L,2025-09-15 23:31:00-04:00,2025-09-16 10:05:00-04:00,1.6494784499999864
d1roc_h4ma,fixed,EURUSD,S,2025-10-07 20:20:00-04:00,2025-10-09 10:27:00-04:00,1.6529100500000373
d1roc_h4ma,fixed,EURUSD,S,2025-10-30 08:28:00-04:00,2025-11-03 08:29:00-05:00,1.650476750000006
d1roc_h4ma,fixed,EURUSD,L,2025-12-03 05:15:00-05:00,2025-12-08 10:15:00-05:00,-1.019635100000016
d1roc_h4ma,fixed,EURUSD,L,2025-12-10 15:03:00-05:00,2025-12-11 08:42:00-05:00,1.645417150000048
d1roc_h4ma,fixed,EURUSD,L,2025-12-23 20:37:00-05:00,2025-12-24 19:53:00-05:00,-1.0177535000000164
d1roc_h4ma,trail,EURUSD,S,2021-01-18 05:30:00-05:00,2021-01-18 19:36:00-05:00,-0.6606919499999951
d1roc_h4ma,trail,EURUSD,S,2021-02-01 15:36:00-05:00,2021-02-03 15:43:00-05:00,0.6073462999999689
d1roc_h4ma,trail,EURUSD,L,2021-02-22 19:50:00-05:00,2021-02-24 08:10:00-05:00,-0.6584816000000364
d1roc_h4ma,trail,EURUSD,S,2021-03-01 21:50:00-05:00,2021-03-02 11:11:00-05:00,-1.0114691999999785
d1roc_h4ma,trail,EURUSD,S,2021-03-24 02:16:00-04:00,2021-03-26 11:39:00-04:00,1.0395949
d1roc_h4ma,trail,EURUSD,L,2021-04-14 20:55:00-04:00,2021-04-15 06:31:00-04:00,-0.6127750000000244
d1roc_h4ma,trail,EURUSD,L,2021-04-23 13:13:00-04:00,2021-04-27 04:11:00-04:00,-0.4856454999999869
d1roc_h4ma,trail,EURUSD,L,2021-05-07 10:35:00-04:00,2021-05-10 16:28:00-04:00,-0.31171299999999724
d1roc_h4ma,trail,EURUSD,L,2021-05-18 02:23:00-04:00,2021-05-19 07:18:00-04:00,0.4839742499999985
d1roc_h4ma,trail,EURUSD,L,2021-05-25 02:43:00-04:00,2021-05-26 07:58:00-04:00,-0.5773147000000115
d1roc_h4ma,trail,EURUSD,S,2021-06-30 11:42:00-04:00,2021-07-01 08:04:00-04:00,-1.0180884000000037
d1roc_h4ma,trail,EURUSD,S,2021-07-07 09:09:00-04:00,2021-07-08 04:57:00-04:00,-0.5084031499999389
d1roc_h4ma,trail,EURUSD,S,2021-07-13 15:22:00-04:00,2021-07-14 08:33:00-04:00,-1.0147693999999483
d1roc_h4ma,trail,EURUSD,S,2021-07-19 04:43:00-04:00,2021-07-19 09:22:00-04:00,-1.0194719999999977
d1roc_h4ma,trail,EURUSD,S,2021-08-08 18:51:00-04:00,2021-08-09 08:38:00-04:00,-0.49387599999997617
d1roc_h4ma,trail,EURUSD,S,2021-08-17 16:59:00-04:00,2021-08-18 14:04:00-04:00,-0.8188986500000474
d1roc_h4ma,trail,EURUSD,S,2021-09-28 02:26:00-04:00,2021-10-03 18:21:00-04:00,2.787637099999961
d1roc_h4ma,trail,EURUSD,S,2021-10-06 03:53:00-04:00,2021-10-07 02:35:00-04:00,0.03391744999995445
d1roc_h4ma,trail,EURUSD,S,2021-10-12 12:54:00-04:00,2021-10-13 04:19:00-04:00,-1.0194088499999605
d1roc_h4ma,trail,EURUSD,L,2021-10-28 10:06:00-04:00,2021-10-29 08:48:00-04:00,-1.0141635000000204
d1roc_h4ma,trail,EURUSD,S,2021-12-15 14:01:00-05:00,2021-12-15 14:53:00-05:00,-1.0156398999999936
d1roc_h4ma,trail,EURUSD,L,2022-01-12 08:35:00-05:00,2022-01-14 07:19:00-05:00,1.7774795999999595
d1roc_h4ma,trail,EURUSD,S,2022-01-25 06:45:00-05:00,2022-01-25 15:56:00-05:00,-1.0160829999999696
d1roc_h4ma,trail,EURUSD,L,2022-02-04 06:58:00-05:00,2022-02-04 08:34:00-05:00,-1.011215400000018
d1roc_h4ma,trail,EURUSD,S,2022-03-27 21:22:00-04:00,2022-03-28 12:50:00-04:00,-0.9635073499999776
d1roc_h4ma,trail,EURUSD,S,2022-04-25 02:13:00-04:00,2022-04-29 01:18:00-04:00,4.090359700000027
d1roc_h4ma,trail,EURUSD,S,2022-05-12 03:12:00-04:00,2022-05-15 21:08:00-04:00,1.2644127000000085
d1roc_h4ma,trail,EURUSD,L,2022-06-09 08:26:00-04:00,2022-06-09 09:06:00-04:00,-1.0119260000000145
d1roc_h4ma,trail,EURUSD,S,2022-07-05 04:06:00-04:00,2022-07-06 02:55:00-04:00,2.047144399999987
d1roc_h4ma,trail,EURUSD,L,2022-08-10 08:30:00-04:00,2022-08-11 20:26:00-04:00,0.39042640000000156
d1roc_h4ma,trail,EURUSD,S,2022-09-05 01:04:00-04:00,2022-09-05 18:15:00-04:00,-0.7225775999999999
d1roc_h4ma,trail,EURUSD,S,2022-09-21 14:00:00-04:00,2022-09-28 06:02:00-04:00,4.469933599999994
d1roc_h4ma,trail,EURUSD,L,2022-10-23 19:40:00-04:00,2022-10-28 03:13:00-04:00,1.131230849999991
d1roc_h4ma,trail,EURUSD,L,2022-11-08 11:47:00-05:00,2022-11-09 05:29:00-05:00,-1.007998300000005
d1roc_h4ma,trail,EURUSD,L,2022-11-28 06:02:00-05:00,2022-11-28 10:25:00-05:00,-1.0073665499999855
d1roc_h4ma,trail,EURUSD,L,2022-12-13 08:30:00-05:00,2022-12-15 04:00:00-05:00,0.4900604999999974
d1roc_h4ma,trail,EURUSD,L,2023-01-09 08:25:00-05:00,2023-01-10 07:42:00-05:00,0.10669405000000859
d1roc_h4ma,trail,EURUSD,L,2023-02-01 14:38:00-05:00,2023-02-02 10:09:00-05:00,-0.9720124999999732
d1roc_h4ma,trail,EURUSD,S,2023-02-16 10:03:00-05:00,2023-02-17 10:12:00-05:00,-0.13156435000001857
d1roc_h4ma,trail,EURUSD,S,2023-02-22 14:15:00-05:00,2023-02-27 03:42:00-05:00,1.26801775000002
d1roc_h4ma,trail,EURUSD,S,2023-03-07 21:58:00-05:00,2023-03-09 06:07:00-05:00,-0.8963667999999985
d1roc_h4ma,trail,EURUSD,L,2023-03-21 06:57:00-04:00,2023-03-23 13:51:00-04:00,2.173481750000005
d1roc_h4ma,trail,EURUSD,L,2023-04-04 03:52:00-04:00,2023-04-05 21:00:00-04:00,-0.8422918999999892
d1roc_h4ma,trail,EURUSD,L,2023-04-12 08:31:00-04:00,2023-04-14 11:50:00-04:00,0.08869105000003977
d1roc_h4ma,trail,EURUSD,L,2023-04-26 09:24:00-04:00,2023-04-26 14:21:00-04:00,-1.0121022000000024
d1roc_h4ma,trail,EURUSD,S,2023-05-24 06:09:00-04:00,2023-05-24 08:21:00-04:00,-1.0156274999999846
d1roc_h4ma,trail,EURUSD,L,2023-06-21 12:51:00-04:00,2023-06-22 09:05:00-04:00,0.28591330000003173
d1roc_h4ma,trail,EURUSD,L,2023-07-10 21:31:00-04:00,2023-07-14 02:46:00-04:00,4.994259650000025
d1roc_h4ma,trail,EURUSD,S,2023-08-14 08:43:00-04:00,2023-08-15 09:15:00-04:00,-1.0137929000000134
d1roc_h4ma,trail,EURUSD,S,2023-09-05 02:28:00-04:00,2023-09-08 10:00:00-04:00,1.1067850499999492
d1roc_h4ma,trail,EURUSD,S,2023-09-14 08:30:00-04:00,2023-09-18 11:05:00-04:00,0.22010045000003065
d1roc_h4ma,trail,EURUSD,S,2023-09-20 20:49:00-04:00,2023-09-22 10:30:00-04:00,-0.8506107499999958
d1roc_h4ma,trail,EURUSD,L,2023-11-03 08:31:00-04:00,2023-11-06 14:57:00-05:00,0.6274442500000037
d1roc_h4ma,trail,EURUSD,L,2023-11-14 08:30:00-05:00,2023-11-15 02:19:00-05:00,3.6594387000000137
d1roc_h4ma,trail,EURUSD,L,2023-11-28 08:43:00-05:00,2023-11-30 02:40:00-05:00,-0.19725420000000368
d1roc_h4ma,trail,EURUSD,L,2023-12-21 16:41:00-05:00,2023-12-24 19:54:00-05:00,-0.24869869999996846
d1roc_h4ma,trail,EURUSD,S,2024-01-23 10:23:00-05:00,2024-01-24 02:43:00-05:00,-1.0158455000000124
d1roc_h4ma,trail,EURUSD,S,2024-02-13 08:40:00-05:00,2024-02-14 09:30:00-05:00,0.12006220000001715
d1roc_h4ma,trail,EURUSD,L,2024-03-06 09:46:00-05:00,2024-03-11 09:58:00-04:00,1.1112351499999527
d1roc_h4ma,trail,EURUSD,S,2024-03-28 03:33:00-04:00,2024-04-02 06:58:00-04:00,2.364992299999961
d1roc_h4ma,trail,EURUSD,S,2024-04-11 08:15:00-04:00,2024-04-17 12:31:00-04:00,2.040325050000012
d1roc_h4ma,trail,EURUSD,L,2024-05-14 09:08:00-04:00,2024-05-16 22:31:00-04:00,1.6126499499999418
d1roc_h4ma,trail,EURUSD,L,2024-06-03 11:36:00-04:00,2024-06-05 12:03:00-04:00,-0.962691699999966
d1roc_h4ma,trail,EURUSD,S,2024-06-26 09:19:00-04:00,2024-06-27 02:31:00-04:00,-1.0186271000000444
d1roc_h4ma,trail,EURUSD,L,2024-07-11 05:05:00-04:00,2024-07-16 02:33:00-04:00,1.5364466999999606
d1roc_h4ma,trail,EURUSD,L,2024-08-14 04:17:00-04:00,2024-08-15 05:02:00-04:00,-0.2159065000000181
d1roc_h4ma,trail,EURUSD,S,2024-11-05 21:36:00-05:00,2024-11-07 02:10:00-05:00,0.21567139999999368
d1roc_h4ma,trail,EURUSD,S,2024-11-21 11:16:00-05:00,2024-11-24 18:29:00-05:00,-0.049055899999985504
d1roc_h4ma,trail,EURUSD,S,2024-12-12 21:51:00-05:00,2024-12-13 04:56:00-05:00,-0.4499619500000289
d1roc_h4ma,trail,EURUSD,S,2024-12-18 14:00:00-05:00,2024-12-20 11:36:00-05:00,0.8352520500000102
d1roc_h4ma,trail,EURUSD,S,2025-01-02 05:32:00-05:00,2025-01-06 06:14:00-05:00,-1.0135471500000242
d1roc_h4ma,trail,EURUSD,S,2025-01-10 08:33:00-05:00,2025-01-10 09:02:00-05:00,-1.013096200000045
d1roc_h4ma,trail,EURUSD,L,2025-01-22 04:44:00-05:00,2025-01-22 21:05:00-05:00,-0.6432613000000287
d1roc_h4ma,trail,EURUSD,L,2025-02-13 11:22:00-05:00,2025-02-13 13:42:00-05:00,-1.0087777500000041
d1roc_h4ma,trail,EURUSD,L,2025-03-04 06:51:00-05:00,2025-03-06 13:40:00-05:00,5.263911200000015
d1roc_h4ma,trail,EURUSD,L,2025-03-18 04:14:00-04:00,2025-03-18 08:31:00-04:00,-1.014086799999992
d1roc_h4ma,trail,EURUSD,L,2025-04-03 02:34:00-04:00,2025-04-04 03:46:00-04:00,0.9130688000000012
d1roc_h4ma,trail,EURUSD,L,2025-04-10 10:38:00-04:00,2025-04-15 07:40:00-04:00,1.5264010000000063
d1roc_h4ma,trail,EURUSD,L,2025-04-20 20:11:00-04:00,2025-04-22 08:01:00-04:00,0.13634350000001105
d1roc_h4ma,trail,EURUSD,L,2025-05-25 19:19:00-04:00,2025-05-27 01:11:00-04:00,-0.22510884999999978
d1roc_h4ma,trail,EURUSD,L,2025-06-02 03:24:00-04:00,2025-06-03 05:03:00-04:00,-0.2840842000000205
d1roc_h4ma,trail,EURUSD,L,2025-06-11 12:38:00-04:00,2025-06-12 20:15:00-04:00,1.4006194500000129
d1roc_h4ma,trail,EURUSD,L,2025-06-24 10:24:00-04:00,2025-06-25 02:57:00-04:00,-0.5116981500000243
d1roc_h4ma,trail,EURUSD,S,2025-07-29 02:34:00-04:00,2025-07-29 20:19:00-04:00,-0.08718629999998234
d1roc_h4ma,trail,EURUSD,L,2025-08-13 03:09:00-04:00,2025-08-14 02:47:00-04:00,-0.14646425000000574
d1roc_h4ma,trail,EURUSD,S,2025-08-21 23:57:00-04:00,2025-08-22 09:05:00-04:00,-0.763363499999986
d1roc_h4ma,trail,EURUSD,L,2025-09-15 23:31:00-04:00,2025-09-17 14:46:00-04:00,1.5944339500000329
d1roc_h4ma,trail,EURUSD,S,2025-10-07 20:20:00-04:00,2025-10-08 21:29:00-04:00,0.01108799999999726
d1roc_h4ma,trail,EURUSD,S,2025-10-30 08:28:00-04:00,2025-10-31 05:59:00-04:00,-0.02964504999995082
d1roc_h4ma,trail,EURUSD,L,2025-12-03 05:15:00-05:00,2025-12-04 08:30:00-05:00,-0.11895985000002057
d1roc_h4ma,trail,EURUSD,L,2025-12-10 15:03:00-05:00,2025-12-12 03:56:00-05:00,1.7533276000000364
d1roc_h4ma,trail,EURUSD,L,2025-12-23 20:37:00-05:00,2025-12-24 09:54:00-05:00,-0.7962403000000406
none,fixed,GBPUSD,L,2021-01-14 12:56:00-05:00,2021-01-15 04:32:00-05:00,-1.0229817499999991
none,fixed,GBPUSD,L,2021-01-20 05:45:00-05:00,2021-01-20 07:50:00-05:00,-1.0312116499999886
none,fixed,GBPUSD,L,2021-01-26 19:16:00-05:00,2021-01-27 08:32:00-05:00,-1.0261549999999888
none,fixed,GBPUSD,S,2021-02-03 22:57:00-05:00,2021-02-04 07:55:00-05:00,-1.0284351999999621
none,fixed,GBPUSD,L,2021-02-08 20:26:00-05:00,2021-02-10 03:36:00-05:00,1.6386942000000135
none,fixed,GBPUSD,S,2021-03-23 04:29:00-04:00,2021-03-24 00:41:00-04:00,1.6413366500000155
none,fixed,GBPUSD,L,2021-04-01 23:20:00-04:00,2021-04-07 02:10:00-04:00,-1.0279634999999818
none,fixed,GBPUSD,S,2021-04-12 01:06:00-04:00,2021-04-12 03:07:00-04:00,-1.0278782499999868
none,fixed,GBPUSD,L,2021-04-19 06:58:00-04:00,2021-04-22 08:33:00-04:00,-1.0261914500000204
none,fixed,GBPUSD,S,2021-04-30 11:07:00-04:00,2021-05-03 06:53:00-04:00,-1.0283007499999608
none,fixed,GBPUSD,L,2021-05-07 10:43:00-04:00,2021-05-10 02:32:00-04:00,1.6398235000000025
none,fixed,GBPUSD,L,2021-05-17 21:31:00-04:00,2021-05-19 14:08:00-04:00,-1.0299847499999908
none,fixed,GBPUSD,L,2021-05-31 21:12:00-04:00,2021-06-01 04:20:00-04:00,-1.0305609999999876
none,fixed,GBPUSD,S,2021-06-03 13:51:00-04:00,2021-06-04 08:17:00-04:00,-1.0271336999999814
none,fixed,GBPUSD,S,2021-06-10 03:27:00-04:00,2021-06-10 08:34:00-04:00,-1.0353784500000365
none,fixed,GBPUSD,S,2021-07-01 04:57:00-04:00,2021-07-02 14:00:00-04:00,-1.0308083999999864
none,fixed,GBPUSD,L,2021-07-09 16:07:00-04:00,2021-07-12 08:26:00-04:00,-1.0243346000000226
none,fixed,GBPUSD,S,2021-07-19 03:00:00-04:00,2021-07-20 02:36:00-04:00,1.639325500000002
none,fixed,GBPUSD,L,2021-07-28 21:55:00-04:00,2021-08-08 19:10:00-04:00,-1.0269731999999907
none,fixed,GBPUSD,L,2021-09-14 08:34:00-04:00,2021-09-14 10:42:00-04:00,-1.0347961999999822
none,fixed,GBPUSD,S,2021-09-17 16:57:00-04:00,2021-09-20 12:59:00-04:00,1.6377499499999992
none,fixed,GBPUSD,S,2021-09-28 06:53:00-04:00,2021-09-28 10:08:00-04:00,1.6364802999999748
none,fixed,GBPUSD,L,2021-10-15 07:05:00-04:00,2021-10-29 11:16:00-04:00,-1.0279393500000307
none,fixed,GBPUSD,S,2021-11-04 08:01:00-04:00,2021-11-04 11:25:00-04:00,1.6371340499999962
none,fixed,GBPUSD,S,2021-11-10 13:07:00-05:00,2021-11-17 09:41:00-05:00,-1.0214938000000144
none,fixed,GBPUSD,S,2021-11-23 07:16:00-05:00,2021-11-26 03:05:00-05:00,1.635455150000019
none,fixed,GBPUSD,S,2021-12-08 06:17:00-05:00,2021-12-08 12:16:00-05:00,-1.029946399999983
none,fixed,GBPUSD,L,2021-12-16 08:23:00-05:00,2021-12-16 10:43:00-05:00,-1.0252607499999964
none,fixed,GBPUSD,L,2021-12-23 03:16:00-05:00,2021-12-27 15:52:00-05:00,1.633891650000028
none,fixed,GBPUSD,S,2022-01-27 00:17:00-05:00,2022-02-01 02:50:00-05:00,-1.0289947999999738
none,fixed,GBPUSD,L,2022-02-10 11:12:00-05:00,2022-02-10 14:16:00-05:00,-1.0304018500000205
none,fixed,GBPUSD,S,2022-02-15 09:57:00-05:00,2022-02-15 17:17:00-05:00,-1.0260532999999983
none,fixed,GBPUSD,S,2022-02-24 02:27:00-05:00,2022-02-24 06:06:00-05:00,1.6412090000000155
none,fixed,GBPUSD,S,2022-03-02 02:21:00-05:00,2022-03-02 06:55:00-05:00,-1.0223997500000248
none,fixed,GBPUSD,S,2022-04-06 02:09:00-04:00,2022-04-06 04:47:00-04:00,-1.0303397499999702
none,fixed,GBPUSD,S,2022-04-22 02:47:00-04:00,2022-04-22 04:41:00-04:00,1.638403249999996
none,fixed,GBPUSD,S,2022-05-05 07:40:00-04:00,2022-05-11 15:05:00-04:00,1.6528371500000099
none,fixed,GBPUSD,L,2022-05-26 21:49:00-04:00,2022-05-31 08:23:00-04:00,-1.01883074999999
none,fixed,GBPUSD,S,2022-06-07 01:56:00-04:00,2022-06-07 04:05:00-04:00,-1.0230925999999898
none,fixed,GBPUSD,S,2022-06-10 07:34:00-04:00,2022-06-10 10:42:00-04:00,1.6439791999999946
none,fixed,GBPUSD,S,2022-06-29 05:59:00-04:00,2022-07-01 06:55:00-04:00,1.6439915499999846
none,fixed,GBPUSD,S,2022-07-11 10:20:00-04:00,2022-07-13 10:51:00-04:00,-1.0151509000000027
none,fixed,GBPUSD,S,2022-08-18 02:47:00-04:00,2022-08-18 05:56:00-04:00,-1.019461150000002
none,fixed,GBPUSD,S,2022-08-28 18:09:00-04:00,2022-08-31 20:01:00-04:00,1.6488017499999834
none,fixed,GBPUSD,S,2022-09-16 03:39:00-04:00,2022-09-21 14:00:00-04:00,1.6479554000000036
none,fixed,GBPUSD,L,2022-10-25 09:35:00-04:00,2022-10-26 04:57:00-04:00,1.6543842000000155
none,fixed,GBPUSD,L,2022-11-10 08:48:00-05:00,2022-11-11 12:55:00-05:00,1.6525449999999944
none,fixed,GBPUSD,L,2022-11-23 09:52:00-05:00,2022-11-24 10:35:00-05:00,1.6493856500000015
none,fixed,GBPUSD,L,2022-12-01 05:02:00-05:00,2022-12-04 20:25:00-05:00,1.6551864000000063
none,fixed,GBPUSD,L,2022-12-13 08:30:00-05:00,2022-12-15 10:07:00-05:00,-1.0177951499999838
none,fixed,GBPUSD,S,2022-12-20 00:33:00-05:00,2022-12-20 03:51:00-05:00,-1.0142634000000144
none,fixed,GBPUSD,S,2023-01-03 03:05:00-05:00,2023-01-03 04:04:00-05:00,1.6421751499999715
none,fixed,GBPUSD,L,2023-01-08 19:02:00-05:00,2023-01-17 10:01:00-05:00,1.6557070999999985
none,fixed,GBPUSD,S,2023-02-02 10:05:00-05:00,2023-02-03 08:41:00-05:00,1.6501873000000205
none,fixed,GBPUSD,S,2023-02-16 19:27:00-05:00,2023-02-17 14:16:00-05:00,-1.0158833000000103
none,fixed,GBPUSD,S,2023-03-07 10:04:00-05:00,2023-03-07 13:47:00-05:00,1.6471287500000318
none,fixed,GBPUSD,L,2023-03-10 09:38:00-05:00,2023-03-13 11:30:00-04:00,1.6478512500000009
none,fixed,GBPUSD,L,2023-03-19 18:03:00-04:00,2023-03-22 14:41:00-04:00,1.6478357999999989
none,fixed,GBPUSD,L,2023-03-28 11:29:00-04:00,2023-04-02 19:50:00-04:00,-1.0225156500000205
none,fixed,GBPUSD,L,2023-04-13 06:09:00-04:00,2023-04-14 08:34:00-04:00,-1.027776500000015
none,fixed,GBPUSD,L,2023-04-28 10:51:00-04:00,2023-05-01 11:25:00-04:00,-1.0242254500000156
none,fixed,GBPUSD,L,2023-05-03 14:02:00-04:00,2023-05-10 08:57:00-04:00,1.645736549999992
none,fixed,GBPUSD,S,2023-05-17 03:31:00-04:00,2023-05-17 09:05:00-04:00,-1.0284080499999886
none,fixed,GBPUSD,L,2023-06-08 11:29:00-04:00,2023-06-12 11:45:00-04:00,-1.0269811500000205
none,fixed,GBPUSD,S,2023-06-28 07:42:00-04:00,2023-06-28 10:47:00-04:00,1.6387607999999967
none,fixed,GBPUSD,L,2023-07-07 12:43:00-04:00,2023-07-10 06:58:00-04:00,-1.0247000499999983
none,fixed,GBPUSD,S,2023-07-27 15:01:00-04:00,2023-07-28 07:14:00-04:00,-1.0178412000000223
none,fixed,GBPUSD,S,2023-08-14 09:47:00-04:00,2023-08-14 11:16:00-04:00,-1.0226588500000022
none,fixed,GBPUSD,S,2023-08-23 08:08:00-04:00,2023-08-23 09:45:00-04:00,-1.0249872500000052
none,fixed,GBPUSD,S,2023-09-05 04:11:00-04:00,2023-09-06 01:59:00-04:00,-1.0325756000000468
none,fixed,GBPUSD,S,2023-09-13 03:00:00-04:00,2023-09-13 08:35:00-04:00,-1.0310437499999763
none,fixed,GBPUSD,L,2023-10-10 04:46:00-04:00,2023-10-12 11:26:00-04:00,-1.0202632499999975
none,fixed,GBPUSD,S,2023-10-19 01:36:00-04:00,2023-10-19 12:02:00-04:00,-1.0251237999999703
none,fixed,GBPUSD,S,2023-10-25 20:55:00-04:00,2023-10-26 14:42:00-04:00,-1.0258897500000286
none,fixed,GBPUSD,L,2023-11-03 08:41:00-04:00,2023-11-03 12:20:00-04:00,1.6426568499999845
none,fixed,GBPUSD,L,2023-11-14 09:15:00-05:00,2023-11-20 20:27:00-05:00,1.6411424500000011
none,fixed,GBPUSD,S,2023-12-13 13:06:00-05:00,2023-12-13 14:00:00-05:00,-1.0245174000000254
none,fixed,GBPUSD,L,2023-12-14 09:01:00-05:00,2023-12-18 06:01:00-05:00,-1.0184397500000093
none,fixed,GBPUSD,L,2023-12-27 11:05:00-05:00,2023-12-28 08:55:00-05:00,-1.031884100000014
none,fixed,GBPUSD,S,2024-01-02 11:40:00-05:00,2024-01-04 01:55:00-05:00,-1.0200232499999722
none,fixed,GBPUSD,L,2024-01-11 01:32:00-05:00,2024-01-11 08:30:00-05:00,-1.032721250000001
none,fixed,GBPUSD,S,2024-01-17 00:15:00-05:00,2024-01-17 03:02:00-05:00,-1.0262336999999888
none,fixed,GBPUSD,S,2024-02-05 05:01:00-05:00,2024-02-12 02:57:00-05:00,-1.0226548500000296
none,fixed,GBPUSD,L,2024-02-22 03:10:00-05:00,2024-02-22 08:30:00-05:00,-1.036207899999995
none,fixed,GBPUSD,L,2024-03-05 10:00:00-05:00,2024-03-06 11:53:00-05:00,1.620433749999962
none,fixed,GBPUSD,S,2024-03-22 04:07:00-04:00,2024-03-25 10:20:00-04:00,-1.0256964499999868
none,fixed,GBPUSD,S,2024-04-01 10:10:00-04:00,2024-04-03 10:01:00-04:00,-1.0427912500000074
none,fixed,GBPUSD,S,2024-04-10 11:44:00-04:00,2024-04-12 08:43:00-04:00,1.6395937500000037
none,fixed,GBPUSD,L,2024-05-03 08:30:00-04:00,2024-05-07 12:48:00-04:00,-1.0304442499999895
none,fixed,GBPUSD,L,2024-05-15 08:30:00-04:00,2024-05-15 18:10:00-04:00,1.6290808999999877
none,fixed,GBPUSD,L,2024-05-27 09:22:00-04:00,2024-05-29 09:35:00-04:00,-1.0449536499999892
none,fixed,GBPUSD,L,2024-06-03 16:00:00-04:00,2024-06-04 06:11:00-04:00,-1.0278250499999981
none,fixed,GBPUSD,L,2024-06-12 08:30:00-04:00,2024-06-12 23:51:00-04:00,-1.0392139999999892
none,fixed,GBPUSD,S,2024-06-14 08:18:00-04:00,2024-06-19 03:09:00-04:00,-1.0294972500000206
none,fixed,GBPUSD,S,2024-06-20 16:36:00-04:00,2024-06-24 09:50:00-04:00,-1.041294750000066
none,fixed,GBPUSD,L,2024-07-03 09:43:00-04:00,2024-07-05 08:30:00-04:00,1.6293219499999745
none,fixed,GBPUSD,L,2024-08-20 10:54:00-04:00,2024-08-21 14:04:00-04:00,1.6377068999999966
none,fixed,GBPUSD,S,2024-09-09 04:25:00-04:00,2024-09-11 10:32:00-04:00,1.639430299999997
none,fixed,GBPUSD,L,2024-09-18 09:13:00-04:00,2024-09-18 11:37:00-04:00,-1.0318401499999836
none,fixed,GBPUSD,S,2024-10-16 02:00:00-04:00,2024-10-18 02:15:00-04:00,-1.0357716000000203
none,fixed,GBPUSD,S,2024-10-22 05:55:00-04:00,2024-10-23 14:04:00-04:00,1.6312300499999646
none,fixed,GBPUSD,S,2024-10-31 10:05:00-04:00,2024-11-01 08:30:00-04:00,-1.0242182000000277
none,fixed,GBPUSD,L,2024-11-05 16:59:00-05:00,2024-11-05 19:21:00-05:00,-1.0257277000000053
none,fixed,GBPUSD,S,2024-11-06 07:32:00-05:00,2024-11-06 22:49:00-05:00,-1.0173253500000239
none,fixed,GBPUSD,S,2024-11-12 00:57:00-05:00,2024-11-12 11:29:00-05:00,1.6411917499999888
none,fixed,GBPUSD,S,2024-11-21 11:18:00-05:00,2024-11-22 04:11:00-05:00,1.6333903500000035
none,fixed,GBPUSD,L,2024-11-28 22:49:00-05:00,2024-12-02 07:54:00-05:00,-1.028632150000012
none,fixed,GBPUSD,L,2024-12-05 08:32:00-05:00,2024-12-12 10:15:00-05:00,-1.024898749999983
none,fixed,GBPUSD,S,2024-12-13 10:35:00-05:00,2024-12-16 04:35:00-05:00,-1.0259536499999786
none,fixed,GBPUSD,S,2024-12-18 14:46:00-05:00,2024-12-19 04:01:00-05:00,-1.028494300000012
none,fixed,GBPUSD,S,2025-01-02 03:23:00-05:00,2025-01-02 07:41:00-05:00,1.6363914499999834
none,fixed,GBPUSD,S,2025-01-08 06:31:00-05:00,2025-01-09 02:44:00-05:00,1.640881450000005
none,fixed,GBPUSD,L,2025-02-05 04:16:00-05:00,2025-02-06 03:29:00-05:00,-1.0190465000000088
none,fixed,GBPUSD,L,2025-02-13 15:19:00-05:00,2025-02-20 14:49:00-05:00,1.646558949999992
none,fixed,GBPUSD,S,2025-02-28 13:25:00-05:00,2025-03-02 19:33:00-05:00,-1.0277665499999615
none,fixed,GBPUSD,L,2025-03-17 11:24:00-04:00,2025-03-20 05:24:00-04:00,-1.03430714999997
none,fixed,GBPUSD,S,2025-03-21 11:52:00-04:00,2025-03-24 03:23:00-04:00,-1.0338520999999805
none,fixed,GBPUSD,L,2025-04-02 16:13:00-04:00,2025-04-02 23:36:00-04:00,1.6387722500000015
none,fixed,GBPUSD,S,2025-04-04 13:07:00-04:00,2025-04-07 12:50:00-04:00,1.653642850000003
none,fixed,GBPUSD,L,2025-04-15 00:26:00-04:00,2025-04-20 22:27:00-04:00,1.652123799999994
none,fixed,GBPUSD,L,2025-04-28 13:31:00-04:00,2025-04-30 04:41:00-04:00,-1.0227847999999966
none,fixed,GBPUSD,S,2025-05-08 07:01:00-04:00,2025-05-08 07:23:00-04:00,-1.0190243999999766
none,fixed,GBPUSD,L,2025-05-19 06:54:00-04:00,2025-05-19 12:21:00-04:00,-1.0244226999999926
none,fixed,GBPUSD,L,2025-06-05 08:30:00-04:00,2025-06-06 02:31:00-04:00,-1.0296764500000177
none,fixed,GBPUSD,L,2025-06-12 08:43:00-04:00,2025-06-12 21:18:00-04:00,-1.0234936499999985
none,fixed,GBPUSD,S,2025-06-17 13:45:00-04:00,2025-06-23 13:38:00-04:00,-1.0214417000000104
none,fixed,GBPUSD,L,2025-06-24 10:23:00-04:00,2025-06-26 04:04:00-04:00,1.6459050500000045
none,fixed,GBPUSD,S,2025-07-08 09:10:00-04:00,2025-07-09 09:16:00-04:00,-1.025384999999999
none,fixed,GBPUSD,S,2025-07-28 13:42:00-04:00,2025-07-30 09:55:00-04:00,1.638851349999997
none,fixed,GBPUSD,L,2025-08-13 21:01:00-04:00,2025-08-14 09:21:00-04:00,-1.0311366999999942
none,fixed,GBPUSD,L,2025-09-01 09:14:00-04:00,2025-09-02 03:09:00-04:00,-1.0343406500000107
none,fixed,GBPUSD,S,2025-09-02 04:05:00-04:00,2025-09-02 04:40:00-04:00,-1.0402304999999936
none,fixed,GBPUSD,L,2025-09-05 10:02:00-04:00,2025-09-07 18:02:00-04:00,-1.026995149999985
none,fixed,GBPUSD,L,2025-09-15 03:37:00-04:00,2025-09-16 09:24:00-04:00,1.63024204999999
none,fixed,GBPUSD,S,2025-09-19 03:04:00-04:00,2025-09-25 08:30:00-04:00,1.6404316499999936
none,fixed,GBPUSD,S,2025-10-09 11:03:00-04:00,2025-10-15 11:16:00-04:00,-1.025786399999986
none,fixed,GBPUSD,S,2025-10-28 09:45:00-04:00,2025-10-29 14:39:00-04:00,1.639417999999995
none,fixed,GBPUSD,L,2025-11-13 10:34:00-05:00,2025-11-13 18:22:00-05:00,-1.0256239999999783
none,fixed,GBPUSD,S,2025-11-19 10:39:00-05:00,2025-11-25 04:35:00-05:00,-1.0298868499999885
none,fixed,GBPUSD,L,2025-11-26 08:22:00-05:00,2025-12-03 07:01:00-05:00,1.63987935
none,fixed,GBPUSD,L,2025-12-10 15:13:00-05:00,2025-12-12 11:34:00-05:00,-1.0388663000000093
none,fixed,GBPUSD,L,2025-12-22 09:35:00-05:00,2025-12-23 20:37:00-05:00,1.6332697999999943
none,trail,GBPUSD,L,2021-01-14 12:56:00-05:00,2021-01-15 04:32:00-05:00,-1.0229817499999991
none,trail,GBPUSD,L,2021-01-20 05:45:00-05:00,2021-01-20 07:50:00-05:00,-1.0312116499999886
none,trail,GBPUSD,L,2021-01-26 19:16:00-05:00,2021-01-27 08:32:00-05:00,-1.0261549999999888
none,trail,GBPUSD,S,2021-02-03 22:57:00-05:00,2021-02-04 07:55:00-05:00,-1.0284351999999621
none,trail,GBPUSD,L,2021-02-08 20:26:00-05:00,2021-02-11 03:20:00-05:00,1.1890214500000018
none,trail,GBPUSD,S,2021-03-23 04:29:00-04:00,2021-03-24 12:07:00-04:00,1.338456200000021
none,trail,GBPUSD,L,2021-04-01 23:20:00-04:00,2021-04-05 02:01:00-04:00,-0.6019577999999938
none,trail,GBPUSD,S,2021-04-12 01:06:00-04:00,2021-04-12 03:07:00-04:00,-1.0278782499999868
none,trail,GBPUSD,L,2021-04-19 06:58:00-04:00,2021-04-20 05:47:00-04:00,1.0232662499999903
none,trail,GBPUSD,S,2021-04-30 11:07:00-04:00,2021-05-03 03:14:00-04:00,-0.2707639499999998
none,trail,GBPUSD,L,2021-05-07 10:43:00-04:00,2021-05-11 02:29:00-04:00,2.511265000000006
none,trail,GBPUSD,L,2021-05-17 21:31:00-04:00,2021-05-19 14:08:00-04:00,-1.0299847499999908
none,trail,GBPUSD,L,2021-05-31 21:12:00-04:00,2021-06-01 04:20:00-04:00,-1.0305609999999876
none,trail,GBPUSD,S,2021-06-03 13:51:00-04:00,2021-06-04 08:17:00-04:00,-1.0271336999999814
none,trail,GBPUSD,S,2021-06-10 03:27:00-04:00,2021-06-10 08:34:00-04:00,-1.0353784500000365
none,trail,GBPUSD,S,2021-07-01 04:57:00-04:00,2021-07-02 08:33:00-04:00,0.18623030000002427
none,trail,GBPUSD,L,2021-07-09 16:07:00-04:00,2021-07-12 08:26:00-04:00,-1.0243346000000226
none,trail,GBPUSD,S,2021-07-19 03:00:00-04:00,2021-07-21 09:01:00-04:00,1.857270999999974
none,trail,GBPUSD,L,2021-07-28 21:55:00-04:00,2021-07-30 10:19:00-04:00,0.3990603499999741
none,trail,GBPUSD,L,2021-09-14 08:34:00-04:00,2021-09-14 10:42:00-04:00,-1.0347167999999982
none,trail,GBPUSD,S,2021-09-17 16:57:00-04:00,2021-09-21 21:15:00-04:00,1.0554192499999764
none,trail,GBPUSD,S,2021-09-28 06:53:00-04:00,2021-10-01 06:29:00-04:00,1.7985410999999834
none,trail,GBPUSD,L,2021-10-15 07:05:00-04:00,2021-10-18 11:04:00-04:00,-0.6966116500000189
none,trail,GBPUSD,S,2021-11-04 08:01:00-04:00,2021-11-05 03:37:00-04:00,1.226332300000023
none,trail,GBPUSD,S,2021-11-10 13:07:00-05:00,2021-11-12 10:08:00-05:00,0.18103509999997772
none,trail,GBPUSD,S,2021-11-23 07:16:00-05:00,2021-11-24 02:05:00-05:00,-0.8235697499999685
none,trail,GBPUSD,S,2021-12-08 06:17:00-05:00,2021-12-08 12:16:00-05:00,-1.029946399999983
none,trail,GBPUSD,L,2021-12-16 08:23:00-05:00,2021-12-16 10:43:00-05:00,-1.0253017999999843
none,trail,GBPUSD,L,2021-12-23 03:16:00-05:00,2021-12-24 11:37:00-05:00,0.33395965000002303
none,trail,GBPUSD,S,2022-01-27 00:17:00-05:00,2022-01-28 08:37:00-05:00,0.3057278999999959
none,trail,GBPUSD,L,2022-02-10 11:12:00-05:00,2022-02-10 14:16:00-05:00,-1.0304018500000205
none,trail,GBPUSD,S,2022-02-15 09:57:00-05:00,2022-02-15 17:17:00-05:00,-1.0260532999999983
none,trail,GBPUSD,S,2022-02-24 02:27:00-05:00,2022-02-24 22:21:00-05:00,1.6337979999999888
none,trail,GBPUSD,S,2022-03-02 02:21:00-05:00,2022-03-02 06:55:00-05:00,-1.0223997500000248
none,trail,GBPUSD,S,2022-04-06 02:09:00-04:00,2022-04-06 04:47:00-04:00,-1.030274549999985
none,trail,GBPUSD,S,2022-04-22 02:47:00-04:00,2022-04-29 03:54:00-04:00,8.321193900000011
none,trail,GBPUSD,S,2022-05-05 07:40:00-04:00,2022-05-09 08:05:00-04:00,0.32818035000001555
none,trail,GBPUSD,L,2022-05-26 21:49:00-04:00,2022-05-30 03:59:00-04:00,-0.27505734999999765
none,trail,GBPUSD,S,2022-06-07 01:56:00-04:00,2022-06-07 04:05:00-04:00,-1.0230925999999898
none,trail,GBPUSD,S,2022-06-10 07:34:00-04:00,2022-06-15 04:05:00-04:00,6.91331965
none,trail,GBPUSD,S,2022-06-29 05:59:00-04:00,2022-06-30 10:01:00-04:00,-0.10293820000002751
none,trail,GBPUSD,S,2022-07-11 10:20:00-04:00,2022-07-12 11:29:00-04:00,-0.4351989500000005
none,trail,GBPUSD,S,2022-08-18 02:47:00-04:00,2022-08-18 05:56:00-04:00,-1.019461150000002
none,trail,GBPUSD,S,2022-08-28 18:09:00-04:00,2022-08-30 03:38:00-04:00,-0.1369530000000165
none,trail,GBPUSD,S,2022-09-16 03:39:00-04:00,2022-09-19 19:58:00-04:00,-0.5964468500000057
none,trail,GBPUSD,L,2022-10-25 09:35:00-04:00,2022-10-27 20:10:00-04:00,1.0919953500000172
none,trail,GBPUSD,L,2022-11-10 08:48:00-05:00,2022-11-13 23:11:00-05:00,1.2652081000000042
none,trail,GBPUSD,L,2022-11-23 09:52:00-05:00,2022-11-25 08:34:00-05:00,0.4064286999999996
none,trail,GBPUSD,L,2022-12-01 05:02:00-05:00,2022-12-02 08:30:00-05:00,0.7135889500000148
none,trail,GBPUSD,L,2022-12-13 08:30:00-05:00,2022-12-15 03:38:00-05:00,-0.015030199999981547
none,trail,GBPUSD,S,2022-12-20 00:33:00-05:00,2022-12-20 03:51:00-05:00,-1.0142634000000144
none,trail,GBPUSD,S,2023-01-03 03:05:00-05:00,2023-01-03 09:41:00-05:00,-1.0246177500000362
none,trail,GBPUSD,L,2023-01-08 19:02:00-05:00,2023-01-10 08:41:00-05:00,-0.14286654999998993
none,trail,GBPUSD,S,2023-02-02 10:05:00-05:00,2023-02-07 12:47:00-05:00,2.680395700000009
none,trail,GBPUSD,S,2023-02-16 19:27:00-05:00,2023-02-17 08:15:00-05:00,0.017729699999990564
none,trail,GBPUSD,S,2023-03-07 10:04:00-05:00,2023-03-09 00:14:00-05:00,1.1109208500000067
none,trail,GBPUSD,L,2023-03-10 09:38:00-05:00,2023-03-14 04:09:00-04:00,1.1757931999999889
none,trail,GBPUSD,L,2023-03-19 18:03:00-04:00,2023-03-20 03:04:00-04:00,-0.540365899999999
none,trail,GBPUSD,L,2023-03-28 11:29:00-04:00,2023-03-29 20:46:00-04:00,-0.7462423499999915
none,trail,GBPUSD,L,2023-04-13 06:09:00-04:00,2023-04-14 04:06:00-04:00,-0.2204594000000124
none,trail,GBPUSD,L,2023-04-28 10:51:00-04:00,2023-05-01 11:25:00-04:00,-1.024289450000003
none,trail,GBPUSD,L,2023-05-03 14:02:00-04:00,2023-05-05 08:30:00-04:00,-0.2965977500000338
none,trail,GBPUSD,S,2023-05-17 03:31:00-04:00,2023-05-17 09:05:00-04:00,-1.0284080499999886
none,trail,GBPUSD,L,2023-06-08 11:29:00-04:00,2023-06-12 07:39:00-04:00,0.3960245499999674
none,trail,GBPUSD,S,2023-06-28 07:42:00-04:00,2023-06-29 03:56:00-04:00,0.8854253500000158
none,trail,GBPUSD,L,2023-07-07 12:43:00-04:00,2023-07-10 06:58:00-04:00,-1.0246680499999692
none,trail,GBPUSD,S,2023-07-27 15:01:00-04:00,2023-07-28 07:14:00-04:00,-1.0178412000000223
none,trail,GBPUSD,S,2023-08-14 09:47:00-04:00,2023-08-14 11:16:00-04:00,-1.0226588500000022
none,trail,GBPUSD,S,2023-08-23 08:08:00-04:00,2023-08-23 09:45:00-04:00,-1.0249872500000052
none,trail,GBPUSD,S,2023-09-05 04:11:00-04:00,2023-09-06 01:58:00-04:00,-1.00984720000001
none,trail,GBPUSD,S,2023-09-13 03:00:00-04:00,2023-09-13 08:35:00-04:00,-1.0310437499999763
none,trail,GBPUSD,L,2023-10-10 04:46:00-04:00,2023-10-12 08:32:00-04:00,-0.06558100000000937
none,trail,GBPUSD,S,2023-10-19 01:36:00-04:00,2023-10-19 12:02:00-04:00,-1.0250766499999837
none,trail,GBPUSD,S,2023-10-25 20:55:00-04:00,2023-10-26 14:42:00-04:00,-1.0258897500000286
none,trail,GBPUSD,L,2023-11-03 08:41:00-04:00,2023-11-06 13:54:00-05:00,1.4191881499999925
none,trail,GBPUSD,L,2023-11-14 09:15:00-05:00,2023-11-15 02:00:00-05:00,0.8902802000000116
none,trail,GBPUSD,L,2023-11-20 04:59:00-05:00,2023-11-21 14:08:00-05:00,0.26810889999998144
none,trail,GBPUSD,S,2023-12-13 13:06:00-05:00,2023-12-13 14:00:00-05:00,-1.0245174000000254
none,trail,GBPUSD,L,2023-12-14 09:01:00-05:00,2023-12-15 03:30:00-05:00,0.18517664999998384
none,trail,GBPUSD,L,2023-12-27 11:05:00-05:00,2023-12-28 08:55:00-05:00,-1.031884100000014
none,trail,GBPUSD,S,2024-01-02 11:40:00-05:00,2024-01-03 10:04:00-05:00,-0.6480929500000028
none,trail,GBPUSD,L,2024-01-11 01:32:00-05:00,2024-01-11 08:30:00-05:00,-1.0326330500000171
none,trail,GBPUSD,S,2024-01-17 00:15:00-05:00,2024-01-17 03:02:00-05:00,-1.0262838000000203
none,trail,GBPUSD,S,2024-02-05 05:01:00-05:00,2024-02-06 08:06:00-05:00,0.516784099999995
none,trail,GBPUSD,L,2024-02-22 03:10:00-05:00,2024-02-22 08:30:00-05:00,-1.0362978000000387
none,trail,GBPUSD,L,2024-03-05 10:00:00-05:00,2024-03-11 04:26:00-04:00,4.444405549999934
none,trail,GBPUSD,S,2024-03-22 04:07:00-04:00,2024-03-25 05:48:00-04:00,-0.38876764999999963
none,trail,GBPUSD,S,2024-04-01 10:10:00-04:00,2024-04-02 05:02:00-04:00,0.2760679499999501
none,trail,GBPUSD,S,2024-04-10 11:44:00-04:00,2024-04-17 02:49:00-04:00,1.401185399999988
none,trail,GBPUSD,L,2024-05-03 08:30:00-04:00,2024-05-03 10:16:00-04:00,-0.7538645999999624
none,trail,GBPUSD,L,2024-05-15 08:30:00-04:00,2024-05-17 04:11:00-04:00,0.48077539999997576
none,trail,GBPUSD,L,2024-05-27 09:22:00-04:00,2024-05-28 04:25:00-04:00,0.15085214999998608
none,trail,GBPUSD,L,2024-06-03 16:00:00-04:00,2024-06-04 06:11:00-04:00,-1.0278250499999981
none,trail,GBPUSD,L,2024-06-12 08:30:00-04:00,2024-06-12 21:36:00-04:00,-0.8177913499999808
none,trail,GBPUSD,S,2024-06-14 08:18:00-04:00,2024-06-18 10:04:00-04:00,-0.649394499999992
none,trail,GBPUSD,S,2024-06-20 16:36:00-04:00,2024-06-24 02:24:00-04:00,0.15241609999999983
none,trail,GBPUSD,L,2024-07-03 09:43:00-04:00,2024-07-08 22:06:00-04:00,1.6521127499999975
none,trail,GBPUSD,L,2024-08-20 10:54:00-04:00,2024-08-22 13:18:00-04:00,0.8411118499999836
none,trail,GBPUSD,S,2024-09-09 04:25:00-04:00,2024-09-10 03:19:00-04:00,-0.32203284999999016
none,trail,GBPUSD,L,2024-09-18 09:13:00-04:00,2024-09-18 11:37:00-04:00,-1.0318401499999836
none,trail,GBPUSD,S,2024-10-16 02:00:00-04:00,2024-10-17 06:13:00-04:00,0.5124090999999693
none,trail,GBPUSD,S,2024-10-22 05:55:00-04:00,2024-10-25 04:20:00-04:00,-0.18218500000001345
none,trail,GBPUSD,S,2024-10-31 10:05:00-04:00,2024-11-01 03:52:00-04:00,0.05439359999998728
none,trail,GBPUSD,L,2024-11-05 16:59:00-05:00,2024-11-05 19:21:00-05:00,-1.0257277000000053
none,trail,GBPUSD,S,2024-11-06 07:32:00-05:00,2024-11-06 22:39:00-05:00,-1.0028893000000167
none,trail,GBPUSD,S,2024-11-12 00:57:00-05:00,2024-11-13 04:35:00-05:00,1.5132805000000114
none,trail,GBPUSD,S,2024-11-21 11:18:00-05:00,2024-11-25 08:30:00-05:00,-0.24750815000002277
none,trail,GBPUSD,L,2024-11-28 22:49:00-05:00,2024-12-02 07:54:00-05:00,-0.9736140000000281
none,trail,GBPUSD,L,2024-12-05 08:32:00-05:00,2024-12-06 10:10:00-05:00,-0.1948091499999686
none,trail,GBPUSD,S,2024-12-13 10:35:00-05:00,2024-12-16 04:35:00-05:00,-1.0259536499999786
none,trail,GBPUSD,S,2024-12-18 14:46:00-05:00,2024-12-19 04:01:00-05:00,-1.0285377999999974
none,trail,GBPUSD,S,2025-01-02 03:23:00-05:00,2025-01-03 11:33:00-05:00,2.0223280999999784
none,trail,GBPUSD,S,2025-01-08 06:31:00-05:00,2025-01-15 02:45:00-05:00,2.460939999999981
none,trail,GBPUSD,L,2025-02-05 04:16:00-05:00,2025-02-05 21:22:00-05:00,-0.4015374500000273
none,trail,GBPUSD,L,2025-02-13 15:19:00-05:00,2025-02-18 08:05:00-05:00,0.48042220000001384
none,trail,GBPUSD,S,2025-02-28 13:25:00-05:00,2025-03-02 19:33:00-05:00,-1.0277665499999615
none,trail,GBPUSD,L,2025-03-17 11:24:00-04:00,2025-03-20 05:22:00-04:00,-0.936374800000015
none,trail,GBPUSD,S,2025-03-21 11:52:00-04:00,2025-03-24 03:23:00-04:00,-1.0339287500000205
none,trail,GBPUSD,L,2025-04-02 16:13:00-04:00,2025-04-04 02:26:00-04:00,1.815843650000005
none,trail,GBPUSD,S,2025-04-04 13:07:00-04:00,2025-04-07 03:13:00-04:00,-0.5402935500000057
none,trail,GBPUSD,L,2025-04-15 00:26:00-04:00,2025-04-16 20:57:00-04:00,0.038807349999994134
none,trail,GBPUSD,L,2025-04-28 13:31:00-04:00,2025-04-29 06:12:00-04:00,-0.5170140499999971
none,trail,GBPUSD,S,2025-05-08 07:01:00-04:00,2025-05-08 07:23:00-04:00,-1.0190243999999766
none,trail,GBPUSD,L,2025-05-19 06:54:00-04:00,2025-05-19 12:21:00-04:00,-1.0244226999999926
none,trail,GBPUSD,L,2025-06-05 08:30:00-04:00,2025-06-05 22:21:00-04:00,-0.5926080999999949
none,trail,GBPUSD,L,2025-06-12 08:43:00-04:00,2025-06-12 21:18:00-04:00,-1.0234936499999985
none,trail,GBPUSD,S,2025-06-17 13:45:00-04:00,2025-06-18 14:00:00-04:00,-0.3252988000000285
none,trail,GBPUSD,L,2025-06-24 10:23:00-04:00,2025-06-25 03:53:00-04:00,-0.3473999499999909
none,trail,GBPUSD,S,2025-07-08 09:10:00-04:00,2025-07-09 02:48:00-04:00,-0.6519686000000199
none,trail,GBPUSD,S,2025-07-28 13:42:00-04:00,2025-07-29 06:30:00-04:00,0.04732214999999623
none,trail,GBPUSD,L,2025-08-13 21:01:00-04:00,2025-08-14 09:21:00-04:00,-1.0311366999999942
none,trail,GBPUSD,L,2025-09-01 09:14:00-04:00,2025-09-02 03:09:00-04:00,-1.0343406500000107
none,trail,GBPUSD,S,2025-09-02 04:05:00-04:00,2025-09-02 04:40:00-04:00,-1.0402304999999936
none,trail,GBPUSD,L,2025-09-05 10:02:00-04:00,2025-09-07 18:02:00-04:00,-1.026995149999985
none,trail,GBPUSD,L,2025-09-15 03:37:00-04:00,2025-09-17 14:53:00-04:00,0.9896540000000142
none,trail,GBPUSD,S,2025-09-19 03:04:00-04:00,2025-09-22 21:00:00-04:00,-0.5414717000000081
none,trail,GBPUSD,S,2025-10-09 11:03:00-04:00,2025-10-10 11:03:00-04:00,0.15692390000002587
none,trail,GBPUSD,S,2025-10-28 09:45:00-04:00,2025-11-03 11:04:00-05:00,1.9707550500000253
none,trail,GBPUSD,L,2025-11-13 10:34:00-05:00,2025-11-13 18:22:00-05:00,-1.0256239999999783
none,trail,GBPUSD,S,2025-11-19 10:39:00-05:00,2025-11-21 12:03:00-05:00,-0.44541825000000856
none,trail,GBPUSD,L,2025-11-26 08:22:00-05:00,2025-11-28 03:12:00-05:00,-0.1543576000000263
none,trail,GBPUSD,L,2025-12-10 15:13:00-05:00,2025-12-12 02:00:00-05:00,-0.11289179999997925
none,trail,GBPUSD,L,2025-12-22 09:35:00-05:00,2025-12-26 00:19:00-05:00,0.8305738999999991
d1roc_h4ma,fixed,GBPUSD,L,2021-01-14 12:56:00-05:00,2021-01-15 04:32:00-05:00,-1.0229817499999991
d1roc_h4ma,fixed,GBPUSD,L,2021-01-20 05:45:00-05:00,2021-01-20 07:50:00-05:00,-1.0312116499999886
d1roc_h4ma,fixed,GBPUSD,L,2021-01-26 19:16:00-05:00,2021-01-27 08:32:00-05:00,-1.0261549999999888
d1roc_h4ma,fixed,GBPUSD,L,2021-02-08 20:26:00-05:00,2021-02-10 03:36:00-05:00,1.6386942000000135
d1roc_h4ma,fixed,GBPUSD,S,2021-03-23 04:29:00-04:00,2021-03-24 00:41:00-04:00,1.6413366500000155
d1roc_h4ma,fixed,GBPUSD,S,2021-04-12 01:06:00-04:00,2021-04-12 03:07:00-04:00,-1.0278782499999868
d1roc_h4ma,fixed,GBPUSD,L,2021-05-07 10:43:00-04:00,2021-05-10 02:32:00-04:00,1.6398235000000025
d1roc_h4ma,fixed,GBPUSD,L,2021-05-17 21:31:00-04:00,2021-05-19 14:08:00-04:00,-1.0299847499999908
d1roc_h4ma,fixed,GBPUSD,L,2021-05-31 21:12:00-04:00,2021-06-01 04:20:00-04:00,-1.0305609999999876
d1roc_h4ma,fixed,GBPUSD,S,2021-07-01 04:57:00-04:00,2021-07-02 14:00:00-04:00,-1.0308083999999864
d1roc_h4ma,fixed,GBPUSD,S,2021-07-19 03:00:00-04:00,2021-07-20 02:36:00-04:00,1.639325500000002
d1roc_h4ma,fixed,GBPUSD,L,2021-07-28 21:55:00-04:00,2021-08-08 19:10:00-04:00,-1.0269731999999907
d1roc_h4ma,fixed,GBPUSD,S,2021-09-28 06:53:00-04:00,2021-09-28 10:08:00-04:00,1.6364802999999748
d1roc_h4ma,fixed,GBPUSD,S,2021-11-10 13:07:00-05:00,2021-11-17 09:41:00-05:00,-1.0214938000000144
d1roc_h4ma,fixed,GBPUSD,S,2021-11-23 07:16:00-05:00,2021-11-26 03:05:00-05:00,1.635455150000019
d1roc_h4ma,fixed,GBPUSD,S,2021-12-08 06:17:00-05:00,2021-12-08 12:16:00-05:00,-1.029946399999983
d1roc_h4ma,fixed,GBPUSD,L,2021-12-23 03:16:00-05:00,2021-12-27 15:52:00-05:00,1.633891650000028
d1roc_h4ma,fixed,GBPUSD,S,2022-01-27 00:17:00-05:00,2022-02-01 02:50:00-05:00,-1.0289947999999738
d1roc_h4ma,fixed,GBPUSD,S,2022-03-02 02:21:00-05:00,2022-03-02 06:55:00-05:00,-1.0223997500000248
d1roc_h4ma,fixed,GBPUSD,S,2022-04-06 02:09:00-04:00,2022-04-06 04:47:00-04:00,-1.0303397499999702
d1roc_h4ma,fixed,GBPUSD,S,2022-04-22 02:47:00-04:00,2022-04-22 04:41:00-04:00,1.638403249999996
d1roc_h4ma,fixed,GBPUSD,S,2022-05-05 07:40:00-04:00,2022-05-11 15:05:00-04:00,1.6528371500000099
d1roc_h4ma,fixed,GBPUSD,L,2022-05-26 21:49:00-04:00,2022-05-31 08:23:00-04:00,-1.01883074999999
d1roc_h4ma,fixed,GBPUSD,S,2022-06-29 05:59:00-04:00,2022-07-01 06:55:00-04:00,1.6439915499999846
d1roc_h4ma,fixed,GBPUSD,S,2022-07-11 10:20:00-04:00,2022-07-13 10:51:00-04:00,-1.0151509000000027
d1roc_h4ma,fixed,GBPUSD,S,2022-08-28 18:09:00-04:00,2022-08-31 20:01:00-04:00,1.6488017499999834
d1roc_h4ma,fixed,GBPUSD,S,2022-09-16 03:39:00-04:00,2022-09-21 14:00:00-04:00,1.6479554000000036
d1roc_h4ma,fixed,GBPUSD,L,2022-10-25 09:35:00-04:00,2022-10-26 04:57:00-04:00,1.6543842000000155
d1roc_h4ma,fixed,GBPUSD,L,2022-11-10 08:48:00-05:00,2022-11-11 12:55:00-05:00,1.6525449999999944
d1roc_h4ma,fixed,GBPUSD,L,2022-11-23 09:52:00-05:00,2022-11-24 10:35:00-05:00,1.6493856500000015
d1roc_h4ma,fixed,GBPUSD,L,2022-12-01 05:02:00-05:00,2022-12-04 20:25:00-05:00,1.6551864000000063
d1roc_h4ma,fixed,GBPUSD,L,2022-12-13 08:30:00-05:00,2022-12-15 10:07:00-05:00,-1.0177951499999838
d1roc_h4ma,fixed,GBPUSD,S,2023-01-03 03:05:00-05:00,2023-01-03 04:04:00-05:00,1.6421751499999715
d1roc_h4ma,fixed,GBPUSD,S,2023-02-16 19:27:00-05:00,2023-02-17 14:16:00-05:00,-1.0158833000000103
d1roc_h4ma,fixed,GBPUSD,L,2023-03-19 18:03:00-04:00,2023-03-22 14:41:00-04:00,1.6478357999999989
d1roc_h4ma,fixed,GBPUSD,L,2023-03-28 11:29:00-04:00,2023-04-02 19:50:00-04:00,-1.0225156500000205
d1roc_h4ma,fixed,GBPUSD,L,2023-04-13 06:09:00-04:00,2023-04-14 08:34:00-04:00,-1.027776500000015
d1roc_h4ma,fixed,GBPUSD,L,2023-04-28 10:51:00-04:00,2023-05-01 11:25:00-04:00,-1.0242254500000156
d1roc_h4ma,fixed,GBPUSD,L,2023-07-07 12:43:00-04:00,2023-07-10 06:58:00-04:00,-1.0247000499999983
d1roc_h4ma,fixed,GBPUSD,S,2023-08-14 09:47:00-04:00,2023-08-14 11:16:00-04:00,-1.0226588500000022
d1roc_h4ma,fixed,GBPUSD,S,2023-08-23 08:08:00-04:00,2023-08-23 09:45:00-04:00,-1.0249872500000052
d1roc_h4ma,fixed,GBPUSD,S,2023-09-05 04:11:00-04:00,2023-09-06 01:59:00-04:00,-1.0325756000000468
d1roc_h4ma,fixed,GBPUSD,S,2023-09-13 03:00:00-04:00,2023-09-13 08:35:00-04:00,-1.0310437499999763
d1roc_h4ma,fixed,GBPUSD,S,2023-10-19 01:36:00-04:00,2023-10-19 12:02:00-04:00,-1.0251237999999703
d1roc_h4ma,fixed,GBPUSD,S,2023-10-25 20:55:00-04:00,2023-10-26 14:42:00-04:00,-1.0258897500000286
d1roc_h4ma,fixed,GBPUSD,L,2023-11-03 08:41:00-04:00,2023-11-03 12:20:00-04:00,1.6426568499999845
d1roc_h4ma,fixed,GBPUSD,L,2023-11-14 09:15:00-05:00,2023-11-20 20:27:00-05:00,1.6411424500000011
d1roc_h4ma,fixed,GBPUSD,L,2023-12-14 09:01:00-05:00,2023-12-18 06:01:00-05:00,-1.0184397500000093
d1roc_h4ma,fixed,GBPUSD,L,2023-12-27 11:05:00-05:00,2023-12-28 08:55:00-05:00,-1.031884100000014
d1roc_h4ma,fixed,GBPUSD,L,2024-01-11 01:32:00-05:00,2024-01-11 08:30:00-05:00,-1.032721250000001
d1roc_h4ma,fixed,GBPUSD,S,2024-01-17 00:15:00-05:00,2024-01-17 03:02:00-05:00,-1.0262336999999888
d1roc_h4ma,fixed,GBPUSD,S,2024-02-05 05:01:00-05:00,2024-02-12 02:57:00-05:00,-1.0226548500000296
d1roc_h4ma,fixed,GBPUSD,L,2024-03-05 10:00:00-05:00,2024-03-06 11:53:00-05:00,1.620433749999962
d1roc_h4ma,fixed,GBPUSD,S,2024-03-22 04:07:00-04:00,2024-03-25 10:20:00-04:00,-1.0256964499999868
d1roc_h4ma,fixed,GBPUSD,S,2024-04-01 10:10:00-04:00,2024-04-03 10:01:00-04:00,-1.0427912500000074
d1roc_h4ma,fixed,GBPUSD,S,2024-04-10 11:44:00-04:00,2024-04-12 08:43:00-04:00,1.6395937500000037
d1roc_h4ma,fixed,GBPUSD,L,2024-05-15 08:30:00-04:00,2024-05-15 18:10:00-04:00,1.6290808999999877
d1roc_h4ma,fixed,GBPUSD,L,2024-05-27 09:22:00-04:00,2024-05-29 09:35:00-04:00,-1.0449536499999892
d1roc_h4ma,fixed,GBPUSD,L,2024-06-03 16:00:00-04:00,2024-06-04 06:11:00-04:00,-1.0278250499999981
d1roc_h4ma,fixed,GBPUSD,L,2024-06-12 08:30:00-04:00,2024-06-12 23:51:00-04:00,-1.0392139999999892
d1roc_h4ma,fixed,GBPUSD,L,2024-08-20 10:54:00-04:00,2024-08-21 14:04:00-04:00,1.6377068999999966
d1roc_h4ma,fixed,GBPUSD,L,2024-09-18 09:13:00-04:00,2024-09-18 11:37:00-04:00,-1.0318401499999836
d1roc_h4ma,fixed,GBPUSD,S,2024-10-16 02:00:00-04:00,2024-10-18 02:15:00-04:00,-1.0357716000000203
d1roc_h4ma,fixed,GBPUSD,S,2024-10-22 05:55:00-04:00,2024-10-23 14:04:00-04:00,1.6312300499999646
d1roc_h4ma,fixed,GBPUSD,S,2024-10-31 10:05:00-04:00,2024-11-01 08:30:00-04:00,-1.0242182000000277
d1roc_h4ma,fixed,GBPUSD,S,2024-11-06 07:32:00-05:00,2024-11-06 22:49:00-05:00,-1.0173253500000239
d1roc_h4ma,fixed,GBPUSD,S,2024-11-12 00:57:00-05:00,2024-11-12 11:29:00-05:00,1.6411917499999888
d1roc_h4ma,fixed,GBPUSD,S,2024-11-21 11:18:00-05:00,2024-11-22 04:11:00-05:00,1.6333903500000035
d1roc_h4ma,fixed,GBPUSD,S,2025-01-02 03:23:00-05:00,2025-01-02 07:41:00-05:00,1.6363914499999834
d1roc_h4ma,fixed,GBPUSD,S,2025-01-08 06:31:00-05:00,2025-01-09 02:44:00-05:00,1.640881450000005
d1roc_h4ma,fixed,GBPUSD,L,2025-02-05 04:16:00-05:00,2025-02-06 03:29:00-05:00,-1.0190465000000088
d1roc_h4ma,fixed,GBPUSD,L,2025-02-13 15:19:00-05:00,2025-02-20 14:49:00-05:00,1.646558949999992
d1roc_h4ma,fixed,GBPUSD,L,2025-03-17 11:24:00-04:00,2025-03-20 05:24:00-04:00,-1.03430714999997
d1roc_h4ma,fixed,GBPUSD,L,2025-04-02 16:13:00-04:00,2025-04-02 23:36:00-04:00,1.6387722500000015
d1roc_h4ma,fixed,GBPUSD,L,2025-04-15 00:26:00-04:00,2025-04-20 22:27:00-04:00,1.652123799999994
d1roc_h4ma,fixed,GBPUSD,L,2025-04-28 13:31:00-04:00,2025-04-30 04:41:00-04:00,-1.0227847999999966
d1roc_h4ma,fixed,GBPUSD,L,2025-06-05 08:30:00-04:00,2025-06-06 02:31:00-04:00,-1.0296764500000177
d1roc_h4ma,fixed,GBPUSD,L,2025-06-12 08:43:00-04:00,2025-06-12 21:18:00-04:00,-1.0234936499999985
d1roc_h4ma,fixed,GBPUSD,S,2025-07-28 13:42:00-04:00,2025-07-30 09:55:00-04:00,1.638851349999997
d1roc_h4ma,fixed,GBPUSD,L,2025-08-13 21:01:00-04:00,2025-08-14 09:21:00-04:00,-1.0311366999999942
d1roc_h4ma,fixed,GBPUSD,L,2025-09-01 09:14:00-04:00,2025-09-02 03:09:00-04:00,-1.0343406500000107
d1roc_h4ma,fixed,GBPUSD,L,2025-09-15 03:37:00-04:00,2025-09-16 09:24:00-04:00,1.63024204999999
d1roc_h4ma,fixed,GBPUSD,S,2025-10-09 11:03:00-04:00,2025-10-15 11:16:00-04:00,-1.025786399999986
d1roc_h4ma,fixed,GBPUSD,S,2025-10-28 09:45:00-04:00,2025-10-29 14:39:00-04:00,1.639417999999995
d1roc_h4ma,fixed,GBPUSD,S,2025-11-19 10:39:00-05:00,2025-11-25 04:35:00-05:00,-1.0298868499999885
d1roc_h4ma,fixed,GBPUSD,L,2025-12-10 15:13:00-05:00,2025-12-12 11:34:00-05:00,-1.0388663000000093
d1roc_h4ma,fixed,GBPUSD,L,2025-12-22 09:35:00-05:00,2025-12-23 20:37:00-05:00,1.6332697999999943
d1roc_h4ma,trail,GBPUSD,L,2021-01-14 12:56:00-05:00,2021-01-15 04:32:00-05:00,-1.0229817499999991
d1roc_h4ma,trail,GBPUSD,L,2021-01-20 05:45:00-05:00,2021-01-20 07:50:00-05:00,-1.0312116499999886
d1roc_h4ma,trail,GBPUSD,L,2021-01-26 19:16:00-05:00,2021-01-27 08:32:00-05:00,-1.0261549999999888
d1roc_h4ma,trail,GBPUSD,L,2021-02-08 20:26:00-05:00,2021-02-11 03:20:00-05:00,1.1890214500000018
d1roc_h4ma,trail,GBPUSD,S,2021-03-23 04:29:00-04:00,2021-03-24 12:07:00-04:00,1.338456200000021
d1roc_h4ma,trail,GBPUSD,S,2021-04-12 01:06:00-04:00,2021-04-12 03:07:00-04:00,-1.0278782499999868
d1roc_h4ma,trail,GBPUSD,L,2021-05-07 10:43:00-04:00,2021-05-11 02:29:00-04:00,2.511265000000006
d1roc_h4ma,trail,GBPUSD,L,2021-05-17 21:31:00-04:00,2021-05-19 14:08:00-04:00,-1.0299847499999908
d1roc_h4ma,trail,GBPUSD,L,2021-05-31 21:12:00-04:00,2021-06-01 04:20:00-04:00,-1.0305609999999876
d1roc_h4ma,trail,GBPUSD,S,2021-07-01 04:57:00-04:00,2021-07-02 08:33:00-04:00,0.18623030000002427
d1roc_h4ma,trail,GBPUSD,S,2021-07-19 03:00:00-04:00,2021-07-21 09:01:00-04:00,1.857270999999974
d1roc_h4ma,trail,GBPUSD,L,2021-07-28 21:55:00-04:00,2021-07-30 10:19:00-04:00,0.3990603499999741
d1roc_h4ma,trail,GBPUSD,S,2021-09-28 06:53:00-04:00,2021-10-01 06:29:00-04:00,1.7985410999999834
d1roc_h4ma,trail,GBPUSD,S,2021-11-10 13:07:00-05:00,2021-11-12 10:08:00-05:00,0.18103509999997772
d1roc_h4ma,trail,GBPUSD,S,2021-11-23 07:16:00-05:00,2021-11-24 02:05:00-05:00,-0.8235697499999685
d1roc_h4ma,trail,GBPUSD,S,2021-12-08 06:17:00-05:00,2021-12-08 12:16:00-05:00,-1.029946399999983
d1roc_h4ma,trail,GBPUSD,L,2021-12-23 03:16:00-05:00,2021-12-24 11:37:00-05:00,0.33395965000002303
d1roc_h4ma,trail,GBPUSD,S,2022-01-27 00:17:00-05:00,2022-01-28 08:37:00-05:00,0.3057278999999959
d1roc_h4ma,trail,GBPUSD,S,2022-03-02 02:21:00-05:00,2022-03-02 06:55:00-05:00,-1.0223997500000248
d1roc_h4ma,trail,GBPUSD,S,2022-04-06 02:09:00-04:00,2022-04-06 04:47:00-04:00,-1.030274549999985
d1roc_h4ma,trail,GBPUSD,S,2022-04-22 02:47:00-04:00,2022-04-29 03:54:00-04:00,8.321193900000011
d1roc_h4ma,trail,GBPUSD,S,2022-05-05 07:40:00-04:00,2022-05-09 08:05:00-04:00,0.32818035000001555
d1roc_h4ma,trail,GBPUSD,L,2022-05-26 21:49:00-04:00,2022-05-30 03:59:00-04:00,-0.27505734999999765
d1roc_h4ma,trail,GBPUSD,S,2022-06-29 05:59:00-04:00,2022-06-30 10:01:00-04:00,-0.10293820000002751
d1roc_h4ma,trail,GBPUSD,S,2022-07-11 10:20:00-04:00,2022-07-12 11:29:00-04:00,-0.4351989500000005
d1roc_h4ma,trail,GBPUSD,S,2022-08-28 18:09:00-04:00,2022-08-30 03:38:00-04:00,-0.1369530000000165
d1roc_h4ma,trail,GBPUSD,S,2022-09-16 03:39:00-04:00,2022-09-19 19:58:00-04:00,-0.5964468500000057
d1roc_h4ma,trail,GBPUSD,L,2022-10-25 09:35:00-04:00,2022-10-27 20:10:00-04:00,1.0919953500000172
d1roc_h4ma,trail,GBPUSD,L,2022-11-10 08:48:00-05:00,2022-11-13 23:11:00-05:00,1.2652081000000042
d1roc_h4ma,trail,GBPUSD,L,2022-11-23 09:52:00-05:00,2022-11-25 08:34:00-05:00,0.4064286999999996
d1roc_h4ma,trail,GBPUSD,L,2022-12-01 05:02:00-05:00,2022-12-02 08:30:00-05:00,0.7135889500000148
d1roc_h4ma,trail,GBPUSD,L,2022-12-13 08:30:00-05:00,2022-12-15 03:38:00-05:00,-0.015030199999981547
d1roc_h4ma,trail,GBPUSD,S,2023-01-03 03:05:00-05:00,2023-01-03 09:41:00-05:00,-1.0246177500000362
d1roc_h4ma,trail,GBPUSD,S,2023-02-16 19:27:00-05:00,2023-02-17 08:15:00-05:00,0.017729699999990564
d1roc_h4ma,trail,GBPUSD,L,2023-03-19 18:03:00-04:00,2023-03-20 03:04:00-04:00,-0.540365899999999
d1roc_h4ma,trail,GBPUSD,L,2023-03-28 11:29:00-04:00,2023-03-29 20:46:00-04:00,-0.7462423499999915
d1roc_h4ma,trail,GBPUSD,L,2023-04-13 06:09:00-04:00,2023-04-14 04:06:00-04:00,-0.2204594000000124
d1roc_h4ma,trail,GBPUSD,L,2023-04-28 10:51:00-04:00,2023-05-01 11:25:00-04:00,-1.024289450000003
d1roc_h4ma,trail,GBPUSD,L,2023-07-07 12:43:00-04:00,2023-07-10 06:58:00-04:00,-1.0246680499999692
d1roc_h4ma,trail,GBPUSD,S,2023-08-14 09:47:00-04:00,2023-08-14 11:16:00-04:00,-1.0226588500000022
d1roc_h4ma,trail,GBPUSD,S,2023-08-23 08:08:00-04:00,2023-08-23 09:45:00-04:00,-1.0249872500000052
d1roc_h4ma,trail,GBPUSD,S,2023-09-05 04:11:00-04:00,2023-09-06 01:58:00-04:00,-1.00984720000001
d1roc_h4ma,trail,GBPUSD,S,2023-09-13 03:00:00-04:00,2023-09-13 08:35:00-04:00,-1.0310437499999763
d1roc_h4ma,trail,GBPUSD,S,2023-10-19 01:36:00-04:00,2023-10-19 12:02:00-04:00,-1.0250766499999837
d1roc_h4ma,trail,GBPUSD,S,2023-10-25 20:55:00-04:00,2023-10-26 14:42:00-04:00,-1.0258897500000286
d1roc_h4ma,trail,GBPUSD,L,2023-11-03 08:41:00-04:00,2023-11-06 13:54:00-05:00,1.4191881499999925
d1roc_h4ma,trail,GBPUSD,L,2023-11-14 09:15:00-05:00,2023-11-15 02:00:00-05:00,0.8902802000000116
d1roc_h4ma,trail,GBPUSD,L,2023-11-20 04:59:00-05:00,2023-11-21 14:08:00-05:00,0.26810889999998144
d1roc_h4ma,trail,GBPUSD,L,2023-12-14 09:01:00-05:00,2023-12-15 03:30:00-05:00,0.18517664999998384
d1roc_h4ma,trail,GBPUSD,L,2023-12-27 11:05:00-05:00,2023-12-28 08:55:00-05:00,-1.031884100000014
d1roc_h4ma,trail,GBPUSD,L,2024-01-11 01:32:00-05:00,2024-01-11 08:30:00-05:00,-1.0326330500000171
d1roc_h4ma,trail,GBPUSD,S,2024-01-17 00:15:00-05:00,2024-01-17 03:02:00-05:00,-1.0262838000000203
d1roc_h4ma,trail,GBPUSD,S,2024-02-05 05:01:00-05:00,2024-02-06 08:06:00-05:00,0.516784099999995
d1roc_h4ma,trail,GBPUSD,L,2024-03-05 10:00:00-05:00,2024-03-11 04:26:00-04:00,4.444405549999934
d1roc_h4ma,trail,GBPUSD,S,2024-03-22 04:07:00-04:00,2024-03-25 05:48:00-04:00,-0.38876764999999963
d1roc_h4ma,trail,GBPUSD,S,2024-04-01 10:10:00-04:00,2024-04-02 05:02:00-04:00,0.2760679499999501
d1roc_h4ma,trail,GBPUSD,S,2024-04-10 11:44:00-04:00,2024-04-17 02:49:00-04:00,1.401185399999988
d1roc_h4ma,trail,GBPUSD,L,2024-05-15 08:30:00-04:00,2024-05-17 04:11:00-04:00,0.48077539999997576
d1roc_h4ma,trail,GBPUSD,L,2024-05-27 09:22:00-04:00,2024-05-28 04:25:00-04:00,0.15085214999998608
d1roc_h4ma,trail,GBPUSD,L,2024-06-03 16:00:00-04:00,2024-06-04 06:11:00-04:00,-1.0278250499999981
d1roc_h4ma,trail,GBPUSD,L,2024-06-12 08:30:00-04:00,2024-06-12 21:36:00-04:00,-0.8177913499999808
d1roc_h4ma,trail,GBPUSD,L,2024-08-20 10:54:00-04:00,2024-08-22 13:18:00-04:00,0.8411118499999836
d1roc_h4ma,trail,GBPUSD,L,2024-09-18 09:13:00-04:00,2024-09-18 11:37:00-04:00,-1.0318401499999836
d1roc_h4ma,trail,GBPUSD,S,2024-10-16 02:00:00-04:00,2024-10-17 06:13:00-04:00,0.5124090999999693
d1roc_h4ma,trail,GBPUSD,S,2024-10-22 05:55:00-04:00,2024-10-25 04:20:00-04:00,-0.18218500000001345
d1roc_h4ma,trail,GBPUSD,S,2024-10-31 10:05:00-04:00,2024-11-01 03:52:00-04:00,0.05439359999998728
d1roc_h4ma,trail,GBPUSD,S,2024-11-06 07:32:00-05:00,2024-11-06 22:39:00-05:00,-1.0028893000000167
d1roc_h4ma,trail,GBPUSD,S,2024-11-12 00:57:00-05:00,2024-11-13 04:35:00-05:00,1.5132805000000114
d1roc_h4ma,trail,GBPUSD,S,2024-11-21 11:18:00-05:00,2024-11-25 08:30:00-05:00,-0.24750815000002277
d1roc_h4ma,trail,GBPUSD,S,2025-01-02 03:23:00-05:00,2025-01-03 11:33:00-05:00,2.0223280999999784
d1roc_h4ma,trail,GBPUSD,S,2025-01-08 06:31:00-05:00,2025-01-15 02:45:00-05:00,2.460939999999981
d1roc_h4ma,trail,GBPUSD,L,2025-02-05 04:16:00-05:00,2025-02-05 21:22:00-05:00,-0.4015374500000273
d1roc_h4ma,trail,GBPUSD,L,2025-02-13 15:19:00-05:00,2025-02-18 08:05:00-05:00,0.48042220000001384
d1roc_h4ma,trail,GBPUSD,L,2025-03-17 11:24:00-04:00,2025-03-20 05:22:00-04:00,-0.936374800000015
d1roc_h4ma,trail,GBPUSD,L,2025-04-02 16:13:00-04:00,2025-04-04 02:26:00-04:00,1.815843650000005
d1roc_h4ma,trail,GBPUSD,L,2025-04-15 00:26:00-04:00,2025-04-16 20:57:00-04:00,0.038807349999994134
d1roc_h4ma,trail,GBPUSD,L,2025-04-28 13:31:00-04:00,2025-04-29 06:12:00-04:00,-0.5170140499999971
d1roc_h4ma,trail,GBPUSD,L,2025-06-05 08:30:00-04:00,2025-06-05 22:21:00-04:00,-0.5926080999999949
d1roc_h4ma,trail,GBPUSD,L,2025-06-12 08:43:00-04:00,2025-06-12 21:18:00-04:00,-1.0234936499999985
d1roc_h4ma,trail,GBPUSD,S,2025-07-28 13:42:00-04:00,2025-07-29 06:30:00-04:00,0.04732214999999623
d1roc_h4ma,trail,GBPUSD,L,2025-08-13 21:01:00-04:00,2025-08-14 09:21:00-04:00,-1.0311366999999942
d1roc_h4ma,trail,GBPUSD,L,2025-09-01 09:14:00-04:00,2025-09-02 03:09:00-04:00,-1.0343406500000107
d1roc_h4ma,trail,GBPUSD,L,2025-09-15 03:37:00-04:00,2025-09-17 14:53:00-04:00,0.9896540000000142
d1roc_h4ma,trail,GBPUSD,S,2025-10-09 11:03:00-04:00,2025-10-10 11:03:00-04:00,0.15692390000002587
d1roc_h4ma,trail,GBPUSD,S,2025-10-28 09:45:00-04:00,2025-11-03 11:04:00-05:00,1.9707550500000253
d1roc_h4ma,trail,GBPUSD,S,2025-11-19 10:39:00-05:00,2025-11-21 12:03:00-05:00,-0.44541825000000856
d1roc_h4ma,trail,GBPUSD,L,2025-12-10 15:13:00-05:00,2025-12-12 02:00:00-05:00,-0.11289179999997925
d1roc_h4ma,trail,GBPUSD,L,2025-12-22 09:35:00-05:00,2025-12-26 00:19:00-05:00,0.8305738999999991
none,fixed,SP500,L,2024-01-19 08:02:00-05:00,2024-01-21 19:41:00-05:00,1.4981000000000062
none,fixed,SP500,L,2024-02-22 06:16:00-05:00,2024-02-23 09:02:00-05:00,1.4787000000000055
none,fixed,SP500,L,2024-03-01 10:56:00-05:00,2024-03-05 10:24:00-05:00,-0.9005999999999772
none,fixed,SP500,L,2024-03-20 14:01:00-04:00,2024-03-20 16:07:00-04:00,1.546050000000003
none,fixed,SP500,L,2024-03-31 18:04:00-04:00,2024-04-01 10:19:00-04:00,-1.0055499999999618
none,fixed,SP500,S,2024-04-02 08:44:00-04:00,2024-04-03 19:31:00-04:00,-0.931450000000013
none,fixed,SP500,S,2024-04-10 08:36:00-04:00,2024-04-10 10:38:00-04:00,-0.956600000000024
none,fixed,SP500,L,2024-05-03 08:36:00-04:00,2024-05-07 09:01:00-04:00,1.4746000000000001
none,fixed,SP500,L,2024-05-21 22:01:00-04:00,2024-05-22 13:37:00-04:00,-1.0141500000000065
none,fixed,SP500,S,2024-05-29 18:01:00-04:00,2024-05-30 20:13:00-04:00,1.466050000000003
none,fixed,SP500,L,2024-06-05 18:38:00-04:00,2024-06-07 08:43:00-04:00,-0.8851000000000028
none,fixed,SP500,S,2024-07-01 10:13:00-04:00,2024-07-01 14:18:00-04:00,-0.9433500000000025
none,fixed,SP500,L,2024-07-03 12:16:00-04:00,2024-07-08 09:08:00-04:00,1.5933499999999956
none,fixed,SP500,S,2024-07-18 10:47:00-04:00,2024-07-18 15:12:00-04:00,1.4584499999999891
none,fixed,SP500,S,2024-08-01 22:22:00-04:00,2024-08-04 18:01:00-04:00,1.5210500000000045
none,fixed,SP500,L,2024-08-19 10:53:00-04:00,2024-08-21 10:44:00-04:00,1.61885
none,fixed,SP500,S,2024-08-28 13:57:00-04:00,2024-08-28 15:02:00-04:00,-0.967400000000001
none,fixed,SP500,S,2024-08-28 18:01:00-04:00,2024-08-29 04:16:00-04:00,-1.1614500000000088
none,fixed,SP500,L,2024-09-02 18:03:00-04:00,2024-09-03 05:11:00-04:00,-0.8516999999999936
none,fixed,SP500,S,2024-09-03 14:01:00-04:00,2024-09-05 11:31:00-04:00,1.6009500000000154
none,fixed,SP500,L,2024-09-15 18:01:00-04:00,2024-09-17 10:45:00-04:00,1.1016999999999917
none,fixed,SP500,L,2024-09-25 09:30:00-04:00,2024-09-25 13:00:00-04:00,-0.9490499999999897
none,fixed,SP500,L,2024-10-09 11:31:00-04:00,2024-10-14 09:33:00-04:00,1.4895500000000217
none,fixed,SP500,S,2024-10-31 09:31:00-04:00,2024-10-31 14:04:00-04:00,1.539150000000011
none,fixed,SP500,L,2024-11-06 02:37:00-05:00,2024-11-07 12:48:00-05:00,1.4788999999999999
none,fixed,SP500,L,2024-11-29 11:49:00-05:00,2024-12-04 11:01:00-05:00,1.4867999999999753
none,fixed,SP500,L,2024-12-15 18:01:00-05:00,2024-12-16 10:01:00-05:00,1.0810500000000058
none,fixed,SP500,S,2024-12-18 14:59:00-05:00,2024-12-18 15:35:00-05:00,1.4830499999999784
none,fixed,SP500,S,2025-01-10 10:00:00-05:00,2025-01-14 08:31:00-05:00,-0.867200000000008
none,fixed,SP500,L,2025-01-20 09:36:00-05:00,2025-01-20 19:52:00-05:00,-0.9422000000000027
none,fixed,SP500,S,2025-02-02 18:01:00-05:00,2025-02-03 03:20:00-05:00,-0.9503500000000009
none,fixed,SP500,L,2025-02-13 14:33:00-05:00,2025-02-21 12:21:00-05:00,-0.8202500000000146
none,fixed,SP500,S,2025-02-24 09:57:00-05:00,2025-02-25 10:01:00-05:00,1.3823500000000093
none,fixed,SP500,S,2025-04-02 18:11:00-04:00,2025-04-04 06:16:00-04:00,1.5812500000000054
none,fixed,SP500,L,2025-04-24 16:01:00-04:00,2025-05-01 10:56:00-04:00,1.4373500000000043
none,fixed,SP500,L,2025-05-08 11:42:00-04:00,2025-05-08 20:28:00-04:00,-0.8464500000000049
none,fixed,SP500,L,2025-05-28 19:16:00-04:00,2025-05-29 08:05:00-04:00,-0.8706999999999913
none,fixed,SP500,L,2025-06-05 08:49:00-04:00,2025-06-05 09:39:00-04:00,-0.9997999999999858
none,fixed,SP500,L,2025-06-23 19:17:00-04:00,2025-06-27 02:34:00-04:00,1.5244999999999973
none,fixed,SP500,L,2025-07-10 13:54:00-04:00,2025-07-10 20:22:00-04:00,-0.8733999999999988
none,fixed,SP500,S,2025-08-01 14:09:00-04:00,2025-08-04 03:09:00-04:00,-0.7856999999999924
none,fixed,SP500,L,2025-08-12 15:51:00-04:00,2025-08-19 12:45:00-04:00,-0.9972500000000101
none,fixed,SP500,L,2025-08-27 13:58:00-04:00,2025-08-27 16:21:00-04:00,-0.9345499999999961
none,fixed,SP500,L,2025-09-05 01:32:00-04:00,2025-09-05 10:23:00-04:00,-0.942950000000011
none,fixed,SP500,L,2025-10-01 14:00:00-04:00,2025-10-10 11:02:00-04:00,-0.8943500000000073
none,fixed,SP500,S,2025-10-10 15:27:00-04:00,2025-10-10 16:55:00-04:00,1.57825
none,fixed,SP500,L,2025-10-24 08:30:00-04:00,2025-10-26 18:01:00-04:00,1.5217500000000064
none,fixed,SP500,S,2025-11-17 23:17:00-05:00,2025-11-19 18:14:00-05:00,-0.9876
none,fixed,SP500,L,2025-11-25 15:52:00-05:00,2025-12-11 14:50:00-05:00,1.1749999999999945
none,fixed,SP500,L,2025-12-22 12:00:00-05:00,2025-12-31 15:59:00-05:00,-0.9403500000000055
none,trail,SP500,L,2024-01-19 08:02:00-05:00,2024-01-22 11:02:00-05:00,1.3773500000000127
none,trail,SP500,L,2024-02-22 06:16:00-05:00,2024-02-25 19:42:00-05:00,0.9912000000000054
none,trail,SP500,L,2024-03-01 10:56:00-05:00,2024-03-04 18:09:00-05:00,0.30579999999999996
none,trail,SP500,L,2024-03-20 14:01:00-04:00,2024-03-21 14:43:00-04:00,1.9252500000000219
none,trail,SP500,L,2024-03-31 18:04:00-04:00,2024-04-01 10:19:00-04:00,-1.0060499999999728
none,trail,SP500,S,2024-04-02 08:44:00-04:00,2024-04-03 10:00:00-04:00,0.014899999999975443
none,trail,SP500,S,2024-04-10 08:36:00-04:00,2024-04-10 10:38:00-04:00,-0.956600000000024
none,trail,SP500,L,2024-05-03 08:36:00-04:00,2024-05-08 07:08:00-04:00,1.2784000000000137
none,trail,SP500,L,2024-05-21 22:01:00-04:00,2024-05-22 13:37:00-04:00,-1.0141500000000065
none,trail,SP500,S,2024-05-29 18:01:00-04:00,2024-05-31 15:50:00-04:00,0.025200000000021826
none,trail,SP500,L,2024-06-05 18:38:00-04:00,2024-06-07 08:30:00-04:00,-0.5743499999999955
none,trail,SP500,S,2024-07-01 10:13:00-04:00,2024-07-01 14:18:00-04:00,-0.9433500000000025
none,trail,SP500,L,2024-07-03 12:16:00-04:00,2024-07-05 08:30:00-04:00,-0.1114
none,trail,SP500,S,2024-07-18 10:47:00-04:00,2024-07-22 04:36:00-04:00,1.4575499999999968
none,trail,SP500,S,2024-08-01 22:22:00-04:00,2024-08-05 20:48:00-04:00,2.2978000000000005
none,trail,SP500,L,2024-08-19 10:53:00-04:00,2024-08-21 11:01:00-04:00,0.5530000000000076
none,trail,SP500,S,2024-08-28 13:57:00-04:00,2024-08-28 15:02:00-04:00,-0.9677000000000077
none,trail,SP500,S,2024-08-28 18:01:00-04:00,2024-08-29 04:16:00-04:00,-1.1617500000000154
none,trail,SP500,L,2024-09-02 18:03:00-04:00,2024-09-03 05:11:00-04:00,-0.8516999999999936
none,trail,SP500,S,2024-09-03 14:01:00-04:00,2024-09-05 09:39:00-04:00,0.5256500000000099
none,trail,SP500,L,2024-09-15 18:01:00-04:00,2024-09-17 12:47:00-04:00,0.016199999999989997
none,trail,SP500,L,2024-09-25 09:30:00-04:00,2024-09-25 13:00:00-04:00,-0.9490499999999897
none,trail,SP500,L,2024-10-09 11:31:00-04:00,2024-10-16 09:38:00-04:00,0.7686500000000023
none,trail,SP500,S,2024-10-31 09:31:00-04:00,2024-11-05 09:53:00-05:00,0.7309000000000229
none,trail,SP500,L,2024-11-06 02:37:00-05:00,2024-11-12 05:25:00-05:00,1.727099999999997
none,trail,SP500,L,2024-11-29 11:49:00-05:00,2024-12-06 06:22:00-05:00,1.1740499999999836
none,trail,SP500,L,2024-12-15 18:01:00-05:00,2024-12-17 01:29:00-05:00,0.7802500000000248
none,trail,SP500,S,2024-12-18 14:59:00-05:00,2024-12-20 09:39:00-05:00,3.9099999999999837
none,trail,SP500,S,2025-01-10 10:00:00-05:00,2025-01-14 03:18:00-05:00,-0.5288000000000066
none,trail,SP500,L,2025-01-20 09:36:00-05:00,2025-01-20 19:52:00-05:00,-0.9422000000000027
none,trail,SP500,S,2025-02-02 18:01:00-05:00,2025-02-03 03:20:00-05:00,-0.9503500000000009
none,trail,SP500,L,2025-02-13 14:33:00-05:00,2025-02-18 09:44:00-05:00,0.26049999999998474
none,trail,SP500,S,2025-02-24 09:57:00-05:00,2025-02-26 02:29:00-05:00,0.6323000000000091
none,trail,SP500,S,2025-04-02 18:11:00-04:00,2025-04-08 03:26:00-04:00,3.226500000000001
none,trail,SP500,L,2025-04-24 16:01:00-04:00,2025-04-28 11:27:00-04:00,-0.12169999999999417
none,trail,SP500,L,2025-05-08 11:42:00-04:00,2025-05-08 20:28:00-04:00,-0.8464500000000049
none,trail,SP500,L,2025-05-28 19:16:00-04:00,2025-05-29 08:05:00-04:00,-0.8706999999999913
none,trail,SP500,L,2025-06-05 08:49:00-04:00,2025-06-05 09:39:00-04:00,-0.9997999999999858
none,trail,SP500,L,2025-06-23 19:17:00-04:00,2025-06-25 11:32:00-04:00,0.4991500000000022
none,trail,SP500,L,2025-07-10 13:54:00-04:00,2025-07-10 20:22:00-04:00,-0.8730999999999923
none,trail,SP500,S,2025-08-01 14:09:00-04:00,2025-08-04 03:09:00-04:00,-0.7856999999999924
none,trail,SP500,L,2025-08-12 15:51:00-04:00,2025-08-14 08:30:00-04:00,0.20794999999999092
none,trail,SP500,L,2025-08-27 13:58:00-04:00,2025-08-27 16:21:00-04:00,-0.8400500000000025
none,trail,SP500,L,2025-09-05 01:32:00-04:00,2025-09-05 10:23:00-04:00,-0.942950000000011
none,trail,SP500,L,2025-10-01 14:00:00-04:00,2025-10-02 09:43:00-04:00,0.1691499999999918
none,trail,SP500,S,2025-10-10 15:27:00-04:00,2025-10-12 18:03:00-04:00,-0.9578000000000038
none,trail,SP500,L,2025-10-24 08:30:00-04:00,2025-10-29 12:04:00-04:00,2.963699999999991
none,trail,SP500,S,2025-11-17 23:17:00-05:00,2025-11-19 04:45:00-05:00,0.043349999999993456
none,trail,SP500,L,2025-11-25 15:52:00-05:00,2025-11-30 20:00:00-05:00,0.3282999999999938
none,trail,SP500,L,2025-12-10 15:20:00-05:00,2025-12-10 19:41:00-05:00,-0.9950999999999975
none,trail,SP500,L,2025-12-22 12:00:00-05:00,2025-12-23 08:35:00-05:00,-0.25585000000000274
d1roc_h4ma,fixed,SP500,L,2024-02-22 06:16:00-05:00,2024-02-23 09:02:00-05:00,1.4787000000000055
d1roc_h4ma,fixed,SP500,L,2024-03-01 10:56:00-05:00,2024-03-05 10:24:00-05:00,-0.9005999999999772
d1roc_h4ma,fixed,SP500,L,2024-03-20 14:01:00-04:00,2024-03-20 16:07:00-04:00,1.546050000000003
d1roc_h4ma,fixed,SP500,L,2024-03-31 18:04:00-04:00,2024-04-01 10:19:00-04:00,-1.0055499999999618
d1roc_h4ma,fixed,SP500,L,2024-05-21 22:01:00-04:00,2024-05-22 13:37:00-04:00,-1.0141500000000065
d1roc_h4ma,fixed,SP500,L,2024-06-05 18:38:00-04:00,2024-06-07 08:43:00-04:00,-0.8851000000000028
d1roc_h4ma,fixed,SP500,L,2024-07-03 12:16:00-04:00,2024-07-08 09:08:00-04:00,1.5933499999999956
d1roc_h4ma,fixed,SP500,S,2024-08-01 22:22:00-04:00,2024-08-04 18:01:00-04:00,1.5210500000000045
d1roc_h4ma,fixed,SP500,L,2024-08-19 10:53:00-04:00,2024-08-21 10:44:00-04:00,1.61885
d1roc_h4ma,fixed,SP500,L,2024-09-02 18:03:00-04:00,2024-09-03 05:11:00-04:00,-0.8516999999999936
d1roc_h4ma,fixed,SP500,L,2024-09-15 18:01:00-04:00,2024-09-17 10:45:00-04:00,1.1016999999999917
d1roc_h4ma,fixed,SP500,L,2024-09-25 09:30:00-04:00,2024-09-25 13:00:00-04:00,-0.9490499999999897
d1roc_h4ma,fixed,SP500,L,2024-10-09 11:31:00-04:00,2024-10-14 09:33:00-04:00,1.4895500000000217
d1roc_h4ma,fixed,SP500,L,2024-11-29 11:49:00-05:00,2024-12-04 11:01:00-05:00,1.4867999999999753
d1roc_h4ma,fixed,SP500,L,2024-12-15 18:01:00-05:00,2024-12-16 10:01:00-05:00,1.0810500000000058
d1roc_h4ma,fixed,SP500,S,2025-01-10 10:00:00-05:00,2025-01-14 08:31:00-05:00,-0.867200000000008
d1roc_h4ma,fixed,SP500,L,2025-01-20 09:36:00-05:00,2025-01-20 19:52:00-05:00,-0.9422000000000027
d1roc_h4ma,fixed,SP500,L,2025-02-13 14:33:00-05:00,2025-02-21 12:21:00-05:00,-0.8202500000000146
d1roc_h4ma,fixed,SP500,S,2025-02-24 09:57:00-05:00,2025-02-25 10:01:00-05:00,1.3823500000000093
d1roc_h4ma,fixed,SP500,S,2025-04-02 18:11:00-04:00,2025-04-04 06:16:00-04:00,1.5812500000000054
d1roc_h4ma,fixed,SP500,L,2025-05-08 11:42:00-04:00,2025-05-08 20:28:00-04:00,-0.8464500000000049
d1roc_h4ma,fixed,SP500,L,2025-05-28 19:16:00-04:00,2025-05-29 08:05:00-04:00,-0.8706999999999913
d1roc_h4ma,fixed,SP500,L,2025-06-05 08:49:00-04:00,2025-06-05 09:39:00-04:00,-0.9997999999999858
d1roc_h4ma,fixed,SP500,L,2025-06-23 19:17:00-04:00,2025-06-27 02:34:00-04:00,1.5244999999999973
d1roc_h4ma,fixed,SP500,L,2025-07-10 13:54:00-04:00,2025-07-10 20:22:00-04:00,-0.8733999999999988
d1roc_h4ma,fixed,SP500,L,2025-08-12 15:51:00-04:00,2025-08-19 12:45:00-04:00,-0.9972500000000101
d1roc_h4ma,fixed,SP500,L,2025-08-27 13:58:00-04:00,2025-08-27 16:21:00-04:00,-0.9345499999999961
d1roc_h4ma,fixed,SP500,L,2025-09-05 01:32:00-04:00,2025-09-05 10:23:00-04:00,-0.942950000000011
d1roc_h4ma,fixed,SP500,L,2025-10-01 14:00:00-04:00,2025-10-10 11:02:00-04:00,-0.8943500000000073
d1roc_h4ma,fixed,SP500,L,2025-10-24 08:30:00-04:00,2025-10-26 18:01:00-04:00,1.5217500000000064
d1roc_h4ma,fixed,SP500,S,2025-11-17 23:17:00-05:00,2025-11-19 18:14:00-05:00,-0.9876
d1roc_h4ma,fixed,SP500,L,2025-12-22 12:00:00-05:00,2025-12-31 15:59:00-05:00,-0.9403500000000055
d1roc_h4ma,trail,SP500,L,2024-02-22 06:16:00-05:00,2024-02-25 19:42:00-05:00,0.9912000000000054
d1roc_h4ma,trail,SP500,L,2024-03-01 10:56:00-05:00,2024-03-04 18:09:00-05:00,0.30579999999999996
d1roc_h4ma,trail,SP500,L,2024-03-20 14:01:00-04:00,2024-03-21 14:43:00-04:00,1.9252500000000219
d1roc_h4ma,trail,SP500,L,2024-03-31 18:04:00-04:00,2024-04-01 10:19:00-04:00,-1.0060499999999728
d1roc_h4ma,trail,SP500,L,2024-05-21 22:01:00-04:00,2024-05-22 13:37:00-04:00,-1.0141500000000065
d1roc_h4ma,trail,SP500,L,2024-06-05 18:38:00-04:00,2024-06-07 08:30:00-04:00,-0.5743499999999955
d1roc_h4ma,trail,SP500,L,2024-07-03 12:16:00-04:00,2024-07-05 08:30:00-04:00,-0.1114
d1roc_h4ma,trail,SP500,S,2024-08-01 22:22:00-04:00,2024-08-05 20:48:00-04:00,2.2978000000000005
d1roc_h4ma,trail,SP500,L,2024-08-19 10:53:00-04:00,2024-08-21 11:01:00-04:00,0.5530000000000076
d1roc_h4ma,trail,SP500,L,2024-09-02 18:03:00-04:00,2024-09-03 05:11:00-04:00,-0.8516999999999936
d1roc_h4ma,trail,SP500,L,2024-09-15 18:01:00-04:00,2024-09-17 12:47:00-04:00,0.016199999999989997
d1roc_h4ma,trail,SP500,L,2024-09-25 09:30:00-04:00,2024-09-25 13:00:00-04:00,-0.9490499999999897
d1roc_h4ma,trail,SP500,L,2024-10-09 11:31:00-04:00,2024-10-16 09:38:00-04:00,0.7686500000000023
d1roc_h4ma,trail,SP500,L,2024-11-29 11:49:00-05:00,2024-12-06 06:22:00-05:00,1.1740499999999836
d1roc_h4ma,trail,SP500,L,2024-12-15 18:01:00-05:00,2024-12-17 01:29:00-05:00,0.7802500000000248
d1roc_h4ma,trail,SP500,S,2025-01-10 10:00:00-05:00,2025-01-14 03:18:00-05:00,-0.5288000000000066
d1roc_h4ma,trail,SP500,L,2025-01-20 09:36:00-05:00,2025-01-20 19:52:00-05:00,-0.9422000000000027
d1roc_h4ma,trail,SP500,L,2025-02-13 14:33:00-05:00,2025-02-18 09:44:00-05:00,0.26049999999998474
d1roc_h4ma,trail,SP500,S,2025-02-24 09:57:00-05:00,2025-02-26 02:29:00-05:00,0.6323000000000091
d1roc_h4ma,trail,SP500,S,2025-04-02 18:11:00-04:00,2025-04-08 03:26:00-04:00,3.226500000000001
d1roc_h4ma,trail,SP500,L,2025-05-08 11:42:00-04:00,2025-05-08 20:28:00-04:00,-0.8464500000000049
d1roc_h4ma,trail,SP500,L,2025-05-28 19:16:00-04:00,2025-05-29 08:05:00-04:00,-0.8706999999999913
d1roc_h4ma,trail,SP500,L,2025-06-05 08:49:00-04:00,2025-06-05 09:39:00-04:00,-0.9997999999999858
d1roc_h4ma,trail,SP500,L,2025-06-23 19:17:00-04:00,2025-06-25 11:32:00-04:00,0.4991500000000022
d1roc_h4ma,trail,SP500,L,2025-07-10 13:54:00-04:00,2025-07-10 20:22:00-04:00,-0.8730999999999923
d1roc_h4ma,trail,SP500,L,2025-08-12 15:51:00-04:00,2025-08-14 08:30:00-04:00,0.20794999999999092
d1roc_h4ma,trail,SP500,L,2025-08-27 13:58:00-04:00,2025-08-27 16:21:00-04:00,-0.8400500000000025
d1roc_h4ma,trail,SP500,L,2025-09-05 01:32:00-04:00,2025-09-05 10:23:00-04:00,-0.942950000000011
d1roc_h4ma,trail,SP500,L,2025-10-01 14:00:00-04:00,2025-10-02 09:43:00-04:00,0.1691499999999918
d1roc_h4ma,trail,SP500,L,2025-10-24 08:30:00-04:00,2025-10-29 12:04:00-04:00,2.963699999999991
d1roc_h4ma,trail,SP500,S,2025-11-17 23:17:00-05:00,2025-11-19 04:45:00-05:00,0.043349999999993456
d1roc_h4ma,trail,SP500,L,2025-12-22 12:00:00-05:00,2025-12-23 08:35:00-05:00,-0.25585000000000274
none,fixed,USDCHF,L,2021-01-11 08:32:00-05:00,2021-01-12 13:30:00-05:00,-1.0476080000000059
none,fixed,USDCHF,L,2021-01-17 18:50:00-05:00,2021-01-19 04:31:00-05:00,-1.0563144500000206
none,fixed,USDCHF,L,2021-02-01 03:26:00-05:00,2021-02-01 15:59:00-05:00,1.5976600000000152
none,fixed,USDCHF,S,2021-02-15 20:25:00-05:00,2021-02-16 08:33:00-05:00,-1.092031549999986
none,fixed,USDCHF,L,2021-02-23 14:28:00-05:00,2021-03-01 04:31:00-05:00,1.6190391999999847
none,fixed,USDCHF,S,2021-03-17 14:36:00-04:00,2021-03-18 03:44:00-04:00,-1.055270650000013
none,fixed,USDCHF,L,2021-03-23 10:00:00-04:00,2021-03-25 11:54:00-04:00,1.6165860000000096
none,fixed,USDCHF,S,2021-04-12 11:37:00-04:00,2021-04-12 23:45:00-04:00,-1.065288550000014
none,fixed,USDCHF,S,2021-04-23 15:43:00-04:00,2021-04-26 07:44:00-04:00,-1.0659966499999942
none,fixed,USDCHF,S,2021-05-06 09:35:00-04:00,2021-05-07 08:37:00-04:00,1.6075377000000088
none,fixed,USDCHF,S,2021-05-18 03:14:00-04:00,2021-05-19 04:45:00-04:00,-1.0696239000000016
none,fixed,USDCHF,L,2021-06-03 09:41:00-04:00,2021-06-04 08:32:00-04:00,-1.0659519500000183
none,fixed,USDCHF,S,2021-06-09 08:51:00-04:00,2021-06-10 03:36:00-04:00,-1.0856262499999887
none,fixed,USDCHF,L,2021-06-16 14:39:00-04:00,2021-06-17 02:03:00-04:00,1.5828996999999714
none,fixed,USDCHF,L,2021-06-30 08:14:00-04:00,2021-07-02 13:32:00-04:00,-1.0727007000000037
none,fixed,USDCHF,S,2021-07-08 10:35:00-04:00,2021-07-13 08:30:00-04:00,-1.0526689499999906
none,fixed,USDCHF,S,2021-07-28 14:40:00-04:00,2021-07-29 10:59:00-04:00,1.610338449999999
none,fixed,USDCHF,L,2021-08-10 08:58:00-04:00,2021-08-11 08:42:00-04:00,-1.0710616499999852
none,fixed,USDCHF,S,2021-08-27 12:43:00-04:00,2021-08-30 04:00:00-04:00,-1.0660871500000095
none,fixed,USDCHF,L,2021-09-07 16:27:00-04:00,2021-09-09 07:59:00-04:00,-1.0708072500000252
none,fixed,USDCHF,L,2021-09-29 10:57:00-04:00,2021-10-01 02:57:00-04:00,-1.0630174500000225
none,fixed,USDCHF,S,2021-10-14 01:36:00-04:00,2021-10-15 08:30:00-04:00,-1.0662752000000009
none,fixed,USDCHF,S,2021-10-28 09:54:00-04:00,2021-11-01 14:12:00-04:00,1.6044309999999669
none,fixed,USDCHF,L,2021-11-10 13:04:00-05:00,2021-11-12 09:39:00-05:00,1.613851299999994
none,fixed,USDCHF,L,2021-11-22 14:55:00-05:00,2021-11-26 02:47:00-05:00,-1.0535298500000205
none,fixed,USDCHF,L,2021-12-15 14:00:00-05:00,2021-12-15 15:30:00-05:00,-1.0677465499999805
none,fixed,USDCHF,S,2021-12-23 19:55:00-05:00,2021-12-31 05:17:00-05:00,1.6059284999999877
none,fixed,USDCHF,L,2022-01-10 08:59:00-05:00,2022-01-12 05:13:00-05:00,-1.0669105500000093
none,fixed,USDCHF,S,2022-01-13 09:01:00-05:00,2022-01-14 12:14:00-05:00,-1.0541785500000187
none,fixed,USDCHF,L,2022-01-27 05:23:00-05:00,2022-01-27 10:35:00-05:00,1.6065569500000165
none,fixed,USDCHF,S,2022-02-21 05:02:00-05:00,2022-02-22 09:45:00-05:00,-1.0691241999999908
none,fixed,USDCHF,S,2022-03-01 04:44:00-05:00,2022-03-01 05:35:00-05:00,-1.049807050000019
none,fixed,USDCHF,L,2022-03-08 04:46:00-05:00,2022-03-13 20:15:00-04:00,1.6129290999999895
none,fixed,USDCHF,S,2022-03-24 19:23:00-04:00,2022-03-27 21:22:00-04:00,-1.0547119499999988
none,fixed,USDCHF,S,2022-03-30 04:49:00-04:00,2022-04-05 20:33:00-04:00,-1.0468555500000098
none,fixed,USDCHF,L,2022-04-14 07:53:00-04:00,2022-04-14 21:05:00-04:00,1.612712199999994
none,fixed,USDCHF,S,2022-05-19 10:09:00-04:00,2022-05-24 09:49:00-04:00,1.6381508499999922
none,fixed,USDCHF,S,2022-06-22 09:22:00-04:00,2022-06-23 04:06:00-04:00,-1.0378549500000074
none,fixed,USDCHF,S,2022-07-27 14:53:00-04:00,2022-07-28 23:12:00-04:00,1.6180205000000003
none,fixed,USDCHF,S,2022-08-10 08:30:00-04:00,2022-08-10 08:42:00-04:00,1.6111659499999984
none,fixed,USDCHF,L,2022-08-22 11:27:00-04:00,2022-08-23 10:01:00-04:00,-1.0556876499999854
none,fixed,USDCHF,L,2022-08-28 21:32:00-04:00,2022-08-31 04:35:00-04:00,1.6207449499999869
none,fixed,USDCHF,S,2022-09-09 04:41:00-04:00,2022-09-13 06:50:00-04:00,1.6259034500000071
none,fixed,USDCHF,L,2022-09-26 02:37:00-04:00,2022-09-28 11:25:00-04:00,-1.028039349999999
none,fixed,USDCHF,L,2022-10-07 08:49:00-04:00,2022-10-13 08:30:00-04:00,1.6279241499999964
none,fixed,USDCHF,L,2022-10-21 03:00:00-04:00,2022-10-21 11:25:00-04:00,-1.043227150000023
none,fixed,USDCHF,S,2022-10-26 03:17:00-04:00,2022-10-28 08:48:00-04:00,-1.0380647499999927
none,fixed,USDCHF,S,2022-11-08 11:38:00-05:00,2022-11-10 08:48:00-05:00,1.6317165000000005
none,fixed,USDCHF,S,2022-12-01 09:41:00-05:00,2022-12-06 01:55:00-05:00,-1.0303307500000027
none,fixed,USDCHF,S,2022-12-09 02:07:00-05:00,2022-12-09 08:30:00-05:00,-1.0416187000000001
none,fixed,USDCHF,S,2022-12-29 08:43:00-05:00,2023-01-02 18:16:00-05:00,-1.043435950000006
none,fixed,USDCHF,L,2023-01-03 03:19:00-05:00,2023-01-04 02:28:00-05:00,-1.0498851499999784
none,fixed,USDCHF,S,2023-01-09 08:26:00-05:00,2023-01-11 07:05:00-05:00,-1.0335635499999951
none,fixed,USDCHF,S,2023-01-18 03:14:00-05:00,2023-01-18 09:24:00-05:00,1.622776300000007
none,fixed,USDCHF,L,2023-01-31 03:41:00-05:00,2023-01-31 08:30:00-05:00,-1.0529660499999962
none,fixed,USDCHF,S,2023-01-31 13:51:00-05:00,2023-02-01 15:43:00-05:00,1.631505050000004
none,fixed,USDCHF,L,2023-02-06 10:49:00-05:00,2023-02-07 10:57:00-05:00,-1.0372998500000021
none,fixed,USDCHF,L,2023-02-16 23:42:00-05:00,2023-02-17 14:23:00-05:00,-1.0467954500000098
none,fixed,USDCHF,L,2023-02-23 04:57:00-05:00,2023-02-24 10:00:00-05:00,1.6093005500000062
none,fixed,USDCHF,S,2023-03-13 05:24:00-04:00,2023-03-15 06:50:00-04:00,-1.0313038499999956
none,fixed,USDCHF,S,2023-03-31 10:09:00-04:00,2023-04-02 18:02:00-04:00,-1.054134050000006
none,fixed,USDCHF,S,2023-04-12 08:30:00-04:00,2023-04-12 10:04:00-04:00,1.6008875000000007
none,fixed,USDCHF,S,2023-04-26 09:24:00-04:00,2023-04-26 10:37:00-04:00,-1.0578537499999907
none,fixed,USDCHF,S,2023-05-03 14:02:00-04:00,2023-05-05 04:04:00-04:00,-1.0451113000000158
none,fixed,USDCHF,L,2023-05-17 04:47:00-04:00,2023-05-18 10:38:00-04:00,1.6006190000000007
none,fixed,USDCHF,L,2023-05-24 12:11:00-04:00,2023-05-26 03:47:00-04:00,-1.0604160500000002
none,fixed,USDCHF,S,2023-06-08 09:24:00-04:00,2023-06-12 07:44:00-04:00,-1.0472652999999872
none,fixed,USDCHF,S,2023-06-14 09:24:00-04:00,2023-06-14 14:07:00-04:00,-1.0474603500000206
none,fixed,USDCHF,L,2023-06-30 04:33:00-04:00,2023-06-30 08:43:00-04:00,-1.0614352499999955
none,fixed,USDCHF,S,2023-07-07 10:34:00-04:00,2023-07-10 20:09:00-04:00,1.6109792499999875
none,fixed,USDCHF,S,2023-07-27 06:12:00-04:00,2023-07-27 08:30:00-04:00,-1.042021750000001
none,fixed,USDCHF,L,2023-07-28 02:44:00-04:00,2023-08-02 04:12:00-04:00,1.6322687999999865
none,fixed,USDCHF,S,2023-08-10 08:31:00-04:00,2023-08-10 08:41:00-04:00,-1.0520736500000132
none,fixed,USDCHF,L,2023-08-14 08:01:00-04:00,2023-08-15 05:45:00-04:00,-1.0566223500000165
none,fixed,USDCHF,L,2023-08-18 16:51:00-04:00,2023-08-21 05:23:00-04:00,-1.0520561499999936
none,fixed,USDCHF,L,2023-08-24 08:33:00-04:00,2023-08-29 11:34:00-04:00,-1.0579589499999984
none,fixed,USDCHF,S,2023-08-30 09:31:00-04:00,2023-08-31 02:22:00-04:00,-1.0542468499999793
none,fixed,USDCHF,L,2023-09-05 03:54:00-04:00,2023-09-06 10:00:00-04:00,1.5965514500000197
none,fixed,USDCHF,L,2023-09-13 08:30:00-04:00,2023-09-13 08:35:00-04:00,-1.0736017500000006
none,fixed,USDCHF,L,2023-10-03 06:27:00-04:00,2023-10-04 04:58:00-04:00,-1.0475712500000127
none,fixed,USDCHF,S,2023-10-06 11:28:00-04:00,2023-10-11 09:05:00-04:00,1.6250620500000061
none,fixed,USDCHF,S,2023-10-18 02:00:00-04:00,2023-10-19 13:17:00-04:00,1.6115901999999975
none,fixed,USDCHF,L,2023-10-31 11:12:00-04:00,2023-11-01 19:58:00-04:00,-1.0619467499999957
none,fixed,USDCHF,S,2023-11-14 08:36:00-05:00,2023-11-14 11:12:00-05:00,1.5984120000000195
none,fixed,USDCHF,S,2023-12-13 22:43:00-05:00,2023-12-14 02:30:00-05:00,-1.0413278500000176
none,fixed,USDCHF,L,2024-01-15 21:52:00-05:00,2024-01-17 01:10:00-05:00,1.609533199999988
none,fixed,USDCHF,S,2024-01-31 08:43:00-05:00,2024-01-31 09:54:00-05:00,1.6024109500000043
none,fixed,USDCHF,L,2024-02-06 05:00:00-05:00,2024-02-06 20:49:00-05:00,-1.0517424500000185
none,fixed,USDCHF,L,2024-02-29 11:19:00-05:00,2024-03-01 03:10:00-05:00,1.591184499999993
none,fixed,USDCHF,S,2024-03-07 11:28:00-05:00,2024-03-08 08:31:00-05:00,1.5998610500000132
none,fixed,USDCHF,L,2024-03-19 02:08:00-04:00,2024-03-19 09:00:00-04:00,-1.078279549999999
none,fixed,USDCHF,L,2024-04-02 02:30:00-04:00,2024-04-03 11:21:00-04:00,-1.0716223500000206
none,fixed,USDCHF,L,2024-04-10 08:38:00-04:00,2024-04-10 12:30:00-04:00,1.5968874999999767
none,fixed,USDCHF,L,2024-04-24 08:12:00-04:00,2024-04-24 09:08:00-04:00,-1.067530649999989
none,fixed,USDCHF,S,2024-05-03 01:26:00-04:00,2024-05-03 08:30:00-04:00,1.6129822000000003
none,fixed,USDCHF,S,2024-05-15 19:48:00-04:00,2024-05-16 07:31:00-04:00,-1.0678404500000296
none,fixed,USDCHF,L,2024-05-20 08:26:00-04:00,2024-05-22 07:13:00-04:00,1.5914613499999866
none,fixed,USDCHF,S,2024-06-03 10:00:00-04:00,2024-06-04 06:30:00-04:00,1.6082601500000182
none,fixed,USDCHF,S,2024-06-17 20:52:00-04:00,2024-06-18 09:40:00-04:00,1.6019788500000107
none,fixed,USDCHF,L,2024-06-27 20:55:00-04:00,2024-07-01 10:42:00-04:00,1.5788590999999677
none,fixed,USDCHF,S,2024-07-11 08:30:00-04:00,2024-07-11 15:22:00-04:00,-1.1093834499999908
none,fixed,USDCHF,S,2024-07-17 04:00:00-04:00,2024-07-17 04:42:00-04:00,1.5838333500000088
none,fixed,USDCHF,S,2024-07-25 03:15:00-04:00,2024-07-29 03:31:00-04:00,-1.0703686000000132
none,fixed,USDCHF,S,2024-07-31 09:31:00-04:00,2024-07-31 14:00:00-04:00,-1.0583677500000064
none,fixed,USDCHF,S,2024-08-27 10:17:00-04:00,2024-08-29 08:30:00-04:00,-1.0557308500000124
none,fixed,USDCHF,S,2024-09-06 08:31:00-04:00,2024-09-06 08:51:00-04:00,-1.0548588499999907
none,fixed,USDCHF,L,2024-09-12 03:04:00-04:00,2024-09-12 19:52:00-04:00,-1.0458030500000008
none,fixed,USDCHF,L,2024-10-03 02:30:00-04:00,2024-10-04 08:33:00-04:00,1.6138328500000079
none,fixed,USDCHF,L,2024-10-09 14:51:00-04:00,2024-10-10 08:30:00-04:00,-1.0596140499999975
none,fixed,USDCHF,L,2024-10-22 21:38:00-04:00,2024-10-28 10:53:00-04:00,-1.0899739500000079
none,fixed,USDCHF,L,2024-11-01 11:45:00-04:00,2024-11-03 20:15:00-05:00,-1.0523012499999895
none,fixed,USDCHF,L,2024-11-22 08:10:00-05:00,2024-11-25 08:02:00-05:00,-1.0571414999999893
none,fixed,USDCHF,S,2024-11-27 11:49:00-05:00,2024-11-28 02:37:00-05:00,-1.049663550000012
none,fixed,USDCHF,S,2024-12-05 10:57:00-05:00,2024-12-10 13:09:00-05:00,-1.052648450000013
none,fixed,USDCHF,L,2024-12-12 03:30:00-05:00,2024-12-12 04:41:00-05:00,-1.064925550000018
none,fixed,USDCHF,L,2024-12-27 12:07:00-05:00,2024-12-30 08:58:00-05:00,1.5713601499999796
none,fixed,USDCHF,L,2025-01-10 05:35:00-05:00,2025-01-10 08:33:00-05:00,1.5936960499999808
none,fixed,USDCHF,S,2025-01-20 09:41:00-05:00,2025-01-27 04:14:00-05:00,1.6144152499999895
none,fixed,USDCHF,L,2025-02-02 17:01:00-05:00,2025-02-03 10:23:00-05:00,-1.1744221999999809
none,fixed,USDCHF,S,2025-02-14 08:30:00-05:00,2025-02-18 13:50:00-05:00,-1.0489999500000189
none,fixed,USDCHF,S,2025-02-21 04:09:00-05:00,2025-02-21 08:09:00-05:00,-1.0657441499999805
none,fixed,USDCHF,S,2025-03-04 04:29:00-05:00,2025-03-05 04:03:00-05:00,1.598951200000008
none,fixed,USDCHF,S,2025-03-19 22:16:00-04:00,2025-03-20 04:30:00-04:00,-1.0599098499999955
none,fixed,USDCHF,S,2025-04-02 23:24:00-04:00,2025-04-03 02:50:00-04:00,1.6136400000000046
none,fixed,USDCHF,S,2025-04-20 22:27:00-04:00,2025-04-22 12:00:00-04:00,-1.03211135
none,fixed,USDCHF,S,2025-05-07 10:44:00-04:00,2025-05-08 02:13:00-04:00,-1.0344320500000066
none,fixed,USDCHF,L,2025-05-08 22:08:00-04:00,2025-05-09 10:25:00-04:00,-1.0331882500000096
none,fixed,USDCHF,S,2025-06-02 03:42:00-04:00,2025-06-03 08:54:00-04:00,-1.0418327500000004
none,fixed,USDCHF,S,2025-06-12 03:57:00-04:00,2025-06-12 16:59:00-04:00,1.6146074499999816
none,fixed,USDCHF,S,2025-06-24 10:18:00-04:00,2025-06-26 04:27:00-04:00,1.6192272999999924
none,fixed,USDCHF,L,2025-07-15 10:00:00-04:00,2025-07-16 07:55:00-04:00,1.5966437499999848
none,fixed,USDCHF,S,2025-07-22 11:10:00-04:00,2025-07-25 09:41:00-04:00,-1.0576617500000094
none,fixed,USDCHF,L,2025-07-29 02:57:00-04:00,2025-07-30 09:12:00-04:00,1.613802799999991
none,fixed,USDCHF,S,2025-08-13 03:30:00-04:00,2025-08-14 08:30:00-04:00,-1.056635649999984
none,fixed,USDCHF,S,2025-08-22 10:18:00-04:00,2025-08-25 13:55:00-04:00,-1.0677700500000205
none,fixed,USDCHF,S,2025-08-28 06:26:00-04:00,2025-08-28 09:30:00-04:00,-1.057455950000001
none,fixed,USDCHF,S,2025-09-05 09:12:00-04:00,2025-09-08 09:14:00-04:00,1.6147189999999911
none,fixed,USDCHF,S,2025-09-16 05:10:00-04:00,2025-09-16 10:16:00-04:00,1.5950047500000037
none,fixed,USDCHF,L,2025-09-25 08:31:00-04:00,2025-09-25 12:53:00-04:00,1.588178100000019
none,fixed,USDCHF,L,2025-10-07 21:46:00-04:00,2025-10-09 10:24:00-04:00,1.6109797500000023
none,fixed,USDCHF,S,2025-10-15 21:20:00-04:00,2025-10-16 07:43:00-04:00,-1.0514356999999832
none,fixed,USDCHF,L,2025-10-29 14:35:00-04:00,2025-10-30 09:08:00-04:00,1.603932450000012
none,fixed,USDCHF,S,2025-11-13 10:54:00-05:00,2025-11-16 22:20:00-05:00,-1.0580844499999806
none,fixed,USDCHF,S,2025-12-10 18:51:00-05:00,2025-12-11 09:20:00-05:00,1.6038035999999685
none,fixed,USDCHF,S,2025-12-22 09:35:00-05:00,2025-12-23 04:03:00-05:00,1.5908928499999637
none,trail,USDCHF,L,2021-01-11 08:32:00-05:00,2021-01-12 13:24:00-05:00,-0.8685236500000201
none,trail,USDCHF,L,2021-01-17 18:50:00-05:00,2021-01-19 03:01:00-05:00,-0.7034144500000267
none,trail,USDCHF,L,2021-02-01 03:26:00-05:00,2021-02-02 03:19:00-05:00,1.0350011000000297
none,trail,USDCHF,S,2021-02-15 20:25:00-05:00,2021-02-16 08:20:00-05:00,-0.4621616999999699
none,trail,USDCHF,L,2021-02-23 14:28:00-05:00,2021-02-24 23:20:00-05:00,0.37048290000000006
none,trail,USDCHF,S,2021-03-17 14:36:00-04:00,2021-03-18 03:44:00-04:00,-1.055270650000013
none,trail,USDCHF,L,2021-03-23 10:00:00-04:00,2021-03-25 06:26:00-04:00,0.5992874500000003
none,trail,USDCHF,S,2021-04-12 11:37:00-04:00,2021-04-12 23:45:00-04:00,-1.052129350000001
none,trail,USDCHF,S,2021-04-23 15:43:00-04:00,2021-04-26 07:44:00-04:00,-1.0659966499999942
none,trail,USDCHF,S,2021-05-06 09:35:00-04:00,2021-05-11 02:12:00-04:00,1.8015868500000203
none,trail,USDCHF,S,2021-05-18 03:14:00-04:00,2021-05-19 03:35:00-04:00,-0.1198873999999705
none,trail,USDCHF,L,2021-06-03 09:41:00-04:00,2021-06-04 08:30:00-04:00,-0.004844900000014292
none,trail,USDCHF,S,2021-06-09 08:51:00-04:00,2021-06-10 03:02:00-04:00,-0.8278233499999774
none,trail,USDCHF,L,2021-06-16 14:39:00-04:00,2021-06-21 17:45:00-04:00,5.224419249999977
none,trail,USDCHF,L,2021-06-30 08:14:00-04:00,2021-07-02 06:55:00-04:00,0.22386184999999173
none,trail,USDCHF,S,2021-07-08 10:35:00-04:00,2021-07-09 02:23:00-04:00,-0.6452741999999825
none,trail,USDCHF,S,2021-07-28 14:40:00-04:00,2021-08-02 08:57:00-04:00,1.4205170499999822
none,trail,USDCHF,L,2021-08-10 08:58:00-04:00,2021-08-11 08:30:00-04:00,-0.5227380500000138
none,trail,USDCHF,S,2021-08-27 12:43:00-04:00,2021-08-30 04:00:00-04:00,-1.0660871500000095
none,trail,USDCHF,L,2021-09-07 16:27:00-04:00,2021-09-08 22:52:00-04:00,0.19427924999998672
none,trail,USDCHF,L,2021-09-29 10:57:00-04:00,2021-09-30 10:55:00-04:00,-0.19833170000001302
none,trail,USDCHF,S,2021-10-14 01:36:00-04:00,2021-10-14 19:34:00-04:00,-0.4195455000000203
none,trail,USDCHF,S,2021-10-28 09:54:00-04:00,2021-11-02 04:08:00-04:00,1.2656855499999682
none,trail,USDCHF,L,2021-11-10 13:04:00-05:00,2021-11-12 10:19:00-05:00,0.8566041500000064
none,trail,USDCHF,L,2021-11-22 14:55:00-05:00,2021-11-25 02:03:00-05:00,0.053283599999988225
none,trail,USDCHF,L,2021-12-15 14:00:00-05:00,2021-12-15 15:30:00-05:00,-1.0677465499999805
none,trail,USDCHF,S,2021-12-23 19:55:00-05:00,2021-12-24 15:05:00-05:00,-0.7832020000000027
none,trail,USDCHF,L,2022-01-10 08:59:00-05:00,2022-01-11 11:11:00-05:00,-0.47101564999999285
none,trail,USDCHF,S,2022-01-13 09:01:00-05:00,2022-01-14 05:28:00-05:00,-0.4587027500000047
none,trail,USDCHF,L,2022-01-27 05:23:00-05:00,2022-01-28 09:52:00-05:00,0.49856914999999186
none,trail,USDCHF,S,2022-02-21 05:02:00-05:00,2022-02-22 02:54:00-05:00,0.20373865000000102
none,trail,USDCHF,S,2022-03-01 04:44:00-05:00,2022-03-01 05:35:00-05:00,-1.049807050000019
none,trail,USDCHF,L,2022-03-08 04:46:00-05:00,2022-03-16 04:18:00-04:00,2.558921950000009
none,trail,USDCHF,S,2022-03-24 19:23:00-04:00,2022-03-27 21:22:00-04:00,-1.0547119499999988
none,trail,USDCHF,S,2022-03-30 04:49:00-04:00,2022-04-01 08:31:00-04:00,0.20444325000000363
none,trail,USDCHF,L,2022-04-14 07:53:00-04:00,2022-04-18 06:42:00-04:00,1.247420449999999
none,trail,USDCHF,S,2022-05-19 10:09:00-04:00,2022-05-20 10:08:00-04:00,-0.5650302000000061
none,trail,USDCHF,S,2022-06-22 09:22:00-04:00,2022-06-23 04:06:00-04:00,-1.0378549500000074
none,trail,USDCHF,S,2022-07-27 14:53:00-04:00,2022-08-02 02:33:00-04:00,1.927744349999982
none,trail,USDCHF,S,2022-08-10 08:30:00-04:00,2022-08-11 20:31:00-04:00,1.2231518000000048
none,trail,USDCHF,L,2022-08-22 11:27:00-04:00,2022-08-23 09:55:00-04:00,-0.4831732499999947
none,trail,USDCHF,L,2022-08-28 21:32:00-04:00,2022-09-02 10:51:00-04:00,2.0285898000000055
none,trail,USDCHF,S,2022-09-09 04:41:00-04:00,2022-09-13 08:30:00-04:00,0.5623686000000001
none,trail,USDCHF,L,2022-09-26 02:37:00-04:00,2022-09-28 08:23:00-04:00,-0.2996104999999995
none,trail,USDCHF,L,2022-10-07 08:49:00-04:00,2022-10-11 03:37:00-04:00,0.6046118499999931
none,trail,USDCHF,L,2022-10-21 03:00:00-04:00,2022-10-21 10:53:00-04:00,-0.7968443000000416
none,trail,USDCHF,S,2022-10-26 03:17:00-04:00,2022-10-28 02:15:00-04:00,-0.11626229999999929
none,trail,USDCHF,S,2022-11-08 11:38:00-05:00,2022-11-10 04:07:00-05:00,-0.44144395000001047
none,trail,USDCHF,S,2022-12-01 09:41:00-05:00,2022-12-02 08:30:00-05:00,-0.0062820000000093
none,trail,USDCHF,S,2022-12-09 02:07:00-05:00,2022-12-09 08:30:00-05:00,-1.0416187000000001
none,trail,USDCHF,S,2022-12-29 08:43:00-05:00,2022-12-30 01:30:00-05:00,-0.3141019500000041
none,trail,USDCHF,L,2023-01-03 03:19:00-05:00,2023-01-04 02:06:00-05:00,-0.7116147499999989
none,trail,USDCHF,S,2023-01-09 08:26:00-05:00,2023-01-11 05:44:00-05:00,-0.6291320499999945
none,trail,USDCHF,S,2023-01-18 03:14:00-05:00,2023-01-18 20:46:00-05:00,-0.15797740000001673
none,trail,USDCHF,L,2023-01-31 03:41:00-05:00,2023-01-31 08:30:00-05:00,-1.0529660499999962
none,trail,USDCHF,S,2023-01-31 13:51:00-05:00,2023-02-01 10:03:00-05:00,-0.2662361999999834
none,trail,USDCHF,L,2023-02-06 10:49:00-05:00,2023-02-07 10:46:00-05:00,-0.8912488500000016
none,trail,USDCHF,L,2023-02-16 23:42:00-05:00,2023-02-17 14:23:00-05:00,-1.0467954500000098
none,trail,USDCHF,L,2023-02-23 04:57:00-05:00,2023-02-27 06:32:00-05:00,1.8998672999999804
none,trail,USDCHF,S,2023-03-13 05:24:00-04:00,2023-03-14 09:39:00-04:00,-0.15660749999999324
none,trail,USDCHF,S,2023-03-31 10:09:00-04:00,2023-04-02 18:02:00-04:00,-1.054134050000006
none,trail,USDCHF,S,2023-04-12 08:30:00-04:00,2023-04-14 08:30:00-04:00,3.436835600000005
none,trail,USDCHF,S,2023-04-26 09:24:00-04:00,2023-04-26 10:37:00-04:00,-1.0578537499999907
none,trail,USDCHF,S,2023-05-03 14:02:00-04:00,2023-05-05 03:57:00-04:00,-0.9812750499999914
none,trail,USDCHF,L,2023-05-17 04:47:00-04:00,2023-05-19 02:07:00-04:00,1.445994999999983
none,trail,USDCHF,L,2023-05-24 12:11:00-04:00,2023-05-25 08:11:00-04:00,-0.7933675000000089
none,trail,USDCHF,S,2023-06-08 09:24:00-04:00,2023-06-12 06:45:00-04:00,-0.8088007499999919
none,trail,USDCHF,S,2023-06-14 09:24:00-04:00,2023-06-14 14:07:00-04:00,-1.0474603500000206
none,trail,USDCHF,L,2023-06-30 04:33:00-04:00,2023-06-30 08:43:00-04:00,-1.0614352499999955
none,trail,USDCHF,S,2023-07-07 10:34:00-04:00,2023-07-10 08:45:00-04:00,-0.30818595000000515
none,trail,USDCHF,S,2023-07-27 06:12:00-04:00,2023-07-27 08:30:00-04:00,-1.041916000000016
none,trail,USDCHF,L,2023-07-28 02:44:00-04:00,2023-07-31 09:48:00-04:00,-0.2155261000000152
none,trail,USDCHF,S,2023-08-10 08:31:00-04:00,2023-08-10 08:41:00-04:00,-1.0520736500000132
none,trail,USDCHF,L,2023-08-14 08:01:00-04:00,2023-08-15 04:32:00-04:00,-0.6692770000000126
none,trail,USDCHF,L,2023-08-18 16:51:00-04:00,2023-08-21 05:23:00-04:00,-1.0520561499999936
none,trail,USDCHF,L,2023-08-24 08:33:00-04:00,2023-08-28 03:16:00-04:00,-0.24459184999999983
none,trail,USDCHF,S,2023-08-30 09:31:00-04:00,2023-08-31 02:04:00-04:00,-0.8645721499999809
none,trail,USDCHF,L,2023-09-05 03:54:00-04:00,2023-09-06 21:39:00-04:00,1.1753517500000255
none,trail,USDCHF,L,2023-09-13 08:30:00-04:00,2023-09-13 08:35:00-04:00,-1.0736017500000006
none,trail,USDCHF,L,2023-10-03 06:27:00-04:00,2023-10-04 04:58:00-04:00,-1.0475712500000127
none,trail,USDCHF,S,2023-10-06 11:28:00-04:00,2023-10-12 10:28:00-04:00,0.738215400000009
none,trail,USDCHF,S,2023-10-18 02:00:00-04:00,2023-10-19 04:40:00-04:00,-0.4488583999999878
none,trail,USDCHF,L,2023-10-31 11:12:00-04:00,2023-11-01 08:30:00-04:00,-0.4017009500000049
none,trail,USDCHF,S,2023-11-14 08:36:00-05:00,2023-11-16 03:08:00-05:00,2.387095249999991
none,trail,USDCHF,S,2023-12-13 22:43:00-05:00,2023-12-14 02:30:00-05:00,-1.0413278500000176
none,trail,USDCHF,L,2024-01-15 21:52:00-05:00,2024-01-17 05:11:00-05:00,0.871962900000021
none,trail,USDCHF,S,2024-01-31 08:43:00-05:00,2024-01-31 15:04:00-05:00,-1.0602103499999906
none,trail,USDCHF,L,2024-02-06 05:00:00-05:00,2024-02-06 20:49:00-05:00,-1.0518853000000006
none,trail,USDCHF,L,2024-02-29 11:19:00-05:00,2024-03-01 12:09:00-05:00,0.6111321500000036
none,trail,USDCHF,S,2024-03-07 11:28:00-05:00,2024-03-11 09:09:00-04:00,-0.08114739999997482
none,trail,USDCHF,L,2024-03-19 02:08:00-04:00,2024-03-19 09:00:00-04:00,-1.0779538499999806
none,trail,USDCHF,L,2024-04-02 02:30:00-04:00,2024-04-03 11:07:00-04:00,-0.7324388000000256
none,trail,USDCHF,L,2024-04-10 08:38:00-04:00,2024-04-15 15:26:00-04:00,0.9175790499999755
none,trail,USDCHF,L,2024-04-24 08:12:00-04:00,2024-04-24 09:08:00-04:00,-1.067530649999989
none,trail,USDCHF,S,2024-05-03 01:26:00-04:00,2024-05-06 15:13:00-04:00,0.6183924499999993
none,trail,USDCHF,S,2024-05-15 19:48:00-04:00,2024-05-16 07:31:00-04:00,-1.0675992500000135
none,trail,USDCHF,L,2024-05-20 08:26:00-04:00,2024-05-24 09:12:00-04:00,1.4535457499999762
none,trail,USDCHF,S,2024-06-03 10:00:00-04:00,2024-06-05 10:00:00-04:00,1.6628114000000056
none,trail,USDCHF,S,2024-06-17 20:52:00-04:00,2024-06-19 02:52:00-04:00,1.1566797500000108
none,trail,USDCHF,L,2024-06-27 20:55:00-04:00,2024-07-03 05:19:00-04:00,1.6424110000000076
none,trail,USDCHF,S,2024-07-11 08:30:00-04:00,2024-07-11 15:22:00-04:00,-1.1093834499999908
none,trail,USDCHF,S,2024-07-17 04:00:00-04:00,2024-07-18 10:02:00-04:00,2.8307194000000053
none,trail,USDCHF,S,2024-07-25 03:15:00-04:00,2024-07-26 02:30:00-04:00,0.011228099999999248
none,trail,USDCHF,S,2024-07-31 09:31:00-04:00,2024-07-31 14:00:00-04:00,-1.0583677500000064
none,trail,USDCHF,S,2024-08-27 10:17:00-04:00,2024-08-28 08:30:00-04:00,-0.4943271500000129
none,trail,USDCHF,S,2024-09-06 08:31:00-04:00,2024-09-06 08:51:00-04:00,-1.0548588499999907
none,trail,USDCHF,L,2024-09-12 03:04:00-04:00,2024-09-12 14:51:00-04:00,-0.5308477500000133
none,trail,USDCHF,L,2024-10-03 02:30:00-04:00,2024-10-03 07:30:00-04:00,-0.7249853000000024
none,trail,USDCHF,L,2024-10-09 14:51:00-04:00,2024-10-10 08:30:00-04:00,-1.0596140499999975
none,trail,USDCHF,L,2024-10-22 21:38:00-04:00,2024-10-23 22:47:00-04:00,-0.4958371999999768
none,trail,USDCHF,L,2024-11-01 11:45:00-04:00,2024-11-03 20:15:00-05:00,-1.0523012499999895
none,trail,USDCHF,L,2024-11-22 08:10:00-05:00,2024-11-25 04:53:00-05:00,-0.8332867999999809
none,trail,USDCHF,S,2024-11-27 11:49:00-05:00,2024-11-28 02:37:00-05:00,-1.0495281
none,trail,USDCHF,S,2024-12-05 10:57:00-05:00,2024-12-06 02:02:00-05:00,-0.027548450000021263
none,trail,USDCHF,L,2024-12-12 03:30:00-05:00,2024-12-12 04:41:00-05:00,-1.064925550000018
none,trail,USDCHF,L,2024-12-27 12:07:00-05:00,2024-12-30 05:11:00-05:00,-0.6097729999999977
none,trail,USDCHF,L,2025-01-10 05:35:00-05:00,2025-01-13 18:31:00-05:00,0.5678814500000035
none,trail,USDCHF,S,2025-01-20 09:41:00-05:00,2025-01-21 04:06:00-05:00,-0.497598300000001
none,trail,USDCHF,L,2025-02-02 17:01:00-05:00,2025-02-03 10:23:00-05:00,-1.1744221999999809
none,trail,USDCHF,S,2025-02-14 08:30:00-05:00,2025-02-17 20:28:00-05:00,-0.4605534000000051
none,trail,USDCHF,S,2025-02-21 04:09:00-05:00,2025-02-21 08:09:00-05:00,-1.0657441499999805
none,trail,USDCHF,S,2025-03-04 04:29:00-05:00,2025-03-05 14:10:00-05:00,-0.09327954999997466
none,trail,USDCHF,S,2025-03-19 22:16:00-04:00,2025-03-20 04:30:00-04:00,-1.0599098499999955
none,trail,USDCHF,S,2025-04-02 23:24:00-04:00,2025-04-04 11:04:00-04:00,5.187459550000018
none,trail,USDCHF,S,2025-04-20 22:27:00-04:00,2025-04-22 06:58:00-04:00,-0.49897599999999753
none,trail,USDCHF,S,2025-05-07 10:44:00-04:00,2025-05-08 01:03:00-04:00,-0.783435550000004
none,trail,USDCHF,L,2025-05-08 22:08:00-04:00,2025-05-09 09:09:00-04:00,-0.6676806499999961
none,trail,USDCHF,S,2025-06-02 03:42:00-04:00,2025-06-03 05:01:00-04:00,-0.1270494500000064
none,trail,USDCHF,S,2025-06-12 03:57:00-04:00,2025-06-13 06:38:00-04:00,0.3763958999999991
none,trail,USDCHF,S,2025-06-24 10:18:00-04:00,2025-06-25 03:00:00-04:00,-0.06461374999999209
none,trail,USDCHF,L,2025-07-15 10:00:00-04:00,2025-07-16 11:16:00-04:00,0.29399949999998665
none,trail,USDCHF,S,2025-07-22 11:10:00-04:00,2025-07-23 09:35:00-04:00,0.02326150000000606
none,trail,USDCHF,L,2025-07-29 02:57:00-04:00,2025-08-01 08:31:00-04:00,1.5363817499999919
none,trail,USDCHF,S,2025-08-13 03:30:00-04:00,2025-08-14 02:31:00-04:00,-0.5533172499999889
none,trail,USDCHF,S,2025-08-22 10:18:00-04:00,2025-08-25 11:54:00-04:00,-0.5775236000000309
none,trail,USDCHF,S,2025-08-28 06:26:00-04:00,2025-08-28 08:30:00-04:00,-0.7707613000000103
none,trail,USDCHF,S,2025-09-05 09:12:00-04:00,2025-09-09 20:05:00-04:00,0.15075634999996987
none,trail,USDCHF,S,2025-09-16 05:10:00-04:00,2025-09-17 14:45:00-04:00,1.4768488500000263
none,trail,USDCHF,L,2025-09-25 08:31:00-04:00,2025-09-25 23:41:00-04:00,0.8622303499999776
none,trail,USDCHF,L,2025-10-07 21:46:00-04:00,2025-10-10 01:10:00-04:00,1.9640883000000255
none,trail,USDCHF,S,2025-10-15 21:20:00-04:00,2025-10-16 07:43:00-04:00,-1.0514356999999832
none,trail,USDCHF,L,2025-10-29 14:35:00-04:00,2025-11-06 03:04:00-05:00,3.319949700000003
none,trail,USDCHF,S,2025-11-13 10:54:00-05:00,2025-11-14 10:53:00-05:00,-0.43216874999999655
none,trail,USDCHF,S,2025-12-10 18:51:00-05:00,2025-12-12 07:06:00-05:00,1.2268879999999864
none,trail,USDCHF,S,2025-12-22 09:35:00-05:00,2025-12-23 09:53:00-05:00,0.5973947000000002
d1roc_h4ma,fixed,USDCHF,L,2021-01-17 18:50:00-05:00,2021-01-19 04:31:00-05:00,-1.0563144500000206
d1roc_h4ma,fixed,USDCHF,L,2021-02-01 03:26:00-05:00,2021-02-01 15:59:00-05:00,1.5976600000000152
d1roc_h4ma,fixed,USDCHF,S,2021-02-15 20:25:00-05:00,2021-02-16 08:33:00-05:00,-1.092031549999986
d1roc_h4ma,fixed,USDCHF,L,2021-02-23 14:28:00-05:00,2021-03-01 04:31:00-05:00,1.6190391999999847
d1roc_h4ma,fixed,USDCHF,L,2021-03-23 10:00:00-04:00,2021-03-25 11:54:00-04:00,1.6165860000000096
d1roc_h4ma,fixed,USDCHF,S,2021-04-12 11:37:00-04:00,2021-04-12 23:45:00-04:00,-1.065288550000014
d1roc_h4ma,fixed,USDCHF,S,2021-04-23 15:43:00-04:00,2021-04-26 07:44:00-04:00,-1.0659966499999942
d1roc_h4ma,fixed,USDCHF,S,2021-05-06 09:35:00-04:00,2021-05-07 08:37:00-04:00,1.6075377000000088
d1roc_h4ma,fixed,USDCHF,S,2021-05-18 03:14:00-04:00,2021-05-19 04:45:00-04:00,-1.0696239000000016
d1roc_h4ma,fixed,USDCHF,S,2021-06-09 08:51:00-04:00,2021-06-10 03:36:00-04:00,-1.0856262499999887
d1roc_h4ma,fixed,USDCHF,L,2021-06-16 14:39:00-04:00,2021-06-17 02:03:00-04:00,1.5828996999999714
d1roc_h4ma,fixed,USDCHF,L,2021-06-30 08:14:00-04:00,2021-07-02 13:32:00-04:00,-1.0727007000000037
d1roc_h4ma,fixed,USDCHF,S,2021-07-28 14:40:00-04:00,2021-07-29 10:59:00-04:00,1.610338449999999
d1roc_h4ma,fixed,USDCHF,L,2021-08-10 08:58:00-04:00,2021-08-11 08:42:00-04:00,-1.0710616499999852
d1roc_h4ma,fixed,USDCHF,L,2021-09-29 10:57:00-04:00,2021-10-01 02:57:00-04:00,-1.0630174500000225
d1roc_h4ma,fixed,USDCHF,S,2021-10-28 09:54:00-04:00,2021-11-01 14:12:00-04:00,1.6044309999999669
d1roc_h4ma,fixed,USDCHF,L,2021-11-22 14:55:00-05:00,2021-11-26 02:47:00-05:00,-1.0535298500000205
d1roc_h4ma,fixed,USDCHF,S,2021-12-23 19:55:00-05:00,2021-12-31 05:17:00-05:00,1.6059284999999877
d1roc_h4ma,fixed,USDCHF,L,2022-01-27 05:23:00-05:00,2022-01-27 10:35:00-05:00,1.6065569500000165
d1roc_h4ma,fixed,USDCHF,S,2022-03-01 04:44:00-05:00,2022-03-01 05:35:00-05:00,-1.049807050000019
d1roc_h4ma,fixed,USDCHF,S,2022-08-10 08:30:00-04:00,2022-08-10 08:42:00-04:00,1.6111659499999984
d1roc_h4ma,fixed,USDCHF,L,2022-08-28 21:32:00-04:00,2022-08-31 04:35:00-04:00,1.6207449499999869
d1roc_h4ma,fixed,USDCHF,L,2022-09-26 02:37:00-04:00,2022-09-28 11:25:00-04:00,-1.028039349999999
d1roc_h4ma,fixed,USDCHF,L,2022-10-07 08:49:00-04:00,2022-10-13 08:30:00-04:00,1.6279241499999964
d1roc_h4ma,fixed,USDCHF,L,2022-10-21 03:00:00-04:00,2022-10-21 11:25:00-04:00,-1.043227150000023
d1roc_h4ma,fixed,USDCHF,S,2022-11-08 11:38:00-05:00,2022-11-10 08:48:00-05:00,1.6317165000000005
d1roc_h4ma,fixed,USDCHF,S,2022-12-01 09:41:00-05:00,2022-12-06 01:55:00-05:00,-1.0303307500000027
d1roc_h4ma,fixed,USDCHF,S,2022-12-09 02:07:00-05:00,2022-12-09 08:30:00-05:00,-1.0416187000000001
d1roc_h4ma,fixed,USDCHF,S,2022-12-29 08:43:00-05:00,2023-01-02 18:16:00-05:00,-1.043435950000006
d1roc_h4ma,fixed,USDCHF,S,2023-01-09 08:26:00-05:00,2023-01-11 07:05:00-05:00,-1.0335635499999951
d1roc_h4ma,fixed,USDCHF,S,2023-01-18 03:14:00-05:00,2023-01-18 09:24:00-05:00,1.622776300000007
d1roc_h4ma,fixed,USDCHF,S,2023-01-31 13:51:00-05:00,2023-02-01 15:43:00-05:00,1.631505050000004
d1roc_h4ma,fixed,USDCHF,L,2023-02-16 23:42:00-05:00,2023-02-17 14:23:00-05:00,-1.0467954500000098
d1roc_h4ma,fixed,USDCHF,L,2023-02-23 04:57:00-05:00,2023-02-24 10:00:00-05:00,1.6093005500000062
d1roc_h4ma,fixed,USDCHF,S,2023-03-13 05:24:00-04:00,2023-03-15 06:50:00-04:00,-1.0313038499999956
d1roc_h4ma,fixed,USDCHF,S,2023-03-31 10:09:00-04:00,2023-04-02 18:02:00-04:00,-1.054134050000006
d1roc_h4ma,fixed,USDCHF,S,2023-04-12 08:30:00-04:00,2023-04-12 10:04:00-04:00,1.6008875000000007
d1roc_h4ma,fixed,USDCHF,S,2023-04-26 09:24:00-04:00,2023-04-26 10:37:00-04:00,-1.0578537499999907
d1roc_h4ma,fixed,USDCHF,S,2023-05-03 14:02:00-04:00,2023-05-05 04:04:00-04:00,-1.0451113000000158
d1roc_h4ma,fixed,USDCHF,L,2023-05-17 04:47:00-04:00,2023-05-18 10:38:00-04:00,1.6006190000000007
d1roc_h4ma,fixed,USDCHF,L,2023-05-24 12:11:00-04:00,2023-05-26 03:47:00-04:00,-1.0604160500000002
d1roc_h4ma,fixed,USDCHF,S,2023-07-07 10:34:00-04:00,2023-07-10 20:09:00-04:00,1.6109792499999875
d1roc_h4ma,fixed,USDCHF,S,2023-07-27 06:12:00-04:00,2023-07-27 08:30:00-04:00,-1.042021750000001
d1roc_h4ma,fixed,USDCHF,L,2023-08-14 08:01:00-04:00,2023-08-15 05:45:00-04:00,-1.0566223500000165
d1roc_h4ma,fixed,USDCHF,L,2023-08-18 16:51:00-04:00,2023-08-21 05:23:00-04:00,-1.0520561499999936
d1roc_h4ma,fixed,USDCHF,L,2023-08-24 08:33:00-04:00,2023-08-29 11:34:00-04:00,-1.0579589499999984
d1roc_h4ma,fixed,USDCHF,L,2023-09-05 03:54:00-04:00,2023-09-06 10:00:00-04:00,1.5965514500000197
d1roc_h4ma,fixed,USDCHF,L,2023-09-13 08:30:00-04:00,2023-09-13 08:35:00-04:00,-1.0736017500000006
d1roc_h4ma,fixed,USDCHF,L,2023-10-03 06:27:00-04:00,2023-10-04 04:58:00-04:00,-1.0475712500000127
d1roc_h4ma,fixed,USDCHF,S,2023-12-13 22:43:00-05:00,2023-12-14 02:30:00-05:00,-1.0413278500000176
d1roc_h4ma,fixed,USDCHF,L,2024-02-06 05:00:00-05:00,2024-02-06 20:49:00-05:00,-1.0517424500000185
d1roc_h4ma,fixed,USDCHF,L,2024-02-29 11:19:00-05:00,2024-03-01 03:10:00-05:00,1.591184499999993
d1roc_h4ma,fixed,USDCHF,L,2024-03-19 02:08:00-04:00,2024-03-19 09:00:00-04:00,-1.078279549999999
d1roc_h4ma,fixed,USDCHF,L,2024-04-02 02:30:00-04:00,2024-04-03 11:21:00-04:00,-1.0716223500000206
d1roc_h4ma,fixed,USDCHF,L,2024-04-10 08:38:00-04:00,2024-04-10 12:30:00-04:00,1.5968874999999767
d1roc_h4ma,fixed,USDCHF,L,2024-04-24 08:12:00-04:00,2024-04-24 09:08:00-04:00,-1.067530649999989
d1roc_h4ma,fixed,USDCHF,S,2024-05-15 19:48:00-04:00,2024-05-16 07:31:00-04:00,-1.0678404500000296
d1roc_h4ma,fixed,USDCHF,S,2024-06-03 10:00:00-04:00,2024-06-04 06:30:00-04:00,1.6082601500000182
d1roc_h4ma,fixed,USDCHF,S,2024-06-17 20:52:00-04:00,2024-06-18 09:40:00-04:00,1.6019788500000107
d1roc_h4ma,fixed,USDCHF,S,2024-07-25 03:15:00-04:00,2024-07-29 03:31:00-04:00,-1.0703686000000132
d1roc_h4ma,fixed,USDCHF,S,2024-07-31 09:31:00-04:00,2024-07-31 14:00:00-04:00,-1.0583677500000064
d1roc_h4ma,fixed,USDCHF,S,2024-08-27 10:17:00-04:00,2024-08-29 08:30:00-04:00,-1.0557308500000124
d1roc_h4ma,fixed,USDCHF,S,2024-09-06 08:31:00-04:00,2024-09-06 08:51:00-04:00,-1.0548588499999907
d1roc_h4ma,fixed,USDCHF,L,2024-10-09 14:51:00-04:00,2024-10-10 08:30:00-04:00,-1.0596140499999975
d1roc_h4ma,fixed,USDCHF,L,2024-10-22 21:38:00-04:00,2024-10-28 10:53:00-04:00,-1.0899739500000079
d1roc_h4ma,fixed,USDCHF,L,2024-11-01 11:45:00-04:00,2024-11-03 20:15:00-05:00,-1.0523012499999895
d1roc_h4ma,fixed,USDCHF,L,2024-11-22 08:10:00-05:00,2024-11-25 08:02:00-05:00,-1.0571414999999893
d1roc_h4ma,fixed,USDCHF,L,2024-12-27 12:07:00-05:00,2024-12-30 08:58:00-05:00,1.5713601499999796
d1roc_h4ma,fixed,USDCHF,L,2025-01-10 05:35:00-05:00,2025-01-10 08:33:00-05:00,1.5936960499999808
d1roc_h4ma,fixed,USDCHF,L,2025-02-02 17:05:00-05:00,2025-02-03 10:23:00-05:00,-1.0539807499999936
d1roc_h4ma,fixed,USDCHF,S,2025-02-21 04:09:00-05:00,2025-02-21 08:09:00-05:00,-1.0657441499999805
d1roc_h4ma,fixed,USDCHF,S,2025-03-04 04:29:00-05:00,2025-03-05 04:03:00-05:00,1.598951200000008
d1roc_h4ma,fixed,USDCHF,S,2025-03-19 22:16:00-04:00,2025-03-20 04:30:00-04:00,-1.0599098499999955
d1roc_h4ma,fixed,USDCHF,S,2025-04-02 23:24:00-04:00,2025-04-03 02:50:00-04:00,1.6136400000000046
d1roc_h4ma,fixed,USDCHF,S,2025-04-20 22:27:00-04:00,2025-04-22 12:00:00-04:00,-1.03211135
d1roc_h4ma,fixed,USDCHF,S,2025-05-07 10:44:00-04:00,2025-05-08 02:13:00-04:00,-1.0344320500000066
d1roc_h4ma,fixed,USDCHF,L,2025-05-08 22:08:00-04:00,2025-05-09 10:25:00-04:00,-1.0331882500000096
d1roc_h4ma,fixed,USDCHF,S,2025-06-02 03:42:00-04:00,2025-06-03 08:54:00-04:00,-1.0418327500000004
d1roc_h4ma,fixed,USDCHF,S,2025-06-12 03:57:00-04:00,2025-06-12 16:59:00-04:00,1.6146074499999816
d1roc_h4ma,fixed,USDCHF,S,2025-06-24 10:18:00-04:00,2025-06-26 04:27:00-04:00,1.6192272999999924
d1roc_h4ma,fixed,USDCHF,L,2025-07-29 02:57:00-04:00,2025-07-30 09:12:00-04:00,1.613802799999991
d1roc_h4ma,fixed,USDCHF,S,2025-08-28 06:26:00-04:00,2025-08-28 09:30:00-04:00,-1.057455950000001
d1roc_h4ma,fixed,USDCHF,S,2025-09-05 09:12:00-04:00,2025-09-08 09:14:00-04:00,1.6147189999999911
d1roc_h4ma,fixed,USDCHF,S,2025-09-16 05:10:00-04:00,2025-09-16 10:16:00-04:00,1.5950047500000037
d1roc_h4ma,fixed,USDCHF,L,2025-10-07 21:46:00-04:00,2025-10-09 10:24:00-04:00,1.6109797500000023
d1roc_h4ma,fixed,USDCHF,S,2025-12-22 09:35:00-05:00,2025-12-23 04:03:00-05:00,1.5908928499999637
d1roc_h4ma,trail,USDCHF,L,2021-01-17 18:50:00-05:00,2021-01-19 03:01:00-05:00,-0.7034144500000267
d1roc_h4ma,trail,USDCHF,L,2021-02-01 03:26:00-05:00,2021-02-02 03:19:00-05:00,1.0350011000000297
d1roc_h4ma,trail,USDCHF,S,2021-02-15 20:25:00-05:00,2021-02-16 08:20:00-05:00,-0.4621616999999699
d1roc_h4ma,trail,USDCHF,L,2021-02-23 14:28:00-05:00,2021-02-24 23:20:00-05:00,0.37048290000000006
d1roc_h4ma,trail,USDCHF,L,2021-03-23 10:00:00-04:00,2021-03-25 06:26:00-04:00,0.5992874500000003
d1roc_h4ma,trail,USDCHF,S,2021-04-12 11:37:00-04:00,2021-04-12 23:45:00-04:00,-1.052129350000001
d1roc_h4ma,trail,USDCHF,S,2021-04-23 15:43:00-04:00,2021-04-26 07:44:00-04:00,-1.0659966499999942
d1roc_h4ma,trail,USDCHF,S,2021-05-06 09:35:00-04:00,2021-05-11 02:12:00-04:00,1.8015868500000203
d1roc_h4ma,trail,USDCHF,S,2021-05-18 03:14:00-04:00,2021-05-19 03:35:00-04:00,-0.1198873999999705
d1roc_h4ma,trail,USDCHF,S,2021-06-09 08:51:00-04:00,2021-06-10 03:02:00-04:00,-0.8278233499999774
d1roc_h4ma,trail,USDCHF,L,2021-06-16 14:39:00-04:00,2021-06-21 17:45:00-04:00,5.224419249999977
d1roc_h4ma,trail,USDCHF,L,2021-06-30 08:14:00-04:00,2021-07-02 06:55:00-04:00,0.22386184999999173
d1roc_h4ma,trail,USDCHF,S,2021-07-28 14:40:00-04:00,2021-08-02 08:57:00-04:00,1.4205170499999822
d1roc_h4ma,trail,USDCHF,L,2021-08-10 08:58:00-04:00,2021-08-11 08:30:00-04:00,-0.5227380500000138
d1roc_h4ma,trail,USDCHF,L,2021-09-29 10:57:00-04:00,2021-09-30 10:55:00-04:00,-0.19833170000001302
d1roc_h4ma,trail,USDCHF,S,2021-10-28 09:54:00-04:00,2021-11-02 04:08:00-04:00,1.2656855499999682
d1roc_h4ma,trail,USDCHF,L,2021-11-22 14:55:00-05:00,2021-11-25 02:03:00-05:00,0.053283599999988225
d1roc_h4ma,trail,USDCHF,S,2021-12-23 19:55:00-05:00,2021-12-24 15:05:00-05:00,-0.7832020000000027
d1roc_h4ma,trail,USDCHF,L,2022-01-27 05:23:00-05:00,2022-01-28 09:52:00-05:00,0.49856914999999186
d1roc_h4ma,trail,USDCHF,S,2022-03-01 04:44:00-05:00,2022-03-01 05:35:00-05:00,-1.049807050000019
d1roc_h4ma,trail,USDCHF,S,2022-08-10 08:30:00-04:00,2022-08-11 20:31:00-04:00,1.2231518000000048
d1roc_h4ma,trail,USDCHF,L,2022-08-28 21:32:00-04:00,2022-09-02 10:51:00-04:00,2.0285898000000055
d1roc_h4ma,trail,USDCHF,L,2022-09-26 02:37:00-04:00,2022-09-28 08:23:00-04:00,-0.2996104999999995
d1roc_h4ma,trail,USDCHF,L,2022-10-07 08:49:00-04:00,2022-10-11 03:37:00-04:00,0.6046118499999931
d1roc_h4ma,trail,USDCHF,L,2022-10-21 03:00:00-04:00,2022-10-21 10:53:00-04:00,-0.7968443000000416
d1roc_h4ma,trail,USDCHF,S,2022-11-08 11:38:00-05:00,2022-11-10 04:07:00-05:00,-0.44144395000001047
d1roc_h4ma,trail,USDCHF,S,2022-12-01 09:41:00-05:00,2022-12-02 08:30:00-05:00,-0.0062820000000093
d1roc_h4ma,trail,USDCHF,S,2022-12-09 02:07:00-05:00,2022-12-09 08:30:00-05:00,-1.0416187000000001
d1roc_h4ma,trail,USDCHF,S,2022-12-29 08:43:00-05:00,2022-12-30 01:30:00-05:00,-0.3141019500000041
d1roc_h4ma,trail,USDCHF,S,2023-01-09 08:26:00-05:00,2023-01-11 05:44:00-05:00,-0.6291320499999945
d1roc_h4ma,trail,USDCHF,S,2023-01-18 03:14:00-05:00,2023-01-18 20:46:00-05:00,-0.15797740000001673
d1roc_h4ma,trail,USDCHF,S,2023-01-31 13:51:00-05:00,2023-02-01 10:03:00-05:00,-0.2662361999999834
d1roc_h4ma,trail,USDCHF,L,2023-02-16 23:42:00-05:00,2023-02-17 14:23:00-05:00,-1.0467954500000098
d1roc_h4ma,trail,USDCHF,L,2023-02-23 04:57:00-05:00,2023-02-27 06:32:00-05:00,1.8998672999999804
d1roc_h4ma,trail,USDCHF,S,2023-03-13 05:24:00-04:00,2023-03-14 09:39:00-04:00,-0.15660749999999324
d1roc_h4ma,trail,USDCHF,S,2023-03-31 10:09:00-04:00,2023-04-02 18:02:00-04:00,-1.054134050000006
d1roc_h4ma,trail,USDCHF,S,2023-04-12 08:30:00-04:00,2023-04-14 08:30:00-04:00,3.436835600000005
d1roc_h4ma,trail,USDCHF,S,2023-04-26 09:24:00-04:00,2023-04-26 10:37:00-04:00,-1.0578537499999907
d1roc_h4ma,trail,USDCHF,S,2023-05-03 14:02:00-04:00,2023-05-05 03:57:00-04:00,-0.9812750499999914
d1roc_h4ma,trail,USDCHF,L,2023-05-17 04:47:00-04:00,2023-05-19 02:07:00-04:00,1.445994999999983
d1roc_h4ma,trail,USDCHF,L,2023-05-24 12:11:00-04:00,2023-05-25 08:11:00-04:00,-0.7933675000000089
d1roc_h4ma,trail,USDCHF,S,2023-07-07 10:34:00-04:00,2023-07-10 08:45:00-04:00,-0.30818595000000515
d1roc_h4ma,trail,USDCHF,S,2023-07-27 06:12:00-04:00,2023-07-27 08:30:00-04:00,-1.041916000000016
d1roc_h4ma,trail,USDCHF,L,2023-08-14 08:01:00-04:00,2023-08-15 04:32:00-04:00,-0.6692770000000126
d1roc_h4ma,trail,USDCHF,L,2023-08-18 16:51:00-04:00,2023-08-21 05:23:00-04:00,-1.0520561499999936
d1roc_h4ma,trail,USDCHF,L,2023-08-24 08:33:00-04:00,2023-08-28 03:16:00-04:00,-0.24459184999999983
d1roc_h4ma,trail,USDCHF,L,2023-09-05 03:54:00-04:00,2023-09-06 21:39:00-04:00,1.1753517500000255
d1roc_h4ma,trail,USDCHF,L,2023-09-13 08:30:00-04:00,2023-09-13 08:35:00-04:00,-1.0736017500000006
d1roc_h4ma,trail,USDCHF,L,2023-10-03 06:27:00-04:00,2023-10-04 04:58:00-04:00,-1.0475712500000127
d1roc_h4ma,trail,USDCHF,S,2023-12-13 22:43:00-05:00,2023-12-14 02:30:00-05:00,-1.0413278500000176
d1roc_h4ma,trail,USDCHF,L,2024-02-06 05:00:00-05:00,2024-02-06 20:49:00-05:00,-1.0518853000000006
d1roc_h4ma,trail,USDCHF,L,2024-02-29 11:19:00-05:00,2024-03-01 12:09:00-05:00,0.6111321500000036
d1roc_h4ma,trail,USDCHF,L,2024-03-19 02:08:00-04:00,2024-03-19 09:00:00-04:00,-1.0779538499999806
d1roc_h4ma,trail,USDCHF,L,2024-04-02 02:30:00-04:00,2024-04-03 11:07:00-04:00,-0.7324388000000256
d1roc_h4ma,trail,USDCHF,L,2024-04-10 08:38:00-04:00,2024-04-15 15:26:00-04:00,0.9175790499999755
d1roc_h4ma,trail,USDCHF,L,2024-04-24 08:12:00-04:00,2024-04-24 09:08:00-04:00,-1.067530649999989
d1roc_h4ma,trail,USDCHF,S,2024-05-15 19:48:00-04:00,2024-05-16 07:31:00-04:00,-1.0675992500000135
d1roc_h4ma,trail,USDCHF,S,2024-06-03 10:00:00-04:00,2024-06-05 10:00:00-04:00,1.6628114000000056
d1roc_h4ma,trail,USDCHF,S,2024-06-17 20:52:00-04:00,2024-06-19 02:52:00-04:00,1.1566797500000108
d1roc_h4ma,trail,USDCHF,S,2024-07-25 03:15:00-04:00,2024-07-26 02:30:00-04:00,0.011228099999999248
d1roc_h4ma,trail,USDCHF,S,2024-07-31 09:31:00-04:00,2024-07-31 14:00:00-04:00,-1.0583677500000064
d1roc_h4ma,trail,USDCHF,S,2024-08-27 10:17:00-04:00,2024-08-28 08:30:00-04:00,-0.4943271500000129
d1roc_h4ma,trail,USDCHF,S,2024-09-06 08:31:00-04:00,2024-09-06 08:51:00-04:00,-1.0548588499999907
d1roc_h4ma,trail,USDCHF,L,2024-10-09 14:51:00-04:00,2024-10-10 08:30:00-04:00,-1.0596140499999975
d1roc_h4ma,trail,USDCHF,L,2024-10-22 21:38:00-04:00,2024-10-23 22:47:00-04:00,-0.4958371999999768
d1roc_h4ma,trail,USDCHF,L,2024-11-01 11:45:00-04:00,2024-11-03 20:15:00-05:00,-1.0523012499999895
d1roc_h4ma,trail,USDCHF,L,2024-11-22 08:10:00-05:00,2024-11-25 04:53:00-05:00,-0.8332867999999809
d1roc_h4ma,trail,USDCHF,L,2024-12-27 12:07:00-05:00,2024-12-30 05:11:00-05:00,-0.6097729999999977
d1roc_h4ma,trail,USDCHF,L,2025-01-10 05:35:00-05:00,2025-01-13 18:31:00-05:00,0.5678814500000035
d1roc_h4ma,trail,USDCHF,L,2025-02-02 17:05:00-05:00,2025-02-03 10:23:00-05:00,-1.0538236500000115
d1roc_h4ma,trail,USDCHF,S,2025-02-21 04:09:00-05:00,2025-02-21 08:09:00-05:00,-1.0657441499999805
d1roc_h4ma,trail,USDCHF,S,2025-03-04 04:29:00-05:00,2025-03-05 14:10:00-05:00,-0.09327954999997466
d1roc_h4ma,trail,USDCHF,S,2025-03-19 22:16:00-04:00,2025-03-20 04:30:00-04:00,-1.0599098499999955
d1roc_h4ma,trail,USDCHF,S,2025-04-02 23:24:00-04:00,2025-04-04 11:04:00-04:00,5.187459550000018
d1roc_h4ma,trail,USDCHF,S,2025-04-20 22:27:00-04:00,2025-04-22 06:58:00-04:00,-0.49897599999999753
d1roc_h4ma,trail,USDCHF,S,2025-05-07 10:44:00-04:00,2025-05-08 01:03:00-04:00,-0.783435550000004
d1roc_h4ma,trail,USDCHF,L,2025-05-08 22:08:00-04:00,2025-05-09 09:09:00-04:00,-0.6676806499999961
d1roc_h4ma,trail,USDCHF,S,2025-06-02 03:42:00-04:00,2025-06-03 05:01:00-04:00,-0.1270494500000064
d1roc_h4ma,trail,USDCHF,S,2025-06-12 03:57:00-04:00,2025-06-13 06:38:00-04:00,0.3763958999999991
d1roc_h4ma,trail,USDCHF,S,2025-06-24 10:18:00-04:00,2025-06-25 03:00:00-04:00,-0.06461374999999209
d1roc_h4ma,trail,USDCHF,L,2025-07-29 02:57:00-04:00,2025-08-01 08:31:00-04:00,1.5363817499999919
d1roc_h4ma,trail,USDCHF,S,2025-08-28 06:26:00-04:00,2025-08-28 08:30:00-04:00,-0.7707613000000103
d1roc_h4ma,trail,USDCHF,S,2025-09-05 09:12:00-04:00,2025-09-09 20:05:00-04:00,0.15075634999996987
d1roc_h4ma,trail,USDCHF,S,2025-09-16 05:10:00-04:00,2025-09-17 14:45:00-04:00,1.4768488500000263
d1roc_h4ma,trail,USDCHF,L,2025-10-07 21:46:00-04:00,2025-10-10 01:10:00-04:00,1.9640883000000255
d1roc_h4ma,trail,USDCHF,S,2025-12-22 09:35:00-05:00,2025-12-23 09:53:00-05:00,0.5973947000000002
none,fixed,USDJPY,S,2021-01-04 02:46:00-05:00,2021-01-04 10:20:00-05:00,-1.009275000000038
none,fixed,USDJPY,L,2021-01-07 10:17:00-05:00,2021-01-12 21:15:00-05:00,-1.0065099999999865
none,fixed,USDJPY,S,2021-01-20 10:18:00-05:00,2021-01-22 07:39:00-05:00,-1.0120849999999937
none,fixed,USDJPY,L,2021-01-28 08:33:00-05:00,2021-01-29 04:34:00-05:00,1.6551999999999683
none,fixed,USDJPY,L,2021-02-16 09:29:00-05:00,2021-02-19 03:36:00-05:00,-1.0067999999999966
none,fixed,USDJPY,L,2021-02-25 10:45:00-05:00,2021-02-25 21:37:00-05:00,-1.0066749999999864
none,fixed,USDJPY,L,2021-03-15 01:24:00-04:00,2021-03-16 09:18:00-04:00,-1.0068900000000252
none,fixed,USDJPY,L,2021-03-26 04:03:00-04:00,2021-03-26 08:01:00-04:00,1.660000000000009
none,fixed,USDJPY,S,2021-04-13 19:07:00-04:00,2021-04-19 03:43:00-04:00,1.658025
none,fixed,USDJPY,L,2021-05-12 16:55:00-04:00,2021-05-14 08:31:00-04:00,-1.004574999999976
none,fixed,USDJPY,S,2021-05-25 03:11:00-04:00,2021-05-25 04:10:00-04:00,-1.0107550000000014
none,fixed,USDJPY,L,2021-05-27 11:50:00-04:00,2021-05-31 10:55:00-04:00,-1.0106950000000379
none,fixed,USDJPY,L,2021-06-03 10:53:00-04:00,2021-06-04 08:30:00-04:00,-1.0096650000000047
none,fixed,USDJPY,L,2021-06-16 14:04:00-04:00,2021-06-16 16:41:00-04:00,1.6579400000000004
none,fixed,USDJPY,L,2021-06-22 21:51:00-04:00,2021-06-25 08:34:00-04:00,-1.0088300000000086
none,fixed,USDJPY,L,2021-06-30 14:03:00-04:00,2021-07-01 21:00:00-04:00,1.66140999999999
none,fixed,USDJPY,S,2021-07-06 20:56:00-04:00,2021-07-07 02:21:00-04:00,-1.0097999999999858
none,fixed,USDJPY,S,2021-07-19 08:30:00-04:00,2021-07-20 10:44:00-04:00,-1.0086249999999948
none,fixed,USDJPY,S,2021-08-03 08:47:00-04:00,2021-08-04 10:13:00-04:00,-1.008969999999988
none,fixed,USDJPY,L,2021-08-10 09:49:00-04:00,2021-08-11 13:02:00-04:00,-1.0117799999999981
none,fixed,USDJPY,L,2021-08-26 09:41:00-04:00,2021-08-27 00:35:00-04:00,-1.009509999999989
none,fixed,USDJPY,L,2021-09-08 02:02:00-04:00,2021-09-08 03:22:00-04:00,-1.0131450000000148
none,fixed,USDJPY,S,2021-09-14 13:24:00-04:00,2021-09-15 08:15:00-04:00,1.654979999999986
none,fixed,USDJPY,L,2021-09-23 08:53:00-04:00,2021-09-24 08:31:00-04:00,1.6561549999999827
none,fixed,USDJPY,L,2021-10-08 11:24:00-04:00,2021-10-10 23:13:00-04:00,1.651995000000035
none,fixed,USDJPY,L,2021-11-01 01:40:00-04:00,2021-11-01 23:33:00-04:00,-1.0060650000000013
none,fixed,USDJPY,S,2021-11-08 09:01:00-05:00,2021-11-10 09:51:00-05:00,-1.007205000000025
none,fixed,USDJPY,L,2021-11-16 09:01:00-05:00,2021-11-16 18:30:00-05:00,1.656285000000002
none,fixed,USDJPY,L,2021-11-22 21:14:00-05:00,2021-11-23 02:28:00-05:00,-1.0057500000000028
none,fixed,USDJPY,S,2021-11-26 09:47:00-05:00,2021-11-30 04:30:00-05:00,1.658760000000008
none,fixed,USDJPY,L,2021-12-15 13:10:00-05:00,2021-12-16 09:56:00-05:00,-1.0103150000000023
none,fixed,USDJPY,S,2021-12-17 07:52:00-05:00,2021-12-17 10:50:00-05:00,-1.0084549999999954
none,fixed,USDJPY,L,2021-12-22 03:25:00-05:00,2021-12-27 10:29:00-05:00,1.6589800000000183
none,fixed,USDJPY,S,2022-01-24 05:24:00-05:00,2022-01-24 09:39:00-05:00,-1.0074600000000142
none,fixed,USDJPY,L,2022-01-27 04:20:00-05:00,2022-02-01 04:55:00-05:00,-1.0062850000000128
none,fixed,USDJPY,L,2022-02-08 18:00:00-05:00,2022-02-08 21:37:00-05:00,-1.0082499999999945
none,fixed,USDJPY,L,2022-03-03 03:15:00-05:00,2022-03-03 15:00:00-05:00,-1.0074649999999992
none,fixed,USDJPY,L,2022-03-08 19:16:00-05:00,2022-03-10 22:41:00-05:00,1.655655000000023
none,fixed,USDJPY,L,2022-04-11 02:16:00-04:00,2022-04-13 02:21:00-04:00,1.65729999999999
none,fixed,USDJPY,L,2022-04-27 23:13:00-04:00,2022-04-28 04:51:00-04:00,1.6574749999999936
none,fixed,USDJPY,L,2022-05-09 02:53:00-04:00,2022-05-09 08:34:00-04:00,-1.0045850000000172
none,fixed,USDJPY,S,2022-05-12 03:39:00-04:00,2022-05-13 10:17:00-04:00,-1.0036400000000143
none,fixed,USDJPY,S,2022-05-19 08:33:00-04:00,2022-05-30 21:02:00-04:00,-1.0032750000000206
none,fixed,USDJPY,L,2022-06-01 10:11:00-04:00,2022-06-03 11:43:00-04:00,1.6608449999999946
none,fixed,USDJPY,L,2022-06-21 06:56:00-04:00,2022-06-23 09:24:00-04:00,-1.0006100000000262
none,fixed,USDJPY,L,2022-06-29 09:15:00-04:00,2022-06-30 03:16:00-04:00,-1.003434999999994
none,fixed,USDJPY,L,2022-07-10 21:40:00-04:00,2022-07-14 00:45:00-04:00,1.657914999999978
none,fixed,USDJPY,S,2022-07-27 21:20:00-04:00,2022-07-28 15:16:00-04:00,1.6627600000000007
none,fixed,USDJPY,L,2022-08-18 12:59:00-04:00,2022-08-19 07:09:00-04:00,1.6566599999999985
none,fixed,USDJPY,L,2022-08-28 18:01:00-04:00,2022-08-30 10:55:00-04:00,1.618444999999995
none,fixed,USDJPY,L,2022-09-21 22:52:00-04:00,2022-09-21 22:56:00-04:00,-1.0032149999999906
none,fixed,USDJPY,S,2022-09-22 04:41:00-04:00,2022-09-22 05:17:00-04:00,-1.0014750000000052
none,fixed,USDJPY,L,2022-10-03 00:02:00-04:00,2022-10-03 11:09:00-04:00,-1.0053649999999719
none,fixed,USDJPY,L,2022-10-07 08:51:00-04:00,2022-10-11 20:02:00-04:00,1.6558399999999878
none,fixed,USDJPY,S,2022-10-27 01:14:00-04:00,2022-10-27 07:08:00-04:00,-0.9997699999999984
none,fixed,USDJPY,S,2022-11-08 10:13:00-05:00,2022-11-09 09:36:00-05:00,-1.0024950000000101
none,fixed,USDJPY,S,2022-11-28 03:34:00-05:00,2022-11-28 08:15:00-05:00,-1.000345000000021
none,fixed,USDJPY,L,2022-12-12 19:28:00-05:00,2022-12-13 08:30:00-05:00,-1.0008049999999953
none,fixed,USDJPY,S,2022-12-19 22:05:00-05:00,2022-12-20 01:00:00-05:00,1.6575449999999892
none,fixed,USDJPY,S,2023-01-02 18:09:00-05:00,2023-01-02 18:16:00-05:00,-1.0038950000000377
none,fixed,USDJPY,S,2023-01-02 20:11:00-05:00,2023-01-02 23:12:00-05:00,1.6585399999999872
none,fixed,USDJPY,L,2023-01-06 04:21:00-05:00,2023-01-06 08:48:00-05:00,-1.0017599999999898
none,fixed,USDJPY,S,2023-01-12 08:59:00-05:00,2023-01-12 09:42:00-05:00,-1.000554999999989
none,fixed,USDJPY,S,2023-02-01 14:42:00-05:00,2023-02-03 08:40:00-05:00,-1.00421999999998
none,fixed,USDJPY,L,2023-02-03 10:06:00-05:00,2023-02-06 10:09:00-05:00,1.6629749999999948
none,fixed,USDJPY,L,2023-02-13 11:09:00-05:00,2023-02-14 00:01:00-05:00,-0.9994500000000047
none,fixed,USDJPY,L,2023-03-07 14:15:00-05:00,2023-03-09 03:35:00-05:00,-1.003354999999969
none,fixed,USDJPY,S,2023-03-12 18:01:00-04:00,2023-03-16 09:20:00-04:00,1.548945
none,fixed,USDJPY,L,2023-04-10 10:28:00-04:00,2023-04-12 08:31:00-04:00,-1.0009350000000046
none,fixed,USDJPY,L,2023-04-28 02:18:00-04:00,2023-04-28 10:25:00-04:00,1.6603800000000164
none,fixed,USDJPY,L,2023-05-18 03:55:00-04:00,2023-05-18 15:16:00-04:00,1.6568149999999882
none,fixed,USDJPY,L,2023-06-14 21:01:00-04:00,2023-06-16 11:21:00-04:00,1.6561449999999822
none,fixed,USDJPY,S,2023-07-12 10:06:00-04:00,2023-07-13 21:38:00-04:00,1.6616900000000066
none,fixed,USDJPY,L,2023-07-31 02:48:00-04:00,2023-08-10 10:46:00-04:00,1.6598299999999973
none,fixed,USDJPY,L,2023-08-25 10:44:00-04:00,2023-08-29 11:33:00-04:00,-1.0057650000000045
none,fixed,USDJPY,S,2023-09-01 08:39:00-04:00,2023-09-01 09:40:00-04:00,-1.0053300000000134
none,fixed,USDJPY,L,2023-09-05 08:04:00-04:00,2023-09-07 20:35:00-04:00,-1.0059300000000009
none,fixed,USDJPY,L,2023-09-15 06:29:00-04:00,2023-09-21 10:34:00-04:00,-1.0067949999999688
none,fixed,USDJPY,S,2023-10-03 10:12:00-04:00,2023-10-03 10:13:00-04:00,-4.6550899999999915
none,fixed,USDJPY,L,2023-10-25 13:04:00-04:00,2023-10-25 22:16:00-04:00,1.650225000000022
none,fixed,USDJPY,S,2023-10-30 03:02:00-04:00,2023-10-30 07:09:00-04:00,-1.0078200000000606
none,fixed,USDJPY,L,2023-10-31 08:35:00-04:00,2023-11-01 22:22:00-04:00,-1.0058750000000065
none,fixed,USDJPY,L,2023-11-12 23:44:00-05:00,2023-11-13 10:03:00-05:00,-1.0124349999999787
none,fixed,USDJPY,S,2023-11-17 08:14:00-05:00,2023-11-19 18:51:00-05:00,-1.004880000000024
none,fixed,USDJPY,S,2023-11-28 18:14:00-05:00,2023-11-30 09:00:00-05:00,-1.0034600000000193
none,fixed,USDJPY,S,2023-12-07 01:39:00-05:00,2023-12-07 03:41:00-05:00,1.6554350000000408
none,fixed,USDJPY,S,2023-12-13 22:29:00-05:00,2023-12-18 05:40:00-05:00,-1.0005049999999793
none,fixed,USDJPY,S,2023-12-27 11:24:00-05:00,2023-12-28 02:03:00-05:00,1.657320000000008
none,fixed,USDJPY,L,2024-01-05 01:19:00-05:00,2024-01-05 10:02:00-05:00,-1.0039299999999793
none,fixed,USDJPY,L,2024-01-11 08:31:00-05:00,2024-01-11 16:29:00-05:00,-1.0036900000000102
none,fixed,USDJPY,S,2024-01-31 09:52:00-05:00,2024-01-31 15:26:00-05:00,-1.0059149999999997
none,fixed,USDJPY,L,2024-02-04 19:37:00-05:00,2024-02-06 12:45:00-05:00,-1.0015950000000222
none,fixed,USDJPY,S,2024-02-29 02:07:00-05:00,2024-02-29 06:00:00-05:00,-1.0087000000000266
none,fixed,USDJPY,S,2024-03-06 11:55:00-05:00,2024-03-07 01:23:00-05:00,1.6563200000000253
none,fixed,USDJPY,L,2024-03-19 11:38:00-04:00,2024-03-26 22:42:00-04:00,1.6556550000000023
none,fixed,USDJPY,L,2024-04-10 08:30:00-04:00,2024-04-10 08:32:00-04:00,1.6432099999999827
none,fixed,USDJPY,L,2024-04-22 11:33:00-04:00,2024-04-24 20:52:00-04:00,1.653704999999984
none,fixed,USDJPY,S,2024-05-01 16:47:00-04:00,2024-05-01 16:54:00-04:00,-1.0012649999999956
none,fixed,USDJPY,L,2024-05-22 16:44:00-04:00,2024-05-29 11:00:00-04:00,1.654409999999987
none,fixed,USDJPY,L,2024-06-13 23:24:00-04:00,2024-06-14 05:40:00-04:00,-1.0055950000000171
none,fixed,USDJPY,L,2024-06-20 03:44:00-04:00,2024-06-20 12:57:00-04:00,1.6533599999999529
none,fixed,USDJPY,S,2024-07-11 08:42:00-04:00,2024-07-11 08:43:00-04:00,2.044754999999982
none,fixed,USDJPY,S,2024-07-23 21:12:00-04:00,2024-07-24 07:47:00-04:00,1.6571
none,fixed,USDJPY,S,2024-07-30 23:56:00-04:00,2024-07-30 23:58:00-04:00,-1.0030049999999897
none,fixed,USDJPY,S,2024-09-04 19:29:00-04:00,2024-09-06 11:00:00-04:00,1.6591300000000095
none,fixed,USDJPY,L,2024-10-02 16:09:00-04:00,2024-10-04 08:53:00-04:00,1.6568799999999952
none,fixed,USDJPY,L,2024-11-05 21:39:00-05:00,2024-11-07 10:30:00-05:00,-1.0008699999999937
none,fixed,USDJPY,L,2024-11-12 11:43:00-05:00,2024-11-13 21:53:00-05:00,1.6586750000000086
none,fixed,USDJPY,S,2024-11-26 07:15:00-05:00,2024-11-27 03:05:00-05:00,1.6564000000000048
none,fixed,USDJPY,L,2024-12-09 10:34:00-05:00,2024-12-11 04:55:00-05:00,1.6578099999999916
none,fixed,USDJPY,L,2024-12-26 09:41:00-05:00,2024-12-27 11:19:00-05:00,-1.0060050000000087
none,fixed,USDJPY,L,2025-01-06 19:28:00-05:00,2025-01-13 04:32:00-05:00,-1.001425000000006
none,fixed,USDJPY,S,2025-01-15 09:13:00-05:00,2025-01-27 04:12:00-05:00,1.655620000000001
none,fixed,USDJPY,S,2025-01-27 04:14:00-05:00,2025-01-27 22:59:00-05:00,-1.0004750000000087
none,fixed,USDJPY,S,2025-02-04 20:00:00-05:00,2025-02-05 10:02:00-05:00,1.6577749999999916
none,fixed,USDJPY,S,2025-02-19 19:55:00-05:00,2025-02-20 08:13:00-05:00,1.6552700000000256
none,fixed,USDJPY,S,2025-03-04 06:32:00-05:00,2025-03-04 16:20:00-05:00,-0.9982049999999958
none,fixed,USDJPY,L,2025-03-17 14:51:00-04:00,2025-03-19 20:10:00-04:00,-1.0039450000000205
none,fixed,USDJPY,S,2025-04-02 18:21:00-04:00,2025-04-03 05:11:00-04:00,1.6601900000000083
none,fixed,USDJPY,L,2025-05-01 01:23:00-04:00,2025-05-01 10:48:00-04:00,1.6590650000000013
none,fixed,USDJPY,L,2025-05-08 13:37:00-04:00,2025-05-09 10:27:00-04:00,-0.9986499999999937
none,fixed,USDJPY,S,2025-05-25 21:56:00-04:00,2025-05-27 01:10:00-04:00,-1.0041899999999684
none,fixed,USDJPY,L,2025-06-19 05:54:00-04:00,2025-06-22 21:26:00-04:00,1.6561800000000089
none,fixed,USDJPY,S,2025-07-01 07:42:00-04:00,2025-07-01 11:16:00-04:00,-1.0033050000000012
none,fixed,USDJPY,L,2025-07-15 08:38:00-04:00,2025-07-15 11:30:00-04:00,1.659029999999976
none,fixed,USDJPY,L,2025-07-30 14:48:00-04:00,2025-07-31 09:09:00-04:00,1.6588999999999945
none,fixed,USDJPY,S,2025-08-13 20:56:00-04:00,2025-08-14 09:24:00-04:00,-1.0057200000000064
none,fixed,USDJPY,L,2025-08-21 21:16:00-04:00,2025-08-22 10:00:00-04:00,-1.0055050000000125
none,fixed,USDJPY,L,2025-09-02 04:07:00-04:00,2025-09-02 04:41:00-04:00,-1.0062749999999603
none,fixed,USDJPY,S,2025-09-09 04:30:00-04:00,2025-09-09 11:16:00-04:00,-1.005199999999976
none,fixed,USDJPY,S,2025-09-16 13:12:00-04:00,2025-09-17 16:16:00-04:00,-1.0054100000000132
none,fixed,USDJPY,L,2025-09-18 09:40:00-04:00,2025-09-18 23:47:00-04:00,-1.0043049999999965
none,fixed,USDJPY,L,2025-10-05 23:21:00-04:00,2025-10-07 13:30:00-04:00,1.6588500000000004
none,fixed,USDJPY,L,2025-10-30 02:40:00-04:00,2025-11-11 23:39:00-05:00,1.662489999999983
none,fixed,USDJPY,L,2025-12-19 04:09:00-05:00,2025-12-22 21:04:00-05:00,-1.0064050000000122
none,trail,USDJPY,S,2021-01-04 02:46:00-05:00,2021-01-04 10:20:00-05:00,-1.009275000000038
none,trail,USDJPY,L,2021-01-07 10:17:00-05:00,2021-01-08 08:30:00-05:00,-0.3528549999999873
none,trail,USDJPY,S,2021-01-20 10:18:00-05:00,2021-01-22 02:01:00-05:00,-0.6478200000000461
none,trail,USDJPY,L,2021-01-28 08:33:00-05:00,2021-02-05 03:11:00-05:00,4.256890000000009
none,trail,USDJPY,L,2021-02-16 09:29:00-05:00,2021-02-17 09:36:00-05:00,0.1975049999999941
none,trail,USDJPY,L,2021-02-25 10:45:00-05:00,2021-02-25 21:23:00-05:00,-0.583140000000009
none,trail,USDJPY,L,2021-03-15 01:24:00-04:00,2021-03-16 06:56:00-04:00,-0.31787500000001173
none,trail,USDJPY,L,2021-03-26 04:03:00-04:00,2021-03-28 22:27:00-04:00,0.6261450000000061
none,trail,USDJPY,S,2021-04-13 19:07:00-04:00,2021-04-14 09:32:00-04:00,-0.1941749999999818
none,trail,USDJPY,L,2021-05-12 16:55:00-04:00,2021-05-13 03:13:00-04:00,-0.47170499999999704
none,trail,USDJPY,S,2021-05-25 03:11:00-04:00,2021-05-25 04:10:00-04:00,-1.0106699999999649
none,trail,USDJPY,L,2021-05-27 11:50:00-04:00,2021-05-28 12:17:00-04:00,0.026659999999965944
none,trail,USDJPY,L,2021-06-03 10:53:00-04:00,2021-06-04 04:59:00-04:00,-0.21281500000002423
none,trail,USDJPY,L,2021-06-16 14:04:00-04:00,2021-06-17 22:01:00-04:00,-0.7307649999999856
none,trail,USDJPY,L,2021-06-22 21:51:00-04:00,2021-06-25 00:25:00-04:00,0.01891500000000106
none,trail,USDJPY,L,2021-06-30 14:03:00-04:00,2021-07-02 04:12:00-04:00,1.2072900000000022
none,trail,USDJPY,S,2021-07-06 20:56:00-04:00,2021-07-07 02:21:00-04:00,-1.0097999999999858
none,trail,USDJPY,S,2021-07-19 08:30:00-04:00,2021-07-20 10:26:00-04:00,-0.6541099999999814
none,trail,USDJPY,S,2021-08-03 08:47:00-04:00,2021-08-04 04:16:00-04:00,-0.32548500000001196
none,trail,USDJPY,L,2021-08-10 09:49:00-04:00,2021-08-11 08:30:00-04:00,-0.4175849999999757
none,trail,USDJPY,L,2021-08-26 09:41:00-04:00,2021-08-27 00:34:00-04:00,-1.0060749999999727
none,trail,USDJPY,L,2021-09-08 02:02:00-04:00,2021-09-08 03:22:00-04:00,-1.0131450000000148
none,trail,USDJPY,S,2021-09-14 13:24:00-04:00,2021-09-15 20:07:00-04:00,0.5330250000000014
none,trail,USDJPY,L,2021-09-23 08:53:00-04:00,2021-09-29 04:19:00-04:00,3.9069250000000033
none,trail,USDJPY,L,2021-10-08 11:24:00-04:00,2021-10-11 23:13:00-04:00,3.3570100000000296
none,trail,USDJPY,L,2021-11-01 01:40:00-04:00,2021-11-01 21:58:00-04:00,-0.9574300000000239
none,trail,USDJPY,S,2021-11-08 09:01:00-05:00,2021-11-10 02:07:00-05:00,0.8091550000000054
none,trail,USDJPY,L,2021-11-16 09:01:00-05:00,2021-11-17 12:38:00-05:00,-1.009319999999992
none,trail,USDJPY,L,2021-11-22 21:14:00-05:00,2021-11-23 02:28:00-05:00,-0.5743800000000099
none,trail,USDJPY,S,2021-11-26 09:47:00-05:00,2021-11-29 09:14:00-05:00,-0.5645099999999936
none,trail,USDJPY,L,2021-12-15 13:10:00-05:00,2021-12-16 09:56:00-05:00,-1.0103150000000023
none,trail,USDJPY,S,2021-12-17 07:52:00-05:00,2021-12-17 10:50:00-05:00,-1.0084549999999954
none,trail,USDJPY,L,2021-12-22 03:25:00-05:00,2021-12-22 15:44:00-05:00,-0.4567449999999871
none,trail,USDJPY,S,2022-01-24 05:24:00-05:00,2022-01-24 09:39:00-05:00,-1.0054450000000141
none,trail,USDJPY,L,2022-01-27 04:20:00-05:00,2022-01-28 08:39:00-05:00,0.6822699999999758
none,trail,USDJPY,L,2022-02-08 18:00:00-05:00,2022-02-08 21:37:00-05:00,-1.0082499999999945
none,trail,USDJPY,L,2022-03-03 03:15:00-05:00,2022-03-03 15:00:00-05:00,-1.0074649999999992
none,trail,USDJPY,L,2022-03-08 19:16:00-05:00,2022-03-09 09:13:00-05:00,-0.28176500000001037
none,trail,USDJPY,L,2022-04-11 02:16:00-04:00,2022-04-12 08:54:00-04:00,0.005240000000000439
none,trail,USDJPY,L,2022-04-27 23:13:00-04:00,2022-04-29 10:54:00-04:00,0.43870999999999943
none,trail,USDJPY,L,2022-05-09 02:53:00-04:00,2022-05-09 08:34:00-04:00,-1.0045850000000172
none,trail,USDJPY,S,2022-05-12 03:39:00-04:00,2022-05-13 09:57:00-04:00,-0.9180800000000288
none,trail,USDJPY,S,2022-05-19 08:33:00-04:00,2022-05-20 05:12:00-04:00,-0.8544350000000033
none,trail,USDJPY,L,2022-06-01 10:11:00-04:00,2022-06-02 02:30:00-04:00,0.15712499999999852
none,trail,USDJPY,L,2022-06-21 06:56:00-04:00,2022-06-22 05:44:00-04:00,0.5509249999999922
none,trail,USDJPY,L,2022-06-29 09:15:00-04:00,2022-06-30 01:26:00-04:00,-0.590719999999993
none,trail,USDJPY,L,2022-07-10 21:40:00-04:00,2022-07-12 05:53:00-04:00,0.029539999999968623
none,trail,USDJPY,S,2022-07-27 21:20:00-04:00,2022-08-02 19:28:00-04:00,2.6279849999999754
none,trail,USDJPY,L,2022-08-18 12:59:00-04:00,2022-08-23 09:45:00-04:00,1.7937450000000215
none,trail,USDJPY,L,2022-08-28 18:01:00-04:00,2022-08-30 04:16:00-04:00,0.666029999999977
none,trail,USDJPY,L,2022-09-21 22:52:00-04:00,2022-09-21 22:56:00-04:00,-1.0032149999999906
none,trail,USDJPY,S,2022-09-22 04:41:00-04:00,2022-09-22 05:17:00-04:00,-1.0004900000000005
none,trail,USDJPY,L,2022-10-03 00:02:00-04:00,2022-10-03 10:25:00-04:00,-0.7130500000000103
none,trail,USDJPY,L,2022-10-07 08:51:00-04:00,2022-10-11 03:17:00-04:00,0.4501049999999796
none,trail,USDJPY,S,2022-10-27 01:14:00-04:00,2022-10-27 07:08:00-04:00,-0.9997699999999984
none,trail,USDJPY,S,2022-11-08 10:13:00-05:00,2022-11-09 08:05:00-05:00,-0.27591499999999924
none,trail,USDJPY,S,2022-11-28 03:34:00-05:00,2022-11-28 08:15:00-05:00,-1.000345000000021
none,trail,USDJPY,L,2022-12-12 19:28:00-05:00,2022-12-13 08:30:00-05:00,-1.0008049999999953
none,trail,USDJPY,S,2022-12-19 22:05:00-05:00,2022-12-21 09:01:00-05:00,2.225764999999996
none,trail,USDJPY,S,2023-01-02 18:09:00-05:00,2023-01-02 18:16:00-05:00,-1.0038950000000377
none,trail,USDJPY,S,2023-01-02 20:11:00-05:00,2023-01-03 07:12:00-05:00,-1.0038950000000377
none,trail,USDJPY,L,2023-01-06 04:21:00-05:00,2023-01-06 08:48:00-05:00,-1.0017599999999898
none,trail,USDJPY,S,2023-01-12 08:59:00-05:00,2023-01-12 09:42:00-05:00,-0.9995249999999841
none,trail,USDJPY,S,2023-02-01 14:42:00-05:00,2023-02-03 08:30:00-05:00,0.2660350000000167
none,trail,USDJPY,L,2023-02-03 10:06:00-05:00,2023-02-07 10:44:00-05:00,0.5887000000000175
none,trail,USDJPY,L,2023-02-13 11:09:00-05:00,2023-02-14 00:01:00-05:00,-1.003475
none,trail,USDJPY,L,2023-03-07 14:15:00-05:00,2023-03-09 03:26:00-05:00,-0.9058699999999996
none,trail,USDJPY,S,2023-03-12 18:01:00-04:00,2023-03-13 21:27:00-04:00,0.24707999999999775
none,trail,USDJPY,L,2023-04-10 10:28:00-04:00,2023-04-12 08:30:00-04:00,-0.23927499999999227
none,trail,USDJPY,L,2023-04-28 02:18:00-04:00,2023-05-02 07:11:00-04:00,2.661950000000025
none,trail,USDJPY,L,2023-05-18 03:55:00-04:00,2023-05-19 11:14:00-04:00,0.336834999999988
none,trail,USDJPY,L,2023-06-14 21:01:00-04:00,2023-06-15 18:54:00-04:00,-0.425544999999989
none,trail,USDJPY,S,2023-07-12 10:06:00-04:00,2023-07-13 08:34:00-04:00,-0.09001500000000325
none,trail,USDJPY,L,2023-07-31 02:48:00-04:00,2023-08-02 01:03:00-04:00,0.5367249999999875
none,trail,USDJPY,L,2023-08-10 00:02:00-04:00,2023-08-10 08:30:00-04:00,-1.0041649999999802
none,trail,USDJPY,L,2023-08-25 10:44:00-04:00,2023-08-28 20:11:00-04:00,-0.3491950000000297
none,trail,USDJPY,S,2023-09-01 08:39:00-04:00,2023-09-01 09:40:00-04:00,-1.0053300000000134
none,trail,USDJPY,L,2023-09-05 08:04:00-04:00,2023-09-06 01:01:00-04:00,-0.028989999999991575
none,trail,USDJPY,L,2023-09-15 06:29:00-04:00,2023-09-18 02:16:00-04:00,-0.5564399999999516
none,trail,USDJPY,S,2023-10-03 10:12:00-04:00,2023-10-03 10:13:00-04:00,-4.647304999999992
none,trail,USDJPY,L,2023-10-25 13:04:00-04:00,2023-10-26 02:47:00-04:00,-0.5732599999999387
none,trail,USDJPY,S,2023-10-30 03:02:00-04:00,2023-10-30 07:09:00-04:00,-1.0075150000000492
none,trail,USDJPY,L,2023-10-31 08:35:00-04:00,2023-11-01 06:53:00-04:00,0.600980000000023
none,trail,USDJPY,L,2023-11-12 23:44:00-05:00,2023-11-13 10:03:00-05:00,-0.9093099999999303
none,trail,USDJPY,S,2023-11-17 08:14:00-05:00,2023-11-19 18:51:00-05:00,-0.9946250000000166
none,trail,USDJPY,S,2023-11-28 18:14:00-05:00,2023-11-30 09:00:00-05:00,-0.981444999999988
none,trail,USDJPY,S,2023-12-07 01:39:00-05:00,2023-12-08 02:19:00-05:00,2.967410000000009
none,trail,USDJPY,S,2023-12-13 22:29:00-05:00,2023-12-14 18:46:00-05:00,-0.559949999999986
none,trail,USDJPY,S,2023-12-27 11:24:00-05:00,2023-12-28 19:53:00-05:00,0.5379249999999564
none,trail,USDJPY,L,2024-01-05 01:19:00-05:00,2024-01-05 10:02:00-05:00,-1.0039299999999793
none,trail,USDJPY,L,2024-01-11 08:31:00-05:00,2024-01-11 16:28:00-05:00,-0.9789550000000162
none,trail,USDJPY,S,2024-01-31 09:52:00-05:00,2024-01-31 15:26:00-05:00,-1.0059149999999997
none,trail,USDJPY,L,2024-02-04 19:37:00-05:00,2024-02-06 10:07:00-05:00,-0.4871200000000131
none,trail,USDJPY,S,2024-02-29 02:07:00-05:00,2024-02-29 06:00:00-05:00,-1.0084250000000152
none,trail,USDJPY,S,2024-03-06 11:55:00-05:00,2024-03-11 22:07:00-04:00,4.128520000000034
none,trail,USDJPY,L,2024-03-19 11:38:00-04:00,2024-03-22 08:15:00-04:00,0.6571999999999949
none,trail,USDJPY,L,2024-04-10 08:30:00-04:00,2024-04-12 08:37:00-04:00,4.289035000000002
none,trail,USDJPY,L,2024-04-22 11:33:00-04:00,2024-04-23 09:45:00-04:00,-0.3636900000000265
none,trail,USDJPY,S,2024-05-01 16:47:00-04:00,2024-05-01 16:54:00-04:00,-1.002375000000001
none,trail,USDJPY,L,2024-05-22 16:44:00-04:00,2024-05-27 22:42:00-04:00,-0.17926999999996293
none,trail,USDJPY,L,2024-05-28 16:32:00-04:00,2024-05-30 02:00:00-04:00,-0.7794700000000048
none,trail,USDJPY,L,2024-06-13 23:24:00-04:00,2024-06-14 05:40:00-04:00,-1.0055950000000171
none,trail,USDJPY,L,2024-06-20 03:44:00-04:00,2024-06-24 05:23:00-04:00,3.5109350000000235
none,trail,USDJPY,S,2024-07-11 08:42:00-04:00,2024-07-15 19:48:00-04:00,5.102570000000014
none,trail,USDJPY,S,2024-07-23 21:12:00-04:00,2024-07-25 09:06:00-04:00,1.6783800000000262
none,trail,USDJPY,S,2024-07-30 23:56:00-04:00,2024-07-30 23:58:00-04:00,-1.0030049999999897
none,trail,USDJPY,S,2024-09-04 19:29:00-04:00,2024-09-05 10:32:00-04:00,-0.5274499999999931
none,trail,USDJPY,L,2024-10-02 16:09:00-04:00,2024-10-04 00:14:00-04:00,-0.1556950000000058
none,trail,USDJPY,L,2024-11-05 21:39:00-05:00,2024-11-07 08:09:00-05:00,-0.23601499999998918
none,trail,USDJPY,L,2024-11-12 11:43:00-05:00,2024-11-13 08:37:00-05:00,-0.26655000000001594
none,trail,USDJPY,S,2024-11-26 07:15:00-05:00,2024-11-28 02:46:00-05:00,1.5620999999999916
none,trail,USDJPY,L,2024-12-09 10:34:00-05:00,2024-12-11 04:11:00-05:00,0.21206500000000822
none,trail,USDJPY,L,2024-12-26 09:41:00-05:00,2024-12-27 11:19:00-05:00,-0.8652450000000325
none,trail,USDJPY,L,2025-01-06 19:28:00-05:00,2025-01-08 22:26:00-05:00,-0.1796800000000119
none,trail,USDJPY,S,2025-01-15 09:13:00-05:00,2025-01-16 08:31:00-05:00,-0.08148499999999778
none,trail,USDJPY,S,2025-01-27 04:11:00-05:00,2025-01-27 22:59:00-05:00,-1.0004750000000087
none,trail,USDJPY,S,2025-02-04 20:00:00-05:00,2025-02-10 03:08:00-05:00,1.834860000000009
none,trail,USDJPY,S,2025-02-19 19:55:00-05:00,2025-02-24 18:10:00-05:00,1.6727650000000185
none,trail,USDJPY,S,2025-03-04 06:32:00-05:00,2025-03-04 16:19:00-05:00,-0.9052749999999797
none,trail,USDJPY,L,2025-03-17 14:51:00-04:00,2025-03-19 14:37:00-04:00,-0.07310000000001414
none,trail,USDJPY,S,2025-04-02 18:21:00-04:00,2025-04-04 05:26:00-04:00,1.7378899999999913
none,trail,USDJPY,L,2025-05-01 01:23:00-04:00,2025-05-05 08:25:00-04:00,-0.39750500000002714
none,trail,USDJPY,L,2025-05-08 13:37:00-04:00,2025-05-09 10:27:00-04:00,-0.9986499999999937
none,trail,USDJPY,S,2025-05-25 21:56:00-04:00,2025-05-27 01:01:00-04:00,-0.7126399999999689
none,trail,USDJPY,L,2025-06-19 05:54:00-04:00,2025-06-24 02:22:00-04:00,-0.4973749999999915
none,trail,USDJPY,S,2025-07-01 07:42:00-04:00,2025-07-01 11:16:00-04:00,-1.0033050000000012
none,trail,USDJPY,L,2025-07-15 08:38:00-04:00,2025-07-16 02:20:00-04:00,1.2314799999999686
none,trail,USDJPY,L,2025-07-30 14:48:00-04:00,2025-08-01 08:55:00-04:00,-0.8684199999999983
none,trail,USDJPY,S,2025-08-13 20:56:00-04:00,2025-08-14 09:24:00-04:00,-1.0057200000000064
none,trail,USDJPY,L,2025-08-21 21:16:00-04:00,2025-08-22 10:00:00-04:00,-0.1973949999999988
none,trail,USDJPY,L,2025-09-02 04:07:00-04:00,2025-09-02 04:41:00-04:00,-1.0062749999999603
none,trail,USDJPY,S,2025-09-09 04:30:00-04:00,2025-09-09 11:16:00-04:00,-1.005199999999976
none,trail,USDJPY,S,2025-09-16 13:12:00-04:00,2025-09-17 03:14:00-04:00,-0.5224050000000113
none,trail,USDJPY,L,2025-09-18 09:40:00-04:00,2025-09-18 23:47:00-04:00,-1.0043049999999965
none,trail,USDJPY,L,2025-10-05 23:21:00-04:00,2025-10-09 09:07:00-04:00,2.6906349999999875
none,trail,USDJPY,L,2025-10-30 02:40:00-04:00,2025-11-03 10:00:00-05:00,0.8590599999999984
none,trail,USDJPY,L,2025-11-10 20:28:00-05:00,2025-11-11 08:19:00-05:00,-0.7340900000000274
none,trail,USDJPY,L,2025-12-19 04:09:00-05:00,2025-12-22 08:10:00-05:00,0.49117499999997627
d1roc_h4ma,fixed,USDJPY,S,2021-01-04 02:46:00-05:00,2021-01-04 10:20:00-05:00,-1.009275000000038
d1roc_h4ma,fixed,USDJPY,L,2021-01-28 08:33:00-05:00,2021-01-29 04:34:00-05:00,1.6551999999999683
d1roc_h4ma,fixed,USDJPY,L,2021-02-16 09:29:00-05:00,2021-02-19 03:36:00-05:00,-1.0067999999999966
d1roc_h4ma,fixed,USDJPY,L,2021-02-25 10:45:00-05:00,2021-02-25 21:37:00-05:00,-1.0066749999999864
d1roc_h4ma,fixed,USDJPY,L,2021-03-15 01:24:00-04:00,2021-03-16 09:18:00-04:00,-1.0068900000000252
d1roc_h4ma,fixed,USDJPY,L,2021-03-26 04:03:00-04:00,2021-03-26 08:01:00-04:00,1.660000000000009
d1roc_h4ma,fixed,USDJPY,L,2021-06-03 10:53:00-04:00,2021-06-04 08:30:00-04:00,-1.0096650000000047
d1roc_h4ma,fixed,USDJPY,L,2021-06-16 14:04:00-04:00,2021-06-16 16:41:00-04:00,1.6579400000000004
d1roc_h4ma,fixed,USDJPY,L,2021-06-22 21:51:00-04:00,2021-06-25 08:34:00-04:00,-1.0088300000000086
d1roc_h4ma,fixed,USDJPY,L,2021-06-30 14:03:00-04:00,2021-07-01 21:00:00-04:00,1.66140999999999
d1roc_h4ma,fixed,USDJPY,S,2021-07-19 08:30:00-04:00,2021-07-20 10:44:00-04:00,-1.0086249999999948
d1roc_h4ma,fixed,USDJPY,S,2021-08-03 08:47:00-04:00,2021-08-04 10:13:00-04:00,-1.008969999999988
d1roc_h4ma,fixed,USDJPY,L,2021-08-26 09:41:00-04:00,2021-08-27 00:35:00-04:00,-1.009509999999989
d1roc_h4ma,fixed,USDJPY,L,2021-10-08 11:24:00-04:00,2021-10-10 23:13:00-04:00,1.651995000000035
d1roc_h4ma,fixed,USDJPY,L,2021-11-01 01:40:00-04:00,2021-11-01 23:33:00-04:00,-1.0060650000000013
d1roc_h4ma,fixed,USDJPY,L,2021-11-22 21:14:00-05:00,2021-11-23 02:28:00-05:00,-1.0057500000000028
d1roc_h4ma,fixed,USDJPY,S,2021-12-17 07:52:00-05:00,2021-12-17 10:50:00-05:00,-1.0084549999999954
d1roc_h4ma,fixed,USDJPY,S,2022-01-24 05:24:00-05:00,2022-01-24 09:39:00-05:00,-1.0074600000000142
d1roc_h4ma,fixed,USDJPY,L,2022-02-08 18:00:00-05:00,2022-02-08 21:37:00-05:00,-1.0082499999999945
d1roc_h4ma,fixed,USDJPY,L,2022-03-03 03:15:00-05:00,2022-03-03 15:00:00-05:00,-1.0074649999999992
d1roc_h4ma,fixed,USDJPY,L,2022-03-08 19:16:00-05:00,2022-03-10 22:41:00-05:00,1.655655000000023
d1roc_h4ma,fixed,USDJPY,L,2022-04-11 02:16:00-04:00,2022-04-13 02:21:00-04:00,1.65729999999999
d1roc_h4ma,fixed,USDJPY,L,2022-04-27 23:13:00-04:00,2022-04-28 04:51:00-04:00,1.6574749999999936
d1roc_h4ma,fixed,USDJPY,L,2022-05-09 02:53:00-04:00,2022-05-09 08:34:00-04:00,-1.0045850000000172
d1roc_h4ma,fixed,USDJPY,L,2022-06-21 06:56:00-04:00,2022-06-23 09:24:00-04:00,-1.0006100000000262
d1roc_h4ma,fixed,USDJPY,L,2022-06-29 09:15:00-04:00,2022-06-30 03:16:00-04:00,-1.003434999999994
d1roc_h4ma,fixed,USDJPY,L,2022-07-10 21:40:00-04:00,2022-07-14 00:45:00-04:00,1.657914999999978
d1roc_h4ma,fixed,USDJPY,S,2022-07-27 21:20:00-04:00,2022-07-28 15:16:00-04:00,1.6627600000000007
d1roc_h4ma,fixed,USDJPY,L,2022-08-28 18:01:00-04:00,2022-08-30 10:55:00-04:00,1.618444999999995
d1roc_h4ma,fixed,USDJPY,L,2022-09-21 22:52:00-04:00,2022-09-21 22:56:00-04:00,-1.0032149999999906
d1roc_h4ma,fixed,USDJPY,L,2022-10-03 00:02:00-04:00,2022-10-03 11:09:00-04:00,-1.0053649999999719
d1roc_h4ma,fixed,USDJPY,L,2022-10-07 08:51:00-04:00,2022-10-11 20:02:00-04:00,1.6558399999999878
d1roc_h4ma,fixed,USDJPY,S,2022-11-28 03:34:00-05:00,2022-11-28 08:15:00-05:00,-1.000345000000021
d1roc_h4ma,fixed,USDJPY,S,2022-12-19 22:05:00-05:00,2022-12-20 01:00:00-05:00,1.6575449999999892
d1roc_h4ma,fixed,USDJPY,S,2023-01-02 18:09:00-05:00,2023-01-02 18:16:00-05:00,-1.0038950000000377
d1roc_h4ma,fixed,USDJPY,S,2023-01-02 20:11:00-05:00,2023-01-02 23:12:00-05:00,1.6585399999999872
d1roc_h4ma,fixed,USDJPY,S,2023-01-12 08:59:00-05:00,2023-01-12 09:42:00-05:00,-1.000554999999989
d1roc_h4ma,fixed,USDJPY,S,2023-02-01 14:42:00-05:00,2023-02-03 08:40:00-05:00,-1.00421999999998
d1roc_h4ma,fixed,USDJPY,L,2023-02-13 11:09:00-05:00,2023-02-14 00:01:00-05:00,-0.9994500000000047
d1roc_h4ma,fixed,USDJPY,L,2023-03-07 14:15:00-05:00,2023-03-09 03:35:00-05:00,-1.003354999999969
d1roc_h4ma,fixed,USDJPY,L,2023-04-28 02:18:00-04:00,2023-04-28 10:25:00-04:00,1.6603800000000164
d1roc_h4ma,fixed,USDJPY,L,2023-05-18 03:55:00-04:00,2023-05-18 15:16:00-04:00,1.6568149999999882
d1roc_h4ma,fixed,USDJPY,L,2023-06-14 21:01:00-04:00,2023-06-16 11:21:00-04:00,1.6561449999999822
d1roc_h4ma,fixed,USDJPY,L,2023-08-10 00:02:00-04:00,2023-08-10 08:30:00-04:00,-1.005319999999972
d1roc_h4ma,fixed,USDJPY,L,2023-08-25 10:44:00-04:00,2023-08-29 11:33:00-04:00,-1.0057650000000045
d1roc_h4ma,fixed,USDJPY,L,2023-09-05 08:04:00-04:00,2023-09-07 20:35:00-04:00,-1.0059300000000009
d1roc_h4ma,fixed,USDJPY,L,2023-09-15 06:29:00-04:00,2023-09-21 10:34:00-04:00,-1.0067949999999688
d1roc_h4ma,fixed,USDJPY,L,2023-10-25 13:04:00-04:00,2023-10-25 22:16:00-04:00,1.650225000000022
d1roc_h4ma,fixed,USDJPY,L,2023-11-12 23:44:00-05:00,2023-11-13 10:03:00-05:00,-1.0124349999999787
d1roc_h4ma,fixed,USDJPY,S,2023-11-28 18:14:00-05:00,2023-11-30 09:00:00-05:00,-1.0034600000000193
d1roc_h4ma,fixed,USDJPY,S,2023-12-07 01:39:00-05:00,2023-12-07 03:41:00-05:00,1.6554350000000408
d1roc_h4ma,fixed,USDJPY,S,2023-12-13 22:29:00-05:00,2023-12-18 05:40:00-05:00,-1.0005049999999793
d1roc_h4ma,fixed,USDJPY,S,2023-12-27 11:24:00-05:00,2023-12-28 02:03:00-05:00,1.657320000000008
d1roc_h4ma,fixed,USDJPY,L,2024-01-11 08:31:00-05:00,2024-01-11 16:29:00-05:00,-1.0036900000000102
d1roc_h4ma,fixed,USDJPY,L,2024-02-04 19:37:00-05:00,2024-02-06 12:45:00-05:00,-1.0015950000000222
d1roc_h4ma,fixed,USDJPY,L,2024-04-10 08:30:00-04:00,2024-04-10 08:32:00-04:00,1.6432099999999827
d1roc_h4ma,fixed,USDJPY,L,2024-04-22 11:33:00-04:00,2024-04-24 20:52:00-04:00,1.653704999999984
d1roc_h4ma,fixed,USDJPY,L,2024-05-22 16:44:00-04:00,2024-05-29 11:00:00-04:00,1.654409999999987
d1roc_h4ma,fixed,USDJPY,L,2024-06-13 23:24:00-04:00,2024-06-14 05:40:00-04:00,-1.0055950000000171
d1roc_h4ma,fixed,USDJPY,L,2024-06-20 03:44:00-04:00,2024-06-20 12:57:00-04:00,1.6533599999999529
d1roc_h4ma,fixed,USDJPY,S,2024-07-23 21:12:00-04:00,2024-07-24 07:47:00-04:00,1.6571
d1roc_h4ma,fixed,USDJPY,S,2024-07-30 23:56:00-04:00,2024-07-30 23:58:00-04:00,-1.0030049999999897
d1roc_h4ma,fixed,USDJPY,S,2024-09-04 19:29:00-04:00,2024-09-06 11:00:00-04:00,1.6591300000000095
d1roc_h4ma,fixed,USDJPY,L,2024-11-05 21:39:00-05:00,2024-11-07 10:30:00-05:00,-1.0008699999999937
d1roc_h4ma,fixed,USDJPY,L,2024-11-12 11:43:00-05:00,2024-11-13 21:53:00-05:00,1.6586750000000086
d1roc_h4ma,fixed,USDJPY,L,2024-12-26 09:41:00-05:00,2024-12-27 11:19:00-05:00,-1.0060050000000087
d1roc_h4ma,fixed,USDJPY,L,2025-01-06 19:28:00-05:00,2025-01-13 04:32:00-05:00,-1.001425000000006
d1roc_h4ma,fixed,USDJPY,S,2025-01-27 04:11:00-05:00,2025-01-27 22:59:00-05:00,-1.0004750000000087
d1roc_h4ma,fixed,USDJPY,S,2025-02-04 20:00:00-05:00,2025-02-05 10:02:00-05:00,1.6577749999999916
d1roc_h4ma,fixed,USDJPY,S,2025-02-19 19:55:00-05:00,2025-02-20 08:13:00-05:00,1.6552700000000256
d1roc_h4ma,fixed,USDJPY,S,2025-03-04 06:32:00-05:00,2025-03-04 16:20:00-05:00,-0.9982049999999958
d1roc_h4ma,fixed,USDJPY,S,2025-05-25 21:56:00-04:00,2025-05-27 01:10:00-04:00,-1.0041899999999684
d1roc_h4ma,fixed,USDJPY,L,2025-06-19 05:54:00-04:00,2025-06-22 21:26:00-04:00,1.6561800000000089
d1roc_h4ma,fixed,USDJPY,L,2025-07-15 08:38:00-04:00,2025-07-15 11:30:00-04:00,1.659029999999976
d1roc_h4ma,fixed,USDJPY,L,2025-07-30 14:48:00-04:00,2025-07-31 09:09:00-04:00,1.6588999999999945
d1roc_h4ma,fixed,USDJPY,S,2025-08-13 20:56:00-04:00,2025-08-14 09:24:00-04:00,-1.0057200000000064
d1roc_h4ma,fixed,USDJPY,L,2025-08-21 21:16:00-04:00,2025-08-22 10:00:00-04:00,-1.0055050000000125
d1roc_h4ma,fixed,USDJPY,S,2025-09-16 13:12:00-04:00,2025-09-17 16:16:00-04:00,-1.0054100000000132
d1roc_h4ma,fixed,USDJPY,L,2025-10-05 23:21:00-04:00,2025-10-07 13:30:00-04:00,1.6588500000000004
d1roc_h4ma,fixed,USDJPY,L,2025-10-30 02:40:00-04:00,2025-11-11 23:39:00-05:00,1.662489999999983
d1roc_h4ma,trail,USDJPY,S,2021-01-04 02:46:00-05:00,2021-01-04 10:20:00-05:00,-1.009275000000038
d1roc_h4ma,trail,USDJPY,L,2021-01-28 08:33:00-05:00,2021-02-05 03:11:00-05:00,4.256890000000009
d1roc_h4ma,trail,USDJPY,L,2021-02-16 09:29:00-05:00,2021-02-17 09:36:00-05:00,0.1975049999999941
d1roc_h4ma,trail,USDJPY,L,2021-02-25 10:45:00-05:00,2021-02-25 21:23:00-05:00,-0.583140000000009
d1roc_h4ma,trail,USDJPY,L,2021-03-15 01:24:00-04:00,2021-03-16 06:56:00-04:00,-0.31787500000001173
d1roc_h4ma,trail,USDJPY,L,2021-03-26 04:03:00-04:00,2021-03-28 22:27:00-04:00,0.6261450000000061
d1roc_h4ma,trail,USDJPY,L,2021-06-03 10:53:00-04:00,2021-06-04 04:59:00-04:00,-0.21281500000002423
d1roc_h4ma,trail,USDJPY,L,2021-06-16 14:04:00-04:00,2021-06-17 22:01:00-04:00,-0.7307649999999856
d1roc_h4ma,trail,USDJPY,L,2021-06-22 21:51:00-04:00,2021-06-25 00:25:00-04:00,0.01891500000000106
d1roc_h4ma,trail,USDJPY,L,2021-06-30 14:03:00-04:00,2021-07-02 04:12:00-04:00,1.2072900000000022
d1roc_h4ma,trail,USDJPY,S,2021-07-19 08:30:00-04:00,2021-07-20 10:26:00-04:00,-0.6541099999999814
d1roc_h4ma,trail,USDJPY,S,2021-08-03 08:47:00-04:00,2021-08-04 04:16:00-04:00,-0.32548500000001196
d1roc_h4ma,trail,USDJPY,L,2021-08-26 09:41:00-04:00,2021-08-27 00:34:00-04:00,-1.0060749999999727
d1roc_h4ma,trail,USDJPY,L,2021-10-08 11:24:00-04:00,2021-10-11 23:13:00-04:00,3.3570100000000296
d1roc_h4ma,trail,USDJPY,L,2021-11-01 01:40:00-04:00,2021-11-01 21:58:00-04:00,-0.9574300000000239
d1roc_h4ma,trail,USDJPY,L,2021-11-22 21:14:00-05:00,2021-11-23 02:28:00-05:00,-0.5743800000000099
d1roc_h4ma,trail,USDJPY,S,2021-12-17 07:52:00-05:00,2021-12-17 10:50:00-05:00,-1.0084549999999954
d1roc_h4ma,trail,USDJPY,S,2022-01-24 05:24:00-05:00,2022-01-24 09:39:00-05:00,-1.0054450000000141
d1roc_h4ma,trail,USDJPY,L,2022-02-08 18:00:00-05:00,2022-02-08 21:37:00-05:00,-1.0082499999999945
d1roc_h4ma,trail,USDJPY,L,2022-03-03 03:15:00-05:00,2022-03-03 15:00:00-05:00,-1.0074649999999992
d1roc_h4ma,trail,USDJPY,L,2022-03-08 19:16:00-05:00,2022-03-09 09:13:00-05:00,-0.28176500000001037
d1roc_h4ma,trail,USDJPY,L,2022-04-11 02:16:00-04:00,2022-04-12 08:54:00-04:00,0.005240000000000439
d1roc_h4ma,trail,USDJPY,L,2022-04-27 23:13:00-04:00,2022-04-29 10:54:00-04:00,0.43870999999999943
d1roc_h4ma,trail,USDJPY,L,2022-05-09 02:53:00-04:00,2022-05-09 08:34:00-04:00,-1.0045850000000172
d1roc_h4ma,trail,USDJPY,L,2022-06-21 06:56:00-04:00,2022-06-22 05:44:00-04:00,0.5509249999999922
d1roc_h4ma,trail,USDJPY,L,2022-06-29 09:15:00-04:00,2022-06-30 01:26:00-04:00,-0.590719999999993
d1roc_h4ma,trail,USDJPY,L,2022-07-10 21:40:00-04:00,2022-07-12 05:53:00-04:00,0.029539999999968623
d1roc_h4ma,trail,USDJPY,S,2022-07-27 21:20:00-04:00,2022-08-02 19:28:00-04:00,2.6279849999999754
d1roc_h4ma,trail,USDJPY,L,2022-08-28 18:01:00-04:00,2022-08-30 04:16:00-04:00,0.666029999999977
d1roc_h4ma,trail,USDJPY,L,2022-09-21 22:52:00-04:00,2022-09-21 22:56:00-04:00,-1.0032149999999906
d1roc_h4ma,trail,USDJPY,L,2022-10-03 00:02:00-04:00,2022-10-03 10:25:00-04:00,-0.7130500000000103
d1roc_h4ma,trail,USDJPY,L,2022-10-07 08:51:00-04:00,2022-10-11 03:17:00-04:00,0.4501049999999796
d1roc_h4ma,trail,USDJPY,S,2022-11-28 03:34:00-05:00,2022-11-28 08:15:00-05:00,-1.000345000000021
d1roc_h4ma,trail,USDJPY,S,2022-12-19 22:05:00-05:00,2022-12-21 09:01:00-05:00,2.225764999999996
d1roc_h4ma,trail,USDJPY,S,2023-01-02 18:09:00-05:00,2023-01-02 18:16:00-05:00,-1.0038950000000377
d1roc_h4ma,trail,USDJPY,S,2023-01-02 20:11:00-05:00,2023-01-03 07:12:00-05:00,-1.0038950000000377
d1roc_h4ma,trail,USDJPY,S,2023-01-12 08:59:00-05:00,2023-01-12 09:42:00-05:00,-0.9995249999999841
d1roc_h4ma,trail,USDJPY,S,2023-02-01 14:42:00-05:00,2023-02-03 08:30:00-05:00,0.2660350000000167
d1roc_h4ma,trail,USDJPY,L,2023-02-13 11:09:00-05:00,2023-02-14 00:01:00-05:00,-1.003475
d1roc_h4ma,trail,USDJPY,L,2023-03-07 14:15:00-05:00,2023-03-09 03:26:00-05:00,-0.9058699999999996
d1roc_h4ma,trail,USDJPY,L,2023-04-28 02:18:00-04:00,2023-05-02 07:11:00-04:00,2.661950000000025
d1roc_h4ma,trail,USDJPY,L,2023-05-18 03:55:00-04:00,2023-05-19 11:14:00-04:00,0.336834999999988
d1roc_h4ma,trail,USDJPY,L,2023-06-14 21:01:00-04:00,2023-06-15 18:54:00-04:00,-0.425544999999989
d1roc_h4ma,trail,USDJPY,L,2023-08-10 00:02:00-04:00,2023-08-10 08:30:00-04:00,-1.0041649999999802
d1roc_h4ma,trail,USDJPY,L,2023-08-25 10:44:00-04:00,2023-08-28 20:11:00-04:00,-0.3491950000000297
d1roc_h4ma,trail,USDJPY,L,2023-09-05 08:04:00-04:00,2023-09-06 01:01:00-04:00,-0.028989999999991575
d1roc_h4ma,trail,USDJPY,L,2023-09-15 06:29:00-04:00,2023-09-18 02:16:00-04:00,-0.5564399999999516
d1roc_h4ma,trail,USDJPY,L,2023-10-25 13:04:00-04:00,2023-10-26 02:47:00-04:00,-0.5732599999999387
d1roc_h4ma,trail,USDJPY,L,2023-11-12 23:44:00-05:00,2023-11-13 10:03:00-05:00,-0.9093099999999303
d1roc_h4ma,trail,USDJPY,S,2023-11-28 18:14:00-05:00,2023-11-30 09:00:00-05:00,-0.981444999999988
d1roc_h4ma,trail,USDJPY,S,2023-12-07 01:39:00-05:00,2023-12-08 02:19:00-05:00,2.967410000000009
d1roc_h4ma,trail,USDJPY,S,2023-12-13 22:29:00-05:00,2023-12-14 18:46:00-05:00,-0.559949999999986
d1roc_h4ma,trail,USDJPY,S,2023-12-27 11:24:00-05:00,2023-12-28 19:53:00-05:00,0.5379249999999564
d1roc_h4ma,trail,USDJPY,L,2024-01-11 08:31:00-05:00,2024-01-11 16:28:00-05:00,-0.9789550000000162
d1roc_h4ma,trail,USDJPY,L,2024-02-04 19:37:00-05:00,2024-02-06 10:07:00-05:00,-0.4871200000000131
d1roc_h4ma,trail,USDJPY,L,2024-04-10 08:30:00-04:00,2024-04-12 08:37:00-04:00,4.289035000000002
d1roc_h4ma,trail,USDJPY,L,2024-04-22 11:33:00-04:00,2024-04-23 09:45:00-04:00,-0.3636900000000265
d1roc_h4ma,trail,USDJPY,L,2024-05-22 16:44:00-04:00,2024-05-27 22:42:00-04:00,-0.17926999999996293
d1roc_h4ma,trail,USDJPY,L,2024-05-28 16:32:00-04:00,2024-05-30 02:00:00-04:00,-0.7794700000000048
d1roc_h4ma,trail,USDJPY,L,2024-06-13 23:24:00-04:00,2024-06-14 05:40:00-04:00,-1.0055950000000171
d1roc_h4ma,trail,USDJPY,L,2024-06-20 03:44:00-04:00,2024-06-24 05:23:00-04:00,3.5109350000000235
d1roc_h4ma,trail,USDJPY,S,2024-07-23 21:12:00-04:00,2024-07-25 09:06:00-04:00,1.6783800000000262
d1roc_h4ma,trail,USDJPY,S,2024-07-30 23:56:00-04:00,2024-07-30 23:58:00-04:00,-1.0030049999999897
d1roc_h4ma,trail,USDJPY,S,2024-09-04 19:29:00-04:00,2024-09-05 10:32:00-04:00,-0.5274499999999931
d1roc_h4ma,trail,USDJPY,L,2024-11-05 21:39:00-05:00,2024-11-07 08:09:00-05:00,-0.23601499999998918
d1roc_h4ma,trail,USDJPY,L,2024-11-12 11:43:00-05:00,2024-11-13 08:37:00-05:00,-0.26655000000001594
d1roc_h4ma,trail,USDJPY,L,2024-12-26 09:41:00-05:00,2024-12-27 11:19:00-05:00,-0.8652450000000325
d1roc_h4ma,trail,USDJPY,L,2025-01-06 19:28:00-05:00,2025-01-08 22:26:00-05:00,-0.1796800000000119
d1roc_h4ma,trail,USDJPY,S,2025-01-27 04:11:00-05:00,2025-01-27 22:59:00-05:00,-1.0004750000000087
d1roc_h4ma,trail,USDJPY,S,2025-02-04 20:00:00-05:00,2025-02-10 03:08:00-05:00,1.834860000000009
d1roc_h4ma,trail,USDJPY,S,2025-02-19 19:55:00-05:00,2025-02-24 18:10:00-05:00,1.6727650000000185
d1roc_h4ma,trail,USDJPY,S,2025-03-04 06:32:00-05:00,2025-03-04 16:19:00-05:00,-0.9052749999999797
d1roc_h4ma,trail,USDJPY,S,2025-05-25 21:56:00-04:00,2025-05-27 01:01:00-04:00,-0.7126399999999689
d1roc_h4ma,trail,USDJPY,L,2025-06-19 05:54:00-04:00,2025-06-24 02:22:00-04:00,-0.4973749999999915
d1roc_h4ma,trail,USDJPY,L,2025-07-15 08:38:00-04:00,2025-07-16 02:20:00-04:00,1.2314799999999686
d1roc_h4ma,trail,USDJPY,L,2025-07-30 14:48:00-04:00,2025-08-01 08:55:00-04:00,-0.8684199999999983
d1roc_h4ma,trail,USDJPY,S,2025-08-13 20:56:00-04:00,2025-08-14 09:24:00-04:00,-1.0057200000000064
d1roc_h4ma,trail,USDJPY,L,2025-08-21 21:16:00-04:00,2025-08-22 10:00:00-04:00,-0.1973949999999988
d1roc_h4ma,trail,USDJPY,S,2025-09-16 13:12:00-04:00,2025-09-17 03:14:00-04:00,-0.5224050000000113
d1roc_h4ma,trail,USDJPY,L,2025-10-05 23:21:00-04:00,2025-10-09 09:07:00-04:00,2.6906349999999875
d1roc_h4ma,trail,USDJPY,L,2025-10-30 02:40:00-04:00,2025-11-03 10:00:00-05:00,0.8590599999999984
d1roc_h4ma,trail,USDJPY,L,2025-11-10 20:28:00-05:00,2025-11-11 08:19:00-05:00,-0.7340900000000274
