Symbol,Side,Dir,SignalTime,EntryTime,EntryPrice,ExitTime,ExitPrice,Reason,ReasonCode,Bars,ATR,InitialStop,FinalStop,PnL,R,MFE_ATR,MAE_ATR,BE
USDJPY,売り,-1,2021-01-04 01:00:00,2021-01-04 05:00:00,102.74320734981548,2021-01-04 09:00:00,103.12873913932988,初期損切り,initial,2,0.1918695696649413,103.12694648914535,103.12694648914535,-0.3855317895144026,-1.0046715333433291,0.14180127605954215,1.9999999999999654,False
AUDUSD,買い,1,2021-01-05 09:00:00,2021-01-05 13:00:00,0.7765442521179043,2021-01-06 05:00:00,0.7807157478820956,時間切れ,time,4,0.003104392084085015,0.7703354679497343,0.7765442521179043,0.004171495764191291,0.6718699911613762,1.4449682129690724,1.038609824588136,True
USDCHF,売り,-1,2021-01-05 09:00:00,2021-01-05 13:00:00,0.8778636570334297,2021-01-06 05:00:00,0.8768863429665702,時間切れ,time,4,0.002210427248376679,0.8822845115301831,0.8822845115301831,0.0009773140668595248,0.22106904164732336,0.8295486923518389,0.8940999836215572,False
USDJPY,売り,-1,2021-01-05 09:00:00,2021-01-05 13:00:00,102.65120734981548,2021-01-06 05:00:00,102.86579265018453,時間切れ,time,4,0.19788826159972936,103.04698387301494,103.04698387301494,-0.21458530036905188,-0.5421880475232427,0.29414250923691576,1.181437687584627,False
EURUSD,買い,1,2021-01-06 01:00:00,2021-01-06 05:00:00,1.2338663224968554,2021-01-06 09:00:00,1.227564561057212,初期損切り,initial,2,0.0031377194713940503,1.2275908835540672,1.2275908835540672,-0.00630176143964345,-1.0041945268044714,0.3421840330001059,2.000000000000015,False
USDJPY,買い,1,2021-01-07 01:00:00,2021-01-07 05:00:00,103.56979265018452,2021-01-08 05:00:00,103.64028624485496,トレイル,trail,7,0.2219649469150336,103.12586275635445,103.64207889503949,0.07049359467043814,0.15879443049497027,2.3481516206024344,0.26937879613670507,True
USDCHF,買い,1,2021-01-07 17:00:00,2021-01-07 21:00:00,0.8864863429665703,2021-01-08 13:00:00,0.8858836570334297,時間切れ,time,4,0.0023835087645344383,0.8817193254375014,0.8817193254375014,-0.000602685933140501,-0.1264283022802774,0.8322423911108173,1.773160237317492,False
GBPUSD,売り,-1,2021-01-10 17:00:00,2021-01-10 21:00:00,1.3508737570146254,2021-01-11 09:00:00,1.35094,建値,breakeven,4,0.004997025473737681,1.3608678079621008,1.3508737570146254,-6.624298537460938e-05,-0.006628241713270763,1.0093518716550995,0.15133862922036165,True
AUDUSD,売り,-1,2021-01-10 17:00:00,2021-01-10 21:00:00,0.7706757478820956,2021-01-11 13:00:00,0.7710742521179044,時間切れ,time,4,0.0034660634813385646,0.7776078748447727,0.7706757478820956,-0.00039850423580878314,-0.05748657489315287,1.1585904019694206,0.45707533241501286,True
EURUSD,売り,-1,2021-01-10 17:00:00,2021-01-10 21:00:00,1.2177736775031447,2021-01-11 13:00:00,1.2167663224968552,時間切れ,time,4,0.0036994385117505024,1.2251725545266456,1.2177736775031447,0.0010073550062894565,0.13614971611094512,1.222801105837068,0.5990969953455169,True
GBPUSD,買い,1,2021-01-12 13:00:00,2021-01-12 17:00:00,1.3662662429853747,2021-01-13 09:00:00,1.3681437570146253,時間切れ,time,4,0.004710610604694078,1.3568450217759864,1.3568450217759864,0.0018775140292506265,0.19928563267145258,0.8096099072219856,0.20724340585527937,False
AUDUSD,買い,1,2021-01-14 09:00:00,2021-01-14 13:00:00,0.7798042521179044,2021-01-15 01:00:00,0.7731523093653438,初期損切り,initial,4,0.0033038453173280975,0.7731965614832482,0.7731965614832482,-0.006651942752560536,-1.0066970626125027,0.11675724649470881,1.9999999999999896,False
EURUSD,売り,-1,2021-01-14 05:00:00,2021-01-14 09:00:00,1.2119636775031446,2021-01-15 01:00:00,1.2140263224968553,時間切れ,time,4,0.0033403946148544764,1.2186444667328535,1.2186444667328535,-0.0020626449937106717,-0.30874271329175434,0.2256252898364628,1.759170150354058,False
AUDUSD,売り,-1,2021-01-15 05:00:00,2021-01-15 09:00:00,0.7720357478820956,2021-01-15 13:00:00,0.7721442521179044,建値,breakeven,2,0.003165634601997132,0.7783670170860899,0.7720357478820956,-0.00010850423580877067,-0.017137833238921138,1.2243194080739868,0.24142145698757486,True
GBPUSD,売り,-1,2021-01-15 05:00:00,2021-01-15 09:00:00,1.3605537570146253,2021-01-18 01:00:00,1.3572362429853746,時間切れ,time,4,0.004296840401506137,1.3691474378176376,1.3605537570146253,0.0033175140292507344,0.38604110453903207,1.0644465670687153,0.22952748839099107,True
EURUSD,売り,-1,2021-01-15 09:00:00,2021-01-15 13:00:00,1.2093236775031446,2021-01-18 05:00:00,1.2062563224968552,時間切れ,time,4,0.0032906486694970543,1.2159049748421387,1.2093236775031446,0.0030673550062894073,0.4660714823071988,1.037387410812937,0.007999181772062389,True
USDJPY,買い,1,2021-01-18 21:00:00,2021-01-19 01:00:00,103.99279265018453,2021-01-19 17:00:00,103.92920734981547,時間切れ,time,4,0.18757525353786125,103.61764214310881,103.61764214310881,-0.06358530036905563,-0.16949277468581753,0.5022376248392575,0.8252295932698193,False
USDJPY,売り,-1,2021-01-20 09:00:00,2021-01-20 13:00:00,103.60020734981548,2021-01-21 05:00:00,103.42579265018453,時間切れ,time,4,0.1762501737707806,103.95270769735704,103.60020734981548,0.17441469963094391,0.4947929862973532,1.510394821860918,0.39031252402614336,True
GBPUSD,買い,1,2021-01-21 01:00:00,2021-01-21 05:00:00,1.3734362429853746,2021-01-21 21:00:00,1.3716337570146253,時間切れ,time,4,0.0036536677743462644,1.366128907436682,1.366128907436682,-0.001802485970749279,-0.24666801719154532,0.15156195057295185,0.8474341884926019,False
USDCHF,売り,-1,2021-01-21 09:00:00,2021-01-21 13:00:00,0.8862536570334297,2021-01-22 05:00:00,0.8849963429665703,時間切れ,time,4,0.002103376585102319,0.8904604102036344,0.8862536570334297,0.0012573140668594718,0.2988799237770134,1.1332526235732217,0.07432951744240057,True
EURUSD,買い,1,2021-01-21 13:00:00,2021-01-21 17:00:00,1.2165563224968552,2021-01-22 09:00:00,1.2165336775031448,時間切れ,time,4,0.0027359205860213076,1.2110844813248125,1.2110844813248125,-2.2644993710407846e-05,-0.004138459615039332,0.882217676740022,0.5103666034713987,False
AUDUSD,売り,-1,2021-01-25 21:00:00,2021-01-26 01:00:00,0.7688357478820956,2021-01-26 05:00:00,0.7738608640051203,初期損切り,initial,2,0.0024904320025601824,0.773816611887216,0.773816611887216,-0.005025116123024698,-1.008884426047136,0.7612124644024951,1.999999999999983,False
GBPUSD,買い,1,2021-01-26 09:00:00,2021-01-26 13:00:00,1.3732262429853745,2021-01-27 05:00:00,1.3734437570146254,時間切れ,time,4,0.003682324172662363,1.3658615946400499,1.3658615946400499,0.00021751402925085372,0.029534883276393965,0.7315371728062358,0.30856679968863165,False
AUDUSD,売り,-1,2021-01-27 13:00:00,2021-01-27 17:00:00,0.7660757478820956,2021-01-28 09:00:00,0.7653345688502713,トレイル,trail,5,0.0029011484078535527,0.7718780446978027,0.7652903167323669,0.0007411790318243572,0.12773890329394194,2.370009015561793,0.17725812182246167,True
USDCHF,買い,1,2021-01-28 01:00:00,2021-01-28 05:00:00,0.8897363429665702,2021-01-28 09:00:00,0.8890436570334298,建値,breakeven,2,0.0018642288254970961,0.8860078853155761,0.8897363429665702,-0.0006926859331404245,-0.18578350566908544,1.1498894363776262,0.35743625324134715,True
EURUSD,売り,-1,2021-01-27 17:00:00,2021-01-27 21:00:00,1.2101036775031446,2021-01-28 13:00:00,1.2125563224968554,時間切れ,time,4,0.0027932668697205655,1.2156902112425858,1.2156902112425858,-0.002452644993710784,-0.43902804638859,0.7244841246934021,1.4736588692892214,False
USDCHF,買い,1,2021-02-01 01:00:00,2021-02-01 05:00:00,0.8949063429665702,2021-02-01 21:00:00,0.8957536570334298,時間切れ,time,4,0.0020034067025763175,0.8908995295614176,0.8949063429665702,0.0008473140668595613,0.2114683118934219,1.2447083411585762,0.36255392658725016,True
AUDUSD,売り,-1,2021-02-02 05:00:00,2021-02-02 09:00:00,0.7602357478820956,2021-02-02 13:00:00,0.76028,建値,breakeven,2,0.003286982955187172,0.7668097137924699,0.7602357478820956,-4.425211790437533e-05,-0.006731418828099075,1.1608663428187196,0.11081655209974509,True
EURUSD,売り,-1,2021-02-02 05:00:00,2021-02-02 09:00:00,1.2047936775031447,2021-02-02 17:00:00,1.20482,建値,breakeven,3,0.0027150712372705794,1.2102238199776858,1.2047936775031447,-2.632249685530219e-05,-0.00484747812395593,1.3346528273001992,0.05389269159740206,True
GBPUSD,売り,-1,2021-02-03 21:00:00,2021-02-04 01:00:00,1.3604937570146254,2021-02-04 05:00:00,1.3678801390768223,初期損切り,initial,2,0.003660069538411114,1.3678138960914477,1.3678138960914477,-0.007386382062196883,-1.0090494162309567,0.8780590043162064,2.0000000000000124,False
USDJPY,買い,1,2021-01-27 05:00:00,2021-01-27 09:00:00,103.98479265018453,2021-02-05 01:00:00,105.35443309831471,トレイル,trail,41,0.15514667439384122,103.67449930139685,105.35622574849924,1.369640448130184,4.414018068648186,10.784680731009539,0.1662468775776187,True
AUDUSD,買い,1,2021-02-05 09:00:00,2021-02-05 13:00:00,0.7670642521179044,2021-02-08 05:00:00,0.7664457478820956,時間切れ,time,4,0.0028304646659057563,0.7614033227860929,0.7614033227860929,-0.0006185042358087811,-0.10925842729268943,0.40832443379955113,0.44665885892619334,False
GBPUSD,買い,1,2021-02-08 21:00:00,2021-02-09 01:00:00,1.3784062429853745,2021-02-09 17:00:00,1.3813637570146253,時間切れ,time,4,0.0035182259634122283,1.37136979105855,1.3784062429853745,0.0029575140292508184,0.4203132573074426,1.0783153367858525,0.6498283535936207,True
GBPUSD,買い,1,2021-02-14 17:00:00,2021-02-14 21:00:00,1.3890062429853747,2021-02-15 13:00:00,1.3911337570146254,時間切れ,time,4,0.0030964004311856883,1.3828134421230034,1.3828134421230034,0.00212751402925071,0.3435463333203374,0.9474733904173609,0.20224870758557587,False
AUDUSD,買い,1,2021-02-14 21:00:00,2021-02-15 01:00:00,0.7786342521179044,2021-02-15 17:00:00,0.7780357478820956,時間切れ,time,4,0.002313822161807662,0.7740066077942891,0.7740066077942891,-0.0005985042358087611,-0.12933237603299266,0.11485233674486156,0.801380567837473,False
USDJPY,買い,1,2021-02-11 21:00:00,2021-02-12 01:00:00,104.87179265018453,2021-02-16 01:00:00,105.27340213624791,トレイル,trail,13,0.1648757667871927,104.54204111661015,105.27519478643244,0.40160948606337854,1.21791544594222,4.610788866241837,0.49002137645136495,True
EURUSD,買い,1,2021-02-16 01:00:00,2021-02-16 05:00:00,1.2152963224968554,2021-02-16 05:00:00,1.2111083142200214,初期損切り,initial,1,0.0020808428899893746,1.2111346367168767,1.2111346367168767,-0.0041880082768339655,-1.0063249601836473,0.0,1.9999999999999587,False
USDCHF,売り,-1,2021-02-15 17:00:00,2021-02-15 21:00:00,0.8888936570334297,2021-02-16 05:00:00,0.8920707220896446,初期損切り,initial,3,0.0015403610448222942,0.8919743791230743,0.8919743791230743,-0.003177065056214845,-1.0312728521972494,0.5931447283095379,2.000000000000011,False
EURUSD,売り,-1,2021-02-17 01:00:00,2021-02-17 05:00:00,1.2067636775031447,2021-02-18 01:00:00,1.20679,建値,breakeven,6,0.0023066991226896264,1.211377075748524,1.2067636775031447,-2.632249685530219e-05,-0.005705663256291958,1.9134170814606806,0.07643931326838216,True
USDCHF,買い,1,2021-02-17 01:00:00,2021-02-17 05:00:00,0.8949463429665703,2021-02-18 05:00:00,0.8959180127979377,トレイル,trail,7,0.0017143819556859352,0.8915175790551984,0.8960143557645079,0.0009716698313674277,0.28338779119343227,2.691148852872637,0.21368806721000286,True
GBPUSD,買い,1,2021-02-18 05:00:00,2021-02-18 09:00:00,1.3978462429853746,2021-02-19 01:00:00,1.3971437570146255,時間切れ,time,4,0.003545064548456301,1.390756113888462,1.390756113888462,-0.0007024859707491782,-0.09907943299016599,0.054655426432133405,1.4544849367044488,False
EURUSD,買い,1,2021-02-22 05:00:00,2021-02-22 09:00:00,1.2147463224968553,2021-02-23 01:00:00,1.2169936775031447,時間切れ,time,4,0.0024243044188139466,1.2098977136592275,1.2147463224968553,0.0022473550062893644,0.4635051169417181,1.2266106022276753,0.7450889759707373,True
USDJPY,売り,-1,2021-02-22 09:00:00,2021-02-22 13:00:00,105.04520734981547,2021-02-23 05:00:00,105.27579265018453,時間切れ,time,4,0.22918687052838932,105.50358109087225,105.50358109087225,-0.23058530036905722,-0.5030508506823358,0.5288581738387577,1.1858997400588696,False
AUDUSD,買い,1,2021-02-19 01:00:00,2021-02-19 05:00:00,0.7829442521179044,2021-02-23 09:00:00,0.7882252541161653,トレイル,trail,14,0.002584041622925715,0.777776168872053,0.7882695062340697,0.00528100199826087,1.0218492518478846,4.084975949475648,0.26479918583112194,True
AUDUSD,買い,1,2021-02-23 17:00:00,2021-02-23 21:00:00,0.7940442521179044,2021-02-24 13:00:00,0.7940157478820956,時間切れ,time,4,0.002711982296282275,0.7886202875253399,0.7886202875253399,-2.850423580880168e-05,-0.005255240022745863,0.14592568787714144,1.675620126331182,False
USDCHF,買い,1,2021-02-23 09:00:00,2021-02-23 13:00:00,0.9039563429665702,2021-02-25 01:00:00,0.9050087090779826,トレイル,trail,10,0.0022049142207863784,0.8995465145249975,0.9051050520445528,0.0010523661114123506,0.2386410549424971,2.5006220112559885,0.26592552265417024,True
USDJPY,買い,1,2021-02-24 05:00:00,2021-02-24 09:00:00,106.00379265018452,2021-02-25 01:00:00,105.88520734981547,時間切れ,time,4,0.2348721163142188,105.53404841755608,105.53404841755608,-0.11858530036904824,-0.25244652756140995,0.5714060567152922,0.7527187686596456,False
EURUSD,買い,1,2021-02-25 01:00:00,2021-02-25 05:00:00,1.2220263224968553,2021-02-25 13:00:00,1.2165153241034812,初期損切り,initial,3,0.002742337948259367,1.2165416466003365,1.2165416466003365,-0.0055109983933741,-1.0047992802769028,0.825455339879477,2.0000000000000235,False
AUDUSD,売り,-1,2021-02-25 13:00:00,2021-02-25 17:00:00,0.7871657478820956,2021-02-28 17:00:00,0.7772855938593303,トレイル,trail,7,0.003273670982920439,0.7937130898479364,0.7772413417414259,0.00988015402276532,1.5090328371898942,5.487951591906273,0.36175050091562194,True
GBPUSD,売り,-1,2021-02-25 09:00:00,2021-02-25 13:00:00,1.4063937570146254,2021-02-28 17:00:00,1.399420071504893,トレイル,trail,8,0.004683355762927615,1.4157604685404808,1.3993538285195184,0.00697368550973243,0.7445180189955403,3.7545208830416805,0.08033619575794267,True
USDCHF,買い,1,2021-02-26 09:00:00,2021-02-26 13:00:00,0.9099663429665702,2021-03-01 05:00:00,0.9115736570334297,時間切れ,time,4,0.0026231263583981613,0.9047200902497738,0.9047200902497738,0.0016073140668595443,0.30637374019623415,0.7180961860259478,1.0889078817821338,False
EURUSD,売り,-1,2021-02-26 09:00:00,2021-02-26 13:00:00,1.2079836775031447,2021-03-02 09:00:00,1.2054915062866038,トレイル,trail,12,0.0032789223918882554,1.2145415222869211,1.2054651837897485,0.002492171216540884,0.380029003233849,2.6879799061267393,0.6515318880801871,True
GBPUSD,売り,-1,2021-03-01 21:00:00,2021-03-02 01:00:00,1.3881037570146253,2021-03-02 17:00:00,1.3958362429853746,時間切れ,time,4,0.005205149183518968,1.3985140553816633,1.3985140553816633,-0.00773248597074927,-0.7427727523384529,0.42530135766994603,1.84936927760959,False
AUDUSD,売り,-1,2021-03-05 01:00:00,2021-03-05 05:00:00,0.7675757478820956,2021-03-05 09:00:00,0.76762,建値,breakeven,2,0.004016179032205062,0.7756081059465058,0.7675757478820956,-4.425211790437533e-05,-0.0055092312306703785,1.3285632536072478,0.050857323905772384,True
USDCHF,買い,1,2021-03-03 13:00:00,2021-03-03 17:00:00,0.9199863429665702,2021-03-05 09:00:00,0.9261780296415459,トレイル,trail,11,0.002450959238016315,0.9150844244905376,0.9262743726081162,0.006191686674975716,1.2631149835006967,4.546651311283704,0.4391517206305558,True
USDJPY,買い,1,2021-03-03 13:00:00,2021-03-03 17:00:00,107.00079265018452,2021-03-05 09:00:00,108.16192013129863,トレイル,trail,11,0.2135334004868521,106.57372584921082,108.16371278148316,1.1611274811141072,2.7188427629278573,7.69063456148442,0.1442053098686968,True
GBPUSD,売り,-1,2021-03-05 01:00:00,2021-03-05 05:00:00,1.3819437570146254,2021-03-07 21:00:00,1.3850762429853747,時間切れ,time,4,0.005092778644821511,1.3921293143042683,1.3921293143042683,-0.0031324859707493324,-0.30754193233339694,0.788127129520259,0.9810445993868276,False
EURUSD,売り,-1,2021-03-04 13:00:00,2021-03-04 17:00:00,1.1968936775031447,2021-03-09 01:00:00,1.1898179557410788,トレイル,trail,15,0.0032164126902431978,1.203326502883631,1.1897916332442235,0.007075721762065834,1.099939970938684,4.145512030714118,0.30665296771379075,True
USDJPY,買い,1,2021-03-08 05:00:00,2021-03-08 09:00:00,108.69579265018453,2021-03-09 01:00:00,108.76261932482426,トレイル,trail,5,0.23659519954035008,108.22260225110382,108.76441197500878,0.06682667463972791,0.14122576191223815,2.270575864849096,0.2358148022145884,True
EURUSD,買い,1,2021-03-10 13:00:00,2021-03-10 17:00:00,1.1928063224968553,2021-03-11 09:00:00,1.19278,建値,breakeven,5,0.003078959311470542,1.1866484038739142,1.1928063224968553,-2.632249685530219e-05,-0.004274576925592807,1.4822142943373724,0.40478693310826663,True
GBPUSD,買い,1,2021-03-10 13:00:00,2021-03-10 17:00:00,1.3932062429853747,2021-03-11 09:00:00,1.3964837570146253,時間切れ,time,4,0.0047137802993808785,1.383778682386613,1.3932062429853747,0.0032775140292506943,0.3476523958574366,0.9618091482160942,0.2728686751785074,True
USDCHF,売り,-1,2021-03-11 01:00:00,2021-03-11 05:00:00,0.9249836570334298,2021-03-11 21:00:00,0.9249463429665702,時間切れ,time,4,0.002661541474687286,0.9303067399828043,0.9303067399828043,3.731406685958394e-05,0.007009860115737648,0.5724716476976358,1.073191229118767,False
GBPUSD,売り,-1,2021-03-16 01:00:00,2021-03-16 05:00:00,1.3818737570146253,2021-03-16 13:00:00,1.3902645596074015,初期損切り,initial,3,0.004162279803700785,1.3901983166220269,1.3901983166220269,-0.008390802592776136,-1.0079575363140734,0.23394799498090665,1.9999999999999896,False
EURUSD,売り,-1,2021-03-16 09:00:00,2021-03-16 13:00:00,1.1892736775031447,2021-03-17 05:00:00,1.1898463224968554,時間切れ,time,4,0.002772057712645049,1.194817792928435,1.194817792928435,-0.0005726449937106803,-0.10328879357354226,0.23580948555395845,0.6299733547715122,False
AUDUSD,売り,-1,2021-03-17 09:00:00,2021-03-17 13:00:00,0.7703557478820956,2021-03-17 13:00:00,0.7762097751579385,初期損切り,initial,1,0.002904887578969271,0.7761655230400342,0.7761655230400342,-0.0058540272758429435,-1.0076168382943245,-0.0,2.000000000000009,False
USDCHF,売り,-1,2021-03-17 13:00:00,2021-03-17 17:00:00,0.9226736570334297,2021-03-18 05:00:00,0.9281151949282543,初期損切り,initial,4,0.0026725974641271678,0.9280188519616841,0.9280188519616841,-0.0054415378948246,-1.0180242194837463,0.28199421856291823,2.000000000000009,False
AUDUSD,買い,1,2021-03-17 17:00:00,2021-03-17 21:00:00,0.7828842521179044,2021-03-18 09:00:00,0.7761566779199605,初期損切り,initial,4,0.0033416610400197598,0.7762009300378648,0.7762009300378648,-0.0067275741979438974,-1.0066212756731479,0.6032173395072311,2.000000000000001,False
EURUSD,買い,1,2021-03-17 13:00:00,2021-03-17 17:00:00,1.1977663224968553,2021-03-18 09:00:00,1.1928036775031448,時間切れ,time,4,0.0028077896667112437,1.1921507431634328,1.1921507431634328,-0.004962644993710574,-0.8837280535196403,0.40020002796749465,1.9895801181569828,False
GBPUSD,売り,-1,2021-03-21 17:00:00,2021-03-21 21:00:00,1.3829037570146254,2021-03-22 13:00:00,1.3859562429853747,時間切れ,time,4,0.004549094672589841,1.392001946359805,1.392001946359805,-0.0030524859707492524,-0.33550477517446836,0.2514251948892004,1.0521308809451124,False
USDJPY,売り,-1,2021-03-23 05:00:00,2021-03-23 09:00:00,108.56320734981547,2021-03-24 01:00:00,108.49879265018453,時間切れ,time,4,0.23226463479616513,109.0277366194078,109.0277366194078,0.06441469963094448,0.13866661122877072,0.4701850107801286,0.8386668523835928,False
USDCHF,買い,1,2021-03-23 09:00:00,2021-03-23 13:00:00,0.9333363429665702,2021-03-24 05:00:00,0.9350536570334298,時間切れ,time,4,0.0027010199842200555,0.9279343029981301,0.9333363429665702,0.0017173140668595988,0.3179010294060244,1.3489929932828604,0.17265439326428458,True
GBPUSD,売り,-1,2021-03-23 01:00:00,2021-03-23 05:00:00,1.3810537570146253,2021-03-25 17:00:00,1.3748411779277576,トレイル,trail,16,0.004127272964085832,1.389308302942797,1.374774934942383,0.006212579086867676,0.7526251765908736,3.402672209187368,0.0814685600638672,True
AUDUSD,売り,-1,2021-03-22 21:00:00,2021-03-23 01:00:00,0.7700057478820956,2021-03-26 01:00:00,0.7622879573313023,トレイル,trail,19,0.0030978393006045597,0.7762014264833047,0.7622437052133979,0.0077177905507933575,1.2456731614979495,4.424292725391183,0.05624956655121929,True
USDCHF,買い,1,2021-03-25 09:00:00,2021-03-25 13:00:00,0.9397563429665703,2021-03-26 05:00:00,0.9405336570334297,時間切れ,time,4,0.0024066215293906917,0.9349430999077889,0.9349430999077889,0.0007773140668594358,0.16149487099789972,0.8284048858876616,0.41815588960724664,False
USDJPY,買い,1,2021-03-24 17:00:00,2021-03-24 21:00:00,108.88079265018453,2021-03-29 01:00:00,109.4299472898411,トレイル,trail,14,0.2135918707736658,108.4536089086372,109.43173994002562,0.5491546396565639,1.2855232684358096,4.523614809476113,0.10202939889800232,True
USDCHF,買い,1,2021-03-30 01:00:00,2021-03-30 05:00:00,0.9422063429665702,2021-03-30 21:00:00,0.9425936570334298,時間切れ,time,4,0.002116747921326278,0.9379728471239177,0.9379728471239177,0.0003873140668595454,0.09148799981267217,0.7953979859703112,0.48959205587454013,False
USDJPY,買い,1,2021-03-29 17:00:00,2021-03-29 21:00:00,109.85079265018453,2021-03-31 01:00:00,110.5116650653396,トレイル,trail,8,0.20238654266880385,109.44601956484692,110.51345771552413,0.6608724151550689,1.632698514536502,5.5053430683818805,0.10273731598132164,True
EURUSD,売り,-1,2021-03-23 09:00:00,2021-03-23 13:00:00,1.1863036775031448,2021-03-31 09:00:00,1.174826124703269,トレイル,trail,36,0.0027118822042516253,1.1917274419116481,1.1747998022064137,0.011477552799875834,2.116159909505213,5.860755116216744,0.11664315520758263,True
AUDUSD,売り,-1,2021-03-31 21:00:00,2021-04-01 01:00:00,0.7543757478820956,2021-04-01 09:00:00,0.7600321182386549,初期損切り,initial,3,0.0028060591193274833,0.7599878661207505,0.7599878661207505,-0.005656370356559304,-1.007885100780582,0.4261306805190275,1.9999999999999865,False
EURUSD,買い,1,2021-04-01 09:00:00,2021-04-01 13:00:00,1.1773363224968554,2021-04-02 05:00:00,1.1781936775031447,時間切れ,time,4,0.002513817058327944,1.1723086883801994,1.1723086883801994,0.000857355006289362,0.17052852025350415,0.5265607927830275,0.26506403664015155,False
GBPUSD,買い,1,2021-04-01 09:00:00,2021-04-01 13:00:00,1.3819562429853747,2021-04-02 05:00:00,1.3834537570146255,時間切れ,time,4,0.0037850624134602114,1.3743861181584542,1.3743861181584542,0.0014975140292508016,0.19781893475856993,0.8807667220413412,0.038636875538598486,False
GBPUSD,買い,1,2021-04-05 01:00:00,2021-04-05 05:00:00,1.3862562429853746,2021-04-06 01:00:00,1.38619,建値,breakeven,6,0.0032310068970445123,1.3797942291912857,1.3862562429853746,-6.624298537460938e-05,-0.010251136485533904,1.6477083411660862,0.2804831479015182,True
USDCHF,売り,-1,2021-04-05 05:00:00,2021-04-05 09:00:00,0.9403136570334297,2021-04-06 01:00:00,0.939693910805897,トレイル,trail,5,0.002088858795943383,0.9444913746253165,0.9395975678393268,0.0006197462275326915,0.14834564900611147,2.3571038133317295,0.10356993349210215,True
AUDUSD,買い,1,2021-04-05 09:00:00,2021-04-05 13:00:00,0.7655442521179043,2021-04-06 05:00:00,0.7626757478820956,時間切れ,time,4,0.0024993035842895022,0.7605456449493253,0.7605456449493253,-0.0028685042358087554,-0.5738607054061039,0.2143588659910441,1.434100339164395,False
EURUSD,買い,1,2021-04-05 09:00:00,2021-04-05 13:00:00,1.1816263224968553,2021-04-06 05:00:00,1.1813436775031447,時間切れ,time,4,0.0023315905273070393,1.1769631414422412,1.1769631414422412,-0.00028264499371055685,-0.060612056534002264,0.23317880939094335,0.8948065590508861,False
USDJPY,売り,-1,2021-04-05 09:00:00,2021-04-05 13:00:00,110.09420734981548,2021-04-06 05:00:00,110.40479265018453,時間切れ,time,4,0.2157559670133332,110.52571928384215,110.52571928384215,-0.3105853003690555,-0.7197606274079598,0.05194456482765997,1.778827512848347,False
GBPUSD,売り,-1,2021-04-07 09:00:00,2021-04-07 13:00:00,1.3741937570146254,2021-04-08 05:00:00,1.3727162429853745,時間切れ,time,4,0.003745434973180607,1.3816846269609866,1.3816846269609866,0.0014775140292508926,0.19724198121589523,0.6070742199255257,1.074973404745966,False
USDJPY,売り,-1,2021-04-08 01:00:00,2021-04-08 05:00:00,109.45520734981547,2021-04-09 01:00:00,109.457,建値,breakeven,6,0.23100031255351863,109.9172079749225,109.45520734981547,-0.0017926501845266785,-0.0038801899545295063,1.96626292317345,0.5229111980380587,True
EURUSD,買い,1,2021-04-08 09:00:00,2021-04-08 13:00:00,1.1921963224968553,2021-04-09 05:00:00,1.1885636775031447,時間切れ,time,4,0.0023423369990497682,1.1875116484987558,1.1875116484987558,-0.003632644993710521,-0.7754317579375215,0.057070141144876095,1.6292798595605396,False
GBPUSD,売り,-1,2021-04-09 01:00:00,2021-04-09 05:00:00,1.3711437570146254,2021-04-11 21:00:00,1.3709662429853746,時間切れ,time,4,0.003702597109768794,1.378548951234163,1.378548951234163,0.00017751402925081372,0.02397155617910295,0.41963977407262887,0.9064564374340481,False
USDCHF,売り,-1,2021-04-12 09:00:00,2021-04-12 13:00:00,0.9222536570334298,2021-04-13 05:00:00,0.9246263429665702,時間切れ,time,4,0.00212773162131219,0.9265091202760541,0.9265091202760541,-0.0023726859331404393,-0.5575623141035955,0.2226112676454991,1.4975304848856983,False
USDCHF,売り,-1,2021-04-13 09:00:00,2021-04-13 13:00:00,0.9211836570334297,2021-04-14 05:00:00,0.9192163429665703,時間切れ,time,4,0.0021938097166592186,0.9255712764667482,0.9211836570334297,0.00196731406685946,0.44837846507839546,1.0181635246064846,0.08494035063990937,True
GBPUSD,買い,1,2021-04-14 01:00:00,2021-04-14 05:00:00,1.3796062429853746,2021-04-14 21:00:00,1.3790037570146254,時間切れ,time,4,0.0035282655052755857,1.3725497119748233,1.3725497119748233,-0.0006024859707491892,-0.08537990832157205,0.08042394037556973,1.2856864027358017,False
AUDUSD,買い,1,2021-04-13 21:00:00,2021-04-14 01:00:00,0.7663442521179044,2021-04-18 17:00:00,0.7714075252579712,トレイル,trail,17,0.002364408686324619,0.7616154347452552,0.7714517773758756,0.005063273140066826,1.0707271482616416,4.143001139673025,0.06100980711951225,True
EURUSD,買い,1,2021-04-13 09:00:00,2021-04-13 13:00:00,1.1938263224968553,2021-04-18 21:00:00,1.1951448644800062,トレイル,trail,21,0.0022947962242535116,1.1892367300483482,1.1951711869768615,0.001318541983150956,0.28728955739411516,2.4506217343868917,0.028901257616857308,True
AUDUSD,買い,1,2021-04-19 01:00:00,2021-04-19 05:00:00,0.7778842521179044,2021-04-19 21:00:00,0.7768157478820956,時間切れ,time,4,0.0025374374361793665,0.7728093772455457,0.7728093772455457,-0.0010685042358087316,-0.21054789776759664,0.17960950508474516,1.1287971388240527,False
EURUSD,買い,1,2021-04-19 01:00:00,2021-04-19 05:00:00,1.2025563224968554,2021-04-19 21:00:00,1.2038936775031448,時間切れ,time,4,0.002406466157856614,1.197743390181142,1.197743390181142,0.001337355006289398,0.2778669880569919,0.9323536488637288,0.43895173568375945,False
USDCHF,売り,-1,2021-04-19 01:00:00,2021-04-19 05:00:00,0.9145036570334297,2021-04-19 21:00:00,0.9155763429665702,時間切れ,time,4,0.0022392089049235995,0.9189820748432769,0.9189820748432769,-0.0010726859331404714,-0.2395234162345989,0.7161712468647046,0.7263024736076427,False
USDJPY,売り,-1,2021-04-13 09:00:00,2021-04-13 13:00:00,109.18520734981547,2021-04-20 01:00:00,108.42108955522876,トレイル,trail,28,0.24897367514389418,109.68315470010326,108.41929690504423,0.7641177945867099,1.5345353161234587,4.86480086344651,0.00720015954895881,True
GBPUSD,買い,1,2021-04-16 09:00:00,2021-04-16 13:00:00,1.3826362429853747,2021-04-20 09:00:00,1.393658557109837,トレイル,trail,12,0.00350682917948636,1.3756225846264019,1.3937248000952116,0.011022314124462307,1.5715499045318095,5.21375752248738,0.4637360139716895,True
USDJPY,売り,-1,2021-04-23 05:00:00,2021-04-23 09:00:00,107.51420734981548,2021-04-23 09:00:00,107.98519824052227,初期損切り,initial,1,0.2345991202611284,107.98340559033774,107.98340559033774,-0.470990890706787,-1.0038206668945195,-0.0,2.000000000000015,False
EURUSD,買い,1,2021-04-23 13:00:00,2021-04-25 17:00:00,1.2096663224968554,2021-04-26 09:00:00,1.2080436775031447,時間切れ,time,4,0.0025502354861222905,1.2045658515246107,1.2045658515246107,-0.0016226449937106757,-0.31813630594913334,0.8013681537512393,0.7867204843526306,False
USDCHF,売り,-1,2021-04-23 13:00:00,2021-04-25 17:00:00,0.9135236570334297,2021-04-26 09:00:00,0.9160963429665703,時間切れ,time,4,0.0020281259613157986,0.9175799089560613,0.9175799089560613,-0.0025726859331405283,-0.6342520095426993,0.6625116284976822,1.4280883050731168,False
AUDUSD,買い,1,2021-04-25 21:00:00,2021-04-26 01:00:00,0.7774242521179043,2021-04-27 01:00:00,0.77738,建値,breakeven,7,0.0024687974883868505,0.7724866571411306,0.7774242521179043,-4.425211790437533e-05,-0.00896228186243221,1.6347018745278807,0.37437340334799496,True
USDJPY,買い,1,2021-04-27 01:00:00,2021-04-27 05:00:00,108.35479265018452,2021-04-28 13:00:00,108.6013019086986,トレイル,trail,9,0.24128706748922327,107.87221851520607,108.60309455888313,0.2465092585140809,0.5108215311313584,2.9972901463016988,0.6208067914423681,True
GBPUSD,買い,1,2021-04-28 13:00:00,2021-04-28 17:00:00,1.3935662429853746,2021-04-29 01:00:00,1.3935,建値,breakeven,3,0.0035300774391446117,1.3865060881070854,1.3935662429853746,-6.624298537460938e-05,-0.009382653286872511,1.1596790963365688,0.0867524836647307,True
EURUSD,買い,1,2021-04-28 13:00:00,2021-04-28 17:00:00,1.2125663224968553,2021-04-29 09:00:00,1.2122336775031446,時間切れ,time,4,0.002622101455869251,1.2073221195851167,1.2073221195851167,-0.00033264499371066236,-0.0634309921467908,0.9281400983540661,0.5515890674702401,False
USDCHF,売り,-1,2021-04-28 13:00:00,2021-04-28 17:00:00,0.9099936570334297,2021-04-29 09:00:00,0.9088063429665703,時間切れ,time,4,0.002323102803506999,0.9146398626404437,0.9146398626404437,0.0011873140668594573,0.2555448827032248,0.8495779999275953,0.5537176248198646,False
AUDUSD,売り,-1,2021-04-30 09:00:00,2021-04-30 13:00:00,0.7710557478820956,2021-05-03 05:00:00,0.7726342521179044,時間切れ,time,4,0.002630790611372281,0.7763173291048402,0.7763173291048402,-0.001578504235808742,-0.3000056768078091,0.5533499609595801,0.8606736348064162,False
EURUSD,売り,-1,2021-04-30 09:00:00,2021-04-30 13:00:00,1.2026436775031446,2021-05-03 05:00:00,1.2047763224968553,時間切れ,time,4,0.0025903245536457813,1.2078243266104363,1.2078243266104363,-0.002132644993710686,-0.4116559430186212,0.5148688805298178,0.8980814753816406,False
GBPUSD,売り,-1,2021-04-30 09:00:00,2021-04-30 13:00:00,1.3828737570146254,2021-05-03 05:00:00,1.3856762429853746,時間切れ,time,4,0.003606939736024547,1.3900876364866745,1.3900876364866745,-0.002802485970749169,-0.3884852778047768,0.7606883439781145,0.8085089296747768,False
USDJPY,買い,1,2021-04-30 09:00:00,2021-04-30 13:00:00,109.30579265018453,2021-05-03 05:00:00,109.304,建値,breakeven,5,0.258245618189609,108.7893014138053,109.30579265018453,-0.0017926501845266785,-0.0034708240106720405,1.5187376752603725,0.15408838478454584,True
EURUSD,売り,-1,2021-05-04 01:00:00,2021-05-04 05:00:00,1.2003136775031447,2021-05-04 21:00:00,1.2019963224968553,時間切れ,time,4,0.0024512469776012294,1.2052161714583471,1.2052161714583471,-0.0016826449937106247,-0.34322224751037683,0.1646825092833623,1.3325146452814114,False
USDCHF,売り,-1,2021-05-06 05:00:00,2021-05-06 09:00:00,0.9089036570334298,2021-05-07 01:00:00,0.9074863429665703,時間切れ,time,4,0.002195297531574734,0.9132942520965792,0.9132942520965792,0.0014173140668595208,0.3228068283397674,0.8398210296839892,0.5540674779048017,False
USDJPY,売り,-1,2021-05-07 05:00:00,2021-05-07 09:00:00,108.58020734981547,2021-05-10 01:00:00,108.86179265018453,時間切れ,time,4,0.25258493565735524,109.08537722113017,109.08537722113017,-0.28158530036905915,-0.5574071542236478,0.4640314336658265,1.3294246915819645,False
AUDUSD,買い,1,2021-05-07 05:00:00,2021-05-07 09:00:00,0.7820642521179044,2021-05-10 13:00:00,0.7836353978340934,トレイル,trail,8,0.002696554891512617,0.7766711423348792,0.7836796499519978,0.001571145716188993,0.29132463076018966,2.6091617508846396,1.0325219511265504,True
EURUSD,買い,1,2021-05-07 01:00:00,2021-05-07 05:00:00,1.2087763224968553,2021-05-11 01:00:00,1.2125503795387311,トレイル,trail,12,0.0023167222005365646,1.2041428780957821,1.2125767020355864,0.0037740570418758335,0.8145251599440241,3.912284995173589,1.2760798408072846,True
GBPUSD,買い,1,2021-05-07 05:00:00,2021-05-07 09:00:00,1.3954862429853747,2021-05-12 05:00:00,1.4091424351051023,トレイル,trail,18,0.0034609193245286446,1.3885644043363174,1.409208678090477,0.013656192119727573,1.9729139629088956,6.112178595063377,1.0535475240733452,True
USDJPY,買い,1,2021-05-12 09:00:00,2021-05-12 13:00:00,109.63279265018453,2021-05-13 05:00:00,109.56720734981548,時間切れ,time,4,0.2728444851713731,109.08710367984177,109.08710367984177,-0.06558530036905097,-0.12018806304231688,0.5651840451113457,0.5526688585617371,False
GBPUSD,買い,1,2021-05-17 21:00:00,2021-05-18 01:00:00,1.4171962429853746,2021-05-18 17:00:00,1.4187937570146254,時間切れ,time,4,0.003426002972589401,1.4103442370401957,1.4171962429853746,0.0015975140292507906,0.23314545288373997,1.407983896458682,0.23824935118422116,True
AUDUSD,買い,1,2021-05-18 01:00:00,2021-05-18 05:00:00,0.7801042521179044,2021-05-18 21:00:00,0.7791157478820956,時間切れ,time,4,0.0027053875950672403,0.7746934769277699,0.7746934769277699,-0.0009885042358087626,-0.18269179573587016,0.33109780045155174,0.8295492010077676,False
EURUSD,買い,1,2021-05-18 01:00:00,2021-05-18 05:00:00,1.2218963224968553,2021-05-18 21:00:00,1.2226336775031448,時間切れ,time,4,0.002671823954802339,1.2165526745872506,1.2165526745872506,0.000737355006289464,0.13798719877560447,0.5590478745652109,0.7733752417113163,False
USDCHF,売り,-1,2021-05-18 01:00:00,2021-05-18 05:00:00,0.8970336570334297,2021-05-18 21:00:00,0.8977563429665703,時間切れ,time,4,0.0022191572132927917,0.9014719714600153,0.9014719714600153,-0.00072268593314051,-0.16282891739521838,0.4432570290818545,0.7599024334413963,False
AUDUSD,売り,-1,2021-05-19 13:00:00,2021-05-19 17:00:00,0.7726657478820956,2021-05-20 09:00:00,0.7760842521179043,時間切れ,time,4,0.002805332265886544,0.7782764124138687,0.7782764124138687,-0.0034185042358086948,-0.6092868708242615,0.35138364680808426,1.381031461055837,False
USDCHF,買い,1,2021-05-19 13:00:00,2021-05-19 17:00:00,0.9041763429665702,2021-05-20 09:00:00,0.9007736570334297,時間切れ,time,4,0.002400553196511778,0.8993752365735467,0.8993752365735467,-0.0034026859331405257,-0.7087295416083547,0.23480297551780943,1.839718850216516,False
EURUSD,買い,1,2021-05-25 01:00:00,2021-05-25 05:00:00,1.2259163224968552,2021-05-25 21:00:00,1.2244936775031448,時間切れ,time,4,0.0025402913068196037,1.220835739883216,1.220835739883216,-0.0014226449937104757,-0.28001611269764176,0.29275284340358876,1.2779331599255193,False
USDCHF,売り,-1,2021-05-25 01:00:00,2021-05-25 05:00:00,0.8934736570334297,2021-05-25 21:00:00,0.8956763429665703,時間切れ,time,4,0.0021227198629896137,0.897719096759409,0.897719096759409,-0.002202685933140547,-0.5188357567913624,0.19487123131131442,1.877941143376301,False
GBPUSD,売り,-1,2021-05-26 17:00:00,2021-05-26 21:00:00,1.4105037570146255,2021-05-27 05:00:00,1.4168341609510364,初期損切り,initial,3,0.003132080475518139,1.4167679179656618,1.4167679179656618,-0.006330403936410933,-1.010574917517676,0.4226446366792042,2.0000000000000147,False
USDJPY,買い,1,2021-05-26 09:00:00,2021-05-26 13:00:00,109.09179265018453,2021-05-27 05:00:00,109.17620734981547,時間切れ,time,4,0.19079466143729468,108.71020332730994,108.71020332730994,0.0844146996309405,0.22121871491326733,0.6090702378151197,0.2766987807039826,False
GBPUSD,買い,1,2021-05-27 09:00:00,2021-05-27 13:00:00,1.4178562429853747,2021-05-28 01:00:00,1.41779,建値,breakeven,4,0.0033892678103124942,1.4110777073647498,1.4178562429853747,-6.624298537460938e-05,-0.00977246253203309,1.1901558803797998,0.03724786368036837,True
AUDUSD,売り,-1,2021-05-27 09:00:00,2021-05-27 13:00:00,0.7731357478820956,2021-05-28 05:00:00,0.7731242521179044,時間切れ,time,4,0.0023916916746575213,0.7779191312314107,0.7779191312314107,1.1495764191238322e-05,0.0024032705204119716,0.7006538091225858,0.7209341137800693,False
EURUSD,売り,-1,2021-05-28 05:00:00,2021-05-28 09:00:00,1.2134736775031447,2021-05-28 09:00:00,1.2187753576330238,初期損切り,initial,1,0.0026376788165119068,1.2187490351361685,1.2187490351361685,-0.005301680129879083,-1.004989708506299,-0.0,1.9999999999999876,False
USDCHF,買い,1,2021-05-28 05:00:00,2021-05-28 09:00:00,0.9030163429665702,2021-05-30 21:00:00,0.8984961802794718,初期損切り,initial,4,0.0022119098602640963,0.898592523246042,0.898592523246042,-0.004520162687098428,-1.021778230727434,0.0,1.999999999999998,False
GBPUSD,買い,1,2021-05-31 17:00:00,2021-05-31 21:00:00,1.4228062429853745,2021-06-01 05:00:00,1.4162228228950926,初期損切り,initial,3,0.0032585885524536035,1.4162890658804672,1.4162890658804672,-0.0065834200902818996,-1.0101643678403052,0.6517413844796122,2.0000000000000258,False
AUDUSD,買い,1,2021-06-01 09:00:00,2021-06-01 13:00:00,0.7758242521179044,2021-06-02 05:00:00,0.7720357478820956,時間切れ,time,4,0.0022694993530842796,0.7712852534117358,0.7712852534117358,-0.0037885042358087873,-0.8346563815187169,0.6766901607654344,1.764376849221225,False
GBPUSD,売り,-1,2021-06-02 01:00:00,2021-06-02 05:00:00,1.4135637570146253,2021-06-02 21:00:00,1.4178862429853747,時間切れ,time,4,0.0031787210547502636,1.4199211991241258,1.4199211991241258,-0.004322485970749357,-0.6799096077162633,0.753056645548712,1.4962756729682174,False
AUDUSD,売り,-1,2021-06-03 05:00:00,2021-06-03 09:00:00,0.7695957478820956,2021-06-04 05:00:00,0.7691784698597324,トレイル,trail,6,0.002304254420733876,0.7742042567235634,0.769134217741828,0.0004172780223632433,0.09054512787488664,2.185413137014521,0.17543727561805136,True
EURUSD,売り,-1,2021-06-03 05:00:00,2021-06-03 09:00:00,1.2158036775031447,2021-06-04 05:00:00,1.215186654709398,トレイル,trail,6,0.0024401170389667126,1.2206839115810781,1.2151603322125426,0.0006170227937467576,0.12643303249258095,2.202221212069523,0.17061579022935303,True
GBPUSD,売り,-1,2021-06-03 09:00:00,2021-06-03 13:00:00,1.4098137570146254,2021-06-04 05:00:00,1.4127562429853746,時間切れ,time,4,0.0033883113548994156,1.4165903797244241,1.4165903797244241,-0.002942485970749198,-0.4342112725996144,0.45561250219619487,0.9964382347839931,False
USDCHF,買い,1,2021-06-03 09:00:00,2021-06-03 13:00:00,0.9048063429665703,2021-06-04 05:00:00,0.9042936570334298,時間切れ,time,4,0.00207042858304195,0.9006654858004863,0.9006654858004863,-0.0005126859331404665,-0.12381154736262612,0.28190155323891625,0.785510294772297,False
USDJPY,買い,1,2021-06-03 05:00:00,2021-06-03 09:00:00,109.96479265018452,2021-06-04 05:00:00,109.963,建値,breakeven,6,0.19493170375060823,109.57492924268331,109.96479265018452,-0.0017926501845266785,-0.0045981493775382985,1.8786443804133626,0.16822635596758878,True
USDJPY,売り,-1,2021-06-07 05:00:00,2021-06-07 09:00:00,109.28220734981548,2021-06-08 01:00:00,109.41579265018453,時間切れ,time,4,0.20968460998564345,109.70157656978677,109.70157656978677,-0.1335853003690488,-0.3185386385252476,0.4349739822189219,0.7620618899758752,False
EURUSD,買い,1,2021-06-07 09:00:00,2021-06-07 13:00:00,1.2195263224968553,2021-06-08 05:00:00,1.2175936775031446,時間切れ,time,4,0.002462458598627232,1.2146014052996008,1.2146014052996008,-0.0019326449937107082,-0.39242182483557625,0.1558107427099937,1.2533500049811697,False
USDCHF,売り,-1,2021-06-09 05:00:00,2021-06-09 09:00:00,0.8946336570334298,2021-06-09 13:00:00,0.8966163429665702,建値,breakeven,2,0.0017191920664064524,0.8980720411662427,0.8946336570334298,-0.001982685933140438,-0.5766330510368032,1.1712810178555968,1.143759911991871,True
AUDUSD,売り,-1,2021-06-09 09:00:00,2021-06-09 13:00:00,0.7730157478820956,2021-06-10 05:00:00,0.7739542521179044,時間切れ,time,4,0.001998608021537596,0.7770129639251708,0.7770129639251708,-0.0009385042358087681,-0.23478946989483843,0.40815801463060997,0.6425732830374492,False
GBPUSD,売り,-1,2021-06-09 09:00:00,2021-06-09 13:00:00,1.4112937570146253,2021-06-10 05:00:00,1.4088662429853747,時間切れ,time,4,0.0031790307349710443,1.4176518184845674,1.4112937570146253,0.002427514029250677,0.3818009688529777,1.249990121489539,0.3700005075242745,True
USDJPY,買い,1,2021-06-09 09:00:00,2021-06-09 13:00:00,109.65179265018453,2021-06-10 05:00:00,109.48620734981547,時間切れ,time,4,0.1931040916626534,109.26558446685922,109.26558446685922,-0.1655853003690595,-0.4287462242341598,0.1460732891395786,1.03981561682969,False
AUDUSD,売り,-1,2021-06-11 09:00:00,2021-06-11 13:00:00,0.7699557478820956,2021-06-14 05:00:00,0.7709242521179044,時間切れ,time,4,0.002180915347990812,0.7743175785780773,0.7743175785780773,-0.0009685042358087426,-0.22204076758435076,0.2731641476338991,0.7264161441955406,False
EURUSD,売り,-1,2021-06-11 09:00:00,2021-06-11 13:00:00,1.2096136775031447,2021-06-14 05:00:00,1.2109263224968554,時間切れ,time,4,0.002332029550477918,1.2142777366041007,1.2142777366041007,-0.0013126449937106432,-0.28143832770936256,0.15166081539243934,1.0490100763748162,False
USDJPY,買い,1,2021-06-13 17:00:00,2021-06-13 21:00:00,109.82079265018453,2021-06-14 13:00:00,110.01620734981547,時間切れ,time,4,0.18655305639196784,109.4476865374006,109.82079265018453,0.1954146996309447,0.523750999877369,1.0624717367214902,1.1192132373636319,True
USDCHF,買い,1,2021-06-14 09:00:00,2021-06-14 13:00:00,0.8995163429665702,2021-06-15 05:00:00,0.8976636570334298,時間切れ,time,4,0.0018036948562578231,0.8959089532540546,0.8959089532540546,-0.0018526859331404744,-0.5135807552792756,0.3845756010353478,1.6390482881920627,False
GBPUSD,売り,-1,2021-06-15 05:00:00,2021-06-15 09:00:00,1.4067637570146254,2021-06-16 01:00:00,1.4088762429853745,時間切れ,time,4,0.0029471172158860273,1.4126579914463975,1.4126579914463975,-0.0021124859707490895,-0.35839870218972397,0.04199256614512313,0.9182678485901263,False
AUDUSD,売り,-1,2021-06-15 09:00:00,2021-06-15 13:00:00,0.7683757478820956,2021-06-16 05:00:00,0.7704442521179043,時間切れ,time,4,0.0019230317688583895,0.7722218114198124,0.7722218114198124,-0.0020685042358087324,-0.5378237295155823,0.17459299816715396,1.1046370384018207,False
USDJPY,買い,1,2021-06-16 13:00:00,2021-06-16 17:00:00,110.65879265018452,2021-06-17 09:00:00,110.48920734981547,時間切れ,time,4,0.19585070331523885,110.26709124355405,110.26709124355405,-0.16958530036905017,-0.43294534433222787,0.8435371791826513,1.045656955619393,False
GBPUSD,売り,-1,2021-06-16 13:00:00,2021-06-16 17:00:00,1.3989237570146253,2021-06-21 05:00:00,1.3864804948834952,トレイル,trail,16,0.0032344790493744934,1.4053927151133743,1.3864142518981206,0.012443262131130117,1.923534198426248,6.274196464048786,0.6048092924741215,True
AUDUSD,売り,-1,2021-06-16 13:00:00,2021-06-16 17:00:00,0.7607757478820957,2021-06-21 09:00:00,0.7532496267191544,トレイル,trail,17,0.00216448857087632,0.7651047250238483,0.75320537460125,0.007526121162941268,1.7385449071450223,6.077993692879356,1.7760556325542973,True
EURUSD,売り,-1,2021-06-16 13:00:00,2021-06-16 17:00:00,1.1995736775031447,2021-06-21 09:00:00,1.1903239780939798,トレイル,trail,17,0.0023866138013156858,1.204346905105776,1.1902976555971245,0.009249699409164869,1.937829112541317,6.211175639298144,0.45098310261255736,True
USDCHF,買い,1,2021-06-16 13:00:00,2021-06-16 17:00:00,0.9087763429665703,2021-06-21 09:00:00,0.9194437798898546,トレイル,trail,17,0.002082640259110479,0.9046110624483493,0.9195401228564248,0.010667436923284312,2.5610368561300416,7.372207929941515,0.5648325299697947,True
USDJPY,売り,-1,2021-06-20 21:00:00,2021-06-21 01:00:00,109.79420734981548,2021-06-21 09:00:00,110.24280631398545,初期損切り,initial,3,0.2234031569927252,110.24101366380093,110.24101366380093,-0.4485989641699746,-1.004012141566519,0.00988056679767551,1.999999999999989,False
USDJPY,買い,1,2021-06-22 05:00:00,2021-06-22 09:00:00,110.69579265018453,2021-06-23 01:00:00,110.79220734981547,時間切れ,time,4,0.22631229246751433,110.2431680652495,110.2431680652495,0.09641469963094096,0.21301251156028272,0.6990665336403658,0.4763004652078648,False
AUDUSD,買い,1,2021-06-22 13:00:00,2021-06-22 17:00:00,0.7552842521179044,2021-06-23 09:00:00,0.7576657478820956,時間切れ,time,4,0.002776272303025295,0.7497317075118538,0.7552842521179044,0.0023814957641912216,0.42890168979392135,1.1655009051416139,0.5418244155176037,True
AUDUSD,買い,1,2021-06-25 05:00:00,2021-06-25 09:00:00,0.7610242521179044,2021-06-28 01:00:00,0.7588757478820957,時間切れ,time,4,0.002196972513935372,0.7566303070900336,0.7566303070900336,-0.0021485042358087014,-0.4889693025699601,0.307581400226638,1.5131059204512716,False
GBPUSD,売り,-1,2021-06-25 13:00:00,2021-06-27 17:00:00,1.3882837570146254,2021-06-28 09:00:00,1.3902762429853746,時間切れ,time,4,0.003537326619193594,1.3953584102530125,1.3953584102530125,-0.0019924859707491915,-0.28163726243682574,0.18481669492382977,1.604670305132507,False
EURUSD,売り,-1,2021-06-28 21:00:00,2021-06-29 01:00:00,1.1910336775031447,2021-06-29 09:00:00,1.19106,建値,breakeven,3,0.002238585273572049,1.1955108480502887,1.1910336775031447,-2.632249685530219e-05,-0.005879270529931635,1.355176208366637,0.5746140261178398,True
USDCHF,買い,1,2021-06-28 17:00:00,2021-06-28 21:00:00,0.9204163429665703,2021-06-29 09:00:00,0.92032,建値,breakeven,4,0.0019058262283369834,0.9166046905098963,0.9204163429665703,-9.634296657023977e-05,-0.025275905310188817,1.4448625968552284,0.7536589355387322,True
GBPUSD,売り,-1,2021-06-28 17:00:00,2021-06-28 21:00:00,1.3863037570146255,2021-06-29 13:00:00,1.3841662429853747,時間切れ,time,4,0.0034035790659996583,1.3931109151466248,1.3863037570146255,0.0021375140292507755,0.31400975088307087,1.4348886627644721,0.47780379237259607,True
USDJPY,売り,-1,2021-06-30 01:00:00,2021-06-30 05:00:00,110.46520734981547,2021-06-30 09:00:00,110.84491713451544,初期損切り,initial,2,0.1889585672577217,110.84312448433091,110.84312448433091,-0.3797097846999691,-1.0047435006799155,0.06989548030103503,1.9999999999999947,False
GBPUSD,売り,-1,2021-06-30 09:00:00,2021-06-30 13:00:00,1.3799737570146253,2021-07-01 05:00:00,1.3780962429853747,時間切れ,time,4,0.0033754966834612446,1.3867247503815479,1.3867247503815479,0.0018775140292506265,0.2781092984700281,0.729894663116353,1.1779727128327193,False
AUDUSD,売り,-1,2021-06-30 17:00:00,2021-06-30 21:00:00,0.7484957478820956,2021-07-01 13:00:00,0.7468742521179044,時間切れ,time,4,0.0020233871496814384,0.7525425221814585,0.7484957478820956,0.0016214957641912386,0.40068846054659546,1.114837505244974,1.1289248912468517,True
EURUSD,売り,-1,2021-07-02 01:00:00,2021-07-02 05:00:00,1.1827636775031447,2021-07-02 13:00:00,1.18708620604167,初期損切り,initial,3,0.002148103020834979,1.1870598835448147,1.1870598835448147,-0.004322528538525328,-1.0061269167726272,0.9746634508855047,2.0000000000000315,False
AUDUSD,買い,1,2021-07-02 13:00:00,2021-07-04 17:00:00,0.7526442521179044,2021-07-05 09:00:00,0.7525557478820957,時間切れ,time,4,0.0022277357559605674,0.7481887806059833,0.7481887806059833,-8.850423580875066e-05,-0.01986416826411015,0.5008439080399234,0.7829708318131806,False
GBPUSD,買い,1,2021-07-05 21:00:00,2021-07-06 01:00:00,1.3881762429853746,2021-07-06 09:00:00,1.3818920794304779,初期損切り,initial,3,0.0031089602847610563,1.3819583224158525,1.3819583224158525,-0.006284163554896693,-1.010653559278206,0.5415820275603612,1.999999999999991,False
USDJPY,売り,-1,2021-07-06 17:00:00,2021-07-06 21:00:00,110.41620734981548,2021-07-07 05:00:00,110.80425325757732,初期損切り,initial,3,0.19312662878865083,110.80246060739279,110.80246060739279,-0.38804590776183545,-1.0046411263837043,0.0994546942384304,2.000000000000037,False
USDCHF,買い,1,2021-07-07 09:00:00,2021-07-07 13:00:00,0.9256563429665703,2021-07-08 01:00:00,0.9216352461932775,初期損切り,initial,4,0.001962376903361254,0.9217315891598478,0.9217315891598478,-0.004021096773292765,-1.024547518472429,0.2413690421133764,2.000000000000009,False
EURUSD,売り,-1,2021-07-07 09:00:00,2021-07-07 13:00:00,1.1800136775031447,2021-07-08 05:00:00,1.1822563224968552,時間切れ,time,4,0.0022250696068736872,1.1844638167168922,1.1844638167168922,-0.0022426449937105186,-0.5039494015788399,0.743202593768779,1.117413356047236,False
USDJPY,売り,-1,2021-07-08 01:00:00,2021-07-08 05:00:00,109.85020734981548,2021-07-08 09:00:00,109.852,建値,breakeven,2,0.2340813915250329,110.31837013286554,109.85020734981548,-0.0017926501845266785,-0.0038291172417585584,1.0646183713788613,0.8449738310931584,True
GBPUSD,売り,-1,2021-07-08 05:00:00,2021-07-08 09:00:00,1.3760337570146255,2021-07-09 01:00:00,1.3775662429853746,時間切れ,time,4,0.003524364284440673,1.3830824855835069,1.3830824855835069,-0.0015324859707490646,-0.21741310589184376,0.16279730706573187,1.0459313192023179,False
AUDUSD,売り,-1,2021-07-07 17:00:00,2021-07-07 21:00:00,0.7468557478820956,2021-07-09 05:00:00,0.7460212469058245,トレイル,trail,9,0.0025623763929166063,0.7519805006679289,0.7459769947879201,0.0008345009762711353,0.1628373135535468,2.2930853946120044,0.05629622498206456,True
GBPUSD,買い,1,2021-07-09 13:00:00,2021-07-11 17:00:00,1.3896062429853746,2021-07-12 09:00:00,1.3846037570146255,時間切れ,time,4,0.0037615009918979285,1.3820832410015786,1.3820832410015786,-0.005002485970749149,-0.6649587467242778,0.3838247066091611,1.5143537108308718,False
AUDUSD,売り,-1,2021-07-13 05:00:00,2021-07-13 09:00:00,0.7430357478820956,2021-07-14 01:00:00,0.7454442521179043,時間切れ,time,4,0.0025332324643470064,0.7481022128107896,0.7481022128107896,-0.0024085042358087394,-0.47538160624938575,0.13253733592195482,1.8412254633357354,False
EURUSD,売り,-1,2021-07-13 05:00:00,2021-07-13 09:00:00,1.1799036775031446,2021-07-14 01:00:00,1.1783863224968554,時間切れ,time,4,0.00224831571862463,1.1844003089403938,1.1799036775031446,0.001517355006289245,0.3374426006365026,1.2069824004987653,1.5106074599402977,True
USDCHF,買い,1,2021-07-13 05:00:00,2021-07-13 09:00:00,0.9196663429665702,2021-07-14 01:00:00,0.9182736570334298,時間切れ,time,4,0.001986484105876033,0.9156933747548182,0.9156933747548182,-0.0013926859331404584,-0.35054041686537646,0.19313370406283956,1.9865967992882256,False
USDCHF,売り,-1,2021-07-15 01:00:00,2021-07-15 05:00:00,0.9121536570334298,2021-07-15 05:00:00,0.9164063591886737,初期損切り,initial,1,0.002078179594336857,0.9163100162221035,0.9163100162221035,-0.004252702155243981,-1.0231796536817142,-0.0,2.0000000000000133,False
AUDUSD,売り,-1,2021-07-15 09:00:00,2021-07-15 13:00:00,0.7423957478820956,2021-07-16 05:00:00,0.7443042521179044,時間切れ,time,4,0.0026501920871080135,0.7476961320563117,0.7476961320563117,-0.0019085042358087945,-0.3600690389751001,0.4964726475851208,0.7185336214562235,False
USDCHF,買い,1,2021-07-19 01:00:00,2021-07-19 05:00:00,0.9214063429665702,2021-07-19 09:00:00,0.9172771269418175,初期損切り,initial,2,0.002016436529091204,0.9173734699083878,0.9173734699083878,-0.004129216024752691,-1.0238894121338162,0.38863461464018495,2.0000000000000213,False
USDJPY,売り,-1,2021-07-19 05:00:00,2021-07-19 09:00:00,109.47420734981547,2021-07-19 13:00:00,109.476,建値,breakeven,2,0.2277717265702867,109.92975080295605,109.47420734981547,-0.0017926501845266785,-0.003935190314267332,1.7921774399400872,0.45129679496373143,True
GBPUSD,売り,-1,2021-07-16 09:00:00,2021-07-16 13:00:00,1.3777637570146255,2021-07-21 09:00:00,1.3650085790043065,トレイル,trail,18,0.003887383044946667,1.3855385231045187,1.364942336018932,0.012755178010319002,1.6405867215606478,5.2898715606009095,0.1868205363293331,True
USDJPY,買い,1,2021-07-23 01:00:00,2021-07-23 05:00:00,110.48679265018453,2021-07-25 21:00:00,110.45320734981547,時間切れ,time,4,0.2173505929723528,110.05209146423982,110.05209146423982,-0.033585300369054494,-0.07726065963235393,0.49784704212533176,0.4499304503713484,False
GBPUSD,買い,1,2021-07-26 09:00:00,2021-07-26 13:00:00,1.3828462429853745,2021-07-27 05:00:00,1.3779037570146253,時間切れ,time,4,0.003603676400700104,1.3756388901839742,1.3756388901839742,-0.0049424859707492,-0.6857560753497455,0.0898407566679975,1.7027730303925983,False
USDCHF,売り,-1,2021-07-26 09:00:00,2021-07-26 13:00:00,0.9153436570334298,2021-07-27 05:00:00,0.9173063429665702,時間切れ,time,4,0.0020557874011290674,0.9194552318356879,0.9194552318356879,-0.001962685933140418,-0.47735625095826617,0.2498590239183546,1.3553653286521317,False
EURUSD,買い,1,2021-07-27 09:00:00,2021-07-27 13:00:00,1.1836563224968553,2021-07-28 05:00:00,1.1828536775031446,時間切れ,time,4,0.0023787671141773025,1.1788987882685007,1.1788987882685007,-0.0008026449937106328,-0.16871029301837054,0.1991273127670021,1.4445813027996517,False
GBPUSD,買い,1,2021-07-27 09:00:00,2021-07-27 13:00:00,1.3885562429853746,2021-07-28 05:00:00,1.3893837570146255,時間切れ,time,4,0.003792111235466344,1.380972020514442,1.380972020514442,0.0008275140292508532,0.10910993611044319,0.25678492907014383,0.6266279752425088,False
USDJPY,売り,-1,2021-07-27 01:00:00,2021-07-27 05:00:00,110.07420734981547,2021-07-28 05:00:00,110.00168863536787,トレイル,trail,7,0.19824279574175493,110.47069294129898,109.99989598518334,0.07251871444759672,0.1829037826475791,2.467718173490395,0.49329737213715413,True
AUDUSD,売り,-1,2021-07-28 05:00:00,2021-07-28 09:00:00,0.7331957478820956,2021-07-28 13:00:00,0.7379643024979412,初期損切り,initial,2,0.002362151248970586,0.7379200503800368,0.7379200503800368,-0.004768554615845577,-1.0093669103372804,0.3622748045742487,2.0000000000000124,False
AUDUSD,買い,1,2021-07-29 01:00:00,2021-07-29 05:00:00,0.7402842521179044,2021-07-29 21:00:00,0.7387757478820957,時間切れ,time,4,0.002586323170445252,0.7351116057770138,0.7351116057770138,-0.0015085042358087275,-0.2916310407467426,0.2690104199065773,0.9837332576912359,False
USDJPY,売り,-1,2021-07-29 09:00:00,2021-07-29 13:00:00,109.52620734981548,2021-07-30 05:00:00,109.49779265018452,時間切れ,time,4,0.2333812130070772,109.99296977582964,109.99296977582964,0.02841469963095733,0.06087615036540166,0.7036014068986127,0.44044954973050304,False
EURUSD,買い,1,2021-07-28 13:00:00,2021-07-28 17:00:00,1.1844663224968552,2021-07-30 09:00:00,1.1861200998898778,トレイル,trail,11,0.002692093642176301,1.1790821352125027,1.186146422386733,0.0016537773930225264,0.30715450739031597,2.3749833226366195,0.16579010843558842,True
USDJPY,売り,-1,2021-08-02 09:00:00,2021-08-02 13:00:00,109.25020734981547,2021-08-03 05:00:00,109.15179265018453,時間切れ,time,4,0.21408890043802226,109.67838515069151,109.67838515069151,0.0984146996309363,0.2298454040110942,0.706282995083338,0.587572031652115,False
USDCHF,売り,-1,2021-08-03 05:00:00,2021-08-03 09:00:00,0.9027236570334297,2021-08-04 01:00:00,0.9038163429665702,時間切れ,time,4,0.0018709662718903244,0.9064655895772104,0.9064655895772104,-0.0010926859331404914,-0.2920111253626448,0.05540294070881816,1.1258048839342094,False
EURUSD,売り,-1,2021-08-04 01:00:00,2021-08-04 05:00:00,1.1850636775031447,2021-08-04 09:00:00,1.1892453126059939,初期損切り,initial,2,0.002077656302996925,1.1892189901091386,1.1892189901091386,-0.0041816351028491905,-1.0063346610354589,0.12209791522247326,2.000000000000018,False
AUDUSD,買い,1,2021-08-04 01:00:00,2021-08-04 05:00:00,0.7415642521179043,2021-08-04 21:00:00,0.7383357478820957,時間切れ,time,4,0.0023955855917609263,0.7367730809343824,0.7367730809343824,-0.0032285042358086713,-0.6738444760463538,0.4574029355762662,1.8969274709003299,False
AUDUSD,売り,-1,2021-08-06 09:00:00,2021-08-06 13:00:00,0.7351957478820956,2021-08-08 21:00:00,0.73524,建値,breakeven,3,0.0022774664384979507,0.7397506807590916,0.7351957478820956,-4.425211790437533e-05,-0.009715207468339418,1.0519355374894928,0.30044443524517167,True
GBPUSD,売り,-1,2021-08-06 09:00:00,2021-08-06 13:00:00,1.3865537570146254,2021-08-09 05:00:00,1.3858262429853747,時間切れ,time,4,0.003055417052490476,1.3926645911196063,1.3926645911196063,0.0007275140292506421,0.11905314671488859,0.49543384376657823,0.8268079093541725,False
AUDUSD,売り,-1,2021-08-09 21:00:00,2021-08-10 01:00:00,0.7321957478820956,2021-08-10 17:00:00,0.7348042521179043,時間切れ,time,4,0.0021421929654500856,0.7364801338129958,0.7364801338129958,-0.0026085042358087174,-0.6088396978889008,-0.0,1.5798073154410421,False
USDCHF,買い,1,2021-08-09 05:00:00,2021-08-09 09:00:00,0.9170363429665702,2021-08-11 05:00:00,0.9205650207041215,トレイル,trail,12,0.001876583036315764,0.9132831768939387,0.9206613636706917,0.003528677737551278,0.9401869433070809,3.8333806147757032,0.3657407923273646,True
USDJPY,買い,1,2021-08-05 17:00:00,2021-08-05 21:00:00,109.86779265018453,2021-08-11 05:00:00,110.4641347652999,トレイル,trail,21,0.21770307487379684,109.43238650043693,110.46592741548443,0.5963421151153767,1.3696226281164796,4.286606196795607,0.7707408371783147,True
AUDUSD,買い,1,2021-08-11 05:00:00,2021-08-11 09:00:00,0.7375842521179043,2021-08-12 01:00:00,0.7363757478820956,時間切れ,time,4,0.0021787139838722004,0.7332268241501599,0.7332268241501599,-0.0012085042358087605,-0.2773434798589077,0.6130900577053556,0.6261731131314884,False
GBPUSD,売り,-1,2021-08-13 01:00:00,2021-08-13 05:00:00,1.3799137570146254,2021-08-13 09:00:00,1.3851659264954839,初期損切り,initial,2,0.002592963247741978,1.3850996835101093,1.3850996835101093,-0.005252169480858493,-1.0127736066896094,0.2636971485117859,1.9999999999999718,False
EURUSD,買い,1,2021-08-13 05:00:00,2021-08-13 09:00:00,1.1766163224968553,2021-08-16 05:00:00,1.1770320671895766,トレイル,trail,6,0.0017233898247641668,1.173169542847327,1.177058389686432,0.0004157446927213204,0.12061829736583597,2.241905718384616,0.1255215121657335,True
AUDUSD,売り,-1,2021-08-16 05:00:00,2021-08-16 09:00:00,0.7326157478820956,2021-08-17 01:00:00,0.7309642521179044,時間切れ,time,4,0.0018762178328300694,0.7363681835477558,0.7326157478820956,0.0016514957641912131,0.440113012277501,1.2342638693517805,0.8443860250036587,True
USDJPY,売り,-1,2021-08-13 01:00:00,2021-08-13 05:00:00,110.27120734981547,2021-08-17 05:00:00,109.4681989876797,トレイル,trail,13,0.1617125872266159,110.5946325242687,109.46640633749517,0.8030083621357704,2.4828257834081735,7.15595099714664,0.37593023046086327,True
USDCHF,売り,-1,2021-08-13 05:00:00,2021-08-13 09:00:00,0.9198636570334298,2021-08-17 09:00:00,0.9137933966598225,トレイル,trail,13,0.0016576230950103063,0.9231789032234504,0.9136970536932523,0.00607026037360725,1.8310134529012183,5.944449653899465,0.16671037427146826,True
EURUSD,売り,-1,2021-08-17 09:00:00,2021-08-17 13:00:00,1.1708436775031448,2021-08-18 05:00:00,1.1720563224968552,時間切れ,time,4,0.0018389077668452501,1.1745214930368353,1.1745214930368353,-0.0012126449937104322,-0.3297188188483191,0.3554705216489092,1.1562964359561758,False
GBPUSD,売り,-1,2021-08-17 05:00:00,2021-08-17 09:00:00,1.3773037570146254,2021-08-18 13:00:00,1.37737,建値,breakeven,8,0.0027584771679283037,1.382820711350482,1.3773037570146254,-6.624298537460938e-05,-0.01200716579147178,1.6943250678183006,0.12551961256025398,True
GBPUSD,売り,-1,2021-08-18 21:00:00,2021-08-19 01:00:00,1.3720637570146255,2021-08-23 01:00:00,1.3656156958775112,トレイル,trail,13,0.0027675230060871764,1.3775988030267998,1.3655494528921366,0.006448061137114269,1.164951677534701,4.283164760890212,0.056455893963980014,True
EURUSD,買い,1,2021-08-23 13:00:00,2021-08-23 17:00:00,1.1746363224968552,2021-08-24 09:00:00,1.1750536775031446,時間切れ,time,4,0.0019921977184293458,1.1706519270599964,1.1706519270599964,0.00041735500628936606,0.1047473858715213,0.42851043109201603,0.9619138096223118,False
AUDUSD,買い,1,2021-08-25 13:00:00,2021-08-25 17:00:00,0.7277242521179044,2021-08-26 09:00:00,0.7255757478820957,時間切れ,time,4,0.0021845195208555117,0.7233552130761933,0.7233552130761933,-0.0021485042358087014,-0.49175670331554056,0.1262281611416418,1.2470715376521364,False
EURUSD,買い,1,2021-08-25 13:00:00,2021-08-25 17:00:00,1.1772863224968553,2021-08-26 09:00:00,1.1755636775031446,時間切れ,time,4,0.0020718620432755882,1.173142598410304,1.173142598410304,-0.0017226449937106647,-0.415723865230714,0.30102269847982294,1.002152871902874,False
GBPUSD,買い,1,2021-08-25 13:00:00,2021-08-25 17:00:00,1.3763162429853746,2021-08-26 09:00:00,1.3718537570146254,時間切れ,time,4,0.0028150650092183377,1.3706861129669379,1.3706861129669379,-0.004462485970749164,-0.7926079781703278,0.18250271767900347,1.6185214090809326,False
USDJPY,買い,1,2021-08-26 01:00:00,2021-08-26 05:00:00,110.18379265018453,2021-08-26 21:00:00,110.05520734981548,時間切れ,time,4,0.19311132441254839,109.79757000135943,109.79757000135943,-0.12858530036905336,-0.3329305020309256,0.2340999418495666,1.2728028816136836,False
GBPUSD,売り,-1,2021-08-26 17:00:00,2021-08-26 21:00:00,1.3681937570146254,2021-08-27 09:00:00,1.373629122836075,初期損切り,initial,4,0.0026845614180375215,1.3735628798507005,1.3735628798507005,-0.005435365821449656,-1.0123377667818525,0.057274537878853844,2.0000000000000013,False
USDCHF,売り,-1,2021-08-27 09:00:00,2021-08-27 13:00:00,0.9106436570334298,2021-08-30 01:00:00,0.9155489327333515,初期損切り,initial,4,0.002404466366675717,0.9154525897667812,0.9154525897667812,-0.004905275699921718,-1.0200341680602258,0.2011494276372278,2.000000000000018,False
AUDUSD,買い,1,2021-08-27 09:00:00,2021-08-27 13:00:00,0.7315542521179044,2021-08-30 05:00:00,0.7296157478820956,時間切れ,time,4,0.002297374835804263,0.7269595024462958,0.7269595024462958,-0.001938504235808769,-0.42189550560001216,0.12438017411975472,1.355569874523396,False
EURUSD,買い,1,2021-08-27 09:00:00,2021-08-27 13:00:00,1.1800863224968554,2021-08-30 05:00:00,1.1798336775031446,時間切れ,time,4,0.0021501088335598387,1.1757861048297358,1.1757861048297358,-0.0002526449937108044,-0.05875167567506604,0.42494476971749556,0.40292030028133263,False
EURUSD,買い,1,2021-08-30 21:00:00,2021-08-31 01:00:00,1.1817663224968553,2021-08-31 09:00:00,1.18174,建値,breakeven,3,0.0018774142385836964,1.178011494019688,1.1817663224968553,-2.632249685530219e-05,-0.007010306067338563,1.4667394369087403,0.014020612134677125,True
AUDUSD,買い,1,2021-08-31 01:00:00,2021-08-31 05:00:00,0.7328042521179043,2021-08-31 21:00:00,0.7310557478820956,時間切れ,time,4,0.0020791605650561785,0.728645930987792,0.728645930987792,-0.0017485042358087455,-0.4204832145230451,0.4019640888451705,1.2092630844200398,False
GBPUSD,買い,1,2021-08-31 05:00:00,2021-08-31 09:00:00,1.3784862429853746,2021-08-31 21:00:00,1.3730253036674118,初期損切り,initial,4,0.0026973481662940324,1.3730915466527864,1.3730915466527864,-0.005460939317962765,-1.0122792797389804,0.8577895295602049,2.0000000000000338,False
USDJPY,買い,1,2021-09-01 01:00:00,2021-09-01 05:00:00,110.37479265018453,2021-09-01 09:00:00,109.99611075286607,初期損切り,initial,2,0.18844462356696345,109.9979034030506,109.9979034030506,-0.378681897318458,-1.004756437595828,0.08600590193922275,2.0000000000000235,False
EURUSD,買い,1,2021-09-01 09:00:00,2021-09-01 13:00:00,1.1848463224968553,2021-09-02 05:00:00,1.1845236775031447,時間切れ,time,4,0.001946258849002917,1.1809538047988495,1.1809538047988495,-0.00032264499371059685,-0.08288851040443318,0.16630753063015882,0.7174392540697976,False
EURUSD,買い,1,2021-09-02 09:00:00,2021-09-02 13:00:00,1.1865263224968554,2021-09-03 05:00:00,1.1874736775031447,時間切れ,time,4,0.0018608233502404562,1.1828046757963746,1.1865263224968554,0.0009473550062892855,0.2545526436367181,1.0337776032829853,0.0517633749828375,True
GBPUSD,買い,1,2021-09-02 09:00:00,2021-09-02 13:00:00,1.3833062429853746,2021-09-03 05:00:00,1.3834237570146255,時間切れ,time,4,0.0026844217152439385,1.3779373995548867,1.3779373995548867,0.00011751402925086474,0.02188814607323835,0.4670492000216319,0.3301429802709362,False
AUDUSD,買い,1,2021-09-01 01:00:00,2021-09-01 05:00:00,0.7347042521179044,2021-09-03 09:00:00,0.7435400940326137,トレイル,trail,14,0.0020661825013050875,0.7305718871152942,0.743584346150518,0.00883584191470932,2.138204613853866,6.328457371910011,0.6989954261020418,True
USDCHF,売り,-1,2021-09-03 05:00:00,2021-09-03 09:00:00,0.9137636570334298,2021-09-05 21:00:00,0.9144563429665702,建値,breakeven,4,0.002076093322069484,0.9179158436775687,0.9137636570334298,-0.0006926859331404245,-0.16682437291642163,1.0180934599427722,0.5762472013433844,True
USDJPY,売り,-1,2021-09-03 05:00:00,2021-09-03 09:00:00,109.85520734981547,2021-09-06 01:00:00,109.80879265018453,時間切れ,time,4,0.18615190581460073,110.22751116144467,109.85520734981547,0.0464146996309438,0.12466888111575619,1.408566561099924,0.18153265762521484,True
EURUSD,売り,-1,2021-09-07 05:00:00,2021-09-07 09:00:00,1.1850436775031448,2021-09-08 01:00:00,1.1843863224968554,時間切れ,time,4,0.0017821896768903662,1.1886080568569255,1.1886080568569255,0.000657355006289384,0.18442341317910746,0.7202810788269476,0.5646551037211447,False
USDCHF,買い,1,2021-09-07 09:00:00,2021-09-07 13:00:00,0.9188363429665702,2021-09-08 05:00:00,0.9198036570334298,時間切れ,time,4,0.001917190350287045,0.9150019622659962,0.9150019622659962,0.0009673140668595703,0.2522738722095963,0.9199175413988888,0.24845887968243102,False
GBPUSD,買い,1,2021-09-09 09:00:00,2021-09-09 13:00:00,1.3857662429853745,2021-09-10 05:00:00,1.3878137570146254,時間切れ,time,4,0.002778366080201384,1.3802095108249717,1.3802095108249717,0.002047514029250852,0.3684744864691197,0.9839441368458456,0.9488465196002853,False
EURUSD,売り,-1,2021-09-12 21:00:00,2021-09-13 01:00:00,1.1795336775031446,2021-09-13 09:00:00,1.17956,建値,breakeven,3,0.001783751146644448,1.1831011797964335,1.1795336775031446,-2.632249685530219e-05,-0.007378410633349689,1.414814789547429,0.037181473985374344,True
USDJPY,買い,1,2021-09-13 01:00:00,2021-09-13 05:00:00,110.11879265018453,2021-09-13 21:00:00,110.03520734981548,時間切れ,time,4,0.1541017736331492,109.81058910291823,109.81058910291823,-0.08358530036905165,-0.27120161695228995,0.12464067974453462,1.426282417149611,False
GBPUSD,買い,1,2021-09-14 05:00:00,2021-09-14 09:00:00,1.3903362429853745,2021-09-14 09:00:00,1.3845493468150618,初期損切り,initial,1,0.0028603265924690767,1.3846155898004364,1.3846155898004364,-0.005786896170312694,-1.0115796191856117,0.0,1.999999999999976,False
AUDUSD,売り,-1,2021-09-14 09:00:00,2021-09-14 13:00:00,0.7330957478820956,2021-09-15 01:00:00,0.73314,建値,breakeven,4,0.002498822800019619,0.7380933934821349,0.7330957478820956,-4.425211790437533e-05,-0.008854593031572286,1.190859904940952,0.1937920999842683,True
USDJPY,売り,-1,2021-09-14 17:00:00,2021-09-14 21:00:00,109.57020734981548,2021-09-15 17:00:00,109.4574441963442,トレイル,trail,6,0.16007693668769868,109.89036122319088,109.45565154615967,0.11276315347127763,0.3522154902653852,2.856172533507828,0.5484403437567265,True
EURUSD,売り,-1,2021-09-16 01:00:00,2021-09-16 05:00:00,1.1772436775031447,2021-09-16 21:00:00,1.1760163224968554,時間切れ,time,4,0.001969825056225108,1.181183327615595,1.1772436775031447,0.0012273550062893435,0.31153908881669834,1.113640775464945,0.2722691008322836,True
USDCHF,買い,1,2021-09-16 05:00:00,2021-09-16 09:00:00,0.9265063429665702,2021-09-17 01:00:00,0.9266136570334298,時間切れ,time,4,0.002102056876928729,0.9223022292127128,0.9223022292127128,0.00010731406685959843,0.02552596650391134,0.7581417281906755,0.9449520554707306,False
AUDUSD,売り,-1,2021-09-16 09:00:00,2021-09-16 13:00:00,0.7287157478820956,2021-09-17 05:00:00,0.7317442521179044,時間切れ,time,4,0.0023444438698442547,0.7334046356217842,0.7334046356217842,-0.0030285042358088043,-0.6458896872651494,0.24557972553799143,1.4691126378441521,False
GBPUSD,売り,-1,2021-09-16 09:00:00,2021-09-16 13:00:00,1.3782037570146255,2021-09-17 05:00:00,1.3796262429853745,時間切れ,time,4,0.0030008505549532142,1.384205458124532,1.384205458124532,-0.00142248597074901,-0.23701379737172346,0.2311867925179969,1.0384532412755194,False
EURUSD,売り,-1,2021-09-17 09:00:00,2021-09-17 13:00:00,1.1725336775031447,2021-09-20 05:00:00,1.1709863224968553,時間切れ,time,4,0.0020468922378500216,1.1766274619788448,1.1725336775031447,0.0015473550062894414,0.37797666571707866,0.9788876356526035,0.3401852251814885,True
AUDUSD,売り,-1,2021-09-17 09:00:00,2021-09-17 13:00:00,0.7273357478820957,2021-09-20 21:00:00,0.7267205779423356,トレイル,trail,9,0.00238498698924801,0.7321057218605916,0.7266763258244312,0.0006151699397600741,0.12896714794113784,2.2372230566247433,0.11918392812449616,True
GBPUSD,売り,-1,2021-09-17 09:00:00,2021-09-17 13:00:00,1.3746537570146253,2021-09-22 13:00:00,1.3677968217264218,トレイル,trail,19,0.0030709880402673886,1.3807957330951601,1.3677305787410472,0.006856935288203525,1.116405404106767,4.2474138106671475,0.27230421428211027,True
EURUSD,売り,-1,2021-09-22 13:00:00,2021-09-22 17:00:00,1.1688836775031446,2021-09-23 05:00:00,1.1729848019744449,初期損切り,initial,4,0.002037400987222537,1.1729584794775896,1.1729584794775896,-0.004101124471300288,-1.0064598223472685,0.2619403379558195,1.9999999999999565,False
AUDUSD,買い,1,2021-09-23 05:00:00,2021-09-23 09:00:00,0.7296242521179044,2021-09-24 01:00:00,0.7295357478820956,時間切れ,time,4,0.0026402362272591275,0.7243437796633861,0.7243437796633861,-8.850423580875066e-05,-0.01676066612808892,0.7634725488893682,0.44096513254536107,False
GBPUSD,買い,1,2021-09-23 05:00:00,2021-09-23 09:00:00,1.3725162429853746,2021-09-24 01:00:00,1.3722237570146254,時間切れ,time,4,0.003558919508769036,1.3653984039678364,1.3653984039678364,-0.0002924859707491567,-0.04109196204472775,0.7119455802196346,0.5440536040795029,False
USDCHF,買い,1,2021-09-27 01:00:00,2021-09-27 05:00:00,0.9284463429665702,2021-09-27 21:00:00,0.9263536570334298,時間切れ,time,4,0.002091187625815403,0.9242639677149395,0.9242639677149395,-0.0020926859331404923,-0.5003582431596747,0.08304230155438097,1.7054151060116436,False
EURUSD,売り,-1,2021-09-28 01:00:00,2021-09-28 05:00:00,1.1680336775031448,2021-09-28 21:00:00,1.1681563224968552,時間切れ,time,4,0.0019346113128036284,1.171902900128752,1.171902900128752,-0.00012264499371039683,-0.03169757999932823,0.6221805357895892,1.0732504679951405,False
GBPUSD,売り,-1,2021-09-28 05:00:00,2021-09-28 09:00:00,1.3545137570146253,2021-09-29 01:00:00,1.3549862429853745,時間切れ,time,4,0.003907725149958298,1.3623292073145419,1.3623292073145419,-0.0004724859707492257,-0.06045537398584287,0.6176885328414065,0.43151524753289805,False
USDJPY,買い,1,2021-09-23 09:00:00,2021-09-23 13:00:00,110.17879265018453,2021-09-29 01:00:00,111.24295850858553,トレイル,trail,22,0.19569148087334007,109.78740968843785,111.24475115877006,1.0641658584009974,2.7189887205406027,7.691736723019123,0.1113622835663554,True
AUDUSD,売り,-1,2021-09-28 09:00:00,2021-09-28 13:00:00,0.7231557478820956,2021-09-29 05:00:00,0.7248242521179044,時間切れ,time,4,0.0027804368231056876,0.728716621528307,0.728716621528307,-0.0016685042358087765,-0.3000435438675232,0.2070710175146079,1.1812000512336611,False
USDCHF,買い,1,2021-09-28 13:00:00,2021-09-28 17:00:00,0.9295263429665702,2021-09-29 09:00:00,0.9300836570334298,時間切れ,time,4,0.002152505287541695,0.9252213323914869,0.9252213323914869,0.0005573140668595489,0.1294570726690383,0.554543136473783,0.7044549322812497,False
USDJPY,売り,-1,2021-09-30 21:00:00,2021-10-01 01:00:00,111.17120734981548,2021-10-03 17:00:00,111.02179265018452,時間切れ,time,4,0.2522410085627168,111.67568936694092,111.17120734981548,0.14941469963095244,0.2961744810693663,1.047440110238009,0.50266469717592,True
USDJPY,買い,1,2021-10-05 09:00:00,2021-10-05 13:00:00,111.45879265018452,2021-10-06 05:00:00,111.57620734981548,時間切れ,time,4,0.24712472549282732,110.96454319919887,111.45879265018452,0.11741469963095597,0.23756161872674264,1.332150593830529,0.1974413935603538,True
EURUSD,売り,-1,2021-10-06 01:00:00,2021-10-06 05:00:00,1.1551936775031446,2021-10-06 09:00:00,1.15522,建値,breakeven,2,0.0020726716373588865,1.1593390207778624,1.1551936775031446,-2.632249685530219e-05,-0.0063498955601196385,1.0921544263659173,0.11401830014737932,True
AUDUSD,売り,-1,2021-10-06 01:00:00,2021-10-06 05:00:00,0.7231557478820956,2021-10-06 17:00:00,0.7284893605869068,初期損切り,initial,4,0.002644680293453422,0.7284451084690025,0.7284451084690025,-0.0053336127048112525,-1.0083662509252913,0.2025756698916372,2.0000000000000124,False
AUDUSD,買い,1,2021-10-07 09:00:00,2021-10-07 13:00:00,0.7313442521179043,2021-10-08 05:00:00,0.7294357478820956,時間切れ,time,4,0.0027538545563193977,0.7258365430052656,0.7258365430052656,-0.0019085042358086834,-0.34651507492092315,0.36884587087753123,0.9020999719116046,False
USDJPY,買い,1,2021-10-07 21:00:00,2021-10-08 01:00:00,111.92779265018453,2021-10-10 17:00:00,112.24420734981547,時間切れ,time,4,0.221937813839222,111.48391702250609,111.92779265018453,0.3164146996309398,0.7128454006043322,1.4743199644766487,1.8734646565715027,True
EURUSD,買い,1,2021-10-08 13:00:00,2021-10-10 17:00:00,1.1575163224968552,2021-10-11 09:00:00,1.1561036775031448,時間切れ,time,4,0.0019500085650278238,1.1536163053667996,1.1536163053667996,-0.0014126449937104102,-0.36221507408872683,0.6018832553835686,1.177596108057367,False
EURUSD,売り,-1,2021-10-12 05:00:00,2021-10-12 09:00:00,1.1541136775031446,2021-10-13 01:00:00,1.1552763224968554,時間切れ,time,4,0.001904162125716803,1.1579220017545782,1.1579220017545782,-0.0011626449937107708,-0.30529044192418875,0.8737058051285377,0.7648101373233261,False
USDCHF,買い,1,2021-10-12 09:00:00,2021-10-12 13:00:00,0.9313163429665703,2021-10-13 05:00:00,0.9284436570334298,時間切れ,time,4,0.00198976822058283,0.9273368065254046,0.9273368065254046,-0.0028726859331404953,-0.7218644622585857,0.011889341273492008,1.5712096184019764,False
EURUSD,買い,1,2021-10-13 13:00:00,2021-10-13 17:00:00,1.1594563224968553,2021-10-14 09:00:00,1.1606236775031447,時間切れ,time,4,0.0019947833014096117,1.1554667558940361,1.1594563224968553,0.0011673550062893945,0.2926019596876724,1.495740164375871,0.33904559777366244,True
USDCHF,売り,-1,2021-10-13 13:00:00,2021-10-13 17:00:00,0.9247236570334297,2021-10-14 09:00:00,0.923728194490436,トレイル,trail,5,0.002049934177218214,0.9288235253878662,0.9236318515238657,0.0009954625429937636,0.24280353829326817,2.5677200233680324,0.0518762835178513,True
GBPUSD,買い,1,2021-10-14 01:00:00,2021-10-14 05:00:00,1.3712862429853747,2021-10-14 21:00:00,1.3676537570146254,時間切れ,time,4,0.003408484526755343,1.364469273931864,1.364469273931864,-0.0036324859707492774,-0.5328593898894957,0.6348149735287494,1.3250002896958566,False
AUDUSD,買い,1,2021-10-13 17:00:00,2021-10-13 21:00:00,0.7389642521179044,2021-10-18 01:00:00,0.739511395315795,トレイル,trail,14,0.002499708592266524,0.7339648349333714,0.7395556474336994,0.0005471431978906205,0.10944139640583414,2.022534905763353,0.7137840480384322,True
USDJPY,買い,1,2021-10-14 17:00:00,2021-10-14 21:00:00,113.88679265018453,2021-10-19 01:00:00,113.96062224464636,トレイル,trail,14,0.25790763956428225,113.37097737105597,113.96241489483089,0.07382959446182724,0.143131848646588,2.2380389770175872,0.2628563089447848,True
GBPUSD,買い,1,2021-10-19 01:00:00,2021-10-19 05:00:00,1.3794762429853746,2021-10-19 09:00:00,1.37941,建値,breakeven,2,0.0030639160924312006,1.3733484108005123,1.3794762429853746,-6.624298537460938e-05,-0.010810182683894247,1.2806346180034744,0.22723957326855998,True
USDCHF,売り,-1,2021-10-18 21:00:00,2021-10-19 01:00:00,0.9211136570334297,2021-10-19 09:00:00,0.92121,建値,breakeven,3,0.002164910663687712,0.9254434783608052,0.9211136570334297,-9.634296657023977e-05,-0.022251025916729752,1.198043446749757,0.07683594956611532,True
AUDUSD,買い,1,2021-10-18 21:00:00,2021-10-19 01:00:00,0.7453642521179044,2021-10-19 17:00:00,0.7472157478820957,時間切れ,time,4,0.002282204399111673,0.740799843319681,0.7453642521179044,0.0018514957641913021,0.4056375855098649,1.409053406148619,0.019390076507432928,True
EURUSD,買い,1,2021-10-18 17:00:00,2021-10-18 21:00:00,1.1625363224968552,2021-10-19 17:00:00,1.1627563053506504,トレイル,trail,6,0.002033797727070633,1.1584687270427139,1.1627826278475057,0.00021998285379520865,0.054081792615645094,2.1652485124406455,0.05227781280309574,True
USDJPY,買い,1,2021-10-19 17:00:00,2021-10-19 21:00:00,114.62579265018452,2021-10-20 09:00:00,114.1104701083362,初期損切り,initial,4,0.2567649458318952,114.11226275852073,114.11226275852073,-0.5153225418483203,-1.0034908390215063,0.05143751134985842,2.0000000000000124,False
USDCHF,売り,-1,2021-10-21 05:00:00,2021-10-21 09:00:00,0.9177636570334298,2021-10-22 01:00:00,0.9180463429665703,時間切れ,time,4,0.0020775653527129916,0.9219187877388557,0.9219187877388557,-0.00028268593314051405,-0.06803298215658252,0.3290664394922685,0.580652235557779,False
USDJPY,売り,-1,2021-10-21 09:00:00,2021-10-21 13:00:00,113.67720734981548,2021-10-22 05:00:00,113.94079265018452,時間切れ,time,4,0.27494599170396483,114.2270993332234,114.2270993332234,-0.26358530036904426,-0.47934014010440157,-0.0,1.9341713144780468,False
USDJPY,売り,-1,2021-10-22 09:00:00,2021-10-22 13:00:00,113.46320734981548,2021-10-25 05:00:00,113.59079265018453,時間切れ,time,4,0.28213836340830817,114.02748407663209,114.02748407663209,-0.12758530036904858,-0.2261041334963871,0.17086421439861132,1.2965009287132812,False
EURUSD,売り,-1,2021-10-25 05:00:00,2021-10-25 09:00:00,1.1594436775031447,2021-10-26 01:00:00,1.1604663224968552,時間切れ,time,4,0.00219039355161409,1.163824464606373,1.163824464606373,-0.0010226449937105198,-0.2334386423291234,0.029071261234173033,1.03466452190077,False
AUDUSD,買い,1,2021-10-25 21:00:00,2021-10-26 01:00:00,0.7515242521179044,2021-10-26 17:00:00,0.7502057478820956,時間切れ,time,4,0.0022773323572882116,0.746969587403328,0.746969587403328,-0.001318504235808815,-0.28948436788094817,0.4460253150335513,1.1391627179941342,False
EURUSD,売り,-1,2021-10-26 09:00:00,2021-10-26 13:00:00,1.1586836775031446,2021-10-27 05:00:00,1.1595263224968553,時間切れ,time,4,0.0021347063406372438,1.1629530901844192,1.1629530901844192,-0.0008426449937106728,-0.1973678949815481,0.00640720593935783,1.2302968548224114,False
GBPUSD,売り,-1,2021-10-27 01:00:00,2021-10-27 05:00:00,1.3723337570146255,2021-10-27 21:00:00,1.3729162429853745,時間切れ,time,4,0.0029287042947491893,1.378191165604124,1.378191165604124,-0.0005824859707490582,-0.0994443125913027,0.45882304233811416,1.2313441790077753,False
AUDUSD,買い,1,2021-10-28 09:00:00,2021-10-28 13:00:00,0.7546042521179044,2021-10-29 05:00:00,0.7533757478820956,時間切れ,time,4,0.002632076588718178,0.749340098940468,0.749340098940468,-0.0012285042358087805,-0.23337167335374964,0.3441191209928775,0.8526545646596502,False
EURUSD,買い,1,2021-10-28 05:00:00,2021-10-28 09:00:00,1.1630163224968553,2021-10-29 05:00:00,1.1643143306662491,トレイル,trail,6,0.002340360317613003,1.1583356018616293,1.1643406531631044,0.0012980081693938494,0.2773094723118796,2.650736066774519,0.2334352077087802,True
USDCHF,売り,-1,2021-10-28 09:00:00,2021-10-28 13:00:00,0.9121636570334297,2021-10-29 05:00:00,0.9118963429665703,時間切れ,time,4,0.002170906411543743,0.9165054698565172,0.9165054698565172,0.0002673140668594254,0.06156738619361692,0.8768950256478636,0.32997413557819355,False
EURUSD,売り,-1,2021-10-29 09:00:00,2021-10-29 13:00:00,1.1538236775031447,2021-11-01 05:00:00,1.1572663224968553,時間切れ,time,4,0.0028853224971416513,1.159594322497428,1.159594322497428,-0.0034426449937106085,-0.5965788914620583,0.004740372404917457,1.2880093994819828,False
GBPUSD,売り,-1,2021-10-29 09:00:00,2021-10-29 13:00:00,1.3672737570146254,2021-11-01 05:00:00,1.3658862429853746,時間切れ,time,4,0.003398175059305476,1.3740701071332364,1.3740701071332364,0.001387514029250747,0.20415576081803288,0.8839323937711464,0.7581254468688725,False
USDCHF,売り,-1,2021-11-01 13:00:00,2021-11-01 17:00:00,0.9090236570334298,2021-11-02 05:00:00,0.9136147522613555,初期損切り,initial,4,0.002247376130677707,0.9135184092947852,0.9135184092947852,-0.004591095227925668,-1.02143454432374,0.08172064788035083,2.000000000000006,False
AUDUSD,売り,-1,2021-11-02 01:00:00,2021-11-02 05:00:00,0.7462457478820956,2021-11-03 17:00:00,0.746209312209828,トレイル,trail,10,0.0025358550426344754,0.7513174579673646,0.7461650600919236,3.643567226763178e-05,0.007184099969251221,1.9818750668312817,0.5261547270928574,True
EURUSD,売り,-1,2021-11-05 05:00:00,2021-11-05 09:00:00,1.1514436775031447,2021-11-05 09:00:00,1.1561621259011583,初期損切り,initial,1,0.002346062950579137,1.156135803404303,1.156135803404303,-0.004718448398013608,-1.0056099297865893,-0.0,2.0000000000000138,False
GBPUSD,売り,-1,2021-11-04 05:00:00,2021-11-04 09:00:00,1.3544537570146253,2021-11-05 09:00:00,1.350027614978297,トレイル,trail,7,0.0036407764146987043,1.3617353098440228,1.3499613719929224,0.0044261420363282955,0.6078568871269983,3.2970321841691006,0.5153414468957356,True
USDCHF,買い,1,2021-11-05 05:00:00,2021-11-05 09:00:00,0.9170763429665703,2021-11-05 09:00:00,0.9129299841382629,初期損切り,initial,1,0.0020250079308685638,0.9130263271048331,0.9130263271048331,-0.004146358828307384,-1.0237882936411347,0.0,2.000000000000008,False
USDJPY,売り,-1,2021-11-05 09:00:00,2021-11-05 13:00:00,113.37220734981547,2021-11-08 05:00:00,113.39479265018453,時間切れ,time,4,0.2646499025200967,113.90150715485566,113.90150715485566,-0.022585300369058814,-0.04267014677502811,0.26528386803441395,1.1101181122189099,False
USDCHF,売り,-1,2021-11-09 09:00:00,2021-11-09 13:00:00,0.9110236570334298,2021-11-10 05:00:00,0.9124563429665702,時間切れ,time,4,0.002121459157682376,0.9152665753487945,0.9152665753487945,-0.0014326859331403874,-0.33766521687496204,0.39296397972633584,1.31340872459416,False
AUDUSD,売り,-1,2021-11-09 21:00:00,2021-11-10 01:00:00,0.7354957478820956,2021-11-10 17:00:00,0.7327442521179044,時間切れ,time,4,0.002416407845957424,0.7403285635740104,0.7354957478820956,0.002751495764191203,0.5693359605652603,1.2852747052992033,1.6074488933656936,True
GBPUSD,売り,-1,2021-11-10 13:00:00,2021-11-10 17:00:00,1.3405237570146253,2021-11-11 05:00:00,1.34059,建値,breakeven,4,0.004081299378756787,1.348686355772139,1.3405237570146253,-6.624298537460938e-05,-0.008115428351005677,1.0079527701489865,0.692486074431426,True
USDJPY,買い,1,2021-11-10 17:00:00,2021-11-10 21:00:00,114.06779265018453,2021-11-11 13:00:00,114.08520734981548,時間切れ,time,4,0.2679578265956367,113.53187699699326,113.53187699699326,0.01741469963094744,0.032495224812423916,0.3366475648856489,0.9657961981273426,False
USDCHF,買い,1,2021-11-10 09:00:00,2021-11-10 13:00:00,0.9169063429665703,2021-11-14 17:00:00,0.9195258945798415,トレイル,trail,14,0.002268967431541952,0.9123684081034863,0.9196222375464117,0.0026195516132712093,0.5772563274500168,3.038235338946618,0.1658653012549155,True
EURUSD,売り,-1,2021-11-10 09:00:00,2021-11-10 13:00:00,1.1512036775031447,2021-11-17 01:00:00,1.1316496084873193,トレイル,trail,28,0.0026126726921301144,1.156429022887405,1.131623285990464,0.01955406901582535,3.742158188189064,9.501258071062077,0.1325548729845081,True
USDCHF,買い,1,2021-11-15 13:00:00,2021-11-15 17:00:00,0.9252063429665702,2021-11-17 09:00:00,0.9285242068507183,トレイル,trail,11,0.002154282390138937,0.9208977781862924,0.9286205498172886,0.00331786388414812,0.7700624345571844,3.6084670556715888,0.6806642310600944,True
USDJPY,買い,1,2021-11-16 05:00:00,2021-11-16 09:00:00,114.42779265018453,2021-11-17 09:00:00,114.52525437537467,トレイル,trail,7,0.2233040670446836,113.98118451609515,114.5270470255592,0.09746172519014351,0.21822648928879834,2.428112290973068,0.06624442796902516,True
AUDUSD,売り,-1,2021-11-17 09:00:00,2021-11-17 13:00:00,0.7268957478820957,2021-11-18 05:00:00,0.7284642521179043,時間切れ,time,4,0.002289249014692425,0.7314742459114805,0.7314742459114805,-0.0015685042358086765,-0.3425805200181368,0.7494806685877857,1.0414996807259622,False
GBPUSD,買い,1,2021-11-17 09:00:00,2021-11-17 13:00:00,1.3491562429853745,2021-11-18 05:00:00,1.3492037570146254,時間切れ,time,4,0.0036718774997407952,1.3418124879858928,1.3418124879858928,4.751402925085024e-05,0.006469991067812631,0.5892781049417664,0.325785101888314,False
USDJPY,売り,-1,2021-11-19 05:00:00,2021-11-19 09:00:00,113.81420734981548,2021-11-22 01:00:00,114.13679265018453,時間切れ,time,4,0.2694565340077356,114.35312041783095,114.35312041783095,-0.32258530036905597,-0.5985850399897802,0.5092003069093516,1.4836999654016387,False
USDJPY,買い,1,2021-11-22 09:00:00,2021-11-22 13:00:00,114.83179265018452,2021-11-23 01:00:00,114.83,建値,breakeven,4,0.2756374373362565,114.28051777551201,114.83179265018452,-0.0017926501845266785,-0.0032518263880457264,1.1181621509544304,0.33301953127851097,True
EURUSD,売り,-1,2021-11-22 09:00:00,2021-11-22 13:00:00,1.1248036775031447,2021-11-23 05:00:00,1.1259363224968553,時間切れ,time,4,0.002828572516134425,1.1304608225354136,1.1304608225354136,-0.0011326449937105743,-0.20021494715971894,0.7755422534270054,0.9567803128320798,False
GBPUSD,売り,-1,2021-11-22 09:00:00,2021-11-22 13:00:00,1.3393337570146253,2021-11-23 05:00:00,1.3379662429853747,時間切れ,time,4,0.0033442439074083197,1.3460222448294419,1.3460222448294419,0.001367514029250616,0.20445787853888847,0.5662735933913841,0.4952518510105096,False
AUDUSD,売り,-1,2021-11-22 13:00:00,2021-11-22 17:00:00,0.7225657478820956,2021-11-23 09:00:00,0.7217442521179044,時間切れ,time,4,0.002225045445983722,0.7270158387740631,0.7270158387740631,0.0008214957641912157,0.18460201917988728,0.6497610575573802,0.49178865981345715,False
USDCHF,買い,1,2021-11-22 21:00:00,2021-11-23 01:00:00,0.9331063429665702,2021-11-23 17:00:00,0.9327636570334298,時間切れ,time,4,0.002227433300714475,0.9286514763651413,0.9286514763651413,-0.00034268593314046303,-0.07692394942433126,0.6032310969755025,1.3317314442676196,False
EURUSD,売り,-1,2021-11-24 01:00:00,2021-11-24 05:00:00,1.1207736775031447,2021-11-24 21:00:00,1.1207563224968553,時間切れ,time,4,0.0026704864641975837,1.1261146504315398,1.1261146504315398,1.7355006289410113e-05,0.003249409147375115,0.8102184872128698,0.4667024205381212,False
GBPUSD,売り,-1,2021-11-24 09:00:00,2021-11-24 13:00:00,1.3322837570146253,2021-11-25 05:00:00,1.3335062429853746,時間切れ,time,4,0.0030980971908559215,1.3384799513963372,1.3384799513963372,-0.0012224859707492541,-0.19729625887099977,0.23038561112028946,1.0058570772318707,False
USDJPY,売り,-1,2021-11-26 09:00:00,2021-11-26 13:00:00,113.06820734981547,2021-11-28 17:00:00,113.7284594866306,初期損切り,initial,2,0.3292297433153023,113.72666683644607,113.72666683644607,-0.6602521368151315,-1.0027224912404256,0.012779373373456672,2.000000000000001,False
USDCHF,売り,-1,2021-11-26 09:00:00,2021-11-26 13:00:00,0.9225036570334297,2021-11-29 05:00:00,0.9249063429665703,時間切れ,time,4,0.002412853387467021,0.9273293638083637,0.9273293638083637,-0.002402685933140525,-0.49789306420785684,0.3496511797243347,1.987830255863747,False
AUDUSD,売り,-1,2021-11-29 21:00:00,2021-11-30 01:00:00,0.7102757478820956,2021-11-30 05:00:00,0.7152437623160407,初期損切り,initial,2,0.002461881158020399,0.7151995101981363,0.7151995101981363,-0.004968014433945123,-1.0089874602110989,0.420714005109995,1.9999999999999796,False
EURUSD,買い,1,2021-11-30 01:00:00,2021-11-30 05:00:00,1.1363763224968553,2021-11-30 09:00:00,1.130964887599446,初期損切り,initial,2,0.0026925562002769357,1.1309912100963013,1.1309912100963013,-0.005411434897409251,-1.0048880125236888,0.33562066524436884,2.000000000000029,False
USDCHF,売り,-1,2021-11-29 21:00:00,2021-11-30 01:00:00,0.9210536570334298,2021-11-30 09:00:00,0.92115,建値,breakeven,3,0.0023654461989716844,0.9257845494313731,0.9210536570334298,-9.634296657023977e-05,-0.020364649724885383,1.7897921479974,0.4085246018236468,True
USDJPY,売り,-1,2021-11-30 01:00:00,2021-11-30 05:00:00,112.84820734981547,2021-11-30 09:00:00,113.64010044861433,初期損切り,initial,2,0.39505022430717174,113.6383077984298,113.6383077984298,-0.7918930987988659,-1.002268888959203,0.38275474993248826,1.9999999999999893,False
GBPUSD,売り,-1,2021-11-30 09:00:00,2021-11-30 13:00:00,1.3264037570146254,2021-12-01 05:00:00,1.3312462429853746,時間切れ,time,4,0.003857315074756304,1.334118387164138,1.334118387164138,-0.004842485970749211,-0.6277016366176864,0.2809614961758975,1.767095208266148,False
AUDUSD,買い,1,2021-11-30 21:00:00,2021-12-01 01:00:00,0.7168042521179043,2021-12-01 13:00:00,0.7107843401613634,初期損切り,initial,4,0.002987829919318284,0.7108285922792678,0.7108285922792678,-0.0060199119565409465,-1.0074053943998384,0.1692693010487922,2.0000000000000013,False
GBPUSD,売り,-1,2021-12-03 09:00:00,2021-12-03 13:00:00,1.3236237570146254,2021-12-06 05:00:00,1.3259762429853745,時間切れ,time,4,0.003775573187007876,1.331174903388641,1.331174903388641,-0.0023524859707491075,-0.311540242266293,0.3956371498149111,0.8015320682402044,False
AUDUSD,売り,-1,2021-12-03 01:00:00,2021-12-03 05:00:00,0.7052557478820957,2021-12-06 09:00:00,0.7051256290342159,トレイル,trail,8,0.0028508936649348526,0.7109575352119654,0.7050813769163116,0.00013011884787972328,0.022820712234929447,2.0960963769345655,1.3344068790413108,True
USDJPY,買い,1,2021-12-06 21:00:00,2021-12-07 01:00:00,113.72879265018453,2021-12-07 17:00:00,113.58720734981547,時間切れ,time,4,0.3365832767584084,113.05562609666771,113.05562609666771,-0.1415853003690586,-0.21032729512388285,0.149167689788413,0.8015628488226354,False
EURUSD,売り,-1,2021-12-07 05:00:00,2021-12-07 09:00:00,1.1239836775031447,2021-12-08 01:00:00,1.1294063224968554,時間切れ,time,4,0.0029126305021957475,1.129808938507536,1.129808938507536,-0.005422644993710701,-0.9308844684594779,0.15576212046214563,1.9248313483735746,False
USDCHF,買い,1,2021-12-06 01:00:00,2021-12-06 05:00:00,0.9226663429665702,2021-12-08 05:00:00,0.9227444637507994,トレイル,trail,13,0.00248016734426939,0.9177060082780315,0.9228408067173697,7.812078422919644e-05,0.01574909540069953,1.961019704846757,0.6678351645897397,True
USDJPY,買い,1,2021-12-08 05:00:00,2021-12-08 09:00:00,113.87579265018452,2021-12-09 01:00:00,113.63320734981548,時間切れ,time,4,0.3230221987647963,113.22974825265493,113.22974825265493,-0.24258530036904347,-0.3754932343607726,0.24520714092826176,0.8940334481309087,False
AUDUSD,買い,1,2021-12-08 09:00:00,2021-12-08 13:00:00,0.7178242521179043,2021-12-09 05:00:00,0.7161157478820956,時間切れ,time,4,0.0027505698678179386,0.7123231123822684,0.7123231123822684,-0.0017085042358087055,-0.31057277544527223,0.3256590180006169,0.8086513794571821,False
GBPUSD,売り,-1,2021-12-08 13:00:00,2021-12-08 17:00:00,1.3200737570146255,2021-12-09 09:00:00,1.3206862429853745,時間切れ,time,4,0.0037065755998749055,1.3274869082143752,1.3274869082143752,-0.0006124859707490327,-0.08262154032008731,0.7915006548698256,0.4117663175212549,False
AUDUSD,売り,-1,2021-12-13 09:00:00,2021-12-13 13:00:00,0.7121757478820956,2021-12-14 01:00:00,0.71222,建値,breakeven,4,0.0023617321591875326,0.7168992122004707,0.7121757478820956,-4.425211790437533e-05,-0.0093685724971452,1.3531373020702373,0.7216110900952696,True
USDCHF,売り,-1,2021-12-14 05:00:00,2021-12-14 09:00:00,0.9194436570334298,2021-12-14 09:00:00,0.9238863871494177,初期損切り,initial,1,0.0021731935747088633,0.9237900441828475,0.9237900441828475,-0.004442730115987947,-1.0221662183459952,-0.0,1.9999999999999911,False
EURUSD,売り,-1,2021-12-14 13:00:00,2021-12-14 17:00:00,1.1259036775031448,2021-12-15 09:00:00,1.1273863224968552,時間切れ,time,4,0.002562985659010681,1.1310296488211662,1.1310296488211662,-0.0014826449937104247,-0.2892417654577766,0.2004215284385109,0.7086744674007913,False
USDCHF,買い,1,2021-12-15 09:00:00,2021-12-15 13:00:00,0.9267363429665703,2021-12-15 17:00:00,0.9252736570334298,建値,breakeven,2,0.0020944589161629996,0.9225474251342443,0.9267363429665703,-0.001462685933140473,-0.34917990557200324,1.2956363156557382,1.3112422236486347,True
EURUSD,買い,1,2021-12-16 05:00:00,2021-12-16 09:00:00,1.1359463224968553,2021-12-16 09:00:00,1.1303246282838801,初期損切り,initial,1,0.002797685858059958,1.1303509507807354,1.1303509507807354,-0.0056216942129752034,-1.0047043339014374,0.0,1.9999999999999947,False
USDJPY,買い,1,2021-12-15 05:00:00,2021-12-15 09:00:00,113.84479265018453,2021-12-16 09:00:00,113.843,建値,breakeven,7,0.21866324658809475,113.40746615700834,113.84479265018453,-0.0017926501845266785,-0.004099111790614656,1.9308564946481181,0.43350975375891654,True
AUDUSD,買い,1,2021-12-16 01:00:00,2021-12-16 05:00:00,0.7201842521179044,2021-12-16 21:00:00,0.7177557478820956,時間切れ,time,4,0.0027519114465567795,0.7146804292247908,0.7146804292247908,-0.0024285042358087594,-0.4412395316803034,0.7978991783485574,1.2443176985905142,False
GBPUSD,買い,1,2021-12-16 01:00:00,2021-12-16 05:00:00,1.3292862429853747,2021-12-17 05:00:00,1.3303129742005153,トレイル,trail,7,0.0033767651680604964,1.3225327126492537,1.33037921718589,0.0010267312151406305,0.15202881515896935,2.4324335883098875,1.0057681882940517,True
USDCHF,売り,-1,2021-12-16 21:00:00,2021-12-17 01:00:00,0.9180036570334298,2021-12-17 09:00:00,0.9227492746191758,初期損切り,initial,3,0.0023246373095878875,0.9226529316526055,0.9226529316526055,-0.004745617585745987,-1.0207221501119441,0.22526397183337785,1.999999999999988,False
USDJPY,買い,1,2021-12-22 01:00:00,2021-12-22 05:00:00,114.29779265018453,2021-12-22 21:00:00,114.11920734981547,時間切れ,time,4,0.22038777838816945,113.85701709340819,113.85701709340819,-0.17858530036906473,-0.4051615331738634,0.32763772267032176,1.024524371704684,False
EURUSD,買い,1,2021-12-22 05:00:00,2021-12-22 09:00:00,1.1312063224968554,2021-12-23 01:00:00,1.1337236775031447,時間切れ,time,4,0.002633894594882539,1.1259385333070904,1.1312063224968554,0.002517355006289357,0.47787694526204466,1.1517839434572468,0.2567765992494103,True
USDCHF,売り,-1,2021-12-22 17:00:00,2021-12-22 21:00:00,0.9189736570334298,2021-12-23 13:00:00,0.9177663429665702,時間切れ,time,4,0.0021579028945861805,0.9232894628226022,0.9232894628226022,0.0012073140668595883,0.2797424457533605,0.608765592152237,1.3746415438860706,False
GBPUSD,買い,1,2021-12-23 01:00:00,2021-12-23 05:00:00,1.3404362429853747,2021-12-23 17:00:00,1.34037,建値,breakeven,4,0.003215909536685826,1.334004423912003,1.3404362429853747,-6.624298537460938e-05,-0.010299261316112217,1.0490833078912174,0.3160048421081866,True
AUDUSD,買い,1,2021-12-23 01:00:00,2021-12-23 05:00:00,0.7241842521179044,2021-12-23 21:00:00,0.7234157478820956,時間切れ,time,4,0.0024004915854072334,0.7193832689470899,0.7193832689470899,-0.0007685042358087646,-0.16007226196512392,0.39814673290491326,0.8765921658281292,False
GBPUSD,買い,1,2021-12-27 09:00:00,2021-12-27 13:00:00,1.3440462429853746,2021-12-28 05:00:00,1.3446337570146254,時間切れ,time,4,0.0029413382813865446,1.3381635664226015,1.3381635664226015,0.0005875140292508352,0.09987189045353217,0.2290647828197935,0.4168996790116264,False
AUDUSD,買い,1,2021-12-28 05:00:00,2021-12-28 09:00:00,0.7255442521179044,2021-12-28 17:00:00,0.7215752914762665,初期損切り,initial,3,0.0019623542618667595,0.7216195435941709,0.7216195435941709,-0.003968960641637875,-1.011275262261326,0.008024994467916775,1.9999999999999902,False
USDCHF,売り,-1,2021-12-28 01:00:00,2021-12-28 05:00:00,0.9163136570334297,2021-12-28 21:00:00,0.9176763429665702,時間切れ,time,4,0.0018611840061751883,0.9200360250457801,0.9200360250457801,-0.001362685933140484,-0.3660803898537848,0.1846443082949041,1.4755891719777519,False
EURUSD,売り,-1,2021-12-28 17:00:00,2021-12-28 21:00:00,1.1300236775031447,2021-12-29 05:00:00,1.13005,建値,breakeven,3,0.002080874569568169,1.134185426642281,1.1300236775031447,-2.632249685530219e-05,-0.006324863891427328,1.2656589405537093,0.4403545077902116,True
USDJPY,買い,1,2021-12-27 01:00:00,2021-12-27 05:00:00,114.67179265018453,2021-12-29 09:00:00,114.71502306598933,トレイル,trail,14,0.17064915412136103,114.3304943419418,114.71681571617385,0.043230415804799804,0.126664606183912,2.1401064171449233,0.35038351342785273,True
EURUSD,買い,1,2021-12-29 09:00:00,2021-12-29 13:00:00,1.1337863224968554,2021-12-30 05:00:00,1.1301536775031447,時間切れ,time,4,0.0023776082173793374,1.1290311060620968,1.1290311060620968,-0.003632644993710743,-0.7639284233536887,0.9268463521604091,1.6009039963071998,False
GBPUSD,買い,1,2021-12-29 09:00:00,2021-12-29 13:00:00,1.3483162429853746,2021-12-30 05:00:00,1.3459037570146255,時間切れ,time,4,0.0028098605118817835,1.342696521961611,1.342696521961611,-0.0024124859707490565,-0.42928927620207696,0.7700585155297484,1.0129481422081217,False
USDCHF,売り,-1,2021-12-29 09:00:00,2021-12-29 13:00:00,0.9149836570334298,2021-12-30 05:00:00,0.9179963429665703,時間切れ,time,4,0.001990211172917866,0.9189640793792655,0.9189640793792655,-0.0030126859331405242,-0.7568759471698671,0.5294197157405004,1.5909582910883038,False
AUDUSD,買い,1,2021-12-29 17:00:00,2021-12-29 21:00:00,0.7267242521179044,2021-12-30 13:00:00,0.7251757478820956,時間切れ,time,4,0.0020752343828326285,0.7225737833522391,0.7225737833522391,-0.0015485042358087675,-0.3730914080401629,0.3930871080605974,1.1392699241409232,False
USDCHF,売り,-1,2021-12-31 01:00:00,2021-12-31 05:00:00,0.9125136570334298,2022-01-02 17:00:00,0.91261,建値,breakeven,4,0.0020022508306133556,0.9165181586946565,0.9125136570334298,-9.634296657023977e-05,-0.024058665651976965,1.1405449299927368,0.8971618036586777,True
AUDUSD,買い,1,2021-12-31 09:00:00,2021-12-31 13:00:00,0.7277842521179044,2022-01-03 05:00:00,0.7255157478820956,時間切れ,time,4,0.0020545688057148166,0.7236751145064748,0.7236751145064748,-0.0022685042358088214,-0.552063340370724,0.0,1.8710748976678468,False
EURUSD,買い,1,2021-12-31 09:00:00,2021-12-31 13:00:00,1.1386563224968553,2022-01-03 05:00:00,1.1351536775031448,時間切れ,time,4,0.002643933345058702,1.1333684558067378,1.1333684558067378,-0.0035026449937105575,-0.6623928323035674,0.0,1.9502467815582916,False
GBPUSD,買い,1,2021-12-31 09:00:00,2021-12-31 13:00:00,1.3536062429853746,2022-01-03 05:00:00,1.3516337570146253,時間切れ,time,4,0.002981433197203019,1.3476433765909686,1.3476433765909686,-0.0019724859707492826,-0.3307949298679133,0.25952518921142675,1.3537928634997327,False
USDJPY,買い,1,2022-01-02 17:00:00,2022-01-02 21:00:00,115.21679265018453,2022-01-03 13:00:00,115.31920734981547,時間切れ,time,4,0.14683183395091653,114.92312898228269,114.92312898228269,0.10241469963094119,0.3487482818786311,1.0297995042819599,1.816994605364063,False
AUDUSD,売り,-1,2022-01-03 09:00:00,2022-01-03 13:00:00,0.7195757478820957,2022-01-04 05:00:00,0.7212442521179043,時間切れ,time,4,0.0022113471748433076,0.7239984422317822,0.7239984422317822,-0.0016685042358086655,-0.37725967563797236,0.5181221181051477,0.9696587411953097,False
EURUSD,売り,-1,2022-01-03 09:00:00,2022-01-03 13:00:00,1.1283636775031447,2022-01-04 05:00:00,1.1302263224968554,時間切れ,time,4,0.0027848404477119324,1.1339333583985685,1.1339333583985685,-0.0018626449937106937,-0.33442580081043266,0.012093153549359262,0.9251239147191002,False
GBPUSD,買い,1,2022-01-05 09:00:00,2022-01-05 13:00:00,1.3589662429853746,2022-01-05 21:00:00,1.3528983172458042,初期損切り,initial,3,0.0030008413770979273,1.3529645602311788,1.3529645602311788,-0.006067925739570379,-1.0110374020233264,0.2911706767621053,1.9999999999999716,False
AUDUSD,売り,-1,2022-01-05 21:00:00,2022-01-06 01:00:00,0.7173657478820956,2022-01-06 05:00:00,0.71741,建値,breakeven,2,0.0023651452705727312,0.7220960384232411,0.7173657478820956,-4.425211790437533e-05,-0.009355052828036113,1.1693775923649141,0.018710105656072226,True
USDCHF,買い,1,2022-01-06 09:00:00,2022-01-06 13:00:00,0.9205663429665703,2022-01-07 05:00:00,0.9211336570334298,時間切れ,time,4,0.0022320127273693434,0.9161023175118316,0.9161023175118316,0.0005673140668595034,0.12708575983976161,0.8260065056182011,0.17309173994970772,False
AUDUSD,売り,-1,2022-01-07 05:00:00,2022-01-07 09:00:00,0.7139157478820957,2022-01-07 13:00:00,0.7187136946740692,初期損切り,initial,2,0.002376847337034562,0.7186694425561648,0.7186694425561648,-0.00479794679197354,-1.0093089945691731,0.03186905650833233,2.0000000000000173,False
EURUSD,買い,1,2022-01-07 09:00:00,2022-01-07 13:00:00,1.1357063224968553,2022-01-10 05:00:00,1.1326536775031446,時間切れ,time,4,0.0025416670298408924,1.1306229884371735,1.1306229884371735,-0.003052644993710718,-0.6005202408243484,0.308332088327767,1.4228152052952683,False
USDJPY,売り,-1,2022-01-07 09:00:00,2022-01-07 13:00:00,115.62320734981547,2022-01-10 05:00:00,115.66979265018453,時間切れ,time,4,0.21682394733612326,116.05685524448772,116.05685524448772,-0.04658530036905972,-0.10742655721704622,0.5313405241021734,1.0505880599590722,False
USDCHF,買い,1,2022-01-10 05:00:00,2022-01-10 09:00:00,0.9254063429665702,2022-01-11 01:00:00,0.9261836570334298,時間切れ,time,4,0.002205758808385,0.9209948253498002,0.9254063429665702,0.0007773140668595468,0.17620105695705604,0.9990471419870702,0.31569315916277274,True
GBPUSD,買い,1,2022-01-11 01:00:00,2022-01-11 05:00:00,1.3610262429853746,2022-01-11 21:00:00,1.3633037570146254,時間切れ,time,4,0.0029312514535895715,1.3551637400781955,1.3610262429853746,0.0022775140292508045,0.3884883411250494,1.110023164556856,1.6533016911394522,True
USDCHF,売り,-1,2022-01-12 09:00:00,2022-01-12 13:00:00,0.9132236570334298,2022-01-13 05:00:00,0.9126563429665703,時間切れ,time,4,0.002390914395061063,0.9180054858235519,0.9180054858235519,0.0005673140668595034,0.11863956067005368,0.6456345892678064,0.6760354824535342,False
USDJPY,売り,-1,2022-01-12 09:00:00,2022-01-12 13:00:00,114.52220734981547,2022-01-13 05:00:00,114.53879265018453,時間切れ,time,4,0.2557992950295967,115.03380593987467,115.03380593987467,-0.016585300369058587,-0.03241858107376649,0.6184823527256589,0.7106847192971559,False
AUDUSD,買い,1,2022-01-11 13:00:00,2022-01-11 17:00:00,0.7212242521179044,2022-01-13 17:00:00,0.7265157775284982,トレイル,trail,13,0.0024447079078192047,0.716334836302266,0.7265600296464025,0.005291525410593745,1.0822408259222338,4.166447799149043,0.49259550151276565,True
EURUSD,買い,1,2022-01-11 13:00:00,2022-01-11 17:00:00,1.1369663224968554,2022-01-14 05:00:00,1.1433265924965736,トレイル,trail,16,0.002537514305014165,1.131891293886827,1.143352914993429,0.006360269999718282,1.253248107242252,4.462507849027262,0.5817986893465069,True
AUDUSD,売り,-1,2022-01-17 21:00:00,2022-01-18 01:00:00,0.7191157478820956,2022-01-18 17:00:00,0.7185242521179044,時間切れ,time,4,0.002513931677669284,0.7241436112374342,0.7241436112374342,0.0005914957641912633,0.11764356395310845,0.8416091419227539,0.5426766884807261,False
USDCHF,買い,1,2022-01-18 09:00:00,2022-01-18 13:00:00,0.9174863429665703,2022-01-19 05:00:00,0.9157036570334297,時間切れ,time,4,0.002169560304243854,0.9131472223580825,0.9131472223580825,-0.0017826859331405709,-0.41084037388900363,0.21371013865012672,1.1367939216743348,False
EURUSD,売り,-1,2022-01-20 13:00:00,2022-01-20 17:00:00,1.1312136775031447,2022-01-21 09:00:00,1.1350263224968553,時間切れ,time,4,0.00241174613744073,1.1360371697780263,1.1360371697780263,-0.00381264499371059,-0.790432486761739,0.4617722760515817,1.6487317778291333,False
GBPUSD,売り,-1,2022-01-21 01:00:00,2022-01-21 05:00:00,1.3567837570146253,2022-01-23 21:00:00,1.3561062429853745,時間切れ,time,4,0.0028116233575066034,1.3624070037296385,1.3624070037296385,0.0006775140292507587,0.12048449296060584,0.7802456928550989,0.3187635296107092,False
USDCHF,売り,-1,2022-01-21 01:00:00,2022-01-21 05:00:00,0.9123136570334298,2022-01-23 21:00:00,0.9132563429665702,時間切れ,time,4,0.00202337385725545,0.9163604047479407,0.9163604047479407,-0.000942685933140397,-0.23294902465999967,0.7431434522285468,0.5319545682132103,False
AUDUSD,売り,-1,2022-01-23 21:00:00,2022-01-24 01:00:00,0.7164357478820956,2022-01-24 13:00:00,0.7144295384280456,トレイル,trail,4,0.002575717340802557,0.7215871825637007,0.7143852863101412,0.0020062094540500564,0.3894467421306699,2.871335206289063,0.24236049042162838,True
EURUSD,売り,-1,2022-01-24 05:00:00,2022-01-24 09:00:00,1.1295436775031447,2022-01-25 01:00:00,1.1310363224968554,時間切れ,time,4,0.0023134988898490293,1.1341706752828427,1.1341706752828427,-0.0014926449937107122,-0.32259470714682664,0.20474507475365733,1.7230708492431561,False
USDCHF,買い,1,2022-01-25 01:00:00,2022-01-25 05:00:00,0.9192963429665703,2022-01-25 21:00:00,0.9178836570334298,時間切れ,time,4,0.0021163562119056855,0.9150636305427589,0.9150636305427589,-0.0014126859331404784,-0.3337542907931404,0.5073139518715443,1.047244766312062,False
USDJPY,買い,1,2022-01-27 05:00:00,2022-01-27 09:00:00,115.38079265018453,2022-01-28 01:00:00,115.43020734981548,時間切れ,time,4,0.27682813517434257,114.82713637983585,114.82713637983585,0.049414699630943915,0.08925158492257879,0.4956409135547505,0.7903555397168457,False
GBPUSD,売り,-1,2022-01-26 21:00:00,2022-01-27 01:00:00,1.3431837570146254,2022-01-28 05:00:00,1.341953605357473,トレイル,trail,8,0.0029344625066569908,1.3490526820279394,1.3418873623720984,0.0012301516571524562,0.2096042553554167,2.512813504312196,0.05324415800852353,True
EURUSD,売り,-1,2022-01-26 13:00:00,2022-01-26 17:00:00,1.1241236775031447,2022-01-28 09:00:00,1.1169608813080625,トレイル,trail,11,0.0023712309259039744,1.1288661393549526,1.1169345588112072,0.0071627961950821994,1.5103539931167937,5.057996406896692,0.09544515229742974,True
AUDUSD,売り,-1,2022-01-26 17:00:00,2022-01-26 21:00:00,0.7081157478820956,2022-01-31 01:00:00,0.7024873934802015,トレイル,trail,14,0.0028703454671068075,0.7138564388163092,0.7024431413622971,0.005628354401894131,0.9804315310462064,3.963198162889398,0.6494870179454427,True
USDCHF,売り,-1,2022-01-31 13:00:00,2022-01-31 17:00:00,0.9273036570334298,2022-02-03 01:00:00,0.9221783814695289,トレイル,trail,15,0.0023630190313501534,0.9320296950961301,0.9220820385029587,0.005125275563900855,1.0844761501925857,4.004900894946472,0.1804229931769502,True
USDJPY,売り,-1,2022-01-31 13:00:00,2022-01-31 17:00:00,115.12220734981547,2022-02-03 01:00:00,114.64312331217327,トレイル,trail,15,0.2663992671477074,115.65500588411088,114.64133066198875,0.4790840376421954,0.8991842259396365,3.6043918592428676,0.26573890740201506,True
GBPUSD,買い,1,2022-02-01 17:00:00,2022-02-01 21:00:00,1.3526762429853747,2022-02-04 05:00:00,1.3564850647739193,トレイル,trail,15,0.0031795053799578248,1.346317232225459,1.356551307759294,0.0038088217885445808,0.5989645138759135,3.187211784104545,0.3164778369986969,True
EURUSD,買い,1,2022-02-03 05:00:00,2022-02-03 09:00:00,1.1366863224968553,2022-02-04 09:00:00,1.1421072865349797,トレイル,trail,7,0.002763587101945759,1.1311591482929637,1.142133609031835,0.005420964038124421,0.9807840024849735,4.22772182389998,0.1795935783988233,True
USDCHF,買い,1,2022-02-04 05:00:00,2022-02-04 09:00:00,0.9246763429665702,2022-02-07 01:00:00,0.9252936570334298,時間切れ,time,4,0.0023776808759583736,0.9199209812146535,0.9199209812146535,0.0006173140668596089,0.12981432308715266,0.6408164564202438,0.5662420807533903,False
USDJPY,買い,1,2022-02-07 21:00:00,2022-02-08 01:00:00,115.46379265018453,2022-02-08 17:00:00,115.54520734981547,時間切れ,time,4,0.23380561202973996,114.99618142612505,114.99618142612505,0.08141469963094039,0.1741076677419199,0.6980471871423919,0.9828363322404161,False
EURUSD,売り,-1,2022-02-08 01:00:00,2022-02-08 05:00:00,1.1405636775031447,2022-02-08 21:00:00,1.1423363224968552,時間切れ,time,4,0.0029738621903745805,1.1465114018838938,1.1465114018838938,-0.0017726449937105482,-0.2980375148935987,0.172730769034049,0.9402999593948983,False
AUDUSD,買い,1,2022-02-09 05:00:00,2022-02-09 09:00:00,0.7179442521179044,2022-02-10 01:00:00,0.7172157478820956,時間切れ,time,4,0.0024219103265408124,0.7131004314648227,0.7131004314648227,-0.0007285042358087246,-0.15039868070781115,0.6341060051918364,0.7862603734896206,False
USDCHF,買い,1,2022-02-10 05:00:00,2022-02-10 09:00:00,0.9276463429665702,2022-02-10 09:00:00,0.923511778928209,初期損切り,initial,1,0.0020191105358954796,0.9236081218947793,0.9236081218947793,-0.00413456403836121,-1.02385777421728,0.0,2.0000000000000058,False
USDJPY,買い,1,2022-02-10 01:00:00,2022-02-10 05:00:00,115.79279265018452,2022-02-10 09:00:00,115.791,建値,breakeven,2,0.21780259056737897,115.35718746904976,115.79279265018452,-0.0017926501845266785,-0.004115309601820617,1.8374774550336077,0.21483973199140027,True
GBPUSD,買い,1,2022-02-10 09:00:00,2022-02-10 13:00:00,1.3613062429853746,2022-02-10 13:00:00,1.3542053875926823,初期損切り,initial,1,0.00351730620365888,1.3542716305780569,1.3542716305780569,-0.00710085539269234,-1.0094167214252872,0.0,1.9999999999999916,False
EURUSD,買い,1,2022-02-10 09:00:00,2022-02-10 13:00:00,1.1465163224968553,2022-02-10 17:00:00,1.1401126098705505,初期損切り,initial,2,0.003188695064724762,1.1401389323674058,1.1401389323674058,-0.006403712626304792,-1.0041274716335316,0.3147612056882016,1.9999999999999891,False
AUDUSD,売り,-1,2022-02-14 01:00:00,2022-02-14 05:00:00,0.7095557478820956,2022-02-14 21:00:00,0.7129142521179044,時間切れ,time,4,0.0032510309586007632,0.7160578097992971,0.7160578097992971,-0.003358504235808746,-0.51652910700891,0.13403375349067903,1.4531550692884514,False
GBPUSD,売り,-1,2022-02-14 01:00:00,2022-02-14 05:00:00,1.3512137570146254,2022-02-14 21:00:00,1.3538262429853747,時間切れ,time,4,0.003901290820565299,1.359016338655756,1.359016338655756,-0.0026124859707492565,-0.3348232791282535,0.26241494462006887,0.911555469443137,False
EURUSD,売り,-1,2022-02-10 21:00:00,2022-02-11 01:00:00,1.1386336775031447,2022-02-15 01:00:00,1.1346385331118158,トレイル,trail,13,0.0034292349311183926,1.1454921473653814,1.1346122106149605,0.003995144391328864,0.5825124949992722,3.089224773436507,0.926248145914978,True
USDCHF,売り,-1,2022-02-14 17:00:00,2022-02-14 21:00:00,0.9236336570334298,2022-02-15 13:00:00,0.9263263429665702,時間切れ,time,4,0.0022987380980379933,0.9282311332295058,0.9282311332295058,-0.0026926859331404263,-0.5856878466143388,0.41486110759804556,1.6471397806483088,False
GBPUSD,買い,1,2022-02-16 09:00:00,2022-02-16 13:00:00,1.3581462429853746,2022-02-17 05:00:00,1.3603937570146254,時間切れ,time,4,0.00349289015696272,1.351160462671449,1.351160462671449,0.00224751402925083,0.32172698370869757,0.7683485291616243,0.7347047488049439,False
USDCHF,売り,-1,2022-02-16 09:00:00,2022-02-16 13:00:00,0.9217936570334297,2022-02-17 05:00:00,0.9215063429665702,時間切れ,time,4,0.0022277417239653504,0.9262491404813604,0.9262491404813604,0.0002873140668595564,0.06448549752619913,0.5088817169576638,0.6537306146863365,False
USDJPY,売り,-1,2022-02-17 05:00:00,2022-02-17 09:00:00,114.88520734981547,2022-02-18 01:00:00,115.21279265018453,時間切れ,time,4,0.2737033416848124,115.4326140331851,115.4326140331851,-0.3275853003690514,-0.5984313131738955,0.34419510275458376,1.442410778598229,False
EURUSD,売り,-1,2022-02-18 09:00:00,2022-02-18 13:00:00,1.1321936775031447,2022-02-21 01:00:00,1.1379367726399423,初期損切り,initial,4,0.002858386319971174,1.137910450143087,1.137910450143087,-0.005743095136797605,-1.0046044330452018,0.3021556243501281,1.999999999999984,False
USDCHF,売り,-1,2022-02-21 01:00:00,2022-02-21 05:00:00,0.9177636570334298,2022-02-21 21:00:00,0.9167163429665702,時間切れ,time,4,0.0020266009820432843,0.9218168589975163,0.9177636570334298,0.0010473140668595393,0.2583917791758898,1.3439532782046353,0.08701415233324031,True
USDJPY,売り,-1,2022-02-21 13:00:00,2022-02-21 17:00:00,114.74420734981547,2022-02-22 01:00:00,114.746,建値,breakeven,3,0.23331621527294719,115.21083978036137,114.74420734981547,-0.0017926501845266785,-0.003841675089812188,1.0381076580216446,0.22198478628649074,True
GBPUSD,売り,-1,2022-02-22 05:00:00,2022-02-22 09:00:00,1.3550737570146254,2022-02-23 01:00:00,1.3592462429853747,時間切れ,time,4,0.003044583952438759,1.361162924919503,1.361162924919503,-0.004172485970749262,-0.685230894586933,0.39537652218828356,1.7691228323857309,False
AUDUSD,買い,1,2022-02-22 17:00:00,2022-02-22 21:00:00,0.7234842521179043,2022-02-23 09:00:00,0.72344,建値,breakeven,4,0.002726698352639786,0.7180308554126248,0.7234842521179043,-4.425211790437533e-05,-0.008114597249368222,1.8028205713832042,0.5223357825868261,True
AUDUSD,売り,-1,2022-02-24 05:00:00,2022-02-24 09:00:00,0.7151657478820956,2022-02-24 13:00:00,0.71521,建値,breakeven,2,0.0029451073677366317,0.7210559626175689,0.7151657478820956,-4.425211790437533e-05,-0.007512819123192763,1.9373649818684295,0.26289436045226783,True
EURUSD,売り,-1,2022-02-23 21:00:00,2022-02-24 01:00:00,1.1237536775031447,2022-02-24 13:00:00,1.1179044426722773,トレイル,trail,4,0.0031902596153502855,1.1301341967338452,1.117878120175422,0.005849234830867411,0.916733359680694,4.110536158263335,0.77307893219358,True
GBPUSD,売り,-1,2022-02-23 21:00:00,2022-02-24 01:00:00,1.3496937570146255,2022-02-24 13:00:00,1.3368262429853746,トレイル,trail,4,0.0031941255974596225,1.3560820082095446,1.3353539593682437,0.012867514029250904,2.0142467220895757,7.020311609681145,0.49661258988568224,True
USDCHF,買い,1,2022-02-24 05:00:00,2022-02-24 09:00:00,0.9233963429665702,2022-02-24 17:00:00,0.9242023013239998,トレイル,trail,3,0.0020711942988531694,0.9192539543688639,0.9242986442905701,0.0008059583574295814,0.1945636770716887,2.6620665364339327,0.7321104386053126,True
USDJPY,買い,1,2022-02-24 09:00:00,2022-02-24 13:00:00,115.34579265018452,2022-02-24 21:00:00,115.344,建値,breakeven,3,0.2844834811927005,114.77682568779912,115.34579265018452,-0.0017926501845266785,-0.003150710503490344,1.2239984843957135,0.09769512826545113,True
AUDUSD,買い,1,2022-02-28 09:00:00,2022-02-28 13:00:00,0.7252442521179043,2022-03-01 05:00:00,0.7273357478820957,時間切れ,time,4,0.0032594315136584675,0.7187253890905874,0.7252442521179043,0.00209149576419132,0.32083750731178473,1.1430667791248674,0.2651542498385705,True
USDCHF,売り,-1,2022-03-01 01:00:00,2022-03-01 05:00:00,0.9163636570334298,2022-03-01 21:00:00,0.9195863429665703,時間切れ,time,4,0.00253459531085218,0.9214328476551342,0.9214328476551342,-0.0032226859331404567,-0.635739741043103,0.2223854163291862,1.6714080344233813,False
EURUSD,売り,-1,2022-03-01 09:00:00,2022-03-01 13:00:00,1.1108836775031448,2022-03-02 05:00:00,1.1082763224968553,時間切れ,time,4,0.0043401144137784654,1.1195639063307017,1.1108836775031448,0.0026073550062895023,0.3003786026944347,1.150586603729018,0.6765541681420637,True
GBPUSD,売り,-1,2022-03-01 09:00:00,2022-03-01 13:00:00,1.3311937570146255,2022-03-02 05:00:00,1.3308962429853746,時間切れ,time,4,0.0042768118415451445,1.3397473806977158,1.3397473806977158,0.00029751402925093373,0.034782220994721925,0.9338163946868151,0.6374474927542161,False
USDCHF,買い,1,2022-03-02 09:00:00,2022-03-02 13:00:00,0.9223263429665702,2022-03-03 05:00:00,0.9197736570334297,時間切れ,time,4,0.0027148689722844184,0.9168966050220014,0.9168966050220014,-0.0025526859331405083,-0.47013059547263497,0.01608071471421847,1.2325983319019793,False
AUDUSD,買い,1,2022-03-02 13:00:00,2022-03-02 17:00:00,0.7297342521179043,2022-03-03 09:00:00,0.7319957478820956,時間切れ,time,4,0.0029310783658792394,0.7238720953861458,0.7238720953861458,0.0022614957641913236,0.38577879570151646,0.8753597010450368,0.7144988487116605,False
USDJPY,買い,1,2022-03-03 01:00:00,2022-03-03 05:00:00,115.78679265018452,2022-03-03 17:00:00,115.27385996199537,初期損切り,initial,4,0.255570019002311,115.2756526121799,115.2756526121799,-0.5129326881891529,-1.003507160565095,0.0,2.0000000000000164,False
EURUSD,売り,-1,2022-03-03 09:00:00,2022-03-03 13:00:00,1.1050936775031448,2022-03-04 05:00:00,1.1014463224968554,時間切れ,time,4,0.004176739994209208,1.1134471574915632,1.1050936775031448,0.003647355006289432,0.4366270118975882,1.0160262570876548,0.4372602794014441,True
GBPUSD,売り,-1,2022-03-04 05:00:00,2022-03-04 09:00:00,1.3230637570146253,2022-03-07 01:00:00,1.3214962429853747,時間切れ,time,4,0.0043719495687222125,1.3318076561520698,1.3230637570146253,0.001567514029250594,0.17926945457752966,1.030148436945869,0.42915476399767055,True
USDCHF,買い,1,2022-03-07 01:00:00,2022-03-07 05:00:00,0.9246463429665702,2022-03-07 21:00:00,0.9256236570334297,時間切れ,time,4,0.0028338678078795553,0.9189786073508112,0.9189786073508112,0.0009773140668595248,0.1724346605268792,0.9152357164360596,0.5844813798176444,False
USDJPY,買い,1,2022-03-08 17:00:00,2022-03-08 21:00:00,115.89179265018453,2022-03-09 13:00:00,115.79120734981548,時間切れ,time,4,0.244893400540118,115.40200584910428,115.40200584910428,-0.10058530036904756,-0.2053654776878519,0.2050171613638112,1.3589286173108297,False
GBPUSD,売り,-1,2022-03-10 17:00:00,2022-03-10 21:00:00,1.3079837570146253,2022-03-11 13:00:00,1.3043962429853746,時間切れ,time,4,0.0044342851260248195,1.316852327266675,1.316852327266675,0.003587514029250727,0.4045199989729581,0.8465303668892479,1.0184827671249295,False
AUDUSD,売り,-1,2022-03-14 09:00:00,2022-03-14 13:00:00,0.7215557478820956,2022-03-15 05:00:00,0.7216,建値,breakeven,5,0.0031699556564194855,0.7278956591949346,0.7215557478820956,-4.425211790437533e-05,-0.006979926961243173,1.5854316043563539,0.11490763827144218,True
USDCHF,買い,1,2022-03-11 01:00:00,2022-03-11 05:00:00,0.9319363429665702,2022-03-16 17:00:00,0.9402736570334298,トレイル,trail,22,0.0024888199054263717,0.9269587031557175,0.9407021605721092,0.008337314066859558,1.6749532677478431,5.662787011105709,0.9548071201893918,True
USDJPY,買い,1,2022-03-16 09:00:00,2022-03-16 13:00:00,118.58079265018452,2022-03-17 05:00:00,118.579,建値,breakeven,5,0.27310523857875063,118.03458217302702,118.58079265018452,-0.0017926501845266785,-0.003281976929215444,1.981680588156939,0.13471967940268567,True
EURUSD,買い,1,2022-03-16 13:00:00,2022-03-16 17:00:00,1.1036763224968553,2022-03-17 09:00:00,1.1045636775031447,時間切れ,time,4,0.004886292027773652,1.093903738441308,1.093903738441308,0.0008873550062893365,0.09080044758332254,0.6249478102797759,0.5927444533385545,False
AUDUSD,買い,1,2022-03-17 09:00:00,2022-03-17 13:00:00,0.7391842521179044,2022-03-18 05:00:00,0.7382357478820957,時間切れ,time,4,0.003492228368445176,0.7321997953810141,0.7321997953810141,-0.0009485042358087226,-0.13580214919206723,0.4913046058495598,0.5910988343592924,False
USDJPY,買い,1,2022-03-18 05:00:00,2022-03-18 09:00:00,119.18579265018452,2022-03-21 01:00:00,119.24520734981547,時間切れ,time,4,0.29234659192669005,118.60109946633115,118.60109946633115,0.05941469963094903,0.1016168843279146,0.7292965120966467,0.3413504824080523,False
EURUSD,売り,-1,2022-03-21 17:00:00,2022-03-21 21:00:00,1.0986436775031447,2022-03-22 13:00:00,1.1018163224968553,時間切れ,time,4,0.004203721285385992,1.1070511200739168,1.1070511200739168,-0.003172644993710616,-0.37736148263922054,0.6074802133106315,1.4145377614656074,False
AUDUSD,買い,1,2022-03-22 05:00:00,2022-03-22 09:00:00,0.7439242521179044,2022-03-23 01:00:00,0.7457757478820957,時間切れ,time,4,0.0030846857215334118,0.7377548806748375,0.7439242521179044,0.0018514957641913021,0.3001109239859474,1.230513648634781,0.3385278800413008,True
GBPUSD,買い,1,2022-03-22 05:00:00,2022-03-22 09:00:00,1.3234162429853746,2022-03-23 01:00:00,1.32335,建値,breakeven,5,0.004464631879875393,1.3144869792256237,1.3234162429853746,-6.624298537460938e-05,-0.007418639112577653,1.4477693096627078,0.014837278225155306,True
USDJPY,買い,1,2022-03-21 13:00:00,2022-03-21 17:00:00,119.46979265018453,2022-03-23 05:00:00,120.7802565035802,トレイル,trail,10,0.2522761430715404,118.96524036404145,120.78204915376473,1.3104638533956745,2.5972805780213104,7.706663524121397,0.12602321328304145,True
USDCHF,売り,-1,2022-03-23 13:00:00,2022-03-23 17:00:00,0.9305136570334298,2022-03-24 09:00:00,0.9306963429665702,時間切れ,time,4,0.002649605250017191,0.9358128675334642,0.9358128675334642,-0.00018268593314041404,-0.034474179340343004,0.25424807466147564,1.5384718031275697,False
USDJPY,買い,1,2022-03-24 01:00:00,2022-03-24 05:00:00,121.62679265018453,2022-03-24 21:00:00,121.74557864768504,トレイル,trail,5,0.33292090430886606,120.9609508415668,121.74737129786956,0.11878599750050967,0.17839972792802825,2.4366368687467017,0.2516893625483548,True
USDCHF,売り,-1,2022-03-24 17:00:00,2022-03-24 21:00:00,0.9276536570334297,2022-03-25 13:00:00,0.9304963429665702,時間切れ,time,4,0.002563642467911246,0.9327809419692522,0.9327809419692522,-0.0028426859331405208,-0.5544232412908631,0.6294391880411051,1.2975065783180282,False
USDJPY,買い,1,2022-03-27 21:00:00,2022-03-28 01:00:00,123.05379265018453,2022-03-28 05:00:00,124.11781007230718,トレイル,trail,2,0.4079985671096302,122.23779551596527,124.1196027224917,1.064017422122646,1.3039474987135702,5.020133684109514,0.05831552388305106,True
EURUSD,売り,-1,2022-03-27 21:00:00,2022-03-28 01:00:00,1.0954136775031447,2022-03-28 17:00:00,1.0982763224968553,時間切れ,time,4,0.0031090578995161627,1.101631793302177,1.101631793302177,-0.0028626449937105836,-0.4603717727733655,0.2970924096616048,1.459066586557062,False
USDCHF,買い,1,2022-03-28 01:00:00,2022-03-28 05:00:00,0.9362863429665702,2022-03-28 21:00:00,0.9349636570334298,時間切れ,time,4,0.002513538615725994,0.9312592657351182,0.9312592657351182,-0.001322685933140444,-0.2631123160123816,0.3595158744632036,1.2000384428941593,False
GBPUSD,売り,-1,2022-03-27 21:00:00,2022-03-28 01:00:00,1.3146637570146253,2022-03-29 05:00:00,1.3133584569698613,トレイル,trail,8,0.0038304362390648187,1.322324629492755,1.3132922139844867,0.001305300044764035,0.1703852986054034,2.3662466750361886,0.5577022699367993,True
EURUSD,買い,1,2022-03-29 05:00:00,2022-03-29 09:00:00,1.1113363224968553,2022-03-30 01:00:00,1.1110436775031447,時間切れ,time,4,0.0039020252250117856,1.1035322720468317,1.1035322720468317,-0.00029264499371062236,-0.037499116078848316,0.6083193639880906,1.0702961298367275,False
USDCHF,売り,-1,2022-03-30 01:00:00,2022-03-30 05:00:00,0.9252836570334297,2022-03-30 21:00:00,0.9226663429665702,時間切れ,time,4,0.002794827985208051,0.9308733130038458,0.9252836570334297,0.0026173140668594996,0.46824242506371333,1.1641707649451338,0.7286111980228738,True
GBPUSD,売り,-1,2022-04-01 09:00:00,2022-04-01 13:00:00,1.3103837570146253,2022-04-04 05:00:00,1.3115962429853747,時間切れ,time,4,0.0036098752499980915,1.3176035075146215,1.3176035075146215,-0.0012124859707494107,-0.16794014845112054,0.3168411469692557,0.9269691481378893,False
AUDUSD,買い,1,2022-04-04 09:00:00,2022-04-04 13:00:00,0.7540642521179044,2022-04-05 13:00:00,0.7590757478820956,トレイル,trail,7,0.002678124940857954,0.7487080022361885,0.7600308587677895,0.005011495764191243,0.9356351691691014,4.501562902525933,0.18081759760963134,True
EURUSD,売り,-1,2022-04-05 09:00:00,2022-04-05 13:00:00,1.0914036775031446,2022-04-06 05:00:00,1.0923763224968552,時間切れ,time,4,0.0031576832762904004,1.0977190440557254,1.0914036775031446,-0.0009726449937106363,-0.15401243706323917,1.2489148397990943,0.41052961409679667,True
GBPUSD,売り,-1,2022-04-05 09:00:00,2022-04-05 13:00:00,1.3084337570146254,2022-04-06 05:00:00,1.3097762429853745,時間切れ,time,4,0.00328862403612743,1.3150110050868802,1.3084337570146254,-0.001342485970749152,-0.2041105878934731,1.180967168019202,0.4397714574505123,True
USDJPY,買い,1,2022-04-05 09:00:00,2022-04-05 13:00:00,123.58779265018453,2022-04-06 05:00:00,123.78920734981547,時間切れ,time,4,0.5030802210342286,122.58163220811606,122.58163220811606,0.20141469963094494,0.20018149313928313,0.9247180277910793,0.1228286217603548,False
AUDUSD,売り,-1,2022-04-07 09:00:00,2022-04-07 13:00:00,0.7469557478820956,2022-04-08 05:00:00,0.7464242521179044,時間切れ,time,4,0.00299904953646126,0.7529538469550181,0.7529538469550181,0.0005314957641912033,0.08861070111205027,0.41871528523577406,0.7816650206686659,False
EURUSD,売り,-1,2022-04-07 17:00:00,2022-04-07 21:00:00,1.0862036775031447,2022-04-08 13:00:00,1.0872663224968553,時間切れ,time,4,0.003387937492600844,1.0929795524883463,1.0929795524883463,-0.0010626449937105598,-0.1568277153919376,0.7567074388898221,0.8844090256680059,False
USDCHF,買い,1,2022-04-05 09:00:00,2022-04-05 13:00:00,0.9297363429665703,2022-04-10 17:00:00,0.9325836570334297,トレイル,trail,20,0.0024815650959855765,0.9247732127745991,0.932974768447831,0.002847314066859452,0.5736932050393413,3.0801759122881203,0.3450818066209616,True
GBPUSD,売り,-1,2022-04-08 01:00:00,2022-04-08 05:00:00,1.3043237570146253,2022-04-11 05:00:00,1.30439,建値,breakeven,7,0.0031422279124640787,1.3106082128395535,1.3043237570146253,-6.624298537460938e-05,-0.01054076712765606,1.9361284999389161,0.29795514884869473,True
USDJPY,買い,1,2022-04-08 01:00:00,2022-04-08 05:00:00,124.10479265018452,2022-04-12 05:00:00,125.00190356987994,トレイル,trail,13,0.3948421297177954,123.31510839074893,125.00369622006447,0.8971109196954217,1.1360374845721397,4.224998358224308,0.15903229533636432,True
EURUSD,売り,-1,2022-04-12 13:00:00,2022-04-12 17:00:00,1.0826536775031448,2022-04-13 09:00:00,1.0818463224968553,時間切れ,time,4,0.003367404697491331,1.0893884868981274,1.0893884868981274,0.0008073550062894785,0.11987792956560088,0.44653899314951595,0.6373818087425553,False
USDJPY,買い,1,2022-04-13 01:00:00,2022-04-13 05:00:00,126.04779265018453,2022-04-13 17:00:00,125.22534026555785,初期損切り,initial,4,0.41032986722108156,125.22713291574237,125.22713291574237,-0.8224523846266862,-1.0021844012923842,0.40018376173186754,1.9999999999999913,False
GBPUSD,買い,1,2022-04-13 09:00:00,2022-04-13 13:00:00,1.3094362429853745,2022-04-14 09:00:00,1.30937,建値,breakeven,6,0.0036062965048876197,1.3022236499755993,1.3094362429853745,-6.624298537460938e-05,-0.009184350937981686,1.4706935515250332,0.15424216633896068,True
EURUSD,売り,-1,2022-04-14 21:00:00,2022-04-15 01:00:00,1.0805236775031446,2022-04-17 17:00:00,1.0806763224968554,時間切れ,time,4,0.0036113911409344683,1.0877464597850135,1.0877464597850135,-0.0001526449937108154,-0.021133821809082364,0.07024370754780476,0.5167876931692434,False
USDJPY,買い,1,2022-04-14 21:00:00,2022-04-15 01:00:00,126.38479265018452,2022-04-17 17:00:00,126.37220734981547,時間切れ,time,4,0.40835370501371815,125.56808524015709,125.56808524015709,-0.012585300369053698,-0.015409803088025012,0.7327161383424298,0.1758099640166313,False
GBPUSD,売り,-1,2022-04-17 21:00:00,2022-04-18 01:00:00,1.3021337570146254,2022-04-18 17:00:00,1.3025662429853746,時間切れ,time,4,0.00316848445857313,1.3084707259317716,1.3084707259317716,-0.0004324859707491857,-0.06824808144142641,0.5156272773265104,0.7562741798814622,False
AUDUSD,売り,-1,2022-04-15 09:00:00,2022-04-15 13:00:00,0.7393157478820956,2022-04-19 01:00:00,0.7390287590990673,トレイル,trail,10,0.0024793470392368067,0.7442744419605692,0.7389845069811629,0.0002869887830283524,0.05787587991649071,2.0391449047213173,0.4211802952062,True
USDCHF,買い,1,2022-04-14 05:00:00,2022-04-14 09:00:00,0.9375863429665703,2022-04-20 01:00:00,0.9483868126306023,トレイル,trail,23,0.0024848538827800352,0.9326166352010102,0.9484831555971726,0.01080046966403203,2.1732605162176677,6.456579658309797,0.0508452297520906,True
USDCHF,買い,1,2022-04-21 09:00:00,2022-04-21 13:00:00,0.9541463429665702,2022-04-22 05:00:00,0.9554836570334297,時間切れ,time,4,0.00288682331910979,0.9483726963283506,0.9483726963283506,0.0013373140668595518,0.23162381604842022,0.6143975011178521,0.6568960954475482,False
USDJPY,買い,1,2022-04-22 09:00:00,2022-04-22 13:00:00,128.8927926501845,2022-04-25 05:00:00,128.12220734981548,時間切れ,time,4,0.5202302770767933,127.85233209603092,127.85233209603092,-0.7705853003690208,-0.7406194278993028,0.0,1.9352826902765816,False
AUDUSD,売り,-1,2022-04-21 21:00:00,2022-04-22 01:00:00,0.7341457478820956,2022-04-25 21:00:00,0.7198211726927257,トレイル,trail,12,0.00280243912716564,0.739750626136427,0.7197769205748213,0.014324575189369915,2.5557335127306855,7.381337093668478,0.2762779431671206,True
EURUSD,売り,-1,2022-04-25 01:00:00,2022-04-25 05:00:00,1.0744736775031447,2022-04-25 21:00:00,1.0730763224968554,時間切れ,time,4,0.0036969523123920713,1.0818675821279289,1.0744736775031447,0.001397355006289347,0.1889874264276355,1.2966565695414798,0.36958077394596833,True
USDJPY,売り,-1,2022-04-25 09:00:00,2022-04-25 13:00:00,127.69620734981547,2022-04-26 05:00:00,127.87279265018452,時間切れ,time,4,0.5368607301554993,128.76992881012646,128.76992881012646,-0.17658530036905518,-0.16446099560858926,0.6653631561243164,0.9886971059157104,False
AUDUSD,売り,-1,2022-04-26 13:00:00,2022-04-26 17:00:00,0.7122057478820957,2022-04-27 09:00:00,0.7124442521179044,時間切れ,time,4,0.0034790726372491464,0.719163893156594,0.719163893156594,-0.00023850423580873414,-0.03427698422492784,0.07638468919860789,1.9758863452013902,False
GBPUSD,売り,-1,2022-04-22 01:00:00,2022-04-22 05:00:00,1.2886337570146253,2022-04-29 01:00:00,1.2506149326517002,トレイル,trail,30,0.003812356400650209,1.2962584698159259,1.2505486896663256,0.03801882436292514,4.986263135896858,12.460471168572637,0.7911755010261339,True
USDCHF,買い,1,2022-04-26 09:00:00,2022-04-26 13:00:00,0.9611163429665702,2022-04-29 01:00:00,0.9699786913928594,トレイル,trail,16,0.002822664086225981,0.9554710147941182,0.9700750343594297,0.00886234842628919,1.5698553132013873,5.237483661471077,0.10498697596228695,True
USDJPY,買い,1,2022-04-27 21:00:00,2022-04-28 01:00:00,129.84879265018452,2022-04-29 01:00:00,130.06391309313798,トレイル,trail,7,0.5821884119606594,128.6844158262632,130.0657057433225,0.215120442953463,0.1847515671335618,2.41022892415507,0.1147268630091243,True
AUDUSD,買い,1,2022-04-29 05:00:00,2022-04-29 09:00:00,0.7168842521179044,2022-04-29 09:00:00,0.7090972064479565,初期損切り,initial,1,0.0038713967760217577,0.7091414585658609,0.7091414585658609,-0.007787045669947923,-1.0057152651180694,0.0,2.0000000000000084,False
AUDUSD,売り,-1,2022-05-01 21:00:00,2022-05-02 01:00:00,0.7037357478820956,2022-05-02 17:00:00,0.7050942521179043,時間切れ,time,4,0.0040215454952995736,0.7117788388726948,0.7117788388726948,-0.001358504235808744,-0.16890325341297005,0.18792473763603146,0.9807801807823572,False
USDCHF,買い,1,2022-05-02 05:00:00,2022-05-02 09:00:00,0.9761363429665703,2022-05-03 01:00:00,0.9789936570334298,時間切れ,time,4,0.00322691232725634,0.9696825183120575,0.9696825183120575,0.0028573140668595176,0.44273190237072996,0.9153198890721286,0.2870679066009376,False
GBPUSD,買い,1,2022-05-04 13:00:00,2022-05-04 17:00:00,1.2630362429853745,2022-05-05 01:00:00,1.2522247936538036,初期損切り,initial,3,0.005372603173098158,1.2522910366391782,1.2522910366391782,-0.010811449331570966,-1.0061648872288151,0.13285124391828093,2.0000000000000075,False
AUDUSD,買い,1,2022-05-04 09:00:00,2022-05-04 13:00:00,0.7151442521179043,2022-05-05 05:00:00,0.7183302438062431,トレイル,trail,5,0.0037219064445852532,0.7077004392287338,0.7183744959241475,0.003185991688338774,0.4280053429303489,3.0859851135714313,0.7050827732981133,True
EURUSD,買い,1,2022-05-04 13:00:00,2022-05-04 17:00:00,1.0624063224968554,2022-05-05 09:00:00,1.0553136775031446,時間切れ,time,4,0.0042038921079590695,1.0539985382809374,1.0539985382809374,-0.007092644993710762,-0.8435807593970509,0.42429193170005386,1.8593061610827597,False
USDJPY,売り,-1,2022-05-04 13:00:00,2022-05-04 17:00:00,129.0892073498155,2022-05-05 09:00:00,129.90279265018452,時間切れ,time,4,0.5121723912974148,130.11355213241032,130.11355213241032,-0.8135853003690272,-0.7942494697030479,0.6544814900435595,1.7919604136794516,False
GBPUSD,売り,-1,2022-05-05 05:00:00,2022-05-05 09:00:00,1.2388337570146253,2022-05-06 01:00:00,1.2368662429853745,時間切れ,time,4,0.006277017113258262,1.2513877912411417,1.2388337570146253,0.001967514029250772,0.15672364705641836,1.0042599694862446,0.380155564708356,True
GBPUSD,売り,-1,2022-05-09 01:00:00,2022-05-09 05:00:00,1.2269837570146254,2022-05-09 05:00:00,1.238598033587607,初期損切り,initial,1,0.005774016793803531,1.2385317906022324,1.2385317906022324,-0.011614276572981641,-1.0057363000264972,-0.0,1.999999999999995,False
AUDUSD,売り,-1,2022-05-08 17:00:00,2022-05-08 21:00:00,0.7012657478820956,2022-05-09 13:00:00,0.6992042521179044,時間切れ,time,4,0.0046528868920675415,0.7105715216662307,0.7105715216662307,0.0020614957641912346,0.22152867800265774,0.9554816150108736,0.35123400929657345,False
USDCHF,買い,1,2022-05-08 17:00:00,2022-05-08 21:00:00,0.9907563429665702,2022-05-09 13:00:00,0.9920836570334297,時間切れ,time,4,0.004011014266593831,0.9827343144333825,0.9907563429665702,0.0013273140668594863,0.16545865691804765,1.4519163100297994,0.3580996902785878,True
AUDUSD,売り,-1,2022-05-11 21:00:00,2022-05-12 01:00:00,0.6889957478820956,2022-05-12 17:00:00,0.6856742521179043,時間切れ,time,4,0.004993838190186445,0.6989834242624685,0.6889957478820956,0.0033214957641912735,0.3325594099863361,1.220653863810528,0.27318708895800825,True
USDJPY,売り,-1,2022-05-11 17:00:00,2022-05-11 21:00:00,129.7392073498155,2022-05-12 17:00:00,128.69195768035846,トレイル,trail,6,0.5376845006109591,130.81457635103743,128.69016503017394,1.0472496694570452,0.9738514577480646,4.132920601747791,0.3157849073044857,True
USDCHF,買い,1,2022-05-12 09:00:00,2022-05-12 13:00:00,1.0037563429665701,2022-05-13 05:00:00,1.0000636570334298,時間切れ,time,4,0.004108736301894593,0.995538870362781,0.995538870362781,-0.003692685933140316,-0.4493700327564913,0.2856491502968411,1.0602634597312568,False
GBPUSD,売り,-1,2022-05-11 13:00:00,2022-05-11 17:00:00,1.2253837570146253,2022-05-13 13:00:00,1.22545,建値,breakeven,12,0.005930143045279894,1.2372440431051852,1.2253837570146253,-6.624298537460938e-05,-0.0055852771905169785,1.6548938094227852,0.04995545353844018,True
EURUSD,売り,-1,2022-05-12 01:00:00,2022-05-12 05:00:00,1.0440236775031446,2022-05-16 01:00:00,1.0425739169186203,トレイル,trail,12,0.003992801497206837,1.0520092804975583,1.042547594421765,0.0014497605845242845,0.1815467893330615,2.2675000271058234,0.14684489005165416,True
GBPUSD,買い,1,2022-05-17 01:00:00,2022-05-17 05:00:00,1.2476762429853747,2022-05-17 21:00:00,1.2487937570146255,時間切れ,time,4,0.00538957003544995,1.2368971029144749,1.2368971029144749,0.0011175140292507546,0.10367376450257582,0.453423371169007,0.6375727493608548,False
USDJPY,売り,-1,2022-05-19 05:00:00,2022-05-19 09:00:00,127.19020734981547,2022-05-20 01:00:00,127.76879265018452,時間切れ,time,4,0.5461976307341697,128.2826026112838,128.2826026112838,-0.5785853003690562,-0.5296483065949523,0.2969755646823845,1.8743996542211374,False
AUDUSD,買い,1,2022-05-19 09:00:00,2022-05-19 13:00:00,0.7060042521179044,2022-05-20 05:00:00,0.7068757478820956,時間切れ,time,4,0.004285991299388273,0.6974322695191278,0.6974322695191278,0.0008714957641912102,0.10166793436043561,0.31632072661675337,1.3495715958942853,False
EURUSD,買い,1,2022-05-19 09:00:00,2022-05-19 13:00:00,1.0593663224968553,2022-05-20 05:00:00,1.0577036775031448,時間切れ,time,4,0.003957100356730929,1.0514521217833934,1.0514521217833934,-0.0016626449937104937,-0.21008375373679566,0.3395611387159361,0.987167912032008,False
EURUSD,買い,1,2022-05-23 01:00:00,2022-05-23 05:00:00,1.0646163224968552,2022-05-23 09:00:00,1.06459,建値,breakeven,2,0.0036856402194852026,1.0572450420578847,1.0646163224968552,-2.632249685530219e-05,-0.003570953116386768,1.126989411821901,0.028847768779235568,True
GBPUSD,買い,1,2022-05-22 17:00:00,2022-05-22 21:00:00,1.2526662429853745,2022-05-24 01:00:00,1.2526,建値,breakeven,8,0.005114006341030194,1.2424382303033141,1.2526662429853745,-6.624298537460938e-05,-0.006476623312248868,1.4516518986423284,0.08725898163132521,True
USDCHF,売り,-1,2022-05-18 09:00:00,2022-05-18 13:00:00,0.9872136570334298,2022-05-25 05:00:00,0.9641672630640218,トレイル,trail,29,0.0036829150600166754,0.9945794871534631,0.9640709200974515,0.023046393969407997,3.1288250738673904,8.08969431765685,0.56920752512841,True
USDJPY,売り,-1,2022-05-24 09:00:00,2022-05-24 13:00:00,126.56620734981547,2022-05-25 05:00:00,127.06179265018453,時間切れ,time,4,0.5237985473746509,127.61380444456478,127.61380444456478,-0.4955853003690578,-0.4730686089652198,0.08248848728587756,1.3989971027170487,False
GBPUSD,買い,1,2022-05-25 17:00:00,2022-05-25 21:00:00,1.2605862429853747,2022-05-26 13:00:00,1.2574437570146253,時間切れ,time,4,0.004843321508378476,1.2508995999686177,1.2508995999686177,-0.003142485970749398,-0.3244143471905801,0.3125452258345131,1.1079675334564538,False
AUDUSD,買い,1,2022-05-26 21:00:00,2022-05-27 01:00:00,0.7143242521179044,2022-05-29 17:00:00,0.7161357478820957,時間切れ,time,4,0.0036365879377236315,0.7070510762424571,0.7070510762424571,0.0018114957641912621,0.24906530451250286,0.6367913884533273,0.5401360152819394,False
EURUSD,買い,1,2022-05-26 21:00:00,2022-05-27 01:00:00,1.0755063224968553,2022-05-29 17:00:00,1.0732836775031447,時間切れ,time,4,0.00344489504671115,1.068616532403433,1.068616532403433,-0.0022226449937106096,-0.32259981270439203,0.05912444367183311,1.682583189984008,False
USDCHF,売り,-1,2022-05-29 21:00:00,2022-05-30 01:00:00,0.9563036570334298,2022-05-30 17:00:00,0.9574963429665703,時間切れ,time,4,0.002906962691740684,0.9621175824169111,0.9621175824169111,-0.0011926859331404804,-0.20514297216974295,0.310859522207577,1.491709191483867,False
USDJPY,買い,1,2022-05-30 05:00:00,2022-05-30 09:00:00,127.73779265018453,2022-05-31 01:00:00,128.0052073498155,時間切れ,time,4,0.44743382237825174,126.84292500542803,127.73779265018453,0.26741469963096165,0.29883156598395744,1.3637935249777005,0.6789666649914388,True
EURUSD,買い,1,2022-05-30 09:00:00,2022-05-30 13:00:00,1.0786563224968553,2022-05-31 05:00:00,1.0727636775031446,時間切れ,time,4,0.003347756436291481,1.0719608096242723,1.0719608096242723,-0.005892644993710672,-0.8800886662230306,0.01005972321629033,1.835952708573946,False
AUDUSD,買い,1,2022-06-01 05:00:00,2022-06-01 09:00:00,0.7221842521179044,2022-06-01 09:00:00,0.7160046340503388,初期損切り,initial,1,0.0030676829748305973,0.7160488861682431,0.7160488861682431,-0.006179618067565618,-1.0072126289234413,0.0,2.0000000000000155,False
EURUSD,売り,-1,2022-06-01 09:00:00,2022-06-01 13:00:00,1.0638936775031447,2022-06-02 05:00:00,1.0684463224968552,時間切れ,time,4,0.0035652992565621865,1.0710242760162691,1.0710242760162691,-0.004552644993710553,-0.6384660397484287,0.051518116692917094,1.5724689832238867,False
GBPUSD,売り,-1,2022-06-01 09:00:00,2022-06-01 13:00:00,1.2469737570146253,2022-06-02 05:00:00,1.2538062429853747,時間切れ,time,4,0.004564460106439945,1.2561026772275052,1.2561026772275052,-0.006832485970749369,-0.7484440450152574,0.009586460086152753,1.635734087113752,False
USDCHF,買い,1,2022-06-01 09:00:00,2022-06-01 13:00:00,0.9636563429665702,2022-06-02 05:00:00,0.9606836570334297,時間切れ,time,4,0.0030930395978485217,0.9574702637708732,0.9574702637708732,-0.0029726859331404842,-0.48054443519058826,0.11757270540045181,1.97098768823095,False
USDJPY,買い,1,2022-06-03 05:00:00,2022-06-03 09:00:00,130.5007926501845,2022-06-05 21:00:00,130.499,建値,breakeven,4,0.40113243622275246,129.698527777739,130.5007926501845,-0.0017926501845124676,-0.002234486696454775,1.2220586159312472,0.25874908337474695,True
USDCHF,買い,1,2022-06-06 09:00:00,2022-06-06 13:00:00,0.9697363429665702,2022-06-07 09:00:00,0.9721760617041235,トレイル,trail,6,0.002944781289798987,0.9638467803869722,0.9722724046706938,0.0024397187375533314,0.41424447139839515,2.7790372961750407,0.0734665651807729,True
GBPUSD,買い,1,2022-06-07 09:00:00,2022-06-07 13:00:00,1.2593862429853746,2022-06-08 05:00:00,1.2521837570146255,時間切れ,time,4,0.004598483468374371,1.250189276048626,1.250189276048626,-0.0072024859707491284,-0.7831370951188077,0.12042166040910364,1.6258062112850182,False
AUDUSD,売り,-1,2022-06-09 09:00:00,2022-06-09 13:00:00,0.7120457478820956,2022-06-10 01:00:00,0.71209,建値,breakeven,4,0.0033135216724073046,0.7186727912269102,0.7120457478820956,-4.425211790437533e-05,-0.006677505427665689,1.0821561578894299,0.2578079162777078,True
USDJPY,買い,1,2022-06-12 17:00:00,2022-06-12 21:00:00,134.9637926501845,2022-06-13 05:00:00,133.89505070701418,初期損切り,initial,3,0.5334746464929115,133.8968433571987,133.8968433571987,-1.0687419431703233,-1.001680164367965,0.4615164964897312,1.9999999999999771,False
EURUSD,売り,-1,2022-06-09 13:00:00,2022-06-09 17:00:00,1.0616136775031446,2022-06-14 01:00:00,1.0471567863021387,トレイル,trail,15,0.0036229836655982638,1.068859644834341,1.0471304638052834,0.014456891201005906,1.9951637290391477,6.045756626266143,0.7221458163608255,True
GBPUSD,売り,-1,2022-06-10 05:00:00,2022-06-10 09:00:00,1.2382937570146253,2022-06-14 01:00:00,1.2206320698853919,トレイル,trail,11,0.004258405825671287,1.2468105686659678,1.2205658269000172,0.01766168712923344,2.07374400799967,6.470439442037407,0.7341345830706159,True
EURUSD,買い,1,2022-06-15 01:00:00,2022-06-15 05:00:00,1.0494263224968554,2022-06-15 05:00:00,1.0412085390240193,初期損切り,initial,1,0.0040957304879903934,1.0412348615208746,1.0412348615208746,-0.008217783472836082,-1.0032134068553191,0.0,1.9999999999999982,False
USDJPY,買い,1,2022-06-14 13:00:00,2022-06-14 17:00:00,135.46079265018452,2022-06-15 09:00:00,134.69920734981548,時間切れ,time,4,0.6128162453047543,134.235160159575,134.235160159575,-0.7615853003690347,-0.6213814550479951,0.22226458723814782,1.899089097427179,False
EURUSD,売り,-1,2022-06-15 09:00:00,2022-06-15 13:00:00,1.0381636775031446,2022-06-15 13:00:00,1.0469939935308226,初期損切り,initial,1,0.0044019967654113324,1.0469676710339673,1.0469676710339673,-0.00883031602767792,-1.0029898360060239,-0.0,1.9999999999999893,False
USDJPY,売り,-1,2022-06-16 01:00:00,2022-06-16 05:00:00,133.2242073498155,2022-06-16 17:00:00,132.9243322023589,トレイル,trail,4,0.6672577939491919,134.55872293771387,132.92253955217438,0.2998751474565893,0.2247071148332088,2.593011824673018,0.2544633449383847,True
EURUSD,買い,1,2022-06-16 09:00:00,2022-06-16 13:00:00,1.0560363224968552,2022-06-17 05:00:00,1.0519936775031447,時間切れ,time,4,0.005155001296061366,1.0457263199047324,1.0457263199047324,-0.004042644993710542,-0.392109018168365,0.7979973751486251,1.2873561257735298,False
USDCHF,売り,-1,2022-06-16 01:00:00,2022-06-16 05:00:00,0.9798236570334298,2022-06-17 09:00:00,0.9728040197908231,トレイル,trail,8,0.005146290900580584,0.990116238834591,0.9727076768242529,0.00701963724260668,0.6820093712361609,3.4672849588461427,0.3684873247947033,True
USDJPY,買い,1,2022-06-21 05:00:00,2022-06-21 09:00:00,136.23679265018453,2022-06-22 01:00:00,136.2182073498155,時間切れ,time,4,0.6528085589467596,134.931175532291,134.931175532291,-0.018585300369039714,-0.014234877985534695,0.7371339471894217,0.3274967021410729,False
AUDUSD,売り,-1,2022-06-22 01:00:00,2022-06-22 05:00:00,0.6885557478820956,2022-06-22 21:00:00,0.6913842521179043,時間切れ,time,4,0.003791973143433558,0.6961396941689627,0.6961396941689627,-0.0028285042358087154,-0.3729594236059857,0.014701549822986095,1.6677998178483804,False
USDCHF,売り,-1,2022-06-22 13:00:00,2022-06-22 17:00:00,0.9608636570334298,2022-06-23 09:00:00,0.9635163429665703,時間切れ,time,4,0.004111831034745892,0.9690873191029216,0.9690873191029216,-0.0026526859331404973,-0.3225674779343689,0.24165804115810485,1.701515190543968,False
AUDUSD,売り,-1,2022-06-23 01:00:00,2022-06-23 05:00:00,0.6879757478820956,2022-06-23 21:00:00,0.6902242521179044,時間切れ,time,4,0.0036629122609558086,0.6953015724040073,0.6953015724040073,-0.0022485042358088014,-0.30692848690048496,0.1353425489821173,1.2733726023476586,False
USDCHF,売り,-1,2022-06-24 05:00:00,2022-06-24 09:00:00,0.9557236570334298,2022-06-27 01:00:00,0.9570663429665702,時間切れ,time,4,0.004066399411130115,0.96385645585569,0.96385645585569,-0.001342685933140464,-0.1650951858621422,0.8616116321087326,1.0958940615554986,False
GBPUSD,買い,1,2022-06-27 01:00:00,2022-06-27 05:00:00,1.2318162429853745,2022-06-27 21:00:00,1.2270937570146254,時間切れ,time,4,0.0051498424901225545,1.2215165580051295,1.2215165580051295,-0.004722485970749091,-0.4585078067733977,0.024031223258360275,1.5624250646126079,False
AUDUSD,買い,1,2022-06-28 01:00:00,2022-06-28 05:00:00,0.6959642521179044,2022-06-28 21:00:00,0.6901757478820956,時間切れ,time,4,0.003238672518030796,0.6894869070818428,0.6894869070818428,-0.005788504235808789,-0.8936538355734038,0.09131762487534698,1.8230469691002607,False
GBPUSD,売り,-1,2022-06-28 05:00:00,2022-06-28 09:00:00,1.2212937570146254,2022-06-29 01:00:00,1.2198062429853747,時間切れ,time,4,0.00498668733577494,1.2312671316861752,1.2312671316861752,0.001487514029250736,0.1491485157470349,0.7587716573847109,0.2639513762837582,False
USDCHF,売り,-1,2022-06-29 05:00:00,2022-06-29 09:00:00,0.9524836570334297,2022-06-30 01:00:00,0.9543363429665702,時間切れ,time,4,0.003505064945945221,0.9594937869253202,0.9594937869253202,-0.0018526859331404744,-0.2642869621123176,0.17793023611478895,0.8691259687197413,False
EURUSD,売り,-1,2022-06-29 09:00:00,2022-06-29 13:00:00,1.0445436775031447,2022-06-30 05:00:00,1.0442063224968554,時間切れ,time,4,0.003665121609112593,1.0518739207213699,1.0518739207213699,0.00033735500628928605,0.046022348269498095,0.4239088545607064,0.6347190475402875,False
AUDUSD,売り,-1,2022-06-30 21:00:00,2022-07-01 01:00:00,0.6821857478820956,2022-07-01 13:00:00,0.68223,建値,breakeven,4,0.00332935350485713,0.6888444548918099,0.6821857478820956,-4.425211790437533e-05,-0.006645752372017085,1.7498135519693523,0.45481866545418903,True
GBPUSD,売り,-1,2022-07-01 05:00:00,2022-07-01 09:00:00,1.2006837570146254,2022-07-01 13:00:00,1.2102063342013494,初期損切り,initial,2,0.004728167100674681,1.2101400912159748,1.2101400912159748,-0.009522577186724002,-1.007005144273051,0.6585547736206355,2.000000000000006,False
USDCHF,買い,1,2022-07-01 05:00:00,2022-07-01 09:00:00,0.9627163429665703,2022-07-04 01:00:00,0.9592236570334297,時間切れ,time,4,0.003451935804300886,0.9558124713579685,0.9558124713579685,-0.00349268593314056,-0.5059025038630357,0.42980435255520555,1.3489077522150759,False
GBPUSD,売り,-1,2022-07-05 05:00:00,2022-07-05 09:00:00,1.1969137570146253,2022-07-05 21:00:00,1.19698,建値,breakeven,4,0.004915481063530383,1.206744719141686,1.1969137570146253,-6.624298537460938e-05,-0.006738199630763354,1.437042869930606,0.07043928781326433,True
USDCHF,買い,1,2022-07-05 01:00:00,2022-07-05 05:00:00,0.9644763429665703,2022-07-07 01:00:00,0.968345991556588,トレイル,trail,12,0.0030253137970641854,0.9584257153724419,0.9684423345231582,0.0038696485900177047,0.6395449942701606,3.2735966242709904,0.48799663955618594,True
EURUSD,売り,-1,2022-07-05 01:00:00,2022-07-05 05:00:00,1.0307136775031447,2022-07-08 05:00:00,1.0154298228812655,トレイル,trail,19,0.0037833344917238727,1.0382803464865924,1.0154035003844102,0.0152838546218792,2.0198920628499764,6.217710211614442,0.4721555814752583,True
USDCHF,買い,1,2022-07-08 01:00:00,2022-07-08 05:00:00,0.9771763429665702,2022-07-10 21:00:00,0.9788036570334298,時間切れ,time,4,0.003024396446673781,0.9711275500732226,0.9711275500732226,0.0016273140668595643,0.2690312092928951,0.7154012615672067,0.8121762506604032,False
AUDUSD,売り,-1,2022-07-11 05:00:00,2022-07-11 09:00:00,0.6740957478820956,2022-07-12 01:00:00,0.6725842521179044,時間切れ,time,4,0.00365605272657012,0.6814078533352358,0.6814078533352358,0.0015114957641911841,0.20671142858614827,0.7209272073513924,0.34032663393007045,False
EURUSD,売り,-1,2022-07-11 09:00:00,2022-07-11 13:00:00,1.0063636775031446,2022-07-12 05:00:00,1.00639,建値,breakeven,5,0.0041330071184993815,1.0146296917401434,1.0063636775031446,-2.632249685530219e-05,-0.003184424330831954,1.493749545097863,0.23864524511476998,True
GBPUSD,売り,-1,2022-07-11 09:00:00,2022-07-11 13:00:00,1.1882537570146254,2022-07-12 05:00:00,1.1830562429853746,時間切れ,time,4,0.005307027245612095,1.1988678115058495,1.1882537570146254,0.005197514029250838,0.4896822447584188,1.4082756068013167,0.5155886447797896,True
USDJPY,買い,1,2022-07-08 05:00:00,2022-07-08 09:00:00,136.4227926501845,2022-07-12 05:00:00,136.80006676099376,トレイル,trail,12,0.5030594867458196,135.41667367669285,136.80185941117827,0.3772741108092532,0.3749796204518037,2.6442346976106106,1.102837069574695,True
AUDUSD,売り,-1,2022-07-14 05:00:00,2022-07-14 09:00:00,0.6707957478820956,2022-07-15 01:00:00,0.6739042521179044,時間切れ,time,4,0.003924636301342032,0.6786450204847797,0.6786450204847797,-0.0031085042358087733,-0.3960244971930034,0.6715903537849723,1.4483513073455037,False
EURUSD,売り,-1,2022-07-14 09:00:00,2022-07-14 13:00:00,0.9990336775031446,2022-07-15 05:00:00,1.0031263224968554,時間切れ,time,4,0.004696621371633038,1.0084269202464107,1.0084269202464107,-0.004092644993710759,-0.43570097202531427,-0.0,1.0893623505095285,False
GBPUSD,売り,-1,2022-07-14 09:00:00,2022-07-14 13:00:00,1.1779337570146253,2022-07-15 05:00:00,1.1828262429853746,時間切れ,time,4,0.005650806853612428,1.1892353707218501,1.1892353707218501,-0.004892485970749316,-0.43290153932811076,0.01836145126055135,1.2823377569067365,False
USDJPY,買い,1,2022-07-13 17:00:00,2022-07-13 21:00:00,137.9177926501845,2022-07-15 09:00:00,138.4116342039417,トレイル,trail,10,0.4737652239667064,136.9702622022511,138.41342685412621,0.49384155375719274,0.5211880576864557,3.111683330136291,0.3182856034091482,True
EURUSD,買い,1,2022-07-18 01:00:00,2022-07-18 05:00:00,1.0130763224968553,2022-07-18 09:00:00,1.01305,建値,breakeven,2,0.0042732817389873785,1.0045297590188806,1.0130763224968553,-2.632249685530219e-05,-0.0030798925115501185,1.042214807067719,0.26123306747377434,True
AUDUSD,買い,1,2022-07-17 17:00:00,2022-07-17 21:00:00,0.6805842521179044,2022-07-18 13:00:00,0.6832357478820956,時間切れ,time,4,0.003758332498996545,0.6730675871199113,0.6805842521179044,0.002651495764191214,0.35274896046307097,1.2813522708226,0.33638644751147556,True
GBPUSD,買い,1,2022-07-18 05:00:00,2022-07-18 09:00:00,1.1980162429853747,2022-07-18 13:00:00,1.1976137570146255,建値,breakeven,2,0.00508390695538888,1.187848429074597,1.1980162429853747,-0.0004024859707492112,-0.03958431716797855,1.0471782944379575,0.2097290518357179,True
USDCHF,売り,-1,2022-07-17 17:00:00,2022-07-17 21:00:00,0.9749836570334297,2022-07-18 13:00:00,0.9764163429665702,時間切れ,time,4,0.003308749864045113,0.9816011567615199,0.9816011567615199,-0.0014326859331404984,-0.21649958322763146,0.5632511099377296,1.213855120997298,False
USDJPY,売り,-1,2022-07-19 01:00:00,2022-07-19 05:00:00,137.7192073498155,2022-07-19 21:00:00,138.1557926501845,時間切れ,time,4,0.4359422410036492,138.59109183182278,138.59109183182278,-0.43658530036901766,-0.5007375511075596,0.7666321782584558,1.499723102490145,False
USDJPY,買い,1,2022-07-20 17:00:00,2022-07-20 21:00:00,138.46779265018452,2022-07-21 13:00:00,137.9412073498155,時間切れ,time,4,0.38982806814473736,137.68813651389505,137.68813651389505,-0.5265853003690211,-0.6754071132886047,1.052277615020685,1.9439150541185648,False
AUDUSD,買い,1,2022-07-21 13:00:00,2022-07-21 17:00:00,0.6934642521179044,2022-07-22 09:00:00,0.6938157478820957,時間切れ,time,4,0.0034872925301292304,0.6864896670576459,0.6864896670576459,0.0003514957641912453,0.050396656023895384,0.36009249905084895,1.1883867160839507,False
USDCHF,売り,-1,2022-07-22 09:00:00,2022-07-22 13:00:00,0.9606836570334297,2022-07-25 05:00:00,0.9636163429665703,時間切れ,time,4,0.00349630735187094,0.9676762717371716,0.9676762717371716,-0.0029326859331405553,-0.41939761554018123,0.09829142545087143,1.540580510946191,False
GBPUSD,買い,1,2022-07-25 05:00:00,2022-07-25 09:00:00,1.2071362429853747,2022-07-26 01:00:00,1.2062437570146254,時間切れ,time,4,0.0053380299753057895,1.1964601830347632,1.1964601830347632,-0.0008924859707493127,-0.08359694258724976,0.35289367488375256,0.8685307139192688,False
EURUSD,売り,-1,2022-07-26 09:00:00,2022-07-26 13:00:00,1.0126836775031447,2022-07-27 05:00:00,1.0141963224968553,時間切れ,time,4,0.004774378710184833,1.0222324349235143,1.0222324349235143,-0.0015126449937106212,-0.1584127575053699,0.2625844280995697,0.6904191512549276,False
AUDUSD,買い,1,2022-07-27 13:00:00,2022-07-27 17:00:00,0.6992742521179044,2022-07-28 09:00:00,0.6985357478820956,時間切れ,time,4,0.003380505388692348,0.6925132413405197,0.6925132413405197,-0.0007385042358087901,-0.10922985632252746,0.6347417428391295,0.9271548947646577,False
GBPUSD,買い,1,2022-07-27 13:00:00,2022-07-27 17:00:00,1.2157562429853745,2022-07-28 09:00:00,1.2139037570146254,時間切れ,time,4,0.00518051963244901,1.2053952037204765,1.2053952037204765,-0.0018524859707491625,-0.17879345144701525,0.6628209635800945,1.051292799135658,False
USDCHF,売り,-1,2022-07-27 13:00:00,2022-07-27 17:00:00,0.9596336570334297,2022-07-28 09:00:00,0.9574763429665702,時間切れ,time,4,0.003190973926955927,0.9660156048873416,0.9660156048873416,0.0021573140668594837,0.33803379724219224,0.9318963744296519,1.1176346307449696,False
USDJPY,売り,-1,2022-07-27 21:00:00,2022-07-28 01:00:00,135.46020734981548,2022-07-29 05:00:00,133.712376002644,トレイル,trail,8,0.5132146354859464,136.48663662078738,133.71058335245948,1.7478313471714841,1.7028268742925843,5.766022917513827,0.6640353306795812,True
AUDUSD,買い,1,2022-08-01 09:00:00,2022-08-01 13:00:00,0.7034442521179044,2022-08-01 21:00:00,0.6964751332319222,初期損切り,initial,3,0.003462433384038912,0.6965193853498266,0.6965193853498266,-0.006969118885982173,-1.0063903204763942,0.0,1.9999999999999925,False
EURUSD,買い,1,2022-08-01 01:00:00,2022-08-01 05:00:00,1.0256263224968554,2022-08-01 21:00:00,1.0286436775031447,時間切れ,time,4,0.0046094758316382305,1.016407370833579,1.016407370833579,0.0030173550062893018,0.3272991459873778,0.818678227412148,0.6782381795771981,False
GBPUSD,買い,1,2022-08-01 05:00:00,2022-08-01 09:00:00,1.2248262429853747,2022-08-02 01:00:00,1.2247937570146255,時間切れ,time,4,0.005277296247512529,1.2142716504903497,1.2142716504903497,-3.2485970749229764e-05,-0.0030778991007508944,0.8553162079451184,0.2494161638158931,False
AUDUSD,売り,-1,2022-08-02 17:00:00,2022-08-02 21:00:00,0.6892557478820956,2022-08-03 13:00:00,0.6939242521179044,時間切れ,time,4,0.0036267620203643746,0.6965092719228244,0.6965092719228244,-0.004668504235808779,-0.6436187720058542,0.004342132736380236,1.4956184297307025,False
USDCHF,買い,1,2022-08-03 05:00:00,2022-08-03 09:00:00,0.9597363429665703,2022-08-04 05:00:00,0.95964,建値,breakeven,6,0.0033401401034679292,0.9530560627596344,0.9597363429665703,-9.634296657023977e-05,-0.014421994824440277,1.6177935254330549,0.03483176243100273,True
GBPUSD,売り,-1,2022-08-05 05:00:00,2022-08-05 09:00:00,1.2026937570146254,2022-08-08 01:00:00,1.2077062429853747,時間切れ,time,4,0.005232190521020944,1.2131581380566674,1.2131581380566674,-0.005012485970749214,-0.4790045345836471,0.44986072375785674,1.2855500881229422,False
USDJPY,買い,1,2022-08-05 05:00:00,2022-08-05 09:00:00,134.6797926501845,2022-08-08 01:00:00,135.2492073498155,時間切れ,time,4,0.7875240557629237,133.10474453865865,134.6797926501845,0.5694146996309826,0.36152209920708706,1.1456251313383174,0.07338525059848272,True
AUDUSD,買い,1,2022-08-08 05:00:00,2022-08-08 09:00:00,0.6992542521179044,2022-08-09 01:00:00,0.6979157478820956,時間切れ,time,4,0.003194544314677745,0.6928651634885489,0.6928651634885489,-0.001338504235808724,-0.2094984611199153,0.5339565565762778,0.7181782100699349,False
USDCHF,売り,-1,2022-08-09 01:00:00,2022-08-09 05:00:00,0.9517836570334297,2022-08-09 21:00:00,0.9543663429665702,時間切れ,time,4,0.0029481941326742343,0.9576800452987781,0.9576800452987781,-0.0025826859331404828,-0.4380115109308952,0.2251062866161246,1.0773859602281821,False
EURUSD,買い,1,2022-08-10 05:00:00,2022-08-10 09:00:00,1.0324463224968552,2022-08-10 13:00:00,1.03242,建値,breakeven,2,0.0035796709272833877,1.0252869806422884,1.0324463224968552,-2.632249685530219e-05,-0.003676664334517242,1.2665067809977228,0.529747715747223,True
GBPUSD,買い,1,2022-08-10 05:00:00,2022-08-10 09:00:00,1.2219862429853745,2022-08-10 13:00:00,1.22192,建値,breakeven,2,0.004901706482230083,1.2121828300209143,1.2219862429853745,-6.624298537460938e-05,-0.006757135052328902,1.1595465855066152,0.578623586633888,True
USDJPY,売り,-1,2022-08-10 05:00:00,2022-08-10 09:00:00,133.14620734981548,2022-08-10 21:00:00,133.148,建値,breakeven,4,0.645289463552174,134.43678627691983,133.14620734981548,-0.0017926501845124676,-0.0013890279368923288,1.7282280477299459,0.26932510137050725,True
AUDUSD,買い,1,2022-08-10 05:00:00,2022-08-10 09:00:00,0.7051542521179044,2022-08-15 01:00:00,0.707942963314695,トレイル,trail,17,0.0031156741482836377,0.6989229038213371,0.7079872154325993,0.002788711196790583,0.4475293410138586,2.729986345581491,0.3704662499896804,True
GBPUSD,売り,-1,2022-08-15 13:00:00,2022-08-15 17:00:00,1.2054337570146254,2022-08-16 05:00:00,1.2055,建値,breakeven,4,0.004503002202171601,1.2144397614189686,1.2054337570146254,-6.624298537460938e-05,-0.007355424492426772,1.0312579932530126,0.14573454684481887,True
EURUSD,売り,-1,2022-08-15 05:00:00,2022-08-15 09:00:00,1.0200436775031447,2022-08-16 09:00:00,1.018712530456477,トレイル,trail,7,0.0033358297887523133,1.0267153370806494,1.0186862079596217,0.0013311470466677022,0.19952262719699282,2.3333557153874116,0.6883811951670893,True
USDJPY,買い,1,2022-08-16 01:00:00,2022-08-16 05:00:00,133.9417926501845,2022-08-16 21:00:00,134.13220734981547,時間切れ,time,4,0.5802727550292394,132.78124714012603,133.9417926501845,0.19041469963096347,0.16407344475562072,1.282512996458014,0.12027559381273951,True
AUDUSD,売り,-1,2022-08-17 05:00:00,2022-08-17 09:00:00,0.6931357478820956,2022-08-18 01:00:00,0.6928842521179044,時間切れ,time,4,0.00317990203482948,0.6994955519517546,0.6994955519517546,0.0002514957641912563,0.039544577385816,0.6464815140777924,0.9510519773187074,False
EURUSD,売り,-1,2022-08-18 09:00:00,2022-08-18 13:00:00,1.0090136775031446,2022-08-19 05:00:00,1.0089063224968553,時間切れ,time,4,0.003412049838980906,1.0158377771811065,1.0158377771811065,0.00010735500628933359,0.015731746509511396,0.593097287157155,0.2685548394946781,False
GBPUSD,売り,-1,2022-08-18 09:00:00,2022-08-18 13:00:00,1.1936437570146254,2022-08-19 05:00:00,1.1896062429853747,時間切れ,time,4,0.004805171641975364,1.2032541002985762,1.1936437570146254,0.004037514029250788,0.4201217282210341,1.1765983477545723,0.15529996449155964,True
USDCHF,買い,1,2022-08-23 01:00:00,2022-08-23 05:00:00,0.9665563429665702,2022-08-23 09:00:00,0.9611147922346169,初期損切り,initial,2,0.002672603882691538,0.9612111352011872,0.9612111352011872,-0.005441550731953293,-1.0180241761965099,1.0116190621959937,1.9999999999999916,False
USDJPY,買い,1,2022-08-18 09:00:00,2022-08-18 13:00:00,135.6437926501845,2022-08-23 09:00:00,136.71682809423496,トレイル,trail,18,0.5730827944693889,134.49762706124574,136.71862074441947,1.073035444050447,0.93619582929894,3.6054255506459207,0.0066179794981170055,True
AUDUSD,買い,1,2022-08-23 09:00:00,2022-08-23 13:00:00,0.6941842521179044,2022-08-24 05:00:00,0.6921957478820956,時間切れ,time,4,0.0033127959331501373,0.6875586602516041,0.6875586602516041,-0.0019885042358087635,-0.30012477012399236,0.09531160037238001,1.429080514899856,False
AUDUSD,買い,1,2022-08-25 01:00:00,2022-08-25 05:00:00,0.6986042521179043,2022-08-25 21:00:00,0.6954057478820956,時間切れ,time,4,0.003272988725318718,0.6920582746672669,0.6920582746672669,-0.003198504235808697,-0.48862133423591797,0.0903601896969053,1.082879415528445,False
AUDUSD,買い,1,2022-08-26 05:00:00,2022-08-26 09:00:00,0.6992842521179043,2022-08-26 09:00:00,0.6931511276645499,初期損切り,initial,1,0.0030444361677250346,0.6931953797824543,0.6931953797824543,-0.006133124453354455,-1.0072677033556354,0.0,2.0000000000000036,False
GBPUSD,売り,-1,2022-08-26 09:00:00,2022-08-26 13:00:00,1.1752837570146253,2022-08-29 09:00:00,1.1742588654712707,トレイル,trail,6,0.004836925506032671,1.1849576080266906,1.174192622485896,0.0010248915433546113,0.10594452427232488,2.1550377407352346,0.10052728427763634,True
AUDUSD,売り,-1,2022-08-28 17:00:00,2022-08-28 21:00:00,0.6862357478820956,2022-08-29 13:00:00,0.6911242521179044,時間切れ,time,4,0.0033531197093032553,0.6929419873007021,0.6929419873007021,-0.004888504235808777,-0.7289486596982485,0.6429081181069873,1.9099384075479808,False
USDCHF,買い,1,2022-08-28 17:00:00,2022-08-28 21:00:00,0.9689963429665702,2022-08-29 13:00:00,0.9681236570334297,時間切れ,time,4,0.0029792590173650705,0.9630378249318401,0.9630378249318401,-0.0008726859331404935,-0.14646023189892335,0.6054045730555416,1.0191604519353266,False
USDCHF,買い,1,2022-08-30 05:00:00,2022-08-30 09:00:00,0.9722963429665702,2022-08-31 01:00:00,0.9730736570334297,時間切れ,time,4,0.0029308503245401964,0.9664346423174898,0.9722963429665702,0.0007773140668595468,0.1326089668160545,1.338743572326691,0.4764292993328725,True
GBPUSD,売り,-1,2022-08-31 01:00:00,2022-08-31 05:00:00,1.1640637570146255,2022-08-31 21:00:00,1.1584462429853746,時間切れ,time,4,0.004768642324483936,1.1736010416635934,1.1640637570146255,0.005617514029250925,0.589005596038161,1.3953147587653307,0.2781175217451337,True
AUDUSD,売り,-1,2022-08-31 17:00:00,2022-08-31 21:00:00,0.6814957478820957,2022-09-01 13:00:00,0.6777042521179044,時間切れ,time,4,0.0035066815243097052,0.6885091109307151,0.6814957478820957,0.003791495764191244,0.5406102233560552,1.2478315614809006,0.8909426465579477,True
EURUSD,売り,-1,2022-09-01 09:00:00,2022-09-01 13:00:00,0.9936536775031447,2022-09-02 05:00:00,0.9973163224968553,時間切れ,time,4,0.004371477658100612,1.0023966328193459,1.0023966328193459,-0.0036626449937106065,-0.4189252788383242,0.026004365579697184,1.3625421339665018,False
GBPUSD,売り,-1,2022-09-04 17:00:00,2022-09-04 21:00:00,1.1479537570146254,2022-09-05 13:00:00,1.1516062429853746,時間切れ,time,4,0.004496809065723099,1.1569473751460717,1.1569473751460717,-0.0036524859707491864,-0.4061197526252826,0.7991793652122745,0.9331601417904118,False
EURUSD,売り,-1,2022-09-04 21:00:00,2022-09-05 01:00:00,0.9904936775031447,2022-09-05 17:00:00,0.9927363224968553,時間切れ,time,4,0.004113334050390065,0.9987203456039248,0.9987203456039248,-0.0022426449937106296,-0.2726067183259722,0.6524336390549648,0.947241932973048,False
USDCHF,売り,-1,2022-09-05 17:00:00,2022-09-05 21:00:00,0.9765536570334298,2022-09-06 05:00:00,0.9831747480365589,初期損切り,initial,3,0.0032623740182794263,0.9830784050699887,0.9830784050699887,-0.0066210910031291315,-1.0147657757863535,-0.0,2.000000000000012,False
GBPUSD,買い,1,2022-09-05 17:00:00,2022-09-05 21:00:00,1.1591062429853747,2022-09-06 09:00:00,1.1502670305013836,初期損切り,initial,4,0.004386484749308284,1.1503332734867582,1.1503332734867582,-0.00883921248399111,-1.0075508053897815,0.4317254300095273,1.9999999999999847,False
AUDUSD,売り,-1,2022-09-06 01:00:00,2022-09-06 05:00:00,0.6770657478820956,2022-09-07 13:00:00,0.6761889581127947,トレイル,trail,9,0.0032948033900458153,0.6836553546621873,0.6761447059948903,0.0008767897693009452,0.13305646278468125,2.1809337406307767,0.49600899490443673,True
GBPUSD,売り,-1,2022-09-07 05:00:00,2022-09-07 09:00:00,1.1430637570146254,2022-09-07 13:00:00,1.152500721065222,初期損切り,initial,2,0.004685360532611092,1.1524344780798474,1.1524344780798474,-0.009436964050596686,-1.0070691449370264,0.5429159606652059,1.9999999999999771,False
USDJPY,買い,1,2022-08-26 09:00:00,2022-08-26 13:00:00,137.33579265018452,2022-09-07 13:00:00,143.8541334537116,トレイル,trail,49,0.5181404016917759,136.29951184680095,143.8559261038961,6.518340803527082,6.290129839560958,14.77438803231816,0.08451888723891642,True
EURUSD,買い,1,2022-09-07 13:00:00,2022-09-07 17:00:00,1.0004363224968553,2022-09-08 09:00:00,1.0000236775031448,時間切れ,time,4,0.004126903085504934,0.9921825163258454,0.9921825163258454,-0.0004126449937105203,-0.049994509825038995,0.6212109783118149,0.6824300058674119,False
GBPUSD,買い,1,2022-09-09 01:00:00,2022-09-09 05:00:00,1.1629962429853746,2022-09-11 21:00:00,1.1611637570146254,時間切れ,time,4,0.005049635451234601,1.1528969720829054,1.1528969720829054,-0.0018324859707492536,-0.1814473528283337,0.14530890827889448,1.5637253543607859,False
EURUSD,買い,1,2022-09-12 01:00:00,2022-09-12 05:00:00,1.0192263224968554,2022-09-12 21:00:00,1.0135136775031448,時間切れ,time,4,0.004560416896592796,1.0101054887036698,1.0101054887036698,-0.005712644993710603,-0.6263292505098236,0.0,1.9222634017089617,False
GBPUSD,買い,1,2022-09-12 01:00:00,2022-09-12 05:00:00,1.1692462429853747,2022-09-12 21:00:00,1.1694337570146254,時間切れ,time,4,0.0050813178833150575,1.1590836072187447,1.1590836072187447,0.0001875140292506572,0.018451318492233634,0.35301019456297317,0.5758826848804842,False
AUDUSD,買い,1,2022-09-08 17:00:00,2022-09-08 21:00:00,0.6784842521179044,2022-09-13 05:00:00,0.6833272105664789,トレイル,trail,15,0.0033702035694653915,0.6717438449789737,0.6833714626843833,0.004842958448574519,0.718496427404643,3.4050607464984597,0.07840835500221462,True
USDJPY,買い,1,2022-09-13 05:00:00,2022-09-13 09:00:00,144.4097926501845,2022-09-14 01:00:00,143.86520734981548,時間切れ,time,4,0.7631962254858966,142.8834001992127,142.8834001992127,-0.5445853003690218,-0.35677934598163535,0.7261662614521677,0.9824375765316972,False
USDCHF,買い,1,2022-09-14 21:00:00,2022-09-15 01:00:00,0.9634563429665702,2022-09-15 05:00:00,0.9562843477189059,初期損切り,initial,2,0.0035378261405470493,0.9563806906854762,0.9563806906854762,-0.00717199524766432,-1.0136161250924733,0.21020168993231575,1.999999999999995,False
AUDUSD,売り,-1,2022-09-15 13:00:00,2022-09-15 17:00:00,0.6700257478820957,2022-09-16 09:00:00,0.6672942521179044,時間切れ,time,4,0.0035365542511610224,0.6770988563844177,0.6770988563844177,0.002731495764191294,0.3861803849459634,0.8555638249016859,0.677001382664588,False
EURUSD,売り,-1,2022-09-16 01:00:00,2022-09-16 05:00:00,0.9955136775031447,2022-09-16 09:00:00,1.0035699987612112,初期損切り,initial,2,0.004014999380605621,1.003543676264356,1.003543676264356,-0.008056321258066546,-1.0032780200393623,0.048238488922377254,2.0000000000000004,False
USDCHF,買い,1,2022-09-16 01:00:00,2022-09-16 05:00:00,0.9645163429665703,2022-09-18 21:00:00,0.9642436570334297,時間切れ,time,4,0.003561329149211296,0.9573936846681477,0.9573936846681477,-0.00027268593314055956,-0.03828429242505561,0.4502973373817007,1.1502286912956174,False
GBPUSD,売り,-1,2022-09-15 13:00:00,2022-09-15 17:00:00,1.1468237570146254,2022-09-19 17:00:00,1.1445971460510094,トレイル,trail,13,0.004877971121514663,1.1565796992576547,1.1445309030656348,0.0022266109636159825,0.2282312572326787,2.4054584831125374,0.2616339772381136,True
AUDUSD,売り,-1,2022-09-20 21:00:00,2022-09-21 01:00:00,0.6667957478820956,2022-09-21 17:00:00,0.6631142521179044,時間切れ,time,4,0.0030468437104242347,0.6728894353029441,0.6667957478820956,0.0036814957641911894,0.6041490988847911,1.5149276828029152,1.222331196432073,True
USDJPY,買い,1,2022-09-20 21:00:00,2022-09-21 01:00:00,144.0237926501845,2022-09-21 17:00:00,144.0532073498155,時間切れ,time,4,0.4887530526470976,143.0462865448903,144.0237926501845,0.029414699630990526,0.030091576381651067,1.3896738775070492,1.3908714155394781,True
EURUSD,売り,-1,2022-09-21 01:00:00,2022-09-21 05:00:00,0.9901736775031447,2022-09-22 01:00:00,0.9890148627338878,トレイル,trail,6,0.0038139069557606375,0.9978014914146659,0.9889885402370325,0.001158814769256833,0.15191964338649175,2.476116384769342,0.9377057537949562,True
GBPUSD,売り,-1,2022-09-21 01:00:00,2022-09-21 05:00:00,1.1329437570146255,2022-09-22 01:00:00,1.1316233389908505,トレイル,trail,6,0.004467914174175458,1.1418795853629764,1.131557096005476,0.0013204180237749163,0.14776671756665918,2.4315053045150257,0.6236115728182351,True
USDJPY,売り,-1,2022-09-22 01:00:00,2022-09-22 05:00:00,142.08520734981548,2022-09-22 09:00:00,142.087,建値,breakeven,2,0.8369618073165789,143.75913096444864,142.08520734981548,-0.0017926501845124676,-0.0010709271133051844,2.068442472143341,1.5673267749102107,True
USDCHF,買い,1,2022-09-22 01:00:00,2022-09-22 05:00:00,0.9742763429665703,2022-09-22 17:00:00,0.9755560081548544,トレイル,trail,4,0.004262973093986999,0.9657503967785963,0.9756523511214247,0.0012796651882841514,0.15009069492945457,2.5155347681071722,0.4119995430061682,True
EURUSD,売り,-1,2022-09-23 01:00:00,2022-09-23 05:00:00,0.9752936775031447,2022-09-25 21:00:00,0.9653976069726297,トレイル,trail,5,0.004392729399420974,0.9840791363019866,0.9653712844757744,0.009896070530515,1.1264147675269327,4.574303508382113,0.5022668815306944,True
GBPUSD,売り,-1,2022-09-23 01:00:00,2022-09-23 05:00:00,1.1174237570146255,2022-09-25 21:00:00,1.0566339797645712,トレイル,trail,5,0.005466208917486242,1.128356174849598,1.0565677367791966,0.0607897772500543,5.560506208936653,14.398234352670713,0.6505867300458067,True
AUDUSD,売り,-1,2022-09-23 09:00:00,2022-09-23 13:00:00,0.6539357478820956,2022-09-26 05:00:00,0.6522042521179043,時間切れ,time,4,0.003710679050835798,0.6613571059837672,0.6539357478820956,0.0017314957641912931,0.23331252049423257,1.5080118235596824,0.10894289491659162,True
USDCHF,買い,1,2022-09-26 01:00:00,2022-09-26 05:00:00,0.9852763429665702,2022-09-27 05:00:00,0.9866415552769543,トレイル,trail,7,0.004731572465543886,0.9758131980354824,0.9867378982435245,0.0013652123103841118,0.1442662371046644,2.3889852931018147,0.1218079128592433,True
EURUSD,売り,-1,2022-09-27 21:00:00,2022-09-28 01:00:00,0.9550436775031447,2022-09-28 09:00:00,0.965287524487154,初期損切り,initial,3,0.005108762243577049,0.9652612019902987,0.9652612019902987,-0.010243846984009375,-1.0025762107923861,0.2825885085883026,1.999999999999995,False
USDCHF,売り,-1,2022-09-28 09:00:00,2022-09-28 13:00:00,0.9766636570334297,2022-09-29 05:00:00,0.9830163429665703,時間切れ,time,4,0.005369228062508967,0.9874021131584476,0.9874021131584476,-0.006352685933140534,-0.5915827991642444,0.3024004595310469,1.6718125700877224,False
USDCHF,売り,-1,2022-09-29 17:00:00,2022-09-29 21:00:00,0.9745136570334297,2022-09-30 09:00:00,0.9848666215486458,初期損切り,initial,4,0.005128310774322936,0.9847702785820756,0.9847702785820756,-0.010352964515216057,-1.0093932457304038,0.09431117861488023,1.9999999999999891,False
USDJPY,買い,1,2022-10-02 21:00:00,2022-10-03 01:00:00,144.94479265018452,2022-10-03 17:00:00,144.52720734981548,時間切れ,time,4,0.49534024234702567,143.95411216549047,143.95411216549047,-0.4175853003690406,-0.4215136028423959,0.5454984810747052,1.5863694951601,False
GBPUSD,買い,1,2022-10-03 09:00:00,2022-10-03 13:00:00,1.1276362429853746,2022-10-04 05:00:00,1.1378637570146255,時間切れ,time,4,0.011522990970879292,1.104590261043616,1.1276362429853746,0.010227514029250928,0.44378729685277585,1.3341811213319363,0.09600311135973445,True
USDJPY,売り,-1,2022-10-04 13:00:00,2022-10-04 17:00:00,144.11620734981548,2022-10-04 21:00:00,144.118,建値,breakeven,2,0.4775312379081825,145.07126982563184,144.11620734981548,-0.0017926501845124676,-0.001876997819415062,1.233861375009745,0.34718702573423266,True
EURUSD,買い,1,2022-10-04 01:00:00,2022-10-04 05:00:00,0.9875263224968553,2022-10-05 05:00:00,0.9892649073673141,トレイル,trail,7,0.005455086818955563,0.9766161488589442,0.9892912298641694,0.001738584870458748,0.15935446383891097,2.281114474641333,0.4136180727710885,True
AUDUSD,売り,-1,2022-10-06 09:00:00,2022-10-06 13:00:00,0.6412057478820956,2022-10-07 05:00:00,0.6416642521179043,時間切れ,time,4,0.004783676633190337,0.6507731011484763,0.6507731011484763,-0.0004585042358087321,-0.04792383254205728,0.56980186812454,0.4210677837061605,False
EURUSD,売り,-1,2022-10-06 09:00:00,2022-10-06 13:00:00,0.9802436775031447,2022-10-07 05:00:00,0.9801963224968553,時間切れ,time,4,0.005420490239554975,0.9910846579822546,0.9910846579822546,4.7355006289384605e-05,0.004368147916199594,0.6758941241900398,0.2723595895592963,False
GBPUSD,売り,-1,2022-10-06 09:00:00,2022-10-06 13:00:00,1.1143337570146254,2022-10-07 05:00:00,1.1193262429853745,時間切れ,time,4,0.009827021747662465,1.1339878005099504,1.1339878005099504,-0.004992485970749083,-0.254018262040411,0.2873461652099357,0.7740130408466606,False
USDCHF,買い,1,2022-10-06 09:00:00,2022-10-06 13:00:00,0.9899763429665702,2022-10-07 05:00:00,0.9904036570334298,時間切れ,time,4,0.004572992093852483,0.9808303587788653,0.9808303587788653,0.0004273140668595854,0.04672149635181174,0.29819798622939986,0.4671652438328238,False
USDJPY,買い,1,2022-10-06 09:00:00,2022-10-06 13:00:00,144.94479265018452,2022-10-07 05:00:00,144.8262073498155,時間切れ,time,4,0.4277620762956585,144.0892684975932,144.0892684975932,-0.11858530036903403,-0.13861128293087724,0.4797231011980757,0.5184953563560267,False
AUDUSD,売り,-1,2022-10-13 05:00:00,2022-10-13 09:00:00,0.6203957478820956,2022-10-13 09:00:00,0.6295137494655028,初期損切り,initial,1,0.004536874732751389,0.6294694973475984,0.6294694973475984,-0.009118001583407143,-1.0048769384775946,-0.0,1.9999999999999978,False
EURUSD,売り,-1,2022-10-13 05:00:00,2022-10-13 09:00:00,0.9668136775031447,2022-10-13 09:00:00,0.9763939412342636,初期損切り,initial,1,0.004776970617131767,0.9763676187374083,0.9763676187374083,-0.009580263731118865,-1.002755145359376,-0.0,2.000000000000006,False
USDCHF,買い,1,2022-10-13 05:00:00,2022-10-13 09:00:00,1.00459634296657,2022-10-14 01:00:00,0.9991636570334298,時間切れ,time,4,0.0040425548653468275,0.9965112332358764,0.9965112332358764,-0.00543268593314028,-0.6719371924559133,0.6861148768087426,1.8741472209852257,False
GBPUSD,買い,1,2022-10-13 05:00:00,2022-10-13 09:00:00,1.1217262429853747,2022-10-14 05:00:00,1.12166,建値,breakeven,6,0.008664342331626888,1.1043975583221208,1.1217262429853747,-6.624298537460938e-05,-0.003822735923810795,1.884015703654707,0.6735933048341133,True
EURUSD,買い,1,2022-10-13 13:00:00,2022-10-13 17:00:00,0.9775063224968553,2022-10-14 09:00:00,0.9773036775031447,時間切れ,time,4,0.005228790981961421,0.9670487405329324,0.9670487405329324,-0.00020264499371058786,-0.019377805922027102,0.6490367495760258,1.2596262729906742,False
EURUSD,買い,1,2022-10-17 09:00:00,2022-10-17 13:00:00,0.9839563224968553,2022-10-18 05:00:00,0.9828736775031447,時間切れ,time,4,0.005010259951757283,0.9739358025933407,0.9739358025933407,-0.0010826449937105798,-0.10804279659490086,0.6853292116989657,0.3226025221083346,False
GBPUSD,買い,1,2022-10-17 09:00:00,2022-10-17 13:00:00,1.1390862429853745,2022-10-18 05:00:00,1.1293737570146254,時間切れ,time,4,0.008671536984081712,1.121743169017211,1.121743169017211,-0.00971248597074914,-0.560021019836408,0.2345324731196715,1.1977395707866387,False
AUDUSD,売り,-1,2022-10-19 09:00:00,2022-10-19 13:00:00,0.6260257478820956,2022-10-20 05:00:00,0.6276042521179044,時間切れ,time,4,0.004277485438220421,0.6345807187585365,0.6345807187585365,-0.001578504235808742,-0.18451310455722478,0.7447711811313775,0.3984238269232769,False
GBPUSD,売り,-1,2022-10-21 01:00:00,2022-10-21 05:00:00,1.1129537570146253,2022-10-21 09:00:00,1.1274378353533565,初期損切り,initial,2,0.007208917676678359,1.127371592367982,1.127371592367982,-0.014484078338731221,-1.0045945167045538,0.9521203213112392,1.9999999999999853,False
USDCHF,買い,1,2022-10-21 01:00:00,2022-10-21 05:00:00,1.00991634296657,2022-10-21 09:00:00,1.00982,建値,breakeven,2,0.003742630238732793,1.0024310824891045,1.00991634296657,-9.634296657012875e-05,-0.012871023908943414,1.3022010518143439,0.4505769629919635,True
USDJPY,売り,-1,2022-10-21 09:00:00,2022-10-21 13:00:00,147.2482073498155,2022-10-23 17:00:00,148.55578790734694,初期損切り,initial,2,0.6528939536734695,148.55399525716243,148.55399525716243,-1.3075805575314519,-1.0013728494301615,0.9407459609017664,2.000000000000001,False
AUDUSD,買い,1,2022-10-21 09:00:00,2022-10-21 13:00:00,0.6362142521179044,2022-10-23 21:00:00,0.63617,建値,breakeven,3,0.004536506853045892,0.6271412384118126,0.6362142521179044,-4.425211790437533e-05,-0.00487733396397976,1.0858019268257955,0.2676623572361869,True
EURUSD,買い,1,2022-10-21 13:00:00,2022-10-23 17:00:00,0.9884963224968553,2022-10-24 09:00:00,0.9843236775031446,時間切れ,time,4,0.004552511168188247,0.9793913001604788,0.9793913001604788,-0.004172644993710617,-0.45827949010514957,0.3390826394741395,1.7125323165232194,False
USDCHF,売り,-1,2022-10-21 13:00:00,2022-10-23 17:00:00,0.9954836570334298,2022-10-24 09:00:00,1.0013563429665702,時間切れ,time,4,0.004418057600933541,1.0043197722352968,1.0043197722352968,-0.005872685933140387,-0.6646230610369906,0.2452790640848259,1.7374927309567558,False
GBPUSD,買い,1,2022-10-23 21:00:00,2022-10-24 01:00:00,1.1347962429853746,2022-10-24 17:00:00,1.1277337570146253,時間切れ,time,4,0.00782947668759552,1.1191372896101837,1.1191372896101837,-0.0070624859707493215,-0.4510190305527465,0.44112233198129974,1.1490222583621377,False
AUDUSD,買い,1,2022-10-26 01:00:00,2022-10-26 05:00:00,0.6491942521179044,2022-10-26 21:00:00,0.6483557478820956,時間切れ,time,4,0.004536501937647973,0.6401212482426084,0.6401212482426084,-0.0008385042358087791,-0.09241748899632521,0.4200919360972872,0.8914913238196897,False
USDCHF,売り,-1,2022-10-26 01:00:00,2022-10-26 05:00:00,0.9861436570334298,2022-10-26 21:00:00,0.9857463429665703,時間切れ,time,4,0.004239567166287501,0.9946227913660047,0.9946227913660047,0.0003973140668594999,0.04685785733257051,0.46553267256243663,1.5889223362556353,False
EURUSD,買い,1,2022-10-25 09:00:00,2022-10-25 13:00:00,0.9953863224968553,2022-10-27 05:00:00,1.0009592958534,トレイル,trail,11,0.004471628415824119,0.9864430656652071,1.0009856183502552,0.005572973356544608,0.6231480836850251,3.1272002507318333,0.22280976955275628,True
GBPUSD,買い,1,2022-10-25 09:00:00,2022-10-25 13:00:00,1.1470662429853746,2022-10-28 01:00:00,1.1517547519149662,トレイル,trail,16,0.007451806909715507,1.1321626291659437,1.1518209949003408,0.004688508929591606,0.3145887290422695,2.3502698374794515,0.5349364300056345,True
EURUSD,売り,-1,2022-10-31 01:00:00,2022-10-31 05:00:00,0.9922936775031447,2022-10-31 21:00:00,0.9885563224968553,時間切れ,time,4,0.004223086791809099,1.0007398510867629,0.9922936775031447,0.0037373550062893557,0.4424909065968232,1.1801030262533945,0.6218964057166053,True
GBPUSD,売り,-1,2022-10-31 09:00:00,2022-10-31 13:00:00,1.1486137570146253,2022-11-01 05:00:00,1.1529862429853746,時間切れ,time,4,0.005964571885629877,1.160542900785885,1.160542900785885,-0.00437248597074924,-0.36653812332144375,0.43653711692174135,1.0606365564335374,False
EURUSD,売り,-1,2022-11-01 09:00:00,2022-11-01 13:00:00,0.9861136775031447,2022-11-02 05:00:00,0.9900363224968552,時間切れ,time,4,0.004201150993169296,0.9945159794894833,0.9945159794894833,-0.0039226449937105334,-0.4668536075099909,0.07228435817672427,1.0916823756899645,False
USDCHF,買い,1,2022-11-03 01:00:00,2022-11-03 05:00:00,1.0110763429665701,2022-11-03 21:00:00,1.01276365703343,時間切れ,time,4,0.004322588115334799,1.0024311667359005,1.0024311667359005,0.0016873140668598463,0.19517405103599123,0.8521878409746834,0.47109345425395915,False
AUDUSD,売り,-1,2022-11-02 13:00:00,2022-11-02 17:00:00,0.6349757478820957,2022-11-04 01:00:00,0.63502,建値,breakeven,9,0.004210162661316587,0.6433960732047288,0.6349757478820957,-4.425211790437533e-05,-0.005255392898588978,1.8492748400511672,0.5283055066591595,True
EURUSD,売り,-1,2022-11-02 13:00:00,2022-11-02 17:00:00,0.9818436775031447,2022-11-04 05:00:00,0.9814985577269437,トレイル,trail,10,0.004548095989746739,0.9909398694826382,0.9814722352300884,0.0003451197762009972,0.03794112711990224,1.9422803571119398,0.46532054328366873,True
GBPUSD,売り,-1,2022-11-02 13:00:00,2022-11-02 17:00:00,1.1393437570146254,2022-11-04 05:00:00,1.1275460070867271,トレイル,trail,10,0.0060222368134014775,1.1513882306414285,1.1274797641013525,0.011797749927898282,0.9795156096854551,4.047293019162863,0.47926427917145414,True
EURUSD,買い,1,2022-11-07 01:00:00,2022-11-07 05:00:00,0.9986063224968553,2022-11-07 21:00:00,1.0013936775031447,時間切れ,time,4,0.004936679187099597,0.9887329641226561,0.9986063224968553,0.0027873550062893493,0.2823107296067763,0.9710328181080632,0.40843701209597566,True
USDCHF,売り,-1,2022-11-07 05:00:00,2022-11-07 09:00:00,0.9886436570334297,2022-11-08 01:00:00,0.9922463429665702,時間切れ,time,4,0.004591783809664375,0.9978272246527584,0.9978272246527584,-0.0036026859331405037,-0.39229698984933625,0.24035474647278923,0.7766791979762211,False
GBPUSD,買い,1,2022-11-08 09:00:00,2022-11-08 13:00:00,1.1578762429853746,2022-11-09 01:00:00,1.1437574552054863,初期損切り,initial,4,0.0070262723972567874,1.143823698190861,1.143823698190861,-0.014118787779888287,-1.004713949419366,0.09589110363674531,2.0000000000000147,False
AUDUSD,買い,1,2022-11-08 09:00:00,2022-11-08 13:00:00,0.6530242521179044,2022-11-09 05:00:00,0.6478957478820956,時間切れ,time,4,0.004296494539049892,0.6444312630398046,0.6444312630398046,-0.005128504235808795,-0.5968242469758719,0.129349141967853,1.3509273816481773,False
USDJPY,売り,-1,2022-11-08 09:00:00,2022-11-08 13:00:00,145.53120734981547,2022-11-09 05:00:00,145.7737926501845,時間切れ,time,4,0.6431568615933418,146.81752107300215,146.81752107300215,-0.24258530036902926,-0.18858952990725628,0.5553969352523594,0.5796294379274349,False
GBPUSD,売り,-1,2022-11-09 05:00:00,2022-11-09 09:00:00,1.1409737570146254,2022-11-09 21:00:00,1.14104,建値,breakeven,4,0.006990497298929718,1.154954751612485,1.1409737570146254,-6.624298537460938e-05,-0.004738073883867427,1.0820055700162372,0.43433862507026383,True
AUDUSD,売り,-1,2022-11-09 13:00:00,2022-11-09 17:00:00,0.6429157478820956,2022-11-10 05:00:00,0.6516214330153196,初期損切り,initial,4,0.004330716507659789,0.6515771808974152,0.6515771808974152,-0.008705685133224006,-1.005109098901551,0.8764711048118701,2.000000000000012,False
USDJPY,売り,-1,2022-11-10 05:00:00,2022-11-10 09:00:00,143.7132073498155,2022-11-10 17:00:00,141.97599352443245,トレイル,trail,3,0.7456099026304438,145.2044271550764,141.97420087424794,1.7372138253830371,1.1649616101223341,4.711857148652703,0.21833488210147986,True
AUDUSD,買い,1,2022-11-10 09:00:00,2022-11-10 13:00:00,0.6561742521179044,2022-11-15 09:00:00,0.6707566007444598,トレイル,trail,18,0.0049381621605937166,0.6462979277967169,0.6708008528623641,0.014582348626555386,1.4764955212408564,4.7822949336391,0.008961252479212811,True
EURUSD,買い,1,2022-11-10 05:00:00,2022-11-10 09:00:00,1.0122863224968552,2022-11-15 09:00:00,1.0373048532049702,トレイル,trail,19,0.0053802445442226645,1.0015258334084098,1.0373311757018255,0.025018530708114994,2.3250365761701324,6.684394586071864,0.2372238819935792,True
GBPUSD,買い,1,2022-11-10 05:00:00,2022-11-10 09:00:00,1.1608062429853747,2022-11-15 09:00:00,1.1874376829935385,トレイル,trail,19,0.007692547282285448,1.145421148420804,1.187503925978913,0.026631440008163754,1.7309896859191993,5.474617895635907,0.18670577283055664,True
USDCHF,売り,-1,2022-11-15 01:00:00,2022-11-15 05:00:00,0.9396536570334297,2022-11-15 21:00:00,0.9451963429665703,時間切れ,time,4,0.0053231715349613086,0.9503000001033524,0.9503000001033524,-0.0055426859331405565,-0.5206187605206342,0.7427258369306889,1.4852692449685807,False
USDCHF,買い,1,2022-11-17 05:00:00,2022-11-17 09:00:00,0.9521963429665702,2022-11-18 01:00:00,0.9516636570334298,時間切れ,time,4,0.0047541615587385,0.9426880198490932,0.9426880198490932,-0.0005326859331403755,-0.05602312064482321,0.7453800190942912,0.32105408024357945,False
EURUSD,売り,-1,2022-11-20 21:00:00,2022-11-21 01:00:00,1.0282336775031446,2022-11-21 17:00:00,1.0243363224968554,時間切れ,time,4,0.0045945979480720225,1.0374228733992887,1.0282336775031446,0.0038973550062892937,0.42412361759799844,1.2979759209719548,0.10584658382557695,True
AUDUSD,売り,-1,2022-11-21 01:00:00,2022-11-21 05:00:00,0.6609557478820957,2022-11-21 21:00:00,0.6618642521179043,時間切れ,time,4,0.003918203913332965,0.6687921557087616,0.6687921557087616,-0.0009085042358086826,-0.11593376147642559,0.634410035076809,0.465583761911106,False
USDCHF,買い,1,2022-11-21 01:00:00,2022-11-21 05:00:00,0.9593363429665702,2022-11-21 21:00:00,0.9568836570334298,時間切れ,time,4,0.003939452200376135,0.951457438565818,0.951457438565818,-0.0024526859331404083,-0.31129784147479034,0.13800320597311125,0.8012136728727985,False
USDJPY,買い,1,2022-11-21 01:00:00,2022-11-21 05:00:00,141.8387926501845,2022-11-21 21:00:00,141.8222073498155,時間切れ,time,4,0.7166924070761388,140.40540783603223,140.40540783603223,-0.016585300369001743,-0.011570724208356083,0.5779429860367984,0.7252660207537155,False
AUDUSD,買い,1,2022-11-23 13:00:00,2022-11-23 17:00:00,0.6732542521179044,2022-11-24 05:00:00,0.67321,建値,breakeven,4,0.003413060358675734,0.6664281314005529,0.6732542521179044,-4.425211790437533e-05,-0.006482762279883198,1.0505960942006063,0.17118130255717184,True
EURUSD,買い,1,2022-11-23 13:00:00,2022-11-23 17:00:00,1.0399163224968553,2022-11-24 05:00:00,1.03989,建値,breakeven,4,0.0040681458829001866,1.031780030731055,1.0399163224968553,-2.632249685530219e-05,-0.00323519578857099,1.215216377545503,0.1785389506084843,True
USDJPY,売り,-1,2022-11-23 17:00:00,2022-11-23 21:00:00,138.7852073498155,2022-11-24 13:00:00,138.4107926501845,時間切れ,time,4,0.6620706359120458,140.10934862163958,138.7852073498155,0.3744146996309894,0.2827603878815804,1.108956220062663,0.665778885627943,True
GBPUSD,買い,1,2022-11-23 05:00:00,2022-11-23 09:00:00,1.1971262429853746,2022-11-27 17:00:00,1.2055206192825951,トレイル,trail,15,0.005477853918746706,1.1861705351478813,1.2055868622679697,0.008394376297220507,0.7662103098891218,3.326805950822941,0.08693970164936268,True
EURUSD,買い,1,2022-11-28 05:00:00,2022-11-28 09:00:00,1.0463163224968552,2022-11-28 09:00:00,1.037718357269906,初期損切り,initial,1,0.004285821365046993,1.0377446797667613,1.0377446797667613,-0.008597965226949222,-1.003070881239931,0.0,1.9999999999999847,False
USDJPY,売り,-1,2022-11-28 01:00:00,2022-11-28 05:00:00,137.77120734981548,2022-11-28 13:00:00,138.99380654309925,初期損切り,initial,3,0.6104032715496233,138.99201389291474,138.99201389291474,-1.22259919328377,-1.0014684146269175,0.38696933785402293,2.000000000000018,False
USDCHF,買い,1,2022-11-29 01:00:00,2022-11-29 05:00:00,0.9519363429665703,2022-11-29 21:00:00,0.9527436570334298,時間切れ,time,4,0.003624467670673352,0.9446874076252235,0.9446874076252235,0.0008073140668595213,0.11137001902261952,0.77353622329563,0.9646500629210358,False
USDJPY,買い,1,2022-11-30 05:00:00,2022-11-30 09:00:00,139.39079265018452,2022-11-30 13:00:00,138.14180986327247,初期損切り,initial,2,0.6235950683637713,138.14360251345698,138.14360251345698,-1.2489827869120518,-1.001437351155785,0.8101528947960726,1.9999999999999947,False
AUDUSD,買い,1,2022-11-30 13:00:00,2022-11-30 17:00:00,0.6785142521179044,2022-12-01 09:00:00,0.6802757478820957,時間切れ,time,4,0.003853156723027542,0.6708079386718493,0.6785142521179044,0.0017614957641912676,0.228578265927269,1.4133211477099563,0.07117595717439457,True
EURUSD,買い,1,2022-12-01 09:00:00,2022-12-01 13:00:00,1.0507763224968554,2022-12-02 05:00:00,1.0529636775031448,時間切れ,time,4,0.005336822975330157,1.0401026765461951,1.0401026765461951,0.0021873550062894154,0.20493044423626372,0.6977329996437172,0.21666870012375536,False
GBPUSD,買い,1,2022-12-01 05:00:00,2022-12-01 09:00:00,1.2215062429853747,2022-12-02 05:00:00,1.22144,建値,breakeven,6,0.006189391878458508,1.2091274592284578,1.2215062429853747,-6.624298537460938e-05,-0.005351332301737166,1.5451852463746905,0.08825471001049125,True
USDCHF,売り,-1,2022-12-01 09:00:00,2022-12-01 13:00:00,0.9379836570334298,2022-12-02 05:00:00,0.9352563429665702,時間切れ,time,4,0.004121557510057201,0.9462267720535442,0.9379836570334298,0.002727314066859554,0.3308596398575672,1.0538872799495345,0.1519675426199688,True
USDJPY,売り,-1,2022-11-30 17:00:00,2022-11-30 21:00:00,136.77620734981548,2022-12-02 05:00:00,135.13616270334072,トレイル,trail,9,0.7463255717383876,138.26885849329224,135.1343700531562,1.6400446464747631,1.0987461160245855,4.228995319648289,0.29315979308453827,True
GBPUSD,買い,1,2022-12-04 17:00:00,2022-12-04 21:00:00,1.2324762429853746,2022-12-05 09:00:00,1.2189069204257925,初期損切り,initial,4,0.006751539787103763,1.2189731634111671,1.2189731634111671,-0.013569322559582098,-1.0049057687182044,0.2953040458168746,1.9999999999999944,False
AUDUSD,売り,-1,2022-12-05 09:00:00,2022-12-05 13:00:00,0.6707157478820956,2022-12-06 05:00:00,0.6716042521179044,時間切れ,time,4,0.0041448650605325505,0.6790054780031608,0.6790054780031608,-0.0008885042358087736,-0.10718132229069656,0.4814988794446408,0.7489392471332901,False
GBPUSD,売り,-1,2022-12-06 21:00:00,2022-12-07 01:00:00,1.2128537570146254,2022-12-07 17:00:00,1.2205762429853746,時間切れ,time,4,0.0063337901475005705,1.2255213373096265,1.2255213373096265,-0.007722485970749204,-0.609625973619969,0.3495153712187701,1.6792856627199488,False
EURUSD,買い,1,2022-12-08 13:00:00,2022-12-08 17:00:00,1.0556363224968552,2022-12-09 09:00:00,1.0538636775031447,時間切れ,time,4,0.0042424741941861875,1.0471513741084828,1.0471513741084828,-0.0017726449937105482,-0.20891641440503633,0.7598578931988188,1.2625468657405972,False
USDCHF,売り,-1,2022-12-08 17:00:00,2022-12-08 21:00:00,0.9335936570334298,2022-12-09 13:00:00,0.9332363429665702,時間切れ,time,4,0.003544584382735703,0.9406828257989012,0.9406828257989012,0.0003573140668595709,0.05040281571513846,0.6696573637775126,1.2967226817782063,False
USDJPY,売り,-1,2022-12-08 17:00:00,2022-12-08 21:00:00,136.1062073498155,2022-12-09 13:00:00,136.47279265018452,時間切れ,time,4,0.6838826329856642,137.4739726157868,137.4739726157868,-0.3665853003690245,-0.2680176997393564,0.7314227993065333,1.1738748894378324,False
GBPUSD,買い,1,2022-12-09 05:00:00,2022-12-09 09:00:00,1.2270662429853747,2022-12-12 01:00:00,1.2226337570146253,時間切れ,time,4,0.005655474597216682,1.2157552937909413,1.2157552937909413,-0.004432485970749411,-0.3918756856348396,0.9183591801793781,1.0319634338463732,False
AUDUSD,売り,-1,2022-12-12 09:00:00,2022-12-12 13:00:00,0.6741557478820956,2022-12-13 05:00:00,0.6766042521179044,時間切れ,time,4,0.0034848803655201646,0.6811255086131359,0.6811255086131359,-0.0024485042358087794,-0.35130391562857965,0.30295096857307185,1.2466000729571411,False
EURUSD,買い,1,2022-12-13 05:00:00,2022-12-13 09:00:00,1.0646763224968554,2022-12-14 01:00:00,1.0625836775031448,時間切れ,time,4,0.004266345680597496,1.0561436311356605,1.0561436311356605,-0.002092644993710646,-0.24525028565167437,0.6220024587348598,0.8570150593946388,False
GBPUSD,買い,1,2022-12-13 05:00:00,2022-12-13 09:00:00,1.2411862429853746,2022-12-14 01:00:00,1.2354737570146255,時間切れ,time,4,0.005817141151222593,1.2295519606829295,1.2295519606829295,-0.005712485970749137,-0.4910045864667165,0.5593395329493657,1.1940990952084272,False
USDCHF,売り,-1,2022-12-13 05:00:00,2022-12-13 09:00:00,0.9257236570334297,2022-12-14 01:00:00,0.9291763429665703,時間切れ,time,4,0.0036876790058815194,0.9330990150451928,0.9330990150451928,-0.00345268593314052,-0.46813807921375394,0.6843483474035316,1.1433595385730593,False
USDJPY,売り,-1,2022-12-13 05:00:00,2022-12-13 09:00:00,135.15620734981547,2022-12-14 01:00:00,135.4337926501845,時間切れ,time,4,0.7279935235441517,136.6121943969038,136.6121943969038,-0.27758530036902584,-0.19065094083367262,0.685730482031119,0.7950519221197937,False
EURUSD,買い,1,2022-12-14 13:00:00,2022-12-14 17:00:00,1.0682963224968554,2022-12-15 09:00:00,1.0652236775031447,時間切れ,time,4,0.004211096176042396,1.0598741301447705,1.0598741301447705,-0.003072644993710627,-0.3648272166272762,0.03886814651154204,1.8323785955672725,False
AUDUSD,売り,-1,2022-12-15 09:00:00,2022-12-15 13:00:00,0.6680157478820956,2022-12-16 05:00:00,0.6686042521179044,時間切れ,time,4,0.004012028992069725,0.676039805866235,0.676039805866235,-0.0005885042358088066,-0.07334247047716487,0.07870029920515695,1.3918773091974994,False
USDJPY,買い,1,2022-12-15 09:00:00,2022-12-15 13:00:00,138.10379265018452,2022-12-16 05:00:00,137.1852073498155,時間切れ,time,4,0.7471301006293923,136.60953244892573,136.60953244892573,-0.918585300369017,-0.6147425325222398,0.09664628657665239,1.712944839334394,False
GBPUSD,売り,-1,2022-12-16 01:00:00,2022-12-16 05:00:00,1.2143837570146254,2022-12-18 21:00:00,1.2197862429853745,時間切れ,time,4,0.0062561012865940515,1.2268959595878135,1.2268959595878135,-0.005402485970749105,-0.43177737405929434,0.17323201223543397,1.2621667430952812,False
EURUSD,売り,-1,2022-12-16 13:00:00,2022-12-18 17:00:00,1.0585936775031446,2022-12-19 09:00:00,1.0606663224968553,時間切れ,time,4,0.0044213741109959985,1.0674364257251365,1.0674364257251365,-0.002072644993710737,-0.23438923530085928,0.09130136763154209,1.63214473955241,False
AUDUSD,売り,-1,2022-12-19 21:00:00,2022-12-20 01:00:00,0.6645757478820956,2022-12-20 17:00:00,0.6680642521179043,時間切れ,time,4,0.003847690160762242,0.6722711282036201,0.6722711282036201,-0.0034885042358087093,-0.45332447391211245,0.32116616215552196,1.3421694320837234,False
GBPUSD,売り,-1,2022-12-19 21:00:00,2022-12-20 01:00:00,1.2115737570146254,2022-12-20 17:00:00,1.2179662429853746,時間切れ,time,4,0.0063848599275376176,1.2243434768697006,1.2243434768697006,-0.006392485970749151,-0.5005971973777094,0.2762405181386021,1.2743025027508241,False
USDJPY,売り,-1,2022-12-19 21:00:00,2022-12-20 01:00:00,132.93220734981549,2022-12-21 09:00:00,132.35628033427173,トレイル,trail,9,0.857717930677806,134.6476432111711,132.35448768408722,0.5759270155437548,0.33573217659600063,2.7552267071623273,0.8998210513969536,True
GBPUSD,売り,-1,2022-12-21 09:00:00,2022-12-21 13:00:00,1.2068137570146253,2022-12-22 05:00:00,1.2100462429853747,時間切れ,time,4,0.006201701309920951,1.2192171596344672,1.2192171596344672,-0.0032324859707493214,-0.2606128390590391,0.13282758608636505,1.2796880386159408,False
AUDUSD,買い,1,2022-12-21 21:00:00,2022-12-22 01:00:00,0.6751442521179044,2022-12-22 09:00:00,0.6677434248378009,初期損切り,initial,3,0.0036782875810995584,0.6677876769557053,0.6677876769557053,-0.007400827280103495,-1.006015315133564,0.4338290160603971,2.000000000000001,False
EURUSD,売り,-1,2022-12-22 09:00:00,2022-12-22 13:00:00,1.0584236775031446,2022-12-23 05:00:00,1.0610163224968554,時間切れ,time,4,0.0038631494363837787,1.0661499763759121,1.0661499763759121,-0.002592644993710813,-0.3355610540577145,0.2831051506431645,1.2001406037233908,False
USDJPY,買い,1,2022-12-22 17:00:00,2022-12-22 21:00:00,132.65779265018452,2022-12-23 13:00:00,132.87720734981548,時間切れ,time,4,0.7491081018300944,131.15957644652434,131.15957644652434,0.21941469963095983,0.1464506251467064,0.6437086298191416,0.2894010219017585,False
GBPUSD,買い,1,2022-12-26 17:00:00,2022-12-26 21:00:00,1.2099062429853746,2022-12-27 13:00:00,1.2013237570146253,時間切れ,time,4,0.004847339671377235,1.2002115636426203,1.2002115636426203,-0.008582485970749287,-0.8852779619950603,0.2730893860073323,1.9858816666420236,False
EURUSD,買い,1,2022-12-27 01:00:00,2022-12-27 05:00:00,1.0660863224968553,2022-12-27 21:00:00,1.0641836775031448,時間切れ,time,4,0.0031762025230627085,1.0597339174507299,1.0597339174507299,-0.0019026449937105117,-0.2995156920717784,0.26562459321110715,1.5478617818471831,False
AUDUSD,買い,1,2022-12-28 05:00:00,2022-12-28 09:00:00,0.6787842521179044,2022-12-29 01:00:00,0.6742557478820956,時間切れ,time,4,0.0030986008677938363,0.6725870503823167,0.6725870503823167,-0.00452850423580875,-0.7307337132182801,0.39880834441752705,1.7537760911341571,False
USDCHF,売り,-1,2022-12-28 05:00:00,2022-12-28 09:00:00,0.9261336570334298,2022-12-29 01:00:00,0.9274063429665702,時間切れ,time,4,0.002843771585852151,0.931821200205134,0.931821200205134,-0.0012726859331404494,-0.22376725674314002,0.5568861582654938,1.176727056145568,False
EURUSD,買い,1,2022-12-29 09:00:00,2022-12-29 13:00:00,1.0682363224968554,2022-12-30 05:00:00,1.0654536775031447,時間切れ,time,4,0.0033236497541490203,1.0615890229885574,1.0615890229885574,-0.0027826449937107256,-0.4186128502615324,0.03119387144064662,1.3167219233591843,False
AUDUSD,買い,1,2022-12-30 09:00:00,2022-12-30 13:00:00,0.6819842521179044,2023-01-02 05:00:00,0.6794557478820956,時間切れ,time,4,0.0031384277049037457,0.6757073967080969,0.6757073967080969,-0.0025285042358087484,-0.40282977235033945,0.19938260203284675,0.8361677771974954,False
GBPUSD,買い,1,2022-12-30 09:00:00,2022-12-30 13:00:00,1.2099062429853746,2023-01-02 05:00:00,1.2045437570146253,時間切れ,time,4,0.004601413523263781,1.200703415938847,1.200703415938847,-0.005362485970749287,-0.5826998533861044,0.08122656499698398,1.2205473289848887,False
USDJPY,売り,-1,2022-12-30 01:00:00,2022-12-30 05:00:00,132.1202073498155,2023-01-03 01:00:00,130.6285385543696,トレイル,trail,12,0.5576803282125729,133.23556800624064,130.6267459041851,1.4916687954458894,1.33738695806866,4.675092912407157,0.38336057301811355,True
GBPUSD,売り,-1,2023-01-03 01:00:00,2023-01-03 05:00:00,1.1923037570146253,2023-01-03 09:00:00,1.2015103741826143,初期損切り,initial,2,0.004570187091307153,1.2014441311972397,1.2014441311972397,-0.009206617167988984,-1.007247294700547,0.3946790314244057,2.000000000000015,False
EURUSD,売り,-1,2023-01-03 01:00:00,2023-01-03 05:00:00,1.0547236775031448,2023-01-03 21:00:00,1.0567163224968552,時間切れ,time,4,0.003559959010187372,1.0618435955235195,1.0618435955235195,-0.001992644993710435,-0.2798690923137281,0.7763228439530001,1.4119045984719483,False
USDCHF,買い,1,2023-01-03 01:00:00,2023-01-03 05:00:00,0.9371263429665703,2023-01-03 21:00:00,0.9333236570334298,時間切れ,time,4,0.003365560275221149,0.9303952224161279,0.9303952224161279,-0.0038026859331404816,-0.5649409937979212,0.8152155388895627,1.5826021616030386,False
AUDUSD,買い,1,2023-01-04 01:00:00,2023-01-04 05:00:00,0.6871242521179044,2023-01-04 21:00:00,0.6838457478820956,時間切れ,time,4,0.003898099426780526,0.6793280532643433,0.6793280532643433,-0.003278504235808777,-0.4205259893173789,0.38371209103072096,1.3402049424427338,False
USDJPY,買い,1,2023-01-04 09:00:00,2023-01-04 13:00:00,132.5527926501845,2023-01-05 05:00:00,132.53220734981548,時間切れ,time,4,0.7101623920530864,131.13246786607831,131.13246786607831,-0.020585300369020842,-0.014493375458469815,0.4903207403152389,1.2219636802727625,False
EURUSD,売り,-1,2023-01-05 21:00:00,2023-01-06 01:00:00,1.0514136775031446,2023-01-06 09:00:00,1.0587168722495168,初期損切り,initial,3,0.003638436124758406,1.0586905497526615,1.0586905497526615,-0.007303194746372199,-1.0036172817046685,0.8557735786419415,2.0000000000000235,False
GBPUSD,売り,-1,2023-01-06 01:00:00,2023-01-06 05:00:00,1.1857337570146254,2023-01-06 09:00:00,1.19613386651802,初期損切り,initial,2,0.005166933259009991,1.1960676235326453,1.1960676235326453,-0.010400109503394539,-1.0064102807268744,0.3103885678857672,1.99999999999999,False
USDCHF,買い,1,2023-01-06 01:00:00,2023-01-06 05:00:00,0.9401463429665703,2023-01-06 09:00:00,0.932781058819027,初期損切り,initial,2,0.0036344705904865723,0.9328774017855972,0.9328774017855972,-0.007365284147543338,-1.0132540578017575,0.21561793221852385,1.9999999999999873,False
AUDUSD,買い,1,2023-01-08 17:00:00,2023-01-08 21:00:00,0.6903442521179044,2023-01-09 13:00:00,0.6936557478820956,時間切れ,time,4,0.004298688041365004,0.6817468760351744,0.6903442521179044,0.003311495764191208,0.3851751665072766,1.078409932864914,0.0824093571097843,True
USDCHF,売り,-1,2023-01-08 21:00:00,2023-01-09 01:00:00,0.9255636570334298,2023-01-10 05:00:00,0.9240584021742202,トレイル,trail,8,0.0038254212576978855,0.9332144995488255,0.92396205920765,0.0015052548592096038,0.19674367315502617,2.311812592046889,0.056554024248937906,True
GBPUSD,買い,1,2023-01-06 13:00:00,2023-01-08 17:00:00,1.2090662429853747,2023-01-11 05:00:00,1.2109311109762113,トレイル,trail,16,0.005956556902943689,1.1971531291794872,1.210997353961586,0.0018648679908366272,0.15653908971431318,2.0068232721352577,0.06316450787009274,True
USDCHF,買い,1,2023-01-11 05:00:00,2023-01-11 09:00:00,0.9291763429665703,2023-01-12 01:00:00,0.9314336570334297,時間切れ,time,4,0.003632007699962119,0.921912327566646,0.9291763429665703,0.0022573140668594727,0.31075292969271734,1.1105860357817516,0.27432292243781403,True
AUDUSD,買い,1,2023-01-12 05:00:00,2023-01-12 09:00:00,0.6981642521179043,2023-01-12 09:00:00,0.6904969011694073,初期損切り,initial,1,0.0038115494152963247,0.6905411532873117,0.6905411532873117,-0.00766735094849702,-1.0058050038295163,0.0,1.999999999999999,False
EURUSD,買い,1,2023-01-11 17:00:00,2023-01-11 21:00:00,1.0766863224968553,2023-01-12 09:00:00,1.07666,建値,breakeven,4,0.0034853787547750037,1.0697155649873054,1.0766863224968553,-2.632249685530219e-05,-0.0037761314777110104,2.086911642868016,1.0806063736101155,True
GBPUSD,買い,1,2023-01-12 05:00:00,2023-01-12 09:00:00,1.2236862429853745,2023-01-12 09:00:00,1.2132270348647087,初期損切り,initial,1,0.005196482567645624,1.2132932778500833,1.2132932778500833,-0.010459208120665808,-1.0063738292693412,0.0,1.9999999999999907,False
USDJPY,売り,-1,2023-01-12 01:00:00,2023-01-12 05:00:00,130.9592073498155,2023-01-16 01:00:00,128.6746763398271,トレイル,trail,12,0.6752219632291366,132.30965127627377,128.6728836896426,2.284531009988399,1.691688907054363,5.534783453937035,0.42325733721360087,True
EURUSD,買い,1,2023-01-15 17:00:00,2023-01-15 21:00:00,1.0868463224968552,2023-01-16 13:00:00,1.0813636775031448,時間切れ,time,4,0.003950824017427889,1.0789446744619995,1.0789446744619995,-0.005482644993710428,-0.6938609476814666,0.14520451951649718,1.6898557028621135,False
EURUSD,売り,-1,2023-01-17 21:00:00,2023-01-18 01:00:00,1.0779436775031448,2023-01-18 01:00:00,1.0853135222177033,初期損切り,initial,1,0.0036717611088515735,1.085287199720848,1.085287199720848,-0.007369844714558482,-1.0035844511768317,-0.0,2.000000000000009,False
USDCHF,売り,-1,2023-01-17 05:00:00,2023-01-17 09:00:00,0.9208036570334298,2023-01-18 01:00:00,0.9229363429665702,時間切れ,time,4,0.0035235565960922742,0.9278507702256144,0.9278507702256144,-0.0021326859331404213,-0.30263256385687565,0.5771603145768173,1.063227697470497,False
USDJPY,買い,1,2023-01-17 21:00:00,2023-01-18 01:00:00,130.8207926501845,2023-01-18 05:00:00,129.17829242817064,初期損切り,initial,2,0.8203537859146767,129.18008507835515,129.18008507835515,-1.6425002220138651,-1.0010926079791982,0.5024750990280382,1.9999999999999991,False
AUDUSD,買い,1,2023-01-18 01:00:00,2023-01-18 05:00:00,0.7025742521179044,2023-01-18 09:00:00,0.6956569231449558,初期損切り,initial,2,0.003436538427522097,0.6957011752628601,0.6957011752628601,-0.006917328972948611,-1.006438472730294,0.8659143335234866,2.000000000000012,False
GBPUSD,買い,1,2023-01-18 01:00:00,2023-01-18 05:00:00,1.2359462429853747,2023-01-18 09:00:00,1.23588,建値,breakeven,2,0.005142904485694492,1.2256604340139856,1.2359462429853747,-6.624298537460938e-05,-0.006440230958874594,1.2043305552055037,0.423154462897008,True
AUDUSD,売り,-1,2023-01-18 17:00:00,2023-01-18 21:00:00,0.6900957478820956,2023-01-19 13:00:00,0.6899642521179044,時間切れ,time,4,0.0039061787150819253,0.6979081053122594,0.6979081053122594,0.0001314957641912473,0.016831764978332463,0.751565173083494,0.4593369245950574,False
USDJPY,売り,-1,2023-01-18 21:00:00,2023-01-19 01:00:00,127.98020734981547,2023-01-19 17:00:00,128.43179265018452,時間切れ,time,4,0.8946356428756459,129.76947863556677,129.76947863556677,-0.45158530036904665,-0.25238503739774254,0.23943529583388404,0.940933503922042,False
EURUSD,買い,1,2023-01-22 17:00:00,2023-01-22 21:00:00,1.0895363224968553,2023-01-23 13:00:00,1.0862236775031446,時間切れ,time,4,0.0037750343687276465,1.0819862537594,1.0819862537594,-0.003312644993710645,-0.43875693174512115,0.869840425916802,1.3023252285017954,False
GBPUSD,売り,-1,2023-01-24 01:00:00,2023-01-24 05:00:00,1.2330637570146255,2023-01-24 09:00:00,1.23313,建値,breakeven,2,0.0046633810555435,1.2423905191257125,1.2330637570146255,-6.624298537460938e-05,-0.007102463275638216,1.0536897920413872,0.11927890488667363,True
USDCHF,買い,1,2023-01-24 05:00:00,2023-01-24 09:00:00,0.9261863429665702,2023-01-25 01:00:00,0.9227936570334297,時間切れ,time,4,0.0033658907844383882,0.9194545613976934,0.9194545613976934,-0.00339268593314046,-0.5039803948520782,0.5269502628041272,1.3150584050542022,False
AUDUSD,買い,1,2023-01-24 17:00:00,2023-01-24 21:00:00,0.7086242521179044,2023-01-25 05:00:00,0.70858,建値,breakeven,3,0.0035706023922365874,0.7014830473334311,0.7086242521179044,-4.425211790437533e-05,-0.006196729997239524,1.0126436620210617,0.012393459994479048,True
AUDUSD,売り,-1,2023-01-30 01:00:00,2023-01-30 05:00:00,0.7076957478820957,2023-01-30 21:00:00,0.7056642521179044,時間切れ,time,4,0.003099664806347474,0.7138950774947906,0.7076957478820957,0.00203149576419126,0.32769603991231183,1.2374718305801322,0.6014366824718287,True
EURUSD,売り,-1,2023-01-30 21:00:00,2023-01-31 01:00:00,1.0834436775031446,2023-01-31 05:00:00,1.08347,建値,breakeven,2,0.0030033536172497485,1.0894503847376442,1.0834436775031446,-2.632249685530219e-05,-0.0043821840865023425,1.0733592889726655,0.5148652785918952,True
USDCHF,買い,1,2023-01-30 13:00:00,2023-01-30 17:00:00,0.9242063429665702,2023-01-31 05:00:00,0.92411,建値,breakeven,4,0.002873953582520909,0.9184584358015284,0.9242063429665702,-9.634296657023977e-05,-0.01676139920216315,1.6122936228376128,0.09963381743942276,True
GBPUSD,売り,-1,2023-01-30 21:00:00,2023-01-31 01:00:00,1.2338237570146253,2023-01-31 17:00:00,1.2320462429853747,時間切れ,time,4,0.0038231959608146086,1.2414701489362545,1.2338237570146253,0.0017775140292506375,0.23246441556606773,1.4107979475569865,0.6398424277612589,True
USDCHF,売り,-1,2023-01-31 09:00:00,2023-01-31 13:00:00,0.9174536570334297,2023-02-01 05:00:00,0.9161263429665703,時間切れ,time,4,0.0032023746067895214,0.9238584062470088,0.9238584062470088,0.0013273140668594863,0.20723903818831477,0.7443404742143443,0.11127460410620807,False
EURUSD,買い,1,2023-02-01 13:00:00,2023-02-01 17:00:00,1.0990763224968554,2023-02-02 01:00:00,1.09905,建値,breakeven,3,0.003369558955874613,1.092337204585106,1.0990763224968554,-2.632249685530219e-05,-0.0039059261464190415,1.244577571742194,0.12948949775596683,True
USDJPY,売り,-1,2023-02-01 13:00:00,2023-02-01 17:00:00,128.9702073498155,2023-02-02 01:00:00,128.972,建値,breakeven,3,0.57436022194694,130.1189277937094,128.9702073498155,-0.0017926501845124676,-0.001560562619078863,1.375804450971344,0.003121125238157726,True
AUDUSD,買い,1,2023-02-01 17:00:00,2023-02-01 21:00:00,0.7143042521179044,2023-02-02 09:00:00,0.7077480774788429,初期損切り,initial,4,0.0032559612605785417,0.7077923295967473,0.7077923295967473,-0.006556174639061441,-1.0067955535036823,0.4102468595889644,1.9999999999999944,False
GBPUSD,売り,-1,2023-02-02 09:00:00,2023-02-02 13:00:00,1.2243037570146253,2023-02-03 05:00:00,1.2246662429853745,時間切れ,time,4,0.004714355091077862,1.233732467196781,1.2243037570146253,-0.0003624859707491712,-0.03844491597962072,1.2735054739486642,0.25374477786763044,True
USDCHF,買い,1,2023-02-03 05:00:00,2023-02-03 09:00:00,0.9230563429665702,2023-02-06 01:00:00,0.92296,建値,breakeven,5,0.003485553832076134,0.9160852353024179,0.9230563429665702,-9.634296657023977e-05,-0.01382032400183217,1.4957901339668414,0.23420753369459438,True
EURUSD,売り,-1,2023-02-03 13:00:00,2023-02-05 17:00:00,1.0783136775031448,2023-02-06 09:00:00,1.0758563224968554,時間切れ,time,4,0.003975248475584974,1.0862641744543147,1.0862641744543147,0.002457355006289408,0.30908193807027345,0.6650345303901644,0.39401876548727843,False
AUDUSD,売り,-1,2023-02-03 05:00:00,2023-02-03 09:00:00,0.6977757478820956,2023-02-06 21:00:00,0.6927442446948993,トレイル,trail,10,0.003492595644824302,0.7047609391717442,0.6926999925769949,0.005031503187196362,0.7203100070648855,3.4918865858888086,0.5165934741337982,True
USDJPY,買い,1,2023-02-03 09:00:00,2023-02-03 13:00:00,131.05179265018452,2023-02-07 09:00:00,131.6940504693974,トレイル,trail,12,0.6439751887198589,129.7638422727448,131.69584311958192,0.6422578192128867,0.49866658720937207,2.871550615935183,0.12856496901551603,True
GBPUSD,買い,1,2023-02-09 01:00:00,2023-02-09 05:00:00,1.2141562429853745,2023-02-09 09:00:00,1.21409,建値,breakeven,2,0.004797112891115909,1.2045620172031426,1.2141562429853745,-6.624298537460938e-05,-0.006904463880482066,1.0597534663069004,0.2285214065745,True
AUDUSD,買い,1,2023-02-09 05:00:00,2023-02-09 09:00:00,0.7010642521179044,2023-02-09 13:00:00,0.6936933395454663,初期損切り,initial,2,0.0036633302272668115,0.6937375916633707,0.6937375916633707,-0.007370912572438049,-1.0060398756266975,0.0,2.0000000000000138,False
USDCHF,売り,-1,2023-02-09 05:00:00,2023-02-09 09:00:00,0.9160336570334298,2023-02-09 13:00:00,0.9224443854740991,初期損切り,initial,2,0.00315719273704958,0.9223480425075289,0.9223480425075289,-0.0064107284406693665,-1.01525769482484,-0.0,1.9999999999999896,False
USDJPY,売り,-1,2023-02-09 05:00:00,2023-02-09 09:00:00,130.4042073498155,2023-02-09 17:00:00,131.7073908248306,初期損切り,initial,3,0.6506954124152988,131.7055981746461,131.7055981746461,-1.3031834750151177,-1.0013774879539,0.00031865879417748754,2.0000000000000115,False
EURUSD,買い,1,2023-02-09 05:00:00,2023-02-09 09:00:00,1.0789963224968553,2023-02-09 21:00:00,1.0719688662927827,初期損切り,initial,4,0.0035005668536086864,1.071995188789638,1.071995188789638,-0.007027456204072635,-1.0037597477717255,0.021047306400885805,1.9999999999999887,False
AUDUSD,売り,-1,2023-02-10 09:00:00,2023-02-10 13:00:00,0.6916157478820957,2023-02-13 05:00:00,0.6920242521179044,時間切れ,time,4,0.0036329036174830138,0.6988815551170617,0.6988815551170617,-0.0004085042358087376,-0.05622282873716339,0.7035000515280313,0.4856314132348622,False
EURUSD,売り,-1,2023-02-10 01:00:00,2023-02-10 05:00:00,1.0706336775031446,2023-02-13 09:00:00,1.07066,建値,breakeven,8,0.0033967602642667543,1.077427198031678,1.0706336775031446,-2.632249685530219e-05,-0.0038746474298185906,1.4966253452220126,0.1490604156500977,True
USDJPY,買い,1,2023-02-12 21:00:00,2023-02-13 01:00:00,132.18879265018452,2023-02-13 17:00:00,132.4402073498155,時間切れ,time,4,0.6713672551083343,130.84605813996785,132.18879265018452,0.2514146996309705,0.18724081173008753,1.0742367077451456,0.2588637572985208,True
GBPUSD,買い,1,2023-02-14 05:00:00,2023-02-14 09:00:00,1.2210562429853746,2023-02-15 01:00:00,1.2149037570146255,時間切れ,time,4,0.0047401995620187706,1.211575843861337,1.211575843861337,-0.006152485970749133,-0.6489690877201058,0.22019263133740652,1.9611501295982503,False
AUDUSD,売り,-1,2023-02-15 05:00:00,2023-02-15 09:00:00,0.6883857478820956,2023-02-16 01:00:00,0.6915242521179044,時間切れ,time,4,0.003636505880045704,0.695658759642187,0.695658759642187,-0.003138504235808748,-0.43152745235892526,0.5295599527729759,1.1368748612754762,False
GBPUSD,売り,-1,2023-02-15 05:00:00,2023-02-15 09:00:00,1.2013737570146255,2023-02-16 01:00:00,1.2046262429853747,時間切れ,time,4,0.005077274371421688,1.2115283057574688,1.2115283057574688,-0.0032524859707492304,-0.32029842518029034,0.46752584969338823,0.7831451866685469,False
AUDUSD,売り,-1,2023-02-16 17:00:00,2023-02-16 21:00:00,0.6854957478820957,2023-02-17 09:00:00,0.68554,建値,breakeven,4,0.0037193739113417293,0.6929344957047792,0.6854957478820957,-4.425211790437533e-05,-0.005948866524206462,1.1657198188314428,0.049538476715783084,True
EURUSD,売り,-1,2023-02-16 17:00:00,2023-02-16 21:00:00,1.0653436775031446,2023-02-17 09:00:00,1.06537,建値,breakeven,4,0.003249251942653324,1.0718421813884513,1.0653436775031446,-2.632249685530219e-05,-0.0040505472213101705,1.247572541215239,0.24507871685849894,True
USDCHF,買い,1,2023-02-16 17:00:00,2023-02-16 21:00:00,0.9283763429665702,2023-02-17 09:00:00,0.92828,建値,breakeven,4,0.002880300959042838,0.9226157410484845,0.9283763429665702,-9.634296657023977e-05,-0.01672446177330299,1.6747059081745266,0.15843586245303878,True
USDJPY,買い,1,2023-02-16 17:00:00,2023-02-16 21:00:00,134.6367926501845,2023-02-17 13:00:00,134.26420734981548,時間切れ,time,4,0.592872411955607,133.45104782627328,133.45104782627328,-0.3725853003690247,-0.31422047379472523,0.8082807365497595,0.9509510626827943,False
GBPUSD,買い,1,2023-02-21 01:00:00,2023-02-21 05:00:00,1.2091962429853746,2023-02-21 21:00:00,1.2120537570146255,時間切れ,time,4,0.004442987984180611,1.2003102670170134,1.2091962429853746,0.0028575140292508294,0.3215757097954228,1.2635093848133834,0.6541190288432754,True
AUDUSD,売り,-1,2023-02-22 13:00:00,2023-02-22 17:00:00,0.6802357478820956,2023-02-23 09:00:00,0.6815842521179044,時間切れ,time,4,0.0030057210338673757,0.6862471899498304,0.6862471899498304,-0.0013485042358087895,-0.22432291962799147,0.08176004337283435,1.3055942563156455,False
EURUSD,売り,-1,2023-02-22 13:00:00,2023-02-22 17:00:00,1.0604736775031447,2023-02-23 09:00:00,1.0607863224968552,時間切れ,time,4,0.0028981256131844673,1.0662699287295136,1.0662699287295136,-0.00031264499371053134,-0.053939172320242576,0.6430630524316135,0.7992484819559028,False
USDJPY,買い,1,2023-02-23 05:00:00,2023-02-23 09:00:00,135.2747926501845,2023-02-23 17:00:00,134.4185804375425,初期損切り,initial,3,0.42720978122875825,134.420373087727,134.420373087727,-0.8562122126420206,-1.0020980912227104,0.0636861584424144,1.9999999999999805,False
USDCHF,買い,1,2023-02-23 05:00:00,2023-02-23 09:00:00,0.9335363429665703,2023-02-24 01:00:00,0.9339436570334297,時間切れ,time,4,0.00260624723522087,0.9283238484961286,0.9283238484961286,0.00040731406685945437,0.07814187030205827,0.5155524062612145,0.5933216717404998,False
GBPUSD,売り,-1,2023-02-24 05:00:00,2023-02-24 09:00:00,1.1964337570146253,2023-02-27 01:00:00,1.1939162429853747,時間切れ,time,4,0.004536332917543999,1.2055064228497132,1.2055064228497132,0.0025175140292506004,0.27748338525973965,0.7878074822956583,0.05648681215255153,False
USDJPY,買い,1,2023-02-24 05:00:00,2023-02-24 09:00:00,135.8807926501845,2023-02-27 01:00:00,136.3512073498155,時間切れ,time,4,0.4852439946363156,134.91030466091186,135.8807926501845,0.470414699630993,0.48471975421721913,1.391480074517085,0.003694327398850215,True
USDJPY,買い,1,2023-02-28 01:00:00,2023-02-28 05:00:00,136.7387926501845,2023-02-28 09:00:00,135.85262280545382,初期損切り,initial,2,0.4421885972730847,135.85441545563833,135.85441545563833,-0.8861698447306878,-1.002027019913645,0.380397302989753,2.0000000000000138,False
USDCHF,買い,1,2023-03-02 05:00:00,2023-03-02 09:00:00,0.9431063429665703,2023-03-03 01:00:00,0.9407036570334297,時間切れ,time,4,0.002762107505983096,0.937582127954604,0.937582127954604,-0.002402685933140525,-0.43493707756413974,0.33802342284190934,0.9544679057058979,False
USDJPY,買い,1,2023-03-02 05:00:00,2023-03-02 09:00:00,137.0537926501845,2023-03-03 01:00:00,136.65720734981548,時間切れ,time,4,0.49215241195426884,136.06948782627597,136.06948782627597,-0.3965853003690256,-0.4029090285204948,0.016676439282125255,1.1293100199946986,False
USDCHF,売り,-1,2023-03-06 09:00:00,2023-03-06 13:00:00,0.9314736570334298,2023-03-07 05:00:00,0.9328163429665702,時間切れ,time,4,0.002831142073045056,0.9371359411795199,0.9314736570334298,-0.001342685933140464,-0.23712796788335103,1.0150168939911253,0.5638512393174345,True
EURUSD,売り,-1,2023-03-07 09:00:00,2023-03-07 13:00:00,1.0567136775031447,2023-03-08 05:00:00,1.0535963224968552,時間切れ,time,4,0.0030944795144567197,1.0629026365320582,1.0567136775031447,0.003117355006289513,0.5036961776166111,1.371370365620188,0.21209463297107572,True
GBPUSD,売り,-1,2023-03-07 09:00:00,2023-03-07 13:00:00,1.1849137570146253,2023-03-08 05:00:00,1.1834062429853747,時間切れ,time,4,0.00447464227573659,1.1938630415660985,1.1938630415660985,0.001507514029250645,0.16845078738752214,0.8746524914063668,0.22934637500284805,False
USDJPY,買い,1,2023-03-07 13:00:00,2023-03-07 17:00:00,137.16479265018452,2023-03-08 05:00:00,137.163,建値,breakeven,4,0.45809309020977124,136.24860646976498,137.16479265018452,-0.0017926501845124676,-0.0019566439909534245,1.6311255633070552,0.2112947177181559,True
AUDUSD,売り,-1,2023-03-07 01:00:00,2023-03-07 05:00:00,0.6674757478820956,2023-03-08 09:00:00,0.6623359691028652,トレイル,trail,8,0.002804873690580912,0.6730854952632574,0.6622917169849608,0.005139778779230442,0.9162228581790347,3.813272561261188,0.14412489206267196,True
USDJPY,売り,-1,2023-03-10 09:00:00,2023-03-10 13:00:00,134.7382073498155,2023-03-12 21:00:00,134.74,建値,breakeven,3,0.6400551824183776,136.01831771465226,134.7382073498155,-0.0017926501845124676,-0.0014003872117237905,1.8704752069844737,0.6386834470114233,True
GBPUSD,買い,1,2023-03-12 17:00:00,2023-03-12 21:00:00,1.2074762429853747,2023-03-13 05:00:00,1.20741,建値,breakeven,3,0.004676531092624223,1.1981231808001263,1.2074762429853747,-6.624298537460938e-05,-0.007082491708339878,1.4334892427420038,0.4247257092992358,True
AUDUSD,買い,1,2023-03-12 21:00:00,2023-03-13 01:00:00,0.6667042521179044,2023-03-13 13:00:00,0.66666,建値,breakeven,4,0.0034000517315110994,0.6599041486548822,0.6667042521179044,-4.425211790437533e-05,-0.006507565384116697,1.4663741248077324,1.5953439965731648,True
EURUSD,買い,1,2023-03-12 21:00:00,2023-03-13 01:00:00,1.0718063224968553,2023-03-13 17:00:00,1.0731536775031447,時間切れ,time,4,0.0034943595805171485,1.064817603335821,1.064817603335821,0.0013473550062894635,0.19278997699630862,0.8796111082219853,1.9334937750897696,False
USDCHF,売り,-1,2023-03-10 05:00:00,2023-03-10 09:00:00,0.9252636570334297,2023-03-14 01:00:00,0.914542407223253,トレイル,trail,11,0.0031248737191711825,0.9315134044717721,0.9144460642566827,0.010721249810176747,1.7154692915111414,5.799804620020534,0.3060421164231801,True
AUDUSD,買い,1,2023-03-16 21:00:00,2023-03-17 01:00:00,0.6715242521179043,2023-03-19 17:00:00,0.6715457478820956,時間切れ,time,4,0.00341184033354353,0.6647005714508173,0.6647005714508173,2.1495764191303834e-05,0.003150171474902869,0.26840291237913905,1.214667661074326,False
USDJPY,売り,-1,2023-03-20 01:00:00,2023-03-20 05:00:00,130.8922073498155,2023-03-20 21:00:00,131.17579265018452,時間切れ,time,4,0.8613573803631972,132.6149221105419,132.6149221105419,-0.28358530036902607,-0.16461535411088624,0.0861516386893799,1.108474452011917,False
GBPUSD,買い,1,2023-03-20 01:00:00,2023-03-20 05:00:00,1.2214162429853745,2023-03-21 09:00:00,1.22135,建値,breakeven,8,0.004501127327363833,1.2124139883306468,1.2214162429853745,-6.624298537460938e-05,-0.007358488280468816,1.5804389650073853,0.654556685713693,True
EURUSD,買い,1,2023-03-21 05:00:00,2023-03-21 09:00:00,1.0781563224968553,2023-03-22 01:00:00,1.0768636775031446,時間切れ,time,4,0.003703359084984925,1.0707496043268856,1.0707496043268856,-0.0012926449937107343,-0.17452331303109325,0.19541110827703387,0.6713695431091451,False
AUDUSD,売り,-1,2023-03-21 09:00:00,2023-03-21 13:00:00,0.6654957478820956,2023-03-22 05:00:00,0.6691042521179044,時間切れ,time,4,0.0030259892785164874,0.6715477264391286,0.6715477264391286,-0.0036085042358087183,-0.5962519863219431,0.02503243571727709,1.5810538893415562,False
USDCHF,売り,-1,2023-03-21 09:00:00,2023-03-21 13:00:00,0.9224736570334298,2023-03-22 05:00:00,0.9224563429665702,時間切れ,time,4,0.003926758167873056,0.9303271733691759,0.9303271733691759,1.7314066859563937e-05,0.0022046260705866397,0.3218066861790607,0.5338609807249052,False
GBPUSD,買い,1,2023-03-22 17:00:00,2023-03-22 21:00:00,1.2292262429853746,2023-03-23 05:00:00,1.22916,建値,breakeven,3,0.004399426110499968,1.2204273907643748,1.2292262429853746,-6.624298537460938e-05,-0.007528593924615461,1.1646421342085307,0.21281025339646797,True
AUDUSD,買い,1,2023-03-22 21:00:00,2023-03-23 01:00:00,0.6741842521179043,2023-03-23 13:00:00,0.6679974723509928,初期損切り,initial,4,0.0030712638245035616,0.6680417244688972,0.6680417244688972,-0.00618677976691151,-1.007204219571,0.44142996485000285,2.0000000000000036,False
USDJPY,売り,-1,2023-03-23 17:00:00,2023-03-23 21:00:00,130.52520734981547,2023-03-24 09:00:00,130.527,建値,breakeven,4,0.7074489162878177,131.9401051823911,130.52520734981547,-0.0017926501845124676,-0.001266982069828451,1.245612693054094,0.22304458534264288,True
AUDUSD,売り,-1,2023-03-24 05:00:00,2023-03-24 09:00:00,0.6638157478820956,2023-03-27 01:00:00,0.6650842521179043,時間切れ,time,4,0.003197494286259338,0.6702107364546143,0.6702107364546143,-0.0012685042358087095,-0.19835910907798657,0.2676307775663777,0.745662667217353,False
GBPUSD,買い,1,2023-03-28 09:00:00,2023-03-28 13:00:00,1.2344662429853746,2023-03-29 05:00:00,1.2324437570146254,時間切れ,time,4,0.004048632923988977,1.2263689771373967,1.2263689771373967,-0.002022485970749166,-0.24977393711906104,0.09972675275968297,0.9895298142828988,False
USDCHF,売り,-1,2023-03-30 05:00:00,2023-03-30 09:00:00,0.9130036570334298,2023-03-31 01:00:00,0.9140163429665702,時間切れ,time,4,0.0027965010524715448,0.9185966591383729,0.9185966591383729,-0.0010126859331404114,-0.18106303450974937,0.19440616085205856,0.5636840240689326,False
AUDUSD,買い,1,2023-03-30 17:00:00,2023-03-30 21:00:00,0.6720242521179044,2023-03-31 13:00:00,0.6698957478820956,時間切れ,time,4,0.0025244966853262265,0.6669752587472519,0.6669752587472519,-0.0021285042358087924,-0.42157001991344223,0.6875619572743973,1.990199530507644,False
GBPUSD,売り,-1,2023-04-02 21:00:00,2023-04-03 01:00:00,1.2280437570146254,2023-04-03 05:00:00,1.2352702314793569,初期損切り,initial,2,0.0035801157396784223,1.2352039884939823,1.2352039884939823,-0.007226474464731458,-1.0092515145027914,0.15746893553674876,2.0000000000000013,False
USDJPY,買い,1,2023-03-29 01:00:00,2023-03-29 05:00:00,131.99079265018452,2023-04-03 09:00:00,132.58320712209695,トレイル,trail,20,0.6076305837751731,130.77553148263416,132.58499977228146,0.5924144719124342,0.48747914253410185,2.9050666588379306,0.6431418375233036,True
AUDUSD,買い,1,2023-04-03 05:00:00,2023-04-03 09:00:00,0.6763042521179043,2023-04-03 21:00:00,0.67626,建値,breakeven,4,0.002947228203992064,0.6704097957099202,0.6763042521179043,-4.425211790437533e-05,-0.007507412870919731,1.0334279096441026,0.13037745681990526,True
GBPUSD,買い,1,2023-04-04 01:00:00,2023-04-04 05:00:00,1.2476062429853747,2023-04-04 09:00:00,1.2470837570146254,建値,breakeven,2,0.0038843608722012772,1.2398375212409722,1.2476062429853747,-0.0005224859707493312,-0.0672550759236277,1.154310107156513,0.2539009679643217,True
EURUSD,買い,1,2023-04-04 09:00:00,2023-04-04 13:00:00,1.0946463224968552,2023-04-05 05:00:00,1.0951036775031446,時間切れ,time,4,0.0035866826804156838,1.0874729571360238,1.0874729571360238,0.00045735500628940606,0.06375738349906107,0.6450744906367238,0.15510781031533735,False
USDCHF,売り,-1,2023-04-04 09:00:00,2023-04-04 13:00:00,0.9061936570334298,2023-04-05 05:00:00,0.9047863429665702,時間切れ,time,4,0.002914615557713271,0.9120228881488563,0.9120228881488563,0.0014073140668595663,0.24142361813983232,0.7148994411683619,0.09481283589490237,False
AUDUSD,売り,-1,2023-04-06 05:00:00,2023-04-06 09:00:00,0.6670157478820956,2023-04-07 01:00:00,0.6685442521179044,時間切れ,time,4,0.0028665079824545803,0.6727487638470048,0.6727487638470048,-0.0015285042358087475,-0.2666143344383599,0.5915727053526381,0.5666309418449831,False
USDJPY,買い,1,2023-04-10 05:00:00,2023-04-10 09:00:00,133.33079265018452,2023-04-10 17:00:00,133.329,建値,breakeven,3,0.5448765944007189,132.24103946138308,133.33079265018452,-0.0017926501845124676,-0.0016450056792071508,0.9932659163140223,0.11157141049777079,True
AUDUSD,売り,-1,2023-04-10 05:00:00,2023-04-10 09:00:00,0.6623557478820956,2023-04-11 01:00:00,0.6668242521179044,時間切れ,time,4,0.0026020737275138242,0.6675598953371232,0.6675598953371232,-0.004468504235808801,-0.8586428948111081,0.15208941926243635,1.946236981817993,False
EURUSD,売り,-1,2023-04-10 05:00:00,2023-04-10 09:00:00,1.0848736775031447,2023-04-11 01:00:00,1.0882763224968552,時間切れ,time,4,0.0028507110272059074,1.0905750995575565,1.0905750995575565,-0.0034026449937105685,-0.5968063688738092,0.6046482743058175,1.370297606307766,False
GBPUSD,売り,-1,2023-04-10 05:00:00,2023-04-10 09:00:00,1.2351537570146254,2023-04-11 01:00:00,1.2404162429853747,時間切れ,time,4,0.0036532094220120674,1.2424601758586495,1.2424601758586495,-0.005262485970749298,-0.7202551733060644,0.18716611495237748,1.693372120442949,False
USDCHF,買い,1,2023-04-10 05:00:00,2023-04-10 09:00:00,0.9103063429665702,2023-04-11 01:00:00,0.9079336570334298,時間切れ,time,4,0.002469607514194502,0.9053671279381812,0.9053671279381812,-0.0023726859331404393,-0.48037712865364457,0.6979477603314629,1.0877610920480254,False
AUDUSD,買い,1,2023-04-12 05:00:00,2023-04-12 09:00:00,0.6706642521179044,2023-04-13 01:00:00,0.6710757478820957,時間切れ,time,4,0.002573944296125103,0.6655163635256541,0.6655163635256541,0.0004114957641913053,0.0799348619958062,0.550030505410297,1.1982590775361954,False
GBPUSD,買い,1,2023-04-12 09:00:00,2023-04-12 13:00:00,1.2484962429853745,2023-04-13 05:00:00,1.2520037570146254,時間切れ,time,4,0.003493799494145188,1.2415086439970842,1.2484962429853745,0.003507514029250869,0.5019626963608906,1.0286099762300913,0.20214181911643345,True
USDJPY,売り,-1,2023-04-13 05:00:00,2023-04-13 09:00:00,132.51320734981547,2023-04-13 21:00:00,132.5887926501845,建値,breakeven,4,0.5068374479887592,133.526882245793,132.51320734981547,-0.07558530036902766,-0.07456562322788747,0.9671884975364917,0.5638743769202924,True
EURUSD,買い,1,2023-04-12 05:00:00,2023-04-12 09:00:00,1.0964363224968554,2023-04-14 05:00:00,1.102232897803156,トレイル,trail,12,0.0027799033971300457,1.0908765157025953,1.1022592203000112,0.005796575306300511,1.0425857445774658,4.015850879807484,0.22170644400509745,True
USDCHF,売り,-1,2023-04-11 13:00:00,2023-04-11 17:00:00,0.9035436570334298,2023-04-14 05:00:00,0.8913045651560454,トレイル,trail,16,0.0023988990617534968,0.9083414551569368,0.8912082221894752,0.012239091877384367,2.5509810046859775,7.317380423917753,0.08601569355713784,True
GBPUSD,売り,-1,2023-04-16 17:00:00,2023-04-16 21:00:00,1.2390437570146253,2023-04-17 13:00:00,1.2357262429853746,時間切れ,time,4,0.003441075902056864,1.245925908818739,1.245925908818739,0.0033175140292507344,0.48204604078447205,1.0705247775625601,1.3909146794796778,False
USDJPY,買い,1,2023-04-16 21:00:00,2023-04-17 01:00:00,134.06379265018452,2023-04-17 17:00:00,134.4642073498155,時間切れ,time,4,0.48728011320864884,133.0892324237672,134.06379265018452,0.4004146996309714,0.41086706473029977,1.0470514514862255,0.6542287311610759,True
USDJPY,買い,1,2023-04-19 01:00:00,2023-04-19 05:00:00,134.8917926501845,2023-04-19 21:00:00,134.83620734981548,時間切れ,time,4,0.4189333101880191,134.05392602980845,134.05392602980845,-0.05558530036901743,-0.06634146654997487,0.5805395367256415,1.4245528719515481,False
AUDUSD,買い,1,2023-04-20 05:00:00,2023-04-20 09:00:00,0.6749442521179044,2023-04-21 01:00:00,0.6714057478820956,時間切れ,time,4,0.0024655947619369014,0.6700130625940306,0.6700130625940306,-0.003538504235808815,-0.7175761991457724,0.8824434232600408,1.5104883314153073,False
USDCHF,売り,-1,2023-04-20 05:00:00,2023-04-20 09:00:00,0.8929136570334297,2023-04-21 01:00:00,0.8934763429665702,時間切れ,time,4,0.0023357194844949077,0.8975850960024195,0.8975850960024195,-0.000562685933140461,-0.12045237813780968,0.3740419340718054,0.7305427633315443,False
USDJPY,売り,-1,2023-04-21 01:00:00,2023-04-21 05:00:00,133.7722073498155,2023-04-23 21:00:00,133.98079265018453,時間切れ,time,4,0.4090480940206492,134.59030353785678,134.59030353785678,-0.20858530036903744,-0.25496427366131164,0.5383409751430834,1.7621220113743403,False
EURUSD,買い,1,2023-04-21 05:00:00,2023-04-21 09:00:00,1.0988463224968552,2023-04-24 01:00:00,1.0980236775031447,時間切れ,time,4,0.002665718893384016,1.0935148847100873,1.0935148847100873,-0.0008226449937105418,-0.15430077712849705,0.2939835498371144,1.7204824215478547,False
GBPUSD,買い,1,2023-04-24 13:00:00,2023-04-24 17:00:00,1.2481762429853747,2023-04-25 09:00:00,1.2423837570146254,時間切れ,time,4,0.0032880830422418322,1.241600076900891,1.241600076900891,-0.005792485970749217,-0.8808302430828922,0.7675466167376813,1.8722893875506872,False
USDJPY,売り,-1,2023-04-26 01:00:00,2023-04-26 05:00:00,133.53720734981547,2023-04-26 13:00:00,133.8167926501845,建値,breakeven,3,0.3917184024470873,134.32064415470964,133.53720734981547,-0.2795853003690354,-0.35687026524979426,1.3280135591427766,1.0384823578449638,True
AUDUSD,売り,-1,2023-04-25 05:00:00,2023-04-25 09:00:00,0.6653057478820956,2023-04-27 17:00:00,0.6636098726161785,トレイル,trail,15,0.002375455882994485,0.6700566596480846,0.6635656204982742,0.0016958752659170795,0.3569578534498543,2.5871867063884855,0.11966213304120253,True
USDCHF,買い,1,2023-04-27 05:00:00,2023-04-27 09:00:00,0.8963563429665702,2023-04-28 01:00:00,0.8946636570334298,時間切れ,time,4,0.0024230333405651596,0.8915102762854399,0.8915102762854399,-0.0016926859331404254,-0.34929068139557984,0.5297727488679136,1.3274035122521035,False
AUDUSD,売り,-1,2023-04-28 01:00:00,2023-04-28 05:00:00,0.6582357478820956,2023-04-30 21:00:00,0.6618442521179044,時間切れ,time,4,0.002324931337757585,0.6628856105576107,0.6628856105576107,-0.0036085042358088293,-0.7760453345880873,0.3680744752320351,1.6448881976845402,False
GBPUSD,買い,1,2023-04-28 09:00:00,2023-04-28 13:00:00,1.2575262429853746,2023-05-01 05:00:00,1.2517737570146255,時間切れ,time,4,0.0037437424529232245,1.2500387580795282,1.2500387580795282,-0.005752485970749177,-0.7682801425425868,0.017030288655559292,1.5322215824156509,False
AUDUSD,買い,1,2023-05-01 05:00:00,2023-05-01 09:00:00,0.6660842521179043,2023-05-02 01:00:00,0.6693357478820956,時間切れ,time,4,0.002245236359278887,0.6615937793993466,0.6660842521179043,0.003251495764191259,0.7240876335254871,1.650493439936029,1.7834434674799242,True
USDCHF,買い,1,2023-05-02 01:00:00,2023-05-02 05:00:00,0.8983863429665703,2023-05-02 09:00:00,0.8931953072520641,初期損切り,initial,2,0.00254734637396797,0.8932916502186343,0.8932916502186343,-0.005191035714506187,-1.0189104566922664,0.44110885151415524,2.0000000000000027,False
USDJPY,買い,1,2023-04-27 21:00:00,2023-04-28 01:00:00,134.77679265018452,2023-05-02 09:00:00,136.83667747618088,トレイル,trail,15,0.47326373189013005,133.83026518640426,136.8384701263654,2.059884825996363,2.1762546833765968,6.33305945047844,0.13056705177412609,True
EURUSD,売り,-1,2023-05-02 05:00:00,2023-05-02 09:00:00,1.0955036775031446,2023-05-02 17:00:00,1.10155015634867,初期損切り,initial,3,0.003010078174335116,1.1015238338518147,1.1015238338518147,-0.006046478845525449,-1.0043723942254477,0.4231376826038387,1.9999999999999718,False
EURUSD,買い,1,2023-05-03 01:00:00,2023-05-03 05:00:00,1.1040063224968553,2023-05-04 01:00:00,1.10398,建値,breakeven,6,0.002966887699185309,1.0980725470984847,1.1040063224968553,-2.632249685530219e-05,-0.0044360453654060114,1.7336947079450435,0.5886041784914126,True
USDCHF,売り,-1,2023-05-03 01:00:00,2023-05-03 05:00:00,0.8877236570334298,2023-05-04 01:00:00,0.8876472453404592,トレイル,trail,6,0.0026415557811793524,0.8930067685957885,0.887550902373889,7.641169297056827e-05,0.014463388112980412,2.155418058553295,1.1380955829098534,True
AUDUSD,買い,1,2023-05-04 17:00:00,2023-05-04 21:00:00,0.6705442521179044,2023-05-05 05:00:00,0.6705,建値,breakeven,3,0.0026913827914349423,0.6651614865350345,0.6705442521179044,-4.425211790437533e-05,-0.008221074691642394,1.447489333176057,0.04616664649107675,True
GBPUSD,買い,1,2023-05-04 09:00:00,2023-05-04 13:00:00,1.2595962429853746,2023-05-05 05:00:00,1.2607237570146255,時間切れ,time,4,0.0036698302197005427,1.2522565825459735,1.2595962429853746,0.0011275140292508201,0.1536193722529792,1.0392189246663504,0.7347051018602039,True
EURUSD,売り,-1,2023-05-09 05:00:00,2023-05-09 09:00:00,1.0949736775031447,2023-05-10 01:00:00,1.0972463224968554,時間切れ,time,4,0.003093093514099076,1.1011598645313427,1.1011598645313427,-0.002272644993710715,-0.3673741164551676,0.2727617187449833,0.8943546272512269,False
AUDUSD,買い,1,2023-05-10 05:00:00,2023-05-10 09:00:00,0.6814942521179044,2023-05-10 09:00:00,0.676488503363767,初期損切り,initial,1,0.0024807483181165106,0.6765327554816714,0.6765327554816714,-0.005005748754137396,-1.0089191067028462,0.0,1.9999999999999996,False
GBPUSD,買い,1,2023-05-10 05:00:00,2023-05-10 09:00:00,1.2674262429853747,2023-05-11 01:00:00,1.2617737570146255,時間切れ,time,4,0.003439567627731871,1.2605471077299109,1.2605471077299109,-0.005652485970749188,-0.8216855405277445,0.10575661071248967,1.972993038619122,False
EURUSD,売り,-1,2023-05-11 01:00:00,2023-05-11 05:00:00,1.0928236775031448,2023-05-11 21:00:00,1.0921763224968553,時間切れ,time,4,0.003162398818251378,1.0991484751396476,1.0991484751396476,0.0006473550062895406,0.10235189226504487,0.8865667059334021,0.650241356336044,False
USDCHF,買い,1,2023-05-11 01:00:00,2023-05-11 05:00:00,0.8948363429665702,2023-05-11 21:00:00,0.8934436570334298,時間切れ,time,4,0.002887485147256727,0.8890613726720568,0.8890613726720568,-0.0013926859331404584,-0.24115897781562412,0.34066219677848714,1.193544829085761,False
GBPUSD,売り,-1,2023-05-11 09:00:00,2023-05-11 13:00:00,1.2512437570146253,2023-05-12 05:00:00,1.2533462429853746,時間切れ,time,4,0.0038829853275302965,1.2590097276696859,1.2590097276696859,-0.002102485970749246,-0.270730609750526,0.1966932527945067,0.7278531199530147,False
USDCHF,買い,1,2023-05-12 09:00:00,2023-05-12 13:00:00,0.8981763429665702,2023-05-15 05:00:00,0.8969536570334298,時間切れ,time,4,0.002925515475706474,0.8923253120151573,0.8923253120151573,-0.001222685933140455,-0.20896931554347567,0.21317851114057398,0.7028993637689172,False
USDJPY,買い,1,2023-05-12 09:00:00,2023-05-12 13:00:00,135.6627926501845,2023-05-15 05:00:00,136.1072073498155,時間切れ,time,4,0.47741871887292353,134.70795521243866,135.6627926501845,0.44441469963098257,0.465434933804171,1.2592873426387832,0.07916038624068542,True
USDJPY,買い,1,2023-05-16 09:00:00,2023-05-16 13:00:00,136.59279265018452,2023-05-17 05:00:00,137.0472073498155,時間切れ,time,4,0.4263121004386464,135.74016844930722,136.59279265018452,0.4544146996309735,0.5329601237724796,1.1733360355026023,0.7571744969293119,True
GBPUSD,売り,-1,2023-05-17 01:00:00,2023-05-17 05:00:00,1.2426637570146253,2023-05-17 09:00:00,1.2494216719077498,初期損切り,initial,2,0.0033458359538749887,1.2493554289223752,1.2493554289223752,-0.006757914893124495,-1.00989931758277,0.1296408492840119,1.9999999999999725,False
EURUSD,売り,-1,2023-05-17 01:00:00,2023-05-17 05:00:00,1.0829036775031446,2023-05-17 21:00:00,1.0842463224968553,時間切れ,time,4,0.0024988451426591405,1.087901367788463,1.087901367788463,-0.0013426449937106177,-0.2686531011445241,0.7538192227230387,0.8109035899275444,False
USDCHF,買い,1,2023-05-17 01:00:00,2023-05-17 05:00:00,0.9003363429665703,2023-05-17 21:00:00,0.8984036570334297,時間切れ,time,4,0.0024876536488541326,0.895361035668862,0.895361035668862,-0.0019326859331405544,-0.3884555902769647,0.8978971145997653,1.0034929772961676,False
AUDUSD,売り,-1,2023-05-18 05:00:00,2023-05-18 09:00:00,0.6620357478820956,2023-05-19 01:00:00,0.6634242521179043,時間切れ,time,4,0.0024794193408494616,0.6669945865637945,0.6669945865637945,-0.0013885042358087185,-0.2800059298023,0.6314978093052996,0.8486874661481824,False
GBPUSD,売り,-1,2023-05-18 09:00:00,2023-05-18 13:00:00,1.2395637570146254,2023-05-19 05:00:00,1.2409162429853746,時間切れ,time,4,0.003479993912013698,1.2465237448386528,1.2465237448386528,-0.0013524859707492176,-0.19432303689959646,0.12176947010240174,0.9242093712495942,False
USDCHF,買い,1,2023-05-18 09:00:00,2023-05-18 13:00:00,0.9054963429665702,2023-05-19 05:00:00,0.9029036570334298,時間切れ,time,4,0.0025519319911784413,0.9003924789842134,0.9003924789842134,-0.0025926859331404373,-0.507984919289165,0.15817703403742112,1.381832658064592,False
AUDUSD,売り,-1,2023-05-23 05:00:00,2023-05-23 09:00:00,0.6611957478820957,2023-05-24 01:00:00,0.6596842521179044,時間切れ,time,4,0.002284971902142577,0.6657656916863808,0.6611957478820957,0.0015114957641912952,0.33074712270509604,1.1360086658666242,0.793993184862852,True
GBPUSD,売り,-1,2023-05-23 05:00:00,2023-05-23 09:00:00,1.2378837570146255,2023-05-24 01:00:00,1.2435162429853746,時間切れ,time,4,0.003348748771971846,1.2445812545585693,1.2445812545585693,-0.005632485970749057,-0.8409836560287077,0.05188714545555328,1.742813027427519,False
USDJPY,買い,1,2023-05-23 05:00:00,2023-05-23 09:00:00,138.86079265018452,2023-05-24 01:00:00,138.41920734981548,時間切れ,time,4,0.466696713994042,137.92739922219644,137.92739922219644,-0.44158530036904153,-0.47309664620295455,0.0,1.2209056397851532,False
GBPUSD,売り,-1,2023-05-24 09:00:00,2023-05-24 13:00:00,1.2370937570146254,2023-05-25 01:00:00,1.23716,建値,breakeven,4,0.0036643468485832754,1.244422450711792,1.2370937570146254,-6.624298537460938e-05,-0.00903885304965338,1.0516900211330953,0.18727566295750425,True
USDCHF,買い,1,2023-05-24 09:00:00,2023-05-24 13:00:00,0.9059863429665702,2023-05-25 05:00:00,0.9057036570334298,時間切れ,time,4,0.0024348569101735698,0.901116629146223,0.901116629146223,-0.000282685933140403,-0.05804980406841477,0.3505984396302423,0.9020419053757304,False
USDJPY,買い,1,2023-05-24 09:00:00,2023-05-24 13:00:00,139.3107926501845,2023-05-25 05:00:00,139.49120734981548,時間切れ,time,4,0.4532577411651876,138.40427716785413,138.40427716785413,0.18041469963097256,0.19901998713489297,0.8631013092237836,1.0739864010553952,False
EURUSD,売り,-1,2023-05-24 09:00:00,2023-05-24 13:00:00,1.0755736775031446,2023-05-26 05:00:00,1.0753786281364992,トレイル,trail,11,0.0025579664019539446,1.0806896103070525,1.075352305639644,0.00019504936664538342,0.038125865628335025,1.8974750799842923,0.40513530438236706,True
GBPUSD,買い,1,2023-05-30 05:00:00,2023-05-30 09:00:00,1.2423962429853745,2023-05-31 01:00:00,1.2391937570146254,時間切れ,time,4,0.003389760915222155,1.2356167211549303,1.2356167211549303,-0.003202485970749125,-0.4723763785770188,0.4731180324321916,1.243817216264695,False
AUDUSD,売り,-1,2023-05-31 01:00:00,2023-05-31 05:00:00,0.6477757478820956,2023-05-31 21:00:00,0.6492842521179044,時間切れ,time,4,0.002321924089297992,0.6524195960606916,0.6524195960606916,-0.0015085042358088385,-0.3248392664432277,0.8379894463663694,1.3886122000135084,False
EURUSD,売り,-1,2023-05-31 01:00:00,2023-05-31 05:00:00,1.0659636775031447,2023-05-31 21:00:00,1.0686763224968554,時間切れ,time,4,0.0024750204825748088,1.0709137184682944,1.0709137184682944,-0.002712644993710711,-0.5480045544691204,0.9873362747295198,1.844963518081621,False
USDCHF,買い,1,2023-05-30 21:00:00,2023-05-31 01:00:00,0.9083563429665702,2023-06-01 05:00:00,0.9099936570334297,トレイル,trail,8,0.0022437001710402466,0.9038689426244897,0.9101021495076682,0.0016373140668595187,0.3648691763704798,2.8585178698168985,0.2925270386131604,True
EURUSD,買い,1,2023-06-01 09:00:00,2023-06-01 13:00:00,1.0760163224968553,2023-06-02 05:00:00,1.0774036775031448,時間切れ,time,4,0.0029009547223447377,1.0702144130521658,1.0702144130521658,0.0013873550062895035,0.2391204170825793,0.649330197619309,0.1504065173766862,False
GBPUSD,買い,1,2023-06-01 05:00:00,2023-06-01 09:00:00,1.2484862429853747,2023-06-02 09:00:00,1.24842,建値,breakeven,7,0.0036586697126888912,1.2411689035599969,1.2484862429853747,-6.624298537460938e-05,-0.009052878583828897,1.6409672055947975,0.28869591089663676,True
AUDUSD,買い,1,2023-06-01 09:00:00,2023-06-01 13:00:00,0.6579042521179044,2023-06-04 21:00:00,0.6587381756913294,トレイル,trail,9,0.002699714626224173,0.6525048228654561,0.6587824278092338,0.0008339235734250439,0.1544466154541992,2.2208820976316805,0.4312500686536306,True
AUDUSD,買い,1,2023-06-05 21:00:00,2023-06-06 01:00:00,0.6665242521179043,2023-06-06 17:00:00,0.6672357478820956,時間切れ,time,4,0.0026194035577258895,0.6612854450024526,0.6612854450024526,0.0007114957641912723,0.13581255207749998,0.7695446072638444,0.8796858014138176,False
EURUSD,売り,-1,2023-06-06 05:00:00,2023-06-06 09:00:00,1.0670536775031447,2023-06-07 01:00:00,1.0690763224968554,時間切れ,time,4,0.002583057347744879,1.0722197921986345,1.0722197921986345,-0.0020226449937106317,-0.39152150367015437,0.04400889637389282,1.318717333097195,False
GBPUSD,買い,1,2023-06-07 05:00:00,2023-06-07 09:00:00,1.2465062429853746,2023-06-07 13:00:00,1.2433637570146254,建値,breakeven,2,0.0032701795062565304,1.2399658839728616,1.2465062429853746,-0.003142485970749176,-0.4804760663347302,1.065310637523165,1.0049121092855444,True
USDCHF,買い,1,2023-06-07 13:00:00,2023-06-07 17:00:00,0.9098463429665702,2023-06-08 05:00:00,0.9049595865902268,初期損切り,initial,4,0.0023952067048865653,0.905055929556797,0.905055929556797,-0.004886756376343393,-1.0201116184197607,0.385627274483404,2.0000000000000093,False
USDJPY,買い,1,2023-06-07 09:00:00,2023-06-07 13:00:00,140.1897926501845,2023-06-08 05:00:00,139.7322073498155,時間切れ,time,4,0.4593187019242773,139.27115524633595,139.27115524633595,-0.45758530036900424,-0.49811307317989545,0.12454827024427274,1.2274541572605986,False
GBPUSD,買い,1,2023-06-08 09:00:00,2023-06-08 13:00:00,1.2554562429853746,2023-06-09 05:00:00,1.2541937570146253,時間切れ,time,4,0.00348695330192944,1.2484823363815158,1.2484823363815158,-0.0012624859707492941,-0.18102995099629257,0.3939705799515967,0.5925639968368073,False
USDJPY,売り,-1,2023-06-08 09:00:00,2023-06-08 13:00:00,138.91420734981548,2023-06-09 05:00:00,139.6607926501845,時間切れ,time,4,0.45498689134068704,139.82418113249685,139.82418113249685,-0.7465853003690199,-0.8204470442753795,0.334531285872835,1.7798153432472084,False
EURUSD,買い,1,2023-06-08 05:00:00,2023-06-08 09:00:00,1.0747063224968554,2023-06-09 09:00:00,1.07468,建値,breakeven,7,0.002494931533780914,1.0697164594292936,1.0747063224968554,-2.632249685530219e-05,-0.005275194228559065,1.6007162717978234,0.2029404374428014,True
AUDUSD,買い,1,2023-06-09 05:00:00,2023-06-09 09:00:00,0.6735842521179044,2023-06-12 01:00:00,0.6739157478820956,時間切れ,time,4,0.002525077232739281,0.6685340976524259,0.6685340976524259,0.0003314957641912253,0.06564071781511581,0.5844367304736473,0.1838566012496641,False
AUDUSD,買い,1,2023-06-13 01:00:00,2023-06-13 05:00:00,0.6779442521179043,2023-06-13 13:00:00,0.6779,建値,breakeven,3,0.002280331178165211,0.6733835897615739,0.6779442521179043,-4.425211790437533e-05,-0.009703002425283958,1.217256470759251,0.7956090480524362,True
EURUSD,買い,1,2023-06-13 01:00:00,2023-06-13 05:00:00,1.0808063224968554,2023-06-13 21:00:00,1.0789836775031447,時間切れ,time,4,0.0023226524775402722,1.0761610175417748,1.0761610175417748,-0.0018226449937106537,-0.3923628289930109,0.6689237921593777,1.2857379766162613,False
GBPUSD,買い,1,2023-06-13 09:00:00,2023-06-13 13:00:00,1.2623862429853747,2023-06-14 05:00:00,1.2633637570146254,時間切れ,time,4,0.0033010968214569033,1.255784049342461,1.255784049342461,0.0009775140292507256,0.14805897586780117,0.4282688727685879,0.9318851132688444,False
AUDUSD,買い,1,2023-06-14 09:00:00,2023-06-14 13:00:00,0.6827642521179044,2023-06-14 13:00:00,0.6778553619726362,初期損切り,initial,1,0.002432319013681897,0.6778996140905406,0.6778996140905406,-0.0049088901452681855,-1.0090966928382896,0.0,2.0000000000000067,False
EURUSD,買い,1,2023-06-14 05:00:00,2023-06-14 09:00:00,1.0831363224968553,2023-06-14 13:00:00,1.08311,建値,breakeven,2,0.00242528613233716,1.078285750232181,1.0831363224968553,-2.632249685530219e-05,-0.005426678630685147,1.35805728620181,0.1716591256200438,True
USDCHF,売り,-1,2023-06-14 05:00:00,2023-06-14 09:00:00,0.8988336570334298,2023-06-15 01:00:00,0.9040263429665703,時間切れ,time,4,0.0025729614136038746,0.9039795798606375,0.9039795798606375,-0.005192685933140484,-1.0090874091009463,0.8875597672610079,1.9846170018608589,False
USDJPY,買い,1,2023-06-14 17:00:00,2023-06-14 21:00:00,140.3637926501845,2023-06-15 09:00:00,140.56582388865738,トレイル,trail,4,0.44727892584936296,139.4692347984858,140.5676165388419,0.20203123847286975,0.225844799292993,2.5514444876838,0.012950867679498107,True
AUDUSD,買い,1,2023-06-15 09:00:00,2023-06-15 13:00:00,0.6873442521179044,2023-06-16 05:00:00,0.6883957478820957,時間切れ,time,4,0.0029551239929955643,0.6814340041319132,0.6814340041319132,0.0010514957641912792,0.17791059980623586,0.8986925382455638,0.2247797789462966,False
GBPUSD,買い,1,2023-06-15 09:00:00,2023-06-15 13:00:00,1.2775062429853745,2023-06-16 05:00:00,1.2795237570146254,時間切れ,time,4,0.003695569793147459,1.2701151033990796,1.2775062429853745,0.0020175140292508775,0.2729638651381811,1.1753957461931481,0.20463501643961282,True
USDCHF,売り,-1,2023-06-15 09:00:00,2023-06-15 13:00:00,0.8913136570334298,2023-06-16 05:00:00,0.8909563429665702,時間切れ,time,4,0.0031600619346546974,0.8976337809027392,0.8976337809027392,0.0003573140668595709,0.05653592781538551,0.35874519451584747,0.7266765696543674,False
USDJPY,買い,1,2023-06-16 09:00:00,2023-06-16 13:00:00,141.85579265018453,2023-06-19 05:00:00,141.86620734981548,時間切れ,time,4,0.5232359322548296,140.80932078567486,140.80932078567486,0.010414699630956648,0.0099522022370249,0.222093596123453,0.7870114126336104,False
AUDUSD,売り,-1,2023-06-19 21:00:00,2023-06-20 01:00:00,0.6800557478820957,2023-06-21 13:00:00,0.6795310566466971,トレイル,trail,10,0.0026197051807722686,0.6852951582436402,0.6794868045287927,0.0005246912353985556,0.10014318390664874,2.265807589976899,0.43678659961539973,True
EURUSD,買い,1,2023-06-21 09:00:00,2023-06-21 13:00:00,1.0970963224968553,2023-06-22 05:00:00,1.0992636775031448,時間切れ,time,4,0.002491057128271049,1.0921142082403132,1.0970963224968553,0.0021673550062895064,0.43502715808725506,1.3141719898719937,0.15106939643594858,True
USDJPY,買い,1,2023-06-22 09:00:00,2023-06-22 13:00:00,142.9887926501845,2023-06-23 05:00:00,143.05620734981548,時間切れ,time,4,0.43611525651243516,142.11656213715963,142.9887926501845,0.06741469963097302,0.07729000375964924,1.0598284350602787,0.49251349723964966,True
EURUSD,売り,-1,2023-06-23 01:00:00,2023-06-23 05:00:00,1.0848836775031447,2023-06-23 09:00:00,1.0901899719754058,初期損切り,initial,2,0.0026399859877028853,1.0901636494785505,1.0901636494785505,-0.005306294472261053,-1.0049853478347788,0.16427265340229247,1.9999999999999925,False
USDCHF,買い,1,2023-06-23 01:00:00,2023-06-23 05:00:00,0.9005363429665703,2023-06-23 09:00:00,0.8954253578770729,初期損切り,initial,2,0.0025073210614635537,0.8955217008436431,0.8955217008436431,-0.005110985089497366,-1.0192123314502894,0.20486288785447038,2.0000000000000075,False
AUDUSD,売り,-1,2023-06-22 21:00:00,2023-06-23 01:00:00,0.6694557478820956,2023-06-25 17:00:00,0.6679242521179044,時間切れ,time,4,0.0028333921925399906,0.6751225322671756,0.6694557478820956,0.0015314957641912041,0.27025834408372124,1.1278875866566223,0.4814907450850922,True
GBPUSD,買い,1,2023-06-27 09:00:00,2023-06-27 13:00:00,1.2750662429853745,2023-06-28 05:00:00,1.2711137570146254,時間切れ,time,4,0.003329186876060723,1.268407869233253,1.268407869233253,-0.003952485970749153,-0.5936113107933959,0.19637137804622304,1.455683674660209,False
USDJPY,買い,1,2023-06-27 09:00:00,2023-06-27 13:00:00,143.9767926501845,2023-06-28 05:00:00,144.0702073498155,時間切れ,time,4,0.45117998386132097,143.07443268246186,143.07443268246186,0.09341469963098348,0.10352265500733773,0.6210544790072634,0.5381281503372831,False
AUDUSD,売り,-1,2023-06-27 21:00:00,2023-06-28 01:00:00,0.6643557478820956,2023-06-30 05:00:00,0.6644,建値,breakeven,14,0.002640544394881789,0.6696368366718592,0.6643557478820956,-4.425211790437533e-05,-0.00837935502810518,1.8389192363164266,0.3273007337349118,True
EURUSD,売り,-1,2023-06-30 01:00:00,2023-06-30 05:00:00,1.0838736775031448,2023-06-30 05:00:00,1.0892837880150006,初期損切り,initial,1,0.0026918940075002845,1.0892574655181453,1.0892574655181453,-0.0054101105118558035,-1.0048892149508661,-0.0,1.999999999999975,False
GBPUSD,買い,1,2023-06-30 05:00:00,2023-06-30 09:00:00,1.2685462429853747,2023-07-03 01:00:00,1.2704837570146255,時間切れ,time,4,0.0035349896892223377,1.2614762636069299,1.2685462429853747,0.0019375140292507975,0.2740480453391409,1.1948428102924622,0.1092628322374759,True
GBPUSD,買い,1,2023-07-04 05:00:00,2023-07-04 09:00:00,1.2736962429853746,2023-07-05 01:00:00,1.2705037570146254,時間切れ,time,4,0.0033052267091003445,1.2670857895671739,1.2670857895671739,-0.0031924859707492814,-0.48294508239924183,0.007187711075885794,1.1152768962035682,False
USDJPY,売り,-1,2023-07-05 21:00:00,2023-07-06 01:00:00,143.9702073498155,2023-07-06 05:00:00,144.00279265018452,建値,breakeven,2,0.3647903118612089,144.69978797353792,143.9702073498155,-0.0325853003690213,-0.044663056157887994,1.132725668363474,0.2598551746093722,True
GBPUSD,買い,1,2023-07-06 05:00:00,2023-07-06 09:00:00,1.2747262429853745,2023-07-06 09:00:00,1.26841782796182,初期損切り,initial,1,0.0031210860190899734,1.2684840709471945,1.2684840709471945,-0.006308415023554614,-1.0106121691247045,0.0,2.0000000000000187,False
AUDUSD,売り,-1,2023-07-06 05:00:00,2023-07-06 09:00:00,0.6639157478820956,2023-07-06 21:00:00,0.66396,建値,breakeven,4,0.0026078951300389456,0.6691315381421735,0.6639157478820956,-4.425211790437533e-05,-0.008484259469381824,1.5245045079846733,0.3313983403510216,True
USDJPY,売り,-1,2023-07-07 01:00:00,2023-07-07 05:00:00,142.9632073498155,2023-07-09 21:00:00,142.965,建値,breakeven,5,0.4140963970794772,143.79140014397444,142.9632073498155,-0.0017926501845124676,-0.0021645324580889863,2.1449289491041608,1.1006921417310478,True
AUDUSD,買い,1,2023-07-07 09:00:00,2023-07-07 13:00:00,0.6700742521179044,2023-07-10 01:00:00,0.6644235740739726,初期損切り,initial,4,0.0028032129630136985,0.6644678261918769,0.6644678261918769,-0.005650678043931823,-1.0078931066758572,0.0,2.0000000000000178,False
GBPUSD,買い,1,2023-07-07 09:00:00,2023-07-07 13:00:00,1.2850362429853746,2023-07-10 05:00:00,1.2817937570146254,時間切れ,time,4,0.003657278416962932,1.2777216861514487,1.2777216861514487,-0.003242485970749165,-0.4432921972401792,0.0,1.4207950265075846,False
USDCHF,売り,-1,2023-07-07 05:00:00,2023-07-07 09:00:00,0.8930836570334297,2023-07-14 09:00:00,0.8622325372830179,トレイル,trail,31,0.002189450906209362,0.8974625588458485,0.8621361943164476,0.03085111975041188,7.045401123842739,16.64968003166723,0.7336738914832959,True
GBPUSD,買い,1,2023-07-10 13:00:00,2023-07-10 17:00:00,1.2860662429853746,2023-07-17 01:00:00,1.307377031080314,トレイル,trail,27,0.003817824934631112,1.2784305931161124,1.3074432740656885,0.021310788094939248,2.790959310579068,7.390008053722174,0.122122672819626,True
EURUSD,買い,1,2023-07-07 05:00:00,2023-07-07 09:00:00,1.0912363224968553,2023-07-18 05:00:00,1.1224053310967625,トレイル,trail,42,0.0027287220837023817,1.0857788783294506,1.1224316535936179,0.031169008599907233,5.711283092196867,13.315272273476245,0.6143251109621122,True
AUDUSD,売り,-1,2023-07-18 21:00:00,2023-07-19 01:00:00,0.6784557478820956,2023-07-19 09:00:00,0.6785,建値,breakeven,3,0.002643528629956106,0.6837428051420078,0.6784557478820956,-4.425211790437533e-05,-0.008369895714938807,1.1029757155094633,0.5387693183137843,True
GBPUSD,売り,-1,2023-07-18 09:00:00,2023-07-18 13:00:00,1.3034637570146255,2023-07-19 17:00:00,1.2947715727873075,トレイル,trail,8,0.003641647937005694,1.310747052888637,1.2947053298019329,0.00869218422731799,1.1934410434064426,4.573137574720865,0.3998857139858478,True
USDJPY,買い,1,2023-07-19 01:00:00,2023-07-19 05:00:00,139.7327926501845,2023-07-19 21:00:00,139.44220734981548,時間切れ,time,4,0.5671236629364224,138.59854532431166,138.59854532431166,-0.2905853003690311,-0.25619218466785015,0.4605827033614281,0.6097305980746421,False
EURUSD,売り,-1,2023-07-19 09:00:00,2023-07-19 13:00:00,1.1192036775031446,2023-07-20 05:00:00,1.1208663224968554,時間切れ,time,4,0.002772010703615736,1.1247476989103762,1.1247476989103762,-0.0016626449937107157,-0.2998987326315166,0.06626146966357573,1.3370520149943874,False
EURUSD,売り,-1,2023-07-20 09:00:00,2023-07-20 13:00:00,1.1123936775031447,2023-07-21 05:00:00,1.1128563224968553,時間切れ,time,4,0.002903826943953635,1.118201331391052,1.118201331391052,-0.00046264499371062584,-0.07966125437914748,0.08391598667822715,0.7288046215225898,False
USDCHF,買い,1,2023-07-20 09:00:00,2023-07-20 13:00:00,0.8676463429665703,2023-07-21 05:00:00,0.8662936570334298,時間切れ,time,4,0.0028803506499934855,0.8618856416665833,0.8618856416665833,-0.0013526859331405294,-0.23481271857362032,0.2755418106581925,0.9361162213275612,False
AUDUSD,売り,-1,2023-07-21 01:00:00,2023-07-21 05:00:00,0.6745957478820956,2023-07-23 21:00:00,0.6730642521179043,時間切れ,time,4,0.0028595689950562837,0.6803148858722082,0.6803148858722082,0.0015314957641913152,0.2677843700989581,0.8587825250383045,0.33720190685080087,False
USDJPY,買い,1,2023-07-20 09:00:00,2023-07-20 13:00:00,140.4657926501845,2023-07-24 05:00:00,140.87463093296935,トレイル,trail,11,0.5378848983475211,139.39002285348946,140.87642358315387,0.408838282784842,0.3800425370194131,2.7667765992083746,1.3270360487483488,True
USDCHF,買い,1,2023-07-24 13:00:00,2023-07-24 17:00:00,0.8700063429665702,2023-07-25 09:00:00,0.8678336570334297,時間切れ,time,4,0.002599755578198128,0.8648068318101739,0.8648068318101739,-0.0021726859331404613,-0.41786350058460775,0.03217880716609956,0.9525291482542037,False
USDCHF,売り,-1,2023-07-25 13:00:00,2023-07-25 17:00:00,0.8639036570334298,2023-07-26 05:00:00,0.864,建値,breakeven,4,0.002550501078453049,0.8690046591903359,0.8639036570334298,-9.634296657023977e-05,-0.01888706642474241,1.0090789826251343,0.7003890261648807,True
GBPUSD,買い,1,2023-07-25 13:00:00,2023-07-25 17:00:00,1.2895862429853746,2023-07-26 09:00:00,1.2907937570146253,時間切れ,time,4,0.0037674879068428217,1.282051267171689,1.282051267171689,0.001207514029250678,0.16025453287553912,0.7574694558255106,0.5325147777464019,False
USDJPY,売り,-1,2023-07-26 01:00:00,2023-07-26 05:00:00,140.3382073498155,2023-07-26 21:00:00,140.34879265018452,時間切れ,time,4,0.49654190795854214,141.33129116573258,141.33129116573258,-0.010585300369029937,-0.010659020114283825,0.8241144267115011,0.7245967448422436,False
AUDUSD,買い,1,2023-07-26 21:00:00,2023-07-27 01:00:00,0.6811842521179043,2023-07-27 09:00:00,0.6754211809413266,初期損切り,initial,3,0.00285940952933668,0.675465433059231,0.675465433059231,-0.005763071176577705,-1.0077379818193812,0.24331872540730348,1.9999999999999893,False
EURUSD,売り,-1,2023-07-27 09:00:00,2023-07-27 13:00:00,1.0989936775031448,2023-07-28 05:00:00,1.0960063224968553,時間切れ,time,4,0.0034147401776297567,1.1058231578584043,1.0989936775031448,0.0029873550062895493,0.4374205431294535,1.354034937543662,0.6051185124981896,True
GBPUSD,売り,-1,2023-07-27 13:00:00,2023-07-27 17:00:00,1.2794337570146255,2023-07-28 05:00:00,1.2883526798746452,初期損切り,initial,4,0.004426339937322502,1.2882864368892706,1.2882864368892706,-0.008918922860019718,-1.007482817216111,0.7079792919206055,2.0000000000000235,False
USDCHF,買い,1,2023-07-28 01:00:00,2023-07-28 05:00:00,0.8712663429665702,2023-07-30 21:00:00,0.8697536570334298,時間切れ,time,4,0.003183231561764299,0.8648998798430416,0.8648998798430416,-0.0015126859331404674,-0.2376022453581832,0.22105116130470345,1.6167039270363006,False
AUDUSD,売り,-1,2023-07-27 13:00:00,2023-07-27 17:00:00,0.6708257478820956,2023-07-31 01:00:00,0.668692783077332,トレイル,trail,9,0.0032024015579542875,0.6772305509980041,0.6686485309594277,0.0021329648047635485,0.33302581924268404,2.681034132265463,0.17931921013404745,True
USDJPY,買い,1,2023-07-30 21:00:00,2023-07-31 01:00:00,141.88479265018452,2023-07-31 17:00:00,142.2852073498155,時間切れ,time,4,0.8031417791074678,140.2785090919696,141.88479265018452,0.4004146996309714,0.24928020808228446,1.002571863102805,0.3795004295794774,True
USDCHF,買い,1,2023-08-01 01:00:00,2023-08-01 05:00:00,0.8750263429665702,2023-08-01 21:00:00,0.8729036570334298,時間切れ,time,4,0.0031278620629569447,0.8687706188406563,0.8687706188406563,-0.002122685933140467,-0.33931898057131266,0.8867581042904765,1.053864556755422,False
AUDUSD,売り,-1,2023-08-01 05:00:00,2023-08-01 09:00:00,0.6606157478820956,2023-08-02 01:00:00,0.6586242521179044,時間切れ,time,4,0.0032750119704484117,0.6671657718229925,0.6671657718229925,0.00199149576419122,0.30404404352735026,0.8414466594204035,0.807402275705961,False
GBPUSD,売り,-1,2023-08-01 09:00:00,2023-08-01 13:00:00,1.2760537570146253,2023-08-02 05:00:00,1.2788162429853747,時間切れ,time,4,0.0039981817264591775,1.2840501204675436,1.2840501204675436,-0.002762485970749351,-0.3454677850768718,0.2810670178367864,1.1320753520083786,False
EURUSD,売り,-1,2023-08-02 09:00:00,2023-08-02 13:00:00,1.0950336775031446,2023-08-03 05:00:00,1.0925063224968552,時間切れ,time,4,0.003145930028286839,1.1013255375597184,1.0950336775031446,0.0025273550062894223,0.4016864621216209,1.2090788634660272,0.24041300666413354,True
USDJPY,買い,1,2023-08-02 21:00:00,2023-08-03 01:00:00,143.6977926501845,2023-08-03 09:00:00,142.45738600508298,初期損切り,initial,3,0.6193069974585058,142.4591786552675,142.4591786552675,-1.2404066451015296,-1.0014473033502564,0.3119734648701847,2.000000000000009,False
EURUSD,買い,1,2023-08-04 09:00:00,2023-08-04 13:00:00,1.1034363224968553,2023-08-07 01:00:00,1.0971776233890072,初期損切り,initial,4,0.0031161883054964448,1.0972039458858625,1.0972039458858625,-0.0062586991078481535,-1.0042235087027371,0.1552144657919358,1.9999999999999878,False
USDJPY,売り,-1,2023-08-04 09:00:00,2023-08-04 13:00:00,141.83620734981548,2023-08-07 05:00:00,142.3037926501845,時間切れ,time,4,0.6090801671276574,143.0543676840708,143.0543676840708,-0.46758530036902357,-0.38384544892841843,0.5257228310774693,0.9420642489320353,False
USDJPY,買い,1,2023-08-07 17:00:00,2023-08-07 21:00:00,143.0177926501845,2023-08-08 13:00:00,143.31120734981548,時間切れ,time,4,0.5608749753175926,141.89604269954933,141.89604269954933,0.2934146996309721,0.2615687207873979,0.7438508904399901,0.3187745184802808,False
AUDUSD,売り,-1,2023-08-08 05:00:00,2023-08-08 09:00:00,0.6508057478820957,2023-08-09 01:00:00,0.6554642521179044,時間切れ,time,4,0.0028564685050994645,0.6565186848922946,0.6565186848922946,-0.004658504235808714,-0.8154307018425363,0.41160890799133215,1.9444471759407642,False
EURUSD,売り,-1,2023-08-08 05:00:00,2023-08-08 09:00:00,1.0942936775031447,2023-08-09 01:00:00,1.0967163224968552,時間切れ,time,4,0.002930594494481194,1.100154866492107,1.100154866492107,-0.0024226449937105876,-0.41333678171320504,0.46873680604110635,0.9575949528807508,False
USDCHF,買い,1,2023-08-08 05:00:00,2023-08-08 09:00:00,0.8776863429665702,2023-08-09 01:00:00,0.8745336570334298,時間切れ,time,4,0.0028218356354332507,0.8720426716957037,0.8720426716957037,-0.003152685933140442,-0.5586232404100309,0.22101111262423367,1.1965058928925896,False
AUDUSD,買い,1,2023-08-10 05:00:00,2023-08-10 09:00:00,0.6586042521179044,2023-08-10 13:00:00,0.6528999440510506,初期損切り,initial,2,0.002830027974474737,0.6529441961689549,0.6529441961689549,-0.005704308066853847,-1.0078183181055986,0.0903693830599181,1.9999999999999991,False
EURUSD,買い,1,2023-08-10 05:00:00,2023-08-10 09:00:00,1.1042463224968553,2023-08-10 13:00:00,1.098631354488592,初期損切り,initial,2,0.0027943227557040208,1.0986576769854473,1.0986576769854473,-0.005614968008263332,-1.0047099957944299,0.12299134108367908,1.999999999999996,False
USDCHF,売り,-1,2023-08-10 05:00:00,2023-08-10 09:00:00,0.8717836570334297,2023-08-10 13:00:00,0.8772287158988185,初期損切り,initial,2,0.0026743579494092175,0.8771323729322482,0.8771323729322482,-0.005445058865388708,-1.0180123544403537,0.049977241625130384,2.0000000000000124,False
GBPUSD,売り,-1,2023-08-10 13:00:00,2023-08-10 17:00:00,1.2676737570146255,2023-08-11 09:00:00,1.2687062429853746,時間切れ,time,4,0.0038964262527114895,1.2754666095200484,1.2754666095200484,-0.0010324859707491196,-0.1324914041463792,0.27044192454357374,1.5851045508885104,False
EURUSD,売り,-1,2023-08-14 05:00:00,2023-08-14 09:00:00,1.0905536775031448,2023-08-14 13:00:00,1.0928763224968554,建値,breakeven,2,0.0027525445801422667,1.0960587666634294,1.0905536775031448,-0.0023226449937105986,-0.4219086968594259,1.116667655564705,1.10309657426087,True
GBPUSD,売り,-1,2023-08-14 05:00:00,2023-08-14 09:00:00,1.2656337570146254,2023-08-14 17:00:00,1.2688462429853746,建値,breakeven,3,0.0037505617070384594,1.2731348804287024,1.2656337570146254,-0.0032124859707491904,-0.4282673132294432,1.0541773002176558,1.332131924665666,True
USDCHF,買い,1,2023-08-14 05:00:00,2023-08-14 09:00:00,0.8807663429665702,2023-08-15 01:00:00,0.8775236570334297,時間切れ,time,4,0.002548235879249853,0.8756698712080705,0.8756698712080705,-0.0032426859331404767,-0.6362609441978062,0.7980646728938227,1.7644924487500067,False
AUDUSD,売り,-1,2023-08-15 17:00:00,2023-08-15 21:00:00,0.6440957478820957,2023-08-16 13:00:00,0.6433642521179044,時間切れ,time,4,0.0028743483807892067,0.6498444446436741,0.6498444446436741,0.0007314957641912923,0.12724549485376688,0.4577551875372842,1.3687457457137124,False
USDJPY,買い,1,2023-08-16 09:00:00,2023-08-16 13:00:00,145.9177926501845,2023-08-17 05:00:00,145.916,建値,breakeven,5,0.3668305190937896,145.18413161199692,145.9177926501845,-0.0017926501845124676,-0.0024434310822079265,1.7534183126432983,0.00761291669901443,True
EURUSD,売り,-1,2023-08-16 17:00:00,2023-08-16 21:00:00,1.0869436775031447,2023-08-17 13:00:00,1.0878163224968553,時間切れ,time,4,0.0027630440406766358,1.092469765584498,1.092469765584498,-0.0008726449937106473,-0.15791369606561667,0.2763899134078771,1.7720754446086144,False
GBPUSD,買い,1,2023-08-17 05:00:00,2023-08-17 09:00:00,1.2771162429853746,2023-08-18 01:00:00,1.2744437570146254,時間切れ,time,4,0.0038309230566412047,1.2694543968720922,1.2694543968720922,-0.0026724859707492055,-0.34880444363353136,0.43168630384220774,1.1449572127977918,False
USDCHF,買い,1,2023-08-18 05:00:00,2023-08-18 09:00:00,0.8815463429665702,2023-08-21 01:00:00,0.8820436570334298,時間切れ,time,4,0.0024614064604864517,0.8766235300455973,0.8766235300455973,0.0004973140668595999,0.10102233719686324,0.5133882004925142,0.9207512058460853,False
USDJPY,売り,-1,2023-08-18 09:00:00,2023-08-18 13:00:00,145.06820734981548,2023-08-21 05:00:00,145.6777926501845,時間切れ,time,4,0.4102770259080556,145.8887614016316,145.8887614016316,-0.6095853003690195,-0.7428947538798206,0.3393008650859127,1.5326050704224332,False
GBPUSD,売り,-1,2023-08-23 01:00:00,2023-08-23 05:00:00,1.2677937570146254,2023-08-23 09:00:00,1.26786,建値,breakeven,2,0.003452445615926611,1.2746986482464786,1.2677937570146254,-6.624298537460938e-05,-0.0095936319849647,1.8229851284525198,0.051048736165931335,True
EURUSD,売り,-1,2023-08-23 01:00:00,2023-08-23 05:00:00,1.0818636775031447,2023-08-23 17:00:00,1.0870374339991604,初期損切り,initial,4,0.0025737169995801957,1.0870111115023051,1.0870111115023051,-0.005173756496015702,-1.0051137123583527,0.6269832710465035,2.0000000000000036,False
AUDUSD,買い,1,2023-08-23 09:00:00,2023-08-23 13:00:00,0.6472942521179044,2023-08-24 05:00:00,0.6457557478820957,時間切れ,time,4,0.0027536799287381088,0.6417868922604282,0.6417868922604282,-0.001538504235808702,-0.2793542233707843,0.5649704839910722,0.5862163213151925,False
USDJPY,売り,-1,2023-08-23 09:00:00,2023-08-23 13:00:00,144.6232073498155,2023-08-24 05:00:00,145.3087926501845,時間切れ,time,4,0.41047023031066576,145.44414781043682,145.44414781043682,-0.6855853003690129,-0.8351218306990562,0.19783980376365878,1.7852516359831758,False
EURUSD,売り,-1,2023-08-24 17:00:00,2023-08-24 21:00:00,1.0794236775031447,2023-08-25 05:00:00,1.07945,建値,breakeven,3,0.002630477860240562,1.0846846332236257,1.0794236775031447,-2.632249685530219e-05,-0.005003367877214323,1.0734465953218426,0.04041946083730156,True
GBPUSD,売り,-1,2023-08-24 13:00:00,2023-08-24 17:00:00,1.2602737570146254,2023-08-25 05:00:00,1.26034,建値,breakeven,4,0.0038126590822184043,1.2678990751790622,1.2602737570146254,-6.624298537460938e-05,-0.00868724215122661,1.120938673630034,0.1354023463000772,True
USDCHF,買い,1,2023-08-24 05:00:00,2023-08-24 09:00:00,0.8830963429665702,2023-08-25 09:00:00,0.883,建値,breakeven,7,0.002323039617195709,0.8784502637321788,0.8830963429665702,-9.634296657023977e-05,-0.02073640196600297,1.633057398310442,1.0229455188710628,True
USDJPY,買い,1,2023-08-25 13:00:00,2023-08-27 17:00:00,146.4297926501845,2023-08-28 09:00:00,146.4332073498155,時間切れ,time,4,0.40968464480479405,145.6104233605749,145.6104233605749,0.003414699630980067,0.004167473292301568,0.45207295944359027,0.3753927615661021,False
USDJPY,買い,1,2023-08-29 05:00:00,2023-08-29 09:00:00,147.24079265018452,2023-08-29 09:00:00,146.50082144363472,初期損切り,initial,1,0.36908927818264015,146.50261409381923,146.50261409381923,-0.7399712065497965,-1.0024284777294847,0.0,2.00000000000001,False
EURUSD,買い,1,2023-08-29 09:00:00,2023-08-29 13:00:00,1.0863163224968553,2023-08-29 21:00:00,1.08629,建値,breakeven,3,0.0027366177900361396,1.080843086916783,1.0863163224968553,-2.632249685530219e-05,-0.004809311872330293,1.0537377611312628,0.09366397375201953,True
USDCHF,売り,-1,2023-08-29 09:00:00,2023-08-29 13:00:00,0.8789236570334298,2023-08-30 05:00:00,0.8796163429665702,時間切れ,time,4,0.002320683822204046,0.8835650246778379,0.8835650246778379,-0.0006926859331404245,-0.14924177229851004,0.6091553790757954,0.6189309171837529,False
GBPUSD,買い,1,2023-08-30 05:00:00,2023-08-30 09:00:00,1.2714462429853746,2023-08-31 01:00:00,1.2723137570146255,時間切れ,time,4,0.003720982804615585,1.2640042773761433,1.2640042773761433,0.0008675140292508932,0.11657055068553536,0.858310070840378,0.3322356082487242,False
AUDUSD,買い,1,2023-08-28 21:00:00,2023-08-29 01:00:00,0.6443842521179044,2023-08-31 05:00:00,0.6467373894375199,トレイル,trail,14,0.0024194646154426227,0.6395453228870192,0.6467816415554243,0.002353137319615506,0.4862929808099337,3.246895132069742,1.754211279146111,True
USDJPY,売り,-1,2023-08-31 09:00:00,2023-08-31 13:00:00,145.5002073498155,2023-09-01 05:00:00,145.4697926501845,時間切れ,time,4,0.42913209473498437,146.35847153928546,146.35847153928546,0.0304146996309953,0.0354374562100491,0.6063572336070135,0.4679040618215662,False
USDCHF,買い,1,2023-09-01 09:00:00,2023-09-01 13:00:00,0.8859163429665703,2023-09-04 05:00:00,0.8841236570334298,時間切れ,time,4,0.002513355770087363,0.8808896314263955,0.8808896314263955,-0.0017926859331405254,-0.3566319489019679,0.08500867086646276,1.0529122052936846,False
EURUSD,売り,-1,2023-09-01 13:00:00,2023-09-03 17:00:00,1.0774336775031448,2023-09-04 09:00:00,1.0797663224968552,時間切れ,time,4,0.0030491486349516995,1.083531974773048,1.083531974773048,-0.002332644993710442,-0.38250759031092507,0.0897553828658215,1.1368165058014952,False
EURUSD,売り,-1,2023-09-05 01:00:00,2023-09-05 05:00:00,1.0747936775031448,2023-09-05 09:00:00,1.07482,建値,breakeven,2,0.002639562358560184,1.0800728022202652,1.0747936775031448,-2.632249685530219e-05,-0.004986147944172924,1.183407352743428,0.35093790978307826,True
USDCHF,買い,1,2023-09-05 01:00:00,2023-09-05 05:00:00,0.8879863429665702,2023-09-05 09:00:00,0.88789,建値,breakeven,2,0.002093209262094891,0.8837999244423804,0.8879863429665702,-9.634296657023977e-05,-0.0230132190590967,1.1244250997983238,0.299226158565395,True
GBPUSD,売り,-1,2023-09-05 01:00:00,2023-09-05 05:00:00,1.2534737570146255,2023-09-05 21:00:00,1.2558162429853745,時間切れ,time,4,0.0033922647497258915,1.2602582865140772,1.2602582865140772,-0.002342485970749042,-0.34526874279761394,0.030586355217050228,1.531791699275342,False
USDJPY,買い,1,2023-09-05 09:00:00,2023-09-05 13:00:00,147.6367926501845,2023-09-06 05:00:00,147.3912073498155,時間切れ,time,4,0.39929172815717606,146.83820919387014,146.83820919387014,-0.24558530036901516,-0.3075261557538999,0.4513175132557907,1.5447168240402431,False
GBPUSD,売り,-1,2023-09-06 09:00:00,2023-09-06 13:00:00,1.2501737570146254,2023-09-07 05:00:00,1.2478662429853746,時間切れ,time,4,0.003514053839885211,1.2572018646943959,1.2501737570146254,0.002307514029250779,0.32832650471373476,1.2588757077125492,0.269273900881812,True
AUDUSD,売り,-1,2023-09-04 21:00:00,2023-09-05 01:00:00,0.6425257478820956,2023-09-08 01:00:00,0.6405574006947465,トレイル,trail,19,0.002598987156119548,0.6477237221943347,0.6405131485768422,0.001968347187349062,0.37867582044690223,2.6109201294504194,0.13630391249540785,True
EURUSD,売り,-1,2023-09-07 05:00:00,2023-09-07 09:00:00,1.0693236775031447,2023-09-08 01:00:00,1.0713663224968553,時間切れ,time,4,0.002442136306285856,1.0742079501157165,1.0742079501157165,-0.0020426449937105406,-0.41820863734201524,0.2758558158324868,1.2269268054952271,False
AUDUSD,買い,1,2023-09-10 21:00:00,2023-09-11 01:00:00,0.6437042521179044,2023-09-11 17:00:00,0.6435657478820956,時間切れ,time,4,0.002490198510518474,0.6387238550968675,0.6387238550968675,-0.00013850423580874516,-0.02780987845420961,0.48821323961138247,0.5558802288481707,False
USDJPY,売り,-1,2023-09-10 21:00:00,2023-09-11 01:00:00,146.2032073498155,2023-09-11 17:00:00,146.5647926501845,時間切れ,time,4,0.444807549586557,147.0928224489886,147.0928224489886,-0.3615853003690006,-0.40645139758204374,0.6726669771985955,1.753101202777047,False
EURUSD,買い,1,2023-09-11 09:00:00,2023-09-11 13:00:00,1.0751563224968552,2023-09-12 05:00:00,1.0714236775031447,時間切れ,time,4,0.002396540088787643,1.07036324231928,1.07036324231928,-0.00373264499371051,-0.7787570529643786,0.7234085134881725,1.642502253674571,False
USDCHF,買い,1,2023-09-13 13:00:00,2023-09-13 17:00:00,0.8932963429665702,2023-09-14 09:00:00,0.8932,建値,breakeven,5,0.0019245948285208218,0.8894471533095286,0.8932963429665702,-9.634296657023977e-05,-0.02502941531966126,1.9607540130044436,0.9437534278142912,True
GBPUSD,売り,-1,2023-09-14 09:00:00,2023-09-14 13:00:00,1.2413437570146253,2023-09-15 05:00:00,1.2440462429853747,時間切れ,time,4,0.0034684736584051578,1.2482807043314357,1.2482807043314357,-0.002702485970749402,-0.38957856349874004,0.47679676350367617,0.9330452827664797,False
EURUSD,売り,-1,2023-09-14 05:00:00,2023-09-14 09:00:00,1.0676636775031447,2023-09-15 09:00:00,1.06769,建値,breakeven,7,0.00273194105339993,1.0731275596099445,1.0676636775031447,-2.632249685530219e-05,-0.0048175448043696915,1.6338849982102315,0.7636777134187438,True
AUDUSD,買い,1,2023-09-14 21:00:00,2023-09-15 01:00:00,0.6472642521179044,2023-09-17 17:00:00,0.6431857478820956,時間切れ,time,4,0.0024247626809466086,0.6424147267560112,0.6424147267560112,-0.0040785042358088,-0.8410110127182804,0.006494607583380407,1.9772046788648068,False
USDJPY,買い,1,2023-09-15 01:00:00,2023-09-15 05:00:00,147.7817926501845,2023-09-17 21:00:00,147.71620734981548,時間切れ,time,4,0.3508387344200471,147.0801151813444,147.0801151813444,-0.06558530036903676,-0.09346929790613391,0.47944349729094105,0.48966272344039,False
USDCHF,買い,1,2023-09-15 13:00:00,2023-09-17 17:00:00,0.8972863429665703,2023-09-18 09:00:00,0.8977136570334298,時間切れ,time,4,0.0019597198058388943,0.8933669033548925,0.8933669033548925,0.0004273140668594744,0.10902427622211908,0.3080323174931003,0.9574547141789181,False
EURUSD,買い,1,2023-09-18 09:00:00,2023-09-18 13:00:00,1.0692463224968554,2023-09-19 05:00:00,1.0686536775031448,時間切れ,time,4,0.002567490565576324,1.0641113413657026,1.0641113413657026,-0.0005926449937105893,-0.11541327583759951,0.21564928439004366,0.676272201399755,False
USDJPY,買い,1,2023-09-20 01:00:00,2023-09-20 05:00:00,148.09379265018453,2023-09-20 09:00:00,147.56919017160462,初期損切り,initial,2,0.26140491419769196,147.57098282178913,147.57098282178913,-0.5246024785799079,-1.0034288762130315,0.008444178726528698,2.000000000000044,False
AUDUSD,買い,1,2023-09-20 05:00:00,2023-09-20 09:00:00,0.6485842521179044,2023-09-20 13:00:00,0.64854,建値,breakeven,2,0.0020057648947480267,0.6445727223284083,0.6485842521179044,-4.425211790437533e-05,-0.011031232528858893,1.2791867525520466,0.17661696983130745,True
EURUSD,買い,1,2023-09-20 09:00:00,2023-09-20 13:00:00,1.0735363224968553,2023-09-20 13:00:00,1.0689184421620108,初期損切り,initial,1,0.0022957789189945897,1.0689447646588661,1.0689447646588661,-0.004617880334844449,-1.0057328030668555,0.0,1.9999999999999856,False
USDCHF,売り,-1,2023-09-20 09:00:00,2023-09-20 13:00:00,0.8934936570334298,2023-09-20 13:00:00,0.8972775107374346,初期損切り,initial,1,0.0018437553687172877,0.8971811677708643,0.8971811677708643,-0.0037838537040048026,-1.026126830111213,-0.0,1.9999999999999931,False
GBPUSD,売り,-1,2023-09-20 01:00:00,2023-09-20 05:00:00,1.2368137570146254,2023-09-21 09:00:00,1.2305731502014874,トレイル,trail,8,0.0028982657602649184,1.2426102885351553,1.2305069072161128,0.006240606813137983,1.0766105197626106,4.538492361522799,1.8308338241864677,True
EURUSD,売り,-1,2023-09-20 17:00:00,2023-09-20 21:00:00,1.0631336775031448,2023-09-21 13:00:00,1.0656163224968553,時間切れ,time,4,0.0026520904743926165,1.06843785845193,1.06843785845193,-0.0024826449937105366,-0.4680543551741223,0.5368133240141149,1.5935815680734644,False
AUDUSD,売り,-1,2023-09-20 21:00:00,2023-09-21 01:00:00,0.6405757478820956,2023-09-21 17:00:00,0.6417042521179044,時間切れ,time,4,0.0023424372928028568,0.6452606224677013,0.6452606224677013,-0.0011285042358087916,-0.2408824857929224,0.8690725204685029,1.1203083753692882,False
GBPUSD,売り,-1,2023-09-25 01:00:00,2023-09-25 05:00:00,1.2219537570146255,2023-09-25 21:00:00,1.2206762429853746,時間切れ,time,4,0.0031066460747489815,1.2281670491641234,1.2281670491641234,0.0012775140292509146,0.20560984394627868,0.8220302387782625,0.7809846783304947,False
USDJPY,買い,1,2023-09-25 01:00:00,2023-09-25 05:00:00,148.56379265018452,2023-09-25 21:00:00,148.8802073498155,時間切れ,time,4,0.30714772358578757,147.94949720301295,148.56379265018452,0.31641469963096824,0.5150855359385276,1.2964685043620188,0.15234574958996566,True
EURUSD,売り,-1,2023-09-25 09:00:00,2023-09-25 13:00:00,1.0589036775031446,2023-09-26 05:00:00,1.0596363224968552,時間切れ,time,4,0.002669465438455288,1.0642426083800551,1.0642426083800551,-0.0007326449937106183,-0.13722691126777997,0.7131306049971812,0.41818203778705165,False
AUDUSD,売り,-1,2023-09-26 21:00:00,2023-09-27 01:00:00,0.6382557478820956,2023-09-27 09:00:00,0.6383,建値,breakeven,3,0.0021158050639845227,0.6424873580100646,0.6382557478820956,-4.425211790437533e-05,-0.010457512995322674,0.9905203072672984,0.14852602598112818,True
USDCHF,買い,1,2023-09-24 21:00:00,2023-09-25 01:00:00,0.9081263429665702,2023-09-28 05:00:00,0.9179605203083455,トレイル,trail,20,0.00222038371325206,0.9036855755400661,0.9180568632749158,0.009834177341775274,2.2145220402854955,6.491516284957334,0.33162870101030295,True
USDJPY,買い,1,2023-09-27 05:00:00,2023-09-27 09:00:00,149.18879265018452,2023-09-28 05:00:00,149.187,建値,breakeven,6,0.2567304368342475,148.67533177651603,149.18879265018452,-0.0017926501845124676,-0.003491308250431276,2.0223833068561685,0.08099020295728415,True
AUDUSD,買い,1,2023-09-29 01:00:00,2023-09-29 05:00:00,0.6482042521179043,2023-09-29 13:00:00,0.64345010828692,初期損切り,initial,3,0.002354945856539987,0.6434943604048243,0.6434943604048243,-0.004754143830984381,-1.009395570132008,0.8050069927641614,2.0000000000000133,False
USDJPY,買い,1,2023-10-01 21:00:00,2023-10-02 01:00:00,149.7327926501845,2023-10-02 17:00:00,149.86520734981548,時間切れ,time,4,0.28867947420760853,149.15543370176928,149.15543370176928,0.13241469963097074,0.22934553971049318,0.49954140387478146,0.6054903995661615,False
GBPUSD,売り,-1,2023-10-02 09:00:00,2023-10-02 13:00:00,1.2107837570146254,2023-10-03 05:00:00,1.2087662429853747,時間切れ,time,4,0.0032822982806041193,1.2173483535758336,1.2107837570146254,0.0020175140292506555,0.3073325238557119,1.433068116453934,0.5807647027813152,True
EURUSD,売り,-1,2023-10-02 13:00:00,2023-10-02 17:00:00,1.0478536775031446,2023-10-03 09:00:00,1.0466463224968554,時間切れ,time,4,0.002736739074228034,1.0533271556516006,1.0533271556516006,0.0012073550062892124,0.2205827763521404,0.6846387077194155,0.5467538030739959,False
AUDUSD,売り,-1,2023-10-02 21:00:00,2023-10-03 01:00:00,0.6316957478820956,2023-10-03 17:00:00,0.6304742521179044,時間切れ,time,4,0.0025184464353228448,0.6367326407527413,0.6316957478820956,0.0012214957641911717,0.24250977647546942,1.2371705978714418,0.5972936715295114,True
EURUSD,買い,1,2023-10-05 09:00:00,2023-10-05 13:00:00,1.0536163224968553,2023-10-06 05:00:00,1.0548036775031446,時間切れ,time,4,0.0026843203171291992,1.048247681862597,1.048247681862597,0.0011873550062893035,0.22116492557027329,0.6421280992977909,0.2668543289280272,False
GBPUSD,買い,1,2023-10-05 09:00:00,2023-10-05 13:00:00,1.2180762429853746,2023-10-06 05:00:00,1.2198337570146254,時間切れ,time,4,0.0036935619820579963,1.2106891190212588,1.2106891190212588,0.0017575140292507285,0.23791587061325942,0.7103595465219004,0.45653572176823615,False
AUDUSD,買い,1,2023-10-06 09:00:00,2023-10-06 13:00:00,0.6379642521179044,2023-10-09 05:00:00,0.6359357478820956,時間切れ,time,4,0.0028522651264807396,0.632259721864943,0.632259721864943,-0.0020285042358088035,-0.35559531562756025,0.7242481994106866,1.2951994131283866,False
USDCHF,売り,-1,2023-10-08 17:00:00,2023-10-08 21:00:00,0.9079336570334298,2023-10-09 13:00:00,0.9082163429665703,時間切れ,time,4,0.0031832305635642057,0.9143001181605582,0.9143001181605582,-0.00028268593314051405,-0.044402365379401815,0.5069243340083311,1.390519121434323,False
AUDUSD,買い,1,2023-10-09 13:00:00,2023-10-09 17:00:00,0.6411542521179043,2023-10-10 09:00:00,0.6399157478820956,時間切れ,time,4,0.0027957824686456194,0.635562687180613,0.635562687180613,-0.001238504235808735,-0.22149510015504037,0.7603409442385627,0.763382753071705,False
EURUSD,買い,1,2023-10-10 01:00:00,2023-10-10 05:00:00,1.0604463224968552,2023-10-10 21:00:00,1.0610436775031447,時間切れ,time,4,0.003163869429566449,1.0541185836377223,1.0541185836377223,0.000597355006289435,0.09440260092706983,0.4910687807232734,1.0292215179377255,False
GBPUSD,買い,1,2023-10-10 01:00:00,2023-10-10 05:00:00,1.2271562429853746,2023-10-10 21:00:00,1.2298537570146253,時間切れ,time,4,0.004147467012801457,1.2188613089597717,1.2188613089597717,0.0026975140292506694,0.32520017891939795,0.7845166711591494,0.8719160331384809,False
USDJPY,買い,1,2023-10-11 09:00:00,2023-10-11 13:00:00,149.15179265018452,2023-10-12 05:00:00,149.0842073498155,時間切れ,time,4,0.3668846085354163,148.4180234331137,148.4180234331137,-0.06758530036901789,-0.09210702601945443,0.46937741679308004,0.5309371002564712,False
EURUSD,売り,-1,2023-10-12 09:00:00,2023-10-12 13:00:00,1.0548436775031447,2023-10-13 05:00:00,1.0554263224968552,時間切れ,time,4,0.003064869962100753,1.0609734174273462,1.0609734174273462,-0.0005826449937105238,-0.09505215570567986,0.7418512143289174,0.33486657168056233,False
USDCHF,買い,1,2023-10-12 13:00:00,2023-10-12 17:00:00,0.9087663429665702,2023-10-13 09:00:00,0.9051836570334297,時間切れ,time,4,0.0029373619734572023,0.9028916190196559,0.9028916190196559,-0.0035826859331404837,-0.6098475376059544,0.0,1.3707343538022734,False
AUDUSD,売り,-1,2023-10-13 09:00:00,2023-10-13 13:00:00,0.6293157478820957,2023-10-16 05:00:00,0.6327042521179044,時間切れ,time,4,0.0027434869189062916,0.6348027217199083,0.6348027217199083,-0.0033885042358087203,-0.6175542905740496,0.12237998285390755,1.4230984995768832,False
USDCHF,売り,-1,2023-10-16 13:00:00,2023-10-16 17:00:00,0.9000736570334298,2023-10-17 09:00:00,0.9023963429665702,時間切れ,time,4,0.0027146036126613664,0.9055028642587525,0.9055028642587525,-0.002322685933140445,-0.4278130925463755,0.22237391515071908,1.1664107981739589,False
USDJPY,買い,1,2023-10-18 13:00:00,2023-10-18 17:00:00,149.90779265018452,2023-10-19 09:00:00,149.8202073498155,時間切れ,time,4,0.2574947665148399,149.39280311715484,149.39280311715484,-0.08758530036902812,-0.1700720009856597,0.0,0.9234853717728918,False
GBPUSD,売り,-1,2023-10-18 21:00:00,2023-10-19 01:00:00,1.2125437570146254,2023-10-19 17:00:00,1.2142962429853745,時間切れ,time,4,0.003514584275780829,1.219572925566187,1.219572925566187,-0.0017524859707491736,-0.24931625382063527,0.9969193337516541,1.9024278437281772,False
EURUSD,買い,1,2023-10-19 09:00:00,2023-10-19 13:00:00,1.0596763224968553,2023-10-20 05:00:00,1.0587536775031448,時間切れ,time,4,0.002753142013122795,1.0541700384706096,1.0541700384706096,-0.0009226449937105308,-0.16756218700538553,0.3536604717460254,1.153708192935712,False
USDCHF,売り,-1,2023-10-19 09:00:00,2023-10-19 13:00:00,0.8932936570334298,2023-10-20 05:00:00,0.8916363429665702,時間切れ,time,4,0.00259956068813651,0.8984927784097028,0.8932936570334298,0.0016573140668595387,0.3187681046307061,1.1631415443496627,0.21016742138912523,True
EURUSD,買い,1,2023-10-23 09:00:00,2023-10-23 13:00:00,1.0665163224968552,2023-10-24 05:00:00,1.0650036775031446,時間切れ,time,4,0.0028367824066780744,1.0608427576834991,1.0665163224968552,-0.0015126449937106212,-0.2666127987380528,1.0694078953687725,0.7354538338731366,True
GBPUSD,買い,1,2023-10-23 09:00:00,2023-10-23 13:00:00,1.2234462429853745,2023-10-24 05:00:00,1.22338,建値,breakeven,5,0.0037164218531037926,1.2160133992791669,1.2234462429853745,-6.624298537460938e-05,-0.008912199420968067,1.4620937098643458,0.17657925050311832,True
USDJPY,売り,-1,2023-10-24 01:00:00,2023-10-24 05:00:00,149.5172073498155,2023-10-24 21:00:00,149.8887926501845,時間切れ,time,4,0.20773318662995877,149.93267372307542,149.93267372307542,-0.37158530036901993,-0.8943811684527224,-0.0,1.9967567864992959,False
USDJPY,買い,1,2023-10-25 13:00:00,2023-10-25 17:00:00,150.18779265018452,2023-10-26 01:00:00,150.186,建値,breakeven,3,0.19527243367695524,149.7972477828306,150.18779265018452,-0.0017926501845124676,-0.004590126088862343,1.4912875531486771,0.7517325790457755,True
AUDUSD,売り,-1,2023-10-25 17:00:00,2023-10-25 21:00:00,0.6279257478820957,2023-10-26 09:00:00,0.6328504748083039,初期損切り,initial,4,0.0024402374041519567,0.6328062226903995,0.6328062226903995,-0.004924726926208267,-1.009067174740675,0.3588781487430731,1.9999999999999911,False
USDCHF,買い,1,2023-10-25 09:00:00,2023-10-25 13:00:00,0.8964363429665703,2023-10-26 09:00:00,0.89634,建値,breakeven,6,0.002253965301677488,0.8919284123632153,0.8964363429665703,-9.634296657023977e-05,-0.02137188325360147,1.5633146751670381,0.19358903450976087,True
GBPUSD,売り,-1,2023-10-25 21:00:00,2023-10-26 01:00:00,1.2078837570146255,2023-10-26 17:00:00,1.2132662429853747,時間切れ,time,4,0.0033087748131081013,1.2145013066408417,1.2145013066408417,-0.005382485970749196,-0.813365410880463,0.26709494134333034,1.8484917623116208,False
USDJPY,売り,-1,2023-10-27 09:00:00,2023-10-27 13:00:00,149.63220734981547,2023-10-30 05:00:00,149.5847926501845,時間切れ,time,4,0.25585843023463317,150.14392421028475,149.63220734981547,0.04741469963096279,0.09265807577159266,1.3570291566983859,0.710520462498764,True
GBPUSD,買い,1,2023-10-30 13:00:00,2023-10-30 17:00:00,1.2164662429853745,2023-10-31 09:00:00,1.2158737570146254,時間切れ,time,4,0.003246411781529044,1.2099734194223164,1.2164662429853745,-0.0005924859707491237,-0.09125243663175497,1.103913260485277,0.8459318072340035,True
USDCHF,買い,1,2023-10-31 09:00:00,2023-10-31 13:00:00,0.9096163429665702,2023-11-01 05:00:00,0.9098036570334298,時間切れ,time,4,0.0023364953837516763,0.9049433521990669,0.9049433521990669,0.00018731406685956742,0.04008440764791925,0.4766356660382619,0.8030587090471487,False
USDJPY,買い,1,2023-10-31 05:00:00,2023-10-31 09:00:00,150.93279265018452,2023-11-01 09:00:00,150.97348144745158,トレイル,trail,7,0.35724995143877447,150.21829274730698,150.9752740976361,0.04068879726705177,0.056947239745146636,2.248306393270762,0.3241222279196344,True
GBPUSD,買い,1,2023-11-02 05:00:00,2023-11-02 09:00:00,1.2216262429853746,2023-11-03 01:00:00,1.2199837570146255,時間切れ,time,4,0.0035566308472704095,1.2145129812908337,1.2145129812908337,-0.001642485970749119,-0.23090475808160832,0.2484815131442865,1.362593756136918,False
EURUSD,買い,1,2023-11-03 05:00:00,2023-11-03 09:00:00,1.0710063224968553,2023-11-06 01:00:00,1.0735236775031447,時間切れ,time,4,0.0031715002575976826,1.06466332198166,1.0710063224968553,0.002517355006289357,0.39687132300537453,1.1551875155513296,0.5222520455066706,True
USDCHF,売り,-1,2023-11-03 05:00:00,2023-11-03 09:00:00,0.8990836570334297,2023-11-06 01:00:00,0.8971863429665703,時間切れ,time,4,0.00273840788943328,0.9045604728122963,0.9045604728122963,0.0018973140668594457,0.34642649003835935,0.9252299641724038,0.8531756629775746,False
GBPUSD,買い,1,2023-11-03 05:00:00,2023-11-03 09:00:00,1.2313462429853745,2023-11-06 13:00:00,1.2351366389813583,トレイル,trail,8,0.003915678651118975,1.2235148856831366,1.235202881966733,0.003790395995983742,0.4840024340225887,2.9455320628339785,0.392331220779688,True
AUDUSD,買い,1,2023-11-01 13:00:00,2023-11-01 17:00:00,0.6393242521179043,2023-11-06 17:00:00,0.6474683363284773,トレイル,trail,19,0.0025704144345196464,0.634183423248865,0.6475125884463817,0.008144084210573,1.5841967157515882,5.048115085192687,0.14559991294721164,True
AUDUSD,売り,-1,2023-11-08 13:00:00,2023-11-08 17:00:00,0.6401257478820956,2023-11-09 09:00:00,0.6412942521179044,時間切れ,time,4,0.0024245076912026283,0.6449747632645009,0.6449747632645009,-0.0011685042358087205,-0.24097763023162602,0.39832741533463695,0.830788091625015,False
GBPUSD,売り,-1,2023-11-09 13:00:00,2023-11-09 17:00:00,1.2220537570146255,2023-11-10 09:00:00,1.2224962429853745,時間切れ,time,4,0.0035057349157457153,1.2290652268461169,1.2290652268461169,-0.0004424859707490292,-0.06310887465587321,0.5801228739488921,0.5038153276910612,False
USDCHF,買い,1,2023-11-09 13:00:00,2023-11-09 17:00:00,0.9030963429665703,2023-11-10 09:00:00,0.9014536570334297,時間切れ,time,4,0.002201614486670638,0.898693113993229,0.898693113993229,-0.001642685933140542,-0.37306393628084084,0.6875213815106967,1.2973856158121901,False
USDJPY,買い,1,2023-11-12 21:00:00,2023-11-13 01:00:00,151.77779265018452,2023-11-13 09:00:00,151.25982439892925,初期損切り,initial,3,0.25808780053537184,151.26161704911377,151.26161704911377,-0.5179682512552688,-1.0034729463787255,0.2991514889712321,2.000000000000049,False
GBPUSD,買い,1,2023-11-14 05:00:00,2023-11-14 09:00:00,1.2401562429853745,2023-11-15 05:00:00,1.2436118475973086,トレイル,trail,6,0.00340096103763285,1.2333543209101088,1.2436780905826832,0.00345560461193406,0.5080335490022613,3.0649445551662904,0.03123910688737998,True
AUDUSD,買い,1,2023-11-14 05:00:00,2023-11-14 09:00:00,0.6442142521179044,2023-11-15 09:00:00,0.6491103177621007,トレイル,trail,7,0.0023507752821089124,0.6395127015536866,0.6491545698800051,0.004896065644196312,1.0413725381279288,4.264868683280272,0.04009405689335604,True
EURUSD,買い,1,2023-11-14 05:00:00,2023-11-14 09:00:00,1.0789563224968552,2023-11-15 09:00:00,1.0834417572534387,トレイル,trail,7,0.002508921125348001,1.0739384802461593,1.083468079750294,0.004485434756583473,0.8938971240001256,3.907527185329463,0.030420444901231927,True
USDCHF,売り,-1,2023-11-14 05:00:00,2023-11-14 09:00:00,0.8961536570334298,2023-11-16 05:00:00,0.8900671392568921,トレイル,trail,12,0.0022356259184985695,0.9006249088704269,0.8899707962903218,0.006086517776537681,1.3612558626591122,4.7832944433796465,0.05651346476384802,True
USDJPY,売り,-1,2023-11-17 01:00:00,2023-11-17 05:00:00,149.6142073498155,2023-11-17 09:00:00,149.6387926501845,建値,breakeven,2,0.38756741439587306,150.38934217860725,149.6142073498155,-0.02458530036901152,-0.031717450249699464,1.073896654764601,0.3116687463851927,True
EURUSD,買い,1,2023-11-17 13:00:00,2023-11-19 17:00:00,1.0911463224968554,2023-11-20 09:00:00,1.0926236775031446,時間切れ,time,4,0.0026961244491523558,1.0857540735985507,1.0911463224968554,0.001477355006289205,0.27397752480485016,1.0732729730091886,0.5141908405938683,True
AUDUSD,買い,1,2023-11-19 21:00:00,2023-11-20 01:00:00,0.6546142521179044,2023-11-20 17:00:00,0.6554157478820957,時間切れ,time,4,0.002707193442972625,0.6491998652319592,0.6491998652319592,0.0008014957641913067,0.14803075234092378,0.6965693149821509,0.41897712217378485,False
USDCHF,売り,-1,2023-11-17 13:00:00,2023-11-19 17:00:00,0.8864636570334298,2023-11-22 01:00:00,0.8859044176003729,トレイル,trail,15,0.0021080877535910093,0.8906798325406118,0.8858080746338026,0.0005592394330569128,0.13264140264186816,2.136370758645166,0.3350633603212312,True
GBPUSD,買い,1,2023-11-17 13:00:00,2023-11-19 17:00:00,1.2454662429853747,2023-11-22 09:00:00,1.2496043962839936,トレイル,trail,17,0.0033879740444407364,1.2386902948964933,1.2496706392693682,0.004138153298618885,0.6107120722204327,3.0884997574863666,0.2497784735875402,True
GBPUSD,買い,1,2023-11-24 05:00:00,2023-11-24 09:00:00,1.2577762429853747,2023-11-27 01:00:00,1.2610237570146254,時間切れ,time,4,0.0030246120610228117,1.2517270188633292,1.2577762429853747,0.00324751402925072,0.5368480260824806,1.2476829882603488,0.07149445317677484,True
AUDUSD,買い,1,2023-11-24 09:00:00,2023-11-24 13:00:00,0.6590242521179044,2023-11-27 05:00:00,0.6596157478820956,時間切れ,time,4,0.002098616754402229,0.6548270186091,0.6548270186091,0.0005914957641912633,0.14092515056655622,0.4840082782932421,1.1170463177647136,False
EURUSD,買い,1,2023-11-24 09:00:00,2023-11-24 13:00:00,1.0940963224968554,2023-11-27 05:00:00,1.0948236775031448,時間切れ,time,4,0.0023255820605472344,1.089445158375761,1.089445158375761,0.0007273550062893985,0.15638128162165219,0.7927810995887529,0.604718500677004,False
USDCHF,売り,-1,2023-11-24 09:00:00,2023-11-24 13:00:00,0.8813936570334298,2023-11-27 05:00:00,0.8815763429665703,時間切れ,time,4,0.0019518351378805924,0.885297327309191,0.885297327309191,-0.00018268593314052506,-0.0467985050568603,0.6371731962875705,1.0586667523641435,False
GBPUSD,買い,1,2023-11-28 09:00:00,2023-11-28 13:00:00,1.2693062429853745,2023-11-29 01:00:00,1.26924,建値,breakeven,4,0.0031328552223874187,1.2630405325405998,1.2693062429853745,-6.624298537460938e-05,-0.010572302368337396,1.2843737514174696,0.6308121011313294,True
USDJPY,売り,-1,2023-11-28 17:00:00,2023-11-28 21:00:00,146.8992073498155,2023-11-29 09:00:00,147.8948677965675,初期損切り,initial,4,0.4969338982837369,147.89307514638298,147.89307514638298,-0.995660446751998,-1.001803710906738,0.19561424598167082,2.0000000000000235,False
USDCHF,売り,-1,2023-11-28 05:00:00,2023-11-28 09:00:00,0.8789836570334297,2023-11-30 05:00:00,0.8759668611281781,トレイル,trail,12,0.0018618640614029628,0.8827073851562357,0.8758705181616079,0.0030167959052516125,0.8101547174658871,3.90665311405649,0.4223417718143125,True
USDJPY,買い,1,2023-11-30 09:00:00,2023-11-30 13:00:00,148.21179265018452,2023-12-01 05:00:00,147.8572073498155,時間切れ,time,4,0.5182938229802173,147.1752050042241,147.1752050042241,-0.354585300369024,-0.3420697726341205,0.2010584444481399,1.1688208952620458,False
EURUSD,売り,-1,2023-11-30 01:00:00,2023-11-30 05:00:00,1.0924336775031447,2023-12-01 13:00:00,1.0883591127413164,トレイル,trail,9,0.0024489798769965665,1.0973316372571378,1.088332790244461,0.004074564761828325,0.8318902086744338,3.901084526207405,1.0969148918242317,True
AUDUSD,買い,1,2023-12-01 09:00:00,2023-12-01 13:00:00,0.6671642521179044,2023-12-04 05:00:00,0.6651557478820956,時間切れ,time,4,0.0027910688128014666,0.6615821144923015,0.6615821144923015,-0.0020085042358087835,-0.3598091574447419,0.69355075489975,1.334346219205633,False
USDJPY,売り,-1,2023-12-03 17:00:00,2023-12-03 21:00:00,146.6422073498155,2023-12-04 13:00:00,147.25379265018452,時間切れ,time,4,0.5501046529605227,147.74241665573655,147.74241665573655,-0.611585300369029,-0.5558808647387667,0.327587394227033,1.1194100011161114,False
EURUSD,売り,-1,2023-12-04 09:00:00,2023-12-04 13:00:00,1.0825236775031446,2023-12-05 05:00:00,1.0832163224968554,時間切れ,time,4,0.002800870249834975,1.0881254180028146,1.0881254180028146,-0.0006926449937108003,-0.12364817573245501,0.7546502745955628,0.7912978107379384,False
AUDUSD,売り,-1,2023-12-05 05:00:00,2023-12-05 09:00:00,0.6559157478820956,2023-12-06 01:00:00,0.6589242521179044,時間切れ,time,4,0.0026205774997064978,0.6611569028815086,0.6611569028815086,-0.0030085042358087843,-0.5740155053887424,0.5707703291595585,1.4669484563364195,False
GBPUSD,売り,-1,2023-12-05 09:00:00,2023-12-05 13:00:00,1.2594637570146254,2023-12-06 05:00:00,1.2600562429853746,時間切れ,time,4,0.003607124292606631,1.2666780055998388,1.2666780055998388,-0.0005924859707491237,-0.0821271908987884,0.48619256570113883,0.5395552876743456,False
AUDUSD,売り,-1,2023-12-06 21:00:00,2023-12-07 01:00:00,0.6534157478820957,2023-12-07 05:00:00,0.6585389284919528,初期損切り,initial,2,0.0025394642459763968,0.6584946763740485,0.6584946763740485,-0.00512318060985717,-1.0087128846122742,0.05345532322842374,2.0000000000000004,False
USDJPY,売り,-1,2023-12-06 21:00:00,2023-12-07 01:00:00,146.54320734981548,2023-12-07 13:00:00,143.2787926501845,トレイル,trail,4,0.46153353715536866,147.46627442412623,142.9753578828372,3.2644146996309757,3.536486990469836,10.6887299679693,0.2812204092133698,True
AUDUSD,買い,1,2023-12-07 09:00:00,2023-12-07 13:00:00,0.6608842521179044,2023-12-08 05:00:00,0.6606157478820956,時間切れ,time,4,0.002792165657894017,0.6552999208021163,0.6552999208021163,-0.00026850423580870864,-0.04808171661477048,0.39243655869692173,0.5852991255314649,False
EURUSD,買い,1,2023-12-07 09:00:00,2023-12-07 13:00:00,1.0813963224968552,2023-12-08 05:00:00,1.0776736775031448,時間切れ,time,4,0.0027299628522155775,1.075936396792424,1.075936396792424,-0.0037226449937104444,-0.6818123899908066,0.0,1.5261462233722483,False
USDCHF,買い,1,2023-12-08 05:00:00,2023-12-08 09:00:00,0.8795963429665702,2023-12-11 01:00:00,0.8798836570334297,時間切れ,time,4,0.002646968318459211,0.8743024063296517,0.8743024063296517,0.0002873140668595564,0.054272290464511624,0.9345246092215179,0.9657625853482761,False
GBPUSD,売り,-1,2023-12-10 21:00:00,2023-12-11 01:00:00,1.2541437570146254,2023-12-11 17:00:00,1.2556962429853746,時間切れ,time,4,0.003219304149881271,1.260582365314388,1.260582365314388,-0.0015524859707491956,-0.2411213570495431,0.18754270690689656,1.5302198102519002,False
USDCHF,売り,-1,2023-12-13 13:00:00,2023-12-13 17:00:00,0.8711236570334298,2023-12-14 01:00:00,0.87122,建値,breakeven,3,0.0027700602743370166,0.8766637775821038,0.8711236570334298,-9.634296657023977e-05,-0.017390048776700067,1.6402737065052535,0.143080990057181,True
EURUSD,買い,1,2023-12-13 13:00:00,2023-12-13 17:00:00,1.0877363224968553,2023-12-15 01:00:00,1.0947709759120274,トレイル,trail,9,0.00288105182899578,1.0819742188388637,1.0947972984088827,0.007034653415172176,1.220848119491168,4.575994562284548,0.1930970110486119,True
AUDUSD,買い,1,2023-12-13 13:00:00,2023-12-13 17:00:00,0.6660642521179043,2023-12-15 05:00:00,0.667047612031059,トレイル,trail,10,0.002780558674709225,0.6605031347684859,0.6670918641489634,0.00098335991315468,0.17682775805072953,2.4368296715782276,0.15257801310331176,True
GBPUSD,買い,1,2023-12-13 13:00:00,2023-12-13 17:00:00,1.2620062429853747,2023-12-15 05:00:00,1.2711877872423298,トレイル,trail,10,0.0039006661497824587,1.2542049106858097,1.2712540302277044,0.009181544256955165,1.1769200316550064,4.456612370067829,0.1964390070699816,True
USDJPY,売り,-1,2023-12-13 13:00:00,2023-12-13 17:00:00,142.8262073498155,2023-12-18 01:00:00,142.38437457580054,トレイル,trail,15,0.7413604718966467,144.30892829360877,142.38258192561602,0.441832774014955,0.29798781481065467,2.524018235054139,0.11572325938153881,True
AUDUSD,買い,1,2023-12-18 01:00:00,2023-12-18 05:00:00,0.6729842521179044,2023-12-18 21:00:00,0.6711657478820956,時間切れ,time,4,0.002989368608903911,0.6670055149000965,0.6670055149000965,-0.00181850423580876,-0.30416192743716824,0.11231397864272676,1.3127361096306038,False
AUDUSD,買い,1,2023-12-19 05:00:00,2023-12-19 09:00:00,0.6743042521179043,2023-12-20 01:00:00,0.6769157478820956,時間切れ,time,4,0.00275126292444762,0.6688017262690091,0.6743042521179043,0.002611495764191285,0.474599454124437,1.2160771158457586,0.18691493035242854,True
USDCHF,売り,-1,2023-12-19 09:00:00,2023-12-19 13:00:00,0.8617436570334298,2023-12-20 05:00:00,0.8615663429665702,時間切れ,time,4,0.0028434651077527003,0.8674305872489352,0.8674305872489352,0.00017731406685961293,0.031179223261113102,0.6307997339370957,0.18862301672276477,False
EURUSD,買い,1,2023-12-21 05:00:00,2023-12-21 09:00:00,1.0991263224968553,2023-12-22 01:00:00,1.0996536775031447,時間切れ,time,4,0.0026530350841104085,1.0938202523286344,1.0938202523286344,0.0005273550062894206,0.09938711505321997,0.8343943570150666,0.5979274478336645,False
USDCHF,売り,-1,2023-12-21 05:00:00,2023-12-21 09:00:00,0.8579036570334297,2023-12-22 01:00:00,0.8573363429665702,時間切れ,time,4,0.0026370416704204957,0.8631777403742708,0.8631777403742708,0.0005673140668595034,0.10756638266718041,0.8166943501830664,0.4991741242982854,False
EURUSD,買い,1,2023-12-26 13:00:00,2023-12-26 17:00:00,1.1043963224968554,2023-12-27 09:00:00,1.1070136775031447,時間切れ,time,4,0.0021865418239495945,1.1000232388489561,1.1043963224968554,0.002617355006289346,0.5985147362883654,1.3691380015485735,0.6934797588807744,True
AUDUSD,買い,1,2023-12-26 17:00:00,2023-12-26 21:00:00,0.6828442521179043,2023-12-27 13:00:00,0.6844757478820956,時間切れ,time,4,0.002176231283996061,0.6784917895499122,0.6828442521179043,0.0016314957641913042,0.37484429531669605,1.0319435708009534,0.4201079750243847,True
GBPUSD,買い,1,2023-12-27 05:00:00,2023-12-27 09:00:00,1.2755462429853746,2023-12-28 05:00:00,1.2767053084517421,トレイル,trail,6,0.0030271651660991566,1.2694919126531763,1.2767715514371167,0.0011590654663675704,0.19144404133408366,2.3962210902329675,0.3720454364324426,True
USDCHF,売り,-1,2023-12-27 09:00:00,2023-12-27 13:00:00,0.8435336570334298,2023-12-28 05:00:00,0.839705172364204,トレイル,trail,5,0.0027770456166750553,0.8490877482667799,0.8396088293976338,0.0038284846692256957,0.6893089271269378,3.512242281820274,0.15712488262712743,True
USDJPY,売り,-1,2023-12-27 13:00:00,2023-12-27 17:00:00,141.77020734981548,2023-12-28 13:00:00,141.28112426625836,トレイル,trail,6,0.46945820289018103,142.70912375559584,141.27933161607385,0.4890830835571194,0.5209016271801402,3.229696148626399,0.0251197020563946,True
USDCHF,買い,1,2024-01-02 01:00:00,2024-01-02 05:00:00,0.8463463429665702,2024-01-02 21:00:00,0.8494536570334298,時間切れ,time,4,0.0034150199173174295,0.8395163031319354,0.8463463429665702,0.003107314066859601,0.45494816166408514,1.2777837725929062,0.06627866661111612,True
GBPUSD,売り,-1,2024-01-02 05:00:00,2024-01-02 09:00:00,1.2629537570146254,2024-01-03 01:00:00,1.2631462429853746,時間切れ,time,4,0.003814028849433798,1.270581814713493,1.270581814713493,-0.00019248597074916773,-0.025233942682125064,0.4912802416016353,0.40278745809763045,False
USDJPY,買い,1,2024-01-02 05:00:00,2024-01-02 09:00:00,142.1507926501845,2024-01-03 01:00:00,142.12220734981548,時間切れ,time,4,0.5162866499190113,141.1182193503465,141.1182193503465,-0.02858530036903062,-0.027683555611514195,0.060445781079890404,1.256651998044649,False
EURUSD,売り,-1,2024-01-03 05:00:00,2024-01-03 09:00:00,1.0921336775031447,2024-01-03 17:00:00,1.09216,建値,breakeven,3,0.0026285740489408803,1.0973908256010265,1.0921336775031447,-2.632249685530219e-05,-0.005006991693064192,1.0780284102274174,0.6567524691004678,True
AUDUSD,売り,-1,2024-01-03 05:00:00,2024-01-03 09:00:00,0.6714657478820957,2024-01-04 01:00:00,0.6740542521179044,時間切れ,time,4,0.0025961621895501845,0.676658072261196,0.676658072261196,-0.0025885042358086974,-0.4985251395748095,0.4836939260382945,1.2342264789163615,False
AUDUSD,売り,-1,2024-01-05 01:00:00,2024-01-05 05:00:00,0.6681957478820956,2024-01-05 09:00:00,0.6686842521179044,建値,breakeven,2,0.0024872053944826247,0.6731701586710608,0.6681957478820956,-0.0004885042358088176,-0.09820343685577156,1.6628091476763152,0.31129400073749824,True
SP500,買い,1,2024-01-08 09:00:00,2024-01-08 13:00:00,4769.999430651931,2024-01-09 09:00:00,4769.85,建値,breakeven,6,17.554613786609394,4734.890203078712,4769.999430651931,-0.1494306519307429,-0.004256164611400569,1.882728367016536,0.13953201601047716,True
USDJPY,売り,-1,2024-01-08 17:00:00,2024-01-08 21:00:00,143.48420734981548,2024-01-09 13:00:00,144.40879265018452,時間切れ,time,4,0.57166634330638,144.62754003642823,144.62754003642823,-0.9245853003690456,-0.8086756472503416,0.10531903884221375,1.7524079594932698,False
SP500,買い,1,2024-01-10 09:00:00,2024-01-10 13:00:00,4807.649430651931,2024-01-11 05:00:00,4807.5,建値,breakeven,5,16.583935962773165,4774.481558726385,4807.649430651931,-0.1494306519307429,-0.004505283072310993,1.8271036149733308,0.3316119083115111,True
EURUSD,買い,1,2024-01-10 17:00:00,2024-01-10 21:00:00,1.0979163224968553,2024-01-11 09:00:00,1.0931055054680994,初期損切り,initial,4,0.0023922472659502923,1.0931318279649547,1.0931318279649547,-0.004810817028755965,-1.0055016254444173,0.4906171363846605,2.0000000000000324,False
AUDUSD,売り,-1,2024-01-11 05:00:00,2024-01-11 09:00:00,0.6664357478820956,2024-01-11 17:00:00,0.6713041391786689,初期損切り,initial,3,0.0024120695893344716,0.6712598870607646,0.6712598870607646,-0.004868391296573349,-1.009173059952349,0.7030261023951105,2.0000000000000124,False
USDJPY,買い,1,2024-01-11 05:00:00,2024-01-11 09:00:00,146.2517926501845,2024-01-11 17:00:00,145.19929949622005,初期損切り,initial,3,0.5253502518899699,145.20109214640456,145.20109214640456,-1.0524931539644626,-1.0017061476396687,0.3125673761928188,2.00000000000002,False
USDCHF,買い,1,2024-01-11 05:00:00,2024-01-11 09:00:00,0.8549163429665703,2024-01-12 01:00:00,0.8521936570334298,時間切れ,time,4,0.0026247636217539665,0.8496668157230624,0.8496668157230624,-0.0027226859331405118,-0.5186535485662344,0.6414509175133571,1.5263633392987284,False
GBPUSD,買い,1,2024-01-11 17:00:00,2024-01-11 21:00:00,1.2781162429853745,2024-01-12 13:00:00,1.2739237570146253,時間切れ,time,4,0.0034634519458315604,1.2711893390937115,1.2711893390937115,-0.004192485970749171,-0.6052467359616523,0.1339002307174168,1.7717130427519532,False
GBPUSD,売り,-1,2024-01-15 21:00:00,2024-01-16 01:00:00,1.2680237570146253,2024-01-17 01:00:00,1.2674129433809325,トレイル,trail,7,0.0032271865604526447,1.2744781301355306,1.2673467003955579,0.0006108136336928638,0.09463562490902155,2.287985797012523,0.22813772045193276,True
EURUSD,売り,-1,2024-01-15 17:00:00,2024-01-15 21:00:00,1.0927236775031448,2024-01-17 17:00:00,1.089344128831758,トレイル,trail,12,0.0023742278090264136,1.0974721331211976,1.0893178063349027,0.0033795486713867895,0.7117153329891756,3.480574809092759,0.011086761243057006,True
SP500,売り,-1,2024-01-17 05:00:00,2024-01-17 09:00:00,4767.70056934807,2024-01-17 17:00:00,4767.949430651931,建値,breakeven,3,16.778478322766638,4801.257525993603,4767.70056934807,-0.2488613038613039,-0.007416086818898981,1.2665373426167619,0.4797473583172405,True
USDCHF,買い,1,2024-01-15 17:00:00,2024-01-15 21:00:00,0.8570863429665703,2024-01-17 17:00:00,0.8633634443177969,トレイル,trail,12,0.002423454453907992,0.8522394340587542,0.8634597872843671,0.0062771013512266105,1.2950731013542136,4.73029605113635,0.03975439538996902,True
AUDUSD,売り,-1,2024-01-15 17:00:00,2024-01-15 21:00:00,0.6632157478820956,2024-01-18 05:00:00,0.6574560105705015,トレイル,trail,15,0.00246070672836366,0.668137161338823,0.6574117584525971,0.005759737311594071,1.170342090181593,4.342552389085969,0.050494484560978735,True
USDJPY,買い,1,2024-01-16 01:00:00,2024-01-16 05:00:00,146.5427926501845,2024-01-19 05:00:00,147.86216785942938,トレイル,trail,19,0.48385213174612857,145.57508838669224,147.8639605096139,1.3193752092448676,1.3634074572364683,4.677477273166134,0.5265919760754202,True
GBPUSD,買い,1,2024-01-21 21:00:00,2024-01-22 01:00:00,1.2719762429853747,2024-01-22 17:00:00,1.2709337570146253,時間切れ,time,4,0.0031010208863274475,1.2657742012127198,1.2657742012127198,-0.0010424859707494072,-0.1680875442254805,0.4333273021636172,1.0500551607799773,False
EURUSD,売り,-1,2024-01-23 09:00:00,2024-01-23 13:00:00,1.0831336775031446,2024-01-24 01:00:00,1.0879016373122095,初期損切り,initial,4,0.00237081865610476,1.0878753148153542,1.0878753148153542,-0.004767959809064859,-1.0055513518057484,0.03951272397126624,2.0000000000000155,False
GBPUSD,売り,-1,2024-01-23 09:00:00,2024-01-23 13:00:00,1.2657237570146254,2024-01-24 01:00:00,1.2719905134436973,初期損切り,initial,4,0.0031002567218487097,1.2719242704583227,1.2719242704583227,-0.006266756429071929,-1.010683467744408,0.007662918511841041,1.9999999999999678,False
USDCHF,買い,1,2024-01-23 09:00:00,2024-01-23 13:00:00,0.8715263429665703,2024-01-24 01:00:00,0.8668283420024333,初期損切り,initial,4,0.002300828998783381,0.8669246849690035,0.8669246849690035,-0.0046980009641369724,-1.0209365769079652,0.18413234258336628,1.9999999999999871,False
SP500,買い,1,2024-01-19 01:00:00,2024-01-19 05:00:00,4829.899430651931,2024-01-24 13:00:00,4903.663792152496,トレイル,trail,21,17.14056113002863,4795.618308391873,4903.813222804427,73.76436150056543,2.1517487362574523,6.020839607594413,0.8546645900796291,True
AUDUSD,買い,1,2024-01-24 05:00:00,2024-01-24 09:00:00,0.6617042521179044,2024-01-24 17:00:00,0.6569418927225259,初期損切り,initial,3,0.0023590536387370605,0.6569861448404303,0.6569861448404303,-0.0047623593953785015,-1.009379209776695,0.17199603918832287,2.000000000000002,False
EURUSD,買い,1,2024-01-24 05:00:00,2024-01-24 09:00:00,1.0925063224968552,2024-01-24 17:00:00,1.0875159805852734,初期損切り,initial,3,0.0024820097073632186,1.0875423030821287,1.0875423030821287,-0.004990341911581764,-1.0053026579181454,0.28754017400804743,2.0000000000000098,False
USDJPY,売り,-1,2024-01-24 05:00:00,2024-01-24 09:00:00,146.77020734981548,2024-01-24 17:00:00,147.77755216407357,初期損切り,initial,3,0.5027760820367843,147.77575951388906,147.77575951388906,-1.00734481425809,-1.001782752052623,0.2351093340332044,2.000000000000018,False
USDCHF,売り,-1,2024-01-24 05:00:00,2024-01-24 09:00:00,0.8609936570334298,2024-01-25 01:00:00,0.8647763429665702,時間切れ,time,4,0.0024300997790807893,0.8658538565915913,0.8658538565915913,-0.0037826859331404616,-0.7782984809313678,0.1331867260002644,1.6280578273484485,False
EURUSD,売り,-1,2024-01-29 09:00:00,2024-01-29 13:00:00,1.0811536775031447,2024-01-30 05:00:00,1.0827263224968553,時間切れ,time,4,0.002450553451205421,1.0860547844055555,1.0860547844055555,-0.0015726449937105702,-0.3208754726278242,0.09127632087957718,1.2512775411394996,False
AUDUSD,買い,1,2024-01-29 13:00:00,2024-01-29 17:00:00,0.6611642521179044,2024-01-30 09:00:00,0.6587557478820957,時間切れ,time,4,0.0021171952674577015,0.656929861582989,0.656929861582989,-0.0024085042358087394,-0.5687959615318897,0.6261812041964114,1.2631107574293803,False
SP500,買い,1,2024-01-29 13:00:00,2024-01-29 17:00:00,4951.999430651931,2024-01-30 09:00:00,4943.20056934807,時間切れ,time,4,15.826624988994968,4920.3461806739415,4920.3461806739415,-8.798861303861486,-0.2779765524860723,0.3222777662082683,0.7044730420846826,False
AUDUSD,売り,-1,2024-01-30 21:00:00,2024-01-31 01:00:00,0.6566157478820956,2024-01-31 09:00:00,0.6609265314845598,初期損切り,initial,3,0.0021332657422798765,0.6608822793666554,0.6608822793666554,-0.004310783602464174,-1.0103719187505276,0.26051507371122334,2.0000000000000218,False
USDJPY,売り,-1,2024-01-31 09:00:00,2024-01-31 13:00:00,146.3562073498155,2024-01-31 13:00:00,147.32355843391588,初期損切り,initial,1,0.4827792169579414,147.32176578373137,147.32176578373137,-0.9673510841003861,-1.0018565941962032,-0.0,1.999999999999981,False
USDCHF,売り,-1,2024-01-31 09:00:00,2024-01-31 13:00:00,0.8595836570334298,2024-02-01 01:00:00,0.8646435281171427,初期損切り,initial,4,0.0024817640585713856,0.8645471851505725,0.8645471851505725,-0.0050598710837129746,-1.019410178465084,0.6300586987829399,1.9999999999999853,False
SP500,売り,-1,2024-01-31 13:00:00,2024-01-31 17:00:00,4873.550569348069,2024-02-01 09:00:00,4889.399430651931,時間切れ,time,4,17.121892832509833,4907.7943550130885,4907.7943550130885,-15.848861303861668,-0.4628244510959961,0.06719872383997287,1.2994726032676405,False
EURUSD,買い,1,2024-02-02 01:00:00,2024-02-02 05:00:00,1.0891063224968554,2024-02-02 05:00:00,1.0837742646029902,初期損切り,initial,1,0.0026528676985049346,1.0838005870998455,1.0838005870998455,-0.00533205789386515,-1.0049611401409342,0.0,1.9999999999999918,False
GBPUSD,買い,1,2024-02-02 01:00:00,2024-02-02 05:00:00,1.2758162429853745,2024-02-02 05:00:00,1.269070344874953,初期損切り,initial,1,0.0033398275625235183,1.2691365878603276,1.2691365878603276,-0.006745898110421589,-1.0099171265783105,0.0,1.999999999999983,False
SP500,買い,1,2024-02-01 17:00:00,2024-02-01 21:00:00,4958.499430651931,2024-02-02 13:00:00,4973.000569348069,時間切れ,time,4,18.611564062552578,4921.276302526826,4958.499430651931,14.501138696137787,0.3895733493273363,1.3352219762158453,1.7542550718573444,True
AUDUSD,売り,-1,2024-02-02 09:00:00,2024-02-02 13:00:00,0.6506857478820957,2024-02-05 05:00:00,0.6500242521179044,時間切れ,time,4,0.0027435061201916042,0.6561727601224788,0.6561727601224788,0.0006614957641912778,0.12055664088423455,0.7675389774412262,0.5009108993014898,False
GBPUSD,売り,-1,2024-02-02 09:00:00,2024-02-02 13:00:00,1.2618037570146254,2024-02-05 05:00:00,1.2601862429853745,時間切れ,time,4,0.0038053943751774873,1.2694145457649804,1.2694145457649804,0.0016175140292509216,0.21252909288481817,0.49765065796551655,0.6717419361443359,False
USDCHF,買い,1,2024-02-02 09:00:00,2024-02-02 13:00:00,0.8676663429665702,2024-02-05 05:00:00,0.8701836570334298,時間切れ,time,4,0.0030161068867102362,0.8616341291931497,0.8616341291931497,0.0025173140668596217,0.4173118131110626,0.9196149664493871,0.9271365610057092,False
USDJPY,買い,1,2024-02-02 05:00:00,2024-02-02 09:00:00,147.96679265018452,2024-02-06 09:00:00,147.965,建値,breakeven,13,0.5514730136765049,146.86384662283152,147.96679265018452,-0.0017926501845124676,-0.0016253290188774673,1.6795152742665296,0.5037284568696531,True
EURUSD,売り,-1,2024-02-04 17:00:00,2024-02-04 21:00:00,1.0778036775031448,2024-02-07 01:00:00,1.0770296199597618,トレイル,trail,14,0.0028997989458553787,1.0836032753948555,1.0770032974629065,0.0007740575433829999,0.1334674503019156,1.9117454715500997,0.2815100329703551,True
SP500,買い,1,2024-02-07 09:00:00,2024-02-07 13:00:00,5010.29943065193,2024-02-08 05:00:00,5012.100569348069,時間切れ,time,4,17.55387093516943,4975.191688781591,4975.191688781591,1.801138696138878,0.05130317702548077,0.5440719818063195,0.27625990129702144,False
USDCHF,買い,1,2024-02-07 13:00:00,2024-02-07 17:00:00,0.8742263429665702,2024-02-08 09:00:00,0.8759136570334297,時間切れ,time,4,0.0025302148647488192,0.8691659132370726,0.8691659132370726,0.0016873140668595132,0.3334329606483869,0.7167996120400173,0.7020522214608824,False
USDJPY,買い,1,2024-02-08 05:00:00,2024-02-08 09:00:00,149.3927926501845,2024-02-09 01:00:00,149.3992073498155,時間切れ,time,4,0.4381320888382575,148.51652847250799,148.51652847250799,0.0064146996309943916,0.007320508808203804,0.22186767938695978,0.6112144191368803,False
SP500,買い,1,2024-02-09 01:00:00,2024-02-09 05:00:00,5020.499430651931,2024-02-09 09:00:00,5020.35,建値,breakeven,2,13.533272712302912,4993.432885227326,5020.499430651931,-0.1494306519307429,-0.005520861624065905,1.6515273003957618,0.06276609287266226,True
EURUSD,買い,1,2024-02-11 17:00:00,2024-02-11 21:00:00,1.0796063224968553,2024-02-12 13:00:00,1.0782036775031447,時間切れ,time,4,0.0020777000131967658,1.0754509224704618,1.0754509224704618,-0.0014026449937105667,-0.33754752485957923,0.45900635177709936,1.9330617853131236,False
USDCHF,買い,1,2024-02-12 05:00:00,2024-02-12 09:00:00,0.8770163429665703,2024-02-13 01:00:00,0.8760336570334297,時間切れ,time,4,0.0020991296250974104,0.8728180837163755,0.8728180837163755,-0.000982685933140548,-0.2340698548082628,0.135130784701556,0.927214281242845,False
AUDUSD,買い,1,2024-02-12 09:00:00,2024-02-12 13:00:00,0.6543142521179044,2024-02-13 05:00:00,0.6516157478820956,時間切れ,time,4,0.0019076743623204998,0.6504989033932634,0.6504989033932634,-0.002698504235808752,-0.707275908590155,0.003013031054538796,1.7687778294614087,False
GBPUSD,買い,1,2024-02-13 01:00:00,2024-02-13 05:00:00,1.2655362429853747,2024-02-13 05:00:00,1.2602963047587015,初期損切り,initial,1,0.0025868476206492687,1.260362547744076,1.260362547744076,-0.005239938226673235,-1.0128038050726142,0.0,2.000000000000034,False
EURUSD,売り,-1,2024-02-13 05:00:00,2024-02-13 09:00:00,1.0708536775031448,2024-02-14 01:00:00,1.0714463224968553,時間切れ,time,4,0.002351362190599028,1.0755564018843429,1.0755564018843429,-0.0005926449937105893,-0.12602163037239456,0.33753945109687467,0.7852139939295655,False
USDJPY,買い,1,2024-02-13 01:00:00,2024-02-13 05:00:00,149.58179265018452,2024-02-14 17:00:00,150.1940152609102,トレイル,trail,10,0.32510354449946355,148.93158556118559,150.1958079110947,0.6122226107256665,0.9415809533363558,4.008591637540932,0.9313729588851907,True
AUDUSD,買い,1,2024-02-20 01:00:00,2024-02-20 05:00:00,0.6554742521179043,2024-02-20 09:00:00,0.65543,建値,breakeven,2,0.0017557044641122372,0.6519628431896799,0.6554742521179043,-4.425211790437533e-05,-0.012602382351049948,1.1310262761676095,0.32707789359905876,True
EURUSD,買い,1,2024-02-20 01:00:00,2024-02-20 05:00:00,1.0798063224968553,2024-02-21 01:00:00,1.0801241288987002,トレイル,trail,6,0.0019432418684030832,1.075919838760049,1.0801504513955555,0.00031780640184497777,0.08177221966356268,2.0963306572291773,0.2193872537367679,True
GBPUSD,買い,1,2024-02-20 05:00:00,2024-02-20 09:00:00,1.2643262429853745,2024-02-21 01:00:00,1.2633137570146253,時間切れ,time,4,0.002698513244208549,1.2589292164969574,1.2589292164969574,-0.0010124859707492107,-0.18760070437344922,0.9315340660344549,0.9954529558598874,False
SP500,売り,-1,2024-02-19 17:00:00,2024-02-19 21:00:00,5003.000569348069,2024-02-21 17:00:00,5017.599430651931,トレイル,trail,12,16.47545302465755,5035.951475397384,4993.358429866225,-14.598861303861668,-0.44304885826243046,2.649430597309832,0.8770278201337206,True
USDCHF,売り,-1,2024-02-21 21:00:00,2024-02-22 01:00:00,0.8780036570334298,2024-02-22 05:00:00,0.8781,建値,breakeven,2,0.0018351340220770635,0.8816739250775839,0.8780036570334298,-9.634296657023977e-05,-0.026249572350360472,2.034541885504301,0.06339753128143692,True
AUDUSD,買い,1,2024-02-22 01:00:00,2024-02-22 05:00:00,0.6583042521179043,2024-02-22 09:00:00,0.654580935248191,初期損切り,initial,2,0.0018395323759044769,0.6546251873660954,0.6546251873660954,-0.003723316869713278,-1.012028088900193,0.2531881951067223,1.9999999999999722,False
EURUSD,買い,1,2024-02-22 01:00:00,2024-02-22 05:00:00,1.0853263224968552,2024-02-22 09:00:00,1.0811241086107815,初期損切り,initial,2,0.0020879456946092763,1.0811504311076368,1.0811504311076368,-0.00420221388607378,-1.006303443840323,0.26996751141569847,1.9999999999999643,False
GBPUSD,買い,1,2024-02-22 01:00:00,2024-02-22 05:00:00,1.2676762429853745,2024-02-22 09:00:00,1.262157915920725,初期損切り,initial,2,0.00272604203963748,1.2622241589060996,1.2622241589060996,-0.0055183270646494975,-1.0121500300456383,0.4782600545657259,1.9999999999999736,False
USDJPY,買い,1,2024-02-22 05:00:00,2024-02-22 09:00:00,150.5667926501845,2024-02-23 01:00:00,150.60320734981548,時間切れ,time,4,0.2807616265741645,150.0052693970362,150.0052693970362,0.03641469963096711,0.06484985158993584,0.43527084276668815,0.6831156113631052,False
SP500,買い,1,2024-02-22 05:00:00,2024-02-22 09:00:00,5064.499430651931,2024-02-26 13:00:00,5089.7019194759905,トレイル,trail,14,18.19978308936349,5028.099864473204,5089.851350127921,25.2024888240594,0.6923843185468652,3.2225971628390297,0.6648118053122704,True
USDJPY,買い,1,2024-02-26 09:00:00,2024-02-26 13:00:00,150.7727926501845,2024-02-27 01:00:00,150.2545838025209,初期損切り,initial,4,0.25820809873954953,150.2563764527054,150.2563764527054,-0.5182088476636011,-1.0034713283457275,0.17120822325600052,1.9999999999999596,False
EURUSD,売り,-1,2024-02-28 01:00:00,2024-02-28 05:00:00,1.0799636775031447,2024-02-28 09:00:00,1.0837258112787285,初期損切り,initial,2,0.0018679056393642805,1.0836994887818732,1.0836994887818732,-0.0037621337755837647,-1.0070459921262838,0.012675963199544534,1.9999999999999474,False
AUDUSD,売り,-1,2024-02-27 21:00:00,2024-02-28 01:00:00,0.6515557478820956,2024-02-28 21:00:00,0.6516,建値,breakeven,6,0.0017950545979638639,0.6551458570780233,0.6515557478820956,-4.425211790437533e-05,-0.012326120318170448,1.507334587574485,0.11935688092574213,True
USDJPY,売り,-1,2024-02-28 21:00:00,2024-02-29 01:00:00,149.9092073498155,2024-02-29 05:00:00,149.911,建値,breakeven,2,0.2664833414485274,150.44217403271256,149.9092073498155,-0.0017926501845124676,-0.003363531421454213,1.1040365533404548,0.10054155745301357,True
USDCHF,売り,-1,2024-02-29 01:00:00,2024-02-29 05:00:00,0.8779636570334297,2024-02-29 09:00:00,0.8813945153617692,初期損切り,initial,2,0.0016672576808845993,0.8812981723951989,0.8812981723951989,-0.003430858328339448,-1.028892644392897,-0.0,2.0000000000000058,False
SP500,買い,1,2024-02-29 05:00:00,2024-02-29 09:00:00,5095.599430651931,2024-02-29 17:00:00,5095.45,建値,breakeven,3,16.323892996304846,5062.951644659321,5095.599430651931,-0.1494306519307429,-0.004577053156516302,1.1364059634713528,1.5529035051668605,True
GBPUSD,売り,-1,2024-02-29 09:00:00,2024-02-29 13:00:00,1.2617137570146253,2024-03-01 05:00:00,1.2631062429853745,時間切れ,time,4,0.002672914456559753,1.2670595859277447,1.2670595859277447,-0.0013924859707492576,-0.26048083344603074,0.16227867433648224,0.9039731815752065,False
EURUSD,買い,1,2024-03-04 09:00:00,2024-03-04 13:00:00,1.0858263224968554,2024-03-05 05:00:00,1.0851036775031446,時間切れ,time,4,0.001976842908610896,1.0818726366796336,1.0818726366796336,-0.0007226449937107748,-0.18277754660297435,0.12832456339324905,0.8429210483023626,False
GBPUSD,買い,1,2024-03-04 09:00:00,2024-03-04 13:00:00,1.2696962429853746,2024-03-05 05:00:00,1.2684637570146253,時間切れ,time,4,0.002445015227250412,1.2648062125308739,1.2648062125308739,-0.0012324859707493196,-0.25204055112068463,0.030166280276448198,1.0454916422951621,False
AUDUSD,売り,-1,2024-03-05 01:00:00,2024-03-05 05:00:00,0.6486457478820956,2024-03-05 09:00:00,0.6520849433995587,初期損切り,initial,2,0.0016974716997793249,0.6520406912816543,0.6520406912816543,-0.0034391955174630784,-1.0130347144845424,0.03873282959834648,2.0000000000000315,False
GBPUSD,買い,1,2024-03-05 09:00:00,2024-03-05 13:00:00,1.2712162429853746,2024-03-06 05:00:00,1.2730037570146253,時間切れ,time,4,0.0023198761286626706,1.2665764907280492,1.2665764907280492,0.001787514029250703,0.3852606626633,0.8335604607217271,0.9553281565306222,False
EURUSD,買い,1,2024-03-06 01:00:00,2024-03-06 05:00:00,1.0876863224968554,2024-03-07 05:00:00,1.0879162135399951,トレイル,trail,7,0.0018112269499381602,1.084063868596979,1.0879425360368504,0.00022989104313975162,0.06346279331466459,2.122140189707175,0.5059125787006676,True
GBPUSD,買い,1,2024-03-06 09:00:00,2024-03-06 13:00:00,1.2745262429853745,2024-03-07 05:00:00,1.2749637570146255,時間切れ,time,4,0.0023771442711531887,1.2697719544430681,1.2697719544430681,0.0004375140292509627,0.09202513170113946,0.35494564838340154,0.9196930164924022,False
USDCHF,売り,-1,2024-03-06 09:00:00,2024-03-06 13:00:00,0.8818436570334297,2024-03-07 05:00:00,0.8809163429665703,時間切れ,time,4,0.001997133397576453,0.8858379238285826,0.8858379238285826,0.0009273140668594193,0.23216127374984735,0.5726492956442021,0.48386500758684764,False
EURUSD,買い,1,2024-03-07 09:00:00,2024-03-07 13:00:00,1.0937163224968554,2024-03-08 05:00:00,1.0935036775031446,時間切れ,time,4,0.0021457681133711906,1.089424786270113,1.089424786270113,-0.0002126449937107644,-0.04954985405591669,0.8685363024696288,0.5202437718684787,False
AUDUSD,買い,1,2024-03-06 05:00:00,2024-03-06 09:00:00,0.6540742521179044,2024-03-08 09:00:00,0.6627276228163689,トレイル,trail,13,0.0017361036056133049,0.6506020449066777,0.6627718749342733,0.008653370698464502,2.492181535274091,7.307022369563141,0.031249355009066088,True
SP500,買い,1,2024-03-07 17:00:00,2024-03-07 21:00:00,5160.599430651931,2024-03-08 13:00:00,5135.800569348069,建値,breakeven,5,18.10313262435851,5124.393165403214,5160.599430651931,-24.798861303861486,-0.6849328737307486,1.781491083188295,1.4886611732418817,True
USDJPY,売り,-1,2024-03-06 01:00:00,2024-03-06 05:00:00,149.64520734981548,2024-03-11 21:00:00,147.34971337632538,トレイル,trail,23,0.301944459825534,150.24909626946655,147.34792072614087,2.295493973490096,3.8011857790277914,10.46949942927266,0.5490832661090206,True
EURUSD,買い,1,2024-03-13 09:00:00,2024-03-13 13:00:00,1.0949263224968553,2024-03-14 05:00:00,1.0937536775031447,時間切れ,time,4,0.0018537171782934084,1.0912188881402685,1.0912188881402685,-0.0011726449937106143,-0.31629555129606907,0.7841959497202944,0.9420652283445776,False
SP500,買い,1,2024-03-14 01:00:00,2024-03-14 05:00:00,5249.899430651931,2024-03-14 09:00:00,5210.337164227075,初期損切り,initial,2,19.706417886462567,5210.486594879006,5210.486594879006,-39.56226642485581,-1.0037914209673116,0.1801732495740973,1.9999999999999964,False
USDJPY,買い,1,2024-03-14 09:00:00,2024-03-14 13:00:00,148.1907926501845,2024-03-15 01:00:00,148.189,建値,breakeven,4,0.4272411003358229,147.33631044951287,148.1907926501845,-0.0017926501845124676,-0.0020979374211696823,1.1029073500773197,0.13292880797254467,True
EURUSD,売り,-1,2024-03-14 09:00:00,2024-03-14 13:00:00,1.0887036775031447,2024-03-15 05:00:00,1.0883263224968553,時間切れ,time,4,0.0019316372963694788,1.0925669520958836,1.0925669520958836,0.00037735500628932606,0.09767750058423663,0.7266775733637771,0.24659002896175902,False
GBPUSD,売り,-1,2024-03-14 17:00:00,2024-03-14 21:00:00,1.2736137570146253,2024-03-15 13:00:00,1.2731362429853745,時間切れ,time,4,0.002659601284613203,1.2789329595838517,1.2789329595838517,0.0004775140292507807,0.08977173232946223,0.24205019690348184,0.8596186949530739,False
EURUSD,売り,-1,2024-03-18 09:00:00,2024-03-18 13:00:00,1.0872136775031447,2024-03-19 13:00:00,1.0867823421372136,トレイル,trail,7,0.0016581491844411054,1.0905299758720268,1.0867560196403583,0.0004313353659310959,0.13006530714438747,2.251713861562555,0.26916908384562893,True
AUDUSD,売り,-1,2024-03-14 13:00:00,2024-03-14 17:00:00,0.6580157478820956,2024-03-19 21:00:00,0.653832100182895,トレイル,trail,20,0.0018928008058530464,0.6618013494938016,0.6537878480649906,0.004183647699200654,1.105147379022583,4.023533727662042,0.25583892209203113,True
SP500,買い,1,2024-03-19 13:00:00,2024-03-19 17:00:00,5240.349430651931,2024-03-20 09:00:00,5237.500569348069,時間切れ,time,4,20.212749231647887,5199.923932188634,5199.923932188634,-2.8488613038616677,-0.07047189056798604,0.2869757736363195,0.35618265330569165,False
USDCHF,買い,1,2024-03-14 01:00:00,2024-03-14 05:00:00,0.8800463429665702,2024-03-20 13:00:00,0.8884443071769643,トレイル,trail,27,0.001700323302027007,0.8766456963625162,0.8885406501435346,0.008397964210394071,2.4695198261361835,6.965532389817,1.0682338849352808,True
USDJPY,買い,1,2024-03-18 21:00:00,2024-03-19 01:00:00,149.97379265018452,2024-03-20 13:00:00,151.03199592677382,トレイル,trail,10,0.4020023633838125,149.1697879234169,151.03378857695833,1.0582032765892961,1.3161654917672394,4.5875535016562345,0.07411063440959895,True
EURUSD,買い,1,2024-03-20 13:00:00,2024-03-20 17:00:00,1.0921463224968553,2024-03-21 05:00:00,1.0891136775031447,建値,breakeven,4,0.0018548651113692103,1.0884365922741168,1.0921463224968553,-0.003032644993710587,-0.8174839709697197,1.128749195999123,1.8364259891334025,True
GBPUSD,買い,1,2024-03-20 13:00:00,2024-03-20 17:00:00,1.2786462429853747,2024-03-21 05:00:00,1.2734392032484154,初期損切り,initial,4,0.002570398375792268,1.27350544623379,1.27350544623379,-0.00520703973695924,-1.0128857429257996,0.6783995162180974,2.000000000000037,False
EURUSD,売り,-1,2024-03-21 21:00:00,2024-03-22 01:00:00,1.0833136775031447,2024-03-24 17:00:00,1.0807363224968554,時間切れ,time,4,0.0021800474359027463,1.08767377237495,1.0833136775031447,0.002577355006289306,0.5911236067260244,1.4374354665576852,0.4065611060836223,True
GBPUSD,売り,-1,2024-03-21 09:00:00,2024-03-21 13:00:00,1.2664237570146253,2024-03-25 05:00:00,1.263434819569728,トレイル,trail,11,0.0029699373743440156,1.2723636317633134,1.2633685765843534,0.002988937444897255,0.5031987325250311,2.987859976874202,0.3758473141613482,True
USDCHF,買い,1,2024-03-26 05:00:00,2024-03-26 09:00:00,0.9034363429665703,2024-03-27 01:00:00,0.9037936570334297,時間切れ,time,4,0.0022392644973161036,0.8989578139719381,0.8989578139719381,0.0003573140668594599,0.07978380117393966,0.4080165762127653,0.6146406412551668,False
USDJPY,買い,1,2024-03-26 13:00:00,2024-03-26 17:00:00,151.55179265018452,2024-03-27 05:00:00,151.55,建値,breakeven,4,0.3399760820872438,150.87184048601003,151.55179265018452,-0.0017926501845124676,-0.002636435736165173,1.2359909180542061,0.29941121022276335,True
SP500,売り,-1,2024-03-26 13:00:00,2024-03-26 17:00:00,5272.20056934807,2024-03-27 09:00:00,5289.29943065193,時間切れ,time,4,14.632982508965608,5301.466534366001,5301.466534366001,-17.098861303860758,-0.5842575597074728,0.006872785367414907,1.1719709663715727,False
SP500,買い,1,2024-03-27 13:00:00,2024-03-27 17:00:00,5303.449430651931,2024-03-28 09:00:00,5308.400569348069,時間切れ,time,4,15.243092581123117,5272.963245489685,5272.963245489685,4.951138696138514,0.16240597732345835,0.5871885446102323,0.16725153628525988,False
AUDUSD,売り,-1,2024-03-28 01:00:00,2024-03-28 05:00:00,0.6493457478820956,2024-03-28 21:00:00,0.6518142521179043,時間切れ,time,4,0.0018915288313083559,0.6531288055447123,0.6531288055447123,-0.0024685042358086884,-0.6525156251785079,0.4365505132292901,1.8420296113035421,False
EURUSD,売り,-1,2024-03-28 01:00:00,2024-03-28 05:00:00,1.0791536775031447,2024-03-28 21:00:00,1.0784563224968553,時間切れ,time,4,0.0018320023485755988,1.082817682200296,1.082817682200296,0.000697355006289424,0.1903259040119749,0.9081197436445395,1.4936239022743678,False
AUDUSD,売り,-1,2024-04-01 09:00:00,2024-04-01 13:00:00,0.6483657478820957,2024-04-02 05:00:00,0.6506242521179044,時間切れ,time,4,0.00186766251569764,0.652101072913491,0.652101072913491,-0.002258504235808756,-0.6046339252477642,0.06197473104633018,1.3462025910849225,False
EURUSD,売り,-1,2024-04-01 09:00:00,2024-04-01 13:00:00,1.0736536775031447,2024-04-02 05:00:00,1.0731763224968554,時間切れ,time,4,0.0019067080081232764,1.0774670935193913,1.0774670935193913,0.00047735500628931504,0.12517779446449256,0.6207964188023181,0.44386581125673175,False
GBPUSD,売り,-1,2024-04-01 09:00:00,2024-04-01 13:00:00,1.2544937570146253,2024-04-02 05:00:00,1.2562962429853746,時間切れ,time,4,0.002496304895917096,1.2594863668064595,1.2594863668064595,-0.001802485970749279,-0.36103081272191295,0.21381883899612034,0.8397383624105288,False
SP500,売り,-1,2024-04-02 05:00:00,2024-04-02 09:00:00,5259.70056934807,2024-04-02 13:00:00,5259.85,建値,breakeven,2,15.04227922870829,5289.785127805486,5259.70056934807,-0.1494306519307429,-0.00496702160818666,1.6088365985044788,0.07308936599397053,True
USDCHF,買い,1,2024-04-02 01:00:00,2024-04-02 05:00:00,0.9086163429665702,2024-04-02 21:00:00,0.9081036570334298,時間切れ,time,4,0.0019911263887715633,0.9046340901890271,0.9046340901890271,-0.0005126859331404665,-0.1287426895730037,0.25295081029011884,1.6253829916678226,False
USDJPY,買い,1,2024-04-03 05:00:00,2024-04-03 09:00:00,151.85379265018452,2024-04-04 01:00:00,151.6952073498155,時間切れ,time,4,0.21541226884680076,151.4229681124909,151.4229681124909,-0.15858530036902607,-0.3680971868919186,0.46054642266472756,1.452065157936639,False
GBPUSD,買い,1,2024-04-03 09:00:00,2024-04-03 13:00:00,1.2646262429853745,2024-04-04 05:00:00,1.2662837570146255,時間切れ,time,4,0.0025233443361835943,1.2595795543130073,1.2646262429853745,0.0016575140292509616,0.32843595808209264,0.9288296412887528,0.26006874129870267,True
AUDUSD,買い,1,2024-04-03 09:00:00,2024-04-03 13:00:00,0.6564542521179044,2024-04-04 13:00:00,0.6582252431855848,トレイル,trail,7,0.00196098526113997,0.6525322815956245,0.6582694953034892,0.0017709910676804164,0.4515564453174153,2.7770468192758724,0.23164484043104364,True
EURUSD,買い,1,2024-04-04 05:00:00,2024-04-04 09:00:00,1.0869863224968552,2024-04-04 13:00:00,1.0832412387045063,初期損切り,initial,2,0.0018593806477467782,1.0832675612013616,1.0832675612013616,-0.0037450837923489466,-1.0070782969821936,0.35693471584155206,2.0000000000000475,False
USDJPY,売り,-1,2024-04-04 13:00:00,2024-04-04 17:00:00,151.3382073498155,2024-04-04 21:00:00,151.29061158646013,トレイル,trail,2,0.22279944014505776,151.7838062301056,151.28881893627562,0.04759576335536053,0.10681302278940293,2.3617983486533087,0.03497607614920012,True
SP500,売り,-1,2024-04-04 13:00:00,2024-04-04 17:00:00,5203.650569348069,2024-04-05 09:00:00,5211.29943065193,時間切れ,time,4,20.62104164546351,5244.892652638997,5244.892652638997,-7.64886130386094,-0.1854625347101134,0.557710398232955,1.011075531992696,False
AUDUSD,買い,1,2024-04-09 05:00:00,2024-04-09 09:00:00,0.6632142521179044,2024-04-10 01:00:00,0.6620857478820956,時間切れ,time,4,0.0018690478556532425,0.659476156406598,0.659476156406598,-0.0011285042358087916,-0.3018928146744464,0.6397631170752511,0.885077454223988,False
EURUSD,買い,1,2024-04-09 05:00:00,2024-04-09 09:00:00,1.0880863224968553,2024-04-10 01:00:00,1.0852436775031447,時間切れ,time,4,0.0019083796391298775,1.0842695632185955,1.0842695632185955,-0.0028426449937106746,-0.7447797428311418,0.22724907259141439,1.743008795866222,False
GBPUSD,買い,1,2024-04-09 05:00:00,2024-04-09 09:00:00,1.2697562429853746,2024-04-10 01:00:00,1.2676837570146253,時間切れ,time,4,0.0024385562128206206,1.2648791305597333,1.2648791305597333,-0.0020724859707492715,-0.42494119263137176,0.4772319819846862,1.4091301103943317,False
AUDUSD,売り,-1,2024-04-10 09:00:00,2024-04-10 13:00:00,0.6506657478820956,2024-04-11 05:00:00,0.6522242521179044,時間切れ,time,4,0.002251561000982025,0.6551688698840596,0.6551688698840596,-0.001558504235808722,-0.34609416203446763,0.32677235117091163,1.0322847646102393,False
GBPUSD,売り,-1,2024-04-10 09:00:00,2024-04-10 13:00:00,1.2533537570146254,2024-04-11 05:00:00,1.2550862429853746,時間切れ,time,4,0.003097499469557195,1.2595487559537397,1.2595487559537397,-0.0017324859707492646,-0.27965880023168066,0.37248013307660893,1.1642432939270981,False
USDCHF,買い,1,2024-04-10 05:00:00,2024-04-10 09:00:00,0.9091263429665702,2024-04-11 05:00:00,0.910066997542641,トレイル,trail,6,0.0022475597122727474,0.9046312235420247,0.9101633405092112,0.0009406545760707319,0.20926130926228778,2.511015392655719,0.06066266708100443,True
USDJPY,買い,1,2024-04-10 05:00:00,2024-04-10 09:00:00,152.3867926501845,2024-04-12 05:00:00,152.81773533029272,トレイル,trail,12,0.21808617829434676,151.95062029359582,152.81952798047723,0.4309426801082168,0.9880100689521499,4.586294086301684,0.07241472296872942,True
AUDUSD,売り,-1,2024-04-12 05:00:00,2024-04-12 09:00:00,0.6476357478820957,2024-04-15 01:00:00,0.6487042521179044,時間切れ,time,4,0.002326274592477113,0.6522882970670499,0.6522882970670499,-0.0010685042358087316,-0.22965995486176552,0.8665133035516822,0.5348689797533417,False
GBPUSD,売り,-1,2024-04-12 01:00:00,2024-04-12 05:00:00,1.2507237570146255,2024-04-15 05:00:00,1.2488545348942992,トレイル,trail,7,0.0030838122241899,1.2568913814630052,1.2487882919089246,0.0018692221203262527,0.30307002898292335,2.618109154407531,0.14794771931820597,True
SP500,売り,-1,2024-04-12 09:00:00,2024-04-12 13:00:00,5165.000569348069,2024-04-15 05:00:00,5192.29943065193,時間切れ,time,4,26.446388692578456,5217.893346733225,5217.893346733225,-27.298861303861486,-0.5161169946716062,0.5577536320567007,1.2213172477872318,False
EURUSD,売り,-1,2024-04-10 05:00:00,2024-04-10 09:00:00,1.0780536775031446,2024-04-16 05:00:00,1.064827328143328,トレイル,trail,24,0.0021466877707082407,1.0823470530445611,1.0648010056464727,0.013226349359816592,3.0806411487248844,8.312190411024467,0.04021194792896849,True
SP500,売り,-1,2024-04-15 13:00:00,2024-04-15 17:00:00,5104.650569348069,2024-04-16 09:00:00,5112.599430651931,時間切れ,time,4,28.65851242766024,5161.96759420339,5161.96759420339,-7.948861303861122,-0.13868237794836039,0.8025737346321723,0.5478103823971812,False
EURUSD,買い,1,2024-04-17 13:00:00,2024-04-17 17:00:00,1.0673463224968553,2024-04-18 09:00:00,1.0662336775031447,時間切れ,time,4,0.002449830627744702,1.0624466612413659,1.0624466612413659,-0.0011126449937106653,-0.22708610569028578,0.6750170744117793,0.5577212078996859,False
USDCHF,売り,-1,2024-04-18 01:00:00,2024-04-18 05:00:00,0.9085236570334297,2024-04-18 13:00:00,0.9128447202373552,初期損切り,initial,3,0.002112360118677601,0.912748377270785,0.912748377270785,-0.004321063203925446,-1.0228045790389562,0.1437524931212081,2.000000000000002,False
SP500,売り,-1,2024-04-18 17:00:00,2024-04-18 21:00:00,5024.150569348069,2024-04-19 01:00:00,5022.076328122737,トレイル,trail,2,27.387840774108593,5078.926250896287,5021.926897470807,2.0742412253321163,0.03786792179858559,2.210855899429328,0.08578371224326753,True
GBPUSD,売り,-1,2024-04-19 09:00:00,2024-04-19 13:00:00,1.2389637570146255,2024-04-22 05:00:00,1.2366462429853746,時間切れ,time,4,0.0034582919933395795,1.2458803410013046,1.2389637570146255,0.0023175140292508445,0.33506627458210714,1.1172442992282596,0.11457765455828663,True
USDJPY,買い,1,2024-04-21 21:00:00,2024-04-22 01:00:00,154.71779265018452,2024-04-22 17:00:00,154.84720734981548,時間切れ,time,4,0.2902056896153562,154.1373812709538,154.1373812709538,0.12941469963095642,0.22297064506640957,0.48313094757486236,0.412785325964087,False
AUDUSD,買い,1,2024-04-22 17:00:00,2024-04-22 21:00:00,0.6460342521179043,2024-04-23 13:00:00,0.6484257478820956,時間切れ,time,4,0.0020608143108771437,0.6419126234961501,0.6460342521179043,0.002391495764191287,0.5802307737210431,1.4391145609006288,0.9482912204120686,True
EURUSD,買い,1,2024-04-23 09:00:00,2024-04-23 13:00:00,1.0700363224968552,2024-04-24 05:00:00,1.0683036775031447,時間切れ,time,4,0.0024472148939597665,1.0651418927089358,1.0651418927089358,-0.0017326449937105082,-0.35400344244124926,0.577667905926061,0.8034940052499779,False
SP500,買い,1,2024-04-23 21:00:00,2024-04-24 01:00:00,5124.499430651931,2024-04-24 17:00:00,5072.800569348069,時間切れ,time,4,25.151417082900682,5074.19659648613,5074.19659648613,-51.69886130386203,-1.0277524549304573,0.15905940149943681,2.049563668004115,False
USDCHF,買い,1,2024-04-24 01:00:00,2024-04-24 05:00:00,0.9144063429665702,2024-04-24 21:00:00,0.9143436570334298,時間切れ,time,4,0.0020831918008519697,0.9102399593648662,0.9102399593648662,-6.268593314040505e-05,-0.015045646088557036,0.4961890849450817,1.1311214673591203,False
EURUSD,買い,1,2024-04-25 01:00:00,2024-04-25 05:00:00,1.0726063224968554,2024-04-25 09:00:00,1.068379166039232,初期損切り,initial,2,0.0021004169803839528,1.0684054885360874,1.0684054885360874,-0.004227156457623282,-1.0062660169626332,0.715894756701899,2.0000000000000355,False
GBPUSD,買い,1,2024-04-25 01:00:00,2024-04-25 05:00:00,1.2521762429853747,2024-04-25 09:00:00,1.245802769055265,初期損切り,initial,2,0.0031536154723674895,1.2458690120406397,1.2458690120406397,-0.006373473930109563,-1.010502704904104,0.17242337228171306,1.999999999999992,False
AUDUSD,買い,1,2024-04-26 01:00:00,2024-04-26 05:00:00,0.6548842521179044,2024-04-28 21:00:00,0.6550357478820956,時間切れ,time,4,0.0020746984963980674,0.6507348551251082,0.6507348551251082,0.0001514957641912673,0.03651030847476938,0.30642904653344827,1.5348023452239743,False
SP500,買い,1,2024-04-26 09:00:00,2024-04-26 13:00:00,5143.449430651931,2024-04-29 05:00:00,5140.70056934807,時間切れ,time,4,26.496879553897212,5090.455671544137,5090.455671544137,-2.748861303861304,-0.05187141561839111,0.1321125131337974,0.550986791566679,False
AUDUSD,売り,-1,2024-04-30 13:00:00,2024-04-30 17:00:00,0.6474357478820957,2024-05-01 09:00:00,0.6485742521179044,時間切れ,time,4,0.002298173809055274,0.6520320955002062,0.6520320955002062,-0.001138504235808746,-0.2476975917406262,0.38541379185755864,0.8155397605348376,False
EURUSD,売り,-1,2024-04-30 13:00:00,2024-04-30 17:00:00,1.0666336775031446,2024-05-01 09:00:00,1.0684663224968554,時間切れ,time,4,0.0025729277078208102,1.0717795329187862,1.0717795329187862,-0.0018326449937107192,-0.35614000893614545,0.6582685933990481,0.717595947699298,False
USDCHF,買い,1,2024-04-30 09:00:00,2024-04-30 13:00:00,0.9178163429665702,2024-05-01 13:00:00,0.91772,建値,breakeven,7,0.0025120933453919676,0.9127921562757862,0.9178163429665702,-9.634296657023977e-05,-0.01917583332382244,1.8445401489277748,0.20554290608562142,True
EURUSD,買い,1,2024-05-03 01:00:00,2024-05-03 05:00:00,1.0743063224968552,2024-05-03 09:00:00,1.0760556641582568,トレイル,trail,2,0.0023373754446778605,1.0696315716074996,1.0760819866551121,0.0017493416614016155,0.37421066978880485,2.9749938200892108,0.1781153720097246,True
GBPUSD,買い,1,2024-05-03 01:00:00,2024-05-03 05:00:00,1.2560162429853745,2024-05-03 09:00:00,1.2568866856320227,トレイル,trail,2,0.0030016165171593704,1.2500130099510558,1.2569529286173973,0.0008704426466481507,0.14499564512523216,2.489910677096889,0.2885921570668543,True
USDCHF,売り,-1,2024-05-03 01:00:00,2024-05-03 05:00:00,0.9077536570334298,2024-05-03 09:00:00,0.9061319482585164,トレイル,trail,2,0.0024492659431295987,0.912652188919689,0.9060356052919462,0.0016217087749134107,0.33106016507975444,2.900320830147589,0.08832971657369808,True
USDJPY,売り,-1,2024-05-02 05:00:00,2024-05-02 09:00:00,154.52020734981548,2024-05-05 17:00:00,153.55277966878143,トレイル,trail,9,0.8679669833298694,156.2561413164752,153.5509870185969,0.967427681034053,0.5572952080058463,3.0648715917854883,0.30968073134914875,True
AUDUSD,買い,1,2024-05-03 05:00:00,2024-05-03 09:00:00,0.6637742521179044,2024-05-06 01:00:00,0.6613957478820957,時間切れ,time,4,0.0024287148945491095,0.6589168223288062,0.6589168223288062,-0.002378504235808765,-0.4896631220788749,0.43469403694319336,1.5416597997187034,False
SP500,買い,1,2024-05-03 05:00:00,2024-05-03 09:00:00,5148.399430651931,2024-05-06 01:00:00,5157.500569348069,時間切れ,time,4,25.286198510709532,5097.827033630511,5097.827033630511,9.10113869613815,0.17996257310650157,0.7000091113171025,0.8522210502620032,False
EURUSD,売り,-1,2024-05-09 01:00:00,2024-05-09 05:00:00,1.0727836775031447,2024-05-09 09:00:00,1.0765241471502052,初期損切り,initial,2,0.0018570735751025711,1.0764978246533499,1.0764978246533499,-0.0037404696470604293,-1.0070870904653935,0.21198810236855636,1.9999999999999918,False
SP500,買い,1,2024-05-09 09:00:00,2024-05-09 13:00:00,5229.899430651931,2024-05-13 13:00:00,5234.362016244338,トレイル,trail,13,17.223581790413455,5195.452267071104,5234.511446896268,4.462585592406867,0.12954870963282203,1.9769737655277617,0.2525276510343179,True
EURUSD,買い,1,2024-05-13 05:00:00,2024-05-13 09:00:00,1.0798663224968552,2024-05-14 01:00:00,1.0785136775031448,時間切れ,time,4,0.0017743329659851647,1.0763176565648849,1.0763176565648849,-0.0013526449937104612,-0.3811700001187293,0.49239771784307007,0.8489514232853533,False
GBPUSD,買い,1,2024-05-13 05:00:00,2024-05-13 09:00:00,1.2556462429853745,2024-05-14 01:00:00,1.2553537570146254,時間切れ,time,4,0.002427057813466033,1.2507921273584424,1.2507921273584424,-0.0002924859707491567,-0.0602552541448247,0.5083344153485844,0.39399266884741124,False
USDJPY,買い,1,2024-05-13 09:00:00,2024-05-13 13:00:00,156.2217926501845,2024-05-14 05:00:00,156.4522073498155,時間切れ,time,4,0.4174555627106657,155.38688152476317,155.38688152476317,0.23041469963098393,0.27597512192056006,0.7694408183946531,0.21030418091559464,False
USDCHF,買い,1,2024-05-13 21:00:00,2024-05-14 01:00:00,0.9087563429665703,2024-05-14 17:00:00,0.9064236570334298,時間切れ,time,4,0.0016383619958870812,0.9054796189747961,0.9054796189747961,-0.0023326859331405103,-0.7118957650984488,0.9544026517675188,1.9753528064583634,False
GBPUSD,買い,1,2024-05-14 09:00:00,2024-05-14 13:00:00,1.2585862429853747,2024-05-15 05:00:00,1.2611737570146253,時間切れ,time,4,0.0025602244676300135,1.2534657940501146,1.2585862429853747,0.002587514029250615,0.5053295251970354,1.0990274681774541,0.1742983832147113,True
AUDUSD,買い,1,2024-05-14 21:00:00,2024-05-15 01:00:00,0.6642142521179044,2024-05-15 09:00:00,0.66417,建値,breakeven,3,0.0018085131192863563,0.6605972258793317,0.6642142521179044,-4.425211790437533e-05,-0.012234392284043072,2.0435283784692375,0.47235052308691783,True
USDJPY,売り,-1,2024-05-15 05:00:00,2024-05-15 09:00:00,155.12220734981548,2024-05-16 01:00:00,154.56149358517857,トレイル,trail,5,0.4104735005068198,155.94315435082913,154.55970093499405,0.5607137646369154,0.6830084816006282,3.708418077990391,1.663426870045122,True
USDCHF,売り,-1,2024-05-15 05:00:00,2024-05-15 09:00:00,0.9034736570334297,2024-05-16 05:00:00,0.9027892793051762,トレイル,trail,6,0.0017391831484447951,0.9069520233303193,0.9026929363386059,0.0006843777282535823,0.19675263323059553,2.670021864909488,1.653847077084616,True
SP500,買い,1,2024-05-14 13:00:00,2024-05-14 17:00:00,5267.79943065193,2024-05-16 13:00:00,5318.08820940379,トレイル,trail,12,15.632959467057834,5236.533511717815,5318.2376400557205,50.288778751859354,1.6084215806299869,5.184595374846444,0.09911307294024388,True
GBPUSD,買い,1,2024-05-17 09:00:00,2024-05-17 13:00:00,1.2701762429853747,2024-05-20 05:00:00,1.2704337570146254,時間切れ,time,4,0.002516778839370316,1.265142685306634,1.265142685306634,0.0002575140292506717,0.05115944739012114,0.3988260704212013,0.5031204830423265,False
USDCHF,買い,1,2024-05-20 05:00:00,2024-05-20 09:00:00,0.9106463429665702,2024-05-21 01:00:00,0.9106736570334297,時間切れ,time,4,0.001850077795352766,0.9069461873758646,0.9069461873758646,2.7314066859518427e-05,0.007381869813293522,0.5424945026370508,1.4790421102526987,False
USDJPY,買い,1,2024-05-20 05:00:00,2024-05-20 09:00:00,156.1567926501845,2024-05-21 01:00:00,156.44820734981548,時間切れ,time,4,0.443119152828056,155.2705543445284,155.2705543445284,0.29141469963096256,0.3288220535843556,0.8805923809095565,0.3538385763373989,False
EURUSD,売り,-1,2024-05-22 05:00:00,2024-05-22 09:00:00,1.0831536775031447,2024-05-23 01:00:00,1.0826763224968552,時間切れ,time,4,0.0016071073750964612,1.0863678922533377,1.0863678922533377,0.0004773550062895371,0.14851372524529838,0.8796409779775632,0.9621774629479596,False
AUDUSD,売り,-1,2024-05-22 05:00:00,2024-05-22 09:00:00,0.6645057478820956,2024-05-23 05:00:00,0.66455,建値,breakeven,6,0.0019047890598329394,0.6683153260017615,0.6645057478820956,-4.425211790437533e-05,-0.01161601534719453,1.9507398275489372,0.6112236480434724,True
USDCHF,買い,1,2024-05-22 01:00:00,2024-05-22 05:00:00,0.9129263429665703,2024-05-23 05:00:00,0.91283,建値,breakeven,7,0.0016836900515101246,0.90955896286355,0.9129263429665703,-9.634296657023977e-05,-0.02861065980755438,1.7899120035345677,0.09879666772459633,True
SP500,買い,1,2024-05-22 21:00:00,2024-05-23 01:00:00,5360.199430651931,2024-05-23 09:00:00,5333.185227356123,初期損切り,initial,3,13.432386321938898,5333.334658008053,5333.334658008053,-27.01420329580833,-1.0055623270634522,0.5844508309924834,1.9999999999999845,False
USDJPY,買い,1,2024-05-22 13:00:00,2024-05-22 17:00:00,156.7387926501845,2024-05-23 09:00:00,156.7502073498155,時間切れ,time,4,0.3538876687858836,156.03101731261273,156.03101731261273,0.011414699630989844,0.01612757470492169,0.47531283130770996,0.5871712085854687,False
AUDUSD,売り,-1,2024-05-23 13:00:00,2024-05-23 17:00:00,0.6604257478820956,2024-05-24 09:00:00,0.6617242521179044,時間切れ,time,4,0.00201683657382226,0.6644594210297401,0.6644594210297401,-0.001298504235808795,-0.3219160770542507,0.6077576626710067,0.7855133819305572,False
SP500,売り,-1,2024-05-23 13:00:00,2024-05-23 17:00:00,5287.20056934807,2024-05-24 09:00:00,5300.599430651931,時間切れ,time,4,17.04221136163376,5321.284992071337,5321.284992071337,-13.39886130386094,-0.3931080603197158,0.07924848010685534,1.0591014434056438,False
AUDUSD,買い,1,2024-05-27 09:00:00,2024-05-27 13:00:00,0.6654942521179044,2024-05-28 05:00:00,0.6658557478820957,時間切れ,time,4,0.0017027690736645374,0.6620887139705753,0.6654942521179044,0.0003614957641913108,0.10614938037761458,1.11333234283838,0.17280799989577356,True
GBPUSD,買い,1,2024-05-27 09:00:00,2024-05-27 13:00:00,1.2770862429853747,2024-05-28 05:00:00,1.2768237570146255,時間切れ,time,4,0.002143323185020825,1.272799596615333,1.272799596615333,-0.00026248597074918223,-0.061233409077929575,0.5896250380985661,0.3948275235805794,False
EURUSD,買い,1,2024-05-27 17:00:00,2024-05-27 21:00:00,1.0865263224968553,2024-05-28 09:00:00,1.0865,建値,breakeven,4,0.0015756262688038924,1.0833750699592475,1.0865263224968553,-2.632249685530219e-05,-0.00835302678575054,1.506497797188028,0.06113283255199733,True
SP500,買い,1,2024-05-27 09:00:00,2024-05-27 17:00:00,5331.999430651931,2024-05-28 09:00:00,5328.900569348069,時間切れ,time,4,14.735700591763498,5302.528029468404,5302.528029468404,-3.0988613038616677,-0.1051480818493887,0.4648960736823314,0.5937573580194477,False
USDCHF,売り,-1,2024-05-27 21:00:00,2024-05-28 01:00:00,0.9119836570334298,2024-05-28 09:00:00,0.911781975503372,トレイル,trail,3,0.0014526773057073786,0.9148890116448445,0.9116856325368018,0.00020168153005772904,0.06941718207662113,2.356791160692487,0.3623261439428762,True
USDJPY,買い,1,2024-05-28 17:00:00,2024-05-28 21:00:00,157.3767926501845,2024-05-29 13:00:00,157.6842073498155,時間切れ,time,4,0.2759689431509582,156.8248547638826,157.3767926501845,0.3074146996309821,0.5569733610619053,1.2037852738877557,1.7349512039933102,True
EURUSD,売り,-1,2024-05-29 01:00:00,2024-05-29 05:00:00,1.0836936775031447,2024-05-30 05:00:00,1.082518863325016,トレイル,trail,7,0.0016855994817303274,1.0870648764666053,1.0824925408281607,0.0011748141781287025,0.3484855657770831,2.8913615339640604,1.2851940928645318,True
SP500,売り,-1,2024-05-29 17:00:00,2024-05-29 21:00:00,5263.70056934807,2024-05-30 13:00:00,5271.29943065193,時間切れ,time,4,15.187136589782716,5294.074842527635,5294.074842527635,-7.598861303860758,-0.2501742596090484,0.8593173091529231,0.6814602996915978,False
USDCHF,売り,-1,2024-05-30 01:00:00,2024-05-30 05:00:00,0.9069736570334298,2024-05-31 01:00:00,0.9061037541956064,トレイル,trail,6,0.001794691834396668,0.9105630407022232,0.9060074112290362,0.0008699028378233997,0.2423543755955852,2.542863875548834,0.42700532307699174,True
SP500,買い,1,2024-05-31 13:00:00,2024-06-02 17:00:00,5302.699430651931,2024-06-03 09:00:00,5305.800569348069,時間切れ,time,4,22.791330000006933,5257.116770651917,5257.116770651917,3.1011386961381504,0.06803329810364746,0.4585326678199794,0.5374601066250798,False
AUDUSD,買い,1,2024-06-03 13:00:00,2024-06-03 17:00:00,0.6689042521179044,2024-06-04 01:00:00,0.6647118876605302,初期損切り,initial,3,0.0020740561697348667,0.6647561397784346,0.6647561397784346,-0.0041923644573741425,-1.0106680133716113,0.45598952231677414,2.0000000000000164,False
EURUSD,買い,1,2024-06-03 09:00:00,2024-06-03 13:00:00,1.0885563224968553,2024-06-04 01:00:00,1.08853,建値,breakeven,4,0.0021258572977680737,1.0843046079013192,1.0885563224968553,-2.632249685530219e-05,-0.006191030997926822,1.4317412115762167,0.1958374615701098,True
GBPUSD,買い,1,2024-06-03 09:00:00,2024-06-03 13:00:00,1.2779862429853746,2024-06-04 01:00:00,1.27792,建値,breakeven,4,0.0026771330397989098,1.2726319769057768,1.2779862429853746,-6.624298537460938e-05,-0.012372001015606074,1.4096262526082448,0.15548087419881287,True
USDCHF,売り,-1,2024-06-03 09:00:00,2024-06-03 13:00:00,0.8954536570334297,2024-06-04 05:00:00,0.8952463429665702,時間切れ,time,4,0.0022163454798560566,0.8998863479931418,0.8998863479931418,0.0002073140668594764,0.04676934817782575,0.9446438077720851,0.8330573835854247,False
USDJPY,売り,-1,2024-06-03 09:00:00,2024-06-03 13:00:00,156.0652073498155,2024-06-04 21:00:00,155.4390225788438,トレイル,trail,9,0.40151332587655497,156.8682340015686,155.4372299286593,0.6261847709716903,0.7797808075294249,3.7787222790258213,1.0505072260395658,True
AUDUSD,売り,-1,2024-06-07 05:00:00,2024-06-07 09:00:00,0.6607157478820956,2024-06-10 01:00:00,0.6590842521179043,時間切れ,time,4,0.002132908341250634,0.6649815645645969,0.6607157478820956,0.0016314957641913042,0.3824580111198483,1.4467325306094767,0.3301839578776414,True
GBPUSD,売り,-1,2024-06-07 05:00:00,2024-06-07 09:00:00,1.2737437570146255,2024-06-10 01:00:00,1.2716862429853746,時間切れ,time,4,0.0026264369350042288,1.278996630884634,1.2737437570146255,0.0020575140292509175,0.39169301989114863,1.0332465929249606,0.13944480466803466,True
USDCHF,買い,1,2024-06-07 05:00:00,2024-06-07 09:00:00,0.8954263429665702,2024-06-10 01:00:00,0.8973536570334297,時間切れ,time,4,0.002296176117611809,0.8908339907313466,0.8954263429665702,0.0019273140668595312,0.41967905947564654,1.0990694546786832,0.11163907010616989,True
USDJPY,買い,1,2024-06-07 05:00:00,2024-06-07 09:00:00,156.7807926501845,2024-06-10 01:00:00,157.1242073498155,時間切れ,time,4,0.5301082231634409,155.72057620385763,155.72057620385763,0.3434146996309835,0.32390999104073814,0.7813637512425036,0.6711698378517718,False
EURUSD,売り,-1,2024-06-07 05:00:00,2024-06-07 09:00:00,1.0832836775031447,2024-06-12 05:00:00,1.0760325845119325,トレイル,trail,18,0.0021781048897735965,1.0876398872826918,1.0760062620150772,0.007251092991212182,1.6645417365473842,5.212640381301749,0.13604601791518678,True
USDCHF,買い,1,2024-06-11 09:00:00,2024-06-11 13:00:00,0.8985563429665703,2024-06-12 05:00:00,0.8965236570334297,時間切れ,time,4,0.0018718107160436853,0.8948127215344829,0.8948127215344829,-0.0020326859331405434,-0.5429731531393539,0.007296161579077618,1.109269729451513,False
GBPUSD,買い,1,2024-06-12 05:00:00,2024-06-12 09:00:00,1.2853562429853747,2024-06-12 13:00:00,1.2797600154414948,初期損切り,initial,2,0.0027649922792526782,1.2798262584268694,1.2798262584268694,-0.005596227543879895,-1.0119788734803343,0.24367410342550994,1.9999999999999742,False
USDJPY,売り,-1,2024-06-12 05:00:00,2024-06-12 09:00:00,156.16320734981548,2024-06-12 13:00:00,156.165,建値,breakeven,2,0.43960421820486273,157.0424157862252,156.16320734981548,-0.0017926501845124676,-0.0020389365141135467,1.0059215346505164,0.031375154316843526,True
AUDUSD,買い,1,2024-06-12 05:00:00,2024-06-12 09:00:00,0.6688442521179043,2024-06-13 01:00:00,0.6647157478820956,時間切れ,time,4,0.00211924122652805,0.6646057696648482,0.6646057696648482,-0.004128504235808683,-0.974052454276856,0.7576994360034981,1.9744104944387817,False
SP500,買い,1,2024-06-11 13:00:00,2024-06-11 17:00:00,5382.499430651931,2024-06-13 09:00:00,5416.968520854009,トレイル,trail,11,19.222772498357802,5344.053885655216,5417.117951505939,34.469090202077496,0.8965691656867443,3.7377838890933885,0.11701905394361167,True
USDJPY,買い,1,2024-06-13 21:00:00,2024-06-14 01:00:00,157.94979265018452,2024-06-14 05:00:00,156.96697296726614,初期損切り,initial,2,0.4905135163669246,156.96876561745066,156.96876561745066,-0.9828196829183753,-1.0018273198645,0.6262974200810424,2.000000000000028,False
GBPUSD,売り,-1,2024-06-14 05:00:00,2024-06-14 09:00:00,1.2689737570146253,2024-06-14 13:00:00,1.26904,建値,breakeven,2,0.002961413322234381,1.2748965836590942,1.2689737570146253,-6.624298537460938e-05,-0.011184353240605597,1.1020943919313995,0.21484437197524478,True
EURUSD,売り,-1,2024-06-14 01:00:00,2024-06-14 05:00:00,1.0691736775031446,2024-06-16 21:00:00,1.0704263224968553,時間切れ,time,4,0.0025092944524203633,1.0741922664079853,1.0741922664079853,-0.0012526449937106943,-0.24960103675805043,0.9579097027955967,0.7078971920342286,False
USDCHF,売り,-1,2024-06-17 17:00:00,2024-06-17 21:00:00,0.8881036570334297,2024-06-20 01:00:00,0.8860229883841884,トレイル,trail,14,0.0019489231631543643,0.8920015033597385,0.8859266454176181,0.0020806686492413906,0.5337995587968163,2.777768326519185,0.9730208981153475,True
SP500,買い,1,2024-06-16 17:00:00,2024-06-16 21:00:00,5500.999430651931,2024-06-20 09:00:00,5557.839087924115,トレイル,trail,21,21.753332592059664,5457.492765467812,5557.988518576046,56.83965727218401,1.3064586088508445,3.9925178811347366,0.5171359654583381,True
GBPUSD,売り,-1,2024-06-20 17:00:00,2024-06-20 21:00:00,1.2655737570146255,2024-06-21 05:00:00,1.26564,建値,breakeven,3,0.0022214818026068503,1.2700167206198392,1.2655737570146255,-6.624298537460938e-05,-0.01490963943456007,1.032534685602136,0.8670982508675906,True
EURUSD,売り,-1,2024-06-20 09:00:00,2024-06-20 13:00:00,1.0706836775031447,2024-06-24 01:00:00,1.07071,建値,breakeven,10,0.0018853721380297569,1.0744544217792042,1.0706836775031447,-2.632249685530219e-05,-0.006980716518599243,1.9007799207692808,0.7300004434634019,True
USDCHF,買い,1,2024-06-21 09:00:00,2024-06-21 13:00:00,0.8944263429665702,2024-06-24 05:00:00,0.8938236570334298,時間切れ,time,4,0.0018649731243949182,0.8906963967177803,0.8906963967177803,-0.00060268593314039,-0.1615803266162156,0.0609429872972991,0.6951000792522471,False
USDJPY,買い,1,2024-06-20 01:00:00,2024-06-20 05:00:00,158.4397926501845,2024-06-24 05:00:00,159.26453511543136,トレイル,trail,13,0.34091627321965484,157.7579601037452,159.26632776561587,0.8247424652468567,1.2095967984424567,4.368249528692912,0.5684464644479711,True
SP500,売り,-1,2024-06-24 13:00:00,2024-06-24 17:00:00,5518.400569348069,2024-06-25 09:00:00,5526.399430651931,時間切れ,time,4,17.612318268325822,5553.625205884721,5553.625205884721,-7.998861303861304,-0.22708144328298166,0.4003203462856388,0.6103359301235253,False
USDCHF,買い,1,2024-06-25 09:00:00,2024-06-25 13:00:00,0.8950763429665702,2024-06-26 05:00:00,0.8970736570334298,時間切れ,time,4,0.001654096688519693,0.8917681495895309,0.8950763429665702,0.0019973140668595457,0.6037476771224932,1.302013992517641,0.4935279613556059,True
GBPUSD,売り,-1,2024-06-26 13:00:00,2024-06-26 17:00:00,1.2623737570146254,2024-06-27 09:00:00,1.2655962429853747,時間切れ,time,4,0.002177857091587248,1.2667294711977999,1.2667294711977999,-0.003222485970749256,-0.7398295285758788,0.5159920818341701,1.7063759599883108,False
AUDUSD,売り,-1,2024-06-27 21:00:00,2024-06-28 01:00:00,0.6622157478820956,2024-06-28 05:00:00,0.6657222412899302,初期損切り,initial,2,0.0017311206449651118,0.6656779891720258,0.6656779891720258,-0.003506493407834599,-1.0127813500558382,0.0726395831863945,2.0,False
USDCHF,買い,1,2024-06-27 13:00:00,2024-06-27 17:00:00,0.8986363429665702,2024-06-28 05:00:00,0.89854,建値,breakeven,4,0.0016055880259748165,0.8954251669146206,0.8986363429665702,-9.634296657023977e-05,-0.030002393207854836,0.9738843390292454,0.33404768713605754,True
USDJPY,買い,1,2024-06-26 01:00:00,2024-06-26 05:00:00,159.96079265018452,2024-06-28 05:00:00,160.5930287435931,トレイル,trail,13,0.3184995616854362,159.32379352681363,160.5948213937776,0.6322360934085793,0.9925227056246356,4.154502891034847,0.3133211539018856,True
SP500,買い,1,2024-06-27 17:00:00,2024-06-27 21:00:00,5552.29943065193,2024-06-28 09:00:00,5552.15,建値,breakeven,4,16.071832956530823,5520.155764738869,5552.29943065193,-0.1494306519307429,-0.004648836642805619,1.2164492625668792,0.04040800160673928,True
EURUSD,買い,1,2024-06-30 17:00:00,2024-06-30 21:00:00,1.0745863224968553,2024-07-01 05:00:00,1.07456,建値,breakeven,3,0.001998080513131684,1.070590161470592,1.0745863224968553,-2.632249685530219e-05,-0.006586945991992516,1.5233007294457466,0.14329877848939263,True
GBPUSD,買い,1,2024-07-01 01:00:00,2024-07-01 05:00:00,1.2674262429853747,2024-07-01 13:00:00,1.2647837570146254,建値,breakeven,3,0.0022330511480336064,1.2629601406893074,1.2674262429853747,-0.002642485970749231,-0.5916760959721337,1.528741075918223,1.6821123818333832,True
USDJPY,買い,1,2024-07-01 05:00:00,2024-07-01 09:00:00,161.3567926501845,2024-07-02 01:00:00,161.67620734981548,時間切れ,time,4,0.36054145438812907,160.63570974140825,161.3567926501845,0.31941469963098257,0.4429652897654415,1.0767342980693433,1.0894521154331829,True
SP500,売り,-1,2024-07-02 01:00:00,2024-07-02 05:00:00,5513.20056934807,2024-07-02 13:00:00,5548.50184276868,初期損切り,initial,3,17.575921384339683,5548.352412116749,5548.352412116749,-35.301273420610414,-1.0042510047884088,0.583216613451808,2.0000000000000173,False
USDJPY,買い,1,2024-07-03 01:00:00,2024-07-03 05:00:00,161.8507926501845,2024-07-03 09:00:00,161.21089152624816,初期損切り,initial,2,0.31905423687590734,161.21268417643267,161.21268417643267,-0.6399011239363404,-1.002809318882706,0.3078076968265021,2.0000000000000413,False
AUDUSD,買い,1,2024-07-03 09:00:00,2024-07-03 13:00:00,0.6714642521179044,2024-07-04 05:00:00,0.6721257478820957,時間切れ,time,4,0.0019626454055767842,0.6675389613067508,0.6675389613067508,0.0006614957641912778,0.1685214665653974,0.5837773236265954,0.7409652878569885,False
EURUSD,買い,1,2024-07-03 09:00:00,2024-07-03 13:00:00,1.0796063224968553,2024-07-04 05:00:00,1.0801636775031447,時間切れ,time,4,0.002150392849837041,1.075305536797181,1.075305536797181,0.000557355006289395,0.12959376383985652,0.3365326959674216,0.8353462005751547,False
SP500,買い,1,2024-07-03 09:00:00,2024-07-03 13:00:00,5590.899430651931,2024-07-04 05:00:00,5593.100569348069,時間切れ,time,4,17.69744035921075,5555.504549933509,5555.504549933509,2.201138696138514,0.06218805238105852,0.18932508204924853,0.2570671554523758,False
USDJPY,売り,-1,2024-07-04 01:00:00,2024-07-04 05:00:00,161.2452073498155,2024-07-04 21:00:00,161.0787926501845,時間切れ,time,4,0.3491325016657781,161.94347235314706,161.2452073498155,0.16641469963099098,0.23832599204742405,1.2178967806971928,0.43477089489021475,True
AUDUSD,買い,1,2024-07-04 21:00:00,2024-07-05 01:00:00,0.6734342521179044,2024-07-05 09:00:00,0.67339,建値,breakeven,3,0.0016295025575045405,0.6701752470028953,0.6734342521179044,-4.425211790437533e-05,-0.01357841314841018,1.1327063425553592,1.4631778924948025,True
EURUSD,買い,1,2024-07-04 21:00:00,2024-07-05 01:00:00,1.0822063224968552,2024-07-05 09:00:00,1.08218,建値,breakeven,3,0.0017983345813029517,1.0786096533342493,1.0822063224968552,-2.632249685530219e-05,-0.007318576067260712,1.1308671502448702,1.2657947639564913,True
USDCHF,売り,-1,2024-07-04 21:00:00,2024-07-05 01:00:00,0.8984236570334297,2024-07-08 13:00:00,0.8975299189762685,トレイル,trail,10,0.001587793103985248,0.9015992432414003,0.8974335760096983,0.0008937380571611975,0.2814403384540399,2.6600802225609064,1.4525462799791282,True
GBPUSD,買い,1,2024-07-03 05:00:00,2024-07-03 09:00:00,1.2719062429853747,2024-07-08 21:00:00,1.280210855129132,トレイル,trail,22,0.0023274370115370776,1.2672513689623006,1.2802770981145066,0.008304612143757328,1.7840680762984056,5.441074001939131,0.03705491703845687,True
GBPUSD,買い,1,2024-07-10 09:00:00,2024-07-10 13:00:00,1.2847062429853746,2024-07-11 05:00:00,1.2874837570146254,時間切れ,time,4,0.0020967408016057524,1.2805127613821632,1.2847062429853746,0.0027775140292507494,0.6623408165481491,1.3610442513637948,0.5800635846086246,True
USDCHF,買い,1,2024-07-10 09:00:00,2024-07-10 13:00:00,0.8992963429665702,2024-07-11 05:00:00,0.8983236570334298,時間切れ,time,4,0.0013830295327186067,0.896530283901133,0.896530283901133,-0.0009726859331404825,-0.35165045652658045,0.5883150100419978,0.6842536216200971,False
EURUSD,買い,1,2024-07-11 01:00:00,2024-07-11 05:00:00,1.0847563224968553,2024-07-11 09:00:00,1.0864777130829641,トレイル,trail,2,0.0015462970632529158,1.0816637283703494,1.0865040355798194,0.001721390586108873,0.5566170391889693,3.397586161156245,0.27570543007978787,True
AUDUSD,買い,1,2024-07-11 05:00:00,2024-07-11 09:00:00,0.6790442521179044,2024-07-11 13:00:00,0.6757485726954239,初期損切り,initial,2,0.001625713652288081,0.6757928248133283,0.6757928248133283,-0.0032956794224805464,-1.0136100591399053,0.4648714618542282,2.0000000000000058,False
USDJPY,売り,-1,2024-07-11 05:00:00,2024-07-11 09:00:00,158.65220734981548,2024-07-11 13:00:00,158.5717926501845,トレイル,trail,2,0.45390389796135133,159.5600151457382,158.44501740612657,0.08041469963097825,0.0885811952619818,2.6970628701666812,0.7089444519639384,True
GBPUSD,買い,1,2024-07-12 05:00:00,2024-07-12 09:00:00,1.2966062429853746,2024-07-14 17:00:00,1.29654,建値,breakeven,3,0.0024516707685518844,1.2917029014482708,1.2966062429853746,-6.624298537460938e-05,-0.013509763673067892,1.0416394596627963,0.3288545084097045,True
EURUSD,買い,1,2024-07-12 09:00:00,2024-07-12 13:00:00,1.0904663224968554,2024-07-15 05:00:00,1.0908136775031447,時間切れ,time,4,0.0018019676756714312,1.0868623871455125,1.0868623871455125,0.00034735500628935156,0.09638214130559351,0.3627576187797847,1.1910993331529562,False
EURUSD,買い,1,2024-07-17 01:00:00,2024-07-17 05:00:00,1.0941963224968554,2024-07-17 21:00:00,1.0936636775031447,時間切れ,time,4,0.0018294811899873947,1.0905373601168806,1.0905373601168806,-0.0005326449937106403,-0.1455726893027827,0.3299719649748165,0.9873413876793468,False
GBPUSD,買い,1,2024-07-17 01:00:00,2024-07-17 05:00:00,1.3029462429853746,2024-07-17 21:00:00,1.3003037570146254,時間切れ,time,4,0.0023891486280223323,1.29816794572933,1.29816794572933,-0.002642485970749231,-0.5530183304118262,0.6419680201708656,1.2666616676249727,False
USDJPY,売り,-1,2024-07-17 01:00:00,2024-07-17 05:00:00,156.2442073498155,2024-07-17 21:00:00,155.74179265018452,時間切れ,time,4,0.5861151244212071,157.41643759865792,156.2442073498155,0.5024146996309753,0.42859728293747196,1.4983529911170934,0.9465591776570712,True
USDCHF,売り,-1,2024-07-17 01:00:00,2024-07-17 05:00:00,0.8873436570334298,2024-07-18 09:00:00,0.8859740515263761,トレイル,trail,8,0.0018576672475778093,0.8910589915285854,0.8858777085598059,0.0013696055070536728,0.3686358546826633,2.8765415552205558,0.9293068868072141,True
AUDUSD,売り,-1,2024-07-18 13:00:00,2024-07-18 17:00:00,0.6703557478820956,2024-07-19 09:00:00,0.6690542521179044,時間切れ,time,4,0.0017092644458515023,0.6737742767737986,0.6737742767737986,0.0013014957641912517,0.3807180823745758,0.9394379471198393,0.33011399685626025,False
GBPUSD,売り,-1,2024-07-18 21:00:00,2024-07-19 01:00:00,1.2937737570146255,2024-07-21 17:00:00,1.29384,建値,breakeven,5,0.002224917842170152,1.2982235926989658,1.2937737570146255,-6.624298537460938e-05,-0.014886613815366087,1.655682266016821,0.24101698283453754,True
SP500,売り,-1,2024-07-18 09:00:00,2024-07-18 13:00:00,5609.000569348069,2024-07-22 05:00:00,5588.523106838348,トレイル,trail,11,21.250264035045145,5651.50109741816,5588.3736761864175,20.47746250972068,0.481816660629487,3.1411642339119332,0.29879302400479474,True
USDCHF,買い,1,2024-07-23 01:00:00,2024-07-23 05:00:00,0.8901563429665702,2024-07-23 21:00:00,0.8918236570334298,時間切れ,time,4,0.0016926857664774464,0.8867709714336153,0.8901563429665702,0.0016673140668596043,0.4925054903513953,1.3255012110717501,0.06282499012885225,True
EURUSD,売り,-1,2024-07-23 05:00:00,2024-07-23 09:00:00,1.0855736775031446,2024-07-24 01:00:00,1.0847263224968553,時間切れ,time,4,0.0015654903816144116,1.0887046582663735,1.0887046582663735,0.0008473550062892965,0.27063564753922725,0.8902498025618305,0.15095748886788954,False
GBPUSD,売り,-1,2024-07-23 17:00:00,2024-07-23 21:00:00,1.2896237570146254,2024-07-24 09:00:00,1.2937511094749314,初期損切り,initial,4,0.0020305547374657664,1.2936848664895568,1.2936848664895568,-0.004127352460306044,-1.0163115487980359,0.9375551318559389,1.9999999999999518,False
USDCHF,売り,-1,2024-07-24 05:00:00,2024-07-24 09:00:00,0.8846936570334297,2024-07-25 01:00:00,0.8830663429665703,時間切れ,time,4,0.0017926737575560438,0.8882790045485418,0.8846936570334297,0.0016273140668594532,0.4538790340407432,1.1065354334935182,0.7733381273234332,True
USDJPY,売り,-1,2024-07-23 21:00:00,2024-07-24 01:00:00,154.6082073498155,2024-07-25 05:00:00,153.31474157613306,トレイル,trail,8,0.5699921456808253,155.74819164117716,153.31294892594855,1.293465773682442,1.1346347344290735,4.675866799238155,0.5996444911994959,True
SP500,売り,-1,2024-07-24 09:00:00,2024-07-24 13:00:00,5497.53056934807,2024-07-25 09:00:00,5497.68,建値,breakeven,6,23.628342018611185,5544.7872533852915,5497.53056934807,-0.1494306519307429,-0.0031621061649827528,1.968422892788433,0.49048852614380517,True
GBPUSD,売り,-1,2024-07-25 05:00:00,2024-07-25 09:00:00,1.2874637570146255,2024-07-26 01:00:00,1.2864662429853746,時間切れ,time,4,0.0022897887513192864,1.292043334517264,1.2874637570146255,0.0009975140292508566,0.21781791632003786,1.1633199844705149,0.77572351787958,True
GBPUSD,売り,-1,2024-07-29 01:00:00,2024-07-29 05:00:00,1.2812637570146255,2024-07-29 13:00:00,1.28620183146158,初期損切り,initial,3,0.002435915730789898,1.2861355884762053,1.2861355884762053,-0.004938074446954488,-1.013597142244574,0.2437510489876253,2.0000000000000338,False
EURUSD,売り,-1,2024-07-29 05:00:00,2024-07-29 09:00:00,1.0815936775031447,2024-07-30 01:00:00,1.0824263224968553,時間切れ,time,4,0.0017698741738148896,1.0851334258507745,1.0851334258507745,-0.0008326449937106073,-0.2352271720864416,0.7535436828653416,0.5572839648421997,False
USDJPY,買い,1,2024-07-30 05:00:00,2024-07-30 09:00:00,154.94379265018452,2024-07-30 09:00:00,153.6193518780323,初期損切り,initial,1,0.6613240609838558,153.6211445282168,153.6211445282168,-1.3244407721522293,-1.0013553492835652,0.0,2.000000000000008,False
USDJPY,売り,-1,2024-07-30 13:00:00,2024-07-30 17:00:00,152.7902073498155,2024-07-31 01:00:00,152.792,建値,breakeven,3,0.72243496503793,154.23507727989136,152.7902073498155,-0.0017926501845124676,-0.0012407000430954694,1.625346787795391,1.5458729217596583,True
AUDUSD,売り,-1,2024-07-30 21:00:00,2024-07-31 01:00:00,0.6493957478820956,2024-07-31 09:00:00,0.6532255985559322,初期損切り,initial,3,0.0018927992779660956,0.6531813464380278,0.6531813464380278,-0.0038298506738365656,-1.0116895960442054,0.7585315034769256,1.9999999999999996,False
EURUSD,買い,1,2024-07-31 05:00:00,2024-07-31 09:00:00,1.0840963224968554,2024-07-31 09:00:00,1.0806306036887856,初期損切り,initial,1,0.0017196981556072532,1.080656926185641,1.080656926185641,-0.0034657188080697843,-1.0076532316934372,0.0,1.9999999999999858,False
GBPUSD,売り,-1,2024-08-01 01:00:00,2024-08-01 05:00:00,1.2778837570146253,2024-08-01 09:00:00,1.2832752985209492,初期損切り,initial,2,0.0026626492604746284,1.2832090555355746,1.2832090555355746,-0.005391541506323927,-1.012439299902921,0.94408116455313,2.0000000000000226,False
SP500,買い,1,2024-07-31 05:00:00,2024-07-31 09:00:00,5541.569430651931,2024-08-01 09:00:00,5541.42,建値,breakeven,7,31.246567017217064,5479.076296617497,5541.569430651931,-0.1494306519307429,-0.002391153112090772,1.7586114121846248,0.40226597197077607,True
EURUSD,売り,-1,2024-08-01 01:00:00,2024-08-01 05:00:00,1.0784136775031448,2024-08-01 21:00:00,1.0791063224968553,時間切れ,time,4,0.0019834050604378034,1.0823804876240204,1.0823804876240204,-0.0006926449937105783,-0.17461007020867653,0.3497407145828468,1.727495086706518,False
AUDUSD,売り,-1,2024-08-05 01:00:00,2024-08-05 05:00:00,0.6449657478820956,2024-08-05 09:00:00,0.6511738076108623,初期損切り,initial,2,0.003081903805431142,0.6511295554929579,0.6511295554929579,-0.006208059728766702,-1.0071793476854198,0.4528849601457187,2.0000000000000138,False
EURUSD,買い,1,2024-08-02 05:00:00,2024-08-02 09:00:00,1.0891263224968553,2024-08-05 09:00:00,1.0950058538207628,トレイル,trail,7,0.0023635839712772945,1.0843991545543006,1.095032176317618,0.005879531323907505,1.2437745803315319,4.968589077374054,0.28614278361764867,True
SP500,売り,-1,2024-08-02 01:00:00,2024-08-02 05:00:00,5431.330569348069,2024-08-05 09:00:00,5214.970308899402,トレイル,trail,8,36.114829176785975,5503.5602277016405,5214.820878247471,216.36026044866685,2.9954490354856738,8.613928860780351,0.014659647131078262,True
USDCHF,売り,-1,2024-07-31 17:00:00,2024-07-31 21:00:00,0.8773636570334298,2024-08-05 09:00:00,0.850690431258242,トレイル,trail,16,0.002187595446007309,0.8817388479254444,0.8505940882916717,0.026673225775187825,6.096471315999144,15.59870546252535,0.16289253445857474,True
USDJPY,売り,-1,2024-08-02 05:00:00,2024-08-02 09:00:00,147.44220734981548,2024-08-05 09:00:00,144.11002243245278,トレイル,trail,7,1.0029805115341768,149.44816837288383,144.10822978226827,3.332184917362696,1.6611414075562279,5.737107833744197,0.722638816855843,True
GBPUSD,売り,-1,2024-08-06 05:00:00,2024-08-06 09:00:00,1.2678937570146254,2024-08-07 01:00:00,1.2704862429853747,時間切れ,time,4,0.0039046726337098464,1.275703102282045,1.275703102282045,-0.0025924859707493475,-0.33197225656869156,-0.0,1.2180900760573532,False
AUDUSD,買い,1,2024-08-06 21:00:00,2024-08-07 01:00:00,0.6557642521179043,2024-08-07 17:00:00,0.6519357478820956,時間切れ,time,4,0.003420279773962402,0.6489236925699795,0.6489236925699795,-0.0038285042358087162,-0.5596770569697264,0.4928684182296266,1.2789164650226081,False
USDJPY,買い,1,2024-08-06 21:00:00,2024-08-07 01:00:00,147.6247926501845,2024-08-07 17:00:00,146.6712073498155,時間切れ,time,4,1.4517519602907774,144.72128872960295,144.72128872960295,-0.9535853003690136,-0.32842569751998685,0.1323968247144687,1.0606444436114855,False
EURUSD,売り,-1,2024-08-08 05:00:00,2024-08-08 09:00:00,1.0897236775031447,2024-08-09 01:00:00,1.0920463224968553,時間切れ,time,4,0.0024800283858325166,1.0946837342748097,1.0946837342748097,-0.0023226449937105986,-0.468269840575013,0.6305079055051903,1.1033432167498118,False
AUDUSD,買い,1,2024-08-08 09:00:00,2024-08-08 13:00:00,0.6578142521179043,2024-08-09 05:00:00,0.6590357478820956,時間切れ,time,4,0.00321457335105665,0.6513851054157911,0.6513851054157911,0.0012214957641912827,0.18999345026452258,0.8417129076262201,0.18175106121386622,False
GBPUSD,買い,1,2024-08-08 09:00:00,2024-08-08 13:00:00,1.2743062429853746,2024-08-09 05:00:00,1.2764437570146254,時間切れ,time,4,0.003571252009126332,1.267163738967122,1.267163738967122,0.0021375140292507755,0.29926675907893924,0.8102920228620798,0.24256002745285404,False
USDCHF,買い,1,2024-08-08 13:00:00,2024-08-08 17:00:00,0.8668563429665702,2024-08-09 09:00:00,0.8646136570334297,時間切れ,time,4,0.004123408040228817,0.8586095268861126,0.8586095268861126,-0.002242685933140476,-0.2719456710638834,0.08334296050183912,0.7484932212527065,False
SP500,買い,1,2024-08-09 01:00:00,2024-08-09 05:00:00,5369.409430651931,2024-08-11 21:00:00,5364.53056934807,時間切れ,time,4,50.4683789167555,5268.47267281842,5268.47267281842,-4.878861303861413,-0.048335823426276445,0.314465605765668,0.9845656174907139,False
USDCHF,買い,1,2024-08-12 01:00:00,2024-08-12 05:00:00,0.8686163429665702,2024-08-12 21:00:00,0.8662236570334297,時間切れ,time,4,0.0033422387718969647,0.8619318654227762,0.8619318654227762,-0.0023926859331404593,-0.35794658856501077,0.7730318537246104,1.2375964881235866,False
USDJPY,買い,1,2024-08-13 01:00:00,2024-08-13 05:00:00,147.8467926501845,2024-08-13 21:00:00,147.0942073498155,時間切れ,time,4,0.859401961992756,146.127988726199,146.127988726199,-0.7525853003690202,-0.4378540739096915,0.08751126148362184,1.4530949490606637,False
AUDUSD,買い,1,2024-08-13 05:00:00,2024-08-13 09:00:00,0.6608142521179043,2024-08-14 01:00:00,0.6624357478820956,時間切れ,time,4,0.002382776947531907,0.6560486982228405,0.6608142521179043,0.0016214957641912386,0.3402533682119916,1.4586962853136132,0.6061214077970227,True
EURUSD,買い,1,2024-08-12 21:00:00,2024-08-13 01:00:00,1.0939663224968552,2024-08-14 21:00:00,1.100663463231465,トレイル,trail,12,0.0018656765927800804,1.0902349693112952,1.1006897857283202,0.006697140734609697,1.794828953883738,5.769315831478388,1.3862651795407206,True
USDCHF,売り,-1,2024-08-14 01:00:00,2024-08-14 05:00:00,0.8623736570334297,2024-08-14 21:00:00,0.8651463429665702,時間切れ,time,4,0.00289145826237838,0.8681565735581864,0.8681565735581864,-0.0027726859331405063,-0.4794615176045846,0.22260637194890048,1.299117132502007,False
USDCHF,買い,1,2024-08-15 05:00:00,2024-08-15 09:00:00,0.8731663429665703,2024-08-16 01:00:00,0.8710736570334298,時間切れ,time,4,0.0029291571987797595,0.8673080285690107,0.8673080285690107,-0.0020926859331404923,-0.35721639214383444,0.5850341641423754,0.8829648909412104,False
USDJPY,買い,1,2024-08-15 05:00:00,2024-08-15 09:00:00,148.9597926501845,2024-08-16 01:00:00,148.8632073498155,時間切れ,time,4,0.8090976999473096,147.34159725028988,147.34159725028988,-0.09658530036901425,-0.05968704420696296,0.5440719332710526,0.2667077785520389,False
EURUSD,買い,1,2024-08-19 09:00:00,2024-08-19 13:00:00,1.1073663224968553,2024-08-20 05:00:00,1.1079536775031447,時間切れ,time,4,0.002020248209017708,1.10332582607882,1.10332582607882,0.0005873550062893695,0.14536704046255663,0.759153007189356,0.1615259429008155,False
AUDUSD,買い,1,2024-08-16 09:00:00,2024-08-16 13:00:00,0.6656342521179044,2024-08-22 09:00:00,0.6722757613809758,トレイル,trail,24,0.002321106610597611,0.6609920388967092,0.6723200134988802,0.006641509263071388,1.4306773400127044,4.513255804048754,0.0750728627064116,True
SP500,買い,1,2024-08-21 17:00:00,2024-08-21 21:00:00,5644.58943065193,2024-08-22 13:00:00,5608.470569348069,時間切れ,time,4,22.200429223533643,5600.188572204863,5600.188572204863,-36.118861303861195,-0.8134721392137155,0.909467521766035,1.8544430036644728,False
USDJPY,売り,-1,2024-08-21 21:00:00,2024-08-22 01:00:00,145.13320734981548,2024-08-22 17:00:00,146.2797926501845,時間切れ,time,4,0.7712825285913338,146.67577240699814,146.67577240699814,-1.1465853003690256,-0.7432978564049303,0.15585384779170255,1.8097034464579225,False
USDCHF,売り,-1,2024-08-20 01:00:00,2024-08-20 05:00:00,0.8599936570334298,2024-08-23 09:00:00,0.8537109952171865,トレイル,trail,20,0.0026558238041068565,0.8653053046416435,0.8536146522506163,0.006282661816243262,1.1828084767009042,4.165809876514186,0.18688851489420022,True
AUDUSD,買い,1,2024-08-23 09:00:00,2024-08-23 13:00:00,0.6782842521179043,2024-08-26 05:00:00,0.6774057478820956,時間切れ,time,4,0.002071611112231384,0.6741410298934416,0.6741410298934416,-0.0008785042358087081,-0.2120340614659209,0.7799474875162535,0.5957933468385603,False
EURUSD,買い,1,2024-08-23 13:00:00,2024-08-25 17:00:00,1.1193963224968553,2024-08-26 09:00:00,1.1161036775031448,時間切れ,time,4,0.0024134343405871794,1.114569453815681,1.114569453815681,-0.003292644993710514,-0.6821492796256114,0.320571183617367,1.469409147460984,False
USDCHF,売り,-1,2024-08-23 13:00:00,2024-08-25 17:00:00,0.8473636570334298,2024-08-26 09:00:00,0.8475563429665702,時間切れ,time,4,0.002589599328090608,0.852542855689611,0.852542855689611,-0.00019268593314047955,-0.037203812004877386,0.6849156215751613,0.47356475315215074,False
USDJPY,売り,-1,2024-08-23 13:00:00,2024-08-25 17:00:00,144.16420734981548,2024-08-26 09:00:00,143.9397926501845,時間切れ,time,4,0.7694856977905179,145.7031787453965,145.7031787453965,0.2244146996309837,0.14582122856562668,0.9333602325263863,0.26224353586291715,False
GBPUSD,買い,1,2024-08-16 01:00:00,2024-08-16 05:00:00,1.2886462429853747,2024-08-28 05:00:00,1.320978366496843,トレイル,trail,49,0.0028262954362870507,1.2829936521128005,1.3210446094822177,0.032332123511468414,5.719876821147834,13.42880030421936,0.16850431814739042,True
USDCHF,売り,-1,2024-08-27 05:00:00,2024-08-27 09:00:00,0.8452436570334297,2024-08-29 01:00:00,0.845017970172693,トレイル,trail,11,0.0023400927138439356,0.8499238424611176,0.8449216272061227,0.00022568686073676236,0.04822177758205989,2.129683582170284,0.14800395066454208,True
SP500,売り,-1,2024-08-28 13:00:00,2024-08-28 17:00:00,5576.290569348069,2024-08-29 05:00:00,5621.9861211071675,初期損切り,initial,4,22.77306055358397,5621.836690455237,5621.836690455237,-45.695551759098635,-1.0032808645017013,0.6617718032500832,1.9999999999999978,False
SP500,買い,1,2024-08-29 09:00:00,2024-08-29 13:00:00,5658.289430651931,2024-08-29 13:00:00,5609.267516497707,初期損切り,initial,1,24.43624175114646,5609.416947149638,5609.416947149638,-49.02191415422385,-1.003057562072202,0.0,2.0000000000000075,False
USDJPY,買い,1,2024-08-29 05:00:00,2024-08-29 09:00:00,145.40279265018452,2024-08-30 01:00:00,144.8452073498155,時間切れ,time,4,0.6140723360580514,144.1746479780684,144.1746479780684,-0.557585300369027,-0.45400620385243634,0.25112245050050097,1.2193883459907877,False
AUDUSD,売り,-1,2024-08-30 09:00:00,2024-08-30 13:00:00,0.6758057478820956,2024-09-02 05:00:00,0.6783042521179043,時間切れ,time,4,0.002096394362317153,0.6799985366067299,0.6799985366067299,-0.002498504235808774,-0.5959051123012865,0.08383340713689376,1.3138043907255077,False
SP500,買い,1,2024-09-02 09:00:00,2024-09-02 17:00:00,5667.4294306519305,2024-09-03 09:00:00,5628.0705693480695,時間切れ,time,4,23.477261575426517,5620.474907501078,5620.474907501078,-39.35886130386098,-0.8382336495551427,0.07200879636826595,1.733142109492022,False
GBPUSD,売り,-1,2024-09-03 09:00:00,2024-09-03 13:00:00,1.3102637570146254,2024-09-04 05:00:00,1.3121562429853746,時間切れ,time,4,0.0028615750967129184,1.3159869072080512,1.3159869072080512,-0.0018924859707492026,-0.3306720786260502,0.511521440170078,0.8898047052127018,False
AUDUSD,売り,-1,2024-09-02 21:00:00,2024-09-03 01:00:00,0.6741857478820956,2024-09-04 09:00:00,0.6728889153734092,トレイル,trail,9,0.0021004012416294526,0.6783865503653546,0.6728446632555048,0.0012968325086863963,0.3087106603689535,2.6784158048446143,0.5447778715921323,True
EURUSD,売り,-1,2024-08-28 01:00:00,2024-08-28 05:00:00,1.1140936775031447,2024-09-04 09:00:00,1.1065519923645653,トレイル,trail,32,0.0021437497235371698,1.118381176950219,1.10652566986771,0.007541685138579446,1.7589938451713771,5.347488737738341,0.2175265571980435,True
USDJPY,売り,-1,2024-09-04 21:00:00,2024-09-05 01:00:00,143.5762073498155,2024-09-05 09:00:00,143.578,建値,breakeven,3,0.5775104735322223,144.73122829687995,143.5762073498155,-0.0017926501845124676,-0.0015520499338722783,1.257479098818417,0.30439733691636794,True
GBPUSD,買い,1,2024-09-05 01:00:00,2024-09-05 05:00:00,1.3170362429853746,2024-09-05 21:00:00,1.3178037570146255,時間切れ,time,4,0.002698755167975177,1.3116387326494243,1.3116387326494243,0.0007675140292509042,0.1421977877724186,0.5609093527966339,0.7137524026752692,False
SP500,売り,-1,2024-09-05 09:00:00,2024-09-05 13:00:00,5506.270569348069,2024-09-06 05:00:00,5474.269430651931,時間切れ,time,4,28.052549567682966,5562.375668483435,5506.270569348069,32.001138696138696,0.5703784359943628,1.4184296957417806,0.8847477692552851,True
AUDUSD,買い,1,2024-09-06 05:00:00,2024-09-06 09:00:00,0.6750242521179044,2024-09-06 09:00:00,0.6708284105879279,初期損切り,initial,1,0.002075794706036057,0.6708726627058322,0.6708726627058322,-0.004195841529976541,-1.0106590786111336,0.0,2.000000000000025,False
GBPUSD,売り,-1,2024-09-09 05:00:00,2024-09-09 09:00:00,1.3082337570146254,2024-09-10 01:00:00,1.3077862429853746,時間切れ,time,4,0.0030527986587279817,1.3143393543320814,1.3143393543320814,0.0004475140292508062,0.0732956999917697,0.8037729601361533,0.6604572429334791,False
USDCHF,買い,1,2024-09-09 13:00:00,2024-09-09 17:00:00,0.8490663429665702,2024-09-10 09:00:00,0.8465136570334297,時間切れ,time,4,0.0026239077750263777,0.8438185274165175,0.8438185274165175,-0.0025526859331405083,-0.4864282878834883,0.3100936096816692,1.2143502134095567,False
USDJPY,売り,-1,2024-09-10 21:00:00,2024-09-11 01:00:00,141.09220734981548,2024-09-11 05:00:00,142.53093166952482,初期損切り,initial,2,0.7184658347624151,142.5291390193403,142.5291390193403,-1.438724319709337,-1.001247554231371,0.5333689248316155,1.999999999999992,False
EURUSD,売り,-1,2024-09-10 13:00:00,2024-09-10 17:00:00,1.1019136775031446,2024-09-11 09:00:00,1.1016663224968553,時間切れ,time,4,0.00205667271519627,1.1060270229335372,1.1060270229335372,0.0002473550062893626,0.06013475174287934,0.7554325448404384,1.738887510118096,False
USDCHF,買い,1,2024-09-11 05:00:00,2024-09-11 09:00:00,0.8504363429665702,2024-09-12 01:00:00,0.8531236570334297,時間切れ,time,4,0.002627897008640785,0.8451805489492886,0.8504363429665702,0.002687314066859514,0.5113050583838256,1.1125462770483432,1.144010955027939,True
SP500,買い,1,2024-09-11 13:00:00,2024-09-11 17:00:00,5555.529430651931,2024-09-12 09:00:00,5564.630569348069,時間切れ,time,4,35.631036802763155,5484.267357046405,5484.267357046405,9.10113869613815,0.12771363834453964,0.6342944628071167,0.024400936092423053,False
EURUSD,買い,1,2024-09-12 13:00:00,2024-09-12 17:00:00,1.1073063224968553,2024-09-13 09:00:00,1.1092636775031448,時間切れ,time,4,0.00211503221274971,1.103076258071356,1.1073063224968553,0.001957355006289463,0.46272463239336337,1.3066834095881432,0.12591888447366945,True
GBPUSD,買い,1,2024-09-12 13:00:00,2024-09-12 17:00:00,1.3124662429853746,2024-09-13 09:00:00,1.3137237570146254,時間切れ,time,4,0.003058481541305051,1.3063492799027645,1.3063492799027645,0.0012575140292507836,0.2055781622788875,0.9101761697857373,0.32246164381093906,False
USDJPY,売り,-1,2024-09-13 01:00:00,2024-09-13 05:00:00,140.70420734981548,2024-09-15 21:00:00,140.5317926501845,時間切れ,time,4,0.7634316194452339,142.23107058870593,142.23107058870593,0.1724146996309628,0.11292085318410844,0.5477993564366322,0.4149587757639843,False
AUDUSD,買い,1,2024-09-11 21:00:00,2024-09-12 01:00:00,0.6690742521179044,2024-09-18 13:00:00,0.674928974231302,トレイル,trail,28,0.002147318972234669,0.664779614173435,0.6749732263492064,0.005854722113397659,1.3632632573689727,4.617734025689013,1.5620651432207633,True
GBPUSD,買い,1,2024-09-19 01:00:00,2024-09-19 05:00:00,1.3263962429853746,2024-09-19 09:00:00,1.3239337570146255,建値,breakeven,2,0.003765117793544521,1.3188660073982856,1.3263962429853746,-0.002462485970749162,-0.32701313820396466,1.3342894671818522,0.6364324084316907,True
USDCHF,買い,1,2024-09-18 17:00:00,2024-09-18 21:00:00,0.8500363429665703,2024-09-19 13:00:00,0.8478036570334297,時間切れ,time,4,0.002730204443014959,0.8445759340805403,0.8445759340805403,-0.0022326859331405213,-0.4088862170839798,0.5324352310497416,1.873977965152052,False
USDJPY,買い,1,2024-09-18 17:00:00,2024-09-18 21:00:00,143.49079265018452,2024-09-19 13:00:00,143.0362073498155,時間切れ,time,4,0.7987968842517008,141.89319888168112,141.89319888168112,-0.45458530036901834,-0.2845437365437811,0.571118088727716,1.8124665715750476,False
EURUSD,買い,1,2024-09-19 01:00:00,2024-09-19 05:00:00,1.1162863224968553,2024-09-19 21:00:00,1.1159936775031447,時間切れ,time,4,0.0027036398075741337,1.110879042881707,1.110879042881707,-0.00029264499371062236,-0.054120558679967214,0.5931550122364979,1.7185434553223002,False
SP500,買い,1,2024-09-19 01:00:00,2024-09-19 05:00:00,5756.50943065193,2024-09-20 09:00:00,5756.36,建値,breakeven,8,27.277878388308814,5701.953673875313,5756.50943065193,-0.1494306519307429,-0.002739044617098745,1.4968381619286617,0.29692304279067183,True
USDJPY,買い,1,2024-09-22 17:00:00,2024-09-22 21:00:00,144.12879265018452,2024-09-23 13:00:00,143.3442073498155,時間切れ,time,4,0.8544421012381299,142.41990844770825,142.41990844770825,-0.7845853003690308,-0.45912139583953493,0.3876299509768417,1.125638178164248,False
AUDUSD,買い,1,2024-09-23 09:00:00,2024-09-23 13:00:00,0.6839742521179044,2024-09-24 01:00:00,0.68393,建値,breakeven,4,0.0025243073078113835,0.6789256375022816,0.6839742521179044,-4.425211790437533e-05,-0.008765200213032433,1.0045321638331253,0.5642150278205523,True
GBPUSD,買い,1,2024-09-23 09:00:00,2024-09-23 13:00:00,1.3344262429853746,2024-09-24 05:00:00,1.3376237570146254,時間切れ,time,4,0.003971972840675215,1.3264822973040242,1.3264822973040242,0.0031975140292508364,0.40250955350279727,0.9249199735215076,0.32131211278815996,False
EURUSD,買い,1,2024-09-24 17:00:00,2024-09-24 21:00:00,1.1193463224968554,2024-09-25 09:00:00,1.1139940367578531,初期損切り,initial,4,0.002662981621073463,1.1140203592547084,1.1140203592547084,-0.0053522857390022605,-1.0049422978827627,0.5421282263910644,2.000000000000012,False
SP500,買い,1,2024-09-25 21:00:00,2024-09-26 01:00:00,5807.46943065193,2024-09-26 09:00:00,5807.32,建値,breakeven,3,19.964180831388187,5767.541068989154,5807.46943065193,-0.1494306519307429,-0.003742468904504318,1.0378872803782535,0.11868409086962434,True
USDJPY,買い,1,2024-09-25 13:00:00,2024-09-25 17:00:00,144.75279265018452,2024-09-26 09:00:00,144.56220734981548,時間切れ,time,4,0.7141667154241049,143.32445921933632,143.32445921933632,-0.19058530036903676,-0.13343193980684082,0.6261946127661511,0.8986594254863886,False
AUDUSD,買い,1,2024-09-27 05:00:00,2024-09-27 09:00:00,0.6924942521179044,2024-09-30 01:00:00,0.6931557478820957,時間切れ,time,4,0.002624632318081704,0.687244987481741,0.687244987481741,0.0006614957641912778,0.12601684427073445,0.4784471613202552,0.9731847391756738,False
USDCHF,売り,-1,2024-09-27 05:00:00,2024-09-27 09:00:00,0.8407636570334298,2024-09-30 01:00:00,0.8415563429665702,時間切れ,time,4,0.002908100513991075,0.846579858061412,0.846579858061412,-0.0007926859331404135,-0.13628929421915542,0.20070043336595808,0.7861980545618689,False
USDJPY,売り,-1,2024-09-27 05:00:00,2024-09-27 09:00:00,142.5182073498155,2024-09-30 01:00:00,142.1317926501845,時間切れ,time,4,0.8546007086916683,144.22740876719882,144.22740876719882,0.38641469963098984,0.22607908915882058,0.5232939140667714,0.666735522670941,False
SP500,売り,-1,2024-10-01 09:00:00,2024-10-01 13:00:00,5757.49056934807,2024-10-02 05:00:00,5750.609430651931,時間切れ,time,4,23.36326208009665,5804.217093508263,5804.217093508263,6.881138696138805,0.14726408222764625,0.9095720141826142,1.1171141496616979,False
USDCHF,買い,1,2024-10-02 05:00:00,2024-10-02 09:00:00,0.8505163429665702,2024-10-03 01:00:00,0.8496236570334298,時間切れ,time,4,0.0027443209952058,0.8450277009761586,0.8450277009761586,-0.0008926859331404025,-0.16264240493365809,0.2272536756885633,0.6946501411097717,False
AUDUSD,売り,-1,2024-10-03 01:00:00,2024-10-03 05:00:00,0.6850457478820956,2024-10-03 21:00:00,0.6850142521179043,時間切れ,time,4,0.0024940677064598164,0.6900338832950152,0.6900338832950152,3.1495764191258324e-05,0.006314135760966314,0.8202455277364421,0.19015206230210566,False
GBPUSD,売り,-1,2024-10-03 01:00:00,2024-10-03 05:00:00,1.3116137570146253,2024-10-03 21:00:00,1.3131362429853746,時間切れ,time,4,0.003959908562284144,1.3195335741391936,1.3195335741391936,-0.001522485970749221,-0.19223751594292174,0.6120739851698006,0.458657809090195,False
SP500,買い,1,2024-10-04 05:00:00,2024-10-04 09:00:00,5799.46943065193,2024-10-07 01:00:00,5795.690569348069,時間切れ,time,4,24.76327790499261,5749.942874841945,5749.942874841945,-3.7788613038610492,-0.07629969906163311,0.34125406904898775,1.9678101921275197,False
USDJPY,買い,1,2024-10-02 05:00:00,2024-10-02 09:00:00,145.3747926501845,2024-10-07 17:00:00,147.75234505251737,トレイル,trail,21,0.8056100823795275,143.76357248542544,147.75413770270188,2.377552402332867,1.4756222981409937,4.670010259433546,0.09532235490111908,True
SP500,買い,1,2024-10-09 09:00:00,2024-10-09 13:00:00,5828.08943065193,2024-10-10 05:00:00,5830.510569348069,時間切れ,time,4,23.466428559257864,5781.156573533414,5781.156573533414,2.421138696138769,0.051587285428305894,0.7700604845955733,0.3873376227225009,False
USDJPY,買い,1,2024-10-09 09:00:00,2024-10-09 13:00:00,149.24179265018452,2024-10-10 05:00:00,149.06820734981548,時間切れ,time,4,0.5899801710980987,148.0618323079883,148.0618323079883,-0.17358530036904085,-0.1471111309096675,0.5173179790897197,0.5674642413174312,False
EURUSD,売り,-1,2024-10-01 01:00:00,2024-10-01 05:00:00,1.1102536775031446,2024-10-11 01:00:00,1.0944009369093723,トレイル,trail,48,0.003060394457992939,1.1163744664191304,1.094374614412517,0.015852740593772285,2.5899832213408196,6.611460640408508,0.4007073315835359,True
GBPUSD,売り,-1,2024-10-10 09:00:00,2024-10-10 13:00:00,1.3034737570146253,2024-10-11 05:00:00,1.3074362429853745,時間切れ,time,4,0.0032126941769534596,1.3098991453685322,1.3098991453685322,-0.003962485970749219,-0.616692058518121,0.39647627332931157,1.4431012508545897,False
SP500,買い,1,2024-10-11 09:00:00,2024-10-11 13:00:00,5853.449430651931,2024-10-14 05:00:00,5862.790569348069,時間切れ,time,4,21.279477677003772,5810.890475297923,5810.890475297923,9.341138696137932,0.219487029661275,0.6856638856242567,0.22695249973875464,False
USDCHF,買い,1,2024-10-14 05:00:00,2024-10-14 09:00:00,0.8632363429665703,2024-10-15 01:00:00,0.8634836570334298,時間切れ,time,4,0.002139965818678862,0.8589564113292125,0.8589564113292125,0.0002473140668595164,0.05778458345007567,0.45031421764700774,0.7926962906433463,False
USDJPY,買い,1,2024-10-14 05:00:00,2024-10-14 09:00:00,149.74279265018453,2024-10-15 01:00:00,149.67620734981548,時間切れ,time,4,0.4858169870967596,148.77115867599102,148.77115867599102,-0.06658530036904153,-0.06852920146633307,0.4923816090601837,0.6109145173332866,False
EURUSD,売り,-1,2024-10-14 21:00:00,2024-10-15 01:00:00,1.0892936775031448,2024-10-15 17:00:00,1.0892463224968554,時間切れ,time,4,0.0020416133010321734,1.093376904105209,1.093376904105209,4.7355006289384605e-05,0.01159744753461477,0.5405908663441749,1.1688415703643646,False
GBPUSD,買い,1,2024-10-15 05:00:00,2024-10-15 09:00:00,1.3088762429853746,2024-10-16 01:00:00,1.3073237570146254,時間切れ,time,4,0.002899097009144802,1.303078048967085,1.303078048967085,-0.0015524859707491956,-0.26775336697117974,0.47730621302442494,0.9990155473372986,False
AUDUSD,売り,-1,2024-10-15 17:00:00,2024-10-15 21:00:00,0.6679457478820956,2024-10-16 13:00:00,0.6667542521179044,時間切れ,time,4,0.0021674404703985817,0.6722806288228927,0.6722806288228927,0.0011914957641911972,0.2748623965603279,0.9576954525140502,0.989301504326921,False
USDCHF,買い,1,2024-10-16 09:00:00,2024-10-16 13:00:00,0.8647163429665703,2024-10-17 05:00:00,0.8650536570334297,時間切れ,time,4,0.0020237948747348,0.8606687532171007,0.8647163429665703,0.0003373140668594399,0.08333701974209265,1.1185209833710592,0.19090025940542962,True
SP500,買い,1,2024-10-17 05:00:00,2024-10-17 09:00:00,5918.8894306519305,2024-10-17 17:00:00,5882.772744164737,初期損切り,initial,3,17.98362791763153,5882.922174816667,5882.922174816667,-36.116686487193874,-1.004154630328631,0.45433376321466684,2.000000000000004,False
USDJPY,買い,1,2024-10-17 09:00:00,2024-10-17 13:00:00,150.21279265018453,2024-10-18 05:00:00,149.92020734981548,時間切れ,time,4,0.4439988481158137,149.3247949539529,149.3247949539529,-0.2925853003690406,-0.3294888056699665,0.24821539579025115,0.9927788147539438,False
AUDUSD,買い,1,2024-10-18 01:00:00,2024-10-18 05:00:00,0.6712642521179044,2024-10-20 21:00:00,0.6707757478820956,時間切れ,time,4,0.0020680303428286606,0.6671281914322471,0.6671281914322471,-0.0004885042358088176,-0.11810857551070539,0.3412657287853026,0.6935353356288775,False
USDJPY,買い,1,2024-10-21 09:00:00,2024-10-21 13:00:00,150.5187926501845,2024-10-22 05:00:00,150.9882073498155,時間切れ,time,4,0.436671730255048,149.64544918967442,150.5187926501845,0.46941469963098825,0.537491514915353,1.3493141620854545,0.04990625377045999,True
AUDUSD,売り,-1,2024-10-21 17:00:00,2024-10-21 21:00:00,0.6654957478820956,2024-10-22 09:00:00,0.6694199742741956,初期損切り,initial,4,0.0019399871370978342,0.6693757221562913,0.6693757221562913,-0.003924226392099994,-1.0114052606478943,0.018426865525032022,1.9999999999999745,False
GBPUSD,売り,-1,2024-10-22 05:00:00,2024-10-22 09:00:00,1.2955137570146253,2024-10-23 01:00:00,1.2989262429853745,時間切れ,time,4,0.0027293644495994273,1.3009724859138243,1.3009724859138243,-0.0034124859707491684,-0.6251429652881275,0.39340917435298844,1.346922718918781,False
USDCHF,買い,1,2024-10-22 17:00:00,2024-10-22 21:00:00,0.8668163429665703,2024-10-23 05:00:00,0.8665236570334297,建値,breakeven,3,0.0015474620677108932,0.8637214188311485,0.8668163429665703,-0.00029268593314057956,-0.09456966320781603,1.159095961610873,0.2367379299397953,True
AUDUSD,売り,-1,2024-10-23 05:00:00,2024-10-23 09:00:00,0.6634257478820956,2024-10-23 17:00:00,0.66347,建値,breakeven,3,0.0020299324302136133,0.6674856127425228,0.6634257478820956,-4.425211790437533e-05,-0.010899899239433946,1.0077911223283345,0.42575413104438725,True
SP500,売り,-1,2024-10-23 09:00:00,2024-10-23 13:00:00,5838.49056934807,2024-10-23 17:00:00,5844.809430651931,建値,breakeven,2,17.758607416602636,5874.0077841812745,5838.49056934807,-6.318861303861013,-0.17790982016848542,2.1077423735982306,0.46678382248488237,True
EURUSD,売り,-1,2024-10-22 09:00:00,2024-10-22 13:00:00,1.0807336775031446,2024-10-24 01:00:00,1.0795929080082745,トレイル,trail,10,0.0017539124460050708,1.0842415023951548,1.0795665855114192,0.0011407694948701863,0.3252070813080051,2.6305061656032835,0.08342634045884362,True
GBPUSD,売り,-1,2024-10-23 09:00:00,2024-10-23 13:00:00,1.2927937570146253,2024-10-24 05:00:00,1.2961862429853745,時間切れ,time,4,0.002815989924522049,1.2984257368636694,1.2984257368636694,-0.0033924859707492594,-0.6023611699045865,0.7328708802023262,1.5824783130682092,False
USDCHF,買い,1,2024-10-27 17:00:00,2024-10-27 21:00:00,0.8692963429665702,2024-10-28 05:00:00,0.8661034713022863,初期損切り,initial,3,0.0015482643488568641,0.8661998142688565,0.8661998142688565,-0.003192871664283947,-1.031113216112401,0.45448119628235123,1.9999999999999865,False
USDJPY,買い,1,2024-10-27 17:00:00,2024-10-27 21:00:00,153.4697926501845,2024-10-28 05:00:00,152.47794888457338,初期損切り,initial,3,0.49502555771330375,152.4797415347579,152.4797415347579,-0.9918437656111223,-1.0018106642743818,0.8246187362550262,2.000000000000005,False
EURUSD,売り,-1,2024-10-29 05:00:00,2024-10-29 09:00:00,1.0777236775031447,2024-10-29 13:00:00,1.0815649479412603,初期損切り,initial,2,0.001907473970630134,1.081538625444405,1.081538625444405,-0.0038412704381156626,-1.0068998312062678,0.4423009257976481,2.0000000000000484,False
AUDUSD,売り,-1,2024-10-25 09:00:00,2024-10-25 13:00:00,0.6612357478820956,2024-10-30 01:00:00,0.657703567724607,トレイル,trail,16,0.001999141236901129,0.6652340303558979,0.6576593156067027,0.0035321801574885736,0.8834243654950086,3.7844989350643896,0.02713771138478295,True
GBPUSD,買い,1,2024-10-29 13:00:00,2024-10-29 17:00:00,1.3015662429853747,2024-10-30 05:00:00,1.2963997811028751,初期損切り,initial,4,0.002550109448562508,1.2964660240882497,1.2964660240882497,-0.0051664618824995845,-1.012988263192372,0.3661635053160709,1.999999999999984,False
EURUSD,買い,1,2024-10-30 01:00:00,2024-10-30 05:00:00,1.0834763224968553,2024-10-30 09:00:00,1.0813836775031447,建値,breakeven,2,0.0020086241003760353,1.0794590742961032,1.0834763224968553,-0.002092644993710646,-0.5209150366459512,1.2265498072453442,1.3274372722880874,True
USDCHF,売り,-1,2024-10-31 13:00:00,2024-10-31 17:00:00,0.8638036570334298,2024-11-01 01:00:00,0.867545948136791,初期損切り,initial,3,0.001822974068395484,0.8674496051702207,0.8674496051702207,-0.003742291103361217,-1.0264246673171404,0.32016749088673985,2.0000000000000053,False
GBPUSD,売り,-1,2024-10-31 09:00:00,2024-10-31 13:00:00,1.2863437570146254,2024-11-01 05:00:00,1.2905062429853746,時間切れ,time,4,0.0038223853908984154,1.2939885277964223,1.2939885277964223,-0.004162485970749197,-0.5444880022643196,0.2155086236429529,1.4379091649057438,False
SP500,売り,-1,2024-10-30 17:00:00,2024-10-30 21:00:00,5831.790569348069,2024-11-01 09:00:00,5775.9311885721545,トレイル,trail,10,20.124897285879594,5872.040363919828,5775.781757920224,55.85938077591436,1.3878177856616307,4.937693243174514,0.3125198883049196,True
AUDUSD,買い,1,2024-11-03 17:00:00,2024-11-03 21:00:00,0.6602942521179044,2024-11-04 13:00:00,0.6591957478820957,時間切れ,time,4,0.002244271504344355,0.6558057091092157,0.6558057091092157,-0.001098504235808706,-0.24473514761522244,0.7110315659253464,1.0222703061832068,False
USDCHF,売り,-1,2024-11-04 05:00:00,2024-11-04 09:00:00,0.8630836570334297,2024-11-05 01:00:00,0.8642063429665703,時間切れ,time,4,0.0022893837367541385,0.867662424506938,0.867662424506938,-0.001122685933140577,-0.24519391727930853,0.6830034687180445,0.6623367425157746,False
AUDUSD,買い,1,2024-11-05 05:00:00,2024-11-05 09:00:00,0.6626742521179044,2024-11-05 17:00:00,0.658364242938394,初期損切り,initial,3,0.0021328785308030104,0.6584084950562984,0.6584084950562984,-0.00431000917951041,-1.0103738017109978,0.7012813249765678,2.0000000000000067,False
EURUSD,買い,1,2024-11-05 09:00:00,2024-11-05 13:00:00,1.0930363224968553,2024-11-05 17:00:00,1.0883434774572633,初期損切り,initial,2,0.002333261271368334,1.0883697999541186,1.0883697999541186,-0.004692845039591997,-1.0056407092463957,0.25872692036352246,2.0000000000000115,False
GBPUSD,買い,1,2024-11-05 09:00:00,2024-11-05 13:00:00,1.3034262429853747,2024-11-05 17:00:00,1.2963055145085531,初期損切り,initial,2,0.003527242745723454,1.2963717574939277,1.2963717574939277,-0.007120728476821547,-1.0093901937221297,0.2902428577864858,2.0000000000000084,False
AUDUSD,売り,-1,2024-11-05 21:00:00,2024-11-06 01:00:00,0.6547357478820957,2024-11-06 17:00:00,0.6568742521179044,時間切れ,time,4,0.0025738042688298705,0.6598833564197554,0.6598833564197554,-0.002138504235808747,-0.4154364536781532,1.0279522472384985,1.8976781478899558,False
USDJPY,買い,1,2024-11-05 21:00:00,2024-11-06 01:00:00,153.7497926501845,2024-11-06 17:00:00,154.6072073498155,時間切れ,time,4,0.6463172243981747,152.45715820138815,153.7497926501845,0.8574146996309935,0.6633079448171789,1.4686400330725737,0.12500463725026473,True
USDCHF,買い,1,2024-11-05 21:00:00,2024-11-06 01:00:00,0.8715263429665703,2024-11-07 09:00:00,0.8722346849658423,トレイル,trail,9,0.0025908735271170337,0.8663445959123363,0.8723310279324126,0.0007083419992720552,0.1366994551949927,2.2940745548639088,0.1838541949596174,True
AUDUSD,買い,1,2024-11-07 05:00:00,2024-11-07 09:00:00,0.6663442521179044,2024-11-08 01:00:00,0.6654157478820957,時間切れ,time,4,0.0029677492081834783,0.6604087537015374,0.6604087537015374,-0.0009285042358087026,-0.15643239550841767,0.8274782368145938,0.6180616990298369,False
USDCHF,買い,1,2024-11-11 01:00:00,2024-11-11 05:00:00,0.8784563429665703,2024-11-11 21:00:00,0.8814636570334298,時間切れ,time,4,0.002562195949408774,0.8733319510677527,0.8784563429665703,0.003007314066859501,0.5868626221880957,1.2191327654508797,0.08443654226374445,True
SP500,買い,1,2024-11-05 09:00:00,2024-11-05 13:00:00,5807.269430651931,2024-11-12 05:00:00,6014.3530887949555,トレイル,trail,29,23.50914017834662,5760.2511502952375,6014.502519446886,207.08365814302488,4.404322245986729,10.463614044661753,0.6214361963517055,True
AUDUSD,売り,-1,2024-11-11 21:00:00,2024-11-12 01:00:00,0.6550157478820956,2024-11-12 17:00:00,0.6534642521179044,時間切れ,time,4,0.0026537676733790127,0.6603232832288536,0.6550157478820956,0.0015514957641912241,0.29231944072476435,1.3549595611424325,0.2879875753898666,True
USDJPY,買い,1,2024-11-12 09:00:00,2024-11-12 13:00:00,154.7877926501845,2024-11-13 05:00:00,154.89520734981548,時間切れ,time,4,0.5636945222015994,153.6604036057813,153.6604036057813,0.10741469963096506,0.0952774023875908,0.8022205858047491,0.49458108816750296,False
AUDUSD,売り,-1,2024-11-13 09:00:00,2024-11-13 13:00:00,0.6487257478820956,2024-11-14 05:00:00,0.6464642521179044,時間切れ,time,4,0.0026655408564650344,0.6540568295950256,0.6487257478820956,0.0022614957641912126,0.424209548074672,1.03759350579359,0.4142694399998297,True
EURUSD,売り,-1,2024-11-11 01:00:00,2024-11-11 05:00:00,1.0681036775031447,2024-11-14 09:00:00,1.0563533876669686,トレイル,trail,20,0.0036414588103428577,1.0753865951238304,1.0563270651701133,0.011750289836176098,1.613404194330261,5.064914492718961,0.20769766630533132,True
GBPUSD,売り,-1,2024-11-11 21:00:00,2024-11-12 01:00:00,1.2832337570146255,2024-11-14 09:00:00,1.270454175462999,トレイル,trail,15,0.003814407421962392,1.2908625718585502,1.2703879324776244,0.012779581551626507,1.6751725940502467,5.304561043512224,0.017366520679778213,True
GBPUSD,売り,-1,2024-11-15 09:00:00,2024-11-15 13:00:00,1.2626537570146255,2024-11-18 05:00:00,1.2630662429853745,時間切れ,time,4,0.003839324621206531,1.2703324062570385,1.2703324062570385,-0.0004124859707490547,-0.05371855878904927,0.7537151192274238,0.41315677674478296,False
USDJPY,売り,-1,2024-11-15 09:00:00,2024-11-15 13:00:00,154.2842073498155,2024-11-18 05:00:00,154.77779265018452,時間切れ,time,4,0.6154890903808712,155.51518553057724,155.51518553057724,-0.49358530036903403,-0.4009699831264257,0.7217144166448267,1.4001753461644808,False
SP500,売り,-1,2024-11-14 13:00:00,2024-11-14 17:00:00,5970.95056934807,2024-11-18 09:00:00,5921.79828743435,トレイル,trail,11,22.52334026267943,6015.997249873429,5921.648856782419,49.15228191371989,1.0911410417033902,4.1730297660959925,0.025281803022544885,True
EURUSD,買い,1,2024-11-18 13:00:00,2024-11-18 17:00:00,1.0600063224968552,2024-11-19 01:00:00,1.053471892272629,初期損切り,initial,3,0.0032540538636854632,1.0534982147694842,1.0534982147694842,-0.006534430224226284,-1.004044569936151,0.02878793869709364,2.000000000000017,False
SP500,売り,-1,2024-11-19 05:00:00,2024-11-19 09:00:00,5861.830569348069,2024-11-19 09:00:00,5910.992544543932,初期損切り,initial,1,24.50627227196648,5910.843113892001,5910.843113892001,-49.161975195863306,-1.0030488246084919,-0.0,1.9999999999999838,False
USDJPY,売り,-1,2024-11-19 01:00:00,2024-11-19 05:00:00,153.7602073498155,2024-11-19 21:00:00,154.77779265018452,時間切れ,time,4,0.6505092123239763,155.06122577446345,155.06122577446345,-1.017585300369035,-0.7821451880240567,0.5383587859799223,1.8920449193754818,False
SP500,買い,1,2024-11-21 05:00:00,2024-11-21 09:00:00,5962.709430651931,2024-11-22 01:00:00,5960.930569348069,時間切れ,time,4,28.690060668560857,5905.3293093148095,5905.3293093148095,-1.7788613038619587,-0.031001351381094683,0.7790352765813932,1.9236428702435053,False
EURUSD,売り,-1,2024-11-21 01:00:00,2024-11-21 05:00:00,1.0516536775031446,2024-11-22 05:00:00,1.0407435200287967,トレイル,trail,7,0.003081858761708001,1.0578173950265606,1.0407171975319414,0.010910157474347981,1.7700612386762085,5.974860928714215,0.9170837197253835,True
GBPUSD,売り,-1,2024-11-21 09:00:00,2024-11-21 13:00:00,1.2599337570146254,2024-11-24 17:00:00,1.2594062429853745,トレイル,trail,8,0.003375535521357731,1.2666848280573408,1.2555246297931597,0.0005275140292508862,0.07813782819247386,3.3279925343836876,0.1944115181791188,True
USDCHF,買い,1,2024-11-21 13:00:00,2024-11-21 17:00:00,0.8867363429665702,2024-11-24 17:00:00,0.8904336570334298,トレイル,trail,7,0.0021042803535453194,0.8825277822594796,0.8910495683417646,0.0036973140668595805,0.8785222132189509,4.2977434153167495,0.7443604004244091,True
AUDUSD,買い,1,2024-11-24 17:00:00,2024-11-24 21:00:00,0.6536342521179044,2024-11-25 09:00:00,0.6487979130206327,初期損切り,initial,4,0.0023960434896836396,0.6488421651385371,0.6488421651385371,-0.004836339097271658,-1.009234414586987,0.13595240800016367,2.0000000000000013,False
USDJPY,売り,-1,2024-11-24 17:00:00,2024-11-24 21:00:00,153.77020734981548,2024-11-25 13:00:00,154.3227926501845,時間切れ,time,4,0.6242144884295188,155.0186363266745,155.0186363266745,-0.5525853003690315,-0.4426245390100593,0.349571107143766,1.5279886447111923,False
AUDUSD,売り,-1,2024-11-25 17:00:00,2024-11-25 21:00:00,0.6467357478820956,2024-11-26 13:00:00,0.6455742521179044,時間切れ,time,4,0.0026947827247887643,0.6521253133316732,0.6521253133316732,0.0011614957641912227,0.21550823996065746,0.6032946059586761,1.5081928797146282,False
SP500,買い,1,2024-11-26 13:00:00,2024-11-26 17:00:00,6037.569430651931,2024-11-27 09:00:00,6035.970569348069,時間切れ,time,4,25.69726969541614,5986.174891261098,5986.174891261098,-1.5988613038616677,-0.031109556050362648,0.3436384274569065,0.5194882884508085,False
EURUSD,買い,1,2024-11-27 05:00:00,2024-11-27 09:00:00,1.0572963224968552,2024-11-28 01:00:00,1.0549736775031446,時間切れ,time,4,0.004166214057713481,1.0489638943814283,1.0489638943814283,-0.0023226449937105986,-0.27874767853206783,0.3537210241073269,0.9544210743308523,False
GBPUSD,買い,1,2024-11-27 05:00:00,2024-11-27 09:00:00,1.2663062429853746,2024-11-28 01:00:00,1.2663637570146253,時間切れ,time,4,0.0040140490825455195,1.2582781448202836,1.2582781448202836,5.751402925069371e-05,0.007164091428376486,0.7782059836309919,0.7414565502739656,False
USDCHF,売り,-1,2024-11-27 05:00:00,2024-11-27 09:00:00,0.8814536570334297,2024-11-28 01:00:00,0.8835563429665703,時間切れ,time,4,0.002512030731018544,0.8864777184954667,0.8864777184954667,-0.002102685933140558,-0.4185231309427471,0.6622757488142619,0.9300614589308591,False
USDJPY,売り,-1,2024-11-26 05:00:00,2024-11-26 09:00:00,153.43220734981549,2024-11-28 01:00:00,151.79536051034512,トレイル,trail,11,0.6576021010239593,154.7474115518634,151.7935678601606,1.6368468394703655,1.2445571850527952,4.52584829820527,0.44068084596032175,True
GBPUSD,買い,1,2024-11-28 17:00:00,2024-11-28 21:00:00,1.2702562429853745,2024-11-29 05:00:00,1.2692337570146255,建値,breakeven,3,0.003417773001092619,1.2634206969831894,1.2702562429853745,-0.0010224859707490541,-0.14958365731459905,1.3791896106378243,0.37048773718139716,True
USDJPY,売り,-1,2024-11-28 17:00:00,2024-11-28 21:00:00,149.9412073498155,2024-11-29 13:00:00,149.59779265018452,時間切れ,time,4,0.6584449704649802,151.25809729074547,151.25809729074547,0.3434146996309835,0.2607770694857546,0.621475397597031,0.8957356751742017,False
AUDUSD,買い,1,2024-11-28 21:00:00,2024-11-29 01:00:00,0.6515642521179044,2024-12-01 17:00:00,0.6511957478820957,時間切れ,time,4,0.0022897521856795142,0.6469847477465454,0.6469847477465454,-0.0003685042358086976,-0.08046814806278678,0.5353190138922659,0.857844848970628,False
SP500,買い,1,2024-11-29 09:00:00,2024-11-29 13:00:00,6051.669430651931,2024-12-02 05:00:00,6039.750569348069,時間切れ,time,4,18.970184298776626,6013.729062054378,6013.729062054378,-11.918861303862286,-0.31414721955629404,0.11125718732235379,0.8281116516587682,False
USDCHF,買い,1,2024-12-01 21:00:00,2024-12-02 01:00:00,0.8850263429665702,2024-12-03 01:00:00,0.88493,建値,breakeven,7,0.002216012919771002,0.8805943171270282,0.8850263429665702,-9.634296657023977e-05,-0.021737907236613868,1.7796182496252473,0.6752410842102967,True
SP500,買い,1,2024-12-02 09:00:00,2024-12-02 13:00:00,6061.069430651931,2024-12-03 05:00:00,6064.430569348069,時間切れ,time,4,16.564245997004917,6027.940938657921,6027.940938657921,3.3611386961383687,0.10145764246516614,0.4377240804911925,0.2951797898204731,False
AUDUSD,売り,-1,2024-12-03 21:00:00,2024-12-04 01:00:00,0.6441557478820956,2024-12-04 13:00:00,0.6442,建値,breakeven,4,0.002496021603176422,0.6491477910884484,0.6441557478820956,-4.425211790437533e-05,-0.008864530228436395,1.6849805613634878,0.3943283650477519,True
USDJPY,買い,1,2024-12-04 05:00:00,2024-12-04 09:00:00,151.0777926501845,2024-12-05 01:00:00,149.93220734981549,時間切れ,time,4,0.6774591842731502,149.7228742816382,149.7228742816382,-1.1455853003690208,-0.8455013430795287,0.08296787632421788,1.9053437906659993,False
USDCHF,売り,-1,2024-12-04 09:00:00,2024-12-04 13:00:00,0.8828636570334297,2024-12-05 05:00:00,0.8850063429665702,時間切れ,time,4,0.0024177560657083113,0.8876991691648464,0.8876991691648464,-0.002142685933140487,-0.4431145812290126,-0.0,1.015959799009191,False
SP500,買い,1,2024-12-03 21:00:00,2024-12-04 01:00:00,6072.669430651931,2024-12-05 17:00:00,6081.3803295916605,トレイル,trail,11,13.896020054217782,6044.8773905434955,6081.529760243591,8.710898939729304,0.3134314323720817,2.4770091877941325,0.2827738184458592,True
GBPUSD,買い,1,2024-12-05 05:00:00,2024-12-05 09:00:00,1.2752162429853746,2024-12-06 01:00:00,1.2744437570146254,時間切れ,time,4,0.0035957477469911814,1.2680247474913922,1.2680247474913922,-0.0007724859707491927,-0.10741659664468771,0.5266657029014323,0.5662919450004541,False
EURUSD,買い,1,2024-12-06 05:00:00,2024-12-06 09:00:00,1.0604663224968554,2024-12-08 21:00:00,1.0538659368685768,初期損切り,initial,4,0.003287031565711604,1.053892259365432,1.053892259365432,-0.006600385628278582,-1.004003992101864,0.08325977334672074,2.0000000000000218,False
AUDUSD,売り,-1,2024-12-06 09:00:00,2024-12-06 13:00:00,0.6378757478820957,2024-12-09 01:00:00,0.6431741940730481,初期損切り,initial,4,0.0026270970365240274,0.6431299419551437,0.6431299419551437,-0.005298446190952433,-1.0084222465499273,0.1658666870837054,2.000000000000001,False
AUDUSD,買い,1,2024-12-09 05:00:00,2024-12-09 09:00:00,0.6464342521179044,2024-12-09 21:00:00,0.6409681338968499,初期損切り,initial,4,0.0027109330515750324,0.6410123860147543,0.6410123860147543,-0.005466118221054472,-1.0081617873002613,0.2603339398904074,2.000000000000012,False
USDJPY,買い,1,2024-12-09 05:00:00,2024-12-09 09:00:00,150.87879265018452,2024-12-10 01:00:00,150.93620734981548,時間切れ,time,4,0.6162779138386535,149.6462368225072,150.87879265018452,0.05741469963095369,0.046581824808008064,1.0891309500849917,0.2917395644841832,True
SP500,売り,-1,2024-12-09 09:00:00,2024-12-09 13:00:00,6072.010569348069,2024-12-10 05:00:00,6060.069430651931,時間切れ,time,4,13.397623045741375,6098.805815439552,6072.010569348069,11.941138696138296,0.44564392711190504,1.0651568042590536,0.8262234736817283,True
EURUSD,売り,-1,2024-12-10 01:00:00,2024-12-10 05:00:00,1.0530936775031448,2024-12-10 13:00:00,1.05312,建値,breakeven,3,0.0030850761536685605,1.059263829810482,1.0530936775031448,-2.632249685530219e-05,-0.004266101636421727,1.0546506280811245,0.22894815611452765,True
USDCHF,買い,1,2024-12-10 01:00:00,2024-12-10 05:00:00,0.8805463429665702,2024-12-10 21:00:00,0.8829636570334297,時間切れ,time,4,0.0022333661047187125,0.8760796107571328,0.8805463429665702,0.0024173140668595217,0.5411817752924967,1.2374402152834325,0.48193754006389544,True
AUDUSD,売り,-1,2024-12-10 21:00:00,2024-12-11 01:00:00,0.6371057478820956,2024-12-11 05:00:00,0.63715,建値,breakeven,2,0.0025570457753357296,0.6422198394327671,0.6371057478820956,-4.425211790437533e-05,-0.008652977262122968,1.2106736265560976,0.14636113342761337,True
USDCHF,買い,1,2024-12-12 01:00:00,2024-12-12 05:00:00,0.8866663429665702,2024-12-16 01:00:00,0.8898664099067679,トレイル,trail,12,0.002376035494359959,0.8819142719778503,0.8899627528733381,0.003200066940197699,0.6734047003493338,3.334822670889523,0.47404298851756926,True
GBPUSD,売り,-1,2024-12-12 09:00:00,2024-12-12 13:00:00,1.2702437570146254,2024-12-16 09:00:00,1.2673254383202563,トレイル,trail,12,0.0034571512366656427,1.2771580594879568,1.2672591953348817,0.002918318694369093,0.4220698625241163,2.720088411201596,0.04230158745253967,True
SP500,買い,1,2024-12-15 17:00:00,2024-12-15 21:00:00,6131.809430651931,2024-12-17 05:00:00,6131.66,建値,breakeven,9,18.077016118601684,6095.655398414728,6131.809430651931,-0.1494306519307429,-0.0041331669715383825,1.7608309435159109,0.2892861641335519,True
USDCHF,買い,1,2024-12-16 21:00:00,2024-12-17 01:00:00,0.8947063429665703,2024-12-17 09:00:00,0.89461,建値,breakeven,3,0.0022635766759259816,0.8901791896147183,0.8947063429665703,-9.634296657023977e-05,-0.021281136087609644,1.229760433138859,0.09557571822997664,True
USDJPY,買い,1,2024-12-12 21:00:00,2024-12-13 01:00:00,152.89679265018452,2024-12-17 09:00:00,153.48359145775223,トレイル,trail,15,0.5807821253373832,151.73522839950977,153.48538410793674,0.5867988075677033,0.5051798100938669,2.7242700503159734,0.3836079666795758,True
AUDUSD,売り,-1,2024-12-17 17:00:00,2024-12-17 21:00:00,0.6328557478820956,2024-12-18 13:00:00,0.6303542521179044,時間切れ,time,4,0.0021156643895621726,0.63708707666122,0.6328557478820956,0.0025014957641912305,0.5911844469596863,1.4018045096034544,0.12962931136780304,True
EURUSD,売り,-1,2024-12-18 13:00:00,2024-12-18 17:00:00,1.0352036775031448,2024-12-19 01:00:00,1.0417075503017,初期損切り,initial,3,0.0032387751508498653,1.0416812278048446,1.0416812278048446,-0.0065038727985551326,-1.0040636499339102,0.13698928838220456,2.0000000000000306,False
GBPUSD,売り,-1,2024-12-18 13:00:00,2024-12-18 17:00:00,1.2576637570146254,2024-12-19 01:00:00,1.265270561272245,初期損切り,initial,3,0.0037702806361225314,1.2652043182868704,1.2652043182868704,-0.007606804257619615,-1.0087848878860486,0.35110304573687756,1.999999999999985,False
USDCHF,買い,1,2024-12-18 13:00:00,2024-12-18 17:00:00,0.9016063429665703,2024-12-19 01:00:00,0.8963313985989833,初期損切り,initial,3,0.00258930070050839,0.8964277415655535,0.8964277415655535,-0.00527494436758702,-1.0186040513856354,0.22927311351407292,2.0,False
SP500,売り,-1,2024-12-18 13:00:00,2024-12-18 17:00:00,5945.0705693480695,2024-12-19 09:00:00,5979.739430651931,時間切れ,time,4,27.2459720599732,5999.562513468016,5999.562513468016,-34.66886130386138,-0.6362199378966749,0.32410549818637724,1.7440901189846325,False
USDJPY,買い,1,2024-12-18 13:00:00,2024-12-18 17:00:00,154.7967926501845,2024-12-20 01:00:00,156.67040775465986,トレイル,trail,9,0.5094441879353515,153.77790427431378,156.67220040484438,1.8736151044753626,1.8388816173059614,6.148283607885579,0.7062454704658361,True
SP500,売り,-1,2024-12-20 01:00:00,2024-12-20 05:00:00,5885.930569348069,2024-12-20 09:00:00,5945.707623927416,初期損切り,initial,2,29.813811963707828,5945.558193275485,5945.558193275485,-59.77705457934644,-1.0025060641710744,0.6638053990599994,2.0000000000000013,False
SP500,買い,1,2024-12-24 09:00:00,2024-12-24 13:00:00,6098.569430651931,2024-12-26 05:00:00,6076.310569348069,時間切れ,time,4,32.40310488233355,6033.763220887264,6033.763220887264,-22.258861303861522,-0.3434680316082494,0.19845534467825598,0.7446641530048803,False
EURUSD,買い,1,2024-12-26 09:00:00,2024-12-26 13:00:00,1.0412263224968552,2024-12-27 05:00:00,1.0416636775031447,時間切れ,time,4,0.0022404087769670425,1.036745504942921,1.036745504942921,0.0004373550062894971,0.09760607322775428,0.7916758412033365,0.3241919529696208,False
GBPUSD,売り,-1,2024-12-26 09:00:00,2024-12-26 13:00:00,1.2515437570146253,2024-12-27 05:00:00,1.2509562429853747,時間切れ,time,4,0.003072219410503907,1.2576881958356332,1.2576881958356332,0.0005875140292506131,0.09561719896077488,0.32672048460909187,0.6823220301934687,False
USDJPY,買い,1,2024-12-25 17:00:00,2024-12-25 21:00:00,157.42479265018451,2024-12-27 09:00:00,157.423,建値,breakeven,10,0.4369091660543686,156.5509743180758,157.42479265018451,-0.0017926501845124676,-0.0020515135911447,1.5110860588659247,0.26273802223281195,True
AUDUSD,売り,-1,2024-12-26 21:00:00,2024-12-27 01:00:00,0.6204957478820956,2024-12-29 17:00:00,0.6218442521179044,時間切れ,time,4,0.0017740209002549885,0.6240437896826055,0.6240437896826055,-0.0013485042358087895,-0.3800699968120338,0.22871651739686666,1.180511524753375,False
SP500,売り,-1,2024-12-27 09:00:00,2024-12-27 13:00:00,5996.03056934807,2024-12-30 05:00:00,6012.12943065193,時間切れ,time,4,27.83446062143567,6051.6994905909405,6051.6994905909405,-16.098861303860758,-0.2891893887008326,0.07869990289599567,1.3935757972639833,False
USDCHF,買い,1,2024-12-27 09:00:00,2024-12-27 13:00:00,0.9027063429665703,2024-12-30 05:00:00,0.9017936570334297,時間切れ,time,4,0.0017142780889724957,0.8992777867886252,0.8992777867886252,-0.0009126859331405335,-0.2662012479222608,0.7604699854800706,0.907870768798718,False
GBPUSD,買い,1,2024-12-27 13:00:00,2024-12-29 17:00:00,1.2581162429853745,2024-12-30 09:00:00,1.2553937570146254,時間切れ,time,4,0.0030275610474427123,1.252061120890489,1.252061120890489,-0.002722485970749089,-0.4496170230900363,0.86001800585487,0.9136869387691107,False
EURUSD,売り,-1,2024-12-30 05:00:00,2024-12-30 09:00:00,1.0387736775031446,2024-12-31 01:00:00,1.0404263224968553,時間切れ,time,4,0.0023072635816879026,1.0433882046665204,1.0433882046665204,-0.0016526449937106502,-0.35813961760312635,0.6907219078882966,1.1729576621997733,False
USDJPY,売り,-1,2024-12-30 09:00:00,2024-12-30 13:00:00,157.1482073498155,2024-12-31 05:00:00,156.850251608372,トレイル,trail,5,0.3856335176602395,157.91947438513597,156.84845895818748,0.2979557414435021,0.3863198189453212,2.917815226857058,0.012427991772024628,True
AUDUSD,売り,-1,2024-12-31 05:00:00,2024-12-31 09:00:00,0.6200157478820956,2025-01-01 17:00:00,0.62006,建値,breakeven,3,0.0019160208294054088,0.6238477895409064,0.6200157478820956,-4.425211790437533e-05,-0.011547921928935376,1.0781447938311952,0.3258065404738434,True
EURUSD,売り,-1,2024-12-31 09:00:00,2024-12-31 13:00:00,1.0348336775031446,2025-01-02 05:00:00,1.0351963224968552,時間切れ,time,4,0.0024558836151677764,1.0397454447334802,1.0397454447334802,-0.00036264499371063685,-0.0738318769405248,0.18880271861453848,1.1060469152850367,False
USDCHF,買い,1,2024-12-31 09:00:00,2024-12-31 13:00:00,0.9078663429665702,2025-01-02 05:00:00,0.9047236570334297,時間切れ,time,4,0.0019850487702979783,0.9038962454259742,0.9038962454259742,-0.0031426859331404877,-0.7915890985058103,0.02703058697227332,1.9930709138074842,False
SP500,売り,-1,2025-01-02 09:00:00,2025-01-02 13:00:00,5898.850569348069,2025-01-03 05:00:00,5938.849430651931,時間切れ,time,4,34.301377867244994,5967.453325082559,5967.453325082559,-39.998861303861304,-0.5830503581906682,0.6959070110960216,1.2497874230547394,False
GBPUSD,売り,-1,2025-01-02 01:00:00,2025-01-02 05:00:00,1.2481837570146255,2025-01-03 09:00:00,1.2417725294672044,トレイル,trail,8,0.0030383339050627524,1.254260424824751,1.2417062864818298,0.006411227547421072,1.0550564466825212,4.246984504607643,0.33118248909307013,True
AUDUSD,買い,1,2025-01-06 05:00:00,2025-01-06 09:00:00,0.6290642521179044,2025-01-06 09:00:00,0.6246654869130187,初期損切り,initial,1,0.002177256543490634,0.6247097390309231,0.6247097390309231,-0.004398765204885691,-1.0101623573107918,0.0,2.0000000000000218,False
SP500,買い,1,2025-01-06 01:00:00,2025-01-06 05:00:00,6017.249430651931,2025-01-06 13:00:00,6017.1,建値,breakeven,3,29.971734142605488,5957.30596236672,6017.249430651931,-0.1494306519307429,-0.002492859626002152,1.6906118647315647,0.3172799614024821,True
USDJPY,買い,1,2025-01-06 17:00:00,2025-01-06 21:00:00,158.3147926501845,2025-01-07 13:00:00,157.6962073498155,時間切れ,time,4,0.5460792859563781,157.22263407827174,157.22263407827174,-0.6185853003690056,-0.5663878087644763,0.20547812872809681,1.7264757598950542,False
GBPUSD,売り,-1,2025-01-08 09:00:00,2025-01-08 13:00:00,1.2345337570146253,2025-01-09 05:00:00,1.232205276562544,トレイル,trail,5,0.004016999686723928,1.2425677563880733,1.2321390335771694,0.0023284804520813385,0.289828308896426,2.654657168599917,0.7907003318601622,True
SP500,売り,-1,2025-01-10 05:00:00,2025-01-10 09:00:00,5902.95056934807,2025-01-10 13:00:00,5903.1,建値,breakeven,2,29.341892628470475,5961.63435460501,5902.95056934807,-0.1494306519307429,-0.002546370369199534,1.9470649038036507,0.6369538219152342,True
AUDUSD,売り,-1,2025-01-10 05:00:00,2025-01-10 09:00:00,0.6153257478820956,2025-01-13 01:00:00,0.6139542521179043,時間切れ,time,4,0.0021479826281493755,0.6196217131383943,0.6153257478820956,0.0013714957641912662,0.319252061496628,1.0408593872203769,0.8585973153299383,True
USDJPY,売り,-1,2025-01-12 17:00:00,2025-01-12 21:00:00,157.4472073498155,2025-01-13 09:00:00,157.449,建値,breakeven,4,0.5306635865110948,158.5085345228377,157.4472073498155,-0.0017926501845124676,-0.0016890646259511042,1.004793551638133,0.41795339989825026,True
EURUSD,売り,-1,2025-01-10 05:00:00,2025-01-10 09:00:00,1.0256336775031447,2025-01-13 13:00:00,1.0241505135969924,トレイル,trail,8,0.0030862282191893454,1.0318061339415234,1.024124191100137,0.0014831639061523294,0.24028746431168166,2.538269028335933,0.7084124509202757,True
GBPUSD,売り,-1,2025-01-10 05:00:00,2025-01-10 09:00:00,1.2230937570146254,2025-01-13 13:00:00,1.2191852204004026,トレイル,trail,8,0.004418100301622572,1.2319299576178706,1.219118977415028,0.003908536614222857,0.4423322635734894,2.9704524837984447,0.7234428299875512,True
USDCHF,買い,1,2025-01-10 01:00:00,2025-01-10 05:00:00,0.9135263429665702,2025-01-13 17:00:00,0.9155730327707527,トレイル,trail,10,0.0020344287445987963,0.9094574854773726,0.915669375737323,0.0020466898041825443,0.503013391256956,3.236120729668575,0.22431012527801744,True
GBPUSD,買い,1,2025-01-15 05:00:00,2025-01-15 09:00:00,1.2298162429853745,2025-01-15 09:00:00,1.2199507804361225,初期損切り,initial,1,0.004899609781938708,1.220017023421497,1.220017023421497,-0.009865462549252024,-1.0067600266473054,0.0,1.9999999999999996,False
AUDUSD,買い,1,2025-01-15 05:00:00,2025-01-15 09:00:00,0.6243342521179044,2025-01-15 21:00:00,0.6196550170476063,初期損切り,initial,4,0.0023174914761968845,0.6196992691655107,0.6196992691655107,-0.0046792350702981045,-1.0095474176191912,0.15782059431599554,1.9999999999999827,False
SP500,買い,1,2025-01-15 05:00:00,2025-01-15 09:00:00,5970.62943065193,2025-01-16 01:00:00,5985.470569348069,時間切れ,time,4,33.3908600908392,5903.8477104702515,5903.8477104702515,14.841138696138842,0.22223354917728694,0.9191308419302856,0.5369562390173184,False
AUDUSD,売り,-1,2025-01-17 05:00:00,2025-01-17 09:00:00,0.6177057478820956,2025-01-17 09:00:00,0.6223111256663362,初期損切り,initial,1,0.0022805628331680704,0.6222668735484318,0.6222668735484318,-0.0046053777842405275,-1.0097020168137427,-0.0,2.000000000000005,False
USDJPY,売り,-1,2025-01-15 01:00:00,2025-01-15 05:00:00,156.86520734981548,2025-01-17 09:00:00,156.14817618881145,トレイル,trail,14,0.5595336254604152,157.9842746007363,156.14638353862694,0.7170311610040301,0.6407400095159761,3.3763964556391666,0.4053244342516818,True
SP500,買い,1,2025-01-17 05:00:00,2025-01-17 09:00:00,6019.149430651931,2025-01-20 01:00:00,6031.930569348069,時間切れ,time,4,29.26635404163814,5960.616722568654,6019.149430651931,12.781138696138441,0.21835891614572697,1.1074344724306329,0.21148622213497498,True
USDCHF,買い,1,2025-01-17 09:00:00,2025-01-17 13:00:00,0.9147563429665703,2025-01-20 05:00:00,0.9137136570334298,時間切れ,time,4,0.00241836723968378,0.9099196084872027,0.9099196084872027,-0.001042685933140497,-0.21557642611732453,0.25374848921208054,1.1066735120511386,False
AUDUSD,買い,1,2025-01-20 05:00:00,2025-01-20 09:00:00,0.6265942521179044,2025-01-20 17:00:00,0.6213358253439923,初期損切り,initial,3,0.002607087328003874,0.6213800774618967,0.6213800774618967,-0.005258426773912084,-1.0084868883042397,0.8077013222675143,1.9999999999999847,False
EURUSD,買い,1,2025-01-20 05:00:00,2025-01-20 09:00:00,1.0398463224968553,2025-01-20 17:00:00,1.03982,建値,breakeven,3,0.0032891890628444958,1.0332679443711663,1.0398463224968553,-2.632249685530219e-05,-0.0040013657397575154,1.1260153893196285,1.360919792486552,True
GBPUSD,買い,1,2025-01-20 05:00:00,2025-01-20 09:00:00,1.2299562429853745,2025-01-21 01:00:00,1.2275937570146254,時間切れ,time,4,0.004876674834015644,1.2202028933173432,1.2202028933173432,-0.002362485970749173,-0.24222303630646316,0.9358337740282654,1.055277040305959,False
EURUSD,買い,1,2025-01-22 01:00:00,2025-01-22 05:00:00,1.0446663224968553,2025-01-22 21:00:00,1.0403336775031446,時間切れ,time,4,0.003768658696979443,1.0371290051028965,1.0371290051028965,-0.004332644993710666,-0.5748258653912139,0.28489645507170036,1.18512257436181,False
USDCHF,売り,-1,2025-01-22 01:00:00,2025-01-22 05:00:00,0.9042336570334297,2025-01-22 21:00:00,0.9065063429665703,時間切れ,time,4,0.0025946676837055823,0.9094229924008409,0.9094229924008409,-0.0022726859331405613,-0.43795318132895117,0.3713990194125594,1.2742837887618512,False
USDJPY,買い,1,2025-01-22 09:00:00,2025-01-22 13:00:00,156.6197926501845,2025-01-23 05:00:00,156.37720734981548,時間切れ,time,4,0.577644321445758,155.464504007293,155.464504007293,-0.24258530036902926,-0.20997808804029638,0.22887327877578148,0.5778515217618216,False
AUDUSD,買い,1,2025-01-23 09:00:00,2025-01-23 13:00:00,0.6297642521179043,2025-01-24 05:00:00,0.6322457478820956,時間切れ,time,4,0.002532694506953024,0.6246988631039982,0.6297642521179043,0.0024814957641913216,0.48989243617397477,1.2973328891721023,0.7439713367449085,True
SP500,買い,1,2025-01-23 13:00:00,2025-01-23 17:00:00,6146.909430651931,2025-01-24 09:00:00,6143.250569348069,時間切れ,time,4,22.61082351735642,6101.687783617218,6101.687783617218,-3.658861303862068,-0.08090951001969188,0.39496877861232876,0.3427310219808015,False
EURUSD,買い,1,2025-01-24 01:00:00,2025-01-24 05:00:00,1.0494663224968552,2025-01-26 21:00:00,1.0462636775031446,時間切れ,time,4,0.003503118349524749,1.0424600857978057,1.0424600857978057,-0.0032026449937105905,-0.45711344496041334,0.7689370538994755,0.9580956627715622,False
SP500,売り,-1,2025-01-26 17:00:00,2025-01-26 21:00:00,6077.37056934807,2025-01-27 09:00:00,6007.769430651931,トレイル,trail,4,22.105829396915258,6121.5822281419005,6000.57646095836,69.60113869613906,1.574271144647744,5.836947668024391,0.36865527665150394,True
USDCHF,売り,-1,2025-01-27 01:00:00,2025-01-27 05:00:00,0.9014136570334298,2025-01-27 09:00:00,0.90151,建値,breakeven,2,0.0025031876492086287,0.9064200323318471,0.9014136570334298,-9.634296657023977e-05,-0.01924405599410379,1.9469802972903667,0.042483018244283084,True
USDJPY,売り,-1,2025-01-27 01:00:00,2025-01-27 05:00:00,154.6002073498155,2025-01-27 09:00:00,154.602,建値,breakeven,2,0.6661681807685381,155.93254371135257,154.6002073498155,-0.0017926501845124676,-0.0013454937028396802,1.328804610262608,0.0026909874056793605,True
GBPUSD,買い,1,2025-01-23 21:00:00,2025-01-24 01:00:00,1.2400162429853747,2025-01-27 17:00:00,1.2436650648061636,トレイル,trail,11,0.004244266691144139,1.2315277096030863,1.2437313077915382,0.00364882182078885,0.42985303308134326,2.8989123233697227,0.550446792198404,True
AUDUSD,売り,-1,2025-01-27 21:00:00,2025-01-28 01:00:00,0.6252657478820957,2025-01-28 17:00:00,0.6252442521179044,時間切れ,time,4,0.002358312312392697,0.629982372506881,0.629982372506881,2.1495764191303834e-05,0.004557446458288354,0.6724079222937086,0.23502066074618103,False
GBPUSD,売り,-1,2025-01-29 05:00:00,2025-01-29 09:00:00,1.2397337570146254,2025-01-30 01:00:00,1.2449062429853746,時間切れ,time,4,0.0038199674594880397,1.2473736919336016,1.2473736919336016,-0.005172485970749152,-0.6770327267974136,0.011454813447889824,1.640391718471447,False
USDCHF,買い,1,2025-01-29 05:00:00,2025-01-29 09:00:00,0.9082463429665703,2025-01-30 01:00:00,0.9063136570334298,時間切れ,time,4,0.002390844815154327,0.9034646533362616,0.9034646533362616,-0.0019326859331404433,-0.40418473020292833,0.5369052082733518,1.0817694859058788,False
EURUSD,買い,1,2025-01-30 05:00:00,2025-01-30 09:00:00,1.0456463224968553,2025-01-30 13:00:00,1.0392754264090913,初期損切り,initial,2,0.003172286795454354,1.0393017489059466,1.0393017489059466,-0.0063708960877639775,-1.0041488204806999,0.3542168711715557,1.9999999999999896,False
GBPUSD,買い,1,2025-01-30 05:00:00,2025-01-30 09:00:00,1.2468162429853746,2025-01-31 01:00:00,1.2419937570146253,時間切れ,time,4,0.0037380281697335397,1.2393401866459075,1.2393401866459075,-0.004822485970749302,-0.6450574677040309,0.2364233158490067,1.6228457116755861,False
AUDUSD,売り,-1,2025-01-30 13:00:00,2025-01-30 17:00:00,0.6209757478820956,2025-01-31 09:00:00,0.6220742521179043,時間切れ,time,4,0.0022244925382573152,0.6254247329586102,0.6254247329586102,-0.001098504235808706,-0.24691119815337362,0.3127670109609097,1.2291576936672397,False
SP500,買い,1,2025-01-30 17:00:00,2025-01-30 21:00:00,6117.869430651931,2025-01-31 13:00:00,6138.630569348069,時間切れ,time,4,28.28842859866416,6061.2925734546025,6117.869430651931,20.761138696138005,0.36695461226712306,1.052393887636274,0.24601686967722844,True
USDCHF,買い,1,2025-01-30 17:00:00,2025-01-30 21:00:00,0.9099063429665702,2025-01-31 13:00:00,0.9078936570334297,時間切れ,time,4,0.00226440508117692,0.9053775328042164,0.9053775328042164,-0.0020126859331405234,-0.44441826020246206,0.7435317326503643,1.2084158392490476,False
AUDUSD,売り,-1,2025-02-02 17:00:00,2025-02-02 21:00:00,0.6115757478820957,2025-02-03 05:00:00,0.6171603269763354,初期損切り,initial,3,0.002770163488167648,0.617116074858431,0.617116074858431,-0.0055845790942397056,-1.007987275497173,1.0092356981951864,2.000000000000012,False
EURUSD,売り,-1,2025-01-31 13:00:00,2025-02-02 17:00:00,1.0242636775031446,2025-02-03 09:00:00,1.0264063224968554,時間切れ,time,4,0.0036460282846683826,1.0315557340724815,1.0315557340724815,-0.0021426449937107517,-0.29383274434822876,0.9033603817596981,1.2386965059614672,False
GBPUSD,売り,-1,2025-02-02 17:00:00,2025-02-02 21:00:00,1.2287637570146255,2025-02-03 09:00:00,1.2377830680582083,初期損切り,initial,4,0.00447653402910409,1.2377168250728336,1.2377168250728336,-0.009019311043582778,-1.0073989145334228,0.8474764158968876,1.9999999999999978,False
SP500,売り,-1,2025-02-02 17:00:00,2025-02-02 21:00:00,5961.470569348069,2025-02-03 09:00:00,6028.4619779056175,初期損切り,initial,4,33.42098895280861,6028.312547253687,6028.312547253687,-66.99140855754831,-1.0022355809419958,0.7567271388581548,2.0000000000000107,False
GBPUSD,買い,1,2025-02-04 09:00:00,2025-02-04 13:00:00,1.2483562429853745,2025-02-05 05:00:00,1.2516737570146255,時間切れ,time,4,0.005001626960754931,1.2383529890638647,1.2383529890638647,0.0033175140292509564,0.331643488736935,0.912454497393521,0.40711612468337105,False
USDCHF,売り,-1,2025-02-04 09:00:00,2025-02-04 13:00:00,0.9053836570334297,2025-02-05 05:00:00,0.9026463429665702,時間切れ,time,4,0.0029313990494907204,0.9112464551324112,0.9053836570334297,0.0027373140668595086,0.46689550290586834,1.1986280182632245,0.19319886409484696,True
AUDUSD,買い,1,2025-02-05 01:00:00,2025-02-05 05:00:00,0.6279542521179043,2025-02-05 21:00:00,0.6283657478820956,時間切れ,time,4,0.002993443075128811,0.6219673659676467,0.6219673659676467,0.0004114957641913053,0.06873285274910368,0.579849971598654,0.1651115807114714,False
USDJPY,売り,-1,2025-02-04 17:00:00,2025-02-04 21:00:00,153.61020734981548,2025-02-07 05:00:00,152.17431448389814,トレイル,trail,15,0.6136320854906192,154.83747152079673,152.17252183371363,1.4358928659173387,1.169994936598935,4.3237754552781595,0.05669952893142811,True
EURUSD,売り,-1,2025-02-07 09:00:00,2025-02-07 13:00:00,1.0321636775031446,2025-02-10 01:00:00,1.03219,建値,breakeven,4,0.0036977555600033233,1.0395591886231512,1.0321636775031446,-2.632249685530219e-05,-0.0035592532318819005,0.9961928103060623,0.4533351298250626,True
AUDUSD,売り,-1,2025-02-09 17:00:00,2025-02-09 21:00:00,0.6254557478820956,2025-02-10 13:00:00,0.6277242521179044,時間切れ,time,4,0.002526620288533941,0.6305089884591635,0.6305089884591635,-0.0022685042358088214,-0.4489206878658269,0.022064210577506717,1.3077755026742433,False
GBPUSD,売り,-1,2025-02-10 17:00:00,2025-02-10 21:00:00,1.2359137570146255,2025-02-11 13:00:00,1.2424362429853746,時間切れ,time,4,0.0039652257473428276,1.243844208509311,1.243844208509311,-0.0065224859707491145,-0.8224608617958202,0.666735561373022,1.688741930988873,False
USDCHF,買い,1,2025-02-11 05:00:00,2025-02-11 09:00:00,0.9134563429665702,2025-02-12 01:00:00,0.9130036570334298,時間切れ,time,4,0.0020074163185903873,0.9094415103293895,0.9094415103293895,-0.0004526859331404065,-0.11275337580654014,0.31067647884209076,0.6009430905778833,False
AUDUSD,買い,1,2025-02-11 09:00:00,2025-02-11 13:00:00,0.6291742521179043,2025-02-12 05:00:00,0.6277857478820956,時間切れ,time,4,0.0021361028433053643,0.6249020464312937,0.6249020464312937,-0.0013885042358087185,-0.3250087513717677,0.8313026161923508,0.6995225546313818,False
SP500,売り,-1,2025-02-12 05:00:00,2025-02-12 09:00:00,6030.970569348069,2025-02-12 09:00:00,6082.210825347745,初期損切り,initial,1,25.545412673872644,6082.061394695815,6082.061394695815,-51.240255999676265,-1.0029248040311327,-0.0,2.0000000000000093,False
EURUSD,買い,1,2025-02-12 09:00:00,2025-02-12 13:00:00,1.0426463224968554,2025-02-13 05:00:00,1.0422736775031447,時間切れ,time,4,0.003389270908450341,1.0358677806799548,1.0358677806799548,-0.00037264499371070237,-0.054974211825558214,0.3994007973129447,1.3443370624329085,False
USDJPY,買い,1,2025-02-11 17:00:00,2025-02-11 21:00:00,153.4767926501845,2025-02-13 05:00:00,153.69328927533772,トレイル,trail,9,0.5741079833606824,152.32857668346315,153.69508192552223,0.2164966251532121,0.1885504394886619,2.304805695384664,0.1947240822712339,True
USDCHF,売り,-1,2025-02-13 01:00:00,2025-02-13 05:00:00,0.9078136570334298,2025-02-17 17:00:00,0.9016000891721397,トレイル,trail,16,0.0022803327017304207,0.9123743224368907,0.9015037462055695,0.006213567861290015,1.3624257233549464,4.645662900589368,0.327295646816765,True
SP500,買い,1,2025-02-13 09:00:00,2025-02-13 13:00:00,6100.289430651931,2025-02-18 13:00:00,6120.668164954273,トレイル,trail,18,26.606298577849394,6047.076833496232,6120.817595606204,20.37873430234231,0.38296823293015786,2.15251923075647,0.45738908838911646,True
GBPUSD,買い,1,2025-02-13 09:00:00,2025-02-13 13:00:00,1.2522462429853747,2025-02-19 09:00:00,1.2573215253046637,トレイル,trail,24,0.0043843423802092845,1.2434775582249562,1.2573877682900383,0.005075282319288998,0.5787963027475437,2.680848345166025,1.0278036235754713,True
AUDUSD,買い,1,2025-02-13 13:00:00,2025-02-13 17:00:00,0.6317042521179044,2025-02-19 17:00:00,0.6334286351634422,トレイル,trail,25,0.0026466335539790677,0.6264109850099462,0.6334728872813465,0.0017243830455377918,0.325769134707991,2.1596294936646214,0.23964485636887345,True
USDJPY,売り,-1,2025-02-19 17:00:00,2025-02-19 21:00:00,150.6372073498155,2025-02-20 17:00:00,150.40193723154204,トレイル,trail,6,0.4810546646850774,151.59931667918565,150.40014458135752,0.235270118273462,0.24453574151233068,2.5781006626916474,0.26149346304927296,True
GBPUSD,買い,1,2025-02-20 09:00:00,2025-02-20 13:00:00,1.2653262429853747,2025-02-21 05:00:00,1.2649137570146254,時間切れ,time,4,0.003223079649513479,1.2588800836863476,1.2588800836863476,-0.00041248597074927673,-0.06398941627327472,0.7923344416917288,0.35253332493543893,False
SP500,売り,-1,2025-02-20 09:00:00,2025-02-20 13:00:00,6112.770569348069,2025-02-21 05:00:00,6137.689430651931,時間切れ,time,4,18.604639701820524,6149.97984875171,6149.97984875171,-24.918861303861377,-0.6696948100914576,0.20159322664560325,1.4517577918634703,False
USDCHF,売り,-1,2025-02-20 09:00:00,2025-02-20 13:00:00,0.8982536570334297,2025-02-21 05:00:00,0.8990563429665702,時間切れ,time,4,0.002122340390440376,0.9024983378143105,0.9024983378143105,-0.000802685933140479,-0.18910395730015891,0.5435777590749027,0.6296553430305181,False
AUDUSD,買い,1,2025-02-20 01:00:00,2025-02-20 05:00:00,0.6376042521179044,2025-02-21 09:00:00,0.63756,建値,breakeven,8,0.0020898793118039006,0.6334244934942966,0.6376042521179044,-4.425211790437533e-05,-0.010587242443722424,1.553079100674976,0.38483184811765986,True
EURUSD,買い,1,2025-02-23 17:00:00,2025-02-23 21:00:00,1.0518463224968553,2025-02-24 05:00:00,1.046245211710026,初期損切り,initial,3,0.0027873941449869225,1.0462715342068813,1.0462715342068813,-0.005601110786829233,-1.004721703405801,0.3564897719728046,2.0000000000000306,False
SP500,売り,-1,2025-02-21 09:00:00,2025-02-21 13:00:00,6068.210569348069,2025-02-24 13:00:00,6041.215780108567,トレイル,trail,7,20.21092502343317,6108.632419394935,6041.066349456636,26.994789239502097,0.6678266632577061,3.648055161383453,0.020257887823355667,True
USDCHF,売り,-1,2025-02-25 05:00:00,2025-02-25 09:00:00,0.8936336570334298,2025-02-25 17:00:00,0.89373,建値,breakeven,3,0.002027139330299467,0.8976879356940287,0.8936336570334298,-9.634296657023977e-05,-0.02376328186479593,1.1808053830597527,0.27938038501110085,True
AUDUSD,売り,-1,2025-02-25 21:00:00,2025-02-26 01:00:00,0.6322857478820956,2025-02-26 17:00:00,0.6305342521179044,時間切れ,time,4,0.002018456440949949,0.6363226607639955,0.6322857478820956,0.0017514957641912021,0.43387009217966904,1.340503479392468,0.819562951344064,True
GBPUSD,売り,-1,2025-02-27 13:00:00,2025-02-27 17:00:00,1.2600837570146255,2025-02-28 09:00:00,1.2603562429853745,時間切れ,time,4,0.003177272338241182,1.2664383016911078,1.2664383016911078,-0.0002724859707490257,-0.042880487056369807,0.8792941609065824,0.30411084808341793,False
SP500,売り,-1,2025-02-27 13:00:00,2025-02-27 17:00:00,5887.550569348069,2025-02-28 09:00:00,5886.829430651931,時間切れ,time,4,33.51570437728249,5954.581978102634,5954.581978102634,0.7211386961380413,0.010758220803302604,0.8554368729753554,0.385175573415106,False
EURUSD,売り,-1,2025-02-27 05:00:00,2025-02-27 09:00:00,1.0423336775031447,2025-03-02 17:00:00,1.041578576233608,トレイル,trail,9,0.0028490392604287183,1.048031756024002,1.0415522537367528,0.0007551012695365955,0.13251857916183457,2.2266023467118172,0.6515608691808495,True
USDJPY,買い,1,2025-02-28 05:00:00,2025-02-28 09:00:00,150.65279265018452,2025-03-03 01:00:00,150.4112073498155,時間切れ,time,4,0.609485356470026,149.43382193724446,149.43382193724446,-0.24158530036902448,-0.19818794480003676,0.6090504814839365,0.6838435833774301,False
GBPUSD,買い,1,2025-03-03 09:00:00,2025-03-03 13:00:00,1.2717262429853746,2025-03-04 05:00:00,1.2724437570146254,時間切れ,time,4,0.003340806602937834,1.265044629779499,1.265044629779499,0.0007175140292507987,0.10738634625240386,0.7045475223126162,1.1453051433776138,False
SP500,売り,-1,2025-03-04 05:00:00,2025-03-04 09:00:00,5820.49056934807,2025-03-04 13:00:00,5820.64,建値,breakeven,2,39.66973028056131,5899.8300299091925,5820.49056934807,-0.1494306519307429,-0.0018834341810986031,1.9266722714654092,0.38062851814572285,True
USDJPY,売り,-1,2025-03-03 17:00:00,2025-03-03 21:00:00,148.9352073498155,2025-03-04 13:00:00,148.74679265018452,時間切れ,time,4,0.6722613579290562,150.27973006567362,148.9352073498155,0.18841469963098234,0.14013500657795191,1.2453599183427062,0.9606273550719839,True
USDCHF,売り,-1,2025-03-04 05:00:00,2025-03-04 09:00:00,0.8889336570334297,2025-03-05 01:00:00,0.8896463429665702,時間切れ,time,4,0.0023425989579144717,0.8936188549492587,0.8936188549492587,-0.0007126859331404445,-0.15211437082148327,0.34733091239573294,1.0229420441233283,False
AUDUSD,買い,1,2025-03-04 13:00:00,2025-03-04 17:00:00,0.6263342521179044,2025-03-05 09:00:00,0.6293957478820956,時間切れ,time,4,0.0024734203510394684,0.6213874114158254,0.6263342521179044,0.0030614957641912355,0.6188789873311719,1.2637350059734158,1.1741846130940992,True
EURUSD,買い,1,2025-03-04 05:00:00,2025-03-04 09:00:00,1.0539463224968553,2025-03-06 13:00:00,1.0771365573247556,トレイル,trail,14,0.003145931624234128,1.047654459248387,1.0771628798216109,0.02319023482790028,3.6857499777265352,10.026815986766417,1.3688544479741294,True
USDJPY,売り,-1,2025-03-06 01:00:00,2025-03-06 05:00:00,147.8852073498155,2025-03-06 21:00:00,147.9067926501845,時間切れ,time,4,0.6932556203129361,149.27171859044137,149.27171859044137,-0.021585300369025617,-0.015568067345261475,0.825391577146111,0.7324753457538429,False
USDCHF,売り,-1,2025-03-06 05:00:00,2025-03-06 09:00:00,0.8847436570334297,2025-03-07 01:00:00,0.8815063429665703,時間切れ,time,4,0.0026805292585987085,0.8901047155506271,0.8847436570334297,0.0032373140668594536,0.6038572525322506,1.2511174883362004,0.8305609645664431,True
SP500,売り,-1,2025-03-06 09:00:00,2025-03-06 13:00:00,5749.050569348069,2025-03-07 05:00:00,5767.989430651931,時間切れ,time,4,46.08151383509849,5841.213597018266,5841.213597018266,-18.938861303861813,-0.2054930462097452,0.6252088299695876,0.5548739293468171,False
GBPUSD,買い,1,2025-03-07 01:00:00,2025-03-07 05:00:00,1.2938962429853746,2025-03-09 21:00:00,1.2937237570146254,時間切れ,time,4,0.003628684966155842,1.286638873053063,1.286638873053063,-0.00017248597074925875,-0.02376700820793311,0.1333146908969405,1.2197925768308915,False
SP500,売り,-1,2025-03-10 09:00:00,2025-03-10 13:00:00,5645.830569348069,2025-03-11 05:00:00,5645.98,建値,breakeven,5,48.106909736749415,5742.044388821568,5645.830569348069,-0.1494306519307429,-0.0015531100703459978,1.8217875525086908,0.03303955004860909,True
AUDUSD,売り,-1,2025-03-10 13:00:00,2025-03-10 17:00:00,0.6277957478820956,2025-03-11 09:00:00,0.6291042521179043,時間切れ,time,4,0.002524321707672987,0.6328443912974415,0.6328443912974415,-0.0013085042358087495,-0.25917937318198975,0.7549544403563446,0.770207740160295,False
EURUSD,買い,1,2025-03-11 01:00:00,2025-03-11 05:00:00,1.0917463224968553,2025-03-11 21:00:00,1.0908736775031447,時間切れ,time,4,0.004135457399762543,1.0834754076973303,1.0834754076973303,-0.0008726449937106473,-0.10550767537355776,0.7239048099773961,0.8768854678719632,False
USDJPY,買い,1,2025-03-12 01:00:00,2025-03-12 05:00:00,148.34279265018452,2025-03-12 09:00:00,148.341,建値,breakeven,2,0.6780862696294137,146.98662011092568,148.34279265018452,-0.0017926501845124676,-0.0013218452170489924,1.2597325562753567,0.29021771859808454,True
USDCHF,買い,1,2025-03-14 05:00:00,2025-03-14 09:00:00,0.8853663429665702,2025-03-17 01:00:00,0.8844636570334298,時間切れ,time,4,0.002491202023243602,0.880383938920083,0.880383938920083,-0.000902685933140468,-0.1811747752125599,0.4189371330354512,0.6367781303038508,False
EURUSD,買い,1,2025-03-17 09:00:00,2025-03-17 13:00:00,1.0921463224968553,2025-03-18 05:00:00,1.0950936775031448,時間切れ,time,4,0.003295048241587652,1.08555622601368,1.0921463224968553,0.0029473550062895093,0.4472400387178226,1.0026188574261794,0.5451581783184546,True
GBPUSD,買い,1,2025-03-17 09:00:00,2025-03-17 13:00:00,1.2991262429853747,2025-03-18 05:00:00,1.2996037570146255,時間切れ,time,4,0.0029581690219136177,1.2932099049415475,1.2932099049415475,0.0004775140292507807,0.0807110793388473,0.4677748311116448,0.8032816812602106,False
AUDUSD,買い,1,2025-03-17 01:00:00,2025-03-17 05:00:00,0.6340942521179044,2025-03-18 09:00:00,0.6349053907412696,トレイル,trail,8,0.002146371339425719,0.6298015094390529,0.634949642859174,0.0008111386233652373,0.18895579913545266,2.3415090342383755,0.11379769819778955,True
SP500,買い,1,2025-03-17 05:00:00,2025-03-17 09:00:00,5694.04943065193,2025-03-18 09:00:00,5693.9,建値,breakeven,7,42.744743564313396,5608.559943523303,5694.04943065193,-0.1494306519307429,-0.00174794184583083,1.5363425738947871,0.23650699030911745,True
USDJPY,買い,1,2025-03-17 13:00:00,2025-03-17 17:00:00,149.22479265018453,2025-03-18 09:00:00,149.84120734981548,時間切れ,time,4,0.585276495638172,148.0542396589082,149.22479265018453,0.6164146996309512,0.5266012766827641,1.2134561273318911,0.1705051389014248,True
USDJPY,売り,-1,2025-03-19 13:00:00,2025-03-19 17:00:00,148.7152073498155,2025-03-20 09:00:00,148.56179265018451,時間切れ,time,4,0.5713502647145139,149.85790787924452,149.85790787924452,0.15341469963098575,0.13425626021862644,0.9402417098448868,0.2814257034865424,False
GBPUSD,売り,-1,2025-03-20 05:00:00,2025-03-20 09:00:00,1.2951037570146253,2025-03-21 01:00:00,1.2940862429853746,時間切れ,time,4,0.00288251123466375,1.3008687794839529,1.3008687794839529,0.0010175140292507656,0.17649784275159303,0.5182137702230485,0.7862043894649209,False
AUDUSD,売り,-1,2025-03-21 13:00:00,2025-03-23 17:00:00,0.6278357478820956,2025-03-24 09:00:00,0.6285842521179044,時間切れ,time,4,0.0020895213332612146,0.6320147905486181,0.6320147905486181,-0.0007485042358087446,-0.17910901982525315,0.2851121319569333,1.2846253709766686,False
SP500,買い,1,2025-03-24 01:00:00,2025-03-24 05:00:00,5776.58943065193,2025-03-24 21:00:00,5814.1105693480695,時間切れ,time,4,35.880690975585125,5704.8280487007605,5776.58943065193,37.52113869613913,0.5228597565424569,1.3609149662501288,0.22601099453321033,True
EURUSD,売り,-1,2025-03-24 09:00:00,2025-03-24 13:00:00,1.0791736775031446,2025-03-25 05:00:00,1.0790763224968554,時間切れ,time,4,0.0031159493234762204,1.0854055761500971,1.0854055761500971,9.735500628926808e-05,0.015622045832994601,0.4761558514338659,0.6952367551467546,False
USDJPY,買い,1,2025-03-24 09:00:00,2025-03-24 13:00:00,150.5777926501845,2025-03-25 05:00:00,150.6252073498155,時間切れ,time,4,0.5201207723250133,149.53755110553448,149.53755110553448,0.04741469963099121,0.04558047106928724,0.7040813774433272,0.3052995739329332,False
AUDUSD,買い,1,2025-03-25 05:00:00,2025-03-25 09:00:00,0.6320242521179044,2025-03-26 01:00:00,0.6309957478820957,時間切れ,time,4,0.002121999044903264,0.6277802540280978,0.6277802540280978,-0.0010285042358086915,-0.24234323721280895,0.25247319662204315,1.9671319494371566,False
GBPUSD,売り,-1,2025-03-26 05:00:00,2025-03-26 09:00:00,1.2892437570146253,2025-03-27 01:00:00,1.2921462429853745,時間切れ,time,4,0.002957254439333131,1.2951582658932916,1.2951582658932916,-0.002902485970749158,-0.4907399803250742,0.7181516025060792,1.1146294825135126,False
EURUSD,売り,-1,2025-03-26 13:00:00,2025-03-26 17:00:00,1.0753736775031446,2025-03-27 09:00:00,1.0787263224968553,時間切れ,time,4,0.0028725191970238513,1.0811187158971922,1.0811187158971922,-0.003352644993710685,-0.583572252046963,0.7219020521405658,1.6035828417188063,False
USDJPY,買い,1,2025-03-27 09:00:00,2025-03-27 13:00:00,151.0137926501845,2025-03-28 05:00:00,150.5342073498155,時間切れ,time,4,0.4719531800387736,150.06988629010698,150.06988629010698,-0.479585300369024,-0.5080856752884082,0.4199724849808032,1.383172479377917,False
EURUSD,買い,1,2025-03-28 09:00:00,2025-03-28 13:00:00,1.0821863224968553,2025-03-31 05:00:00,1.0826936775031446,時間切れ,time,4,0.0029396744862910875,1.0763069735242732,1.0763069735242732,0.0005073550062892895,0.08629441944257686,0.9367287146880495,0.560035644943934,False
USDJPY,売り,-1,2025-03-30 17:00:00,2025-03-30 21:00:00,149.2972073498155,2025-03-31 05:00:00,149.299,建値,breakeven,3,0.4884090142096461,150.2740253782348,149.2972073498155,-0.0017926501845124676,-0.0018351935901647642,1.220713239251524,0.173609920614844,True
USDCHF,売り,-1,2025-03-30 17:00:00,2025-03-30 21:00:00,0.8788836570334297,2025-03-31 09:00:00,0.882762848123462,初期損切り,initial,4,0.0018914240617309887,0.8826665051568917,0.8826665051568917,-0.003879191090032208,-1.0254683675965452,0.3984601066881045,1.9999999999999951,False
SP500,売り,-1,2025-03-28 09:00:00,2025-03-28 13:00:00,5631.99056934807,2025-03-31 13:00:00,5600.5898935832065,トレイル,trail,7,32.68051446843653,5697.351598284943,5600.440462931276,31.40067576486308,0.4804189327434007,3.000276187291027,0.13247743257259834,True
AUDUSD,売り,-1,2025-03-31 01:00:00,2025-03-31 05:00:00,0.6257657478820956,2025-03-31 21:00:00,0.62581,建値,breakeven,5,0.0020239761925172515,0.6298137002671301,0.6257657478820956,-4.425211790437533e-05,-0.010931975896746658,1.9050361838990724,0.11079780421010703,True
SP500,買い,1,2025-04-02 09:00:00,2025-04-02 13:00:00,5722.059430651931,2025-04-02 13:00:00,5641.08910958208,初期損切り,initial,1,40.41044520896013,5641.2385402340105,5641.2385402340105,-80.9703210698508,-1.0018489112302258,0.0,1.9999999999999951,False
EURUSD,買い,1,2025-04-02 09:00:00,2025-04-02 13:00:00,1.0852363224968553,2025-04-02 17:00:00,1.0849136775031447,トレイル,trail,2,0.002872099924822946,1.0794921226472094,1.0858830101428363,-0.00032264499371059685,-0.056168831544133456,2.5220840822908106,1.4471371490013498,True
GBPUSD,買い,1,2025-04-02 13:00:00,2025-04-02 17:00:00,1.3008362429853746,2025-04-03 09:00:00,1.3124266192038259,トレイル,trail,5,0.0033350207937627428,1.2941662013978492,1.3124928621892005,0.01159037621845127,1.7376767545389737,5.968105821663855,1.060336113042618,True
AUDUSD,買い,1,2025-04-03 01:00:00,2025-04-03 05:00:00,0.6336442521179044,2025-04-03 13:00:00,0.6336,建値,breakeven,3,0.0028473603646883457,0.6279495313885277,0.6336442521179044,-4.425211790437533e-05,-0.00777072660931327,1.835295576528684,0.19816673888631964,True
SP500,売り,-1,2025-04-02 17:00:00,2025-04-02 21:00:00,5531.6105693480695,2025-04-03 13:00:00,5494.949430651931,時間切れ,time,4,51.02297680108652,5633.656522950242,5531.6105693480695,36.66113869613855,0.3592610721152383,1.4971797832548748,0.6371527631300049,True
USDCHF,売り,-1,2025-04-02 17:00:00,2025-04-02 21:00:00,0.8781136570334298,2025-04-03 13:00:00,0.8609097681875282,トレイル,trail,5,0.0021021866596836526,0.8823180303527971,0.8608134252209579,0.017203888845901627,4.091903249088869,11.123492257794418,0.25037879683309233,True
AUDUSD,売り,-1,2025-04-04 01:00:00,2025-04-04 05:00:00,0.6205857478820956,2025-04-04 09:00:00,0.6129736522802539,トレイル,trail,2,0.003348631664394454,0.6272830112108846,0.6129294001623495,0.0076120956018417285,1.136597924874824,4.657349462445537,0.052036812456006415,True
USDJPY,売り,-1,2025-04-02 17:00:00,2025-04-02 21:00:00,147.88920734981548,2025-04-04 09:00:00,146.16652326881274,トレイル,trail,10,0.6160893518156768,149.12138605344683,146.16473061862823,1.7226840810027397,1.3980797395100384,5.416758689271942,0.3583776436548319,True
GBPUSD,売り,-1,2025-04-07 01:00:00,2025-04-07 05:00:00,1.2869937570146255,2025-04-08 21:00:00,1.2827886375678381,トレイル,trail,11,0.00564144388292341,1.2982766447804723,1.2827223945824635,0.004205119446787364,0.3726988634519804,2.8563178769537427,0.11987055076832175,True
USDCHF,売り,-1,2025-04-08 17:00:00,2025-04-08 21:00:00,0.8433136570334298,2025-04-09 13:00:00,0.8418863429665703,時間切れ,time,4,0.005289778089974353,0.8538932132133784,0.8433136570334298,0.0014273140668594753,0.1349124710509733,1.39205405372033,0.6344959863120748,True
USDJPY,売り,-1,2025-04-09 05:00:00,2025-04-09 09:00:00,144.3202073498155,2025-04-09 13:00:00,146.3158743750102,初期損切り,initial,2,0.9969371875050989,146.31408172482568,146.31408172482568,-1.995667025194706,-1.0008990788020429,0.11455822016361215,1.9999999999999958,False
AUDUSD,買い,1,2025-04-09 13:00:00,2025-04-09 17:00:00,0.6153742521179044,2025-04-10 09:00:00,0.6180957478820956,時間切れ,time,4,0.006415571862540157,0.6025431083928241,0.6025431083928241,0.0027214957641912285,0.21210079339004473,0.892476618573568,0.5929716320562313,False
SP500,買い,1,2025-04-09 13:00:00,2025-04-09 17:00:00,5495.569430651931,2025-04-10 09:00:00,5385.41056934807,時間切れ,time,4,129.95942786324403,5235.650574925443,5235.650574925443,-110.15886130386116,-0.4238201995617472,0.25493009543664824,1.044860175860592,False
EURUSD,買い,1,2025-04-10 05:00:00,2025-04-10 09:00:00,1.1097263224968552,2025-04-11 09:00:00,1.1305034989826226,トレイル,trail,7,0.006671978827516708,1.0963823648418218,1.130529821479478,0.02077717648576738,1.557047543382312,5.661540373503255,0.0983699909460732,True
USDJPY,売り,-1,2025-04-10 17:00:00,2025-04-10 21:00:00,143.3562073498155,2025-04-11 09:00:00,143.358,建値,breakeven,4,1.1456474642853827,145.64750227838627,143.3562073498155,-0.0017926501845124676,-0.0007823742645084384,1.1279275607016992,0.6928768883363748,True
USDCHF,売り,-1,2025-04-10 09:00:00,2025-04-10 13:00:00,0.8264636570334297,2025-04-14 09:00:00,0.8244537477644771,トレイル,trail,12,0.006997076336083282,0.8404578097055962,0.8243574047979069,0.0020099092689526143,0.14362493507378904,2.3615087559097705,0.336761077540177,True
AUDUSD,買い,1,2025-04-16 09:00:00,2025-04-16 13:00:00,0.6384142521179044,2025-04-17 05:00:00,0.6354157478820956,時間切れ,time,4,0.0044935239484745915,0.6294272042209552,0.6294272042209552,-0.002998504235808719,-0.33364729666419335,0.05246392025477277,1.1314621166379588,False
USDJPY,売り,-1,2025-04-16 13:00:00,2025-04-16 17:00:00,141.8802073498155,2025-04-17 09:00:00,142.3217926501845,時間切れ,time,4,0.9007484789898683,143.68170430779523,143.68170430779523,-0.4415853003690131,-0.24512131336831272,0.2944299724079429,1.3397665145522502,False
USDJPY,売り,-1,2025-04-20 17:00:00,2025-04-20 21:00:00,141.18820734981549,2025-04-21 13:00:00,140.8397926501845,時間切れ,time,4,0.6723533263459778,142.53291400250745,141.18820734981549,0.34841469963097893,0.2591008967892669,1.065224669457399,0.026463244082097253,True
AUDUSD,買い,1,2025-04-20 21:00:00,2025-04-21 01:00:00,0.6418042521179044,2025-04-21 17:00:00,0.6413357478820956,時間切れ,time,4,0.0032084382829938945,0.6353873755519166,0.6353873755519166,-0.00046850423580879763,-0.07301125882521599,0.6033302533372402,0.5062438403486323,False
USDCHF,売り,-1,2025-04-20 17:00:00,2025-04-20 21:00:00,0.8118736570334297,2025-04-21 21:00:00,0.81197,建値,breakeven,7,0.004667158323643277,0.8212079736807163,0.8118736570334297,-9.634296657023977e-05,-0.010321373294985258,1.6891771152249249,0.02492800940154096,True
EURUSD,買い,1,2025-04-20 17:00:00,2025-04-20 21:00:00,1.1466463224968553,2025-04-22 05:00:00,1.1472089745929612,トレイル,trail,9,0.004933886702554682,1.136778549091746,1.1472352970898165,0.0005626520961059533,0.05701915447456685,2.16739421633005,0.029656639010262817,True
SP500,売り,-1,2025-04-21 09:00:00,2025-04-21 13:00:00,5156.170569348069,2025-04-22 05:00:00,5236.789430651931,時間切れ,time,4,65.7702876391283,5287.711144626325,5287.711144626325,-80.6188613038621,-0.612882079414079,0.42953391815884295,1.4862247704961786,False
GBPUSD,買い,1,2025-04-10 01:00:00,2025-04-10 05:00:00,1.2870062429853746,2025-04-22 13:00:00,1.3342163632646988,トレイル,trail,51,0.005824074689190337,1.275358093606994,1.3342826062500734,0.04721012027932425,4.053014667458481,9.514602743243492,0.1504518798498448,True
USDCHF,買い,1,2025-04-23 09:00:00,2025-04-23 13:00:00,0.8295963429665703,2025-04-24 05:00:00,0.8265336570334297,時間切れ,time,4,0.004988321104217486,0.8196197007581353,0.8196197007581353,-0.0030626859331405187,-0.3069856439826121,0.3054448584197007,0.7730743242069552,False
USDJPY,買い,1,2025-04-23 13:00:00,2025-04-23 17:00:00,143.41979265018452,2025-04-24 09:00:00,142.4032073498155,時間切れ,time,4,0.7133437311678357,141.99310518784884,141.99310518784884,-1.0165853003690302,-0.7125494035706664,0.0,1.5837983861369476,False
SP500,買い,1,2025-04-24 09:00:00,2025-04-24 13:00:00,5500.229430651931,2025-04-25 05:00:00,5532.190569348069,時間切れ,time,4,60.685871072614454,5378.857688506701,5378.857688506701,31.961138696138732,0.26333261870703994,0.8600118680939771,0.23315856560747164,False
USDCHF,買い,1,2025-04-24 21:00:00,2025-04-25 01:00:00,0.8317363429665703,2025-04-27 17:00:00,0.8278936570334298,時間切れ,time,4,0.00427648228091876,0.8231833784047328,0.8231833784047328,-0.0038426859331405216,-0.44928117091542796,0.4053932460249313,1.1823603219709844,False
USDJPY,買い,1,2025-04-24 21:00:00,2025-04-25 01:00:00,143.62179265018452,2025-04-27 17:00:00,143.7022073498155,時間切れ,time,4,0.6572768858832829,142.30723887841796,142.30723887841796,0.08041469963097825,0.06117262097457815,0.6241012861181565,0.6036917754247391,False
EURUSD,買い,1,2025-04-28 09:00:00,2025-04-28 13:00:00,1.1411863224968553,2025-04-29 05:00:00,1.1384936775031447,時間切れ,time,4,0.0047051918717680215,1.1317759387533193,1.1317759387533193,-0.00269264499371058,-0.2861355144587114,0.27707212344878973,0.8047116037018359,False
GBPUSD,買い,1,2025-04-28 09:00:00,2025-04-28 13:00:00,1.3413562429853747,2025-04-29 05:00:00,1.3410237570146253,時間切れ,time,4,0.004034243479228723,1.3332877560269172,1.3332877560269172,-0.00033248597074941877,-0.041207970275133746,0.8090133953068189,0.4749943812863498,False
AUDUSD,買い,1,2025-04-28 13:00:00,2025-04-28 17:00:00,0.6431442521179044,2025-04-29 09:00:00,0.6410757478820956,時間切れ,time,4,0.0027966393954387725,0.6375509733270268,0.6375509733270268,-0.0020685042358087324,-0.36981961978766287,0.6456849192072309,1.195810987772936,False
USDJPY,売り,-1,2025-04-28 13:00:00,2025-04-28 17:00:00,142.01320734981547,2025-04-29 09:00:00,142.3107926501845,時間切れ,time,4,0.625636368774533,143.26448008736455,143.26448008736455,-0.2975853003690361,-0.23782608814120904,0.006724912465892797,1.1952512473807473,False
SP500,買い,1,2025-04-29 13:00:00,2025-04-29 17:00:00,5578.319430651931,2025-04-30 09:00:00,5511.730569348069,時間切れ,time,4,47.07160652221138,5484.176217607508,5484.176217607508,-66.58886130386145,-0.7073145174303811,0.09518624238913852,1.6162488657792444,False
EURUSD,売り,-1,2025-04-30 13:00:00,2025-04-30 17:00:00,1.1326536775031446,2025-05-01 09:00:00,1.1315863224968552,時間切れ,time,4,0.004202680572783668,1.141059038648712,1.141059038648712,0.0010673550062894055,0.1269850263188617,0.9264747666905417,0.344142856400224,False
SP500,買い,1,2025-04-30 13:00:00,2025-04-30 17:00:00,5622.109430651931,2025-05-01 09:00:00,5639.430569348069,時間切れ,time,4,50.821275080043485,5520.466880491844,5520.466880491844,17.321138696138405,0.17041227978693588,0.7896411352305382,0.00294031685933479,False
USDJPY,買い,1,2025-05-01 01:00:00,2025-05-01 05:00:00,144.2207926501845,2025-05-02 05:00:00,144.7494842708821,トレイル,trail,7,0.5615284437248828,143.09773576273474,144.75127692106662,0.5286916206976002,0.4707612113026186,3.03672479795331,0.16525013331289734,True
AUDUSD,買い,1,2025-05-02 05:00:00,2025-05-02 09:00:00,0.6446242521179044,2025-05-05 01:00:00,0.6467957478820956,時間切れ,time,4,0.002689054114368732,0.639246143889167,0.6446242521179044,0.002171495764191178,0.40376572427233337,1.2888353059080175,0.4441160598156378,True
AUDUSD,買い,1,2025-05-06 13:00:00,2025-05-06 17:00:00,0.6496142521179044,2025-05-07 09:00:00,0.6468757478820957,時間切れ,time,4,0.0025825658243796333,0.644449120469145,0.644449120469145,-0.002738504235808681,-0.5301905976523379,0.7263117417525019,1.2484685143229,False
EURUSD,買い,1,2025-05-06 13:00:00,2025-05-06 17:00:00,1.1368863224968553,2025-05-07 09:00:00,1.1358936775031447,時間切れ,time,4,0.003909749862667565,1.1290668227715202,1.1290668227715202,-0.0009926449937105453,-0.12694482109825797,0.23624976931759328,1.1116625486341856,False
USDCHF,売り,-1,2025-05-07 09:00:00,2025-05-07 13:00:00,0.8201836570334298,2025-05-08 01:00:00,0.8272144099300852,初期損切り,initial,4,0.0034672049650426298,0.827118066963515,0.827118066963515,-0.0070307528966554456,-1.0138934628240246,0.4682898905025801,1.9999999999999845,False
AUDUSD,売り,-1,2025-05-07 13:00:00,2025-05-07 17:00:00,0.6423457478820956,2025-05-08 09:00:00,0.6418342521179043,時間切れ,time,4,0.002641040108412992,0.6476278280989216,0.6476278280989216,0.0005114957641912943,0.09683604625350681,0.7935312589232111,1.5502423097862836,False
SP500,買い,1,2025-05-07 21:00:00,2025-05-08 01:00:00,5697.909430651931,2025-05-08 13:00:00,5697.76,建値,breakeven,4,40.068539615621845,5617.772351420687,5697.909430651931,-0.1494306519307429,-0.001864688024123584,1.0704300620766105,1.11956739831968,True
EURUSD,売り,-1,2025-05-08 09:00:00,2025-05-08 13:00:00,1.1225936775031446,2025-05-09 05:00:00,1.1256663224968553,時間切れ,time,4,0.004192518176125128,1.1309787138553948,1.1309787138553948,-0.003072644993710627,-0.3664438488553523,0.7021263544921026,0.7933948899250061,False
USDCHF,買い,1,2025-05-08 09:00:00,2025-05-08 13:00:00,0.8309463429665702,2025-05-09 05:00:00,0.8301536570334298,時間切れ,time,4,0.003704220304968828,0.8235379023566326,0.8235379023566326,-0.0007926859331404135,-0.10699767668746746,0.8594675184840586,0.27977357750024584,False
GBPUSD,売り,-1,2025-05-08 13:00:00,2025-05-08 17:00:00,1.3248337570146254,2025-05-09 09:00:00,1.3285862429853745,時間切れ,time,4,0.004755921839679837,1.3343456006939851,1.3343456006939851,-0.0037524859707491753,-0.3945066905264562,0.7598436510194142,0.8108297645266112,False
GBPUSD,売り,-1,2025-05-12 01:00:00,2025-05-12 05:00:00,1.3193337570146253,2025-05-12 09:00:00,1.3196762429853746,建値,breakeven,2,0.0046607966029456206,1.3286553502205165,1.3193337570146253,-0.00034248597074926224,-0.036741141045804414,1.1379507553007773,0.23735062471415647,True
USDJPY,買い,1,2025-05-12 01:00:00,2025-05-12 05:00:00,147.75979265018452,2025-05-12 21:00:00,147.8142073498155,時間切れ,time,4,0.6984642114010489,146.36286422738243,147.75979265018452,0.05441469963096779,0.038953105071638086,1.2788162016544633,0.1342841174301355,True
AUDUSD,売り,-1,2025-05-12 09:00:00,2025-05-12 13:00:00,0.6363757478820956,2025-05-13 05:00:00,0.6406142521179043,時間切れ,time,4,0.0027963176227936,0.6419683831276828,0.6419683831276828,-0.004238504235808738,-0.7578724607783204,0.2595369982936772,1.9862736881640561,False
EURUSD,売り,-1,2025-05-12 01:00:00,2025-05-12 05:00:00,1.1137136775031447,2025-05-13 09:00:00,1.11374,建値,breakeven,8,0.004235774843013244,1.1221852271891712,1.1137136775031447,-2.632249685530219e-05,-0.0031071643124185636,1.693592735453654,0.11009142698519023,True
AUDUSD,買い,1,2025-05-13 09:00:00,2025-05-13 13:00:00,0.6473742521179043,2025-05-14 05:00:00,0.6489957478820956,時間切れ,time,4,0.002910105442658596,0.6415540412325872,0.6415540412325872,0.0016214957641912386,0.2785974247568642,0.9400854834992927,0.3141646019083985,False
GBPUSD,買い,1,2025-05-14 01:00:00,2025-05-14 05:00:00,1.3347862429853745,2025-05-14 13:00:00,1.3262359332489193,初期損切り,initial,3,0.004242033375540254,1.326302176234294,1.326302176234294,-0.008550309736455208,-1.0078079283577375,0.29084094946997946,2.0000000000000213,False
SP500,買い,1,2025-05-11 17:00:00,2025-05-11 21:00:00,5751.50943065193,2025-05-18 21:00:00,5917.179292710211,トレイル,trail,31,40.80197701375684,5669.905476624417,5917.328723362141,165.66986205828016,2.0301695430398228,5.532834089680397,0.029641471821879137,True
EURUSD,売り,-1,2025-05-16 09:00:00,2025-05-16 13:00:00,1.1144836775031446,2025-05-19 01:00:00,1.1218856978980614,初期損切り,initial,4,0.003687848949030748,1.121859375401206,1.121859375401206,-0.007402020394916775,-1.003568814398187,0.14471240837693597,1.9999999999999936,False
AUDUSD,買い,1,2025-05-19 05:00:00,2025-05-19 09:00:00,0.6440042521179044,2025-05-19 21:00:00,0.64396,建値,breakeven,4,0.002460090741962299,0.6390840706339798,0.6440042521179044,-4.425211790437533e-05,-0.008994001145884051,1.018559128472212,0.17651873993802122,True
GBPUSD,買い,1,2025-05-19 01:00:00,2025-05-19 05:00:00,1.3368062429853746,2025-05-19 21:00:00,1.3355337570146253,時間切れ,time,4,0.0038398344557863057,1.329126574073802,1.329126574073802,-0.0012724859707493597,-0.1656954206491677,0.9333102913394881,0.5980057244171867,False
USDJPY,売り,-1,2025-05-20 01:00:00,2025-05-20 05:00:00,144.48520734981548,2025-05-20 21:00:00,144.1777926501845,時間切れ,time,4,0.5930380357729681,145.6712834213614,145.6712834213614,0.3074146996309821,0.2591863262449065,0.5955897067463901,0.8275905095106012,False
GBPUSD,買い,1,2025-05-20 17:00:00,2025-05-20 21:00:00,1.3409762429853747,2025-05-21 05:00:00,1.3398337570146255,建値,breakeven,3,0.0035832920985356285,1.3338096587883035,1.3409762429853747,-0.0011424859707491741,-0.1594184815711884,1.6615327053740347,0.5208179891718301,True
EURUSD,買い,1,2025-05-20 17:00:00,2025-05-20 21:00:00,1.1295663224968553,2025-05-22 01:00:00,1.12954,建値,breakeven,8,0.0035709175675578547,1.1224244873617395,1.1295663224968553,-2.632249685530219e-05,-0.0036856769103891843,1.8800987074412194,0.2510062133605123,True
USDCHF,売り,-1,2025-05-20 01:00:00,2025-05-20 05:00:00,0.8317936570334298,2025-05-22 05:00:00,0.8275253730186853,トレイル,trail,13,0.003131809315620535,0.8380572756646708,0.8274290300521151,0.004268284014744439,0.6814405962482303,3.45603960606561,0.959938062504464,True
SP500,売り,-1,2025-05-21 13:00:00,2025-05-21 17:00:00,5862.45056934807,2025-05-22 09:00:00,5859.58943065193,時間切れ,time,4,32.48273589622954,5927.416041140528,5862.45056934807,2.861138696139278,0.04404091307578847,1.0316424532442103,0.4220528312555583,True
GBPUSD,買い,1,2025-05-23 01:00:00,2025-05-23 05:00:00,1.3488662429853746,2025-05-23 09:00:00,1.3488,建値,breakeven,2,0.003587180564463449,1.3416918818564476,1.3488662429853746,-6.624298537460938e-05,-0.009233293973385145,1.2499390354207331,0.41989605995760987,True
SP500,売り,-1,2025-05-23 05:00:00,2025-05-23 09:00:00,5774.630569348069,2025-05-23 13:00:00,5843.188753519264,初期損切り,initial,2,34.20437675963201,5843.039322867333,5843.039322867333,-68.55818417119463,-1.0021843791071054,0.323659437675651,1.9999999999999958,False
USDJPY,売り,-1,2025-05-23 05:00:00,2025-05-23 09:00:00,142.60920734981548,2025-05-26 01:00:00,142.56879265018452,時間切れ,time,4,0.5906859318173344,143.79057921345014,143.79057921345014,0.040414699630957784,0.03420997306184004,0.6436709075594518,0.8054917589126975,False
USDCHF,売り,-1,2025-05-23 09:00:00,2025-05-23 13:00:00,0.8207936570334298,2025-05-26 05:00:00,0.8217063429665702,時間切れ,time,4,0.00317231294210997,0.8271382829176497,0.8271382829176497,-0.0009126859331404225,-0.14385181250960954,0.4802984640021989,0.6387588499457639,False
AUDUSD,買い,1,2025-05-23 09:00:00,2025-05-23 13:00:00,0.6488142521179043,2025-05-26 09:00:00,0.6490055410126244,トレイル,trail,6,0.0024780410521364196,0.6438581700136315,0.6490497931305288,0.00019128889472008748,0.038596796964919036,1.9796878981751294,0.04207037563580488,True
EURUSD,買い,1,2025-05-23 13:00:00,2025-05-25 17:00:00,1.1366763224968552,2025-05-26 09:00:00,1.1375136775031447,時間切れ,time,4,0.003728485560313937,1.1292193513762274,1.1366763224968552,0.000837355006289453,0.11229157157027425,1.3956544604953809,0.10897789203752126,True
SP500,買い,1,2025-05-27 01:00:00,2025-05-27 05:00:00,5901.029430651931,2025-05-27 21:00:00,5935.810569348069,時間切れ,time,4,32.693735326257574,5835.641959999416,5901.029430651931,34.78113869613844,0.531923598650479,1.243374883365543,0.9955861674144529,True
USDJPY,買い,1,2025-05-27 21:00:00,2025-05-28 01:00:00,144.4287926501845,2025-05-28 17:00:00,144.8032073498155,時間切れ,time,4,0.5338037215441181,143.36118520709627,144.4287926501845,0.3744146996309894,0.3507044673161243,1.219937822710901,0.8126444846238263,True
EURUSD,売り,-1,2025-05-28 17:00:00,2025-05-28 21:00:00,1.1234536775031447,2025-05-29 05:00:00,1.1305531793097554,初期損切り,initial,3,0.0035365896548777372,1.1305268568129,1.1305268568129,-0.007099501806610675,-1.0037214519387196,0.30359120167191594,1.9999999999999714,False
USDCHF,買い,1,2025-05-28 17:00:00,2025-05-28 21:00:00,0.8338863429665703,2025-05-29 05:00:00,0.8276960582917643,初期損切り,initial,3,0.003046970854117851,0.8277924012583345,0.8277924012583345,-0.006190284674805979,-1.015809630479411,0.2932935942665668,2.0000000000000124,False
AUDUSD,買い,1,2025-06-02 01:00:00,2025-06-02 05:00:00,0.6478142521179043,2025-06-02 21:00:00,0.6492657478820957,時間切れ,time,4,0.0024166929657314005,0.6429808661864416,0.6429808661864416,0.0014514957641913462,0.3003062004097111,0.920989101080123,0.2748599542115589,False
EURUSD,買い,1,2025-06-02 01:00:00,2025-06-02 05:00:00,1.1420463224968553,2025-06-02 21:00:00,1.1443036775031448,時間切れ,time,4,0.0037551448243391197,1.134536032848177,1.134536032848177,0.00225735500628943,0.3005683018745767,0.9117298169045172,0.42776579120038094,False
GBPUSD,買い,1,2025-06-02 01:00:00,2025-06-02 05:00:00,1.3543562429853746,2025-06-02 21:00:00,1.3546637570146254,時間切れ,time,4,0.0036794942436356197,1.3469972544981033,1.3469972544981033,0.0003075140292507772,0.0417875404728083,0.4331456741322776,0.7083155490411721,False
USDCHF,売り,-1,2025-06-02 01:00:00,2025-06-02 05:00:00,0.8176236570334298,2025-06-02 21:00:00,0.8171063429665703,時間切れ,time,4,0.0030591625020811005,0.823741982037592,0.823741982037592,0.0005173140668595089,0.08455158340029145,0.6288181919467005,0.5022103159034822,False
USDJPY,売り,-1,2025-06-02 01:00:00,2025-06-02 05:00:00,142.93120734981548,2025-06-02 21:00:00,142.71079265018452,時間切れ,time,4,0.5784583494705416,144.08812404875655,142.93120734981548,0.2204146996309646,0.19051907525641945,0.9563477652657978,0.24857909012139015,True
SP500,買い,1,2025-06-02 13:00:00,2025-06-02 17:00:00,5947.08943065193,2025-06-03 09:00:00,5940.03056934807,時間切れ,time,4,35.40072031406047,5876.2879900238095,5876.2879900238095,-7.058861303860795,-0.09969940217653075,0.01046784768168999,1.0595668765822375,False
AUDUSD,買い,1,2025-06-04 09:00:00,2025-06-04 13:00:00,0.6503842521179044,2025-06-05 05:00:00,0.6504457478820956,時間切れ,time,4,0.002210243731234803,0.6459637646554348,0.6459637646554348,6.149576419123282e-05,0.01391153457923774,0.24239312367434784,0.7982160939865173,False
USDJPY,買い,1,2025-06-06 05:00:00,2025-06-06 09:00:00,144.6257926501845,2025-06-09 01:00:00,144.3812073498155,時間切れ,time,4,0.5537382696911812,143.51831611080215,143.51831611080215,-0.24458530036901038,-0.22084919334310696,0.8419272702165017,0.5016677831196658,False
SP500,買い,1,2025-06-09 21:00:00,2025-06-10 01:00:00,6031.00943065193,2025-06-10 17:00:00,6041.150569348069,時間切れ,time,4,25.511164376374644,5979.987101899181,5979.987101899181,10.141138696139024,0.19875883645535442,0.7138274474423546,1.5494953530438709,False
GBPUSD,売り,-1,2025-06-10 01:00:00,2025-06-10 05:00:00,1.3487437570146255,2025-06-10 21:00:00,1.3492962429853745,時間切れ,time,4,0.0034501013435029996,1.3556439597016314,1.3556439597016314,-0.0005524859707490837,-0.08006807854927049,0.22427080760472504,1.4278545743739515,False
GBPUSD,買い,1,2025-06-11 17:00:00,2025-06-11 21:00:00,1.3583662429853747,2025-06-12 13:00:00,1.3590937570146253,時間切れ,time,4,0.0035329659439889234,1.351300311097397,1.3583662429853747,0.0007275140292506421,0.102960804149337,1.1219346796618304,1.7113787908603917,True
EURUSD,買い,1,2025-06-11 05:00:00,2025-06-11 09:00:00,1.1461063224968553,2025-06-12 17:00:00,1.1561269598364772,トレイル,trail,9,0.003204038067718645,1.139698246361418,1.1561532823333325,0.010020637339621885,1.563751292561394,5.347526196948205,0.25165821373321784,True
USDJPY,売り,-1,2025-06-11 21:00:00,2025-06-12 01:00:00,143.9452073498155,2025-06-12 17:00:00,143.48679265018453,時間切れ,time,4,0.5165898190706202,144.97838698795672,143.9452073498155,0.45841469963096415,0.4436931223844897,1.4657806287738482,0.3770741175947702,True
SP500,売り,-1,2025-06-12 17:00:00,2025-06-12 21:00:00,5959.290569348069,2025-06-13 01:00:00,5959.44,建値,breakeven,2,30.599518326115906,6020.4896060003,5959.290569348069,-0.1494306519307429,-0.002441715754120346,1.0336950082339407,0.23168438719770973,True
USDCHF,売り,-1,2025-06-11 17:00:00,2025-06-11 21:00:00,0.8175336570334297,2025-06-13 01:00:00,0.8112548437310826,トレイル,trail,8,0.002352856316037413,0.8222393696655046,0.8111585007645123,0.0062788133023471415,1.3342959490449608,5.063486857325071,0.17270198940775902,True
AUDUSD,売り,-1,2025-06-12 17:00:00,2025-06-12 21:00:00,0.6477057478820957,2025-06-13 13:00:00,0.6513142521179044,時間切れ,time,4,0.002357735807231635,0.652421219496559,0.652421219496559,-0.0036085042358087183,-0.7652477908552631,0.863433416013648,1.7958976170769496,False
SP500,買い,1,2025-06-16 01:00:00,2025-06-16 05:00:00,6065.9294306519305,2025-06-16 17:00:00,6065.78,建値,breakeven,4,33.72553909426186,5998.478352463407,6065.9294306519305,-0.1494306519307429,-0.0022153930810874327,1.2501080925713934,0.3673604925128829,True
AUDUSD,買い,1,2025-06-16 09:00:00,2025-06-16 13:00:00,0.6546042521179044,2025-06-17 05:00:00,0.6533557478820956,時間切れ,time,4,0.002598760756560855,0.6494067306047827,0.6494067306047827,-0.0012485042358088005,-0.24021146091590298,0.013755741849396572,1.6562710157285017,False
GBPUSD,売り,-1,2025-06-17 09:00:00,2025-06-17 13:00:00,1.3471437570146254,2025-06-18 01:00:00,1.34721,建値,breakeven,4,0.004075246448528231,1.3552942499116818,1.3471437570146254,-6.624298537460938e-05,-0.008127482130379246,1.3701642551315856,0.08005478674605274,True
USDCHF,買い,1,2025-06-17 09:00:00,2025-06-17 13:00:00,0.8152863429665702,2025-06-18 05:00:00,0.8171136570334298,時間切れ,time,4,0.002597314263591844,0.8100917144393865,0.8100917144393865,0.0018273140668595422,0.3517699210438511,0.8060853716386451,0.449057313902905,False
EURUSD,売り,-1,2025-06-17 13:00:00,2025-06-17 17:00:00,1.1482536775031447,2025-06-18 09:00:00,1.1506463224968553,時間切れ,time,4,0.0036662667871488613,1.1555862110774424,1.1555862110774424,-0.002392644993710613,-0.32630535809578887,0.21102596948387217,1.120028283606917,False
GBPUSD,売り,-1,2025-06-18 17:00:00,2025-06-18 21:00:00,1.3414837570146254,2025-06-19 13:00:00,1.3426162429853745,時間切れ,time,4,0.004004304873909396,1.349492366762444,1.349492366762444,-0.0011324859707491086,-0.1414085598386849,0.8000781947198927,0.8681264526146514,False
SP500,売り,-1,2025-06-19 01:00:00,2025-06-19 05:00:00,6008.440569348069,2025-06-19 17:00:00,6008.59,建値,breakeven,3,30.58048690030696,6069.601543148683,6008.440569348069,-0.1494306519307429,-0.0024432353287553925,1.2256367751846733,0.2033790590779646,True
AUDUSD,売り,-1,2025-06-19 05:00:00,2025-06-19 09:00:00,0.6461857478820956,2025-06-20 01:00:00,0.6492842521179044,時間切れ,time,4,0.0026045797226032204,0.651394907327302,0.651394907327302,-0.003098504235808819,-0.5948184670484825,0.6280275730860506,1.2955073283500569,False
USDJPY,買い,1,2025-06-19 05:00:00,2025-06-19 09:00:00,145.54579265018452,2025-06-20 01:00:00,145.34820734981548,時間切れ,time,4,0.49302482835836114,144.5597429934678,144.5597429934678,-0.19758530036904176,-0.20038067963731884,0.43244749057645865,0.8534918040246552,False
GBPUSD,買い,1,2025-06-19 17:00:00,2025-06-19 21:00:00,1.3488662429853746,2025-06-20 13:00:00,1.3469837570146255,時間切れ,time,4,0.003996172123994713,1.3408738987373852,1.3408738987373852,-0.001882485970749137,-0.2355361471351412,0.5714861481848639,0.8799027860340518,False
EURUSD,買い,1,2025-06-20 09:00:00,2025-06-20 13:00:00,1.1536263224968553,2025-06-23 05:00:00,1.1481536775031447,時間切れ,time,4,0.003350211261425639,1.146925899974004,1.146925899974004,-0.005472644993710585,-0.816761178126685,0.23093394498817466,1.9092295971011144,False
AUDUSD,売り,-1,2025-06-22 17:00:00,2025-06-22 21:00:00,0.6436457478820956,2025-06-23 09:00:00,0.6426311618742129,トレイル,trail,4,0.0025421955132284477,0.6487301389085525,0.6425869097563085,0.001014586007882734,0.1995491697242172,2.511902742675371,0.2573571208429641,True
USDJPY,買い,1,2025-06-20 09:00:00,2025-06-20 13:00:00,145.84379265018453,2025-06-23 09:00:00,147.06043320446017,トレイル,trail,6,0.4524783603436423,144.93883592949723,147.06222585464468,1.2166405542756422,1.3444184969991095,4.8360486193275944,0.14098497469818422,True
USDCHF,売り,-1,2025-06-23 09:00:00,2025-06-23 13:00:00,0.8130336570334298,2025-06-24 05:00:00,0.8114563429665702,時間切れ,time,4,0.002676872018974432,0.8183874010713786,0.8183874010713786,0.0015773140668595698,0.2946188789899401,0.9464991286361462,0.18915471601972672,False
AUDUSD,買い,1,2025-06-24 01:00:00,2025-06-24 05:00:00,0.6503242521179043,2025-06-24 21:00:00,0.6497857478820956,時間切れ,time,4,0.0028634685594821374,0.64459731499894,0.64459731499894,-0.0005385042358087011,-0.09403005910881913,0.5712470202192361,0.5707246592572724,False
USDCHF,売り,-1,2025-06-26 01:00:00,2025-06-26 05:00:00,0.7994236570334298,2025-06-26 21:00:00,0.8012763429665702,時間切れ,time,4,0.0026383708023003335,0.8047003986380304,0.8047003986380304,-0.0018526859331404744,-0.3511041608566091,0.6002405090478645,1.0371335841741662,False
USDJPY,売り,-1,2025-06-26 01:00:00,2025-06-26 05:00:00,143.9282073498155,2025-06-26 21:00:00,144.65179265018452,時間切れ,time,4,0.5304736709099889,144.98915469163546,144.98915469163546,-0.7235853003690238,-0.6820181095206536,0.051288784547613216,1.6585038964804384,False
AUDUSD,買い,1,2025-06-25 17:00:00,2025-06-25 21:00:00,0.6520142521179044,2025-06-27 13:00:00,0.65197,建値,breakeven,11,0.002434120206734242,0.647146011704436,0.6520142521179044,-4.425211790437533e-05,-0.009089961494495492,1.8058877576934529,0.4166811955705268,True
GBPUSD,買い,1,2025-06-23 13:00:00,2025-06-23 17:00:00,1.3517862429853746,2025-06-27 13:00:00,1.3690303169887315,トレイル,trail,24,0.004334759811025245,1.343116723363324,1.369096559974106,0.017244074003356813,1.9890460781122605,5.832793076635388,0.09371753063257568,True
SP500,買い,1,2025-06-23 13:00:00,2025-06-23 17:00:00,6075.979430651931,2025-06-27 13:00:00,6192.062032274896,トレイル,trail,24,36.056824048293585,6003.865782555344,6192.211462926827,116.08260162296574,1.6097175040636924,4.517329899325325,0.011632490187391304,True
AUDUSD,買い,1,2025-06-30 09:00:00,2025-06-30 13:00:00,0.6572842521179044,2025-07-01 05:00:00,0.6586657478820956,時間切れ,time,4,0.002324975728071821,0.6526343006617608,0.6526343006617608,0.0013814957641912207,0.29709896484316,0.7508671428339552,0.8018372387270059,False
USDCHF,売り,-1,2025-06-30 09:00:00,2025-06-30 13:00:00,0.7941036570334298,2025-07-01 09:00:00,0.7925233913275374,トレイル,trail,6,0.0026487474117744833,0.7994011518569788,0.7924270483609671,0.0015802657058924252,0.29830434168008363,2.5988348314489365,0.04014839848355023,True
USDJPY,売り,-1,2025-06-30 17:00:00,2025-06-30 21:00:00,143.56720734981548,2025-07-01 09:00:00,143.569,建値,breakeven,4,0.48876438310482656,144.54473611602512,143.56720734981548,-0.0017926501845124676,-0.001833859264790161,1.809066659478428,0.7565867378376986,True
GBPUSD,買い,1,2025-07-01 01:00:00,2025-07-01 05:00:00,1.3774562429853745,2025-07-01 21:00:00,1.3747737570146255,時間切れ,time,4,0.003730409738791051,1.3699954235077925,1.3699954235077925,-0.002682485970749049,-0.3595430741635351,0.3843430387060105,1.9049497194583058,False
EURUSD,買い,1,2025-06-25 13:00:00,2025-06-25 17:00:00,1.1658263224968552,2025-07-02 05:00:00,1.175948787750602,トレイル,trail,28,0.0035216869031523177,1.1587829486905505,1.1759751102474574,0.010122465253746826,1.437161441678141,4.870869550552646,0.10117949342296549,True
GBPUSD,売り,-1,2025-07-02 05:00:00,2025-07-02 09:00:00,1.3607537570146253,2025-07-02 13:00:00,1.3631362429853746,建値,breakeven,2,0.004045409778902874,1.368844576572431,1.3607537570146253,-0.002382485970749304,-0.2944678167307244,1.1058847580673703,0.6071679062487616,True
SP500,買い,1,2025-07-02 09:00:00,2025-07-02 13:00:00,6268.00943065193,2025-07-03 05:00:00,6274.49056934807,時間切れ,time,4,21.750733680680195,6224.50796329057,6224.50796329057,6.481138696139169,0.1489866684795087,0.7737931784351377,0.22203529880096887,False
EURUSD,売り,-1,2025-07-03 05:00:00,2025-07-03 09:00:00,1.1738136775031447,2025-07-04 01:00:00,1.1780363224968553,時間切れ,time,4,0.0035377237272142467,1.1808891249575733,1.1808891249575733,-0.004222644993710611,-0.5968025373529805,0.12258659425791249,1.4660055156255192,False
USDCHF,買い,1,2025-07-03 05:00:00,2025-07-03 09:00:00,0.7975863429665703,2025-07-04 01:00:00,0.7930336570334298,時間切れ,time,4,0.0025928890307328582,0.7924005649051046,0.7924005649051046,-0.00455268593314051,-0.8779176199171416,0.024550620051682688,1.7765291580057747,False
USDJPY,買い,1,2025-07-03 05:00:00,2025-07-03 09:00:00,145.00979265018452,2025-07-04 01:00:00,144.37720734981548,時間切れ,time,4,0.5227351928063573,143.96432226457182,143.96432226457182,-0.632585300369044,-0.6050724239293563,0.3925646343300602,1.306192235726242,False
AUDUSD,売り,-1,2025-07-06 21:00:00,2025-07-07 01:00:00,0.6503857478820956,2025-07-07 17:00:00,0.6493042521179043,時間切れ,time,4,0.0020676559098912373,0.654521059701878,0.654521059701878,0.0010814957641912537,0.2615270169029581,0.8830037306311715,0.7371884802556876,False
EURUSD,売り,-1,2025-07-07 09:00:00,2025-07-07 13:00:00,1.1694136775031447,2025-07-08 01:00:00,1.175690603657783,初期損切り,initial,4,0.003125301828891442,1.1756642811609277,1.1756642811609277,-0.006276926154638263,-1.0042111927577753,0.24115350913547873,2.0000000000000244,False
SP500,売り,-1,2025-07-07 09:00:00,2025-07-07 13:00:00,6265.95056934807,2025-07-08 05:00:00,6283.239430651931,時間切れ,time,4,20.587428408764413,6307.125426165599,6307.125426165599,-17.288861303861268,-0.4198888020540999,0.9486648337174087,1.1234735195039571,False
USDJPY,買い,1,2025-07-07 01:00:00,2025-07-07 05:00:00,145.3407926501845,2025-07-09 09:00:00,146.3201121225898,トレイル,trail,14,0.4533472596487821,144.43409813088695,146.3219047727743,0.9793194724052796,1.0800985906079807,4.065773665960744,0.14071475855825363,True
AUDUSD,買い,1,2025-07-10 09:00:00,2025-07-10 13:00:00,0.6573842521179044,2025-07-11 05:00:00,0.6571757478820957,時間切れ,time,4,0.0021670313955587652,0.6530501893267869,0.6530501893267869,-0.00020850423580875965,-0.0481082637372213,0.9994077088749905,0.7910601209644306,False
SP500,買い,1,2025-07-10 09:00:00,2025-07-10 13:00:00,6322.00943065193,2025-07-11 05:00:00,6290.650569348069,時間切れ,time,4,19.50800451255582,6282.993421626818,6282.993421626818,-31.358861303860976,-0.8037434398704814,0.6915402003001757,1.9278973729847377,False
EURUSD,売り,-1,2025-07-10 17:00:00,2025-07-10 21:00:00,1.1674736775031447,2025-07-11 13:00:00,1.1691863224968553,時間切れ,time,4,0.002979523558996354,1.1734327246211373,1.1734327246211373,-0.0017126449937105992,-0.2874024923446989,0.20596497761923643,1.317768569072127,False
GBPUSD,売り,-1,2025-07-11 05:00:00,2025-07-11 09:00:00,1.3503637570146254,2025-07-14 01:00:00,1.3476662429853745,時間切れ,time,4,0.003474981735546067,1.3573137204857175,1.3573137204857175,0.0026975140292508915,0.3881335550137787,0.9161938844334854,0.4737414785622836,False
USDJPY,買い,1,2025-07-11 09:00:00,2025-07-11 13:00:00,147.3707926501845,2025-07-14 05:00:00,147.31720734981548,時間切れ,time,4,0.4453016641579371,146.48018932186864,146.48018932186864,-0.053585300369036304,-0.06016741535242834,0.46082771822451435,1.165036405524202,False
EURUSD,売り,-1,2025-07-15 09:00:00,2025-07-15 13:00:00,1.1595736775031447,2025-07-16 05:00:00,1.1625663224968552,時間切れ,time,4,0.002939216932358943,1.1654521113678626,1.1654521113678626,-0.002992644993710547,-0.5090888257963192,0.09651465328115735,1.107887771401046,False
USDCHF,買い,1,2025-07-15 09:00:00,2025-07-15 13:00:00,0.8019863429665702,2025-07-16 05:00:00,0.8011436570334297,時間切れ,time,4,0.002054765491342026,0.7978768119838862,0.7978768119838862,-0.000842685933140519,-0.20505647400914268,0.23051634623295172,0.7720311506371197,False
AUDUSD,売り,-1,2025-07-16 21:00:00,2025-07-17 01:00:00,0.6490057478820956,2025-07-17 13:00:00,0.64905,建値,breakeven,4,0.0024227058711124515,0.6538511596243205,0.6490057478820956,-4.425211790437533e-05,-0.009132787936006397,1.4676762559141996,0.2246463858422946,True
SP500,買い,1,2025-07-17 17:00:00,2025-07-17 21:00:00,6347.269430651931,2025-07-18 13:00:00,6325.230569348069,時間切れ,time,4,21.24987015909809,6304.769690333735,6304.769690333735,-22.038861303861268,-0.5185646109565843,0.45602957926405985,1.1025681793118733,False
GBPUSD,買い,1,2025-07-21 09:00:00,2025-07-21 13:00:00,1.3495462429853746,2025-07-22 05:00:00,1.3489637570146253,時間切れ,time,4,0.0033516290803696142,1.3428429848246355,1.3428429848246355,-0.0005824859707492802,-0.08689594772895398,0.02200631778063155,1.010327486775824,False
SP500,買い,1,2025-07-21 09:00:00,2025-07-21 13:00:00,6371.08943065193,2025-07-22 05:00:00,6337.170569348069,時間切れ,time,4,18.995014148302136,6333.099402355326,6333.099402355326,-33.91886130386138,-0.8928359052286677,0.13954026711300763,1.8725666837741877,False
USDCHF,売り,-1,2025-07-21 09:00:00,2025-07-21 13:00:00,0.7974836570334297,2025-07-22 05:00:00,0.7971463429665703,時間切れ,time,4,0.002263285218134824,0.8020102274696994,0.8020102274696994,0.0003373140668594399,0.07451868287670363,0.4125229228506885,0.7583414378435016,False
USDJPY,売り,-1,2025-07-22 05:00:00,2025-07-22 09:00:00,146.80120734981548,2025-07-22 17:00:00,146.803,建値,breakeven,3,0.4778048793634147,147.75681710854232,146.80120734981548,-0.0017926501845124676,-0.0018759228525468778,1.0343288048333357,0.1962990631436969,True
EURUSD,買い,1,2025-07-22 09:00:00,2025-07-22 13:00:00,1.1755463224968552,2025-07-23 05:00:00,1.1732436775031447,時間切れ,time,4,0.0031482418969800835,1.1692498387028951,1.1692498387028951,-0.0023026449937104676,-0.3657033145895261,0.029755497261718337,0.8977462943893653,False
GBPUSD,買い,1,2025-07-22 09:00:00,2025-07-22 13:00:00,1.3530362429853746,2025-07-23 05:00:00,1.3541037570146255,時間切れ,time,4,0.003190057424550119,1.3466561281362743,1.3466561281362743,0.0010675140292508711,0.1673189361789339,0.571700371469813,0.4690332449377963,False
EURUSD,買い,1,2025-07-23 13:00:00,2025-07-23 17:00:00,1.1769963224968554,2025-07-24 09:00:00,1.1735936775031448,時間切れ,time,4,0.0029963430820517433,1.1710036363327518,1.1710036363327518,-0.0034026449937105685,-0.5677996311725109,0.34164228698528437,1.2669852526553218,False
AUDUSD,買い,1,2025-07-22 09:00:00,2025-07-22 13:00:00,0.6552842521179044,2025-07-24 13:00:00,0.658688973452095,トレイル,trail,13,0.002045178705311798,0.6511938947072808,0.6587332255699994,0.0034047213341905636,0.8323774654380377,3.5281747572251785,0.45191753439632076,True
SP500,買い,1,2025-07-23 09:00:00,2025-07-23 13:00:00,6375.50943065193,2025-07-28 09:00:00,6425.987909129795,トレイル,trail,18,18.465176669107546,6338.579077313715,6426.137339781726,50.47847847786488,1.3668560930239015,4.451111994264056,0.19330606556841204,True
AUDUSD,売り,-1,2025-07-29 05:00:00,2025-07-29 09:00:00,0.6497757478820956,2025-07-30 01:00:00,0.6511942521179044,時間切れ,time,4,0.0019685267738984253,0.6537128014298924,0.6537128014298924,-0.001418504235808804,-0.36029589605216056,0.048639359832493276,1.5667818994386526,False
GBPUSD,売り,-1,2025-07-28 09:00:00,2025-07-28 13:00:00,1.3378237570146254,2025-07-30 01:00:00,1.3369167424261907,トレイル,trail,10,0.003134876338664835,1.344093509691955,1.3368504994408161,0.0009070145884346736,0.14466513036698878,2.2564708302459153,0.06897974976154281,True
USDCHF,買い,1,2025-07-29 05:00:00,2025-07-29 09:00:00,0.8075863429665703,2025-07-30 01:00:00,0.8054136570334297,時間切れ,time,4,0.0022432070869306325,0.803099928792709,0.803099928792709,-0.0021726859331405723,-0.4842811762228886,0.15765688129740066,1.678999227718992,False
AUDUSD,売り,-1,2025-07-30 05:00:00,2025-07-30 09:00:00,0.6466657478820956,2025-07-30 21:00:00,0.64671,建値,breakeven,4,0.0020293923234396697,0.650724532528975,0.6466657478820956,-4.425211790437533e-05,-0.010902800161718181,1.988648441941134,0.24354685498494694,True
GBPUSD,売り,-1,2025-07-30 09:00:00,2025-07-30 13:00:00,1.3281437570146253,2025-07-31 01:00:00,1.32821,建値,breakeven,4,0.003330729104034865,1.334805215222695,1.3281437570146253,-6.624298537460938e-05,-0.009944216912501564,1.5953735199263772,0.9476132362584381,True
SP500,買い,1,2025-07-30 17:00:00,2025-07-30 21:00:00,6447.729430651931,2025-07-31 09:00:00,6447.58,建値,breakeven,4,18.158156793720607,6411.41311706449,6447.729430651931,-0.1494306519307429,-0.004114697698348394,1.1372613191230263,0.1150684331932249,True
USDJPY,買い,1,2025-07-30 13:00:00,2025-07-30 17:00:00,149.49179265018452,2025-07-31 09:00:00,150.18720734981548,時間切れ,time,4,0.489225909946172,148.51334083029218,149.49179265018452,0.6954146996309589,0.710729629699573,1.5661626545899656,1.8392170812938138,True
AUDUSD,売り,-1,2025-07-31 13:00:00,2025-07-31 17:00:00,0.6427757478820956,2025-08-01 05:00:00,0.6470570338221725,初期損切り,initial,4,0.0021185169110862863,0.6470127817042681,0.6470127817042681,-0.004281285940076929,-1.0104441266606803,0.3000910112015782,1.999999999999991,False
EURUSD,売り,-1,2025-07-28 01:00:00,2025-07-28 05:00:00,1.1678736775031446,2025-08-01 05:00:00,1.1470945394879324,トレイル,trail,25,0.0031015765827371563,1.174076830668619,1.147068216991077,0.02077913801521225,3.3497702637531783,8.954696671921072,0.1858159814795691,True
USDCHF,買い,1,2025-08-01 01:00:00,2025-08-01 05:00:00,0.8171063429665703,2025-08-01 05:00:00,0.8119291863755,初期損切り,initial,1,0.0025404068122499594,0.8120255293420703,0.8120255293420703,-0.005177156591070209,-1.0189621138838314,0.0,2.00000000000002,False
SP500,売り,-1,2025-07-31 17:00:00,2025-07-31 21:00:00,6356.690569348069,2025-08-04 01:00:00,6293.949344066889,トレイル,trail,8,22.25653693822997,6401.2036432245295,6293.799913414959,62.74122528118005,1.409501070523907,5.247023365412972,0.6968483324685578,True
USDJPY,売り,-1,2025-08-01 13:00:00,2025-08-03 17:00:00,147.1232073498155,2025-08-04 09:00:00,147.1957926501845,時間切れ,time,4,0.6006715422482315,148.32455043431196,148.32455043431196,-0.07258530036901334,-0.06042012586224451,0.19512718943999946,1.6095196495674544,False
AUDUSD,買い,1,2025-08-05 21:00:00,2025-08-06 01:00:00,0.6493842521179044,2025-08-06 17:00:00,0.6502857478820956,時間切れ,time,4,0.0021396858197834986,0.6451048804783374,0.6451048804783374,0.0009014957641911847,0.21066077922655052,0.7037238215879387,0.4506512633719159,False
GBPUSD,買い,1,2025-08-06 09:00:00,2025-08-06 13:00:00,1.3348162429853747,2025-08-07 05:00:00,1.3368337570146254,時間切れ,time,4,0.0037757196756541844,1.3272648036340664,1.3272648036340664,0.0020175140292506555,0.26716946735473673,0.8405700865691021,0.0599204932594924,False
EURUSD,買い,1,2025-08-06 05:00:00,2025-08-06 09:00:00,1.1623763224968553,2025-08-07 09:00:00,1.1631331055798078,トレイル,trail,7,0.003531659031944656,1.155313004432966,1.163159428076663,0.0007567830829524613,0.10714271622871671,2.12468911502279,0.18017665100158892,True
SP500,買い,1,2025-08-06 17:00:00,2025-08-06 21:00:00,6385.989430651931,2025-08-07 09:00:00,6385.84,建値,breakeven,4,25.78282066927303,6334.423789313385,6385.989430651931,-0.1494306519307429,-0.0028978724602624372,1.581307564096667,0.21640109604378485,True
USDCHF,買い,1,2025-08-11 05:00:00,2025-08-11 09:00:00,0.8115563429665702,2025-08-12 01:00:00,0.8108636570334298,時間切れ,time,4,0.002335527187855028,0.8068852885908602,0.8068852885908602,-0.0006926859331404245,-0.14829327116003183,0.7123261258019328,0.33240587847031444,False
EURUSD,売り,-1,2025-08-11 09:00:00,2025-08-11 13:00:00,1.1607336775031447,2025-08-12 05:00:00,1.1614963224968553,時間切れ,time,4,0.003260514607338033,1.1672547067178207,1.1672547067178207,-0.0007626449937105928,-0.11695162965904261,0.274090936790604,0.6644112226885478,False
USDJPY,買い,1,2025-08-11 09:00:00,2025-08-11 13:00:00,147.99279265018453,2025-08-12 05:00:00,148.4212073498155,時間切れ,time,4,0.43997846973661864,147.1128357107113,147.99279265018453,0.428414699630963,0.48685870911754164,1.077796716051488,0.047258335611205904,True
GBPUSD,買い,1,2025-08-12 05:00:00,2025-08-12 09:00:00,1.3486362429853747,2025-08-13 01:00:00,1.3504437570146255,時間切れ,time,4,0.0033129146988140528,1.3420104135877466,1.3486362429853747,0.001807514029250834,0.2727981541296373,1.1209938535256354,0.6901001665370806,True
EURUSD,買い,1,2025-08-12 09:00:00,2025-08-12 13:00:00,1.1680063224968553,2025-08-13 05:00:00,1.1713736775031447,時間切れ,time,4,0.0033409291424310607,1.161324464211993,1.1680063224968553,0.0033673550062893742,0.5039548674532924,1.2133383649660652,0.4688284097266573,True
AUDUSD,買い,1,2025-08-13 01:00:00,2025-08-13 05:00:00,0.6551342521179043,2025-08-13 21:00:00,0.6552757478820956,時間切れ,time,4,0.0019853952829200867,0.6511634615520642,0.6511634615520642,0.00014149576419131282,0.03563415441966881,0.5770880448605186,0.6367760258022438,False
USDCHF,売り,-1,2025-08-13 01:00:00,2025-08-13 05:00:00,0.8033236570334298,2025-08-13 21:00:00,0.8050263429665703,時間切れ,time,4,0.002306270164100788,0.8079361973616314,0.8079361973616314,-0.0017026859331404909,-0.3691427742604401,0.46987428025473615,1.0910876816339237,False
USDJPY,売り,-1,2025-08-13 01:00:00,2025-08-13 05:00:00,147.2682073498155,2025-08-13 21:00:00,146.69479265018452,時間切れ,time,4,0.4439858440756064,148.15617903796672,147.2682073498155,0.5734146996309732,0.6457578628715541,1.4599730114483334,0.6729778756946766,True
SP500,買い,1,2025-08-12 05:00:00,2025-08-12 09:00:00,6431.979430651931,2025-08-14 05:00:00,6459.7597349741845,トレイル,trail,12,23.89057981737744,6384.198271017176,6459.909165626115,27.78030432225387,0.5814070762327656,2.9455362693576745,0.9832088978788717,True
SP500,買い,1,2025-08-14 21:00:00,2025-08-15 01:00:00,6503.999430651931,2025-08-17 17:00:00,6472.24056934807,時間切れ,time,4,21.352500117553525,6461.294430416824,6461.294430416824,-31.758861303861522,-0.7436801575697711,0.21545811135658105,1.9814743200563032,False
GBPUSD,売り,-1,2025-08-18 09:00:00,2025-08-18 13:00:00,1.3508837570146255,2025-08-19 05:00:00,1.3520562429853746,時間切れ,time,4,0.0026707349086944636,1.3562252268320145,1.3562252268320145,-0.0011724859707491486,-0.2195062428195645,0.8064286004627556,0.5227935505051554,False
SP500,売り,-1,2025-08-19 09:00:00,2025-08-19 13:00:00,6431.210569348069,2025-08-20 05:00:00,6419.709430651931,時間切れ,time,4,19.713895555246445,6470.638360458562,6431.210569348069,11.501138696137787,0.29170131960745316,1.1159929952156968,0.30736850740385074,True
USDCHF,売り,-1,2025-08-20 09:00:00,2025-08-20 13:00:00,0.8038736570334297,2025-08-21 05:00:00,0.8053563429665702,時間切れ,time,4,0.0018915122472461074,0.8076566815279219,0.8076566815279219,-0.001482685933140493,-0.39193135949798014,0.3931547546215564,1.3884884807878035,False
EURUSD,売り,-1,2025-08-21 09:00:00,2025-08-21 13:00:00,1.1611036775031447,2025-08-22 05:00:00,1.1599663224968553,時間切れ,time,4,0.002605053730881243,1.1663137849649072,1.1611036775031447,0.00113735500628942,0.2182978018470032,1.0762455568224123,0.2980063281046854,True
USDJPY,買い,1,2025-08-21 09:00:00,2025-08-21 13:00:00,148.28879265018452,2025-08-22 05:00:00,148.63820734981547,時間切れ,time,4,0.4039950993695397,147.48080245144544,148.28879265018452,0.3494146996309553,0.4324491809136291,1.2084486930097595,0.2965200577221149,True
AUDUSD,売り,-1,2025-08-19 09:00:00,2025-08-19 13:00:00,0.6456757478820956,2025-08-22 09:00:00,0.6446905920338362,トレイル,trail,18,0.0016892380561224832,0.6490542239943405,0.6446463399159318,0.0009851558482594225,0.2915976953895925,2.489730720221621,0.6004198841177779,True
USDCHF,買い,1,2025-08-21 21:00:00,2025-08-22 01:00:00,0.8104663429665703,2025-08-22 09:00:00,0.8067627683779354,初期損切り,initial,3,0.0018036158110323192,0.8068591113445056,0.8068591113445056,-0.003703574588634906,-1.0267082839873545,0.0,2.0000000000000155,False
EURUSD,買い,1,2025-08-22 09:00:00,2025-08-22 13:00:00,1.1722163224968554,2025-08-25 05:00:00,1.1703736775031448,時間切れ,time,4,0.0030011510611194585,1.1662140203746165,1.1662140203746165,-0.0018426449937105627,-0.30698971097830013,0.6809645571064332,0.9584064374894962,False
USDJPY,売り,-1,2025-08-22 09:00:00,2025-08-22 13:00:00,146.7072073498155,2025-08-25 05:00:00,147.28879265018452,時間切れ,time,4,0.46070128832066304,147.62860992645682,147.62860992645682,-0.5815853003690279,-0.6311956522728732,0.2782873698548169,1.7794451002574445,False
USDJPY,買い,1,2025-08-26 21:00:00,2025-08-27 01:00:00,147.9457926501845,2025-08-27 17:00:00,147.40020734981547,時間切れ,time,4,0.45172257018796114,147.04234750980856,147.04234750980856,-0.5455853003690265,-0.6038942222236198,0.5273310778258852,1.4406910195204978,False
EURUSD,売り,-1,2025-08-27 01:00:00,2025-08-27 05:00:00,1.1588636775031447,2025-08-27 21:00:00,1.1645863224968553,時間切れ,time,4,0.0031720622149103844,1.1652078019329655,1.1652078019329655,-0.005722644993710668,-0.902038580266677,0.4614277413175013,1.9124222937180728,False
AUDUSD,買い,1,2025-08-27 09:00:00,2025-08-27 13:00:00,0.6509442521179044,2025-08-28 05:00:00,0.6518557478820957,時間切れ,time,4,0.0018546967845620977,0.6472348585487803,0.6472348585487803,0.0009114957641912502,0.24572635585995758,0.6878471417616775,0.3689293708815133,False
GBPUSD,買い,1,2025-08-27 09:00:00,2025-08-27 13:00:00,1.3497062429853746,2025-08-28 05:00:00,1.3498337570146255,時間切れ,time,4,0.0032093731195844883,1.3432874967462056,1.3432874967462056,0.00012751402925093025,0.019865877929992642,0.6648516501881913,0.43505162327633373,False
USDCHF,売り,-1,2025-08-27 09:00:00,2025-08-27 13:00:00,0.8018536570334298,2025-08-28 05:00:00,0.8012963429665703,時間切れ,time,4,0.002265493458263125,0.806384643949956,0.806384643949956,0.0005573140668595489,0.12300059062779688,0.37239438072649067,0.5589700389340317,False
SP500,買い,1,2025-08-28 01:00:00,2025-08-28 05:00:00,6499.269430651931,2025-08-28 21:00:00,6513.980569348069,時間切れ,time,4,20.277023821134634,6458.715383009661,6499.269430651931,14.711138696138732,0.36275389391231544,1.1624274625303754,0.9044439072372767,True
EURUSD,買い,1,2025-08-28 05:00:00,2025-08-28 09:00:00,1.1669863224968553,2025-08-29 01:00:00,1.1664636775031447,時間切れ,time,4,0.003061961713045413,1.1608623990707645,1.1608623990707645,-0.0005226449937105748,-0.08534479570463906,0.8993180716181809,0.45275631336242284,False
USDJPY,売り,-1,2025-08-28 09:00:00,2025-08-28 13:00:00,146.84820734981548,2025-08-29 05:00:00,146.95679265018452,時間切れ,time,4,0.42828979576463455,147.70478694134476,147.70478694134476,-0.10858530036904313,-0.1267661539486174,0.43476952207800307,0.8190544198193028,False
USDCHF,売り,-1,2025-08-29 09:00:00,2025-08-29 13:00:00,0.7991836570334298,2025-09-01 05:00:00,0.7988763429665703,時間切れ,time,4,0.0022765901137074686,0.8037368372608447,0.8037368372608447,0.0003073140668594654,0.06749437788759409,0.23880321282094066,0.8856855498184613,False
GBPUSD,買い,1,2025-09-01 01:00:00,2025-09-01 05:00:00,1.3536362429853745,2025-09-01 21:00:00,1.3537137570146254,時間切れ,time,4,0.0029078365830213855,1.3478205698193317,1.3478205698193317,7.751402925082473e-05,0.013328470675316258,0.4758716575425811,0.4698486130038547,False
EURUSD,売り,-1,2025-09-02 01:00:00,2025-09-02 05:00:00,1.1644936775031447,2025-09-02 09:00:00,1.16452,建値,breakeven,2,0.0028725995314910742,1.170238876566127,1.1644936775031447,-2.632249685530219e-05,-0.004581650969224907,1.1117726185407275,0.28765669833076124,True
GBPUSD,売り,-1,2025-09-02 01:00:00,2025-09-02 05:00:00,1.3412937570146255,2025-09-02 09:00:00,1.3410787063726919,トレイル,trail,2,0.003256559677535476,1.3478068763696964,1.3410124633873173,0.00021505064193361179,0.03301807171185627,2.2243587503077866,0.15545331131709023,True
USDJPY,買い,1,2025-09-01 21:00:00,2025-09-02 01:00:00,147.7277926501845,2025-09-02 09:00:00,148.08075505440925,トレイル,trail,3,0.3884915764023421,146.95080949737982,148.08254770459376,0.35296240422474057,0.45427291821019344,3.133162785889798,0.07411396265302832,True
SP500,売り,-1,2025-09-02 01:00:00,2025-09-02 05:00:00,6441.45056934807,2025-09-02 13:00:00,6419.9377529901585,トレイル,trail,3,20.718682735860302,6482.887934819791,6419.788322338228,21.512816357911106,0.5191646745156318,3.3641409657492614,0.14911327574812927,True
USDCHF,買い,1,2025-09-02 01:00:00,2025-09-02 05:00:00,0.8043763429665702,2025-09-02 21:00:00,0.8055236570334298,時間切れ,time,4,0.0020364499901990175,0.8003034429861722,0.8003034429861722,0.0011473140668595283,0.28169463340158035,0.8464028292987225,1.1816361698796776,False
SP500,買い,1,2025-09-05 01:00:00,2025-09-05 05:00:00,6526.489430651931,2025-09-05 09:00:00,6483.371280995251,初期損切り,initial,2,21.484359502374346,6483.520711647182,6483.520711647182,-43.118149656679634,-1.003477661317165,0.41893589367065814,2.0000000000000093,False
USDJPY,売り,-1,2025-09-05 05:00:00,2025-09-05 09:00:00,147.2982073498155,2025-09-05 13:00:00,147.3,建値,breakeven,2,0.44193524734178774,148.18207784449908,147.2982073498155,-0.0017926501845124676,-0.002028181951196633,1.0866011541371805,0.3932536524974217,True
AUDUSD,買い,1,2025-09-05 05:00:00,2025-09-05 09:00:00,0.6572042521179043,2025-09-08 01:00:00,0.6561957478820957,時間切れ,time,4,0.0017502728119166266,0.6537037064940711,0.6537037064940711,-0.0010085042358086715,-0.28809915486955273,0.9574209635700511,1.4707719278832743,False
USDCHF,売り,-1,2025-09-05 05:00:00,2025-09-05 09:00:00,0.7996336570334298,2025-09-09 05:00:00,0.7956626991630691,トレイル,trail,12,0.0020032761983815157,0.8036402094301929,0.7955663561964988,0.003970957870360725,0.9911159214013865,4.0302266057733975,0.18786374383833904,True
EURUSD,買い,1,2025-09-05 01:00:00,2025-09-05 05:00:00,1.1683563224968554,2025-09-09 09:00:00,1.1726902396116743,トレイル,trail,14,0.0025896828863780186,1.1631769567240993,1.1727165621085296,0.004333917114818897,0.8367659873754657,3.727745027749877,0.22254558652214312,True
GBPUSD,買い,1,2025-09-08 17:00:00,2025-09-08 21:00:00,1.3559062429853745,2025-09-09 13:00:00,1.3533937570146255,時間切れ,time,4,0.003228442700944016,1.3494493575834865,1.3494493575834865,-0.0025124859707490454,-0.38911732427748824,0.9768663429285004,1.1108275157945153,False
USDJPY,売り,-1,2025-09-09 01:00:00,2025-09-09 05:00:00,146.62220734981548,2025-09-09 21:00:00,147.43079265018451,時間切れ,time,4,0.4743280191893097,147.5708633881941,147.5708633881941,-0.8085853003690318,-0.8523482354584625,0.6603180439367649,1.804221162492552,False
SP500,買い,1,2025-09-10 05:00:00,2025-09-10 09:00:00,6554.989430651931,2025-09-11 01:00:00,6539.550569348069,時間切れ,time,4,20.691325215728046,6513.606780220475,6513.606780220475,-15.438861303861813,-0.37307570063531525,0.3479994284075802,1.5576300848740319,False
AUDUSD,買い,1,2025-09-10 09:00:00,2025-09-10 13:00:00,0.6620042521179044,2025-09-11 05:00:00,0.6608357478820956,時間切れ,time,4,0.001937324558295699,0.658129603001313,0.658129603001313,-0.0011685042358087205,-0.30157678815486544,0.2558930458878446,0.941634745759486,False
AUDUSD,買い,1,2025-09-11 09:00:00,2025-09-11 13:00:00,0.6659942521179044,2025-09-12 05:00:00,0.6644957478820956,時間切れ,time,4,0.002014274729811829,0.6619657026582808,0.6619657026582808,-0.001498504235808773,-0.37197116501301725,0.43973538911365706,0.8212643952788475,False
EURUSD,買い,1,2025-09-11 09:00:00,2025-09-11 13:00:00,1.1736663224968553,2025-09-12 05:00:00,1.1717136775031447,時間切れ,time,4,0.002785720888342197,1.168094880720171,1.168094880720171,-0.0019526449937106172,-0.3504739117766839,0.3997807202455858,0.7525242408986836,False
SP500,買い,1,2025-09-11 09:00:00,2025-09-11 13:00:00,6588.079430651931,2025-09-12 05:00:00,6582.900569348069,時間切れ,time,4,21.064169117318233,6545.951092417295,6545.951092417295,-5.178861303861595,-0.1229305859399817,0.5521494478748156,0.5710849825090262,False
EURUSD,買い,1,2025-09-15 05:00:00,2025-09-15 09:00:00,1.1769863224968553,2025-09-16 01:00:00,1.1776536775031448,時間切れ,time,4,0.0025326513789933826,1.1719210197388685,1.1719210197388685,0.0006673550062894495,0.13175027005783438,0.6766337907216761,0.7448014805752717,False
GBPUSD,買い,1,2025-09-15 05:00:00,2025-09-15 09:00:00,1.3615362429853746,2025-09-16 01:00:00,1.3614837570146254,時間切れ,time,4,0.0029558998269552965,1.355624443331464,1.355624443331464,-5.2485970749138744e-05,-0.008878171423556248,0.3294282863531793,1.0271806093314018,False
USDCHF,売り,-1,2025-09-15 05:00:00,2025-09-15 09:00:00,0.7946836570334298,2025-09-16 01:00:00,0.7937963429665702,時間切れ,time,4,0.0017923850064122723,0.7982684270462543,0.7982684270462543,0.0008873140668596013,0.24752328983037347,0.7887016619601267,0.5168214213220025,False
AUDUSD,買い,1,2025-09-15 13:00:00,2025-09-15 17:00:00,0.6665942521179044,2025-09-16 09:00:00,0.6667457478820956,時間切れ,time,4,0.0017274699798538711,0.6631393121581967,0.6631393121581967,0.0001514957641912673,0.04384902949343367,0.6111526651160222,0.36136785309415714,False
SP500,買い,1,2025-09-14 17:00:00,2025-09-14 21:00:00,6645.269430651931,2025-09-17 01:00:00,6662.869335965483,トレイル,trail,14,20.737594458575366,6603.7942417347795,6663.018766617413,17.59990531355197,0.42434780342312306,2.488262052339031,0.09786239459860042,True
USDJPY,売り,-1,2025-09-16 09:00:00,2025-09-16 13:00:00,146.3552073498155,2025-09-17 05:00:00,146.4577926501845,時間切れ,time,4,0.39148978631763764,147.13818692245076,147.13818692245076,-0.10258530036901448,-0.13101912738763158,0.3606922958161641,0.8372955352621876,False
SP500,買い,1,2025-09-18 01:00:00,2025-09-18 05:00:00,6718.099430651931,2025-09-18 09:00:00,6676.403878502619,初期損切り,initial,2,20.77306074869034,6676.553309154549,6676.553309154549,-41.69555214931188,-1.0035967413213438,0.07560606340442777,2.0000000000000218,False
GBPUSD,売り,-1,2025-09-19 01:00:00,2025-09-19 05:00:00,1.3499137570146253,2025-09-21 21:00:00,1.3468062429853747,時間切れ,time,4,0.00338831021873164,1.3566903774520886,1.3499137570146253,0.003107514029250691,0.4585639785978539,1.2318107685511133,0.3294394294842497,True
AUDUSD,売り,-1,2025-09-19 05:00:00,2025-09-19 09:00:00,0.6587457478820956,2025-09-22 01:00:00,0.6595342521179044,時間切れ,time,4,0.0019744766046120047,0.6626947010913197,0.6626947010913197,-0.0007885042358087846,-0.19967424125638852,0.32704762395626663,0.6605558733174793,False
USDJPY,買い,1,2025-09-19 05:00:00,2025-09-19 09:00:00,148.1607926501845,2025-09-22 01:00:00,148.2852073498155,時間切れ,time,4,0.444048746486705,147.2726951572111,147.2726951572111,0.12441469963098939,0.14009126319503573,0.489152039126373,0.8282708893887392,False
SP500,買い,1,2025-09-22 09:00:00,2025-09-22 13:00:00,6748.069430651931,2025-09-23 05:00:00,6750.640569348069,時間切れ,time,4,21.265893814672708,6705.537643022585,6705.537643022585,2.571138696138405,0.06045216623729239,0.4025492378863853,0.1725500317037887,False
USDJPY,買い,1,2025-09-24 05:00:00,2025-09-24 09:00:00,148.6717926501845,2025-09-25 01:00:00,148.60320734981548,時間切れ,time,4,0.3681790791842702,147.93543449181595,147.93543449181595,-0.06858530036902266,-0.09314122426643416,0.6687162952359983,0.3009205477670344,False
USDCHF,買い,1,2025-09-25 05:00:00,2025-09-25 09:00:00,0.7991563429665702,2025-09-26 01:00:00,0.7990936570334297,時間切れ,time,4,0.0017899456925287896,0.7955764515815127,0.7991563429665702,-6.268593314051607e-05,-0.017510568449692735,1.264651236558888,0.7521697290536978,True
EURUSD,売り,-1,2025-09-25 05:00:00,2025-09-25 09:00:00,1.1697836775031447,2025-09-26 09:00:00,1.1696529829628515,トレイル,trail,7,0.002590430968055918,1.1749645394392565,1.1696266604659962,0.00013069454029324135,0.02522640863719402,2.016528356694628,0.48112553942738284,True
GBPUSD,売り,-1,2025-09-24 01:00:00,2025-09-24 05:00:00,1.3483137570146253,2025-09-26 09:00:00,1.3385320686322348,トレイル,trail,14,0.0028790770015863177,1.354071911017798,1.3384658256468602,0.009781688382390463,1.6987542148058101,5.523908185110205,0.1688884962461183,True
AUDUSD,売り,-1,2025-09-25 05:00:00,2025-09-25 09:00:00,0.6559957478820956,2025-09-28 17:00:00,0.6556345108873304,トレイル,trail,9,0.0019076529841693959,0.6598110538504344,0.655590258769426,0.00036123699476520166,0.0946810027198124,2.0788623061978404,0.18045845903904942,True
AUDUSD,買い,1,2025-09-29 21:00:00,2025-09-30 01:00:00,0.6606842521179044,2025-09-30 17:00:00,0.6615157478820957,時間切れ,time,4,0.0017304155265507714,0.6572234210648028,0.6606842521179044,0.0008314957641912812,0.24025898734528162,1.2457978150442546,1.7939345031722047,True
EURUSD,買い,1,2025-09-30 01:00:00,2025-09-30 05:00:00,1.1755963224968553,2025-09-30 21:00:00,1.1735636775031446,時間切れ,time,4,0.0024805012679359156,1.1706353199609836,1.1706353199609836,-0.002032644993710697,-0.40972464315692725,0.21918049797937184,1.5909375043936402,False
GBPUSD,買い,1,2025-09-30 09:00:00,2025-09-30 13:00:00,1.3459562429853746,2025-10-01 05:00:00,1.3466837570146253,時間切れ,time,4,0.002884992455146352,1.3401862580750818,1.3401862580750818,0.0007275140292506421,0.12608595006078382,0.7188084706863549,0.8479200633647977,False
USDCHF,売り,-1,2025-09-30 09:00:00,2025-09-30 13:00:00,0.7945636570334298,2025-10-01 05:00:00,0.7959063429665703,時間切れ,time,4,0.001863855313310728,0.7982913676600513,0.7982913676600513,-0.001342685933140464,-0.3601904942813073,0.9140500452278203,1.339343750956717,False
USDJPY,売り,-1,2025-10-01 01:00:00,2025-10-01 05:00:00,147.15020734981547,2025-10-01 09:00:00,147.152,建値,breakeven,2,0.3903004255837578,147.930808200983,147.15020734981547,-0.0017926501845124676,-0.002296500422503085,1.4404476986531793,0.2966756954244414,True
SP500,買い,1,2025-10-01 09:00:00,2025-10-01 13:00:00,6744.269430651931,2025-10-02 05:00:00,6773.66056934807,時間切れ,time,4,21.967503731103037,6700.3344231897245,6744.269430651931,29.391138696139024,0.6689685604679133,1.388895603321111,0.049137610952249666,True
EURUSD,売り,-1,2025-10-02 09:00:00,2025-10-02 13:00:00,1.1714636775031446,2025-10-03 05:00:00,1.1740363224968553,時間切れ,time,4,0.002831897081186207,1.1771274716655171,1.1771274716655171,-0.002572644993710682,-0.4542264284253348,0.08251624139064526,1.0615931337434112,False
USDJPY,買い,1,2025-10-05 21:00:00,2025-10-06 01:00:00,150.31779265018451,2025-10-06 17:00:00,150.3162073498155,時間切れ,time,4,0.5101195501601136,149.2975535498643,149.2975535498643,-0.0015853003690153855,-0.0015538518064224357,0.3120981145802347,1.1071770333194542,False
EURUSD,売り,-1,2025-10-06 01:00:00,2025-10-06 05:00:00,1.1667336775031447,2025-10-06 21:00:00,1.1708863224968553,時間切れ,time,4,0.00280478857055409,1.172343254644253,1.172343254644253,-0.004152644993710597,-0.7402777231244628,0.525414827561718,1.9168369955932785,False
GBPUSD,売り,-1,2025-10-07 05:00:00,2025-10-07 09:00:00,1.3413437570146254,2025-10-08 01:00:00,1.3394662429853745,時間切れ,time,4,0.0031357147327624735,1.3476151864801502,1.3476151864801502,0.0018775140292508485,0.2993757706391891,0.7442504224768483,1.3031296956578255,False
AUDUSD,売り,-1,2025-10-07 13:00:00,2025-10-07 17:00:00,0.6582857478820956,2025-10-08 09:00:00,0.65833,建値,breakeven,5,0.0016822655525526955,0.661650278987201,0.6582857478820956,-4.425211790437533e-05,-0.013152536422453188,1.5608403073529176,0.19869164972033607,True
USDCHF,買い,1,2025-10-07 21:00:00,2025-10-08 01:00:00,0.8009863429665702,2025-10-08 17:00:00,0.8016936570334298,時間切れ,time,4,0.0019338613187536047,0.797118620329063,0.797118620329063,0.0007073140668595324,0.18287610905713864,0.9947233624123577,0.7944431959373524,False
EURUSD,売り,-1,2025-10-07 17:00:00,2025-10-07 21:00:00,1.1646936775031447,2025-10-08 21:00:00,1.16472,建値,breakeven,7,0.002634634708910378,1.1699629469209654,1.1646936775031447,-2.632249685530219e-05,-0.004995473711455913,1.8422582404799708,0.009990947422911825,True
SP500,買い,1,2025-10-08 13:00:00,2025-10-08 17:00:00,6802.899430651931,2025-10-09 09:00:00,6804.670569348069,時間切れ,time,4,19.63008549161531,6763.6392596687,6763.6392596687,1.7711386961382232,0.04511286252152946,0.46767852091069717,0.4233007877362451,False
AUDUSD,売り,-1,2025-10-09 09:00:00,2025-10-09 13:00:00,0.6548057478820957,2025-10-10 05:00:00,0.6557642521179043,時間切れ,time,4,0.0020652076373622557,0.6589361631568201,0.6589361631568201,-0.000958504235808677,-0.23206001625892372,0.37562706435004073,1.2125909630582168,False
EURUSD,売り,-1,2025-10-09 09:00:00,2025-10-09 13:00:00,1.1557936775031448,2025-10-10 05:00:00,1.1579063224968553,時間切れ,time,4,0.0029971733630354885,1.1617880242292158,1.1617880242292158,-0.002112644993710555,-0.35243957185895025,0.5250538799500569,1.0564362195079777,False
SP500,売り,-1,2025-10-10 09:00:00,2025-10-10 13:00:00,6655.300569348069,2025-10-12 17:00:00,6669.00943065193,トレイル,trail,2,25.078592497169133,6705.4577543424075,6601.391325744621,-13.70886130386134,-0.27331799632313486,4.579227058337992,0.7169234339590703,True
USDJPY,売り,-1,2025-10-10 09:00:00,2025-10-10 13:00:00,151.8872073498155,2025-10-12 17:00:00,151.889,建値,breakeven,2,0.5260008767378356,152.93920910329118,151.8872073498155,-0.0017926501845124676,-0.0017040372590537939,1.3692132117385327,0.11367405042236552,True
AUDUSD,売り,-1,2025-10-14 01:00:00,2025-10-14 05:00:00,0.6457557478820957,2025-10-14 21:00:00,0.6496542521179044,時間切れ,time,4,0.00226727560532682,0.6502902990927493,0.6502902990927493,-0.0038985042358087307,-0.8597332028469417,0.747923136521933,1.739643874188749,False
GBPUSD,売り,-1,2025-10-14 05:00:00,2025-10-14 09:00:00,1.3260837570146253,2025-10-14 21:00:00,1.3333851123395457,初期損切り,initial,4,0.0036175561697728287,1.333318869354171,1.333318869354171,-0.007301355324920378,-1.0091557645916083,0.003802847552222661,2.0000000000000306,False
EURUSD,買い,1,2025-10-15 01:00:00,2025-10-15 05:00:00,1.1632863224968553,2025-10-15 21:00:00,1.1662936775031447,時間切れ,time,4,0.0028660363681862126,1.157554249760483,1.1632863224968553,0.0030073550062894583,0.5246540203871662,1.1875904789368665,0.7802840611791039,True
USDJPY,売り,-1,2025-10-15 13:00:00,2025-10-15 17:00:00,151.0712073498155,2025-10-15 21:00:00,151.073,建値,breakeven,2,0.4985066681665787,152.06822068614866,151.0712073498155,-0.0017926501845124676,-0.0017980202663141146,1.119759043281166,0.3265606271290955,True
USDCHF,売り,-1,2025-10-15 09:00:00,2025-10-15 13:00:00,0.7966136570334298,2025-10-16 01:00:00,0.79671,建値,breakeven,4,0.002230234403375758,0.8010741258401813,0.7966136570334298,-9.634296657023977e-05,-0.021599291631501115,1.4768210141697995,0.5005496125790753,True
GBPUSD,買い,1,2025-10-15 09:00:00,2025-10-15 13:00:00,1.3391162429853747,2025-10-16 05:00:00,1.3437337570146255,時間切れ,time,4,0.0036665502489648624,1.331783142487445,1.3391162429853747,0.004617514029250813,0.6296809965381528,1.424706238814039,0.558083988062729,True
SP500,売り,-1,2025-10-16 17:00:00,2025-10-16 21:00:00,6651.390569348069,2025-10-17 05:00:00,6651.54,建値,breakeven,3,40.56837204322174,6732.5273134345125,6651.390569348069,-0.1494306519307429,-0.0018417136848816456,1.9702681010445962,0.2819790412034055,True
AUDUSD,買い,1,2025-10-20 17:00:00,2025-10-20 21:00:00,0.6524742521179043,2025-10-21 01:00:00,0.6481045394560433,初期損切り,initial,2,0.002162730271978305,0.6481487915739477,0.6481487915739477,-0.004369712661861036,-1.0102306141634452,0.0,2.000000000000023,False
SP500,買い,1,2025-10-20 09:00:00,2025-10-20 13:00:00,6771.359430651931,2025-10-21 05:00:00,6764.590569348069,時間切れ,time,4,40.27246867173376,6690.814493308463,6690.814493308463,-6.7688613038617405,-0.08403832105545388,0.3352307368617957,0.2011158222742712,False
USDJPY,買い,1,2025-10-21 01:00:00,2025-10-21 05:00:00,151.6127926501845,2025-10-21 09:00:00,151.611,建値,breakeven,2,0.5157878512743875,150.58121694763574,151.6127926501845,-0.0017926501845124676,-0.0017377786042102978,1.0899972700528522,0.03449606294631067,True
GBPUSD,売り,-1,2025-10-21 01:00:00,2025-10-21 05:00:00,1.3379437570146253,2025-10-21 21:00:00,1.3371662429853746,時間切れ,time,4,0.0031068552027667513,1.3441574674201588,1.3441574674201588,0.0007775140292507476,0.12512878433445293,0.5773545587280563,0.6103416032024744,False
USDCHF,買い,1,2025-10-21 05:00:00,2025-10-21 09:00:00,0.7956363429665703,2025-10-22 01:00:00,0.7956936570334298,時間切れ,time,4,0.0021225578278646967,0.7913912273108409,0.7913912273108409,5.731406685949292e-05,0.01350117912150152,0.6141915269942032,0.7709297457475608,False
SP500,売り,-1,2025-10-22 09:00:00,2025-10-22 13:00:00,6731.830569348069,2025-10-22 17:00:00,6731.98,建値,breakeven,2,32.68118766179049,6797.1929446716495,6731.830569348069,-0.1494306519307429,-0.0022861875993792466,1.2521139002519064,0.3610465682594119,True
USDJPY,買い,1,2025-10-22 21:00:00,2025-10-23 01:00:00,152.4157926501845,2025-10-23 17:00:00,152.5662073498155,時間切れ,time,4,0.4732605020652082,151.4692716460541,151.4692716460541,0.15041469963099985,0.15891321901428715,0.807604581721125,0.20029698183314856,False
AUDUSD,買い,1,2025-10-23 13:00:00,2025-10-23 17:00:00,0.6512742521179044,2025-10-24 09:00:00,0.6517757478820956,時間切れ,time,4,0.0019047437044884858,0.6474647647089273,0.6474647647089273,0.0005014957641912288,0.13164389597652043,0.843025693331736,1.0259921654021964,False
EURUSD,買い,1,2025-10-24 05:00:00,2025-10-24 09:00:00,1.1634463224968552,2025-10-27 01:00:00,1.1624436775031446,時間切れ,time,4,0.0022065069276060094,1.1590333086416431,1.1590333086416431,-0.0010026449937106108,-0.22720186852040594,0.6089613797871185,0.7370575077322031,False
USDCHF,売り,-1,2025-10-24 05:00:00,2025-10-24 09:00:00,0.7944936570334298,2025-10-27 01:00:00,0.7963963429665702,時間切れ,time,4,0.0018260009533538,0.7981456589401373,0.7981456589401373,-0.0019026859331404689,-0.5209980667441115,0.2703487271039175,1.2028158925855033,False
GBPUSD,売り,-1,2025-10-24 09:00:00,2025-10-24 13:00:00,1.3294937570146255,2025-10-27 05:00:00,1.3327362429853746,時間切れ,time,4,0.0032438483896035293,1.3359814537938326,1.3359814537938326,-0.003242485970749165,-0.49978999960991843,-0.0,1.265855395256714,False
GBPUSD,買い,1,2025-10-27 21:00:00,2025-10-28 01:00:00,1.3366862429853745,2025-10-28 01:00:00,1.3308606620933443,初期損切り,initial,1,0.002879668953327857,1.330926905078719,1.330926905078719,-0.005825580892030224,-1.0115018403934866,0.0,1.9999999999999656,False
USDCHF,売り,-1,2025-10-27 21:00:00,2025-10-28 01:00:00,0.7931536570334298,2025-10-28 09:00:00,0.796699431408922,初期損切り,initial,3,0.0017247157044609656,0.7966030884423517,0.7966030884423517,-0.0035457743754921944,-1.0279301006887898,0.036908710963297155,2.0000000000000138,False
EURUSD,買い,1,2025-10-27 17:00:00,2025-10-27 21:00:00,1.1655763224968554,2025-10-28 13:00:00,1.1667436775031448,時間切れ,time,4,0.0020468317781872983,1.1614826589404807,1.1614826589404807,0.0011673550062893945,0.28516144285272427,0.6076109997891461,1.4736543222553669,False
GBPUSD,売り,-1,2025-10-28 05:00:00,2025-10-28 09:00:00,1.3283937570146254,2025-10-28 13:00:00,1.3290462429853747,建値,breakeven,2,0.0031692762303783873,1.3347323094753822,1.3283937570146254,-0.0006524859707492947,-0.10293927119621771,1.130780895737021,0.22284046389047737,True
USDJPY,売り,-1,2025-10-27 21:00:00,2025-10-28 01:00:00,151.87720734981548,2025-10-28 17:00:00,152.1137926501845,時間切れ,time,4,0.43117636122278985,152.73956007226107,152.73956007226107,-0.23658530036902903,-0.2743486443668752,0.2695123394193633,1.1521796992201598,False
SP500,買い,1,2025-10-24 05:00:00,2025-10-24 09:00:00,6812.989430651931,2025-10-29 13:00:00,6908.276305805358,トレイル,trail,20,29.262111739862387,6754.465207172206,6908.425736457289,95.28687515342699,1.6281612892555222,4.745746670049517,0.01945965680785462,True
USDCHF,買い,1,2025-10-29 05:00:00,2025-10-29 09:00:00,0.7976063429665703,2025-10-29 21:00:00,0.7978459103050057,トレイル,trail,4,0.0018701074374830383,0.7938661280916042,0.797942253271576,0.00023956733843544242,0.06405175810590702,2.3708033798298267,1.0621544659721263,True
USDJPY,買い,1,2025-10-30 01:00:00,2025-10-30 05:00:00,153.7497926501845,2025-10-30 21:00:00,153.89420734981547,時間切れ,time,4,0.5325528296789309,152.68468699082663,153.7497926501845,0.1444146996309712,0.1355872052337389,1.3091796925308554,0.2380846427216509,True
EURUSD,売り,-1,2025-10-30 05:00:00,2025-10-30 09:00:00,1.1555136775031447,2025-10-31 01:00:00,1.1572263224968553,時間切れ,time,4,0.0027563074698221546,1.161026292442789,1.161026292442789,-0.0017126449937105992,-0.31067742123506714,0.2952056372713566,1.1269869311988272,False
EURUSD,売り,-1,2025-10-31 09:00:00,2025-10-31 13:00:00,1.1529936775031446,2025-11-03 05:00:00,1.1514663224968553,時間切れ,time,4,0.002589112432491103,1.1581719023681267,1.1581719023681267,0.0015273550062893104,0.2949572577695617,0.7893351704230159,0.4350226288827932,False
SP500,売り,-1,2025-11-03 21:00:00,2025-11-04 01:00:00,6829.8205693480695,2025-11-04 09:00:00,6829.97,建値,breakeven,3,28.84439983033335,6887.509369008736,6829.8205693480695,-0.1494306519307429,-0.002590288804927718,1.508111439445647,0.024595091459805034,True
AUDUSD,売り,-1,2025-11-03 21:00:00,2025-11-04 01:00:00,0.6511357478820956,2025-11-04 21:00:00,0.6497653181004476,トレイル,trail,6,0.0018359535026948165,0.6548076548874853,0.6497210659825432,0.0013704297816480304,0.37322017677367936,2.8572335162061138,0.45439719289182795,True
GBPUSD,売り,-1,2025-11-04 01:00:00,2025-11-04 05:00:00,1.3062637570146254,2025-11-05 17:00:00,1.30633,建値,breakeven,10,0.0033929424228449833,1.3130496418603153,1.3062637570146254,-6.624298537460938e-05,-0.009761878794138895,1.54843683148036,0.47340708600291276,True
SP500,売り,-1,2025-11-07 05:00:00,2025-11-07 09:00:00,6723.20056934807,2025-11-07 13:00:00,6723.35,建値,breakeven,2,35.05798854921808,6793.3165464465055,6723.20056934807,-0.1494306519307429,-0.0021311926056589996,1.9239714581278797,0.05931403192201976,True
GBPUSD,買い,1,2025-11-07 09:00:00,2025-11-07 13:00:00,1.3171062429853746,2025-11-10 05:00:00,1.3172537570146254,時間切れ,time,4,0.0031799830690754554,1.3107462768472238,1.3107462768472238,0.00014751402925083923,0.02319415324650255,0.41942267793684623,1.086874650052611,False
AUDUSD,買い,1,2025-11-09 21:00:00,2025-11-10 01:00:00,0.6527242521179044,2025-11-10 17:00:00,0.6535057478820956,時間切れ,time,4,0.0019281043648058886,0.6488680433882926,0.6488680433882926,0.0007814957641911757,0.2026590931632097,0.6616591432404377,0.6453240501998085,False
SP500,買い,1,2025-11-10 13:00:00,2025-11-10 17:00:00,6858.3894306519305,2025-11-11 09:00:00,6840.95056934807,時間切れ,time,4,35.951860050256705,6786.4857105514175,6786.4857105514175,-17.438861303860904,-0.24253072413337326,0.2344960548990841,0.6233176981832113,False
EURUSD,買い,1,2025-11-11 05:00:00,2025-11-11 09:00:00,1.1601263224968552,2025-11-12 01:00:00,1.1575836775031447,時間切れ,time,4,0.0021671343266871437,1.155792053843481,1.155792053843481,-0.0025426449937104856,-0.5866376076459869,0.1724293222359268,1.4426066987893322,False
USDCHF,売り,-1,2025-11-11 05:00:00,2025-11-11 09:00:00,0.7993036570334298,2025-11-12 01:00:00,0.8007963429665702,時間切れ,time,4,0.0019834826742048325,0.8032706223818394,0.8032706223818394,-0.0014926859331404474,-0.3762790450738011,0.34467507194326136,0.9913587812702092,False
USDJPY,買い,1,2025-11-11 21:00:00,2025-11-12 01:00:00,154.64579265018452,2025-11-12 13:00:00,154.5962073498155,建値,breakeven,4,0.3922362148558779,153.86132022047275,154.64579265018452,-0.049585300369017205,-0.06320846787086791,1.0228717660935454,0.3895424348836953,True
GBPUSD,売り,-1,2025-11-12 01:00:00,2025-11-12 05:00:00,1.3115137570146254,2025-11-12 21:00:00,1.3124562429853746,時間切れ,time,4,0.0031001749277494717,1.3177141068701244,1.3177141068701244,-0.0009424859707491962,-0.15200528884887482,0.9914785733902641,0.9374448387931158,False
AUDUSD,買い,1,2025-11-12 09:00:00,2025-11-12 13:00:00,0.6543042521179043,2025-11-13 09:00:00,0.6545348546551104,トレイル,trail,6,0.0016381886891507417,0.6510278747396029,0.6545791067730148,0.0002306025372060816,0.07038338707051779,2.2498921561998912,0.6557560340996231,True
GBPUSD,買い,1,2025-11-13 09:00:00,2025-11-13 13:00:00,1.3212362429853746,2025-11-13 17:00:00,1.314348327602489,初期損切り,initial,2,0.0034108361987555034,1.3144145705878636,1.3144145705878636,-0.006887915382885579,-1.0097106664633648,0.053874476497147744,1.9999999999999891,False
EURUSD,買い,1,2025-11-13 01:00:00,2025-11-13 05:00:00,1.1616663224968553,2025-11-14 05:00:00,1.16164,建値,breakeven,7,0.002118769186893943,1.1574287841230675,1.1616663224968553,-2.632249685530219e-05,-0.006211742415862259,1.8565861385360827,0.5646308735540907,True
SP500,売り,-1,2025-11-13 09:00:00,2025-11-13 13:00:00,6782.340569348069,2025-11-14 09:00:00,6743.263319785415,トレイル,trail,6,30.74358980944417,6843.827748966957,6743.113889133484,39.07724956265429,0.6355349164633026,3.403329604531979,0.20555278973926266,True
AUDUSD,売り,-1,2025-11-17 13:00:00,2025-11-17 17:00:00,0.6492657478820957,2025-11-18 01:00:00,0.64931,建値,breakeven,3,0.0018875077757388471,0.6530407634335734,0.6492657478820957,-4.425211790437533e-05,-0.011722367047482297,1.449396880510729,0.3413242192616255,True
USDJPY,買い,1,2025-11-17 09:00:00,2025-11-17 13:00:00,155.1617926501845,2025-11-18 05:00:00,155.2312073498155,時間切れ,time,4,0.38937509639274,154.38304245739903,154.38304245739903,0.06941469963098257,0.08913602882420606,0.5604039699431453,0.880366138872851,False
SP500,売り,-1,2025-11-17 21:00:00,2025-11-18 01:00:00,6656.080569348069,2025-11-18 13:00:00,6672.6394306519305,建値,breakeven,4,40.492970044080835,6737.06650943623,6656.080569348069,-16.558861303861704,-0.20446587748238337,1.524476206138208,0.727025718782389,True
AUDUSD,売り,-1,2025-11-19 09:00:00,2025-11-19 13:00:00,0.6459857478820956,2025-11-20 05:00:00,0.6483242521179043,時間切れ,time,4,0.002062932212991772,0.6501116123080791,0.6501116123080791,-0.002338504235808725,-0.5667913422170339,0.09973564851033608,1.519319005329291,False
EURUSD,売り,-1,2025-11-19 09:00:00,2025-11-19 13:00:00,1.1533036775031447,2025-11-20 05:00:00,1.1527863224968553,時間切れ,time,4,0.002227534050163282,1.1577587456034713,1.1533036775031447,0.000517355006289355,0.11612729472113614,1.0341828458136375,0.4158511053007356,True
GBPUSD,売り,-1,2025-11-19 09:00:00,2025-11-19 13:00:00,1.3067737570146254,2025-11-20 05:00:00,1.3080362429853747,時間切れ,time,4,0.003370451248719529,1.3135146595120644,1.3135146595120644,-0.0012624859707492941,-0.1872873804700374,0.8882362608753989,0.37272249104682764,False
AUDUSD,売り,-1,2025-11-20 09:00:00,2025-11-20 13:00:00,0.6445057478820956,2025-11-21 05:00:00,0.6436942521179044,時間切れ,time,4,0.0022840817075543336,0.6490739112972043,0.6490739112972043,0.0008114957641911502,0.17764157943807848,0.510379238290812,0.6892275844151072,False
SP500,売り,-1,2025-11-20 13:00:00,2025-11-20 17:00:00,6558.540569348069,2025-11-21 09:00:00,6591.189430651931,時間切れ,time,4,53.84274345106496,6666.226056250199,6666.226056250199,-32.64886130386185,-0.30318720045844993,0.6195926732148846,0.7467938681184686,False
USDCHF,買い,1,2025-11-21 09:00:00,2025-11-21 13:00:00,0.8084463429665703,2025-11-24 05:00:00,0.8071336570334298,時間切れ,time,4,0.00210825524821883,0.8042298324701326,0.8042298324701326,-0.0013126859331404894,-0.31132044714450935,0.8318048940759732,0.6907811413255897,False
EURUSD,買い,1,2025-11-25 05:00:00,2025-11-25 09:00:00,1.1558663224968553,2025-11-25 13:00:00,1.15584,建値,breakeven,2,0.002202548198773813,1.1514612260993076,1.1558663224968553,-2.632249685530219e-05,-0.005975464434775199,1.1548793822358836,0.39332737296625203,True
USDJPY,売り,-1,2025-11-25 05:00:00,2025-11-25 09:00:00,156.14520734981548,2025-11-26 01:00:00,156.1187926501845,時間切れ,time,4,0.42608326214082626,156.99737387409712,156.14520734981548,0.0264146996309762,0.030997110163700572,1.1504966126866012,0.5393139571593205,True
GBPUSD,買い,1,2025-11-25 01:00:00,2025-11-25 05:00:00,1.3135562429853747,2025-11-26 05:00:00,1.3148608305499672,トレイル,trail,7,0.0029676714030630923,1.3076209001792485,1.3149270735353418,0.0013045875645925076,0.21979986787721392,2.6464375424176123,0.8815810883490326,True
SP500,買い,1,2025-11-25 17:00:00,2025-11-25 21:00:00,6797.71943065193,2025-11-26 13:00:00,6840.20056934807,時間切れ,time,4,46.41965279827548,6704.88012505538,6797.71943065193,42.48113869613917,0.457577083576521,1.0484905942656688,0.22941642192391357,True
AUDUSD,買い,1,2025-11-25 21:00:00,2025-11-26 01:00:00,0.6506642521179044,2025-11-26 17:00:00,0.6517057478820957,時間切れ,time,4,0.002083693434544496,0.6464968652488153,0.6464968652488153,0.0010414957641913247,0.24991578581688048,0.7034373952500621,1.072255678721192,False
USDCHF,売り,-1,2025-11-25 21:00:00,2025-11-26 01:00:00,0.8044536570334297,2025-11-26 17:00:00,0.8051663429665702,時間切れ,time,4,0.0019639419771406022,0.808381540987711,0.808381540987711,-0.0007126859331404445,-0.18144271608728438,0.29209469531524734,1.9941235597358522,False
SP500,買い,1,2025-11-28 09:00:00,2025-11-28 13:00:00,6860.349430651931,2025-12-01 05:00:00,6816.12056934807,時間切れ,time,4,30.02986765833783,6800.289695335255,6800.289695335255,-44.22886130386087,-0.7364145224859269,0.1302226634017111,1.9363865107072984,False
EURUSD,買い,1,2025-12-01 01:00:00,2025-12-01 05:00:00,1.1622463224968553,2025-12-01 09:00:00,1.16222,建値,breakeven,2,0.0022106960325686187,1.157824930431718,1.1622463224968553,-2.632249685530219e-05,-0.005953441013036504,1.3451317862498984,0.16118113553640875,True
USDCHF,売り,-1,2025-12-01 05:00:00,2025-12-01 09:00:00,0.8006636570334298,2025-12-01 13:00:00,0.8048258295854493,初期損切り,initial,2,0.0020329147927246813,0.8047294866188791,0.8047294866188791,-0.004162172552019561,-1.023695770947948,-0.0,1.9999999999999796,False
USDJPY,売り,-1,2025-11-30 17:00:00,2025-11-30 21:00:00,155.6422073498155,2025-12-01 13:00:00,155.4670934506647,トレイル,trail,5,0.3900281676513747,156.42226368511825,155.46530080048018,0.17511389915080144,0.22448878526553803,2.5080428311266814,0.1327920762656047,True
GBPUSD,売り,-1,2025-12-02 09:00:00,2025-12-02 13:00:00,1.3193337570146253,2025-12-03 01:00:00,1.3254490027023536,初期損切り,initial,4,0.0030245013511767936,1.325382759716979,1.325382759716979,-0.006115245687728255,-1.0109510589818207,0.08390044677167463,2.000000000000019,False
EURUSD,買い,1,2025-12-03 05:00:00,2025-12-03 09:00:00,1.1666663224968552,2025-12-04 01:00:00,1.1659336775031448,時間切れ,time,4,0.002075241267619407,1.1625158399616164,1.1625158399616164,-0.0007326449937103963,-0.17652043768164916,0.5270122179091539,0.6487546859550027,False
USDCHF,売り,-1,2025-12-03 09:00:00,2025-12-03 13:00:00,0.7994036570334297,2025-12-04 05:00:00,0.7998163429665702,時間切れ,time,4,0.0018386036299390274,0.8030808642933078,0.8030808642933078,-0.0004126859331404775,-0.11222808614659463,0.11620614141661305,1.1347432000009026,False
SP500,買い,1,2025-12-03 13:00:00,2025-12-03 17:00:00,6864.229430651931,2025-12-04 09:00:00,6864.16056934807,時間切れ,time,4,25.759008184806117,6812.711414282318,6812.711414282318,-0.06886130386101286,-0.001336645094542703,0.26556027697153073,0.3819801826738851,False
USDJPY,売り,-1,2025-12-04 21:00:00,2025-12-05 01:00:00,154.5992073498155,2025-12-05 09:00:00,155.37965277770374,初期損切り,initial,3,0.38932638885186954,155.37786012751923,155.37786012751923,-0.7804454278882531,-1.0023022459250714,0.6555100222415017,2.000000000000004,False
AUDUSD,買い,1,2025-12-02 17:00:00,2025-12-02 21:00:00,0.6574642521179044,2025-12-08 09:00:00,0.6619415119774559,トレイル,trail,22,0.0016565197930324918,0.6541512125318394,0.6619857640953603,0.004477259859551497,1.3514054822596608,4.494813713312254,0.23196349329515398,True
USDCHF,買い,1,2025-12-08 05:00:00,2025-12-08 09:00:00,0.8059663429665702,2025-12-08 21:00:00,0.80587,建値,breakeven,4,0.0016959597366379138,0.8025744234932944,0.8059663429665702,-9.634296657023977e-05,-0.028403671528556145,1.5293152174540534,0.35162566285469754,True
GBPUSD,売り,-1,2025-12-09 09:00:00,2025-12-09 13:00:00,1.3297037570146253,2025-12-10 05:00:00,1.3314062429853746,時間切れ,time,4,0.0026410953129866925,1.3349859476405987,1.3349859476405987,-0.00170248597074929,-0.3223068024803746,0.20966945490468322,1.1306835352328268,False
USDJPY,買い,1,2025-12-09 05:00:00,2025-12-09 09:00:00,156.3447926501845,2025-12-10 09:00:00,156.343,建値,breakeven,7,0.3901684572230495,155.5644557357384,156.3447926501845,-0.0017926501845124676,-0.0022972771777494748,1.563958691480461,0.07892142384771367,True
AUDUSD,買い,1,2025-12-10 13:00:00,2025-12-10 17:00:00,0.6675642521179044,2025-12-10 21:00:00,0.6641273771962273,初期損切り,initial,2,0.0016963114018863905,0.6641716293141317,0.6641716293141317,-0.003436874921677102,-1.0130436303897712,0.18613792358202794,1.999999999999968,False
SP500,買い,1,2025-12-10 13:00:00,2025-12-10 17:00:00,6890.75943065193,2025-12-10 21:00:00,6845.837940632289,初期損切り,initial,2,22.38602968385518,6845.98737128422,6845.98737128422,-44.92149001964117,-1.0033375871925734,0.011193112472754093,2.0000000000000027,False
GBPUSD,買い,1,2025-12-10 13:00:00,2025-12-10 17:00:00,1.3384162429853745,2025-12-11 09:00:00,1.3406737570146254,時間切れ,time,4,0.0026753398564485723,1.3330655632724775,1.3384162429853745,0.0022575140292508955,0.421911635602004,1.1750869733607543,1.0937836470836142,True
EURUSD,買い,1,2025-12-10 13:00:00,2025-12-10 17:00:00,1.1695563224968553,2025-12-12 05:00:00,1.172069113852469,トレイル,trail,10,0.0020467968215647733,1.1654627288537258,1.1720954363493243,0.002512791355613775,0.6138350736964574,3.2752041788006445,0.6431134165280699,True
USDCHF,売り,-1,2025-12-10 17:00:00,2025-12-10 21:00:00,0.7989136570334298,2025-12-12 05:00:00,0.796067431655617,トレイル,trail,9,0.0017457247458960248,0.8024051065252218,0.7959710886890468,0.002846225377812761,0.8151987833430993,3.714020236392958,0.6967552985828471,True
SP500,買い,1,2025-12-11 13:00:00,2025-12-11 17:00:00,6911.199430651931,2025-12-12 09:00:00,6907.840569348069,時間切れ,time,4,26.845553298580022,6857.508324054771,6857.508324054771,-3.358861303861886,-0.062558988196372,0.15386419129187723,0.8086788307350495,False
AUDUSD,売り,-1,2025-12-15 17:00:00,2025-12-15 21:00:00,0.6622057478820956,2025-12-16 05:00:00,0.6658014037315193,初期損切り,initial,3,0.0017757018657596762,0.6657571516136149,0.6657571516136149,-0.0035956558494236734,-1.012460458244039,0.1271316353542481,1.9999999999999696,False
USDJPY,売り,-1,2025-12-15 17:00:00,2025-12-15 21:00:00,154.8632073498155,2025-12-16 09:00:00,154.865,建値,breakeven,4,0.3984893605457914,155.6601860709071,154.8632073498155,-0.0017926501845124676,-0.0022493074621329438,1.1674272788069642,0.295597980390651,True
EURUSD,買い,1,2025-12-16 05:00:00,2025-12-16 09:00:00,1.1776063224968554,2025-12-16 13:00:00,1.1763536775031447,建値,breakeven,2,0.002013220912354844,1.1735798806721456,1.1776063224968554,-0.0012526449937106943,-0.3111047044125645,1.3975999781631125,0.7283465455066566,True
GBPUSD,売り,-1,2025-12-17 01:00:00,2025-12-17 05:00:00,1.3325437570146255,2025-12-17 09:00:00,1.3388663799489324,初期損切り,initial,2,0.003128189974466215,1.3388001369635578,1.3388001369635578,-0.006322622934306965,-1.010588069445149,0.16103785854998517,1.9999999999999762,False
USDCHF,買い,1,2025-12-17 01:00:00,2025-12-17 05:00:00,0.7979963429665703,2025-12-17 09:00:00,0.7943906464259004,初期損切り,initial,2,0.001754676787049813,0.7944869893924706,0.7944869893924706,-0.0036056965406698893,-1.0274531945943866,0.08187093742272715,2.0000000000000133,False
AUDUSD,売り,-1,2025-12-17 01:00:00,2025-12-17 05:00:00,0.6614257478820956,2025-12-17 21:00:00,0.6599942521179044,時間切れ,time,4,0.0018437853095590133,0.6651133185012137,0.6614257478820956,0.0014314957641912152,0.3881948068383278,1.087842424872853,0.8050026812825446,True
EURUSD,売り,-1,2025-12-17 01:00:00,2025-12-17 05:00:00,1.1715736775031447,2025-12-17 21:00:00,1.1738863224968552,時間切れ,time,4,0.002132419552456537,1.1758385166080578,1.1758385166080578,-0.002312644993710533,-0.5422584385531396,0.38157477134708184,1.9819376032200513,False
SP500,売り,-1,2025-12-17 09:00:00,2025-12-17 13:00:00,6801.590569348069,2025-12-18 05:00:00,6807.46943065193,時間切れ,time,4,33.88115197677682,6869.352873301623,6869.352873301623,-5.878861303861413,-0.08675710477452131,0.8890066479650499,0.31874449426434937,False
USDJPY,買い,1,2025-12-19 01:00:00,2025-12-19 05:00:00,157.2027926501845,2025-12-21 21:00:00,157.29320734981548,時間切れ,time,4,0.4246846156513472,156.35342341888182,157.2027926501845,0.09041469963096915,0.10644922879099157,1.3544341580004702,0.6376323516433433,True
SP500,買い,1,2025-12-19 09:00:00,2025-12-19 13:00:00,6889.309430651931,2025-12-22 05:00:00,6910.510569348069,時間切れ,time,4,33.53655828392753,6822.236314084075,6822.236314084075,21.201138696138514,0.31608995945029944,0.7081993670010054,0.2960778076231272,False
EURUSD,買い,1,2025-12-22 17:00:00,2025-12-22 21:00:00,1.1773263224968553,2025-12-23 09:00:00,1.1773,建値,breakeven,4,0.002106969361142116,1.1731123837745712,1.1773263224968553,-2.632249685530219e-05,-0.006246530524068387,1.3638914528813453,0.22132381488571845,True
USDCHF,売り,-1,2025-12-22 09:00:00,2025-12-22 13:00:00,0.7918936570334297,2025-12-23 09:00:00,0.7903716479821365,トレイル,trail,6,0.0016978970448701912,0.7952894511231701,0.7902753050155663,0.0015220090512931828,0.4482041640544655,3.0706555790185055,0.6810442188258277,True
GBPUSD,買い,1,2025-12-22 09:00:00,2025-12-22 13:00:00,1.3471362429853746,2025-12-26 01:00:00,1.348122761472431,トレイル,trail,19,0.003086200738757737,1.340963841507859,1.3481890044578055,0.0009865184870563315,0.15982733635360133,2.03932198433686,0.5625826484875852,True
USDCHF,買い,1,2025-12-26 01:00:00,2025-12-26 05:00:00,0.7900263429665703,2025-12-28 21:00:00,0.7885136570334298,時間切れ,time,4,0.0016554955633392757,0.7867153518398917,0.7867153518398917,-0.0015126859331404674,-0.4568680118022337,0.1532212100394119,1.2844147780627095,False
AUDUSD,買い,1,2025-12-22 01:00:00,2025-12-22 05:00:00,0.6639742521179044,2025-12-29 01:00:00,0.6697767476741676,トレイル,trail,27,0.0016395212244553104,0.6606952096689938,0.669820999792072,0.005802495556263221,1.7695701250195628,5.364827091529571,0.06358692790882929,True
AUDUSD,売り,-1,2025-12-29 05:00:00,2025-12-29 09:00:00,0.6693057478820956,2025-12-30 01:00:00,0.6714042521179043,時間切れ,time,4,0.0015785613438274843,0.6724628705697506,0.6724628705697506,-0.002098504235808707,-0.6646888459591107,0.4850922551029402,1.396367728453207,False
USDCHF,買い,1,2025-12-29 09:00:00,2025-12-29 13:00:00,0.7907263429665703,2025-12-30 05:00:00,0.7886536570334297,時間切れ,time,4,0.0018465099727889972,0.7870333230209923,0.7870333230209923,-0.0020726859331405834,-0.5612441751424625,0.029058620977117873,1.3681718505719498,False
EURUSD,売り,-1,2025-12-30 13:00:00,2025-12-30 17:00:00,1.1746536775031446,2025-12-31 05:00:00,1.17468,建値,breakeven,4,0.002004157244220865,1.1786619919915864,1.1746536775031446,-2.632249685530219e-05,-0.0065669739565608065,1.3240864761469133,0.12290577376884985,True
GBPUSD,売り,-1,2025-12-30 13:00:00,2025-12-30 17:00:00,1.3467537570146253,2025-12-31 05:00:00,1.34682,建値,breakeven,4,0.0027435521049442592,1.3522408612245138,1.3467537570146253,-6.624298537460938e-05,-0.012072485384044717,1.5030722424384533,0.11526771618617317,True
USDCHF,買い,1,2025-12-30 13:00:00,2025-12-30 17:00:00,0.7918163429665702,2025-12-31 05:00:00,0.79172,建値,breakeven,4,0.0017968231704826095,0.788222696625605,0.7918163429665702,-9.634296657023977e-05,-0.026809250947148845,1.3432913561446824,0.13709917070139846,True
AUDUSD,売り,-1,2025-12-31 01:00:00,2025-12-31 05:00:00,0.6682657478820956,2025-12-31 13:00:00,0.6674042521179043,期末,end,3,0.0014714384319371022,0.6712086247459698,0.6682657478820956,0.0008614957641912557,0.2927393173553051,1.5534104808493094,0.4786147368580305,True
SP500,売り,-1,2025-12-30 17:00:00,2025-12-30 21:00:00,6933.28056934807,2025-12-31 13:00:00,6920.62943065193,時間切れ,time,4,17.033033390206498,6967.346636128483,6933.28056934807,12.651138696139242,0.37137068912849314,1.1401709198337004,1.064955973277207,True
USDJPY,買い,1,2025-12-31 05:00:00,2025-12-31 09:00:00,156.8147926501845,2025-12-31 13:00:00,156.6712073498155,期末,end,2,0.3297888777497088,156.1552148946851,156.1552148946851,-0.1435853003690113,-0.21769275748284098,0.549464709216285,0.5936908834539183,False
