Symbol,Side,Dir,SignalTime,EntryTime,EntryPrice,ExitTime,ExitPrice,Reason,ReasonCode,Bars,ATR,InitialStop,FinalStop,PnL,R,MFE_ATR,MAE_ATR,BE
USDJPY,売り,-1,2021-01-04 01:00:00,2021-01-04 05:00:00,102.74320734981548,2021-01-04 05:00:00,103.03903002810249,初期損切り,initial,1,0.19602001873498492,103.03723737791796,103.03723737791796,-0.2958226782870099,-1.0060968268992845,-0.0,1.50000000000003,False
USDJPY,買い,1,2021-01-07 21:00:00,2021-01-08 01:00:00,103.90579265018452,2021-01-12 13:00:00,103.94255165136408,トレイル,trail,16,0.22732784922569532,103.56480087634598,103.94434430154861,0.036759001179561324,0.10780025795275178,2.169586135158532,1.3231667444576336,True
AUDUSD,売り,-1,2021-01-18 01:00:00,2021-01-18 05:00:00,0.7664157478820957,2021-01-18 21:00:00,0.771190602120364,初期損切り,initial,5,0.0031537347469093647,0.7711463500024597,0.7711463500024597,-0.0047748542382684,-1.0093544366612146,0.011335094725622476,1.499999999999993,False
USDJPY,売り,-1,2021-01-20 21:00:00,2021-01-21 01:00:00,103.36820734981548,2021-01-21 09:00:00,103.62687890568661,初期損切り,initial,3,0.17125260379106724,103.62508625550208,103.62508625550208,-0.2586715558711319,-1.0069785807430918,0.2289445471049209,1.5000000000000253,False
GBPUSD,買い,1,2021-01-21 01:00:00,2021-01-21 05:00:00,1.3734362429853746,2021-01-22 01:00:00,1.3680444344186007,初期損切り,initial,6,0.003550377054266153,1.3681106774039753,1.3681106774039753,-0.0053918085667739035,-1.0124386761109547,0.15597132534417943,1.5000000000000182,False
AUDUSD,売り,-1,2021-01-27 17:00:00,2021-01-27 21:00:00,0.7646357478820957,2021-01-28 09:00:00,0.76468,建値,breakeven,4,0.003125027750319573,0.769323289507575,0.7646357478820957,-4.425211790437533e-05,-0.009440367988166934,1.7394238760087146,0.12935952900356246,True
GBPUSD,買い,1,2021-01-31 21:00:00,2021-02-01 01:00:00,1.3747762429853747,2021-02-01 05:00:00,1.3685306039614364,初期損切り,initial,2,0.004119597359042488,1.368596846946811,1.368596846946811,-0.006245639023938265,-1.0107199773183546,0.24850899867145132,1.4999999999999818,False
AUDUSD,売り,-1,2021-02-02 09:00:00,2021-02-02 13:00:00,0.7584457478820956,2021-02-03 13:00:00,0.7623842521179044,時間切れ,time,6,0.003427089216655897,0.7635863817070795,0.7635863817070795,-0.003938504235808771,-0.7661514844078877,0.02502061565215383,1.2355243328144585,False
GBPUSD,売り,-1,2021-02-03 21:00:00,2021-02-04 01:00:00,1.3604937570146254,2021-02-04 05:00:00,1.365934863812108,初期損切り,initial,2,0.0035832425414053857,1.3658686208267334,1.3658686208267334,-0.005441106797482664,-1.0123245886203402,0.8968851473182361,1.4999999999999933,False
EURUSD,売り,-1,2021-02-02 05:00:00,2021-02-02 09:00:00,1.2047936775031447,2021-02-05 05:00:00,1.2007053053705394,トレイル,trail,18,0.002724491436842066,1.2088804146584078,1.2006789828736841,0.004088372132605267,1.000400069121172,3.5102615386561316,0.07572881091324617,True
USDCHF,買い,1,2021-02-01 01:00:00,2021-02-01 05:00:00,0.8949063429665702,2021-02-05 05:00:00,0.9004615526046407,トレイル,trail,25,0.0020510522143945653,0.8918297646449784,0.9005578955712109,0.005555209638070435,1.8056454467884706,4.755440629437556,0.3541318750798662,True
USDJPY,買い,1,2021-01-28 17:00:00,2021-01-28 21:00:00,104.48579265018452,2021-02-05 09:00:00,105.41599889896891,トレイル,trail,34,0.17510422542328413,104.22313631204959,105.41779154915343,0.930206248784387,3.541533607715727,7.322538029656139,0.2729383032818797,True
GBPUSD,買い,1,2021-02-08 21:00:00,2021-02-09 01:00:00,1.3784062429853745,2021-02-11 21:00:00,1.3797397647842855,トレイル,trail,18,0.0034069961151698826,1.3732957488126196,1.3798060077696601,0.001333521798910997,0.26093793551713595,2.410850126318942,0.6710436138141882,True
AUDUSD,買い,1,2021-02-14 21:00:00,2021-02-15 01:00:00,0.7786342521179044,2021-02-16 01:00:00,0.7782957478820957,時間切れ,time,6,0.00223547384772005,0.7752810413463243,0.7752810413463243,-0.00033850423580872313,-0.10094928677841976,0.8346095768458486,0.8294671484506505,False
USDCHF,売り,-1,2021-02-15 17:00:00,2021-02-15 21:00:00,0.8888936570334297,2021-02-16 05:00:00,0.8912230082654412,初期損切り,initial,3,0.0014886721769608042,0.891126665298871,0.891126665298871,-0.0023293512320115006,-1.043144921611501,0.6137395778397567,1.5000000000000366,False
USDJPY,買い,1,2021-02-16 09:00:00,2021-02-16 13:00:00,105.88979265018453,2021-02-16 21:00:00,105.888,建値,breakeven,3,0.22066349571053462,105.55879740661874,105.88979265018453,-0.0017926501845266785,-0.005415939411136279,1.5100247947334569,0.18486360896792722,True
EURUSD,買い,1,2021-02-22 17:00:00,2021-02-22 21:00:00,1.2176063224968554,2021-02-23 05:00:00,1.2138254273906823,初期損切り,initial,3,0.0025030484062117824,1.2138517498875376,1.2138517498875376,-0.0037808951061730767,-1.0070107838080102,0.16127434936648732,1.5000000000000402,False
AUDUSD,買い,1,2021-02-19 01:00:00,2021-02-19 05:00:00,0.7829442521179044,2021-02-23 09:00:00,0.7881176670430557,トレイル,trail,14,0.0026690404195199094,0.7789406914886245,0.7881619191609601,0.005173414925151332,1.292203466912875,3.9548849859659563,0.25636633784194973,True
USDCHF,買い,1,2021-02-23 13:00:00,2021-02-23 17:00:00,0.9041663429665703,2021-02-25 01:00:00,0.9046593180193607,トレイル,trail,9,0.0023571695070345256,0.9006305887060185,0.904755660985931,0.0004929750527904453,0.13942571130876946,2.2500108785566595,0.19784023388161948,True
USDJPY,買い,1,2021-02-25 09:00:00,2021-02-25 13:00:00,106.32379265018453,2021-02-25 21:00:00,105.95664441275906,初期損切り,initial,3,0.2435703914939584,105.95843706294359,105.95843706294359,-0.367148237425468,-1.0049065903112855,0.4360437619862011,1.5000000000000153,False
EURUSD,売り,-1,2021-03-01 21:00:00,2021-03-02 01:00:00,1.2021536775031447,2021-03-02 09:00:00,1.206988155764014,初期損切り,initial,3,0.0032054371760093384,1.2069618332671588,1.2069618332671588,-0.004834478260869357,-1.0054745516050783,0.9308176511695772,1.5000000000000147,False
AUDUSD,売り,-1,2021-03-05 01:00:00,2021-03-05 05:00:00,0.7675757478820956,2021-03-10 09:00:00,0.7738235861926739,初期損切り,initial,20,0.0041357241284492845,0.7737793340747695,0.7737793340747695,-0.006247838310578291,-1.0071333123341824,1.3143400558812712,1.4999999999999973,False
USDJPY,買い,1,2021-03-17 09:00:00,2021-03-17 13:00:00,109.24479265018452,2021-03-17 13:00:00,108.93442510968454,初期損切り,initial,1,0.20571659354363916,108.93621775986907,108.93621775986907,-0.31036754049998194,-1.005809449312906,0.0,1.4999999999999831,False
USDCHF,売り,-1,2021-03-17 13:00:00,2021-03-17 17:00:00,0.9226736570334297,2021-03-18 01:00:00,0.9268841524169577,初期損切り,initial,3,0.002742768277971807,0.9267878094503874,0.9267878094503874,-0.004210495383527912,-1.0234174519575636,0.2747796959308148,1.4999999999999862,False
AUDUSD,買い,1,2021-03-17 17:00:00,2021-03-17 21:00:00,0.7828842521179044,2021-03-18 05:00:00,0.7777896795620324,初期損切り,initial,3,0.003366880291978406,0.7778339316799368,0.7778339316799368,-0.005094572555871979,-1.0087622396336853,0.5986990053962438,1.4999999999999984,False
EURUSD,売り,-1,2021-03-24 01:00:00,2021-03-24 05:00:00,1.1826636775031447,2021-03-25 05:00:00,1.1805563224968554,時間切れ,time,6,0.0025790565123045145,1.1865322622716015,1.1865322622716015,0.0021073550062893354,0.5447353832006081,0.9746500284705236,0.708135897039114,False
GBPUSD,売り,-1,2021-03-23 05:00:00,2021-03-23 09:00:00,1.3792437570146254,2021-03-25 17:00:00,1.375444183719351,トレイル,trail,15,0.004183970366988134,1.3855197125651075,1.3753779407339763,0.003799573295274472,0.6054174961424861,2.923958809830659,0.20464843444650194,True
AUDUSD,売り,-1,2021-03-23 01:00:00,2021-03-23 05:00:00,0.7688157478820956,2021-03-26 01:00:00,0.7623389403319524,トレイル,trail,18,0.0029973441070240106,0.7733117640426316,0.762294688214048,0.006476807550143238,1.4405658963136536,4.175612620775203,0.09483466287313279,True
USDJPY,買い,1,2021-03-26 01:00:00,2021-03-26 05:00:00,109.47379265018452,2021-03-28 21:00:00,109.472,建値,breakeven,5,0.19095586000608122,109.1873588601754,109.47379265018452,-0.0017926501845266785,-0.006258515046250616,1.9544168469278087,0.4649904442926656,True
AUDUSD,売り,-1,2021-03-31 21:00:00,2021-04-01 01:00:00,0.7543757478820956,2021-04-01 05:00:00,0.7586385761296857,初期損切り,initial,2,0.0028123840864571,0.7585943240117813,0.7585943240117813,-0.004262828247590056,-1.0104898232351454,0.42517232544932604,1.5000000000000109,False
USDCHF,買い,1,2021-03-23 09:00:00,2021-03-23 13:00:00,0.9333363429665702,2021-04-01 09:00:00,0.9417486835340223,トレイル,trail,42,0.0027224867497037094,0.9292526128420147,0.9418450265005925,0.008412340567452103,2.059964863218679,5.125335149913349,0.17129301607105113,True
GBPUSD,買い,1,2021-04-05 01:00:00,2021-04-05 05:00:00,1.3862562429853746,2021-04-06 01:00:00,1.38619,建値,breakeven,6,0.0030750941137095557,1.3816436018148104,1.3862562429853746,-6.624298537460938e-05,-0.014361183305855304,1.7312501074002018,0.2947041462354919,True
AUDUSD,買い,1,2021-04-06 17:00:00,2021-04-06 21:00:00,0.7671042521179043,2021-04-07 01:00:00,0.7634260431369755,初期損切り,initial,2,0.0024226379086829527,0.7634702952548799,0.7634702952548799,-0.0036782089809288543,-1.0121773921850012,0.2624196871588036,1.5000000000000207,False
USDJPY,売り,-1,2021-04-13 17:00:00,2021-04-13 21:00:00,108.81820734981547,2021-04-14 21:00:00,108.87879265018452,時間切れ,time,6,0.24981344060961413,109.19292751072989,109.19292751072989,-0.06058530036905552,-0.16168145375794718,0.2570211981340069,1.1120004172179285,False
USDCHF,売り,-1,2021-04-13 09:00:00,2021-04-13 13:00:00,0.9211836570334297,2021-04-15 05:00:00,0.9246036624403376,初期損切り,initial,11,0.002215774960225074,0.9245073194737674,0.9245073194737674,-0.0034200054069079,-1.0289869889917287,1.1208976895277767,1.5000000000000222,False
AUDUSD,買い,1,2021-04-14 01:00:00,2021-04-14 05:00:00,0.7690042521179044,2021-04-18 17:00:00,0.7713110949217113,トレイル,trail,16,0.0023923264801921583,0.7654157623976161,0.7713553470396157,0.0023068428038069966,0.6428450361066395,2.982765078754024,0.42814060973069423,True
EURUSD,買い,1,2021-04-19 01:00:00,2021-04-19 05:00:00,1.2025563224968554,2021-04-20 05:00:00,1.202952719730181,トレイル,trail,7,0.0025054788864817333,1.1987981041671327,1.2029790422270363,0.00039639723332562937,0.10547477515892167,2.168718137064258,0.42160502830606866,True
GBPUSD,買い,1,2021-04-19 05:00:00,2021-04-19 09:00:00,1.3964462429853746,2021-04-21 09:00:00,1.3903338821112052,初期損切り,initial,13,0.004030745259196491,1.3904001250965798,1.3904001250965798,-0.006112360874169331,-1.0109562841137059,1.1099081502156751,1.4999999999999964,False
USDCHF,売り,-1,2021-04-25 21:00:00,2021-04-26 01:00:00,0.9124736570334298,2021-04-26 05:00:00,0.9153926396693468,初期損切り,initial,2,0.001881759779564519,0.9152962967027766,0.9152962967027766,-0.0029189826359170556,-1.03413222297431,0.10822690315809488,1.5000000000000198,False
EURUSD,買い,1,2021-04-23 13:00:00,2021-04-25 17:00:00,1.2096663224968554,2021-04-26 17:00:00,1.2085036775031448,時間切れ,time,6,0.0026057498279360605,1.2057576977549513,1.2057576977549513,-0.0011626449937105487,-0.29745628462254603,0.7842953614482063,1.368635798656152,False
GBPUSD,売り,-1,2021-04-30 13:00:00,2021-05-02 17:00:00,1.3815837570146254,2021-05-03 05:00:00,1.3870893876636947,初期損切り,initial,4,0.003626258442463136,1.38702314467832,1.38702314467832,-0.005505630649069282,-1.0121783901921015,0.40089724372703345,1.4999999999999913,False
AUDUSD,買い,1,2021-05-07 05:00:00,2021-05-07 09:00:00,0.7820642521179044,2021-05-10 13:00:00,0.7835273124986583,トレイル,trail,8,0.002764217691718686,0.7779179255803264,0.7835715646165626,0.0014630603807538334,0.3528570090884455,2.5452944256792733,1.0072477743868675,True
EURUSD,買い,1,2021-05-07 09:00:00,2021-05-07 13:00:00,1.2151463224968553,2021-05-10 13:00:00,1.2158936775031446,時間切れ,time,6,0.0030044273444811676,1.2106396814801335,1.2106396814801335,0.0007473550062893075,0.16583415530908055,0.8965693605780715,0.48805390469790383,False
USDCHF,売り,-1,2021-05-06 13:00:00,2021-05-06 17:00:00,0.9073236570334298,2021-05-11 01:00:00,0.9032007900575971,トレイル,trail,15,0.0022622235455134446,0.9107169923516999,0.9031044470910269,0.00412286697583264,1.2149895572166352,3.865072066273282,0.9045715091369538,True
GBPUSD,買い,1,2021-05-07 09:00:00,2021-05-07 13:00:00,1.3982462429853746,2021-05-12 05:00:00,1.4089098859754097,トレイル,trail,17,0.0038319355196077555,1.392498339705963,1.4089761289607843,0.010663642990035083,1.8552231086126827,4.8001217453962095,0.09296685279583633,True
USDCHF,売り,-1,2021-05-18 01:00:00,2021-05-18 05:00:00,0.8970336570334297,2021-05-19 01:00:00,0.9004623549678448,初期損切り,initial,6,0.002221569978563214,0.9003660120012745,0.9003660120012745,-0.003428697934415026,-1.028911375738736,0.4427756239602697,1.4999999999999842,False
EURUSD,買い,1,2021-05-18 01:00:00,2021-05-18 05:00:00,1.2218963224968553,2021-05-19 13:00:00,1.2179270516625513,初期損切り,initial,9,0.0026286322249658247,1.2179533741594066,1.2179533741594066,-0.003969270834303984,-1.0066758411732777,1.0057236147514013,1.499999999999979,False
GBPUSD,買い,1,2021-05-17 21:00:00,2021-05-18 01:00:00,1.4171962429853746,2021-05-19 13:00:00,1.4121504593831393,初期損切り,initial,10,0.0033196937445737554,1.412216702368514,1.412216702368514,-0.0050457836022352875,-1.0133030314383533,1.4530728994233821,1.5000000000000135,False
EURUSD,買い,1,2021-05-25 01:00:00,2021-05-25 05:00:00,1.2259163224968552,2021-05-26 05:00:00,1.2240736775031447,時間切れ,time,6,0.002490203356609708,1.2221810174619407,1.2221810174619407,-0.0018426449937105627,-0.4933050919501972,0.2986412740834702,1.3036375074504014,False
USDJPY,買い,1,2021-05-27 09:00:00,2021-05-27 13:00:00,109.87879265018452,2021-05-28 09:00:00,109.877,建値,breakeven,6,0.20939765660327012,109.56469616527961,109.87879265018452,-0.0017926501845266785,-0.005707323292934703,1.52918306255045,0.5768576981421676,True
AUDUSD,売り,-1,2021-05-28 05:00:00,2021-05-28 09:00:00,0.7680557478820956,2021-05-30 21:00:00,0.7717192899094838,初期損切り,initial,4,0.0024128599396558603,0.7716750377915794,0.7716750377915794,-0.003663542027388167,-1.0122267403305882,0.006526645760437612,1.5000000000000004,False
AUDUSD,売り,-1,2021-06-03 09:00:00,2021-06-03 13:00:00,0.7651957478820957,2021-06-04 05:00:00,0.7690104159484338,初期損切り,initial,5,0.00251361063228915,0.7689661638305294,0.7689661638305294,-0.0038146680663381227,-1.0117366673888541,0.2529221805195269,1.5000000000000089,False
EURUSD,売り,-1,2021-06-03 09:00:00,2021-06-03 13:00:00,1.2119936775031448,2021-06-04 05:00:00,1.2158719727178877,初期損切り,initial,5,0.0025679818119250515,1.2158456502210324,1.2158456502210324,-0.0038782952147429217,-1.0068335107185753,0.6089129977025466,1.5000000000000164,False
USDCHF,買い,1,2021-06-03 09:00:00,2021-06-03 13:00:00,0.9048063429665703,2021-06-04 05:00:00,0.9015806850613944,初期損切り,initial,5,0.002086209959070353,0.9016770280279647,0.9016770280279647,-0.003225657905175816,-1.0307872388878885,0.2797690764020035,1.5000000000000224,False
USDJPY,買い,1,2021-06-03 09:00:00,2021-06-03 13:00:00,110.27779265018452,2021-06-04 05:00:00,109.96645003216162,初期損切り,initial,5,0.20636664522558168,109.96824268234614,109.96824268234614,-0.3113426180229055,-1.0057911496391077,0.2578292134240909,1.5000000000000306,False
USDCHF,売り,-1,2021-06-10 13:00:00,2021-06-10 17:00:00,0.8943836570334298,2021-06-11 05:00:00,0.8974188334717726,初期損切り,initial,4,0.0019592223145150365,0.8973224905052024,0.8973224905052024,-0.003035176438342835,-1.032782723994283,0.5428975698927233,1.5000000000000207,False
EURUSD,売り,-1,2021-06-11 09:00:00,2021-06-11 13:00:00,1.2096136775031447,2021-06-14 13:00:00,1.2122563224968552,時間切れ,time,6,0.0023861911028176135,1.213192964157371,1.213192964157371,-0.0026426449937104746,-0.7383161084877179,0.1482184317622853,1.4442776577223277,False
GBPUSD,売り,-1,2021-06-15 05:00:00,2021-06-15 09:00:00,1.4067637570146254,2021-06-16 01:00:00,1.4112114046177342,初期損切り,initial,5,0.0029209364118228287,1.4111451616323596,1.4111451616323596,-0.004447647603108784,-1.0151191207281827,0.042368951999298674,1.4999999999999767,False
AUDUSD,売り,-1,2021-06-16 13:00:00,2021-06-16 17:00:00,0.7607757478820957,2021-06-16 21:00:00,0.7642158386933736,初期損切り,initial,2,0.0022638924622490697,0.7641715865754692,0.7641715865754692,-0.0034400908112779405,-1.0130312779551887,0.4486732029164443,1.4999999999999825,False
USDJPY,買い,1,2021-06-16 13:00:00,2021-06-16 17:00:00,110.65879265018452,2021-06-17 09:00:00,110.34963283112114,初期損切り,initial,5,0.20491144591923868,110.35142548130567,110.35142548130567,-0.30915981906338175,-1.0058322760724985,0.8062377827375623,1.4999999999999856,False
USDCHF,買い,1,2021-06-16 13:00:00,2021-06-16 17:00:00,0.9087763429665703,2021-06-21 09:00:00,0.9196056985813322,トレイル,trail,17,0.002213979226048781,0.9054553741274971,0.9197020415479025,0.010829355614761949,3.2609025075297744,6.934869511323696,0.5313252051916056,True
USDJPY,買い,1,2021-06-23 01:00:00,2021-06-23 05:00:00,110.90679265018453,2021-06-25 05:00:00,110.59280556183114,初期損切り,initial,13,0.20812962544590818,110.59459821201567,110.59459821201567,-0.31398708835338596,-1.0057420951988711,1.009982838171726,1.4999999999999856,False
EURUSD,売り,-1,2021-07-01 01:00:00,2021-07-01 05:00:00,1.1844336775031448,2021-07-01 05:00:00,1.1875531782300568,初期損切り,initial,1,0.002062118820037798,1.1875268557332015,1.1875268557332015,-0.003119500726912028,-1.0085098545565698,-0.0,1.500000000000014,False
USDCHF,買い,1,2021-06-30 05:00:00,2021-06-30 09:00:00,0.9242463429665703,2021-07-01 05:00:00,0.92415,建値,breakeven,6,0.00189248649113273,0.9214076132298712,0.9242463429665703,-9.634296657023977e-05,-0.03393875976452355,1.5395919849793882,0.4419281038406401,True
AUDUSD,売り,-1,2021-07-01 09:00:00,2021-07-01 13:00:00,0.7467857478820956,2021-07-02 09:00:00,0.7501065823477238,初期損切り,initial,6,0.0021843882318158653,0.7500623302298194,0.7500623302298194,-0.003320834465628142,-1.0135055717232577,1.0647136109876545,1.4999999999999856,False
GBPUSD,売り,-1,2021-07-01 01:00:00,2021-07-01 05:00:00,1.3779637570146255,2021-07-02 13:00:00,1.3830666893268273,初期損切り,initial,9,0.003357792884551443,1.3830004463414527,1.3830004463414527,-0.005102932312201824,-1.013152088817912,1.433607485670886,1.500000000000015,False
USDJPY,買い,1,2021-07-01 01:00:00,2021-07-01 05:00:00,111.40579265018452,2021-07-02 13:00:00,111.11255361968131,初期損切り,initial,9,0.1942975868791228,111.11434626986583,111.11434626986583,-0.29323903050321576,-1.0061508747597805,1.3031934872820081,1.500000000000025,False
USDJPY,売り,-1,2021-07-06 17:00:00,2021-07-06 21:00:00,110.41620734981548,2021-07-07 01:00:00,110.7054115441959,初期損切り,initial,2,0.19160769613059078,110.70361889401137,110.70361889401137,-0.28920419438041733,-1.0062372240111184,0.10024310193878273,1.5000000000000233,False
AUDUSD,売り,-1,2021-07-08 01:00:00,2021-07-08 05:00:00,0.7437557478820956,2021-07-09 09:00:00,0.7478485897083216,初期損切り,initial,8,0.002699059805547681,0.7478043375904172,0.7478043375904172,-0.004092841826225935,-1.0109302550005146,1.0284128852537329,1.5000000000000142,False
GBPUSD,買い,1,2021-07-09 13:00:00,2021-07-11 17:00:00,1.3896062429853746,2021-07-12 17:00:00,1.3887537570146253,時間切れ,time,6,0.0038899059079818285,1.3837713841234018,1.3837713841234018,-0.0008524859707492727,-0.14610224358726828,0.3711547396719282,1.464365236620845,False
USDCHF,売り,-1,2021-07-09 13:00:00,2021-07-11 17:00:00,0.9141736570334298,2021-07-12 17:00:00,0.9152563429665702,時間切れ,time,6,0.002090889439788045,0.9173099911931119,0.9173099911931119,-0.001082685933140426,-0.345207454951222,0.46088378232352056,1.4043511391342878,False
EURUSD,売り,-1,2021-07-13 13:00:00,2021-07-13 17:00:00,1.1775336775031446,2021-07-14 05:00:00,1.1812581399673245,初期損切り,initial,4,0.002465426644883054,1.1812318174704692,1.1812318174704692,-0.0037244624641799007,-1.007117766522602,0.13939879487308024,1.500000000000007,False
USDJPY,売り,-1,2021-07-19 05:00:00,2021-07-19 09:00:00,109.47420734981547,2021-07-19 13:00:00,109.476,建値,breakeven,2,0.23226930145067054,109.82261130199147,109.47420734981547,-0.0017926501845266785,-0.005145321037061806,1.7574743940157118,0.44255805456218206,True
AUDUSD,売り,-1,2021-07-16 13:00:00,2021-07-18 17:00:00,0.7397957478820957,2021-07-21 09:00:00,0.7341786196037536,トレイル,trail,17,0.002607183742924628,0.7437065234964826,0.7341343674858493,0.005617128278342043,1.436320779355834,4.171454317943741,0.016973148909994042,True
EURUSD,売り,-1,2021-07-21 05:00:00,2021-07-21 09:00:00,1.1765736775031448,2021-07-21 09:00:00,1.17971971921557,初期損切り,initial,1,0.0020798128103799527,1.1796933967187146,1.1796933967187146,-0.0031460417124251627,-1.0084374570390384,-0.0,1.4999999999999671,False
GBPUSD,売り,-1,2021-07-19 01:00:00,2021-07-19 05:00:00,1.3711437570146254,2021-07-21 09:00:00,1.3647788320593315,トレイル,trail,14,0.0037562945369784477,1.3767781988200931,1.3647125890739569,0.006364924955293949,1.129646054577654,3.7121042765303986,0.8988227499567628,True
AUDUSD,買い,1,2021-07-29 01:00:00,2021-07-29 05:00:00,0.7402842521179044,2021-07-30 05:00:00,0.7399557478820956,時間切れ,time,6,0.0026402803060020896,0.7363238316589013,0.7363238316589013,-0.00032850423580876864,-0.08294680810013175,0.26351288555005303,1.0469540342442123,False
EURUSD,買い,1,2021-07-29 05:00:00,2021-07-29 09:00:00,1.1884363224968553,2021-07-30 09:00:00,1.1878836775031447,時間切れ,time,6,0.0025776516679505493,1.1845698449949293,1.1845698449949293,-0.0005526449937105493,-0.14293242193580247,0.9402657206478908,0.3632463255206721,False
GBPUSD,買い,1,2021-07-28 21:00:00,2021-07-29 01:00:00,1.3929462429853745,2021-07-30 09:00:00,1.39288,建値,breakeven,9,0.003485733340694771,1.3877176429743323,1.3929462429853745,-6.624298537460938e-05,-0.01266935417410251,1.5588561956785836,0.06490541968120056,True
AUDUSD,買い,1,2021-08-04 01:00:00,2021-08-04 05:00:00,0.7415642521179043,2021-08-04 09:00:00,0.7379528454409421,初期損切り,initial,2,0.0023781030393719175,0.7379970975588465,0.7379970975588465,-0.0036114066769622477,-1.012405438893026,0.28415416443610064,1.4999999999999984,False
USDCHF,売り,-1,2021-07-28 13:00:00,2021-07-28 17:00:00,0.9099536570334298,2021-08-04 09:00:00,0.9074530921526102,トレイル,trail,29,0.0025233745930199744,0.9137387189229598,0.9073567491860399,0.0025005648808196224,0.660640421161026,3.0291408396412174,0.13725388514580747,True
USDJPY,売り,-1,2021-08-03 05:00:00,2021-08-03 09:00:00,109.03620734981547,2021-08-04 09:00:00,109.33302199571723,初期損切り,initial,7,0.19668133047815922,109.3312293455327,109.3312293455327,-0.29681464590176176,-1.0060763272249065,1.3941707082661785,1.499999999999981,False
EURUSD,売り,-1,2021-08-08 17:00:00,2021-08-08 21:00:00,1.1750436775031448,2021-08-09 21:00:00,1.1738063224968553,時間切れ,time,6,0.00207222669507253,1.1781520175457536,1.1781520175457536,0.001237355006289409,0.3980758183879106,0.8752312222680256,0.9006362582303385,False
USDCHF,買い,1,2021-08-10 09:00:00,2021-08-10 13:00:00,0.9234063429665702,2021-08-11 05:00:00,0.9205095118587281,初期損切り,initial,5,0.001866992094181284,0.9206058548252983,0.9206058548252983,-0.0028968311078421127,-1.0344022047979213,0.44116792781116915,1.4999999999999716,False
USDJPY,買い,1,2021-08-10 09:00:00,2021-08-10 13:00:00,110.59979265018453,2021-08-11 13:00:00,110.34618986191047,初期損切り,initial,7,0.16787342539301256,110.347982512095,110.347982512095,-0.25360278827405125,-1.0071190548487572,1.1985658203162584,1.5000000000000342,False
EURUSD,売り,-1,2021-08-18 09:00:00,2021-08-18 13:00:00,1.1699036775031446,2021-08-18 13:00:00,1.1726871084573076,初期損切り,initial,1,0.0018380723048718214,1.1726607859604523,1.1726607859604523,-0.002783430954163002,-1.009547138700874,-0.0,1.4999999999999825,False
AUDUSD,売り,-1,2021-08-16 21:00:00,2021-08-17 01:00:00,0.7308757478820956,2021-08-19 09:00:00,0.7180998619500577,トレイル,trail,15,0.0018178049160766463,0.7336024552562106,0.7180556098321533,0.012775885932037934,4.685462786847346,9.052537891476216,0.2773961680072439,True
USDCHF,売り,-1,2021-08-27 09:00:00,2021-08-27 13:00:00,0.9106436570334298,2021-08-30 01:00:00,0.914549096018758,初期損切り,initial,4,0.0025393973458386946,0.9144527530521878,0.9144527530521878,-0.0039054389853282467,-1.0252928689893246,0.19046134478416818,1.4999999999999862,False
USDJPY,買い,1,2021-08-31 21:00:00,2021-09-01 01:00:00,110.23579265018452,2021-09-01 09:00:00,109.95956344553673,初期損切り,initial,3,0.18295770297551092,109.96135609572126,109.96135609572126,-0.276229204647791,-1.0065321115404273,1.0068302499410846,1.4999999999999887,False
AUDUSD,買い,1,2021-09-02 05:00:00,2021-09-02 09:00:00,0.7396242521179044,2021-09-03 09:00:00,0.7437347946274929,トレイル,trail,7,0.002000476627301348,0.7366235371769524,0.7437790467453973,0.004110542509588533,1.3698543815309565,4.076902359563055,0.3020540753427942,True
EURUSD,買い,1,2021-08-30 21:00:00,2021-08-31 01:00:00,1.1817663224968553,2021-09-03 09:00:00,1.1871861024518289,トレイル,trail,21,0.0018437875256578928,1.1790006412083684,1.1872124249486842,0.005419779954973558,1.9596545623443222,4.953758161415976,1.294250266718635,True
USDCHF,買い,1,2021-09-08 05:00:00,2021-09-08 09:00:00,0.9214663429665703,2021-09-09 01:00:00,0.9187042871796174,初期損切り,initial,5,0.001777141880255111,0.9188006301461876,0.9188006301461876,-0.0027620557869528772,-1.036141540016445,1.133087377998566,1.4999999999999836,False
GBPUSD,買い,1,2021-09-14 05:00:00,2021-09-14 09:00:00,1.3903362429853745,2021-09-14 09:00:00,1.3858715264314676,初期損切り,initial,1,0.002932315712354902,1.3859377694168422,1.3859377694168422,-0.0044647165539069,-1.0150604486630235,0.0,1.4999999999999787,False
USDJPY,売り,-1,2021-09-14 17:00:00,2021-09-14 21:00:00,109.57020734981548,2021-09-15 13:00:00,109.43795597033215,トレイル,trail,5,0.16158166007381186,109.81257983992619,109.43616332014763,0.13225137948332133,0.5456534255307102,2.8295745297246007,0.5433330128210143,True
GBPUSD,売り,-1,2021-09-19 17:00:00,2021-09-19 21:00:00,1.3724637570146254,2021-09-22 13:00:00,1.3676731601612402,トレイル,trail,17,0.0029984585879328095,1.3769614448965246,1.3676069171758656,0.004790596853385232,1.0651243437021984,3.619778861814531,0.022092346261243002,True
USDJPY,買い,1,2021-09-23 09:00:00,2021-09-23 13:00:00,110.17879265018453,2021-09-28 09:00:00,111.2356353909663,トレイル,trail,18,0.20078597942458937,109.87761368104765,111.23742804115082,1.0568427407817609,3.5090190520621385,7.272456742249192,0.10853671280728908,True
AUDUSD,売り,-1,2021-09-29 05:00:00,2021-09-29 09:00:00,0.7206757478820957,2021-09-30 09:00:00,0.7249813933501383,初期損切り,initial,7,0.0028409289000921856,0.724937141232234,0.724937141232234,-0.004305645468042685,-1.0103844245927147,1.272734379934075,1.5000000000000109,False
GBPUSD,売り,-1,2021-09-28 05:00:00,2021-09-28 09:00:00,1.3545137570146253,2021-09-30 09:00:00,1.3496193293176222,トレイル,trail,13,0.0041665431661237744,1.360763571763811,1.3495530863322476,0.004894427697003101,0.7831316436444512,3.1905962531987107,0.4047103121563324,True
USDCHF,買い,1,2021-09-29 09:00:00,2021-09-29 13:00:00,0.9350663429665702,2021-09-30 13:00:00,0.9339936570334297,時間切れ,time,6,0.002353837873741689,0.9315355861559577,0.9315355861559577,-0.0010726859331404714,-0.3038118994534706,0.7535170766074777,1.247470354405738,False
EURUSD,売り,-1,2021-09-28 01:00:00,2021-09-28 05:00:00,1.1680336775031448,2021-10-01 05:00:00,1.1601736205854727,トレイル,trail,19,0.0019386490443087847,1.170941651069608,1.1601472980886174,0.007860056917672109,2.7029327254965057,6.0679768407175345,1.0710151499316316,True
EURUSD,売り,-1,2021-10-06 01:00:00,2021-10-06 05:00:00,1.1551936775031446,2021-10-08 05:00:00,1.158337218812353,初期損切り,initial,13,0.0020781458749021446,1.1583108963154978,1.1583108963154978,-0.003143541309208464,-1.008444224945305,1.0892774807019707,1.4999999999999736,False
AUDUSD,買い,1,2021-10-07 17:00:00,2021-10-07 21:00:00,0.7320642521179044,2021-10-10 21:00:00,0.7314357478820956,時間切れ,time,6,0.002588538046089582,0.72818144504877,0.72818144504877,-0.0006285042358087356,-0.1618685205363174,0.6705514275587972,1.2378617045034297,False
EURUSD,売り,-1,2021-10-12 09:00:00,2021-10-12 13:00:00,1.1527936775031447,2021-10-13 01:00:00,1.1557189799004202,初期損切り,initial,4,0.001932653266946786,1.1556926574035649,1.1556926574035649,-0.0029253023972755088,-1.0090799169913234,0.17782677784081904,1.5000000000000142,False
USDJPY,買い,1,2021-10-08 09:00:00,2021-10-08 13:00:00,112.19979265018452,2021-10-13 09:00:00,113.28611177360058,トレイル,trail,18,0.2580477881074499,111.81272096802334,113.28790442378511,1.086319123416061,2.8065063229392297,6.216706454183973,0.2433372928520238,True
USDCHF,売り,-1,2021-10-14 01:00:00,2021-10-14 05:00:00,0.9202336570334297,2021-10-14 09:00:00,0.9234761014151189,初期損切り,initial,2,0.0020974009434126585,0.9233797584485487,0.9233797584485487,-0.0032424443816891912,-1.0306229691475344,0.368864634994813,1.4999999999999827,False
GBPUSD,買い,1,2021-10-15 09:00:00,2021-10-15 13:00:00,1.3758962429853747,2021-10-18 13:00:00,1.3732137570146254,時間切れ,time,6,0.003441196431741778,1.3707344483377621,1.3707344483377621,-0.002682485970749271,-0.5196808772681266,0.18126167075836774,1.4577031811100722,False
EURUSD,買い,1,2021-10-28 09:00:00,2021-10-28 13:00:00,1.1678963224968553,2021-10-29 05:00:00,1.1637322461114876,初期損切り,initial,5,0.002758502592341492,1.163758568608343,1.163758568608343,-0.004164076385367643,-1.0063615424127772,0.4037253784849696,1.5000000000000373,False
USDCHF,売り,-1,2021-10-28 09:00:00,2021-10-28 13:00:00,0.9121636570334297,2021-10-29 09:00:00,0.9156571464284077,初期損切り,initial,6,0.0022647642856051145,0.9155608034618374,0.9155608034618374,-0.0034934893949779555,-1.0283599687563194,0.8405541563550092,1.5000000000000195,False
EURUSD,売り,-1,2021-11-05 05:00:00,2021-11-05 09:00:00,1.1514436775031447,2021-11-05 09:00:00,1.154965201332159,初期損切り,initial,1,0.0023301342214393306,1.1549388788353037,1.1549388788353037,-0.0035215238290142725,-1.007531038802568,-0.0,1.4999999999999891,False
GBPUSD,売り,-1,2021-11-04 05:00:00,2021-11-04 09:00:00,1.3544537570146253,2021-11-05 09:00:00,1.3501963792156466,トレイル,trail,7,0.003840068115136096,1.3602138591873294,1.350130136230272,0.004257377798978723,0.7391149794448958,3.1259229406142945,0.48859627723249455,True
USDJPY,売り,-1,2021-11-08 09:00:00,2021-11-08 13:00:00,113.23520734981547,2021-11-10 01:00:00,113.237,建値,breakeven,10,0.25415761282550237,113.61644376905372,113.23520734981547,-0.0017926501845266785,-0.004702200771134518,1.9956409889783955,0.2273890187354613,True
USDCHF,買い,1,2021-11-10 17:00:00,2021-11-10 21:00:00,0.9185563429665703,2021-11-14 17:00:00,0.9191470205968232,トレイル,trail,12,0.002278318218303259,0.9151388656391154,0.9192433635633934,0.0005906776302528893,0.17284024842171727,2.3015472515225683,0.2836930159175235,True
GBPUSD,売り,-1,2021-11-10 13:00:00,2021-11-10 17:00:00,1.3405237570146253,2021-11-16 01:00:00,1.3469657508910147,初期損切り,initial,21,0.004250500594009785,1.34689950790564,1.34689950790564,-0.006441993876389329,-1.0103898327439373,1.2242692124214527,1.50000000000001,False
EURUSD,売り,-1,2021-11-10 09:00:00,2021-11-10 13:00:00,1.1512036775031447,2021-11-17 01:00:00,1.1318435765467438,トレイル,trail,28,0.002718627024944299,1.1552816180405612,1.1318172540498885,0.01936010095640084,4.7475191898375,9.13096106063072,0.12738874942306433,True
USDJPY,買い,1,2021-11-16 09:00:00,2021-11-16 13:00:00,114.62279265018452,2021-11-17 05:00:00,114.621,建値,breakeven,5,0.21693478558955218,114.2973904718002,114.62279265018452,-0.0017926501845266785,-0.005509029452191935,1.600514868428731,0.2295281969150759,True
USDJPY,買い,1,2021-11-22 21:00:00,2021-11-23 01:00:00,115.11679265018452,2021-11-23 01:00:00,114.70848099245045,初期損切り,initial,1,0.2710126716996999,114.71027364263497,114.71027364263497,-0.40831165773407463,-1.0044097573575481,0.0,1.4999999999999931,False
AUDUSD,売り,-1,2021-11-22 13:00:00,2021-11-22 17:00:00,0.7225657478820956,2021-11-23 17:00:00,0.7227842521179044,時間切れ,time,6,0.0022108660080272682,0.7258820468941365,0.7258820468941365,-0.00021850423580882516,-0.06588797783778678,0.8438991215756122,0.4949427572414305,False
USDCHF,買い,1,2021-11-22 21:00:00,2021-11-23 01:00:00,0.9331063429665702,2021-11-24 01:00:00,0.9335036570334297,時間切れ,time,6,0.002234076558649433,0.9297552281285961,0.9297552281285961,0.0003973140668594999,0.11856175812216817,0.6327701832583438,1.3277714029475889,False
GBPUSD,売り,-1,2021-11-24 09:00:00,2021-11-24 13:00:00,1.3322837570146253,2021-11-25 13:00:00,1.3325862429853745,時間切れ,time,6,0.003039819701808934,1.3368434865673386,1.3368434865673386,-0.00030248597074922223,-0.06633857715732702,0.5769279716101908,1.0251407290768577,False
USDJPY,売り,-1,2021-11-26 09:00:00,2021-11-26 13:00:00,113.06820734981547,2021-11-28 17:00:00,113.69779265018452,初期損切り,initial,2,0.3566245390027575,113.60314415831961,113.60314415831961,-0.6295853003690581,-1.176933967452326,0.011797701378706912,1.760374235435541,False
AUDUSD,買い,1,2021-12-08 09:00:00,2021-12-08 13:00:00,0.7178242521179043,2021-12-09 05:00:00,0.7136706043961776,初期損切り,initial,5,0.002739597069214965,0.713714856514082,0.713714856514082,-0.004153647721726772,-1.0107685222282232,0.32696336704446627,1.4999999999999816,False
EURUSD,買い,1,2021-12-16 05:00:00,2021-12-16 09:00:00,1.1359463224968553,2021-12-16 09:00:00,1.131576982850874,初期損切り,initial,1,0.0028953447660840298,1.1316033053477292,1.1316033053477292,-0.004369339645981407,-1.006060877945338,0.0,1.5000000000000209,False
USDJPY,買い,1,2021-12-15 13:00:00,2021-12-15 17:00:00,114.04279265018452,2021-12-16 09:00:00,113.72805325362059,初期損切り,initial,5,0.2086311642529441,113.72984590380511,113.72984590380511,-0.3147393965639367,-1.005728291491317,0.9835891514591181,1.4999999999999707,False
AUDUSD,買い,1,2021-12-16 01:00:00,2021-12-16 05:00:00,0.7201842521179044,2021-12-16 21:00:00,0.7158279265809367,初期損切り,initial,5,0.0028747156127088636,0.7158721786988411,0.7158721786988411,-0.004356325536967631,-1.0102623758001663,0.7638139482001062,1.4999999999999862,False
USDJPY,買い,1,2021-12-22 01:00:00,2021-12-22 05:00:00,114.29779265018453,2021-12-23 05:00:00,114.30620734981548,時間切れ,time,6,0.2145859567675911,113.97591371503314,113.97591371503314,0.008414699630947098,0.026142436525054,0.33649615707926356,1.0522247288953621,False
AUDUSD,買い,1,2021-12-23 01:00:00,2021-12-23 05:00:00,0.7241842521179044,2021-12-24 05:00:00,0.7242557478820957,時間切れ,time,6,0.002379098236310801,0.7206156047634382,0.7206156047634382,7.149576419129833e-05,0.020034415589374667,0.4017269516275529,0.884474665984087,False
USDCHF,売り,-1,2021-12-23 21:00:00,2021-12-24 01:00:00,0.9170936570334297,2021-12-24 13:00:00,0.9203145343011946,初期損切り,initial,4,0.002083022867463085,0.9202181913346243,0.9202181913346243,-0.0032208772677648767,-1.0308343443480243,0.044962076457536755,1.5000000000000044,False
EURUSD,買い,1,2021-12-29 13:00:00,2021-12-29 17:00:00,1.1348763224968552,2021-12-30 01:00:00,1.1312986719967906,初期損切り,initial,3,0.002367552002139569,1.1313249944936459,1.1313249944936459,-0.003577650500064644,-1.0074120151198376,0.4703919922934755,1.4999999999999951,False
GBPUSD,買い,1,2021-12-23 01:00:00,2021-12-23 05:00:00,1.3404362429853747,2022-01-03 05:00:00,1.348620461704402,トレイル,trail,43,0.0031616476551117522,1.335693771502707,1.3486867046897766,0.008184218719027303,1.7257286098478974,4.609544960224308,0.6187416179067028,True
USDCHF,買い,1,2022-01-10 09:00:00,2022-01-10 13:00:00,0.9263263429665702,2022-01-11 13:00:00,0.9246936570334298,時間切れ,time,6,0.00222184408090225,0.9229935768452169,0.9229935768452169,-0.0016326859331404764,-0.4898891412390716,0.6722600592311563,1.2765715609613875,False
AUDUSD,買い,1,2022-01-12 09:00:00,2022-01-12 13:00:00,0.7283842521179044,2022-01-14 05:00:00,0.7244332350760491,初期損切り,initial,11,0.0026045099493006434,0.7244774871939534,0.7244774871939534,-0.003951017041855298,-1.0113270490458843,1.1617340463253396,1.4999999999999838,False
USDCHF,売り,-1,2022-01-13 21:00:00,2022-01-14 01:00:00,0.9096836570334298,2022-01-14 09:00:00,0.9129418775082624,初期損切り,initial,3,0.0021079183388415775,0.9128455345416921,0.9128455345416921,-0.003258220474832596,-1.0304701767600022,0.09661523868223447,1.4999999999999953,False
AUDUSD,売り,-1,2022-01-23 21:00:00,2022-01-24 01:00:00,0.7164357478820956,2022-01-24 13:00:00,0.7142755628008348,トレイル,trail,4,0.002595655341465192,0.7203292308942935,0.7142313106829304,0.0021601850812608125,0.5548207285079264,2.8492796265936002,0.24049884741324062,True
GBPUSD,売り,-1,2022-01-27 01:00:00,2022-01-27 05:00:00,1.3426137570146255,2022-01-28 05:00:00,1.3418023543711148,トレイル,trail,7,0.002963055692870178,1.3470583405539307,1.3417361113857402,0.0008114026435106503,0.182559881333107,2.2961961298928717,0.18097634366607046,True
EURUSD,売り,-1,2022-01-26 13:00:00,2022-01-26 17:00:00,1.1241236775031447,2022-01-28 09:00:00,1.1169680247987175,トレイル,trail,11,0.0024058511509310572,1.1277324542295413,1.1169417023018622,0.007155652704427196,1.982847165934872,4.985211781910572,0.09407169548610438,True
USDCHF,買い,1,2022-01-27 05:00:00,2022-01-27 09:00:00,0.9317263429665702,2022-01-28 09:00:00,0.9300536570334298,時間切れ,time,6,0.002367150012904332,0.9281756179472137,0.9281756179472137,-0.0016726859331404054,-0.4710829264507642,0.871789714289313,0.8644754051981368,False
USDJPY,買い,1,2022-01-27 05:00:00,2022-01-27 09:00:00,115.38079265018453,2022-01-31 13:00:00,114.95814477991472,初期損切り,initial,14,0.280570146723524,114.95993743009925,114.95993743009925,-0.4226478702698131,-1.004259541283969,1.084247035431175,1.5000000000000016,False
USDJPY,買い,1,2022-02-10 01:00:00,2022-02-10 05:00:00,115.79279265018452,2022-02-10 09:00:00,115.791,建値,breakeven,2,0.21162962354312873,115.47534821486983,115.79279265018452,-0.0017926501845266785,-0.005647130600193276,1.8910743359797866,0.22110633379732092,True
AUDUSD,買い,1,2022-02-09 05:00:00,2022-02-09 09:00:00,0.7179442521179044,2022-02-10 13:00:00,0.7201428478506319,トレイル,trail,8,0.002341450015731867,0.7144320770943066,0.7201870999685362,0.002198595732727515,0.6259926450007377,2.9578884176738987,1.3855739375629166,True
USDCHF,売り,-1,2022-02-21 05:00:00,2022-02-21 09:00:00,0.9169336570334298,2022-02-22 09:00:00,0.9198563429665703,時間切れ,time,6,0.0019631677022732847,0.9198784085868397,0.9198784085868397,-0.0029226859331404897,-0.9925067973072682,0.964592597584513,1.4753415936989962,False
AUDUSD,買い,1,2022-02-23 01:00:00,2022-02-23 05:00:00,0.7265042521179044,2022-02-23 17:00:00,0.7224207541544986,初期損切り,initial,4,0.0026928305636676167,0.722465006272403,0.722465006272403,-0.004083497963405791,-1.0109555396222416,0.7039982045931927,1.4999999999999964,False
EURUSD,売り,-1,2022-02-23 21:00:00,2022-02-24 01:00:00,1.1237536775031447,2022-02-24 13:00:00,1.117248644664513,トレイル,trail,4,0.0032911610838287884,1.1286904191288878,1.1172223221676576,0.006505032838631797,1.317677393670065,3.9845140268518144,0.7493776311872561,True
GBPUSD,売り,-1,2022-02-24 01:00:00,2022-02-24 05:00:00,1.3433437570146254,2022-02-24 13:00:00,1.3368262429853746,トレイル,trail,3,0.0035447685370287286,1.3486609098201685,1.3343595370740573,0.006517514029250826,1.2257526288235248,4.534501151970466,0.247193286732641,True
USDJPY,買い,1,2022-03-03 01:00:00,2022-03-03 05:00:00,115.78679265018452,2022-03-03 13:00:00,115.41313755648352,初期損切り,initial,3,0.2479082956776483,115.41493020666805,115.41493020666805,-0.3736550937010037,-1.0048207346985063,0.0,1.5000000000000184,False
AUDUSD,買い,1,2022-03-02 13:00:00,2022-03-02 17:00:00,0.7297342521179043,2022-03-04 09:00:00,0.7316879271159055,トレイル,trail,11,0.002883910383095119,0.7254083865432617,0.7317321792338098,0.0019536749980011425,0.45162637726266336,2.6927840503009084,0.726184880841111,True
GBPUSD,売り,-1,2022-03-04 05:00:00,2022-03-04 09:00:00,1.3230637570146253,2022-03-09 05:00:00,1.317275521105622,トレイル,trail,18,0.004489639060123694,1.329798215604811,1.3172092781202474,0.0057882359090033475,0.8594953597960835,3.303997674640825,0.41790508329259907,True
USDCHF,買い,1,2022-03-08 17:00:00,2022-03-08 21:00:00,0.9295963429665702,2022-03-09 09:00:00,0.9253646097569049,初期損切り,initial,4,0.002756926828730016,0.9254609527234752,0.9254609527234752,-0.0042317332096653,-1.0232971886344082,0.05936212442213679,1.5000000000000133,False
USDJPY,買い,1,2022-03-08 17:00:00,2022-03-08 21:00:00,115.89179265018453,2022-03-09 21:00:00,116.04720734981548,時間切れ,time,6,0.2413783842895453,115.52972507375021,115.52972507375021,0.15541469963095267,0.4292422457749297,0.9164339651479444,1.378717697378107,False
AUDUSD,売り,-1,2022-03-14 09:00:00,2022-03-14 13:00:00,0.7215557478820956,2022-03-15 05:00:00,0.7216,建値,breakeven,5,0.0031414647901916626,0.7262679450673831,0.7215557478820956,-4.425211790437533e-05,-0.009390973290027013,1.599810348913387,0.11594976936925626,True
EURUSD,買い,1,2022-03-17 09:00:00,2022-03-17 13:00:00,1.1131363224968553,2022-03-18 01:00:00,1.1057216904116307,初期損切り,initial,4,0.004925539725579538,1.105748012908486,1.105748012908486,-0.007414632085224637,-1.0035627225064807,0.12459091537881498,1.5000000000000058,False
AUDUSD,買い,1,2022-03-17 09:00:00,2022-03-17 13:00:00,0.7391842521179044,2022-03-18 13:00:00,0.7409357478820956,時間切れ,time,6,0.003598986189428963,0.7337857728337609,0.7337857728337609,0.0017514957641912021,0.3244424349901169,0.5767590573680379,0.8736493980276299,False
USDCHF,売り,-1,2022-03-24 17:00:00,2022-03-24 21:00:00,0.9276536570334297,2022-03-27 17:00:00,0.9315340400142191,初期損切り,initial,6,0.002522693342812796,0.9314376970476489,0.9314376970476489,-0.0038803829807894097,-1.025460345611619,0.6396564362557545,1.4999999999999905,False
EURUSD,売り,-1,2022-03-27 21:00:00,2022-03-28 01:00:00,1.0954136775031447,2022-03-28 01:00:00,1.0997372119585822,初期損切り,initial,1,0.0028648079723881223,1.099710889461727,1.099710889461727,-0.004323534455437539,-1.0061254825475352,-0.0,1.5000000000000187,False
EURUSD,買い,1,2022-03-30 01:00:00,2022-03-30 05:00:00,1.1156463224968554,2022-03-31 05:00:00,1.1129236775031448,時間切れ,time,6,0.0038967450490043605,1.1098012049233488,1.1098012049233488,-0.0027226449937105546,-0.46579815708945854,0.7271908907329158,1.1461674912492597,False
USDCHF,売り,-1,2022-03-30 01:00:00,2022-03-30 05:00:00,0.9252836570334297,2022-04-01 05:00:00,0.9253334611273419,トレイル,trail,13,0.0028635590803858415,0.9295789956540085,0.9252371181607717,-4.980409391219798e-05,-0.011594916795055213,2.0162521084257627,0.7111230847368833,True
AUDUSD,買い,1,2022-04-04 13:00:00,2022-04-04 17:00:00,0.7543042521179044,2022-04-05 09:00:00,0.7588212745940843,トレイル,trail,5,0.0025372366440056366,0.7504983971518959,0.7588655267119887,0.0045170224761799105,1.1868614323254998,3.7977332169076656,0.2854491793721628,True
EURUSD,売り,-1,2022-04-05 09:00:00,2022-04-05 13:00:00,1.0914036775031446,2022-04-07 09:00:00,1.09143,建値,breakeven,12,0.00304755255842679,1.0959750063407847,1.0914036775031446,-2.632249685530219e-05,-0.005758171811785566,1.6090542850804703,0.789591795620268,True
GBPUSD,売り,-1,2022-04-08 01:00:00,2022-04-08 05:00:00,1.3043237570146253,2022-04-11 05:00:00,1.30439,建値,breakeven,7,0.003071136820130264,1.3089304622448208,1.3043237570146253,-6.624298537460938e-05,-0.014379688316154677,1.9809462654832886,0.3048522551121791,True
AUDUSD,売り,-1,2022-04-08 05:00:00,2022-04-08 09:00:00,0.7449957478820957,2022-04-12 05:00:00,0.74504,建値,breakeven,12,0.0026998517836885746,0.7490455255576285,0.7449957478820957,-4.425211790437533e-05,-0.010927048704853342,1.8800098260064786,0.5942000696470197,True
USDJPY,買い,1,2022-04-11 01:00:00,2022-04-11 05:00:00,125.33279265018453,2022-04-12 05:00:00,124.7692831386313,初期損切り,initial,7,0.3744779075791347,124.77107578881582,124.77107578881582,-0.5635095115532351,-1.0031913768444927,1.175522883742993,1.500000000000017,False
USDCHF,買い,1,2022-04-14 05:00:00,2022-04-14 09:00:00,0.9375863429665703,2022-04-20 01:00:00,0.948464868910187,トレイル,trail,23,0.002534394061621343,0.9337847518741382,0.9485612118767572,0.010878525943616713,2.8615718206182263,6.330371932439736,0.04985135046027497,True
AUDUSD,売り,-1,2022-04-21 21:00:00,2022-04-22 01:00:00,0.7341457478820956,2022-04-25 21:00:00,0.7192403173952338,トレイル,trail,12,0.0028680326386646853,0.7384477968400927,0.7191960652773294,0.014905430486861881,3.46472823354424,7.212521783478251,0.26995931199195294,True
GBPUSD,売り,-1,2022-04-22 01:00:00,2022-04-22 05:00:00,1.2886337570146253,2022-04-28 21:00:00,1.2493164528131946,トレイル,trail,29,0.0040601049139099375,1.2947239143854903,1.24925020982782,0.03931730420143076,6.455876557397897,11.700130420737947,0.7428977943503272,True
EURUSD,売り,-1,2022-04-25 01:00:00,2022-04-25 05:00:00,1.0744736775031447,2022-04-29 01:00:00,1.0547955924041672,トレイル,trail,24,0.0038546349536559346,1.0802556299336286,1.054769269907312,0.019678085098977505,3.40336336826808,7.111873843499515,0.3544622287927183,True
USDJPY,買い,1,2022-04-27 21:00:00,2022-04-28 01:00:00,129.84879265018452,2022-04-29 01:00:00,130.0426339592097,トレイル,trail,7,0.6037866953029035,128.94311260723018,130.0444266093942,0.19384130902517427,0.21402846461412373,2.324011709319857,0.1106229247913489,True
GBPUSD,売り,-1,2022-05-05 05:00:00,2022-05-05 09:00:00,1.2388337570146253,2022-05-09 05:00:00,1.2389,建値,breakeven,12,0.00690432014453487,1.2491902372314276,1.2388337570146253,-6.624298537460938e-05,-0.00639628367822661,1.8457656580007704,0.3456159238594324,True
AUDUSD,売り,-1,2022-05-08 17:00:00,2022-05-08 21:00:00,0.7012657478820956,2022-05-11 01:00:00,0.7008095624410436,トレイル,trail,14,0.004852655161569615,0.70854473062445,0.7007653103231393,0.00045618544105197056,0.06267159261108718,2.1031265446017198,0.33677483016859344,True
USDJPY,売り,-1,2022-05-12 01:00:00,2022-05-12 05:00:00,128.55020734981548,2022-05-12 17:00:00,128.552,建値,breakeven,4,0.5896502943304824,129.43468279131122,128.55020734981548,-0.0017926501845124676,-0.0020267947536010077,1.752237486777884,0.5118163309444183,True
EURUSD,売り,-1,2022-05-12 01:00:00,2022-05-12 05:00:00,1.0440236775031446,2022-05-16 01:00:00,1.042926436343201,トレイル,trail,12,0.0039650569231728045,1.0499712628879039,1.0429001138463456,0.001097241159943696,0.1844851463175957,2.283366337121839,0.14787240340202934,True
USDJPY,売り,-1,2022-05-19 05:00:00,2022-05-19 09:00:00,127.19020734981547,2022-05-19 21:00:00,128.02809046016907,初期損切り,initial,4,0.5573936401127259,128.02629780998456,128.02629780998456,-0.8378831103536015,-1.0021440863996345,0.291010406546182,1.5000000000000004,False
USDCHF,売り,-1,2022-05-19 21:00:00,2022-05-20 01:00:00,0.9708436570334298,2022-05-23 01:00:00,0.9720363429665703,時間切れ,time,6,0.0038672733600470257,0.9766445670735003,0.9766445670735003,-0.0011926859331404804,-0.20560324585312437,0.37330100539161043,1.4419314197386763,False
EURUSD,買い,1,2022-05-23 01:00:00,2022-05-23 05:00:00,1.0646163224968552,2022-05-25 01:00:00,1.0675487604713723,トレイル,trail,12,0.00365245851588623,1.059137634723026,1.0675750829682276,0.0029324379745170326,0.5352445869473954,2.81007366914733,0.04827501697507765,True
GBPUSD,買い,1,2022-05-26 21:00:00,2022-05-27 01:00:00,1.2653662429853747,2022-05-30 01:00:00,1.2646237570146255,時間切れ,time,6,0.004684974417816159,1.2583387813586504,1.2583387813586504,-0.0007424859707492182,-0.10565493064034254,0.09258471358473838,1.433570898452279,False
AUDUSD,買い,1,2022-05-26 21:00:00,2022-05-27 01:00:00,0.7143242521179044,2022-06-01 21:00:00,0.7158880906825642,トレイル,trail,24,0.003543828599765693,0.7090085092182559,0.7159323428004686,0.001563838564659803,0.294190030289689,2.4537721386047084,0.5542740182282739,True
USDJPY,買い,1,2022-06-01 09:00:00,2022-06-01 13:00:00,130.13479265018452,2022-06-02 13:00:00,129.78220734981548,時間切れ,time,6,0.4588239005131937,129.44655679941474,129.44655679941474,-0.3525853003690429,-0.5123030135304298,0.2336568554854199,1.355188013285801,False
GBPUSD,売り,-1,2022-06-10 05:00:00,2022-06-10 09:00:00,1.2382937570146253,2022-06-13 21:00:00,1.2194066839322075,トレイル,trail,10,0.0043002204734164965,1.24474408772475,1.219340440946833,0.01888707308241777,2.928078253843904,6.407521936365763,0.7269959772297193,True
EURUSD,売り,-1,2022-06-09 13:00:00,2022-06-09 17:00:00,1.0616136775031446,2022-06-14 01:00:00,1.0473704781208437,トレイル,trail,15,0.003817077811994292,1.0673392942211362,1.0473441556239884,0.014243199382300897,2.4876271122977736,5.73833664965315,0.6854255076053731,True
AUDUSD,売り,-1,2022-06-09 09:00:00,2022-06-09 13:00:00,0.7120457478820956,2022-06-14 21:00:00,0.691825210198033,トレイル,trail,21,0.003350479040064313,0.7170714664421921,0.6917809580801286,0.020220537684062623,4.023412262797797,8.048326092969079,0.51761318222455,True
USDJPY,買い,1,2022-06-21 05:00:00,2022-06-21 09:00:00,136.23679265018453,2022-06-22 09:00:00,135.80120734981548,時間切れ,time,6,0.639373323767403,135.27773266453343,135.27773266453343,-0.4355853003690413,-0.45417941201386175,0.7526234391200862,0.7644870876132347,False
USDCHF,売り,-1,2022-06-22 13:00:00,2022-06-22 17:00:00,0.9608636570334298,2022-06-23 01:00:00,0.9668652026974901,初期損切り,initial,3,0.003936801798326725,0.9667688597309199,0.9667688597309199,-0.006001545664060304,-1.01631492964859,0.2524020980309788,1.499999999999994,False
AUDUSD,売り,-1,2022-06-30 21:00:00,2022-07-01 01:00:00,0.6821857478820956,2022-07-01 13:00:00,0.68223,建値,breakeven,4,0.003360758061243616,0.687226884973961,0.6821857478820956,-4.425211790437533e-05,-0.008778201643391584,1.73346244386896,0.45056861883833804,True
GBPUSD,売り,-1,2022-06-29 05:00:00,2022-06-29 09:00:00,1.2152837570146253,2022-07-01 13:00:00,1.2063378532613436,トレイル,trail,14,0.004350805137984445,1.221809964721602,1.206271610275969,0.008945903753281748,1.3707660183292005,4.071374481926666,0.8242711111249493,True
EURUSD,売り,-1,2022-07-05 01:00:00,2022-07-05 05:00:00,1.0307136775031447,2022-07-08 05:00:00,1.0149470744843083,トレイル,trail,19,0.00386537599372654,1.0365117414937346,1.014920751987453,0.015766603018836367,2.7192875146644426,6.08574108736726,0.4621342140465679,True
USDJPY,買い,1,2022-07-11 05:00:00,2022-07-11 09:00:00,137.59279265018452,2022-07-12 05:00:00,136.80567659992317,初期損切り,initial,6,0.5235489333845537,136.8074692501077,136.8074692501077,-0.7871160502613463,-1.0022826903977908,0.30600262859821514,1.5000000000000064,False
GBPUSD,売り,-1,2022-07-11 21:00:00,2022-07-12 01:00:00,1.1864337570146255,2022-07-13 05:00:00,1.193793190115991,初期損切り,initial,8,0.004862126743993891,1.1937269471306164,1.1937269471306164,-0.007359433101365553,-1.0090828545973969,1.162815638570006,1.500000000000022,False
AUDUSD,買い,1,2022-07-19 01:00:00,2022-07-19 05:00:00,0.6893442521179044,2022-07-20 05:00:00,0.6905557478820956,時間切れ,time,6,0.0036992860277239854,0.6837953230763184,0.6837953230763184,0.0012114957641912172,0.21832965516620684,0.8990242595925466,0.30931701666993705,False
USDCHF,売り,-1,2022-07-27 13:00:00,2022-07-27 17:00:00,0.9596336570334297,2022-07-29 05:00:00,0.9566956057081369,トレイル,trail,10,0.003209631370783333,0.9644481040896047,0.9565992627415667,0.00293805132529279,0.6102572717098325,2.9454027398549747,1.1111378705461188,True
USDJPY,売り,-1,2022-07-27 21:00:00,2022-07-28 01:00:00,135.46020734981548,2022-07-29 05:00:00,133.57007388610666,トレイル,trail,8,0.5336406179610655,136.2606682767571,133.56828123592214,1.8901334637088212,2.361306342497746,5.54531879736219,0.6386182736363133,True
EURUSD,買い,1,2022-08-01 17:00:00,2022-08-01 21:00:00,1.0286963224968553,2022-08-02 01:00:00,1.0220295426303214,初期損切り,initial,2,0.004426971579785671,1.0220558651271767,1.0220558651271767,-0.006666779866533856,-1.003963958412796,0.0,1.5000000000000109,False
EURUSD,買い,1,2022-08-10 05:00:00,2022-08-10 09:00:00,1.0324463224968552,2022-08-12 05:00:00,1.0270970004655409,初期損切り,initial,12,0.003548666356306019,1.0271233229623962,1.0271233229623962,-0.00534932203131433,-1.0049450496256667,1.277572205425405,1.4999999999999996,False
USDCHF,売り,-1,2022-08-10 05:00:00,2022-08-10 09:00:00,0.9428836570334298,2022-08-12 05:00:00,0.94298,建値,breakeven,12,0.0032104666721232606,0.9476993570416147,0.9428836570334298,-9.634296657023977e-05,-0.020006014993976518,1.8077300362042052,0.540838184568935,True
AUDUSD,買い,1,2022-08-10 05:00:00,2022-08-10 09:00:00,0.7051542521179044,2022-08-15 01:00:00,0.7073417228397306,トレイル,trail,17,0.0031370125211825,0.7004487333361307,0.707385974957635,0.0021874707218262346,0.46487344398648117,2.7114166184103468,0.3679462896977326,True
EURUSD,売り,-1,2022-08-18 09:00:00,2022-08-18 13:00:00,1.0090136775031446,2022-08-23 09:00:00,0.996921753561472,トレイル,trail,18,0.003472715532308347,1.014222750801607,0.9968954310646166,0.012091923941672689,2.3213195992541844,5.48955920108804,0.26386339115034607,True
GBPUSD,売り,-1,2022-08-18 09:00:00,2022-08-18 13:00:00,1.1936437570146254,2022-08-23 09:00:00,1.1817223039513671,トレイル,trail,18,0.004943030482996295,1.20105830273912,1.1816560609659925,0.011921453063258314,1.6078467253732085,4.425171378139336,0.15096872008814247,True
USDCHF,買い,1,2022-08-23 01:00:00,2022-08-23 05:00:00,0.9665563429665702,2022-08-23 09:00:00,0.9625252786235413,初期損切り,initial,2,0.0026231475843058105,0.9626216215901116,0.9626216215901116,-0.004031064343028912,-1.0244853338654707,1.0306919250772084,1.4999999999999833,False
USDJPY,買い,1,2022-08-18 09:00:00,2022-08-18 13:00:00,135.6437926501845,2022-08-23 09:00:00,136.57540801207747,トレイル,trail,18,0.5663996688690158,134.79419314688099,136.577200662262,0.9316153618929661,1.0965347299174937,3.6479670864590945,0.006696067093568687,True
AUDUSD,売り,-1,2022-08-28 21:00:00,2022-08-29 01:00:00,0.6843357478820956,2022-08-29 05:00:00,0.6894969516576858,初期損切り,initial,2,0.0034113011051238183,0.6894526995397814,0.6894526995397814,-0.005161203775590151,-1.0086481407026693,0.07497077338363799,1.500000000000014,False
GBPUSD,売り,-1,2022-08-28 17:00:00,2022-08-28 21:00:00,1.1678137570146254,2022-08-29 21:00:00,1.1717062429853746,時間切れ,time,6,0.0049233572635858525,1.1751987929100043,1.1751987929100043,-0.0038924859707492043,-0.52707746121924,0.5999477300727287,1.3397855634328395,False
USDCHF,買い,1,2022-08-28 21:00:00,2022-08-29 01:00:00,0.9699763429665702,2022-08-30 01:00:00,0.9674436570334297,時間切れ,time,6,0.0029159042155681232,0.965602486643218,0.965602486643218,-0.0025326859331404883,-0.5790510126312064,0.28247053830926816,1.3773919407663515,False
EURUSD,売り,-1,2022-09-06 17:00:00,2022-09-06 21:00:00,0.9890236775031447,2022-09-07 09:00:00,0.9949265959864874,初期損切り,initial,4,0.003917730657658242,0.9949002734896321,0.9949002734896321,-0.0059029184833426784,-1.0044792081871619,0.3736034023379183,1.5000000000000036,False
USDJPY,買い,1,2022-08-28 17:00:00,2022-08-28 21:00:00,138.38379265018452,2022-09-07 13:00:00,143.9391592102694,トレイル,trail,47,0.5250240697730499,137.59625654552494,143.9409518604539,5.555366560084877,7.0541103159788126,12.584579889206923,0.6262430031572391,True
EURUSD,買い,1,2022-09-09 01:00:00,2022-09-09 05:00:00,1.0107163224968554,2022-09-09 05:00:00,1.0042053884098194,初期損切り,initial,1,0.004323074393453809,1.0042317109066747,1.0042317109066747,-0.006510934087035958,-1.0040592249033238,0.0,1.4999999999999865,False
USDCHF,売り,-1,2022-09-09 01:00:00,2022-09-09 05:00:00,0.9568636570334298,2022-09-12 05:00:00,0.9545763429665702,時間切れ,time,6,0.00393676884470935,0.9627688103004938,0.9627688103004938,0.002287314066859558,0.3873420321902643,0.9103041541912925,1.4926817393577738,False
GBPUSD,売り,-1,2022-09-16 01:00:00,2022-09-16 05:00:00,1.1369737570146254,2022-09-16 09:00:00,1.144559617235545,初期損切り,initial,2,0.005013078157029978,1.1444933742501704,1.1444933742501704,-0.00758586022091956,-1.0088093560216689,-0.0,1.4999999999999967,False
AUDUSD,売り,-1,2022-09-16 01:00:00,2022-09-16 05:00:00,0.6674357478820956,2022-09-18 17:00:00,0.6727674122321112,初期損切り,initial,4,0.003524941488074196,0.6727231601142069,0.6727231601142069,-0.005331664350015641,-1.0083693337991688,0.08390150108767039,1.4999999999999922,False
EURUSD,売り,-1,2022-09-21 13:00:00,2022-09-21 17:00:00,0.9840136775031447,2022-09-22 01:00:00,0.9904851935952941,初期損切り,initial,3,0.004296795730196036,0.9904588710984388,0.9904588710984388,-0.006471516092149354,-1.0040840506132382,0.7642154082560771,1.4999999999999993,False
USDJPY,売り,-1,2022-09-22 05:00:00,2022-09-22 09:00:00,140.72320734981548,2022-09-22 09:00:00,142.37538968694207,初期損切り,initial,1,1.1002597912947258,142.37359703675756,142.37359703675756,-1.6521823371265896,-1.0010861981256212,-0.0,1.4999999999999893,False
USDCHF,買い,1,2022-09-26 09:00:00,2022-09-26 13:00:00,0.9948963429665703,2022-09-27 05:00:00,0.9864399519111552,初期損切り,initial,5,0.005573365392563227,0.9865362948777254,0.9865362948777254,-0.008456391055415069,-1.0115242120076777,0.30208983528629535,1.499999999999998,False
USDJPY,買い,1,2022-10-02 21:00:00,2022-10-03 01:00:00,144.94479265018452,2022-10-03 09:00:00,144.26913866670702,初期損切り,initial,3,0.44924088886199215,144.27093131689153,144.27093131689153,-0.6756539834775026,-1.0026602656896102,0.6014754144484992,1.5000000000000042,False
AUDUSD,売り,-1,2022-10-09 21:00:00,2022-10-10 01:00:00,0.6332957478820956,2022-10-11 09:00:00,0.63334,建値,breakeven,9,0.0043489983229970455,0.6398192453665912,0.6332957478820956,-4.425211790437533e-05,-0.0067834958179334905,1.9741897431174253,0.17113184752656316,True
USDCHF,買い,1,2022-10-10 01:00:00,2022-10-10 05:00:00,0.9974963429665702,2022-10-11 09:00:00,0.9918348104496915,初期損切り,initial,8,0.0037101263668723418,0.9919311534162617,0.9919311534162617,-0.005661532516878731,-1.0173117134105303,1.243530968277828,1.4999999999999942,False
USDJPY,買い,1,2022-10-07 13:00:00,2022-10-09 17:00:00,145.3937926501845,2022-10-13 09:00:00,146.75429350977961,トレイル,trail,23,0.3744569200179394,144.8321072701576,146.75608615996413,1.3605008595951062,2.422176022331092,5.638051367068724,0.4160495957106231,True
USDCHF,買い,1,2022-10-21 01:00:00,2022-10-21 05:00:00,1.00991634296657,2022-10-21 09:00:00,1.0042958033010885,初期損切り,initial,2,0.0036827977992743037,1.0043921462676586,1.0043921462676586,-0.005620539665481594,-1.0174401767028178,1.3233572134724225,1.5000000000000027,False
AUDUSD,買い,1,2022-10-21 09:00:00,2022-10-21 13:00:00,0.6362142521179044,2022-10-24 01:00:00,0.6291954862765228,初期損切り,initial,4,0.004649675815651506,0.6292397383944272,0.6292397383944272,-0.007018765841381613,-1.006344832006767,1.0593744762838837,1.4999999999999953,False
USDCHF,売り,-1,2022-10-26 01:00:00,2022-10-26 05:00:00,0.9861436570334298,2022-10-26 05:00:00,0.9926622732434892,初期損切り,initial,1,0.004281515495659479,0.992565930276919,0.992565930276919,-0.006518616210059447,-1.0150013808066947,-0.0,1.4999999999999973,False
EURUSD,買い,1,2022-10-24 17:00:00,2022-10-24 21:00:00,0.9894563224968553,2022-10-27 05:00:00,1.000512715959603,トレイル,trail,15,0.00441548077177087,0.982833101339199,1.0005390384564583,0.011056393462747671,1.6693378040029225,4.509968117278926,1.0386915341533518,True
GBPUSD,買い,1,2022-10-25 09:00:00,2022-10-25 13:00:00,1.1470662429853746,2022-10-31 09:00:00,1.1497779022366552,トレイル,trail,24,0.007367927388985077,1.136014351901897,1.1498441452220298,0.002711659251280585,0.24535703716212587,2.3770262775401507,0.5410263667003419,True
AUDUSD,買い,1,2022-11-08 09:00:00,2022-11-08 13:00:00,0.6530242521179044,2022-11-09 05:00:00,0.6465094882101678,初期損切り,initial,5,0.004313674526554748,0.6465537403280722,0.6465537403280722,-0.006514763907736532,-1.0068390444746502,0.1288339856599091,1.500000000000008,False
USDJPY,売り,-1,2022-11-08 09:00:00,2022-11-08 13:00:00,145.53120734981547,2022-11-09 09:00:00,146.47931958157676,初期損切り,initial,6,0.6308797210511763,146.47752693139225,146.47752693139225,-0.9481122317612858,-1.0018943391000474,0.5662051543205201,1.500000000000014,False
USDCHF,売り,-1,2022-11-09 09:00:00,2022-11-09 13:00:00,0.9839036570334297,2022-11-11 09:00:00,0.9538565629327267,トレイル,trail,12,0.004320109983078254,0.9903838220080471,0.9537602199661565,0.030047094100703053,4.636779189788632,8.97746982955162,1.3926365278051063,True
EURUSD,買い,1,2022-11-10 05:00:00,2022-11-10 09:00:00,1.0122863224968552,2022-11-15 09:00:00,1.0366600898801117,トレイル,trail,19,0.0057817938115164785,1.0036136317795805,1.036686412376967,0.024373767383256473,2.810404311398714,6.220159119391345,0.22074853211005724,True
GBPUSD,買い,1,2022-11-10 13:00:00,2022-11-10 17:00:00,1.1707462429853746,2022-11-15 09:00:00,1.1863990879209365,トレイル,trail,17,0.008227334546844461,1.1584052411651078,1.1864653309063111,0.01565284493556196,1.2683609615757838,3.910593015445745,0.7263887169468047,True
GBPUSD,買い,1,2022-11-23 09:00:00,2022-11-23 13:00:00,1.2030662429853747,2022-11-27 17:00:00,1.204174208729344,トレイル,trail,14,0.005554774142640656,1.1947340817714136,1.2042404517147187,0.0011079657439694302,0.1329745927278716,2.211387303820374,0.19555124249538733,True
USDJPY,売り,-1,2022-11-30 17:00:00,2022-11-30 21:00:00,136.77620734981548,2022-12-02 05:00:00,135.20916617149783,トレイル,trail,9,0.7936867606566576,137.96673749080045,135.20737352131331,1.5670411783176519,1.3162549391829417,3.9766410456490204,0.2756662464717278,True
EURUSD,買い,1,2022-12-01 05:00:00,2022-12-01 09:00:00,1.0489963224968553,2022-12-02 09:00:00,1.0462236775031446,時間切れ,time,6,0.005604651748330179,1.04058934487436,1.04058934487436,-0.00277264499371066,-0.3298028278666589,0.9819838502516183,1.1002151023375357,False
AUDUSD,買い,1,2022-11-30 13:00:00,2022-11-30 17:00:00,0.6785142521179044,2022-12-05 09:00:00,0.67847,建値,breakeven,17,0.004051622491784041,0.6724368183802283,0.6785142521179044,-4.425211790437533e-05,-0.00728138221072515,1.6205231102872444,1.0500119708909894,True
GBPUSD,買い,1,2022-12-01 05:00:00,2022-12-01 09:00:00,1.2215062429853747,2022-12-05 09:00:00,1.22144,建値,breakeven,13,0.006505267303996541,1.21174834202938,1.2215062429853747,-6.624298537460938e-05,-0.006788651132384439,1.9928092742109031,1.2414928715401141,True
USDCHF,売り,-1,2022-12-01 09:00:00,2022-12-01 13:00:00,0.9379836570334298,2022-12-06 01:00:00,0.9445025474989471,初期損切り,initial,16,0.004281698332631403,0.9444062045323769,0.9444062045323769,-0.006518890465517346,-1.01500074021812,1.2433517309842754,1.5000000000000004,False
AUDUSD,買い,1,2022-12-13 05:00:00,2022-12-13 09:00:00,0.6866242521179043,2022-12-14 09:00:00,0.6860557478820957,時間切れ,time,6,0.0038811509986835047,0.6808025256198791,0.6808025256198791,-0.0005685042358086756,-0.09765217174003511,0.6997274476094327,1.165698556804139,False
EURUSD,買い,1,2022-12-13 05:00:00,2022-12-13 09:00:00,1.0646763224968554,2022-12-14 09:00:00,1.0646336775031446,時間切れ,time,6,0.004284230236456059,1.0582499771421714,1.0582499771421714,-4.2644993710760914e-05,-0.006635963577599744,0.6194059041373159,0.8534374426804514,False
GBPUSD,買い,1,2022-12-13 05:00:00,2022-12-13 09:00:00,1.2411862429853746,2022-12-14 09:00:00,1.2371537570146254,時間切れ,time,6,0.00587043496232791,1.2323805905418828,1.2323805905418828,-0.004032485970749233,-0.45794289481974587,0.554261657867871,1.1832586562921543,False
USDCHF,売り,-1,2022-12-13 05:00:00,2022-12-13 09:00:00,0.9257236570334297,2022-12-14 09:00:00,0.9267363429665703,時間切れ,time,6,0.0037696423460427298,0.9313781205524938,0.9313781205524938,-0.0010126859331405225,-0.17909496271860967,0.6694685600820948,1.1184994701145738,False
USDJPY,買い,1,2022-12-15 09:00:00,2022-12-15 13:00:00,138.10379265018452,2022-12-16 01:00:00,136.94009083538347,初期損切り,initial,4,0.7746061097443554,136.94188348556798,136.94188348556798,-1.163701814801044,-1.001542848820805,0.09321815166072225,1.499999999999998,False
AUDUSD,売り,-1,2022-12-19 21:00:00,2022-12-20 01:00:00,0.6645757478820956,2022-12-21 01:00:00,0.6671242521179044,時間切れ,time,6,0.003931946649019522,0.6704736678556249,0.6704736678556249,-0.0025485042358087684,-0.4321022067520115,0.31428399019699854,1.3134084917434363,False
USDJPY,売り,-1,2022-12-19 21:00:00,2022-12-20 01:00:00,132.93220734981549,2022-12-21 09:00:00,132.43149149030336,トレイル,trail,9,0.9303494200594348,134.32773147990463,132.42969884011885,0.5007158595121268,0.3588012910103811,2.5401287933995,0.8295728825576278,True
USDCHF,売り,-1,2022-12-30 09:00:00,2022-12-30 13:00:00,0.9217736570334297,2023-01-02 13:00:00,0.9257463429665702,時間切れ,time,6,0.0031065760203378696,0.9264335210639365,0.9264335210639365,-0.003972685933140485,-0.8525325861725666,0.02692901537964608,1.3701074555089672,False
USDJPY,売り,-1,2023-01-02 17:00:00,2023-01-02 21:00:00,130.1492073498155,2023-01-03 01:00:00,130.95366502310688,初期損切り,initial,2,0.5351100154045698,130.95187237292237,130.95187237292237,-0.8044576732913811,-1.0022333727431993,1.1889281297313943,1.500000000000026,False
GBPUSD,売り,-1,2022-12-21 09:00:00,2022-12-21 13:00:00,1.2068137570146253,2023-01-03 09:00:00,1.2025343261167258,トレイル,trail,51,0.0062190415656756875,1.2161423193631389,1.2024680831313512,0.0042794308978995055,0.45874495319007175,2.6987690687354164,1.27611994574479,True
USDCHF,買い,1,2023-01-03 01:00:00,2023-01-03 05:00:00,0.9371263429665703,2023-01-03 09:00:00,0.9317047871197187,初期損切り,initial,2,0.003550141920187531,0.931801130086289,0.931801130086289,-0.005421555846851556,-1.0180918526143823,0.772830240342838,1.5000000000000056,False
EURUSD,売り,-1,2023-01-03 01:00:00,2023-01-03 05:00:00,1.0547236775031448,2023-01-04 01:00:00,1.0603003558712751,初期損切り,initial,6,0.0037002372475166433,1.0602740333744198,1.0602740333744198,-0.005576678368130361,-1.0047424881333509,0.7468919742915315,1.5000000000000253,False
EURUSD,買い,1,2023-01-09 05:00:00,2023-01-09 09:00:00,1.0725363224968554,2023-01-10 09:00:00,1.0721536775031446,時間切れ,time,6,0.004303925020937275,1.0660804349654496,1.0660804349654496,-0.0003826449937107679,-0.05927070319136097,0.8210360278012393,0.3174596421193867,False
USDCHF,売り,-1,2023-01-09 05:00:00,2023-01-09 09:00:00,0.9191736570334298,2023-01-10 09:00:00,0.9244963429665702,時間切れ,time,6,0.004096848601877019,0.9253189299362453,0.9253189299362453,-0.0053226859331404475,-0.8661431342946213,0.5989132799063263,1.4782930869828632,False
AUDUSD,買い,1,2023-01-08 17:00:00,2023-01-08 21:00:00,0.6903442521179044,2023-01-12 09:00:00,0.6903,建値,breakeven,22,0.004531308579424134,0.6835472892487682,0.6903442521179044,-4.425211790437533e-05,-0.006510572259459637,1.7689697670323459,0.9675465797700238,True
GBPUSD,買い,1,2023-01-08 21:00:00,2023-01-09 01:00:00,1.2147162429853746,2023-01-12 09:00:00,1.21465,建値,breakeven,21,0.006072050639772733,1.2056081670257155,1.2147162429853746,-6.624298537460938e-05,-0.0072729943917912545,1.5766925512636722,0.9479899504906022,True
USDJPY,売り,-1,2023-01-12 09:00:00,2023-01-12 13:00:00,129.1952073498155,2023-01-16 01:00:00,128.82605996987286,トレイル,trail,10,0.8011336598441728,130.39690783958176,128.82426731968835,0.3691473799426319,0.3071875089394647,2.463018905233992,0.31304720142864667,True
USDCHF,売り,-1,2023-01-18 01:00:00,2023-01-18 05:00:00,0.9129136570334297,2023-01-19 05:00:00,0.918603233602248,初期損切り,initial,7,0.0037288224014986994,0.9185068906356778,0.9185068906356778,-0.0056895765688183,-1.0172249137835987,1.1702507021186972,1.5000000000000029,False
AUDUSD,買い,1,2023-01-24 17:00:00,2023-01-24 21:00:00,0.7086242521179044,2023-01-27 09:00:00,0.70858,建値,breakeven,16,0.0035695226676684877,0.7032699681164016,0.7086242521179044,-4.425211790437533e-05,-0.008264805881039472,1.5676459860529726,0.6735500350456646,True
AUDUSD,買い,1,2023-02-01 17:00:00,2023-02-01 21:00:00,0.7143042521179044,2023-02-02 09:00:00,0.7092940246081416,初期損切り,initial,4,0.0033106502612388912,0.709338276726046,0.709338276726046,-0.005010227509762766,-1.008911062663939,0.4034699459905551,1.5000000000000162,False
EURUSD,買い,1,2023-02-01 13:00:00,2023-02-01 17:00:00,1.0990763224968554,2023-02-02 09:00:00,1.0938415978009817,初期損切り,initial,5,0.003472268132678961,1.093867920297837,1.093867920297837,-0.005234724695873716,-1.005053852573105,1.2077631516057599,1.499999999999992,False
USDCHF,売り,-1,2023-02-01 05:00:00,2023-02-01 09:00:00,0.9151636570334297,2023-02-02 09:00:00,0.9116887892558106,トレイル,trail,7,0.0028262231446202187,0.91940299175036,0.9115924462892404,0.003474867777619073,0.8196728990852601,3.263598294065067,1.1380357466439388,True
USDJPY,売り,-1,2023-02-01 13:00:00,2023-02-01 17:00:00,128.9702073498155,2023-02-03 05:00:00,128.972,建値,breakeven,10,0.5660434859150701,129.8192725786881,128.9702073498155,-0.0017926501845124676,-0.0021113221028880914,1.5620837829907483,0.2858307783949741,True
USDJPY,買い,1,2023-02-03 13:00:00,2023-02-05 17:00:00,132.46279265018453,2023-02-06 17:00:00,132.6552073498155,時間切れ,time,6,0.6393443141433579,131.50377617896947,131.50377617896947,0.19241469963097302,0.20063753377164734,0.6854011838716807,1.4808806917335595,False
AUDUSD,売り,-1,2023-02-06 09:00:00,2023-02-06 13:00:00,0.6870557478820957,2023-02-06 21:00:00,0.6927963216138396,初期損切り,initial,3,0.003797547742559737,0.6927520694959353,0.6927520694959353,-0.00574057373174397,-1.0077685427376242,0.09367831722265585,1.4999999999999971,False
GBPUSD,売り,-1,2023-02-02 09:00:00,2023-02-02 13:00:00,1.2243037570146253,2023-02-07 09:00:00,1.206244064832785,トレイル,trail,18,0.005008910923705312,1.2318171234001833,1.2061778218474104,0.018059692181840337,2.403675164378286,5.618737774199882,0.4544387033520687,True
EURUSD,売り,-1,2023-02-03 13:00:00,2023-02-05 17:00:00,1.0783136775031448,2023-02-07 13:00:00,1.0760863224968553,トレイル,trail,12,0.004224278258153082,1.0846500948903743,1.0753685565163063,0.0022273550062894554,0.35151645956569294,2.697189154420469,0.37079055903386365,True
GBPUSD,売り,-1,2023-02-16 17:00:00,2023-02-16 21:00:00,1.1952837570146253,2023-02-17 09:00:00,1.2028747140912244,初期損切り,initial,4,0.005016476060816348,1.2028084711058498,1.2028084711058498,-0.00759095707659907,-1.008803389015378,0.7522725054151096,1.4999999999999876,False
USDCHF,買い,1,2023-02-16 21:00:00,2023-02-17 01:00:00,0.9292763429665702,2023-02-17 13:00:00,0.9250538221168526,初期損切り,initial,4,0.0027507852554315817,0.9251501650834228,0.9251501650834228,-0.004222520849717637,-1.0233492033786908,1.4263770774844384,1.5000000000000089,False
AUDUSD,売り,-1,2023-02-16 17:00:00,2023-02-16 21:00:00,0.6854957478820957,2023-02-20 01:00:00,0.6912035702421052,初期損切り,initial,8,0.0037757134947367654,0.6911593181242008,0.6911593181242008,-0.005707822360009551,-1.0078134667732053,1.14832544581033,1.5000000000000073,False
EURUSD,売り,-1,2023-02-16 17:00:00,2023-02-16 21:00:00,1.0653436775031446,2023-02-20 01:00:00,1.0702063435087605,初期損切り,initial,8,0.003224229005840379,1.0701800210119052,1.0701800210119052,-0.004862666005615912,-1.0054426441810147,1.2572548338848497,1.5000000000000129,False
EURUSD,売り,-1,2023-02-22 13:00:00,2023-02-22 17:00:00,1.0604736775031447,2023-02-23 17:00:00,1.0597363224968552,時間切れ,time,6,0.0028549481083498967,1.0647560996656695,1.0647560996656695,0.000737355006289464,0.17218176496983467,0.9610253493295288,0.8113361115323366,False
USDCHF,買い,1,2023-02-23 05:00:00,2023-02-23 09:00:00,0.9335363429665703,2023-02-27 05:00:00,0.937677904055264,トレイル,trail,12,0.0025778764890829467,0.9296695282329459,0.9377742470218342,0.004141561088693679,1.0710523710071147,3.6439515520665835,0.5998514564677215,True
USDJPY,買い,1,2023-02-14 09:00:00,2023-02-14 13:00:00,133.0847926501845,2023-02-28 13:00:00,135.8082073498155,最大保有,max,60,0.6825722873722847,132.0609342191261,135.55385542525545,2.723414699630979,2.6599524084746884,5.617291268264263,0.7864260827977838,True
USDJPY,買い,1,2023-03-07 13:00:00,2023-03-07 17:00:00,137.16479265018452,2023-03-08 05:00:00,137.163,建値,breakeven,4,0.4551040576886806,136.4821365636515,137.16479265018452,-0.0017926501845124676,-0.0026259931169979466,1.6418384701079043,0.2126824592074358,True
AUDUSD,売り,-1,2023-03-07 01:00:00,2023-03-07 05:00:00,0.6674757478820956,2023-03-08 09:00:00,0.6624166739045323,トレイル,trail,8,0.0027962108933139197,0.6716700642220665,0.6623724217866279,0.005059073977563333,1.2061736806429,3.825086265013283,0.1445713979839712,True
EURUSD,売り,-1,2023-03-07 21:00:00,2023-03-08 01:00:00,1.0530836775031447,2023-03-09 01:00:00,1.0552663224968553,時間切れ,time,6,0.002976878155246715,1.0575489947360148,1.0575489947360148,-0.0021826449937105696,-0.4887995364906425,0.04826448905591627,1.4499493334141798,False
GBPUSD,売り,-1,2023-03-07 09:00:00,2023-03-07 13:00:00,1.1849137570146253,2023-03-09 09:00:00,1.1918356272695185,初期損切り,initial,12,0.004570418179679007,1.191769384284144,1.191769384284144,-0.006921870254893214,-1.009662571019465,1.0072944823943173,1.5000000000000209,False
EURUSD,買い,1,2023-03-12 21:00:00,2023-03-13 01:00:00,1.0718063224968553,2023-03-13 05:00:00,1.0661318029779985,初期損切り,initial,2,0.0037654646813342616,1.0661581254748538,1.0661581254748538,-0.00567451951885678,-1.0046603361661879,0.5108738670902038,1.5000000000000226,False
USDJPY,売り,-1,2023-03-13 01:00:00,2023-03-13 05:00:00,133.8082073498155,2023-03-13 21:00:00,133.81,建値,breakeven,5,0.7892029973814301,134.99201184588765,133.8082073498155,-0.0017926501845124676,-0.001514312701514877,1.9287906341792436,0.19233663669317663,True
USDCHF,売り,-1,2023-03-13 05:00:00,2023-03-13 09:00:00,0.9097036570334298,2023-03-14 09:00:00,0.9111063429665702,時間切れ,time,6,0.00407935646205134,0.9158226917265069,0.9158226917265069,-0.001402685933140413,-0.22923320482679926,0.6284464369021356,1.192919278283197,False
GBPUSD,買い,1,2023-03-12 17:00:00,2023-03-12 21:00:00,1.2074762429853747,2023-03-15 05:00:00,1.2105596416711248,トレイル,trail,15,0.004897057671750263,1.2001306564777494,1.2106258846564995,0.0030833986857501383,0.4197620819725269,2.643170222252889,0.5750887929339176,True
AUDUSD,買い,1,2023-03-19 17:00:00,2023-03-19 21:00:00,0.6725442521179044,2023-03-20 01:00:00,0.6676917156552145,初期損切り,initial,2,0.0032055228965236844,0.6677359677731188,0.6677359677731188,-0.004852536462689905,-1.0092033071946689,0.02363042927498053,1.5000000000000009,False
GBPUSD,買い,1,2023-03-20 01:00:00,2023-03-20 05:00:00,1.2214162429853745,2023-03-21 09:00:00,1.22135,建値,breakeven,8,0.004380906953600311,1.214844882554974,1.2214162429853745,-6.624298537460938e-05,-0.010080558824342625,1.6238091997774882,0.6725189593340543,True
EURUSD,買い,1,2023-03-21 05:00:00,2023-03-21 09:00:00,1.0781563224968553,2023-03-22 09:00:00,1.0781636775031447,時間切れ,time,6,0.0036551664677806836,1.0726735727951844,1.0726735727951844,7.355006289344601e-06,0.0013414813167748568,0.5098748633126465,0.6802214122863349,False
GBPUSD,買い,1,2023-03-28 09:00:00,2023-03-28 13:00:00,1.2344662429853746,2023-03-29 13:00:00,1.2308337570146255,時間切れ,time,6,0.003952159778593309,1.2285380033174846,1.2285380033174846,-0.0036324859707490553,-0.6127427658541282,0.4260346516721118,1.0566989239642772,False
AUDUSD,買い,1,2023-04-03 05:00:00,2023-04-03 09:00:00,0.6763042521179043,2023-04-04 09:00:00,0.6723757478820956,時間切れ,time,6,0.003048321871955146,0.6717317693099716,0.6717317693099716,-0.003928504235808705,-0.8591621665571302,0.9991556043070237,1.3792021625353412,False
EURUSD,買い,1,2023-04-04 09:00:00,2023-04-04 13:00:00,1.0946463224968552,2023-04-05 13:00:00,1.0896436775031446,時間切れ,time,6,0.0037705733008714455,1.088990462545548,1.088990462545548,-0.005002644993710614,-0.884506518333152,0.6136142486899738,1.3277350942092117,False
USDCHF,売り,-1,2023-04-04 01:00:00,2023-04-04 05:00:00,0.9116936570334297,2023-04-05 13:00:00,0.9074063429665702,トレイル,trail,9,0.0025428273031244297,0.9155078979881164,0.9058956546062489,0.00428731406685956,1.1240281140580906,4.280140070879668,0.9423931242305631,True
AUDUSD,売り,-1,2023-04-10 05:00:00,2023-04-10 09:00:00,0.6623557478820956,2023-04-10 21:00:00,0.6662289036064492,初期損切り,initial,4,0.002552602404299432,0.6661846514885448,0.6661846514885448,-0.0038731557243535386,-1.0115573862527787,0.1550370247356382,1.5000000000000058,False
USDJPY,買い,1,2023-04-11 21:00:00,2023-04-12 01:00:00,133.7637926501845,2023-04-12 05:00:00,133.06451232698825,初期損切り,initial,2,0.464991782007827,133.06630497717276,133.06630497717276,-0.6992803231962625,-1.0025701532140079,0.44346450366302376,1.5000000000000207,False
EURUSD,買い,1,2023-04-12 09:00:00,2023-04-12 13:00:00,1.0996463224968553,2023-04-14 05:00:00,1.101852810802295,トレイル,trail,11,0.0028604333504248206,1.0953556724712181,1.1018791332991502,0.002206488305439569,0.5142550178307469,2.78058480263605,0.6839252159344121,True
GBPUSD,買い,1,2023-04-13 05:00:00,2023-04-13 09:00:00,1.2532062429853745,2023-04-14 05:00:00,1.2483715272587397,初期損切り,initial,6,0.0031789818275068773,1.2484377702441143,1.2484377702441143,-0.004834715726634853,-1.0138918662156446,0.4667396969013794,1.4999999999999771,False
USDCHF,売り,-1,2023-04-12 05:00:00,2023-04-12 09:00:00,0.8977536570334298,2023-04-14 05:00:00,0.8910232792647773,トレイル,trail,12,0.002468468149103505,0.901456359257085,0.8909269362982071,0.006730377768652485,1.8176935011555824,4.765569706743857,0.2010732715957696,True
AUDUSD,売り,-1,2023-04-25 21:00:00,2023-04-26 01:00:00,0.6610757478820957,2023-04-27 01:00:00,0.6616442521179043,時間切れ,time,6,0.002382063078070973,0.6646488424992021,0.6646488424992021,-0.0005685042358086756,-0.1591069637750198,0.8042389388139528,0.34602447159874067,False
GBPUSD,買い,1,2023-04-28 09:00:00,2023-04-28 13:00:00,1.2575262429853746,2023-05-01 05:00:00,1.2515832694681392,初期損切り,initial,5,0.0039178203545737755,1.2516495124535139,1.2516495124535139,-0.005942973517235384,-1.0112720814772065,0.016273593185793304,1.5000000000000284,False
USDJPY,買い,1,2023-04-28 01:00:00,2023-04-28 05:00:00,135.63979265018452,2023-05-02 09:00:00,136.6838111212608,トレイル,trail,14,0.5441981142773517,134.82349547876848,136.6856037714453,1.0440184710762708,1.27896862519469,3.921747050978902,0.014319509715429031,True
USDCHF,売り,-1,2023-05-03 13:00:00,2023-05-03 17:00:00,0.8849136570334297,2023-05-04 17:00:00,0.8853763429665702,時間切れ,time,6,0.00288850772127007,0.8892464186153348,0.8892464186153348,-0.000462685933140472,-0.10678776673814351,0.9983206941755398,1.4700819164516963,False
GBPUSD,買い,1,2023-05-04 09:00:00,2023-05-04 13:00:00,1.2595962429853746,2023-05-09 05:00:00,1.25953,建値,breakeven,17,0.0037363410977881285,1.2539917313386924,1.2595962429853746,-6.624298537460938e-05,-0.01181958207078122,1.9440829475995944,0.9705331741583528,True
AUDUSD,買い,1,2023-05-07 21:00:00,2023-05-08 01:00:00,0.6773842521179044,2023-05-10 09:00:00,0.67734,建値,breakeven,15,0.0028340660325786196,0.6731331530690365,0.6773842521179044,-4.425211790437533e-05,-0.010409571124003734,1.5722103263915277,1.0529931496300247,True
EURUSD,売り,-1,2023-05-11 01:00:00,2023-05-11 05:00:00,1.0928236775031448,2023-05-12 05:00:00,1.0914063224968553,時間切れ,time,6,0.0031877158762533427,1.0976052513175247,1.0976052513175247,0.001417355006289478,0.2964201874343028,0.8795255323821672,0.6450770949110312,False
GBPUSD,売り,-1,2023-05-17 01:00:00,2023-05-17 05:00:00,1.2426637570146253,2023-05-17 05:00:00,1.2476975794638643,初期損切り,initial,1,0.0033117196425762733,1.2476313364784897,1.2476313364784897,-0.0050338224492390005,-1.0133350630536382,-0.0,1.4999999999999942,False
USDCHF,買い,1,2023-05-17 01:00:00,2023-05-17 05:00:00,0.9003363429665703,2023-05-18 05:00:00,0.9003736570334298,時間切れ,time,6,0.0024252252340992747,0.8966985051154214,0.8966985051154214,3.7314066859472916e-05,0.01025721002042141,0.9210101404289901,1.0293241763573546,False
USDJPY,買い,1,2023-05-18 05:00:00,2023-05-18 09:00:00,138.3027926501845,2023-05-19 09:00:00,137.66863239145164,初期損切り,initial,7,0.4215784056989072,137.67042504163615,137.67042504163615,-0.6341602587328623,-1.00283482291039,1.053676715435867,1.499999999999974,False
USDCHF,買い,1,2023-05-24 21:00:00,2023-05-25 01:00:00,0.9064263429665702,2023-05-26 01:00:00,0.9045136570334298,時間切れ,time,6,0.002325531987894393,0.9029380449847286,0.9029380449847286,-0.0019126859331404233,-0.5483149498973285,0.39718096256594093,1.1379516516417647,False
AUDUSD,売り,-1,2023-05-23 21:00:00,2023-05-24 01:00:00,0.6595957478820956,2023-05-26 05:00:00,0.65328545141797,トレイル,trail,14,0.002100599650032844,0.662746647357145,0.6532411993000656,0.00631029646412562,2.0026968534205474,5.025111701761273,0.2781358731994577,True
EURUSD,売り,-1,2023-05-24 09:00:00,2023-05-24 13:00:00,1.0755736775031446,2023-05-26 05:00:00,1.0756,建値,breakeven,11,0.0026067520067405035,1.0794838055132554,1.0755736775031446,-2.632249685530219e-05,-0.006731875986473549,1.8619636584508694,0.3975531597082389,True
AUDUSD,売り,-1,2023-05-31 01:00:00,2023-05-31 05:00:00,0.6477757478820956,2023-05-31 21:00:00,0.6513810300492773,初期損切り,initial,5,0.0023740200328515254,0.6513367779313729,0.6513367779313729,-0.0036052821671817004,-1.0124267746388136,0.8196004478355009,1.5000000000000155,False
EURUSD,買い,1,2023-06-08 09:00:00,2023-06-08 13:00:00,1.0784963224968553,2023-06-09 09:00:00,1.0745354760132364,初期損切り,initial,6,0.0026230159911758205,1.0745617985100917,1.0745617985100917,-0.0039608464836189405,-1.0066901350566835,0.03571366070955706,1.4999999999999647,False
USDCHF,売り,-1,2023-06-08 09:00:00,2023-06-08 13:00:00,0.9001236570334298,2023-06-09 13:00:00,0.9031363429665702,時間切れ,time,6,0.002659591197535537,0.9041130438297331,0.9041130438297331,-0.0030126859331404132,-0.7551751903154803,0.618011157110499,1.1867774902755583,False
GBPUSD,買い,1,2023-06-08 09:00:00,2023-06-08 13:00:00,1.2554562429853746,2023-06-12 09:00:00,1.2500887273559431,初期損切り,initial,12,0.003534181762704639,1.2501549703413177,1.2501549703413177,-0.005367515629431496,-1.0124956760050439,1.2743422146965973,1.4999999999999798,False
AUDUSD,買い,1,2023-06-14 09:00:00,2023-06-14 13:00:00,0.6827642521179044,2023-06-14 13:00:00,0.6790616279839797,初期損切り,initial,1,0.0024389146773468712,0.6791058801018841,0.6791058801018841,-0.003702624133924637,-1.0120961230051364,0.0,1.4999999999999813,False
USDCHF,売り,-1,2023-06-14 09:00:00,2023-06-14 13:00:00,0.8966636570334298,2023-06-14 13:00:00,0.9007730814971932,初期損切り,initial,1,0.002675387664795396,0.9006767385306229,0.9006767385306229,-0.004109424463763389,-1.0240072290178213,-0.0,1.5000000000000209,False
USDJPY,買い,1,2023-06-14 21:00:00,2023-06-15 01:00:00,141.2727926501845,2023-06-15 09:00:00,140.5336868170479,初期損切り,initial,3,0.49154212196804903,140.53547946723242,140.53547946723242,-0.7391058331365912,-1.0024313279973378,0.47240580092257123,1.5000000000000104,False
EURUSD,買い,1,2023-06-21 13:00:00,2023-06-21 17:00:00,1.0987763224968552,2023-06-22 09:00:00,1.0950448677022042,初期損切り,initial,5,0.0024700881985304885,1.0950711901990595,1.0950711901990595,-0.003731454794650979,-1.0071043338643821,1.0055015463100896,1.4999999999999774,False
EURUSD,売り,-1,2023-06-30 01:00:00,2023-06-30 05:00:00,1.0838736775031448,2023-06-30 05:00:00,1.0880164314192933,初期損切り,initial,1,0.002744287612862117,1.087990108922438,1.087990108922438,-0.004142753916148489,-1.0063944942048453,-0.0,1.5000000000000042,False
GBPUSD,売り,-1,2023-06-28 05:00:00,2023-06-28 09:00:00,1.2640237570146253,2023-06-30 05:00:00,1.2691123662443478,初期損切り,initial,12,0.0033482441628986085,1.2690461232589731,1.2690461232589731,-0.0050886092297224295,-1.0131895967262574,1.4675623328411889,1.4999999999999722,False
GBPUSD,買い,1,2023-07-07 09:00:00,2023-07-07 13:00:00,1.2850362429853746,2023-07-10 05:00:00,1.2791886817239695,初期損切り,initial,5,0.003854212184020317,1.279254924709344,1.279254924709344,-0.005847561261405065,-1.011458110799614,0.0,1.499999999999995,False
USDCHF,売り,-1,2023-07-07 09:00:00,2023-07-07 13:00:00,0.8878936570334297,2023-07-10 05:00:00,0.891774226483891,初期損切り,initial,5,0.002522817655927428,0.8916778835173208,0.8916778835173208,-0.0038805694504613353,-1.0254590910402193,0.10847277558359286,1.4999999999999816,False
EURUSD,買い,1,2023-07-10 21:00:00,2023-07-11 01:00:00,1.1020063224968553,2023-07-11 05:00:00,1.0980738410727613,初期損切り,initial,2,0.0026041059514924805,1.0981001635696166,1.0981001635696166,-0.00393248142409397,-1.0067387163056,0.270218461250212,1.4999999999999796,False
USDJPY,売り,-1,2023-07-12 09:00:00,2023-07-12 13:00:00,138.40220734981548,2023-07-13 13:00:00,138.06979265018452,時間切れ,time,6,0.586612354024325,139.28212588085196,139.28212588085196,0.3324146996309594,0.3777789510119718,0.6362077908096899,0.9440521434390741,False
AUDUSD,買い,1,2023-07-11 17:00:00,2023-07-11 21:00:00,0.6711842521179043,2023-07-14 09:00:00,0.6841899348422361,トレイル,trail,16,0.0026329065199297607,0.6672348923380097,0.6842341869601405,0.01300568272433178,3.293111655853936,6.956474809665588,1.0878670002992434,True
GBPUSD,売り,-1,2023-07-27 13:00:00,2023-07-27 17:00:00,1.2794337570146255,2023-07-28 05:00:00,1.2865771359445564,初期損切り,initial,4,0.004718090629704152,1.2865108929591818,1.2865108929591818,-0.007143378929930888,-1.0093601403016166,0.6642002582349684,1.5000000000000107,False
USDCHF,買い,1,2023-07-28 01:00:00,2023-07-28 05:00:00,0.8712663429665702,2023-07-28 09:00:00,0.8661116650211714,初期損切り,initial,2,0.0033722233192190797,0.8662080079877417,0.8662080079877417,-0.005154677945398811,-1.0190463792875382,0.2086626438467106,1.4999999999999858,False
AUDUSD,売り,-1,2023-07-27 13:00:00,2023-07-27 17:00:00,0.6708257478820956,2023-07-31 01:00:00,0.6690765811829972,トレイル,trail,9,0.003396164532546348,0.6759199946809151,0.6690323290650928,0.0017491666990984145,0.34336120101282586,2.5280718292108744,0.1690884267829768,True
USDJPY,買い,1,2023-07-31 01:00:00,2023-07-31 05:00:00,142.41979265018452,2023-08-01 05:00:00,142.69320734981548,時間切れ,time,6,0.880959749584567,141.09835302580768,141.09835302580768,0.2734146996309619,0.20690669069341378,0.4815286396631834,0.4663012701525236,False
EURUSD,売り,-1,2023-08-02 13:00:00,2023-08-02 17:00:00,1.0943036775031447,2023-08-03 17:00:00,1.0951063224968554,時間切れ,time,6,0.003096085188362525,1.0989478052856885,1.0989478052856885,-0.0008026449937106328,-0.1728300837732311,0.9927625747179213,0.6447892662511511,False
AUDUSD,売り,-1,2023-08-08 05:00:00,2023-08-08 09:00:00,0.6508057478820957,2023-08-08 21:00:00,0.6550339179706092,初期損切り,initial,4,0.0027892786470727405,0.6549896658527048,0.6549896658527048,-0.004228170088513505,-1.0105767173771698,0.4215239962954342,1.5000000000000069,False
USDJPY,買い,1,2023-08-09 21:00:00,2023-08-10 01:00:00,144.03879265018452,2023-08-10 05:00:00,143.41102721980232,初期損切り,initial,2,0.4173151867984495,143.41281986998683,143.41281986998683,-0.6277654303821976,-1.0028637829650633,0.16104697825898925,1.500000000000026,False
EURUSD,買い,1,2023-08-10 05:00:00,2023-08-10 09:00:00,1.1042463224968553,2023-08-10 13:00:00,1.1000369986159322,初期損切り,initial,2,0.0027886675893785363,1.1000633211127875,1.1000633211127875,-0.004209323880923099,-1.0062927296547288,0.1232407564292268,1.4999999999999973,False
USDCHF,買い,1,2023-08-14 05:00:00,2023-08-14 09:00:00,0.8807663429665702,2023-08-14 09:00:00,0.8769119662382429,初期損切り,initial,1,0.0025053558411713963,0.8770083092048131,0.8770083092048131,-0.0038543767283273356,-1.0256365356667778,0.0,1.5000000000000004,False
EURUSD,売り,-1,2023-08-14 05:00:00,2023-08-14 09:00:00,1.0905536775031448,2023-08-15 09:00:00,1.0947054069354265,初期損切り,initial,7,0.002750271290284333,1.0946790844385712,1.0946790844385712,-0.004151729432281703,-1.0063805819079719,1.1175906587844404,1.4999999999999643,False
USDCHF,買い,1,2023-08-24 05:00:00,2023-08-24 09:00:00,0.8830963429665702,2023-08-25 09:00:00,0.883,建値,breakeven,7,0.0023542275368612134,0.8795650016612784,0.8830963429665702,-9.634296657023977e-05,-0.0272822585644347,1.6114232690046701,1.009393921939496,True
USDJPY,買い,1,2023-08-29 05:00:00,2023-08-29 09:00:00,147.24079265018452,2023-08-29 09:00:00,146.69598601547716,初期損切り,initial,1,0.36200932301523847,146.69777866566167,146.69777866566167,-0.5448066347073564,-1.0033012965330421,0.0,1.4999999999999618,False
GBPUSD,売り,-1,2023-08-24 13:00:00,2023-08-24 17:00:00,1.2602737570146254,2023-08-30 05:00:00,1.266185614327772,初期損切り,initial,22,0.0038970762185146983,1.2661193713423975,1.2661193713423975,-0.005911857313146696,-1.0113320827650112,1.4045804361280152,1.50000000000001,False
EURUSD,買い,1,2023-08-30 17:00:00,2023-08-30 21:00:00,1.0933563224968552,2023-08-31 01:00:00,1.0893173098181868,初期損切り,initial,2,0.0026751267878754605,1.089343632315042,1.089343632315042,-0.004039012678668463,-1.0065598129091986,0.22192499654053824,1.499999999999989,False
AUDUSD,買い,1,2023-08-30 05:00:00,2023-08-30 09:00:00,0.6509842521179043,2023-08-31 05:00:00,0.6465531436670022,初期損切り,initial,6,0.0029245708886651393,0.6465973957849066,0.6465973957849066,-0.00443110845090211,-1.0100874326728093,0.42937850710428976,1.5000000000000089,False
GBPUSD,売り,-1,2023-09-05 01:00:00,2023-09-05 05:00:00,1.2534737570146255,2023-09-05 09:00:00,1.2586066064312609,初期損切り,initial,2,0.0033777376208404646,1.2585403634458863,1.2585403634458863,-0.005132849416635388,-1.0130744288654385,0.03071790241646324,1.5000000000000242,False
EURUSD,売り,-1,2023-09-05 01:00:00,2023-09-05 05:00:00,1.0747936775031448,2023-09-06 01:00:00,1.07482,建値,breakeven,6,0.0026055005925898563,1.0787019283920296,1.0747936775031448,-2.632249685530219e-05,-0.006735109286398266,1.5903575362559819,0.3555257287178133,True
USDJPY,買い,1,2023-09-05 09:00:00,2023-09-05 13:00:00,147.6367926501845,2023-09-06 01:00:00,147.0438513745729,初期損切り,initial,4,0.3940990836180619,147.04564402475742,147.04564402475742,-0.5929412756115937,-1.003032486429628,0.4572640670998121,1.4999999999999705,False
AUDUSD,売り,-1,2023-09-05 01:00:00,2023-09-05 05:00:00,0.6376957478820956,2023-09-06 05:00:00,0.6390842521179044,時間切れ,time,6,0.0027751352548749816,0.6418584507644081,0.6418584507644081,-0.0013885042358088295,-0.3335583333868607,0.704739662205665,0.9888714840416087,False
USDCHF,買い,1,2023-09-05 01:00:00,2023-09-05 05:00:00,0.8879863429665702,2023-09-08 01:00:00,0.8903221358813836,トレイル,trail,18,0.002035760576023075,0.8849327021025356,0.8904184788479539,0.0023357929148134504,0.7649206369760497,3.194706248872801,0.3076702505919143,True
EURUSD,売り,-1,2023-09-14 05:00:00,2023-09-14 09:00:00,1.0676636775031447,2023-09-15 09:00:00,1.06769,建値,breakeven,7,0.0028636471470250844,1.0719591482236823,1.0676636775031447,-2.632249685530219e-05,-0.006127965610252753,1.5587386552780844,0.7285543189294954,True
USDJPY,買い,1,2023-09-15 05:00:00,2023-09-15 09:00:00,147.94279265018451,2023-09-18 09:00:00,147.72920734981548,時間切れ,time,6,0.32771372963196665,147.45122205573657,147.45122205573657,-0.2135853003690329,-0.43449568135558686,0.009787047430343991,1.165018782134254,False
USDCHF,買い,1,2023-09-14 05:00:00,2023-09-14 09:00:00,0.8950663429665703,2023-09-19 01:00:00,0.89497,建値,breakeven,17,0.002060009513281751,0.8919763286966477,0.8950663429665703,-9.634296657023977e-05,-0.031178809595805584,1.5454574422609841,0.9788027451184367,True
GBPUSD,売り,-1,2023-09-14 05:00:00,2023-09-14 09:00:00,1.2439637570146254,2023-09-20 09:00:00,1.240186578210881,トレイル,trail,25,0.0033901676127531615,1.249049008433755,1.2401203352255064,0.0037771788037443965,0.7427712992784139,3.133696686459017,0.6242296036968248,True
EURUSD,売り,-1,2023-09-20 17:00:00,2023-09-20 21:00:00,1.0631336775031448,2023-09-21 09:00:00,1.0672757507754758,初期損切り,initial,4,0.0027438338503170726,1.0672494282786205,1.0672494282786205,-0.0041420732723309595,-1.0063955516967154,0.5188643266356502,1.5000000000000175,False
AUDUSD,売り,-1,2023-09-26 21:00:00,2023-09-27 01:00:00,0.6382557478820956,2023-09-27 21:00:00,0.6374130891681412,トレイル,trail,6,0.002094418525118419,0.6413973756697733,0.6373688370502368,0.0008426587139543917,0.2682235996445991,2.4234639930950066,0.2168869843617876,True
AUDUSD,売り,-1,2023-10-02 21:00:00,2023-10-03 01:00:00,0.6316957478820956,2023-10-04 21:00:00,0.6356338125310423,初期損切り,initial,12,0.0025958750206949294,0.635589560413138,0.635589560413138,-0.003938064648946749,-1.0113647273851953,1.2002688331510902,1.499999999999992,False
EURUSD,買い,1,2023-10-11 13:00:00,2023-10-11 17:00:00,1.0614563224968554,2023-10-12 09:00:00,1.0567381848400037,初期損切り,initial,5,0.003127876773330957,1.056764507336859,1.056764507336859,-0.004718137656851695,-1.0056103013349058,0.8068340558240722,1.4999999999999865,False
GBPUSD,買い,1,2023-10-10 09:00:00,2023-10-10 13:00:00,1.2291562429853746,2023-10-12 09:00:00,1.2225721365873996,初期損切り,initial,12,0.004345242275067005,1.2226383795727742,1.2226383795727742,-0.00658410639797502,-1.0101632975687171,1.0502882752504124,1.4999999999999778,False
USDCHF,売り,-1,2023-10-08 17:00:00,2023-10-08 21:00:00,0.9079336570334298,2023-10-12 09:00:00,0.9054265238178265,トレイル,trail,22,0.0033200904256281147,0.9129137926718719,0.9053301808512563,0.002507133215603252,0.5034266930905328,2.7841582151127717,1.3331995214355592,True
GBPUSD,売り,-1,2023-10-19 01:00:00,2023-10-19 05:00:00,1.2106437570146253,2023-10-19 09:00:00,1.215941012735891,初期損切り,initial,2,0.0034873418239273362,1.2158747697505163,1.2158747697505163,-0.0052972557212656035,-1.0126635106277018,0.45987950008850853,1.4999999999999971,False
USDCHF,売り,-1,2023-10-18 05:00:00,2023-10-18 09:00:00,0.8985836570334298,2023-10-23 01:00:00,0.8952811371185536,トレイル,trail,17,0.002457397075991665,0.9022697526474173,0.8951847941519834,0.0033025199148761786,0.8959398400693195,3.3831150507391534,0.6577459468645058,True
EURUSD,買い,1,2023-10-23 09:00:00,2023-10-23 13:00:00,1.0665163224968552,2023-10-24 05:00:00,1.062114883308928,初期損切り,initial,5,0.0029167444607146134,1.0621412058057833,1.0621412058057833,-0.004401439187927236,-1.0060164102386187,1.0400902595359685,1.5000000000000049,False
USDJPY,買い,1,2023-10-25 13:00:00,2023-10-25 17:00:00,150.18779265018452,2023-10-26 01:00:00,150.186,建値,breakeven,3,0.18673302258649183,149.90769311630478,150.18779265018452,-0.0017926501845124676,-0.006400047010724951,1.5594850111774483,0.7861097525828922,True
AUDUSD,売り,-1,2023-10-25 17:00:00,2023-10-25 21:00:00,0.6279257478820957,2023-10-26 05:00:00,0.6316660122540199,初期損切り,initial,3,0.002464008169346552,0.6316217601361155,0.6316217601361155,-0.003740264371924207,-1.011972935927431,0.35541598156628773,1.5000000000000013,False
GBPUSD,売り,-1,2023-10-25 21:00:00,2023-10-26 01:00:00,1.2078837570146255,2023-10-26 09:00:00,1.2127410792665168,初期損切り,initial,3,0.0031940528443444058,1.2126748362811421,1.2126748362811421,-0.004857322251891283,-1.0138263179734108,0.27668828842022253,1.5000000000000202,False
USDJPY,売り,-1,2023-10-30 09:00:00,2023-10-30 13:00:00,149.0172073498155,2023-10-30 21:00:00,149.50858702406777,初期損切り,initial,3,0.3263913493784979,149.50679437388325,149.50679437388325,-0.491379674252272,-1.0036615557529096,0.18752748788242354,1.5000000000000389,False
USDJPY,買い,1,2023-10-31 05:00:00,2023-10-31 09:00:00,150.93279265018452,2023-11-01 09:00:00,150.9371280923454,トレイル,trail,7,0.3985396287350337,150.33498320708196,150.93892074252992,0.004335442160879666,0.007252214248037477,2.0153763688816824,0.2905423747998238,True
USDCHF,買い,1,2023-10-31 09:00:00,2023-10-31 13:00:00,0.9096163429665702,2023-11-01 13:00:00,0.9103236570334298,時間切れ,time,6,0.0023955342528105723,0.9060230415873544,0.9060230415873544,0.0007073140668595324,0.1968423998473194,0.4648887955257584,1.037907499612301,False
AUDUSD,買い,1,2023-11-01 17:00:00,2023-11-01 21:00:00,0.6433842521179044,2023-11-02 21:00:00,0.6424957478820956,時間切れ,time,6,0.002788550213862396,0.6392014267971108,0.6392014267971108,-0.0008885042358087736,-0.21241724615939747,0.7910016721701552,0.7402599772608075,False
GBPUSD,買い,1,2023-11-03 05:00:00,2023-11-03 09:00:00,1.2313462429853745,2023-11-06 13:00:00,1.2345162952450572,トレイル,trail,8,0.004148730884784023,1.2251231466581984,1.2345825382304318,0.0031700522596826985,0.5094011233345684,2.7800687330496436,0.37029227203162984,True
EURUSD,買い,1,2023-11-03 05:00:00,2023-11-03 09:00:00,1.0710063224968553,2023-11-08 01:00:00,1.0659977197899597,初期損切り,initial,17,0.003321520140026936,1.066024042286815,1.066024042286815,-0.005008602706895626,-1.0052832228910322,1.39504723975782,1.499999999999976,False
USDJPY,買い,1,2023-11-12 21:00:00,2023-11-13 01:00:00,151.77779265018452,2023-11-13 09:00:00,151.42207711216304,初期損切り,initial,3,0.23594859189132236,151.42386976234755,151.42386976234755,-0.35571553802148514,-1.0050650869048268,0.32722106623559954,1.499999999999954,False
GBPUSD,買い,1,2023-11-14 09:00:00,2023-11-14 13:00:00,1.2493762429853745,2023-11-15 05:00:00,1.2434731227257294,初期損切り,initial,5,0.003891251516180371,1.243539365711104,1.243539365711104,-0.005903120259645123,-1.011349045433347,0.30934957805222923,1.499999999999989,False
EURUSD,買い,1,2023-11-14 05:00:00,2023-11-14 09:00:00,1.0789563224968552,2023-11-15 09:00:00,1.0836526498746701,トレイル,trail,7,0.0025405138142372656,1.0751455517754993,1.0836789723715254,0.004696327377814891,1.2323825601724747,3.858934932061389,0.03004214990978108,True
GBPUSD,買い,1,2023-11-20 01:00:00,2023-11-20 05:00:00,1.2510662429853745,2023-11-21 05:00:00,1.2530137570146254,時間切れ,time,6,0.003313857239696139,1.2460954571258303,1.2460954571258303,0.001947514029250863,0.39179197903114626,0.9245289682142119,1.4956114964774119,False
AUDUSD,買い,1,2023-11-19 21:00:00,2023-11-20 01:00:00,0.6546142521179044,2023-11-21 13:00:00,0.65457,建値,breakeven,10,0.002765467014801785,0.6504660515957017,0.6546142521179044,-4.425211790437533e-05,-0.010667786590238806,1.5786656860228596,0.4101484891461301,True
USDJPY,売り,-1,2023-11-19 21:00:00,2023-11-20 01:00:00,149.0812073498155,2023-11-21 13:00:00,148.0675289479629,トレイル,trail,10,0.45586814888919414,149.76500957314929,148.0657362977784,1.0136784018525873,1.482414603612323,4.227554292861832,0.28032809595473457,True
USDCHF,売り,-1,2023-11-14 09:00:00,2023-11-14 13:00:00,0.8901636570334298,2023-11-22 09:00:00,0.8871523458918922,トレイル,trail,36,0.002548001462660967,0.8939856592274212,0.8870560029253219,0.0030113111415376315,0.7878883864252348,3.219643769302424,0.06528370136664893,True
EURUSD,買い,1,2023-11-28 05:00:00,2023-11-28 09:00:00,1.0972663224968553,2023-11-29 01:00:00,1.0975881963354475,トレイル,trail,5,0.002052740583848653,1.0941872116210822,1.0976145188323028,0.0003218738385921682,0.10453466977260605,2.169625104208055,0.4171606015844838,True
USDJPY,売り,-1,2023-11-28 17:00:00,2023-11-28 21:00:00,146.8992073498155,2023-11-29 05:00:00,147.6805180957178,初期損切り,initial,3,0.5196787304785213,147.67872544553327,147.67872544553327,-0.7813107459022888,-1.0022996902757673,0.18705277725335565,1.4999999999999891,False
EURUSD,売り,-1,2023-12-04 09:00:00,2023-12-04 13:00:00,1.0825236775031446,2023-12-07 09:00:00,1.0814228617364543,トレイル,trail,18,0.002928269619799487,1.0869160819328438,1.081396539239599,0.0011008157666902996,0.2506180349075182,2.384916148405373,0.7568710483043569,True
USDJPY,売り,-1,2023-12-07 01:00:00,2023-12-07 05:00:00,144.8622073498155,2023-12-07 13:00:00,143.2787926501845,トレイル,trail,3,0.5469332952093588,145.68260729262954,142.70386659041873,1.5834146996309926,1.93005218186602,5.946259586501451,0.8077633123713885,True
AUDUSD,買い,1,2023-12-13 17:00:00,2023-12-13 21:00:00,0.6705242521179043,2023-12-14 21:00:00,0.6697457478820956,時間切れ,time,6,0.00306660204800029,0.6659243490459039,0.6659243490459039,-0.0007785042358087191,-0.16924361744652117,0.7551510909626297,0.7514023932146302,False
USDJPY,売り,-1,2023-12-13 21:00:00,2023-12-14 01:00:00,141.4172073498155,2023-12-15 01:00:00,141.89079265018452,時間切れ,time,6,0.823501508984778,142.65245961329268,142.65245961329268,-0.4735853003690238,-0.38339156654196876,0.2249022591881162,1.2747914104962728,False
GBPUSD,買い,1,2023-12-14 09:00:00,2023-12-14 13:00:00,1.2785262429853745,2023-12-15 05:00:00,1.2714284120533668,初期損切り,initial,5,0.004687725297755446,1.2714946550387414,1.2714946550387414,-0.007097830932007776,-1.0094207717911463,0.0,1.4999999999999993,False
USDCHF,売り,-1,2023-12-14 09:00:00,2023-12-14 13:00:00,0.8637536570334298,2023-12-15 05:00:00,0.869089832608612,初期損切り,initial,5,0.003493221739074654,0.8689934896420417,0.8689934896420417,-0.005336175575182178,-1.0183866496826353,-0.0,1.4999999999999878,False
EURUSD,買い,1,2023-12-21 13:00:00,2023-12-21 17:00:00,1.1011063224968554,2023-12-28 05:00:00,1.1085530988967065,トレイル,trail,25,0.0026852893032191286,1.0970783885420268,1.1085794213935618,0.0074467763998511405,1.8487831437563504,4.782977196441224,0.6428813814533202,True
GBPUSD,買い,1,2023-12-27 13:00:00,2023-12-27 17:00:00,1.2795962429853747,2023-12-28 05:00:00,1.2750475484069659,初期損切り,initial,4,0.002988301062022767,1.2751137913923405,1.2751137913923405,-0.004548694578408785,-1.0147782935297234,1.0720998146206415,1.5000000000000084,False
USDJPY,売り,-1,2023-12-27 13:00:00,2023-12-27 17:00:00,141.77020734981548,2023-12-28 13:00:00,141.22279265018452,トレイル,trail,6,0.4352864683527881,142.42313705234466,141.12457293670556,0.5474146996309628,0.8383976062208573,3.483240256820119,0.027091699471287412,True
USDJPY,買い,1,2024-01-05 01:00:00,2024-01-05 05:00:00,145.18779265018452,2024-01-05 09:00:00,145.186,建値,breakeven,2,0.5098248899077317,144.42305531532293,145.18779265018452,-0.0017926501845124676,-0.002344138441778708,1.551919816936923,0.25850571989209825,True
USDJPY,買い,1,2024-01-11 05:00:00,2024-01-11 09:00:00,146.2517926501845,2024-01-11 13:00:00,145.4723086401406,初期損切り,initial,2,0.5184609065729322,145.4741012903251,145.4741012903251,-0.779484010043916,-1.0023050920674261,0.31672079366775785,1.50000000000001,False
GBPUSD,買い,1,2024-01-11 17:00:00,2024-01-11 21:00:00,1.2781162429853745,2024-01-12 05:00:00,1.2728076233336814,初期損切り,initial,3,0.0034949177775456287,1.272873866319056,1.272873866319056,-0.005308619651693158,-1.012636059861993,0.10980430415016877,1.5000000000000302,False
GBPUSD,売り,-1,2024-01-16 21:00:00,2024-01-17 01:00:00,1.2609437570146254,2024-01-17 01:00:00,1.2660267336491324,初期損切り,initial,1,0.003344489099421588,1.2659604906637578,1.2659604906637578,-0.005082976634507075,-1.01320440549722,-0.0,1.5000000000000249,False
EURUSD,売り,-1,2024-01-16 05:00:00,2024-01-16 09:00:00,1.0874036775031446,2024-01-17 09:00:00,1.0864263224968553,時間切れ,time,6,0.00241713237698931,1.0910293760686285,1.0910293760686285,0.00097735500628926,0.26956322723392223,0.9365136658192271,0.8548652595639292,False
USDCHF,買い,1,2024-01-15 21:00:00,2024-01-16 01:00:00,0.8592763429665703,2024-01-17 17:00:00,0.8638536941108982,トレイル,trail,11,0.0022999814612658237,0.8558263707746716,0.8639500370774684,0.00457735114432789,1.3267791418946735,4.032057296812243,0.4071089190671018,True
AUDUSD,売り,-1,2024-01-15 17:00:00,2024-01-15 21:00:00,0.6632157478820956,2024-01-18 05:00:00,0.6574392951343089,トレイル,trail,15,0.002432521508202247,0.666864530144399,0.6573950430164045,0.005776452747786709,1.5831179644411562,4.392868817835375,0.0510795557143023,True
EURUSD,売り,-1,2024-01-23 09:00:00,2024-01-23 13:00:00,1.0831336775031446,2024-01-24 01:00:00,1.0867599288057486,初期損切り,initial,4,0.002399952537165817,1.0867336063088933,1.0867336063088933,-0.0036262513026039667,-1.0073119492844433,0.039033064901867864,1.4999999999999747,False
SP500,買い,1,2024-01-19 09:00:00,2024-01-19 13:00:00,4848.499430651931,2024-01-24 13:00:00,4896.729785346427,トレイル,trail,19,18.110392000821353,4821.333842650699,4896.879215998358,48.23035469449587,1.7754209734870638,4.671382560036934,0.2677706066059496,True
USDCHF,売り,-1,2024-01-31 09:00:00,2024-01-31 13:00:00,0.8595836570334298,2024-01-31 13:00:00,0.8635057347218836,初期損切り,initial,1,0.0025504898145890594,0.8634093917553134,0.8634093917553134,-0.003922077688453873,-1.0251828664489444,-0.0,1.5000000000000173,False
USDJPY,売り,-1,2024-01-31 09:00:00,2024-01-31 13:00:00,146.3562073498155,2024-01-31 13:00:00,147.10279786783434,初期損切り,initial,1,0.4965319118895521,147.10100521764983,147.10100521764983,-0.7465905180188486,-1.0024068948931513,-0.0,1.500000000000016,False
AUDUSD,売り,-1,2024-02-01 05:00:00,2024-02-01 09:00:00,0.6518957478820956,2024-02-01 09:00:00,0.6558384552201855,初期損切り,initial,1,0.0025989701467903415,0.6557942031022811,0.6557942031022811,-0.003942707338089879,-1.0113511930764876,-0.0,1.4999999999999967,False
GBPUSD,売り,-1,2024-02-05 05:00:00,2024-02-05 09:00:00,1.2552237570146254,2024-02-06 09:00:00,1.2564762429853746,時間切れ,time,6,0.0038481999845081274,1.2609960569913876,1.2609960569913876,-0.0012524859707492286,-0.21698213464154983,0.876710417391868,0.5187472047739105,False
USDCHF,買い,1,2024-02-06 05:00:00,2024-02-06 09:00:00,0.8731363429665703,2024-02-06 17:00:00,0.869150734725869,初期損切り,initial,3,0.0025928435160873747,0.8692470776924393,0.8692470776924393,-0.003985608240701266,-1.0247715081845965,0.3870873915847718,1.4999999999999862,False
USDJPY,買い,1,2024-02-08 05:00:00,2024-02-08 09:00:00,149.3927926501845,2024-02-09 09:00:00,149.3862073498155,時間切れ,time,6,0.42491840497604644,148.75541504272044,148.75541504272044,-0.006585300369010838,-0.010331866529186258,0.42880550167215387,0.8961547575374365,False
EURUSD,売り,-1,2024-02-13 05:00:00,2024-02-13 09:00:00,1.0708536775031448,2024-02-14 09:00:00,1.0709163224968552,時間切れ,time,6,0.0024207679873507033,1.074484829484171,1.074484829484171,-6.264499371044785e-05,-0.017252099068777137,0.5674552498722205,0.7627011372022714,False
AUDUSD,売り,-1,2024-02-13 05:00:00,2024-02-13 09:00:00,0.6467157478820956,2024-02-14 17:00:00,0.6498620183560604,初期損切り,initial,9,0.0020680122373735923,0.649817766238156,0.649817766238156,-0.003146270473964763,-1.014265588666785,1.1874919488940787,1.4999999999999996,False
EURUSD,買い,1,2024-02-20 05:00:00,2024-02-20 09:00:00,1.0823163224968553,2024-02-21 01:00:00,1.0793329027662728,初期損切り,initial,5,0.0019713981558180708,1.079359225263128,1.079359225263128,-0.0029834197305824706,-1.0089014647726642,0.7931819853487685,1.5000000000000315,False
AUDUSD,買い,1,2024-02-20 01:00:00,2024-02-20 05:00:00,0.6554742521179043,2024-02-22 05:00:00,0.6560597146904725,トレイル,trail,13,0.00168801659581155,0.652942227224187,0.6561039668083769,0.0005854625725681961,0.23122307131375192,2.373050058888653,1.264354937741719,True
GBPUSD,買い,1,2024-02-23 05:00:00,2024-02-23 09:00:00,1.2694262429853747,2024-02-26 09:00:00,1.2696437570146253,時間切れ,time,6,0.002929884741601632,1.2650314158729723,1.2650314158729723,0.00021751402925063168,0.04949319363139335,0.19241610655206842,1.2786315216368682,False
SP500,買い,1,2024-02-22 05:00:00,2024-02-22 09:00:00,5064.499430651931,2024-02-26 13:00:00,5085.40319832784,トレイル,trail,14,18.79868551011427,5036.30140238676,5085.552628979771,20.903767675908966,0.7413201901683354,3.1199292799761302,0.6436317393267527,True
USDCHF,買い,1,2024-02-29 09:00:00,2024-02-29 13:00:00,0.8839763429665702,2024-03-01 09:00:00,0.88388,建値,breakeven,6,0.0020406742401774766,0.880915331606304,0.8839763429665702,-9.634296657023977e-05,-0.031474227054766914,1.9178254698257715,0.3559328344866496,True
SP500,買い,1,2024-03-01 09:00:00,2024-03-01 13:00:00,5134.499430651931,2024-03-04 13:00:00,5144.850569348069,時間切れ,time,6,18.185472609364297,5107.221221737885,5107.221221737885,10.35113869613815,0.37946548209065184,0.8001204951130337,0.1291927189575305,False
EURUSD,買い,1,2024-03-06 09:00:00,2024-03-06 13:00:00,1.0902563224968553,2024-03-07 05:00:00,1.0874026918435304,初期損切り,initial,5,0.001884872104313026,1.0874290143403857,1.0874290143403857,-0.00285363065332489,-1.0093100912240922,0.2778318496764063,1.500000000000026,False
AUDUSD,買い,1,2024-03-07 01:00:00,2024-03-07 05:00:00,0.6596942521179043,2024-03-08 09:00:00,0.6628604494981549,トレイル,trail,8,0.0019276491919703552,0.6568027783299488,0.6629047016160593,0.0031661973802505905,1.095011614298363,3.665473941798196,0.022956520350646808,True
GBPUSD,買い,1,2024-03-05 09:00:00,2024-03-05 13:00:00,1.2712162429853746,2024-03-08 09:00:00,1.2847594863938432,トレイル,trail,18,0.0022671353103910804,1.267815540019788,1.2848257293792178,0.013543243408468575,3.982483488125629,8.00294403755533,0.977552144866203,True
USDCHF,売り,-1,2024-03-07 13:00:00,2024-03-07 17:00:00,0.8778936570334298,2024-03-08 09:00:00,0.8769645178681014,トレイル,trail,5,0.00193908745076552,0.8808022882095781,0.8768681749015311,0.0009291391653284409,0.3194420705339624,2.528847799769877,0.24049609850557108,True
USDJPY,売り,-1,2024-03-06 17:00:00,2024-03-06 21:00:00,148.61620734981548,2024-03-08 09:00:00,147.21893324221818,トレイル,trail,10,0.3665702960168378,149.16606279384075,147.21714059203367,1.3972741075972976,2.5411662697534663,5.816639735909027,0.49047250183154845,True
USDCHF,買い,1,2024-03-20 01:00:00,2024-03-20 05:00:00,0.8902163429665703,2024-03-20 13:00:00,0.8876344858398584,初期損切り,initial,3,0.0016570094400944252,0.8877308288064286,0.8877308288064286,-0.002581857126711884,-1.038761785434671,1.0100467703637974,1.5000000000000038,False
USDJPY,買い,1,2024-03-19 09:00:00,2024-03-19 13:00:00,150.94279265018451,2024-03-20 13:00:00,150.97492377299213,トレイル,trail,7,0.420641788411683,150.31182996756698,150.97671642317664,0.032131122807612655,0.05092396696793212,2.080647653007147,0.3988967687164031,True
GBPUSD,売り,-1,2024-03-22 01:00:00,2024-03-22 05:00:00,1.2597037570146254,2024-03-25 05:00:00,1.2609362429853745,時間切れ,time,6,0.0033332869562822313,1.2647036874490487,1.2647036874490487,-0.0012324859707490976,-0.2465006237414267,0.6461360941536476,0.8148842331907127,False
SP500,買い,1,2024-03-20 13:00:00,2024-03-20 17:00:00,5294.699430651931,2024-03-26 13:00:00,5264.61337966734,初期損切り,initial,24,19.957746888440056,5264.762810319271,5264.762810319271,-30.086050984590656,-1.004991567193293,1.4004872145291243,1.4999999999999916,False
AUDUSD,売り,-1,2024-03-28 01:00:00,2024-03-28 05:00:00,0.6493457478820956,2024-03-28 09:00:00,0.6522520582071464,初期損切り,initial,2,0.0019080388047642393,0.652207806089242,0.652207806089242,-0.0029063103250507316,-1.015461641483698,0.4327731071474162,1.4999999999999987,False
EURUSD,売り,-1,2024-03-28 01:00:00,2024-03-28 05:00:00,1.0791536775031447,2024-03-28 09:00:00,1.0819005576016127,初期損切り,initial,2,0.0018137050677417413,1.0818742351047574,1.0818742351047574,-0.0027468800984680186,-1.009675405086003,0.917281168109722,1.5000000000000575,False
SP500,買い,1,2024-03-31 17:00:00,2024-03-31 21:00:00,5328.999430651931,2024-04-01 09:00:00,5307.293039273507,初期損切り,initial,4,14.37130715099526,5307.442469925438,5307.442469925438,-21.706391378424087,-1.006931897952922,0.10093510164579947,1.5000000000000315,False
USDCHF,買い,1,2024-04-02 01:00:00,2024-04-02 05:00:00,0.9086163429665702,2024-04-02 09:00:00,0.9055985683272862,初期損切り,initial,2,0.0019476211151425108,0.9056949112938565,0.9056949112938565,-0.0030177746392839877,-1.0329779975585487,0.2586011362856639,1.4999999999999907,False
GBPUSD,売り,-1,2024-04-01 09:00:00,2024-04-01 13:00:00,1.2544937570146253,2024-04-02 13:00:00,1.2572062429853745,時間切れ,time,6,0.0025048374235055065,1.2582510131498836,1.2582510131498836,-0.0027124859707492455,-0.721932674564067,0.21309048228700386,1.3199431445525402,False
SP500,売り,-1,2024-04-02 05:00:00,2024-04-02 09:00:00,5259.70056934807,2024-04-02 13:00:00,5259.85,建値,breakeven,2,15.196867019792972,5282.495869877759,5259.70056934807,-0.1494306519307429,-0.006555327127015448,1.5924709557930519,0.0723458756662555,True
USDJPY,買い,1,2024-04-10 05:00:00,2024-04-10 09:00:00,152.3867926501845,2024-04-10 17:00:00,152.8124340531316,トレイル,trail,3,0.21488664834194665,152.06446267767157,152.8142267033161,0.4256414029470932,1.320514501424568,3.989114058177464,0.07349293362965663,True
USDCHF,買い,1,2024-04-10 09:00:00,2024-04-10 13:00:00,0.9142863429665702,2024-04-11 05:00:00,0.9104470908679354,初期損切り,initial,5,0.0024952727547097172,0.9105434338345056,0.9105434338345056,-0.0038392520986347822,-1.0257401297148414,0.19382932487717178,1.4999999999999867,False
GBPUSD,売り,-1,2024-04-10 09:00:00,2024-04-10 13:00:00,1.2533537570146254,2024-04-11 13:00:00,1.2537762429853747,時間切れ,time,6,0.0033710225656532816,1.2584102908631052,1.2584102908631052,-0.00042248597074934224,-0.08355248543947719,0.6774671394651101,1.3367584753919703,False
SP500,売り,-1,2024-04-12 09:00:00,2024-04-12 13:00:00,5165.000569348069,2024-04-15 05:00:00,5206.669327393888,初期損切り,initial,5,27.679551595925776,5206.519896741957,5206.519896741957,-41.66875804581923,-1.0035990624441706,0.5329049243066519,1.4999999999999936,False
AUDUSD,売り,-1,2024-04-12 05:00:00,2024-04-12 09:00:00,0.6476357478820957,2024-04-15 09:00:00,0.6479942521179044,時間切れ,time,6,0.0024245948338455455,0.651272640132864,0.651272640132864,-0.00035850423580874313,-0.09857433519868691,0.8313751452231692,0.6864042167675213,False
EURUSD,売り,-1,2024-04-11 09:00:00,2024-04-11 13:00:00,1.0717436775031446,2024-04-16 05:00:00,1.0653353957495382,トレイル,trail,17,0.002549536626341417,1.0755679824426567,1.0653090732526829,0.006408281753606415,1.6756722737763514,4.523832834555238,0.6653454119188646,True
USDJPY,買い,1,2024-04-22 09:00:00,2024-04-22 13:00:00,154.80079265018452,2024-04-23 13:00:00,154.8222073498155,時間切れ,time,6,0.25267938840892745,154.42177356757114,154.42177356757114,0.02141469963098075,0.056500320467569365,0.28972426392373546,0.8975510492271476,False
USDCHF,買い,1,2024-04-25 05:00:00,2024-04-25 09:00:00,0.9153363429665703,2024-04-25 13:00:00,0.9121892111139305,初期損切り,initial,2,0.0020338592573796908,0.9122855540805007,0.9122855540805007,-0.0031471318526398173,-1.031579689768178,0.1738847130874446,1.5000000000000204,False
EURUSD,買い,1,2024-05-03 05:00:00,2024-05-03 09:00:00,1.0794063224968553,2024-05-03 09:00:00,1.0754007217178474,初期損切り,initial,1,0.0026528521881017592,1.0754270442147027,1.0754270442147027,-0.004005600779007912,-1.0066148921962386,0.0,1.499999999999989,False
GBPUSD,買い,1,2024-05-03 05:00:00,2024-05-03 09:00:00,1.2606862429853747,2024-05-03 09:00:00,1.2556586387054214,初期損切り,initial,1,0.003307574196385796,1.255724881690796,1.255724881690796,-0.005027604279953302,-1.0133517761439772,0.0,1.4999999999999996,False
USDCHF,売り,-1,2024-05-03 01:00:00,2024-05-03 05:00:00,0.9077536570334298,2024-05-03 09:00:00,0.9056726051084983,トレイル,trail,2,0.0024631310709640848,0.911448353639876,0.9055762621419281,0.002081051924931465,0.5632538058201205,2.8839947322208235,0.08783250275251117,True
AUDUSD,買い,1,2024-05-03 05:00:00,2024-05-03 09:00:00,0.6637742521179044,2024-05-06 09:00:00,0.6633657478820957,時間切れ,time,6,0.002524924493534477,0.6599868653776026,0.6599868653776026,-0.0004085042358087376,-0.10785912921483028,0.41813047669308395,1.4829164703705962,False
USDJPY,売り,-1,2024-05-02 17:00:00,2024-05-02 21:00:00,153.15120734981548,2024-05-06 21:00:00,154.6008999877631,初期損切り,initial,13,0.9652666585087556,154.5991073375786,154.5991073375786,-1.449692637947635,-1.0012381035980744,1.3376690662974489,1.4999999999999887,False
AUDUSD,買い,1,2024-05-15 05:00:00,2024-05-15 09:00:00,0.6662042521179043,2024-05-15 09:00:00,0.6632983153825924,初期損切り,initial,1,0.001907789744938343,0.6633425675004968,0.6633425675004968,-0.0029059367353119203,-1.0154636599837807,0.0,1.500000000000016,False
EURUSD,買い,1,2024-05-14 09:00:00,2024-05-14 13:00:00,1.0817063224968553,2024-05-15 09:00:00,1.0834230557129698,トレイル,trail,6,0.0017653108950874167,1.0790583561542242,1.0834493782098251,0.001716733216114541,0.6483213885599188,2.987393052306309,0.23017050310292705,True
USDCHF,売り,-1,2024-05-15 17:00:00,2024-05-15 21:00:00,0.8988736570334298,2024-05-16 01:00:00,0.901964673895032,初期損切り,initial,2,0.0019964492633546536,0.9018683309284617,0.9018683309284617,-0.0030910168616021805,-1.0321714383425948,-0.0,1.49999999999998,False
GBPUSD,買い,1,2024-05-15 05:00:00,2024-05-15 09:00:00,1.2645662429853746,2024-05-16 09:00:00,1.264814170248625,トレイル,trail,7,0.002604793383000096,1.2606590529108743,1.2648804132339997,0.0002479272632505136,0.06345410858524245,2.12061234901608,1.2078666223233665,True
SP500,買い,1,2024-05-03 13:00:00,2024-05-05 17:00:00,5164.599430651931,2024-05-19 17:00:00,5330.800569348069,最大保有,max,60,25.847994854454523,5125.827438370249,5297.154010291091,166.2011386961385,4.2866287986615,7.128234525948805,0.34236429950408676,True
USDCHF,買い,1,2024-05-20 05:00:00,2024-05-20 09:00:00,0.9106463429665702,2024-05-21 09:00:00,0.9098836570334298,時間切れ,time,6,0.0018331751400350517,0.9078965802565176,0.9078965802565176,-0.000762685933140439,-0.2773642723251039,0.5474965329338687,1.4926795082535838,False
SP500,買い,1,2024-05-22 21:00:00,2024-05-23 01:00:00,5360.199430651931,2024-05-23 09:00:00,5339.8181722260215,初期損切り,initial,3,13.487885182652716,5339.967602877952,5339.967602877952,-20.381258425909436,-1.0073859195323198,0.5820459799113781,1.4999999999999718,False
GBPUSD,買い,1,2024-05-27 09:00:00,2024-05-27 13:00:00,1.2770862429853747,2024-05-29 05:00:00,1.2739127531942374,初期損切り,initial,11,0.0020714978705084356,1.273978996179612,1.273978996179612,-0.003173489791137296,-1.0213188682829408,1.4403862331236885,1.5000000000000162,False
USDJPY,買い,1,2024-05-22 13:00:00,2024-05-22 17:00:00,156.7387926501845,2024-05-30 01:00:00,157.0526295071497,トレイル,trail,33,0.32728892133289855,156.24785926818515,157.05442215733422,0.3138368569651959,0.6392656691771121,2.964375774970579,0.6348905711145266,True
EURUSD,売り,-1,2024-05-29 13:00:00,2024-05-29 17:00:00,1.0802136775031448,2024-05-30 05:00:00,1.083070888855701,初期損切り,initial,4,0.0018872592371339625,1.0830445663588457,1.0830445663588457,-0.0028572113525562326,-1.0092983151925161,0.7384663832730097,1.499999999999993,False
SP500,売り,-1,2024-05-29 17:00:00,2024-05-29 21:00:00,5263.70056934807,2024-05-31 05:00:00,5263.85,建値,breakeven,9,15.393129872384192,5286.790264156646,5263.70056934807,-0.1494306519307429,-0.00647174651590628,1.9002353381391486,0.8477438155927931,True
AUDUSD,買い,1,2024-06-03 13:00:00,2024-06-03 17:00:00,0.6689042521179044,2024-06-04 01:00:00,0.665609892649547,初期損切り,initial,3,0.0021667382336354062,0.6656541447674513,0.6656541447674513,-0.003294359468357433,-1.013615586543058,0.4364846050225279,1.499999999999976,False
EURUSD,買い,1,2024-06-03 13:00:00,2024-06-03 17:00:00,1.0903063224968552,2024-06-04 05:00:00,1.0868950330143188,初期損切り,initial,4,0.0022566446571207167,1.086921355511174,1.086921355511174,-0.0034112894825364393,-1.0077762935256718,0.5732747949760536,1.5000000000000275,False
GBPUSD,買い,1,2024-06-03 13:00:00,2024-06-03 17:00:00,1.2806362429853746,2024-06-04 05:00:00,1.276205339182354,初期損切り,initial,4,0.002909773878430651,1.2762715821677286,1.2762715821677286,-0.0044309038030205805,-1.0151771210048646,0.38620080514005395,1.499999999999998,False
USDCHF,売り,-1,2024-06-03 09:00:00,2024-06-03 13:00:00,0.8954536570334297,2024-06-05 09:00:00,0.8933449424231112,トレイル,trail,12,0.0023942997282704616,0.8990451066258354,0.893248599456541,0.002108714610318474,0.5871486028308628,2.9209613779147046,0.7711411168659269,True
SP500,買い,1,2024-06-05 21:00:00,2024-06-06 01:00:00,5369.29943065193,2024-06-07 01:00:00,5368.900569348069,時間切れ,time,6,21.196028589855512,5337.505387767147,5337.505387767147,-0.3988613038609401,-0.012545158390405155,0.18638252592093485,1.1299017903472865,False
AUDUSD,売り,-1,2024-06-07 09:00:00,2024-06-07 13:00:00,0.6589457478820956,2024-06-10 13:00:00,0.6605742521179043,時間切れ,time,6,0.0022905233086522323,0.662381532845074,0.662381532845074,-0.0016285042358087365,-0.47398316639614413,0.5744311254661456,0.9274090815318483,False
EURUSD,売り,-1,2024-06-09 17:00:00,2024-06-09 21:00:00,1.0777736775031448,2024-06-12 05:00:00,1.0766117710264524,トレイル,trail,15,0.0023277242647985175,1.0812652639003426,1.0765854485295971,0.0011619064766923426,0.3327732281305849,2.5104680960356593,0.10152512495958328,True
AUDUSD,買い,1,2024-06-12 09:00:00,2024-06-12 13:00:00,0.6701242521179044,2024-06-12 13:00:00,0.6667659765037119,初期損切り,initial,1,0.00220934899752539,0.6668102286216163,0.6668102286216163,-0.003358275614192441,-1.013352988581379,0.0,1.4999999999999913,False
GBPUSD,買い,1,2024-06-12 05:00:00,2024-06-12 09:00:00,1.2853562429853747,2024-06-12 13:00:00,1.2809318633926754,初期損切り,initial,2,0.002905424404883135,1.28099810637805,1.28099810637805,-0.004424379592699257,-1.0151998414329693,0.2318962467214679,1.4999999999999811,False
USDJPY,買い,1,2024-06-13 21:00:00,2024-06-14 01:00:00,157.94979265018452,2024-06-14 05:00:00,157.18764584331024,初期損切り,initial,2,0.5069027711265189,157.18943849349475,157.18943849349475,-0.7621468068742843,-1.0023576515874,0.6060478800160445,1.499999999999987,False
GBPUSD,売り,-1,2024-06-14 09:00:00,2024-06-14 13:00:00,1.2685537570146255,2024-06-17 13:00:00,1.2697362429853747,時間切れ,time,6,0.0031365370328897725,1.27325856256396,1.27325856256396,-0.0011824859707492141,-0.2513357796299229,0.8524551078429883,0.40051909867527524,False
USDCHF,売り,-1,2024-06-18 05:00:00,2024-06-18 09:00:00,0.8851636570334298,2024-06-20 01:00:00,0.8882477699735751,初期損切り,initial,11,0.001991846649050026,0.8881514270070049,0.8881514270070049,-0.0030841129401453227,-1.0322457777614664,1.2418913045387288,1.500000000000022,False
GBPUSD,売り,-1,2024-06-20 17:00:00,2024-06-20 21:00:00,1.2655737570146255,2024-06-24 01:00:00,1.26564,建値,breakeven,8,0.0021164350253664844,1.2687484095526753,1.2655737570146255,-6.624298537460938e-05,-0.020866215934076428,1.5846255492983305,0.9101356584481168,True
USDJPY,買い,1,2024-06-20 01:00:00,2024-06-20 05:00:00,158.4397926501845,2024-06-24 05:00:00,159.31028008433964,トレイル,trail,13,0.30846363273792615,157.9770972010776,159.31207273452415,0.8704874341551374,1.8813399523063874,4.82782147314185,0.6282512089492881,True
AUDUSD,売り,-1,2024-06-27 21:00:00,2024-06-28 01:00:00,0.6622157478820956,2024-06-28 05:00:00,0.6648562055247061,初期損切り,initial,2,0.00173080368313742,0.6648119534068018,0.6648119534068018,-0.002640457642610561,-1.0170449209368506,0.07265288566273763,1.500000000000032,False
USDCHF,買い,1,2024-06-27 17:00:00,2024-06-27 21:00:00,0.8996163429665702,2024-06-30 21:00:00,0.8994336570334298,時間切れ,time,6,0.0015661846219207083,0.8972670660336891,0.8972670660336891,-0.00018268593314041404,-0.07776262158943309,0.8770722264819149,1.057565591813161,False
AUDUSD,買い,1,2024-07-03 09:00:00,2024-07-03 13:00:00,0.6714642521179044,2024-07-04 13:00:00,0.6728057478820956,時間切れ,time,6,0.0020195586008040583,0.6684349142166983,0.6684349142166983,0.0013414957641911807,0.4428346417403894,0.8495657820538152,0.7200841398340252,False
GBPUSD,買い,1,2024-07-03 09:00:00,2024-07-03 13:00:00,1.2754562429853746,2024-07-04 13:00:00,1.2760537570146253,時間切れ,time,6,0.002594503061637027,1.2715644883929191,1.2715644883929191,0.0005975140292506786,0.15353332669254238,0.5063617129811363,0.8041011846246992,False
SP500,買い,1,2024-07-03 09:00:00,2024-07-03 13:00:00,5590.899430651931,2024-07-04 17:00:00,5588.20056934807,時間切れ,time,6,17.87062948319549,5564.093486427138,5564.093486427138,-2.698861303861122,-0.10068144890657882,0.3329803996924223,0.3105335856886711,False
EURUSD,買い,1,2024-07-11 05:00:00,2024-07-11 09:00:00,1.0887263224968553,2024-07-11 13:00:00,1.0860809956925659,初期損切り,initial,2,0.001746002871622814,1.0861073181894212,1.0861073181894212,-0.0026453268042894162,-1.0100505740981323,0.6664808644118366,1.4999999999999387,False
USDCHF,売り,-1,2024-07-11 05:00:00,2024-07-11 09:00:00,0.8931636570334298,2024-07-11 13:00:00,0.8957261107838362,初期損切り,initial,2,0.0016440738558908183,0.895629767817266,0.895629767817266,-0.0025624537504064238,-1.0390667634242803,0.9997464697467879,1.4999999999999736,False
USDJPY,売り,-1,2024-07-11 05:00:00,2024-07-11 09:00:00,158.65220734981548,2024-07-11 13:00:00,158.5717926501845,トレイル,trail,2,0.4996637992857598,159.4017030487441,158.4273275985715,0.08041469963097825,0.10729174262897886,2.450062124903624,0.6440183392202705,True
USDCHF,売り,-1,2024-07-17 01:00:00,2024-07-17 05:00:00,0.8873436570334298,2024-07-18 09:00:00,0.8860173249318843,トレイル,trail,8,0.001960490982657052,0.8902843935074154,0.8859209819653141,0.0013263321015454244,0.4510203866543156,2.7256728445583085,0.8805666447037408,True
SP500,売り,-1,2024-07-18 09:00:00,2024-07-18 13:00:00,5609.000569348069,2024-07-22 05:00:00,5588.285108416647,トレイル,trail,11,22.94283888235802,5643.414827671606,5588.135677764716,20.715460931422058,0.6019441342210788,2.9094293731625767,0.27674999961813307,True
USDJPY,売り,-1,2024-07-23 21:00:00,2024-07-24 01:00:00,154.6082073498155,2024-07-25 05:00:00,153.0982271497689,トレイル,trail,8,0.5767172497921818,155.47328322450377,153.09643449958438,1.5099802000466127,1.7454887417716154,4.621341481940913,0.5926520323566729,True
AUDUSD,売り,-1,2024-07-23 09:00:00,2024-07-23 13:00:00,0.6614957478820956,2024-07-25 09:00:00,0.6543163343692129,トレイル,trail,12,0.0014610411256542517,0.663687309570577,0.6542720822513085,0.00717941351288276,3.2759349420173827,6.944190484407075,0.3245987464534487,True
USDCHF,売り,-1,2024-07-25 01:00:00,2024-07-25 05:00:00,0.8806136570334298,2024-07-25 09:00:00,0.8809163429665703,建値,breakeven,2,0.0019276065255062985,0.8835050668216892,0.8806136570334298,-0.00030268593314053405,-0.10468455020439803,1.506353602256611,0.23674072510747765,True
EURUSD,売り,-1,2024-07-29 05:00:00,2024-07-29 09:00:00,1.0815936775031447,2024-07-30 09:00:00,1.0802363224968552,時間切れ,time,6,0.0018196035671968634,1.08432308285394,1.08432308285394,0.001357355006289529,0.49730795973343517,0.7714194061001618,1.091623765013406,False
AUDUSD,売り,-1,2024-07-30 21:00:00,2024-07-31 01:00:00,0.6493957478820956,2024-07-31 05:00:00,0.6523669775259421,初期損切り,initial,2,0.0019513183506280492,0.6523227254080377,0.6523227254080377,-0.0029712296438464403,-1.0151187077837653,0.7357835186829218,1.4999999999999953,False
USDJPY,売り,-1,2024-07-31 01:00:00,2024-07-31 05:00:00,150.92520734981548,2024-08-01 05:00:00,150.57406380045268,トレイル,trail,7,1.0306355751340839,152.4711607125166,150.57227115026816,0.3511435493628028,0.22713722020001725,2.3424451940749282,0.327751785727539,True
USDCHF,売り,-1,2024-07-31 17:00:00,2024-07-31 21:00:00,0.8773636570334298,2024-08-05 01:00:00,0.8534479463086552,トレイル,trail,14,0.0022958016710424678,0.8808073595399935,0.8533516033420849,0.023915710724774608,6.944766767510036,12.459114998571106,0.15521504800036148,True
EURUSD,買い,1,2024-08-05 01:00:00,2024-08-05 05:00:00,1.0951263224968553,2024-08-05 09:00:00,1.0951,建値,breakeven,2,0.0029519844679009783,1.0906983457950037,1.0951263224968553,-2.632249685530219e-05,-0.005944587929809111,1.9457004484948452,0.6220637394345421,True
SP500,売り,-1,2024-08-02 01:00:00,2024-08-02 05:00:00,5431.330569348069,2024-08-05 09:00:00,5196.518130097624,トレイル,trail,8,38.06434972284655,5488.427093932339,5196.368699445693,234.8124392504451,4.112552225554132,8.172754076010126,0.013908832169358806,True
EURUSD,買い,1,2024-08-14 01:00:00,2024-08-14 05:00:00,1.1019663224968552,2024-08-15 05:00:00,1.098927738121993,初期損切り,initial,7,0.0020081745853378808,1.0989540606188484,1.0989540606188484,-0.003038584374862152,-1.008738449019827,1.376213763147377,1.5000000000000144,False
SP500,買い,1,2024-08-19 09:00:00,2024-08-19 13:00:00,5608.649430651931,2024-08-22 09:00:00,5608.5,建値,breakeven,18,24.983208022397168,5571.174618618335,5608.649430651931,-0.1494306519307429,-0.003987495702360828,1.9041017192597134,0.16528824673870215,True
GBPUSD,買い,1,2024-08-21 05:00:00,2024-08-21 09:00:00,1.3045962429853746,2024-08-22 13:00:00,1.3077240321994819,トレイル,trail,8,0.0026148624075718577,1.3006739493740167,1.3077902751848565,0.0031277892141072794,0.7974388263668327,3.221491498073789,0.4268840234737781,True
USDCHF,売り,-1,2024-08-27 09:00:00,2024-08-27 13:00:00,0.8430836570334298,2024-08-28 13:00:00,0.8431263429665702,時間切れ,time,6,0.0023386939214494,0.8465916979156038,0.8465916979156038,-4.2685933140385046e-05,-0.012168026135981216,0.9208802458831901,0.9134769398323732,False
SP500,売り,-1,2024-08-28 17:00:00,2024-08-28 21:00:00,5582.5705693480695,2024-08-29 05:00:00,5619.378297346314,初期損切り,initial,3,24.438864897542285,5619.228866694383,5619.228866694383,-36.807727998244445,-1.0040763118515663,0.1976593171704763,1.5000000000000113,False
AUDUSD,買い,1,2024-08-28 17:00:00,2024-08-28 21:00:00,0.6799842521179044,2024-08-30 09:00:00,0.6769639359109847,初期損切り,initial,10,0.0019840427260101753,0.6770081880288891,0.6770081880288891,-0.003020316206919671,-1.0148693430587548,1.232709280920533,1.5000000000000164,False
AUDUSD,売り,-1,2024-09-03 17:00:00,2024-09-03 21:00:00,0.6687557478820956,2024-09-04 05:00:00,0.6721276397126165,初期損切り,initial,3,0.0022184264750776546,0.6720833875947121,0.6720833875947121,-0.00337189183052089,-1.013298350099811,-0.0,1.5000000000000147,False
USDJPY,売り,-1,2024-09-05 05:00:00,2024-09-05 09:00:00,143.09820734981548,2024-09-05 09:00:00,143.9982739763289,初期損切り,initial,1,0.5988493175526034,143.9964813261444,143.9964813261444,-0.9000666265134214,-1.0019956608248215,-0.0,1.5000000000000064,False
SP500,売り,-1,2024-09-03 13:00:00,2024-09-03 17:00:00,5539.050569348069,2024-09-06 09:00:00,5522.312989849432,トレイル,trail,17,27.841779598750822,5580.813238746196,5522.163559197501,16.737579498637388,0.40077848805776656,2.6065348693201185,0.9234119019132185,True
GBPUSD,売り,-1,2024-09-09 05:00:00,2024-09-09 09:00:00,1.3082337570146254,2024-09-10 09:00:00,1.3070862429853747,時間切れ,time,6,0.0031392547901028995,1.3129426391997798,1.3129426391997798,0.001147514029250729,0.24369138664553686,0.7816367828318384,0.8079124362159364,False
EURUSD,売り,-1,2024-09-10 13:00:00,2024-09-10 17:00:00,1.1019136775031446,2024-09-11 01:00:00,1.1049479032273055,初期損切り,initial,3,0.002005268818203765,1.1049215807304502,1.1049215807304502,-0.0030342257241608994,-1.0087511116103394,0.11653175924509872,1.4999999999999751,False
USDCHF,買い,1,2024-09-12 01:00:00,2024-09-12 05:00:00,0.8543863429665702,2024-09-12 17:00:00,0.8502945171097444,初期損切り,initial,4,0.0026636552601704312,0.8503908600763146,0.8503908600763146,-0.004091825856825881,-1.024112971877617,0.22287307306867635,1.499999999999998,False
SP500,買い,1,2024-09-15 17:00:00,2024-09-15 21:00:00,5691.50943065193,2024-09-16 21:00:00,5692.750569348069,時間切れ,time,6,29.989363020312776,5646.525386121461,5646.525386121461,1.2411386961384778,0.027590642617691126,0.3678160600009471,0.7365755196923806,False
AUDUSD,買い,1,2024-09-17 17:00:00,2024-09-17 21:00:00,0.6768342521179044,2024-09-18 17:00:00,0.6763957478820957,トレイル,trail,6,0.0019083222155559215,0.6739717687945705,0.6782033555688881,-0.0004385042358087121,-0.15319014515619753,2.7174383025169044,1.3646815494131457,True
EURUSD,買い,1,2024-09-19 01:00:00,2024-09-19 05:00:00,1.1162863224968553,2024-09-19 09:00:00,1.1118136817736277,初期損切り,initial,2,0.0029642121509148136,1.111840004270483,1.111840004270483,-0.004472640723227617,-1.005920065887158,0.5410130656976735,1.5000000000000318,False
GBPUSD,買い,1,2024-09-19 01:00:00,2024-09-19 05:00:00,1.3263962429853746,2024-09-23 01:00:00,1.32633,建値,breakeven,12,0.004086755345171405,1.3202661099676176,1.3263962429853746,-6.624298537460938e-05,-0.010806125280271056,1.8752668969235726,1.0757294269080275,True
EURUSD,買い,1,2024-09-24 17:00:00,2024-09-24 21:00:00,1.1193463224968554,2024-09-25 09:00:00,1.115280511324683,初期損切り,initial,4,0.0026929924502114002,1.1153068338215384,1.1153068338215384,-0.004065811172172307,-1.0065162942567578,0.5360867250226525,1.4999999999999645,False
SP500,買い,1,2024-09-25 21:00:00,2024-09-26 01:00:00,5807.46943065193,2024-09-26 13:00:00,5779.480761725392,初期損切り,initial,4,18.559492183071807,5779.630192377323,5779.630192377323,-27.988668926538594,-1.0053676271763219,1.204266212006345,1.5000000000000075,False
EURUSD,売り,-1,2024-10-01 09:00:00,2024-10-01 13:00:00,1.1053936775031448,2024-10-02 13:00:00,1.1046963224968553,時間切れ,time,6,0.003292076679514624,1.1103317925224168,1.1103317925224168,0.000697355006289424,0.14121886662580013,0.6481250927179023,0.8858610478310958,False
USDJPY,買い,1,2024-10-02 17:00:00,2024-10-02 21:00:00,146.9947926501845,2024-10-03 21:00:00,146.64420734981547,時間切れ,time,6,0.8014341273674066,145.7926414591334,145.7926414591334,-0.35058530036903335,-0.2916316208633429,0.3084562303673324,0.8631934011307298,False
USDCHF,買い,1,2024-10-03 09:00:00,2024-10-03 13:00:00,0.8525763429665703,2024-10-07 05:00:00,0.8552902533107237,トレイル,trail,11,0.002696701861353012,0.8485312901745408,0.855386596277294,0.0027139103441534695,0.6709208714163217,3.0421075280875605,0.9479516453805047,True
SP500,買い,1,2024-10-09 13:00:00,2024-10-09 17:00:00,5835.989430651931,2024-10-10 17:00:00,5830.310569348069,時間切れ,time,6,23.471204781752046,5800.782623479303,5800.782623479303,-5.678861303861595,-0.16130009392833242,0.3029486306385801,1.0161144633901609,False
USDCHF,買い,1,2024-10-14 05:00:00,2024-10-14 09:00:00,0.8632363429665703,2024-10-15 09:00:00,0.8614636570334298,時間切れ,time,6,0.0020733984593092314,0.8601262452776064,0.8601262452776064,-0.0017726859331405054,-0.5699775731903423,0.46477175147065547,1.2329241179343418,False
AUDUSD,売り,-1,2024-10-15 17:00:00,2024-10-15 21:00:00,0.6679457478820956,2024-10-16 21:00:00,0.6693642521179044,時間切れ,time,6,0.0021306583530027517,0.6711417354115997,0.6711417354115997,-0.001418504235808804,-0.443839102222308,0.974228401831889,1.006380077257556,False
GBPUSD,売り,-1,2024-10-16 01:00:00,2024-10-16 05:00:00,1.3002837570146253,2024-10-17 05:00:00,1.2978362429853747,時間切れ,time,6,0.0030938980127908724,1.3049246040338116,1.3049246040338116,0.002447514029250586,0.5273851991095614,0.9417753922654348,1.1203481727724858,False
GBPUSD,売り,-1,2024-10-22 05:00:00,2024-10-22 09:00:00,1.2955137570146253,2024-10-23 01:00:00,1.299585934683588,初期損切り,initial,5,0.0026706231223921316,1.2995196916982135,1.2995196916982135,-0.004072177668962729,-1.0165362120470711,0.40206235227362347,1.4999999999999707,False
USDCHF,買い,1,2024-10-23 05:00:00,2024-10-23 09:00:00,0.8674163429665702,2024-10-24 05:00:00,0.8651033847874584,初期損切り,initial,6,0.001477743475027747,0.8651997277540286,0.8651997277540286,-0.0023129581791118126,-1.0434640013409107,0.3069930885137507,1.4999999999999676,False
GBPUSD,売り,-1,2024-10-31 09:00:00,2024-10-31 13:00:00,1.2863437570146254,2024-11-01 05:00:00,1.2928020783033147,初期損切り,initial,5,0.004261385535543073,1.2927358353179401,1.2927358353179401,-0.006458321288689284,-1.0103632937882385,0.1933073193576859,1.5000000000000153,False
SP500,売り,-1,2024-10-31 09:00:00,2024-10-31 13:00:00,5763.230569348069,2024-11-01 09:00:00,5798.561760116358,初期損切り,initial,6,23.454506744238635,5798.412329464427,5798.412329464427,-35.33119076828825,-1.0042473898814637,1.313631093761441,1.4999999999999811,False
EURUSD,売り,-1,2024-11-05 21:00:00,2024-11-06 01:00:00,1.0759636775031447,2024-11-06 05:00:00,1.07599,建値,breakeven,2,0.0035795461387542527,1.0813329967112761,1.0759636775031447,-2.632249685530219e-05,-0.004902390011649708,1.5822334127297304,0.610782041104273,True
SP500,買い,1,2024-11-06 01:00:00,2024-11-06 05:00:00,5948.489430651931,2024-11-06 09:00:00,5901.737816833277,初期損切り,initial,2,31.06812211114875,5901.887247485208,5901.887247485208,-46.75161381865382,-1.0032065161281414,0.09754594555884126,1.4999999999999987,False
USDCHF,買い,1,2024-11-05 21:00:00,2024-11-06 01:00:00,0.8715263429665703,2024-11-07 09:00:00,0.8717313685344988,トレイル,trail,9,0.002821144249465457,0.8672946265923721,0.8718277115010691,0.00020502556792856286,0.04844974232645981,2.1068249291243735,0.1688474336824652,True
USDJPY,買い,1,2024-11-06 01:00:00,2024-11-06 05:00:00,153.99879265018453,2024-11-07 09:00:00,152.97164360578617,初期損切り,initial,8,0.6835709294758873,152.97343625597068,152.97343625597068,-1.0271490443983566,-1.0017483191158136,1.046281108478152,1.5000000000000193,False
GBPUSD,売り,-1,2024-11-11 21:00:00,2024-11-12 01:00:00,1.2832337570146255,2024-11-14 09:00:00,1.2704150946751833,トレイル,trail,15,0.0036744258449044045,1.288745395781982,1.2703488516898087,0.012818662339442177,2.325744280514602,5.506644539495941,0.018028118724037763,True
USDJPY,買い,1,2024-11-12 09:00:00,2024-11-12 13:00:00,154.7877926501845,2024-11-15 01:00:00,155.64816407560417,トレイル,trail,16,0.5505216371056652,153.96201019452602,155.64995672578868,0.8603714254196575,1.0418862976854815,3.5660857221469753,0.8097640858009311,True
AUDUSD,売り,-1,2024-11-13 09:00:00,2024-11-13 13:00:00,0.6487257478820956,2024-11-18 09:00:00,0.64877,建値,breakeven,18,0.0026593806759437656,0.6527148188960112,0.6487257478820956,-4.425211790437533e-05,-0.01109333921356735,1.7582093170757638,0.41522905234789576,True
EURUSD,売り,-1,2024-11-21 09:00:00,2024-11-21 13:00:00,1.0487136775031447,2024-11-22 05:00:00,1.0402163224968553,トレイル,trail,5,0.0033436824782656226,1.053729201220543,1.0399273649565313,0.008497355006289453,1.6942109109788148,4.627735319883306,0.3308694841829373,True
GBPUSD,売り,-1,2024-11-21 13:00:00,2024-11-21 17:00:00,1.2589137570146254,2024-11-24 17:00:00,1.2594062429853745,トレイル,trail,7,0.0032272258524356986,1.263754595793279,1.2551544517048714,-0.0004924859707491347,-0.1017356688102959,3.164872085700721,0.16616221172430765,True
USDCHF,買い,1,2024-11-22 05:00:00,2024-11-22 09:00:00,0.8931863429665703,2024-11-24 21:00:00,0.8894058301795583,初期損切り,initial,4,0.0024561132136278023,0.8895021731461286,0.8895021731461286,-0.0037805127870119692,-1.0261505227136123,1.0560006025124424,1.5000000000000107,False
USDJPY,売り,-1,2024-11-26 13:00:00,2024-11-26 17:00:00,153.07420734981548,2024-11-27 17:00:00,151.74317338111766,トレイル,trail,7,0.6426903654665752,154.03824289801534,151.74138073093314,1.3310339686978239,1.3806897174935662,4.073823866823874,0.25329872506542234,True
GBPUSD,買い,1,2024-11-29 09:00:00,2024-11-29 13:00:00,1.2724762429853747,2024-12-02 05:00:00,1.2672528005932087,初期損切り,initial,5,0.003438132937860986,1.2673190435785833,1.2673190435785833,-0.005223442392165989,-1.0128447593644092,0.6177064857610153,1.4999999999999711,False
SP500,買い,1,2024-12-02 09:00:00,2024-12-02 13:00:00,6061.069430651931,2024-12-03 13:00:00,6061.190569348069,時間切れ,time,6,14.761892162275931,6038.926592408517,6038.926592408517,0.12113869613858697,0.00547078449505533,0.491168020221537,0.8826396039680882,False
AUDUSD,売り,-1,2024-12-04 01:00:00,2024-12-04 05:00:00,0.6418657478820956,2024-12-05 05:00:00,0.6438642521179043,時間切れ,time,6,0.002627177070007431,0.6458065134871067,0.6458065134871067,-0.001998504235808718,-0.5071360329747563,0.7292039444034002,1.3186214806200922,False
EURUSD,買い,1,2024-12-06 05:00:00,2024-12-06 09:00:00,1.0604663224968554,2024-12-06 09:00:00,1.055560881223349,初期損切り,initial,1,0.003252745851100718,1.0555872037202043,1.0555872037202043,-0.004905441273506339,-1.0053949284820096,0.0,1.4999999999999876,False
GBPUSD,買い,1,2024-12-05 05:00:00,2024-12-05 09:00:00,1.2752162429853746,2024-12-06 09:00:00,1.27515,建値,breakeven,7,0.00357067478221224,1.2698602308120563,1.2752162429853746,-6.624298537460938e-05,-0.012367967665310217,1.659002114708195,0.5702683973120246,True
USDCHF,売り,-1,2024-12-05 13:00:00,2024-12-05 17:00:00,0.8791536570334297,2024-12-06 09:00:00,0.8785320353384901,トレイル,trail,5,0.002412846185959956,0.8827729263123697,0.8784356923719199,0.0006216216949396225,0.1717533698188084,2.2975592334428825,0.22643091372728244,True
SP500,買い,1,2024-12-15 17:00:00,2024-12-15 21:00:00,6131.809430651931,2024-12-17 05:00:00,6131.66,建値,breakeven,9,20.05401045288138,6101.728414972608,6131.809430651931,-0.1494306519307429,-0.004967606596922946,1.587242084213449,0.2607673245318021,True
USDCHF,買い,1,2024-12-12 09:00:00,2024-12-12 13:00:00,0.8892663429665703,2024-12-17 09:00:00,0.8921066494352876,トレイル,trail,18,0.0026435037990711003,0.8853010872679636,0.8922029924018579,0.0028403064687173574,0.7162984393958279,3.110892837119985,0.059142327173971554,True
USDJPY,買い,1,2024-12-09 09:00:00,2024-12-09 13:00:00,151.32979265018452,2024-12-17 09:00:00,153.27544326102372,トレイル,trail,36,0.6008820443958894,150.42846958359067,153.27723591120824,1.945650610839209,2.1586606212042985,5.24097429634734,0.7169338045666214,True
AUDUSD,売り,-1,2024-12-17 17:00:00,2024-12-17 21:00:00,0.6328557478820956,2024-12-19 01:00:00,0.6239545710889713,トレイル,trail,8,0.0019951594855334956,0.6358484871103959,0.623910318971067,0.008901176793124299,2.9742573990249768,6.4835658381648935,0.13745874447274783,True
EURUSD,売り,-1,2024-12-18 13:00:00,2024-12-18 17:00:00,1.0352036775031448,2024-12-19 01:00:00,1.040341642679971,初期損切り,initial,3,0.0034077617866472665,1.0403153201831157,1.0403153201831157,-0.005137965176826187,-1.0051495181692625,0.13019616127024047,1.4999999999999956,False
GBPUSD,売り,-1,2024-12-18 13:00:00,2024-12-18 17:00:00,1.2576637570146254,2024-12-19 01:00:00,1.2637070267491939,初期損切り,initial,3,0.0039846844994626245,1.2636407837638193,1.2636407837638193,-0.006043269734568479,-1.0110829327279616,0.3322112490471743,1.4999999999999833,False
SP500,売り,-1,2024-12-18 13:00:00,2024-12-18 17:00:00,5945.0705693480695,2024-12-19 09:00:00,5993.528849003639,初期損切り,initial,5,32.20589933575906,5993.379418351708,5993.379418351708,-48.45827965556964,-1.0030932356082383,0.27419104978276193,1.5000000000000098,False
USDJPY,買い,1,2024-12-26 09:00:00,2024-12-26 13:00:00,158.0417926501845,2024-12-27 09:00:00,157.4977843348818,初期損切り,initial,6,0.36147711007878863,157.4995769850663,157.4995769850663,-0.5440083153027047,-1.0033061571250084,0.061435009842388255,1.5000000000000255,False
USDCHF,買い,1,2024-12-27 09:00:00,2024-12-27 13:00:00,0.9027063429665703,2024-12-30 13:00:00,0.9041397707290225,トレイル,trail,7,0.001581943152203602,0.9003334282382649,0.9042361136955928,0.0014334277624522551,0.60407891836717,2.967020039178772,1.0596733291175269,True
AUDUSD,売り,-1,2024-12-31 09:00:00,2024-12-31 13:00:00,0.6184557478820957,2025-01-01 17:00:00,0.6214449683640824,初期損切り,initial,2,0.0019633122427215057,0.621400716246178,0.621400716246178,-0.0029892204819866874,-1.0150263474623842,0.10479631187472473,1.5000000000000273,False
EURUSD,売り,-1,2025-01-02 05:00:00,2025-01-02 09:00:00,1.0313036775031448,2025-01-02 21:00:00,1.027460237887135,トレイル,trail,4,0.002536957695139826,1.0351091140458546,1.0274339153902796,0.0038434396160098583,1.0099865213553287,3.5253553972455602,0.428198900965618,True
GBPUSD,売り,-1,2025-01-02 01:00:00,2025-01-02 05:00:00,1.2481837570146255,2025-01-03 01:00:00,1.241357976823291,トレイル,trail,6,0.0030058669189582054,1.2526925573930627,1.2412917338379164,0.006825780191334507,1.5138794398567352,4.292857056724858,0.3347596591945265,True
USDJPY,買い,1,2025-01-06 17:00:00,2025-01-06 21:00:00,158.3147926501845,2025-01-07 01:00:00,157.44193855673205,初期損切り,initial,2,0.5807076288452847,157.44373120691657,157.44373120691657,-0.872854093452446,-1.0020580065830873,0.00896724884749173,1.500000000000011,False
USDCHF,買い,1,2025-01-10 05:00:00,2025-01-10 09:00:00,0.9167463429665702,2025-01-13 09:00:00,0.9166136570334298,時間切れ,time,6,0.002225032504330098,0.913408794210075,0.913408794210075,-0.00013268593314041954,-0.039755504060338204,0.5679274486869772,0.9960946468229399,False
GBPUSD,売り,-1,2025-01-08 09:00:00,2025-01-08 13:00:00,1.2345337570146253,2025-01-13 13:00:00,1.2185659629927423,トレイル,trail,19,0.004264860003683884,1.2409310470201511,1.2184997200073677,0.015967794021882975,2.496024724233289,5.759569362982076,0.744747302990301,True
SP500,売り,-1,2025-01-10 13:00:00,2025-01-12 17:00:00,5860.890569348069,2025-01-13 13:00:00,5861.04,建値,breakeven,6,33.49724284567245,5911.136433616578,5860.890569348069,-0.1494306519307429,-0.002973989085593214,1.5317848571736454,0.19313322835960647,True
AUDUSD,売り,-1,2025-01-10 05:00:00,2025-01-10 09:00:00,0.6153257478820956,2025-01-13 17:00:00,0.6185985583775784,初期損切り,initial,9,0.0021523722517189673,0.618554306259674,0.618554306259674,-0.003272810495482781,-1.0137064636066828,1.0387366220271699,1.499999999999979,False
EURUSD,売り,-1,2025-01-12 21:00:00,2025-01-13 01:00:00,1.0219236775031446,2025-01-13 17:00:00,1.0265851580923275,初期損切り,initial,5,0.0030901053948851425,1.0265588355954722,1.0265588355954722,-0.00466148058918292,-1.0056788779003627,1.3344779469238293,1.4999999999999691,False
USDJPY,売り,-1,2025-01-15 17:00:00,2025-01-15 21:00:00,155.5532073498155,2025-01-16 21:00:00,155.21879265018453,時間切れ,time,6,0.6099984419386135,156.46820501272342,156.46820501272342,0.3344146996309689,0.3654814795572023,0.946243973969989,1.332450370859003,False
USDCHF,売り,-1,2025-01-20 13:00:00,2025-01-20 17:00:00,0.9071736570334298,2025-01-21 05:00:00,0.9112879685480043,初期損切り,initial,4,0.002678645698669492,0.9111916255814341,0.9111916255814341,-0.004114311514574531,-1.0239780290510607,0.7517444484838061,1.50000000000002,False
EURUSD,買い,1,2025-01-22 01:00:00,2025-01-22 05:00:00,1.0446663224968553,2025-01-23 05:00:00,1.0411536775031447,時間切れ,time,6,0.003901688774463732,1.0388137893351597,1.0388137893351597,-0.003512644993710623,-0.6001922409770573,0.2751827644920624,1.4522743418032362,False
AUDUSD,買い,1,2025-01-23 21:00:00,2025-01-24 01:00:00,0.6324442521179043,2025-01-26 17:00:00,0.6287319865773666,初期損切り,initial,5,0.0024453422817555734,0.628776238695271,0.628776238695271,-0.003712265540537718,-1.012064328235906,0.2477149667819845,1.499999999999993,False
SP500,買い,1,2025-01-21 09:00:00,2025-01-21 13:00:00,6081.829430651931,2025-01-26 17:00:00,6101.130569348069,トレイル,trail,20,29.47653294943139,6037.614631227784,6102.826934101137,19.30113869613797,0.43653118294136173,2.712346444720222,0.2513671015733854,True
USDJPY,売り,-1,2025-01-27 01:00:00,2025-01-27 05:00:00,154.6002073498155,2025-01-27 21:00:00,155.66163023309372,初期損切り,initial,5,0.7064201553958034,155.6598375829092,155.6598375829092,-1.061422883278226,-1.0016917695706804,1.2530890335646088,1.500000000000012,False
AUDUSD,売り,-1,2025-02-02 17:00:00,2025-02-02 21:00:00,0.6115757478820957,2025-02-03 05:00:00,0.616102452222822,初期損切り,initial,3,0.0029883014818813344,0.6160582001049176,0.6160582001049176,-0.0045267043407263285,-1.009872301076411,0.9355641989427319,1.4999999999999838,False
USDCHF,買い,1,2025-02-02 17:00:00,2025-02-02 21:00:00,0.9159663429665702,2025-02-03 09:00:00,0.9119431280590898,初期損切り,initial,4,0.002617914627273451,0.9120394710256601,0.9120394710256601,-0.004023214907480366,-1.0245342776693296,1.4185554390280528,1.4999999999999807,False
USDJPY,売り,-1,2025-02-04 17:00:00,2025-02-04 21:00:00,153.61020734981548,2025-02-07 05:00:00,152.186393668833,トレイル,trail,15,0.6138005093242516,154.53090811380187,152.1846010186485,1.4238136809824766,1.5464456386652279,4.322589032610076,0.056683970860226286,True
SP500,買い,1,2025-02-13 13:00:00,2025-02-13 17:00:00,6134.709430651931,2025-02-16 17:00:00,6137.49056934807,時間切れ,time,6,28.20749536246343,6092.398187608236,6092.398187608236,2.7811386961384414,0.06573048901603619,0.4229574159195132,0.47396730833897804,False
USDCHF,売り,-1,2025-02-14 05:00:00,2025-02-14 09:00:00,0.8988536570334298,2025-02-17 09:00:00,0.9010763429665702,時間切れ,time,6,0.0025960288121189283,0.9027477002516082,0.9027477002516082,-0.002222685933140456,-0.5707912852030989,0.629290794386965,1.138794358818071,False
EURUSD,買い,1,2025-02-13 13:00:00,2025-02-13 17:00:00,1.0464463224968552,2025-02-19 09:00:00,1.0401622391461833,初期損切り,initial,23,0.00417184056921111,1.0401885616430386,1.0401885616430386,-0.006284083350671876,-1.0042063762854019,1.19220219963615,1.4999999999999782,False
USDJPY,売り,-1,2025-02-19 17:00:00,2025-02-19 21:00:00,150.6372073498155,2025-02-20 17:00:00,150.33683343246722,トレイル,trail,6,0.46902039114135763,151.34073793652755,150.3350407822827,0.30037391734828134,0.4269521795094717,2.6442503849298977,0.2682029450327143,True
AUDUSD,買い,1,2025-02-14 01:00:00,2025-02-14 05:00:00,0.6341342521179044,2025-02-21 13:00:00,0.6356404970624344,トレイル,trail,33,0.0025826254098306363,0.6302603140031585,0.6356847491803388,0.0015062449445299997,0.3888149216417662,2.6003569300187515,0.5359864084955162,True
EURUSD,買い,1,2025-02-23 17:00:00,2025-02-23 21:00:00,1.0518463224968553,2025-02-24 01:00:00,1.047644631670927,初期損切り,initial,2,0.0027835788860487544,1.0476709541677822,1.0476709541677822,-0.004201690825928361,-1.0063042334904793,0.35697838783194247,1.499999999999974,False
USDCHF,売り,-1,2025-02-23 17:00:00,2025-02-23 21:00:00,0.8958236570334298,2025-02-24 01:00:00,0.8990608653998415,初期損切り,initial,2,0.002093910266561025,0.8989645224332713,0.8989645224332713,-0.0032372083664117257,-1.0306740195154651,0.21187967818626013,1.4999999999999754,False
SP500,売り,-1,2025-02-24 13:00:00,2025-02-24 17:00:00,6006.050569348069,2025-02-25 13:00:00,5977.41952943687,トレイル,trail,6,26.51504939246974,6045.8231434367735,5977.270098784939,28.631039911198968,0.7198689189023388,3.0854390703606778,0.3692028065658163,True
GBPUSD,買い,1,2025-02-13 13:00:00,2025-02-13 17:00:00,1.2558562429853746,2025-02-27 09:00:00,1.2618054120598552,トレイル,trail,59,0.004834172477385044,1.248604984269297,1.2618716550452298,0.00594916907448062,0.8204326045201036,3.244351972958391,0.18332878885075465,True
AUDUSD,売り,-1,2025-02-25 21:00:00,2025-02-26 01:00:00,0.6322857478820956,2025-03-03 05:00:00,0.6233827683430483,トレイル,trail,20,0.0020142581125719527,0.6353071350509535,0.6233385162251439,0.008902979539047284,2.946652991318743,6.441948924573106,0.8212711705512781,True
EURUSD,売り,-1,2025-02-27 13:00:00,2025-02-27 17:00:00,1.0399236775031446,2025-03-03 05:00:00,1.0443439144713227,初期損切り,initial,10,0.002929276314215128,1.0443175919744674,1.0443175919744674,-0.0044202369681780596,-1.0059906711947089,1.3428837300378245,1.5000000000000222,False
USDJPY,売り,-1,2025-03-04 05:00:00,2025-03-04 09:00:00,148.2072073498155,2025-03-04 13:00:00,149.30058827867424,初期損切り,initial,2,0.7277255191161592,149.29879562848973,149.29879562848973,-1.0933809288587497,-1.0016422402287868,0.012652228860499173,1.4999999999999978,False
EURUSD,買い,1,2025-03-04 05:00:00,2025-03-04 09:00:00,1.0539463224968553,2025-03-06 13:00:00,1.078911557899253,トレイル,trail,14,0.003276059801945883,1.0490322327939365,1.0789378803961083,0.0249652354023977,5.080337745476865,9.628541421743517,1.3144822613731089,True
USDCHF,売り,-1,2025-03-04 05:00:00,2025-03-04 09:00:00,0.8889336570334297,2025-03-07 05:00:00,0.8817346988480538,トレイル,trail,18,0.0024591779407417166,0.8926224239445423,0.8816383558814835,0.00719895818537597,1.9515893410583325,4.966560910897693,1.4827487292239265,True
EURUSD,買い,1,2025-03-18 01:00:00,2025-03-18 05:00:00,1.0951463224968554,2025-03-18 05:00:00,1.0907419179897053,初期損切り,initial,1,0.002918721340196552,1.0907682404865606,1.0907682404865606,-0.004404404507150073,-1.0060123352631012,0.0,1.4999999999999802,False
AUDUSD,買い,1,2025-03-17 09:00:00,2025-03-17 13:00:00,0.6379942521179044,2025-03-18 09:00:00,0.6347899197492269,初期損切り,initial,6,0.0021067201671820432,0.6348341718671313,0.6348341718671313,-0.003204332368677454,-1.0140034791501145,0.5343604241475666,1.5000000000000064,False
GBPUSD,買い,1,2025-03-17 09:00:00,2025-03-17 13:00:00,1.2991262429853747,2025-03-18 13:00:00,1.2998437570146253,時間切れ,time,6,0.0027822868857399715,1.2949528126567647,1.2949528126567647,0.0007175140292505766,0.17192428596012016,0.4973451953202592,1.4147509394336861,False
USDJPY,買い,1,2025-03-17 13:00:00,2025-03-17 17:00:00,149.22479265018453,2025-03-19 13:00:00,149.223,建値,breakeven,12,0.5657180337200004,148.37621559960454,149.22479265018453,-0.0017926501845124676,-0.0021125367263788186,1.6336890371660089,0.22235927208712003,True
GBPUSD,売り,-1,2025-03-24 09:00:00,2025-03-24 13:00:00,1.2903237570146253,2025-03-25 05:00:00,1.2949990660387598,初期損切り,initial,5,0.003072710692506628,1.2949328230533852,1.2949328230533852,-0.004675309024134489,-1.01437232289958,0.07932963400032081,1.4999999999999796,False
AUDUSD,売り,-1,2025-03-31 01:00:00,2025-03-31 05:00:00,0.6257657478820956,2025-03-31 21:00:00,0.62581,建値,breakeven,5,0.00201478155231489,0.628787920210568,0.6257657478820956,-4.425211790437533e-05,-0.014642486627076009,1.9137299910581196,0.11130344014058947,True
EURUSD,買い,1,2025-04-03 01:00:00,2025-04-03 05:00:00,1.1009663224968553,2025-04-03 09:00:00,1.105629366149763,トレイル,trail,2,0.004517155676690891,1.094190588981819,1.1056556886466182,0.004663043652907595,0.6881976161783258,3.038123652448062,0.12758526340574255,True
GBPUSD,買い,1,2025-04-02 13:00:00,2025-04-02 17:00:00,1.3008362429853746,2025-04-03 09:00:00,1.3137757518341577,トレイル,trail,5,0.0034490025902338267,1.295662739100024,1.3138419948195323,0.012939508848783143,2.501111265311421,5.770873315950757,1.0252943837699329,True
AUDUSD,買い,1,2025-04-03 01:00:00,2025-04-03 05:00:00,0.6336442521179044,2025-04-03 13:00:00,0.6336,建値,breakeven,3,0.0031392243364074444,0.6289354156132932,0.6336442521179044,-4.425211790437533e-05,-0.009397675595880445,1.664662133728236,0.17974252791063233,True
USDCHF,売り,-1,2025-04-03 01:00:00,2025-04-03 05:00:00,0.8660336570334297,2025-04-03 13:00:00,0.860631895834739,トレイル,trail,3,0.0029027764340843576,0.8703878216845563,0.8605355528681687,0.0054017611986907355,1.2405964476545825,3.894084608343362,0.15720913302584877,True
USDJPY,売り,-1,2025-04-02 17:00:00,2025-04-02 21:00:00,147.88920734981548,2025-04-03 13:00:00,146.51957617615005,トレイル,trail,5,0.6648917629827708,148.88654499428964,146.51778352596554,1.3696311736654252,1.3732873528378244,4.062627182652414,0.33207307185463864,True
AUDUSD,売り,-1,2025-04-04 01:00:00,2025-04-04 05:00:00,0.6205857478820956,2025-04-04 09:00:00,0.6124922435904177,トレイル,trail,2,0.003728995736256599,0.6261792414864805,0.6124479914725133,0.008093504291677989,1.4469497713080894,4.182291690617916,0.046728966785911125,True
SP500,売り,-1,2025-04-03 05:00:00,2025-04-03 09:00:00,5497.090569348069,2025-04-04 09:00:00,5321.618882845766,トレイル,trail,7,54.94972609691785,5579.515158493446,5321.469452193835,175.47168650230287,2.128875476622805,5.1960326216090875,0.7845249415055556,True
GBPUSD,売り,-1,2025-04-07 01:00:00,2025-04-07 05:00:00,1.2869937570146255,2025-04-08 21:00:00,1.2835161945401201,トレイル,trail,11,0.006284975777372733,1.2964212206806847,1.2834499515547455,0.003477562474505369,0.3688757228548484,2.563853479378309,0.10759675284815405,True
EURUSD,買い,1,2025-04-10 09:00:00,2025-04-10 13:00:00,1.1196863224968554,2025-04-11 05:00:00,1.1323500074029866,トレイル,trail,5,0.007561835050078998,1.108343569921737,1.132376329899842,0.012663684906131234,1.1164560649864073,3.6781650642926937,0.5033596305192686,True
GBPUSD,買い,1,2025-04-14 21:00:00,2025-04-15 01:00:00,1.3212462429853746,2025-04-16 01:00:00,1.3263537570146253,時間切れ,time,6,0.006296152638372794,1.3118020140278155,1.3118020140278155,0.005107514029250693,0.5408079423109096,0.8646164296347497,0.4441193131711312,False
AUDUSD,買い,1,2025-04-17 13:00:00,2025-04-17 17:00:00,0.6385542521179044,2025-04-20 17:00:00,0.6374957478820956,時間切れ,time,6,0.0034194662833430286,0.6334250526928898,0.6334250526928898,-0.001058504235808777,-0.2063683136683218,0.24733330058418612,0.527641441207731,False
USDCHF,売り,-1,2025-04-20 21:00:00,2025-04-21 01:00:00,0.8080336570334298,2025-04-22 01:00:00,0.8083763429665702,時間切れ,time,6,0.004240874546536504,0.8143949688532345,0.8143949688532345,-0.00034268593314046303,-0.05387032468265027,0.9534960275427676,1.048449539777475,False
EURUSD,買い,1,2025-04-20 21:00:00,2025-04-21 01:00:00,1.1517663224968553,2025-04-22 09:00:00,1.1448905913905845,初期損切り,initial,9,0.004566272406277032,1.1449169138874398,1.1449169138874398,-0.0068757311062708215,-1.0038430320566787,1.220618703229988,1.4999999999999938,False
SP500,買い,1,2025-04-24 17:00:00,2025-04-24 21:00:00,5540.649430651931,2025-04-27 21:00:00,5521.5705693480695,時間切れ,time,6,55.26232734258183,5457.755939638058,5457.755939638058,-19.07886130386123,-0.23016115102050977,0.3653586506211396,1.0935013698810907,False
GBPUSD,買い,1,2025-04-28 13:00:00,2025-04-28 17:00:00,1.3437462429853746,2025-04-29 17:00:00,1.3402537570146253,時間切れ,time,6,0.003950429410056909,1.3378205988702891,1.3378205988702891,-0.0034924859707492484,-0.5893850361107852,0.1654901143053273,1.4343359663508157,False
EURUSD,売り,-1,2025-04-30 21:00:00,2025-05-01 01:00:00,1.1302536775031446,2025-05-02 01:00:00,1.1304463224968553,時間切れ,time,6,0.0037308366223172663,1.1358499324366205,1.1358499324366205,-0.00019264499371063337,-0.034423913134882744,0.9793185478262143,1.0309544175285978,False
USDJPY,買い,1,2025-05-01 01:00:00,2025-05-01 05:00:00,144.2207926501845,2025-05-02 01:00:00,144.82831419950097,トレイル,trail,6,0.5479465751572495,143.39887278744862,144.83010684968548,0.6075215493164592,0.7391493707114455,3.1119956344760826,0.16934616327858432,True
AUDUSD,買い,1,2025-05-04 21:00:00,2025-05-05 01:00:00,0.6468842521179043,2025-05-06 01:00:00,0.6468657478820956,時間切れ,time,6,0.002621527467593656,0.6429519609165139,0.6429519609165139,-1.850423580873617e-05,-0.004705713504176128,0.9672787767595878,0.9781519170036056,False
USDCHF,売り,-1,2025-05-07 09:00:00,2025-05-07 13:00:00,0.8201836570334298,2025-05-08 01:00:00,0.825401635420988,初期損切り,initial,4,0.003414423613992017,0.8253052924544177,0.8253052924544177,-0.00521797838755822,-1.0188109770905185,0.47552887895227963,1.4999999999999867,False
SP500,買い,1,2025-05-08 09:00:00,2025-05-08 13:00:00,5739.109430651931,2025-05-08 17:00:00,5676.735970010738,初期損切り,initial,2,41.482686659507685,5676.885400662669,5676.885400662669,-62.37346064119265,-1.002401494277322,0.015441848145638476,1.500000000000009,False
EURUSD,売り,-1,2025-05-08 09:00:00,2025-05-08 13:00:00,1.1225936775031446,2025-05-09 09:00:00,1.1290620510124907,初期損切り,initial,6,0.004294700674993879,1.1290357285156354,1.1290357285156354,-0.006468373509346037,-1.0040860429084124,0.6854208770088058,1.4999999999999807,False
GBPUSD,売り,-1,2025-05-08 13:00:00,2025-05-08 17:00:00,1.3248337570146254,2025-05-11 17:00:00,1.3275362429853745,時間切れ,time,6,0.005035464153458511,1.3323869532448132,1.3323869532448132,-0.00270248597074918,-0.35779369268180633,0.7176611538666714,1.4728022600023625,False
USDCHF,買い,1,2025-05-11 17:00:00,2025-05-11 21:00:00,0.8339763429665702,2025-05-13 01:00:00,0.8409394126923205,トレイル,trail,8,0.003307122170554629,0.8290156597107382,0.8410357556588908,0.006963069725750337,1.403651345319079,4.134608982750899,0.2710341258484044,True
USDJPY,買い,1,2025-05-12 01:00:00,2025-05-12 05:00:00,147.75979265018452,2025-05-14 01:00:00,146.66084615182572,初期損切り,initial,12,0.731435898782855,146.66263880201024,146.66263880201024,-1.0989464983587993,-1.0016339095811404,1.2211696900600721,1.500000000000006,False
GBPUSD,買い,1,2025-05-20 17:00:00,2025-05-20 21:00:00,1.3409762429853747,2025-05-21 05:00:00,1.3398337570146255,建値,breakeven,3,0.0034744438385291426,1.335764577227581,1.3409762429853747,-0.0011424859707491741,-0.2192170457287402,1.7135856244393188,0.5371343075629281,True
AUDUSD,買い,1,2025-05-25 17:00:00,2025-05-25 21:00:00,0.6505942521179043,2025-05-26 21:00:00,0.6470585867303046,初期損切り,initial,7,0.0023276088464635747,0.647102838848209,0.647102838848209,-0.0035356653875997512,-1.0126745574030114,1.3429008430023366,1.500000000000006,False
EURUSD,買い,1,2025-05-25 17:00:00,2025-05-25 21:00:00,1.1397363224968553,2025-05-26 21:00:00,1.1399736775031446,時間切れ,time,6,0.0037219409187063024,1.1341534111187959,1.1341534111187959,0.00023735500628929707,0.04251455740853951,0.5759568864649838,0.7620546802879261,False
USDJPY,売り,-1,2025-05-26 17:00:00,2025-05-26 21:00:00,142.2792073498155,2025-05-27 01:00:00,143.0133737234005,初期損切り,initial,2,0.4882491489336476,143.01158107321598,143.01158107321598,-0.7341663735849977,-1.0024477259727491,0.33631876302113106,1.5000000000000282,False
SP500,買い,1,2025-05-28 17:00:00,2025-05-28 21:00:00,6000.329430651931,2025-05-29 05:00:00,5949.6243496253255,初期損切り,initial,3,33.70376691645013,5949.773780277256,5949.773780277256,-50.70508102660551,-1.0029557655934176,0.22224724514139335,1.4999999999999876,False
EURUSD,買い,1,2025-06-02 01:00:00,2025-06-02 05:00:00,1.1420463224968553,2025-06-03 05:00:00,1.1411336775031446,時間切れ,time,6,0.00382339278978841,1.1363112333121728,1.1363112333121728,-0.0009126449937106873,-0.15913353120090912,0.8954553432984111,0.42013012661048993,False
USDCHF,売り,-1,2025-06-02 01:00:00,2025-06-02 05:00:00,0.8176236570334298,2025-06-03 05:00:00,0.8190263429665703,時間切れ,time,6,0.0030650850405294556,0.822221284594224,0.822221284594224,-0.001402685933140524,-0.30508907356954923,0.6276031522758317,0.5012399154526729,False
SP500,買い,1,2025-06-06 13:00:00,2025-06-08 17:00:00,6013.96943065193,2025-06-09 17:00:00,6012.670569348069,時間切れ,time,6,29.01226187456885,5970.451037840077,5970.451037840077,-1.2988613038614858,-0.029846260855196607,0.47740398208008006,0.7431144371004335,False
EURUSD,買い,1,2025-06-11 17:00:00,2025-06-11 21:00:00,1.1521463224968553,2025-06-12 09:00:00,1.1566977592704155,トレイル,trail,4,0.0032579591163645985,1.1472593838223084,1.1567240817672708,0.00455143677356018,0.9313472250564256,3.405100281161178,0.48690681503253785,True
USDCHF,売り,-1,2025-06-12 01:00:00,2025-06-12 05:00:00,0.8145036570334298,2025-06-13 01:00:00,0.8104184158916845,トレイル,trail,6,0.0023510364625571223,0.8180302117272654,0.8103220729251143,0.004085241141745244,1.1584227373209688,3.778613039360254,0.21962354680310295,True
GBPUSD,売り,-1,2025-06-17 13:00:00,2025-06-17 17:00:00,1.3425037570146254,2025-06-18 17:00:00,1.3428462429853747,時間切れ,time,6,0.0043136341394159295,1.3489742082237492,1.3489742082237492,-0.00034248597074926224,-0.0529307709277411,0.5618828431642728,1.1999726490655571,False
AUDUSD,売り,-1,2025-06-19 09:00:00,2025-06-19 13:00:00,0.6452457478820957,2025-06-19 17:00:00,0.6492182002578305,初期損切り,initial,2,0.0026188001718869666,0.6491739481399261,0.6491739481399261,-0.003972452375734847,-1.011265239804459,-0.0,1.5000000000000084,False
USDJPY,買い,1,2025-06-19 05:00:00,2025-06-19 09:00:00,145.54579265018452,2025-06-20 09:00:00,145.5892073498155,時間切れ,time,6,0.4819576987456985,144.82285610206597,144.82285610206597,0.04341469963097211,0.060053264347970044,0.44237772395863284,0.8730904211710743,False
USDCHF,売り,-1,2025-06-24 09:00:00,2025-06-24 13:00:00,0.8040636570334297,2025-06-25 13:00:00,0.8052963429665703,時間切れ,time,6,0.002804263471634924,0.8082700522408821,0.8082700522408821,-0.0012326859331405204,-0.29305043210314513,0.2081320244454399,1.4108314024657649,False
AUDUSD,買い,1,2025-06-26 09:00:00,2025-06-26 13:00:00,0.6555842521179044,2025-06-27 13:00:00,0.6534357478820956,時間切れ,time,6,0.002389867363892181,0.6519994510720661,0.6519994510720661,-0.0021485042358088124,-0.5993370924456437,0.34552038099337623,1.3784246639274875,False
GBPUSD,買い,1,2025-06-25 09:00:00,2025-06-25 13:00:00,1.3641262429853747,2025-06-27 13:00:00,1.3692043525699065,トレイル,trail,13,0.0038997022223594344,1.3582766896518355,1.369270595555281,0.005078109584531809,0.8681192041477471,3.3191654840748335,0.11955861211692072,True
EURUSD,買い,1,2025-06-25 13:00:00,2025-06-25 17:00:00,1.1658263224968552,2025-07-02 05:00:00,1.1759276795400253,トレイル,trail,28,0.0035129989815596086,1.1605568240245159,1.1759540020368806,0.010101357043170056,1.9169484716987728,4.882915592400551,0.10142971823380745,True
SP500,買い,1,2025-06-23 21:00:00,2025-06-24 01:00:00,6111.769430651931,2025-07-07 09:00:00,6260.708025111867,トレイル,trail,56,36.13127211810101,6057.572522474779,6260.857455763798,148.9385944599362,2.7481013118517,6.126287738348887,0.0522934992644214,True
SP500,買い,1,2025-07-15 05:00:00,2025-07-15 09:00:00,6335.46943065193,2025-07-15 09:00:00,6306.1156006537485,初期損切り,initial,1,19.46959956416726,6306.265031305679,6306.265031305679,-29.353829998181936,-1.0051167171822086,0.0,1.5000000000000155,False
GBPUSD,売り,-1,2025-07-10 05:00:00,2025-07-10 09:00:00,1.3559537570146254,2025-07-16 09:00:00,1.3445638376324638,トレイル,trail,25,0.0033137973235446367,1.3609244529999422,1.3444975946470892,0.011389919382161606,2.291413398809046,5.457110151589485,0.786482313464724,True
USDCHF,買い,1,2025-07-15 09:00:00,2025-07-15 13:00:00,0.8019863429665702,2025-07-16 09:00:00,0.7988133542202493,初期損切り,initial,6,0.0020510971865004596,0.7989096971868196,0.7989096971868196,-0.0031729887463208817,-1.031314286228296,1.2840235220268927,1.499999999999977,False
USDJPY,買い,1,2025-07-15 09:00:00,2025-07-15 13:00:00,148.89679265018452,2025-07-16 09:00:00,148.2240411687314,初期損切り,initial,6,0.4473058875124117,148.2258338189159,148.2258338189159,-0.6727514814531332,-1.002671773737781,0.6487894702871233,1.5000000000000073,False
AUDUSD,売り,-1,2025-07-17 01:00:00,2025-07-17 05:00:00,0.6472157478820956,2025-07-17 21:00:00,0.6511261929520069,初期損切り,initial,5,0.0025774619680046774,0.6510819408341025,0.6510819408341025,-0.003910445069911339,-1.0114459155178355,0.6850723324009096,1.4999999999999798,False
EURUSD,買い,1,2025-07-22 09:00:00,2025-07-22 13:00:00,1.1755463224968552,2025-07-23 13:00:00,1.1750836775031448,時間切れ,time,6,0.0031828679522517794,1.1707720205684775,1.1707720205684775,-0.0004626449937104038,-0.09690317048457235,0.17395553678342618,1.4000965681603372,False
USDCHF,売り,-1,2025-07-22 09:00:00,2025-07-22 13:00:00,0.7921436570334298,2025-07-23 13:00:00,0.7944663429665703,時間切れ,time,6,0.0023637220179542804,0.7956892400603612,0.7956892400603612,-0.002322685933140445,-0.6550928057523586,0.4373005901617949,1.195717155021571,False
AUDUSD,買い,1,2025-07-23 13:00:00,2025-07-23 17:00:00,0.6601042521179044,2025-07-24 21:00:00,0.6571998904173454,初期損切り,initial,8,0.001906739721769751,0.6572441425352498,0.6572441425352498,-0.002904361700558966,-1.0154721756721177,1.2564629848231177,1.4999999999999813,False
GBPUSD,売り,-1,2025-07-28 13:00:00,2025-07-28 17:00:00,1.3356537570146254,2025-07-29 13:00:00,1.33572,建値,breakeven,6,0.0031558790085336207,1.340387575527426,1.3356537570146254,-6.624298537460938e-05,-0.013993562532126176,1.5538482309890076,0.17308742949193642,True
USDCHF,買い,1,2025-07-29 05:00:00,2025-07-29 09:00:00,0.8075863429665703,2025-07-29 17:00:00,0.804061823481249,初期損切り,initial,3,0.002285451012500723,0.8041581664478192,0.8041581664478192,-0.003524519485321287,-1.0281032689078977,0.1547427757126773,1.4999999999999836,False
AUDUSD,売り,-1,2025-07-30 13:00:00,2025-07-30 17:00:00,0.6434757478820956,2025-07-30 21:00:00,0.6468644790173502,初期損切り,initial,2,0.002229652678233471,0.6468202268994458,0.6468202268994458,-0.003388731135254619,-1.0132313934920343,0.03845795487910935,1.5000000000000167,False
USDJPY,買い,1,2025-07-30 13:00:00,2025-07-30 17:00:00,149.49179265018452,2025-07-30 21:00:00,148.74230434131303,初期損切り,initial,2,0.49846377245799306,148.74409699149754,148.74409699149754,-0.7494883088714914,-1.002397566661882,0.0064344692487221375,1.4999999999999787,False
EURUSD,売り,-1,2025-07-29 05:00:00,2025-07-29 09:00:00,1.1524536775031446,2025-08-01 05:00:00,1.1472877167662028,トレイル,trail,18,0.003580697134673745,1.1578247232051553,1.1472613942693475,0.005165960736941866,0.9618165667456563,3.4500760713654604,1.345079551748856,True
EURUSD,買い,1,2025-08-13 01:00:00,2025-08-13 05:00:00,1.1714263224968553,2025-08-14 01:00:00,1.1667820966410216,初期損切り,initial,6,0.00307860223931889,1.166808419137877,1.166808419137877,-0.0046442258558336835,-1.0057000969507452,0.5176626856145072,1.500000000000015,False
USDCHF,売り,-1,2025-08-13 01:00:00,2025-08-13 05:00:00,0.8033236570334298,2025-08-14 01:00:00,0.8068197673587475,初期損切り,initial,6,0.002266511572498351,0.8067234243921773,0.8067234243921773,-0.003496110325317714,-1.0283381056419345,0.47811669994489675,1.499999999999977,False
AUDUSD,買い,1,2025-08-13 01:00:00,2025-08-13 05:00:00,0.6551342521179043,2025-08-14 05:00:00,0.6525457478820956,時間切れ,time,6,0.0019901413550415235,0.652149040085342,0.652149040085342,-0.0025885042358086974,-0.8671090051807532,0.8671483951247608,1.298526916873421,False
USDJPY,売り,-1,2025-08-13 21:00:00,2025-08-14 01:00:00,146.3872073498155,2025-08-14 05:00:00,147.04317482059258,初期損切り,initial,2,0.4361165470617184,147.04138217040807,147.04138217040807,-0.6559674707770853,-1.00274032281292,0.39486543442508654,1.4999999999999891,False
SP500,買い,1,2025-08-12 13:00:00,2025-08-12 17:00:00,6466.949430651931,2025-08-15 09:00:00,6466.8,建値,breakeven,17,24.850998048455608,6429.672933579248,6466.949430651931,-0.1494306519307429,-0.004008709607004547,1.6760119358931687,0.5516651936956363,True
AUDUSD,売り,-1,2025-08-19 09:00:00,2025-08-19 13:00:00,0.6456757478820956,2025-08-22 09:00:00,0.644793699792613,トレイル,trail,18,0.0016397238373543112,0.648135333638127,0.6447494476747087,0.0008820480894825566,0.35861652203814115,2.5649123262619398,0.6185505722359285,True
EURUSD,売り,-1,2025-08-21 21:00:00,2025-08-22 01:00:00,1.1584136775031446,2025-08-22 09:00:00,1.1621545871199006,初期損切り,initial,3,0.0024763914132671498,1.1621282646230453,1.1621282646230453,-0.003740909616755994,-1.0070862510436887,0.029751961967709573,1.4999999999999867,False
USDJPY,買い,1,2025-08-21 21:00:00,2025-08-22 01:00:00,148.74879265018453,2025-08-22 09:00:00,148.1821908966245,初期損切り,initial,3,0.3765394022503527,148.183983546809,148.183983546809,-0.5666017535600361,-1.0031739045525176,0.07491207997591127,1.4999999999999856,False
USDCHF,売り,-1,2025-08-22 09:00:00,2025-08-22 13:00:00,0.8012336570334297,2025-08-25 13:00:00,0.8042463429665703,時間切れ,time,6,0.0022239851613932472,0.8045696347755196,0.8045696347755196,-0.0030126859331405242,-0.9030893387355708,0.5412163059018253,1.4956677878581128,False
SP500,買い,1,2025-08-28 01:00:00,2025-08-28 05:00:00,6499.269430651931,2025-08-29 09:00:00,6469.33318493758,初期損切り,initial,8,19.857876708280013,6469.482615589511,6469.482615589511,-29.93624571435066,-1.0050166710209703,1.1869632234266738,1.499999999999995,False
USDCHF,売り,-1,2025-08-29 09:00:00,2025-08-29 13:00:00,0.7991836570334298,2025-09-01 13:00:00,0.8013163429665703,時間切れ,time,6,0.002346250803788813,0.802703033239113,0.802703033239113,-0.0021326859331405323,-0.6059840745915687,0.23171309416359775,1.089543778713759,False
GBPUSD,買い,1,2025-09-01 13:00:00,2025-09-01 17:00:00,1.3543762429853745,2025-09-02 01:00:00,1.3504259015971365,初期損切り,initial,3,0.0025893989352422406,1.350492144582511,1.350492144582511,-0.003950341388238021,-1.0170549194443237,0.2486125277429123,1.5000000000000198,False
GBPUSD,売り,-1,2025-09-02 05:00:00,2025-09-02 09:00:00,1.3350737570146254,2025-09-02 09:00:00,1.3407252229405504,初期損切り,initial,1,0.003723481960366874,1.3406589799551758,1.3406589799551758,-0.0056514659259250255,-1.011860401291016,-0.0,1.5000000000000282,False
USDJPY,買い,1,2025-09-02 05:00:00,2025-09-02 09:00:00,148.82479265018452,2025-09-02 09:00:00,148.1652654775631,初期損切り,initial,1,0.4384896816245961,148.16705812774762,148.16705812774762,-0.6595271726214094,-1.0027254920083462,0.0,1.5000000000000062,False
SP500,買い,1,2025-09-05 01:00:00,2025-09-05 05:00:00,6526.489430651931,2025-09-05 09:00:00,6494.926812180369,初期損切り,initial,2,20.94212521308761,6495.0762428323,6495.0762428323,-31.56261847156202,-1.004756940072068,0.42978299749846116,1.4999999999999933,False
EURUSD,買い,1,2025-09-05 09:00:00,2025-09-05 13:00:00,1.1739263224968552,2025-09-08 13:00:00,1.1740336775031448,時間切れ,time,6,0.002938043125344759,1.169519257808838,1.169519257808838,0.00010735500628955563,0.024359752780905436,0.5798681062398607,1.2138428010435331,False
USDCHF,売り,-1,2025-09-05 09:00:00,2025-09-05 13:00:00,0.7969636570334298,2025-09-09 09:00:00,0.7959992105944225,トレイル,trail,12,0.0021714338139261174,0.8002208077543189,0.7959028676278522,0.0009644464390072827,0.2961012620085314,2.4885202573406953,1.2094971302955093,True
USDJPY,売り,-1,2025-09-09 01:00:00,2025-09-09 05:00:00,146.62220734981548,2025-09-09 09:00:00,147.34896778511813,初期損切り,initial,2,0.48331185674541877,147.34717513493362,147.34717513493362,-0.7267604353026513,-1.002472730818282,0.6480440019092375,1.5000000000000222,False
AUDUSD,買い,1,2025-09-05 05:00:00,2025-09-05 09:00:00,0.6572042521179043,2025-09-09 13:00:00,0.6583527545890518,トレイル,trail,14,0.0017764966465219293,0.6545395071481215,0.6583970067069562,0.0011485024711475056,0.4309990202330988,2.67140829755409,1.4490610623691484,True
GBPUSD,買い,1,2025-09-08 17:00:00,2025-09-08 21:00:00,1.3559062429853745,2025-09-09 21:00:00,1.3521637570146254,時間切れ,time,6,0.0031848590740040034,1.3511289543743685,1.3511289543743685,-0.00374248597074911,-0.7833912236591907,0.9902344001238614,1.3332593018114567,False
EURUSD,買い,1,2025-09-16 01:00:00,2025-09-16 05:00:00,1.1795163224968552,2025-09-17 13:00:00,1.1830523920615728,トレイル,trail,9,0.002385642720785958,1.1759378584156763,1.183078714558428,0.0035360695647175255,0.9881528735514247,3.4932630232238986,0.22062083826275897,True
USDCHF,売り,-1,2025-09-16 05:00:00,2025-09-16 09:00:00,0.7907736570334297,2025-09-17 13:00:00,0.7890674806110447,トレイル,trail,8,0.001690568822237212,0.7933095102667855,0.7889711376444745,0.0017061764223850195,0.6728214393256321,3.066220650260145,0.11022501072962977,True
USDJPY,売り,-1,2025-09-17 09:00:00,2025-09-17 13:00:00,146.2862073498155,2025-09-17 13:00:00,146.7939945933169,初期損切り,initial,1,0.3373297288779323,146.7922019431324,146.7922019431324,-0.5077872435014115,-1.0035428247815097,-0.0,1.5000000000000018,False
GBPUSD,買い,1,2025-09-15 05:00:00,2025-09-15 09:00:00,1.3615362429853746,2025-09-17 17:00:00,1.3628637570146254,トレイル,trail,15,0.0029176488594595856,1.3571597696961852,1.3667847022810808,0.001327514029250798,0.30332963131066737,3.798865987142245,1.0406471551675711,True
GBPUSD,売り,-1,2025-09-19 05:00:00,2025-09-19 09:00:00,1.3468137570146255,2025-09-22 09:00:00,1.3508862429853745,時間切れ,time,6,0.003639534197836897,1.352273058311381,1.352273058311381,-0.004072485970749051,-0.7459720116875529,0.40767772301944627,1.3178178098244238,False
USDJPY,買い,1,2025-09-21 21:00:00,2025-09-22 01:00:00,148.28879265018452,2025-09-22 13:00:00,147.66039115637983,初期損切り,initial,4,0.4177392290801202,147.66218380656434,147.66218380656434,-0.628401493804688,-1.0028608759719235,0.04119160619265832,1.4999999999999887,False
EURUSD,売り,-1,2025-09-25 05:00:00,2025-09-25 09:00:00,1.1697836775031447,2025-09-26 09:00:00,1.1697099535297741,トレイル,trail,7,0.002561815516459409,1.1736264007778339,1.1696836310329188,7.372397337057635e-05,0.01918534541796815,2.0390529566173163,0.48649970649635127,True
USDCHF,買い,1,2025-09-25 05:00:00,2025-09-25 09:00:00,0.7991563429665702,2025-09-28 17:00:00,0.7963903779250171,初期損切り,initial,9,0.0017797480499885888,0.7964867208915873,0.7964867208915873,-0.002765965041553131,-1.0360886162401342,1.2718974651745245,1.5000000000000047,False
SP500,買い,1,2025-10-01 13:00:00,2025-10-01 17:00:00,6757.279430651931,2025-10-03 13:00:00,6757.13,建値,breakeven,12,22.904091585470642,6722.923293273725,6757.279430651931,-0.1494306519307429,-0.0043494601935529335,1.8555885174258298,0.6797663462805652,True
USDJPY,買い,1,2025-10-05 21:00:00,2025-10-06 01:00:00,150.31779265018451,2025-10-07 01:00:00,150.41220734981547,時間切れ,time,6,0.5572391412232128,149.4819339383497,149.4819339383497,0.09441469963095983,0.11295533359185454,0.5387406009500438,1.0135552376036172,False
EURUSD,売り,-1,2025-10-07 21:00:00,2025-10-08 01:00:00,1.1618736775031446,2025-10-09 01:00:00,1.1645863224968553,時間切れ,time,6,0.00265295563528687,1.165853110956075,1.165853110956075,-0.002712644993710711,-0.6816661280547918,0.7665704906990436,1.0955036180019004,False
USDCHF,買い,1,2025-10-07 21:00:00,2025-10-08 01:00:00,0.8009863429665702,2025-10-09 01:00:00,0.8004136570334298,時間切れ,time,6,0.0019347872469066012,0.7980841620962104,0.7980841620962104,-0.0005726859331404155,-0.19732951139926586,0.9942473191847763,0.7940630004805904,False
GBPUSD,売り,-1,2025-10-09 09:00:00,2025-10-09 13:00:00,1.3293437570146254,2025-10-10 09:00:00,1.335325615753978,初期損切り,initial,6,0.003943743835985217,1.3352593727686033,1.3352593727686033,-0.00598185873935253,-1.011197986503799,0.7920790864057342,1.500000000000024,False
AUDUSD,売り,-1,2025-10-10 09:00:00,2025-10-10 13:00:00,0.6483657478820957,2025-10-12 21:00:00,0.6519860870740158,初期損切り,initial,3,0.0023840580493438915,0.6519418349561115,0.6519418349561115,-0.0036203391919201744,-1.0123744520165285,0.5309215865964338,1.499999999999984,False
SP500,売り,-1,2025-10-10 13:00:00,2025-10-12 17:00:00,6668.710569348069,2025-10-13 17:00:00,6692.71943065193,時間切れ,time,6,35.06133069070843,6721.302565384131,6721.302565384131,-24.008861303861522,-0.4565116959508155,0.7475634504372923,1.2098636821896982,False
USDCHF,売り,-1,2025-10-16 09:00:00,2025-10-16 13:00:00,0.7942336570334297,2025-10-17 05:00:00,0.7920504341929804,トレイル,trail,5,0.0023270456132050863,0.7977242254532374,0.7919540912264101,0.0021832228404493614,0.625463413941527,2.9795965296442457,0.05859058619074161,True
AUDUSD,買い,1,2025-10-26 17:00:00,2025-10-26 21:00:00,0.6531542521179043,2025-10-29 13:00:00,0.6578949676978033,トレイル,trail,17,0.0019353900921461654,0.6502511669796851,0.6579392198157077,0.004740715579898969,1.6329922665674637,4.472353101951274,0.14687071048771594,True
SP500,買い,1,2025-10-24 05:00:00,2025-10-24 09:00:00,6812.989430651931,2025-10-29 13:00:00,6896.482880995449,トレイル,trail,20,27.61384417631003,6771.568664387466,6896.6323116473795,83.4934503435179,2.015738912467853,5.029019808375906,0.020621201752826984,True
GBPUSD,売り,-1,2025-10-29 01:00:00,2025-10-29 05:00:00,1.3208337570146254,2025-10-29 17:00:00,1.320349257624583,トレイル,trail,4,0.003106507319604118,1.3254935179940315,1.3202830146392084,0.00048449939004235887,0.10397515928040192,2.1772866820372503,1.2542197988032207,True
EURUSD,売り,-1,2025-10-30 05:00:00,2025-10-30 09:00:00,1.1555136775031447,2025-10-31 09:00:00,1.1556063224968554,時間切れ,time,6,0.002972374053649934,1.1599722385836195,1.1599722385836195,-9.264499371064439e-05,-0.020779124035411076,0.2737466713334724,1.0450644638890108,False
USDCHF,買い,1,2025-10-29 13:00:00,2025-10-29 17:00:00,0.7995963429665702,2025-11-06 05:00:00,0.8079901996704879,トレイル,trail,34,0.002181728681470951,0.7963237499443638,0.8080865426370581,0.00839385670391768,2.564894762948076,5.891501148879644,0.9379456684735772,True
USDJPY,買い,1,2025-10-30 01:00:00,2025-10-30 05:00:00,153.7497926501845,2025-11-06 09:00:00,152.89785850082563,初期損切り,initial,32,0.5667609994495646,152.89965115101015,152.89965115101015,-0.8519341493588684,-1.0021086491910611,1.2954443769570672,1.5000000000000158,False
GBPUSD,買い,1,2025-11-13 09:00:00,2025-11-13 13:00:00,1.3212362429853746,2025-11-13 17:00:00,1.3158956540276936,初期損切り,initial,2,0.0035162306482042125,1.3159618970130682,1.3159618970130682,-0.0053405889576809695,-1.012559469121379,0.05225965899572639,1.5000000000000118,False
USDJPY,買い,1,2025-11-11 21:00:00,2025-11-12 01:00:00,154.64579265018452,2025-11-14 05:00:00,154.06203113493353,初期損切り,initial,14,0.38797924337765083,154.06382378511805,154.06382378511805,-0.5837615152509841,-1.003080319742368,1.034094881784571,1.499999999999988,False
USDCHF,売り,-1,2025-11-13 09:00:00,2025-11-13 13:00:00,0.7911436570334298,2025-11-14 09:00:00,0.79124,建値,breakeven,6,0.002143105315659066,0.7943583150069184,0.7911436570334298,-9.634296657023977e-05,-0.029969896444593396,1.5508603376347516,1.1554928955083252,True
SP500,売り,-1,2025-11-18 13:00:00,2025-11-18 17:00:00,6631.20056934807,2025-11-19 09:00:00,6702.438193842946,初期損切り,initial,5,47.392129228630594,6702.288763191015,6702.288763191015,-71.2376244948764,-1.002102045977714,0.36927164136565815,1.4999999999999951,False
GBPUSD,売り,-1,2025-11-19 09:00:00,2025-11-19 13:00:00,1.3067737570146254,2025-11-20 09:00:00,1.3118881102930913,初期損切り,initial,6,0.0033654068620609114,1.3118218673077167,1.3118218673077167,-0.005114353278465877,-1.0131223332154942,0.8895676324829662,1.4999999999999705,False
AUDUSD,売り,-1,2025-11-20 09:00:00,2025-11-20 13:00:00,0.6445057478820956,2025-11-21 13:00:00,0.6454742521179043,時間切れ,time,6,0.0024277227945337814,0.6481473320738963,0.6481473320738963,-0.0009685042358087426,-0.26595684317539875,0.962114738698624,0.6484480524090169,False
EURUSD,買い,1,2025-12-03 05:00:00,2025-12-03 09:00:00,1.1666663224968552,2025-12-04 09:00:00,1.1664636775031447,時間切れ,time,6,0.0020360910961886797,1.163612185852572,1.163612185852572,-0.00020264499371047684,-0.06635099123341588,0.7532460143927575,0.7054313530194393,False
AUDUSD,買い,1,2025-12-02 21:00:00,2025-12-03 01:00:00,0.6583542521179043,2025-12-08 09:00:00,0.6616857175579304,トレイル,trail,21,0.001590015162082646,0.6559692293747803,0.6617299696758348,0.003331465440026049,1.3968275353476935,4.123072558319993,0.6064420899240306,True
GBPUSD,買い,1,2025-11-26 09:00:00,2025-11-26 13:00:00,1.3226962429853746,2025-12-08 09:00:00,1.3307444612307484,トレイル,trail,48,0.0038546478919384655,1.3169142711474668,1.330810704216123,0.008048218245373828,1.3919504402647191,4.105110883855006,1.2261153593973828,True
SP500,買い,1,2025-11-25 17:00:00,2025-11-25 21:00:00,6797.71943065193,2025-12-10 05:00:00,6852.37056934807,最大保有,max,60,45.61027635985221,6729.304016112153,6813.569447280295,54.65113869613924,0.7988132362241817,2.3475097695815945,0.23348752741399198,True
EURUSD,買い,1,2025-12-10 13:00:00,2025-12-10 17:00:00,1.1695563224968553,2025-12-12 05:00:00,1.1720391438113364,トレイル,trail,10,0.002097266845904143,1.166410422227999,1.1720654663081918,0.0024828213144811873,0.7892244198141382,3.196387486998504,0.6276371075173516,True
GBPUSD,買い,1,2025-12-11 05:00:00,2025-12-11 09:00:00,1.3408062429853747,2025-12-12 05:00:00,1.3366360912159845,初期損切り,initial,6,0.0027359391893436364,1.336702334201359,1.336702334201359,-0.0041701517693901735,-1.0161414370691504,1.0978888077354931,1.50000000000004,False
USDCHF,売り,-1,2025-12-10 17:00:00,2025-12-10 21:00:00,0.7989136570334298,2025-12-12 05:00:00,0.7960410876152038,トレイル,trail,9,0.0017573723243167663,0.801549715519905,0.7959447446486335,0.002872569418226001,1.0897214280200231,3.689404313312215,0.6921373175961111,True
SP500,買い,1,2025-12-11 13:00:00,2025-12-11 17:00:00,6911.199430651931,2025-12-12 09:00:00,6868.301398544758,初期損切り,initial,5,28.499067636828222,6868.450829196689,6868.450829196689,-42.898032107173094,-1.0034955682020898,0.14493699936805057,1.5000000000000007,False
USDJPY,買い,1,2025-12-19 01:00:00,2025-12-19 05:00:00,157.2027926501845,2025-12-22 17:00:00,156.53719088548183,初期損切り,initial,10,0.44253940967877803,156.53898353566635,156.53898353566635,-0.6656017647026715,-1.00270055072354,1.2997878544489543,1.499999999999982,False
USDCHF,売り,-1,2025-12-22 09:00:00,2025-12-22 13:00:00,0.7918936570334297,2025-12-23 09:00:00,0.7901210592738408,トレイル,trail,6,0.0016723581536352303,0.7944021942638826,0.7900247163072706,0.0017725977595889342,0.7066260520554211,3.1175481293266523,0.691444571282019,True
SP500,買い,1,2025-12-22 09:00:00,2025-12-22 13:00:00,6934.899430651931,2025-12-23 13:00:00,6951.270569348069,時間切れ,time,6,27.281048356499042,6893.977858117182,6893.977858117182,16.371138696138587,0.4000613290761744,0.6913432761676259,0.7851395727916931,False
EURUSD,買い,1,2025-12-23 17:00:00,2025-12-23 21:00:00,1.1805563224968554,2025-12-24 09:00:00,1.1774084224128072,初期損切り,initial,4,0.002081051724795315,1.1774347449096625,1.1774347449096625,-0.003147900084048194,-1.0084324339600643,0.11228817638716235,1.4999999999999614,False
AUDUSD,買い,1,2025-12-23 01:00:00,2025-12-23 05:00:00,0.6693042521179043,2025-12-29 01:00:00,0.6696594010224166,トレイル,trail,21,0.001533173429839506,0.667004491973145,0.669703653140321,0.0003551489045122702,0.15442867175587457,2.2605060945117184,1.105062274710605,True
GBPUSD,買い,1,2025-12-22 09:00:00,2025-12-22 13:00:00,1.3471362429853746,2025-12-29 05:00:00,1.3472008062043206,トレイル,trail,26,0.0030814754051523537,1.3425140298776461,1.3472670491896952,6.456321894598993e-05,0.013968031642253267,2.0424492125109586,0.5634453490920616,True
